episode_id,step_idx,sim_time,wall_time,robot_position_x,robot_position_y,robot_position_z,robot_yaw,linear_velocity_cmd,angular_velocity_cmd,odom_linear_velocity,odom_angular_velocity,camera_frame_id,image_timestamp,policy_mode,stop_signal,safety_state,notes,shadow_gnm_enabled,shadow_gnm_status,shadow_gnm_model_path,shadow_gnm_latency_ms,shadow_gnm_candidate_linear_velocity,shadow_gnm_candidate_angular_velocity,shadow_gnm_candidate_waypoint_x,shadow_gnm_candidate_waypoint_y,shadow_gnm_goal_distance,shadow_gnm_confidence,shadow_gnm_error,actual_controller,actual_linear_velocity_cmd,actual_angular_velocity_cmd,collision_detected,collision_count_so_far,collision_body,experiment_id,pair_id,condition,stop_rule_name,stop_rule_threshold,stop_rule_k,stop_rule_ratio,initial_predicted_distance,normalized_predicted_distance,stop_triggered,goal_id,distance_to_goal_m,gnm_control_enabled,gnm_action_raw_linear_velocity,gnm_action_raw_angular_velocity,gnm_action_clipped_linear_velocity,gnm_action_clipped_angular_velocity,action_clipped,watchdog_state,emergency_stop_triggered,stop_reason
h21probe_I_g_20260710_015617,0,7.716667,1783644980.889074,-3.999588,-0.5,0.0,-3.141586,0.2,-0.2702,-0.000185,-0.000206,camera_link,7.716667,gnm_closed_loop,,nominal,,True,ok,checkpoints/hospital_front_rgb_finetune/best.pt,6.89,0.4229,-0.2702,0.1057,-0.0072,0.397,,,gnm_closed_loop,0.2,-0.2702,False,0,,h21_spawn_precheck,,probe,,,,,,,False,h2_weave_J,7.0174,True,0.4229,-0.2702,0.2,-0.2702,True,armed,False,
h21probe_I_g_20260710_015617,1,7.733334,1783644980.891438,-4.000978,-0.5,1e-06,-3.141584,0.2,-0.2702,-0.000185,-0.000206,camera_link,7.733334,gnm_closed_loop,,nominal,,True,ok,checkpoints/hospital_front_rgb_finetune/best.pt,6.89,0.4229,-0.2702,0.1057,-0.0072,0.397,,,gnm_closed_loop,0.2,-0.2702,False,0,,h21_spawn_precheck,,probe,,,,,,,False,h2_weave_J,7.0188,True,0.4229,-0.2702,0.2,-0.2702,True,armed,False,
h21probe_I_g_20260710_015617,2,7.75,1783644980.894207,-4.00354,-0.5,1e-06,3.141589,0.2,-0.2702,-0.000185,-0.000206,camera_link,7.75,gnm_closed_loop,,nominal,,True,ok,checkpoints/hospital_front_rgb_finetune/best.pt,6.89,0.4229,-0.2702,0.1057,-0.0072,0.397,,,gnm_closed_loop,0.2,-0.2702,False,0,,h21_spawn_precheck,,probe,,,,,,,False,h2_weave_J,7.0214,True,0.4229,-0.2702,0.2,-0.2702,True,armed,False,
h21probe_I_g_20260710_015617,3,7.766667,1783644980.914196,-4.006665,-0.500001,0.0,3.141562,0.2,-0.2716,0.195071,0.013548,camera_link,7.766667,gnm_closed_loop,,nominal,,True,ok,checkpoints/hospital_front_rgb_finetune/best.pt,6.28,0.4217,-0.2716,0.1054,-0.0072,0.3954,,,gnm_closed_loop,0.2,-0.2716,False,0,,h21_spawn_precheck,,probe,,,,,,,False,h2_weave_J,7.0245,True,0.4217,-0.2716,0.2,-0.2716,True,armed,False,
h21probe_I_g_20260710_015617,4,7.783334,1783644980.91686,-4.009953,-0.500001,0.0,3.141537,0.2,-0.2716,0.195071,0.013548,camera_link,7.783334,gnm_closed_loop,,nominal,,True,ok,checkpoints/hospital_front_rgb_finetune/best.pt,6.28,0.4217,-0.2716,0.1054,-0.0072,0.3954,,,gnm_closed_loop,0.2,-0.2716,False,0,,h21_spawn_precheck,,probe,,,,,,,False,h2_weave_J,7.0278,True,0.4217,-0.2716,0.2,-0.2716,True,armed,False,
h21probe_I_g_20260710_015617,5,7.8,1783644980.919196,-4.013267,-0.500001,0.0,3.141513,0.2,-0.2716,0.195071,0.013548,camera_link,7.8,gnm_closed_loop,,nominal,,True,ok,checkpoints/hospital_front_rgb_finetune/best.pt,6.28,0.4217,-0.2716,0.1054,-0.0072,0.3954,,,gnm_closed_loop,0.2,-0.2716,False,0,,h21_spawn_precheck,,probe,,,,,,,False,h2_weave_J,7.0311,True,0.4217,-0.2716,0.2,-0.2716,True,armed,False,
h21probe_I_g_20260710_015617,6,7.816667,1783644980.941107,-4.016583,-0.500002,0.0,3.141487,0.2,-0.2682,0.199199,0.015432,camera_link,7.816667,gnm_closed_loop,,nominal,,True,ok,checkpoints/hospital_front_rgb_finetune/best.pt,4.57,0.4217,-0.2682,0.1054,-0.0071,0.3976,,,gnm_closed_loop,0.2,-0.2682,False,0,,h21_spawn_precheck,,probe,,,,,,,False,h2_weave_J,7.0344,True,0.4217,-0.2682,0.2,-0.2682,True,armed,False,
h21probe_I_g_20260710_015617,7,7.833334,1783644980.943239,-4.0199,-0.500002,0.0,3.141464,0.2,-0.2682,0.199199,0.015432,camera_link,7.833334,gnm_closed_loop,,nominal,,True,ok,checkpoints/hospital_front_rgb_finetune/best.pt,4.57,0.4217,-0.2682,0.1054,-0.0071,0.3976,,,gnm_closed_loop,0.2,-0.2682,False,0,,h21_spawn_precheck,,probe,,,,,,,False,h2_weave_J,7.0377,True,0.4217,-0.2682,0.2,-0.2682,True,armed,False,
h21probe_I_g_20260710_015617,8,7.85,1783644980.945205,-4.023218,-0.500003,0.0,3.141438,0.2,-0.2682,0.199199,0.015432,camera_link,7.85,gnm_closed_loop,,nominal,,True,ok,checkpoints/hospital_front_rgb_finetune/best.pt,4.57,0.4217,-0.2682,0.1054,-0.0071,0.3976,,,gnm_closed_loop,0.2,-0.2682,False,0,,h21_spawn_precheck,,probe,,,,,,,False,h2_weave_J,7.041,True,0.4217,-0.2682,0.2,-0.2682,True,armed,False,
h21probe_I_g_20260710_015617,9,7.866667,1783644980.96084,-4.026536,-0.500003,0.0,3.141414,0.2,-0.2705,0.19924,0.013349,camera_link,7.866667,gnm_closed_loop,,nominal,,True,ok,checkpoints/hospital_front_rgb_finetune/best.pt,4.87,0.4226,-0.2705,0.1056,-0.0072,0.4001,,,gnm_closed_loop,0.2,-0.2705,False,0,,h21_spawn_precheck,,probe,,,,,,,False,h2_weave_J,7.0443,True,0.4226,-0.2705,0.2,-0.2705,True,armed,False,
h21probe_I_g_20260710_015617,10,7.883334,1783644980.962978,-4.029854,-0.500003,0.0,3.141389,0.2,-0.2705,0.19924,0.013349,camera_link,7.883334,gnm_closed_loop,,nominal,,True,ok,checkpoints/hospital_front_rgb_finetune/best.pt,4.87,0.4226,-0.2705,0.1056,-0.0072,0.4001,,,gnm_closed_loop,0.2,-0.2705,False,0,,h21_spawn_precheck,,probe,,,,,,,False,h2_weave_J,7.0476,True,0.4226,-0.2705,0.2,-0.2705,True,armed,False,
h21probe_I_g_20260710_015617,11,7.9,1783644980.964684,-4.033171,-0.500003,0.0,3.141364,0.2,-0.2705,0.19924,0.013349,camera_link,7.9,gnm_closed_loop,,nominal,,True,ok,checkpoints/hospital_front_rgb_finetune/best.pt,4.87,0.4226,-0.2705,0.1056,-0.0072,0.4001,,,gnm_closed_loop,0.2,-0.2705,False,0,,h21_spawn_precheck,,probe,,,,,,,False,h2_weave_J,7.0509,True,0.4226,-0.2705,0.2,-0.2705,True,armed,False,
h21probe_I_g_20260710_015617,12,7.916667,1783644980.979544,-4.036489,-0.500003,0.0,3.141342,0.2,-0.2731,0.199289,0.012469,camera_link,7.916667,gnm_closed_loop,,nominal,,True,ok,checkpoints/hospital_front_rgb_finetune/best.pt,4.53,0.4227,-0.2731,0.1057,-0.0072,0.3971,,,gnm_closed_loop,0.2,-0.2731,False,0,,h21_spawn_precheck,,probe,,,,,,,False,h2_weave_J,7.0542,True,0.4227,-0.2731,0.2,-0.2731,True,armed,False,
h21probe_I_g_20260710_015617,13,7.933334,1783644980.981689,-4.039807,-0.500003,0.0,3.141318,0.2,-0.2731,0.199289,0.012469,camera_link,7.933334,gnm_closed_loop,,nominal,,True,ok,checkpoints/hospital_front_rgb_finetune/best.pt,4.53,0.4227,-0.2731,0.1057,-0.0072,0.3971,,,gnm_closed_loop,0.2,-0.2731,False,0,,h21_spawn_precheck,,probe,,,,,,,False,h2_weave_J,7.0575,True,0.4227,-0.2731,0.2,-0.2731,True,armed,False,
h21probe_I_g_20260710_015617,14,7.95,1783644980.983458,-4.043125,-0.500003,0.0,3.141294,0.2,-0.2731,0.199289,0.012469,camera_link,7.95,gnm_closed_loop,,nominal,,True,ok,checkpoints/hospital_front_rgb_finetune/best.pt,4.53,0.4227,-0.2731,0.1057,-0.0072,0.3971,,,gnm_closed_loop,0.2,-0.2731,False,0,,h21_spawn_precheck,,probe,,,,,,,False,h2_weave_J,7.0608,True,0.4227,-0.2731,0.2,-0.2731,True,armed,False,
h21probe_I_g_20260710_015617,15,7.966667,1783644981.001561,-4.046443,-0.500002,0.0,3.141269,0.2,-0.2661,0.19923,0.014097,camera_link,7.966667,gnm_closed_loop,,nominal,,True,ok,checkpoints/hospital_front_rgb_finetune/best.pt,4.78,0.4223,-0.2661,0.1056,-0.007,0.4018,,,gnm_closed_loop,0.2,-0.2661,False,0,,h21_spawn_precheck,,probe,,,,,,,False,h2_weave_J,7.0642,True,0.4223,-0.2661,0.2,-0.2661,True,armed,False,
h21probe_I_g_20260710_015617,16,7.983334,1783644981.00496,-4.04976,-0.500002,0.0,3.141248,0.2,-0.2661,0.19923,0.014097,camera_link,7.983334,gnm_closed_loop,,nominal,,True,ok,checkpoints/hospital_front_rgb_finetune/best.pt,4.78,0.4223,-0.2661,0.1056,-0.007,0.4018,,,gnm_closed_loop,0.2,-0.2661,False,0,,h21_spawn_precheck,,probe,,,,,,,False,h2_weave_J,7.0675,True,0.4223,-0.2661,0.2,-0.2661,True,armed,False,
h21probe_I_g_20260710_015617,17,8.0,1783644981.006976,-4.053079,-0.500001,0.0,3.141225,0.2,-0.2661,0.19923,0.014097,camera_link,8.0,gnm_closed_loop,,nominal,,True,ok,checkpoints/hospital_front_rgb_finetune/best.pt,4.78,0.4223,-0.2661,0.1056,-0.007,0.4018,,,gnm_closed_loop,0.2,-0.2661,False,0,,h21_spawn_precheck,,probe,,,,,,,False,h2_weave_J,7.0708,True,0.4223,-0.2661,0.2,-0.2661,True,armed,False,
h21probe_I_g_20260710_015617,18,8.016667,1783644981.022776,-4.056397,-0.500001,0.0,3.141203,0.2,-0.2597,0.199298,0.012479,camera_link,8.016667,gnm_closed_loop,,nominal,,True,ok,checkpoints/hospital_front_rgb_finetune/best.pt,4.62,0.4223,-0.2597,0.1056,-0.0069,0.4034,,,gnm_closed_loop,0.2,-0.2597,False,0,,h21_spawn_precheck,,probe,,,,,,,False,h2_weave_J,7.0741,True,0.4223,-0.2597,0.2,-0.2597,True,armed,False,
h21probe_I_g_20260710_015617,19,8.033334,1783644981.024857,-4.059715,-0.5,0.0,3.141181,0.2,-0.2597,0.199298,0.012479,camera_link,8.033334,gnm_closed_loop,,nominal,,True,ok,checkpoints/hospital_front_rgb_finetune/best.pt,4.62,0.4223,-0.2597,0.1056,-0.0069,0.4034,,,gnm_closed_loop,0.2,-0.2597,False,0,,h21_spawn_precheck,,probe,,,,,,,False,h2_weave_J,7.0774,True,0.4223,-0.2597,0.2,-0.2597,True,armed,False,
h21probe_I_g_20260710_015617,20,8.05,1783644981.02668,-4.063032,-0.499999,0.0,3.141161,0.2,-0.2597,0.199298,0.012479,camera_link,8.05,gnm_closed_loop,,nominal,,True,ok,checkpoints/hospital_front_rgb_finetune/best.pt,4.62,0.4223,-0.2597,0.1056,-0.0069,0.4034,,,gnm_closed_loop,0.2,-0.2597,False,0,,h21_spawn_precheck,,probe,,,,,,,False,h2_weave_J,7.0807,True,0.4223,-0.2597,0.2,-0.2597,True,armed,False,
h21probe_I_g_20260710_015617,21,8.066667,1783644981.041524,-4.06635,-0.499998,0.0,3.14114,0.2,-0.2539,0.199223,0.013122,camera_link,8.066667,gnm_closed_loop,,nominal,,True,ok,checkpoints/hospital_front_rgb_finetune/best.pt,4.42,0.4237,-0.2539,0.1059,-0.0067,0.4063,,,gnm_closed_loop,0.2,-0.2539,False,0,,h21_spawn_precheck,,probe,,,,,,,False,h2_weave_J,7.084,True,0.4237,-0.2539,0.2,-0.2539,True,armed,False,
h21probe_I_g_20260710_015617,22,8.083334,1783644981.04369,-4.069667,-0.499997,0.0,3.141122,0.2,-0.2539,0.199223,0.013122,camera_link,8.083334,gnm_closed_loop,,nominal,,True,ok,checkpoints/hospital_front_rgb_finetune/best.pt,4.42,0.4237,-0.2539,0.1059,-0.0067,0.4063,,,gnm_closed_loop,0.2,-0.2539,False,0,,h21_spawn_precheck,,probe,,,,,,,False,h2_weave_J,7.0873,True,0.4237,-0.2539,0.2,-0.2539,True,armed,False,
h21probe_I_g_20260710_015617,23,8.1,1783644981.045994,-4.072986,-0.499996,0.0,3.141105,0.2,-0.2539,0.199223,0.013122,camera_link,8.1,gnm_closed_loop,,nominal,,True,ok,checkpoints/hospital_front_rgb_finetune/best.pt,4.42,0.4237,-0.2539,0.1059,-0.0067,0.4063,,,gnm_closed_loop,0.2,-0.2539,False,0,,h21_spawn_precheck,,probe,,,,,,,False,h2_weave_J,7.0906,True,0.4237,-0.2539,0.2,-0.2539,True,armed,False,
h21probe_I_g_20260710_015617,24,8.116667,1783644981.060726,-4.076303,-0.499995,0.0,3.141082,0.2,-0.2542,0.199531,0.014649,camera_link,8.116667,gnm_closed_loop,,nominal,,True,ok,checkpoints/hospital_front_rgb_finetune/best.pt,4.56,0.4269,-0.2542,0.1067,-0.0068,0.4111,,,gnm_closed_loop,0.2,-0.2542,False,0,,h21_spawn_precheck,,probe,,,,,,,False,h2_weave_J,7.0939,True,0.4269,-0.2542,0.2,-0.2542,True,armed,False,
h21probe_I_g_20260710_015617,25,8.133334,1783644981.063425,-4.079622,-0.499994,0.0,3.141063,0.2,-0.2542,0.199531,0.014649,camera_link,8.133334,gnm_closed_loop,,nominal,,True,ok,checkpoints/hospital_front_rgb_finetune/best.pt,4.56,0.4269,-0.2542,0.1067,-0.0068,0.4111,,,gnm_closed_loop,0.2,-0.2542,False,0,,h21_spawn_precheck,,probe,,,,,,,False,h2_weave_J,7.0973,True,0.4269,-0.2542,0.2,-0.2542,True,armed,False,
h21probe_I_g_20260710_015617,26,8.15,1783644981.065246,-4.08294,-0.499993,0.0,3.141044,0.2,-0.2542,0.199531,0.014649,camera_link,8.15,gnm_closed_loop,,nominal,,True,ok,checkpoints/hospital_front_rgb_finetune/best.pt,4.56,0.4269,-0.2542,0.1067,-0.0068,0.4111,,,gnm_closed_loop,0.2,-0.2542,False,0,,h21_spawn_precheck,,probe,,,,,,,False,h2_weave_J,7.1006,True,0.4269,-0.2542,0.2,-0.2542,True,armed,False,
h21probe_I_g_20260710_015617,27,8.166667,1783644981.079549,-4.086257,-0.499991,0.0,3.141023,0.2,-0.2471,0.199529,0.012838,camera_link,8.166667,gnm_closed_loop,,nominal,,True,ok,checkpoints/hospital_front_rgb_finetune/best.pt,4.72,0.4267,-0.2471,0.1067,-0.0066,0.4127,,,gnm_closed_loop,0.2,-0.2471,False,0,,h21_spawn_precheck,,probe,,,,,,,False,h2_weave_J,7.1039,True,0.4267,-0.2471,0.2,-0.2471,True,armed,False,
h21probe_I_g_20260710_015617,28,8.183334,1783644981.081734,-4.089575,-0.49999,0.0,3.141005,0.2,-0.2471,0.199529,0.012838,camera_link,8.183334,gnm_closed_loop,,nominal,,True,ok,checkpoints/hospital_front_rgb_finetune/best.pt,4.72,0.4267,-0.2471,0.1067,-0.0066,0.4127,,,gnm_closed_loop,0.2,-0.2471,False,0,,h21_spawn_precheck,,probe,,,,,,,False,h2_weave_J,7.1072,True,0.4267,-0.2471,0.2,-0.2471,True,armed,False,
h21probe_I_g_20260710_015617,29,8.2,1783644981.083691,-4.092894,-0.499988,0.0,3.140986,0.2,-0.2471,0.199529,0.012838,camera_link,8.2,gnm_closed_loop,,nominal,,True,ok,checkpoints/hospital_front_rgb_finetune/best.pt,4.72,0.4267,-0.2471,0.1067,-0.0066,0.4127,,,gnm_closed_loop,0.2,-0.2471,False,0,,h21_spawn_precheck,,probe,,,,,,,False,h2_weave_J,7.1105,True,0.4267,-0.2471,0.2,-0.2471,True,armed,False,
h21probe_I_g_20260710_015617,30,8.216667,1783644981.099555,-4.096212,-0.499986,0.0,3.140968,0.2,-0.2496,0.199216,0.011341,camera_link,8.216667,gnm_closed_loop,,nominal,,True,ok,checkpoints/hospital_front_rgb_finetune/best.pt,4.77,0.4274,-0.2496,0.1068,-0.0067,0.4135,,,gnm_closed_loop,0.2,-0.2496,False,0,,h21_spawn_precheck,,probe,,,,,,,False,h2_weave_J,7.1138,True,0.4274,-0.2496,0.2,-0.2496,True,armed,False,
h21probe_I_g_20260710_015617,31,8.233334,1783644981.102275,-4.09953,-0.499985,0.0,3.140951,0.2,-0.2496,0.199216,0.011341,camera_link,8.233334,gnm_closed_loop,,nominal,,True,ok,checkpoints/hospital_front_rgb_finetune/best.pt,4.77,0.4274,-0.2496,0.1068,-0.0067,0.4135,,,gnm_closed_loop,0.2,-0.2496,False,0,,h21_spawn_precheck,,probe,,,,,,,False,h2_weave_J,7.1171,True,0.4274,-0.2496,0.2,-0.2496,True,armed,False,
h21probe_I_g_20260710_015617,32,8.25,1783644981.104373,-4.102849,-0.499983,0.0,3.140934,0.2,-0.2496,0.199216,0.011341,camera_link,8.25,gnm_closed_loop,,nominal,,True,ok,checkpoints/hospital_front_rgb_finetune/best.pt,4.77,0.4274,-0.2496,0.1068,-0.0067,0.4135,,,gnm_closed_loop,0.2,-0.2496,False,0,,h21_spawn_precheck,,probe,,,,,,,False,h2_weave_J,7.1204,True,0.4274,-0.2496,0.2,-0.2496,True,armed,False,
h21probe_I_g_20260710_015617,33,8.266667,1783644981.119556,-4.106167,-0.499981,0.0,3.140917,0.2,-0.2477,0.199114,0.009604,camera_link,8.266667,gnm_closed_loop,,nominal,,True,ok,checkpoints/hospital_front_rgb_finetune/best.pt,4.38,0.4277,-0.2477,0.1069,-0.0066,0.4214,,,gnm_closed_loop,0.2,-0.2477,False,0,,h21_spawn_precheck,,probe,,,,,,,False,h2_weave_J,7.1237,True,0.4277,-0.2477,0.2,-0.2477,True,armed,False,
h21probe_I_g_20260710_015617,34,8.283334,1783644981.12184,-4.109486,-0.499979,0.0,3.140901,0.2,-0.2477,0.199114,0.009604,camera_link,8.283334,gnm_closed_loop,,nominal,,True,ok,checkpoints/hospital_front_rgb_finetune/best.pt,4.38,0.4277,-0.2477,0.1069,-0.0066,0.4214,,,gnm_closed_loop,0.2,-0.2477,False,0,,h21_spawn_precheck,,probe,,,,,,,False,h2_weave_J,7.127,True,0.4277,-0.2477,0.2,-0.2477,True,armed,False,
h21probe_I_g_20260710_015617,35,8.3,1783644981.123694,-4.112805,-0.499977,0.0,3.140881,0.2,-0.2477,0.199114,0.009604,camera_link,8.3,gnm_closed_loop,,nominal,,True,ok,checkpoints/hospital_front_rgb_finetune/best.pt,4.38,0.4277,-0.2477,0.1069,-0.0066,0.4214,,,gnm_closed_loop,0.2,-0.2477,False,0,,h21_spawn_precheck,,probe,,,,,,,False,h2_weave_J,7.1304,True,0.4277,-0.2477,0.2,-0.2477,True,armed,False,
h21probe_I_g_20260710_015617,36,8.316667,1783644981.141241,-4.116123,-0.499976,0.0,3.140864,0.2,-0.2367,0.199296,0.011056,camera_link,8.316667,gnm_closed_loop,,nominal,,True,ok,checkpoints/hospital_front_rgb_finetune/best.pt,5.58,0.4277,-0.2367,0.1069,-0.0063,0.4293,,,gnm_closed_loop,0.2,-0.2367,False,0,,h21_spawn_precheck,,probe,,,,,,,False,h2_weave_J,7.1337,True,0.4277,-0.2367,0.2,-0.2367,True,armed,False,
h21probe_I_g_20260710_015617,37,8.333334,1783644981.143578,-4.119441,-0.499973,0.0,3.140847,0.2,-0.2367,0.199296,0.011056,camera_link,8.333334,gnm_closed_loop,,nominal,,True,ok,checkpoints/hospital_front_rgb_finetune/best.pt,5.58,0.4277,-0.2367,0.1069,-0.0063,0.4293,,,gnm_closed_loop,0.2,-0.2367,False,0,,h21_spawn_precheck,,probe,,,,,,,False,h2_weave_J,7.137,True,0.4277,-0.2367,0.2,-0.2367,True,armed,False,
h21probe_I_g_20260710_015617,38,8.35,1783644981.145347,-4.12276,-0.499971,0.0,3.140832,0.2,-0.2367,0.199296,0.011056,camera_link,8.35,gnm_closed_loop,,nominal,,True,ok,checkpoints/hospital_front_rgb_finetune/best.pt,5.58,0.4277,-0.2367,0.1069,-0.0063,0.4293,,,gnm_closed_loop,0.2,-0.2367,False,0,,h21_spawn_precheck,,probe,,,,,,,False,h2_weave_J,7.1403,True,0.4277,-0.2367,0.2,-0.2367,True,armed,False,
h21probe_I_g_20260710_015617,39,8.366667,1783644981.161425,-4.126078,-0.499969,0.0,3.140813,0.2,-0.2512,0.199566,0.012944,camera_link,8.366667,gnm_closed_loop,,nominal,,True,ok,checkpoints/hospital_front_rgb_finetune/best.pt,4.47,0.4302,-0.2512,0.1076,-0.0068,0.4266,,,gnm_closed_loop,0.2,-0.2512,False,0,,h21_spawn_precheck,,probe,,,,,,,False,h2_weave_J,7.1436,True,0.4302,-0.2512,0.2,-0.2512,True,armed,False,
h21probe_I_g_20260710_015617,40,8.383334,1783644981.163798,-4.129397,-0.499967,0.0,3.140794,0.2,-0.2512,0.199566,0.012944,camera_link,8.383334,gnm_closed_loop,,nominal,,True,ok,checkpoints/hospital_front_rgb_finetune/best.pt,4.47,0.4302,-0.2512,0.1076,-0.0068,0.4266,,,gnm_closed_loop,0.2,-0.2512,False,0,,h21_spawn_precheck,,probe,,,,,,,False,h2_weave_J,7.1469,True,0.4302,-0.2512,0.2,-0.2512,True,armed,False,
h21probe_I_g_20260710_015617,41,8.4,1783644981.165639,-4.132715,-0.499965,0.0,3.140774,0.2,-0.2512,0.199566,0.012944,camera_link,8.4,gnm_closed_loop,,nominal,,True,ok,checkpoints/hospital_front_rgb_finetune/best.pt,4.47,0.4302,-0.2512,0.1076,-0.0068,0.4266,,,gnm_closed_loop,0.2,-0.2512,False,0,,h21_spawn_precheck,,probe,,,,,,,False,h2_weave_J,7.1502,True,0.4302,-0.2512,0.2,-0.2512,True,armed,False,
h21probe_I_g_20260710_015617,42,8.416667,1783644981.180448,-4.136033,-0.499962,0.0,3.140757,0.2,-0.2554,0.199323,0.011182,camera_link,8.416667,gnm_closed_loop,,nominal,,True,ok,checkpoints/hospital_front_rgb_finetune/best.pt,4.57,0.431,-0.2554,0.1077,-0.0069,0.4317,,,gnm_closed_loop,0.2,-0.2554,False,0,,h21_spawn_precheck,,probe,,,,,,,False,h2_weave_J,7.1535,True,0.431,-0.2554,0.2,-0.2554,True,armed,False,
h21probe_I_g_20260710_015617,43,8.433334,1783644981.183203,-4.13935,-0.49996,1e-06,3.140738,0.2,-0.2554,0.199323,0.011182,camera_link,8.433334,gnm_closed_loop,,nominal,,True,ok,checkpoints/hospital_front_rgb_finetune/best.pt,4.57,0.431,-0.2554,0.1077,-0.0069,0.4317,,,gnm_closed_loop,0.2,-0.2554,False,0,,h21_spawn_precheck,,probe,,,,,,,False,h2_weave_J,7.1568,True,0.431,-0.2554,0.2,-0.2554,True,armed,False,
h21probe_I_g_20260710_015617,44,8.45,1783644981.185873,-4.142668,-0.499958,0.0,3.140718,0.2,-0.2554,0.199323,0.011182,camera_link,8.45,gnm_closed_loop,,nominal,,True,ok,checkpoints/hospital_front_rgb_finetune/best.pt,4.57,0.431,-0.2554,0.1077,-0.0069,0.4317,,,gnm_closed_loop,0.2,-0.2554,False,0,,h21_spawn_precheck,,probe,,,,,,,False,h2_weave_J,7.1601,True,0.431,-0.2554,0.2,-0.2554,True,armed,False,
h21probe_I_g_20260710_015617,45,8.466667,1783644981.202918,-4.145986,-0.499955,0.0,3.140698,0.2,-0.267,0.199281,0.012257,camera_link,8.466667,gnm_closed_loop,,nominal,,True,ok,checkpoints/hospital_front_rgb_finetune/best.pt,4.42,0.4288,-0.267,0.1072,-0.0072,0.4277,,,gnm_closed_loop,0.2,-0.267,False,0,,h21_spawn_precheck,,probe,,,,,,,False,h2_weave_J,7.1635,True,0.4288,-0.267,0.2,-0.267,True,armed,False,
h21probe_I_g_20260710_015617,46,8.483334,1783644981.205189,-4.149303,-0.499953,0.0,3.140675,0.2,-0.267,0.199281,0.012257,camera_link,8.483334,gnm_closed_loop,,nominal,,True,ok,checkpoints/hospital_front_rgb_finetune/best.pt,4.42,0.4288,-0.267,0.1072,-0.0072,0.4277,,,gnm_closed_loop,0.2,-0.267,False,0,,h21_spawn_precheck,,probe,,,,,,,False,h2_weave_J,7.1668,True,0.4288,-0.267,0.2,-0.267,True,armed,False,
h21probe_I_g_20260710_015617,47,8.5,1783644981.207097,-4.152621,-0.499951,0.0,3.140654,0.2,-0.267,0.199281,0.012257,camera_link,8.5,gnm_closed_loop,,nominal,,True,ok,checkpoints/hospital_front_rgb_finetune/best.pt,4.42,0.4288,-0.267,0.1072,-0.0072,0.4277,,,gnm_closed_loop,0.2,-0.267,False,0,,h21_spawn_precheck,,probe,,,,,,,False,h2_weave_J,7.1701,True,0.4288,-0.267,0.2,-0.267,True,armed,False,
h21probe_I_g_20260710_015617,48,8.516667,1783644981.221896,-4.155938,-0.499948,0.0,3.140628,0.2,-0.2675,0.199101,0.014226,camera_link,8.516667,gnm_closed_loop,,nominal,,True,ok,checkpoints/hospital_front_rgb_finetune/best.pt,4.02,0.4282,-0.2675,0.1071,-0.0072,0.4314,,,gnm_closed_loop,0.2,-0.2675,False,0,,h21_spawn_precheck,,probe,,,,,,,False,h2_weave_J,7.1734,True,0.4282,-0.2675,0.2,-0.2675,True,armed,False,
h21probe_I_g_20260710_015617,49,8.533334,1783644981.224012,-4.159255,-0.499945,0.0,3.140606,0.2,-0.2675,0.199101,0.014226,camera_link,8.533334,gnm_closed_loop,,nominal,,True,ok,checkpoints/hospital_front_rgb_finetune/best.pt,4.02,0.4282,-0.2675,0.1071,-0.0072,0.4314,,,gnm_closed_loop,0.2,-0.2675,False,0,,h21_spawn_precheck,,probe,,,,,,,False,h2_weave_J,7.1767,True,0.4282,-0.2675,0.2,-0.2675,True,armed,False,
h21probe_I_g_20260710_015617,50,8.55,1783644981.225829,-4.162573,-0.499943,0.0,3.140583,0.2,-0.2675,0.199101,0.014226,camera_link,8.55,gnm_closed_loop,,nominal,,True,ok,checkpoints/hospital_front_rgb_finetune/best.pt,4.02,0.4282,-0.2675,0.1071,-0.0072,0.4314,,,gnm_closed_loop,0.2,-0.2675,False,0,,h21_spawn_precheck,,probe,,,,,,,False,h2_weave_J,7.18,True,0.4282,-0.2675,0.2,-0.2675,True,armed,False,
h21probe_I_g_20260710_015617,51,8.566667,1783644981.241034,-4.165892,-0.49994,0.0,3.14056,0.2,-0.2626,0.199308,0.014109,camera_link,8.566667,gnm_closed_loop,,nominal,,True,ok,checkpoints/hospital_front_rgb_finetune/best.pt,4.13,0.4308,-0.2626,0.1077,-0.0071,0.4372,,,gnm_closed_loop,0.2,-0.2626,False,0,,h21_spawn_precheck,,probe,,,,,,,False,h2_weave_J,7.1833,True,0.4308,-0.2626,0.2,-0.2626,True,armed,False,
h21probe_I_g_20260710_015617,52,8.583334,1783644981.243093,-4.169209,-0.499937,0.0,3.140536,0.2,-0.2626,0.199308,0.014109,camera_link,8.583334,gnm_closed_loop,,nominal,,True,ok,checkpoints/hospital_front_rgb_finetune/best.pt,4.13,0.4308,-0.2626,0.1077,-0.0071,0.4372,,,gnm_closed_loop,0.2,-0.2626,False,0,,h21_spawn_precheck,,probe,,,,,,,False,h2_weave_J,7.1866,True,0.4308,-0.2626,0.2,-0.2626,True,armed,False,
h21probe_I_g_20260710_015617,53,8.6,1783644981.244871,-4.172527,-0.499934,0.0,3.140513,0.2,-0.2626,0.199308,0.014109,camera_link,8.6,gnm_closed_loop,,nominal,,True,ok,checkpoints/hospital_front_rgb_finetune/best.pt,4.13,0.4308,-0.2626,0.1077,-0.0071,0.4372,,,gnm_closed_loop,0.2,-0.2626,False,0,,h21_spawn_precheck,,probe,,,,,,,False,h2_weave_J,7.1899,True,0.4308,-0.2626,0.2,-0.2626,True,armed,False,
h21probe_I_g_20260710_015617,54,8.616667,1783644981.259959,-4.175846,-0.499931,0.0,3.140491,0.2,-0.2352,0.19952,0.01336,camera_link,8.616667,gnm_closed_loop,,nominal,,True,ok,checkpoints/hospital_front_rgb_finetune/best.pt,4.84,0.4325,-0.2352,0.1081,-0.0064,0.4468,,,gnm_closed_loop,0.2,-0.2352,False,0,,h21_spawn_precheck,,probe,,,,,,,False,h2_weave_J,7.1932,True,0.4325,-0.2352,0.2,-0.2352,True,armed,False,
h21probe_I_g_20260710_015617,55,8.633334,1783644981.262114,-4.179165,-0.499928,0.0,3.140474,0.2,-0.2352,0.19952,0.01336,camera_link,8.633334,gnm_closed_loop,,nominal,,True,ok,checkpoints/hospital_front_rgb_finetune/best.pt,4.84,0.4325,-0.2352,0.1081,-0.0064,0.4468,,,gnm_closed_loop,0.2,-0.2352,False,0,,h21_spawn_precheck,,probe,,,,,,,False,h2_weave_J,7.1966,True,0.4325,-0.2352,0.2,-0.2352,True,armed,False,
h21probe_I_g_20260710_015617,56,8.65,1783644981.263892,-4.182484,-0.499925,0.0,3.14046,0.2,-0.2352,0.19952,0.01336,camera_link,8.65,gnm_closed_loop,,nominal,,True,ok,checkpoints/hospital_front_rgb_finetune/best.pt,4.84,0.4325,-0.2352,0.1081,-0.0064,0.4468,,,gnm_closed_loop,0.2,-0.2352,False,0,,h21_spawn_precheck,,probe,,,,,,,False,h2_weave_J,7.1999,True,0.4325,-0.2352,0.2,-0.2352,True,armed,False,
h21probe_I_g_20260710_015617,57,8.666667,1783644981.281129,-4.185803,-0.499921,1e-06,3.140444,0.2,-0.2492,0.199601,0.013798,camera_link,8.666667,gnm_closed_loop,,nominal,,True,ok,checkpoints/hospital_front_rgb_finetune/best.pt,7.17,0.4328,-0.2492,0.1082,-0.0067,0.4422,,,gnm_closed_loop,0.2,-0.2492,False,0,,h21_spawn_precheck,,probe,,,,,,,False,h2_weave_J,7.2032,True,0.4328,-0.2492,0.2,-0.2492,True,armed,False,
h21probe_I_g_20260710_015617,58,8.683334,1783644981.284188,-4.189123,-0.499918,0.0,3.140425,0.2,-0.2492,0.199601,0.013798,camera_link,8.683334,gnm_closed_loop,,nominal,,True,ok,checkpoints/hospital_front_rgb_finetune/best.pt,7.17,0.4328,-0.2492,0.1082,-0.0067,0.4422,,,gnm_closed_loop,0.2,-0.2492,False,0,,h21_spawn_precheck,,probe,,,,,,,False,h2_weave_J,7.2065,True,0.4328,-0.2492,0.2,-0.2492,True,armed,False,
h21probe_I_g_20260710_015617,59,8.7,1783644981.286807,-4.192441,-0.499915,0.0,3.140406,0.2,-0.2492,0.199601,0.013798,camera_link,8.7,gnm_closed_loop,,nominal,,True,ok,checkpoints/hospital_front_rgb_finetune/best.pt,7.17,0.4328,-0.2492,0.1082,-0.0067,0.4422,,,gnm_closed_loop,0.2,-0.2492,False,0,,h21_spawn_precheck,,probe,,,,,,,False,h2_weave_J,7.2098,True,0.4328,-0.2492,0.2,-0.2492,True,armed,False,
h21probe_I_g_20260710_015617,60,8.716667,1783644981.306863,-4.195758,-0.499911,0.0,3.140387,0.2,-0.2634,0.199233,0.011968,camera_link,8.716667,gnm_closed_loop,,nominal,,True,ok,checkpoints/hospital_front_rgb_finetune/best.pt,4.73,0.4293,-0.2634,0.1073,-0.0071,0.4281,,,gnm_closed_loop,0.2,-0.2634,False,0,,h21_spawn_precheck,,probe,,,,,,,False,h2_weave_J,7.2131,True,0.4293,-0.2634,0.2,-0.2634,True,armed,False,
h21probe_I_g_20260710_015617,61,8.733334,1783644981.309014,-4.199076,-0.499907,0.0,3.140364,0.2,-0.2634,0.199233,0.011968,camera_link,8.733334,gnm_closed_loop,,nominal,,True,ok,checkpoints/hospital_front_rgb_finetune/best.pt,4.73,0.4293,-0.2634,0.1073,-0.0071,0.4281,,,gnm_closed_loop,0.2,-0.2634,False,0,,h21_spawn_precheck,,probe,,,,,,,False,h2_weave_J,7.2164,True,0.4293,-0.2634,0.2,-0.2634,True,armed,False,
h21probe_I_g_20260710_015617,62,8.75,1783644981.311955,-4.202394,-0.499904,0.0,3.140343,0.2,-0.2634,0.199233,0.011968,camera_link,8.75,gnm_closed_loop,,nominal,,True,ok,checkpoints/hospital_front_rgb_finetune/best.pt,4.73,0.4293,-0.2634,0.1073,-0.0071,0.4281,,,gnm_closed_loop,0.2,-0.2634,False,0,,h21_spawn_precheck,,probe,,,,,,,False,h2_weave_J,7.2197,True,0.4293,-0.2634,0.2,-0.2634,True,armed,False,
h21probe_I_g_20260710_015617,63,8.766667,1783644981.329302,-4.205713,-0.4999,0.0,3.140321,0.2,-0.2608,0.199598,0.013718,camera_link,8.766667,gnm_closed_loop,,nominal,,True,ok,checkpoints/hospital_front_rgb_finetune/best.pt,4.2,0.4185,-0.2608,0.1046,-0.0068,0.4064,,,gnm_closed_loop,0.2,-0.2608,False,0,,h21_spawn_precheck,,probe,,,,,,,False,h2_weave_J,7.223,True,0.4185,-0.2608,0.2,-0.2608,True,armed,False,
h21probe_I_g_20260710_015617,64,8.783334,1783644981.33195,-4.209032,-0.499896,0.0,3.140299,0.2,-0.2608,0.199598,0.013718,camera_link,8.783334,gnm_closed_loop,,nominal,,True,ok,checkpoints/hospital_front_rgb_finetune/best.pt,4.2,0.4185,-0.2608,0.1046,-0.0068,0.4064,,,gnm_closed_loop,0.2,-0.2608,False,0,,h21_spawn_precheck,,probe,,,,,,,False,h2_weave_J,7.2264,True,0.4185,-0.2608,0.2,-0.2608,True,armed,False,
h21probe_I_g_20260710_015617,65,8.8,1783644981.333881,-4.212349,-0.499893,0.0,3.140278,0.2,-0.2608,0.199598,0.013718,camera_link,8.8,gnm_closed_loop,,nominal,,True,ok,checkpoints/hospital_front_rgb_finetune/best.pt,4.2,0.4185,-0.2608,0.1046,-0.0068,0.4064,,,gnm_closed_loop,0.2,-0.2608,False,0,,h21_spawn_precheck,,probe,,,,,,,False,h2_weave_J,7.2297,True,0.4185,-0.2608,0.2,-0.2608,True,armed,False,
h21probe_I_g_20260710_015617,66,8.816667,1783644981.356012,-4.215668,-0.499889,0.0,3.140257,0.2,-0.2478,0.199446,0.01331,camera_link,8.816667,gnm_closed_loop,,nominal,,True,ok,checkpoints/hospital_front_rgb_finetune/best.pt,7.99,0.4258,-0.2478,0.1064,-0.0066,0.4305,,,gnm_closed_loop,0.2,-0.2478,False,0,,h21_spawn_precheck,,probe,,,,,,,False,h2_weave_J,7.233,True,0.4258,-0.2478,0.2,-0.2478,True,armed,False,
h21probe_I_g_20260710_015617,67,8.833334,1783644981.358939,-4.218987,-0.499885,0.0,3.140239,0.2,-0.2478,0.199446,0.01331,camera_link,8.833334,gnm_closed_loop,,nominal,,True,ok,checkpoints/hospital_front_rgb_finetune/best.pt,7.99,0.4258,-0.2478,0.1064,-0.0066,0.4305,,,gnm_closed_loop,0.2,-0.2478,False,0,,h21_spawn_precheck,,probe,,,,,,,False,h2_weave_J,7.2363,True,0.4258,-0.2478,0.2,-0.2478,True,armed,False,
h21probe_I_g_20260710_015617,68,8.85,1783644981.362023,-4.222305,-0.499881,0.0,3.14022,0.2,-0.2478,0.199446,0.01331,camera_link,8.85,gnm_closed_loop,,nominal,,True,ok,checkpoints/hospital_front_rgb_finetune/best.pt,7.99,0.4258,-0.2478,0.1064,-0.0066,0.4305,,,gnm_closed_loop,0.2,-0.2478,False,0,,h21_spawn_precheck,,probe,,,,,,,False,h2_weave_J,7.2396,True,0.4258,-0.2478,0.2,-0.2478,True,armed,False,
h21probe_I_g_20260710_015617,69,8.866667,1783644981.383417,-4.225623,-0.499877,0.0,3.140201,0.2,-0.2679,0.199629,0.012641,camera_link,8.866667,gnm_closed_loop,,nominal,,True,ok,checkpoints/hospital_front_rgb_finetune/best.pt,6.86,0.4186,-0.2679,0.1047,-0.007,0.4033,,,gnm_closed_loop,0.2,-0.2679,False,0,,h21_spawn_precheck,,probe,,,,,,,False,h2_weave_J,7.2429,True,0.4186,-0.2679,0.2,-0.2679,True,armed,False,
h21probe_I_g_20260710_015617,70,8.883334,1783644981.385761,-4.228942,-0.499873,0.0,3.140179,0.2,-0.2679,0.199629,0.012641,camera_link,8.883334,gnm_closed_loop,,nominal,,True,ok,checkpoints/hospital_front_rgb_finetune/best.pt,6.86,0.4186,-0.2679,0.1047,-0.007,0.4033,,,gnm_closed_loop,0.2,-0.2679,False,0,,h21_spawn_precheck,,probe,,,,,,,False,h2_weave_J,7.2462,True,0.4186,-0.2679,0.2,-0.2679,True,armed,False,
h21probe_I_g_20260710_015617,71,8.9,1783644981.387642,-4.232261,-0.499869,0.0,3.140156,0.2,-0.2679,0.199629,0.012641,camera_link,8.9,gnm_closed_loop,,nominal,,True,ok,checkpoints/hospital_front_rgb_finetune/best.pt,6.86,0.4186,-0.2679,0.1047,-0.007,0.4033,,,gnm_closed_loop,0.2,-0.2679,False,0,,h21_spawn_precheck,,probe,,,,,,,False,h2_weave_J,7.2495,True,0.4186,-0.2679,0.2,-0.2679,True,armed,False,
h21probe_I_g_20260710_015617,72,8.916667,1783644981.402962,-4.235579,-0.499864,0.0,3.140133,0.2,-0.2771,0.19939,0.014405,camera_link,8.916667,gnm_closed_loop,,nominal,,True,ok,checkpoints/hospital_front_rgb_finetune/best.pt,4.9,0.4192,-0.2771,0.1048,-0.0073,0.403,,,gnm_closed_loop,0.2,-0.2771,False,0,,h21_spawn_precheck,,probe,,,,,,,False,h2_weave_J,7.2528,True,0.4192,-0.2771,0.2,-0.2771,True,armed,False,
h21probe_I_g_20260710_015617,73,8.933334,1783644981.406029,-4.238896,-0.49986,0.0,3.140106,0.2,-0.2771,0.19939,0.014405,camera_link,8.933334,gnm_closed_loop,,nominal,,True,ok,checkpoints/hospital_front_rgb_finetune/best.pt,4.9,0.4192,-0.2771,0.1048,-0.0073,0.403,,,gnm_closed_loop,0.2,-0.2771,False,0,,h21_spawn_precheck,,probe,,,,,,,False,h2_weave_J,7.2562,True,0.4192,-0.2771,0.2,-0.2771,True,armed,False,
h21probe_I_g_20260710_015617,74,8.95,1783644981.408484,-4.242214,-0.499856,0.0,3.140082,0.2,-0.2771,0.19939,0.014405,camera_link,8.95,gnm_closed_loop,,nominal,,True,ok,checkpoints/hospital_front_rgb_finetune/best.pt,4.9,0.4192,-0.2771,0.1048,-0.0073,0.403,,,gnm_closed_loop,0.2,-0.2771,False,0,,h21_spawn_precheck,,probe,,,,,,,False,h2_weave_J,7.2595,True,0.4192,-0.2771,0.2,-0.2771,True,armed,False,
h21probe_I_g_20260710_015617,75,8.966667,1783644981.424172,-4.245532,-0.499852,0.0,3.140055,0.2,-0.2811,0.199454,0.015645,camera_link,8.966667,gnm_closed_loop,,nominal,,True,ok,checkpoints/hospital_front_rgb_finetune/best.pt,4.35,0.4158,-0.2811,0.104,-0.0073,0.3984,,,gnm_closed_loop,0.2,-0.2811,False,0,,h21_spawn_precheck,,probe,,,,,,,False,h2_weave_J,7.2628,True,0.4158,-0.2811,0.2,-0.2811,True,armed,False,
h21probe_I_g_20260710_015617,76,8.983334,1783644981.426274,-4.248849,-0.499847,0.0,3.140029,0.2,-0.2811,0.199454,0.015645,camera_link,8.983334,gnm_closed_loop,,nominal,,True,ok,checkpoints/hospital_front_rgb_finetune/best.pt,4.35,0.4158,-0.2811,0.104,-0.0073,0.3984,,,gnm_closed_loop,0.2,-0.2811,False,0,,h21_spawn_precheck,,probe,,,,,,,False,h2_weave_J,7.2661,True,0.4158,-0.2811,0.2,-0.2811,True,armed,False,
h21probe_I_g_20260710_015617,77,9.0,1783644981.428265,-4.252168,-0.499843,0.0,3.140002,0.2,-0.2811,0.199454,0.015645,camera_link,9.0,gnm_closed_loop,,nominal,,True,ok,checkpoints/hospital_front_rgb_finetune/best.pt,4.35,0.4158,-0.2811,0.104,-0.0073,0.3984,,,gnm_closed_loop,0.2,-0.2811,False,0,,h21_spawn_precheck,,probe,,,,,,,False,h2_weave_J,7.2694,True,0.4158,-0.2811,0.2,-0.2811,True,armed,False,
h21probe_I_g_20260710_015617,78,9.016667,1783644981.442,-4.255486,-0.499839,0.0,3.139978,0.2,-0.254,0.199252,0.013975,camera_link,9.016667,gnm_closed_loop,,nominal,,True,ok,checkpoints/hospital_front_rgb_finetune/best.pt,4.51,0.4212,-0.254,0.1053,-0.0067,0.4183,,,gnm_closed_loop,0.2,-0.254,False,0,,h21_spawn_precheck,,probe,,,,,,,False,h2_weave_J,7.2727,True,0.4212,-0.254,0.2,-0.254,True,armed,False,
h21probe_I_g_20260710_015617,79,9.033334,1783644981.444165,-4.258804,-0.499834,0.0,3.139958,0.2,-0.254,0.199252,0.013975,camera_link,9.033334,gnm_closed_loop,,nominal,,True,ok,checkpoints/hospital_front_rgb_finetune/best.pt,4.51,0.4212,-0.254,0.1053,-0.0067,0.4183,,,gnm_closed_loop,0.2,-0.254,False,0,,h21_spawn_precheck,,probe,,,,,,,False,h2_weave_J,7.276,True,0.4212,-0.254,0.2,-0.254,True,armed,False,
h21probe_I_g_20260710_015617,80,9.05,1783644981.447202,-4.262123,-0.499829,0.0,3.139938,0.2,-0.254,0.199252,0.013975,camera_link,9.05,gnm_closed_loop,,nominal,,True,ok,checkpoints/hospital_front_rgb_finetune/best.pt,4.51,0.4212,-0.254,0.1053,-0.0067,0.4183,,,gnm_closed_loop,0.2,-0.254,False,0,,h21_spawn_precheck,,probe,,,,,,,False,h2_weave_J,7.2793,True,0.4212,-0.254,0.2,-0.254,True,armed,False,
h21probe_I_g_20260710_015617,81,9.066667,1783644981.462173,-4.265442,-0.499824,0.0,3.13992,0.2,-0.2737,0.199318,0.011524,camera_link,9.066667,gnm_closed_loop,,nominal,,True,ok,checkpoints/hospital_front_rgb_finetune/best.pt,4.47,0.4161,-0.2737,0.104,-0.0071,0.4068,,,gnm_closed_loop,0.2,-0.2737,False,0,,h21_spawn_precheck,,probe,,,,,,,False,h2_weave_J,7.2826,True,0.4161,-0.2737,0.2,-0.2737,True,armed,False,
h21probe_I_g_20260710_015617,82,9.083334,1783644981.464232,-4.26876,-0.499819,0.0,3.139895,0.2,-0.2737,0.199318,0.011524,camera_link,9.083334,gnm_closed_loop,,nominal,,True,ok,checkpoints/hospital_front_rgb_finetune/best.pt,4.47,0.4161,-0.2737,0.104,-0.0071,0.4068,,,gnm_closed_loop,0.2,-0.2737,False,0,,h21_spawn_precheck,,probe,,,,,,,False,h2_weave_J,7.2859,True,0.4161,-0.2737,0.2,-0.2737,True,armed,False,
h21probe_I_g_20260710_015617,83,9.1,1783644981.466005,-4.272077,-0.499814,0.0,3.139869,0.2,-0.2737,0.199318,0.011524,camera_link,9.1,gnm_closed_loop,,nominal,,True,ok,checkpoints/hospital_front_rgb_finetune/best.pt,4.47,0.4161,-0.2737,0.104,-0.0071,0.4068,,,gnm_closed_loop,0.2,-0.2737,False,0,,h21_spawn_precheck,,probe,,,,,,,False,h2_weave_J,7.2893,True,0.4161,-0.2737,0.2,-0.2737,True,armed,False,
h21probe_I_g_20260710_015617,84,9.116667,1783644981.480184,-4.275394,-0.499809,1e-06,3.139843,0.2,-0.2682,0.199299,0.01463,camera_link,9.116667,gnm_closed_loop,,nominal,,True,ok,checkpoints/hospital_front_rgb_finetune/best.pt,4.55,0.4152,-0.2682,0.1038,-0.007,0.3998,,,gnm_closed_loop,0.2,-0.2682,False,0,,h21_spawn_precheck,,probe,,,,,,,False,h2_weave_J,7.2926,True,0.4152,-0.2682,0.2,-0.2682,True,armed,False,
h21probe_I_g_20260710_015617,85,9.133334,1783644981.482922,-4.278711,-0.499804,0.0,3.139822,0.2,-0.2682,0.199299,0.01463,camera_link,9.133334,gnm_closed_loop,,nominal,,True,ok,checkpoints/hospital_front_rgb_finetune/best.pt,4.55,0.4152,-0.2682,0.1038,-0.007,0.3998,,,gnm_closed_loop,0.2,-0.2682,False,0,,h21_spawn_precheck,,probe,,,,,,,False,h2_weave_J,7.2959,True,0.4152,-0.2682,0.2,-0.2682,True,armed,False,
h21probe_I_g_20260710_015617,86,9.15,1783644981.484896,-4.282029,-0.499798,0.0,3.139797,0.2,-0.2682,0.199299,0.01463,camera_link,9.15,gnm_closed_loop,,nominal,,True,ok,checkpoints/hospital_front_rgb_finetune/best.pt,4.55,0.4152,-0.2682,0.1038,-0.007,0.3998,,,gnm_closed_loop,0.2,-0.2682,False,0,,h21_spawn_precheck,,probe,,,,,,,False,h2_weave_J,7.2992,True,0.4152,-0.2682,0.2,-0.2682,True,armed,False,
h21probe_I_g_20260710_015617,87,9.166667,1783644981.502626,-4.285347,-0.499793,0.0,3.139777,0.2,-0.2725,0.199255,0.012531,camera_link,9.166667,gnm_closed_loop,,nominal,,True,ok,checkpoints/hospital_front_rgb_finetune/best.pt,4.79,0.4136,-0.2725,0.1034,-0.0071,0.3835,,,gnm_closed_loop,0.2,-0.2725,False,0,,h21_spawn_precheck,,probe,,,,,,,False,h2_weave_J,7.3025,True,0.4136,-0.2725,0.2,-0.2725,True,armed,False,
h21probe_I_g_20260710_015617,88,9.183334,1783644981.504965,-4.288664,-0.499788,0.0,3.139751,0.2,-0.2725,0.199255,0.012531,camera_link,9.183334,gnm_closed_loop,,nominal,,True,ok,checkpoints/hospital_front_rgb_finetune/best.pt,4.79,0.4136,-0.2725,0.1034,-0.0071,0.3835,,,gnm_closed_loop,0.2,-0.2725,False,0,,h21_spawn_precheck,,probe,,,,,,,False,h2_weave_J,7.3058,True,0.4136,-0.2725,0.2,-0.2725,True,armed,False,
h21probe_I_g_20260710_015617,89,9.2,1783644981.507169,-4.291982,-0.499782,0.0,3.139726,0.2,-0.2725,0.199255,0.012531,camera_link,9.2,gnm_closed_loop,,nominal,,True,ok,checkpoints/hospital_front_rgb_finetune/best.pt,4.79,0.4136,-0.2725,0.1034,-0.0071,0.3835,,,gnm_closed_loop,0.2,-0.2725,False,0,,h21_spawn_precheck,,probe,,,,,,,False,h2_weave_J,7.3091,True,0.4136,-0.2725,0.2,-0.2725,True,armed,False,
h21probe_I_g_20260710_015617,90,9.216667,1783644981.533519,-4.295299,-0.499777,0.0,3.139702,0.2,-0.2679,0.199257,0.013904,camera_link,9.216667,gnm_closed_loop,,nominal,,True,ok,checkpoints/hospital_front_rgb_finetune/best.pt,8.18,0.414,-0.2679,0.1035,-0.0069,0.3871,,,gnm_closed_loop,0.2,-0.2679,False,0,,h21_spawn_precheck,,probe,,,,,,,False,h2_weave_J,7.3124,True,0.414,-0.2679,0.2,-0.2679,True,armed,False,
h21probe_I_g_20260710_015617,91,9.233334,1783644981.53634,-4.298617,-0.499771,0.0,3.139678,0.2,-0.2679,0.199257,0.013904,camera_link,9.233334,gnm_closed_loop,,nominal,,True,ok,checkpoints/hospital_front_rgb_finetune/best.pt,8.18,0.414,-0.2679,0.1035,-0.0069,0.3871,,,gnm_closed_loop,0.2,-0.2679,False,0,,h21_spawn_precheck,,probe,,,,,,,False,h2_weave_J,7.3157,True,0.414,-0.2679,0.2,-0.2679,True,armed,False,
h21probe_I_g_20260710_015617,92,9.25,1783644981.53948,-4.301935,-0.499765,0.0,3.139655,0.2,-0.2679,0.199257,0.013904,camera_link,9.25,gnm_closed_loop,,nominal,,True,ok,checkpoints/hospital_front_rgb_finetune/best.pt,8.18,0.414,-0.2679,0.1035,-0.0069,0.3871,,,gnm_closed_loop,0.2,-0.2679,False,0,,h21_spawn_precheck,,probe,,,,,,,False,h2_weave_J,7.319,True,0.414,-0.2679,0.2,-0.2679,True,armed,False,
h21probe_I_g_20260710_015617,93,9.266667,1783644981.558508,-4.305253,-0.49976,1e-06,3.139631,0.2,-0.2764,0.199403,0.014455,camera_link,9.266667,gnm_closed_loop,,nominal,,True,ok,checkpoints/hospital_front_rgb_finetune/best.pt,5.68,0.4066,-0.2764,0.1017,-0.007,0.3705,,,gnm_closed_loop,0.2,-0.2764,False,0,,h21_spawn_precheck,,probe,,,,,,,False,h2_weave_J,7.3224,True,0.4066,-0.2764,0.2,-0.2764,True,armed,False,
h21probe_I_g_20260710_015617,94,9.283334,1783644981.560581,-4.30857,-0.499754,0.0,3.139603,0.2,-0.2764,0.199403,0.014455,camera_link,9.283334,gnm_closed_loop,,nominal,,True,ok,checkpoints/hospital_front_rgb_finetune/best.pt,5.68,0.4066,-0.2764,0.1017,-0.007,0.3705,,,gnm_closed_loop,0.2,-0.2764,False,0,,h21_spawn_precheck,,probe,,,,,,,False,h2_weave_J,7.3257,True,0.4066,-0.2764,0.2,-0.2764,True,armed,False,
h21probe_I_g_20260710_015617,95,9.3,1783644981.56254,-4.311888,-0.499748,0.0,3.139581,0.2,-0.2764,0.199403,0.014455,camera_link,9.3,gnm_closed_loop,,nominal,,True,ok,checkpoints/hospital_front_rgb_finetune/best.pt,5.68,0.4066,-0.2764,0.1017,-0.007,0.3705,,,gnm_closed_loop,0.2,-0.2764,False,0,,h21_spawn_precheck,,probe,,,,,,,False,h2_weave_J,7.329,True,0.4066,-0.2764,0.2,-0.2764,True,armed,False,
h21probe_I_g_20260710_015617,96,9.316667,1783644981.578821,-4.315206,-0.499742,0.0,3.139554,0.2,-0.2693,0.199347,0.014822,camera_link,9.316667,gnm_closed_loop,,nominal,,True,ok,checkpoints/hospital_front_rgb_finetune/best.pt,5.22,0.4087,-0.2693,0.1022,-0.0069,0.3757,,,gnm_closed_loop,0.2,-0.2693,False,0,,h21_spawn_precheck,,probe,,,,,,,False,h2_weave_J,7.3323,True,0.4087,-0.2693,0.2,-0.2693,True,armed,False,
h21probe_I_g_20260710_015617,97,9.333334,1783644981.581077,-4.318524,-0.499736,0.0,3.139534,0.2,-0.2693,0.199347,0.014822,camera_link,9.333334,gnm_closed_loop,,nominal,,True,ok,checkpoints/hospital_front_rgb_finetune/best.pt,5.22,0.4087,-0.2693,0.1022,-0.0069,0.3757,,,gnm_closed_loop,0.2,-0.2693,False,0,,h21_spawn_precheck,,probe,,,,,,,False,h2_weave_J,7.3356,True,0.4087,-0.2693,0.2,-0.2693,True,armed,False,
h21probe_I_g_20260710_015617,98,9.35,1783644981.582924,-4.321842,-0.49973,1e-06,3.13951,0.2,-0.2693,0.199347,0.014822,camera_link,9.35,gnm_closed_loop,,nominal,,True,ok,checkpoints/hospital_front_rgb_finetune/best.pt,5.22,0.4087,-0.2693,0.1022,-0.0069,0.3757,,,gnm_closed_loop,0.2,-0.2693,False,0,,h21_spawn_precheck,,probe,,,,,,,False,h2_weave_J,7.3389,True,0.4087,-0.2693,0.2,-0.2693,True,armed,False,
h21probe_I_g_20260710_015617,99,9.366667,1783644981.598274,-4.32516,-0.499724,0.0,3.139487,0.2,-0.2739,0.199146,0.013456,camera_link,9.366667,gnm_closed_loop,,nominal,,True,ok,checkpoints/hospital_front_rgb_finetune/best.pt,4.01,0.4093,-0.2739,0.1023,-0.007,0.3759,,,gnm_closed_loop,0.2,-0.2739,False,0,,h21_spawn_precheck,,probe,,,,,,,False,h2_weave_J,7.3422,True,0.4093,-0.2739,0.2,-0.2739,True,armed,False,
h21probe_I_g_20260710_015617,100,9.383334,1783644981.600406,-4.328477,-0.499717,1e-06,3.139463,0.2,-0.2739,0.199146,0.013456,camera_link,9.383334,gnm_closed_loop,,nominal,,True,ok,checkpoints/hospital_front_rgb_finetune/best.pt,4.01,0.4093,-0.2739,0.1023,-0.007,0.3759,,,gnm_closed_loop,0.2,-0.2739,False,0,,h21_spawn_precheck,,probe,,,,,,,False,h2_weave_J,7.3455,True,0.4093,-0.2739,0.2,-0.2739,True,armed,False,
h21probe_I_g_20260710_015617,101,9.4,1783644981.602582,-4.331795,-0.499711,0.0,3.139439,0.2,-0.2739,0.199146,0.013456,camera_link,9.4,gnm_closed_loop,,nominal,,True,ok,checkpoints/hospital_front_rgb_finetune/best.pt,4.01,0.4093,-0.2739,0.1023,-0.007,0.3759,,,gnm_closed_loop,0.2,-0.2739,False,0,,h21_spawn_precheck,,probe,,,,,,,False,h2_weave_J,7.3488,True,0.4093,-0.2739,0.2,-0.2739,True,armed,False,
h21probe_I_g_20260710_015617,102,9.416667,1783644981.617286,-4.335113,-0.499704,0.0,3.139414,0.2,-0.2669,0.199339,0.015045,camera_link,9.416667,gnm_closed_loop,,nominal,,True,ok,checkpoints/hospital_front_rgb_finetune/best.pt,4.52,0.4113,-0.2669,0.1028,-0.0069,0.385,,,gnm_closed_loop,0.2,-0.2669,False,0,,h21_spawn_precheck,,probe,,,,,,,False,h2_weave_J,7.3522,True,0.4113,-0.2669,0.2,-0.2669,True,armed,False,
h21probe_I_g_20260710_015617,103,9.433334,1783644981.619355,-4.338431,-0.499698,0.0,3.139392,0.2,-0.2669,0.199339,0.015045,camera_link,9.433334,gnm_closed_loop,,nominal,,True,ok,checkpoints/hospital_front_rgb_finetune/best.pt,4.52,0.4113,-0.2669,0.1028,-0.0069,0.385,,,gnm_closed_loop,0.2,-0.2669,False,0,,h21_spawn_precheck,,probe,,,,,,,False,h2_weave_J,7.3555,True,0.4113,-0.2669,0.2,-0.2669,True,armed,False,
h21probe_I_g_20260710_015617,104,9.45,1783644981.621104,-4.341748,-0.499691,0.0,3.139369,0.2,-0.2669,0.199339,0.015045,camera_link,9.45,gnm_closed_loop,,nominal,,True,ok,checkpoints/hospital_front_rgb_finetune/best.pt,4.52,0.4113,-0.2669,0.1028,-0.0069,0.385,,,gnm_closed_loop,0.2,-0.2669,False,0,,h21_spawn_precheck,,probe,,,,,,,False,h2_weave_J,7.3588,True,0.4113,-0.2669,0.2,-0.2669,True,armed,False,
h21probe_I_g_20260710_015617,105,9.466667,1783644981.635154,-4.345066,-0.499684,0.0,3.139349,0.2,-0.2544,0.19921,0.01255,camera_link,9.466667,gnm_closed_loop,,nominal,,True,ok,checkpoints/hospital_front_rgb_finetune/best.pt,4.38,0.4072,-0.2544,0.1018,-0.0065,0.3784,,,gnm_closed_loop,0.2,-0.2544,False,0,,h21_spawn_precheck,,probe,,,,,,,False,h2_weave_J,7.3621,True,0.4072,-0.2544,0.2,-0.2544,True,armed,False,
h21probe_I_g_20260710_015617,106,9.483334,1783644981.637472,-4.348383,-0.499677,0.0,3.139331,0.2,-0.2544,0.19921,0.01255,camera_link,9.483334,gnm_closed_loop,,nominal,,True,ok,checkpoints/hospital_front_rgb_finetune/best.pt,4.38,0.4072,-0.2544,0.1018,-0.0065,0.3784,,,gnm_closed_loop,0.2,-0.2544,False,0,,h21_spawn_precheck,,probe,,,,,,,False,h2_weave_J,7.3654,True,0.4072,-0.2544,0.2,-0.2544,True,armed,False,
h21probe_I_g_20260710_015617,107,9.5,1783644981.639565,-4.351701,-0.49967,0.0,3.13931,0.2,-0.2544,0.19921,0.01255,camera_link,9.5,gnm_closed_loop,,nominal,,True,ok,checkpoints/hospital_front_rgb_finetune/best.pt,4.38,0.4072,-0.2544,0.1018,-0.0065,0.3784,,,gnm_closed_loop,0.2,-0.2544,False,0,,h21_spawn_precheck,,probe,,,,,,,False,h2_weave_J,7.3687,True,0.4072,-0.2544,0.2,-0.2544,True,armed,False,
h21probe_I_g_20260710_015617,108,9.516667,1783644981.656141,-4.355019,-0.499663,0.0,3.13929,0.2,-0.2541,0.199332,0.011859,camera_link,9.516667,gnm_closed_loop,,nominal,,True,ok,checkpoints/hospital_front_rgb_finetune/best.pt,4.93,0.4092,-0.2541,0.1023,-0.0065,0.3838,,,gnm_closed_loop,0.2,-0.2541,False,0,,h21_spawn_precheck,,probe,,,,,,,False,h2_weave_J,7.372,True,0.4092,-0.2541,0.2,-0.2541,True,armed,False,
h21probe_I_g_20260710_015617,109,9.533334,1783644981.658674,-4.358338,-0.499656,0.0,3.139271,0.2,-0.2541,0.199332,0.011859,camera_link,9.533334,gnm_closed_loop,,nominal,,True,ok,checkpoints/hospital_front_rgb_finetune/best.pt,4.93,0.4092,-0.2541,0.1023,-0.0065,0.3838,,,gnm_closed_loop,0.2,-0.2541,False,0,,h21_spawn_precheck,,probe,,,,,,,False,h2_weave_J,7.3753,True,0.4092,-0.2541,0.2,-0.2541,True,armed,False,
h21probe_I_g_20260710_015617,110,9.55,1783644981.660765,-4.361656,-0.499648,0.0,3.13925,0.2,-0.2541,0.199332,0.011859,camera_link,9.55,gnm_closed_loop,,nominal,,True,ok,checkpoints/hospital_front_rgb_finetune/best.pt,4.93,0.4092,-0.2541,0.1023,-0.0065,0.3838,,,gnm_closed_loop,0.2,-0.2541,False,0,,h21_spawn_precheck,,probe,,,,,,,False,h2_weave_J,7.3786,True,0.4092,-0.2541,0.2,-0.2541,True,armed,False,
h21probe_I_g_20260710_015617,111,9.566667,1783644981.679919,-4.364975,-0.499641,0.0,3.13923,0.2,-0.2628,0.199498,0.01296,camera_link,9.566667,gnm_closed_loop,,nominal,,True,ok,checkpoints/hospital_front_rgb_finetune/best.pt,4.15,0.4079,-0.2628,0.102,-0.0067,0.3818,,,gnm_closed_loop,0.2,-0.2628,False,0,,h21_spawn_precheck,,probe,,,,,,,False,h2_weave_J,7.382,True,0.4079,-0.2628,0.2,-0.2628,True,armed,False,
h21probe_I_g_20260710_015617,112,9.583334,1783644981.682178,-4.368294,-0.499634,0.0,3.139209,0.2,-0.2628,0.199498,0.01296,camera_link,9.583334,gnm_closed_loop,,nominal,,True,ok,checkpoints/hospital_front_rgb_finetune/best.pt,4.15,0.4079,-0.2628,0.102,-0.0067,0.3818,,,gnm_closed_loop,0.2,-0.2628,False,0,,h21_spawn_precheck,,probe,,,,,,,False,h2_weave_J,7.3853,True,0.4079,-0.2628,0.2,-0.2628,True,armed,False,
h21probe_I_g_20260710_015617,113,9.600001,1783644981.684695,-4.371614,-0.499626,0.0,3.139187,0.2,-0.2628,0.199498,0.01296,camera_link,9.600001,gnm_closed_loop,,nominal,,True,ok,checkpoints/hospital_front_rgb_finetune/best.pt,4.15,0.4079,-0.2628,0.102,-0.0067,0.3818,,,gnm_closed_loop,0.2,-0.2628,False,0,,h21_spawn_precheck,,probe,,,,,,,False,h2_weave_J,7.3886,True,0.4079,-0.2628,0.2,-0.2628,True,armed,False,
h21probe_I_g_20260710_015617,114,9.616667,1783644981.699852,-4.374931,-0.499619,0.0,3.139165,0.2,-0.2803,0.199339,0.013486,camera_link,9.616667,gnm_closed_loop,,nominal,,True,ok,checkpoints/hospital_front_rgb_finetune/best.pt,4.93,0.4092,-0.2803,0.1023,-0.0072,0.3796,,,gnm_closed_loop,0.2,-0.2803,False,0,,h21_spawn_precheck,,probe,,,,,,,False,h2_weave_J,7.3919,True,0.4092,-0.2803,0.2,-0.2803,True,armed,False,
h21probe_I_g_20260710_015617,115,9.633334,1783644981.701984,-4.378249,-0.499612,0.0,3.139139,0.2,-0.2803,0.199339,0.013486,camera_link,9.633334,gnm_closed_loop,,nominal,,True,ok,checkpoints/hospital_front_rgb_finetune/best.pt,4.93,0.4092,-0.2803,0.1023,-0.0072,0.3796,,,gnm_closed_loop,0.2,-0.2803,False,0,,h21_spawn_precheck,,probe,,,,,,,False,h2_weave_J,7.3952,True,0.4092,-0.2803,0.2,-0.2803,True,armed,False,
h21probe_I_g_20260710_015617,116,9.650001,1783644981.704502,-4.381567,-0.499604,0.0,3.139113,0.2,-0.2803,0.199339,0.013486,camera_link,9.650001,gnm_closed_loop,,nominal,,True,ok,checkpoints/hospital_front_rgb_finetune/best.pt,4.93,0.4092,-0.2803,0.1023,-0.0072,0.3796,,,gnm_closed_loop,0.2,-0.2803,False,0,,h21_spawn_precheck,,probe,,,,,,,False,h2_weave_J,7.3985,True,0.4092,-0.2803,0.2,-0.2803,True,armed,False,
h21probe_I_g_20260710_015617,117,9.666667,1783644981.721894,-4.384884,-0.499597,0.0,3.139088,0.2,-0.2761,0.199288,0.015455,camera_link,9.666667,gnm_closed_loop,,nominal,,True,ok,checkpoints/hospital_front_rgb_finetune/best.pt,4.77,0.4088,-0.2761,0.1022,-0.0071,0.3793,,,gnm_closed_loop,0.2,-0.2761,False,0,,h21_spawn_precheck,,probe,,,,,,,False,h2_weave_J,7.4018,True,0.4088,-0.2761,0.2,-0.2761,True,armed,False,
h21probe_I_g_20260710_015617,118,9.683334,1783644981.724679,-4.388202,-0.499589,0.0,3.139064,0.2,-0.2761,0.199288,0.015455,camera_link,9.683334,gnm_closed_loop,,nominal,,True,ok,checkpoints/hospital_front_rgb_finetune/best.pt,4.77,0.4088,-0.2761,0.1022,-0.0071,0.3793,,,gnm_closed_loop,0.2,-0.2761,False,0,,h21_spawn_precheck,,probe,,,,,,,False,h2_weave_J,7.4051,True,0.4088,-0.2761,0.2,-0.2761,True,armed,False,
h21probe_I_g_20260710_015617,119,9.700001,1783644981.727185,-4.39152,-0.499582,1e-06,3.13904,0.2,-0.2761,0.199288,0.015455,camera_link,9.700001,gnm_closed_loop,,nominal,,True,ok,checkpoints/hospital_front_rgb_finetune/best.pt,4.77,0.4088,-0.2761,0.1022,-0.0071,0.3793,,,gnm_closed_loop,0.2,-0.2761,False,0,,h21_spawn_precheck,,probe,,,,,,,False,h2_weave_J,7.4084,True,0.4088,-0.2761,0.2,-0.2761,True,armed,False,
h21probe_I_g_20260710_015617,120,9.716667,1783644981.742206,-4.39343,-0.499576,2e-05,3.139082,0.0,0.0,0.076435,0.005543,camera_link,9.716667,gnm_closed_loop,,nominal,post-episode zero hold,True,ok,checkpoints/hospital_front_rgb_finetune/best.pt,4.77,0.4088,-0.2761,0.1022,-0.0071,0.3793,,,gnm_closed_loop,0.0,0.0,False,0,,h21_spawn_precheck,,probe,,,,,,,False,h2_weave_J,7.4103,True,,,0.0,0.0,False,zeroed_hold,False,
h21probe_I_g_20260710_015617,121,9.733334,1783644981.744864,-4.39407,-0.499574,0.0,3.139089,0.0,0.0,0.076435,0.005543,camera_link,9.733334,gnm_closed_loop,,nominal,post-episode zero hold,True,ok,checkpoints/hospital_front_rgb_finetune/best.pt,4.77,0.4088,-0.2761,0.1022,-0.0071,0.3793,,,gnm_closed_loop,0.0,0.0,False,0,,h21_spawn_precheck,,probe,,,,,,,False,h2_weave_J,7.411,True,,,0.0,0.0,False,zeroed_hold,False,
h21probe_I_g_20260710_015617,122,9.750001,1783644981.747265,-4.3942,-0.499574,1e-06,3.139089,0.0,0.0,0.076435,0.005543,camera_link,9.750001,gnm_closed_loop,,nominal,post-episode zero hold,True,ok,checkpoints/hospital_front_rgb_finetune/best.pt,4.77,0.4088,-0.2761,0.1022,-0.0071,0.3793,,,gnm_closed_loop,0.0,0.0,False,0,,h21_spawn_precheck,,probe,,,,,,,False,h2_weave_J,7.4111,True,,,0.0,0.0,False,zeroed_hold,False,
h21probe_I_g_20260710_015617,123,9.766667,1783644981.760146,-4.39421,-0.499574,1e-06,3.139089,0.0,0.0,0.00037,-0.000136,camera_link,9.766667,gnm_closed_loop,,nominal,post-episode zero hold,True,ok,checkpoints/hospital_front_rgb_finetune/best.pt,4.77,0.4088,-0.2761,0.1022,-0.0071,0.3793,,,gnm_closed_loop,0.0,0.0,False,0,,h21_spawn_precheck,,probe,,,,,,,False,h2_weave_J,7.4111,True,,,0.0,0.0,False,zeroed_hold,False,
h21probe_I_g_20260710_015617,124,9.783334,1783644981.762141,-4.394201,-0.499574,1e-06,3.139089,0.0,0.0,0.00037,-0.000136,camera_link,9.783334,gnm_closed_loop,,nominal,post-episode zero hold,True,ok,checkpoints/hospital_front_rgb_finetune/best.pt,4.77,0.4088,-0.2761,0.1022,-0.0071,0.3793,,,gnm_closed_loop,0.0,0.0,False,0,,h21_spawn_precheck,,probe,,,,,,,False,h2_weave_J,7.4111,True,,,0.0,0.0,False,zeroed_hold,False,
h21probe_I_g_20260710_015617,125,9.800001,1783644981.763807,-4.394193,-0.499574,1e-06,3.139089,0.0,0.0,0.00037,-0.000136,camera_link,9.800001,gnm_closed_loop,,nominal,post-episode zero hold,True,ok,checkpoints/hospital_front_rgb_finetune/best.pt,4.77,0.4088,-0.2761,0.1022,-0.0071,0.3793,,,gnm_closed_loop,0.0,0.0,False,0,,h21_spawn_precheck,,probe,,,,,,,False,h2_weave_J,7.4111,True,,,0.0,0.0,False,zeroed_hold,False,
h21probe_I_g_20260710_015617,126,9.816667,1783644981.772134,-4.394184,-0.499574,1e-06,3.139089,0.0,0.0,-0.000352,7.7e-05,camera_link,9.816667,gnm_closed_loop,,nominal,post-episode zero hold,True,ok,checkpoints/hospital_front_rgb_finetune/best.pt,4.77,0.4088,-0.2761,0.1022,-0.0071,0.3793,,,gnm_closed_loop,0.0,0.0,False,0,,h21_spawn_precheck,,probe,,,,,,,False,h2_weave_J,7.4111,True,,,0.0,0.0,False,zeroed_hold,False,
h21probe_I_g_20260710_015617,127,9.833334,1783644981.774925,-4.394175,-0.499574,1e-06,3.139089,0.0,0.0,-0.000352,7.7e-05,camera_link,9.833334,gnm_closed_loop,,nominal,post-episode zero hold,True,ok,checkpoints/hospital_front_rgb_finetune/best.pt,4.77,0.4088,-0.2761,0.1022,-0.0071,0.3793,,,gnm_closed_loop,0.0,0.0,False,0,,h21_spawn_precheck,,probe,,,,,,,False,h2_weave_J,7.4111,True,,,0.0,0.0,False,zeroed_hold,False,
h21probe_I_g_20260710_015617,128,9.850001,1783644981.776875,-4.394166,-0.499574,1e-06,3.139089,0.0,0.0,-0.000352,7.7e-05,camera_link,9.850001,gnm_closed_loop,,nominal,post-episode zero hold,True,ok,checkpoints/hospital_front_rgb_finetune/best.pt,4.77,0.4088,-0.2761,0.1022,-0.0071,0.3793,,,gnm_closed_loop,0.0,0.0,False,0,,h21_spawn_precheck,,probe,,,,,,,False,h2_weave_J,7.4111,True,,,0.0,0.0,False,zeroed_hold,False,
h21probe_I_g_20260710_015617,129,9.866667,1783644981.786324,-4.394156,-0.499574,1e-06,3.139089,0.0,0.0,-0.000401,-0.000254,camera_link,9.866667,gnm_closed_loop,,nominal,post-episode zero hold,True,ok,checkpoints/hospital_front_rgb_finetune/best.pt,4.77,0.4088,-0.2761,0.1022,-0.0071,0.3793,,,gnm_closed_loop,0.0,0.0,False,0,,h21_spawn_precheck,,probe,,,,,,,False,h2_weave_J,7.4111,True,,,0.0,0.0,False,zeroed_hold,False,
h21probe_I_g_20260710_015617,130,9.883334,1783644981.789361,-4.394148,-0.499574,1e-06,3.139089,0.0,0.0,-0.000401,-0.000254,camera_link,9.883334,gnm_closed_loop,,nominal,post-episode zero hold,True,ok,checkpoints/hospital_front_rgb_finetune/best.pt,4.77,0.4088,-0.2761,0.1022,-0.0071,0.3793,,,gnm_closed_loop,0.0,0.0,False,0,,h21_spawn_precheck,,probe,,,,,,,False,h2_weave_J,7.4111,True,,,0.0,0.0,False,zeroed_hold,False,
h21probe_I_g_20260710_015617,131,9.900001,1783644981.791936,-4.394138,-0.499574,1e-06,3.139089,0.0,0.0,-0.000401,-0.000254,camera_link,9.900001,gnm_closed_loop,,nominal,post-episode zero hold,True,ok,checkpoints/hospital_front_rgb_finetune/best.pt,4.77,0.4088,-0.2761,0.1022,-0.0071,0.3793,,,gnm_closed_loop,0.0,0.0,False,0,,h21_spawn_precheck,,probe,,,,,,,False,h2_weave_J,7.4111,True,,,0.0,0.0,False,zeroed_hold,False,
h21probe_I_g_20260710_015617,132,9.916667,1783644981.803184,-4.39413,-0.499574,1e-06,3.139089,0.0,0.0,-0.000381,-4.4e-05,camera_link,9.916667,gnm_closed_loop,,nominal,post-episode zero hold,True,ok,checkpoints/hospital_front_rgb_finetune/best.pt,4.77,0.4088,-0.2761,0.1022,-0.0071,0.3793,,,gnm_closed_loop,0.0,0.0,False,0,,h21_spawn_precheck,,probe,,,,,,,False,h2_weave_J,7.411,True,,,0.0,0.0,False,zeroed_hold,False,
h21probe_I_g_20260710_015617,133,9.933334,1783644981.80572,-4.394121,-0.499574,1e-06,3.139089,0.0,0.0,-0.000381,-4.4e-05,camera_link,9.933334,gnm_closed_loop,,nominal,post-episode zero hold,True,ok,checkpoints/hospital_front_rgb_finetune/best.pt,4.77,0.4088,-0.2761,0.1022,-0.0071,0.3793,,,gnm_closed_loop,0.0,0.0,False,0,,h21_spawn_precheck,,probe,,,,,,,False,h2_weave_J,7.411,True,,,0.0,0.0,False,zeroed_hold,False,
h21probe_I_g_20260710_015617,134,9.950001,1783644981.808531,-4.394113,-0.499574,1e-06,3.139089,0.0,0.0,-0.000381,-4.4e-05,camera_link,9.950001,gnm_closed_loop,,nominal,post-episode zero hold,True,ok,checkpoints/hospital_front_rgb_finetune/best.pt,4.77,0.4088,-0.2761,0.1022,-0.0071,0.3793,,,gnm_closed_loop,0.0,0.0,False,0,,h21_spawn_precheck,,probe,,,,,,,False,h2_weave_J,7.411,True,,,0.0,0.0,False,zeroed_hold,False,
h21probe_I_g_20260710_015617,135,9.966667,1783644981.821751,-4.394104,-0.499574,1e-06,3.139088,0.0,0.0,-0.000418,-9.3e-05,camera_link,9.966667,gnm_closed_loop,,nominal,post-episode zero hold,True,ok,checkpoints/hospital_front_rgb_finetune/best.pt,4.77,0.4088,-0.2761,0.1022,-0.0071,0.3793,,,gnm_closed_loop,0.0,0.0,False,0,,h21_spawn_precheck,,probe,,,,,,,False,h2_weave_J,7.411,True,,,0.0,0.0,False,zeroed_hold,False,
h21probe_I_g_20260710_015617,136,9.983334,1783644981.825058,-4.394096,-0.499574,1e-06,3.139089,0.0,0.0,-0.000418,-9.3e-05,camera_link,9.983334,gnm_closed_loop,,nominal,post-episode zero hold,True,ok,checkpoints/hospital_front_rgb_finetune/best.pt,4.77,0.4088,-0.2761,0.1022,-0.0071,0.3793,,,gnm_closed_loop,0.0,0.0,False,0,,h21_spawn_precheck,,probe,,,,,,,False,h2_weave_J,7.411,True,,,0.0,0.0,False,zeroed_hold,False,
h21probe_I_g_20260710_015617,137,10.000001,1783644981.827049,-4.394087,-0.499574,1e-06,3.139089,0.0,0.0,-0.000418,-9.3e-05,camera_link,10.000001,gnm_closed_loop,,nominal,post-episode zero hold,True,ok,checkpoints/hospital_front_rgb_finetune/best.pt,4.77,0.4088,-0.2761,0.1022,-0.0071,0.3793,,,gnm_closed_loop,0.0,0.0,False,0,,h21_spawn_precheck,,probe,,,,,,,False,h2_weave_J,7.411,True,,,0.0,0.0,False,zeroed_hold,False,
h21probe_I_g_20260710_015617,138,10.016667,1783644981.839443,-4.394078,-0.499574,0.0,3.139089,0.0,0.0,-0.000391,1.6e-05,camera_link,10.016667,gnm_closed_loop,,nominal,post-episode zero hold,True,ok,checkpoints/hospital_front_rgb_finetune/best.pt,4.77,0.4088,-0.2761,0.1022,-0.0071,0.3793,,,gnm_closed_loop,0.0,0.0,False,0,,h21_spawn_precheck,,probe,,,,,,,False,h2_weave_J,7.411,True,,,0.0,0.0,False,zeroed_hold,False,
h21probe_I_g_20260710_015617,139,10.033334,1783644981.842364,-4.394069,-0.499574,1e-06,3.139089,0.0,0.0,-0.000391,1.6e-05,camera_link,10.033334,gnm_closed_loop,,nominal,post-episode zero hold,True,ok,checkpoints/hospital_front_rgb_finetune/best.pt,4.77,0.4088,-0.2761,0.1022,-0.0071,0.3793,,,gnm_closed_loop,0.0,0.0,False,0,,h21_spawn_precheck,,probe,,,,,,,False,h2_weave_J,7.411,True,,,0.0,0.0,False,zeroed_hold,False,
h21probe_I_g_20260710_015617,140,10.050001,1783644981.844549,-4.394061,-0.499574,1e-06,3.139089,0.0,0.0,-0.000391,1.6e-05,camera_link,10.050001,gnm_closed_loop,,nominal,post-episode zero hold,True,ok,checkpoints/hospital_front_rgb_finetune/best.pt,4.77,0.4088,-0.2761,0.1022,-0.0071,0.3793,,,gnm_closed_loop,0.0,0.0,False,0,,h21_spawn_precheck,,probe,,,,,,,False,h2_weave_J,7.411,True,,,0.0,0.0,False,zeroed_hold,False,
h21probe_I_g_20260710_015617,141,10.066667,1783644981.854282,-4.394052,-0.499574,1e-06,3.139089,0.0,0.0,-0.000406,0.000148,camera_link,10.066667,gnm_closed_loop,,nominal,post-episode zero hold,True,ok,checkpoints/hospital_front_rgb_finetune/best.pt,4.77,0.4088,-0.2761,0.1022,-0.0071,0.3793,,,gnm_closed_loop,0.0,0.0,False,0,,h21_spawn_precheck,,probe,,,,,,,False,h2_weave_J,7.411,True,,,0.0,0.0,False,zeroed_hold,False,
h21probe_I_g_20260710_015617,142,10.083334,1783644981.856309,-4.394042,-0.499575,1e-06,3.139089,0.0,0.0,-0.000406,0.000148,camera_link,10.083334,gnm_closed_loop,,nominal,post-episode zero hold,True,ok,checkpoints/hospital_front_rgb_finetune/best.pt,4.77,0.4088,-0.2761,0.1022,-0.0071,0.3793,,,gnm_closed_loop,0.0,0.0,False,0,,h21_spawn_precheck,,probe,,,,,,,False,h2_weave_J,7.411,True,,,0.0,0.0,False,zeroed_hold,False,
h21probe_I_g_20260710_015617,143,10.100001,1783644981.858513,-4.394034,-0.499575,1e-06,3.139089,0.0,0.0,-0.000406,0.000148,camera_link,10.100001,gnm_closed_loop,,nominal,post-episode zero hold,True,ok,checkpoints/hospital_front_rgb_finetune/best.pt,4.77,0.4088,-0.2761,0.1022,-0.0071,0.3793,,,gnm_closed_loop,0.0,0.0,False,0,,h21_spawn_precheck,,probe,,,,,,,False,h2_weave_J,7.4109,True,,,0.0,0.0,False,zeroed_hold,False,
h21probe_I_g_20260710_015617,144,10.116667,1783644981.868201,-4.394026,-0.499575,1e-06,3.139088,0.0,0.0,-0.000374,5.4e-05,camera_link,10.116667,gnm_closed_loop,,nominal,post-episode zero hold,True,ok,checkpoints/hospital_front_rgb_finetune/best.pt,4.77,0.4088,-0.2761,0.1022,-0.0071,0.3793,,,gnm_closed_loop,0.0,0.0,False,0,,h21_spawn_precheck,,probe,,,,,,,False,h2_weave_J,7.4109,True,,,0.0,0.0,False,zeroed_hold,False,
h21probe_I_g_20260710_015617,145,10.133334,1783644981.869201,-4.394026,-0.499575,1e-06,3.139088,0.0,0.0,-0.000374,5.4e-05,camera_link,10.133334,gnm_closed_loop,,nominal,post-episode zero hold,True,ok,checkpoints/hospital_front_rgb_finetune/best.pt,4.77,0.4088,-0.2761,0.1022,-0.0071,0.3793,,,gnm_closed_loop,0.0,0.0,False,0,,h21_spawn_precheck,,probe,,,,,,,False,h2_weave_J,7.4109,True,,,0.0,0.0,False,zeroed_hold,False,
h21probe_I_g_20260710_015617,146,10.150001,1783644981.870184,-4.394026,-0.499575,1e-06,3.139088,0.0,0.0,-0.000374,5.4e-05,camera_link,10.150001,gnm_closed_loop,,nominal,post-episode zero hold,True,ok,checkpoints/hospital_front_rgb_finetune/best.pt,4.77,0.4088,-0.2761,0.1022,-0.0071,0.3793,,,gnm_closed_loop,0.0,0.0,False,0,,h21_spawn_precheck,,probe,,,,,,,False,h2_weave_J,7.4109,True,,,0.0,0.0,False,zeroed_hold,False,
h21probe_I_g_20260710_015617,147,10.166667,1783644981.875788,-4.394026,-0.499575,1e-06,3.139088,0.0,0.0,-0.000374,5.4e-05,camera_link,10.166667,gnm_closed_loop,,nominal,post-episode zero hold,True,ok,checkpoints/hospital_front_rgb_finetune/best.pt,4.77,0.4088,-0.2761,0.1022,-0.0071,0.3793,,,gnm_closed_loop,0.0,0.0,False,0,,h21_spawn_precheck,,probe,,,,,,,False,h2_weave_J,7.4109,True,,,0.0,0.0,False,zeroed_hold,False,
h21probe_I_g_20260710_015617,148,10.183334,1783644981.876737,-4.394026,-0.499575,1e-06,3.139088,0.0,0.0,-0.000374,5.4e-05,camera_link,10.183334,gnm_closed_loop,,nominal,post-episode zero hold,True,ok,checkpoints/hospital_front_rgb_finetune/best.pt,4.77,0.4088,-0.2761,0.1022,-0.0071,0.3793,,,gnm_closed_loop,0.0,0.0,False,0,,h21_spawn_precheck,,probe,,,,,,,False,h2_weave_J,7.4109,True,,,0.0,0.0,False,zeroed_hold,False,
h21probe_I_g_20260710_015617,149,10.200001,1783644981.877618,-4.394026,-0.499575,1e-06,3.139088,0.0,0.0,-0.000374,5.4e-05,camera_link,10.200001,gnm_closed_loop,,nominal,post-episode zero hold,True,ok,checkpoints/hospital_front_rgb_finetune/best.pt,4.77,0.4088,-0.2761,0.1022,-0.0071,0.3793,,,gnm_closed_loop,0.0,0.0,False,0,,h21_spawn_precheck,,probe,,,,,,,False,h2_weave_J,7.4109,True,,,0.0,0.0,False,zeroed_hold,False,
h21probe_I_g_20260710_015617,150,10.216667,1783644981.88704,-4.394026,-0.499575,1e-06,3.139088,0.0,0.0,-0.000374,5.4e-05,camera_link,10.216667,gnm_closed_loop,,nominal,post-episode zero hold,True,ok,checkpoints/hospital_front_rgb_finetune/best.pt,4.77,0.4088,-0.2761,0.1022,-0.0071,0.3793,,,gnm_closed_loop,0.0,0.0,False,0,,h21_spawn_precheck,,probe,,,,,,,False,h2_weave_J,7.4109,True,,,0.0,0.0,False,zeroed_hold,False,
h21probe_I_g_20260710_015617,151,10.233334,1783644981.888724,-4.394026,-0.499575,1e-06,3.139088,0.0,0.0,-0.000374,5.4e-05,camera_link,10.233334,gnm_closed_loop,,nominal,post-episode zero hold,True,ok,checkpoints/hospital_front_rgb_finetune/best.pt,4.77,0.4088,-0.2761,0.1022,-0.0071,0.3793,,,gnm_closed_loop,0.0,0.0,False,0,,h21_spawn_precheck,,probe,,,,,,,False,h2_weave_J,7.4109,True,,,0.0,0.0,False,zeroed_hold,False,
h21probe_I_g_20260710_015617,152,10.250001,1783644981.88989,-4.394026,-0.499575,1e-06,3.139088,0.0,0.0,-0.000374,5.4e-05,camera_link,10.250001,gnm_closed_loop,,nominal,post-episode zero hold,True,ok,checkpoints/hospital_front_rgb_finetune/best.pt,4.77,0.4088,-0.2761,0.1022,-0.0071,0.3793,,,gnm_closed_loop,0.0,0.0,False,0,,h21_spawn_precheck,,probe,,,,,,,False,h2_weave_J,7.4109,True,,,0.0,0.0,False,zeroed_hold,False,
h21probe_I_g_20260710_015617,153,10.266667,1783644981.898666,-4.394026,-0.499575,1e-06,3.139088,0.0,0.0,-0.000374,5.4e-05,camera_link,10.266667,gnm_closed_loop,,nominal,post-episode zero hold,True,ok,checkpoints/hospital_front_rgb_finetune/best.pt,4.77,0.4088,-0.2761,0.1022,-0.0071,0.3793,,,gnm_closed_loop,0.0,0.0,False,0,,h21_spawn_precheck,,probe,,,,,,,False,h2_weave_J,7.4109,True,,,0.0,0.0,False,zeroed_hold,False,
h21probe_I_g_20260710_015617,154,10.283334,1783644981.89971,-4.394026,-0.499575,1e-06,3.139088,0.0,0.0,-0.000374,5.4e-05,camera_link,10.283334,gnm_closed_loop,,nominal,post-episode zero hold,True,ok,checkpoints/hospital_front_rgb_finetune/best.pt,4.77,0.4088,-0.2761,0.1022,-0.0071,0.3793,,,gnm_closed_loop,0.0,0.0,False,0,,h21_spawn_precheck,,probe,,,,,,,False,h2_weave_J,7.4109,True,,,0.0,0.0,False,zeroed_hold,False,
h21probe_I_g_20260710_015617,155,10.300001,1783644981.900686,-4.394026,-0.499575,1e-06,3.139088,0.0,0.0,-0.000374,5.4e-05,camera_link,10.300001,gnm_closed_loop,,nominal,post-episode zero hold,True,ok,checkpoints/hospital_front_rgb_finetune/best.pt,4.77,0.4088,-0.2761,0.1022,-0.0071,0.3793,,,gnm_closed_loop,0.0,0.0,False,0,,h21_spawn_precheck,,probe,,,,,,,False,h2_weave_J,7.4109,True,,,0.0,0.0,False,zeroed_hold,False,
h21probe_I_g_20260710_015617,156,10.316667,1783644981.90822,-4.394026,-0.499575,1e-06,3.139088,0.0,0.0,-0.000374,5.4e-05,camera_link,10.316667,gnm_closed_loop,,nominal,post-episode zero hold,True,ok,checkpoints/hospital_front_rgb_finetune/best.pt,4.77,0.4088,-0.2761,0.1022,-0.0071,0.3793,,,gnm_closed_loop,0.0,0.0,False,0,,h21_spawn_precheck,,probe,,,,,,,False,h2_weave_J,7.4109,True,,,0.0,0.0,False,zeroed_hold,False,
h21probe_I_g_20260710_015617,157,10.333334,1783644981.909399,-4.394026,-0.499575,1e-06,3.139088,0.0,0.0,-0.000374,5.4e-05,camera_link,10.333334,gnm_closed_loop,,nominal,post-episode zero hold,True,ok,checkpoints/hospital_front_rgb_finetune/best.pt,4.77,0.4088,-0.2761,0.1022,-0.0071,0.3793,,,gnm_closed_loop,0.0,0.0,False,0,,h21_spawn_precheck,,probe,,,,,,,False,h2_weave_J,7.4109,True,,,0.0,0.0,False,zeroed_hold,False,
h21probe_I_g_20260710_015617,158,10.350001,1783644981.910533,-4.394026,-0.499575,1e-06,3.139088,0.0,0.0,-0.000374,5.4e-05,camera_link,10.350001,gnm_closed_loop,,nominal,post-episode zero hold,True,ok,checkpoints/hospital_front_rgb_finetune/best.pt,4.77,0.4088,-0.2761,0.1022,-0.0071,0.3793,,,gnm_closed_loop,0.0,0.0,False,0,,h21_spawn_precheck,,probe,,,,,,,False,h2_weave_J,7.4109,True,,,0.0,0.0,False,zeroed_hold,False,
h21probe_I_g_20260710_015617,159,10.366667,1783644981.91733,-4.394026,-0.499575,1e-06,3.139088,0.0,0.0,-0.000374,5.4e-05,camera_link,10.366667,gnm_closed_loop,,nominal,post-episode zero hold,True,ok,checkpoints/hospital_front_rgb_finetune/best.pt,4.77,0.4088,-0.2761,0.1022,-0.0071,0.3793,,,gnm_closed_loop,0.0,0.0,False,0,,h21_spawn_precheck,,probe,,,,,,,False,h2_weave_J,7.4109,True,,,0.0,0.0,False,zeroed_hold,False,
h21probe_I_g_20260710_015617,160,10.383334,1783644981.918431,-4.394026,-0.499575,1e-06,3.139088,0.0,0.0,-0.000374,5.4e-05,camera_link,10.383334,gnm_closed_loop,,nominal,post-episode zero hold,True,ok,checkpoints/hospital_front_rgb_finetune/best.pt,4.77,0.4088,-0.2761,0.1022,-0.0071,0.3793,,,gnm_closed_loop,0.0,0.0,False,0,,h21_spawn_precheck,,probe,,,,,,,False,h2_weave_J,7.4109,True,,,0.0,0.0,False,zeroed_hold,False,
h21probe_I_g_20260710_015617,161,10.400001,1783644981.919625,-4.394026,-0.499575,1e-06,3.139088,0.0,0.0,-0.000374,5.4e-05,camera_link,10.400001,gnm_closed_loop,,nominal,post-episode zero hold,True,ok,checkpoints/hospital_front_rgb_finetune/best.pt,4.77,0.4088,-0.2761,0.1022,-0.0071,0.3793,,,gnm_closed_loop,0.0,0.0,False,0,,h21_spawn_precheck,,probe,,,,,,,False,h2_weave_J,7.4109,True,,,0.0,0.0,False,zeroed_hold,False,
h21probe_I_g_20260710_015617,162,10.416667,1783644981.926924,-4.394026,-0.499575,1e-06,3.139088,0.0,0.0,-0.000374,5.4e-05,camera_link,10.416667,gnm_closed_loop,,nominal,post-episode zero hold,True,ok,checkpoints/hospital_front_rgb_finetune/best.pt,4.77,0.4088,-0.2761,0.1022,-0.0071,0.3793,,,gnm_closed_loop,0.0,0.0,False,0,,h21_spawn_precheck,,probe,,,,,,,False,h2_weave_J,7.4109,True,,,0.0,0.0,False,zeroed_hold,False,
h21probe_I_g_20260710_015617,163,10.433334,1783644981.928489,-4.394026,-0.499575,1e-06,3.139088,0.0,0.0,-0.000374,5.4e-05,camera_link,10.433334,gnm_closed_loop,,nominal,post-episode zero hold,True,ok,checkpoints/hospital_front_rgb_finetune/best.pt,4.77,0.4088,-0.2761,0.1022,-0.0071,0.3793,,,gnm_closed_loop,0.0,0.0,False,0,,h21_spawn_precheck,,probe,,,,,,,False,h2_weave_J,7.4109,True,,,0.0,0.0,False,zeroed_hold,False,
h21probe_I_g_20260710_015617,164,10.450001,1783644981.929668,-4.394026,-0.499575,1e-06,3.139088,0.0,0.0,-0.000374,5.4e-05,camera_link,10.450001,gnm_closed_loop,,nominal,post-episode zero hold,True,ok,checkpoints/hospital_front_rgb_finetune/best.pt,4.77,0.4088,-0.2761,0.1022,-0.0071,0.3793,,,gnm_closed_loop,0.0,0.0,False,0,,h21_spawn_precheck,,probe,,,,,,,False,h2_weave_J,7.4109,True,,,0.0,0.0,False,zeroed_hold,False,
h21probe_I_g_20260710_015617,165,10.466667,1783644981.937006,-4.394026,-0.499575,1e-06,3.139088,0.0,0.0,-0.000374,5.4e-05,camera_link,10.466667,gnm_closed_loop,,nominal,post-episode zero hold,True,ok,checkpoints/hospital_front_rgb_finetune/best.pt,4.77,0.4088,-0.2761,0.1022,-0.0071,0.3793,,,gnm_closed_loop,0.0,0.0,False,0,,h21_spawn_precheck,,probe,,,,,,,False,h2_weave_J,7.4109,True,,,0.0,0.0,False,zeroed_hold,False,
h21probe_I_g_20260710_015617,166,10.483334,1783644981.939042,-4.394026,-0.499575,1e-06,3.139088,0.0,0.0,-0.000374,5.4e-05,camera_link,10.483334,gnm_closed_loop,,nominal,post-episode zero hold,True,ok,checkpoints/hospital_front_rgb_finetune/best.pt,4.77,0.4088,-0.2761,0.1022,-0.0071,0.3793,,,gnm_closed_loop,0.0,0.0,False,0,,h21_spawn_precheck,,probe,,,,,,,False,h2_weave_J,7.4109,True,,,0.0,0.0,False,zeroed_hold,False,
h21probe_I_g_20260710_015617,167,10.500001,1783644981.940879,-4.394026,-0.499575,1e-06,3.139088,0.0,0.0,-0.000374,5.4e-05,camera_link,10.500001,gnm_closed_loop,,nominal,post-episode zero hold,True,ok,checkpoints/hospital_front_rgb_finetune/best.pt,4.77,0.4088,-0.2761,0.1022,-0.0071,0.3793,,,gnm_closed_loop,0.0,0.0,False,0,,h21_spawn_precheck,,probe,,,,,,,False,h2_weave_J,7.4109,True,,,0.0,0.0,False,zeroed_hold,False,
h21probe_I_g_20260710_015617,168,10.516667,1783644981.953197,-4.394026,-0.499575,1e-06,3.139088,0.0,0.0,-0.000374,5.4e-05,camera_link,10.516667,gnm_closed_loop,,nominal,post-episode zero hold,True,ok,checkpoints/hospital_front_rgb_finetune/best.pt,4.77,0.4088,-0.2761,0.1022,-0.0071,0.3793,,,gnm_closed_loop,0.0,0.0,False,0,,h21_spawn_precheck,,probe,,,,,,,False,h2_weave_J,7.4109,True,,,0.0,0.0,False,zeroed_hold,False,
h21probe_I_g_20260710_015617,169,10.533334,1783644981.955267,-4.394026,-0.499575,1e-06,3.139088,0.0,0.0,-0.000374,5.4e-05,camera_link,10.533334,gnm_closed_loop,,nominal,post-episode zero hold,True,ok,checkpoints/hospital_front_rgb_finetune/best.pt,4.77,0.4088,-0.2761,0.1022,-0.0071,0.3793,,,gnm_closed_loop,0.0,0.0,False,0,,h21_spawn_precheck,,probe,,,,,,,False,h2_weave_J,7.4109,True,,,0.0,0.0,False,zeroed_hold,False,
h21probe_I_g_20260710_015617,170,10.550001,1783644981.956647,-4.394026,-0.499575,1e-06,3.139088,0.0,0.0,-0.000374,5.4e-05,camera_link,10.550001,gnm_closed_loop,,nominal,post-episode zero hold,True,ok,checkpoints/hospital_front_rgb_finetune/best.pt,4.77,0.4088,-0.2761,0.1022,-0.0071,0.3793,,,gnm_closed_loop,0.0,0.0,False,0,,h21_spawn_precheck,,probe,,,,,,,False,h2_weave_J,7.4109,True,,,0.0,0.0,False,zeroed_hold,False,
h21probe_I_g_20260710_015617,171,10.566667,1783644981.964216,-4.394026,-0.499575,1e-06,3.139088,0.0,0.0,-0.000374,5.4e-05,camera_link,10.566667,gnm_closed_loop,,nominal,post-episode zero hold,True,ok,checkpoints/hospital_front_rgb_finetune/best.pt,4.77,0.4088,-0.2761,0.1022,-0.0071,0.3793,,,gnm_closed_loop,0.0,0.0,False,0,,h21_spawn_precheck,,probe,,,,,,,False,h2_weave_J,7.4109,True,,,0.0,0.0,False,zeroed_hold,False,
h21probe_I_g_20260710_015617,172,10.583334,1783644981.966016,-4.394026,-0.499575,1e-06,3.139088,0.0,0.0,-0.000374,5.4e-05,camera_link,10.583334,gnm_closed_loop,,nominal,post-episode zero hold,True,ok,checkpoints/hospital_front_rgb_finetune/best.pt,4.77,0.4088,-0.2761,0.1022,-0.0071,0.3793,,,gnm_closed_loop,0.0,0.0,False,0,,h21_spawn_precheck,,probe,,,,,,,False,h2_weave_J,7.4109,True,,,0.0,0.0,False,zeroed_hold,False,
h21probe_I_g_20260710_015617,173,10.600001,1783644981.968953,-4.394026,-0.499575,1e-06,3.139088,0.0,0.0,-0.000374,5.4e-05,camera_link,10.600001,gnm_closed_loop,,nominal,post-episode zero hold,True,ok,checkpoints/hospital_front_rgb_finetune/best.pt,4.77,0.4088,-0.2761,0.1022,-0.0071,0.3793,,,gnm_closed_loop,0.0,0.0,False,0,,h21_spawn_precheck,,probe,,,,,,,False,h2_weave_J,7.4109,True,,,0.0,0.0,False,zeroed_hold,False,
h21probe_I_g_20260710_015617,174,10.616667,1783644981.984999,-4.394026,-0.499575,1e-06,3.139088,0.0,0.0,-0.000374,5.4e-05,camera_link,10.616667,gnm_closed_loop,,nominal,post-episode zero hold,True,ok,checkpoints/hospital_front_rgb_finetune/best.pt,4.77,0.4088,-0.2761,0.1022,-0.0071,0.3793,,,gnm_closed_loop,0.0,0.0,False,0,,h21_spawn_precheck,,probe,,,,,,,False,h2_weave_J,7.4109,True,,,0.0,0.0,False,zeroed_hold,False,
h21probe_I_g_20260710_015617,175,10.633334,1783644981.987462,-4.394026,-0.499575,1e-06,3.139088,0.0,0.0,-0.000374,5.4e-05,camera_link,10.633334,gnm_closed_loop,,nominal,post-episode zero hold,True,ok,checkpoints/hospital_front_rgb_finetune/best.pt,4.77,0.4088,-0.2761,0.1022,-0.0071,0.3793,,,gnm_closed_loop,0.0,0.0,False,0,,h21_spawn_precheck,,probe,,,,,,,False,h2_weave_J,7.4109,True,,,0.0,0.0,False,zeroed_hold,False,
h21probe_I_g_20260710_015617,176,10.650001,1783644981.989614,-4.394026,-0.499575,1e-06,3.139088,0.0,0.0,-0.000374,5.4e-05,camera_link,10.650001,gnm_closed_loop,,nominal,post-episode zero hold,True,ok,checkpoints/hospital_front_rgb_finetune/best.pt,4.77,0.4088,-0.2761,0.1022,-0.0071,0.3793,,,gnm_closed_loop,0.0,0.0,False,0,,h21_spawn_precheck,,probe,,,,,,,False,h2_weave_J,7.4109,True,,,0.0,0.0,False,zeroed_hold,False,
h21probe_I_g_20260710_015617,177,10.666667,1783644981.999644,-4.394026,-0.499575,1e-06,3.139088,0.0,0.0,-0.000374,5.4e-05,camera_link,10.666667,gnm_closed_loop,,nominal,post-episode zero hold,True,ok,checkpoints/hospital_front_rgb_finetune/best.pt,4.77,0.4088,-0.2761,0.1022,-0.0071,0.3793,,,gnm_closed_loop,0.0,0.0,False,0,,h21_spawn_precheck,,probe,,,,,,,False,h2_weave_J,7.4109,True,,,0.0,0.0,False,zeroed_hold,False,
h21probe_I_g_20260710_015617,178,10.683334,1783644982.000874,-4.394026,-0.499575,1e-06,3.139088,0.0,0.0,-0.000374,5.4e-05,camera_link,10.683334,gnm_closed_loop,,nominal,post-episode zero hold,True,ok,checkpoints/hospital_front_rgb_finetune/best.pt,4.77,0.4088,-0.2761,0.1022,-0.0071,0.3793,,,gnm_closed_loop,0.0,0.0,False,0,,h21_spawn_precheck,,probe,,,,,,,False,h2_weave_J,7.4109,True,,,0.0,0.0,False,zeroed_hold,False,
h21probe_I_g_20260710_015617,179,10.700001,1783644982.002151,-4.394026,-0.499575,1e-06,3.139088,0.0,0.0,-0.000374,5.4e-05,camera_link,10.700001,gnm_closed_loop,,nominal,post-episode zero hold,True,ok,checkpoints/hospital_front_rgb_finetune/best.pt,4.77,0.4088,-0.2761,0.1022,-0.0071,0.3793,,,gnm_closed_loop,0.0,0.0,False,0,,h21_spawn_precheck,,probe,,,,,,,False,h2_weave_J,7.4109,True,,,0.0,0.0,False,zeroed_hold,False,
h21probe_I_g_20260710_015617,180,10.716667,1783644982.011006,-4.394026,-0.499575,1e-06,3.139088,0.0,0.0,-0.000374,5.4e-05,camera_link,10.716667,gnm_closed_loop,,nominal,post-episode zero hold,True,ok,checkpoints/hospital_front_rgb_finetune/best.pt,4.77,0.4088,-0.2761,0.1022,-0.0071,0.3793,,,gnm_closed_loop,0.0,0.0,False,0,,h21_spawn_precheck,,probe,,,,,,,False,h2_weave_J,7.4109,True,,,0.0,0.0,False,zeroed_hold,False,
h21probe_I_g_20260710_015617,181,10.733334,1783644982.012596,-4.394026,-0.499575,1e-06,3.139088,0.0,0.0,-0.000374,5.4e-05,camera_link,10.733334,gnm_closed_loop,,nominal,post-episode zero hold,True,ok,checkpoints/hospital_front_rgb_finetune/best.pt,4.77,0.4088,-0.2761,0.1022,-0.0071,0.3793,,,gnm_closed_loop,0.0,0.0,False,0,,h21_spawn_precheck,,probe,,,,,,,False,h2_weave_J,7.4109,True,,,0.0,0.0,False,zeroed_hold,False,
h21probe_I_g_20260710_015617,182,10.750001,1783644982.013903,-4.394026,-0.499575,1e-06,3.139088,0.0,0.0,-0.000374,5.4e-05,camera_link,10.750001,gnm_closed_loop,,nominal,post-episode zero hold,True,ok,checkpoints/hospital_front_rgb_finetune/best.pt,4.77,0.4088,-0.2761,0.1022,-0.0071,0.3793,,,gnm_closed_loop,0.0,0.0,False,0,,h21_spawn_precheck,,probe,,,,,,,False,h2_weave_J,7.4109,True,,,0.0,0.0,False,zeroed_hold,False,
h21probe_I_g_20260710_015617,183,10.766667,1783644982.022104,-4.394026,-0.499575,1e-06,3.139088,0.0,0.0,-0.000374,5.4e-05,camera_link,10.766667,gnm_closed_loop,,nominal,post-episode zero hold,True,ok,checkpoints/hospital_front_rgb_finetune/best.pt,4.77,0.4088,-0.2761,0.1022,-0.0071,0.3793,,,gnm_closed_loop,0.0,0.0,False,0,,h21_spawn_precheck,,probe,,,,,,,False,h2_weave_J,7.4109,True,,,0.0,0.0,False,zeroed_hold,False,
h21probe_I_g_20260710_015617,184,10.783334,1783644982.023786,-4.394026,-0.499575,1e-06,3.139088,0.0,0.0,-0.000374,5.4e-05,camera_link,10.783334,gnm_closed_loop,,nominal,post-episode zero hold,True,ok,checkpoints/hospital_front_rgb_finetune/best.pt,4.77,0.4088,-0.2761,0.1022,-0.0071,0.3793,,,gnm_closed_loop,0.0,0.0,False,0,,h21_spawn_precheck,,probe,,,,,,,False,h2_weave_J,7.4109,True,,,0.0,0.0,False,zeroed_hold,False,
h21probe_I_g_20260710_015617,185,10.800001,1783644982.025445,-4.394026,-0.499575,1e-06,3.139088,0.0,0.0,-0.000374,5.4e-05,camera_link,10.800001,gnm_closed_loop,,nominal,post-episode zero hold,True,ok,checkpoints/hospital_front_rgb_finetune/best.pt,4.77,0.4088,-0.2761,0.1022,-0.0071,0.3793,,,gnm_closed_loop,0.0,0.0,False,0,,h21_spawn_precheck,,probe,,,,,,,False,h2_weave_J,7.4109,True,,,0.0,0.0,False,zeroed_hold,False,
h21probe_I_g_20260710_015617,186,10.816667,1783644982.035468,-4.394026,-0.499575,1e-06,3.139088,0.0,0.0,-0.000374,5.4e-05,camera_link,10.816667,gnm_closed_loop,,nominal,post-episode zero hold,True,ok,checkpoints/hospital_front_rgb_finetune/best.pt,4.77,0.4088,-0.2761,0.1022,-0.0071,0.3793,,,gnm_closed_loop,0.0,0.0,False,0,,h21_spawn_precheck,,probe,,,,,,,False,h2_weave_J,7.4109,True,,,0.0,0.0,False,zeroed_hold,False,
h21probe_I_g_20260710_015617,187,10.833334,1783644982.038282,-4.394026,-0.499575,1e-06,3.139088,0.0,0.0,-0.000374,5.4e-05,camera_link,10.833334,gnm_closed_loop,,nominal,post-episode zero hold,True,ok,checkpoints/hospital_front_rgb_finetune/best.pt,4.77,0.4088,-0.2761,0.1022,-0.0071,0.3793,,,gnm_closed_loop,0.0,0.0,False,0,,h21_spawn_precheck,,probe,,,,,,,False,h2_weave_J,7.4109,True,,,0.0,0.0,False,zeroed_hold,False,
h21probe_I_g_20260710_015617,188,10.850001,1783644982.041804,-4.394026,-0.499575,1e-06,3.139088,0.0,0.0,-0.000374,5.4e-05,camera_link,10.850001,gnm_closed_loop,,nominal,post-episode zero hold,True,ok,checkpoints/hospital_front_rgb_finetune/best.pt,4.77,0.4088,-0.2761,0.1022,-0.0071,0.3793,,,gnm_closed_loop,0.0,0.0,False,0,,h21_spawn_precheck,,probe,,,,,,,False,h2_weave_J,7.4109,True,,,0.0,0.0,False,zeroed_hold,False,
h21probe_I_g_20260710_015617,189,10.866667,1783644982.064709,-4.394026,-0.499575,1e-06,3.139088,0.0,0.0,-0.000374,5.4e-05,camera_link,10.866667,gnm_closed_loop,,nominal,post-episode zero hold,True,ok,checkpoints/hospital_front_rgb_finetune/best.pt,4.77,0.4088,-0.2761,0.1022,-0.0071,0.3793,,,gnm_closed_loop,0.0,0.0,False,0,,h21_spawn_precheck,,probe,,,,,,,False,h2_weave_J,7.4109,True,,,0.0,0.0,False,zeroed_hold,False,
h21probe_I_g_20260710_015617,190,10.883334,1783644982.068596,-4.394026,-0.499575,1e-06,3.139088,0.0,0.0,-0.000374,5.4e-05,camera_link,10.883334,gnm_closed_loop,,nominal,post-episode zero hold,True,ok,checkpoints/hospital_front_rgb_finetune/best.pt,4.77,0.4088,-0.2761,0.1022,-0.0071,0.3793,,,gnm_closed_loop,0.0,0.0,False,0,,h21_spawn_precheck,,probe,,,,,,,False,h2_weave_J,7.4109,True,,,0.0,0.0,False,zeroed_hold,False,
h21probe_I_g_20260710_015617,191,10.900001,1783644982.072617,-4.394026,-0.499575,1e-06,3.139088,0.0,0.0,-0.000374,5.4e-05,camera_link,10.900001,gnm_closed_loop,,nominal,post-episode zero hold,True,ok,checkpoints/hospital_front_rgb_finetune/best.pt,4.77,0.4088,-0.2761,0.1022,-0.0071,0.3793,,,gnm_closed_loop,0.0,0.0,False,0,,h21_spawn_precheck,,probe,,,,,,,False,h2_weave_J,7.4109,True,,,0.0,0.0,False,zeroed_hold,False,
h21probe_I_g_20260710_015617,192,10.916667,1783644982.09242,-4.394026,-0.499575,1e-06,3.139088,0.0,0.0,-0.000374,5.4e-05,camera_link,10.916667,gnm_closed_loop,,nominal,post-episode zero hold,True,ok,checkpoints/hospital_front_rgb_finetune/best.pt,4.77,0.4088,-0.2761,0.1022,-0.0071,0.3793,,,gnm_closed_loop,0.0,0.0,False,0,,h21_spawn_precheck,,probe,,,,,,,False,h2_weave_J,7.4109,True,,,0.0,0.0,False,zeroed_hold,False,
h21probe_I_g_20260710_015617,193,10.933334,1783644982.094402,-4.394026,-0.499575,1e-06,3.139088,0.0,0.0,-0.000374,5.4e-05,camera_link,10.933334,gnm_closed_loop,,nominal,post-episode zero hold,True,ok,checkpoints/hospital_front_rgb_finetune/best.pt,4.77,0.4088,-0.2761,0.1022,-0.0071,0.3793,,,gnm_closed_loop,0.0,0.0,False,0,,h21_spawn_precheck,,probe,,,,,,,False,h2_weave_J,7.4109,True,,,0.0,0.0,False,zeroed_hold,False,
h21probe_I_g_20260710_015617,194,10.950001,1783644982.096058,-4.394026,-0.499575,1e-06,3.139088,0.0,0.0,-0.000374,5.4e-05,camera_link,10.950001,gnm_closed_loop,,nominal,post-episode zero hold,True,ok,checkpoints/hospital_front_rgb_finetune/best.pt,4.77,0.4088,-0.2761,0.1022,-0.0071,0.3793,,,gnm_closed_loop,0.0,0.0,False,0,,h21_spawn_precheck,,probe,,,,,,,False,h2_weave_J,7.4109,True,,,0.0,0.0,False,zeroed_hold,False,
h21probe_I_g_20260710_015617,195,10.966667,1783644982.102982,-4.394026,-0.499575,1e-06,3.139088,0.0,0.0,-0.000374,5.4e-05,camera_link,10.966667,gnm_closed_loop,,nominal,post-episode zero hold,True,ok,checkpoints/hospital_front_rgb_finetune/best.pt,4.77,0.4088,-0.2761,0.1022,-0.0071,0.3793,,,gnm_closed_loop,0.0,0.0,False,0,,h21_spawn_precheck,,probe,,,,,,,False,h2_weave_J,7.4109,True,,,0.0,0.0,False,zeroed_hold,False,
h21probe_I_g_20260710_015617,196,10.983334,1783644982.103919,-4.394026,-0.499575,1e-06,3.139088,0.0,0.0,-0.000374,5.4e-05,camera_link,10.983334,gnm_closed_loop,,nominal,post-episode zero hold,True,ok,checkpoints/hospital_front_rgb_finetune/best.pt,4.77,0.4088,-0.2761,0.1022,-0.0071,0.3793,,,gnm_closed_loop,0.0,0.0,False,0,,h21_spawn_precheck,,probe,,,,,,,False,h2_weave_J,7.4109,True,,,0.0,0.0,False,zeroed_hold,False,
h21probe_I_g_20260710_015617,197,11.000001,1783644982.104851,-4.394026,-0.499575,1e-06,3.139088,0.0,0.0,-0.000374,5.4e-05,camera_link,11.000001,gnm_closed_loop,,nominal,post-episode zero hold,True,ok,checkpoints/hospital_front_rgb_finetune/best.pt,4.77,0.4088,-0.2761,0.1022,-0.0071,0.3793,,,gnm_closed_loop,0.0,0.0,False,0,,h21_spawn_precheck,,probe,,,,,,,False,h2_weave_J,7.4109,True,,,0.0,0.0,False,zeroed_hold,False,
h21probe_I_g_20260710_015617,198,11.016667,1783644982.110986,-4.394026,-0.499575,1e-06,3.139088,0.0,0.0,-0.000374,5.4e-05,camera_link,11.016667,gnm_closed_loop,,nominal,post-episode zero hold,True,ok,checkpoints/hospital_front_rgb_finetune/best.pt,4.77,0.4088,-0.2761,0.1022,-0.0071,0.3793,,,gnm_closed_loop,0.0,0.0,False,0,,h21_spawn_precheck,,probe,,,,,,,False,h2_weave_J,7.4109,True,,,0.0,0.0,False,zeroed_hold,False,
h21probe_I_g_20260710_015617,199,11.033334,1783644982.112088,-4.394026,-0.499575,1e-06,3.139088,0.0,0.0,-0.000374,5.4e-05,camera_link,11.033334,gnm_closed_loop,,nominal,post-episode zero hold,True,ok,checkpoints/hospital_front_rgb_finetune/best.pt,4.77,0.4088,-0.2761,0.1022,-0.0071,0.3793,,,gnm_closed_loop,0.0,0.0,False,0,,h21_spawn_precheck,,probe,,,,,,,False,h2_weave_J,7.4109,True,,,0.0,0.0,False,zeroed_hold,False,
h21probe_I_g_20260710_015617,200,11.050001,1783644982.112985,-4.394026,-0.499575,1e-06,3.139088,0.0,0.0,-0.000374,5.4e-05,camera_link,11.050001,gnm_closed_loop,,nominal,post-episode zero hold,True,ok,checkpoints/hospital_front_rgb_finetune/best.pt,4.77,0.4088,-0.2761,0.1022,-0.0071,0.3793,,,gnm_closed_loop,0.0,0.0,False,0,,h21_spawn_precheck,,probe,,,,,,,False,h2_weave_J,7.4109,True,,,0.0,0.0,False,zeroed_hold,False,
h21probe_I_g_20260710_015617,201,11.066667,1783644982.120319,-4.394026,-0.499575,1e-06,3.139088,0.0,0.0,-0.000374,5.4e-05,camera_link,11.066667,gnm_closed_loop,,nominal,post-episode zero hold,True,ok,checkpoints/hospital_front_rgb_finetune/best.pt,4.77,0.4088,-0.2761,0.1022,-0.0071,0.3793,,,gnm_closed_loop,0.0,0.0,False,0,,h21_spawn_precheck,,probe,,,,,,,False,h2_weave_J,7.4109,True,,,0.0,0.0,False,zeroed_hold,False,
h21probe_I_g_20260710_015617,202,11.083334,1783644982.121405,-4.394026,-0.499575,1e-06,3.139088,0.0,0.0,-0.000374,5.4e-05,camera_link,11.083334,gnm_closed_loop,,nominal,post-episode zero hold,True,ok,checkpoints/hospital_front_rgb_finetune/best.pt,4.77,0.4088,-0.2761,0.1022,-0.0071,0.3793,,,gnm_closed_loop,0.0,0.0,False,0,,h21_spawn_precheck,,probe,,,,,,,False,h2_weave_J,7.4109,True,,,0.0,0.0,False,zeroed_hold,False,
h21probe_I_g_20260710_015617,203,11.100001,1783644982.122352,-4.394026,-0.499575,1e-06,3.139088,0.0,0.0,-0.000374,5.4e-05,camera_link,11.100001,gnm_closed_loop,,nominal,post-episode zero hold,True,ok,checkpoints/hospital_front_rgb_finetune/best.pt,4.77,0.4088,-0.2761,0.1022,-0.0071,0.3793,,,gnm_closed_loop,0.0,0.0,False,0,,h21_spawn_precheck,,probe,,,,,,,False,h2_weave_J,7.4109,True,,,0.0,0.0,False,zeroed_hold,False,
h21probe_I_g_20260710_015617,204,11.116667,1783644982.128144,-4.394026,-0.499575,1e-06,3.139088,0.0,0.0,-0.000374,5.4e-05,camera_link,11.116667,gnm_closed_loop,,nominal,post-episode zero hold,True,ok,checkpoints/hospital_front_rgb_finetune/best.pt,4.77,0.4088,-0.2761,0.1022,-0.0071,0.3793,,,gnm_closed_loop,0.0,0.0,False,0,,h21_spawn_precheck,,probe,,,,,,,False,h2_weave_J,7.4109,True,,,0.0,0.0,False,zeroed_hold,False,
h21probe_I_g_20260710_015617,205,11.133334,1783644982.129546,-4.394026,-0.499575,1e-06,3.139088,0.0,0.0,-0.000374,5.4e-05,camera_link,11.133334,gnm_closed_loop,,nominal,post-episode zero hold,True,ok,checkpoints/hospital_front_rgb_finetune/best.pt,4.77,0.4088,-0.2761,0.1022,-0.0071,0.3793,,,gnm_closed_loop,0.0,0.0,False,0,,h21_spawn_precheck,,probe,,,,,,,False,h2_weave_J,7.4109,True,,,0.0,0.0,False,zeroed_hold,False,
h21probe_I_g_20260710_015617,206,11.150001,1783644982.13062,-4.394026,-0.499575,1e-06,3.139088,0.0,0.0,-0.000374,5.4e-05,camera_link,11.150001,gnm_closed_loop,,nominal,post-episode zero hold,True,ok,checkpoints/hospital_front_rgb_finetune/best.pt,4.77,0.4088,-0.2761,0.1022,-0.0071,0.3793,,,gnm_closed_loop,0.0,0.0,False,0,,h21_spawn_precheck,,probe,,,,,,,False,h2_weave_J,7.4109,True,,,0.0,0.0,False,zeroed_hold,False,
h21probe_I_g_20260710_015617,207,11.166667,1783644982.138052,-4.394026,-0.499575,1e-06,3.139088,0.0,0.0,-0.000374,5.4e-05,camera_link,11.166667,gnm_closed_loop,,nominal,post-episode zero hold,True,ok,checkpoints/hospital_front_rgb_finetune/best.pt,4.77,0.4088,-0.2761,0.1022,-0.0071,0.3793,,,gnm_closed_loop,0.0,0.0,False,0,,h21_spawn_precheck,,probe,,,,,,,False,h2_weave_J,7.4109,True,,,0.0,0.0,False,zeroed_hold,False,
h21probe_I_g_20260710_015617,208,11.183334,1783644982.139023,-4.394026,-0.499575,1e-06,3.139088,0.0,0.0,-0.000374,5.4e-05,camera_link,11.183334,gnm_closed_loop,,nominal,post-episode zero hold,True,ok,checkpoints/hospital_front_rgb_finetune/best.pt,4.77,0.4088,-0.2761,0.1022,-0.0071,0.3793,,,gnm_closed_loop,0.0,0.0,False,0,,h21_spawn_precheck,,probe,,,,,,,False,h2_weave_J,7.4109,True,,,0.0,0.0,False,zeroed_hold,False,
h21probe_I_g_20260710_015617,209,11.200001,1783644982.140282,-4.394026,-0.499575,1e-06,3.139088,0.0,0.0,-0.000374,5.4e-05,camera_link,11.200001,gnm_closed_loop,,nominal,post-episode zero hold,True,ok,checkpoints/hospital_front_rgb_finetune/best.pt,4.77,0.4088,-0.2761,0.1022,-0.0071,0.3793,,,gnm_closed_loop,0.0,0.0,False,0,,h21_spawn_precheck,,probe,,,,,,,False,h2_weave_J,7.4109,True,,,0.0,0.0,False,zeroed_hold,False,
h21probe_I_g_20260710_015617,210,11.216667,1783644982.146078,-4.394026,-0.499575,1e-06,3.139088,0.0,0.0,-0.000374,5.4e-05,camera_link,11.216667,gnm_closed_loop,,nominal,post-episode zero hold,True,ok,checkpoints/hospital_front_rgb_finetune/best.pt,4.77,0.4088,-0.2761,0.1022,-0.0071,0.3793,,,gnm_closed_loop,0.0,0.0,False,0,,h21_spawn_precheck,,probe,,,,,,,False,h2_weave_J,7.4109,True,,,0.0,0.0,False,zeroed_hold,False,
h21probe_I_g_20260710_015617,211,11.233334,1783644982.147491,-4.394026,-0.499575,1e-06,3.139088,0.0,0.0,-0.000374,5.4e-05,camera_link,11.233334,gnm_closed_loop,,nominal,post-episode zero hold,True,ok,checkpoints/hospital_front_rgb_finetune/best.pt,4.77,0.4088,-0.2761,0.1022,-0.0071,0.3793,,,gnm_closed_loop,0.0,0.0,False,0,,h21_spawn_precheck,,probe,,,,,,,False,h2_weave_J,7.4109,True,,,0.0,0.0,False,zeroed_hold,False,
h21probe_I_g_20260710_015617,212,11.250001,1783644982.148873,-4.394026,-0.499575,1e-06,3.139088,0.0,0.0,-0.000374,5.4e-05,camera_link,11.250001,gnm_closed_loop,,nominal,post-episode zero hold,True,ok,checkpoints/hospital_front_rgb_finetune/best.pt,4.77,0.4088,-0.2761,0.1022,-0.0071,0.3793,,,gnm_closed_loop,0.0,0.0,False,0,,h21_spawn_precheck,,probe,,,,,,,False,h2_weave_J,7.4109,True,,,0.0,0.0,False,zeroed_hold,False,
h21probe_I_g_20260710_015617,213,11.266667,1783644982.157353,-4.394026,-0.499575,1e-06,3.139088,0.0,0.0,-0.000374,5.4e-05,camera_link,11.266667,gnm_closed_loop,,nominal,post-episode zero hold,True,ok,checkpoints/hospital_front_rgb_finetune/best.pt,4.77,0.4088,-0.2761,0.1022,-0.0071,0.3793,,,gnm_closed_loop,0.0,0.0,False,0,,h21_spawn_precheck,,probe,,,,,,,False,h2_weave_J,7.4109,True,,,0.0,0.0,False,zeroed_hold,False,
h21probe_I_g_20260710_015617,214,11.283334,1783644982.158486,-4.394026,-0.499575,1e-06,3.139088,0.0,0.0,-0.000374,5.4e-05,camera_link,11.283334,gnm_closed_loop,,nominal,post-episode zero hold,True,ok,checkpoints/hospital_front_rgb_finetune/best.pt,4.77,0.4088,-0.2761,0.1022,-0.0071,0.3793,,,gnm_closed_loop,0.0,0.0,False,0,,h21_spawn_precheck,,probe,,,,,,,False,h2_weave_J,7.4109,True,,,0.0,0.0,False,zeroed_hold,False,
h21probe_I_g_20260710_015617,215,11.300001,1783644982.159767,-4.394026,-0.499575,1e-06,3.139088,0.0,0.0,-0.000374,5.4e-05,camera_link,11.300001,gnm_closed_loop,,nominal,post-episode zero hold,True,ok,checkpoints/hospital_front_rgb_finetune/best.pt,4.77,0.4088,-0.2761,0.1022,-0.0071,0.3793,,,gnm_closed_loop,0.0,0.0,False,0,,h21_spawn_precheck,,probe,,,,,,,False,h2_weave_J,7.4109,True,,,0.0,0.0,False,zeroed_hold,False,
h21probe_I_g_20260710_015617,216,11.316667,1783644982.168227,-4.394026,-0.499575,1e-06,3.139088,0.0,0.0,-0.000374,5.4e-05,camera_link,11.316667,gnm_closed_loop,,nominal,post-episode zero hold,True,ok,checkpoints/hospital_front_rgb_finetune/best.pt,4.77,0.4088,-0.2761,0.1022,-0.0071,0.3793,,,gnm_closed_loop,0.0,0.0,False,0,,h21_spawn_precheck,,probe,,,,,,,False,h2_weave_J,7.4109,True,,,0.0,0.0,False,zeroed_hold,False,
h21probe_I_g_20260710_015617,217,11.333334,1783644982.169781,-4.394026,-0.499575,1e-06,3.139088,0.0,0.0,-0.000374,5.4e-05,camera_link,11.333334,gnm_closed_loop,,nominal,post-episode zero hold,True,ok,checkpoints/hospital_front_rgb_finetune/best.pt,4.77,0.4088,-0.2761,0.1022,-0.0071,0.3793,,,gnm_closed_loop,0.0,0.0,False,0,,h21_spawn_precheck,,probe,,,,,,,False,h2_weave_J,7.4109,True,,,0.0,0.0,False,zeroed_hold,False,
h21probe_I_g_20260710_015617,218,11.350001,1783644982.171413,-4.394026,-0.499575,1e-06,3.139088,0.0,0.0,-0.000374,5.4e-05,camera_link,11.350001,gnm_closed_loop,,nominal,post-episode zero hold,True,ok,checkpoints/hospital_front_rgb_finetune/best.pt,4.77,0.4088,-0.2761,0.1022,-0.0071,0.3793,,,gnm_closed_loop,0.0,0.0,False,0,,h21_spawn_precheck,,probe,,,,,,,False,h2_weave_J,7.4109,True,,,0.0,0.0,False,zeroed_hold,False,
h21probe_I_g_20260710_015617,219,11.366667,1783644982.181922,-4.394026,-0.499575,1e-06,3.139088,0.0,0.0,-0.000374,5.4e-05,camera_link,11.366667,gnm_closed_loop,,nominal,post-episode zero hold,True,ok,checkpoints/hospital_front_rgb_finetune/best.pt,4.77,0.4088,-0.2761,0.1022,-0.0071,0.3793,,,gnm_closed_loop,0.0,0.0,False,0,,h21_spawn_precheck,,probe,,,,,,,False,h2_weave_J,7.4109,True,,,0.0,0.0,False,zeroed_hold,False,
h21probe_I_g_20260710_015617,220,11.383334,1783644982.18359,-4.394026,-0.499575,1e-06,3.139088,0.0,0.0,-0.000374,5.4e-05,camera_link,11.383334,gnm_closed_loop,,nominal,post-episode zero hold,True,ok,checkpoints/hospital_front_rgb_finetune/best.pt,4.77,0.4088,-0.2761,0.1022,-0.0071,0.3793,,,gnm_closed_loop,0.0,0.0,False,0,,h21_spawn_precheck,,probe,,,,,,,False,h2_weave_J,7.4109,True,,,0.0,0.0,False,zeroed_hold,False,
h21probe_I_g_20260710_015617,221,11.400001,1783644982.184944,-4.394026,-0.499575,1e-06,3.139088,0.0,0.0,-0.000374,5.4e-05,camera_link,11.400001,gnm_closed_loop,,nominal,post-episode zero hold,True,ok,checkpoints/hospital_front_rgb_finetune/best.pt,4.77,0.4088,-0.2761,0.1022,-0.0071,0.3793,,,gnm_closed_loop,0.0,0.0,False,0,,h21_spawn_precheck,,probe,,,,,,,False,h2_weave_J,7.4109,True,,,0.0,0.0,False,zeroed_hold,False,
h21probe_I_g_20260710_015617,222,11.416667,1783644982.192215,-4.394026,-0.499575,1e-06,3.139088,0.0,0.0,-0.000374,5.4e-05,camera_link,11.416667,gnm_closed_loop,,nominal,post-episode zero hold,True,ok,checkpoints/hospital_front_rgb_finetune/best.pt,4.77,0.4088,-0.2761,0.1022,-0.0071,0.3793,,,gnm_closed_loop,0.0,0.0,False,0,,h21_spawn_precheck,,probe,,,,,,,False,h2_weave_J,7.4109,True,,,0.0,0.0,False,zeroed_hold,False,
h21probe_I_g_20260710_015617,223,11.433334,1783644982.193194,-4.394026,-0.499575,1e-06,3.139088,0.0,0.0,-0.000374,5.4e-05,camera_link,11.433334,gnm_closed_loop,,nominal,post-episode zero hold,True,ok,checkpoints/hospital_front_rgb_finetune/best.pt,4.77,0.4088,-0.2761,0.1022,-0.0071,0.3793,,,gnm_closed_loop,0.0,0.0,False,0,,h21_spawn_precheck,,probe,,,,,,,False,h2_weave_J,7.4109,True,,,0.0,0.0,False,zeroed_hold,False,
h21probe_I_g_20260710_015617,224,11.450001,1783644982.194463,-4.394026,-0.499575,1e-06,3.139088,0.0,0.0,-0.000374,5.4e-05,camera_link,11.450001,gnm_closed_loop,,nominal,post-episode zero hold,True,ok,checkpoints/hospital_front_rgb_finetune/best.pt,4.77,0.4088,-0.2761,0.1022,-0.0071,0.3793,,,gnm_closed_loop,0.0,0.0,False,0,,h21_spawn_precheck,,probe,,,,,,,False,h2_weave_J,7.4109,True,,,0.0,0.0,False,zeroed_hold,False,
h21probe_I_g_20260710_015617,225,11.466667,1783644982.201973,-4.394026,-0.499575,1e-06,3.139088,0.0,0.0,-0.000374,5.4e-05,camera_link,11.466667,gnm_closed_loop,,nominal,post-episode zero hold,True,ok,checkpoints/hospital_front_rgb_finetune/best.pt,4.77,0.4088,-0.2761,0.1022,-0.0071,0.3793,,,gnm_closed_loop,0.0,0.0,False,0,,h21_spawn_precheck,,probe,,,,,,,False,h2_weave_J,7.4109,True,,,0.0,0.0,False,zeroed_hold,False,
h21probe_I_g_20260710_015617,226,11.483334,1783644982.203568,-4.394026,-0.499575,1e-06,3.139088,0.0,0.0,-0.000374,5.4e-05,camera_link,11.483334,gnm_closed_loop,,nominal,post-episode zero hold,True,ok,checkpoints/hospital_front_rgb_finetune/best.pt,4.77,0.4088,-0.2761,0.1022,-0.0071,0.3793,,,gnm_closed_loop,0.0,0.0,False,0,,h21_spawn_precheck,,probe,,,,,,,False,h2_weave_J,7.4109,True,,,0.0,0.0,False,zeroed_hold,False,
h21probe_I_g_20260710_015617,227,11.500001,1783644982.205249,-4.394026,-0.499575,1e-06,3.139088,0.0,0.0,-0.000374,5.4e-05,camera_link,11.500001,gnm_closed_loop,,nominal,post-episode zero hold,True,ok,checkpoints/hospital_front_rgb_finetune/best.pt,4.77,0.4088,-0.2761,0.1022,-0.0071,0.3793,,,gnm_closed_loop,0.0,0.0,False,0,,h21_spawn_precheck,,probe,,,,,,,False,h2_weave_J,7.4109,True,,,0.0,0.0,False,zeroed_hold,False,
h21probe_I_g_20260710_015617,228,11.516667,1783644982.213016,-4.394026,-0.499575,1e-06,3.139088,0.0,0.0,-0.000374,5.4e-05,camera_link,11.516667,gnm_closed_loop,,nominal,post-episode zero hold,True,ok,checkpoints/hospital_front_rgb_finetune/best.pt,4.77,0.4088,-0.2761,0.1022,-0.0071,0.3793,,,gnm_closed_loop,0.0,0.0,False,0,,h21_spawn_precheck,,probe,,,,,,,False,h2_weave_J,7.4109,True,,,0.0,0.0,False,zeroed_hold,False,
h21probe_I_g_20260710_015617,229,11.533334,1783644982.215355,-4.394026,-0.499575,1e-06,3.139088,0.0,0.0,-0.000374,5.4e-05,camera_link,11.533334,gnm_closed_loop,,nominal,post-episode zero hold,True,ok,checkpoints/hospital_front_rgb_finetune/best.pt,4.77,0.4088,-0.2761,0.1022,-0.0071,0.3793,,,gnm_closed_loop,0.0,0.0,False,0,,h21_spawn_precheck,,probe,,,,,,,False,h2_weave_J,7.4109,True,,,0.0,0.0,False,zeroed_hold,False,
h21probe_I_g_20260710_015617,230,11.550001,1783644982.217977,-4.394026,-0.499575,1e-06,3.139088,0.0,0.0,-0.000374,5.4e-05,camera_link,11.550001,gnm_closed_loop,,nominal,post-episode zero hold,True,ok,checkpoints/hospital_front_rgb_finetune/best.pt,4.77,0.4088,-0.2761,0.1022,-0.0071,0.3793,,,gnm_closed_loop,0.0,0.0,False,0,,h21_spawn_precheck,,probe,,,,,,,False,h2_weave_J,7.4109,True,,,0.0,0.0,False,zeroed_hold,False,
h21probe_I_g_20260710_015617,231,11.566667,1783644982.233443,-4.394026,-0.499575,1e-06,3.139088,0.0,0.0,-0.000374,5.4e-05,camera_link,11.566667,gnm_closed_loop,,nominal,post-episode zero hold,True,ok,checkpoints/hospital_front_rgb_finetune/best.pt,4.77,0.4088,-0.2761,0.1022,-0.0071,0.3793,,,gnm_closed_loop,0.0,0.0,False,0,,h21_spawn_precheck,,probe,,,,,,,False,h2_weave_J,7.4109,True,,,0.0,0.0,False,zeroed_hold,False,
h21probe_I_g_20260710_015617,232,11.583334,1783644982.236615,-4.394026,-0.499575,1e-06,3.139088,0.0,0.0,-0.000374,5.4e-05,camera_link,11.583334,gnm_closed_loop,,nominal,post-episode zero hold,True,ok,checkpoints/hospital_front_rgb_finetune/best.pt,4.77,0.4088,-0.2761,0.1022,-0.0071,0.3793,,,gnm_closed_loop,0.0,0.0,False,0,,h21_spawn_precheck,,probe,,,,,,,False,h2_weave_J,7.4109,True,,,0.0,0.0,False,zeroed_hold,False,
h21probe_I_g_20260710_015617,233,11.600001,1783644982.241147,-4.394026,-0.499575,1e-06,3.139088,0.0,0.0,-0.000374,5.4e-05,camera_link,11.600001,gnm_closed_loop,,nominal,post-episode zero hold,True,ok,checkpoints/hospital_front_rgb_finetune/best.pt,4.77,0.4088,-0.2761,0.1022,-0.0071,0.3793,,,gnm_closed_loop,0.0,0.0,False,0,,h21_spawn_precheck,,probe,,,,,,,False,h2_weave_J,7.4109,True,,,0.0,0.0,False,zeroed_hold,False,
h21probe_I_g_20260710_015617,234,11.616667,1783644982.260678,-4.394026,-0.499575,1e-06,3.139088,0.0,0.0,-0.000374,5.4e-05,camera_link,11.616667,gnm_closed_loop,,nominal,post-episode zero hold,True,ok,checkpoints/hospital_front_rgb_finetune/best.pt,4.77,0.4088,-0.2761,0.1022,-0.0071,0.3793,,,gnm_closed_loop,0.0,0.0,False,0,,h21_spawn_precheck,,probe,,,,,,,False,h2_weave_J,7.4109,True,,,0.0,0.0,False,zeroed_hold,False,
h21probe_I_g_20260710_015617,235,11.633334,1783644982.26253,-4.394026,-0.499575,1e-06,3.139088,0.0,0.0,-0.000374,5.4e-05,camera_link,11.633334,gnm_closed_loop,,nominal,post-episode zero hold,True,ok,checkpoints/hospital_front_rgb_finetune/best.pt,4.77,0.4088,-0.2761,0.1022,-0.0071,0.3793,,,gnm_closed_loop,0.0,0.0,False,0,,h21_spawn_precheck,,probe,,,,,,,False,h2_weave_J,7.4109,True,,,0.0,0.0,False,zeroed_hold,False,
h21probe_I_g_20260710_015617,236,11.650001,1783644982.264119,-4.394026,-0.499575,1e-06,3.139088,0.0,0.0,-0.000374,5.4e-05,camera_link,11.650001,gnm_closed_loop,,nominal,post-episode zero hold,True,ok,checkpoints/hospital_front_rgb_finetune/best.pt,4.77,0.4088,-0.2761,0.1022,-0.0071,0.3793,,,gnm_closed_loop,0.0,0.0,False,0,,h21_spawn_precheck,,probe,,,,,,,False,h2_weave_J,7.4109,True,,,0.0,0.0,False,zeroed_hold,False,
h21probe_I_g_20260710_015617,237,11.666667,1783644982.272635,-4.394026,-0.499575,1e-06,3.139088,0.0,0.0,-0.000374,5.4e-05,camera_link,11.666667,gnm_closed_loop,,nominal,post-episode zero hold,True,ok,checkpoints/hospital_front_rgb_finetune/best.pt,4.77,0.4088,-0.2761,0.1022,-0.0071,0.3793,,,gnm_closed_loop,0.0,0.0,False,0,,h21_spawn_precheck,,probe,,,,,,,False,h2_weave_J,7.4109,True,,,0.0,0.0,False,zeroed_hold,False,
h21probe_I_g_20260710_015617,238,11.683334,1783644982.274818,-4.394026,-0.499575,1e-06,3.139088,0.0,0.0,-0.000374,5.4e-05,camera_link,11.683334,gnm_closed_loop,,nominal,post-episode zero hold,True,ok,checkpoints/hospital_front_rgb_finetune/best.pt,4.77,0.4088,-0.2761,0.1022,-0.0071,0.3793,,,gnm_closed_loop,0.0,0.0,False,0,,h21_spawn_precheck,,probe,,,,,,,False,h2_weave_J,7.4109,True,,,0.0,0.0,False,zeroed_hold,False,
h21probe_I_g_20260710_015617,239,11.700001,1783644982.277556,-4.394026,-0.499575,1e-06,3.139088,0.0,0.0,-0.000374,5.4e-05,camera_link,11.700001,gnm_closed_loop,,nominal,post-episode zero hold,True,ok,checkpoints/hospital_front_rgb_finetune/best.pt,4.77,0.4088,-0.2761,0.1022,-0.0071,0.3793,,,gnm_closed_loop,0.0,0.0,False,0,,h21_spawn_precheck,,probe,,,,,,,False,h2_weave_J,7.4109,True,,,0.0,0.0,False,zeroed_hold,False,
