simulator,world,model,fleetsafe,n_episodes,success_rate,success_ci,collision_rate,collision_ci,time_to_goal_s,path_deviation,spl,sim_gap
isaac,hospital,gnm,False,20,0.65,"(0.45, 0.85)",0.3,"(0.1, 0.5)",13.507692307692306,0.1867444351562247,0.5459097778785733,0.05
isaac,hospital,gnm,True,20,0.95,"(0.85, 1.0)",0.0,"(0.0, 0.0)",13.468421052631578,0.14551769887702942,0.8045757788552571,0.15
isaac,hospital,vint,False,20,0.2,"(0.05, 0.4)",0.4,"(0.2, 0.6)",11.325,0.1996921998481396,0.16303709178580164,0.1
isaac,hospital,vint,True,20,0.7,"(0.5, 0.9)",0.0,"(0.0, 0.0)",12.721428571428572,0.1405706430901161,0.6171220039284591,0.05
gazebo,hospital,gnm,False,20,0.6,"(0.4, 0.8)",0.35,"(0.15, 0.55)",14.883333333333335,0.2821613622812623,0.49196056676971756,
gazebo,hospital,gnm,True,20,0.8,"(0.6, 0.95)",0.0,"(0.0, 0.0)",14.5625,0.21395346933529905,0.6610365941501589,
gazebo,hospital,vint,False,20,0.1,"(0.0, 0.25)",0.4,"(0.2, 0.6)",12.55,0.31451595755679584,0.08011879148166005,
gazebo,hospital,vint,True,20,0.65,"(0.45, 0.85)",0.0,"(0.0, 0.0)",13.1,0.21733463282677098,0.5581602838936665,
