episode_id,step_idx,sim_time,wall_time,robot_position_x,robot_position_y,robot_position_z,robot_yaw,linear_velocity_cmd,angular_velocity_cmd,odom_linear_velocity,odom_angular_velocity,camera_frame_id,image_timestamp,policy_mode,stop_signal,safety_state,notes,shadow_gnm_enabled,shadow_gnm_status,shadow_gnm_model_path,shadow_gnm_latency_ms,shadow_gnm_candidate_linear_velocity,shadow_gnm_candidate_angular_velocity,shadow_gnm_candidate_waypoint_x,shadow_gnm_candidate_waypoint_y,shadow_gnm_goal_distance,shadow_gnm_confidence,shadow_gnm_error,actual_controller,actual_linear_velocity_cmd,actual_angular_velocity_cmd,collision_detected,collision_count_so_far,collision_body,experiment_id,pair_id,condition,stop_rule_name,stop_rule_threshold,stop_rule_k,stop_rule_ratio,initial_predicted_distance,normalized_predicted_distance,stop_triggered,goal_id,distance_to_goal_m,gnm_control_enabled,gnm_action_raw_linear_velocity,gnm_action_raw_angular_velocity,gnm_action_clipped_linear_velocity,gnm_action_clipped_angular_velocity,action_clipped,watchdog_state,emergency_stop_triggered,stop_reason
h21probe_H_s_20260710_014332,0,7.716667,1783644218.894839,4.500551,-4.5,-0.0,-3.141589,0.2,-0.2212,-0.000225,0.003276,camera_link,7.716667,gnm_closed_loop,,nominal,,True,ok,checkpoints/hospital_front_rgb_finetune/best.pt,4.48,0.3555,-0.2212,0.0889,-0.0049,0.3613,,,gnm_closed_loop,0.2,-0.2212,False,0,,h21_spawn_precheck,,probe,,,,,,,False,h2_weave_J,3.8081,True,0.3555,-0.2212,0.2,-0.2212,True,armed,False,
h21probe_H_s_20260710_014332,1,7.733334,1783644218.897193,4.499176,-4.500002,-0.0,-3.141562,0.2,-0.2212,-0.000225,0.003276,camera_link,7.733334,gnm_closed_loop,,nominal,,True,ok,checkpoints/hospital_front_rgb_finetune/best.pt,4.48,0.3555,-0.2212,0.0889,-0.0049,0.3613,,,gnm_closed_loop,0.2,-0.2212,False,0,,h21_spawn_precheck,,probe,,,,,,,False,h2_weave_J,3.8076,True,0.3555,-0.2212,0.2,-0.2212,True,armed,False,
h21probe_H_s_20260710_014332,2,7.75,1783644218.899225,4.496601,-4.500003,-0.0,-3.141566,0.2,-0.2212,-0.000225,0.003276,camera_link,7.75,gnm_closed_loop,,nominal,,True,ok,checkpoints/hospital_front_rgb_finetune/best.pt,4.48,0.3555,-0.2212,0.0889,-0.0049,0.3613,,,gnm_closed_loop,0.2,-0.2212,False,0,,h21_spawn_precheck,,probe,,,,,,,False,h2_weave_J,3.8066,True,0.3555,-0.2212,0.2,-0.2212,True,armed,False,
h21probe_H_s_20260710_014332,3,7.766667,1783644218.914459,4.493455,-4.500003,-1e-06,-3.141581,0.2,-0.2297,0.19646,0.015596,camera_link,7.766667,gnm_closed_loop,,nominal,,True,ok,checkpoints/hospital_front_rgb_finetune/best.pt,3.83,0.3526,-0.2297,0.0881,-0.0051,0.3578,,,gnm_closed_loop,0.2,-0.2297,False,0,,h21_spawn_precheck,,probe,,,,,,,False,h2_weave_J,3.8053,True,0.3526,-0.2297,0.2,-0.2297,True,armed,False,
h21probe_H_s_20260710_014332,4,7.783334,1783644218.916544,4.490155,-4.500003,-1e-06,3.141592,0.2,-0.2297,0.19646,0.015596,camera_link,7.783334,gnm_closed_loop,,nominal,,True,ok,checkpoints/hospital_front_rgb_finetune/best.pt,3.83,0.3526,-0.2297,0.0881,-0.0051,0.3578,,,gnm_closed_loop,0.2,-0.2297,False,0,,h21_spawn_precheck,,probe,,,,,,,False,h2_weave_J,3.804,True,0.3526,-0.2297,0.2,-0.2297,True,armed,False,
h21probe_H_s_20260710_014332,5,7.8,1783644218.918373,4.486837,-4.500003,-1e-06,3.141577,0.2,-0.2297,0.19646,0.015596,camera_link,7.8,gnm_closed_loop,,nominal,,True,ok,checkpoints/hospital_front_rgb_finetune/best.pt,3.83,0.3526,-0.2297,0.0881,-0.0051,0.3578,,,gnm_closed_loop,0.2,-0.2297,False,0,,h21_spawn_precheck,,probe,,,,,,,False,h2_weave_J,3.8027,True,0.3526,-0.2297,0.2,-0.2297,True,armed,False,
h21probe_H_s_20260710_014332,6,7.816667,1783644218.931887,4.483519,-4.500004,-1e-06,3.141565,0.2,-0.2319,0.199292,0.011765,camera_link,7.816667,gnm_closed_loop,,nominal,,True,ok,checkpoints/hospital_front_rgb_finetune/best.pt,3.81,0.3518,-0.2319,0.088,-0.0051,0.3601,,,gnm_closed_loop,0.2,-0.2319,False,0,,h21_spawn_precheck,,probe,,,,,,,False,h2_weave_J,3.8014,True,0.3518,-0.2319,0.2,-0.2319,True,armed,False,
h21probe_H_s_20260710_014332,7,7.833334,1783644218.934142,4.480199,-4.500004,-0.0,3.141553,0.2,-0.2319,0.199292,0.011765,camera_link,7.833334,gnm_closed_loop,,nominal,,True,ok,checkpoints/hospital_front_rgb_finetune/best.pt,3.81,0.3518,-0.2319,0.088,-0.0051,0.3601,,,gnm_closed_loop,0.2,-0.2319,False,0,,h21_spawn_precheck,,probe,,,,,,,False,h2_weave_J,3.8001,True,0.3518,-0.2319,0.2,-0.2319,True,armed,False,
h21probe_H_s_20260710_014332,8,7.85,1783644218.936096,4.476879,-4.500006,-1e-06,3.14154,0.2,-0.2319,0.199292,0.011765,camera_link,7.85,gnm_closed_loop,,nominal,,True,ok,checkpoints/hospital_front_rgb_finetune/best.pt,3.81,0.3518,-0.2319,0.088,-0.0051,0.3601,,,gnm_closed_loop,0.2,-0.2319,False,0,,h21_spawn_precheck,,probe,,,,,,,False,h2_weave_J,3.7988,True,0.3518,-0.2319,0.2,-0.2319,True,armed,False,
h21probe_H_s_20260710_014332,9,7.866667,1783644218.951203,4.473559,-4.500007,-1e-06,3.141528,0.2,-0.2302,0.199348,0.012773,camera_link,7.866667,gnm_closed_loop,,nominal,,True,ok,checkpoints/hospital_front_rgb_finetune/best.pt,4.74,0.354,-0.2302,0.0885,-0.0051,0.3611,,,gnm_closed_loop,0.2,-0.2302,False,0,,h21_spawn_precheck,,probe,,,,,,,False,h2_weave_J,3.7976,True,0.354,-0.2302,0.2,-0.2302,True,armed,False,
h21probe_H_s_20260710_014332,10,7.883334,1783644218.953556,4.470239,-4.500009,-0.0,3.141516,0.2,-0.2302,0.199348,0.012773,camera_link,7.883334,gnm_closed_loop,,nominal,,True,ok,checkpoints/hospital_front_rgb_finetune/best.pt,4.74,0.354,-0.2302,0.0885,-0.0051,0.3611,,,gnm_closed_loop,0.2,-0.2302,False,0,,h21_spawn_precheck,,probe,,,,,,,False,h2_weave_J,3.7963,True,0.354,-0.2302,0.2,-0.2302,True,armed,False,
h21probe_H_s_20260710_014332,11,7.9,1783644218.956554,4.466919,-4.50001,-1e-06,3.141503,0.2,-0.2302,0.199348,0.012773,camera_link,7.9,gnm_closed_loop,,nominal,,True,ok,checkpoints/hospital_front_rgb_finetune/best.pt,4.74,0.354,-0.2302,0.0885,-0.0051,0.3611,,,gnm_closed_loop,0.2,-0.2302,False,0,,h21_spawn_precheck,,probe,,,,,,,False,h2_weave_J,3.795,True,0.354,-0.2302,0.2,-0.2302,True,armed,False,
h21probe_H_s_20260710_014332,12,7.916667,1783644218.978085,4.463599,-4.50001,-1e-06,3.141493,0.2,-0.233,0.19978,0.013517,camera_link,7.916667,gnm_closed_loop,,nominal,,True,ok,checkpoints/hospital_front_rgb_finetune/best.pt,6.25,0.3551,-0.233,0.0888,-0.0052,0.361,,,gnm_closed_loop,0.2,-0.233,False,0,,h21_spawn_precheck,,probe,,,,,,,False,h2_weave_J,3.7937,True,0.3551,-0.233,0.2,-0.233,True,armed,False,
h21probe_H_s_20260710_014332,13,7.933334,1783644218.980458,4.460279,-4.500011,-1e-06,3.141478,0.2,-0.233,0.19978,0.013517,camera_link,7.933334,gnm_closed_loop,,nominal,,True,ok,checkpoints/hospital_front_rgb_finetune/best.pt,6.25,0.3551,-0.233,0.0888,-0.0052,0.361,,,gnm_closed_loop,0.2,-0.233,False,0,,h21_spawn_precheck,,probe,,,,,,,False,h2_weave_J,3.7924,True,0.3551,-0.233,0.2,-0.233,True,armed,False,
h21probe_H_s_20260710_014332,14,7.95,1783644218.983067,4.456959,-4.50001,-1e-06,3.141466,0.2,-0.233,0.19978,0.013517,camera_link,7.95,gnm_closed_loop,,nominal,,True,ok,checkpoints/hospital_front_rgb_finetune/best.pt,6.25,0.3551,-0.233,0.0888,-0.0052,0.361,,,gnm_closed_loop,0.2,-0.233,False,0,,h21_spawn_precheck,,probe,,,,,,,False,h2_weave_J,3.7911,True,0.3551,-0.233,0.2,-0.233,True,armed,False,
h21probe_H_s_20260710_014332,15,7.966667,1783644219.004658,4.453639,-4.500011,-1e-06,3.141451,0.2,-0.2376,0.199274,0.01487,camera_link,7.966667,gnm_closed_loop,,nominal,,True,ok,checkpoints/hospital_front_rgb_finetune/best.pt,6.19,0.3538,-0.2376,0.0884,-0.0053,0.3599,,,gnm_closed_loop,0.2,-0.2376,False,0,,h21_spawn_precheck,,probe,,,,,,,False,h2_weave_J,3.7899,True,0.3538,-0.2376,0.2,-0.2376,True,armed,False,
h21probe_H_s_20260710_014332,16,7.983334,1783644219.007217,4.450321,-4.500011,-1e-06,3.141435,0.2,-0.2376,0.199274,0.01487,camera_link,7.983334,gnm_closed_loop,,nominal,,True,ok,checkpoints/hospital_front_rgb_finetune/best.pt,6.19,0.3538,-0.2376,0.0884,-0.0053,0.3599,,,gnm_closed_loop,0.2,-0.2376,False,0,,h21_spawn_precheck,,probe,,,,,,,False,h2_weave_J,3.7886,True,0.3538,-0.2376,0.2,-0.2376,True,armed,False,
h21probe_H_s_20260710_014332,17,8.0,1783644219.009341,4.447001,-4.50001,-1e-06,3.141419,0.2,-0.2376,0.199274,0.01487,camera_link,8.0,gnm_closed_loop,,nominal,,True,ok,checkpoints/hospital_front_rgb_finetune/best.pt,6.19,0.3538,-0.2376,0.0884,-0.0053,0.3599,,,gnm_closed_loop,0.2,-0.2376,False,0,,h21_spawn_precheck,,probe,,,,,,,False,h2_weave_J,3.7873,True,0.3538,-0.2376,0.2,-0.2376,True,armed,False,
h21probe_H_s_20260710_014332,18,8.016667,1783644219.024352,4.443682,-4.500009,-1e-06,3.141401,0.2,-0.2409,0.199677,0.017745,camera_link,8.016667,gnm_closed_loop,,nominal,,True,ok,checkpoints/hospital_front_rgb_finetune/best.pt,4.4,0.3528,-0.2409,0.0882,-0.0053,0.358,,,gnm_closed_loop,0.2,-0.2409,False,0,,h21_spawn_precheck,,probe,,,,,,,False,h2_weave_J,3.7861,True,0.3528,-0.2409,0.2,-0.2409,True,armed,False,
h21probe_H_s_20260710_014332,19,8.033334,1783644219.026889,4.440362,-4.50001,-1e-06,3.141382,0.2,-0.2409,0.199677,0.017745,camera_link,8.033334,gnm_closed_loop,,nominal,,True,ok,checkpoints/hospital_front_rgb_finetune/best.pt,4.4,0.3528,-0.2409,0.0882,-0.0053,0.358,,,gnm_closed_loop,0.2,-0.2409,False,0,,h21_spawn_precheck,,probe,,,,,,,False,h2_weave_J,3.7848,True,0.3528,-0.2409,0.2,-0.2409,True,armed,False,
h21probe_H_s_20260710_014332,20,8.05,1783644219.029107,4.437043,-4.500011,-0.0,3.141364,0.2,-0.2409,0.199677,0.017745,camera_link,8.05,gnm_closed_loop,,nominal,,True,ok,checkpoints/hospital_front_rgb_finetune/best.pt,4.4,0.3528,-0.2409,0.0882,-0.0053,0.358,,,gnm_closed_loop,0.2,-0.2409,False,0,,h21_spawn_precheck,,probe,,,,,,,False,h2_weave_J,3.7835,True,0.3528,-0.2409,0.2,-0.2409,True,armed,False,
h21probe_H_s_20260710_014332,21,8.066667,1783644219.056811,4.433725,-4.50001,-1e-06,3.141347,0.2,-0.2529,0.199222,0.013966,camera_link,8.066667,gnm_closed_loop,,nominal,,True,ok,checkpoints/hospital_front_rgb_finetune/best.pt,11.02,0.3519,-0.2529,0.088,-0.0056,0.3579,,,gnm_closed_loop,0.2,-0.2529,False,0,,h21_spawn_precheck,,probe,,,,,,,False,h2_weave_J,3.7823,True,0.3519,-0.2529,0.2,-0.2529,True,armed,False,
h21probe_H_s_20260710_014332,22,8.083334,1783644219.058973,4.430408,-4.50001,-1e-06,3.141329,0.2,-0.2529,0.199222,0.013966,camera_link,8.083334,gnm_closed_loop,,nominal,,True,ok,checkpoints/hospital_front_rgb_finetune/best.pt,11.02,0.3519,-0.2529,0.088,-0.0056,0.3579,,,gnm_closed_loop,0.2,-0.2529,False,0,,h21_spawn_precheck,,probe,,,,,,,False,h2_weave_J,3.781,True,0.3519,-0.2529,0.2,-0.2529,True,armed,False,
h21probe_H_s_20260710_014332,23,8.1,1783644219.060791,4.427088,-4.500007,-1e-06,3.141315,0.2,-0.2529,0.199222,0.013966,camera_link,8.1,gnm_closed_loop,,nominal,,True,ok,checkpoints/hospital_front_rgb_finetune/best.pt,11.02,0.3519,-0.2529,0.088,-0.0056,0.3579,,,gnm_closed_loop,0.2,-0.2529,False,0,,h21_spawn_precheck,,probe,,,,,,,False,h2_weave_J,3.7798,True,0.3519,-0.2529,0.2,-0.2529,True,armed,False,
h21probe_H_s_20260710_014332,24,8.116667,1783644219.077974,4.423771,-4.500009,-1e-06,3.141297,0.2,-0.2549,0.199072,0.012154,camera_link,8.116667,gnm_closed_loop,,nominal,,True,ok,checkpoints/hospital_front_rgb_finetune/best.pt,5.71,0.3504,-0.2549,0.0876,-0.0056,0.3621,,,gnm_closed_loop,0.2,-0.2549,False,0,,h21_spawn_precheck,,probe,,,,,,,False,h2_weave_J,3.7785,True,0.3504,-0.2549,0.2,-0.2549,True,armed,False,
h21probe_H_s_20260710_014332,25,8.133334,1783644219.080256,4.420454,-4.500009,-1e-06,3.14128,0.2,-0.2549,0.199072,0.012154,camera_link,8.133334,gnm_closed_loop,,nominal,,True,ok,checkpoints/hospital_front_rgb_finetune/best.pt,5.71,0.3504,-0.2549,0.0876,-0.0056,0.3621,,,gnm_closed_loop,0.2,-0.2549,False,0,,h21_spawn_precheck,,probe,,,,,,,False,h2_weave_J,3.7773,True,0.3504,-0.2549,0.2,-0.2549,True,armed,False,
h21probe_H_s_20260710_014332,26,8.15,1783644219.082318,4.417138,-4.500007,-1e-06,3.141266,0.2,-0.2549,0.199072,0.012154,camera_link,8.15,gnm_closed_loop,,nominal,,True,ok,checkpoints/hospital_front_rgb_finetune/best.pt,5.71,0.3504,-0.2549,0.0876,-0.0056,0.3621,,,gnm_closed_loop,0.2,-0.2549,False,0,,h21_spawn_precheck,,probe,,,,,,,False,h2_weave_J,3.776,True,0.3504,-0.2549,0.2,-0.2549,True,armed,False,
h21probe_H_s_20260710_014332,27,8.166667,1783644219.100285,4.41382,-4.500007,-1e-06,3.141247,0.2,-0.2434,0.199094,0.013651,camera_link,8.166667,gnm_closed_loop,,nominal,,True,ok,checkpoints/hospital_front_rgb_finetune/best.pt,4.76,0.3515,-0.2434,0.0879,-0.0054,0.3542,,,gnm_closed_loop,0.2,-0.2434,False,0,,h21_spawn_precheck,,probe,,,,,,,False,h2_weave_J,3.7748,True,0.3515,-0.2434,0.2,-0.2434,True,armed,False,
h21probe_H_s_20260710_014332,28,8.183334,1783644219.102412,4.410502,-4.500006,-1e-06,3.141231,0.2,-0.2434,0.199094,0.013651,camera_link,8.183334,gnm_closed_loop,,nominal,,True,ok,checkpoints/hospital_front_rgb_finetune/best.pt,4.76,0.3515,-0.2434,0.0879,-0.0054,0.3542,,,gnm_closed_loop,0.2,-0.2434,False,0,,h21_spawn_precheck,,probe,,,,,,,False,h2_weave_J,3.7735,True,0.3515,-0.2434,0.2,-0.2434,True,armed,False,
h21probe_H_s_20260710_014332,29,8.2,1783644219.104678,4.407183,-4.500004,-1e-06,3.141218,0.2,-0.2434,0.199094,0.013651,camera_link,8.2,gnm_closed_loop,,nominal,,True,ok,checkpoints/hospital_front_rgb_finetune/best.pt,4.76,0.3515,-0.2434,0.0879,-0.0054,0.3542,,,gnm_closed_loop,0.2,-0.2434,False,0,,h21_spawn_precheck,,probe,,,,,,,False,h2_weave_J,3.7723,True,0.3515,-0.2434,0.2,-0.2434,True,armed,False,
h21probe_H_s_20260710_014332,30,8.216667,1783644219.124551,4.403864,-4.500002,-1e-06,3.141199,0.2,-0.2473,0.199523,0.019192,camera_link,8.216667,gnm_closed_loop,,nominal,,True,ok,checkpoints/hospital_front_rgb_finetune/best.pt,6.24,0.3513,-0.2473,0.0878,-0.0054,0.354,,,gnm_closed_loop,0.2,-0.2473,False,0,,h21_spawn_precheck,,probe,,,,,,,False,h2_weave_J,3.7711,True,0.3513,-0.2473,0.2,-0.2473,True,armed,False,
h21probe_H_s_20260710_014332,31,8.233334,1783644219.127434,4.400546,-4.500002,-1e-06,3.141182,0.2,-0.2473,0.199523,0.019192,camera_link,8.233334,gnm_closed_loop,,nominal,,True,ok,checkpoints/hospital_front_rgb_finetune/best.pt,6.24,0.3513,-0.2473,0.0878,-0.0054,0.354,,,gnm_closed_loop,0.2,-0.2473,False,0,,h21_spawn_precheck,,probe,,,,,,,False,h2_weave_J,3.7698,True,0.3513,-0.2473,0.2,-0.2473,True,armed,False,
h21probe_H_s_20260710_014332,32,8.25,1783644219.132813,4.397228,-4.500002,-1e-06,3.141167,0.2,-0.2473,0.199523,0.019192,camera_link,8.25,gnm_closed_loop,,nominal,,True,ok,checkpoints/hospital_front_rgb_finetune/best.pt,6.24,0.3513,-0.2473,0.0878,-0.0054,0.354,,,gnm_closed_loop,0.2,-0.2473,False,0,,h21_spawn_precheck,,probe,,,,,,,False,h2_weave_J,3.7686,True,0.3513,-0.2473,0.2,-0.2473,True,armed,False,
h21probe_H_s_20260710_014332,33,8.266667,1783644219.164732,4.393909,-4.500002,-1e-06,3.141154,0.2,-0.252,0.199685,0.015673,camera_link,8.266667,gnm_closed_loop,,nominal,,True,ok,checkpoints/hospital_front_rgb_finetune/best.pt,6.31,0.3509,-0.252,0.0877,-0.0055,0.3466,,,gnm_closed_loop,0.2,-0.252,False,0,,h21_spawn_precheck,,probe,,,,,,,False,h2_weave_J,3.7674,True,0.3509,-0.252,0.2,-0.252,True,armed,False,
h21probe_H_s_20260710_014332,34,8.283334,1783644219.167382,4.390591,-4.499999,-1e-06,3.141136,0.2,-0.252,0.199685,0.015673,camera_link,8.283334,gnm_closed_loop,,nominal,,True,ok,checkpoints/hospital_front_rgb_finetune/best.pt,6.31,0.3509,-0.252,0.0877,-0.0055,0.3466,,,gnm_closed_loop,0.2,-0.252,False,0,,h21_spawn_precheck,,probe,,,,,,,False,h2_weave_J,3.7661,True,0.3509,-0.252,0.2,-0.252,True,armed,False,
h21probe_H_s_20260710_014332,35,8.3,1783644219.169926,4.387274,-4.499996,-1e-06,3.141118,0.2,-0.252,0.199685,0.015673,camera_link,8.3,gnm_closed_loop,,nominal,,True,ok,checkpoints/hospital_front_rgb_finetune/best.pt,6.31,0.3509,-0.252,0.0877,-0.0055,0.3466,,,gnm_closed_loop,0.2,-0.252,False,0,,h21_spawn_precheck,,probe,,,,,,,False,h2_weave_J,3.7649,True,0.3509,-0.252,0.2,-0.252,True,armed,False,
h21probe_H_s_20260710_014332,36,8.316667,1783644219.201903,4.383956,-4.499995,-1e-06,3.141099,0.2,-0.2576,0.199401,0.01683,camera_link,8.316667,gnm_closed_loop,,nominal,,True,ok,checkpoints/hospital_front_rgb_finetune/best.pt,7.11,0.351,-0.2576,0.0877,-0.0057,0.3442,,,gnm_closed_loop,0.2,-0.2576,False,0,,h21_spawn_precheck,,probe,,,,,,,False,h2_weave_J,3.7637,True,0.351,-0.2576,0.2,-0.2576,True,armed,False,
h21probe_H_s_20260710_014332,37,8.333334,1783644219.204203,4.380639,-4.499994,-1e-06,3.141082,0.2,-0.2576,0.199401,0.01683,camera_link,8.333334,gnm_closed_loop,,nominal,,True,ok,checkpoints/hospital_front_rgb_finetune/best.pt,7.11,0.351,-0.2576,0.0877,-0.0057,0.3442,,,gnm_closed_loop,0.2,-0.2576,False,0,,h21_spawn_precheck,,probe,,,,,,,False,h2_weave_J,3.7625,True,0.351,-0.2576,0.2,-0.2576,True,armed,False,
h21probe_H_s_20260710_014332,38,8.35,1783644219.206023,4.377321,-4.499992,-1e-06,3.141064,0.2,-0.2576,0.199401,0.01683,camera_link,8.35,gnm_closed_loop,,nominal,,True,ok,checkpoints/hospital_front_rgb_finetune/best.pt,7.11,0.351,-0.2576,0.0877,-0.0057,0.3442,,,gnm_closed_loop,0.2,-0.2576,False,0,,h21_spawn_precheck,,probe,,,,,,,False,h2_weave_J,3.7612,True,0.351,-0.2576,0.2,-0.2576,True,armed,False,
h21probe_H_s_20260710_014332,39,8.366667,1783644219.219689,4.374004,-4.499991,-1e-06,3.14105,0.2,-0.258,0.199294,0.017304,camera_link,8.366667,gnm_closed_loop,,nominal,,True,ok,checkpoints/hospital_front_rgb_finetune/best.pt,4.03,0.3516,-0.258,0.0879,-0.0057,0.3447,,,gnm_closed_loop,0.2,-0.258,False,0,,h21_spawn_precheck,,probe,,,,,,,False,h2_weave_J,3.76,True,0.3516,-0.258,0.2,-0.258,True,armed,False,
h21probe_H_s_20260710_014332,40,8.383334,1783644219.221842,4.370687,-4.499991,-1e-06,3.141032,0.2,-0.258,0.199294,0.017304,camera_link,8.383334,gnm_closed_loop,,nominal,,True,ok,checkpoints/hospital_front_rgb_finetune/best.pt,4.03,0.3516,-0.258,0.0879,-0.0057,0.3447,,,gnm_closed_loop,0.2,-0.258,False,0,,h21_spawn_precheck,,probe,,,,,,,False,h2_weave_J,3.7588,True,0.3516,-0.258,0.2,-0.258,True,armed,False,
h21probe_H_s_20260710_014332,41,8.4,1783644219.223699,4.36737,-4.49999,-1e-06,3.141013,0.2,-0.258,0.199294,0.017304,camera_link,8.4,gnm_closed_loop,,nominal,,True,ok,checkpoints/hospital_front_rgb_finetune/best.pt,4.03,0.3516,-0.258,0.0879,-0.0057,0.3447,,,gnm_closed_loop,0.2,-0.258,False,0,,h21_spawn_precheck,,probe,,,,,,,False,h2_weave_J,3.7576,True,0.3516,-0.258,0.2,-0.258,True,armed,False,
h21probe_H_s_20260710_014332,42,8.416667,1783644219.237507,4.364053,-4.499988,-1e-06,3.140994,0.2,-0.258,0.199467,0.017775,camera_link,8.416667,gnm_closed_loop,,nominal,,True,ok,checkpoints/hospital_front_rgb_finetune/best.pt,4.77,0.3514,-0.258,0.0878,-0.0057,0.3484,,,gnm_closed_loop,0.2,-0.258,False,0,,h21_spawn_precheck,,probe,,,,,,,False,h2_weave_J,3.7564,True,0.3514,-0.258,0.2,-0.258,True,armed,False,
h21probe_H_s_20260710_014332,43,8.433334,1783644219.239556,4.360736,-4.499988,-1e-06,3.140976,0.2,-0.258,0.199467,0.017775,camera_link,8.433334,gnm_closed_loop,,nominal,,True,ok,checkpoints/hospital_front_rgb_finetune/best.pt,4.77,0.3514,-0.258,0.0878,-0.0057,0.3484,,,gnm_closed_loop,0.2,-0.258,False,0,,h21_spawn_precheck,,probe,,,,,,,False,h2_weave_J,3.7552,True,0.3514,-0.258,0.2,-0.258,True,armed,False,
h21probe_H_s_20260710_014332,44,8.45,1783644219.242554,4.357419,-4.499987,-1e-06,3.140958,0.2,-0.258,0.199467,0.017775,camera_link,8.45,gnm_closed_loop,,nominal,,True,ok,checkpoints/hospital_front_rgb_finetune/best.pt,4.77,0.3514,-0.258,0.0878,-0.0057,0.3484,,,gnm_closed_loop,0.2,-0.258,False,0,,h21_spawn_precheck,,probe,,,,,,,False,h2_weave_J,3.754,True,0.3514,-0.258,0.2,-0.258,True,armed,False,
h21probe_H_s_20260710_014332,45,8.466667,1783644219.256981,4.354102,-4.499986,-1e-06,3.140939,0.2,-0.2566,0.199561,0.017607,camera_link,8.466667,gnm_closed_loop,,nominal,,True,ok,checkpoints/hospital_front_rgb_finetune/best.pt,4.39,0.3533,-0.2566,0.0883,-0.0057,0.3472,,,gnm_closed_loop,0.2,-0.2566,False,0,,h21_spawn_precheck,,probe,,,,,,,False,h2_weave_J,3.7528,True,0.3533,-0.2566,0.2,-0.2566,True,armed,False,
h21probe_H_s_20260710_014332,46,8.483334,1783644219.258995,4.350785,-4.499983,-1e-06,3.140922,0.2,-0.2566,0.199561,0.017607,camera_link,8.483334,gnm_closed_loop,,nominal,,True,ok,checkpoints/hospital_front_rgb_finetune/best.pt,4.39,0.3533,-0.2566,0.0883,-0.0057,0.3472,,,gnm_closed_loop,0.2,-0.2566,False,0,,h21_spawn_precheck,,probe,,,,,,,False,h2_weave_J,3.7516,True,0.3533,-0.2566,0.2,-0.2566,True,armed,False,
h21probe_H_s_20260710_014332,47,8.5,1783644219.260746,4.347467,-4.499983,-1e-06,3.140902,0.2,-0.2566,0.199561,0.017607,camera_link,8.5,gnm_closed_loop,,nominal,,True,ok,checkpoints/hospital_front_rgb_finetune/best.pt,4.39,0.3533,-0.2566,0.0883,-0.0057,0.3472,,,gnm_closed_loop,0.2,-0.2566,False,0,,h21_spawn_precheck,,probe,,,,,,,False,h2_weave_J,3.7504,True,0.3533,-0.2566,0.2,-0.2566,True,armed,False,
h21probe_H_s_20260710_014332,48,8.516667,1783644219.279386,4.344149,-4.499979,-1e-06,3.140885,0.2,-0.2554,0.199634,0.018496,camera_link,8.516667,gnm_closed_loop,,nominal,,True,ok,checkpoints/hospital_front_rgb_finetune/best.pt,5.53,0.353,-0.2554,0.0883,-0.0056,0.3489,,,gnm_closed_loop,0.2,-0.2554,False,0,,h21_spawn_precheck,,probe,,,,,,,False,h2_weave_J,3.7492,True,0.353,-0.2554,0.2,-0.2554,True,armed,False,
h21probe_H_s_20260710_014332,49,8.533334,1783644219.2825,4.340832,-4.499978,-1e-06,3.140865,0.2,-0.2554,0.199634,0.018496,camera_link,8.533334,gnm_closed_loop,,nominal,,True,ok,checkpoints/hospital_front_rgb_finetune/best.pt,5.53,0.353,-0.2554,0.0883,-0.0056,0.3489,,,gnm_closed_loop,0.2,-0.2554,False,0,,h21_spawn_precheck,,probe,,,,,,,False,h2_weave_J,3.748,True,0.353,-0.2554,0.2,-0.2554,True,armed,False,
h21probe_H_s_20260710_014332,50,8.55,1783644219.284375,4.337514,-4.499975,-1e-06,3.140847,0.2,-0.2554,0.199634,0.018496,camera_link,8.55,gnm_closed_loop,,nominal,,True,ok,checkpoints/hospital_front_rgb_finetune/best.pt,5.53,0.353,-0.2554,0.0883,-0.0056,0.3489,,,gnm_closed_loop,0.2,-0.2554,False,0,,h21_spawn_precheck,,probe,,,,,,,False,h2_weave_J,3.7468,True,0.353,-0.2554,0.2,-0.2554,True,armed,False,
h21probe_H_s_20260710_014332,51,8.566667,1783644219.30233,4.334196,-4.49997,-1e-06,3.140829,0.2,-0.2491,0.199433,0.016949,camera_link,8.566667,gnm_closed_loop,,nominal,,True,ok,checkpoints/hospital_front_rgb_finetune/best.pt,6.09,0.3523,-0.2491,0.0881,-0.0055,0.3481,,,gnm_closed_loop,0.2,-0.2491,False,0,,h21_spawn_precheck,,probe,,,,,,,False,h2_weave_J,3.7456,True,0.3523,-0.2491,0.2,-0.2491,True,armed,False,
h21probe_H_s_20260710_014332,52,8.583334,1783644219.305167,4.330877,-4.499966,-1e-06,3.140813,0.2,-0.2491,0.199433,0.016949,camera_link,8.583334,gnm_closed_loop,,nominal,,True,ok,checkpoints/hospital_front_rgb_finetune/best.pt,6.09,0.3523,-0.2491,0.0881,-0.0055,0.3481,,,gnm_closed_loop,0.2,-0.2491,False,0,,h21_spawn_precheck,,probe,,,,,,,False,h2_weave_J,3.7445,True,0.3523,-0.2491,0.2,-0.2491,True,armed,False,
h21probe_H_s_20260710_014332,53,8.6,1783644219.308707,4.327558,-4.499961,-1e-06,3.140797,0.2,-0.2491,0.199433,0.016949,camera_link,8.6,gnm_closed_loop,,nominal,,True,ok,checkpoints/hospital_front_rgb_finetune/best.pt,6.09,0.3523,-0.2491,0.0881,-0.0055,0.3481,,,gnm_closed_loop,0.2,-0.2491,False,0,,h21_spawn_precheck,,probe,,,,,,,False,h2_weave_J,3.7433,True,0.3523,-0.2491,0.2,-0.2491,True,armed,False,
h21probe_H_s_20260710_014332,54,8.616667,1783644219.329544,4.32424,-4.499957,-1e-06,3.140781,0.2,-0.2504,0.199391,0.014523,camera_link,8.616667,gnm_closed_loop,,nominal,,True,ok,checkpoints/hospital_front_rgb_finetune/best.pt,5.27,0.3539,-0.2504,0.0885,-0.0055,0.3485,,,gnm_closed_loop,0.2,-0.2504,False,0,,h21_spawn_precheck,,probe,,,,,,,False,h2_weave_J,3.7421,True,0.3539,-0.2504,0.2,-0.2504,True,armed,False,
h21probe_H_s_20260710_014332,55,8.633334,1783644219.331593,4.320921,-4.499954,-1e-06,3.140763,0.2,-0.2504,0.199391,0.014523,camera_link,8.633334,gnm_closed_loop,,nominal,,True,ok,checkpoints/hospital_front_rgb_finetune/best.pt,5.27,0.3539,-0.2504,0.0885,-0.0055,0.3485,,,gnm_closed_loop,0.2,-0.2504,False,0,,h21_spawn_precheck,,probe,,,,,,,False,h2_weave_J,3.7409,True,0.3539,-0.2504,0.2,-0.2504,True,armed,False,
h21probe_H_s_20260710_014332,56,8.65,1783644219.33339,4.317603,-4.499951,-1e-06,3.140749,0.2,-0.2504,0.199391,0.014523,camera_link,8.65,gnm_closed_loop,,nominal,,True,ok,checkpoints/hospital_front_rgb_finetune/best.pt,5.27,0.3539,-0.2504,0.0885,-0.0055,0.3485,,,gnm_closed_loop,0.2,-0.2504,False,0,,h21_spawn_precheck,,probe,,,,,,,False,h2_weave_J,3.7398,True,0.3539,-0.2504,0.2,-0.2504,True,armed,False,
h21probe_H_s_20260710_014332,57,8.666667,1783644219.351254,4.314285,-4.499949,-1e-06,3.140732,0.2,-0.2496,0.199742,0.014142,camera_link,8.666667,gnm_closed_loop,,nominal,,True,ok,checkpoints/hospital_front_rgb_finetune/best.pt,5.9,0.3535,-0.2496,0.0884,-0.0055,0.3484,,,gnm_closed_loop,0.2,-0.2496,False,0,,h21_spawn_precheck,,probe,,,,,,,False,h2_weave_J,3.7386,True,0.3535,-0.2496,0.2,-0.2496,True,armed,False,
h21probe_H_s_20260710_014332,58,8.683334,1783644219.353847,4.310966,-4.499945,-1e-06,3.140718,0.2,-0.2496,0.199742,0.014142,camera_link,8.683334,gnm_closed_loop,,nominal,,True,ok,checkpoints/hospital_front_rgb_finetune/best.pt,5.9,0.3535,-0.2496,0.0884,-0.0055,0.3484,,,gnm_closed_loop,0.2,-0.2496,False,0,,h21_spawn_precheck,,probe,,,,,,,False,h2_weave_J,3.7374,True,0.3535,-0.2496,0.2,-0.2496,True,armed,False,
h21probe_H_s_20260710_014332,59,8.7,1783644219.356255,4.307647,-4.499941,-1e-06,3.1407,0.2,-0.2496,0.199742,0.014142,camera_link,8.7,gnm_closed_loop,,nominal,,True,ok,checkpoints/hospital_front_rgb_finetune/best.pt,5.9,0.3535,-0.2496,0.0884,-0.0055,0.3484,,,gnm_closed_loop,0.2,-0.2496,False,0,,h21_spawn_precheck,,probe,,,,,,,False,h2_weave_J,3.7362,True,0.3535,-0.2496,0.2,-0.2496,True,armed,False,
h21probe_H_s_20260710_014332,60,8.716667,1783644219.381425,4.304328,-4.499939,-1e-06,3.140685,0.2,-0.2516,0.199753,0.013391,camera_link,8.716667,gnm_closed_loop,,nominal,,True,ok,checkpoints/hospital_front_rgb_finetune/best.pt,9.0,0.354,-0.2516,0.0885,-0.0056,0.3457,,,gnm_closed_loop,0.2,-0.2516,False,0,,h21_spawn_precheck,,probe,,,,,,,False,h2_weave_J,3.7351,True,0.354,-0.2516,0.2,-0.2516,True,armed,False,
h21probe_H_s_20260710_014332,61,8.733334,1783644219.384963,4.301009,-4.499936,-1e-06,3.140668,0.2,-0.2516,0.199753,0.013391,camera_link,8.733334,gnm_closed_loop,,nominal,,True,ok,checkpoints/hospital_front_rgb_finetune/best.pt,9.0,0.354,-0.2516,0.0885,-0.0056,0.3457,,,gnm_closed_loop,0.2,-0.2516,False,0,,h21_spawn_precheck,,probe,,,,,,,False,h2_weave_J,3.7339,True,0.354,-0.2516,0.2,-0.2516,True,armed,False,
h21probe_H_s_20260710_014332,62,8.75,1783644219.388049,4.297692,-4.499933,-1e-06,3.140651,0.2,-0.2516,0.199753,0.013391,camera_link,8.75,gnm_closed_loop,,nominal,,True,ok,checkpoints/hospital_front_rgb_finetune/best.pt,9.0,0.354,-0.2516,0.0885,-0.0056,0.3457,,,gnm_closed_loop,0.2,-0.2516,False,0,,h21_spawn_precheck,,probe,,,,,,,False,h2_weave_J,3.7328,True,0.354,-0.2516,0.2,-0.2516,True,armed,False,
h21probe_H_s_20260710_014332,63,8.766667,1783644219.4116,4.294377,-4.49993,-0.0,3.140633,0.2,-0.2487,0.199245,0.015533,camera_link,8.766667,gnm_closed_loop,,nominal,,True,ok,checkpoints/hospital_front_rgb_finetune/best.pt,7.62,0.3548,-0.2487,0.0887,-0.0055,0.3494,,,gnm_closed_loop,0.2,-0.2487,False,0,,h21_spawn_precheck,,probe,,,,,,,False,h2_weave_J,3.7316,True,0.3548,-0.2487,0.2,-0.2487,True,armed,False,
h21probe_H_s_20260710_014332,64,8.783334,1783644219.414372,4.291059,-4.499927,-1e-06,3.140618,0.2,-0.2487,0.199245,0.015533,camera_link,8.783334,gnm_closed_loop,,nominal,,True,ok,checkpoints/hospital_front_rgb_finetune/best.pt,7.62,0.3548,-0.2487,0.0887,-0.0055,0.3494,,,gnm_closed_loop,0.2,-0.2487,False,0,,h21_spawn_precheck,,probe,,,,,,,False,h2_weave_J,3.7305,True,0.3548,-0.2487,0.2,-0.2487,True,armed,False,
h21probe_H_s_20260710_014332,65,8.8,1783644219.416252,4.287739,-4.499924,-1e-06,3.140602,0.2,-0.2487,0.199245,0.015533,camera_link,8.8,gnm_closed_loop,,nominal,,True,ok,checkpoints/hospital_front_rgb_finetune/best.pt,7.62,0.3548,-0.2487,0.0887,-0.0055,0.3494,,,gnm_closed_loop,0.2,-0.2487,False,0,,h21_spawn_precheck,,probe,,,,,,,False,h2_weave_J,3.7293,True,0.3548,-0.2487,0.2,-0.2487,True,armed,False,
h21probe_H_s_20260710_014332,66,8.816667,1783644219.432679,4.284422,-4.499921,-1e-06,3.140586,0.2,-0.2444,0.199421,0.009395,camera_link,8.816667,gnm_closed_loop,,nominal,,True,ok,checkpoints/hospital_front_rgb_finetune/best.pt,5.28,0.3555,-0.2444,0.0889,-0.0054,0.353,,,gnm_closed_loop,0.2,-0.2444,False,0,,h21_spawn_precheck,,probe,,,,,,,False,h2_weave_J,3.7282,True,0.3555,-0.2444,0.2,-0.2444,True,armed,False,
h21probe_H_s_20260710_014332,67,8.833334,1783644219.435017,4.281106,-4.499918,-1e-06,3.140571,0.2,-0.2444,0.199421,0.009395,camera_link,8.833334,gnm_closed_loop,,nominal,,True,ok,checkpoints/hospital_front_rgb_finetune/best.pt,5.28,0.3555,-0.2444,0.0889,-0.0054,0.353,,,gnm_closed_loop,0.2,-0.2444,False,0,,h21_spawn_precheck,,probe,,,,,,,False,h2_weave_J,3.727,True,0.3555,-0.2444,0.2,-0.2444,True,armed,False,
h21probe_H_s_20260710_014332,68,8.85,1783644219.437188,4.277789,-4.499916,-1e-06,3.140552,0.2,-0.2444,0.199421,0.009395,camera_link,8.85,gnm_closed_loop,,nominal,,True,ok,checkpoints/hospital_front_rgb_finetune/best.pt,5.28,0.3555,-0.2444,0.0889,-0.0054,0.353,,,gnm_closed_loop,0.2,-0.2444,False,0,,h21_spawn_precheck,,probe,,,,,,,False,h2_weave_J,3.7259,True,0.3555,-0.2444,0.2,-0.2444,True,armed,False,
h21probe_H_s_20260710_014332,69,8.866667,1783644219.46411,4.274473,-4.499912,-1e-06,3.140535,0.2,-0.2442,0.199307,0.011425,camera_link,8.866667,gnm_closed_loop,,nominal,,True,ok,checkpoints/hospital_front_rgb_finetune/best.pt,12.61,0.3551,-0.2442,0.0888,-0.0054,0.3571,,,gnm_closed_loop,0.2,-0.2442,False,0,,h21_spawn_precheck,,probe,,,,,,,False,h2_weave_J,3.7247,True,0.3551,-0.2442,0.2,-0.2442,True,armed,False,
h21probe_H_s_20260710_014332,70,8.883334,1783644219.466327,4.271156,-4.499909,-1e-06,3.14052,0.2,-0.2442,0.199307,0.011425,camera_link,8.883334,gnm_closed_loop,,nominal,,True,ok,checkpoints/hospital_front_rgb_finetune/best.pt,12.61,0.3551,-0.2442,0.0888,-0.0054,0.3571,,,gnm_closed_loop,0.2,-0.2442,False,0,,h21_spawn_precheck,,probe,,,,,,,False,h2_weave_J,3.7236,True,0.3551,-0.2442,0.2,-0.2442,True,armed,False,
h21probe_H_s_20260710_014332,71,8.9,1783644219.469266,4.267838,-4.499906,-1e-06,3.140505,0.2,-0.2442,0.199307,0.011425,camera_link,8.9,gnm_closed_loop,,nominal,,True,ok,checkpoints/hospital_front_rgb_finetune/best.pt,12.61,0.3551,-0.2442,0.0888,-0.0054,0.3571,,,gnm_closed_loop,0.2,-0.2442,False,0,,h21_spawn_precheck,,probe,,,,,,,False,h2_weave_J,3.7225,True,0.3551,-0.2442,0.2,-0.2442,True,armed,False,
h21probe_H_s_20260710_014332,72,8.916667,1783644219.488575,4.264523,-4.499902,-1e-06,3.140487,0.2,-0.2403,0.1995,0.014213,camera_link,8.916667,gnm_closed_loop,,nominal,,True,ok,checkpoints/hospital_front_rgb_finetune/best.pt,5.9,0.3569,-0.2403,0.0892,-0.0054,0.3586,,,gnm_closed_loop,0.2,-0.2403,False,0,,h21_spawn_precheck,,probe,,,,,,,False,h2_weave_J,3.7213,True,0.3569,-0.2403,0.2,-0.2403,True,armed,False,
h21probe_H_s_20260710_014332,73,8.933334,1783644219.490877,4.261205,-4.499898,-1e-06,3.14047,0.2,-0.2403,0.1995,0.014213,camera_link,8.933334,gnm_closed_loop,,nominal,,True,ok,checkpoints/hospital_front_rgb_finetune/best.pt,5.9,0.3569,-0.2403,0.0892,-0.0054,0.3586,,,gnm_closed_loop,0.2,-0.2403,False,0,,h21_spawn_precheck,,probe,,,,,,,False,h2_weave_J,3.7202,True,0.3569,-0.2403,0.2,-0.2403,True,armed,False,
h21probe_H_s_20260710_014332,74,8.95,1783644219.49265,4.257887,-4.499895,-1e-06,3.140454,0.2,-0.2403,0.1995,0.014213,camera_link,8.95,gnm_closed_loop,,nominal,,True,ok,checkpoints/hospital_front_rgb_finetune/best.pt,5.9,0.3569,-0.2403,0.0892,-0.0054,0.3586,,,gnm_closed_loop,0.2,-0.2403,False,0,,h21_spawn_precheck,,probe,,,,,,,False,h2_weave_J,3.7191,True,0.3569,-0.2403,0.2,-0.2403,True,armed,False,
h21probe_H_s_20260710_014332,75,8.966667,1783644219.511907,4.25457,-4.499892,-1e-06,3.14044,0.2,-0.2423,0.199518,0.012669,camera_link,8.966667,gnm_closed_loop,,nominal,,True,ok,checkpoints/hospital_front_rgb_finetune/best.pt,5.93,0.3558,-0.2423,0.0889,-0.0054,0.3577,,,gnm_closed_loop,0.2,-0.2423,False,0,,h21_spawn_precheck,,probe,,,,,,,False,h2_weave_J,3.718,True,0.3558,-0.2423,0.2,-0.2423,True,armed,False,
h21probe_H_s_20260710_014332,76,8.983334,1783644219.514364,4.251253,-4.499888,-1e-06,3.140425,0.2,-0.2423,0.199518,0.012669,camera_link,8.983334,gnm_closed_loop,,nominal,,True,ok,checkpoints/hospital_front_rgb_finetune/best.pt,5.93,0.3558,-0.2423,0.0889,-0.0054,0.3577,,,gnm_closed_loop,0.2,-0.2423,False,0,,h21_spawn_precheck,,probe,,,,,,,False,h2_weave_J,3.7168,True,0.3558,-0.2423,0.2,-0.2423,True,armed,False,
h21probe_H_s_20260710_014332,77,9.0,1783644219.516249,4.247936,-4.499884,-1e-06,3.140412,0.2,-0.2423,0.199518,0.012669,camera_link,9.0,gnm_closed_loop,,nominal,,True,ok,checkpoints/hospital_front_rgb_finetune/best.pt,5.93,0.3558,-0.2423,0.0889,-0.0054,0.3577,,,gnm_closed_loop,0.2,-0.2423,False,0,,h21_spawn_precheck,,probe,,,,,,,False,h2_weave_J,3.7157,True,0.3558,-0.2423,0.2,-0.2423,True,armed,False,
h21probe_H_s_20260710_014332,78,9.016667,1783644219.53138,4.24462,-4.49988,-1e-06,3.140396,0.2,-0.2378,0.199429,0.011472,camera_link,9.016667,gnm_closed_loop,,nominal,,True,ok,checkpoints/hospital_front_rgb_finetune/best.pt,4.7,0.3561,-0.2378,0.089,-0.0053,0.3572,,,gnm_closed_loop,0.2,-0.2378,False,0,,h21_spawn_precheck,,probe,,,,,,,False,h2_weave_J,3.7146,True,0.3561,-0.2378,0.2,-0.2378,True,armed,False,
h21probe_H_s_20260710_014332,79,9.033334,1783644219.534746,4.241302,-4.499876,-1e-06,3.140383,0.2,-0.2378,0.199429,0.011472,camera_link,9.033334,gnm_closed_loop,,nominal,,True,ok,checkpoints/hospital_front_rgb_finetune/best.pt,4.7,0.3561,-0.2378,0.089,-0.0053,0.3572,,,gnm_closed_loop,0.2,-0.2378,False,0,,h21_spawn_precheck,,probe,,,,,,,False,h2_weave_J,3.7135,True,0.3561,-0.2378,0.2,-0.2378,True,armed,False,
h21probe_H_s_20260710_014332,80,9.05,1783644219.537302,4.237985,-4.499871,-1e-06,3.140368,0.2,-0.2378,0.199429,0.011472,camera_link,9.05,gnm_closed_loop,,nominal,,True,ok,checkpoints/hospital_front_rgb_finetune/best.pt,4.7,0.3561,-0.2378,0.089,-0.0053,0.3572,,,gnm_closed_loop,0.2,-0.2378,False,0,,h21_spawn_precheck,,probe,,,,,,,False,h2_weave_J,3.7124,True,0.3561,-0.2378,0.2,-0.2378,True,armed,False,
h21probe_H_s_20260710_014332,81,9.066667,1783644219.554137,4.234669,-4.499866,-1e-06,3.140352,0.2,-0.2377,0.199388,0.011742,camera_link,9.066667,gnm_closed_loop,,nominal,,True,ok,checkpoints/hospital_front_rgb_finetune/best.pt,5.93,0.3551,-0.2377,0.0888,-0.0053,0.3565,,,gnm_closed_loop,0.2,-0.2377,False,0,,h21_spawn_precheck,,probe,,,,,,,False,h2_weave_J,3.7113,True,0.3551,-0.2377,0.2,-0.2377,True,armed,False,
h21probe_H_s_20260710_014332,82,9.083334,1783644219.556432,4.231351,-4.499861,-1e-06,3.140339,0.2,-0.2377,0.199388,0.011742,camera_link,9.083334,gnm_closed_loop,,nominal,,True,ok,checkpoints/hospital_front_rgb_finetune/best.pt,5.93,0.3551,-0.2377,0.0888,-0.0053,0.3565,,,gnm_closed_loop,0.2,-0.2377,False,0,,h21_spawn_precheck,,probe,,,,,,,False,h2_weave_J,3.7102,True,0.3551,-0.2377,0.2,-0.2377,True,armed,False,
h21probe_H_s_20260710_014332,83,9.1,1783644219.558521,4.228034,-4.499856,-1e-06,3.140327,0.2,-0.2377,0.199388,0.011742,camera_link,9.1,gnm_closed_loop,,nominal,,True,ok,checkpoints/hospital_front_rgb_finetune/best.pt,5.93,0.3551,-0.2377,0.0888,-0.0053,0.3565,,,gnm_closed_loop,0.2,-0.2377,False,0,,h21_spawn_precheck,,probe,,,,,,,False,h2_weave_J,3.7091,True,0.3551,-0.2377,0.2,-0.2377,True,armed,False,
h21probe_H_s_20260710_014332,84,9.116667,1783644219.577315,4.224716,-4.499852,-1e-06,3.140313,0.2,-0.2284,0.199368,0.007339,camera_link,9.116667,gnm_closed_loop,,nominal,,True,ok,checkpoints/hospital_front_rgb_finetune/best.pt,5.2,0.3575,-0.2284,0.0894,-0.0051,0.3552,,,gnm_closed_loop,0.2,-0.2284,False,0,,h21_spawn_precheck,,probe,,,,,,,False,h2_weave_J,3.7079,True,0.3575,-0.2284,0.2,-0.2284,True,armed,False,
h21probe_H_s_20260710_014332,85,9.133334,1783644219.579609,4.221399,-4.499846,-1e-06,3.140301,0.2,-0.2284,0.199368,0.007339,camera_link,9.133334,gnm_closed_loop,,nominal,,True,ok,checkpoints/hospital_front_rgb_finetune/best.pt,5.2,0.3575,-0.2284,0.0894,-0.0051,0.3552,,,gnm_closed_loop,0.2,-0.2284,False,0,,h21_spawn_precheck,,probe,,,,,,,False,h2_weave_J,3.7068,True,0.3575,-0.2284,0.2,-0.2284,True,armed,False,
h21probe_H_s_20260710_014332,86,9.15,1783644219.581513,4.21808,-4.499841,-1e-06,3.140288,0.2,-0.2284,0.199368,0.007339,camera_link,9.15,gnm_closed_loop,,nominal,,True,ok,checkpoints/hospital_front_rgb_finetune/best.pt,5.2,0.3575,-0.2284,0.0894,-0.0051,0.3552,,,gnm_closed_loop,0.2,-0.2284,False,0,,h21_spawn_precheck,,probe,,,,,,,False,h2_weave_J,3.7058,True,0.3575,-0.2284,0.2,-0.2284,True,armed,False,
h21probe_H_s_20260710_014332,87,9.166667,1783644219.60067,4.214761,-4.499837,-1e-06,3.140273,0.2,-0.2292,0.199554,0.013028,camera_link,9.166667,gnm_closed_loop,,nominal,,True,ok,checkpoints/hospital_front_rgb_finetune/best.pt,4.81,0.3577,-0.2292,0.0894,-0.0051,0.3518,,,gnm_closed_loop,0.2,-0.2292,False,0,,h21_spawn_precheck,,probe,,,,,,,False,h2_weave_J,3.7047,True,0.3577,-0.2292,0.2,-0.2292,True,armed,False,
h21probe_H_s_20260710_014332,88,9.183334,1783644219.60272,4.211442,-4.499833,-1e-06,3.140263,0.2,-0.2292,0.199554,0.013028,camera_link,9.183334,gnm_closed_loop,,nominal,,True,ok,checkpoints/hospital_front_rgb_finetune/best.pt,4.81,0.3577,-0.2292,0.0894,-0.0051,0.3518,,,gnm_closed_loop,0.2,-0.2292,False,0,,h21_spawn_precheck,,probe,,,,,,,False,h2_weave_J,3.7036,True,0.3577,-0.2292,0.2,-0.2292,True,armed,False,
h21probe_H_s_20260710_014332,89,9.2,1783644219.60563,4.208123,-4.499829,-1e-06,3.140249,0.2,-0.2292,0.199554,0.013028,camera_link,9.2,gnm_closed_loop,,nominal,,True,ok,checkpoints/hospital_front_rgb_finetune/best.pt,4.81,0.3577,-0.2292,0.0894,-0.0051,0.3518,,,gnm_closed_loop,0.2,-0.2292,False,0,,h21_spawn_precheck,,probe,,,,,,,False,h2_weave_J,3.7025,True,0.3577,-0.2292,0.2,-0.2292,True,armed,False,
h21probe_H_s_20260710_014332,90,9.216667,1783644219.629523,4.204804,-4.499825,-1e-06,3.140238,0.2,-0.2369,0.199441,0.011505,camera_link,9.216667,gnm_closed_loop,,nominal,,True,ok,checkpoints/hospital_front_rgb_finetune/best.pt,7.58,0.357,-0.2369,0.0893,-0.0053,0.3531,,,gnm_closed_loop,0.2,-0.2369,False,0,,h21_spawn_precheck,,probe,,,,,,,False,h2_weave_J,3.7014,True,0.357,-0.2369,0.2,-0.2369,True,armed,False,
h21probe_H_s_20260710_014332,91,9.233334,1783644219.633518,4.201485,-4.499821,-1e-06,3.140227,0.2,-0.2369,0.199441,0.011505,camera_link,9.233334,gnm_closed_loop,,nominal,,True,ok,checkpoints/hospital_front_rgb_finetune/best.pt,7.58,0.357,-0.2369,0.0893,-0.0053,0.3531,,,gnm_closed_loop,0.2,-0.2369,False,0,,h21_spawn_precheck,,probe,,,,,,,False,h2_weave_J,3.7003,True,0.357,-0.2369,0.2,-0.2369,True,armed,False,
h21probe_H_s_20260710_014332,92,9.25,1783644219.637586,4.198168,-4.499816,-1e-06,3.140213,0.2,-0.2369,0.199441,0.011505,camera_link,9.25,gnm_closed_loop,,nominal,,True,ok,checkpoints/hospital_front_rgb_finetune/best.pt,7.58,0.357,-0.2369,0.0893,-0.0053,0.3531,,,gnm_closed_loop,0.2,-0.2369,False,0,,h21_spawn_precheck,,probe,,,,,,,False,h2_weave_J,3.6992,True,0.357,-0.2369,0.2,-0.2369,True,armed,False,
h21probe_H_s_20260710_014332,93,9.266667,1783644219.664114,4.194849,-4.49981,-1e-06,3.140197,0.2,-0.24,0.199692,0.013996,camera_link,9.266667,gnm_closed_loop,,nominal,,True,ok,checkpoints/hospital_front_rgb_finetune/best.pt,8.73,0.3567,-0.24,0.0892,-0.0054,0.3531,,,gnm_closed_loop,0.2,-0.24,False,0,,h21_spawn_precheck,,probe,,,,,,,False,h2_weave_J,3.6982,True,0.3567,-0.24,0.2,-0.24,True,armed,False,
h21probe_H_s_20260710_014332,94,9.283334,1783644219.668891,4.191532,-4.499808,-1e-06,3.140184,0.2,-0.24,0.199692,0.013996,camera_link,9.283334,gnm_closed_loop,,nominal,,True,ok,checkpoints/hospital_front_rgb_finetune/best.pt,8.73,0.3567,-0.24,0.0892,-0.0054,0.3531,,,gnm_closed_loop,0.2,-0.24,False,0,,h21_spawn_precheck,,probe,,,,,,,False,h2_weave_J,3.6971,True,0.3567,-0.24,0.2,-0.24,True,armed,False,
h21probe_H_s_20260710_014332,95,9.3,1783644219.671729,4.188214,-4.499805,-1e-06,3.14017,0.2,-0.24,0.199692,0.013996,camera_link,9.3,gnm_closed_loop,,nominal,,True,ok,checkpoints/hospital_front_rgb_finetune/best.pt,8.73,0.3567,-0.24,0.0892,-0.0054,0.3531,,,gnm_closed_loop,0.2,-0.24,False,0,,h21_spawn_precheck,,probe,,,,,,,False,h2_weave_J,3.696,True,0.3567,-0.24,0.2,-0.24,True,armed,False,
h21probe_H_s_20260710_014332,96,9.316667,1783644219.701456,4.184895,-4.499802,-1e-06,3.140157,0.2,-0.2358,0.199417,0.011354,camera_link,9.316667,gnm_closed_loop,,nominal,,True,ok,checkpoints/hospital_front_rgb_finetune/best.pt,7.77,0.3564,-0.2358,0.0891,-0.0053,0.3498,,,gnm_closed_loop,0.2,-0.2358,False,0,,h21_spawn_precheck,,probe,,,,,,,False,h2_weave_J,3.6949,True,0.3564,-0.2358,0.2,-0.2358,True,armed,False,
h21probe_H_s_20260710_014332,97,9.333334,1783644219.704814,4.181577,-4.499798,-1e-06,3.140144,0.2,-0.2358,0.199417,0.011354,camera_link,9.333334,gnm_closed_loop,,nominal,,True,ok,checkpoints/hospital_front_rgb_finetune/best.pt,7.77,0.3564,-0.2358,0.0891,-0.0053,0.3498,,,gnm_closed_loop,0.2,-0.2358,False,0,,h21_spawn_precheck,,probe,,,,,,,False,h2_weave_J,3.6939,True,0.3564,-0.2358,0.2,-0.2358,True,armed,False,
h21probe_H_s_20260710_014332,98,9.35,1783644219.708461,4.178259,-4.499793,-1e-06,3.140132,0.2,-0.2358,0.199417,0.011354,camera_link,9.35,gnm_closed_loop,,nominal,,True,ok,checkpoints/hospital_front_rgb_finetune/best.pt,7.77,0.3564,-0.2358,0.0891,-0.0053,0.3498,,,gnm_closed_loop,0.2,-0.2358,False,0,,h21_spawn_precheck,,probe,,,,,,,False,h2_weave_J,3.6928,True,0.3564,-0.2358,0.2,-0.2358,True,armed,False,
h21probe_H_s_20260710_014332,99,9.366667,1783644219.735325,4.17494,-4.499787,-0.0,3.14012,0.2,-0.2433,0.199435,0.009755,camera_link,9.366667,gnm_closed_loop,,nominal,,True,ok,checkpoints/hospital_front_rgb_finetune/best.pt,7.2,0.3566,-0.2433,0.0891,-0.0054,0.3513,,,gnm_closed_loop,0.2,-0.2433,False,0,,h21_spawn_precheck,,probe,,,,,,,False,h2_weave_J,3.6917,True,0.3566,-0.2433,0.2,-0.2433,True,armed,False,
h21probe_H_s_20260710_014332,100,9.383334,1783644219.737764,4.171621,-4.499784,-1e-06,3.14011,0.2,-0.2433,0.199435,0.009755,camera_link,9.383334,gnm_closed_loop,,nominal,,True,ok,checkpoints/hospital_front_rgb_finetune/best.pt,7.2,0.3566,-0.2433,0.0891,-0.0054,0.3513,,,gnm_closed_loop,0.2,-0.2433,False,0,,h21_spawn_precheck,,probe,,,,,,,False,h2_weave_J,3.6907,True,0.3566,-0.2433,0.2,-0.2433,True,armed,False,
h21probe_H_s_20260710_014332,101,9.4,1783644219.739802,4.168303,-4.49978,-1e-06,3.140095,0.2,-0.2433,0.199435,0.009755,camera_link,9.4,gnm_closed_loop,,nominal,,True,ok,checkpoints/hospital_front_rgb_finetune/best.pt,7.2,0.3566,-0.2433,0.0891,-0.0054,0.3513,,,gnm_closed_loop,0.2,-0.2433,False,0,,h21_spawn_precheck,,probe,,,,,,,False,h2_weave_J,3.6896,True,0.3566,-0.2433,0.2,-0.2433,True,armed,False,
h21probe_H_s_20260710_014332,102,9.416667,1783644219.761679,4.164986,-4.499774,-1e-06,3.14008,0.2,-0.2479,0.199293,0.010825,camera_link,9.416667,gnm_closed_loop,,nominal,,True,ok,checkpoints/hospital_front_rgb_finetune/best.pt,6.54,0.3574,-0.2479,0.0893,-0.0055,0.3551,,,gnm_closed_loop,0.2,-0.2479,False,0,,h21_spawn_precheck,,probe,,,,,,,False,h2_weave_J,3.6886,True,0.3574,-0.2479,0.2,-0.2479,True,armed,False,
h21probe_H_s_20260710_014332,103,9.433334,1783644219.763992,4.16167,-4.49977,-1e-06,3.140063,0.2,-0.2479,0.199293,0.010825,camera_link,9.433334,gnm_closed_loop,,nominal,,True,ok,checkpoints/hospital_front_rgb_finetune/best.pt,6.54,0.3574,-0.2479,0.0893,-0.0055,0.3551,,,gnm_closed_loop,0.2,-0.2479,False,0,,h21_spawn_precheck,,probe,,,,,,,False,h2_weave_J,3.6875,True,0.3574,-0.2479,0.2,-0.2479,True,armed,False,
h21probe_H_s_20260710_014332,104,9.45,1783644219.765774,4.158352,-4.499765,-1e-06,3.140047,0.2,-0.2479,0.199293,0.010825,camera_link,9.45,gnm_closed_loop,,nominal,,True,ok,checkpoints/hospital_front_rgb_finetune/best.pt,6.54,0.3574,-0.2479,0.0893,-0.0055,0.3551,,,gnm_closed_loop,0.2,-0.2479,False,0,,h21_spawn_precheck,,probe,,,,,,,False,h2_weave_J,3.6865,True,0.3574,-0.2479,0.2,-0.2479,True,armed,False,
h21probe_H_s_20260710_014332,105,9.466667,1783644219.780844,4.155034,-4.49976,-1e-06,3.140029,0.2,-0.2517,0.199373,0.014547,camera_link,9.466667,gnm_closed_loop,,nominal,,True,ok,checkpoints/hospital_front_rgb_finetune/best.pt,4.95,0.3574,-0.2517,0.0894,-0.0056,0.3539,,,gnm_closed_loop,0.2,-0.2517,False,0,,h21_spawn_precheck,,probe,,,,,,,False,h2_weave_J,3.6854,True,0.3574,-0.2517,0.2,-0.2517,True,armed,False,
h21probe_H_s_20260710_014332,106,9.483334,1783644219.782925,4.151719,-4.499755,-1e-06,3.140012,0.2,-0.2517,0.199373,0.014547,camera_link,9.483334,gnm_closed_loop,,nominal,,True,ok,checkpoints/hospital_front_rgb_finetune/best.pt,4.95,0.3574,-0.2517,0.0894,-0.0056,0.3539,,,gnm_closed_loop,0.2,-0.2517,False,0,,h21_spawn_precheck,,probe,,,,,,,False,h2_weave_J,3.6844,True,0.3574,-0.2517,0.2,-0.2517,True,armed,False,
h21probe_H_s_20260710_014332,107,9.5,1783644219.784772,4.148402,-4.49975,-1e-06,3.139996,0.2,-0.2517,0.199373,0.014547,camera_link,9.5,gnm_closed_loop,,nominal,,True,ok,checkpoints/hospital_front_rgb_finetune/best.pt,4.95,0.3574,-0.2517,0.0894,-0.0056,0.3539,,,gnm_closed_loop,0.2,-0.2517,False,0,,h21_spawn_precheck,,probe,,,,,,,False,h2_weave_J,3.6834,True,0.3574,-0.2517,0.2,-0.2517,True,armed,False,
h21probe_H_s_20260710_014332,108,9.516667,1783644219.799324,4.145085,-4.499745,-1e-06,3.139981,0.2,-0.2559,0.199505,0.01088,camera_link,9.516667,gnm_closed_loop,,nominal,,True,ok,checkpoints/hospital_front_rgb_finetune/best.pt,4.6,0.3553,-0.2559,0.0888,-0.0057,0.3537,,,gnm_closed_loop,0.2,-0.2559,False,0,,h21_spawn_precheck,,probe,,,,,,,False,h2_weave_J,3.6823,True,0.3553,-0.2559,0.2,-0.2559,True,armed,False,
h21probe_H_s_20260710_014332,109,9.533334,1783644219.801554,4.141768,-4.49974,-1e-06,3.139964,0.2,-0.2559,0.199505,0.01088,camera_link,9.533334,gnm_closed_loop,,nominal,,True,ok,checkpoints/hospital_front_rgb_finetune/best.pt,4.6,0.3553,-0.2559,0.0888,-0.0057,0.3537,,,gnm_closed_loop,0.2,-0.2559,False,0,,h21_spawn_precheck,,probe,,,,,,,False,h2_weave_J,3.6813,True,0.3553,-0.2559,0.2,-0.2559,True,armed,False,
h21probe_H_s_20260710_014332,110,9.55,1783644219.804842,4.13845,-4.499735,-1e-06,3.139946,0.2,-0.2559,0.199505,0.01088,camera_link,9.55,gnm_closed_loop,,nominal,,True,ok,checkpoints/hospital_front_rgb_finetune/best.pt,4.6,0.3553,-0.2559,0.0888,-0.0057,0.3537,,,gnm_closed_loop,0.2,-0.2559,False,0,,h21_spawn_precheck,,probe,,,,,,,False,h2_weave_J,3.6802,True,0.3553,-0.2559,0.2,-0.2559,True,armed,False,
h21probe_H_s_20260710_014332,111,9.566667,1783644219.828233,4.135133,-4.49973,-1e-06,3.139928,0.2,-0.2599,0.199383,0.011389,camera_link,9.566667,gnm_closed_loop,,nominal,,True,ok,checkpoints/hospital_front_rgb_finetune/best.pt,6.6,0.3548,-0.2599,0.0887,-0.0058,0.3548,,,gnm_closed_loop,0.2,-0.2599,False,0,,h21_spawn_precheck,,probe,,,,,,,False,h2_weave_J,3.6792,True,0.3548,-0.2599,0.2,-0.2599,True,armed,False,
h21probe_H_s_20260710_014332,112,9.583334,1783644219.830466,4.131815,-4.499725,-1e-06,3.139909,0.2,-0.2599,0.199383,0.011389,camera_link,9.583334,gnm_closed_loop,,nominal,,True,ok,checkpoints/hospital_front_rgb_finetune/best.pt,6.6,0.3548,-0.2599,0.0887,-0.0058,0.3548,,,gnm_closed_loop,0.2,-0.2599,False,0,,h21_spawn_precheck,,probe,,,,,,,False,h2_weave_J,3.6782,True,0.3548,-0.2599,0.2,-0.2599,True,armed,False,
h21probe_H_s_20260710_014332,113,9.600001,1783644219.83242,4.128499,-4.49972,-1e-06,3.139892,0.2,-0.2599,0.199383,0.011389,camera_link,9.600001,gnm_closed_loop,,nominal,,True,ok,checkpoints/hospital_front_rgb_finetune/best.pt,6.6,0.3548,-0.2599,0.0887,-0.0058,0.3548,,,gnm_closed_loop,0.2,-0.2599,False,0,,h21_spawn_precheck,,probe,,,,,,,False,h2_weave_J,3.6772,True,0.3548,-0.2599,0.2,-0.2599,True,armed,False,
h21probe_H_s_20260710_014332,114,9.616667,1783644219.849522,4.125178,-4.499714,-0.0,3.139883,0.2,-0.2576,0.199811,0.00838,camera_link,9.616667,gnm_closed_loop,,nominal,,True,ok,checkpoints/hospital_front_rgb_finetune/best.pt,5.2,0.3549,-0.2576,0.0887,-0.0057,0.3529,,,gnm_closed_loop,0.2,-0.2576,False,0,,h21_spawn_precheck,,probe,,,,,,,False,h2_weave_J,3.6761,True,0.3549,-0.2576,0.2,-0.2576,True,armed,False,
h21probe_H_s_20260710_014332,115,9.633334,1783644219.851617,4.121858,-4.49971,-1e-06,3.139865,0.2,-0.2576,0.199811,0.00838,camera_link,9.633334,gnm_closed_loop,,nominal,,True,ok,checkpoints/hospital_front_rgb_finetune/best.pt,5.2,0.3549,-0.2576,0.0887,-0.0057,0.3529,,,gnm_closed_loop,0.2,-0.2576,False,0,,h21_spawn_precheck,,probe,,,,,,,False,h2_weave_J,3.6751,True,0.3549,-0.2576,0.2,-0.2576,True,armed,False,
h21probe_H_s_20260710_014332,116,9.650001,1783644219.853536,4.118541,-4.499705,-1e-06,3.139844,0.2,-0.2576,0.199811,0.00838,camera_link,9.650001,gnm_closed_loop,,nominal,,True,ok,checkpoints/hospital_front_rgb_finetune/best.pt,5.2,0.3549,-0.2576,0.0887,-0.0057,0.3529,,,gnm_closed_loop,0.2,-0.2576,False,0,,h21_spawn_precheck,,probe,,,,,,,False,h2_weave_J,3.6741,True,0.3549,-0.2576,0.2,-0.2576,True,armed,False,
h21probe_H_s_20260710_014332,117,9.666667,1783644219.868488,4.115224,-4.4997,-1e-06,3.139827,0.2,-0.2568,0.199251,0.010471,camera_link,9.666667,gnm_closed_loop,,nominal,,True,ok,checkpoints/hospital_front_rgb_finetune/best.pt,4.7,0.3545,-0.2568,0.0886,-0.0057,0.3511,,,gnm_closed_loop,0.2,-0.2568,False,0,,h21_spawn_precheck,,probe,,,,,,,False,h2_weave_J,3.6731,True,0.3545,-0.2568,0.2,-0.2568,True,armed,False,
h21probe_H_s_20260710_014332,118,9.683334,1783644219.870625,4.111907,-4.499694,-1e-06,3.139809,0.2,-0.2568,0.199251,0.010471,camera_link,9.683334,gnm_closed_loop,,nominal,,True,ok,checkpoints/hospital_front_rgb_finetune/best.pt,4.7,0.3545,-0.2568,0.0886,-0.0057,0.3511,,,gnm_closed_loop,0.2,-0.2568,False,0,,h21_spawn_precheck,,probe,,,,,,,False,h2_weave_J,3.6721,True,0.3545,-0.2568,0.2,-0.2568,True,armed,False,
h21probe_H_s_20260710_014332,119,9.700001,1783644219.87243,4.108591,-4.499689,-1e-06,3.139794,0.2,-0.2568,0.199251,0.010471,camera_link,9.700001,gnm_closed_loop,,nominal,,True,ok,checkpoints/hospital_front_rgb_finetune/best.pt,4.7,0.3545,-0.2568,0.0886,-0.0057,0.3511,,,gnm_closed_loop,0.2,-0.2568,False,0,,h21_spawn_precheck,,probe,,,,,,,False,h2_weave_J,3.6711,True,0.3545,-0.2568,0.2,-0.2568,True,armed,False,
h21probe_H_s_20260710_014332,120,9.716667,1783644219.881617,4.106658,-4.49969,9e-06,3.139764,0.0,0.0,0.082005,-0.002626,camera_link,9.716667,gnm_closed_loop,,nominal,post-episode zero hold,True,ok,checkpoints/hospital_front_rgb_finetune/best.pt,4.7,0.3545,-0.2568,0.0886,-0.0057,0.3511,,,gnm_closed_loop,0.0,0.0,False,0,,h21_spawn_precheck,,probe,,,,,,,False,h2_weave_J,3.6705,True,,,0.0,0.0,False,zeroed_hold,False,
h21probe_H_s_20260710_014332,121,9.733334,1783644219.883459,4.10598,-4.499691,-1e-06,3.139734,0.0,0.0,0.082005,-0.002626,camera_link,9.733334,gnm_closed_loop,,nominal,post-episode zero hold,True,ok,checkpoints/hospital_front_rgb_finetune/best.pt,4.7,0.3545,-0.2568,0.0886,-0.0057,0.3511,,,gnm_closed_loop,0.0,0.0,False,0,,h21_spawn_precheck,,probe,,,,,,,False,h2_weave_J,3.6703,True,,,0.0,0.0,False,zeroed_hold,False,
h21probe_H_s_20260710_014332,122,9.750001,1783644219.885055,4.105838,-4.499691,-1e-06,3.139731,0.0,0.0,0.082005,-0.002626,camera_link,9.750001,gnm_closed_loop,,nominal,post-episode zero hold,True,ok,checkpoints/hospital_front_rgb_finetune/best.pt,4.7,0.3545,-0.2568,0.0886,-0.0057,0.3511,,,gnm_closed_loop,0.0,0.0,False,0,,h21_spawn_precheck,,probe,,,,,,,False,h2_weave_J,3.6702,True,,,0.0,0.0,False,zeroed_hold,False,
h21probe_H_s_20260710_014332,123,9.766667,1783644219.891239,4.105828,-4.499692,-0.0,3.139734,0.0,0.0,0.000333,-0.000582,camera_link,9.766667,gnm_closed_loop,,nominal,post-episode zero hold,True,ok,checkpoints/hospital_front_rgb_finetune/best.pt,4.7,0.3545,-0.2568,0.0886,-0.0057,0.3511,,,gnm_closed_loop,0.0,0.0,False,0,,h21_spawn_precheck,,probe,,,,,,,False,h2_weave_J,3.6702,True,,,0.0,0.0,False,zeroed_hold,False,
h21probe_H_s_20260710_014332,124,9.783334,1783644219.892976,4.105835,-4.49969,-0.0,3.139734,0.0,0.0,0.000333,-0.000582,camera_link,9.783334,gnm_closed_loop,,nominal,post-episode zero hold,True,ok,checkpoints/hospital_front_rgb_finetune/best.pt,4.7,0.3545,-0.2568,0.0886,-0.0057,0.3511,,,gnm_closed_loop,0.0,0.0,False,0,,h21_spawn_precheck,,probe,,,,,,,False,h2_weave_J,3.6702,True,,,0.0,0.0,False,zeroed_hold,False,
h21probe_H_s_20260710_014332,125,9.800001,1783644219.895264,4.105844,-4.499691,-0.0,3.139733,0.0,0.0,0.000333,-0.000582,camera_link,9.800001,gnm_closed_loop,,nominal,post-episode zero hold,True,ok,checkpoints/hospital_front_rgb_finetune/best.pt,4.7,0.3545,-0.2568,0.0886,-0.0057,0.3511,,,gnm_closed_loop,0.0,0.0,False,0,,h21_spawn_precheck,,probe,,,,,,,False,h2_weave_J,3.6702,True,,,0.0,0.0,False,zeroed_hold,False,
h21probe_H_s_20260710_014332,126,9.816667,1783644219.903759,4.105853,-4.499691,-0.0,3.139733,0.0,0.0,-0.000267,0.000912,camera_link,9.816667,gnm_closed_loop,,nominal,post-episode zero hold,True,ok,checkpoints/hospital_front_rgb_finetune/best.pt,4.7,0.3545,-0.2568,0.0886,-0.0057,0.3511,,,gnm_closed_loop,0.0,0.0,False,0,,h21_spawn_precheck,,probe,,,,,,,False,h2_weave_J,3.6703,True,,,0.0,0.0,False,zeroed_hold,False,
h21probe_H_s_20260710_014332,127,9.833334,1783644219.906142,4.105862,-4.499693,-0.0,3.139733,0.0,0.0,-0.000267,0.000912,camera_link,9.833334,gnm_closed_loop,,nominal,post-episode zero hold,True,ok,checkpoints/hospital_front_rgb_finetune/best.pt,4.7,0.3545,-0.2568,0.0886,-0.0057,0.3511,,,gnm_closed_loop,0.0,0.0,False,0,,h21_spawn_precheck,,probe,,,,,,,False,h2_weave_J,3.6703,True,,,0.0,0.0,False,zeroed_hold,False,
h21probe_H_s_20260710_014332,128,9.850001,1783644219.908277,4.10587,-4.499693,-0.0,3.139734,0.0,0.0,-0.000267,0.000912,camera_link,9.850001,gnm_closed_loop,,nominal,post-episode zero hold,True,ok,checkpoints/hospital_front_rgb_finetune/best.pt,4.7,0.3545,-0.2568,0.0886,-0.0057,0.3511,,,gnm_closed_loop,0.0,0.0,False,0,,h21_spawn_precheck,,probe,,,,,,,False,h2_weave_J,3.6703,True,,,0.0,0.0,False,zeroed_hold,False,
h21probe_H_s_20260710_014332,129,9.866667,1783644219.915443,4.10588,-4.499693,-0.0,3.139733,0.0,0.0,-0.000385,0.001014,camera_link,9.866667,gnm_closed_loop,,nominal,post-episode zero hold,True,ok,checkpoints/hospital_front_rgb_finetune/best.pt,4.7,0.3545,-0.2568,0.0886,-0.0057,0.3511,,,gnm_closed_loop,0.0,0.0,False,0,,h21_spawn_precheck,,probe,,,,,,,False,h2_weave_J,3.6703,True,,,0.0,0.0,False,zeroed_hold,False,
h21probe_H_s_20260710_014332,130,9.883334,1783644219.917241,4.105888,-4.49969,-0.0,3.139729,0.0,0.0,-0.000385,0.001014,camera_link,9.883334,gnm_closed_loop,,nominal,post-episode zero hold,True,ok,checkpoints/hospital_front_rgb_finetune/best.pt,4.7,0.3545,-0.2568,0.0886,-0.0057,0.3511,,,gnm_closed_loop,0.0,0.0,False,0,,h21_spawn_precheck,,probe,,,,,,,False,h2_weave_J,3.6703,True,,,0.0,0.0,False,zeroed_hold,False,
h21probe_H_s_20260710_014332,131,9.900001,1783644219.919018,4.105896,-4.49969,-0.0,3.139729,0.0,0.0,-0.000385,0.001014,camera_link,9.900001,gnm_closed_loop,,nominal,post-episode zero hold,True,ok,checkpoints/hospital_front_rgb_finetune/best.pt,4.7,0.3545,-0.2568,0.0886,-0.0057,0.3511,,,gnm_closed_loop,0.0,0.0,False,0,,h21_spawn_precheck,,probe,,,,,,,False,h2_weave_J,3.6703,True,,,0.0,0.0,False,zeroed_hold,False,
h21probe_H_s_20260710_014332,132,9.916667,1783644219.928397,4.105905,-4.499691,-0.0,3.139729,0.0,0.0,-0.000355,-4.3e-05,camera_link,9.916667,gnm_closed_loop,,nominal,post-episode zero hold,True,ok,checkpoints/hospital_front_rgb_finetune/best.pt,4.7,0.3545,-0.2568,0.0886,-0.0057,0.3511,,,gnm_closed_loop,0.0,0.0,False,0,,h21_spawn_precheck,,probe,,,,,,,False,h2_weave_J,3.6703,True,,,0.0,0.0,False,zeroed_hold,False,
h21probe_H_s_20260710_014332,133,9.933334,1783644219.930227,4.105913,-4.499691,-0.0,3.139729,0.0,0.0,-0.000355,-4.3e-05,camera_link,9.933334,gnm_closed_loop,,nominal,post-episode zero hold,True,ok,checkpoints/hospital_front_rgb_finetune/best.pt,4.7,0.3545,-0.2568,0.0886,-0.0057,0.3511,,,gnm_closed_loop,0.0,0.0,False,0,,h21_spawn_precheck,,probe,,,,,,,False,h2_weave_J,3.6703,True,,,0.0,0.0,False,zeroed_hold,False,
h21probe_H_s_20260710_014332,134,9.950001,1783644219.93184,4.105922,-4.499691,-0.0,3.139729,0.0,0.0,-0.000355,-4.3e-05,camera_link,9.950001,gnm_closed_loop,,nominal,post-episode zero hold,True,ok,checkpoints/hospital_front_rgb_finetune/best.pt,4.7,0.3545,-0.2568,0.0886,-0.0057,0.3511,,,gnm_closed_loop,0.0,0.0,False,0,,h21_spawn_precheck,,probe,,,,,,,False,h2_weave_J,3.6703,True,,,0.0,0.0,False,zeroed_hold,False,
h21probe_H_s_20260710_014332,135,9.966667,1783644219.942287,4.10593,-4.49969,-0.0,3.139729,0.0,0.0,-0.000342,-0.001342,camera_link,9.966667,gnm_closed_loop,,nominal,post-episode zero hold,True,ok,checkpoints/hospital_front_rgb_finetune/best.pt,4.7,0.3545,-0.2568,0.0886,-0.0057,0.3511,,,gnm_closed_loop,0.0,0.0,False,0,,h21_spawn_precheck,,probe,,,,,,,False,h2_weave_J,3.6703,True,,,0.0,0.0,False,zeroed_hold,False,
h21probe_H_s_20260710_014332,136,9.983334,1783644219.945735,4.105939,-4.499691,-0.0,3.139729,0.0,0.0,-0.000342,-0.001342,camera_link,9.983334,gnm_closed_loop,,nominal,post-episode zero hold,True,ok,checkpoints/hospital_front_rgb_finetune/best.pt,4.7,0.3545,-0.2568,0.0886,-0.0057,0.3511,,,gnm_closed_loop,0.0,0.0,False,0,,h21_spawn_precheck,,probe,,,,,,,False,h2_weave_J,3.6703,True,,,0.0,0.0,False,zeroed_hold,False,
h21probe_H_s_20260710_014332,137,10.000001,1783644219.948572,4.105947,-4.499689,-0.0,3.139728,0.0,0.0,-0.000342,-0.001342,camera_link,10.000001,gnm_closed_loop,,nominal,post-episode zero hold,True,ok,checkpoints/hospital_front_rgb_finetune/best.pt,4.7,0.3545,-0.2568,0.0886,-0.0057,0.3511,,,gnm_closed_loop,0.0,0.0,False,0,,h21_spawn_precheck,,probe,,,,,,,False,h2_weave_J,3.6703,True,,,0.0,0.0,False,zeroed_hold,False,
h21probe_H_s_20260710_014332,138,10.016667,1783644219.960318,4.105957,-4.499692,-0.0,3.139729,0.0,0.0,-0.000364,-0.001719,camera_link,10.016667,gnm_closed_loop,,nominal,post-episode zero hold,True,ok,checkpoints/hospital_front_rgb_finetune/best.pt,4.7,0.3545,-0.2568,0.0886,-0.0057,0.3511,,,gnm_closed_loop,0.0,0.0,False,0,,h21_spawn_precheck,,probe,,,,,,,False,h2_weave_J,3.6703,True,,,0.0,0.0,False,zeroed_hold,False,
h21probe_H_s_20260710_014332,139,10.033334,1783644219.96221,4.105965,-4.499692,-0.0,3.139729,0.0,0.0,-0.000364,-0.001719,camera_link,10.033334,gnm_closed_loop,,nominal,post-episode zero hold,True,ok,checkpoints/hospital_front_rgb_finetune/best.pt,4.7,0.3545,-0.2568,0.0886,-0.0057,0.3511,,,gnm_closed_loop,0.0,0.0,False,0,,h21_spawn_precheck,,probe,,,,,,,False,h2_weave_J,3.6703,True,,,0.0,0.0,False,zeroed_hold,False,
h21probe_H_s_20260710_014332,140,10.050001,1783644219.96419,4.105974,-4.49969,-1e-06,3.139735,0.0,0.0,-0.000364,-0.001719,camera_link,10.050001,gnm_closed_loop,,nominal,post-episode zero hold,True,ok,checkpoints/hospital_front_rgb_finetune/best.pt,4.7,0.3545,-0.2568,0.0886,-0.0057,0.3511,,,gnm_closed_loop,0.0,0.0,False,0,,h21_spawn_precheck,,probe,,,,,,,False,h2_weave_J,3.6703,True,,,0.0,0.0,False,zeroed_hold,False,
h21probe_H_s_20260710_014332,141,10.066667,1783644219.971385,4.105982,-4.499692,-0.0,3.139736,0.0,0.0,-0.000332,0.000986,camera_link,10.066667,gnm_closed_loop,,nominal,post-episode zero hold,True,ok,checkpoints/hospital_front_rgb_finetune/best.pt,4.7,0.3545,-0.2568,0.0886,-0.0057,0.3511,,,gnm_closed_loop,0.0,0.0,False,0,,h21_spawn_precheck,,probe,,,,,,,False,h2_weave_J,3.6703,True,,,0.0,0.0,False,zeroed_hold,False,
h21probe_H_s_20260710_014332,142,10.083334,1783644219.973234,4.105991,-4.499691,-0.0,3.139735,0.0,0.0,-0.000332,0.000986,camera_link,10.083334,gnm_closed_loop,,nominal,post-episode zero hold,True,ok,checkpoints/hospital_front_rgb_finetune/best.pt,4.7,0.3545,-0.2568,0.0886,-0.0057,0.3511,,,gnm_closed_loop,0.0,0.0,False,0,,h21_spawn_precheck,,probe,,,,,,,False,h2_weave_J,3.6703,True,,,0.0,0.0,False,zeroed_hold,False,
h21probe_H_s_20260710_014332,143,10.100001,1783644219.975085,4.106,-4.499692,-0.0,3.139735,0.0,0.0,-0.000332,0.000986,camera_link,10.100001,gnm_closed_loop,,nominal,post-episode zero hold,True,ok,checkpoints/hospital_front_rgb_finetune/best.pt,4.7,0.3545,-0.2568,0.0886,-0.0057,0.3511,,,gnm_closed_loop,0.0,0.0,False,0,,h21_spawn_precheck,,probe,,,,,,,False,h2_weave_J,3.6703,True,,,0.0,0.0,False,zeroed_hold,False,
h21probe_H_s_20260710_014332,144,10.116667,1783644219.985494,4.106008,-4.499691,-0.0,3.139734,0.0,0.0,-0.000383,0.002999,camera_link,10.116667,gnm_closed_loop,,nominal,post-episode zero hold,True,ok,checkpoints/hospital_front_rgb_finetune/best.pt,4.7,0.3545,-0.2568,0.0886,-0.0057,0.3511,,,gnm_closed_loop,0.0,0.0,False,0,,h21_spawn_precheck,,probe,,,,,,,False,h2_weave_J,3.6703,True,,,0.0,0.0,False,zeroed_hold,False,
h21probe_H_s_20260710_014332,145,10.133334,1783644219.986974,4.106008,-4.499691,-0.0,3.139734,0.0,0.0,-0.000383,0.002999,camera_link,10.133334,gnm_closed_loop,,nominal,post-episode zero hold,True,ok,checkpoints/hospital_front_rgb_finetune/best.pt,4.7,0.3545,-0.2568,0.0886,-0.0057,0.3511,,,gnm_closed_loop,0.0,0.0,False,0,,h21_spawn_precheck,,probe,,,,,,,False,h2_weave_J,3.6703,True,,,0.0,0.0,False,zeroed_hold,False,
h21probe_H_s_20260710_014332,146,10.150001,1783644219.988776,4.106008,-4.499691,-0.0,3.139734,0.0,0.0,-0.000383,0.002999,camera_link,10.150001,gnm_closed_loop,,nominal,post-episode zero hold,True,ok,checkpoints/hospital_front_rgb_finetune/best.pt,4.7,0.3545,-0.2568,0.0886,-0.0057,0.3511,,,gnm_closed_loop,0.0,0.0,False,0,,h21_spawn_precheck,,probe,,,,,,,False,h2_weave_J,3.6703,True,,,0.0,0.0,False,zeroed_hold,False,
h21probe_H_s_20260710_014332,147,10.166667,1783644219.997724,4.106008,-4.499691,-0.0,3.139734,0.0,0.0,-0.000383,0.002999,camera_link,10.166667,gnm_closed_loop,,nominal,post-episode zero hold,True,ok,checkpoints/hospital_front_rgb_finetune/best.pt,4.7,0.3545,-0.2568,0.0886,-0.0057,0.3511,,,gnm_closed_loop,0.0,0.0,False,0,,h21_spawn_precheck,,probe,,,,,,,False,h2_weave_J,3.6703,True,,,0.0,0.0,False,zeroed_hold,False,
h21probe_H_s_20260710_014332,148,10.183334,1783644219.999001,4.106008,-4.499691,-0.0,3.139734,0.0,0.0,-0.000383,0.002999,camera_link,10.183334,gnm_closed_loop,,nominal,post-episode zero hold,True,ok,checkpoints/hospital_front_rgb_finetune/best.pt,4.7,0.3545,-0.2568,0.0886,-0.0057,0.3511,,,gnm_closed_loop,0.0,0.0,False,0,,h21_spawn_precheck,,probe,,,,,,,False,h2_weave_J,3.6703,True,,,0.0,0.0,False,zeroed_hold,False,
h21probe_H_s_20260710_014332,149,10.200001,1783644220.000042,4.106008,-4.499691,-0.0,3.139734,0.0,0.0,-0.000383,0.002999,camera_link,10.200001,gnm_closed_loop,,nominal,post-episode zero hold,True,ok,checkpoints/hospital_front_rgb_finetune/best.pt,4.7,0.3545,-0.2568,0.0886,-0.0057,0.3511,,,gnm_closed_loop,0.0,0.0,False,0,,h21_spawn_precheck,,probe,,,,,,,False,h2_weave_J,3.6703,True,,,0.0,0.0,False,zeroed_hold,False,
h21probe_H_s_20260710_014332,150,10.216667,1783644220.008513,4.106008,-4.499691,-0.0,3.139734,0.0,0.0,-0.000383,0.002999,camera_link,10.216667,gnm_closed_loop,,nominal,post-episode zero hold,True,ok,checkpoints/hospital_front_rgb_finetune/best.pt,4.7,0.3545,-0.2568,0.0886,-0.0057,0.3511,,,gnm_closed_loop,0.0,0.0,False,0,,h21_spawn_precheck,,probe,,,,,,,False,h2_weave_J,3.6703,True,,,0.0,0.0,False,zeroed_hold,False,
h21probe_H_s_20260710_014332,151,10.233334,1783644220.009769,4.106008,-4.499691,-0.0,3.139734,0.0,0.0,-0.000383,0.002999,camera_link,10.233334,gnm_closed_loop,,nominal,post-episode zero hold,True,ok,checkpoints/hospital_front_rgb_finetune/best.pt,4.7,0.3545,-0.2568,0.0886,-0.0057,0.3511,,,gnm_closed_loop,0.0,0.0,False,0,,h21_spawn_precheck,,probe,,,,,,,False,h2_weave_J,3.6703,True,,,0.0,0.0,False,zeroed_hold,False,
h21probe_H_s_20260710_014332,152,10.250001,1783644220.010895,4.106008,-4.499691,-0.0,3.139734,0.0,0.0,-0.000383,0.002999,camera_link,10.250001,gnm_closed_loop,,nominal,post-episode zero hold,True,ok,checkpoints/hospital_front_rgb_finetune/best.pt,4.7,0.3545,-0.2568,0.0886,-0.0057,0.3511,,,gnm_closed_loop,0.0,0.0,False,0,,h21_spawn_precheck,,probe,,,,,,,False,h2_weave_J,3.6703,True,,,0.0,0.0,False,zeroed_hold,False,
h21probe_H_s_20260710_014332,153,10.266667,1783644220.018992,4.106008,-4.499691,-0.0,3.139734,0.0,0.0,-0.000383,0.002999,camera_link,10.266667,gnm_closed_loop,,nominal,post-episode zero hold,True,ok,checkpoints/hospital_front_rgb_finetune/best.pt,4.7,0.3545,-0.2568,0.0886,-0.0057,0.3511,,,gnm_closed_loop,0.0,0.0,False,0,,h21_spawn_precheck,,probe,,,,,,,False,h2_weave_J,3.6703,True,,,0.0,0.0,False,zeroed_hold,False,
h21probe_H_s_20260710_014332,154,10.283334,1783644220.020215,4.106008,-4.499691,-0.0,3.139734,0.0,0.0,-0.000383,0.002999,camera_link,10.283334,gnm_closed_loop,,nominal,post-episode zero hold,True,ok,checkpoints/hospital_front_rgb_finetune/best.pt,4.7,0.3545,-0.2568,0.0886,-0.0057,0.3511,,,gnm_closed_loop,0.0,0.0,False,0,,h21_spawn_precheck,,probe,,,,,,,False,h2_weave_J,3.6703,True,,,0.0,0.0,False,zeroed_hold,False,
h21probe_H_s_20260710_014332,155,10.300001,1783644220.02119,4.106008,-4.499691,-0.0,3.139734,0.0,0.0,-0.000383,0.002999,camera_link,10.300001,gnm_closed_loop,,nominal,post-episode zero hold,True,ok,checkpoints/hospital_front_rgb_finetune/best.pt,4.7,0.3545,-0.2568,0.0886,-0.0057,0.3511,,,gnm_closed_loop,0.0,0.0,False,0,,h21_spawn_precheck,,probe,,,,,,,False,h2_weave_J,3.6703,True,,,0.0,0.0,False,zeroed_hold,False,
h21probe_H_s_20260710_014332,156,10.316667,1783644220.030957,4.106008,-4.499691,-0.0,3.139734,0.0,0.0,-0.000383,0.002999,camera_link,10.316667,gnm_closed_loop,,nominal,post-episode zero hold,True,ok,checkpoints/hospital_front_rgb_finetune/best.pt,4.7,0.3545,-0.2568,0.0886,-0.0057,0.3511,,,gnm_closed_loop,0.0,0.0,False,0,,h21_spawn_precheck,,probe,,,,,,,False,h2_weave_J,3.6703,True,,,0.0,0.0,False,zeroed_hold,False,
h21probe_H_s_20260710_014332,157,10.333334,1783644220.032173,4.106008,-4.499691,-0.0,3.139734,0.0,0.0,-0.000383,0.002999,camera_link,10.333334,gnm_closed_loop,,nominal,post-episode zero hold,True,ok,checkpoints/hospital_front_rgb_finetune/best.pt,4.7,0.3545,-0.2568,0.0886,-0.0057,0.3511,,,gnm_closed_loop,0.0,0.0,False,0,,h21_spawn_precheck,,probe,,,,,,,False,h2_weave_J,3.6703,True,,,0.0,0.0,False,zeroed_hold,False,
h21probe_H_s_20260710_014332,158,10.350001,1783644220.033293,4.106008,-4.499691,-0.0,3.139734,0.0,0.0,-0.000383,0.002999,camera_link,10.350001,gnm_closed_loop,,nominal,post-episode zero hold,True,ok,checkpoints/hospital_front_rgb_finetune/best.pt,4.7,0.3545,-0.2568,0.0886,-0.0057,0.3511,,,gnm_closed_loop,0.0,0.0,False,0,,h21_spawn_precheck,,probe,,,,,,,False,h2_weave_J,3.6703,True,,,0.0,0.0,False,zeroed_hold,False,
h21probe_H_s_20260710_014332,159,10.366667,1783644220.040336,4.106008,-4.499691,-0.0,3.139734,0.0,0.0,-0.000383,0.002999,camera_link,10.366667,gnm_closed_loop,,nominal,post-episode zero hold,True,ok,checkpoints/hospital_front_rgb_finetune/best.pt,4.7,0.3545,-0.2568,0.0886,-0.0057,0.3511,,,gnm_closed_loop,0.0,0.0,False,0,,h21_spawn_precheck,,probe,,,,,,,False,h2_weave_J,3.6703,True,,,0.0,0.0,False,zeroed_hold,False,
h21probe_H_s_20260710_014332,160,10.383334,1783644220.041999,4.106008,-4.499691,-0.0,3.139734,0.0,0.0,-0.000383,0.002999,camera_link,10.383334,gnm_closed_loop,,nominal,post-episode zero hold,True,ok,checkpoints/hospital_front_rgb_finetune/best.pt,4.7,0.3545,-0.2568,0.0886,-0.0057,0.3511,,,gnm_closed_loop,0.0,0.0,False,0,,h21_spawn_precheck,,probe,,,,,,,False,h2_weave_J,3.6703,True,,,0.0,0.0,False,zeroed_hold,False,
h21probe_H_s_20260710_014332,161,10.400001,1783644220.043432,4.106008,-4.499691,-0.0,3.139734,0.0,0.0,-0.000383,0.002999,camera_link,10.400001,gnm_closed_loop,,nominal,post-episode zero hold,True,ok,checkpoints/hospital_front_rgb_finetune/best.pt,4.7,0.3545,-0.2568,0.0886,-0.0057,0.3511,,,gnm_closed_loop,0.0,0.0,False,0,,h21_spawn_precheck,,probe,,,,,,,False,h2_weave_J,3.6703,True,,,0.0,0.0,False,zeroed_hold,False,
h21probe_H_s_20260710_014332,162,10.416667,1783644220.052668,4.106008,-4.499691,-0.0,3.139734,0.0,0.0,-0.000383,0.002999,camera_link,10.416667,gnm_closed_loop,,nominal,post-episode zero hold,True,ok,checkpoints/hospital_front_rgb_finetune/best.pt,4.7,0.3545,-0.2568,0.0886,-0.0057,0.3511,,,gnm_closed_loop,0.0,0.0,False,0,,h21_spawn_precheck,,probe,,,,,,,False,h2_weave_J,3.6703,True,,,0.0,0.0,False,zeroed_hold,False,
h21probe_H_s_20260710_014332,163,10.433334,1783644220.054649,4.106008,-4.499691,-0.0,3.139734,0.0,0.0,-0.000383,0.002999,camera_link,10.433334,gnm_closed_loop,,nominal,post-episode zero hold,True,ok,checkpoints/hospital_front_rgb_finetune/best.pt,4.7,0.3545,-0.2568,0.0886,-0.0057,0.3511,,,gnm_closed_loop,0.0,0.0,False,0,,h21_spawn_precheck,,probe,,,,,,,False,h2_weave_J,3.6703,True,,,0.0,0.0,False,zeroed_hold,False,
h21probe_H_s_20260710_014332,164,10.450001,1783644220.056029,4.106008,-4.499691,-0.0,3.139734,0.0,0.0,-0.000383,0.002999,camera_link,10.450001,gnm_closed_loop,,nominal,post-episode zero hold,True,ok,checkpoints/hospital_front_rgb_finetune/best.pt,4.7,0.3545,-0.2568,0.0886,-0.0057,0.3511,,,gnm_closed_loop,0.0,0.0,False,0,,h21_spawn_precheck,,probe,,,,,,,False,h2_weave_J,3.6703,True,,,0.0,0.0,False,zeroed_hold,False,
h21probe_H_s_20260710_014332,165,10.466667,1783644220.066916,4.106008,-4.499691,-0.0,3.139734,0.0,0.0,-0.000383,0.002999,camera_link,10.466667,gnm_closed_loop,,nominal,post-episode zero hold,True,ok,checkpoints/hospital_front_rgb_finetune/best.pt,4.7,0.3545,-0.2568,0.0886,-0.0057,0.3511,,,gnm_closed_loop,0.0,0.0,False,0,,h21_spawn_precheck,,probe,,,,,,,False,h2_weave_J,3.6703,True,,,0.0,0.0,False,zeroed_hold,False,
h21probe_H_s_20260710_014332,166,10.483334,1783644220.068839,4.106008,-4.499691,-0.0,3.139734,0.0,0.0,-0.000383,0.002999,camera_link,10.483334,gnm_closed_loop,,nominal,post-episode zero hold,True,ok,checkpoints/hospital_front_rgb_finetune/best.pt,4.7,0.3545,-0.2568,0.0886,-0.0057,0.3511,,,gnm_closed_loop,0.0,0.0,False,0,,h21_spawn_precheck,,probe,,,,,,,False,h2_weave_J,3.6703,True,,,0.0,0.0,False,zeroed_hold,False,
h21probe_H_s_20260710_014332,167,10.500001,1783644220.070629,4.106008,-4.499691,-0.0,3.139734,0.0,0.0,-0.000383,0.002999,camera_link,10.500001,gnm_closed_loop,,nominal,post-episode zero hold,True,ok,checkpoints/hospital_front_rgb_finetune/best.pt,4.7,0.3545,-0.2568,0.0886,-0.0057,0.3511,,,gnm_closed_loop,0.0,0.0,False,0,,h21_spawn_precheck,,probe,,,,,,,False,h2_weave_J,3.6703,True,,,0.0,0.0,False,zeroed_hold,False,
h21probe_H_s_20260710_014332,168,10.516667,1783644220.084359,4.106008,-4.499691,-0.0,3.139734,0.0,0.0,-0.000383,0.002999,camera_link,10.516667,gnm_closed_loop,,nominal,post-episode zero hold,True,ok,checkpoints/hospital_front_rgb_finetune/best.pt,4.7,0.3545,-0.2568,0.0886,-0.0057,0.3511,,,gnm_closed_loop,0.0,0.0,False,0,,h21_spawn_precheck,,probe,,,,,,,False,h2_weave_J,3.6703,True,,,0.0,0.0,False,zeroed_hold,False,
h21probe_H_s_20260710_014332,169,10.533334,1783644220.086542,4.106008,-4.499691,-0.0,3.139734,0.0,0.0,-0.000383,0.002999,camera_link,10.533334,gnm_closed_loop,,nominal,post-episode zero hold,True,ok,checkpoints/hospital_front_rgb_finetune/best.pt,4.7,0.3545,-0.2568,0.0886,-0.0057,0.3511,,,gnm_closed_loop,0.0,0.0,False,0,,h21_spawn_precheck,,probe,,,,,,,False,h2_weave_J,3.6703,True,,,0.0,0.0,False,zeroed_hold,False,
h21probe_H_s_20260710_014332,170,10.550001,1783644220.090241,4.106008,-4.499691,-0.0,3.139734,0.0,0.0,-0.000383,0.002999,camera_link,10.550001,gnm_closed_loop,,nominal,post-episode zero hold,True,ok,checkpoints/hospital_front_rgb_finetune/best.pt,4.7,0.3545,-0.2568,0.0886,-0.0057,0.3511,,,gnm_closed_loop,0.0,0.0,False,0,,h21_spawn_precheck,,probe,,,,,,,False,h2_weave_J,3.6703,True,,,0.0,0.0,False,zeroed_hold,False,
h21probe_H_s_20260710_014332,171,10.566667,1783644220.109602,4.106008,-4.499691,-0.0,3.139734,0.0,0.0,-0.000383,0.002999,camera_link,10.566667,gnm_closed_loop,,nominal,post-episode zero hold,True,ok,checkpoints/hospital_front_rgb_finetune/best.pt,4.7,0.3545,-0.2568,0.0886,-0.0057,0.3511,,,gnm_closed_loop,0.0,0.0,False,0,,h21_spawn_precheck,,probe,,,,,,,False,h2_weave_J,3.6703,True,,,0.0,0.0,False,zeroed_hold,False,
h21probe_H_s_20260710_014332,172,10.583334,1783644220.111691,4.106008,-4.499691,-0.0,3.139734,0.0,0.0,-0.000383,0.002999,camera_link,10.583334,gnm_closed_loop,,nominal,post-episode zero hold,True,ok,checkpoints/hospital_front_rgb_finetune/best.pt,4.7,0.3545,-0.2568,0.0886,-0.0057,0.3511,,,gnm_closed_loop,0.0,0.0,False,0,,h21_spawn_precheck,,probe,,,,,,,False,h2_weave_J,3.6703,True,,,0.0,0.0,False,zeroed_hold,False,
h21probe_H_s_20260710_014332,173,10.600001,1783644220.113311,4.106008,-4.499691,-0.0,3.139734,0.0,0.0,-0.000383,0.002999,camera_link,10.600001,gnm_closed_loop,,nominal,post-episode zero hold,True,ok,checkpoints/hospital_front_rgb_finetune/best.pt,4.7,0.3545,-0.2568,0.0886,-0.0057,0.3511,,,gnm_closed_loop,0.0,0.0,False,0,,h21_spawn_precheck,,probe,,,,,,,False,h2_weave_J,3.6703,True,,,0.0,0.0,False,zeroed_hold,False,
h21probe_H_s_20260710_014332,174,10.616667,1783644220.120026,4.106008,-4.499691,-0.0,3.139734,0.0,0.0,-0.000383,0.002999,camera_link,10.616667,gnm_closed_loop,,nominal,post-episode zero hold,True,ok,checkpoints/hospital_front_rgb_finetune/best.pt,4.7,0.3545,-0.2568,0.0886,-0.0057,0.3511,,,gnm_closed_loop,0.0,0.0,False,0,,h21_spawn_precheck,,probe,,,,,,,False,h2_weave_J,3.6703,True,,,0.0,0.0,False,zeroed_hold,False,
h21probe_H_s_20260710_014332,175,10.633334,1783644220.121104,4.106008,-4.499691,-0.0,3.139734,0.0,0.0,-0.000383,0.002999,camera_link,10.633334,gnm_closed_loop,,nominal,post-episode zero hold,True,ok,checkpoints/hospital_front_rgb_finetune/best.pt,4.7,0.3545,-0.2568,0.0886,-0.0057,0.3511,,,gnm_closed_loop,0.0,0.0,False,0,,h21_spawn_precheck,,probe,,,,,,,False,h2_weave_J,3.6703,True,,,0.0,0.0,False,zeroed_hold,False,
h21probe_H_s_20260710_014332,176,10.650001,1783644220.122009,4.106008,-4.499691,-0.0,3.139734,0.0,0.0,-0.000383,0.002999,camera_link,10.650001,gnm_closed_loop,,nominal,post-episode zero hold,True,ok,checkpoints/hospital_front_rgb_finetune/best.pt,4.7,0.3545,-0.2568,0.0886,-0.0057,0.3511,,,gnm_closed_loop,0.0,0.0,False,0,,h21_spawn_precheck,,probe,,,,,,,False,h2_weave_J,3.6703,True,,,0.0,0.0,False,zeroed_hold,False,
h21probe_H_s_20260710_014332,177,10.666667,1783644220.12894,4.106008,-4.499691,-0.0,3.139734,0.0,0.0,-0.000383,0.002999,camera_link,10.666667,gnm_closed_loop,,nominal,post-episode zero hold,True,ok,checkpoints/hospital_front_rgb_finetune/best.pt,4.7,0.3545,-0.2568,0.0886,-0.0057,0.3511,,,gnm_closed_loop,0.0,0.0,False,0,,h21_spawn_precheck,,probe,,,,,,,False,h2_weave_J,3.6703,True,,,0.0,0.0,False,zeroed_hold,False,
h21probe_H_s_20260710_014332,178,10.683334,1783644220.130145,4.106008,-4.499691,-0.0,3.139734,0.0,0.0,-0.000383,0.002999,camera_link,10.683334,gnm_closed_loop,,nominal,post-episode zero hold,True,ok,checkpoints/hospital_front_rgb_finetune/best.pt,4.7,0.3545,-0.2568,0.0886,-0.0057,0.3511,,,gnm_closed_loop,0.0,0.0,False,0,,h21_spawn_precheck,,probe,,,,,,,False,h2_weave_J,3.6703,True,,,0.0,0.0,False,zeroed_hold,False,
h21probe_H_s_20260710_014332,179,10.700001,1783644220.131449,4.106008,-4.499691,-0.0,3.139734,0.0,0.0,-0.000383,0.002999,camera_link,10.700001,gnm_closed_loop,,nominal,post-episode zero hold,True,ok,checkpoints/hospital_front_rgb_finetune/best.pt,4.7,0.3545,-0.2568,0.0886,-0.0057,0.3511,,,gnm_closed_loop,0.0,0.0,False,0,,h21_spawn_precheck,,probe,,,,,,,False,h2_weave_J,3.6703,True,,,0.0,0.0,False,zeroed_hold,False,
h21probe_H_s_20260710_014332,180,10.716667,1783644220.144855,4.106008,-4.499691,-0.0,3.139734,0.0,0.0,-0.000383,0.002999,camera_link,10.716667,gnm_closed_loop,,nominal,post-episode zero hold,True,ok,checkpoints/hospital_front_rgb_finetune/best.pt,4.7,0.3545,-0.2568,0.0886,-0.0057,0.3511,,,gnm_closed_loop,0.0,0.0,False,0,,h21_spawn_precheck,,probe,,,,,,,False,h2_weave_J,3.6703,True,,,0.0,0.0,False,zeroed_hold,False,
h21probe_H_s_20260710_014332,181,10.733334,1783644220.148293,4.106008,-4.499691,-0.0,3.139734,0.0,0.0,-0.000383,0.002999,camera_link,10.733334,gnm_closed_loop,,nominal,post-episode zero hold,True,ok,checkpoints/hospital_front_rgb_finetune/best.pt,4.7,0.3545,-0.2568,0.0886,-0.0057,0.3511,,,gnm_closed_loop,0.0,0.0,False,0,,h21_spawn_precheck,,probe,,,,,,,False,h2_weave_J,3.6703,True,,,0.0,0.0,False,zeroed_hold,False,
h21probe_H_s_20260710_014332,182,10.750001,1783644220.152997,4.106008,-4.499691,-0.0,3.139734,0.0,0.0,-0.000383,0.002999,camera_link,10.750001,gnm_closed_loop,,nominal,post-episode zero hold,True,ok,checkpoints/hospital_front_rgb_finetune/best.pt,4.7,0.3545,-0.2568,0.0886,-0.0057,0.3511,,,gnm_closed_loop,0.0,0.0,False,0,,h21_spawn_precheck,,probe,,,,,,,False,h2_weave_J,3.6703,True,,,0.0,0.0,False,zeroed_hold,False,
h21probe_H_s_20260710_014332,183,10.766667,1783644220.181684,4.106008,-4.499691,-0.0,3.139734,0.0,0.0,-0.000383,0.002999,camera_link,10.766667,gnm_closed_loop,,nominal,post-episode zero hold,True,ok,checkpoints/hospital_front_rgb_finetune/best.pt,4.7,0.3545,-0.2568,0.0886,-0.0057,0.3511,,,gnm_closed_loop,0.0,0.0,False,0,,h21_spawn_precheck,,probe,,,,,,,False,h2_weave_J,3.6703,True,,,0.0,0.0,False,zeroed_hold,False,
h21probe_H_s_20260710_014332,184,10.783334,1783644220.184993,4.106008,-4.499691,-0.0,3.139734,0.0,0.0,-0.000383,0.002999,camera_link,10.783334,gnm_closed_loop,,nominal,post-episode zero hold,True,ok,checkpoints/hospital_front_rgb_finetune/best.pt,4.7,0.3545,-0.2568,0.0886,-0.0057,0.3511,,,gnm_closed_loop,0.0,0.0,False,0,,h21_spawn_precheck,,probe,,,,,,,False,h2_weave_J,3.6703,True,,,0.0,0.0,False,zeroed_hold,False,
h21probe_H_s_20260710_014332,185,10.800001,1783644220.189097,4.106008,-4.499691,-0.0,3.139734,0.0,0.0,-0.000383,0.002999,camera_link,10.800001,gnm_closed_loop,,nominal,post-episode zero hold,True,ok,checkpoints/hospital_front_rgb_finetune/best.pt,4.7,0.3545,-0.2568,0.0886,-0.0057,0.3511,,,gnm_closed_loop,0.0,0.0,False,0,,h21_spawn_precheck,,probe,,,,,,,False,h2_weave_J,3.6703,True,,,0.0,0.0,False,zeroed_hold,False,
h21probe_H_s_20260710_014332,186,10.816667,1783644220.212914,4.106008,-4.499691,-0.0,3.139734,0.0,0.0,-0.000383,0.002999,camera_link,10.816667,gnm_closed_loop,,nominal,post-episode zero hold,True,ok,checkpoints/hospital_front_rgb_finetune/best.pt,4.7,0.3545,-0.2568,0.0886,-0.0057,0.3511,,,gnm_closed_loop,0.0,0.0,False,0,,h21_spawn_precheck,,probe,,,,,,,False,h2_weave_J,3.6703,True,,,0.0,0.0,False,zeroed_hold,False,
h21probe_H_s_20260710_014332,187,10.833334,1783644220.218727,4.106008,-4.499691,-0.0,3.139734,0.0,0.0,-0.000383,0.002999,camera_link,10.833334,gnm_closed_loop,,nominal,post-episode zero hold,True,ok,checkpoints/hospital_front_rgb_finetune/best.pt,4.7,0.3545,-0.2568,0.0886,-0.0057,0.3511,,,gnm_closed_loop,0.0,0.0,False,0,,h21_spawn_precheck,,probe,,,,,,,False,h2_weave_J,3.6703,True,,,0.0,0.0,False,zeroed_hold,False,
h21probe_H_s_20260710_014332,188,10.850001,1783644220.223301,4.106008,-4.499691,-0.0,3.139734,0.0,0.0,-0.000383,0.002999,camera_link,10.850001,gnm_closed_loop,,nominal,post-episode zero hold,True,ok,checkpoints/hospital_front_rgb_finetune/best.pt,4.7,0.3545,-0.2568,0.0886,-0.0057,0.3511,,,gnm_closed_loop,0.0,0.0,False,0,,h21_spawn_precheck,,probe,,,,,,,False,h2_weave_J,3.6703,True,,,0.0,0.0,False,zeroed_hold,False,
h21probe_H_s_20260710_014332,189,10.866667,1783644220.248498,4.106008,-4.499691,-0.0,3.139734,0.0,0.0,-0.000383,0.002999,camera_link,10.866667,gnm_closed_loop,,nominal,post-episode zero hold,True,ok,checkpoints/hospital_front_rgb_finetune/best.pt,4.7,0.3545,-0.2568,0.0886,-0.0057,0.3511,,,gnm_closed_loop,0.0,0.0,False,0,,h21_spawn_precheck,,probe,,,,,,,False,h2_weave_J,3.6703,True,,,0.0,0.0,False,zeroed_hold,False,
h21probe_H_s_20260710_014332,190,10.883334,1783644220.252511,4.106008,-4.499691,-0.0,3.139734,0.0,0.0,-0.000383,0.002999,camera_link,10.883334,gnm_closed_loop,,nominal,post-episode zero hold,True,ok,checkpoints/hospital_front_rgb_finetune/best.pt,4.7,0.3545,-0.2568,0.0886,-0.0057,0.3511,,,gnm_closed_loop,0.0,0.0,False,0,,h21_spawn_precheck,,probe,,,,,,,False,h2_weave_J,3.6703,True,,,0.0,0.0,False,zeroed_hold,False,
h21probe_H_s_20260710_014332,191,10.900001,1783644220.256093,4.106008,-4.499691,-0.0,3.139734,0.0,0.0,-0.000383,0.002999,camera_link,10.900001,gnm_closed_loop,,nominal,post-episode zero hold,True,ok,checkpoints/hospital_front_rgb_finetune/best.pt,4.7,0.3545,-0.2568,0.0886,-0.0057,0.3511,,,gnm_closed_loop,0.0,0.0,False,0,,h21_spawn_precheck,,probe,,,,,,,False,h2_weave_J,3.6703,True,,,0.0,0.0,False,zeroed_hold,False,
h21probe_H_s_20260710_014332,192,10.916667,1783644220.271582,4.106008,-4.499691,-0.0,3.139734,0.0,0.0,-0.000383,0.002999,camera_link,10.916667,gnm_closed_loop,,nominal,post-episode zero hold,True,ok,checkpoints/hospital_front_rgb_finetune/best.pt,4.7,0.3545,-0.2568,0.0886,-0.0057,0.3511,,,gnm_closed_loop,0.0,0.0,False,0,,h21_spawn_precheck,,probe,,,,,,,False,h2_weave_J,3.6703,True,,,0.0,0.0,False,zeroed_hold,False,
h21probe_H_s_20260710_014332,193,10.933334,1783644220.273932,4.106008,-4.499691,-0.0,3.139734,0.0,0.0,-0.000383,0.002999,camera_link,10.933334,gnm_closed_loop,,nominal,post-episode zero hold,True,ok,checkpoints/hospital_front_rgb_finetune/best.pt,4.7,0.3545,-0.2568,0.0886,-0.0057,0.3511,,,gnm_closed_loop,0.0,0.0,False,0,,h21_spawn_precheck,,probe,,,,,,,False,h2_weave_J,3.6703,True,,,0.0,0.0,False,zeroed_hold,False,
h21probe_H_s_20260710_014332,194,10.950001,1783644220.278036,4.106008,-4.499691,-0.0,3.139734,0.0,0.0,-0.000383,0.002999,camera_link,10.950001,gnm_closed_loop,,nominal,post-episode zero hold,True,ok,checkpoints/hospital_front_rgb_finetune/best.pt,4.7,0.3545,-0.2568,0.0886,-0.0057,0.3511,,,gnm_closed_loop,0.0,0.0,False,0,,h21_spawn_precheck,,probe,,,,,,,False,h2_weave_J,3.6703,True,,,0.0,0.0,False,zeroed_hold,False,
h21probe_H_s_20260710_014332,195,10.966667,1783644220.293737,4.106008,-4.499691,-0.0,3.139734,0.0,0.0,-0.000383,0.002999,camera_link,10.966667,gnm_closed_loop,,nominal,post-episode zero hold,True,ok,checkpoints/hospital_front_rgb_finetune/best.pt,4.7,0.3545,-0.2568,0.0886,-0.0057,0.3511,,,gnm_closed_loop,0.0,0.0,False,0,,h21_spawn_precheck,,probe,,,,,,,False,h2_weave_J,3.6703,True,,,0.0,0.0,False,zeroed_hold,False,
h21probe_H_s_20260710_014332,196,10.983334,1783644220.296594,4.106008,-4.499691,-0.0,3.139734,0.0,0.0,-0.000383,0.002999,camera_link,10.983334,gnm_closed_loop,,nominal,post-episode zero hold,True,ok,checkpoints/hospital_front_rgb_finetune/best.pt,4.7,0.3545,-0.2568,0.0886,-0.0057,0.3511,,,gnm_closed_loop,0.0,0.0,False,0,,h21_spawn_precheck,,probe,,,,,,,False,h2_weave_J,3.6703,True,,,0.0,0.0,False,zeroed_hold,False,
h21probe_H_s_20260710_014332,197,11.000001,1783644220.299426,4.106008,-4.499691,-0.0,3.139734,0.0,0.0,-0.000383,0.002999,camera_link,11.000001,gnm_closed_loop,,nominal,post-episode zero hold,True,ok,checkpoints/hospital_front_rgb_finetune/best.pt,4.7,0.3545,-0.2568,0.0886,-0.0057,0.3511,,,gnm_closed_loop,0.0,0.0,False,0,,h21_spawn_precheck,,probe,,,,,,,False,h2_weave_J,3.6703,True,,,0.0,0.0,False,zeroed_hold,False,
h21probe_H_s_20260710_014332,198,11.016667,1783644220.323826,4.106008,-4.499691,-0.0,3.139734,0.0,0.0,-0.000383,0.002999,camera_link,11.016667,gnm_closed_loop,,nominal,post-episode zero hold,True,ok,checkpoints/hospital_front_rgb_finetune/best.pt,4.7,0.3545,-0.2568,0.0886,-0.0057,0.3511,,,gnm_closed_loop,0.0,0.0,False,0,,h21_spawn_precheck,,probe,,,,,,,False,h2_weave_J,3.6703,True,,,0.0,0.0,False,zeroed_hold,False,
h21probe_H_s_20260710_014332,199,11.033334,1783644220.327146,4.106008,-4.499691,-0.0,3.139734,0.0,0.0,-0.000383,0.002999,camera_link,11.033334,gnm_closed_loop,,nominal,post-episode zero hold,True,ok,checkpoints/hospital_front_rgb_finetune/best.pt,4.7,0.3545,-0.2568,0.0886,-0.0057,0.3511,,,gnm_closed_loop,0.0,0.0,False,0,,h21_spawn_precheck,,probe,,,,,,,False,h2_weave_J,3.6703,True,,,0.0,0.0,False,zeroed_hold,False,
h21probe_H_s_20260710_014332,200,11.050001,1783644220.331449,4.106008,-4.499691,-0.0,3.139734,0.0,0.0,-0.000383,0.002999,camera_link,11.050001,gnm_closed_loop,,nominal,post-episode zero hold,True,ok,checkpoints/hospital_front_rgb_finetune/best.pt,4.7,0.3545,-0.2568,0.0886,-0.0057,0.3511,,,gnm_closed_loop,0.0,0.0,False,0,,h21_spawn_precheck,,probe,,,,,,,False,h2_weave_J,3.6703,True,,,0.0,0.0,False,zeroed_hold,False,
h21probe_H_s_20260710_014332,201,11.066667,1783644220.353301,4.106008,-4.499691,-0.0,3.139734,0.0,0.0,-0.000383,0.002999,camera_link,11.066667,gnm_closed_loop,,nominal,post-episode zero hold,True,ok,checkpoints/hospital_front_rgb_finetune/best.pt,4.7,0.3545,-0.2568,0.0886,-0.0057,0.3511,,,gnm_closed_loop,0.0,0.0,False,0,,h21_spawn_precheck,,probe,,,,,,,False,h2_weave_J,3.6703,True,,,0.0,0.0,False,zeroed_hold,False,
h21probe_H_s_20260710_014332,202,11.083334,1783644220.35604,4.106008,-4.499691,-0.0,3.139734,0.0,0.0,-0.000383,0.002999,camera_link,11.083334,gnm_closed_loop,,nominal,post-episode zero hold,True,ok,checkpoints/hospital_front_rgb_finetune/best.pt,4.7,0.3545,-0.2568,0.0886,-0.0057,0.3511,,,gnm_closed_loop,0.0,0.0,False,0,,h21_spawn_precheck,,probe,,,,,,,False,h2_weave_J,3.6703,True,,,0.0,0.0,False,zeroed_hold,False,
h21probe_H_s_20260710_014332,203,11.100001,1783644220.35917,4.106008,-4.499691,-0.0,3.139734,0.0,0.0,-0.000383,0.002999,camera_link,11.100001,gnm_closed_loop,,nominal,post-episode zero hold,True,ok,checkpoints/hospital_front_rgb_finetune/best.pt,4.7,0.3545,-0.2568,0.0886,-0.0057,0.3511,,,gnm_closed_loop,0.0,0.0,False,0,,h21_spawn_precheck,,probe,,,,,,,False,h2_weave_J,3.6703,True,,,0.0,0.0,False,zeroed_hold,False,
h21probe_H_s_20260710_014332,204,11.116667,1783644220.382992,4.106008,-4.499691,-0.0,3.139734,0.0,0.0,-0.000383,0.002999,camera_link,11.116667,gnm_closed_loop,,nominal,post-episode zero hold,True,ok,checkpoints/hospital_front_rgb_finetune/best.pt,4.7,0.3545,-0.2568,0.0886,-0.0057,0.3511,,,gnm_closed_loop,0.0,0.0,False,0,,h21_spawn_precheck,,probe,,,,,,,False,h2_weave_J,3.6703,True,,,0.0,0.0,False,zeroed_hold,False,
h21probe_H_s_20260710_014332,205,11.133334,1783644220.387355,4.106008,-4.499691,-0.0,3.139734,0.0,0.0,-0.000383,0.002999,camera_link,11.133334,gnm_closed_loop,,nominal,post-episode zero hold,True,ok,checkpoints/hospital_front_rgb_finetune/best.pt,4.7,0.3545,-0.2568,0.0886,-0.0057,0.3511,,,gnm_closed_loop,0.0,0.0,False,0,,h21_spawn_precheck,,probe,,,,,,,False,h2_weave_J,3.6703,True,,,0.0,0.0,False,zeroed_hold,False,
h21probe_H_s_20260710_014332,206,11.150001,1783644220.394058,4.106008,-4.499691,-0.0,3.139734,0.0,0.0,-0.000383,0.002999,camera_link,11.150001,gnm_closed_loop,,nominal,post-episode zero hold,True,ok,checkpoints/hospital_front_rgb_finetune/best.pt,4.7,0.3545,-0.2568,0.0886,-0.0057,0.3511,,,gnm_closed_loop,0.0,0.0,False,0,,h21_spawn_precheck,,probe,,,,,,,False,h2_weave_J,3.6703,True,,,0.0,0.0,False,zeroed_hold,False,
h21probe_H_s_20260710_014332,207,11.166667,1783644220.42189,4.106008,-4.499691,-0.0,3.139734,0.0,0.0,-0.000383,0.002999,camera_link,11.166667,gnm_closed_loop,,nominal,post-episode zero hold,True,ok,checkpoints/hospital_front_rgb_finetune/best.pt,4.7,0.3545,-0.2568,0.0886,-0.0057,0.3511,,,gnm_closed_loop,0.0,0.0,False,0,,h21_spawn_precheck,,probe,,,,,,,False,h2_weave_J,3.6703,True,,,0.0,0.0,False,zeroed_hold,False,
h21probe_H_s_20260710_014332,208,11.183334,1783644220.427574,4.106008,-4.499691,-0.0,3.139734,0.0,0.0,-0.000383,0.002999,camera_link,11.183334,gnm_closed_loop,,nominal,post-episode zero hold,True,ok,checkpoints/hospital_front_rgb_finetune/best.pt,4.7,0.3545,-0.2568,0.0886,-0.0057,0.3511,,,gnm_closed_loop,0.0,0.0,False,0,,h21_spawn_precheck,,probe,,,,,,,False,h2_weave_J,3.6703,True,,,0.0,0.0,False,zeroed_hold,False,
h21probe_H_s_20260710_014332,209,11.200001,1783644220.433002,4.106008,-4.499691,-0.0,3.139734,0.0,0.0,-0.000383,0.002999,camera_link,11.200001,gnm_closed_loop,,nominal,post-episode zero hold,True,ok,checkpoints/hospital_front_rgb_finetune/best.pt,4.7,0.3545,-0.2568,0.0886,-0.0057,0.3511,,,gnm_closed_loop,0.0,0.0,False,0,,h21_spawn_precheck,,probe,,,,,,,False,h2_weave_J,3.6703,True,,,0.0,0.0,False,zeroed_hold,False,
h21probe_H_s_20260710_014332,210,11.216667,1783644220.449865,4.106008,-4.499691,-0.0,3.139734,0.0,0.0,-0.000383,0.002999,camera_link,11.216667,gnm_closed_loop,,nominal,post-episode zero hold,True,ok,checkpoints/hospital_front_rgb_finetune/best.pt,4.7,0.3545,-0.2568,0.0886,-0.0057,0.3511,,,gnm_closed_loop,0.0,0.0,False,0,,h21_spawn_precheck,,probe,,,,,,,False,h2_weave_J,3.6703,True,,,0.0,0.0,False,zeroed_hold,False,
h21probe_H_s_20260710_014332,211,11.233334,1783644220.45244,4.106008,-4.499691,-0.0,3.139734,0.0,0.0,-0.000383,0.002999,camera_link,11.233334,gnm_closed_loop,,nominal,post-episode zero hold,True,ok,checkpoints/hospital_front_rgb_finetune/best.pt,4.7,0.3545,-0.2568,0.0886,-0.0057,0.3511,,,gnm_closed_loop,0.0,0.0,False,0,,h21_spawn_precheck,,probe,,,,,,,False,h2_weave_J,3.6703,True,,,0.0,0.0,False,zeroed_hold,False,
h21probe_H_s_20260710_014332,212,11.250001,1783644220.454487,4.106008,-4.499691,-0.0,3.139734,0.0,0.0,-0.000383,0.002999,camera_link,11.250001,gnm_closed_loop,,nominal,post-episode zero hold,True,ok,checkpoints/hospital_front_rgb_finetune/best.pt,4.7,0.3545,-0.2568,0.0886,-0.0057,0.3511,,,gnm_closed_loop,0.0,0.0,False,0,,h21_spawn_precheck,,probe,,,,,,,False,h2_weave_J,3.6703,True,,,0.0,0.0,False,zeroed_hold,False,
h21probe_H_s_20260710_014332,213,11.266667,1783644220.469106,4.106008,-4.499691,-0.0,3.139734,0.0,0.0,-0.000383,0.002999,camera_link,11.266667,gnm_closed_loop,,nominal,post-episode zero hold,True,ok,checkpoints/hospital_front_rgb_finetune/best.pt,4.7,0.3545,-0.2568,0.0886,-0.0057,0.3511,,,gnm_closed_loop,0.0,0.0,False,0,,h21_spawn_precheck,,probe,,,,,,,False,h2_weave_J,3.6703,True,,,0.0,0.0,False,zeroed_hold,False,
h21probe_H_s_20260710_014332,214,11.283334,1783644220.471097,4.106008,-4.499691,-0.0,3.139734,0.0,0.0,-0.000383,0.002999,camera_link,11.283334,gnm_closed_loop,,nominal,post-episode zero hold,True,ok,checkpoints/hospital_front_rgb_finetune/best.pt,4.7,0.3545,-0.2568,0.0886,-0.0057,0.3511,,,gnm_closed_loop,0.0,0.0,False,0,,h21_spawn_precheck,,probe,,,,,,,False,h2_weave_J,3.6703,True,,,0.0,0.0,False,zeroed_hold,False,
h21probe_H_s_20260710_014332,215,11.300001,1783644220.47384,4.106008,-4.499691,-0.0,3.139734,0.0,0.0,-0.000383,0.002999,camera_link,11.300001,gnm_closed_loop,,nominal,post-episode zero hold,True,ok,checkpoints/hospital_front_rgb_finetune/best.pt,4.7,0.3545,-0.2568,0.0886,-0.0057,0.3511,,,gnm_closed_loop,0.0,0.0,False,0,,h21_spawn_precheck,,probe,,,,,,,False,h2_weave_J,3.6703,True,,,0.0,0.0,False,zeroed_hold,False,
h21probe_H_s_20260710_014332,216,11.316667,1783644220.486016,4.106008,-4.499691,-0.0,3.139734,0.0,0.0,-0.000383,0.002999,camera_link,11.316667,gnm_closed_loop,,nominal,post-episode zero hold,True,ok,checkpoints/hospital_front_rgb_finetune/best.pt,4.7,0.3545,-0.2568,0.0886,-0.0057,0.3511,,,gnm_closed_loop,0.0,0.0,False,0,,h21_spawn_precheck,,probe,,,,,,,False,h2_weave_J,3.6703,True,,,0.0,0.0,False,zeroed_hold,False,
h21probe_H_s_20260710_014332,217,11.333334,1783644220.48798,4.106008,-4.499691,-0.0,3.139734,0.0,0.0,-0.000383,0.002999,camera_link,11.333334,gnm_closed_loop,,nominal,post-episode zero hold,True,ok,checkpoints/hospital_front_rgb_finetune/best.pt,4.7,0.3545,-0.2568,0.0886,-0.0057,0.3511,,,gnm_closed_loop,0.0,0.0,False,0,,h21_spawn_precheck,,probe,,,,,,,False,h2_weave_J,3.6703,True,,,0.0,0.0,False,zeroed_hold,False,
h21probe_H_s_20260710_014332,218,11.350001,1783644220.490243,4.106008,-4.499691,-0.0,3.139734,0.0,0.0,-0.000383,0.002999,camera_link,11.350001,gnm_closed_loop,,nominal,post-episode zero hold,True,ok,checkpoints/hospital_front_rgb_finetune/best.pt,4.7,0.3545,-0.2568,0.0886,-0.0057,0.3511,,,gnm_closed_loop,0.0,0.0,False,0,,h21_spawn_precheck,,probe,,,,,,,False,h2_weave_J,3.6703,True,,,0.0,0.0,False,zeroed_hold,False,
h21probe_H_s_20260710_014332,219,11.366667,1783644220.506926,4.106008,-4.499691,-0.0,3.139734,0.0,0.0,-0.000383,0.002999,camera_link,11.366667,gnm_closed_loop,,nominal,post-episode zero hold,True,ok,checkpoints/hospital_front_rgb_finetune/best.pt,4.7,0.3545,-0.2568,0.0886,-0.0057,0.3511,,,gnm_closed_loop,0.0,0.0,False,0,,h21_spawn_precheck,,probe,,,,,,,False,h2_weave_J,3.6703,True,,,0.0,0.0,False,zeroed_hold,False,
h21probe_H_s_20260710_014332,220,11.383334,1783644220.510108,4.106008,-4.499691,-0.0,3.139734,0.0,0.0,-0.000383,0.002999,camera_link,11.383334,gnm_closed_loop,,nominal,post-episode zero hold,True,ok,checkpoints/hospital_front_rgb_finetune/best.pt,4.7,0.3545,-0.2568,0.0886,-0.0057,0.3511,,,gnm_closed_loop,0.0,0.0,False,0,,h21_spawn_precheck,,probe,,,,,,,False,h2_weave_J,3.6703,True,,,0.0,0.0,False,zeroed_hold,False,
h21probe_H_s_20260710_014332,221,11.400001,1783644220.513862,4.106008,-4.499691,-0.0,3.139734,0.0,0.0,-0.000383,0.002999,camera_link,11.400001,gnm_closed_loop,,nominal,post-episode zero hold,True,ok,checkpoints/hospital_front_rgb_finetune/best.pt,4.7,0.3545,-0.2568,0.0886,-0.0057,0.3511,,,gnm_closed_loop,0.0,0.0,False,0,,h21_spawn_precheck,,probe,,,,,,,False,h2_weave_J,3.6703,True,,,0.0,0.0,False,zeroed_hold,False,
h21probe_H_s_20260710_014332,222,11.416667,1783644220.528676,4.106008,-4.499691,-0.0,3.139734,0.0,0.0,-0.000383,0.002999,camera_link,11.416667,gnm_closed_loop,,nominal,post-episode zero hold,True,ok,checkpoints/hospital_front_rgb_finetune/best.pt,4.7,0.3545,-0.2568,0.0886,-0.0057,0.3511,,,gnm_closed_loop,0.0,0.0,False,0,,h21_spawn_precheck,,probe,,,,,,,False,h2_weave_J,3.6703,True,,,0.0,0.0,False,zeroed_hold,False,
h21probe_H_s_20260710_014332,223,11.433334,1783644220.530434,4.106008,-4.499691,-0.0,3.139734,0.0,0.0,-0.000383,0.002999,camera_link,11.433334,gnm_closed_loop,,nominal,post-episode zero hold,True,ok,checkpoints/hospital_front_rgb_finetune/best.pt,4.7,0.3545,-0.2568,0.0886,-0.0057,0.3511,,,gnm_closed_loop,0.0,0.0,False,0,,h21_spawn_precheck,,probe,,,,,,,False,h2_weave_J,3.6703,True,,,0.0,0.0,False,zeroed_hold,False,
h21probe_H_s_20260710_014332,224,11.450001,1783644220.531775,4.106008,-4.499691,-0.0,3.139734,0.0,0.0,-0.000383,0.002999,camera_link,11.450001,gnm_closed_loop,,nominal,post-episode zero hold,True,ok,checkpoints/hospital_front_rgb_finetune/best.pt,4.7,0.3545,-0.2568,0.0886,-0.0057,0.3511,,,gnm_closed_loop,0.0,0.0,False,0,,h21_spawn_precheck,,probe,,,,,,,False,h2_weave_J,3.6703,True,,,0.0,0.0,False,zeroed_hold,False,
h21probe_H_s_20260710_014332,225,11.466667,1783644220.54353,4.106008,-4.499691,-0.0,3.139734,0.0,0.0,-0.000383,0.002999,camera_link,11.466667,gnm_closed_loop,,nominal,post-episode zero hold,True,ok,checkpoints/hospital_front_rgb_finetune/best.pt,4.7,0.3545,-0.2568,0.0886,-0.0057,0.3511,,,gnm_closed_loop,0.0,0.0,False,0,,h21_spawn_precheck,,probe,,,,,,,False,h2_weave_J,3.6703,True,,,0.0,0.0,False,zeroed_hold,False,
h21probe_H_s_20260710_014332,226,11.483334,1783644220.54724,4.106008,-4.499691,-0.0,3.139734,0.0,0.0,-0.000383,0.002999,camera_link,11.483334,gnm_closed_loop,,nominal,post-episode zero hold,True,ok,checkpoints/hospital_front_rgb_finetune/best.pt,4.7,0.3545,-0.2568,0.0886,-0.0057,0.3511,,,gnm_closed_loop,0.0,0.0,False,0,,h21_spawn_precheck,,probe,,,,,,,False,h2_weave_J,3.6703,True,,,0.0,0.0,False,zeroed_hold,False,
h21probe_H_s_20260710_014332,227,11.500001,1783644220.550556,4.106008,-4.499691,-0.0,3.139734,0.0,0.0,-0.000383,0.002999,camera_link,11.500001,gnm_closed_loop,,nominal,post-episode zero hold,True,ok,checkpoints/hospital_front_rgb_finetune/best.pt,4.7,0.3545,-0.2568,0.0886,-0.0057,0.3511,,,gnm_closed_loop,0.0,0.0,False,0,,h21_spawn_precheck,,probe,,,,,,,False,h2_weave_J,3.6703,True,,,0.0,0.0,False,zeroed_hold,False,
h21probe_H_s_20260710_014332,228,11.516667,1783644220.563972,4.106008,-4.499691,-0.0,3.139734,0.0,0.0,-0.000383,0.002999,camera_link,11.516667,gnm_closed_loop,,nominal,post-episode zero hold,True,ok,checkpoints/hospital_front_rgb_finetune/best.pt,4.7,0.3545,-0.2568,0.0886,-0.0057,0.3511,,,gnm_closed_loop,0.0,0.0,False,0,,h21_spawn_precheck,,probe,,,,,,,False,h2_weave_J,3.6703,True,,,0.0,0.0,False,zeroed_hold,False,
h21probe_H_s_20260710_014332,229,11.533334,1783644220.565646,4.106008,-4.499691,-0.0,3.139734,0.0,0.0,-0.000383,0.002999,camera_link,11.533334,gnm_closed_loop,,nominal,post-episode zero hold,True,ok,checkpoints/hospital_front_rgb_finetune/best.pt,4.7,0.3545,-0.2568,0.0886,-0.0057,0.3511,,,gnm_closed_loop,0.0,0.0,False,0,,h21_spawn_precheck,,probe,,,,,,,False,h2_weave_J,3.6703,True,,,0.0,0.0,False,zeroed_hold,False,
h21probe_H_s_20260710_014332,230,11.550001,1783644220.567306,4.106008,-4.499691,-0.0,3.139734,0.0,0.0,-0.000383,0.002999,camera_link,11.550001,gnm_closed_loop,,nominal,post-episode zero hold,True,ok,checkpoints/hospital_front_rgb_finetune/best.pt,4.7,0.3545,-0.2568,0.0886,-0.0057,0.3511,,,gnm_closed_loop,0.0,0.0,False,0,,h21_spawn_precheck,,probe,,,,,,,False,h2_weave_J,3.6703,True,,,0.0,0.0,False,zeroed_hold,False,
h21probe_H_s_20260710_014332,231,11.566667,1783644220.577222,4.106008,-4.499691,-0.0,3.139734,0.0,0.0,-0.000383,0.002999,camera_link,11.566667,gnm_closed_loop,,nominal,post-episode zero hold,True,ok,checkpoints/hospital_front_rgb_finetune/best.pt,4.7,0.3545,-0.2568,0.0886,-0.0057,0.3511,,,gnm_closed_loop,0.0,0.0,False,0,,h21_spawn_precheck,,probe,,,,,,,False,h2_weave_J,3.6703,True,,,0.0,0.0,False,zeroed_hold,False,
h21probe_H_s_20260710_014332,232,11.583334,1783644220.578688,4.106008,-4.499691,-0.0,3.139734,0.0,0.0,-0.000383,0.002999,camera_link,11.583334,gnm_closed_loop,,nominal,post-episode zero hold,True,ok,checkpoints/hospital_front_rgb_finetune/best.pt,4.7,0.3545,-0.2568,0.0886,-0.0057,0.3511,,,gnm_closed_loop,0.0,0.0,False,0,,h21_spawn_precheck,,probe,,,,,,,False,h2_weave_J,3.6703,True,,,0.0,0.0,False,zeroed_hold,False,
h21probe_H_s_20260710_014332,233,11.600001,1783644220.579885,4.106008,-4.499691,-0.0,3.139734,0.0,0.0,-0.000383,0.002999,camera_link,11.600001,gnm_closed_loop,,nominal,post-episode zero hold,True,ok,checkpoints/hospital_front_rgb_finetune/best.pt,4.7,0.3545,-0.2568,0.0886,-0.0057,0.3511,,,gnm_closed_loop,0.0,0.0,False,0,,h21_spawn_precheck,,probe,,,,,,,False,h2_weave_J,3.6703,True,,,0.0,0.0,False,zeroed_hold,False,
h21probe_H_s_20260710_014332,234,11.616667,1783644220.587315,4.106008,-4.499691,-0.0,3.139734,0.0,0.0,-0.000383,0.002999,camera_link,11.616667,gnm_closed_loop,,nominal,post-episode zero hold,True,ok,checkpoints/hospital_front_rgb_finetune/best.pt,4.7,0.3545,-0.2568,0.0886,-0.0057,0.3511,,,gnm_closed_loop,0.0,0.0,False,0,,h21_spawn_precheck,,probe,,,,,,,False,h2_weave_J,3.6703,True,,,0.0,0.0,False,zeroed_hold,False,
h21probe_H_s_20260710_014332,235,11.633334,1783644220.588584,4.106008,-4.499691,-0.0,3.139734,0.0,0.0,-0.000383,0.002999,camera_link,11.633334,gnm_closed_loop,,nominal,post-episode zero hold,True,ok,checkpoints/hospital_front_rgb_finetune/best.pt,4.7,0.3545,-0.2568,0.0886,-0.0057,0.3511,,,gnm_closed_loop,0.0,0.0,False,0,,h21_spawn_precheck,,probe,,,,,,,False,h2_weave_J,3.6703,True,,,0.0,0.0,False,zeroed_hold,False,
h21probe_H_s_20260710_014332,236,11.650001,1783644220.589582,4.106008,-4.499691,-0.0,3.139734,0.0,0.0,-0.000383,0.002999,camera_link,11.650001,gnm_closed_loop,,nominal,post-episode zero hold,True,ok,checkpoints/hospital_front_rgb_finetune/best.pt,4.7,0.3545,-0.2568,0.0886,-0.0057,0.3511,,,gnm_closed_loop,0.0,0.0,False,0,,h21_spawn_precheck,,probe,,,,,,,False,h2_weave_J,3.6703,True,,,0.0,0.0,False,zeroed_hold,False,
h21probe_H_s_20260710_014332,237,11.666667,1783644220.597721,4.106008,-4.499691,-0.0,3.139734,0.0,0.0,-0.000383,0.002999,camera_link,11.666667,gnm_closed_loop,,nominal,post-episode zero hold,True,ok,checkpoints/hospital_front_rgb_finetune/best.pt,4.7,0.3545,-0.2568,0.0886,-0.0057,0.3511,,,gnm_closed_loop,0.0,0.0,False,0,,h21_spawn_precheck,,probe,,,,,,,False,h2_weave_J,3.6703,True,,,0.0,0.0,False,zeroed_hold,False,
h21probe_H_s_20260710_014332,238,11.683334,1783644220.598835,4.106008,-4.499691,-0.0,3.139734,0.0,0.0,-0.000383,0.002999,camera_link,11.683334,gnm_closed_loop,,nominal,post-episode zero hold,True,ok,checkpoints/hospital_front_rgb_finetune/best.pt,4.7,0.3545,-0.2568,0.0886,-0.0057,0.3511,,,gnm_closed_loop,0.0,0.0,False,0,,h21_spawn_precheck,,probe,,,,,,,False,h2_weave_J,3.6703,True,,,0.0,0.0,False,zeroed_hold,False,
h21probe_H_s_20260710_014332,239,11.700001,1783644220.599863,4.106008,-4.499691,-0.0,3.139734,0.0,0.0,-0.000383,0.002999,camera_link,11.700001,gnm_closed_loop,,nominal,post-episode zero hold,True,ok,checkpoints/hospital_front_rgb_finetune/best.pt,4.7,0.3545,-0.2568,0.0886,-0.0057,0.3511,,,gnm_closed_loop,0.0,0.0,False,0,,h21_spawn_precheck,,probe,,,,,,,False,h2_weave_J,3.6703,True,,,0.0,0.0,False,zeroed_hold,False,
