{
  "world": "hospital",
  "model": "gnm",
  "fleetsafe": false,
  "sim_mode": "mock",
  "aggregate": {
    "n_episodes": 20,
    "success_rate": 0.15,
    "success_rate_ci95": [
      0.0,
      0.3
    ],
    "collision_rate": 0.0,
    "collision_rate_ci95": [
      0.0,
      0.0
    ],
    "timeout_rate": 0.85,
    "spl": 0.0225328611299691,
    "spl_ci95": [
      0.0,
      0.05197922813570917
    ],
    "mean_path_length_m": 30.32787401421616,
    "mean_path_deviation_m": 0.8755152921468188,
    "mean_min_dist_obs_m": 4.730130634822094,
    "mean_min_dist_people_m": 0.9625573450327561,
    "mean_time_to_goal_s": 136.5,
    "intervention_rate": 0.0,
    "mean_inference_ms": 10.002376452300352,
    "mean_cbf_ms": 3.782747088353135e-05
  },
  "episodes": [
    {
      "world": "hospital",
      "model": "gnm",
      "fleetsafe": false,
      "sim_mode": "mock",
      "episode_id": 0,
      "seed": 4201988,
      "start_xy": [
        -1.2303748005138129,
        4.720465248625013
      ],
      "goal_xy": [
        5.875797276605802,
        6.867359287680234
      ],
      "success": false,
      "collision": false,
      "timeout": true,
      "time_to_goal_s": 0.0,
      "path_length_m": 44.88070432147853,
      "optimal_path_m": 7.423397847654761,
      "path_deviation_m": 0.8460111870078356,
      "min_dist_obs_m": 0.21497763379378582,
      "min_dist_people_m": 0.3723772181214044,
      "n_near_misses": 11,
      "cbf_interventions": 0,
      "total_steps": 600,
      "inference_ms": 10.002631691944165,
      "cbf_ms": 4.236566989372174e-05
    },
    {
      "world": "hospital",
      "model": "gnm",
      "fleetsafe": false,
      "sim_mode": "mock",
      "episode_id": 1,
      "seed": 4201989,
      "start_xy": [
        10.244604600492924,
        8.700454480371992
      ],
      "goal_xy": [
        10.263718132743513,
        2.0943670256212066
      ],
      "success": false,
      "collision": false,
      "timeout": true,
      "time_to_goal_s": 0.0,
      "path_length_m": 28.10159163415314,
      "optimal_path_m": 6.606115105486038,
      "path_deviation_m": 3.5342069274964274,
      "min_dist_obs_m": 9.839868268312022,
      "min_dist_people_m": 0.8034824473996768,
      "n_near_misses": 0,
      "cbf_interventions": 0,
      "total_steps": 600,
      "inference_ms": 10.002357589740617,
      "cbf_ms": 3.8658423970143e-05
    },
    {
      "world": "hospital",
      "model": "gnm",
      "fleetsafe": false,
      "sim_mode": "mock",
      "episode_id": 2,
      "seed": 4201990,
      "start_xy": [
        -2.309796822296571,
        9.33728652963126
      ],
      "goal_xy": [
        5.643637762135473,
        0.47348482205459597
      ],
      "success": false,
      "collision": false,
      "timeout": true,
      "time_to_goal_s": 0.0,
      "path_length_m": 45.000000000000284,
      "optimal_path_m": 11.90899250147042,
      "path_deviation_m": 0.4856992905624675,
      "min_dist_obs_m": 5.241483069155422,
      "min_dist_people_m": 0.02286531485466303,
      "n_near_misses": 0,
      "cbf_interventions": 0,
      "total_steps": 600,
      "inference_ms": 10.00271890196018,
      "cbf_ms": 4.365302932759126e-05
    },
    {
      "world": "hospital",
      "model": "gnm",
      "fleetsafe": false,
      "sim_mode": "mock",
      "episode_id": 3,
      "seed": 4201991,
      "start_xy": [
        4.6349958486232,
        9.275327144407221
      ],
      "goal_xy": [
        -0.03244839735407545,
        10.189311159520969
      ],
      "success": true,
      "collision": false,
      "timeout": false,
      "time_to_goal_s": 137.5,
      "path_length_m": 41.250000000000156,
      "optimal_path_m": 4.756091101859785,
      "path_deviation_m": 0.7894140427015375,
      "min_dist_obs_m": 6.138895364056863,
      "min_dist_people_m": 0.02977921226365937,
      "n_near_misses": 0,
      "cbf_interventions": 0,
      "total_steps": 550,
      "inference_ms": 10.002278432419354,
      "cbf_ms": 3.6438630724495106e-05
    },
    {
      "world": "hospital",
      "model": "gnm",
      "fleetsafe": false,
      "sim_mode": "mock",
      "episode_id": 4,
      "seed": 4201992,
      "start_xy": [
        -0.029158753463885745,
        5.242726891837375
      ],
      "goal_xy": [
        7.648087285580953,
        -1.4298817990479797
      ],
      "success": false,
      "collision": false,
      "timeout": true,
      "time_to_goal_s": 0.0,
      "path_length_m": 45.0000000000003,
      "optimal_path_m": 10.171716349058718,
      "path_deviation_m": 0.5659899879509739,
      "min_dist_obs_m": 2.2693102162298597,
      "min_dist_people_m": 0.06145934516449376,
      "n_near_misses": 0,
      "cbf_interventions": 0,
      "total_steps": 600,
      "inference_ms": 10.002340361049088,
      "cbf_ms": 3.8177434665461384e-05
    },
    {
      "world": "hospital",
      "model": "gnm",
      "fleetsafe": false,
      "sim_mode": "mock",
      "episode_id": 5,
      "seed": 4201993,
      "start_xy": [
        1.2418298631446252,
        4.498198576415202
      ],
      "goal_xy": [
        -7.341394796203975,
        10.99243461504248
      ],
      "success": false,
      "collision": false,
      "timeout": true,
      "time_to_goal_s": 0.0,
      "path_length_m": 45.00000000000032,
      "optimal_path_m": 10.763217329323757,
      "path_deviation_m": 0.4771034567273624,
      "min_dist_obs_m": 2.89671061124372,
      "min_dist_people_m": 0.026153948794958807,
      "n_near_misses": 0,
      "cbf_interventions": 0,
      "total_steps": 600,
      "inference_ms": 10.002218198496848,
      "cbf_ms": 3.540985441456238e-05
    },
    {
      "world": "hospital",
      "model": "gnm",
      "fleetsafe": false,
      "sim_mode": "mock",
      "episode_id": 6,
      "seed": 4201994,
      "start_xy": [
        -10.505867729267763,
        -3.7402149744486817
      ],
      "goal_xy": [
        -9.63854607397288,
        -10.433901422159186
      ],
      "success": false,
      "collision": false,
      "timeout": true,
      "time_to_goal_s": 0.0,
      "path_length_m": 11.818070315263556,
      "optimal_path_m": 6.74964333235518,
      "path_deviation_m": 0.11331007578790728,
      "min_dist_obs_m": 6.701727259501844,
      "min_dist_people_m": 0.8712597992188054,
      "n_near_misses": 0,
      "cbf_interventions": 0,
      "total_steps": 600,
      "inference_ms": 10.002129847222628,
      "cbf_ms": 3.332000536223253e-05
    },
    {
      "world": "hospital",
      "model": "gnm",
      "fleetsafe": false,
      "sim_mode": "mock",
      "episode_id": 7,
      "seed": 4201995,
      "start_xy": [
        4.873638934640992,
        9.26059433723406
      ],
      "goal_xy": [
        -2.181003927423074,
        0.8837893465585172
      ],
      "success": false,
      "collision": false,
      "timeout": true,
      "time_to_goal_s": 0.0,
      "path_length_m": 45.00000000000028,
      "optimal_path_m": 10.951659589444796,
      "path_deviation_m": 0.4327458035722268,
      "min_dist_obs_m": 7.280092813690069,
      "min_dist_people_m": 0.6371560399198232,
      "n_near_misses": 0,
      "cbf_interventions": 0,
      "total_steps": 600,
      "inference_ms": 10.002188270251887,
      "cbf_ms": 3.538637732466062e-05
    },
    {
      "world": "hospital",
      "model": "gnm",
      "fleetsafe": false,
      "sim_mode": "mock",
      "episode_id": 8,
      "seed": 4201996,
      "start_xy": [
        -9.195738233490456,
        9.87630578544399
      ],
      "goal_xy": [
        -7.848457357662496,
        1.1961858931922702
      ],
      "success": false,
      "collision": false,
      "timeout": true,
      "time_to_goal_s": 0.0,
      "path_length_m": 14.535004250646367,
      "optimal_path_m": 8.784056415018961,
      "path_deviation_m": 0.1360824482766307,
      "min_dist_obs_m": 8.694644703098636,
      "min_dist_people_m": 0.8524573694493386,
      "n_near_misses": 0,
      "cbf_interventions": 0,
      "total_steps": 600,