{
  "world": "hunav_cafe",
  "model": "vint",
  "fleetsafe": false,
  "sim_mode": "mock",
  "aggregate": {
    "n_episodes": 20,
    "success_rate": 0.05,
    "success_rate_ci95": [
      0.0,
      0.15
    ],
    "collision_rate": 0.25,
    "collision_rate_ci95": [
      0.1,
      0.45
    ],
    "timeout_rate": 0.7,
    "spl": 0.0043030638722098445,
    "spl_ci95": [
      0.0,
      0.012909191616629534
    ],
    "mean_path_length_m": 38.90168969835954,
    "mean_path_deviation_m": 1.1829488018183105,
    "mean_min_dist_obs_m": 1.3256703385208843,
    "mean_min_dist_people_m": 0.35800481465516876,
    "mean_time_to_goal_s": 131.5,
    "intervention_rate": 0.0,
    "mean_inference_ms": 30.002247283343177,
    "mean_cbf_ms": 3.646543394354141e-05
  },
  "episodes": [
    {
      "world": "hunav_cafe",
      "model": "vint",
      "fleetsafe": false,
      "sim_mode": "mock",
      "episode_id": 0,
      "seed": 4208437,
      "start_xy": [
        1.6280357305886772,
        0.28308949533144734
      ],
      "goal_xy": [
        -4.7633793895248395,
        -1.0055649135446174
      ],
      "success": false,
      "collision": false,
      "timeout": true,
      "time_to_goal_s": 0.0,
      "path_length_m": 45.00000000000041,
      "optimal_path_m": 6.520032010897753,
      "path_deviation_m": 7.313209692652525,
      "min_dist_obs_m": 0.9888540271110098,
      "min_dist_people_m": 0.03042042723748808,
      "n_near_misses": 0,
      "cbf_interventions": 0,
      "total_steps": 600,
      "inference_ms": 30.002225024703268,
      "cbf_ms": 3.4745510978003345e-05
    },
    {
      "world": "hunav_cafe",
      "model": "vint",
      "fleetsafe": false,
      "sim_mode": "mock",
      "episode_id": 1,
      "seed": 4208438,
      "start_xy": [
        -4.976458092928628,
        -3.8339587463758207
      ],
      "goal_xy": [
        2.4707584341435886,
        3.6607695312786106
      ],
      "success": false,
      "collision": false,
      "timeout": true,
      "time_to_goal_s": 0.0,
      "path_length_m": 43.01639207403916,
      "optimal_path_m": 10.565603908767853,
      "path_deviation_m": 0.5338977417614704,
      "min_dist_obs_m": 3.5195519782462013,
      "min_dist_people_m": 0.21586294055144276,
      "n_near_misses": 0,
      "cbf_interventions": 0,
      "total_steps": 600,
      "inference_ms": 30.00219710636884,
      "cbf_ms": 3.4494829985002674e-05
    },
    {
      "world": "hunav_cafe",
      "model": "vint",
      "fleetsafe": false,
      "sim_mode": "mock",
      "episode_id": 2,
      "seed": 4208439,
      "start_xy": [
        -2.52545476955384,
        2.135731448540236
      ],
      "goal_xy": [
        0.00898931206107978,
        -3.9387677173320155
      ],
      "success": false,
      "collision": true,
      "timeout": false,
      "time_to_goal_s": 0.0,
      "path_length_m": 14.01129409552481,
      "optimal_path_m": 6.582016933966029,
      "path_deviation_m": 0.225310218454005,
      "min_dist_obs_m": -0.00714967261247651,
      "min_dist_people_m": 0.05057543939050805,
      "n_near_misses": 108,
      "cbf_interventions": 0,
      "total_steps": 302,
      "inference_ms": 30.002247513432227,
      "cbf_ms": 3.5211780040666756e-05
    },
    {
      "world": "hunav_cafe",
      "model": "vint",
      "fleetsafe": false,
      "sim_mode": "mock",
      "episode_id": 3,
      "seed": 4208440,
      "start_xy": [
        0.09749804398872186,
        3.122987468496131
      ],
      "goal_xy": [
        -3.8660895445399213,
        -1.9300865819307345
      ],
      "success": false,
      "collision": false,
      "timeout": true,
      "time_to_goal_s": 0.0,
      "path_length_m": 45.000000000000284,
      "optimal_path_m": 6.4221167796168,
      "path_deviation_m": 0.4251382006037074,
      "min_dist_obs_m": 1.5361740436955298,
      "min_dist_people_m": 0.5983574594699957,
      "n_near_misses": 0,
      "cbf_interventions": 0,
      "total_steps": 600,
      "inference_ms": 30.00219230831135,
      "cbf_ms": 3.539336224397024e-05
    },
    {
      "world": "hunav_cafe",
      "model": "vint",
      "fleetsafe": false,
      "sim_mode": "mock",
      "episode_id": 4,
      "seed": 4208441,
      "start_xy": [
        -4.86954037456563,
        3.768736973681248
      ],
      "goal_xy": [
        -4.501880013998484,
        -2.761799456726961
      ],
      "success": false,
      "collision": false,
      "timeout": true,
      "time_to_goal_s": 0.0,
      "path_length_m": 4.891091403366113,
      "optimal_path_m": 6.540877632980238,
      "path_deviation_m": 0.26379680628076846,
      "min_dist_obs_m": 3.273481791063727,
      "min_dist_people_m": 1.1174216450713796,
      "n_near_misses": 0,
      "cbf_interventions": 0,
      "total_steps": 600,
      "inference_ms": 30.002237836209435,
      "cbf_ms": 3.533612471073866e-05
    },
    {
      "world": "hunav_cafe",
      "model": "vint",
      "fleetsafe": false,
      "sim_mode": "mock",
      "episode_id": 5,
      "seed": 4208442,
      "start_xy": [
        1.916953361261136,
        -3.715086064106068
      ],
      "goal_xy": [
        4.092817182415638,
        2.290688428962352
      ],
      "success": false,
      "collision": false,
      "timeout": true,
      "time_to_goal_s": 0.0,
      "path_length_m": 30.119637318475036,
      "optimal_path_m": 6.387778223279227,
      "path_deviation_m": 0.2905506329729568,
      "min_dist_obs_m": 2.0724502298769605,
      "min_dist_people_m": 0.39896840752209217,
      "n_near_misses": 0,
      "cbf_interventions": 0,
      "total_steps": 600,
      "inference_ms": 30.002222118200734,
      "cbf_ms": 3.5561000307401024e-05
    },
    {
      "world": "hunav_cafe",
      "model": "vint",
      "fleetsafe": false,
      "sim_mode": "mock",
      "episode_id": 6,
      "seed": 4208443,
      "start_xy": [
        -4.237062638574552,
        -3.0780095875644733
      ],
      "goal_xy": [
        1.7870863091859093,
        -2.2774077962187835
      ],
      "success": false,
      "collision": true,
      "timeout": false,
      "time_to_goal_s": 0.0,
      "path_length_m": 13.27499999999996,
      "optimal_path_m": 6.077115580035433,
      "path_deviation_m": 0.9002283988754662,
      "min_dist_obs_m": -0.006342712572670911,
      "min_dist_people_m": 1.0474128665305422,
      "n_near_misses": 14,
      "cbf_interventions": 0,
      "total_steps": 177,
      "inference_ms": 30.002098909716022,
      "cbf_ms": 3.3986696836638586e-05
    },
    {
      "world": "hunav_cafe",
      "model": "vint",
      "fleetsafe": false,
      "sim_mode": "mock",
      "episode_id": 7,
      "seed": 4208444,
      "start_xy": [
        -3.9594356343596937,
        -3.0434588323648857
      ],
      "goal_xy": [
        -4.275376398241484,
        2.009271446388599
      ],
      "success": false,
      "collision": false,
      "timeout": true,
      "time_to_goal_s": 0.0,
      "path_length_m": 6.83788899041929,
      "optimal_path_m": 5.062598328537874,
      "path_deviation_m": 0.05307988087641697,
      "min_dist_obs_m": 3.6882104769929236,
      "min_dist_people_m": 0.7012828364042392,
      "n_near_misses": 0,
      "cbf_interventions": 0,
      "total_steps": 600,
      "inference_ms": 30.00223892837918,
      "cbf_ms": 3.557400001833836e-05
    },
    {
      "world": "hunav_cafe",
      "model": "vint",
      "fleetsafe": false,
      "sim_mode": "mock",
      "episode_id": 8,
      "seed": 4208445,
      "start_xy": [
        0.2854818940015216,
        -2.845954553453863
      ],
      "goal_xy": [
        -3.6916786069796426,
        -4.274958522358769
      ],
      "success": false,
      "collision": false,
      "timeout": true,
      "time_to_goal_s": 0.0,
      "path_length_m": 45.000000000000284,
      "optimal_path_m": 4.226092520722981,
      "path_deviation_m": 0.5176763176876836,
      "min_dist_obs_m": 0.6346360057752589,
      "min_dist_people_m": 0.07277772867430442,