{
  "world": "hunav_cafe",
  "model": "gnm",
  "fleetsafe": true,
  "sim_mode": "mock",
  "aggregate": {
    "n_episodes": 20,
    "success_rate": 0.1,
    "success_rate_ci95": [
      0.0,
      0.25
    ],
    "collision_rate": 0.0,
    "collision_rate_ci95": [
      0.0,
      0.0
    ],
    "timeout_rate": 0.9,
    "spl": 0.021660029998758306,
    "spl_ci95": [
      0.0,
      0.05669530382870473
    ],
    "mean_path_length_m": 25.578764640260488,
    "mean_path_deviation_m": 1.058385493881511,
    "mean_min_dist_obs_m": 1.4961565726550208,
    "mean_min_dist_people_m": 0.40225022929050425,
    "mean_time_to_goal_s": 90.375,
    "intervention_rate": 0.22233333333333333,
    "mean_inference_ms": 10.002675957820605,
    "mean_cbf_ms": 0.09656449891262611
  },
  "episodes": [
    {
      "world": "hunav_cafe",
      "model": "gnm",
      "fleetsafe": true,
      "sim_mode": "mock",
      "episode_id": 0,
      "seed": 4208437,
      "start_xy": [
        1.6280357305886772,
        0.28308949533144734
      ],
      "goal_xy": [
        -4.7633793895248395,
        -1.0055649135446174
      ],
      "success": false,
      "collision": false,
      "timeout": true,
      "time_to_goal_s": 0.0,
      "path_length_m": 44.82500161975622,
      "optimal_path_m": 6.520032010897753,
      "path_deviation_m": 7.291483786191164,
      "min_dist_obs_m": 0.9868799341347447,
      "min_dist_people_m": 0.07642865403256699,
      "n_near_misses": 0,
      "cbf_interventions": 0,
      "total_steps": 600,
      "inference_ms": 10.002520064590499,
      "cbf_ms": 0.013007238934126994
    },
    {
      "world": "hunav_cafe",
      "model": "gnm",
      "fleetsafe": true,
      "sim_mode": "mock",
      "episode_id": 1,
      "seed": 4208438,
      "start_xy": [
        -4.976458092928628,
        -3.8339587463758207
      ],
      "goal_xy": [
        2.4707584341435886,
        3.6607695312786106
      ],
      "success": false,
      "collision": false,
      "timeout": true,
      "time_to_goal_s": 0.0,
      "path_length_m": 42.32003314420581,
      "optimal_path_m": 10.565603908767853,
      "path_deviation_m": 0.6880333364361181,
      "min_dist_obs_m": 3.5656030241265855,
      "min_dist_people_m": 0.31920709241963185,
      "n_near_misses": 0,
      "cbf_interventions": 0,
      "total_steps": 600,
      "inference_ms": 10.002540826098993,
      "cbf_ms": 0.010025638815325996
    },
    {
      "world": "hunav_cafe",
      "model": "gnm",
      "fleetsafe": true,
      "sim_mode": "mock",
      "episode_id": 2,
      "seed": 4208439,
      "start_xy": [
        -2.52545476955384,
        2.135731448540236
      ],
      "goal_xy": [
        0.00898931206107978,
        -3.9387677173320155
      ],
      "success": false,
      "collision": false,
      "timeout": true,
      "time_to_goal_s": 0.0,
      "path_length_m": 3.7291295073227966,
      "optimal_path_m": 6.582016933966029,
      "path_deviation_m": 0.11181274192915223,
      "min_dist_obs_m": 0.2634741268701446,
      "min_dist_people_m": 0.007413436003342461,
      "n_near_misses": 487,
      "cbf_interventions": 539,
      "total_steps": 600,
      "inference_ms": 10.002741755257981,
      "cbf_ms": 0.1416325349903976
    },
    {
      "world": "hunav_cafe",
      "model": "gnm",
      "fleetsafe": true,
      "sim_mode": "mock",
      "episode_id": 3,
      "seed": 4208440,
      "start_xy": [
        0.09749804398872186,
        3.122987468496131
      ],
      "goal_xy": [
        -3.8660895445399213,
        -1.9300865819307345
      ],
      "success": false,
      "collision": false,
      "timeout": true,
      "time_to_goal_s": 0.0,
      "path_length_m": 44.82500161975622,
      "optimal_path_m": 6.4221167796168,
      "path_deviation_m": 0.4271141823905777,
      "min_dist_obs_m": 1.5342102859697817,
      "min_dist_people_m": 0.5947724973272761,
      "n_near_misses": 0,
      "cbf_interventions": 0,
      "total_steps": 600,
      "inference_ms": 10.00251762724171,
      "cbf_ms": 0.009944420113849143
    },
    {
      "world": "hunav_cafe",
      "model": "gnm",
      "fleetsafe": true,
      "sim_mode": "mock",
      "episode_id": 4,
      "seed": 4208441,
      "start_xy": [
        -4.86954037456563,
        3.768736973681248
      ],
      "goal_xy": [
        -4.501880013998484,
        -2.761799456726961
      ],
      "success": false,
      "collision": false,
      "timeout": true,
      "time_to_goal_s": 0.0,
      "path_length_m": 5.829906844301144,
      "optimal_path_m": 6.540877632980238,
      "path_deviation_m": 0.0444694820877507,
      "min_dist_obs_m": 3.3818570413686637,
      "min_dist_people_m": 1.0580334657016037,
      "n_near_misses": 0,
      "cbf_interventions": 0,
      "total_steps": 600,
      "inference_ms": 10.002534970796356,
      "cbf_ms": 0.009961893083527684
    },
    {
      "world": "hunav_cafe",
      "model": "gnm",
      "fleetsafe": true,
      "sim_mode": "mock",
      "episode_id": 5,
      "seed": 4208442,
      "start_xy": [
        1.916953361261136,
        -3.715086064106068
      ],
      "goal_xy": [
        4.092817182415638,
        2.290688428962352
      ],
      "success": false,
      "collision": false,
      "timeout": true,
      "time_to_goal_s": 0.0,
      "path_length_m": 25.679575130343437,
      "optimal_path_m": 6.387778223279227,
      "path_deviation_m": 0.5499869474836581,
      "min_dist_obs_m": 2.2505214991004063,
      "min_dist_people_m": 0.33682425064042265,
      "n_near_misses": 0,
      "cbf_interventions": 0,
      "total_steps": 600,
      "inference_ms": 10.002528151574856,
      "cbf_ms": 0.009988543073025843
    },
    {
      "world": "hunav_cafe",
      "model": "gnm",
      "fleetsafe": true,
      "sim_mode": "mock",
      "episode_id": 6,
      "seed": 4208443,
      "start_xy": [
        -4.237062638574552,
        -3.0780095875644733
      ],
      "goal_xy": [
        1.7870863091859093,
        -2.2774077962187835
      ],
      "success": true,
      "collision": false,
      "timeout": false,
      "time_to_goal_s": 128.25,
      "path_length_m": 36.67635746486485,
      "optimal_path_m": 6.077115580035433,
      "path_deviation_m": 1.1360332588454352,
      "min_dist_obs_m": 0.8899492992179652,
      "min_dist_people_m": 0.237547036154885,
      "n_near_misses": 0,
      "cbf_interventions": 0,
      "total_steps": 513,
      "inference_ms": 10.00251055292088,
      "cbf_ms": 0.026665653145670543
    },
    {
      "world": "hunav_cafe",
      "model": "gnm",
      "fleetsafe": true,
      "sim_mode": "mock",
      "episode_id": 7,
      "seed": 4208444,
      "start_xy": [
        -3.9594356343596937,
        -3.0434588323648857
      ],
      "goal_xy": [
        -4.275376398241484,
        2.009271446388599
      ],
      "success": false,
      "collision": false,
      "timeout": true,
      "time_to_goal_s": 0.0,
      "path_length_m": 6.383965515531596,
      "optimal_path_m": 5.062598328537874,
      "path_deviation_m": 0.05172429989473556,
      "min_dist_obs_m": 3.724066753619658,
      "min_dist_people_m": 0.6440142340120207,
      "n_near_misses": 0,
      "cbf_interventions": 0,
      "total_steps": 600,
      "inference_ms": 10.002521996114714,
      "cbf_ms": 0.010010654999253651
    },
    {
      "world": "hunav_cafe",
      "model": "gnm",
      "fleetsafe": true,
      "sim_mode": "mock",
      "episode_id": 8,
      "seed": 4208445,
      "start_xy": [
        0.2854818940015216,
        -2.845954553453863
      ],
      "goal_xy": [
        -3.6916786069796426,
        -4.274958522358769
      ],
      "success": false,
      "collision": false,
      "timeout": true,
      "time_to_goal_s": 0.0,
      "path_length_m": 44.82500161975622,
      "optimal_path_m": 4.226092520722981,
      "path_deviation_m": 0.5221481718258372,
      "min_dist_obs_m": 0.6415180877310211,
      "min_dist_people_m": 0.01614326621336164,
      "n_near_misses": 0,