{
  "world": "warehouse",
  "model": "gnm",
  "fleetsafe": false,
  "sim_mode": "mock",
  "aggregate": {
    "n_episodes": 20,
    "success_rate": 0.0,
    "success_rate_ci95": [
      0.0,
      0.0
    ],
    "collision_rate": 0.1,
    "collision_rate_ci95": [
      0.0,
      0.25
    ],
    "timeout_rate": 0.9,
    "spl": 0.0,
    "spl_ci95": [
      0.0,
      0.0
    ],
    "mean_path_length_m": 0.0,
    "mean_path_deviation_m": 0.7312622288148101,
    "mean_min_dist_obs_m": 2.2134491474516973,
    "mean_min_dist_people_m": null,
    "mean_time_to_goal_s": 0.0,
    "intervention_rate": 0.0,
    "mean_inference_ms": 10.00229837601849,
    "mean_cbf_ms": 3.663352496611575e-05
  },
  "episodes": [
    {
      "world": "warehouse",
      "model": "gnm",
      "fleetsafe": false,
      "sim_mode": "mock",
      "episode_id": 0,
      "seed": 4201389,
      "start_xy": [
        -5.849613421989913,
        -0.55227681247022
      ],
      "goal_xy": [
        1.299774223101105,
        -4.555054510253904
      ],
      "success": false,
      "collision": false,
      "timeout": true,
      "time_to_goal_s": 0.0,
      "path_length_m": 45.000000000000306,
      "optimal_path_m": 8.193654434844964,
      "path_deviation_m": 0.7220554317866753,
      "min_dist_obs_m": 1.436720049204954,
      "min_dist_people_m": Infinity,
      "n_near_misses": 0,
      "cbf_interventions": 0,
      "total_steps": 600,
      "inference_ms": 10.00228016714876,
      "cbf_ms": 3.60530490676562e-05
    },
    {
      "world": "warehouse",
      "model": "gnm",
      "fleetsafe": false,
      "sim_mode": "mock",
      "episode_id": 1,
      "seed": 4201390,
      "start_xy": [
        1.8003582065534935,
        -1.1311538427180547
      ],
      "goal_xy": [
        -4.539981513346924,
        2.240962727302117
      ],
      "success": false,
      "collision": true,
      "timeout": false,
      "time_to_goal_s": 0.0,
      "path_length_m": 1.1249999999999996,
      "optimal_path_m": 7.18130057340253,
      "path_deviation_m": 0.5211041435301909,
      "min_dist_obs_m": -0.04012149197886883,
      "min_dist_people_m": Infinity,
      "n_near_misses": 6,
      "cbf_interventions": 0,
      "total_steps": 15,
      "inference_ms": 10.002507624837259,
      "cbf_ms": 4.420677820841471e-05
    },
    {
      "world": "warehouse",
      "model": "gnm",
      "fleetsafe": false,
      "sim_mode": "mock",
      "episode_id": 2,
      "seed": 4201391,
      "start_xy": [
        -2.6797052319798045,
        6.853873066738222
      ],
      "goal_xy": [
        -3.206570766530601,
        -3.6892043764231603
      ],
      "success": false,
      "collision": false,
      "timeout": true,
      "time_to_goal_s": 0.0,
      "path_length_m": 5.221001662140227,
      "optimal_path_m": 10.556233668501084,
      "path_deviation_m": 0.06253782951365143,
      "min_dist_obs_m": 4.269682446594845,
      "min_dist_people_m": Infinity,
      "n_near_misses": 0,
      "cbf_interventions": 0,
      "total_steps": 600,
      "inference_ms": 10.002234359853901,
      "cbf_ms": 3.4978147596120834e-05
    },
    {
      "world": "warehouse",
      "model": "gnm",
      "fleetsafe": false,
      "sim_mode": "mock",
      "episode_id": 3,
      "seed": 4201392,
      "start_xy": [
        3.7192149537280326,
        -2.0374377824564833
      ],
      "goal_xy": [
        -6.415237087728416,
        -4.498450709833342
      ],
      "success": false,
      "collision": false,
      "timeout": true,
      "time_to_goal_s": 0.0,
      "path_length_m": 45.00000000000029,
      "optimal_path_m": 10.428983786030967,
      "path_deviation_m": 0.5250685585075979,
      "min_dist_obs_m": 2.1977364971878903,
      "min_dist_people_m": Infinity,
      "n_near_misses": 0,
      "cbf_interventions": 0,
      "total_steps": 600,
      "inference_ms": 10.002252354752272,
      "cbf_ms": 3.490247763693333e-05
    },
    {
      "world": "warehouse",
      "model": "gnm",
      "fleetsafe": false,
      "sim_mode": "mock",
      "episode_id": 4,
      "seed": 4201393,
      "start_xy": [
        5.840486496084324,
        -0.498769201756069
      ],
      "goal_xy": [
        3.455670446041493,
        2.3176974764808165
      ],
      "success": false,
      "collision": false,
      "timeout": true,
      "time_to_goal_s": 0.0,
      "path_length_m": 45.00000000000031,
      "optimal_path_m": 3.6905056756711008,
      "path_deviation_m": 0.43332478635206734,
      "min_dist_obs_m": 3.0495266240086236,
      "min_dist_people_m": Infinity,
      "n_near_misses": 0,
      "cbf_interventions": 0,
      "total_steps": 600,
      "inference_ms": 10.002242045399422,
      "cbf_ms": 3.571466853221258e-05
    },
    {
      "world": "warehouse",
      "model": "gnm",
      "fleetsafe": false,
      "sim_mode": "mock",
      "episode_id": 5,
      "seed": 4201394,
      "start_xy": [
        -3.8216787060323334,
        5.060677681533662
      ],
      "goal_xy": [
        4.464679752189072,
        -1.4037338511790818
      ],
      "success": false,
      "collision": false,
      "timeout": true,
      "time_to_goal_s": 0.0,
      "path_length_m": 45.00000000000031,
      "optimal_path_m": 10.509631437990913,
      "path_deviation_m": 0.598541248365741,
      "min_dist_obs_m": 2.7743689890302385,
      "min_dist_people_m": Infinity,
      "n_near_misses": 0,
      "cbf_interventions": 0,
      "total_steps": 600,
      "inference_ms": 10.002254497764321,
      "cbf_ms": 3.656411233047644e-05
    },
    {
      "world": "warehouse",
      "model": "gnm",
      "fleetsafe": false,
      "sim_mode": "mock",
      "episode_id": 6,
      "seed": 4201395,
      "start_xy": [
        5.056533544163232,
        -0.1968330900298838
      ],
      "goal_xy": [
        -2.462402230058265,
        -4.264207531676276
      ],
      "success": false,
      "collision": false,
      "timeout": true,
      "time_to_goal_s": 0.0,
      "path_length_m": 45.00000000000031,
      "optimal_path_m": 8.548563038629716,
      "path_deviation_m": 0.5008290237453875,
      "min_dist_obs_m": 2.3272735204823887,
      "min_dist_people_m": Infinity,
      "n_near_misses": 0,
      "cbf_interventions": 0,
      "total_steps": 600,
      "inference_ms": 10.00225227578388,
      "cbf_ms": 3.5431391249100365e-05
    },
    {
      "world": "warehouse",
      "model": "gnm",
      "fleetsafe": false,
      "sim_mode": "mock",
      "episode_id": 7,
      "seed": 4201396,
      "start_xy": [
        -5.193465116974442,
        -3.7845526196442068
      ],
      "goal_xy": [
        -1.7935894374059211,
        -4.580800883909957
      ],
      "success": false,
      "collision": false,
      "timeout": true,
      "time_to_goal_s": 0.0,
      "path_length_m": 45.00000000000015,
      "optimal_path_m": 3.4918714086958778,
      "path_deviation_m": 2.6477692850606496,
      "min_dist_obs_m": 2.657471245872128,
      "min_dist_people_m": Infinity,
      "n_near_misses": 0,
      "cbf_interventions": 0,
      "total_steps": 600,
      "inference_ms": 10.002239131523917,
      "cbf_ms": 3.6483979783952236e-05
    },
    {
      "world": "warehouse",
      "model": "gnm",
      "fleetsafe": false,
      "sim_mode": "mock",
      "episode_id": 8,
      "seed": 4201397,
      "start_xy": [
        -4.06196506988818,
        4.936763536044456
      ],
      "goal_xy": [
        1.6428880310244907,
        2.3255989071343297
      ],
      "success": false,
      "collision": false,
      "timeout": true,
      "time_to_goal_s": 0.0,
      "path_length_m": 44.99110142703497,
      "optimal_path_m": 6.2740361508573,
      "path_deviation_m": 0.75604746348029,
      "min_dist_obs_m": 1.2716617199852647,
      "min_dist_people_m": Infinity,
      "n_near_misses": 0,
      "cbf_interventions": 0,
      "total_steps": 600,
      "inference_ms": 10.00216010628113,
      "cbf_ms": 3.448338247835636e-05
    },
    {
      "world": "warehouse",
      "model": "gnm",