{
  "world": "warehouse",
  "model": "gnm",
  "fleetsafe": true,
  "sim_mode": "mock",
  "aggregate": {
    "n_episodes": 20,
    "success_rate": 0.05,
    "success_rate_ci95": [
      0.0,
      0.15
    ],
    "collision_rate": 0.0,
    "collision_rate_ci95": [
      0.0,
      0.0
    ],
    "timeout_rate": 0.95,
    "spl": 0.007835660742683753,
    "spl_ci95": [
      0.0,
      0.02350698222805126
    ],
    "mean_path_length_m": 22.281920589506626,
    "mean_path_deviation_m": 0.6387608992613318,
    "mean_min_dist_obs_m": 2.2764862144653364,
    "mean_min_dist_people_m": null,
    "mean_time_to_goal_s": 81.75,
    "intervention_rate": 0.18791666666666668,
    "mean_inference_ms": 10.002691494576156,
    "mean_cbf_ms": 0.08332610820791761
  },
  "episodes": [
    {
      "world": "warehouse",
      "model": "gnm",
      "fleetsafe": true,
      "sim_mode": "mock",
      "episode_id": 0,
      "seed": 4201389,
      "start_xy": [
        -5.849613421989913,
        -0.55227681247022
      ],
      "goal_xy": [
        1.299774223101105,
        -4.555054510253904
      ],
      "success": false,
      "collision": false,
      "timeout": true,
      "time_to_goal_s": 0.0,
      "path_length_m": 44.82419687509537,
      "optimal_path_m": 8.193654434844964,
      "path_deviation_m": 0.8853624853295056,
      "min_dist_obs_m": 1.4762039339005337,
      "min_dist_people_m": Infinity,
      "n_near_misses": 0,
      "cbf_interventions": 0,
      "total_steps": 600,
      "inference_ms": 10.002424706084033,
      "cbf_ms": 0.009369989080975452
    },
    {
      "world": "warehouse",
      "model": "gnm",
      "fleetsafe": true,
      "sim_mode": "mock",
      "episode_id": 1,
      "seed": 4201390,
      "start_xy": [
        1.8003582065534935,
        -1.1311538427180547
      ],
      "goal_xy": [
        -4.539981513346924,
        2.240962727302117
      ],
      "success": false,
      "collision": false,
      "timeout": true,
      "time_to_goal_s": 0.0,
      "path_length_m": 0.8238909617066386,
      "optimal_path_m": 7.18130057340253,
      "path_deviation_m": 0.690108492836931,
      "min_dist_obs_m": 0.23570139377969512,
      "min_dist_people_m": Infinity,
      "n_near_misses": 590,
      "cbf_interventions": 589,
      "total_steps": 600,
      "inference_ms": 10.00241382260962,
      "cbf_ms": 0.021815989554549258
    },
    {
      "world": "warehouse",
      "model": "gnm",
      "fleetsafe": true,
      "sim_mode": "mock",
      "episode_id": 2,
      "seed": 4201391,
      "start_xy": [
        -2.6797052319798045,
        6.853873066738222
      ],
      "goal_xy": [
        -3.206570766530601,
        -3.6892043764231603
      ],
      "success": false,
      "collision": false,
      "timeout": true,
      "time_to_goal_s": 0.0,
      "path_length_m": 4.8711239495314524,
      "optimal_path_m": 10.556233668501084,
      "path_deviation_m": 0.18478170886080528,
      "min_dist_obs_m": 4.27048797465329,
      "min_dist_people_m": Infinity,
      "n_near_misses": 0,
      "cbf_interventions": 0,
      "total_steps": 600,
      "inference_ms": 10.002479727069536,
      "cbf_ms": 0.009602984452309707
    },
    {
      "world": "warehouse",
      "model": "gnm",
      "fleetsafe": true,
      "sim_mode": "mock",
      "episode_id": 3,
      "seed": 4201392,
      "start_xy": [
        3.7192149537280326,
        -2.0374377824564833
      ],
      "goal_xy": [
        -6.415237087728416,
        -4.498450709833342
      ],
      "success": false,
      "collision": false,
      "timeout": true,
      "time_to_goal_s": 0.0,
      "path_length_m": 44.82500161975622,
      "optimal_path_m": 10.428983786030967,
      "path_deviation_m": 0.52979936193599,
      "min_dist_obs_m": 2.2025118642503685,
      "min_dist_people_m": Infinity,
      "n_near_misses": 0,
      "cbf_interventions": 0,
      "total_steps": 600,
      "inference_ms": 10.002392526560774,
      "cbf_ms": 0.009310576327455541
    },
    {
      "world": "warehouse",
      "model": "gnm",
      "fleetsafe": true,
      "sim_mode": "mock",
      "episode_id": 4,
      "seed": 4201393,
      "start_xy": [
        5.840486496084324,
        -0.498769201756069
      ],
      "goal_xy": [
        3.455670446041493,
        2.3176974764808165
      ],
      "success": false,
      "collision": false,
      "timeout": true,
      "time_to_goal_s": 0.0,
      "path_length_m": 44.82500161975622,
      "optimal_path_m": 3.6905056756711008,
      "path_deviation_m": 0.4355124225905242,
      "min_dist_obs_m": 3.046681747869148,
      "min_dist_people_m": Infinity,
      "n_near_misses": 0,
      "cbf_interventions": 0,
      "total_steps": 600,
      "inference_ms": 10.002522759217149,
      "cbf_ms": 0.009801319295850893
    },
    {
      "world": "warehouse",
      "model": "gnm",
      "fleetsafe": true,
      "sim_mode": "mock",
      "episode_id": 5,
      "seed": 4201394,
      "start_xy": [
        -3.8216787060323334,
        5.060677681533662
      ],
      "goal_xy": [
        4.464679752189072,
        -1.4037338511790818
      ],
      "success": false,
      "collision": false,
      "timeout": true,
      "time_to_goal_s": 0.0,
      "path_length_m": 44.82500161975622,
      "optimal_path_m": 10.509631437990913,
      "path_deviation_m": 0.7139846769455318,
      "min_dist_obs_m": 2.9771535151059356,
      "min_dist_people_m": Infinity,
      "n_near_misses": 0,
      "cbf_interventions": 0,
      "total_steps": 600,
      "inference_ms": 10.002418218452172,
      "cbf_ms": 0.009320568836604556
    },
    {
      "world": "warehouse",
      "model": "gnm",
      "fleetsafe": true,
      "sim_mode": "mock",
      "episode_id": 6,
      "seed": 4201395,
      "start_xy": [
        5.056533544163232,
        -0.1968330900298838
      ],
      "goal_xy": [
        -2.462402230058265,
        -4.264207531676276
      ],
      "success": false,
      "collision": false,
      "timeout": true,
      "time_to_goal_s": 0.0,
      "path_length_m": 44.82500161975622,
      "optimal_path_m": 8.548563038629716,
      "path_deviation_m": 0.5048020484950696,
      "min_dist_obs_m": 2.3261858092238126,
      "min_dist_people_m": Infinity,
      "n_near_misses": 0,
      "cbf_interventions": 0,
      "total_steps": 600,
      "inference_ms": 10.00244904057278,
      "cbf_ms": 0.009548293504243096
    },
    {
      "world": "warehouse",
      "model": "gnm",
      "fleetsafe": true,
      "sim_mode": "mock",
      "episode_id": 7,
      "seed": 4201396,
      "start_xy": [
        -5.193465116974442,
        -3.7845526196442068
      ],
      "goal_xy": [
        -1.7935894374059211,
        -4.580800883909957
      ],
      "success": true,
      "collision": false,
      "timeout": false,
      "time_to_goal_s": 81.75,
      "path_length_m": 22.281920589506626,
      "optimal_path_m": 3.4918714086958778,
      "path_deviation_m": 0.8800507857023994,
      "min_dist_obs_m": 1.460605364162362,
      "min_dist_people_m": Infinity,
      "n_near_misses": 0,
      "cbf_interventions": 0,
      "total_steps": 327,
      "inference_ms": 10.002458660624102,
      "cbf_ms": 0.009463147676068526
    },
    {
      "world": "warehouse",
      "model": "gnm",
      "fleetsafe": true,
      "sim_mode": "mock",
      "episode_id": 8,
      "seed": 4201397,
      "start_xy": [
        -4.06196506988818,
        4.936763536044456
      ],
      "goal_xy": [
        1.6428880310244907,
        2.3255989071343297
      ],
      "success": false,
      "collision": false,
      "timeout": true,
      "time_to_goal_s": 0.0,
      "path_length_m": 44.75002061575651,
      "optimal_path_m": 6.2740361508573,
      "path_deviation_m": 1.0066270621143143,
      "min_dist_obs_m": 2.0598725740104964,
      "min_dist_people_m": Infinity,
      "n_near_misses": 0,
      "cbf_interventions": 0,
      "total_steps": 600,
      "inference_ms": 10.002379047024684,