{
    "timestamp": 1779859895.0560215,
    "instruction_id": "2aed2248",
    "source": "voice",
    "safe": true,
    "qp_status": "optimal",
    "h_min": 0.07155599426651008,
    "min_dist_m": 0.33399999141693115,
    "safety_radius_m": 0.2,
    "constraint_margin_min": 0.07155599426651008,
    "latency_ms": 1.2477549025788903,
    "u_nominal": [
        0.06,
        0.0
    ],
    "u_safe": [
        0.04019999742507934,
        0.0
    ],
    "cbf_active": true,
    "estop_latched": false,
    "decision": "dry_run_zero",
    "reason": "dry_run_zero",
    "dry_run": true,
    "scan_audit": {
        "scan0_raw_min_m": 0.0,
        "scan1_raw_min_m": 0.0,
        "scan0_valid_min_m": 0.31299999356269836,
        "scan1_valid_min_m": 0.31200000643730164,
        "scan0_invalid_ct": 21,
        "scan1_invalid_ct": 17,
        "effective_clearance_m": 0.33399999141693115,
        "filtering_applied": true
    },
    "camera_seen": true,
    "camera_frame_id": "camera_color_optical_frame",
    "camera_last_age_ms": 591.4936065673828
}
