episode_id,step_idx,sim_time,wall_time,robot_position_x,robot_position_y,robot_position_z,robot_yaw,linear_velocity_cmd,angular_velocity_cmd,odom_linear_velocity,odom_angular_velocity,camera_frame_id,image_timestamp,policy_mode,stop_signal,safety_state,notes,shadow_gnm_enabled,shadow_gnm_status,shadow_gnm_model_path,shadow_gnm_latency_ms,shadow_gnm_candidate_linear_velocity,shadow_gnm_candidate_angular_velocity,shadow_gnm_candidate_waypoint_x,shadow_gnm_candidate_waypoint_y,shadow_gnm_goal_distance,shadow_gnm_confidence,shadow_gnm_error,actual_controller,actual_linear_velocity_cmd,actual_angular_velocity_cmd,experiment_id,pair_id,condition,stop_rule_name,stop_rule_threshold,stop_rule_k,stop_rule_ratio,initial_predicted_distance,normalized_predicted_distance,stop_triggered,goal_id,distance_to_goal_m,gnm_control_enabled,gnm_action_raw_linear_velocity,gnm_action_raw_angular_velocity,gnm_action_clipped_linear_velocity,gnm_action_clipped_angular_velocity,action_clipped,watchdog_state,emergency_stop_triggered,stop_reason,stop_head_enabled,stop_head_mode,stop_head_model_path,stop_head_latency_ms,stop_probability,stop_decision_shadow,stop_threshold,stop_reason_shadow,distance_to_goal_at_stop_signal,nearest_goal_distance_so_far,overshoot_detected,would_have_stopped_step,would_have_stopped_sim_time,stop_authority_enabled
normcmp_G_baseline_20260708_153849,0,9.716667,1783521532.375755,2.500416,0.5,-0.0,-3.141585,0.2,0.002079,-0.000224,-0.000204,camera_link,9.716667,gnm_closed_loop,,nominal,,True,ok,third_party/visualnav-transformer/model_weights/gnm/gnm.pth,13.08,0.3,0.0021,0.9448,0.002,10.07,,,gnm_closed_loop,0.2,0.002079,normalized_stop_ab_20260708,G,baseline_no_stop,,,,,,,False,hospital_fresh_medium_G,3.5004,True,0.3,0.002079,0.2,0.002079,True,armed,False,,True,shadow,results/bo_reviewer_packet/temporal_stop_head/22_temporal_stop_head_model.pt,,,False,0.5,sequence_warmup,,3.5004,False,,,False
normcmp_G_baseline_20260708_153849,1,9.733334,1783521532.378116,2.499107,0.500001,0.0,3.14158,0.2,0.002079,-0.000224,-0.000204,camera_link,9.733334,gnm_closed_loop,,nominal,,True,ok,third_party/visualnav-transformer/model_weights/gnm/gnm.pth,13.08,0.3,0.0021,0.9448,0.002,10.07,,,gnm_closed_loop,0.2,0.002079,normalized_stop_ab_20260708,G,baseline_no_stop,,,,,,,False,hospital_fresh_medium_G,3.4991,True,0.3,0.002079,0.2,0.002079,True,armed,False,,True,shadow,results/bo_reviewer_packet/temporal_stop_head/22_temporal_stop_head_model.pt,,,False,0.5,sequence_warmup,,3.5004,False,,,False
normcmp_G_baseline_20260708_153849,2,9.750001,1783521532.380066,2.496577,0.5,-0.0,3.141589,0.2,0.002079,-0.000224,-0.000204,camera_link,9.750001,gnm_closed_loop,,nominal,,True,ok,third_party/visualnav-transformer/model_weights/gnm/gnm.pth,13.08,0.3,0.0021,0.9448,0.002,10.07,,,gnm_closed_loop,0.2,0.002079,normalized_stop_ab_20260708,G,baseline_no_stop,,,,,,,False,hospital_fresh_medium_G,3.4966,True,0.3,0.002079,0.2,0.002079,True,armed,False,,True,shadow,results/bo_reviewer_packet/temporal_stop_head/22_temporal_stop_head_model.pt,,,False,0.5,sequence_warmup,,3.5004,False,,,False
normcmp_G_baseline_20260708_153849,3,9.766667,1783521532.404081,2.493399,0.5,-0.0,3.141589,0.2,0.002163,0.197159,-0.000628,camera_link,9.766667,gnm_closed_loop,,nominal,,True,ok,third_party/visualnav-transformer/model_weights/gnm/gnm.pth,12.82,0.3,0.0022,0.9452,0.002,10.08,,,gnm_closed_loop,0.2,0.002163,normalized_stop_ab_20260708,G,baseline_no_stop,,,,,,,False,hospital_fresh_medium_G,3.4934,True,0.3,0.002163,0.2,0.002163,True,armed,False,,True,shadow,results/bo_reviewer_packet/temporal_stop_head/22_temporal_stop_head_model.pt,,,False,0.5,sequence_warmup,,3.4934,False,,,False
normcmp_G_baseline_20260708_153849,4,9.783334,1783521532.406862,2.490094,0.500001,-0.0,3.141589,0.2,0.002163,0.197159,-0.000628,camera_link,9.783334,gnm_closed_loop,,nominal,,True,ok,third_party/visualnav-transformer/model_weights/gnm/gnm.pth,12.82,0.3,0.0022,0.9452,0.002,10.08,,,gnm_closed_loop,0.2,0.002163,normalized_stop_ab_20260708,G,baseline_no_stop,,,,,,,False,hospital_fresh_medium_G,3.4901,True,0.3,0.002163,0.2,0.002163,True,armed,False,,True,shadow,results/bo_reviewer_packet/temporal_stop_head/22_temporal_stop_head_model.pt,,,False,0.5,sequence_warmup,,3.4934,False,,,False
normcmp_G_baseline_20260708_153849,5,9.800001,1783521532.410021,2.486772,0.500001,-0.0,3.141589,0.2,0.002163,0.197159,-0.000628,camera_link,9.800001,gnm_closed_loop,,nominal,,True,ok,third_party/visualnav-transformer/model_weights/gnm/gnm.pth,12.82,0.3,0.0022,0.9452,0.002,10.08,,,gnm_closed_loop,0.2,0.002163,normalized_stop_ab_20260708,G,baseline_no_stop,,,,,,,False,hospital_fresh_medium_G,3.4868,True,0.3,0.002163,0.2,0.002163,True,armed,False,,True,shadow,results/bo_reviewer_packet/temporal_stop_head/22_temporal_stop_head_model.pt,,,False,0.5,sequence_warmup,,3.4934,False,,,False
normcmp_G_baseline_20260708_153849,6,9.816667,1783521532.433909,2.483448,0.500001,-0.0,3.141589,0.2,0.002062,0.199847,0.000244,camera_link,9.816667,gnm_closed_loop,,nominal,,True,ok,third_party/visualnav-transformer/model_weights/gnm/gnm.pth,12.8,0.3,0.0021,0.9452,0.0019,10.04,,,gnm_closed_loop,0.2,0.002062,normalized_stop_ab_20260708,G,baseline_no_stop,,,,,,,False,hospital_fresh_medium_G,3.4834,True,0.3,0.002062,0.2,0.002062,True,armed,False,,True,shadow,results/bo_reviewer_packet/temporal_stop_head/22_temporal_stop_head_model.pt,,,False,0.5,sequence_warmup,,3.4834,False,,,False
normcmp_G_baseline_20260708_153849,7,9.833334,1783521532.436168,2.480123,0.5,-0.0,3.141589,0.2,0.002062,0.199847,0.000244,camera_link,9.833334,gnm_closed_loop,,nominal,,True,ok,third_party/visualnav-transformer/model_weights/gnm/gnm.pth,12.8,0.3,0.0021,0.9452,0.0019,10.04,,,gnm_closed_loop,0.2,0.002062,normalized_stop_ab_20260708,G,baseline_no_stop,,,,,,,False,hospital_fresh_medium_G,3.4801,True,0.3,0.002062,0.2,0.002062,True,armed,False,,True,shadow,results/bo_reviewer_packet/temporal_stop_head/22_temporal_stop_head_model.pt,,,False,0.5,sequence_warmup,,3.4834,False,,,False
normcmp_G_baseline_20260708_153849,8,9.850001,1783521532.439149,2.476799,0.500001,-0.0,3.14159,0.2,0.002062,0.199847,0.000244,camera_link,9.850001,gnm_closed_loop,,nominal,,True,ok,third_party/visualnav-transformer/model_weights/gnm/gnm.pth,12.8,0.3,0.0021,0.9452,0.0019,10.04,,,gnm_closed_loop,0.2,0.002062,normalized_stop_ab_20260708,G,baseline_no_stop,,,,,,,False,hospital_fresh_medium_G,3.4768,True,0.3,0.002062,0.2,0.002062,True,armed,False,,True,shadow,results/bo_reviewer_packet/temporal_stop_head/22_temporal_stop_head_model.pt,,,False,0.5,sequence_warmup,,3.4834,False,,,False
normcmp_G_baseline_20260708_153849,9,9.866667,1783521532.462594,2.473475,0.500001,-0.0,3.14159,0.2,0.001732,0.199848,0.000184,camera_link,9.866667,gnm_closed_loop,,nominal,,True,ok,third_party/visualnav-transformer/model_weights/gnm/gnm.pth,12.91,0.3,0.0017,0.9424,0.0016,9.96,,,gnm_closed_loop,0.2,0.001732,normalized_stop_ab_20260708,G,baseline_no_stop,,,,,,,False,hospital_fresh_medium_G,3.4735,True,0.3,0.001732,0.2,0.001732,True,armed,False,,True,shadow,results/bo_reviewer_packet/temporal_stop_head/22_temporal_stop_head_model.pt,,,False,0.5,sequence_warmup,,3.4735,False,,,False
normcmp_G_baseline_20260708_153849,10,9.883334,1783521532.46481,2.47015,0.500001,-0.0,3.14159,0.2,0.001732,0.199848,0.000184,camera_link,9.883334,gnm_closed_loop,,nominal,,True,ok,third_party/visualnav-transformer/model_weights/gnm/gnm.pth,12.91,0.3,0.0017,0.9424,0.0016,9.96,,,gnm_closed_loop,0.2,0.001732,normalized_stop_ab_20260708,G,baseline_no_stop,,,,,,,False,hospital_fresh_medium_G,3.4702,True,0.3,0.001732,0.2,0.001732,True,armed,False,,True,shadow,results/bo_reviewer_packet/temporal_stop_head/22_temporal_stop_head_model.pt,,,False,0.5,sequence_warmup,,3.4735,False,,,False
normcmp_G_baseline_20260708_153849,11,9.900001,1783521532.466562,2.466826,0.500001,-0.0,3.14159,0.2,0.001732,0.199848,0.000184,camera_link,9.900001,gnm_closed_loop,,nominal,,True,ok,third_party/visualnav-transformer/model_weights/gnm/gnm.pth,12.91,0.3,0.0017,0.9424,0.0016,9.96,,,gnm_closed_loop,0.2,0.001732,normalized_stop_ab_20260708,G,baseline_no_stop,,,,,,,False,hospital_fresh_medium_G,3.4668,True,0.3,0.001732,0.2,0.001732,True,armed,False,,True,shadow,results/bo_reviewer_packet/temporal_stop_head/22_temporal_stop_head_model.pt,,,False,0.5,sequence_warmup,,3.4735,False,,,False
normcmp_G_baseline_20260708_153849,12,9.916667,1783521532.491041,2.463501,0.500001,-0.0,3.14159,0.2,0.001075,0.199816,-0.000429,camera_link,9.916667,gnm_closed_loop,,nominal,,True,ok,third_party/visualnav-transformer/model_weights/gnm/gnm.pth,12.85,0.3,0.0011,0.9357,0.001,9.89,,,gnm_closed_loop,0.2,0.001075,normalized_stop_ab_20260708,G,baseline_no_stop,,,,,,,False,hospital_fresh_medium_G,3.4635,True,0.3,0.001075,0.2,0.001075,True,armed,False,,True,shadow,results/bo_reviewer_packet/temporal_stop_head/22_temporal_stop_head_model.pt,,,False,0.5,sequence_warmup,,3.4635,False,,,False
normcmp_G_baseline_20260708_153849,13,9.933334,1783521532.493342,2.460177,0.500001,-0.0,3.14159,0.2,0.001075,0.199816,-0.000429,camera_link,9.933334,gnm_closed_loop,,nominal,,True,ok,third_party/visualnav-transformer/model_weights/gnm/gnm.pth,12.85,0.3,0.0011,0.9357,0.001,9.89,,,gnm_closed_loop,0.2,0.001075,normalized_stop_ab_20260708,G,baseline_no_stop,,,,,,,False,hospital_fresh_medium_G,3.4602,True,0.3,0.001075,0.2,0.001075,True,armed,False,,True,shadow,results/bo_reviewer_packet/temporal_stop_head/22_temporal_stop_head_model.pt,,,False,0.5,sequence_warmup,,3.4635,False,,,False
normcmp_G_baseline_20260708_153849,14,9.950001,1783521532.495109,2.456853,0.500001,-0.0,3.14159,0.2,0.001075,0.199816,-0.000429,camera_link,9.950001,gnm_closed_loop,,nominal,,True,ok,third_party/visualnav-transformer/model_weights/gnm/gnm.pth,12.85,0.3,0.0011,0.9357,0.001,9.89,,,gnm_closed_loop,0.2,0.001075,normalized_stop_ab_20260708,G,baseline_no_stop,,,,,,,False,hospital_fresh_medium_G,3.4569,True,0.3,0.001075,0.2,0.001075,True,armed,False,,True,shadow,results/bo_reviewer_packet/temporal_stop_head/22_temporal_stop_head_model.pt,,,False,0.5,sequence_warmup,,3.4635,False,,,False
normcmp_G_baseline_20260708_153849,15,9.966667,1783521532.518411,2.453528,0.5,-0.0,3.14159,0.2,0.000255,0.199819,-2e-06,camera_link,9.966667,gnm_closed_loop,,nominal,,True,ok,third_party/visualnav-transformer/model_weights/gnm/gnm.pth,13.11,0.3,0.0003,0.9278,0.0002,9.83,,,gnm_closed_loop,0.2,0.000255,normalized_stop_ab_20260708,G,baseline_no_stop,,,,,,,False,hospital_fresh_medium_G,3.4535,True,0.3,0.000255,0.2,0.000255,True,armed,False,,True,shadow,results/bo_reviewer_packet/temporal_stop_head/22_temporal_stop_head_model.pt,,,False,0.5,sequence_warmup,,3.4535,False,,,False
normcmp_G_baseline_20260708_153849,16,9.983334,1783521532.520925,2.450204,0.5,-0.0,3.14159,0.2,0.000255,0.199819,-2e-06,camera_link,9.983334,gnm_closed_loop,,nominal,,True,ok,third_party/visualnav-transformer/model_weights/gnm/gnm.pth,13.11,0.3,0.0003,0.9278,0.0002,9.83,,,gnm_closed_loop,0.2,0.000255,normalized_stop_ab_20260708,G,baseline_no_stop,,,,,,,False,hospital_fresh_medium_G,3.4502,True,0.3,0.000255,0.2,0.000255,True,armed,False,,True,shadow,results/bo_reviewer_packet/temporal_stop_head/22_temporal_stop_head_model.pt,,,False,0.5,sequence_warmup,,3.4535,False,,,False
normcmp_G_baseline_20260708_153849,17,10.000001,1783521532.522834,2.44688,0.500001,-0.0,3.14159,0.2,0.000255,0.199819,-2e-06,camera_link,10.000001,gnm_closed_loop,,nominal,,True,ok,third_party/visualnav-transformer/model_weights/gnm/gnm.pth,13.11,0.3,0.0003,0.9278,0.0002,9.83,,,gnm_closed_loop,0.2,0.000255,normalized_stop_ab_20260708,G,baseline_no_stop,,,,,,,False,hospital_fresh_medium_G,3.4469,True,0.3,0.000255,0.2,0.000255,True,armed,False,,True,shadow,results/bo_reviewer_packet/temporal_stop_head/22_temporal_stop_head_model.pt,,,False,0.5,sequence_warmup,,3.4535,False,,,False
normcmp_G_baseline_20260708_153849,18,10.016667,1783521532.545187,2.443555,0.500001,-0.0,3.14159,0.2,-0.00066,0.19982,0.00064,camera_link,10.016667,gnm_closed_loop,,nominal,,True,ok,third_party/visualnav-transformer/model_weights/gnm/gnm.pth,12.73,0.3,-0.0007,0.9205,-0.0006,9.75,,,gnm_closed_loop,0.2,-0.00066,normalized_stop_ab_20260708,G,baseline_no_stop,,,,,,,False,hospital_fresh_medium_G,3.4436,True,0.3,-0.00066,0.2,-0.00066,True,armed,False,,True,shadow,results/bo_reviewer_packet/temporal_stop_head/22_temporal_stop_head_model.pt,,,False,0.5,sequence_warmup,,3.4436,False,,,False
normcmp_G_baseline_20260708_153849,19,10.033334,1783521532.547487,2.44023,0.500001,-0.0,3.14159,0.2,-0.00066,0.19982,0.00064,camera_link,10.033334,gnm_closed_loop,,nominal,,True,ok,third_party/visualnav-transformer/model_weights/gnm/gnm.pth,12.73,0.3,-0.0007,0.9205,-0.0006,9.75,,,gnm_closed_loop,0.2,-0.00066,normalized_stop_ab_20260708,G,baseline_no_stop,,,,,,,False,hospital_fresh_medium_G,3.4402,True,0.3,-0.00066,0.2,-0.00066,True,armed,False,,True,shadow,results/bo_reviewer_packet/temporal_stop_head/22_temporal_stop_head_model.pt,,,False,0.5,sequence_warmup,,3.4436,False,,,False
normcmp_G_baseline_20260708_153849,20,10.050001,1783521532.549338,2.436906,0.5,-0.0,3.14159,0.2,-0.00066,0.19982,0.00064,camera_link,10.050001,gnm_closed_loop,,nominal,,True,ok,third_party/visualnav-transformer/model_weights/gnm/gnm.pth,12.73,0.3,-0.0007,0.9205,-0.0006,9.75,,,gnm_closed_loop,0.2,-0.00066,normalized_stop_ab_20260708,G,baseline_no_stop,,,,,,,False,hospital_fresh_medium_G,3.4369,True,0.3,-0.00066,0.2,-0.00066,True,armed,False,,True,shadow,results/bo_reviewer_packet/temporal_stop_head/22_temporal_stop_head_model.pt,,,False,0.5,sequence_warmup,,3.4436,False,,,False
normcmp_G_baseline_20260708_153849,21,10.066667,1783521532.572973,2.433582,0.5,-0.0,3.14159,0.2,-0.001776,0.199828,-0.000125,camera_link,10.066667,gnm_closed_loop,,nominal,,True,ok,third_party/visualnav-transformer/model_weights/gnm/gnm.pth,12.91,0.3,-0.0018,0.9101,-0.0016,9.67,,,gnm_closed_loop,0.2,-0.001776,normalized_stop_ab_20260708,G,baseline_no_stop,,,,,,,False,hospital_fresh_medium_G,3.4336,True,0.3,-0.001776,0.2,-0.001776,True,armed,False,,True,shadow,results/bo_reviewer_packet/temporal_stop_head/22_temporal_stop_head_model.pt,0.19,0.0,False,0.5,,,3.4336,False,,,False
normcmp_G_baseline_20260708_153849,22,10.083334,1783521532.575311,2.430257,0.5,-0.0,3.14159,0.2,-0.001776,0.199828,-0.000125,camera_link,10.083334,gnm_closed_loop,,nominal,,True,ok,third_party/visualnav-transformer/model_weights/gnm/gnm.pth,12.91,0.3,-0.0018,0.9101,-0.0016,9.67,,,gnm_closed_loop,0.2,-0.001776,normalized_stop_ab_20260708,G,baseline_no_stop,,,,,,,False,hospital_fresh_medium_G,3.4303,True,0.3,-0.001776,0.2,-0.001776,True,armed,False,,True,shadow,results/bo_reviewer_packet/temporal_stop_head/22_temporal_stop_head_model.pt,0.19,0.0,False,0.5,,,3.4336,False,,,False
normcmp_G_baseline_20260708_153849,23,10.100001,1783521532.577166,2.426933,0.5,-0.0,3.14159,0.2,-0.001776,0.199828,-0.000125,camera_link,10.100001,gnm_closed_loop,,nominal,,True,ok,third_party/visualnav-transformer/model_weights/gnm/gnm.pth,12.91,0.3,-0.0018,0.9101,-0.0016,9.67,,,gnm_closed_loop,0.2,-0.001776,normalized_stop_ab_20260708,G,baseline_no_stop,,,,,,,False,hospital_fresh_medium_G,3.4269,True,0.3,-0.001776,0.2,-0.001776,True,armed,False,,True,shadow,results/bo_reviewer_packet/temporal_stop_head/22_temporal_stop_head_model.pt,0.19,0.0,False,0.5,,,3.4336,False,,,False
normcmp_G_baseline_20260708_153849,24,10.116667,1783521532.600837,2.423608,0.5,-0.0,3.14159,0.2,-0.002707,0.199869,0.000351,camera_link,10.116667,gnm_closed_loop,,nominal,,True,ok,third_party/visualnav-transformer/model_weights/gnm/gnm.pth,12.74,0.3,-0.0027,0.9012,-0.0024,9.63,,,gnm_closed_loop,0.2,-0.002707,normalized_stop_ab_20260708,G,baseline_no_stop,,,,,,,False,hospital_fresh_medium_G,3.4236,True,0.3,-0.002707,0.2,-0.002707,True,armed,False,,True,shadow,results/bo_reviewer_packet/temporal_stop_head/22_temporal_stop_head_model.pt,0.111,0.0,False,0.5,,,3.4236,False,,,False
normcmp_G_baseline_20260708_153849,25,10.133334,1783521532.603165,2.420284,0.5,-0.0,3.14159,0.2,-0.002707,0.199869,0.000351,camera_link,10.133334,gnm_closed_loop,,nominal,,True,ok,third_party/visualnav-transformer/model_weights/gnm/gnm.pth,12.74,0.3,-0.0027,0.9012,-0.0024,9.63,,,gnm_closed_loop,0.2,-0.002707,normalized_stop_ab_20260708,G,baseline_no_stop,,,,,,,False,hospital_fresh_medium_G,3.4203,True,0.3,-0.002707,0.2,-0.002707,True,armed,False,,True,shadow,results/bo_reviewer_packet/temporal_stop_head/22_temporal_stop_head_model.pt,0.111,0.0,False,0.5,,,3.4236,False,,,False
normcmp_G_baseline_20260708_153849,26,10.150001,1783521532.606204,2.416959,0.5,-0.0,3.14159,0.2,-0.002707,0.199869,0.000351,camera_link,10.150001,gnm_closed_loop,,nominal,,True,ok,third_party/visualnav-transformer/model_weights/gnm/gnm.pth,12.74,0.3,-0.0027,0.9012,-0.0024,9.63,,,gnm_closed_loop,0.2,-0.002707,normalized_stop_ab_20260708,G,baseline_no_stop,,,,,,,False,hospital_fresh_medium_G,3.417,True,0.3,-0.002707,0.2,-0.002707,True,armed,False,,True,shadow,results/bo_reviewer_packet/temporal_stop_head/22_temporal_stop_head_model.pt,0.111,0.0,False,0.5,,,3.4236,False,,,False
normcmp_G_baseline_20260708_153849,27,10.166667,1783521532.62951,2.413634,0.5,-0.0,3.14159,0.2,-0.004033,0.199836,6.9e-05,camera_link,10.166667,gnm_closed_loop,,nominal,,True,ok,third_party/visualnav-transformer/model_weights/gnm/gnm.pth,12.85,0.3,-0.004,0.8907,-0.0036,9.61,,,gnm_closed_loop,0.2,-0.004033,normalized_stop_ab_20260708,G,baseline_no_stop,,,,,,,False,hospital_fresh_medium_G,3.4136,True,0.3,-0.004033,0.2,-0.004033,True,armed,False,,True,shadow,results/bo_reviewer_packet/temporal_stop_head/22_temporal_stop_head_model.pt,0.104,0.0,False,0.5,,,3.4136,False,,,False
normcmp_G_baseline_20260708_153849,28,10.183334,1783521532.631904,2.41031,0.5,-0.0,3.14159,0.2,-0.004033,0.199836,6.9e-05,camera_link,10.183334,gnm_closed_loop,,nominal,,True,ok,third_party/visualnav-transformer/model_weights/gnm/gnm.pth,12.85,0.3,-0.004,0.8907,-0.0036,9.61,,,gnm_closed_loop,0.2,-0.004033,normalized_stop_ab_20260708,G,baseline_no_stop,,,,,,,False,hospital_fresh_medium_G,3.4103,True,0.3,-0.004033,0.2,-0.004033,True,armed,False,,True,shadow,results/bo_reviewer_packet/temporal_stop_head/22_temporal_stop_head_model.pt,0.104,0.0,False,0.5,,,3.4136,False,,,False
normcmp_G_baseline_20260708_153849,29,10.200001,1783521532.634098,2.406985,0.5,-0.0,3.14159,0.2,-0.004033,0.199836,6.9e-05,camera_link,10.200001,gnm_closed_loop,,nominal,,True,ok,third_party/visualnav-transformer/model_weights/gnm/gnm.pth,12.85,0.3,-0.004,0.8907,-0.0036,9.61,,,gnm_closed_loop,0.2,-0.004033,normalized_stop_ab_20260708,G,baseline_no_stop,,,,,,,False,hospital_fresh_medium_G,3.407,True,0.3,-0.004033,0.2,-0.004033,True,armed,False,,True,shadow,results/bo_reviewer_packet/temporal_stop_head/22_temporal_stop_head_model.pt,0.104,0.0,False,0.5,,,3.4136,False,,,False
normcmp_G_baseline_20260708_153849,30,10.216667,1783521532.658171,2.403661,0.5,-0.0,3.14159,0.2,-0.005347,0.199826,8.3e-05,camera_link,10.216667,gnm_closed_loop,,nominal,,True,ok,third_party/visualnav-transformer/model_weights/gnm/gnm.pth,13.16,0.3,-0.0053,0.8815,-0.0047,9.55,,,gnm_closed_loop,0.2,-0.005347,normalized_stop_ab_20260708,G,baseline_no_stop,,,,,,,False,hospital_fresh_medium_G,3.4037,True,0.3,-0.005347,0.2,-0.005347,True,armed,False,,True,shadow,results/bo_reviewer_packet/temporal_stop_head/22_temporal_stop_head_model.pt,0.12,0.0,False,0.5,,,3.4037,False,,,False
normcmp_G_baseline_20260708_153849,31,10.233334,1783521532.6605,2.400337,0.5,-0.0,3.141589,0.2,-0.005347,0.199826,8.3e-05,camera_link,10.233334,gnm_closed_loop,,nominal,,True,ok,third_party/visualnav-transformer/model_weights/gnm/gnm.pth,13.16,0.3,-0.0053,0.8815,-0.0047,9.55,,,gnm_closed_loop,0.2,-0.005347,normalized_stop_ab_20260708,G,baseline_no_stop,,,,,,,False,hospital_fresh_medium_G,3.4003,True,0.3,-0.005347,0.2,-0.005347,True,armed,False,,True,shadow,results/bo_reviewer_packet/temporal_stop_head/22_temporal_stop_head_model.pt,0.12,0.0,False,0.5,,,3.4037,False,,,False
normcmp_G_baseline_20260708_153849,32,10.250001,1783521532.662465,2.397012,0.5,-0.0,3.141589,0.2,-0.005347,0.199826,8.3e-05,camera_link,10.250001,gnm_closed_loop,,nominal,,True,ok,third_party/visualnav-transformer/model_weights/gnm/gnm.pth,13.16,0.3,-0.0053,0.8815,-0.0047,9.55,,,gnm_closed_loop,0.2,-0.005347,normalized_stop_ab_20260708,G,baseline_no_stop,,,,,,,False,hospital_fresh_medium_G,3.397,True,0.3,-0.005347,0.2,-0.005347,True,armed,False,,True,shadow,results/bo_reviewer_packet/temporal_stop_head/22_temporal_stop_head_model.pt,0.12,0.0,False,0.5,,,3.4037,False,,,False
normcmp_G_baseline_20260708_153849,33,10.266667,1783521532.687484,2.393687,0.5,-0.0,3.141588,0.2,-0.006408,0.199862,0.000149,camera_link,10.266667,gnm_closed_loop,,nominal,,True,ok,third_party/visualnav-transformer/model_weights/gnm/gnm.pth,14.72,0.3,-0.0064,0.875,-0.0056,9.51,,,gnm_closed_loop,0.2,-0.006408,normalized_stop_ab_20260708,G,baseline_no_stop,,,,,,,False,hospital_fresh_medium_G,3.3937,True,0.3,-0.006408,0.2,-0.006408,True,armed,False,,True,shadow,results/bo_reviewer_packet/temporal_stop_head/22_temporal_stop_head_model.pt,0.117,0.0,False,0.5,,,3.3937,False,,,False
normcmp_G_baseline_20260708_153849,34,10.283334,1783521532.6897,2.390363,0.5,-0.0,3.141588,0.2,-0.006408,0.199862,0.000149,camera_link,10.283334,gnm_closed_loop,,nominal,,True,ok,third_party/visualnav-transformer/model_weights/gnm/gnm.pth,14.72,0.3,-0.0064,0.875,-0.0056,9.51,,,gnm_closed_loop,0.2,-0.006408,normalized_stop_ab_20260708,G,baseline_no_stop,,,,,,,False,hospital_fresh_medium_G,3.3904,True,0.3,-0.006408,0.2,-0.006408,True,armed,False,,True,shadow,results/bo_reviewer_packet/temporal_stop_head/22_temporal_stop_head_model.pt,0.117,0.0,False,0.5,,,3.3937,False,,,False
normcmp_G_baseline_20260708_153849,35,10.300001,1783521532.691515,2.387038,0.5,-0.0,3.141588,0.2,-0.006408,0.199862,0.000149,camera_link,10.300001,gnm_closed_loop,,nominal,,True,ok,third_party/visualnav-transformer/model_weights/gnm/gnm.pth,14.72,0.3,-0.0064,0.875,-0.0056,9.51,,,gnm_closed_loop,0.2,-0.006408,normalized_stop_ab_20260708,G,baseline_no_stop,,,,,,,False,hospital_fresh_medium_G,3.387,True,0.3,-0.006408,0.2,-0.006408,True,armed,False,,True,shadow,results/bo_reviewer_packet/temporal_stop_head/22_temporal_stop_head_model.pt,0.117,0.0,False,0.5,,,3.3937,False,,,False
normcmp_G_baseline_20260708_153849,36,10.316667,1783521532.715647,2.383714,0.5,-0.0,3.141588,0.2,-0.007182,0.199816,0.000625,camera_link,10.316667,gnm_closed_loop,,nominal,,True,ok,third_party/visualnav-transformer/model_weights/gnm/gnm.pth,13.2,0.3,-0.0072,0.8704,-0.0063,9.48,,,gnm_closed_loop,0.2,-0.007182,normalized_stop_ab_20260708,G,baseline_no_stop,,,,,,,False,hospital_fresh_medium_G,3.3837,True,0.3,-0.007182,0.2,-0.007182,True,armed,False,,True,shadow,results/bo_reviewer_packet/temporal_stop_head/22_temporal_stop_head_model.pt,0.114,0.0,False,0.5,,,3.3837,False,,,False
normcmp_G_baseline_20260708_153849,37,10.333334,1783521532.717994,2.38039,0.5,-0.0,3.141587,0.2,-0.007182,0.199816,0.000625,camera_link,10.333334,gnm_closed_loop,,nominal,,True,ok,third_party/visualnav-transformer/model_weights/gnm/gnm.pth,13.2,0.3,-0.0072,0.8704,-0.0063,9.48,,,gnm_closed_loop,0.2,-0.007182,normalized_stop_ab_20260708,G,baseline_no_stop,,,,,,,False,hospital_fresh_medium_G,3.3804,True,0.3,-0.007182,0.2,-0.007182,True,armed,False,,True,shadow,results/bo_reviewer_packet/temporal_stop_head/22_temporal_stop_head_model.pt,0.114,0.0,False,0.5,,,3.3837,False,,,False
normcmp_G_baseline_20260708_153849,38,10.350001,1783521532.71982,2.377066,0.5,-0.0,3.141587,0.2,-0.007182,0.199816,0.000625,camera_link,10.350001,gnm_closed_loop,,nominal,,True,ok,third_party/visualnav-transformer/model_weights/gnm/gnm.pth,13.2,0.3,-0.0072,0.8704,-0.0063,9.48,,,gnm_closed_loop,0.2,-0.007182,normalized_stop_ab_20260708,G,baseline_no_stop,,,,,,,False,hospital_fresh_medium_G,3.3771,True,0.3,-0.007182,0.2,-0.007182,True,armed,False,,True,shadow,results/bo_reviewer_packet/temporal_stop_head/22_temporal_stop_head_model.pt,0.114,0.0,False,0.5,,,3.3837,False,,,False
normcmp_G_baseline_20260708_153849,39,10.366667,1783521532.742769,2.373742,0.5,-0.0,3.141586,0.2,-0.007354,0.199831,0.000381,camera_link,10.366667,gnm_closed_loop,,nominal,,True,ok,third_party/visualnav-transformer/model_weights/gnm/gnm.pth,12.88,0.3,-0.0074,0.8697,-0.0064,9.54,,,gnm_closed_loop,0.2,-0.007354,normalized_stop_ab_20260708,G,baseline_no_stop,,,,,,,False,hospital_fresh_medium_G,3.3737,True,0.3,-0.007354,0.2,-0.007354,True,armed,False,,True,shadow,results/bo_reviewer_packet/temporal_stop_head/22_temporal_stop_head_model.pt,0.102,0.0,False,0.5,,,3.3737,False,,,False
normcmp_G_baseline_20260708_153849,40,10.383334,1783521532.745095,2.370418,0.5,-0.0,3.141586,0.2,-0.007354,0.199831,0.000381,camera_link,10.383334,gnm_closed_loop,,nominal,,True,ok,third_party/visualnav-transformer/model_weights/gnm/gnm.pth,12.88,0.3,-0.0074,0.8697,-0.0064,9.54,,,gnm_closed_loop,0.2,-0.007354,normalized_stop_ab_20260708,G,baseline_no_stop,,,,,,,False,hospital_fresh_medium_G,3.3704,True,0.3,-0.007354,0.2,-0.007354,True,armed,False,,True,shadow,results/bo_reviewer_packet/temporal_stop_head/22_temporal_stop_head_model.pt,0.102,0.0,False,0.5,,,3.3737,False,,,False
normcmp_G_baseline_20260708_153849,41,10.400001,1783521532.747446,2.367093,0.5,-0.0,3.141586,0.2,-0.007354,0.199831,0.000381,camera_link,10.400001,gnm_closed_loop,,nominal,,True,ok,third_party/visualnav-transformer/model_weights/gnm/gnm.pth,12.88,0.3,-0.0074,0.8697,-0.0064,9.54,,,gnm_closed_loop,0.2,-0.007354,normalized_stop_ab_20260708,G,baseline_no_stop,,,,,,,False,hospital_fresh_medium_G,3.3671,True,0.3,-0.007354,0.2,-0.007354,True,armed,False,,True,shadow,results/bo_reviewer_packet/temporal_stop_head/22_temporal_stop_head_model.pt,0.102,0.0,False,0.5,,,3.3737,False,,,False
normcmp_G_baseline_20260708_153849,42,10.416667,1783521532.771906,2.363769,0.5,-0.0,3.141585,0.2,-0.007679,0.199839,0.000721,camera_link,10.416667,gnm_closed_loop,,nominal,,True,ok,third_party/visualnav-transformer/model_weights/gnm/gnm.pth,12.61,0.3,-0.0077,0.8691,-0.0067,9.71,,,gnm_closed_loop,0.2,-0.007679,normalized_stop_ab_20260708,G,baseline_no_stop,,,,,,,False,hospital_fresh_medium_G,3.3638,True,0.3,-0.007679,0.2,-0.007679,True,armed,False,,True,shadow,results/bo_reviewer_packet/temporal_stop_head/22_temporal_stop_head_model.pt,0.118,0.0,False,0.5,,,3.3638,False,,,False
normcmp_G_baseline_20260708_153849,43,10.433334,1783521532.774098,2.360444,0.5,-0.0,3.141584,0.2,-0.007679,0.199839,0.000721,camera_link,10.433334,gnm_closed_loop,,nominal,,True,ok,third_party/visualnav-transformer/model_weights/gnm/gnm.pth,12.61,0.3,-0.0077,0.8691,-0.0067,9.71,,,gnm_closed_loop,0.2,-0.007679,normalized_stop_ab_20260708,G,baseline_no_stop,,,,,,,False,hospital_fresh_medium_G,3.3604,True,0.3,-0.007679,0.2,-0.007679,True,armed,False,,True,shadow,results/bo_reviewer_packet/temporal_stop_head/22_temporal_stop_head_model.pt,0.118,0.0,False,0.5,,,3.3638,False,,,False
normcmp_G_baseline_20260708_153849,44,10.450001,1783521532.775952,2.35712,0.5,-0.0,3.141584,0.2,-0.007679,0.199839,0.000721,camera_link,10.450001,gnm_closed_loop,,nominal,,True,ok,third_party/visualnav-transformer/model_weights/gnm/gnm.pth,12.61,0.3,-0.0077,0.8691,-0.0067,9.71,,,gnm_closed_loop,0.2,-0.007679,normalized_stop_ab_20260708,G,baseline_no_stop,,,,,,,False,hospital_fresh_medium_G,3.3571,True,0.3,-0.007679,0.2,-0.007679,True,armed,False,,True,shadow,results/bo_reviewer_packet/temporal_stop_head/22_temporal_stop_head_model.pt,0.118,0.0,False,0.5,,,3.3638,False,,,False
normcmp_G_baseline_20260708_153849,45,10.466667,1783521532.798993,2.353796,0.5,-0.0,3.141584,0.2,-0.00793,0.19984,0.000212,camera_link,10.466667,gnm_closed_loop,,nominal,,True,ok,third_party/visualnav-transformer/model_weights/gnm/gnm.pth,13.06,0.3,-0.0079,0.8712,-0.0069,9.78,,,gnm_closed_loop,0.2,-0.00793,normalized_stop_ab_20260708,G,baseline_no_stop,,,,,,,False,hospital_fresh_medium_G,3.3538,True,0.3,-0.00793,0.2,-0.00793,True,armed,False,,True,shadow,results/bo_reviewer_packet/temporal_stop_head/22_temporal_stop_head_model.pt,0.113,0.0,False,0.5,,,3.3538,False,,,False
normcmp_G_baseline_20260708_153849,46,10.483334,1783521532.802116,2.350472,0.500001,-0.0,3.141584,0.2,-0.00793,0.19984,0.000212,camera_link,10.483334,gnm_closed_loop,,nominal,,True,ok,third_party/visualnav-transformer/model_weights/gnm/gnm.pth,13.06,0.3,-0.0079,0.8712,-0.0069,9.78,,,gnm_closed_loop,0.2,-0.00793,normalized_stop_ab_20260708,G,baseline_no_stop,,,,,,,False,hospital_fresh_medium_G,3.3505,True,0.3,-0.00793,0.2,-0.00793,True,armed,False,,True,shadow,results/bo_reviewer_packet/temporal_stop_head/22_temporal_stop_head_model.pt,0.113,0.0,False,0.5,,,3.3538,False,,,False
normcmp_G_baseline_20260708_153849,47,10.500001,1783521532.80477,2.347148,0.500001,-0.0,3.141583,0.2,-0.00793,0.19984,0.000212,camera_link,10.500001,gnm_closed_loop,,nominal,,True,ok,third_party/visualnav-transformer/model_weights/gnm/gnm.pth,13.06,0.3,-0.0079,0.8712,-0.0069,9.78,,,gnm_closed_loop,0.2,-0.00793,normalized_stop_ab_20260708,G,baseline_no_stop,,,,,,,False,hospital_fresh_medium_G,3.3471,True,0.3,-0.00793,0.2,-0.00793,True,armed,False,,True,shadow,results/bo_reviewer_packet/temporal_stop_head/22_temporal_stop_head_model.pt,0.113,0.0,False,0.5,,,3.3538,False,,,False
normcmp_G_baseline_20260708_153849,48,10.516667,1783521532.827442,2.343824,0.500001,-0.0,3.141583,0.2,-0.008296,0.199847,0.001032,camera_link,10.516667,gnm_closed_loop,,nominal,,True,ok,third_party/visualnav-transformer/model_weights/gnm/gnm.pth,12.87,0.3,-0.0083,0.8742,-0.0073,9.83,,,gnm_closed_loop,0.2,-0.008296,normalized_stop_ab_20260708,G,baseline_no_stop,,,,,,,False,hospital_fresh_medium_G,3.3438,True,0.3,-0.008296,0.2,-0.008296,True,armed,False,,True,shadow,results/bo_reviewer_packet/temporal_stop_head/22_temporal_stop_head_model.pt,0.109,0.0,False,0.5,,,3.3438,False,,,False
normcmp_G_baseline_20260708_153849,49,10.533334,1783521532.829812,2.3405,0.500001,-0.0,3.141582,0.2,-0.008296,0.199847,0.001032,camera_link,10.533334,gnm_closed_loop,,nominal,,True,ok,third_party/visualnav-transformer/model_weights/gnm/gnm.pth,12.87,0.3,-0.0083,0.8742,-0.0073,9.83,,,gnm_closed_loop,0.2,-0.008296,normalized_stop_ab_20260708,G,baseline_no_stop,,,,,,,False,hospital_fresh_medium_G,3.3405,True,0.3,-0.008296,0.2,-0.008296,True,armed,False,,True,shadow,results/bo_reviewer_packet/temporal_stop_head/22_temporal_stop_head_model.pt,0.109,0.0,False,0.5,,,3.3438,False,,,False
normcmp_G_baseline_20260708_153849,50,10.550001,1783521532.832587,2.337176,0.500001,-0.0,3.141581,0.2,-0.008296,0.199847,0.001032,camera_link,10.550001,gnm_closed_loop,,nominal,,True,ok,third_party/visualnav-transformer/model_weights/gnm/gnm.pth,12.87,0.3,-0.0083,0.8742,-0.0073,9.83,,,gnm_closed_loop,0.2,-0.008296,normalized_stop_ab_20260708,G,baseline_no_stop,,,,,,,False,hospital_fresh_medium_G,3.3372,True,0.3,-0.008296,0.2,-0.008296,True,armed,False,,True,shadow,results/bo_reviewer_packet/temporal_stop_head/22_temporal_stop_head_model.pt,0.109,0.0,False,0.5,,,3.3438,False,,,False
normcmp_G_baseline_20260708_153849,51,10.566667,1783521532.856225,2.333851,0.500001,-0.0,3.141581,0.2,-0.008138,0.199857,0.000508,camera_link,10.566667,gnm_closed_loop,,nominal,,True,ok,third_party/visualnav-transformer/model_weights/gnm/gnm.pth,13.21,0.3,-0.0081,0.8779,-0.0071,9.96,,,gnm_closed_loop,0.2,-0.008138,normalized_stop_ab_20260708,G,baseline_no_stop,,,,,,,False,hospital_fresh_medium_G,3.3339,True,0.3,-0.008138,0.2,-0.008138,True,armed,False,,True,shadow,results/bo_reviewer_packet/temporal_stop_head/22_temporal_stop_head_model.pt,0.127,0.0,False,0.5,,,3.3339,False,,,False
normcmp_G_baseline_20260708_153849,52,10.583334,1783521532.858836,2.330527,0.500001,-0.0,3.141581,0.2,-0.008138,0.199857,0.000508,camera_link,10.583334,gnm_closed_loop,,nominal,,True,ok,third_party/visualnav-transformer/model_weights/gnm/gnm.pth,13.21,0.3,-0.0081,0.8779,-0.0071,9.96,,,gnm_closed_loop,0.2,-0.008138,normalized_stop_ab_20260708,G,baseline_no_stop,,,,,,,False,hospital_fresh_medium_G,3.3305,True,0.3,-0.008138,0.2,-0.008138,True,armed,False,,True,shadow,results/bo_reviewer_packet/temporal_stop_head/22_temporal_stop_head_model.pt,0.127,0.0,False,0.5,,,3.3339,False,,,False
normcmp_G_baseline_20260708_153849,53,10.600001,1783521532.861119,2.327203,0.500001,-0.0,3.141581,0.2,-0.008138,0.199857,0.000508,camera_link,10.600001,gnm_closed_loop,,nominal,,True,ok,third_party/visualnav-transformer/model_weights/gnm/gnm.pth,13.21,0.3,-0.0081,0.8779,-0.0071,9.96,,,gnm_closed_loop,0.2,-0.008138,normalized_stop_ab_20260708,G,baseline_no_stop,,,,,,,False,hospital_fresh_medium_G,3.3272,True,0.3,-0.008138,0.2,-0.008138,True,armed,False,,True,shadow,results/bo_reviewer_packet/temporal_stop_head/22_temporal_stop_head_model.pt,0.127,0.0,False,0.5,,,3.3339,False,,,False
normcmp_G_baseline_20260708_153849,54,10.616667,1783521532.884802,2.323878,0.500001,-0.0,3.14158,0.2,-0.008589,0.199838,0.000668,camera_link,10.616667,gnm_closed_loop,,nominal,,True,ok,third_party/visualnav-transformer/model_weights/gnm/gnm.pth,12.99,0.3,-0.0086,0.8798,-0.0076,10.07,,,gnm_closed_loop,0.2,-0.008589,normalized_stop_ab_20260708,G,baseline_no_stop,,,,,,,False,hospital_fresh_medium_G,3.3239,True,0.3,-0.008589,0.2,-0.008589,True,armed,False,,True,shadow,results/bo_reviewer_packet/temporal_stop_head/22_temporal_stop_head_model.pt,0.114,0.0,False,0.5,,,3.3239,False,,,False
normcmp_G_baseline_20260708_153849,55,10.633334,1783521532.887483,2.320554,0.500001,-0.0,3.14158,0.2,-0.008589,0.199838,0.000668,camera_link,10.633334,gnm_closed_loop,,nominal,,True,ok,third_party/visualnav-transformer/model_weights/gnm/gnm.pth,12.99,0.3,-0.0086,0.8798,-0.0076,10.07,,,gnm_closed_loop,0.2,-0.008589,normalized_stop_ab_20260708,G,baseline_no_stop,,,,,,,False,hospital_fresh_medium_G,3.3206,True,0.3,-0.008589,0.2,-0.008589,True,armed,False,,True,shadow,results/bo_reviewer_packet/temporal_stop_head/22_temporal_stop_head_model.pt,0.114,0.0,False,0.5,,,3.3239,False,,,False
normcmp_G_baseline_20260708_153849,56,10.650001,1783521532.889468,2.31723,0.500001,-0.0,3.14158,0.2,-0.008589,0.199838,0.000668,camera_link,10.650001,gnm_closed_loop,,nominal,,True,ok,third_party/visualnav-transformer/model_weights/gnm/gnm.pth,12.99,0.3,-0.0086,0.8798,-0.0076,10.07,,,gnm_closed_loop,0.2,-0.008589,normalized_stop_ab_20260708,G,baseline_no_stop,,,,,,,False,hospital_fresh_medium_G,3.3172,True,0.3,-0.008589,0.2,-0.008589,True,armed,False,,True,shadow,results/bo_reviewer_packet/temporal_stop_head/22_temporal_stop_head_model.pt,0.114,0.0,False,0.5,,,3.3239,False,,,False
normcmp_G_baseline_20260708_153849,57,10.666667,1783521532.912436,2.313906,0.500001,-0.0,3.141579,0.2,-0.00848,0.199826,0.000388,camera_link,10.666667,gnm_closed_loop,,nominal,,True,ok,third_party/visualnav-transformer/model_weights/gnm/gnm.pth,13.06,0.3,-0.0085,0.8843,-0.0075,10.17,,,gnm_closed_loop,0.2,-0.00848,normalized_stop_ab_20260708,G,baseline_no_stop,,,,,,,False,hospital_fresh_medium_G,3.3139,True,0.3,-0.00848,0.2,-0.00848,True,armed,False,,True,shadow,results/bo_reviewer_packet/temporal_stop_head/22_temporal_stop_head_model.pt,0.121,0.0,False,0.5,,,3.3139,False,,,False
normcmp_G_baseline_20260708_153849,58,10.683334,1783521532.914843,2.310582,0.500001,-0.0,3.141579,0.2,-0.00848,0.199826,0.000388,camera_link,10.683334,gnm_closed_loop,,nominal,,True,ok,third_party/visualnav-transformer/model_weights/gnm/gnm.pth,13.06,0.3,-0.0085,0.8843,-0.0075,10.17,,,gnm_closed_loop,0.2,-0.00848,normalized_stop_ab_20260708,G,baseline_no_stop,,,,,,,False,hospital_fresh_medium_G,3.3106,True,0.3,-0.00848,0.2,-0.00848,True,armed,False,,True,shadow,results/bo_reviewer_packet/temporal_stop_head/22_temporal_stop_head_model.pt,0.121,0.0,False,0.5,,,3.3139,False,,,False
normcmp_G_baseline_20260708_153849,59,10.700001,1783521532.916697,2.307258,0.500001,-0.0,3.141579,0.2,-0.00848,0.199826,0.000388,camera_link,10.700001,gnm_closed_loop,,nominal,,True,ok,third_party/visualnav-transformer/model_weights/gnm/gnm.pth,13.06,0.3,-0.0085,0.8843,-0.0075,10.17,,,gnm_closed_loop,0.2,-0.00848,normalized_stop_ab_20260708,G,baseline_no_stop,,,,,,,False,hospital_fresh_medium_G,3.3073,True,0.3,-0.00848,0.2,-0.00848,True,armed,False,,True,shadow,results/bo_reviewer_packet/temporal_stop_head/22_temporal_stop_head_model.pt,0.121,0.0,False,0.5,,,3.3139,False,,,False
normcmp_G_baseline_20260708_153849,60,10.716667,1783521532.940741,2.303934,0.500001,-0.0,3.141578,0.2,-0.008423,0.199821,0.000911,camera_link,10.716667,gnm_closed_loop,,nominal,,True,ok,third_party/visualnav-transformer/model_weights/gnm/gnm.pth,12.88,0.3,-0.0084,0.8913,-0.0075,10.38,,,gnm_closed_loop,0.2,-0.008423,normalized_stop_ab_20260708,G,baseline_no_stop,,,,,,,False,hospital_fresh_medium_G,3.3039,True,0.3,-0.008423,0.2,-0.008423,True,armed,False,,True,shadow,results/bo_reviewer_packet/temporal_stop_head/22_temporal_stop_head_model.pt,0.148,0.0,False,0.5,,,3.3039,False,,,False
normcmp_G_baseline_20260708_153849,61,10.733334,1783521532.94302,2.30061,0.500001,-0.0,3.141578,0.2,-0.008423,0.199821,0.000911,camera_link,10.733334,gnm_closed_loop,,nominal,,True,ok,third_party/visualnav-transformer/model_weights/gnm/gnm.pth,12.88,0.3,-0.0084,0.8913,-0.0075,10.38,,,gnm_closed_loop,0.2,-0.008423,normalized_stop_ab_20260708,G,baseline_no_stop,,,,,,,False,hospital_fresh_medium_G,3.3006,True,0.3,-0.008423,0.2,-0.008423,True,armed,False,,True,shadow,results/bo_reviewer_packet/temporal_stop_head/22_temporal_stop_head_model.pt,0.148,0.0,False,0.5,,,3.3039,False,,,False
normcmp_G_baseline_20260708_153849,62,10.750001,1783521532.944888,2.297285,0.500001,-0.0,3.141578,0.2,-0.008423,0.199821,0.000911,camera_link,10.750001,gnm_closed_loop,,nominal,,True,ok,third_party/visualnav-transformer/model_weights/gnm/gnm.pth,12.88,0.3,-0.0084,0.8913,-0.0075,10.38,,,gnm_closed_loop,0.2,-0.008423,normalized_stop_ab_20260708,G,baseline_no_stop,,,,,,,False,hospital_fresh_medium_G,3.2973,True,0.3,-0.008423,0.2,-0.008423,True,armed,False,,True,shadow,results/bo_reviewer_packet/temporal_stop_head/22_temporal_stop_head_model.pt,0.148,0.0,False,0.5,,,3.3039,False,,,False
normcmp_G_baseline_20260708_153849,63,10.766667,1783521532.970433,2.293961,0.500001,-0.0,3.141577,0.2,-0.00905,0.199834,0.000715,camera_link,10.766667,gnm_closed_loop,,nominal,,True,ok,third_party/visualnav-transformer/model_weights/gnm/gnm.pth,14.46,0.3,-0.009,0.896,-0.0081,10.41,,,gnm_closed_loop,0.2,-0.00905,normalized_stop_ab_20260708,G,baseline_no_stop,,,,,,,False,hospital_fresh_medium_G,3.294,True,0.3,-0.00905,0.2,-0.00905,True,armed,False,,True,shadow,results/bo_reviewer_packet/temporal_stop_head/22_temporal_stop_head_model.pt,0.102,0.0,False,0.5,,,3.294,False,,,False
normcmp_G_baseline_20260708_153849,64,10.783334,1783521532.972749,2.290637,0.500001,-0.0,3.141577,0.2,-0.00905,0.199834,0.000715,camera_link,10.783334,gnm_closed_loop,,nominal,,True,ok,third_party/visualnav-transformer/model_weights/gnm/gnm.pth,14.46,0.3,-0.009,0.896,-0.0081,10.41,,,gnm_closed_loop,0.2,-0.00905,normalized_stop_ab_20260708,G,baseline_no_stop,,,,,,,False,hospital_fresh_medium_G,3.2906,True,0.3,-0.00905,0.2,-0.00905,True,armed,False,,True,shadow,results/bo_reviewer_packet/temporal_stop_head/22_temporal_stop_head_model.pt,0.102,0.0,False,0.5,,,3.294,False,,,False
normcmp_G_baseline_20260708_153849,65,10.800001,1783521532.974593,2.287313,0.500002,-0.0,3.141576,0.2,-0.00905,0.199834,0.000715,camera_link,10.800001,gnm_closed_loop,,nominal,,True,ok,third_party/visualnav-transformer/model_weights/gnm/gnm.pth,14.46,0.3,-0.009,0.896,-0.0081,10.41,,,gnm_closed_loop,0.2,-0.00905,normalized_stop_ab_20260708,G,baseline_no_stop,,,,,,,False,hospital_fresh_medium_G,3.2873,True,0.3,-0.00905,0.2,-0.00905,True,armed,False,,True,shadow,results/bo_reviewer_packet/temporal_stop_head/22_temporal_stop_head_model.pt,0.102,0.0,False,0.5,,,3.294,False,,,False
normcmp_G_baseline_20260708_153849,66,10.816667,1783521532.997991,2.283989,0.500002,-0.0,3.141576,0.2,-0.009236,0.199825,-1.8e-05,camera_link,10.816667,gnm_closed_loop,,nominal,,True,ok,third_party/visualnav-transformer/model_weights/gnm/gnm.pth,12.73,0.3,-0.0092,0.8949,-0.0083,10.47,,,gnm_closed_loop,0.2,-0.009236,normalized_stop_ab_20260708,G,baseline_no_stop,,,,,,,False,hospital_fresh_medium_G,3.284,True,0.3,-0.009236,0.2,-0.009236,True,armed,False,,True,shadow,results/bo_reviewer_packet/temporal_stop_head/22_temporal_stop_head_model.pt,0.125,0.0,False,0.5,,,3.284,False,,,False
normcmp_G_baseline_20260708_153849,67,10.833334,1783521533.000294,2.280664,0.500002,-0.0,3.141576,0.2,-0.009236,0.199825,-1.8e-05,camera_link,10.833334,gnm_closed_loop,,nominal,,True,ok,third_party/visualnav-transformer/model_weights/gnm/gnm.pth,12.73,0.3,-0.0092,0.8949,-0.0083,10.47,,,gnm_closed_loop,0.2,-0.009236,normalized_stop_ab_20260708,G,baseline_no_stop,,,,,,,False,hospital_fresh_medium_G,3.2807,True,0.3,-0.009236,0.2,-0.009236,True,armed,False,,True,shadow,results/bo_reviewer_packet/temporal_stop_head/22_temporal_stop_head_model.pt,0.125,0.0,False,0.5,,,3.284,False,,,False
normcmp_G_baseline_20260708_153849,68,10.850001,1783521533.003244,2.277339,0.500002,-0.0,3.141576,0.2,-0.009236,0.199825,-1.8e-05,camera_link,10.850001,gnm_closed_loop,,nominal,,True,ok,third_party/visualnav-transformer/model_weights/gnm/gnm.pth,12.73,0.3,-0.0092,0.8949,-0.0083,10.47,,,gnm_closed_loop,0.2,-0.009236,normalized_stop_ab_20260708,G,baseline_no_stop,,,,,,,False,hospital_fresh_medium_G,3.2773,True,0.3,-0.009236,0.2,-0.009236,True,armed,False,,True,shadow,results/bo_reviewer_packet/temporal_stop_head/22_temporal_stop_head_model.pt,0.125,0.0,False,0.5,,,3.284,False,,,False
normcmp_G_baseline_20260708_153849,69,10.866667,1783521533.028418,2.274015,0.500002,-0.0,3.141575,0.2,-0.009641,0.199826,0.000509,camera_link,10.866667,gnm_closed_loop,,nominal,,True,ok,third_party/visualnav-transformer/model_weights/gnm/gnm.pth,13.22,0.3,-0.0096,0.8929,-0.0086,10.49,,,gnm_closed_loop,0.2,-0.009641,normalized_stop_ab_20260708,G,baseline_no_stop,,,,,,,False,hospital_fresh_medium_G,3.274,True,0.3,-0.009641,0.2,-0.009641,True,armed,False,,True,shadow,results/bo_reviewer_packet/temporal_stop_head/22_temporal_stop_head_model.pt,0.104,0.0,False,0.5,,,3.274,False,,,False
normcmp_G_baseline_20260708_153849,70,10.883334,1783521533.030625,2.27069,0.500002,-0.0,3.141575,0.2,-0.009641,0.199826,0.000509,camera_link,10.883334,gnm_closed_loop,,nominal,,True,ok,third_party/visualnav-transformer/model_weights/gnm/gnm.pth,13.22,0.3,-0.0096,0.8929,-0.0086,10.49,,,gnm_closed_loop,0.2,-0.009641,normalized_stop_ab_20260708,G,baseline_no_stop,,,,,,,False,hospital_fresh_medium_G,3.2707,True,0.3,-0.009641,0.2,-0.009641,True,armed,False,,True,shadow,results/bo_reviewer_packet/temporal_stop_head/22_temporal_stop_head_model.pt,0.104,0.0,False,0.5,,,3.274,False,,,False
normcmp_G_baseline_20260708_153849,71,10.900001,1783521533.032418,2.267365,0.500003,-0.0,3.141574,0.2,-0.009641,0.199826,0.000509,camera_link,10.900001,gnm_closed_loop,,nominal,,True,ok,third_party/visualnav-transformer/model_weights/gnm/gnm.pth,13.22,0.3,-0.0096,0.8929,-0.0086,10.49,,,gnm_closed_loop,0.2,-0.009641,normalized_stop_ab_20260708,G,baseline_no_stop,,,,,,,False,hospital_fresh_medium_G,3.2674,True,0.3,-0.009641,0.2,-0.009641,True,armed,False,,True,shadow,results/bo_reviewer_packet/temporal_stop_head/22_temporal_stop_head_model.pt,0.104,0.0,False,0.5,,,3.274,False,,,False
normcmp_G_baseline_20260708_153849,72,10.916667,1783521533.056666,2.264041,0.500003,-0.0,3.141574,0.2,-0.00978,0.199817,0.00013,camera_link,10.916667,gnm_closed_loop,,nominal,,True,ok,third_party/visualnav-transformer/model_weights/gnm/gnm.pth,13.18,0.3,-0.0098,0.8916,-0.0087,10.49,,,gnm_closed_loop,0.2,-0.00978,normalized_stop_ab_20260708,G,baseline_no_stop,,,,,,,False,hospital_fresh_medium_G,3.264,True,0.3,-0.00978,0.2,-0.00978,True,armed,False,,True,shadow,results/bo_reviewer_packet/temporal_stop_head/22_temporal_stop_head_model.pt,0.124,0.0,False,0.5,,,3.264,False,,,False
normcmp_G_baseline_20260708_153849,73,10.933334,1783521533.058729,2.260717,0.500003,-0.0,3.141574,0.2,-0.00978,0.199817,0.00013,camera_link,10.933334,gnm_closed_loop,,nominal,,True,ok,third_party/visualnav-transformer/model_weights/gnm/gnm.pth,13.18,0.3,-0.0098,0.8916,-0.0087,10.49,,,gnm_closed_loop,0.2,-0.00978,normalized_stop_ab_20260708,G,baseline_no_stop,,,,,,,False,hospital_fresh_medium_G,3.2607,True,0.3,-0.00978,0.2,-0.00978,True,armed,False,,True,shadow,results/bo_reviewer_packet/temporal_stop_head/22_temporal_stop_head_model.pt,0.124,0.0,False,0.5,,,3.264,False,,,False
normcmp_G_baseline_20260708_153849,74,10.950001,1783521533.061735,2.257392,0.500003,-0.0,3.141574,0.2,-0.00978,0.199817,0.00013,camera_link,10.950001,gnm_closed_loop,,nominal,,True,ok,third_party/visualnav-transformer/model_weights/gnm/gnm.pth,13.18,0.3,-0.0098,0.8916,-0.0087,10.49,,,gnm_closed_loop,0.2,-0.00978,normalized_stop_ab_20260708,G,baseline_no_stop,,,,,,,False,hospital_fresh_medium_G,3.2574,True,0.3,-0.00978,0.2,-0.00978,True,armed,False,,True,shadow,results/bo_reviewer_packet/temporal_stop_head/22_temporal_stop_head_model.pt,0.124,0.0,False,0.5,,,3.264,False,,,False
normcmp_G_baseline_20260708_153849,75,10.966667,1783521533.088364,2.254068,0.500004,-0.0,3.141574,0.2,-0.010021,0.199835,0.000345,camera_link,10.966667,gnm_closed_loop,,nominal,,True,ok,third_party/visualnav-transformer/model_weights/gnm/gnm.pth,13.58,0.3,-0.01,0.8932,-0.009,10.56,,,gnm_closed_loop,0.2,-0.010021,normalized_stop_ab_20260708,G,baseline_no_stop,,,,,,,False,hospital_fresh_medium_G,3.2541,True,0.3,-0.010021,0.2,-0.010021,True,armed,False,,True,shadow,results/bo_reviewer_packet/temporal_stop_head/22_temporal_stop_head_model.pt,0.106,0.0,False,0.5,,,3.2541,False,,,False
normcmp_G_baseline_20260708_153849,76,10.983334,1783521533.090532,2.250743,0.500004,-0.0,3.141574,0.2,-0.010021,0.199835,0.000345,camera_link,10.983334,gnm_closed_loop,,nominal,,True,ok,third_party/visualnav-transformer/model_weights/gnm/gnm.pth,13.58,0.3,-0.01,0.8932,-0.009,10.56,,,gnm_closed_loop,0.2,-0.010021,normalized_stop_ab_20260708,G,baseline_no_stop,,,,,,,False,hospital_fresh_medium_G,3.2507,True,0.3,-0.010021,0.2,-0.010021,True,armed,False,,True,shadow,results/bo_reviewer_packet/temporal_stop_head/22_temporal_stop_head_model.pt,0.106,0.0,False,0.5,,,3.2541,False,,,False
normcmp_G_baseline_20260708_153849,77,11.000001,1783521533.093057,2.247419,0.500004,-0.0,3.141573,0.2,-0.010021,0.199835,0.000345,camera_link,11.000001,gnm_closed_loop,,nominal,,True,ok,third_party/visualnav-transformer/model_weights/gnm/gnm.pth,13.58,0.3,-0.01,0.8932,-0.009,10.56,,,gnm_closed_loop,0.2,-0.010021,normalized_stop_ab_20260708,G,baseline_no_stop,,,,,,,False,hospital_fresh_medium_G,3.2474,True,0.3,-0.010021,0.2,-0.010021,True,armed,False,,True,shadow,results/bo_reviewer_packet/temporal_stop_head/22_temporal_stop_head_model.pt,0.106,0.0,False,0.5,,,3.2541,False,,,False
normcmp_G_baseline_20260708_153849,78,11.016667,1783521533.118209,2.244094,0.500004,-0.0,3.141573,0.2,-0.009989,0.199821,0.000498,camera_link,11.016667,gnm_closed_loop,,nominal,,True,ok,third_party/visualnav-transformer/model_weights/gnm/gnm.pth,13.31,0.3,-0.01,0.8969,-0.009,10.51,,,gnm_closed_loop,0.2,-0.009989,normalized_stop_ab_20260708,G,baseline_no_stop,,,,,,,False,hospital_fresh_medium_G,3.2441,True,0.3,-0.009989,0.2,-0.009989,True,armed,False,,True,shadow,results/bo_reviewer_packet/temporal_stop_head/22_temporal_stop_head_model.pt,0.108,0.0,False,0.5,,,3.2441,False,,,False
normcmp_G_baseline_20260708_153849,79,11.033334,1783521533.121065,2.24077,0.500004,-0.0,3.141572,0.2,-0.009989,0.199821,0.000498,camera_link,11.033334,gnm_closed_loop,,nominal,,True,ok,third_party/visualnav-transformer/model_weights/gnm/gnm.pth,13.31,0.3,-0.01,0.8969,-0.009,10.51,,,gnm_closed_loop,0.2,-0.009989,normalized_stop_ab_20260708,G,baseline_no_stop,,,,,,,False,hospital_fresh_medium_G,3.2408,True,0.3,-0.009989,0.2,-0.009989,True,armed,False,,True,shadow,results/bo_reviewer_packet/temporal_stop_head/22_temporal_stop_head_model.pt,0.108,0.0,False,0.5,,,3.2441,False,,,False
normcmp_G_baseline_20260708_153849,80,11.050001,1783521533.122878,2.237445,0.500004,-0.0,3.141571,0.2,-0.009989,0.199821,0.000498,camera_link,11.050001,gnm_closed_loop,,nominal,,True,ok,third_party/visualnav-transformer/model_weights/gnm/gnm.pth,13.31,0.3,-0.01,0.8969,-0.009,10.51,,,gnm_closed_loop,0.2,-0.009989,normalized_stop_ab_20260708,G,baseline_no_stop,,,,,,,False,hospital_fresh_medium_G,3.2374,True,0.3,-0.009989,0.2,-0.009989,True,armed,False,,True,shadow,results/bo_reviewer_packet/temporal_stop_head/22_temporal_stop_head_model.pt,0.108,0.0,False,0.5,,,3.2441,False,,,False
normcmp_G_baseline_20260708_153849,81,11.066667,1783521533.147009,2.234121,0.500004,-0.0,3.141572,0.2,-0.009972,0.19983,0.000774,camera_link,11.066667,gnm_closed_loop,,nominal,,True,ok,third_party/visualnav-transformer/model_weights/gnm/gnm.pth,12.83,0.3,-0.01,0.9031,-0.009,10.44,,,gnm_closed_loop,0.2,-0.009972,normalized_stop_ab_20260708,G,baseline_no_stop,,,,,,,False,hospital_fresh_medium_G,3.2341,True,0.3,-0.009972,0.2,-0.009972,True,armed,False,,True,shadow,results/bo_reviewer_packet/temporal_stop_head/22_temporal_stop_head_model.pt,0.122,0.0,False,0.5,,,3.2341,False,,,False
normcmp_G_baseline_20260708_153849,82,11.083334,1783521533.149328,2.230796,0.500004,-0.0,3.141571,0.2,-0.009972,0.19983,0.000774,camera_link,11.083334,gnm_closed_loop,,nominal,,True,ok,third_party/visualnav-transformer/model_weights/gnm/gnm.pth,12.83,0.3,-0.01,0.9031,-0.009,10.44,,,gnm_closed_loop,0.2,-0.009972,normalized_stop_ab_20260708,G,baseline_no_stop,,,,,,,False,hospital_fresh_medium_G,3.2308,True,0.3,-0.009972,0.2,-0.009972,True,armed,False,,True,shadow,results/bo_reviewer_packet/temporal_stop_head/22_temporal_stop_head_model.pt,0.122,0.0,False,0.5,,,3.2341,False,,,False
normcmp_G_baseline_20260708_153849,83,11.100001,1783521533.151891,2.227471,0.500004,-0.0,3.141571,0.2,-0.009972,0.19983,0.000774,camera_link,11.100001,gnm_closed_loop,,nominal,,True,ok,third_party/visualnav-transformer/model_weights/gnm/gnm.pth,12.83,0.3,-0.01,0.9031,-0.009,10.44,,,gnm_closed_loop,0.2,-0.009972,normalized_stop_ab_20260708,G,baseline_no_stop,,,,,,,False,hospital_fresh_medium_G,3.2275,True,0.3,-0.009972,0.2,-0.009972,True,armed,False,,True,shadow,results/bo_reviewer_packet/temporal_stop_head/22_temporal_stop_head_model.pt,0.122,0.0,False,0.5,,,3.2341,False,,,False
normcmp_G_baseline_20260708_153849,84,11.116667,1783521533.174248,2.224147,0.500004,-0.0,3.141571,0.2,-0.010263,0.199831,0.000298,camera_link,11.116667,gnm_closed_loop,,nominal,,True,ok,third_party/visualnav-transformer/model_weights/gnm/gnm.pth,12.72,0.3,-0.0103,0.9079,-0.0093,10.33,,,gnm_closed_loop,0.2,-0.010263,normalized_stop_ab_20260708,G,baseline_no_stop,,,,,,,False,hospital_fresh_medium_G,3.2241,True,0.3,-0.010263,0.2,-0.010263,True,armed,False,,True,shadow,results/bo_reviewer_packet/temporal_stop_head/22_temporal_stop_head_model.pt,0.109,0.0,False,0.5,,,3.2241,False,,,False
normcmp_G_baseline_20260708_153849,85,11.133334,1783521533.177589,2.220823,0.500004,-0.0,3.141571,0.2,-0.010263,0.199831,0.000298,camera_link,11.133334,gnm_closed_loop,,nominal,,True,ok,third_party/visualnav-transformer/model_weights/gnm/gnm.pth,12.72,0.3,-0.0103,0.9079,-0.0093,10.33,,,gnm_closed_loop,0.2,-0.010263,normalized_stop_ab_20260708,G,baseline_no_stop,,,,,,,False,hospital_fresh_medium_G,3.2208,True,0.3,-0.010263,0.2,-0.010263,True,armed,False,,True,shadow,results/bo_reviewer_packet/temporal_stop_head/22_temporal_stop_head_model.pt,0.109,0.0,False,0.5,,,3.2241,False,,,False
normcmp_G_baseline_20260708_153849,86,11.150001,1783521533.179504,2.217498,0.500004,-0.0,3.141571,0.2,-0.010263,0.199831,0.000298,camera_link,11.150001,gnm_closed_loop,,nominal,,True,ok,third_party/visualnav-transformer/model_weights/gnm/gnm.pth,12.72,0.3,-0.0103,0.9079,-0.0093,10.33,,,gnm_closed_loop,0.2,-0.010263,normalized_stop_ab_20260708,G,baseline_no_stop,,,,,,,False,hospital_fresh_medium_G,3.2175,True,0.3,-0.010263,0.2,-0.010263,True,armed,False,,True,shadow,results/bo_reviewer_packet/temporal_stop_head/22_temporal_stop_head_model.pt,0.109,0.0,False,0.5,,,3.2241,False,,,False
normcmp_G_baseline_20260708_153849,87,11.166667,1783521533.201708,2.214174,0.500005,-0.0,3.14157,0.2,-0.009883,0.199819,0.000873,camera_link,11.166667,gnm_closed_loop,,nominal,,True,ok,third_party/visualnav-transformer/model_weights/gnm/gnm.pth,12.84,0.3,-0.0099,0.9159,-0.0091,10.32,,,gnm_closed_loop,0.2,-0.009883,normalized_stop_ab_20260708,G,baseline_no_stop,,,,,,,False,hospital_fresh_medium_G,3.2142,True,0.3,-0.009883,0.2,-0.009883,True,armed,False,,True,shadow,results/bo_reviewer_packet/temporal_stop_head/22_temporal_stop_head_model.pt,0.123,0.0,False,0.5,,,3.2142,False,,,False
normcmp_G_baseline_20260708_153849,88,11.183334,1783521533.203859,2.21085,0.500005,-0.0,3.14157,0.2,-0.009883,0.199819,0.000873,camera_link,11.183334,gnm_closed_loop,,nominal,,True,ok,third_party/visualnav-transformer/model_weights/gnm/gnm.pth,12.84,0.3,-0.0099,0.9159,-0.0091,10.32,,,gnm_closed_loop,0.2,-0.009883,normalized_stop_ab_20260708,G,baseline_no_stop,,,,,,,False,hospital_fresh_medium_G,3.2108,True,0.3,-0.009883,0.2,-0.009883,True,armed,False,,True,shadow,results/bo_reviewer_packet/temporal_stop_head/22_temporal_stop_head_model.pt,0.123,0.0,False,0.5,,,3.2142,False,,,False
normcmp_G_baseline_20260708_153849,89,11.200001,1783521533.205893,2.207525,0.500005,-0.0,3.14157,0.2,-0.009883,0.199819,0.000873,camera_link,11.200001,gnm_closed_loop,,nominal,,True,ok,third_party/visualnav-transformer/model_weights/gnm/gnm.pth,12.84,0.3,-0.0099,0.9159,-0.0091,10.32,,,gnm_closed_loop,0.2,-0.009883,normalized_stop_ab_20260708,G,baseline_no_stop,,,,,,,False,hospital_fresh_medium_G,3.2075,True,0.3,-0.009883,0.2,-0.009883,True,armed,False,,True,shadow,results/bo_reviewer_packet/temporal_stop_head/22_temporal_stop_head_model.pt,0.123,0.0,False,0.5,,,3.2142,False,,,False
normcmp_G_baseline_20260708_153849,90,11.216667,1783521533.228139,2.2042,0.500005,-0.0,3.14157,0.2,-0.010116,0.199811,0.000165,camera_link,11.216667,gnm_closed_loop,,nominal,,True,ok,third_party/visualnav-transformer/model_weights/gnm/gnm.pth,12.86,0.3,-0.0101,0.9191,-0.0093,10.19,,,gnm_closed_loop,0.2,-0.010116,normalized_stop_ab_20260708,G,baseline_no_stop,,,,,,,False,hospital_fresh_medium_G,3.2042,True,0.3,-0.010116,0.2,-0.010116,True,armed,False,,True,shadow,results/bo_reviewer_packet/temporal_stop_head/22_temporal_stop_head_model.pt,0.125,0.0,False,0.5,,,3.2042,False,,,False
normcmp_G_baseline_20260708_153849,91,11.233334,1783521533.230575,2.200876,0.500005,-0.0,3.14157,0.2,-0.010116,0.199811,0.000165,camera_link,11.233334,gnm_closed_loop,,nominal,,True,ok,third_party/visualnav-transformer/model_weights/gnm/gnm.pth,12.86,0.3,-0.0101,0.9191,-0.0093,10.19,,,gnm_closed_loop,0.2,-0.010116,normalized_stop_ab_20260708,G,baseline_no_stop,,,,,,,False,hospital_fresh_medium_G,3.2009,True,0.3,-0.010116,0.2,-0.010116,True,armed,False,,True,shadow,results/bo_reviewer_packet/temporal_stop_head/22_temporal_stop_head_model.pt,0.125,0.0,False,0.5,,,3.2042,False,,,False
normcmp_G_baseline_20260708_153849,92,11.250001,1783521533.232575,2.197551,0.500005,-0.0,3.14157,0.2,-0.010116,0.199811,0.000165,camera_link,11.250001,gnm_closed_loop,,nominal,,True,ok,third_party/visualnav-transformer/model_weights/gnm/gnm.pth,12.86,0.3,-0.0101,0.9191,-0.0093,10.19,,,gnm_closed_loop,0.2,-0.010116,normalized_stop_ab_20260708,G,baseline_no_stop,,,,,,,False,hospital_fresh_medium_G,3.1976,True,0.3,-0.010116,0.2,-0.010116,True,armed,False,,True,shadow,results/bo_reviewer_packet/temporal_stop_head/22_temporal_stop_head_model.pt,0.125,0.0,False,0.5,,,3.2042,False,,,False
normcmp_G_baseline_20260708_153849,93,11.266667,1783521533.255326,2.194227,0.500005,-0.0,3.14157,0.2,-0.010514,0.199835,0.000222,camera_link,11.266667,gnm_closed_loop,,nominal,,True,ok,third_party/visualnav-transformer/model_weights/gnm/gnm.pth,12.92,0.3,-0.0105,0.9173,-0.0096,9.97,,,gnm_closed_loop,0.2,-0.010514,normalized_stop_ab_20260708,G,baseline_no_stop,,,,,,,False,hospital_fresh_medium_G,3.1942,True,0.3,-0.010514,0.2,-0.010514,True,armed,False,,True,shadow,results/bo_reviewer_packet/temporal_stop_head/22_temporal_stop_head_model.pt,0.115,0.0,False,0.5,,,3.1942,False,,,False
normcmp_G_baseline_20260708_153849,94,11.283334,1783521533.257532,2.190903,0.500005,-0.0,3.14157,0.2,-0.010514,0.199835,0.000222,camera_link,11.283334,gnm_closed_loop,,nominal,,True,ok,third_party/visualnav-transformer/model_weights/gnm/gnm.pth,12.92,0.3,-0.0105,0.9173,-0.0096,9.97,,,gnm_closed_loop,0.2,-0.010514,normalized_stop_ab_20260708,G,baseline_no_stop,,,,,,,False,hospital_fresh_medium_G,3.1909,True,0.3,-0.010514,0.2,-0.010514,True,armed,False,,True,shadow,results/bo_reviewer_packet/temporal_stop_head/22_temporal_stop_head_model.pt,0.115,0.0,False,0.5,,,3.1942,False,,,False
normcmp_G_baseline_20260708_153849,95,11.300001,1783521533.260587,2.187578,0.500005,-0.0,3.14157,0.2,-0.010514,0.199835,0.000222,camera_link,11.300001,gnm_closed_loop,,nominal,,True,ok,third_party/visualnav-transformer/model_weights/gnm/gnm.pth,12.92,0.3,-0.0105,0.9173,-0.0096,9.97,,,gnm_closed_loop,0.2,-0.010514,normalized_stop_ab_20260708,G,baseline_no_stop,,,,,,,False,hospital_fresh_medium_G,3.1876,True,0.3,-0.010514,0.2,-0.010514,True,armed,False,,True,shadow,results/bo_reviewer_packet/temporal_stop_head/22_temporal_stop_head_model.pt,0.115,0.0,False,0.5,,,3.1942,False,,,False
normcmp_G_baseline_20260708_153849,96,11.316667,1783521533.285836,2.184254,0.500005,-0.0,3.141569,0.2,-0.010646,0.199832,0.000414,camera_link,11.316667,gnm_closed_loop,,nominal,,True,ok,third_party/visualnav-transformer/model_weights/gnm/gnm.pth,12.84,0.3,-0.0106,0.914,-0.0097,9.85,,,gnm_closed_loop,0.2,-0.010646,normalized_stop_ab_20260708,G,baseline_no_stop,,,,,,,False,hospital_fresh_medium_G,3.1843,True,0.3,-0.010646,0.2,-0.010646,True,armed,False,,True,shadow,results/bo_reviewer_packet/temporal_stop_head/22_temporal_stop_head_model.pt,0.12,0.0,False,0.5,,,3.1843,False,,,False
normcmp_G_baseline_20260708_153849,97,11.333334,1783521533.288518,2.180929,0.500005,-0.0,3.141569,0.2,-0.010646,0.199832,0.000414,camera_link,11.333334,gnm_closed_loop,,nominal,,True,ok,third_party/visualnav-transformer/model_weights/gnm/gnm.pth,12.84,0.3,-0.0106,0.914,-0.0097,9.85,,,gnm_closed_loop,0.2,-0.010646,normalized_stop_ab_20260708,G,baseline_no_stop,,,,,,,False,hospital_fresh_medium_G,3.1809,True,0.3,-0.010646,0.2,-0.010646,True,armed,False,,True,shadow,results/bo_reviewer_packet/temporal_stop_head/22_temporal_stop_head_model.pt,0.12,0.0,False,0.5,,,3.1843,False,,,False
normcmp_G_baseline_20260708_153849,98,11.350001,1783521533.291346,2.177604,0.500005,-0.0,3.141569,0.2,-0.010646,0.199832,0.000414,camera_link,11.350001,gnm_closed_loop,,nominal,,True,ok,third_party/visualnav-transformer/model_weights/gnm/gnm.pth,12.84,0.3,-0.0106,0.914,-0.0097,9.85,,,gnm_closed_loop,0.2,-0.010646,normalized_stop_ab_20260708,G,baseline_no_stop,,,,,,,False,hospital_fresh_medium_G,3.1776,True,0.3,-0.010646,0.2,-0.010646,True,armed,False,,True,shadow,results/bo_reviewer_packet/temporal_stop_head/22_temporal_stop_head_model.pt,0.12,0.0,False,0.5,,,3.1843,False,,,False
normcmp_G_baseline_20260708_153849,99,11.366667,1783521533.31425,2.17428,0.500005,-0.0,3.141568,0.2,-0.010794,0.199863,0.000101,camera_link,11.366667,gnm_closed_loop,,nominal,,True,ok,third_party/visualnav-transformer/model_weights/gnm/gnm.pth,12.81,0.3,-0.0108,0.9115,-0.0098,9.73,,,gnm_closed_loop,0.2,-0.010794,normalized_stop_ab_20260708,G,baseline_no_stop,,,,,,,False,hospital_fresh_medium_G,3.1743,True,0.3,-0.010794,0.2,-0.010794,True,armed,False,,True,shadow,results/bo_reviewer_packet/temporal_stop_head/22_temporal_stop_head_model.pt,0.11,0.0,False,0.5,,,3.1743,False,,,False
normcmp_G_baseline_20260708_153849,100,11.383334,1783521533.316495,2.170955,0.500005,-0.0,3.141568,0.2,-0.010794,0.199863,0.000101,camera_link,11.383334,gnm_closed_loop,,nominal,,True,ok,third_party/visualnav-transformer/model_weights/gnm/gnm.pth,12.81,0.3,-0.0108,0.9115,-0.0098,9.73,,,gnm_closed_loop,0.2,-0.010794,normalized_stop_ab_20260708,G,baseline_no_stop,,,,,,,False,hospital_fresh_medium_G,3.171,True,0.3,-0.010794,0.2,-0.010794,True,armed,False,,True,shadow,results/bo_reviewer_packet/temporal_stop_head/22_temporal_stop_head_model.pt,0.11,0.0,False,0.5,,,3.1743,False,,,False
normcmp_G_baseline_20260708_153849,101,11.400001,1783521533.31827,2.16763,0.500005,-0.0,3.141568,0.2,-0.010794,0.199863,0.000101,camera_link,11.400001,gnm_closed_loop,,nominal,,True,ok,third_party/visualnav-transformer/model_weights/gnm/gnm.pth,12.81,0.3,-0.0108,0.9115,-0.0098,9.73,,,gnm_closed_loop,0.2,-0.010794,normalized_stop_ab_20260708,G,baseline_no_stop,,,,,,,False,hospital_fresh_medium_G,3.1676,True,0.3,-0.010794,0.2,-0.010794,True,armed,False,,True,shadow,results/bo_reviewer_packet/temporal_stop_head/22_temporal_stop_head_model.pt,0.11,0.0,False,0.5,,,3.1743,False,,,False
normcmp_G_baseline_20260708_153849,102,11.416667,1783521533.347571,2.164306,0.500006,-0.0,3.141568,0.2,-0.010887,0.199841,0.000967,camera_link,11.416667,gnm_closed_loop,,nominal,,True,ok,third_party/visualnav-transformer/model_weights/gnm/gnm.pth,18.43,0.3,-0.0109,0.9098,-0.0099,9.64,,,gnm_closed_loop,0.2,-0.010887,normalized_stop_ab_20260708,G,baseline_no_stop,,,,,,,False,hospital_fresh_medium_G,3.1643,True,0.3,-0.010887,0.2,-0.010887,True,armed,False,,True,shadow,results/bo_reviewer_packet/temporal_stop_head/22_temporal_stop_head_model.pt,0.109,0.0,False,0.5,,,3.1643,False,,,False
normcmp_G_baseline_20260708_153849,103,11.433334,1783521533.350218,2.160982,0.500006,-0.0,3.141568,0.2,-0.010887,0.199841,0.000967,camera_link,11.433334,gnm_closed_loop,,nominal,,True,ok,third_party/visualnav-transformer/model_weights/gnm/gnm.pth,18.43,0.3,-0.0109,0.9098,-0.0099,9.64,,,gnm_closed_loop,0.2,-0.010887,normalized_stop_ab_20260708,G,baseline_no_stop,,,,,,,False,hospital_fresh_medium_G,3.161,True,0.3,-0.010887,0.2,-0.010887,True,armed,False,,True,shadow,results/bo_reviewer_packet/temporal_stop_head/22_temporal_stop_head_model.pt,0.109,0.0,False,0.5,,,3.1643,False,,,False
normcmp_G_baseline_20260708_153849,104,11.450001,1783521533.353564,2.157658,0.500006,-0.0,3.141567,0.2,-0.010887,0.199841,0.000967,camera_link,11.450001,gnm_closed_loop,,nominal,,True,ok,third_party/visualnav-transformer/model_weights/gnm/gnm.pth,18.43,0.3,-0.0109,0.9098,-0.0099,9.64,,,gnm_closed_loop,0.2,-0.010887,normalized_stop_ab_20260708,G,baseline_no_stop,,,,,,,False,hospital_fresh_medium_G,3.1577,True,0.3,-0.010887,0.2,-0.010887,True,armed,False,,True,shadow,results/bo_reviewer_packet/temporal_stop_head/22_temporal_stop_head_model.pt,0.109,0.0,False,0.5,,,3.1643,False,,,False
normcmp_G_baseline_20260708_153849,105,11.466667,1783521533.383428,2.154333,0.500006,-0.0,3.141567,0.2,-0.010925,0.199827,0.000573,camera_link,11.466667,gnm_closed_loop,,nominal,,True,ok,third_party/visualnav-transformer/model_weights/gnm/gnm.pth,14.11,0.3,-0.0109,0.9084,-0.0099,9.51,,,gnm_closed_loop,0.2,-0.010925,normalized_stop_ab_20260708,G,baseline_no_stop,,,,,,,False,hospital_fresh_medium_G,3.1543,True,0.3,-0.010925,0.2,-0.010925,True,armed,False,,True,shadow,results/bo_reviewer_packet/temporal_stop_head/22_temporal_stop_head_model.pt,0.202,0.0,False,0.5,,,3.1543,False,,,False
normcmp_G_baseline_20260708_153849,106,11.483334,1783521533.385933,2.151009,0.500006,-0.0,3.141567,0.2,-0.010925,0.199827,0.000573,camera_link,11.483334,gnm_closed_loop,,nominal,,True,ok,third_party/visualnav-transformer/model_weights/gnm/gnm.pth,14.11,0.3,-0.0109,0.9084,-0.0099,9.51,,,gnm_closed_loop,0.2,-0.010925,normalized_stop_ab_20260708,G,baseline_no_stop,,,,,,,False,hospital_fresh_medium_G,3.151,True,0.3,-0.010925,0.2,-0.010925,True,armed,False,,True,shadow,results/bo_reviewer_packet/temporal_stop_head/22_temporal_stop_head_model.pt,0.202,0.0,False,0.5,,,3.1543,False,,,False
normcmp_G_baseline_20260708_153849,107,11.500001,1783521533.389101,2.147684,0.500006,-0.0,3.141567,0.2,-0.010925,0.199827,0.000573,camera_link,11.500001,gnm_closed_loop,,nominal,,True,ok,third_party/visualnav-transformer/model_weights/gnm/gnm.pth,14.11,0.3,-0.0109,0.9084,-0.0099,9.51,,,gnm_closed_loop,0.2,-0.010925,normalized_stop_ab_20260708,G,baseline_no_stop,,,,,,,False,hospital_fresh_medium_G,3.1477,True,0.3,-0.010925,0.2,-0.010925,True,armed,False,,True,shadow,results/bo_reviewer_packet/temporal_stop_head/22_temporal_stop_head_model.pt,0.202,0.0,False,0.5,,,3.1543,False,,,False
normcmp_G_baseline_20260708_153849,108,11.516667,1783521533.414232,2.144359,0.500006,-0.0,3.141566,0.2,-0.010672,0.199819,0.000756,camera_link,11.516667,gnm_closed_loop,,nominal,,True,ok,third_party/visualnav-transformer/model_weights/gnm/gnm.pth,13.46,0.3,-0.0107,0.9116,-0.0097,9.52,,,gnm_closed_loop,0.2,-0.010672,normalized_stop_ab_20260708,G,baseline_no_stop,,,,,,,False,hospital_fresh_medium_G,3.1444,True,0.3,-0.010672,0.2,-0.010672,True,armed,False,,True,shadow,results/bo_reviewer_packet/temporal_stop_head/22_temporal_stop_head_model.pt,0.125,0.0,False,0.5,,,3.1444,False,,,False
normcmp_G_baseline_20260708_153849,109,11.533334,1783521533.416852,2.141035,0.500006,-0.0,3.141566,0.2,-0.010672,0.199819,0.000756,camera_link,11.533334,gnm_closed_loop,,nominal,,True,ok,third_party/visualnav-transformer/model_weights/gnm/gnm.pth,13.46,0.3,-0.0107,0.9116,-0.0097,9.52,,,gnm_closed_loop,0.2,-0.010672,normalized_stop_ab_20260708,G,baseline_no_stop,,,,,,,False,hospital_fresh_medium_G,3.141,True,0.3,-0.010672,0.2,-0.010672,True,armed,False,,True,shadow,results/bo_reviewer_packet/temporal_stop_head/22_temporal_stop_head_model.pt,0.125,0.0,False,0.5,,,3.1444,False,,,False
normcmp_G_baseline_20260708_153849,110,11.550001,1783521533.419188,2.13771,0.500006,-0.0,3.141566,0.2,-0.010672,0.199819,0.000756,camera_link,11.550001,gnm_closed_loop,,nominal,,True,ok,third_party/visualnav-transformer/model_weights/gnm/gnm.pth,13.46,0.3,-0.0107,0.9116,-0.0097,9.52,,,gnm_closed_loop,0.2,-0.010672,normalized_stop_ab_20260708,G,baseline_no_stop,,,,,,,False,hospital_fresh_medium_G,3.1377,True,0.3,-0.010672,0.2,-0.010672,True,armed,False,,True,shadow,results/bo_reviewer_packet/temporal_stop_head/22_temporal_stop_head_model.pt,0.125,0.0,False,0.5,,,3.1444,False,,,False
normcmp_G_baseline_20260708_153849,111,11.566667,1783521533.444827,2.134386,0.500006,-0.0,3.141565,0.2,-0.010678,0.199819,0.000804,camera_link,11.566667,gnm_closed_loop,,nominal,,True,ok,third_party/visualnav-transformer/model_weights/gnm/gnm.pth,13.9,0.3,-0.0107,0.9142,-0.0098,9.5,,,gnm_closed_loop,0.2,-0.010678,normalized_stop_ab_20260708,G,baseline_no_stop,,,,,,,False,hospital_fresh_medium_G,3.1344,True,0.3,-0.010678,0.2,-0.010678,True,armed,False,,True,shadow,results/bo_reviewer_packet/temporal_stop_head/22_temporal_stop_head_model.pt,0.147,0.0,False,0.5,,,3.1344,False,,,False
normcmp_G_baseline_20260708_153849,112,11.583334,1783521533.447775,2.131061,0.500006,-0.0,3.141564,0.2,-0.010678,0.199819,0.000804,camera_link,11.583334,gnm_closed_loop,,nominal,,True,ok,third_party/visualnav-transformer/model_weights/gnm/gnm.pth,13.9,0.3,-0.0107,0.9142,-0.0098,9.5,,,gnm_closed_loop,0.2,-0.010678,normalized_stop_ab_20260708,G,baseline_no_stop,,,,,,,False,hospital_fresh_medium_G,3.1311,True,0.3,-0.010678,0.2,-0.010678,True,armed,False,,True,shadow,results/bo_reviewer_packet/temporal_stop_head/22_temporal_stop_head_model.pt,0.147,0.0,False,0.5,,,3.1344,False,,,False
normcmp_G_baseline_20260708_153849,113,11.600001,1783521533.449805,2.127737,0.500006,-0.0,3.141565,0.2,-0.010678,0.199819,0.000804,camera_link,11.600001,gnm_closed_loop,,nominal,,True,ok,third_party/visualnav-transformer/model_weights/gnm/gnm.pth,13.9,0.3,-0.0107,0.9142,-0.0098,9.5,,,gnm_closed_loop,0.2,-0.010678,normalized_stop_ab_20260708,G,baseline_no_stop,,,,,,,False,hospital_fresh_medium_G,3.1277,True,0.3,-0.010678,0.2,-0.010678,True,armed,False,,True,shadow,results/bo_reviewer_packet/temporal_stop_head/22_temporal_stop_head_model.pt,0.147,0.0,False,0.5,,,3.1344,False,,,False
normcmp_G_baseline_20260708_153849,114,11.616667,1783521533.473199,2.124412,0.500007,-0.0,3.141564,0.2,-0.010534,0.199852,0.000905,camera_link,11.616667,gnm_closed_loop,,nominal,,True,ok,third_party/visualnav-transformer/model_weights/gnm/gnm.pth,13.3,0.3,-0.0105,0.9191,-0.0097,9.41,,,gnm_closed_loop,0.2,-0.010534,normalized_stop_ab_20260708,G,baseline_no_stop,,,,,,,False,hospital_fresh_medium_G,3.1244,True,0.3,-0.010534,0.2,-0.010534,True,armed,False,,True,shadow,results/bo_reviewer_packet/temporal_stop_head/22_temporal_stop_head_model.pt,0.118,0.0,False,0.5,,,3.1244,False,,,False
normcmp_G_baseline_20260708_153849,115,11.633334,1783521533.475533,2.121088,0.500007,-0.0,3.141563,0.2,-0.010534,0.199852,0.000905,camera_link,11.633334,gnm_closed_loop,,nominal,,True,ok,third_party/visualnav-transformer/model_weights/gnm/gnm.pth,13.3,0.3,-0.0105,0.9191,-0.0097,9.41,,,gnm_closed_loop,0.2,-0.010534,normalized_stop_ab_20260708,G,baseline_no_stop,,,,,,,False,hospital_fresh_medium_G,3.1211,True,0.3,-0.010534,0.2,-0.010534,True,armed,False,,True,shadow,results/bo_reviewer_packet/temporal_stop_head/22_temporal_stop_head_model.pt,0.118,0.0,False,0.5,,,3.1244,False,,,False
normcmp_G_baseline_20260708_153849,116,11.650001,1783521533.477382,2.117763,0.500007,-0.0,3.141563,0.2,-0.010534,0.199852,0.000905,camera_link,11.650001,gnm_closed_loop,,nominal,,True,ok,third_party/visualnav-transformer/model_weights/gnm/gnm.pth,13.3,0.3,-0.0105,0.9191,-0.0097,9.41,,,gnm_closed_loop,0.2,-0.010534,normalized_stop_ab_20260708,G,baseline_no_stop,,,,,,,False,hospital_fresh_medium_G,3.1178,True,0.3,-0.010534,0.2,-0.010534,True,armed,False,,True,shadow,results/bo_reviewer_packet/temporal_stop_head/22_temporal_stop_head_model.pt,0.118,0.0,False,0.5,,,3.1244,False,,,False
normcmp_G_baseline_20260708_153849,117,11.666667,1783521533.499534,2.114439,0.500007,-0.0,3.141563,0.2,-0.010128,0.199852,0.000297,camera_link,11.666667,gnm_closed_loop,,nominal,,True,ok,third_party/visualnav-transformer/model_weights/gnm/gnm.pth,12.62,0.3,-0.0101,0.9247,-0.0094,9.29,,,gnm_closed_loop,0.2,-0.010128,normalized_stop_ab_20260708,G,baseline_no_stop,,,,,,,False,hospital_fresh_medium_G,3.1144,True,0.3,-0.010128,0.2,-0.010128,True,armed,False,,True,shadow,results/bo_reviewer_packet/temporal_stop_head/22_temporal_stop_head_model.pt,0.105,0.0,False,0.5,,,3.1144,False,,,False
normcmp_G_baseline_20260708_153849,118,11.683334,1783521533.501712,2.111115,0.500007,-0.0,3.141563,0.2,-0.010128,0.199852,0.000297,camera_link,11.683334,gnm_closed_loop,,nominal,,True,ok,third_party/visualnav-transformer/model_weights/gnm/gnm.pth,12.62,0.3,-0.0101,0.9247,-0.0094,9.29,,,gnm_closed_loop,0.2,-0.010128,normalized_stop_ab_20260708,G,baseline_no_stop,,,,,,,False,hospital_fresh_medium_G,3.1111,True,0.3,-0.010128,0.2,-0.010128,True,armed,False,,True,shadow,results/bo_reviewer_packet/temporal_stop_head/22_temporal_stop_head_model.pt,0.105,0.0,False,0.5,,,3.1144,False,,,False
normcmp_G_baseline_20260708_153849,119,11.700001,1783521533.503676,2.107791,0.500007,-0.0,3.141562,0.2,-0.010128,0.199852,0.000297,camera_link,11.700001,gnm_closed_loop,,nominal,,True,ok,third_party/visualnav-transformer/model_weights/gnm/gnm.pth,12.62,0.3,-0.0101,0.9247,-0.0094,9.29,,,gnm_closed_loop,0.2,-0.010128,normalized_stop_ab_20260708,G,baseline_no_stop,,,,,,,False,hospital_fresh_medium_G,3.1078,True,0.3,-0.010128,0.2,-0.010128,True,armed,False,,True,shadow,results/bo_reviewer_packet/temporal_stop_head/22_temporal_stop_head_model.pt,0.105,0.0,False,0.5,,,3.1144,False,,,False
normcmp_G_baseline_20260708_153849,120,11.716667,1783521533.52674,2.104466,0.500007,-0.0,3.141562,0.2,-0.009923,0.199836,7.3e-05,camera_link,11.716667,gnm_closed_loop,,nominal,,True,ok,third_party/visualnav-transformer/model_weights/gnm/gnm.pth,12.83,0.3,-0.0099,0.9349,-0.0093,9.25,,,gnm_closed_loop,0.2,-0.009923,normalized_stop_ab_20260708,G,baseline_no_stop,,,,,,,False,hospital_fresh_medium_G,3.1045,True,0.3,-0.009923,0.2,-0.009923,True,armed,False,,True,shadow,results/bo_reviewer_packet/temporal_stop_head/22_temporal_stop_head_model.pt,0.123,0.0,False,0.5,,,3.1045,False,,,False
normcmp_G_baseline_20260708_153849,121,11.733334,1783521533.52907,2.101141,0.500007,-0.0,3.141562,0.2,-0.009923,0.199836,7.3e-05,camera_link,11.733334,gnm_closed_loop,,nominal,,True,ok,third_party/visualnav-transformer/model_weights/gnm/gnm.pth,12.83,0.3,-0.0099,0.9349,-0.0093,9.25,,,gnm_closed_loop,0.2,-0.009923,normalized_stop_ab_20260708,G,baseline_no_stop,,,,,,,False,hospital_fresh_medium_G,3.1011,True,0.3,-0.009923,0.2,-0.009923,True,armed,False,,True,shadow,results/bo_reviewer_packet/temporal_stop_head/22_temporal_stop_head_model.pt,0.123,0.0,False,0.5,,,3.1045,False,,,False
normcmp_G_baseline_20260708_153849,122,11.750001,1783521533.531687,2.097817,0.500007,-0.0,3.141561,0.2,-0.009923,0.199836,7.3e-05,camera_link,11.750001,gnm_closed_loop,,nominal,,True,ok,third_party/visualnav-transformer/model_weights/gnm/gnm.pth,12.83,0.3,-0.0099,0.9349,-0.0093,9.25,,,gnm_closed_loop,0.2,-0.009923,normalized_stop_ab_20260708,G,baseline_no_stop,,,,,,,False,hospital_fresh_medium_G,3.0978,True,0.3,-0.009923,0.2,-0.009923,True,armed,False,,True,shadow,results/bo_reviewer_packet/temporal_stop_head/22_temporal_stop_head_model.pt,0.123,0.0,False,0.5,,,3.1045,False,,,False
normcmp_G_baseline_20260708_153849,123,11.766667,1783521533.555239,2.094493,0.500007,-0.0,3.14156,0.2,-0.009377,0.199837,0.000991,camera_link,11.766667,gnm_closed_loop,,nominal,,True,ok,third_party/visualnav-transformer/model_weights/gnm/gnm.pth,13.12,0.3,-0.0094,0.9436,-0.0088,9.15,,,gnm_closed_loop,0.2,-0.009377,normalized_stop_ab_20260708,G,baseline_no_stop,,,,,,,False,hospital_fresh_medium_G,3.0945,True,0.3,-0.009377,0.2,-0.009377,True,armed,False,,True,shadow,results/bo_reviewer_packet/temporal_stop_head/22_temporal_stop_head_model.pt,0.129,0.0,False,0.5,,,3.0945,False,,,False
normcmp_G_baseline_20260708_153849,124,11.783334,1783521533.557668,2.091169,0.500007,-0.0,3.14156,0.2,-0.009377,0.199837,0.000991,camera_link,11.783334,gnm_closed_loop,,nominal,,True,ok,third_party/visualnav-transformer/model_weights/gnm/gnm.pth,13.12,0.3,-0.0094,0.9436,-0.0088,9.15,,,gnm_closed_loop,0.2,-0.009377,normalized_stop_ab_20260708,G,baseline_no_stop,,,,,,,False,hospital_fresh_medium_G,3.0912,True,0.3,-0.009377,0.2,-0.009377,True,armed,False,,True,shadow,results/bo_reviewer_packet/temporal_stop_head/22_temporal_stop_head_model.pt,0.129,0.0,False,0.5,,,3.0945,False,,,False
normcmp_G_baseline_20260708_153849,125,11.800001,1783521533.559685,2.087845,0.500007,-0.0,3.14156,0.2,-0.009377,0.199837,0.000991,camera_link,11.800001,gnm_closed_loop,,nominal,,True,ok,third_party/visualnav-transformer/model_weights/gnm/gnm.pth,13.12,0.3,-0.0094,0.9436,-0.0088,9.15,,,gnm_closed_loop,0.2,-0.009377,normalized_stop_ab_20260708,G,baseline_no_stop,,,,,,,False,hospital_fresh_medium_G,3.0878,True,0.3,-0.009377,0.2,-0.009377,True,armed,False,,True,shadow,results/bo_reviewer_packet/temporal_stop_head/22_temporal_stop_head_model.pt,0.129,0.0,False,0.5,,,3.0945,False,,,False
normcmp_G_baseline_20260708_153849,126,11.816667,1783521533.584022,2.084522,0.500008,-0.0,3.141559,0.2,-0.008087,0.199825,0.000746,camera_link,11.816667,gnm_closed_loop,,nominal,,True,ok,third_party/visualnav-transformer/model_weights/gnm/gnm.pth,14.0,0.3,-0.0081,0.9576,-0.0077,9.12,,,gnm_closed_loop,0.2,-0.008087,normalized_stop_ab_20260708,G,baseline_no_stop,,,,,,,False,hospital_fresh_medium_G,3.0845,True,0.3,-0.008087,0.2,-0.008087,True,armed,False,,True,shadow,results/bo_reviewer_packet/temporal_stop_head/22_temporal_stop_head_model.pt,0.124,0.0,False,0.5,,,3.0845,False,,,False
normcmp_G_baseline_20260708_153849,127,11.833334,1783521533.586593,2.081197,0.500008,-0.0,3.141559,0.2,-0.008087,0.199825,0.000746,camera_link,11.833334,gnm_closed_loop,,nominal,,True,ok,third_party/visualnav-transformer/model_weights/gnm/gnm.pth,14.0,0.3,-0.0081,0.9576,-0.0077,9.12,,,gnm_closed_loop,0.2,-0.008087,normalized_stop_ab_20260708,G,baseline_no_stop,,,,,,,False,hospital_fresh_medium_G,3.0812,True,0.3,-0.008087,0.2,-0.008087,True,armed,False,,True,shadow,results/bo_reviewer_packet/temporal_stop_head/22_temporal_stop_head_model.pt,0.124,0.0,False,0.5,,,3.0845,False,,,False
normcmp_G_baseline_20260708_153849,128,11.850001,1783521533.589911,2.077873,0.500008,-0.0,3.141559,0.2,-0.008087,0.199825,0.000746,camera_link,11.850001,gnm_closed_loop,,nominal,,True,ok,third_party/visualnav-transformer/model_weights/gnm/gnm.pth,14.0,0.3,-0.0081,0.9576,-0.0077,9.12,,,gnm_closed_loop,0.2,-0.008087,normalized_stop_ab_20260708,G,baseline_no_stop,,,,,,,False,hospital_fresh_medium_G,3.0779,True,0.3,-0.008087,0.2,-0.008087,True,armed,False,,True,shadow,results/bo_reviewer_packet/temporal_stop_head/22_temporal_stop_head_model.pt,0.124,0.0,False,0.5,,,3.0845,False,,,False
normcmp_G_baseline_20260708_153849,129,11.866667,1783521533.613956,2.074548,0.500008,-0.0,3.141558,0.2,-0.007076,0.199841,0.000339,camera_link,11.866667,gnm_closed_loop,,nominal,,True,ok,third_party/visualnav-transformer/model_weights/gnm/gnm.pth,12.93,0.3,-0.0071,0.9677,-0.0068,9.09,,,gnm_closed_loop,0.2,-0.007076,normalized_stop_ab_20260708,G,baseline_no_stop,,,,,,,False,hospital_fresh_medium_G,3.0745,True,0.3,-0.007076,0.2,-0.007076,True,armed,False,,True,shadow,results/bo_reviewer_packet/temporal_stop_head/22_temporal_stop_head_model.pt,0.113,0.0,False,0.5,,,3.0745,False,,,False
normcmp_G_baseline_20260708_153849,130,11.883334,1783521533.617618,2.071224,0.500008,-0.0,3.141558,0.2,-0.007076,0.199841,0.000339,camera_link,11.883334,gnm_closed_loop,,nominal,,True,ok,third_party/visualnav-transformer/model_weights/gnm/gnm.pth,12.93,0.3,-0.0071,0.9677,-0.0068,9.09,,,gnm_closed_loop,0.2,-0.007076,normalized_stop_ab_20260708,G,baseline_no_stop,,,,,,,False,hospital_fresh_medium_G,3.0712,True,0.3,-0.007076,0.2,-0.007076,True,armed,False,,True,shadow,results/bo_reviewer_packet/temporal_stop_head/22_temporal_stop_head_model.pt,0.113,0.0,False,0.5,,,3.0745,False,,,False
normcmp_G_baseline_20260708_153849,131,11.900001,1783521533.619581,2.067899,0.500008,-0.0,3.141558,0.2,-0.007076,0.199841,0.000339,camera_link,11.900001,gnm_closed_loop,,nominal,,True,ok,third_party/visualnav-transformer/model_weights/gnm/gnm.pth,12.93,0.3,-0.0071,0.9677,-0.0068,9.09,,,gnm_closed_loop,0.2,-0.007076,normalized_stop_ab_20260708,G,baseline_no_stop,,,,,,,False,hospital_fresh_medium_G,3.0679,True,0.3,-0.007076,0.2,-0.007076,True,armed,False,,True,shadow,results/bo_reviewer_packet/temporal_stop_head/22_temporal_stop_head_model.pt,0.113,0.0,False,0.5,,,3.0745,False,,,False
normcmp_G_baseline_20260708_153849,132,11.916667,1783521533.64212,2.064575,0.500008,-0.0,3.141558,0.2,-0.006766,0.199829,0.000408,camera_link,11.916667,gnm_closed_loop,,nominal,,True,ok,third_party/visualnav-transformer/model_weights/gnm/gnm.pth,12.64,0.3,-0.0068,0.9709,-0.0066,9.09,,,gnm_closed_loop,0.2,-0.006766,normalized_stop_ab_20260708,G,baseline_no_stop,,,,,,,False,hospital_fresh_medium_G,3.0646,True,0.3,-0.006766,0.2,-0.006766,True,armed,False,,True,shadow,results/bo_reviewer_packet/temporal_stop_head/22_temporal_stop_head_model.pt,0.117,0.0,False,0.5,,,3.0646,False,,,False
normcmp_G_baseline_20260708_153849,133,11.933334,1783521533.644222,2.061251,0.500008,-0.0,3.141558,0.2,-0.006766,0.199829,0.000408,camera_link,11.933334,gnm_closed_loop,,nominal,,True,ok,third_party/visualnav-transformer/model_weights/gnm/gnm.pth,12.64,0.3,-0.0068,0.9709,-0.0066,9.09,,,gnm_closed_loop,0.2,-0.006766,normalized_stop_ab_20260708,G,baseline_no_stop,,,,,,,False,hospital_fresh_medium_G,3.0613,True,0.3,-0.006766,0.2,-0.006766,True,armed,False,,True,shadow,results/bo_reviewer_packet/temporal_stop_head/22_temporal_stop_head_model.pt,0.117,0.0,False,0.5,,,3.0646,False,,,False
normcmp_G_baseline_20260708_153849,134,11.950001,1783521533.646128,2.057927,0.500008,-0.0,3.141557,0.2,-0.006766,0.199829,0.000408,camera_link,11.950001,gnm_closed_loop,,nominal,,True,ok,third_party/visualnav-transformer/model_weights/gnm/gnm.pth,12.64,0.3,-0.0068,0.9709,-0.0066,9.09,,,gnm_closed_loop,0.2,-0.006766,normalized_stop_ab_20260708,G,baseline_no_stop,,,,,,,False,hospital_fresh_medium_G,3.0579,True,0.3,-0.006766,0.2,-0.006766,True,armed,False,,True,shadow,results/bo_reviewer_packet/temporal_stop_head/22_temporal_stop_head_model.pt,0.117,0.0,False,0.5,,,3.0646,False,,,False
normcmp_G_baseline_20260708_153849,135,11.966667,1783521533.668568,2.054603,0.500009,-0.0,3.141557,0.2,-0.006066,0.199817,0.00075,camera_link,11.966667,gnm_closed_loop,,nominal,,True,ok,third_party/visualnav-transformer/model_weights/gnm/gnm.pth,12.95,0.3,-0.0061,0.9782,-0.0059,9.1,,,gnm_closed_loop,0.2,-0.006066,normalized_stop_ab_20260708,G,baseline_no_stop,,,,,,,False,hospital_fresh_medium_G,3.0546,True,0.3,-0.006066,0.2,-0.006066,True,armed,False,,True,shadow,results/bo_reviewer_packet/temporal_stop_head/22_temporal_stop_head_model.pt,0.106,0.0,False,0.5,,,3.0546,False,,,False
normcmp_G_baseline_20260708_153849,136,11.983334,1783521533.671121,2.051279,0.500009,-0.0,3.141557,0.2,-0.006066,0.199817,0.00075,camera_link,11.983334,gnm_closed_loop,,nominal,,True,ok,third_party/visualnav-transformer/model_weights/gnm/gnm.pth,12.95,0.3,-0.0061,0.9782,-0.0059,9.1,,,gnm_closed_loop,0.2,-0.006066,normalized_stop_ab_20260708,G,baseline_no_stop,,,,,,,False,hospital_fresh_medium_G,3.0513,True,0.3,-0.006066,0.2,-0.006066,True,armed,False,,True,shadow,results/bo_reviewer_packet/temporal_stop_head/22_temporal_stop_head_model.pt,0.106,0.0,False,0.5,,,3.0546,False,,,False
normcmp_G_baseline_20260708_153849,137,12.000001,1783521533.673137,2.047955,0.500009,-0.0,3.141557,0.2,-0.006066,0.199817,0.00075,camera_link,12.000001,gnm_closed_loop,,nominal,,True,ok,third_party/visualnav-transformer/model_weights/gnm/gnm.pth,12.95,0.3,-0.0061,0.9782,-0.0059,9.1,,,gnm_closed_loop,0.2,-0.006066,normalized_stop_ab_20260708,G,baseline_no_stop,,,,,,,False,hospital_fresh_medium_G,3.048,True,0.3,-0.006066,0.2,-0.006066,True,armed,False,,True,shadow,results/bo_reviewer_packet/temporal_stop_head/22_temporal_stop_head_model.pt,0.106,0.0,False,0.5,,,3.0546,False,,,False
normcmp_G_baseline_20260708_153849,138,12.016667,1783521533.704194,2.04463,0.500009,-0.0,3.141557,0.2,-0.005628,0.199842,0.00059,camera_link,12.016667,gnm_closed_loop,,nominal,,True,ok,third_party/visualnav-transformer/model_weights/gnm/gnm.pth,17.29,0.3,-0.0056,0.9821,-0.0055,9.08,,,gnm_closed_loop,0.2,-0.005628,normalized_stop_ab_20260708,G,baseline_no_stop,,,,,,,False,hospital_fresh_medium_G,3.0446,True,0.3,-0.005628,0.2,-0.005628,True,armed,False,,True,shadow,results/bo_reviewer_packet/temporal_stop_head/22_temporal_stop_head_model.pt,0.137,0.0,False,0.5,,,3.0446,False,,,False
normcmp_G_baseline_20260708_153849,139,12.033334,1783521533.706575,2.041306,0.500009,-0.0,3.141556,0.2,-0.005628,0.199842,0.00059,camera_link,12.033334,gnm_closed_loop,,nominal,,True,ok,third_party/visualnav-transformer/model_weights/gnm/gnm.pth,17.29,0.3,-0.0056,0.9821,-0.0055,9.08,,,gnm_closed_loop,0.2,-0.005628,normalized_stop_ab_20260708,G,baseline_no_stop,,,,,,,False,hospital_fresh_medium_G,3.0413,True,0.3,-0.005628,0.2,-0.005628,True,armed,False,,True,shadow,results/bo_reviewer_packet/temporal_stop_head/22_temporal_stop_head_model.pt,0.137,0.0,False,0.5,,,3.0446,False,,,False
normcmp_G_baseline_20260708_153849,140,12.050001,1783521533.708455,2.037982,0.500009,-0.0,3.141556,0.2,-0.005628,0.199842,0.00059,camera_link,12.050001,gnm_closed_loop,,nominal,,True,ok,third_party/visualnav-transformer/model_weights/gnm/gnm.pth,17.29,0.3,-0.0056,0.9821,-0.0055,9.08,,,gnm_closed_loop,0.2,-0.005628,normalized_stop_ab_20260708,G,baseline_no_stop,,,,,,,False,hospital_fresh_medium_G,3.038,True,0.3,-0.005628,0.2,-0.005628,True,armed,False,,True,shadow,results/bo_reviewer_packet/temporal_stop_head/22_temporal_stop_head_model.pt,0.137,0.0,False,0.5,,,3.0446,False,,,False
normcmp_G_baseline_20260708_153849,141,12.066667,1783521533.735432,2.034657,0.50001,-0.0,3.141556,0.2,-0.005594,0.199822,0.000355,camera_link,12.066667,gnm_closed_loop,,nominal,,True,ok,third_party/visualnav-transformer/model_weights/gnm/gnm.pth,12.92,0.3,-0.0056,0.9827,-0.0055,9.08,,,gnm_closed_loop,0.2,-0.005594,normalized_stop_ab_20260708,G,baseline_no_stop,,,,,,,False,hospital_fresh_medium_G,3.0347,True,0.3,-0.005594,0.2,-0.005594,True,armed,False,,True,shadow,results/bo_reviewer_packet/temporal_stop_head/22_temporal_stop_head_model.pt,0.107,0.0,False,0.5,,,3.0347,False,,,False
normcmp_G_baseline_20260708_153849,142,12.083334,1783521533.737692,2.031333,0.50001,-0.0,3.141556,0.2,-0.005594,0.199822,0.000355,camera_link,12.083334,gnm_closed_loop,,nominal,,True,ok,third_party/visualnav-transformer/model_weights/gnm/gnm.pth,12.92,0.3,-0.0056,0.9827,-0.0055,9.08,,,gnm_closed_loop,0.2,-0.005594,normalized_stop_ab_20260708,G,baseline_no_stop,,,,,,,False,hospital_fresh_medium_G,3.0313,True,0.3,-0.005594,0.2,-0.005594,True,armed,False,,True,shadow,results/bo_reviewer_packet/temporal_stop_head/22_temporal_stop_head_model.pt,0.107,0.0,False,0.5,,,3.0347,False,,,False
normcmp_G_baseline_20260708_153849,143,12.100001,1783521533.73962,2.028009,0.50001,-0.0,3.141555,0.2,-0.005594,0.199822,0.000355,camera_link,12.100001,gnm_closed_loop,,nominal,,True,ok,third_party/visualnav-transformer/model_weights/gnm/gnm.pth,12.92,0.3,-0.0056,0.9827,-0.0055,9.08,,,gnm_closed_loop,0.2,-0.005594,normalized_stop_ab_20260708,G,baseline_no_stop,,,,,,,False,hospital_fresh_medium_G,3.028,True,0.3,-0.005594,0.2,-0.005594,True,armed,False,,True,shadow,results/bo_reviewer_packet/temporal_stop_head/22_temporal_stop_head_model.pt,0.107,0.0,False,0.5,,,3.0347,False,,,False
normcmp_G_baseline_20260708_153849,144,12.116667,1783521533.765943,2.024684,0.50001,-0.0,3.141555,0.2,-0.005592,0.199805,0.000315,camera_link,12.116667,gnm_closed_loop,,nominal,,True,ok,third_party/visualnav-transformer/model_weights/gnm/gnm.pth,13.59,0.3,-0.0056,0.9814,-0.0055,9.0,,,gnm_closed_loop,0.2,-0.005592,normalized_stop_ab_20260708,G,baseline_no_stop,,,,,,,False,hospital_fresh_medium_G,3.0247,True,0.3,-0.005592,0.2,-0.005592,True,armed,False,,True,shadow,results/bo_reviewer_packet/temporal_stop_head/22_temporal_stop_head_model.pt,0.112,0.0,False,0.5,,,3.0247,False,,,False
normcmp_G_baseline_20260708_153849,145,12.133334,1783521533.768063,2.02136,0.50001,-0.0,3.141555,0.2,-0.005592,0.199805,0.000315,camera_link,12.133334,gnm_closed_loop,,nominal,,True,ok,third_party/visualnav-transformer/model_weights/gnm/gnm.pth,13.59,0.3,-0.0056,0.9814,-0.0055,9.0,,,gnm_closed_loop,0.2,-0.005592,normalized_stop_ab_20260708,G,baseline_no_stop,,,,,,,False,hospital_fresh_medium_G,3.0214,True,0.3,-0.005592,0.2,-0.005592,True,armed,False,,True,shadow,results/bo_reviewer_packet/temporal_stop_head/22_temporal_stop_head_model.pt,0.112,0.0,False,0.5,,,3.0247,False,,,False
normcmp_G_baseline_20260708_153849,146,12.150001,1783521533.769947,2.018036,0.50001,-0.0,3.141555,0.2,-0.005592,0.199805,0.000315,camera_link,12.150001,gnm_closed_loop,,nominal,,True,ok,third_party/visualnav-transformer/model_weights/gnm/gnm.pth,13.59,0.3,-0.0056,0.9814,-0.0055,9.0,,,gnm_closed_loop,0.2,-0.005592,normalized_stop_ab_20260708,G,baseline_no_stop,,,,,,,False,hospital_fresh_medium_G,3.018,True,0.3,-0.005592,0.2,-0.005592,True,armed,False,,True,shadow,results/bo_reviewer_packet/temporal_stop_head/22_temporal_stop_head_model.pt,0.112,0.0,False,0.5,,,3.0247,False,,,False
normcmp_G_baseline_20260708_153849,147,12.166667,1783521533.792487,2.014712,0.500011,-0.0,3.141554,0.2,-0.005936,0.199858,0.000607,camera_link,12.166667,gnm_closed_loop,,nominal,,True,ok,third_party/visualnav-transformer/model_weights/gnm/gnm.pth,13.11,0.3,-0.0059,0.9798,-0.0058,9.01,,,gnm_closed_loop,0.2,-0.005936,normalized_stop_ab_20260708,G,baseline_no_stop,,,,,,,False,hospital_fresh_medium_G,3.0147,True,0.3,-0.005936,0.2,-0.005936,True,armed,False,,True,shadow,results/bo_reviewer_packet/temporal_stop_head/22_temporal_stop_head_model.pt,0.131,0.0,False,0.5,,,3.0147,False,,,False
normcmp_G_baseline_20260708_153849,148,12.183334,1783521533.796043,2.011388,0.500011,-0.0,3.141554,0.2,-0.005936,0.199858,0.000607,camera_link,12.183334,gnm_closed_loop,,nominal,,True,ok,third_party/visualnav-transformer/model_weights/gnm/gnm.pth,13.11,0.3,-0.0059,0.9798,-0.0058,9.01,,,gnm_closed_loop,0.2,-0.005936,normalized_stop_ab_20260708,G,baseline_no_stop,,,,,,,False,hospital_fresh_medium_G,3.0114,True,0.3,-0.005936,0.2,-0.005936,True,armed,False,,True,shadow,results/bo_reviewer_packet/temporal_stop_head/22_temporal_stop_head_model.pt,0.131,0.0,False,0.5,,,3.0147,False,,,False
normcmp_G_baseline_20260708_153849,149,12.200001,1783521533.798412,2.008064,0.500011,-0.0,3.141554,0.2,-0.005936,0.199858,0.000607,camera_link,12.200001,gnm_closed_loop,,nominal,,True,ok,third_party/visualnav-transformer/model_weights/gnm/gnm.pth,13.11,0.3,-0.0059,0.9798,-0.0058,9.01,,,gnm_closed_loop,0.2,-0.005936,normalized_stop_ab_20260708,G,baseline_no_stop,,,,,,,False,hospital_fresh_medium_G,3.0081,True,0.3,-0.005936,0.2,-0.005936,True,armed,False,,True,shadow,results/bo_reviewer_packet/temporal_stop_head/22_temporal_stop_head_model.pt,0.131,0.0,False,0.5,,,3.0147,False,,,False
normcmp_G_baseline_20260708_153849,150,12.216667,1783521533.823269,2.004741,0.500011,-0.0,3.141553,0.2,-0.006709,0.199823,0.000553,camera_link,12.216667,gnm_closed_loop,,nominal,,True,ok,third_party/visualnav-transformer/model_weights/gnm/gnm.pth,12.92,0.3,-0.0067,0.9749,-0.0065,9.04,,,gnm_closed_loop,0.2,-0.006709,normalized_stop_ab_20260708,G,baseline_no_stop,,,,,,,False,hospital_fresh_medium_G,3.0047,True,0.3,-0.006709,0.2,-0.006709,True,armed,False,,True,shadow,results/bo_reviewer_packet/temporal_stop_head/22_temporal_stop_head_model.pt,0.141,0.0,False,0.5,,,3.0047,False,,,False
normcmp_G_baseline_20260708_153849,151,12.233334,1783521533.825623,2.001417,0.500011,-0.0,3.141553,0.2,-0.006709,0.199823,0.000553,camera_link,12.233334,gnm_closed_loop,,nominal,,True,ok,third_party/visualnav-transformer/model_weights/gnm/gnm.pth,12.92,0.3,-0.0067,0.9749,-0.0065,9.04,,,gnm_closed_loop,0.2,-0.006709,normalized_stop_ab_20260708,G,baseline_no_stop,,,,,,,False,hospital_fresh_medium_G,3.0014,True,0.3,-0.006709,0.2,-0.006709,True,armed,False,,True,shadow,results/bo_reviewer_packet/temporal_stop_head/22_temporal_stop_head_model.pt,0.141,0.0,False,0.5,,,3.0047,False,,,False
normcmp_G_baseline_20260708_153849,152,12.250001,1783521533.82751,1.998093,0.500012,-0.0,3.141553,0.2,-0.006709,0.199823,0.000553,camera_link,12.250001,gnm_closed_loop,,nominal,,True,ok,third_party/visualnav-transformer/model_weights/gnm/gnm.pth,12.92,0.3,-0.0067,0.9749,-0.0065,9.04,,,gnm_closed_loop,0.2,-0.006709,normalized_stop_ab_20260708,G,baseline_no_stop,,,,,,,False,hospital_fresh_medium_G,2.9981,True,0.3,-0.006709,0.2,-0.006709,True,armed,False,,True,shadow,results/bo_reviewer_packet/temporal_stop_head/22_temporal_stop_head_model.pt,0.141,0.0,False,0.5,,,3.0047,False,,,False
normcmp_G_baseline_20260708_153849,153,12.266667,1783521533.851309,1.994769,0.500012,-0.0,3.141553,0.2,-0.007899,0.199828,0.00069,camera_link,12.266667,gnm_closed_loop,,nominal,,True,ok,third_party/visualnav-transformer/model_weights/gnm/gnm.pth,13.42,0.3,-0.0079,0.9629,-0.0076,9.07,,,gnm_closed_loop,0.2,-0.007899,normalized_stop_ab_20260708,G,baseline_no_stop,,,,,,,False,hospital_fresh_medium_G,2.9948,True,0.3,-0.007899,0.2,-0.007899,True,armed,False,,True,shadow,results/bo_reviewer_packet/temporal_stop_head/22_temporal_stop_head_model.pt,0.127,0.0,False,0.5,,,2.9948,False,,,False
normcmp_G_baseline_20260708_153849,154,12.283334,1783521533.853748,1.991444,0.500012,-0.0,3.141552,0.2,-0.007899,0.199828,0.00069,camera_link,12.283334,gnm_closed_loop,,nominal,,True,ok,third_party/visualnav-transformer/model_weights/gnm/gnm.pth,13.42,0.3,-0.0079,0.9629,-0.0076,9.07,,,gnm_closed_loop,0.2,-0.007899,normalized_stop_ab_20260708,G,baseline_no_stop,,,,,,,False,hospital_fresh_medium_G,2.9914,True,0.3,-0.007899,0.2,-0.007899,True,armed,False,,True,shadow,results/bo_reviewer_packet/temporal_stop_head/22_temporal_stop_head_model.pt,0.127,0.0,False,0.5,,,2.9948,False,,,False
normcmp_G_baseline_20260708_153849,155,12.300001,1783521533.855743,1.98812,0.500012,-0.0,3.141552,0.2,-0.007899,0.199828,0.00069,camera_link,12.300001,gnm_closed_loop,,nominal,,True,ok,third_party/visualnav-transformer/model_weights/gnm/gnm.pth,13.42,0.3,-0.0079,0.9629,-0.0076,9.07,,,gnm_closed_loop,0.2,-0.007899,normalized_stop_ab_20260708,G,baseline_no_stop,,,,,,,False,hospital_fresh_medium_G,2.9881,True,0.3,-0.007899,0.2,-0.007899,True,armed,False,,True,shadow,results/bo_reviewer_packet/temporal_stop_head/22_temporal_stop_head_model.pt,0.127,0.0,False,0.5,,,2.9948,False,,,False
normcmp_G_baseline_20260708_153849,156,12.316667,1783521533.879068,1.984796,0.500012,-0.0,3.141552,0.2,-0.00855,0.199818,4.5e-05,camera_link,12.316667,gnm_closed_loop,,nominal,,True,ok,third_party/visualnav-transformer/model_weights/gnm/gnm.pth,12.95,0.3,-0.0085,0.9547,-0.0082,9.1,,,gnm_closed_loop,0.2,-0.00855,normalized_stop_ab_20260708,G,baseline_no_stop,,,,,,,False,hospital_fresh_medium_G,2.9848,True,0.3,-0.00855,0.2,-0.00855,True,armed,False,,True,shadow,results/bo_reviewer_packet/temporal_stop_head/22_temporal_stop_head_model.pt,0.106,0.0,False,0.5,,,2.9848,False,,,False
normcmp_G_baseline_20260708_153849,157,12.333334,1783521533.882138,1.981471,0.500012,-0.0,3.141552,0.2,-0.00855,0.199818,4.5e-05,camera_link,12.333334,gnm_closed_loop,,nominal,,True,ok,third_party/visualnav-transformer/model_weights/gnm/gnm.pth,12.95,0.3,-0.0085,0.9547,-0.0082,9.1,,,gnm_closed_loop,0.2,-0.00855,normalized_stop_ab_20260708,G,baseline_no_stop,,,,,,,False,hospital_fresh_medium_G,2.9815,True,0.3,-0.00855,0.2,-0.00855,True,armed,False,,True,shadow,results/bo_reviewer_packet/temporal_stop_head/22_temporal_stop_head_model.pt,0.106,0.0,False,0.5,,,2.9848,False,,,False
normcmp_G_baseline_20260708_153849,158,12.350001,1783521533.884265,1.978147,0.500013,-0.0,3.141552,0.2,-0.00855,0.199818,4.5e-05,camera_link,12.350001,gnm_closed_loop,,nominal,,True,ok,third_party/visualnav-transformer/model_weights/gnm/gnm.pth,12.95,0.3,-0.0085,0.9547,-0.0082,9.1,,,gnm_closed_loop,0.2,-0.00855,normalized_stop_ab_20260708,G,baseline_no_stop,,,,,,,False,hospital_fresh_medium_G,2.9781,True,0.3,-0.00855,0.2,-0.00855,True,armed,False,,True,shadow,results/bo_reviewer_packet/temporal_stop_head/22_temporal_stop_head_model.pt,0.106,0.0,False,0.5,,,2.9848,False,,,False
normcmp_G_baseline_20260708_153849,159,12.366667,1783521533.908209,1.974823,0.500013,-0.0,3.141551,0.2,-0.009143,0.199823,0.000873,camera_link,12.366667,gnm_closed_loop,,nominal,,True,ok,third_party/visualnav-transformer/model_weights/gnm/gnm.pth,12.78,0.3,-0.0091,0.9464,-0.0087,9.08,,,gnm_closed_loop,0.2,-0.009143,normalized_stop_ab_20260708,G,baseline_no_stop,,,,,,,False,hospital_fresh_medium_G,2.9748,True,0.3,-0.009143,0.2,-0.009143,True,armed,False,,True,shadow,results/bo_reviewer_packet/temporal_stop_head/22_temporal_stop_head_model.pt,0.128,0.0,False,0.5,,,2.9748,False,,,False
normcmp_G_baseline_20260708_153849,160,12.383334,1783521533.910371,1.971499,0.500013,-0.0,3.14155,0.2,-0.009143,0.199823,0.000873,camera_link,12.383334,gnm_closed_loop,,nominal,,True,ok,third_party/visualnav-transformer/model_weights/gnm/gnm.pth,12.78,0.3,-0.0091,0.9464,-0.0087,9.08,,,gnm_closed_loop,0.2,-0.009143,normalized_stop_ab_20260708,G,baseline_no_stop,,,,,,,False,hospital_fresh_medium_G,2.9715,True,0.3,-0.009143,0.2,-0.009143,True,armed,False,,True,shadow,results/bo_reviewer_packet/temporal_stop_head/22_temporal_stop_head_model.pt,0.128,0.0,False,0.5,,,2.9748,False,,,False
normcmp_G_baseline_20260708_153849,161,12.400001,1783521533.912412,1.968174,0.500013,-0.0,3.14155,0.2,-0.009143,0.199823,0.000873,camera_link,12.400001,gnm_closed_loop,,nominal,,True,ok,third_party/visualnav-transformer/model_weights/gnm/gnm.pth,12.78,0.3,-0.0091,0.9464,-0.0087,9.08,,,gnm_closed_loop,0.2,-0.009143,normalized_stop_ab_20260708,G,baseline_no_stop,,,,,,,False,hospital_fresh_medium_G,2.9682,True,0.3,-0.009143,0.2,-0.009143,True,armed,False,,True,shadow,results/bo_reviewer_packet/temporal_stop_head/22_temporal_stop_head_model.pt,0.128,0.0,False,0.5,,,2.9748,False,,,False
normcmp_G_baseline_20260708_153849,162,12.416667,1783521533.934971,1.964851,0.500013,-0.0,3.14155,0.2,-0.009889,0.199822,0.00011,camera_link,12.416667,gnm_closed_loop,,nominal,,True,ok,third_party/visualnav-transformer/model_weights/gnm/gnm.pth,12.82,0.3,-0.0099,0.9423,-0.0093,9.18,,,gnm_closed_loop,0.2,-0.009889,normalized_stop_ab_20260708,G,baseline_no_stop,,,,,,,False,hospital_fresh_medium_G,2.9649,True,0.3,-0.009889,0.2,-0.009889,True,armed,False,,True,shadow,results/bo_reviewer_packet/temporal_stop_head/22_temporal_stop_head_model.pt,0.133,0.0,False,0.5,,,2.9649,False,,,False
normcmp_G_baseline_20260708_153849,163,12.433334,1783521533.937402,1.961526,0.500014,-0.0,3.14155,0.2,-0.009889,0.199822,0.00011,camera_link,12.433334,gnm_closed_loop,,nominal,,True,ok,third_party/visualnav-transformer/model_weights/gnm/gnm.pth,12.82,0.3,-0.0099,0.9423,-0.0093,9.18,,,gnm_closed_loop,0.2,-0.009889,normalized_stop_ab_20260708,G,baseline_no_stop,,,,,,,False,hospital_fresh_medium_G,2.9615,True,0.3,-0.009889,0.2,-0.009889,True,armed,False,,True,shadow,results/bo_reviewer_packet/temporal_stop_head/22_temporal_stop_head_model.pt,0.133,0.0,False,0.5,,,2.9649,False,,,False
normcmp_G_baseline_20260708_153849,164,12.450001,1783521533.939373,1.958201,0.500014,-0.0,3.141549,0.2,-0.009889,0.199822,0.00011,camera_link,12.450001,gnm_closed_loop,,nominal,,True,ok,third_party/visualnav-transformer/model_weights/gnm/gnm.pth,12.82,0.3,-0.0099,0.9423,-0.0093,9.18,,,gnm_closed_loop,0.2,-0.009889,normalized_stop_ab_20260708,G,baseline_no_stop,,,,,,,False,hospital_fresh_medium_G,2.9582,True,0.3,-0.009889,0.2,-0.009889,True,armed,False,,True,shadow,results/bo_reviewer_packet/temporal_stop_head/22_temporal_stop_head_model.pt,0.133,0.0,False,0.5,,,2.9649,False,,,False
normcmp_G_baseline_20260708_153849,165,12.466667,1783521533.962036,1.954877,0.500014,-0.0,3.14155,0.2,-0.010571,0.199826,0.00028,camera_link,12.466667,gnm_closed_loop,,nominal,,True,ok,third_party/visualnav-transformer/model_weights/gnm/gnm.pth,12.86,0.3,-0.0106,0.936,-0.0099,9.23,,,gnm_closed_loop,0.2,-0.010571,normalized_stop_ab_20260708,G,baseline_no_stop,,,,,,,False,hospital_fresh_medium_G,2.9549,True,0.3,-0.010571,0.2,-0.010571,True,armed,False,,True,shadow,results/bo_reviewer_packet/temporal_stop_head/22_temporal_stop_head_model.pt,0.137,0.0,False,0.5,,,2.9549,False,,,False
normcmp_G_baseline_20260708_153849,166,12.483334,1783521533.964416,1.951553,0.500014,-0.0,3.141549,0.2,-0.010571,0.199826,0.00028,camera_link,12.483334,gnm_closed_loop,,nominal,,True,ok,third_party/visualnav-transformer/model_weights/gnm/gnm.pth,12.86,0.3,-0.0106,0.936,-0.0099,9.23,,,gnm_closed_loop,0.2,-0.010571,normalized_stop_ab_20260708,G,baseline_no_stop,,,,,,,False,hospital_fresh_medium_G,2.9516,True,0.3,-0.010571,0.2,-0.010571,True,armed,False,,True,shadow,results/bo_reviewer_packet/temporal_stop_head/22_temporal_stop_head_model.pt,0.137,0.0,False,0.5,,,2.9549,False,,,False
normcmp_G_baseline_20260708_153849,167,12.500001,1783521533.966436,1.948228,0.500014,-0.0,3.141548,0.2,-0.010571,0.199826,0.00028,camera_link,12.500001,gnm_closed_loop,,nominal,,True,ok,third_party/visualnav-transformer/model_weights/gnm/gnm.pth,12.86,0.3,-0.0106,0.936,-0.0099,9.23,,,gnm_closed_loop,0.2,-0.010571,normalized_stop_ab_20260708,G,baseline_no_stop,,,,,,,False,hospital_fresh_medium_G,2.9482,True,0.3,-0.010571,0.2,-0.010571,True,armed,False,,True,shadow,results/bo_reviewer_packet/temporal_stop_head/22_temporal_stop_head_model.pt,0.137,0.0,False,0.5,,,2.9549,False,,,False
normcmp_G_baseline_20260708_153849,168,12.516667,1783521533.989243,1.944904,0.500014,-0.0,3.141548,0.2,-0.011169,0.199827,0.000628,camera_link,12.516667,gnm_closed_loop,,nominal,,True,ok,third_party/visualnav-transformer/model_weights/gnm/gnm.pth,12.76,0.3,-0.0112,0.9264,-0.0103,9.24,,,gnm_closed_loop,0.2,-0.011169,normalized_stop_ab_20260708,G,baseline_no_stop,,,,,,,False,hospital_fresh_medium_G,2.9449,True,0.3,-0.011169,0.2,-0.011169,True,armed,False,,True,shadow,results/bo_reviewer_packet/temporal_stop_head/22_temporal_stop_head_model.pt,0.128,0.0,False,0.5,,,2.9449,False,,,False
normcmp_G_baseline_20260708_153849,169,12.533334,1783521533.991513,1.941579,0.500015,-0.0,3.141548,0.2,-0.011169,0.199827,0.000628,camera_link,12.533334,gnm_closed_loop,,nominal,,True,ok,third_party/visualnav-transformer/model_weights/gnm/gnm.pth,12.76,0.3,-0.0112,0.9264,-0.0103,9.24,,,gnm_closed_loop,0.2,-0.011169,normalized_stop_ab_20260708,G,baseline_no_stop,,,,,,,False,hospital_fresh_medium_G,2.9416,True,0.3,-0.011169,0.2,-0.011169,True,armed,False,,True,shadow,results/bo_reviewer_packet/temporal_stop_head/22_temporal_stop_head_model.pt,0.128,0.0,False,0.5,,,2.9449,False,,,False
normcmp_G_baseline_20260708_153849,170,12.550001,1783521533.994041,1.938255,0.500015,-0.0,3.141547,0.2,-0.011169,0.199827,0.000628,camera_link,12.550001,gnm_closed_loop,,nominal,,True,ok,third_party/visualnav-transformer/model_weights/gnm/gnm.pth,12.76,0.3,-0.0112,0.9264,-0.0103,9.24,,,gnm_closed_loop,0.2,-0.011169,normalized_stop_ab_20260708,G,baseline_no_stop,,,,,,,False,hospital_fresh_medium_G,2.9383,True,0.3,-0.011169,0.2,-0.011169,True,armed,False,,True,shadow,results/bo_reviewer_packet/temporal_stop_head/22_temporal_stop_head_model.pt,0.128,0.0,False,0.5,,,2.9449,False,,,False
normcmp_G_baseline_20260708_153849,171,12.566667,1783521534.016484,1.934931,0.500015,-0.0,3.141547,0.2,-0.012174,0.19982,0.000939,camera_link,12.566667,gnm_closed_loop,,nominal,,True,ok,third_party/visualnav-transformer/model_weights/gnm/gnm.pth,12.81,0.3,-0.0122,0.9151,-0.0111,9.3,,,gnm_closed_loop,0.2,-0.012174,normalized_stop_ab_20260708,G,baseline_no_stop,,,,,,,False,hospital_fresh_medium_G,2.9349,True,0.3,-0.012174,0.2,-0.012174,True,armed,False,,True,shadow,results/bo_reviewer_packet/temporal_stop_head/22_temporal_stop_head_model.pt,0.114,0.0,False,0.5,,,2.9349,False,,,False
normcmp_G_baseline_20260708_153849,172,12.583334,1783521534.019276,1.931606,0.500015,-0.0,3.141546,0.2,-0.012174,0.19982,0.000939,camera_link,12.583334,gnm_closed_loop,,nominal,,True,ok,third_party/visualnav-transformer/model_weights/gnm/gnm.pth,12.81,0.3,-0.0122,0.9151,-0.0111,9.3,,,gnm_closed_loop,0.2,-0.012174,normalized_stop_ab_20260708,G,baseline_no_stop,,,,,,,False,hospital_fresh_medium_G,2.9316,True,0.3,-0.012174,0.2,-0.012174,True,armed,False,,True,shadow,results/bo_reviewer_packet/temporal_stop_head/22_temporal_stop_head_model.pt,0.114,0.0,False,0.5,,,2.9349,False,,,False
normcmp_G_baseline_20260708_153849,173,12.600001,1783521534.02128,1.928282,0.500016,-0.0,3.141546,0.2,-0.012174,0.19982,0.000939,camera_link,12.600001,gnm_closed_loop,,nominal,,True,ok,third_party/visualnav-transformer/model_weights/gnm/gnm.pth,12.81,0.3,-0.0122,0.9151,-0.0111,9.3,,,gnm_closed_loop,0.2,-0.012174,normalized_stop_ab_20260708,G,baseline_no_stop,,,,,,,False,hospital_fresh_medium_G,2.9283,True,0.3,-0.012174,0.2,-0.012174,True,armed,False,,True,shadow,results/bo_reviewer_packet/temporal_stop_head/22_temporal_stop_head_model.pt,0.114,0.0,False,0.5,,,2.9349,False,,,False
normcmp_G_baseline_20260708_153849,174,12.616667,1783521534.043948,1.924958,0.500016,-0.0,3.141545,0.2,-0.012634,0.199807,0.000336,camera_link,12.616667,gnm_closed_loop,,nominal,,True,ok,third_party/visualnav-transformer/model_weights/gnm/gnm.pth,12.88,0.3,-0.0126,0.9079,-0.0115,9.28,,,gnm_closed_loop,0.2,-0.012634,normalized_stop_ab_20260708,G,baseline_no_stop,,,,,,,False,hospital_fresh_medium_G,2.925,True,0.3,-0.012634,0.2,-0.012634,True,armed,False,,True,shadow,results/bo_reviewer_packet/temporal_stop_head/22_temporal_stop_head_model.pt,0.121,0.0,False,0.5,,,2.925,False,,,False
normcmp_G_baseline_20260708_153849,175,12.633334,1783521534.046391,1.921633,0.500016,-0.0,3.141545,0.2,-0.012634,0.199807,0.000336,camera_link,12.633334,gnm_closed_loop,,nominal,,True,ok,third_party/visualnav-transformer/model_weights/gnm/gnm.pth,12.88,0.3,-0.0126,0.9079,-0.0115,9.28,,,gnm_closed_loop,0.2,-0.012634,normalized_stop_ab_20260708,G,baseline_no_stop,,,,,,,False,hospital_fresh_medium_G,2.9216,True,0.3,-0.012634,0.2,-0.012634,True,armed,False,,True,shadow,results/bo_reviewer_packet/temporal_stop_head/22_temporal_stop_head_model.pt,0.121,0.0,False,0.5,,,2.925,False,,,False
normcmp_G_baseline_20260708_153849,176,12.650001,1783521534.048414,1.918309,0.500017,-0.0,3.141544,0.2,-0.012634,0.199807,0.000336,camera_link,12.650001,gnm_closed_loop,,nominal,,True,ok,third_party/visualnav-transformer/model_weights/gnm/gnm.pth,12.88,0.3,-0.0126,0.9079,-0.0115,9.28,,,gnm_closed_loop,0.2,-0.012634,normalized_stop_ab_20260708,G,baseline_no_stop,,,,,,,False,hospital_fresh_medium_G,2.9183,True,0.3,-0.012634,0.2,-0.012634,True,armed,False,,True,shadow,results/bo_reviewer_packet/temporal_stop_head/22_temporal_stop_head_model.pt,0.121,0.0,False,0.5,,,2.925,False,,,False
normcmp_G_baseline_20260708_153849,177,12.666667,1783521534.0725,1.914985,0.500017,-0.0,3.141543,0.2,-0.013053,0.199792,0.001063,camera_link,12.666667,gnm_closed_loop,,nominal,,True,ok,third_party/visualnav-transformer/model_weights/gnm/gnm.pth,13.95,0.3,-0.0131,0.8993,-0.0117,9.26,,,gnm_closed_loop,0.2,-0.013053,normalized_stop_ab_20260708,G,baseline_no_stop,,,,,,,False,hospital_fresh_medium_G,2.915,True,0.3,-0.013053,0.2,-0.013053,True,armed,False,,True,shadow,results/bo_reviewer_packet/temporal_stop_head/22_temporal_stop_head_model.pt,0.118,0.0,False,0.5,,,2.915,False,,,False
normcmp_G_baseline_20260708_153849,178,12.683334,1783521534.074778,1.911661,0.500017,-0.0,3.141543,0.2,-0.013053,0.199792,0.001063,camera_link,12.683334,gnm_closed_loop,,nominal,,True,ok,third_party/visualnav-transformer/model_weights/gnm/gnm.pth,13.95,0.3,-0.0131,0.8993,-0.0117,9.26,,,gnm_closed_loop,0.2,-0.013053,normalized_stop_ab_20260708,G,baseline_no_stop,,,,,,,False,hospital_fresh_medium_G,2.9117,True,0.3,-0.013053,0.2,-0.013053,True,armed,False,,True,shadow,results/bo_reviewer_packet/temporal_stop_head/22_temporal_stop_head_model.pt,0.118,0.0,False,0.5,,,2.915,False,,,False
normcmp_G_baseline_20260708_153849,179,12.700001,1783521534.076681,1.908335,0.500017,-0.0,3.141543,0.2,-0.013053,0.199792,0.001063,camera_link,12.700001,gnm_closed_loop,,nominal,,True,ok,third_party/visualnav-transformer/model_weights/gnm/gnm.pth,13.95,0.3,-0.0131,0.8993,-0.0117,9.26,,,gnm_closed_loop,0.2,-0.013053,normalized_stop_ab_20260708,G,baseline_no_stop,,,,,,,False,hospital_fresh_medium_G,2.9083,True,0.3,-0.013053,0.2,-0.013053,True,armed,False,,True,shadow,results/bo_reviewer_packet/temporal_stop_head/22_temporal_stop_head_model.pt,0.118,0.0,False,0.5,,,2.915,False,,,False
normcmp_G_baseline_20260708_153849,180,12.716667,1783521534.104095,1.905011,0.500017,-0.0,3.141542,0.2,-0.013405,0.199813,0.000598,camera_link,12.716667,gnm_closed_loop,,nominal,,True,ok,third_party/visualnav-transformer/model_weights/gnm/gnm.pth,13.23,0.3,-0.0134,0.8946,-0.012,9.26,,,gnm_closed_loop,0.2,-0.013405,normalized_stop_ab_20260708,G,baseline_no_stop,,,,,,,False,hospital_fresh_medium_G,2.905,True,0.3,-0.013405,0.2,-0.013405,True,armed,False,,True,shadow,results/bo_reviewer_packet/temporal_stop_head/22_temporal_stop_head_model.pt,0.106,0.0,False,0.5,,,2.905,False,,,False
normcmp_G_baseline_20260708_153849,181,12.733334,1783521534.106423,1.901686,0.500017,-0.0,3.141542,0.2,-0.013405,0.199813,0.000598,camera_link,12.733334,gnm_closed_loop,,nominal,,True,ok,third_party/visualnav-transformer/model_weights/gnm/gnm.pth,13.23,0.3,-0.0134,0.8946,-0.012,9.26,,,gnm_closed_loop,0.2,-0.013405,normalized_stop_ab_20260708,G,baseline_no_stop,,,,,,,False,hospital_fresh_medium_G,2.9017,True,0.3,-0.013405,0.2,-0.013405,True,armed,False,,True,shadow,results/bo_reviewer_packet/temporal_stop_head/22_temporal_stop_head_model.pt,0.106,0.0,False,0.5,,,2.905,False,,,False
normcmp_G_baseline_20260708_153849,182,12.750001,1783521534.109514,1.898362,0.500018,-0.0,3.141541,0.2,-0.013405,0.199813,0.000598,camera_link,12.750001,gnm_closed_loop,,nominal,,True,ok,third_party/visualnav-transformer/model_weights/gnm/gnm.pth,13.23,0.3,-0.0134,0.8946,-0.012,9.26,,,gnm_closed_loop,0.2,-0.013405,normalized_stop_ab_20260708,G,baseline_no_stop,,,,,,,False,hospital_fresh_medium_G,2.8984,True,0.3,-0.013405,0.2,-0.013405,True,armed,False,,True,shadow,results/bo_reviewer_packet/temporal_stop_head/22_temporal_stop_head_model.pt,0.106,0.0,False,0.5,,,2.905,False,,,False
normcmp_G_baseline_20260708_153849,183,12.766667,1783521534.133224,1.895038,0.500018,-0.0,3.141541,0.2,-0.013322,0.199839,0.000762,camera_link,12.766667,gnm_closed_loop,,nominal,,True,ok,third_party/visualnav-transformer/model_weights/gnm/gnm.pth,13.16,0.3,-0.0133,0.8945,-0.0119,9.3,,,gnm_closed_loop,0.2,-0.013322,normalized_stop_ab_20260708,G,baseline_no_stop,,,,,,,False,hospital_fresh_medium_G,2.895,True,0.3,-0.013322,0.2,-0.013322,True,armed,False,,True,shadow,results/bo_reviewer_packet/temporal_stop_head/22_temporal_stop_head_model.pt,0.125,0.0,False,0.5,,,2.895,False,,,False
normcmp_G_baseline_20260708_153849,184,12.783334,1783521534.13553,1.891713,0.500018,-0.0,3.14154,0.2,-0.013322,0.199839,0.000762,camera_link,12.783334,gnm_closed_loop,,nominal,,True,ok,third_party/visualnav-transformer/model_weights/gnm/gnm.pth,13.16,0.3,-0.0133,0.8945,-0.0119,9.3,,,gnm_closed_loop,0.2,-0.013322,normalized_stop_ab_20260708,G,baseline_no_stop,,,,,,,False,hospital_fresh_medium_G,2.8917,True,0.3,-0.013322,0.2,-0.013322,True,armed,False,,True,shadow,results/bo_reviewer_packet/temporal_stop_head/22_temporal_stop_head_model.pt,0.125,0.0,False,0.5,,,2.895,False,,,False
normcmp_G_baseline_20260708_153849,185,12.800001,1783521534.137395,1.888389,0.500018,-0.0,3.14154,0.2,-0.013322,0.199839,0.000762,camera_link,12.800001,gnm_closed_loop,,nominal,,True,ok,third_party/visualnav-transformer/model_weights/gnm/gnm.pth,13.16,0.3,-0.0133,0.8945,-0.0119,9.3,,,gnm_closed_loop,0.2,-0.013322,normalized_stop_ab_20260708,G,baseline_no_stop,,,,,,,False,hospital_fresh_medium_G,2.8884,True,0.3,-0.013322,0.2,-0.013322,True,armed,False,,True,shadow,results/bo_reviewer_packet/temporal_stop_head/22_temporal_stop_head_model.pt,0.125,0.0,False,0.5,,,2.895,False,,,False
normcmp_G_baseline_20260708_153849,186,12.816667,1783521534.174259,1.885064,0.500018,-0.0,3.141539,0.2,-0.013406,0.199813,-0.000131,camera_link,12.816667,gnm_closed_loop,,nominal,,True,ok,third_party/visualnav-transformer/model_weights/gnm/gnm.pth,24.74,0.3,-0.0134,0.8898,-0.0119,9.29,,,gnm_closed_loop,0.2,-0.013406,normalized_stop_ab_20260708,G,baseline_no_stop,,,,,,,False,hospital_fresh_medium_G,2.8851,True,0.3,-0.013406,0.2,-0.013406,True,armed,False,,True,shadow,results/bo_reviewer_packet/temporal_stop_head/22_temporal_stop_head_model.pt,0.112,0.0,False,0.5,,,2.8851,False,,,False
normcmp_G_baseline_20260708_153849,187,12.833334,1783521534.176727,1.881739,0.500018,-0.0,3.141539,0.2,-0.013406,0.199813,-0.000131,camera_link,12.833334,gnm_closed_loop,,nominal,,True,ok,third_party/visualnav-transformer/model_weights/gnm/gnm.pth,24.74,0.3,-0.0134,0.8898,-0.0119,9.29,,,gnm_closed_loop,0.2,-0.013406,normalized_stop_ab_20260708,G,baseline_no_stop,,,,,,,False,hospital_fresh_medium_G,2.8817,True,0.3,-0.013406,0.2,-0.013406,True,armed,False,,True,shadow,results/bo_reviewer_packet/temporal_stop_head/22_temporal_stop_head_model.pt,0.112,0.0,False,0.5,,,2.8851,False,,,False
normcmp_G_baseline_20260708_153849,188,12.850001,1783521534.178613,1.878415,0.500018,-0.0,3.141539,0.2,-0.013406,0.199813,-0.000131,camera_link,12.850001,gnm_closed_loop,,nominal,,True,ok,third_party/visualnav-transformer/model_weights/gnm/gnm.pth,24.74,0.3,-0.0134,0.8898,-0.0119,9.29,,,gnm_closed_loop,0.2,-0.013406,normalized_stop_ab_20260708,G,baseline_no_stop,,,,,,,False,hospital_fresh_medium_G,2.8784,True,0.3,-0.013406,0.2,-0.013406,True,armed,False,,True,shadow,results/bo_reviewer_packet/temporal_stop_head/22_temporal_stop_head_model.pt,0.112,0.0,False,0.5,,,2.8851,False,,,False
normcmp_G_baseline_20260708_153849,189,12.866667,1783521534.20288,1.87509,0.500019,-0.0,3.141538,0.2,-0.013462,0.199817,0.000545,camera_link,12.866667,gnm_closed_loop,,nominal,,True,ok,third_party/visualnav-transformer/model_weights/gnm/gnm.pth,14.28,0.3,-0.0135,0.8865,-0.0119,9.32,,,gnm_closed_loop,0.2,-0.013462,normalized_stop_ab_20260708,G,baseline_no_stop,,,,,,,False,hospital_fresh_medium_G,2.8751,True,0.3,-0.013462,0.2,-0.013462,True,armed,False,,True,shadow,results/bo_reviewer_packet/temporal_stop_head/22_temporal_stop_head_model.pt,0.113,0.0,False,0.5,,,2.8751,False,,,False
normcmp_G_baseline_20260708_153849,190,12.883334,1783521534.205389,1.871766,0.500019,-0.0,3.141538,0.2,-0.013462,0.199817,0.000545,camera_link,12.883334,gnm_closed_loop,,nominal,,True,ok,third_party/visualnav-transformer/model_weights/gnm/gnm.pth,14.28,0.3,-0.0135,0.8865,-0.0119,9.32,,,gnm_closed_loop,0.2,-0.013462,normalized_stop_ab_20260708,G,baseline_no_stop,,,,,,,False,hospital_fresh_medium_G,2.8718,True,0.3,-0.013462,0.2,-0.013462,True,armed,False,,True,shadow,results/bo_reviewer_packet/temporal_stop_head/22_temporal_stop_head_model.pt,0.113,0.0,False,0.5,,,2.8751,False,,,False
normcmp_G_baseline_20260708_153849,191,12.900001,1783521534.207297,1.868441,0.500019,-0.0,3.141537,0.2,-0.013462,0.199817,0.000545,camera_link,12.900001,gnm_closed_loop,,nominal,,True,ok,third_party/visualnav-transformer/model_weights/gnm/gnm.pth,14.28,0.3,-0.0135,0.8865,-0.0119,9.32,,,gnm_closed_loop,0.2,-0.013462,normalized_stop_ab_20260708,G,baseline_no_stop,,,,,,,False,hospital_fresh_medium_G,2.8684,True,0.3,-0.013462,0.2,-0.013462,True,armed,False,,True,shadow,results/bo_reviewer_packet/temporal_stop_head/22_temporal_stop_head_model.pt,0.113,0.0,False,0.5,,,2.8751,False,,,False
normcmp_G_baseline_20260708_153849,192,12.916667,1783521534.232883,1.865116,0.500019,-0.0,3.141537,0.2,-0.013436,0.199831,0.000551,camera_link,12.916667,gnm_closed_loop,,nominal,,True,ok,third_party/visualnav-transformer/model_weights/gnm/gnm.pth,13.74,0.3,-0.0134,0.8817,-0.0118,9.29,,,gnm_closed_loop,0.2,-0.013436,normalized_stop_ab_20260708,G,baseline_no_stop,,,,,,,False,hospital_fresh_medium_G,2.8651,True,0.3,-0.013436,0.2,-0.013436,True,armed,False,,True,shadow,results/bo_reviewer_packet/temporal_stop_head/22_temporal_stop_head_model.pt,0.152,0.0,False,0.5,,,2.8651,False,,,False
normcmp_G_baseline_20260708_153849,193,12.933334,1783521534.235703,1.861792,0.500019,-0.0,3.141536,0.2,-0.013436,0.199831,0.000551,camera_link,12.933334,gnm_closed_loop,,nominal,,True,ok,third_party/visualnav-transformer/model_weights/gnm/gnm.pth,13.74,0.3,-0.0134,0.8817,-0.0118,9.29,,,gnm_closed_loop,0.2,-0.013436,normalized_stop_ab_20260708,G,baseline_no_stop,,,,,,,False,hospital_fresh_medium_G,2.8618,True,0.3,-0.013436,0.2,-0.013436,True,armed,False,,True,shadow,results/bo_reviewer_packet/temporal_stop_head/22_temporal_stop_head_model.pt,0.152,0.0,False,0.5,,,2.8651,False,,,False
normcmp_G_baseline_20260708_153849,194,12.950001,1783521534.238088,1.858467,0.500019,-0.0,3.141536,0.2,-0.013436,0.199831,0.000551,camera_link,12.950001,gnm_closed_loop,,nominal,,True,ok,third_party/visualnav-transformer/model_weights/gnm/gnm.pth,13.74,0.3,-0.0134,0.8817,-0.0118,9.29,,,gnm_closed_loop,0.2,-0.013436,normalized_stop_ab_20260708,G,baseline_no_stop,,,,,,,False,hospital_fresh_medium_G,2.8585,True,0.3,-0.013436,0.2,-0.013436,True,armed,False,,True,shadow,results/bo_reviewer_packet/temporal_stop_head/22_temporal_stop_head_model.pt,0.152,0.0,False,0.5,,,2.8651,False,,,False
normcmp_G_baseline_20260708_153849,195,12.966667,1783521534.265901,1.855142,0.500019,-0.0,3.141535,0.2,-0.0134,0.199836,0.000268,camera_link,12.966667,gnm_closed_loop,,nominal,,True,ok,third_party/visualnav-transformer/model_weights/gnm/gnm.pth,15.49,0.3,-0.0134,0.8766,-0.0117,9.28,,,gnm_closed_loop,0.2,-0.0134,normalized_stop_ab_20260708,G,baseline_no_stop,,,,,,,False,hospital_fresh_medium_G,2.8551,True,0.3,-0.0134,0.2,-0.0134,True,armed,False,,True,shadow,results/bo_reviewer_packet/temporal_stop_head/22_temporal_stop_head_model.pt,0.118,0.0,False,0.5,,,2.8551,False,,,False
normcmp_G_baseline_20260708_153849,196,12.983334,1783521534.268501,1.851818,0.50002,-0.0,3.141535,0.2,-0.0134,0.199836,0.000268,camera_link,12.983334,gnm_closed_loop,,nominal,,True,ok,third_party/visualnav-transformer/model_weights/gnm/gnm.pth,15.49,0.3,-0.0134,0.8766,-0.0117,9.28,,,gnm_closed_loop,0.2,-0.0134,normalized_stop_ab_20260708,G,baseline_no_stop,,,,,,,False,hospital_fresh_medium_G,2.8518,True,0.3,-0.0134,0.2,-0.0134,True,armed,False,,True,shadow,results/bo_reviewer_packet/temporal_stop_head/22_temporal_stop_head_model.pt,0.118,0.0,False,0.5,,,2.8551,False,,,False
normcmp_G_baseline_20260708_153849,197,13.000001,1783521534.270517,1.848493,0.50002,-0.0,3.141534,0.2,-0.0134,0.199836,0.000268,camera_link,13.000001,gnm_closed_loop,,nominal,,True,ok,third_party/visualnav-transformer/model_weights/gnm/gnm.pth,15.49,0.3,-0.0134,0.8766,-0.0117,9.28,,,gnm_closed_loop,0.2,-0.0134,normalized_stop_ab_20260708,G,baseline_no_stop,,,,,,,False,hospital_fresh_medium_G,2.8485,True,0.3,-0.0134,0.2,-0.0134,True,armed,False,,True,shadow,results/bo_reviewer_packet/temporal_stop_head/22_temporal_stop_head_model.pt,0.118,0.0,False,0.5,,,2.8551,False,,,False
normcmp_G_baseline_20260708_153849,198,13.016667,1783521534.294388,1.845168,0.50002,-0.0,3.141534,0.2,-0.013403,0.199821,0.000479,camera_link,13.016667,gnm_closed_loop,,nominal,,True,ok,third_party/visualnav-transformer/model_weights/gnm/gnm.pth,13.23,0.3,-0.0134,0.871,-0.0117,9.23,,,gnm_closed_loop,0.2,-0.013403,normalized_stop_ab_20260708,G,baseline_no_stop,,,,,,,False,hospital_fresh_medium_G,2.8452,True,0.3,-0.013403,0.2,-0.013403,True,armed,False,,True,shadow,results/bo_reviewer_packet/temporal_stop_head/22_temporal_stop_head_model.pt,0.134,0.0,False,0.5,,,2.8452,False,,,False
normcmp_G_baseline_20260708_153849,199,13.033334,1783521534.296958,1.841843,0.50002,-0.0,3.141534,0.2,-0.013403,0.199821,0.000479,camera_link,13.033334,gnm_closed_loop,,nominal,,True,ok,third_party/visualnav-transformer/model_weights/gnm/gnm.pth,13.23,0.3,-0.0134,0.871,-0.0117,9.23,,,gnm_closed_loop,0.2,-0.013403,normalized_stop_ab_20260708,G,baseline_no_stop,,,,,,,False,hospital_fresh_medium_G,2.8418,True,0.3,-0.013403,0.2,-0.013403,True,armed,False,,True,shadow,results/bo_reviewer_packet/temporal_stop_head/22_temporal_stop_head_model.pt,0.134,0.0,False,0.5,,,2.8452,False,,,False
normcmp_G_baseline_20260708_153849,200,13.050001,1783521534.298847,1.838519,0.50002,-0.0,3.141533,0.2,-0.013403,0.199821,0.000479,camera_link,13.050001,gnm_closed_loop,,nominal,,True,ok,third_party/visualnav-transformer/model_weights/gnm/gnm.pth,13.23,0.3,-0.0134,0.871,-0.0117,9.23,,,gnm_closed_loop,0.2,-0.013403,normalized_stop_ab_20260708,G,baseline_no_stop,,,,,,,False,hospital_fresh_medium_G,2.8385,True,0.3,-0.013403,0.2,-0.013403,True,armed,False,,True,shadow,results/bo_reviewer_packet/temporal_stop_head/22_temporal_stop_head_model.pt,0.134,0.0,False,0.5,,,2.8452,False,,,False
normcmp_G_baseline_20260708_153849,201,13.066667,1783521534.325699,1.835195,0.50002,-0.0,3.141533,0.2,-0.013219,0.199824,0.000957,camera_link,13.066667,gnm_closed_loop,,nominal,,True,ok,third_party/visualnav-transformer/model_weights/gnm/gnm.pth,15.19,0.3,-0.0132,0.8677,-0.0115,9.21,,,gnm_closed_loop,0.2,-0.013219,normalized_stop_ab_20260708,G,baseline_no_stop,,,,,,,False,hospital_fresh_medium_G,2.8352,True,0.3,-0.013219,0.2,-0.013219,True,armed,False,,True,shadow,results/bo_reviewer_packet/temporal_stop_head/22_temporal_stop_head_model.pt,0.111,0.0,False,0.5,,,2.8352,False,,,False
normcmp_G_baseline_20260708_153849,202,13.083334,1783521534.328226,1.83187,0.500021,-0.0,3.141532,0.2,-0.013219,0.199824,0.000957,camera_link,13.083334,gnm_closed_loop,,nominal,,True,ok,third_party/visualnav-transformer/model_weights/gnm/gnm.pth,15.19,0.3,-0.0132,0.8677,-0.0115,9.21,,,gnm_closed_loop,0.2,-0.013219,normalized_stop_ab_20260708,G,baseline_no_stop,,,,,,,False,hospital_fresh_medium_G,2.8319,True,0.3,-0.013219,0.2,-0.013219,True,armed,False,,True,shadow,results/bo_reviewer_packet/temporal_stop_head/22_temporal_stop_head_model.pt,0.111,0.0,False,0.5,,,2.8352,False,,,False
normcmp_G_baseline_20260708_153849,203,13.100001,1783521534.330144,1.828545,0.500021,-0.0,3.141531,0.2,-0.013219,0.199824,0.000957,camera_link,13.100001,gnm_closed_loop,,nominal,,True,ok,third_party/visualnav-transformer/model_weights/gnm/gnm.pth,15.19,0.3,-0.0132,0.8677,-0.0115,9.21,,,gnm_closed_loop,0.2,-0.013219,normalized_stop_ab_20260708,G,baseline_no_stop,,,,,,,False,hospital_fresh_medium_G,2.8285,True,0.3,-0.013219,0.2,-0.013219,True,armed,False,,True,shadow,results/bo_reviewer_packet/temporal_stop_head/22_temporal_stop_head_model.pt,0.111,0.0,False,0.5,,,2.8352,False,,,False
normcmp_G_baseline_20260708_153849,204,13.116667,1783521534.353126,1.82522,0.500021,-0.0,3.141531,0.2,-0.013094,0.199816,0.000386,camera_link,13.116667,gnm_closed_loop,,nominal,,True,ok,third_party/visualnav-transformer/model_weights/gnm/gnm.pth,12.73,0.3,-0.0131,0.8666,-0.0113,9.23,,,gnm_closed_loop,0.2,-0.013094,normalized_stop_ab_20260708,G,baseline_no_stop,,,,,,,False,hospital_fresh_medium_G,2.8252,True,0.3,-0.013094,0.2,-0.013094,True,armed,False,,True,shadow,results/bo_reviewer_packet/temporal_stop_head/22_temporal_stop_head_model.pt,0.115,0.0,False,0.5,,,2.8252,False,,,False
normcmp_G_baseline_20260708_153849,205,13.133334,1783521534.355494,1.821895,0.500022,-0.0,3.14153,0.2,-0.013094,0.199816,0.000386,camera_link,13.133334,gnm_closed_loop,,nominal,,True,ok,third_party/visualnav-transformer/model_weights/gnm/gnm.pth,12.73,0.3,-0.0131,0.8666,-0.0113,9.23,,,gnm_closed_loop,0.2,-0.013094,normalized_stop_ab_20260708,G,baseline_no_stop,,,,,,,False,hospital_fresh_medium_G,2.8219,True,0.3,-0.013094,0.2,-0.013094,True,armed,False,,True,shadow,results/bo_reviewer_packet/temporal_stop_head/22_temporal_stop_head_model.pt,0.115,0.0,False,0.5,,,2.8252,False,,,False
normcmp_G_baseline_20260708_153849,206,13.150001,1783521534.358521,1.818571,0.500022,-0.0,3.14153,0.2,-0.013094,0.199816,0.000386,camera_link,13.150001,gnm_closed_loop,,nominal,,True,ok,third_party/visualnav-transformer/model_weights/gnm/gnm.pth,12.73,0.3,-0.0131,0.8666,-0.0113,9.23,,,gnm_closed_loop,0.2,-0.013094,normalized_stop_ab_20260708,G,baseline_no_stop,,,,,,,False,hospital_fresh_medium_G,2.8186,True,0.3,-0.013094,0.2,-0.013094,True,armed,False,,True,shadow,results/bo_reviewer_packet/temporal_stop_head/22_temporal_stop_head_model.pt,0.115,0.0,False,0.5,,,2.8252,False,,,False
normcmp_G_baseline_20260708_153849,207,13.166667,1783521534.38427,1.815246,0.500022,-0.0,3.141529,0.2,-0.012782,0.199838,0.000596,camera_link,13.166667,gnm_closed_loop,,nominal,,True,ok,third_party/visualnav-transformer/model_weights/gnm/gnm.pth,13.16,0.3,-0.0128,0.8663,-0.0111,9.26,,,gnm_closed_loop,0.2,-0.012782,normalized_stop_ab_20260708,G,baseline_no_stop,,,,,,,False,hospital_fresh_medium_G,2.8152,True,0.3,-0.012782,0.2,-0.012782,True,armed,False,,True,shadow,results/bo_reviewer_packet/temporal_stop_head/22_temporal_stop_head_model.pt,0.119,0.0,False,0.5,,,2.8152,False,,,False
normcmp_G_baseline_20260708_153849,208,13.183334,1783521534.386842,1.811923,0.500022,-0.0,3.141529,0.2,-0.012782,0.199838,0.000596,camera_link,13.183334,gnm_closed_loop,,nominal,,True,ok,third_party/visualnav-transformer/model_weights/gnm/gnm.pth,13.16,0.3,-0.0128,0.8663,-0.0111,9.26,,,gnm_closed_loop,0.2,-0.012782,normalized_stop_ab_20260708,G,baseline_no_stop,,,,,,,False,hospital_fresh_medium_G,2.8119,True,0.3,-0.012782,0.2,-0.012782,True,armed,False,,True,shadow,results/bo_reviewer_packet/temporal_stop_head/22_temporal_stop_head_model.pt,0.119,0.0,False,0.5,,,2.8152,False,,,False
normcmp_G_baseline_20260708_153849,209,13.200001,1783521534.389612,1.808599,0.500022,-0.0,3.141529,0.2,-0.012782,0.199838,0.000596,camera_link,13.200001,gnm_closed_loop,,nominal,,True,ok,third_party/visualnav-transformer/model_weights/gnm/gnm.pth,13.16,0.3,-0.0128,0.8663,-0.0111,9.26,,,gnm_closed_loop,0.2,-0.012782,normalized_stop_ab_20260708,G,baseline_no_stop,,,,,,,False,hospital_fresh_medium_G,2.8086,True,0.3,-0.012782,0.2,-0.012782,True,armed,False,,True,shadow,results/bo_reviewer_packet/temporal_stop_head/22_temporal_stop_head_model.pt,0.119,0.0,False,0.5,,,2.8152,False,,,False
normcmp_G_baseline_20260708_153849,210,13.216667,1783521534.415204,1.805273,0.500022,-0.0,3.141528,0.2,-0.012765,0.199832,0.000371,camera_link,13.216667,gnm_closed_loop,,nominal,,True,ok,third_party/visualnav-transformer/model_weights/gnm/gnm.pth,13.41,0.3,-0.0128,0.8662,-0.0111,9.22,,,gnm_closed_loop,0.2,-0.012765,normalized_stop_ab_20260708,G,baseline_no_stop,,,,,,,False,hospital_fresh_medium_G,2.8053,True,0.3,-0.012765,0.2,-0.012765,True,armed,False,,True,shadow,results/bo_reviewer_packet/temporal_stop_head/22_temporal_stop_head_model.pt,0.118,0.0,False,0.5,,,2.8053,False,,,False
normcmp_G_baseline_20260708_153849,211,13.233334,1783521534.41774,1.801949,0.500023,-0.0,3.141527,0.2,-0.012765,0.199832,0.000371,camera_link,13.233334,gnm_closed_loop,,nominal,,True,ok,third_party/visualnav-transformer/model_weights/gnm/gnm.pth,13.41,0.3,-0.0128,0.8662,-0.0111,9.22,,,gnm_closed_loop,0.2,-0.012765,normalized_stop_ab_20260708,G,baseline_no_stop,,,,,,,False,hospital_fresh_medium_G,2.8019,True,0.3,-0.012765,0.2,-0.012765,True,armed,False,,True,shadow,results/bo_reviewer_packet/temporal_stop_head/22_temporal_stop_head_model.pt,0.118,0.0,False,0.5,,,2.8053,False,,,False
normcmp_G_baseline_20260708_153849,212,13.250001,1783521534.419717,1.798625,0.500023,-0.0,3.141527,0.2,-0.012765,0.199832,0.000371,camera_link,13.250001,gnm_closed_loop,,nominal,,True,ok,third_party/visualnav-transformer/model_weights/gnm/gnm.pth,13.41,0.3,-0.0128,0.8662,-0.0111,9.22,,,gnm_closed_loop,0.2,-0.012765,normalized_stop_ab_20260708,G,baseline_no_stop,,,,,,,False,hospital_fresh_medium_G,2.7986,True,0.3,-0.012765,0.2,-0.012765,True,armed,False,,True,shadow,results/bo_reviewer_packet/temporal_stop_head/22_temporal_stop_head_model.pt,0.118,0.0,False,0.5,,,2.8053,False,,,False
normcmp_G_baseline_20260708_153849,213,13.266667,1783521534.44387,1.7953,0.500023,-0.0,3.141526,0.2,-0.012734,0.199828,0.000906,camera_link,13.266667,gnm_closed_loop,,nominal,,True,ok,third_party/visualnav-transformer/model_weights/gnm/gnm.pth,12.93,0.3,-0.0127,0.8625,-0.011,9.19,,,gnm_closed_loop,0.2,-0.012734,normalized_stop_ab_20260708,G,baseline_no_stop,,,,,,,False,hospital_fresh_medium_G,2.7953,True,0.3,-0.012734,0.2,-0.012734,True,armed,False,,True,shadow,results/bo_reviewer_packet/temporal_stop_head/22_temporal_stop_head_model.pt,0.124,0.0,False,0.5,,,2.7953,False,,,False
normcmp_G_baseline_20260708_153849,214,13.283334,1783521534.446281,1.791976,0.500024,-0.0,3.141525,0.2,-0.012734,0.199828,0.000906,camera_link,13.283334,gnm_closed_loop,,nominal,,True,ok,third_party/visualnav-transformer/model_weights/gnm/gnm.pth,12.93,0.3,-0.0127,0.8625,-0.011,9.19,,,gnm_closed_loop,0.2,-0.012734,normalized_stop_ab_20260708,G,baseline_no_stop,,,,,,,False,hospital_fresh_medium_G,2.792,True,0.3,-0.012734,0.2,-0.012734,True,armed,False,,True,shadow,results/bo_reviewer_packet/temporal_stop_head/22_temporal_stop_head_model.pt,0.124,0.0,False,0.5,,,2.7953,False,,,False
normcmp_G_baseline_20260708_153849,215,13.300001,1783521534.448269,1.788651,0.500024,-0.0,3.141525,0.2,-0.012734,0.199828,0.000906,camera_link,13.300001,gnm_closed_loop,,nominal,,True,ok,third_party/visualnav-transformer/model_weights/gnm/gnm.pth,12.93,0.3,-0.0127,0.8625,-0.011,9.19,,,gnm_closed_loop,0.2,-0.012734,normalized_stop_ab_20260708,G,baseline_no_stop,,,,,,,False,hospital_fresh_medium_G,2.7887,True,0.3,-0.012734,0.2,-0.012734,True,armed,False,,True,shadow,results/bo_reviewer_packet/temporal_stop_head/22_temporal_stop_head_model.pt,0.124,0.0,False,0.5,,,2.7953,False,,,False
normcmp_G_baseline_20260708_153849,216,13.316667,1783521534.478024,1.785327,0.500024,-0.0,3.141524,0.2,-0.012889,0.199841,0.000585,camera_link,13.316667,gnm_closed_loop,,nominal,,True,ok,third_party/visualnav-transformer/model_weights/gnm/gnm.pth,18.51,0.3,-0.0129,0.8584,-0.0111,9.18,,,gnm_closed_loop,0.2,-0.012889,normalized_stop_ab_20260708,G,baseline_no_stop,,,,,,,False,hospital_fresh_medium_G,2.7853,True,0.3,-0.012889,0.2,-0.012889,True,armed,False,,True,shadow,results/bo_reviewer_packet/temporal_stop_head/22_temporal_stop_head_model.pt,0.12,0.0,False,0.5,,,2.7853,False,,,False
normcmp_G_baseline_20260708_153849,217,13.333334,1783521534.480504,1.782003,0.500024,-0.0,3.141524,0.2,-0.012889,0.199841,0.000585,camera_link,13.333334,gnm_closed_loop,,nominal,,True,ok,third_party/visualnav-transformer/model_weights/gnm/gnm.pth,18.51,0.3,-0.0129,0.8584,-0.0111,9.18,,,gnm_closed_loop,0.2,-0.012889,normalized_stop_ab_20260708,G,baseline_no_stop,,,,,,,False,hospital_fresh_medium_G,2.782,True,0.3,-0.012889,0.2,-0.012889,True,armed,False,,True,shadow,results/bo_reviewer_packet/temporal_stop_head/22_temporal_stop_head_model.pt,0.12,0.0,False,0.5,,,2.7853,False,,,False
normcmp_G_baseline_20260708_153849,218,13.350001,1783521534.482533,1.778677,0.500024,-0.0,3.141523,0.2,-0.012889,0.199841,0.000585,camera_link,13.350001,gnm_closed_loop,,nominal,,True,ok,third_party/visualnav-transformer/model_weights/gnm/gnm.pth,18.51,0.3,-0.0129,0.8584,-0.0111,9.18,,,gnm_closed_loop,0.2,-0.012889,normalized_stop_ab_20260708,G,baseline_no_stop,,,,,,,False,hospital_fresh_medium_G,2.7787,True,0.3,-0.012889,0.2,-0.012889,True,armed,False,,True,shadow,results/bo_reviewer_packet/temporal_stop_head/22_temporal_stop_head_model.pt,0.12,0.0,False,0.5,,,2.7853,False,,,False
normcmp_G_baseline_20260708_153849,219,13.366667,1783521534.507362,1.775353,0.500025,-0.0,3.141523,0.2,-0.012874,0.19984,0.00052,camera_link,13.366667,gnm_closed_loop,,nominal,,True,ok,third_party/visualnav-transformer/model_weights/gnm/gnm.pth,13.35,0.3,-0.0129,0.8559,-0.011,9.18,,,gnm_closed_loop,0.2,-0.012874,normalized_stop_ab_20260708,G,baseline_no_stop,,,,,,,False,hospital_fresh_medium_G,2.7754,True,0.3,-0.012874,0.2,-0.012874,True,armed,False,,True,shadow,results/bo_reviewer_packet/temporal_stop_head/22_temporal_stop_head_model.pt,0.107,0.0,False,0.5,,,2.7754,False,,,False
normcmp_G_baseline_20260708_153849,220,13.383334,1783521534.509588,1.772029,0.500025,-0.0,3.141523,0.2,-0.012874,0.19984,0.00052,camera_link,13.383334,gnm_closed_loop,,nominal,,True,ok,third_party/visualnav-transformer/model_weights/gnm/gnm.pth,13.35,0.3,-0.0129,0.8559,-0.011,9.18,,,gnm_closed_loop,0.2,-0.012874,normalized_stop_ab_20260708,G,baseline_no_stop,,,,,,,False,hospital_fresh_medium_G,2.772,True,0.3,-0.012874,0.2,-0.012874,True,armed,False,,True,shadow,results/bo_reviewer_packet/temporal_stop_head/22_temporal_stop_head_model.pt,0.107,0.0,False,0.5,,,2.7754,False,,,False
normcmp_G_baseline_20260708_153849,221,13.400001,1783521534.511494,1.768704,0.500025,-0.0,3.141522,0.2,-0.012874,0.19984,0.00052,camera_link,13.400001,gnm_closed_loop,,nominal,,True,ok,third_party/visualnav-transformer/model_weights/gnm/gnm.pth,13.35,0.3,-0.0129,0.8559,-0.011,9.18,,,gnm_closed_loop,0.2,-0.012874,normalized_stop_ab_20260708,G,baseline_no_stop,,,,,,,False,hospital_fresh_medium_G,2.7687,True,0.3,-0.012874,0.2,-0.012874,True,armed,False,,True,shadow,results/bo_reviewer_packet/temporal_stop_head/22_temporal_stop_head_model.pt,0.107,0.0,False,0.5,,,2.7754,False,,,False
normcmp_G_baseline_20260708_153849,222,13.416667,1783521534.540319,1.76538,0.500025,-0.0,3.141522,0.2,-0.013063,0.199822,0.000117,camera_link,13.416667,gnm_closed_loop,,nominal,,True,ok,third_party/visualnav-transformer/model_weights/gnm/gnm.pth,14.51,0.3,-0.0131,0.8533,-0.0111,9.17,,,gnm_closed_loop,0.2,-0.013063,normalized_stop_ab_20260708,G,baseline_no_stop,,,,,,,False,hospital_fresh_medium_G,2.7654,True,0.3,-0.013063,0.2,-0.013063,True,armed,False,,True,shadow,results/bo_reviewer_packet/temporal_stop_head/22_temporal_stop_head_model.pt,0.142,0.0,False,0.5,,,2.7654,False,,,False
normcmp_G_baseline_20260708_153849,223,13.433334,1783521534.542775,1.762055,0.500026,-0.0,3.141522,0.2,-0.013063,0.199822,0.000117,camera_link,13.433334,gnm_closed_loop,,nominal,,True,ok,third_party/visualnav-transformer/model_weights/gnm/gnm.pth,14.51,0.3,-0.0131,0.8533,-0.0111,9.17,,,gnm_closed_loop,0.2,-0.013063,normalized_stop_ab_20260708,G,baseline_no_stop,,,,,,,False,hospital_fresh_medium_G,2.7621,True,0.3,-0.013063,0.2,-0.013063,True,armed,False,,True,shadow,results/bo_reviewer_packet/temporal_stop_head/22_temporal_stop_head_model.pt,0.142,0.0,False,0.5,,,2.7654,False,,,False
normcmp_G_baseline_20260708_153849,224,13.450001,1783521534.545547,1.75873,0.500026,-0.0,3.141522,0.2,-0.013063,0.199822,0.000117,camera_link,13.450001,gnm_closed_loop,,nominal,,True,ok,third_party/visualnav-transformer/model_weights/gnm/gnm.pth,14.51,0.3,-0.0131,0.8533,-0.0111,9.17,,,gnm_closed_loop,0.2,-0.013063,normalized_stop_ab_20260708,G,baseline_no_stop,,,,,,,False,hospital_fresh_medium_G,2.7587,True,0.3,-0.013063,0.2,-0.013063,True,armed,False,,True,shadow,results/bo_reviewer_packet/temporal_stop_head/22_temporal_stop_head_model.pt,0.142,0.0,False,0.5,,,2.7654,False,,,False
normcmp_G_baseline_20260708_153849,225,13.466667,1783521534.572841,1.755407,0.500026,-0.0,3.141521,0.2,-0.013131,0.199827,4.2e-05,camera_link,13.466667,gnm_closed_loop,,nominal,,True,ok,third_party/visualnav-transformer/model_weights/gnm/gnm.pth,15.1,0.3,-0.0131,0.8527,-0.0112,9.06,,,gnm_closed_loop,0.2,-0.013131,normalized_stop_ab_20260708,G,baseline_no_stop,,,,,,,False,hospital_fresh_medium_G,2.7554,True,0.3,-0.013131,0.2,-0.013131,True,armed,False,,True,shadow,results/bo_reviewer_packet/temporal_stop_head/22_temporal_stop_head_model.pt,0.121,0.0,False,0.5,,,2.7554,False,,,False
normcmp_G_baseline_20260708_153849,226,13.483334,1783521534.575579,1.752082,0.500027,-0.0,3.141521,0.2,-0.013131,0.199827,4.2e-05,camera_link,13.483334,gnm_closed_loop,,nominal,,True,ok,third_party/visualnav-transformer/model_weights/gnm/gnm.pth,15.1,0.3,-0.0131,0.8527,-0.0112,9.06,,,gnm_closed_loop,0.2,-0.013131,normalized_stop_ab_20260708,G,baseline_no_stop,,,,,,,False,hospital_fresh_medium_G,2.7521,True,0.3,-0.013131,0.2,-0.013131,True,armed,False,,True,shadow,results/bo_reviewer_packet/temporal_stop_head/22_temporal_stop_head_model.pt,0.121,0.0,False,0.5,,,2.7554,False,,,False
normcmp_G_baseline_20260708_153849,227,13.500001,1783521534.577746,1.748758,0.500027,-0.0,3.141521,0.2,-0.013131,0.199827,4.2e-05,camera_link,13.500001,gnm_closed_loop,,nominal,,True,ok,third_party/visualnav-transformer/model_weights/gnm/gnm.pth,15.1,0.3,-0.0131,0.8527,-0.0112,9.06,,,gnm_closed_loop,0.2,-0.013131,normalized_stop_ab_20260708,G,baseline_no_stop,,,,,,,False,hospital_fresh_medium_G,2.7488,True,0.3,-0.013131,0.2,-0.013131,True,armed,False,,True,shadow,results/bo_reviewer_packet/temporal_stop_head/22_temporal_stop_head_model.pt,0.121,0.0,False,0.5,,,2.7554,False,,,False
normcmp_G_baseline_20260708_153849,228,13.516667,1783521534.610578,1.745433,0.500027,-0.0,3.14152,0.2,-0.013076,0.199835,0.000229,camera_link,13.516667,gnm_closed_loop,,nominal,,True,ok,third_party/visualnav-transformer/model_weights/gnm/gnm.pth,19.07,0.3,-0.0131,0.8514,-0.0111,9.02,,,gnm_closed_loop,0.2,-0.013076,normalized_stop_ab_20260708,G,baseline_no_stop,,,,,,,False,hospital_fresh_medium_G,2.7454,True,0.3,-0.013076,0.2,-0.013076,True,armed,False,,True,shadow,results/bo_reviewer_packet/temporal_stop_head/22_temporal_stop_head_model.pt,0.107,0.0,False,0.5,,,2.7454,False,,,False
normcmp_G_baseline_20260708_153849,229,13.533334,1783521534.612996,1.742109,0.500027,-0.0,3.14152,0.2,-0.013076,0.199835,0.000229,camera_link,13.533334,gnm_closed_loop,,nominal,,True,ok,third_party/visualnav-transformer/model_weights/gnm/gnm.pth,19.07,0.3,-0.0131,0.8514,-0.0111,9.02,,,gnm_closed_loop,0.2,-0.013076,normalized_stop_ab_20260708,G,baseline_no_stop,,,,,,,False,hospital_fresh_medium_G,2.7421,True,0.3,-0.013076,0.2,-0.013076,True,armed,False,,True,shadow,results/bo_reviewer_packet/temporal_stop_head/22_temporal_stop_head_model.pt,0.107,0.0,False,0.5,,,2.7454,False,,,False
normcmp_G_baseline_20260708_153849,230,13.550001,1783521534.615107,1.738784,0.500028,-0.0,3.14152,0.2,-0.013076,0.199835,0.000229,camera_link,13.550001,gnm_closed_loop,,nominal,,True,ok,third_party/visualnav-transformer/model_weights/gnm/gnm.pth,19.07,0.3,-0.0131,0.8514,-0.0111,9.02,,,gnm_closed_loop,0.2,-0.013076,normalized_stop_ab_20260708,G,baseline_no_stop,,,,,,,False,hospital_fresh_medium_G,2.7388,True,0.3,-0.013076,0.2,-0.013076,True,armed,False,,True,shadow,results/bo_reviewer_packet/temporal_stop_head/22_temporal_stop_head_model.pt,0.107,0.0,False,0.5,,,2.7454,False,,,False
normcmp_G_baseline_20260708_153849,231,13.566667,1783521534.641148,1.73546,0.500028,-0.0,3.141519,0.2,-0.013114,0.199828,0.000772,camera_link,13.566667,gnm_closed_loop,,nominal,,True,ok,third_party/visualnav-transformer/model_weights/gnm/gnm.pth,15.04,0.3,-0.0131,0.8556,-0.0112,8.98,,,gnm_closed_loop,0.2,-0.013114,normalized_stop_ab_20260708,G,baseline_no_stop,,,,,,,False,hospital_fresh_medium_G,2.7355,True,0.3,-0.013114,0.2,-0.013114,True,armed,False,,True,shadow,results/bo_reviewer_packet/temporal_stop_head/22_temporal_stop_head_model.pt,0.129,0.0,False,0.5,,,2.7355,False,,,False
normcmp_G_baseline_20260708_153849,232,13.583334,1783521534.643508,1.732136,0.500028,-0.0,3.141519,0.2,-0.013114,0.199828,0.000772,camera_link,13.583334,gnm_closed_loop,,nominal,,True,ok,third_party/visualnav-transformer/model_weights/gnm/gnm.pth,15.04,0.3,-0.0131,0.8556,-0.0112,8.98,,,gnm_closed_loop,0.2,-0.013114,normalized_stop_ab_20260708,G,baseline_no_stop,,,,,,,False,hospital_fresh_medium_G,2.7321,True,0.3,-0.013114,0.2,-0.013114,True,armed,False,,True,shadow,results/bo_reviewer_packet/temporal_stop_head/22_temporal_stop_head_model.pt,0.129,0.0,False,0.5,,,2.7355,False,,,False
normcmp_G_baseline_20260708_153849,233,13.600001,1783521534.64653,1.728811,0.500029,-0.0,3.141519,0.2,-0.013114,0.199828,0.000772,camera_link,13.600001,gnm_closed_loop,,nominal,,True,ok,third_party/visualnav-transformer/model_weights/gnm/gnm.pth,15.04,0.3,-0.0131,0.8556,-0.0112,8.98,,,gnm_closed_loop,0.2,-0.013114,normalized_stop_ab_20260708,G,baseline_no_stop,,,,,,,False,hospital_fresh_medium_G,2.7288,True,0.3,-0.013114,0.2,-0.013114,True,armed,False,,True,shadow,results/bo_reviewer_packet/temporal_stop_head/22_temporal_stop_head_model.pt,0.129,0.0,False,0.5,,,2.7355,False,,,False
normcmp_G_baseline_20260708_153849,234,13.616667,1783521534.670514,1.725486,0.500029,-0.0,3.141518,0.2,-0.012845,0.199834,0.000584,camera_link,13.616667,gnm_closed_loop,,nominal,,True,ok,third_party/visualnav-transformer/model_weights/gnm/gnm.pth,13.08,0.3,-0.0128,0.8617,-0.0111,8.97,,,gnm_closed_loop,0.2,-0.012845,normalized_stop_ab_20260708,G,baseline_no_stop,,,,,,,False,hospital_fresh_medium_G,2.7255,True,0.3,-0.012845,0.2,-0.012845,True,armed,False,,True,shadow,results/bo_reviewer_packet/temporal_stop_head/22_temporal_stop_head_model.pt,0.12,0.0,False,0.5,,,2.7255,False,,,False
normcmp_G_baseline_20260708_153849,235,13.633334,1783521534.672687,1.722162,0.500029,-0.0,3.141518,0.2,-0.012845,0.199834,0.000584,camera_link,13.633334,gnm_closed_loop,,nominal,,True,ok,third_party/visualnav-transformer/model_weights/gnm/gnm.pth,13.08,0.3,-0.0128,0.8617,-0.0111,8.97,,,gnm_closed_loop,0.2,-0.012845,normalized_stop_ab_20260708,G,baseline_no_stop,,,,,,,False,hospital_fresh_medium_G,2.7222,True,0.3,-0.012845,0.2,-0.012845,True,armed,False,,True,shadow,results/bo_reviewer_packet/temporal_stop_head/22_temporal_stop_head_model.pt,0.12,0.0,False,0.5,,,2.7255,False,,,False
normcmp_G_baseline_20260708_153849,236,13.650001,1783521534.674548,1.718838,0.500029,-0.0,3.141518,0.2,-0.012845,0.199834,0.000584,camera_link,13.650001,gnm_closed_loop,,nominal,,True,ok,third_party/visualnav-transformer/model_weights/gnm/gnm.pth,13.08,0.3,-0.0128,0.8617,-0.0111,8.97,,,gnm_closed_loop,0.2,-0.012845,normalized_stop_ab_20260708,G,baseline_no_stop,,,,,,,False,hospital_fresh_medium_G,2.7188,True,0.3,-0.012845,0.2,-0.012845,True,armed,False,,True,shadow,results/bo_reviewer_packet/temporal_stop_head/22_temporal_stop_head_model.pt,0.12,0.0,False,0.5,,,2.7255,False,,,False
normcmp_G_baseline_20260708_153849,237,13.666667,1783521534.699877,1.715513,0.500029,-0.0,3.141517,0.2,-0.012417,0.199844,7.1e-05,camera_link,13.666667,gnm_closed_loop,,nominal,,True,ok,third_party/visualnav-transformer/model_weights/gnm/gnm.pth,13.46,0.3,-0.0124,0.8702,-0.0108,8.95,,,gnm_closed_loop,0.2,-0.012417,normalized_stop_ab_20260708,G,baseline_no_stop,,,,,,,False,hospital_fresh_medium_G,2.7155,True,0.3,-0.012417,0.2,-0.012417,True,armed,False,,True,shadow,results/bo_reviewer_packet/temporal_stop_head/22_temporal_stop_head_model.pt,0.125,0.0,False,0.5,,,2.7155,False,,,False
normcmp_G_baseline_20260708_153849,238,13.683334,1783521534.702088,1.712189,0.50003,-0.0,3.141517,0.2,-0.012417,0.199844,7.1e-05,camera_link,13.683334,gnm_closed_loop,,nominal,,True,ok,third_party/visualnav-transformer/model_weights/gnm/gnm.pth,13.46,0.3,-0.0124,0.8702,-0.0108,8.95,,,gnm_closed_loop,0.2,-0.012417,normalized_stop_ab_20260708,G,baseline_no_stop,,,,,,,False,hospital_fresh_medium_G,2.7122,True,0.3,-0.012417,0.2,-0.012417,True,armed,False,,True,shadow,results/bo_reviewer_packet/temporal_stop_head/22_temporal_stop_head_model.pt,0.125,0.0,False,0.5,,,2.7155,False,,,False
normcmp_G_baseline_20260708_153849,239,13.700001,1783521534.703953,1.708864,0.50003,-0.0,3.141516,0.2,-0.012417,0.199844,7.1e-05,camera_link,13.700001,gnm_closed_loop,,nominal,,True,ok,third_party/visualnav-transformer/model_weights/gnm/gnm.pth,13.46,0.3,-0.0124,0.8702,-0.0108,8.95,,,gnm_closed_loop,0.2,-0.012417,normalized_stop_ab_20260708,G,baseline_no_stop,,,,,,,False,hospital_fresh_medium_G,2.7089,True,0.3,-0.012417,0.2,-0.012417,True,armed,False,,True,shadow,results/bo_reviewer_packet/temporal_stop_head/22_temporal_stop_head_model.pt,0.125,0.0,False,0.5,,,2.7155,False,,,False
normcmp_G_baseline_20260708_153849,240,13.716667,1783521534.727773,1.70554,0.50003,-0.0,3.141516,0.2,-0.012047,0.199818,0.000929,camera_link,13.716667,gnm_closed_loop,,nominal,,True,ok,third_party/visualnav-transformer/model_weights/gnm/gnm.pth,13.7,0.3,-0.012,0.8764,-0.0106,8.9,,,gnm_closed_loop,0.2,-0.012047,normalized_stop_ab_20260708,G,baseline_no_stop,,,,,,,False,hospital_fresh_medium_G,2.7055,True,0.3,-0.012047,0.2,-0.012047,True,armed,False,,True,shadow,results/bo_reviewer_packet/temporal_stop_head/22_temporal_stop_head_model.pt,0.117,0.0,False,0.5,,,2.7055,False,,,False
normcmp_G_baseline_20260708_153849,241,13.733334,1783521534.730096,1.702216,0.50003,-0.0,3.141516,0.2,-0.012047,0.199818,0.000929,camera_link,13.733334,gnm_closed_loop,,nominal,,True,ok,third_party/visualnav-transformer/model_weights/gnm/gnm.pth,13.7,0.3,-0.012,0.8764,-0.0106,8.9,,,gnm_closed_loop,0.2,-0.012047,normalized_stop_ab_20260708,G,baseline_no_stop,,,,,,,False,hospital_fresh_medium_G,2.7022,True,0.3,-0.012047,0.2,-0.012047,True,armed,False,,True,shadow,results/bo_reviewer_packet/temporal_stop_head/22_temporal_stop_head_model.pt,0.117,0.0,False,0.5,,,2.7055,False,,,False
normcmp_G_baseline_20260708_153849,242,13.750001,1783521534.732466,1.698891,0.500031,-0.0,3.141515,0.2,-0.012047,0.199818,0.000929,camera_link,13.750001,gnm_closed_loop,,nominal,,True,ok,third_party/visualnav-transformer/model_weights/gnm/gnm.pth,13.7,0.3,-0.012,0.8764,-0.0106,8.9,,,gnm_closed_loop,0.2,-0.012047,normalized_stop_ab_20260708,G,baseline_no_stop,,,,,,,False,hospital_fresh_medium_G,2.6989,True,0.3,-0.012047,0.2,-0.012047,True,armed,False,,True,shadow,results/bo_reviewer_packet/temporal_stop_head/22_temporal_stop_head_model.pt,0.117,0.0,False,0.5,,,2.7055,False,,,False
normcmp_G_baseline_20260708_153849,243,13.766667,1783521534.767447,1.695568,0.500031,-0.0,3.141515,0.2,-0.011871,0.199814,0.000734,camera_link,13.766667,gnm_closed_loop,,nominal,,True,ok,third_party/visualnav-transformer/model_weights/gnm/gnm.pth,22.02,0.3,-0.0119,0.8791,-0.0104,8.89,,,gnm_closed_loop,0.2,-0.011871,normalized_stop_ab_20260708,G,baseline_no_stop,,,,,,,False,hospital_fresh_medium_G,2.6956,True,0.3,-0.011871,0.2,-0.011871,True,armed,False,,True,shadow,results/bo_reviewer_packet/temporal_stop_head/22_temporal_stop_head_model.pt,0.134,0.0,False,0.5,,,2.6956,False,,,False
normcmp_G_baseline_20260708_153849,244,13.783334,1783521534.770836,1.692243,0.500031,-0.0,3.141515,0.2,-0.011871,0.199814,0.000734,camera_link,13.783334,gnm_closed_loop,,nominal,,True,ok,third_party/visualnav-transformer/model_weights/gnm/gnm.pth,22.02,0.3,-0.0119,0.8791,-0.0104,8.89,,,gnm_closed_loop,0.2,-0.011871,normalized_stop_ab_20260708,G,baseline_no_stop,,,,,,,False,hospital_fresh_medium_G,2.6922,True,0.3,-0.011871,0.2,-0.011871,True,armed,False,,True,shadow,results/bo_reviewer_packet/temporal_stop_head/22_temporal_stop_head_model.pt,0.134,0.0,False,0.5,,,2.6956,False,,,False
normcmp_G_baseline_20260708_153849,245,13.800001,1783521534.77329,1.688919,0.500032,-0.0,3.141514,0.2,-0.011871,0.199814,0.000734,camera_link,13.800001,gnm_closed_loop,,nominal,,True,ok,third_party/visualnav-transformer/model_weights/gnm/gnm.pth,22.02,0.3,-0.0119,0.8791,-0.0104,8.89,,,gnm_closed_loop,0.2,-0.011871,normalized_stop_ab_20260708,G,baseline_no_stop,,,,,,,False,hospital_fresh_medium_G,2.6889,True,0.3,-0.011871,0.2,-0.011871,True,armed,False,,True,shadow,results/bo_reviewer_packet/temporal_stop_head/22_temporal_stop_head_model.pt,0.134,0.0,False,0.5,,,2.6956,False,,,False
normcmp_G_baseline_20260708_153849,246,13.816667,1783521534.797876,1.685594,0.500032,-0.0,3.141514,0.2,-0.011582,0.199806,0.000349,camera_link,13.816667,gnm_closed_loop,,nominal,,True,ok,third_party/visualnav-transformer/model_weights/gnm/gnm.pth,12.89,0.3,-0.0116,0.8826,-0.0102,8.88,,,gnm_closed_loop,0.2,-0.011582,normalized_stop_ab_20260708,G,baseline_no_stop,,,,,,,False,hospital_fresh_medium_G,2.6856,True,0.3,-0.011582,0.2,-0.011582,True,armed,False,,True,shadow,results/bo_reviewer_packet/temporal_stop_head/22_temporal_stop_head_model.pt,0.104,0.0,False,0.5,,,2.6856,False,,,False
normcmp_G_baseline_20260708_153849,247,13.833334,1783521534.800205,1.682269,0.500032,-0.0,3.141514,0.2,-0.011582,0.199806,0.000349,camera_link,13.833334,gnm_closed_loop,,nominal,,True,ok,third_party/visualnav-transformer/model_weights/gnm/gnm.pth,12.89,0.3,-0.0116,0.8826,-0.0102,8.88,,,gnm_closed_loop,0.2,-0.011582,normalized_stop_ab_20260708,G,baseline_no_stop,,,,,,,False,hospital_fresh_medium_G,2.6823,True,0.3,-0.011582,0.2,-0.011582,True,armed,False,,True,shadow,results/bo_reviewer_packet/temporal_stop_head/22_temporal_stop_head_model.pt,0.104,0.0,False,0.5,,,2.6856,False,,,False
normcmp_G_baseline_20260708_153849,248,13.850001,1783521534.802044,1.678946,0.500032,-0.0,3.141513,0.2,-0.011582,0.199806,0.000349,camera_link,13.850001,gnm_closed_loop,,nominal,,True,ok,third_party/visualnav-transformer/model_weights/gnm/gnm.pth,12.89,0.3,-0.0116,0.8826,-0.0102,8.88,,,gnm_closed_loop,0.2,-0.011582,normalized_stop_ab_20260708,G,baseline_no_stop,,,,,,,False,hospital_fresh_medium_G,2.6789,True,0.3,-0.011582,0.2,-0.011582,True,armed,False,,True,shadow,results/bo_reviewer_packet/temporal_stop_head/22_temporal_stop_head_model.pt,0.104,0.0,False,0.5,,,2.6856,False,,,False
normcmp_G_baseline_20260708_153849,249,13.866667,1783521534.824709,1.675621,0.500033,-0.0,3.141513,0.2,-0.011344,0.199843,0.000492,camera_link,13.866667,gnm_closed_loop,,nominal,,True,ok,third_party/visualnav-transformer/model_weights/gnm/gnm.pth,12.88,0.3,-0.0113,0.8865,-0.0101,8.86,,,gnm_closed_loop,0.2,-0.011344,normalized_stop_ab_20260708,G,baseline_no_stop,,,,,,,False,hospital_fresh_medium_G,2.6756,True,0.3,-0.011344,0.2,-0.011344,True,armed,False,,True,shadow,results/bo_reviewer_packet/temporal_stop_head/22_temporal_stop_head_model.pt,0.111,0.0,False,0.5,,,2.6756,False,,,False
normcmp_G_baseline_20260708_153849,250,13.883334,1783521534.827253,1.672296,0.500033,-0.0,3.141513,0.2,-0.011344,0.199843,0.000492,camera_link,13.883334,gnm_closed_loop,,nominal,,True,ok,third_party/visualnav-transformer/model_weights/gnm/gnm.pth,12.88,0.3,-0.0113,0.8865,-0.0101,8.86,,,gnm_closed_loop,0.2,-0.011344,normalized_stop_ab_20260708,G,baseline_no_stop,,,,,,,False,hospital_fresh_medium_G,2.6723,True,0.3,-0.011344,0.2,-0.011344,True,armed,False,,True,shadow,results/bo_reviewer_packet/temporal_stop_head/22_temporal_stop_head_model.pt,0.111,0.0,False,0.5,,,2.6756,False,,,False
normcmp_G_baseline_20260708_153849,251,13.900001,1783521534.829937,1.668972,0.500033,-0.0,3.141513,0.2,-0.011344,0.199843,0.000492,camera_link,13.900001,gnm_closed_loop,,nominal,,True,ok,third_party/visualnav-transformer/model_weights/gnm/gnm.pth,12.88,0.3,-0.0113,0.8865,-0.0101,8.86,,,gnm_closed_loop,0.2,-0.011344,normalized_stop_ab_20260708,G,baseline_no_stop,,,,,,,False,hospital_fresh_medium_G,2.669,True,0.3,-0.011344,0.2,-0.011344,True,armed,False,,True,shadow,results/bo_reviewer_packet/temporal_stop_head/22_temporal_stop_head_model.pt,0.111,0.0,False,0.5,,,2.6756,False,,,False
normcmp_G_baseline_20260708_153849,252,13.916667,1783521534.853611,1.665647,0.500034,-0.0,3.141512,0.2,-0.011202,0.199818,0.000457,camera_link,13.916667,gnm_closed_loop,,nominal,,True,ok,third_party/visualnav-transformer/model_weights/gnm/gnm.pth,12.83,0.3,-0.0112,0.8897,-0.01,8.83,,,gnm_closed_loop,0.2,-0.011202,normalized_stop_ab_20260708,G,baseline_no_stop,,,,,,,False,hospital_fresh_medium_G,2.6656,True,0.3,-0.011202,0.2,-0.011202,True,armed,False,,True,shadow,results/bo_reviewer_packet/temporal_stop_head/22_temporal_stop_head_model.pt,0.138,0.0,False,0.5,,,2.6656,False,,,False
normcmp_G_baseline_20260708_153849,253,13.933334,1783521534.856042,1.662323,0.500034,-0.0,3.141512,0.2,-0.011202,0.199818,0.000457,camera_link,13.933334,gnm_closed_loop,,nominal,,True,ok,third_party/visualnav-transformer/model_weights/gnm/gnm.pth,12.83,0.3,-0.0112,0.8897,-0.01,8.83,,,gnm_closed_loop,0.2,-0.011202,normalized_stop_ab_20260708,G,baseline_no_stop,,,,,,,False,hospital_fresh_medium_G,2.6623,True,0.3,-0.011202,0.2,-0.011202,True,armed,False,,True,shadow,results/bo_reviewer_packet/temporal_stop_head/22_temporal_stop_head_model.pt,0.138,0.0,False,0.5,,,2.6656,False,,,False
normcmp_G_baseline_20260708_153849,254,13.950001,1783521534.858065,1.658998,0.500034,-0.0,3.141512,0.2,-0.011202,0.199818,0.000457,camera_link,13.950001,gnm_closed_loop,,nominal,,True,ok,third_party/visualnav-transformer/model_weights/gnm/gnm.pth,12.83,0.3,-0.0112,0.8897,-0.01,8.83,,,gnm_closed_loop,0.2,-0.011202,normalized_stop_ab_20260708,G,baseline_no_stop,,,,,,,False,hospital_fresh_medium_G,2.659,True,0.3,-0.011202,0.2,-0.011202,True,armed,False,,True,shadow,results/bo_reviewer_packet/temporal_stop_head/22_temporal_stop_head_model.pt,0.138,0.0,False,0.5,,,2.6656,False,,,False
normcmp_G_baseline_20260708_153849,255,13.966667,1783521534.882308,1.655674,0.500035,-0.0,3.141512,0.2,-0.010878,0.199815,0.000683,camera_link,13.966667,gnm_closed_loop,,nominal,,True,ok,third_party/visualnav-transformer/model_weights/gnm/gnm.pth,13.52,0.3,-0.0109,0.8924,-0.0097,8.75,,,gnm_closed_loop,0.2,-0.010878,normalized_stop_ab_20260708,G,baseline_no_stop,,,,,,,False,hospital_fresh_medium_G,2.6557,True,0.3,-0.010878,0.2,-0.010878,True,armed,False,,True,shadow,results/bo_reviewer_packet/temporal_stop_head/22_temporal_stop_head_model.pt,0.108,0.0,False,0.5,,,2.6557,False,,,False
normcmp_G_baseline_20260708_153849,256,13.983334,1783521534.884612,1.652349,0.500035,-0.0,3.141511,0.2,-0.010878,0.199815,0.000683,camera_link,13.983334,gnm_closed_loop,,nominal,,True,ok,third_party/visualnav-transformer/model_weights/gnm/gnm.pth,13.52,0.3,-0.0109,0.8924,-0.0097,8.75,,,gnm_closed_loop,0.2,-0.010878,normalized_stop_ab_20260708,G,baseline_no_stop,,,,,,,False,hospital_fresh_medium_G,2.6523,True,0.3,-0.010878,0.2,-0.010878,True,armed,False,,True,shadow,results/bo_reviewer_packet/temporal_stop_head/22_temporal_stop_head_model.pt,0.108,0.0,False,0.5,,,2.6557,False,,,False
normcmp_G_baseline_20260708_153849,257,14.000001,1783521534.886648,1.649025,0.500035,-0.0,3.141511,0.2,-0.010878,0.199815,0.000683,camera_link,14.000001,gnm_closed_loop,,nominal,,True,ok,third_party/visualnav-transformer/model_weights/gnm/gnm.pth,13.52,0.3,-0.0109,0.8924,-0.0097,8.75,,,gnm_closed_loop,0.2,-0.010878,normalized_stop_ab_20260708,G,baseline_no_stop,,,,,,,False,hospital_fresh_medium_G,2.649,True,0.3,-0.010878,0.2,-0.010878,True,armed,False,,True,shadow,results/bo_reviewer_packet/temporal_stop_head/22_temporal_stop_head_model.pt,0.108,0.0,False,0.5,,,2.6557,False,,,False
normcmp_G_baseline_20260708_153849,258,14.016667,1783521534.909744,1.645701,0.500035,-0.0,3.14151,0.2,-0.010869,0.199812,0.001071,camera_link,14.016667,gnm_closed_loop,,nominal,,True,ok,third_party/visualnav-transformer/model_weights/gnm/gnm.pth,12.85,0.3,-0.0109,0.8935,-0.0097,8.66,,,gnm_closed_loop,0.2,-0.010869,normalized_stop_ab_20260708,G,baseline_no_stop,,,,,,,False,hospital_fresh_medium_G,2.6457,True,0.3,-0.010869,0.2,-0.010869,True,armed,False,,True,shadow,results/bo_reviewer_packet/temporal_stop_head/22_temporal_stop_head_model.pt,0.122,0.0,False,0.5,,,2.6457,False,,,False
normcmp_G_baseline_20260708_153849,259,14.033334,1783521534.911953,1.642377,0.500035,-0.0,3.14151,0.2,-0.010869,0.199812,0.001071,camera_link,14.033334,gnm_closed_loop,,nominal,,True,ok,third_party/visualnav-transformer/model_weights/gnm/gnm.pth,12.85,0.3,-0.0109,0.8935,-0.0097,8.66,,,gnm_closed_loop,0.2,-0.010869,normalized_stop_ab_20260708,G,baseline_no_stop,,,,,,,False,hospital_fresh_medium_G,2.6424,True,0.3,-0.010869,0.2,-0.010869,True,armed,False,,True,shadow,results/bo_reviewer_packet/temporal_stop_head/22_temporal_stop_head_model.pt,0.122,0.0,False,0.5,,,2.6457,False,,,False
normcmp_G_baseline_20260708_153849,260,14.050001,1783521534.913837,1.639052,0.500036,-0.0,3.14151,0.2,-0.010869,0.199812,0.001071,camera_link,14.050001,gnm_closed_loop,,nominal,,True,ok,third_party/visualnav-transformer/model_weights/gnm/gnm.pth,12.85,0.3,-0.0109,0.8935,-0.0097,8.66,,,gnm_closed_loop,0.2,-0.010869,normalized_stop_ab_20260708,G,baseline_no_stop,,,,,,,False,hospital_fresh_medium_G,2.6391,True,0.3,-0.010869,0.2,-0.010869,True,armed,False,,True,shadow,results/bo_reviewer_packet/temporal_stop_head/22_temporal_stop_head_model.pt,0.122,0.0,False,0.5,,,2.6457,False,,,False
normcmp_G_baseline_20260708_153849,261,14.066667,1783521534.93827,1.635728,0.500036,-0.0,3.141509,0.2,-0.0109,0.199813,0.000632,camera_link,14.066667,gnm_closed_loop,,nominal,,True,ok,third_party/visualnav-transformer/model_weights/gnm/gnm.pth,12.94,0.3,-0.0109,0.8917,-0.0097,8.6,,,gnm_closed_loop,0.2,-0.0109,normalized_stop_ab_20260708,G,baseline_no_stop,,,,,,,False,hospital_fresh_medium_G,2.6357,True,0.3,-0.0109,0.2,-0.0109,True,armed,False,,True,shadow,results/bo_reviewer_packet/temporal_stop_head/22_temporal_stop_head_model.pt,0.133,0.0,False,0.5,,,2.6357,False,,,False
normcmp_G_baseline_20260708_153849,262,14.083334,1783521534.941803,1.632403,0.500037,-0.0,3.141509,0.2,-0.0109,0.199813,0.000632,camera_link,14.083334,gnm_closed_loop,,nominal,,True,ok,third_party/visualnav-transformer/model_weights/gnm/gnm.pth,12.94,0.3,-0.0109,0.8917,-0.0097,8.6,,,gnm_closed_loop,0.2,-0.0109,normalized_stop_ab_20260708,G,baseline_no_stop,,,,,,,False,hospital_fresh_medium_G,2.6324,True,0.3,-0.0109,0.2,-0.0109,True,armed,False,,True,shadow,results/bo_reviewer_packet/temporal_stop_head/22_temporal_stop_head_model.pt,0.133,0.0,False,0.5,,,2.6357,False,,,False
normcmp_G_baseline_20260708_153849,263,14.100001,1783521534.943776,1.629079,0.500037,-0.0,3.141509,0.2,-0.0109,0.199813,0.000632,camera_link,14.100001,gnm_closed_loop,,nominal,,True,ok,third_party/visualnav-transformer/model_weights/gnm/gnm.pth,12.94,0.3,-0.0109,0.8917,-0.0097,8.6,,,gnm_closed_loop,0.2,-0.0109,normalized_stop_ab_20260708,G,baseline_no_stop,,,,,,,False,hospital_fresh_medium_G,2.6291,True,0.3,-0.0109,0.2,-0.0109,True,armed,False,,True,shadow,results/bo_reviewer_packet/temporal_stop_head/22_temporal_stop_head_model.pt,0.133,0.0,False,0.5,,,2.6357,False,,,False
normcmp_G_baseline_20260708_153849,264,14.116667,1783521534.966608,1.625754,0.500037,-0.0,3.141508,0.2,-0.010824,0.199825,0.000476,camera_link,14.116667,gnm_closed_loop,,nominal,,True,ok,third_party/visualnav-transformer/model_weights/gnm/gnm.pth,13.06,0.3,-0.0108,0.8883,-0.0096,8.54,,,gnm_closed_loop,0.2,-0.010824,normalized_stop_ab_20260708,G,baseline_no_stop,,,,,,,False,hospital_fresh_medium_G,2.6258,True,0.3,-0.010824,0.2,-0.010824,True,armed,False,,True,shadow,results/bo_reviewer_packet/temporal_stop_head/22_temporal_stop_head_model.pt,0.114,0.0,False,0.5,,,2.6258,False,,,False
normcmp_G_baseline_20260708_153849,265,14.133334,1783521534.968885,1.62243,0.500038,-0.0,3.141508,0.2,-0.010824,0.199825,0.000476,camera_link,14.133334,gnm_closed_loop,,nominal,,True,ok,third_party/visualnav-transformer/model_weights/gnm/gnm.pth,13.06,0.3,-0.0108,0.8883,-0.0096,8.54,,,gnm_closed_loop,0.2,-0.010824,normalized_stop_ab_20260708,G,baseline_no_stop,,,,,,,False,hospital_fresh_medium_G,2.6224,True,0.3,-0.010824,0.2,-0.010824,True,armed,False,,True,shadow,results/bo_reviewer_packet/temporal_stop_head/22_temporal_stop_head_model.pt,0.114,0.0,False,0.5,,,2.6258,False,,,False
normcmp_G_baseline_20260708_153849,266,14.150001,1783521534.971915,1.619105,0.500038,-0.0,3.141508,0.2,-0.010824,0.199825,0.000476,camera_link,14.150001,gnm_closed_loop,,nominal,,True,ok,third_party/visualnav-transformer/model_weights/gnm/gnm.pth,13.06,0.3,-0.0108,0.8883,-0.0096,8.54,,,gnm_closed_loop,0.2,-0.010824,normalized_stop_ab_20260708,G,baseline_no_stop,,,,,,,False,hospital_fresh_medium_G,2.6191,True,0.3,-0.010824,0.2,-0.010824,True,armed,False,,True,shadow,results/bo_reviewer_packet/temporal_stop_head/22_temporal_stop_head_model.pt,0.114,0.0,False,0.5,,,2.6258,False,,,False
normcmp_G_baseline_20260708_153849,267,14.166667,1783521535.004155,1.615781,0.500038,-0.0,3.141508,0.2,-0.011008,0.199825,0.000496,camera_link,14.166667,gnm_closed_loop,,nominal,,True,ok,third_party/visualnav-transformer/model_weights/gnm/gnm.pth,17.05,0.3,-0.011,0.8777,-0.0097,8.53,,,gnm_closed_loop,0.2,-0.011008,normalized_stop_ab_20260708,G,baseline_no_stop,,,,,,,False,hospital_fresh_medium_G,2.6158,True,0.3,-0.011008,0.2,-0.011008,True,armed,False,,True,shadow,results/bo_reviewer_packet/temporal_stop_head/22_temporal_stop_head_model.pt,0.128,0.0,False,0.5,,,2.6158,False,,,False
normcmp_G_baseline_20260708_153849,268,14.183334,1783521535.006638,1.612456,0.500039,-0.0,3.141507,0.2,-0.011008,0.199825,0.000496,camera_link,14.183334,gnm_closed_loop,,nominal,,True,ok,third_party/visualnav-transformer/model_weights/gnm/gnm.pth,17.05,0.3,-0.011,0.8777,-0.0097,8.53,,,gnm_closed_loop,0.2,-0.011008,normalized_stop_ab_20260708,G,baseline_no_stop,,,,,,,False,hospital_fresh_medium_G,2.6125,True,0.3,-0.011008,0.2,-0.011008,True,armed,False,,True,shadow,results/bo_reviewer_packet/temporal_stop_head/22_temporal_stop_head_model.pt,0.128,0.0,False,0.5,,,2.6158,False,,,False
normcmp_G_baseline_20260708_153849,269,14.200001,1783521535.008586,1.609131,0.500039,-0.0,3.141507,0.2,-0.011008,0.199825,0.000496,camera_link,14.200001,gnm_closed_loop,,nominal,,True,ok,third_party/visualnav-transformer/model_weights/gnm/gnm.pth,17.05,0.3,-0.011,0.8777,-0.0097,8.53,,,gnm_closed_loop,0.2,-0.011008,normalized_stop_ab_20260708,G,baseline_no_stop,,,,,,,False,hospital_fresh_medium_G,2.6091,True,0.3,-0.011008,0.2,-0.011008,True,armed,False,,True,shadow,results/bo_reviewer_packet/temporal_stop_head/22_temporal_stop_head_model.pt,0.128,0.0,False,0.5,,,2.6158,False,,,False
normcmp_G_baseline_20260708_153849,270,14.216667,1783521535.03299,1.605807,0.500039,-0.0,3.141508,0.2,-0.011503,0.199817,1.6e-05,camera_link,14.216667,gnm_closed_loop,,nominal,,True,ok,third_party/visualnav-transformer/model_weights/gnm/gnm.pth,12.89,0.3,-0.0115,0.8653,-0.01,8.53,,,gnm_closed_loop,0.2,-0.011503,normalized_stop_ab_20260708,G,baseline_no_stop,,,,,,,False,hospital_fresh_medium_G,2.6058,True,0.3,-0.011503,0.2,-0.011503,True,armed,False,,True,shadow,results/bo_reviewer_packet/temporal_stop_head/22_temporal_stop_head_model.pt,0.111,0.0,False,0.5,,,2.6058,False,,,False
normcmp_G_baseline_20260708_153849,271,14.233334,1783521535.035355,1.602483,0.500039,-0.0,3.141507,0.2,-0.011503,0.199817,1.6e-05,camera_link,14.233334,gnm_closed_loop,,nominal,,True,ok,third_party/visualnav-transformer/model_weights/gnm/gnm.pth,12.89,0.3,-0.0115,0.8653,-0.01,8.53,,,gnm_closed_loop,0.2,-0.011503,normalized_stop_ab_20260708,G,baseline_no_stop,,,,,,,False,hospital_fresh_medium_G,2.6025,True,0.3,-0.011503,0.2,-0.011503,True,armed,False,,True,shadow,results/bo_reviewer_packet/temporal_stop_head/22_temporal_stop_head_model.pt,0.111,0.0,False,0.5,,,2.6058,False,,,False
normcmp_G_baseline_20260708_153849,272,14.250001,1783521535.038462,1.599159,0.50004,-0.0,3.141507,0.2,-0.011503,0.199817,1.6e-05,camera_link,14.250001,gnm_closed_loop,,nominal,,True,ok,third_party/visualnav-transformer/model_weights/gnm/gnm.pth,12.89,0.3,-0.0115,0.8653,-0.01,8.53,,,gnm_closed_loop,0.2,-0.011503,normalized_stop_ab_20260708,G,baseline_no_stop,,,,,,,False,hospital_fresh_medium_G,2.5992,True,0.3,-0.011503,0.2,-0.011503,True,armed,False,,True,shadow,results/bo_reviewer_packet/temporal_stop_head/22_temporal_stop_head_model.pt,0.111,0.0,False,0.5,,,2.6058,False,,,False
normcmp_G_baseline_20260708_153849,273,14.266667,1783521535.067499,1.595834,0.50004,-0.0,3.141506,0.2,-0.012044,0.199819,0.000454,camera_link,14.266667,gnm_closed_loop,,nominal,,True,ok,third_party/visualnav-transformer/model_weights/gnm/gnm.pth,16.13,0.3,-0.012,0.8551,-0.0103,8.57,,,gnm_closed_loop,0.2,-0.012044,normalized_stop_ab_20260708,G,baseline_no_stop,,,,,,,False,hospital_fresh_medium_G,2.5958,True,0.3,-0.012044,0.2,-0.012044,True,armed,False,,True,shadow,results/bo_reviewer_packet/temporal_stop_head/22_temporal_stop_head_model.pt,0.124,0.0,False,0.5,,,2.5958,False,,,False
normcmp_G_baseline_20260708_153849,274,14.283334,1783521535.07013,1.59251,0.50004,-0.0,3.141506,0.2,-0.012044,0.199819,0.000454,camera_link,14.283334,gnm_closed_loop,,nominal,,True,ok,third_party/visualnav-transformer/model_weights/gnm/gnm.pth,16.13,0.3,-0.012,0.8551,-0.0103,8.57,,,gnm_closed_loop,0.2,-0.012044,normalized_stop_ab_20260708,G,baseline_no_stop,,,,,,,False,hospital_fresh_medium_G,2.5925,True,0.3,-0.012044,0.2,-0.012044,True,armed,False,,True,shadow,results/bo_reviewer_packet/temporal_stop_head/22_temporal_stop_head_model.pt,0.124,0.0,False,0.5,,,2.5958,False,,,False
normcmp_G_baseline_20260708_153849,275,14.300001,1783521535.072951,1.589185,0.500041,-0.0,3.141506,0.2,-0.012044,0.199819,0.000454,camera_link,14.300001,gnm_closed_loop,,nominal,,True,ok,third_party/visualnav-transformer/model_weights/gnm/gnm.pth,16.13,0.3,-0.012,0.8551,-0.0103,8.57,,,gnm_closed_loop,0.2,-0.012044,normalized_stop_ab_20260708,G,baseline_no_stop,,,,,,,False,hospital_fresh_medium_G,2.5892,True,0.3,-0.012044,0.2,-0.012044,True,armed,False,,True,shadow,results/bo_reviewer_packet/temporal_stop_head/22_temporal_stop_head_model.pt,0.124,0.0,False,0.5,,,2.5958,False,,,False
normcmp_G_baseline_20260708_153849,276,14.316667,1783521535.096132,1.585861,0.500041,-0.0,3.141505,0.2,-0.012179,0.199817,0.001464,camera_link,14.316667,gnm_closed_loop,,nominal,,True,ok,third_party/visualnav-transformer/model_weights/gnm/gnm.pth,13.11,0.3,-0.0122,0.8511,-0.0104,8.53,,,gnm_closed_loop,0.2,-0.012179,normalized_stop_ab_20260708,G,baseline_no_stop,,,,,,,False,hospital_fresh_medium_G,2.5859,True,0.3,-0.012179,0.2,-0.012179,True,armed,False,,True,shadow,results/bo_reviewer_packet/temporal_stop_head/22_temporal_stop_head_model.pt,0.13,0.0,False,0.5,,,2.5859,False,,,False
normcmp_G_baseline_20260708_153849,277,14.333334,1783521535.098533,1.582536,0.500041,-0.0,3.141505,0.2,-0.012179,0.199817,0.001464,camera_link,14.333334,gnm_closed_loop,,nominal,,True,ok,third_party/visualnav-transformer/model_weights/gnm/gnm.pth,13.11,0.3,-0.0122,0.8511,-0.0104,8.53,,,gnm_closed_loop,0.2,-0.012179,normalized_stop_ab_20260708,G,baseline_no_stop,,,,,,,False,hospital_fresh_medium_G,2.5825,True,0.3,-0.012179,0.2,-0.012179,True,armed,False,,True,shadow,results/bo_reviewer_packet/temporal_stop_head/22_temporal_stop_head_model.pt,0.13,0.0,False,0.5,,,2.5859,False,,,False
normcmp_G_baseline_20260708_153849,278,14.350001,1783521535.100509,1.579211,0.500042,-0.0,3.141504,0.2,-0.012179,0.199817,0.001464,camera_link,14.350001,gnm_closed_loop,,nominal,,True,ok,third_party/visualnav-transformer/model_weights/gnm/gnm.pth,13.11,0.3,-0.0122,0.8511,-0.0104,8.53,,,gnm_closed_loop,0.2,-0.012179,normalized_stop_ab_20260708,G,baseline_no_stop,,,,,,,False,hospital_fresh_medium_G,2.5792,True,0.3,-0.012179,0.2,-0.012179,True,armed,False,,True,shadow,results/bo_reviewer_packet/temporal_stop_head/22_temporal_stop_head_model.pt,0.13,0.0,False,0.5,,,2.5859,False,,,False
normcmp_G_baseline_20260708_153849,279,14.366667,1783521535.126835,1.575887,0.500042,-0.0,3.141504,0.2,-0.01192,0.199836,0.00059,camera_link,14.366667,gnm_closed_loop,,nominal,,True,ok,third_party/visualnav-transformer/model_weights/gnm/gnm.pth,13.29,0.3,-0.0119,0.8503,-0.0101,8.39,,,gnm_closed_loop,0.2,-0.01192,normalized_stop_ab_20260708,G,baseline_no_stop,,,,,,,False,hospital_fresh_medium_G,2.5759,True,0.3,-0.01192,0.2,-0.01192,True,armed,False,,True,shadow,results/bo_reviewer_packet/temporal_stop_head/22_temporal_stop_head_model.pt,0.118,0.0,False,0.5,,,2.5759,False,,,False
normcmp_G_baseline_20260708_153849,280,14.383334,1783521535.129139,1.572563,0.500042,-0.0,3.141504,0.2,-0.01192,0.199836,0.00059,camera_link,14.383334,gnm_closed_loop,,nominal,,True,ok,third_party/visualnav-transformer/model_weights/gnm/gnm.pth,13.29,0.3,-0.0119,0.8503,-0.0101,8.39,,,gnm_closed_loop,0.2,-0.01192,normalized_stop_ab_20260708,G,baseline_no_stop,,,,,,,False,hospital_fresh_medium_G,2.5726,True,0.3,-0.01192,0.2,-0.01192,True,armed,False,,True,shadow,results/bo_reviewer_packet/temporal_stop_head/22_temporal_stop_head_model.pt,0.118,0.0,False,0.5,,,2.5759,False,,,False
normcmp_G_baseline_20260708_153849,281,14.400001,1783521535.13136,1.569238,0.500043,-0.0,3.141503,0.2,-0.01192,0.199836,0.00059,camera_link,14.400001,gnm_closed_loop,,nominal,,True,ok,third_party/visualnav-transformer/model_weights/gnm/gnm.pth,13.29,0.3,-0.0119,0.8503,-0.0101,8.39,,,gnm_closed_loop,0.2,-0.01192,normalized_stop_ab_20260708,G,baseline_no_stop,,,,,,,False,hospital_fresh_medium_G,2.5692,True,0.3,-0.01192,0.2,-0.01192,True,armed,False,,True,shadow,results/bo_reviewer_packet/temporal_stop_head/22_temporal_stop_head_model.pt,0.118,0.0,False,0.5,,,2.5759,False,,,False
normcmp_G_baseline_20260708_153849,282,14.416667,1783521535.159858,1.565914,0.500043,-0.0,3.141503,0.2,-0.011182,0.199832,0.001027,camera_link,14.416667,gnm_closed_loop,,nominal,,True,ok,third_party/visualnav-transformer/model_weights/gnm/gnm.pth,16.56,0.3,-0.0112,0.8594,-0.0096,8.22,,,gnm_closed_loop,0.2,-0.011182,normalized_stop_ab_20260708,G,baseline_no_stop,,,,,,,False,hospital_fresh_medium_G,2.5659,True,0.3,-0.011182,0.2,-0.011182,True,armed,False,,True,shadow,results/bo_reviewer_packet/temporal_stop_head/22_temporal_stop_head_model.pt,0.119,0.0,False,0.5,,,2.5659,False,,,False
normcmp_G_baseline_20260708_153849,283,14.433334,1783521535.162329,1.562589,0.500043,-0.0,3.141502,0.2,-0.011182,0.199832,0.001027,camera_link,14.433334,gnm_closed_loop,,nominal,,True,ok,third_party/visualnav-transformer/model_weights/gnm/gnm.pth,16.56,0.3,-0.0112,0.8594,-0.0096,8.22,,,gnm_closed_loop,0.2,-0.011182,normalized_stop_ab_20260708,G,baseline_no_stop,,,,,,,False,hospital_fresh_medium_G,2.5626,True,0.3,-0.011182,0.2,-0.011182,True,armed,False,,True,shadow,results/bo_reviewer_packet/temporal_stop_head/22_temporal_stop_head_model.pt,0.119,0.0,False,0.5,,,2.5659,False,,,False
normcmp_G_baseline_20260708_153849,284,14.450001,1783521535.164221,1.559265,0.500043,-0.0,3.141502,0.2,-0.011182,0.199832,0.001027,camera_link,14.450001,gnm_closed_loop,,nominal,,True,ok,third_party/visualnav-transformer/model_weights/gnm/gnm.pth,16.56,0.3,-0.0112,0.8594,-0.0096,8.22,,,gnm_closed_loop,0.2,-0.011182,normalized_stop_ab_20260708,G,baseline_no_stop,,,,,,,False,hospital_fresh_medium_G,2.5593,True,0.3,-0.011182,0.2,-0.011182,True,armed,False,,True,shadow,results/bo_reviewer_packet/temporal_stop_head/22_temporal_stop_head_model.pt,0.119,0.0,False,0.5,,,2.5659,False,,,False
normcmp_G_baseline_20260708_153849,285,14.466667,1783521535.195898,1.55594,0.500044,-0.0,3.141502,0.2,-0.010694,0.199818,0.000556,camera_link,14.466667,gnm_closed_loop,,nominal,,True,ok,third_party/visualnav-transformer/model_weights/gnm/gnm.pth,18.86,0.3,-0.0107,0.8629,-0.0092,8.05,,,gnm_closed_loop,0.2,-0.010694,normalized_stop_ab_20260708,G,baseline_no_stop,,,,,,,False,hospital_fresh_medium_G,2.5559,True,0.3,-0.010694,0.2,-0.010694,True,armed,False,,True,shadow,results/bo_reviewer_packet/temporal_stop_head/22_temporal_stop_head_model.pt,0.117,0.0,False,0.5,,,2.5559,False,,,False
normcmp_G_baseline_20260708_153849,286,14.483334,1783521535.198078,1.552616,0.500044,-0.0,3.141501,0.2,-0.010694,0.199818,0.000556,camera_link,14.483334,gnm_closed_loop,,nominal,,True,ok,third_party/visualnav-transformer/model_weights/gnm/gnm.pth,18.86,0.3,-0.0107,0.8629,-0.0092,8.05,,,gnm_closed_loop,0.2,-0.010694,normalized_stop_ab_20260708,G,baseline_no_stop,,,,,,,False,hospital_fresh_medium_G,2.5526,True,0.3,-0.010694,0.2,-0.010694,True,armed,False,,True,shadow,results/bo_reviewer_packet/temporal_stop_head/22_temporal_stop_head_model.pt,0.117,0.0,False,0.5,,,2.5559,False,,,False
normcmp_G_baseline_20260708_153849,287,14.500001,1783521535.201137,1.549291,0.500045,-0.0,3.141501,0.2,-0.010694,0.199818,0.000556,camera_link,14.500001,gnm_closed_loop,,nominal,,True,ok,third_party/visualnav-transformer/model_weights/gnm/gnm.pth,18.86,0.3,-0.0107,0.8629,-0.0092,8.05,,,gnm_closed_loop,0.2,-0.010694,normalized_stop_ab_20260708,G,baseline_no_stop,,,,,,,False,hospital_fresh_medium_G,2.5493,True,0.3,-0.010694,0.2,-0.010694,True,armed,False,,True,shadow,results/bo_reviewer_packet/temporal_stop_head/22_temporal_stop_head_model.pt,0.117,0.0,False,0.5,,,2.5559,False,,,False
normcmp_G_baseline_20260708_153849,288,14.516667,1783521535.225992,1.545966,0.500045,-0.0,3.1415,0.2,-0.010453,0.199822,0.000447,camera_link,14.516667,gnm_closed_loop,,nominal,,True,ok,third_party/visualnav-transformer/model_weights/gnm/gnm.pth,13.34,0.3,-0.0105,0.8655,-0.009,7.85,,,gnm_closed_loop,0.2,-0.010453,normalized_stop_ab_20260708,G,baseline_no_stop,,,,,,,False,hospital_fresh_medium_G,2.546,True,0.3,-0.010453,0.2,-0.010453,True,armed,False,,True,shadow,results/bo_reviewer_packet/temporal_stop_head/22_temporal_stop_head_model.pt,0.119,0.0,False,0.5,,,2.546,False,,,False
normcmp_G_baseline_20260708_153849,289,14.533334,1783521535.229394,1.542642,0.500045,-0.0,3.1415,0.2,-0.010453,0.199822,0.000447,camera_link,14.533334,gnm_closed_loop,,nominal,,True,ok,third_party/visualnav-transformer/model_weights/gnm/gnm.pth,13.34,0.3,-0.0105,0.8655,-0.009,7.85,,,gnm_closed_loop,0.2,-0.010453,normalized_stop_ab_20260708,G,baseline_no_stop,,,,,,,False,hospital_fresh_medium_G,2.5426,True,0.3,-0.010453,0.2,-0.010453,True,armed,False,,True,shadow,results/bo_reviewer_packet/temporal_stop_head/22_temporal_stop_head_model.pt,0.119,0.0,False,0.5,,,2.546,False,,,False
normcmp_G_baseline_20260708_153849,290,14.550001,1783521535.231294,1.539317,0.500045,-0.0,3.1415,0.2,-0.010453,0.199822,0.000447,camera_link,14.550001,gnm_closed_loop,,nominal,,True,ok,third_party/visualnav-transformer/model_weights/gnm/gnm.pth,13.34,0.3,-0.0105,0.8655,-0.009,7.85,,,gnm_closed_loop,0.2,-0.010453,normalized_stop_ab_20260708,G,baseline_no_stop,,,,,,,False,hospital_fresh_medium_G,2.5393,True,0.3,-0.010453,0.2,-0.010453,True,armed,False,,True,shadow,results/bo_reviewer_packet/temporal_stop_head/22_temporal_stop_head_model.pt,0.119,0.0,False,0.5,,,2.546,False,,,False
normcmp_G_baseline_20260708_153849,291,14.566667,1783521535.254575,1.535993,0.500046,-0.0,3.141499,0.2,-0.009857,0.199798,0.000753,camera_link,14.566667,gnm_closed_loop,,nominal,,True,ok,third_party/visualnav-transformer/model_weights/gnm/gnm.pth,12.9,0.3,-0.0099,0.8694,-0.0086,7.7,,,gnm_closed_loop,0.2,-0.009857,normalized_stop_ab_20260708,G,baseline_no_stop,,,,,,,False,hospital_fresh_medium_G,2.536,True,0.3,-0.009857,0.2,-0.009857,True,armed,False,,True,shadow,results/bo_reviewer_packet/temporal_stop_head/22_temporal_stop_head_model.pt,0.108,0.0,False,0.5,,,2.536,False,,,False
normcmp_G_baseline_20260708_153849,292,14.583334,1783521535.258159,1.532668,0.500046,-0.0,3.141499,0.2,-0.009857,0.199798,0.000753,camera_link,14.583334,gnm_closed_loop,,nominal,,True,ok,third_party/visualnav-transformer/model_weights/gnm/gnm.pth,12.9,0.3,-0.0099,0.8694,-0.0086,7.7,,,gnm_closed_loop,0.2,-0.009857,normalized_stop_ab_20260708,G,baseline_no_stop,,,,,,,False,hospital_fresh_medium_G,2.5327,True,0.3,-0.009857,0.2,-0.009857,True,armed,False,,True,shadow,results/bo_reviewer_packet/temporal_stop_head/22_temporal_stop_head_model.pt,0.108,0.0,False,0.5,,,2.536,False,,,False
normcmp_G_baseline_20260708_153849,293,14.600001,1783521535.261128,1.529344,0.500047,-0.0,3.141499,0.2,-0.009857,0.199798,0.000753,camera_link,14.600001,gnm_closed_loop,,nominal,,True,ok,third_party/visualnav-transformer/model_weights/gnm/gnm.pth,12.9,0.3,-0.0099,0.8694,-0.0086,7.7,,,gnm_closed_loop,0.2,-0.009857,normalized_stop_ab_20260708,G,baseline_no_stop,,,,,,,False,hospital_fresh_medium_G,2.5293,True,0.3,-0.009857,0.2,-0.009857,True,armed,False,,True,shadow,results/bo_reviewer_packet/temporal_stop_head/22_temporal_stop_head_model.pt,0.108,0.0,False,0.5,,,2.536,False,,,False
normcmp_G_baseline_20260708_153849,294,14.616667,1783521535.286624,1.526019,0.500047,-0.0,3.141498,0.2,-0.00896,0.199812,0.000418,camera_link,14.616667,gnm_closed_loop,,nominal,,True,ok,third_party/visualnav-transformer/model_weights/gnm/gnm.pth,13.22,0.3,-0.009,0.8758,-0.0078,7.57,,,gnm_closed_loop,0.2,-0.00896,normalized_stop_ab_20260708,G,baseline_no_stop,,,,,,,False,hospital_fresh_medium_G,2.526,True,0.3,-0.00896,0.2,-0.00896,True,armed,False,,True,shadow,results/bo_reviewer_packet/temporal_stop_head/22_temporal_stop_head_model.pt,0.114,0.0,False,0.5,,,2.526,False,,,False
normcmp_G_baseline_20260708_153849,295,14.633334,1783521535.289046,1.522694,0.500048,-0.0,3.141498,0.2,-0.00896,0.199812,0.000418,camera_link,14.633334,gnm_closed_loop,,nominal,,True,ok,third_party/visualnav-transformer/model_weights/gnm/gnm.pth,13.22,0.3,-0.009,0.8758,-0.0078,7.57,,,gnm_closed_loop,0.2,-0.00896,normalized_stop_ab_20260708,G,baseline_no_stop,,,,,,,False,hospital_fresh_medium_G,2.5227,True,0.3,-0.00896,0.2,-0.00896,True,armed,False,,True,shadow,results/bo_reviewer_packet/temporal_stop_head/22_temporal_stop_head_model.pt,0.114,0.0,False,0.5,,,2.526,False,,,False
normcmp_G_baseline_20260708_153849,296,14.650001,1783521535.290877,1.51937,0.500048,-0.0,3.141498,0.2,-0.00896,0.199812,0.000418,camera_link,14.650001,gnm_closed_loop,,nominal,,True,ok,third_party/visualnav-transformer/model_weights/gnm/gnm.pth,13.22,0.3,-0.009,0.8758,-0.0078,7.57,,,gnm_closed_loop,0.2,-0.00896,normalized_stop_ab_20260708,G,baseline_no_stop,,,,,,,False,hospital_fresh_medium_G,2.5194,True,0.3,-0.00896,0.2,-0.00896,True,armed,False,,True,shadow,results/bo_reviewer_packet/temporal_stop_head/22_temporal_stop_head_model.pt,0.114,0.0,False,0.5,,,2.526,False,,,False
normcmp_G_baseline_20260708_153849,297,14.666667,1783521535.313632,1.516045,0.500048,-0.0,3.141497,0.2,-0.008156,0.19983,0.001081,camera_link,14.666667,gnm_closed_loop,,nominal,,True,ok,third_party/visualnav-transformer/model_weights/gnm/gnm.pth,12.92,0.3,-0.0082,0.8826,-0.0072,7.56,,,gnm_closed_loop,0.2,-0.008156,normalized_stop_ab_20260708,G,baseline_no_stop,,,,,,,False,hospital_fresh_medium_G,2.516,True,0.3,-0.008156,0.2,-0.008156,True,armed,False,,True,shadow,results/bo_reviewer_packet/temporal_stop_head/22_temporal_stop_head_model.pt,0.11,0.0,False,0.5,,,2.516,False,,,False
normcmp_G_baseline_20260708_153849,298,14.683334,1783521535.316015,1.512721,0.500049,-0.0,3.141497,0.2,-0.008156,0.19983,0.001081,camera_link,14.683334,gnm_closed_loop,,nominal,,True,ok,third_party/visualnav-transformer/model_weights/gnm/gnm.pth,12.92,0.3,-0.0082,0.8826,-0.0072,7.56,,,gnm_closed_loop,0.2,-0.008156,normalized_stop_ab_20260708,G,baseline_no_stop,,,,,,,False,hospital_fresh_medium_G,2.5127,True,0.3,-0.008156,0.2,-0.008156,True,armed,False,,True,shadow,results/bo_reviewer_packet/temporal_stop_head/22_temporal_stop_head_model.pt,0.11,0.0,False,0.5,,,2.516,False,,,False
normcmp_G_baseline_20260708_153849,299,14.700001,1783521535.317843,1.509396,0.500049,-0.0,3.141497,0.2,-0.008156,0.19983,0.001081,camera_link,14.700001,gnm_closed_loop,,nominal,,True,ok,third_party/visualnav-transformer/model_weights/gnm/gnm.pth,12.92,0.3,-0.0082,0.8826,-0.0072,7.56,,,gnm_closed_loop,0.2,-0.008156,normalized_stop_ab_20260708,G,baseline_no_stop,,,,,,,False,hospital_fresh_medium_G,2.5094,True,0.3,-0.008156,0.2,-0.008156,True,armed,False,,True,shadow,results/bo_reviewer_packet/temporal_stop_head/22_temporal_stop_head_model.pt,0.11,0.0,False,0.5,,,2.516,False,,,False
normcmp_G_baseline_20260708_153849,300,14.716667,1783521535.342398,1.506072,0.50005,-0.0,3.141496,0.2,-0.007988,0.19982,0.000646,camera_link,14.716667,gnm_closed_loop,,nominal,,True,ok,third_party/visualnav-transformer/model_weights/gnm/gnm.pth,13.03,0.3,-0.008,0.8874,-0.0071,7.6,,,gnm_closed_loop,0.2,-0.007988,normalized_stop_ab_20260708,G,baseline_no_stop,,,,,,,False,hospital_fresh_medium_G,2.5061,True,0.3,-0.007988,0.2,-0.007988,True,armed,False,,True,shadow,results/bo_reviewer_packet/temporal_stop_head/22_temporal_stop_head_model.pt,0.116,0.0,False,0.5,,,2.5061,False,,,False
normcmp_G_baseline_20260708_153849,301,14.733334,1783521535.344505,1.502748,0.50005,-0.0,3.141496,0.2,-0.007988,0.19982,0.000646,camera_link,14.733334,gnm_closed_loop,,nominal,,True,ok,third_party/visualnav-transformer/model_weights/gnm/gnm.pth,13.03,0.3,-0.008,0.8874,-0.0071,7.6,,,gnm_closed_loop,0.2,-0.007988,normalized_stop_ab_20260708,G,baseline_no_stop,,,,,,,False,hospital_fresh_medium_G,2.5027,True,0.3,-0.007988,0.2,-0.007988,True,armed,False,,True,shadow,results/bo_reviewer_packet/temporal_stop_head/22_temporal_stop_head_model.pt,0.116,0.0,False,0.5,,,2.5061,False,,,False
normcmp_G_baseline_20260708_153849,302,14.750001,1783521535.346439,1.499424,0.50005,-0.0,3.141496,0.2,-0.007988,0.19982,0.000646,camera_link,14.750001,gnm_closed_loop,,nominal,,True,ok,third_party/visualnav-transformer/model_weights/gnm/gnm.pth,13.03,0.3,-0.008,0.8874,-0.0071,7.6,,,gnm_closed_loop,0.2,-0.007988,normalized_stop_ab_20260708,G,baseline_no_stop,,,,,,,False,hospital_fresh_medium_G,2.4994,True,0.3,-0.007988,0.2,-0.007988,True,armed,False,,True,shadow,results/bo_reviewer_packet/temporal_stop_head/22_temporal_stop_head_model.pt,0.116,0.0,False,0.5,,,2.5061,False,,,False
normcmp_G_baseline_20260708_153849,303,14.766667,1783521535.372289,1.496099,0.500051,-0.0,3.141496,0.2,-0.008223,0.199807,-3.6e-05,camera_link,14.766667,gnm_closed_loop,,nominal,,True,ok,third_party/visualnav-transformer/model_weights/gnm/gnm.pth,14.14,0.3,-0.0082,0.8851,-0.0073,7.69,,,gnm_closed_loop,0.2,-0.008223,normalized_stop_ab_20260708,G,baseline_no_stop,,,,,,,False,hospital_fresh_medium_G,2.4961,True,0.3,-0.008223,0.2,-0.008223,True,armed,False,,True,shadow,results/bo_reviewer_packet/temporal_stop_head/22_temporal_stop_head_model.pt,0.126,0.0,False,0.5,,,2.4961,False,,,False
normcmp_G_baseline_20260708_153849,304,14.783334,1783521535.374701,1.492774,0.500051,-0.0,3.141496,0.2,-0.008223,0.199807,-3.6e-05,camera_link,14.783334,gnm_closed_loop,,nominal,,True,ok,third_party/visualnav-transformer/model_weights/gnm/gnm.pth,14.14,0.3,-0.0082,0.8851,-0.0073,7.69,,,gnm_closed_loop,0.2,-0.008223,normalized_stop_ab_20260708,G,baseline_no_stop,,,,,,,False,hospital_fresh_medium_G,2.4928,True,0.3,-0.008223,0.2,-0.008223,True,armed,False,,True,shadow,results/bo_reviewer_packet/temporal_stop_head/22_temporal_stop_head_model.pt,0.126,0.0,False,0.5,,,2.4961,False,,,False
normcmp_G_baseline_20260708_153849,305,14.800001,1783521535.37661,1.48945,0.500052,-0.0,3.141496,0.2,-0.008223,0.199807,-3.6e-05,camera_link,14.800001,gnm_closed_loop,,nominal,,True,ok,third_party/visualnav-transformer/model_weights/gnm/gnm.pth,14.14,0.3,-0.0082,0.8851,-0.0073,7.69,,,gnm_closed_loop,0.2,-0.008223,normalized_stop_ab_20260708,G,baseline_no_stop,,,,,,,False,hospital_fresh_medium_G,2.4895,True,0.3,-0.008223,0.2,-0.008223,True,armed,False,,True,shadow,results/bo_reviewer_packet/temporal_stop_head/22_temporal_stop_head_model.pt,0.126,0.0,False,0.5,,,2.4961,False,,,False
normcmp_G_baseline_20260708_153849,306,14.816667,1783521535.401893,1.486126,0.500052,-0.0,3.141495,0.2,-0.00862,0.199827,0.000832,camera_link,14.816667,gnm_closed_loop,,nominal,,True,ok,third_party/visualnav-transformer/model_weights/gnm/gnm.pth,13.35,0.3,-0.0086,0.8815,-0.0076,7.77,,,gnm_closed_loop,0.2,-0.00862,normalized_stop_ab_20260708,G,baseline_no_stop,,,,,,,False,hospital_fresh_medium_G,2.4861,True,0.3,-0.00862,0.2,-0.00862,True,armed,False,,True,shadow,results/bo_reviewer_packet/temporal_stop_head/22_temporal_stop_head_model.pt,0.124,0.0,False,0.5,,,2.4861,False,,,False
normcmp_G_baseline_20260708_153849,307,14.833334,1783521535.404413,1.482802,0.500052,-0.0,3.141495,0.2,-0.00862,0.199827,0.000832,camera_link,14.833334,gnm_closed_loop,,nominal,,True,ok,third_party/visualnav-transformer/model_weights/gnm/gnm.pth,13.35,0.3,-0.0086,0.8815,-0.0076,7.77,,,gnm_closed_loop,0.2,-0.00862,normalized_stop_ab_20260708,G,baseline_no_stop,,,,,,,False,hospital_fresh_medium_G,2.4828,True,0.3,-0.00862,0.2,-0.00862,True,armed,False,,True,shadow,results/bo_reviewer_packet/temporal_stop_head/22_temporal_stop_head_model.pt,0.124,0.0,False,0.5,,,2.4861,False,,,False
normcmp_G_baseline_20260708_153849,308,14.850001,1783521535.406435,1.479478,0.500053,-0.0,3.141494,0.2,-0.00862,0.199827,0.000832,camera_link,14.850001,gnm_closed_loop,,nominal,,True,ok,third_party/visualnav-transformer/model_weights/gnm/gnm.pth,13.35,0.3,-0.0086,0.8815,-0.0076,7.77,,,gnm_closed_loop,0.2,-0.00862,normalized_stop_ab_20260708,G,baseline_no_stop,,,,,,,False,hospital_fresh_medium_G,2.4795,True,0.3,-0.00862,0.2,-0.00862,True,armed,False,,True,shadow,results/bo_reviewer_packet/temporal_stop_head/22_temporal_stop_head_model.pt,0.124,0.0,False,0.5,,,2.4861,False,,,False
normcmp_G_baseline_20260708_153849,309,14.866667,1783521535.430066,1.476153,0.500053,-0.0,3.141493,0.2,-0.008508,0.199827,0.000729,camera_link,14.866667,gnm_closed_loop,,nominal,,True,ok,third_party/visualnav-transformer/model_weights/gnm/gnm.pth,12.84,0.3,-0.0085,0.8814,-0.0075,7.82,,,gnm_closed_loop,0.2,-0.008508,normalized_stop_ab_20260708,G,baseline_no_stop,,,,,,,False,hospital_fresh_medium_G,2.4762,True,0.3,-0.008508,0.2,-0.008508,True,armed,False,,True,shadow,results/bo_reviewer_packet/temporal_stop_head/22_temporal_stop_head_model.pt,0.126,0.0,False,0.5,,,2.4762,False,,,False
normcmp_G_baseline_20260708_153849,310,14.883334,1783521535.433158,1.472829,0.500053,-0.0,3.141493,0.2,-0.008508,0.199827,0.000729,camera_link,14.883334,gnm_closed_loop,,nominal,,True,ok,third_party/visualnav-transformer/model_weights/gnm/gnm.pth,12.84,0.3,-0.0085,0.8814,-0.0075,7.82,,,gnm_closed_loop,0.2,-0.008508,normalized_stop_ab_20260708,G,baseline_no_stop,,,,,,,False,hospital_fresh_medium_G,2.4728,True,0.3,-0.008508,0.2,-0.008508,True,armed,False,,True,shadow,results/bo_reviewer_packet/temporal_stop_head/22_temporal_stop_head_model.pt,0.126,0.0,False,0.5,,,2.4762,False,,,False
normcmp_G_baseline_20260708_153849,311,14.900001,1783521535.434998,1.469505,0.500053,-0.0,3.141493,0.2,-0.008508,0.199827,0.000729,camera_link,14.900001,gnm_closed_loop,,nominal,,True,ok,third_party/visualnav-transformer/model_weights/gnm/gnm.pth,12.84,0.3,-0.0085,0.8814,-0.0075,7.82,,,gnm_closed_loop,0.2,-0.008508,normalized_stop_ab_20260708,G,baseline_no_stop,,,,,,,False,hospital_fresh_medium_G,2.4695,True,0.3,-0.008508,0.2,-0.008508,True,armed,False,,True,shadow,results/bo_reviewer_packet/temporal_stop_head/22_temporal_stop_head_model.pt,0.126,0.0,False,0.5,,,2.4762,False,,,False
normcmp_G_baseline_20260708_153849,312,14.916667,1783521535.46458,1.46618,0.500054,-0.0,3.141492,0.2,-0.008871,0.199821,0.000353,camera_link,14.916667,gnm_closed_loop,,nominal,,True,ok,third_party/visualnav-transformer/model_weights/gnm/gnm.pth,16.03,0.3,-0.0089,0.8775,-0.0078,7.92,,,gnm_closed_loop,0.2,-0.008871,normalized_stop_ab_20260708,G,baseline_no_stop,,,,,,,False,hospital_fresh_medium_G,2.4662,True,0.3,-0.008871,0.2,-0.008871,True,armed,False,,True,shadow,results/bo_reviewer_packet/temporal_stop_head/22_temporal_stop_head_model.pt,0.11,0.0,False,0.5,,,2.4662,False,,,False
normcmp_G_baseline_20260708_153849,313,14.933334,1783521535.467381,1.462856,0.500054,-0.0,3.141492,0.2,-0.008871,0.199821,0.000353,camera_link,14.933334,gnm_closed_loop,,nominal,,True,ok,third_party/visualnav-transformer/model_weights/gnm/gnm.pth,16.03,0.3,-0.0089,0.8775,-0.0078,7.92,,,gnm_closed_loop,0.2,-0.008871,normalized_stop_ab_20260708,G,baseline_no_stop,,,,,,,False,hospital_fresh_medium_G,2.4629,True,0.3,-0.008871,0.2,-0.008871,True,armed,False,,True,shadow,results/bo_reviewer_packet/temporal_stop_head/22_temporal_stop_head_model.pt,0.11,0.0,False,0.5,,,2.4662,False,,,False
normcmp_G_baseline_20260708_153849,314,14.950001,1783521535.469391,1.459532,0.500054,-0.0,3.141492,0.2,-0.008871,0.199821,0.000353,camera_link,14.950001,gnm_closed_loop,,nominal,,True,ok,third_party/visualnav-transformer/model_weights/gnm/gnm.pth,16.03,0.3,-0.0089,0.8775,-0.0078,7.92,,,gnm_closed_loop,0.2,-0.008871,normalized_stop_ab_20260708,G,baseline_no_stop,,,,,,,False,hospital_fresh_medium_G,2.4595,True,0.3,-0.008871,0.2,-0.008871,True,armed,False,,True,shadow,results/bo_reviewer_packet/temporal_stop_head/22_temporal_stop_head_model.pt,0.11,0.0,False,0.5,,,2.4662,False,,,False
normcmp_G_baseline_20260708_153849,315,14.966667,1783521535.495435,1.456208,0.500055,-0.0,3.141492,0.2,-0.008772,0.199821,0.000555,camera_link,14.966667,gnm_closed_loop,,nominal,,True,ok,third_party/visualnav-transformer/model_weights/gnm/gnm.pth,13.92,0.3,-0.0088,0.8744,-0.0077,7.94,,,gnm_closed_loop,0.2,-0.008772,normalized_stop_ab_20260708,G,baseline_no_stop,,,,,,,False,hospital_fresh_medium_G,2.4562,True,0.3,-0.008772,0.2,-0.008772,True,armed,False,,True,shadow,results/bo_reviewer_packet/temporal_stop_head/22_temporal_stop_head_model.pt,0.124,0.0,False,0.5,,,2.4562,False,,,False
normcmp_G_baseline_20260708_153849,316,14.983334,1783521535.497944,1.452883,0.500055,-0.0,3.141491,0.2,-0.008772,0.199821,0.000555,camera_link,14.983334,gnm_closed_loop,,nominal,,True,ok,third_party/visualnav-transformer/model_weights/gnm/gnm.pth,13.92,0.3,-0.0088,0.8744,-0.0077,7.94,,,gnm_closed_loop,0.2,-0.008772,normalized_stop_ab_20260708,G,baseline_no_stop,,,,,,,False,hospital_fresh_medium_G,2.4529,True,0.3,-0.008772,0.2,-0.008772,True,armed,False,,True,shadow,results/bo_reviewer_packet/temporal_stop_head/22_temporal_stop_head_model.pt,0.124,0.0,False,0.5,,,2.4562,False,,,False
normcmp_G_baseline_20260708_153849,317,15.000001,1783521535.499964,1.449559,0.500055,-0.0,3.141491,0.2,-0.008772,0.199821,0.000555,camera_link,15.000001,gnm_closed_loop,,nominal,,True,ok,third_party/visualnav-transformer/model_weights/gnm/gnm.pth,13.92,0.3,-0.0088,0.8744,-0.0077,7.94,,,gnm_closed_loop,0.2,-0.008772,normalized_stop_ab_20260708,G,baseline_no_stop,,,,,,,False,hospital_fresh_medium_G,2.4496,True,0.3,-0.008772,0.2,-0.008772,True,armed,False,,True,shadow,results/bo_reviewer_packet/temporal_stop_head/22_temporal_stop_head_model.pt,0.124,0.0,False,0.5,,,2.4562,False,,,False
normcmp_G_baseline_20260708_153849,318,15.016667,1783521535.525236,1.446235,0.500056,-0.0,3.14149,0.2,-0.008192,0.199817,0.000496,camera_link,15.016667,gnm_closed_loop,,nominal,,True,ok,third_party/visualnav-transformer/model_weights/gnm/gnm.pth,13.79,0.3,-0.0082,0.872,-0.0071,7.84,,,gnm_closed_loop,0.2,-0.008192,normalized_stop_ab_20260708,G,baseline_no_stop,,,,,,,False,hospital_fresh_medium_G,2.4462,True,0.3,-0.008192,0.2,-0.008192,True,armed,False,,True,shadow,results/bo_reviewer_packet/temporal_stop_head/22_temporal_stop_head_model.pt,0.135,0.0,False,0.5,,,2.4462,False,,,False
normcmp_G_baseline_20260708_153849,319,15.033334,1783521535.527614,1.44291,0.500056,-0.0,3.14149,0.2,-0.008192,0.199817,0.000496,camera_link,15.033334,gnm_closed_loop,,nominal,,True,ok,third_party/visualnav-transformer/model_weights/gnm/gnm.pth,13.79,0.3,-0.0082,0.872,-0.0071,7.84,,,gnm_closed_loop,0.2,-0.008192,normalized_stop_ab_20260708,G,baseline_no_stop,,,,,,,False,hospital_fresh_medium_G,2.4429,True,0.3,-0.008192,0.2,-0.008192,True,armed,False,,True,shadow,results/bo_reviewer_packet/temporal_stop_head/22_temporal_stop_head_model.pt,0.135,0.0,False,0.5,,,2.4462,False,,,False
normcmp_G_baseline_20260708_153849,320,15.050001,1783521535.529769,1.439586,0.500057,-0.0,3.141489,0.2,-0.008192,0.199817,0.000496,camera_link,15.050001,gnm_closed_loop,,nominal,,True,ok,third_party/visualnav-transformer/model_weights/gnm/gnm.pth,13.79,0.3,-0.0082,0.872,-0.0071,7.84,,,gnm_closed_loop,0.2,-0.008192,normalized_stop_ab_20260708,G,baseline_no_stop,,,,,,,False,hospital_fresh_medium_G,2.4396,True,0.3,-0.008192,0.2,-0.008192,True,armed,False,,True,shadow,results/bo_reviewer_packet/temporal_stop_head/22_temporal_stop_head_model.pt,0.135,0.0,False,0.5,,,2.4462,False,,,False
normcmp_G_baseline_20260708_153849,321,15.066667,1783521535.554035,1.436262,0.500057,-0.0,3.141489,0.2,-0.007869,0.199824,-0.00011,camera_link,15.066667,gnm_closed_loop,,nominal,,True,ok,third_party/visualnav-transformer/model_weights/gnm/gnm.pth,12.99,0.3,-0.0079,0.8693,-0.0068,7.77,,,gnm_closed_loop,0.2,-0.007869,normalized_stop_ab_20260708,G,baseline_no_stop,,,,,,,False,hospital_fresh_medium_G,2.4363,True,0.3,-0.007869,0.2,-0.007869,True,armed,False,,True,shadow,results/bo_reviewer_packet/temporal_stop_head/22_temporal_stop_head_model.pt,0.117,0.0,False,0.5,,,2.4363,False,,,False
normcmp_G_baseline_20260708_153849,322,15.083334,1783521535.5562,1.432937,0.500057,-0.0,3.141489,0.2,-0.007869,0.199824,-0.00011,camera_link,15.083334,gnm_closed_loop,,nominal,,True,ok,third_party/visualnav-transformer/model_weights/gnm/gnm.pth,12.99,0.3,-0.0079,0.8693,-0.0068,7.77,,,gnm_closed_loop,0.2,-0.007869,normalized_stop_ab_20260708,G,baseline_no_stop,,,,,,,False,hospital_fresh_medium_G,2.4329,True,0.3,-0.007869,0.2,-0.007869,True,armed,False,,True,shadow,results/bo_reviewer_packet/temporal_stop_head/22_temporal_stop_head_model.pt,0.117,0.0,False,0.5,,,2.4363,False,,,False
normcmp_G_baseline_20260708_153849,323,15.100001,1783521535.558021,1.429613,0.500058,-0.0,3.141489,0.2,-0.007869,0.199824,-0.00011,camera_link,15.100001,gnm_closed_loop,,nominal,,True,ok,third_party/visualnav-transformer/model_weights/gnm/gnm.pth,12.99,0.3,-0.0079,0.8693,-0.0068,7.77,,,gnm_closed_loop,0.2,-0.007869,normalized_stop_ab_20260708,G,baseline_no_stop,,,,,,,False,hospital_fresh_medium_G,2.4296,True,0.3,-0.007869,0.2,-0.007869,True,armed,False,,True,shadow,results/bo_reviewer_packet/temporal_stop_head/22_temporal_stop_head_model.pt,0.117,0.0,False,0.5,,,2.4363,False,,,False
normcmp_G_baseline_20260708_153849,324,15.116667,1783521535.582393,1.426289,0.500058,-0.0,3.141489,0.2,-0.007377,0.19983,0.000639,camera_link,15.116667,gnm_closed_loop,,nominal,,True,ok,third_party/visualnav-transformer/model_weights/gnm/gnm.pth,13.9,0.3,-0.0074,0.8637,-0.0064,7.67,,,gnm_closed_loop,0.2,-0.007377,normalized_stop_ab_20260708,G,baseline_no_stop,,,,,,,False,hospital_fresh_medium_G,2.4263,True,0.3,-0.007377,0.2,-0.007377,True,armed,False,,True,shadow,results/bo_reviewer_packet/temporal_stop_head/22_temporal_stop_head_model.pt,0.11,0.0,False,0.5,,,2.4263,False,,,False
normcmp_G_baseline_20260708_153849,325,15.133334,1783521535.585327,1.422965,0.500059,-0.0,3.141488,0.2,-0.007377,0.19983,0.000639,camera_link,15.133334,gnm_closed_loop,,nominal,,True,ok,third_party/visualnav-transformer/model_weights/gnm/gnm.pth,13.9,0.3,-0.0074,0.8637,-0.0064,7.67,,,gnm_closed_loop,0.2,-0.007377,normalized_stop_ab_20260708,G,baseline_no_stop,,,,,,,False,hospital_fresh_medium_G,2.423,True,0.3,-0.007377,0.2,-0.007377,True,armed,False,,True,shadow,results/bo_reviewer_packet/temporal_stop_head/22_temporal_stop_head_model.pt,0.11,0.0,False,0.5,,,2.4263,False,,,False
normcmp_G_baseline_20260708_153849,326,15.150001,1783521535.587178,1.419641,0.500059,-0.0,3.141488,0.2,-0.007377,0.19983,0.000639,camera_link,15.150001,gnm_closed_loop,,nominal,,True,ok,third_party/visualnav-transformer/model_weights/gnm/gnm.pth,13.9,0.3,-0.0074,0.8637,-0.0064,7.67,,,gnm_closed_loop,0.2,-0.007377,normalized_stop_ab_20260708,G,baseline_no_stop,,,,,,,False,hospital_fresh_medium_G,2.4196,True,0.3,-0.007377,0.2,-0.007377,True,armed,False,,True,shadow,results/bo_reviewer_packet/temporal_stop_head/22_temporal_stop_head_model.pt,0.11,0.0,False,0.5,,,2.4263,False,,,False
normcmp_G_baseline_20260708_153849,327,15.166667,1783521535.614837,1.416317,0.500059,-0.0,3.141488,0.2,-0.006684,0.199811,0.000143,camera_link,15.166667,gnm_closed_loop,,nominal,,True,ok,third_party/visualnav-transformer/model_weights/gnm/gnm.pth,15.04,0.3,-0.0067,0.8595,-0.0057,7.65,,,gnm_closed_loop,0.2,-0.006684,normalized_stop_ab_20260708,G,baseline_no_stop,,,,,,,False,hospital_fresh_medium_G,2.4163,True,0.3,-0.006684,0.2,-0.006684,True,armed,False,,True,shadow,results/bo_reviewer_packet/temporal_stop_head/22_temporal_stop_head_model.pt,0.109,0.0,False,0.5,,,2.4163,False,,,False
normcmp_G_baseline_20260708_153849,328,15.183334,1783521535.617344,1.412992,0.500059,-0.0,3.141488,0.2,-0.006684,0.199811,0.000143,camera_link,15.183334,gnm_closed_loop,,nominal,,True,ok,third_party/visualnav-transformer/model_weights/gnm/gnm.pth,15.04,0.3,-0.0067,0.8595,-0.0057,7.65,,,gnm_closed_loop,0.2,-0.006684,normalized_stop_ab_20260708,G,baseline_no_stop,,,,,,,False,hospital_fresh_medium_G,2.413,True,0.3,-0.006684,0.2,-0.006684,True,armed,False,,True,shadow,results/bo_reviewer_packet/temporal_stop_head/22_temporal_stop_head_model.pt,0.109,0.0,False,0.5,,,2.4163,False,,,False
normcmp_G_baseline_20260708_153849,329,15.200001,1783521535.619223,1.409668,0.50006,-0.0,3.141487,0.2,-0.006684,0.199811,0.000143,camera_link,15.200001,gnm_closed_loop,,nominal,,True,ok,third_party/visualnav-transformer/model_weights/gnm/gnm.pth,15.04,0.3,-0.0067,0.8595,-0.0057,7.65,,,gnm_closed_loop,0.2,-0.006684,normalized_stop_ab_20260708,G,baseline_no_stop,,,,,,,False,hospital_fresh_medium_G,2.4097,True,0.3,-0.006684,0.2,-0.006684,True,armed,False,,True,shadow,results/bo_reviewer_packet/temporal_stop_head/22_temporal_stop_head_model.pt,0.109,0.0,False,0.5,,,2.4163,False,,,False
normcmp_G_baseline_20260708_153849,330,15.216667,1783521535.645089,1.406344,0.50006,-0.0,3.141487,0.2,-0.006144,0.19983,0.000607,camera_link,15.216667,gnm_closed_loop,,nominal,,True,ok,third_party/visualnav-transformer/model_weights/gnm/gnm.pth,14.12,0.3,-0.0061,0.8546,-0.0053,7.64,,,gnm_closed_loop,0.2,-0.006144,normalized_stop_ab_20260708,G,baseline_no_stop,,,,,,,False,hospital_fresh_medium_G,2.4063,True,0.3,-0.006144,0.2,-0.006144,True,armed,False,,True,shadow,results/bo_reviewer_packet/temporal_stop_head/22_temporal_stop_head_model.pt,0.111,0.0,False,0.5,,,2.4063,False,,,False
normcmp_G_baseline_20260708_153849,331,15.233334,1783521535.647358,1.403019,0.50006,-0.0,3.141487,0.2,-0.006144,0.19983,0.000607,camera_link,15.233334,gnm_closed_loop,,nominal,,True,ok,third_party/visualnav-transformer/model_weights/gnm/gnm.pth,14.12,0.3,-0.0061,0.8546,-0.0053,7.64,,,gnm_closed_loop,0.2,-0.006144,normalized_stop_ab_20260708,G,baseline_no_stop,,,,,,,False,hospital_fresh_medium_G,2.403,True,0.3,-0.006144,0.2,-0.006144,True,armed,False,,True,shadow,results/bo_reviewer_packet/temporal_stop_head/22_temporal_stop_head_model.pt,0.111,0.0,False,0.5,,,2.4063,False,,,False
normcmp_G_baseline_20260708_153849,332,15.250001,1783521535.649218,1.399694,0.500061,-0.0,3.141487,0.2,-0.006144,0.19983,0.000607,camera_link,15.250001,gnm_closed_loop,,nominal,,True,ok,third_party/visualnav-transformer/model_weights/gnm/gnm.pth,14.12,0.3,-0.0061,0.8546,-0.0053,7.64,,,gnm_closed_loop,0.2,-0.006144,normalized_stop_ab_20260708,G,baseline_no_stop,,,,,,,False,hospital_fresh_medium_G,2.3997,True,0.3,-0.006144,0.2,-0.006144,True,armed,False,,True,shadow,results/bo_reviewer_packet/temporal_stop_head/22_temporal_stop_head_model.pt,0.111,0.0,False,0.5,,,2.4063,False,,,False
normcmp_G_baseline_20260708_153849,333,15.266667,1783521535.67509,1.39637,0.500061,-0.0,3.141487,0.2,-0.005652,0.199824,0.000169,camera_link,15.266667,gnm_closed_loop,,nominal,,True,ok,third_party/visualnav-transformer/model_weights/gnm/gnm.pth,13.31,0.3,-0.0057,0.8441,-0.0048,7.54,,,gnm_closed_loop,0.2,-0.005652,normalized_stop_ab_20260708,G,baseline_no_stop,,,,,,,False,hospital_fresh_medium_G,2.3964,True,0.3,-0.005652,0.2,-0.005652,True,armed,False,,True,shadow,results/bo_reviewer_packet/temporal_stop_head/22_temporal_stop_head_model.pt,0.111,0.0,False,0.5,,,2.3964,False,,,False
normcmp_G_baseline_20260708_153849,334,15.283334,1783521535.677495,1.393046,0.500062,-0.0,3.141487,0.2,-0.005652,0.199824,0.000169,camera_link,15.283334,gnm_closed_loop,,nominal,,True,ok,third_party/visualnav-transformer/model_weights/gnm/gnm.pth,13.31,0.3,-0.0057,0.8441,-0.0048,7.54,,,gnm_closed_loop,0.2,-0.005652,normalized_stop_ab_20260708,G,baseline_no_stop,,,,,,,False,hospital_fresh_medium_G,2.393,True,0.3,-0.005652,0.2,-0.005652,True,armed,False,,True,shadow,results/bo_reviewer_packet/temporal_stop_head/22_temporal_stop_head_model.pt,0.111,0.0,False,0.5,,,2.3964,False,,,False
normcmp_G_baseline_20260708_153849,335,15.300001,1783521535.679603,1.389722,0.500062,-0.0,3.141487,0.2,-0.005652,0.199824,0.000169,camera_link,15.300001,gnm_closed_loop,,nominal,,True,ok,third_party/visualnav-transformer/model_weights/gnm/gnm.pth,13.31,0.3,-0.0057,0.8441,-0.0048,7.54,,,gnm_closed_loop,0.2,-0.005652,normalized_stop_ab_20260708,G,baseline_no_stop,,,,,,,False,hospital_fresh_medium_G,2.3897,True,0.3,-0.005652,0.2,-0.005652,True,armed,False,,True,shadow,results/bo_reviewer_packet/temporal_stop_head/22_temporal_stop_head_model.pt,0.111,0.0,False,0.5,,,2.3964,False,,,False
normcmp_G_baseline_20260708_153849,336,15.316667,1783521535.706416,1.386398,0.500063,-0.0,3.141487,0.2,-0.005555,0.199812,-7.3e-05,camera_link,15.316667,gnm_closed_loop,,nominal,,True,ok,third_party/visualnav-transformer/model_weights/gnm/gnm.pth,13.78,0.3,-0.0056,0.8331,-0.0046,7.43,,,gnm_closed_loop,0.2,-0.005555,normalized_stop_ab_20260708,G,baseline_no_stop,,,,,,,False,hospital_fresh_medium_G,2.3864,True,0.3,-0.005555,0.2,-0.005555,True,armed,False,,True,shadow,results/bo_reviewer_packet/temporal_stop_head/22_temporal_stop_head_model.pt,0.114,0.0,False,0.5,,,2.3864,False,,,False
normcmp_G_baseline_20260708_153849,337,15.333334,1783521535.709328,1.383074,0.500063,-0.0,3.141487,0.2,-0.005555,0.199812,-7.3e-05,camera_link,15.333334,gnm_closed_loop,,nominal,,True,ok,third_party/visualnav-transformer/model_weights/gnm/gnm.pth,13.78,0.3,-0.0056,0.8331,-0.0046,7.43,,,gnm_closed_loop,0.2,-0.005555,normalized_stop_ab_20260708,G,baseline_no_stop,,,,,,,False,hospital_fresh_medium_G,2.3831,True,0.3,-0.005555,0.2,-0.005555,True,armed,False,,True,shadow,results/bo_reviewer_packet/temporal_stop_head/22_temporal_stop_head_model.pt,0.114,0.0,False,0.5,,,2.3864,False,,,False
normcmp_G_baseline_20260708_153849,338,15.350001,1783521535.711208,1.37975,0.500063,-0.0,3.141486,0.2,-0.005555,0.199812,-7.3e-05,camera_link,15.350001,gnm_closed_loop,,nominal,,True,ok,third_party/visualnav-transformer/model_weights/gnm/gnm.pth,13.78,0.3,-0.0056,0.8331,-0.0046,7.43,,,gnm_closed_loop,0.2,-0.005555,normalized_stop_ab_20260708,G,baseline_no_stop,,,,,,,False,hospital_fresh_medium_G,2.3797,True,0.3,-0.005555,0.2,-0.005555,True,armed,False,,True,shadow,results/bo_reviewer_packet/temporal_stop_head/22_temporal_stop_head_model.pt,0.114,0.0,False,0.5,,,2.3864,False,,,False
normcmp_G_baseline_20260708_153849,339,15.366667,1783521535.741864,1.376426,0.500064,-0.0,3.141486,0.2,-0.005316,0.199825,0.000182,camera_link,15.366667,gnm_closed_loop,,nominal,,True,ok,third_party/visualnav-transformer/model_weights/gnm/gnm.pth,17.32,0.3,-0.0053,0.8244,-0.0044,7.38,,,gnm_closed_loop,0.2,-0.005316,normalized_stop_ab_20260708,G,baseline_no_stop,,,,,,,False,hospital_fresh_medium_G,2.3764,True,0.3,-0.005316,0.2,-0.005316,True,armed,False,,True,shadow,results/bo_reviewer_packet/temporal_stop_head/22_temporal_stop_head_model.pt,0.116,0.0,False,0.5,,,2.3764,False,,,False
normcmp_G_baseline_20260708_153849,340,15.383334,1783521535.744343,1.373102,0.500064,-0.0,3.141486,0.2,-0.005316,0.199825,0.000182,camera_link,15.383334,gnm_closed_loop,,nominal,,True,ok,third_party/visualnav-transformer/model_weights/gnm/gnm.pth,17.32,0.3,-0.0053,0.8244,-0.0044,7.38,,,gnm_closed_loop,0.2,-0.005316,normalized_stop_ab_20260708,G,baseline_no_stop,,,,,,,False,hospital_fresh_medium_G,2.3731,True,0.3,-0.005316,0.2,-0.005316,True,armed,False,,True,shadow,results/bo_reviewer_packet/temporal_stop_head/22_temporal_stop_head_model.pt,0.116,0.0,False,0.5,,,2.3764,False,,,False
normcmp_G_baseline_20260708_153849,341,15.400001,1783521535.746144,1.369777,0.500064,-0.0,3.141486,0.2,-0.005316,0.199825,0.000182,camera_link,15.400001,gnm_closed_loop,,nominal,,True,ok,third_party/visualnav-transformer/model_weights/gnm/gnm.pth,17.32,0.3,-0.0053,0.8244,-0.0044,7.38,,,gnm_closed_loop,0.2,-0.005316,normalized_stop_ab_20260708,G,baseline_no_stop,,,,,,,False,hospital_fresh_medium_G,2.3698,True,0.3,-0.005316,0.2,-0.005316,True,armed,False,,True,shadow,results/bo_reviewer_packet/temporal_stop_head/22_temporal_stop_head_model.pt,0.116,0.0,False,0.5,,,2.3764,False,,,False
normcmp_G_baseline_20260708_153849,342,15.416667,1783521535.768231,1.366453,0.500065,-0.0,3.141486,0.2,-0.005303,0.199789,0.000616,camera_link,15.416667,gnm_closed_loop,,nominal,,True,ok,third_party/visualnav-transformer/model_weights/gnm/gnm.pth,12.59,0.3,-0.0053,0.8191,-0.0043,7.31,,,gnm_closed_loop,0.2,-0.005303,normalized_stop_ab_20260708,G,baseline_no_stop,,,,,,,False,hospital_fresh_medium_G,2.3665,True,0.3,-0.005303,0.2,-0.005303,True,armed,False,,True,shadow,results/bo_reviewer_packet/temporal_stop_head/22_temporal_stop_head_model.pt,0.123,0.0,False,0.5,,,2.3665,False,,,False
normcmp_G_baseline_20260708_153849,343,15.433334,1783521535.770525,1.363128,0.500065,-0.0,3.141485,0.2,-0.005303,0.199789,0.000616,camera_link,15.433334,gnm_closed_loop,,nominal,,True,ok,third_party/visualnav-transformer/model_weights/gnm/gnm.pth,12.59,0.3,-0.0053,0.8191,-0.0043,7.31,,,gnm_closed_loop,0.2,-0.005303,normalized_stop_ab_20260708,G,baseline_no_stop,,,,,,,False,hospital_fresh_medium_G,2.3631,True,0.3,-0.005303,0.2,-0.005303,True,armed,False,,True,shadow,results/bo_reviewer_packet/temporal_stop_head/22_temporal_stop_head_model.pt,0.123,0.0,False,0.5,,,2.3665,False,,,False
normcmp_G_baseline_20260708_153849,344,15.450001,1783521535.772437,1.359803,0.500066,-0.0,3.141485,0.2,-0.005303,0.199789,0.000616,camera_link,15.450001,gnm_closed_loop,,nominal,,True,ok,third_party/visualnav-transformer/model_weights/gnm/gnm.pth,12.59,0.3,-0.0053,0.8191,-0.0043,7.31,,,gnm_closed_loop,0.2,-0.005303,normalized_stop_ab_20260708,G,baseline_no_stop,,,,,,,False,hospital_fresh_medium_G,2.3598,True,0.3,-0.005303,0.2,-0.005303,True,armed,False,,True,shadow,results/bo_reviewer_packet/temporal_stop_head/22_temporal_stop_head_model.pt,0.123,0.0,False,0.5,,,2.3665,False,,,False
normcmp_G_baseline_20260708_153849,345,15.466667,1783521535.795012,1.356479,0.500066,-0.0,3.141485,0.2,-0.005757,0.199828,0.000753,camera_link,15.466667,gnm_closed_loop,,nominal,,True,ok,third_party/visualnav-transformer/model_weights/gnm/gnm.pth,12.88,0.3,-0.0058,0.8165,-0.0047,7.31,,,gnm_closed_loop,0.2,-0.005757,normalized_stop_ab_20260708,G,baseline_no_stop,,,,,,,False,hospital_fresh_medium_G,2.3565,True,0.3,-0.005757,0.2,-0.005757,True,armed,False,,True,shadow,results/bo_reviewer_packet/temporal_stop_head/22_temporal_stop_head_model.pt,0.119,0.0,False,0.5,,,2.3565,False,,,False
normcmp_G_baseline_20260708_153849,346,15.483334,1783521535.797941,1.353154,0.500066,-0.0,3.141484,0.2,-0.005757,0.199828,0.000753,camera_link,15.483334,gnm_closed_loop,,nominal,,True,ok,third_party/visualnav-transformer/model_weights/gnm/gnm.pth,12.88,0.3,-0.0058,0.8165,-0.0047,7.31,,,gnm_closed_loop,0.2,-0.005757,normalized_stop_ab_20260708,G,baseline_no_stop,,,,,,,False,hospital_fresh_medium_G,2.3532,True,0.3,-0.005757,0.2,-0.005757,True,armed,False,,True,shadow,results/bo_reviewer_packet/temporal_stop_head/22_temporal_stop_head_model.pt,0.119,0.0,False,0.5,,,2.3565,False,,,False
normcmp_G_baseline_20260708_153849,347,15.500001,1783521535.799818,1.349829,0.500066,-0.0,3.141484,0.2,-0.005757,0.199828,0.000753,camera_link,15.500001,gnm_closed_loop,,nominal,,True,ok,third_party/visualnav-transformer/model_weights/gnm/gnm.pth,12.88,0.3,-0.0058,0.8165,-0.0047,7.31,,,gnm_closed_loop,0.2,-0.005757,normalized_stop_ab_20260708,G,baseline_no_stop,,,,,,,False,hospital_fresh_medium_G,2.3498,True,0.3,-0.005757,0.2,-0.005757,True,armed,False,,True,shadow,results/bo_reviewer_packet/temporal_stop_head/22_temporal_stop_head_model.pt,0.119,0.0,False,0.5,,,2.3565,False,,,False
normcmp_G_baseline_20260708_153849,348,15.516667,1783521535.822446,1.346505,0.500067,-0.0,3.141484,0.2,-0.006059,0.199838,0.000105,camera_link,15.516667,gnm_closed_loop,,nominal,,True,ok,third_party/visualnav-transformer/model_weights/gnm/gnm.pth,13.05,0.3,-0.0061,0.8139,-0.0049,7.35,,,gnm_closed_loop,0.2,-0.006059,normalized_stop_ab_20260708,G,baseline_no_stop,,,,,,,False,hospital_fresh_medium_G,2.3465,True,0.3,-0.006059,0.2,-0.006059,True,armed,False,,True,shadow,results/bo_reviewer_packet/temporal_stop_head/22_temporal_stop_head_model.pt,0.097,0.0,False,0.5,,,2.3465,False,,,False
normcmp_G_baseline_20260708_153849,349,15.533334,1783521535.82498,1.34318,0.500067,-0.0,3.141484,0.2,-0.006059,0.199838,0.000105,camera_link,15.533334,gnm_closed_loop,,nominal,,True,ok,third_party/visualnav-transformer/model_weights/gnm/gnm.pth,13.05,0.3,-0.0061,0.8139,-0.0049,7.35,,,gnm_closed_loop,0.2,-0.006059,normalized_stop_ab_20260708,G,baseline_no_stop,,,,,,,False,hospital_fresh_medium_G,2.3432,True,0.3,-0.006059,0.2,-0.006059,True,armed,False,,True,shadow,results/bo_reviewer_packet/temporal_stop_head/22_temporal_stop_head_model.pt,0.097,0.0,False,0.5,,,2.3465,False,,,False
normcmp_G_baseline_20260708_153849,350,15.550001,1783521535.826936,1.339856,0.500068,-0.0,3.141483,0.2,-0.006059,0.199838,0.000105,camera_link,15.550001,gnm_closed_loop,,nominal,,True,ok,third_party/visualnav-transformer/model_weights/gnm/gnm.pth,13.05,0.3,-0.0061,0.8139,-0.0049,7.35,,,gnm_closed_loop,0.2,-0.006059,normalized_stop_ab_20260708,G,baseline_no_stop,,,,,,,False,hospital_fresh_medium_G,2.3399,True,0.3,-0.006059,0.2,-0.006059,True,armed,False,,True,shadow,results/bo_reviewer_packet/temporal_stop_head/22_temporal_stop_head_model.pt,0.097,0.0,False,0.5,,,2.3465,False,,,False
normcmp_G_baseline_20260708_153849,351,15.566667,1783521535.851052,1.336532,0.500068,-0.0,3.141483,0.2,-0.005943,0.199832,4e-05,camera_link,15.566667,gnm_closed_loop,,nominal,,True,ok,third_party/visualnav-transformer/model_weights/gnm/gnm.pth,13.7,0.3,-0.0059,0.8138,-0.0048,7.33,,,gnm_closed_loop,0.2,-0.005943,normalized_stop_ab_20260708,G,baseline_no_stop,,,,,,,False,hospital_fresh_medium_G,2.3365,True,0.3,-0.005943,0.2,-0.005943,True,armed,False,,True,shadow,results/bo_reviewer_packet/temporal_stop_head/22_temporal_stop_head_model.pt,0.115,0.0,False,0.5,,,2.3365,False,,,False
normcmp_G_baseline_20260708_153849,352,15.583334,1783521535.853351,1.333207,0.500068,-0.0,3.141483,0.2,-0.005943,0.199832,4e-05,camera_link,15.583334,gnm_closed_loop,,nominal,,True,ok,third_party/visualnav-transformer/model_weights/gnm/gnm.pth,13.7,0.3,-0.0059,0.8138,-0.0048,7.33,,,gnm_closed_loop,0.2,-0.005943,normalized_stop_ab_20260708,G,baseline_no_stop,,,,,,,False,hospital_fresh_medium_G,2.3332,True,0.3,-0.005943,0.2,-0.005943,True,armed,False,,True,shadow,results/bo_reviewer_packet/temporal_stop_head/22_temporal_stop_head_model.pt,0.115,0.0,False,0.5,,,2.3365,False,,,False
normcmp_G_baseline_20260708_153849,353,15.600001,1783521535.855256,1.329882,0.500068,-0.0,3.141483,0.2,-0.005943,0.199832,4e-05,camera_link,15.600001,gnm_closed_loop,,nominal,,True,ok,third_party/visualnav-transformer/model_weights/gnm/gnm.pth,13.7,0.3,-0.0059,0.8138,-0.0048,7.33,,,gnm_closed_loop,0.2,-0.005943,normalized_stop_ab_20260708,G,baseline_no_stop,,,,,,,False,hospital_fresh_medium_G,2.3299,True,0.3,-0.005943,0.2,-0.005943,True,armed,False,,True,shadow,results/bo_reviewer_packet/temporal_stop_head/22_temporal_stop_head_model.pt,0.115,0.0,False,0.5,,,2.3365,False,,,False
normcmp_G_baseline_20260708_153849,354,15.616667,1783521535.88259,1.326558,0.500069,-0.0,3.141483,0.2,-0.006494,0.199825,0.000647,camera_link,15.616667,gnm_closed_loop,,nominal,,True,ok,third_party/visualnav-transformer/model_weights/gnm/gnm.pth,16.27,0.3,-0.0065,0.8121,-0.0053,7.37,,,gnm_closed_loop,0.2,-0.006494,normalized_stop_ab_20260708,G,baseline_no_stop,,,,,,,False,hospital_fresh_medium_G,2.3266,True,0.3,-0.006494,0.2,-0.006494,True,armed,False,,True,shadow,results/bo_reviewer_packet/temporal_stop_head/22_temporal_stop_head_model.pt,0.124,0.0,False,0.5,,,2.3266,False,,,False
normcmp_G_baseline_20260708_153849,355,15.633334,1783521535.885436,1.323233,0.500069,-0.0,3.141482,0.2,-0.006494,0.199825,0.000647,camera_link,15.633334,gnm_closed_loop,,nominal,,True,ok,third_party/visualnav-transformer/model_weights/gnm/gnm.pth,16.27,0.3,-0.0065,0.8121,-0.0053,7.37,,,gnm_closed_loop,0.2,-0.006494,normalized_stop_ab_20260708,G,baseline_no_stop,,,,,,,False,hospital_fresh_medium_G,2.3232,True,0.3,-0.006494,0.2,-0.006494,True,armed,False,,True,shadow,results/bo_reviewer_packet/temporal_stop_head/22_temporal_stop_head_model.pt,0.124,0.0,False,0.5,,,2.3266,False,,,False
normcmp_G_baseline_20260708_153849,356,15.650001,1783521535.887709,1.319909,0.50007,-0.0,3.141483,0.2,-0.006494,0.199825,0.000647,camera_link,15.650001,gnm_closed_loop,,nominal,,True,ok,third_party/visualnav-transformer/model_weights/gnm/gnm.pth,16.27,0.3,-0.0065,0.8121,-0.0053,7.37,,,gnm_closed_loop,0.2,-0.006494,normalized_stop_ab_20260708,G,baseline_no_stop,,,,,,,False,hospital_fresh_medium_G,2.3199,True,0.3,-0.006494,0.2,-0.006494,True,armed,False,,True,shadow,results/bo_reviewer_packet/temporal_stop_head/22_temporal_stop_head_model.pt,0.124,0.0,False,0.5,,,2.3266,False,,,False
normcmp_G_baseline_20260708_153849,357,15.666667,1783521535.912927,1.316584,0.50007,-0.0,3.141482,0.2,-0.006197,0.199824,0.000619,camera_link,15.666667,gnm_closed_loop,,nominal,,True,ok,third_party/visualnav-transformer/model_weights/gnm/gnm.pth,13.12,0.3,-0.0062,0.8173,-0.0051,7.37,,,gnm_closed_loop,0.2,-0.006197,normalized_stop_ab_20260708,G,baseline_no_stop,,,,,,,False,hospital_fresh_medium_G,2.3166,True,0.3,-0.006197,0.2,-0.006197,True,armed,False,,True,shadow,results/bo_reviewer_packet/temporal_stop_head/22_temporal_stop_head_model.pt,0.11,0.0,False,0.5,,,2.3166,False,,,False
normcmp_G_baseline_20260708_153849,358,15.683334,1783521535.915334,1.31326,0.50007,-0.0,3.141482,0.2,-0.006197,0.199824,0.000619,camera_link,15.683334,gnm_closed_loop,,nominal,,True,ok,third_party/visualnav-transformer/model_weights/gnm/gnm.pth,13.12,0.3,-0.0062,0.8173,-0.0051,7.37,,,gnm_closed_loop,0.2,-0.006197,normalized_stop_ab_20260708,G,baseline_no_stop,,,,,,,False,hospital_fresh_medium_G,2.3133,True,0.3,-0.006197,0.2,-0.006197,True,armed,False,,True,shadow,results/bo_reviewer_packet/temporal_stop_head/22_temporal_stop_head_model.pt,0.11,0.0,False,0.5,,,2.3166,False,,,False
normcmp_G_baseline_20260708_153849,359,15.700001,1783521535.917308,1.309935,0.500071,-0.0,3.141482,0.2,-0.006197,0.199824,0.000619,camera_link,15.700001,gnm_closed_loop,,nominal,,True,ok,third_party/visualnav-transformer/model_weights/gnm/gnm.pth,13.12,0.3,-0.0062,0.8173,-0.0051,7.37,,,gnm_closed_loop,0.2,-0.006197,normalized_stop_ab_20260708,G,baseline_no_stop,,,,,,,False,hospital_fresh_medium_G,2.3099,True,0.3,-0.006197,0.2,-0.006197,True,armed,False,,True,shadow,results/bo_reviewer_packet/temporal_stop_head/22_temporal_stop_head_model.pt,0.11,0.0,False,0.5,,,2.3166,False,,,False
normcmp_G_baseline_20260708_153849,360,15.716667,1783521535.940982,1.306611,0.500071,-0.0,3.141482,0.2,-0.005187,0.19981,-6e-05,camera_link,15.716667,gnm_closed_loop,,nominal,,True,ok,third_party/visualnav-transformer/model_weights/gnm/gnm.pth,12.87,0.3,-0.0052,0.8215,-0.0043,7.29,,,gnm_closed_loop,0.2,-0.005187,normalized_stop_ab_20260708,G,baseline_no_stop,,,,,,,False,hospital_fresh_medium_G,2.3066,True,0.3,-0.005187,0.2,-0.005187,True,armed,False,,True,shadow,results/bo_reviewer_packet/temporal_stop_head/22_temporal_stop_head_model.pt,0.143,0.0,False,0.5,,,2.3066,False,,,False
normcmp_G_baseline_20260708_153849,361,15.733334,1783521535.943275,1.303286,0.500072,-0.0,3.141482,0.2,-0.005187,0.19981,-6e-05,camera_link,15.733334,gnm_closed_loop,,nominal,,True,ok,third_party/visualnav-transformer/model_weights/gnm/gnm.pth,12.87,0.3,-0.0052,0.8215,-0.0043,7.29,,,gnm_closed_loop,0.2,-0.005187,normalized_stop_ab_20260708,G,baseline_no_stop,,,,,,,False,hospital_fresh_medium_G,2.3033,True,0.3,-0.005187,0.2,-0.005187,True,armed,False,,True,shadow,results/bo_reviewer_packet/temporal_stop_head/22_temporal_stop_head_model.pt,0.143,0.0,False,0.5,,,2.3066,False,,,False
normcmp_G_baseline_20260708_153849,362,15.750001,1783521535.945162,1.299961,0.500072,-0.0,3.141482,0.2,-0.005187,0.19981,-6e-05,camera_link,15.750001,gnm_closed_loop,,nominal,,True,ok,third_party/visualnav-transformer/model_weights/gnm/gnm.pth,12.87,0.3,-0.0052,0.8215,-0.0043,7.29,,,gnm_closed_loop,0.2,-0.005187,normalized_stop_ab_20260708,G,baseline_no_stop,,,,,,,False,hospital_fresh_medium_G,2.3,True,0.3,-0.005187,0.2,-0.005187,True,armed,False,,True,shadow,results/bo_reviewer_packet/temporal_stop_head/22_temporal_stop_head_model.pt,0.143,0.0,False,0.5,,,2.3066,False,,,False
normcmp_G_baseline_20260708_153849,363,15.766667,1783521535.969075,1.296637,0.500073,-0.0,3.141482,0.2,-0.003924,0.199821,0.00018,camera_link,15.766667,gnm_closed_loop,,nominal,,True,ok,third_party/visualnav-transformer/model_weights/gnm/gnm.pth,12.92,0.3,-0.0039,0.8274,-0.0032,7.21,,,gnm_closed_loop,0.2,-0.003924,normalized_stop_ab_20260708,G,baseline_no_stop,,,,,,,False,hospital_fresh_medium_G,2.2966,True,0.3,-0.003924,0.2,-0.003924,True,armed,False,,True,shadow,results/bo_reviewer_packet/temporal_stop_head/22_temporal_stop_head_model.pt,0.119,0.0,False,0.5,,,2.2966,False,,,False
normcmp_G_baseline_20260708_153849,364,15.783334,1783521535.972051,1.293312,0.500073,-0.0,3.141482,0.2,-0.003924,0.199821,0.00018,camera_link,15.783334,gnm_closed_loop,,nominal,,True,ok,third_party/visualnav-transformer/model_weights/gnm/gnm.pth,12.92,0.3,-0.0039,0.8274,-0.0032,7.21,,,gnm_closed_loop,0.2,-0.003924,normalized_stop_ab_20260708,G,baseline_no_stop,,,,,,,False,hospital_fresh_medium_G,2.2933,True,0.3,-0.003924,0.2,-0.003924,True,armed,False,,True,shadow,results/bo_reviewer_packet/temporal_stop_head/22_temporal_stop_head_model.pt,0.119,0.0,False,0.5,,,2.2966,False,,,False
normcmp_G_baseline_20260708_153849,365,15.800001,1783521535.973995,1.289988,0.500074,-0.0,3.141482,0.2,-0.003924,0.199821,0.00018,camera_link,15.800001,gnm_closed_loop,,nominal,,True,ok,third_party/visualnav-transformer/model_weights/gnm/gnm.pth,12.92,0.3,-0.0039,0.8274,-0.0032,7.21,,,gnm_closed_loop,0.2,-0.003924,normalized_stop_ab_20260708,G,baseline_no_stop,,,,,,,False,hospital_fresh_medium_G,2.29,True,0.3,-0.003924,0.2,-0.003924,True,armed,False,,True,shadow,results/bo_reviewer_packet/temporal_stop_head/22_temporal_stop_head_model.pt,0.119,0.0,False,0.5,,,2.2966,False,,,False
normcmp_G_baseline_20260708_153849,366,15.816667,1783521535.996767,1.286663,0.500074,-0.0,3.141482,0.2,-0.003265,0.199825,0.000212,camera_link,15.816667,gnm_closed_loop,,nominal,,True,ok,third_party/visualnav-transformer/model_weights/gnm/gnm.pth,13.01,0.3,-0.0033,0.8284,-0.0027,7.12,,,gnm_closed_loop,0.2,-0.003265,normalized_stop_ab_20260708,G,baseline_no_stop,,,,,,,False,hospital_fresh_medium_G,2.2867,True,0.3,-0.003265,0.2,-0.003265,True,armed,False,,True,shadow,results/bo_reviewer_packet/temporal_stop_head/22_temporal_stop_head_model.pt,0.111,0.0,False,0.5,,,2.2867,False,,,False
normcmp_G_baseline_20260708_153849,367,15.833334,1783521535.998916,1.283339,0.500074,-0.0,3.141482,0.2,-0.003265,0.199825,0.000212,camera_link,15.833334,gnm_closed_loop,,nominal,,True,ok,third_party/visualnav-transformer/model_weights/gnm/gnm.pth,13.01,0.3,-0.0033,0.8284,-0.0027,7.12,,,gnm_closed_loop,0.2,-0.003265,normalized_stop_ab_20260708,G,baseline_no_stop,,,,,,,False,hospital_fresh_medium_G,2.2833,True,0.3,-0.003265,0.2,-0.003265,True,armed,False,,True,shadow,results/bo_reviewer_packet/temporal_stop_head/22_temporal_stop_head_model.pt,0.111,0.0,False,0.5,,,2.2867,False,,,False
normcmp_G_baseline_20260708_153849,368,15.850001,1783521536.001007,1.280014,0.500075,-0.0,3.141481,0.2,-0.003265,0.199825,0.000212,camera_link,15.850001,gnm_closed_loop,,nominal,,True,ok,third_party/visualnav-transformer/model_weights/gnm/gnm.pth,13.01,0.3,-0.0033,0.8284,-0.0027,7.12,,,gnm_closed_loop,0.2,-0.003265,normalized_stop_ab_20260708,G,baseline_no_stop,,,,,,,False,hospital_fresh_medium_G,2.28,True,0.3,-0.003265,0.2,-0.003265,True,armed,False,,True,shadow,results/bo_reviewer_packet/temporal_stop_head/22_temporal_stop_head_model.pt,0.111,0.0,False,0.5,,,2.2867,False,,,False
normcmp_G_baseline_20260708_153849,369,15.866667,1783521536.025117,1.27669,0.500075,-0.0,3.141481,0.2,-0.003422,0.199823,3.3e-05,camera_link,15.866667,gnm_closed_loop,,nominal,,True,ok,third_party/visualnav-transformer/model_weights/gnm/gnm.pth,13.68,0.3,-0.0034,0.8279,-0.0028,7.07,,,gnm_closed_loop,0.2,-0.003422,normalized_stop_ab_20260708,G,baseline_no_stop,,,,,,,False,hospital_fresh_medium_G,2.2767,True,0.3,-0.003422,0.2,-0.003422,True,armed,False,,True,shadow,results/bo_reviewer_packet/temporal_stop_head/22_temporal_stop_head_model.pt,0.11,0.0,False,0.5,,,2.2767,False,,,False
normcmp_G_baseline_20260708_153849,370,15.883334,1783521536.027727,1.273365,0.500075,-0.0,3.141481,0.2,-0.003422,0.199823,3.3e-05,camera_link,15.883334,gnm_closed_loop,,nominal,,True,ok,third_party/visualnav-transformer/model_weights/gnm/gnm.pth,13.68,0.3,-0.0034,0.8279,-0.0028,7.07,,,gnm_closed_loop,0.2,-0.003422,normalized_stop_ab_20260708,G,baseline_no_stop,,,,,,,False,hospital_fresh_medium_G,2.2734,True,0.3,-0.003422,0.2,-0.003422,True,armed,False,,True,shadow,results/bo_reviewer_packet/temporal_stop_head/22_temporal_stop_head_model.pt,0.11,0.0,False,0.5,,,2.2767,False,,,False
normcmp_G_baseline_20260708_153849,371,15.900001,1783521536.029841,1.270042,0.500076,-0.0,3.141481,0.2,-0.003422,0.199823,3.3e-05,camera_link,15.900001,gnm_closed_loop,,nominal,,True,ok,third_party/visualnav-transformer/model_weights/gnm/gnm.pth,13.68,0.3,-0.0034,0.8279,-0.0028,7.07,,,gnm_closed_loop,0.2,-0.003422,normalized_stop_ab_20260708,G,baseline_no_stop,,,,,,,False,hospital_fresh_medium_G,2.27,True,0.3,-0.003422,0.2,-0.003422,True,armed,False,,True,shadow,results/bo_reviewer_packet/temporal_stop_head/22_temporal_stop_head_model.pt,0.11,0.0,False,0.5,,,2.2767,False,,,False
normcmp_G_baseline_20260708_153849,372,15.916667,1783521536.052632,1.266717,0.500076,-0.0,3.141482,0.2,-0.004006,0.199824,9.2e-05,camera_link,15.916667,gnm_closed_loop,,nominal,,True,ok,third_party/visualnav-transformer/model_weights/gnm/gnm.pth,12.92,0.3,-0.004,0.8236,-0.0033,7.07,,,gnm_closed_loop,0.2,-0.004006,normalized_stop_ab_20260708,G,baseline_no_stop,,,,,,,False,hospital_fresh_medium_G,2.2667,True,0.3,-0.004006,0.2,-0.004006,True,armed,False,,True,shadow,results/bo_reviewer_packet/temporal_stop_head/22_temporal_stop_head_model.pt,0.111,0.0,False,0.5,,,2.2667,False,,,False
normcmp_G_baseline_20260708_153849,373,15.933334,1783521536.054981,1.263392,0.500077,-0.0,3.141481,0.2,-0.004006,0.199824,9.2e-05,camera_link,15.933334,gnm_closed_loop,,nominal,,True,ok,third_party/visualnav-transformer/model_weights/gnm/gnm.pth,12.92,0.3,-0.004,0.8236,-0.0033,7.07,,,gnm_closed_loop,0.2,-0.004006,normalized_stop_ab_20260708,G,baseline_no_stop,,,,,,,False,hospital_fresh_medium_G,2.2634,True,0.3,-0.004006,0.2,-0.004006,True,armed,False,,True,shadow,results/bo_reviewer_packet/temporal_stop_head/22_temporal_stop_head_model.pt,0.111,0.0,False,0.5,,,2.2667,False,,,False
normcmp_G_baseline_20260708_153849,374,15.950001,1783521536.056959,1.260068,0.500077,-0.0,3.141481,0.2,-0.004006,0.199824,9.2e-05,camera_link,15.950001,gnm_closed_loop,,nominal,,True,ok,third_party/visualnav-transformer/model_weights/gnm/gnm.pth,12.92,0.3,-0.004,0.8236,-0.0033,7.07,,,gnm_closed_loop,0.2,-0.004006,normalized_stop_ab_20260708,G,baseline_no_stop,,,,,,,False,hospital_fresh_medium_G,2.2601,True,0.3,-0.004006,0.2,-0.004006,True,armed,False,,True,shadow,results/bo_reviewer_packet/temporal_stop_head/22_temporal_stop_head_model.pt,0.111,0.0,False,0.5,,,2.2667,False,,,False
normcmp_G_baseline_20260708_153849,375,15.966667,1783521536.081239,1.256743,0.500077,-0.0,3.141481,0.2,-0.004468,0.199805,0.000334,camera_link,15.966667,gnm_closed_loop,,nominal,,True,ok,third_party/visualnav-transformer/model_weights/gnm/gnm.pth,13.54,0.3,-0.0045,0.8225,-0.0037,7.06,,,gnm_closed_loop,0.2,-0.004468,normalized_stop_ab_20260708,G,baseline_no_stop,,,,,,,False,hospital_fresh_medium_G,2.2567,True,0.3,-0.004468,0.2,-0.004468,True,armed,False,,True,shadow,results/bo_reviewer_packet/temporal_stop_head/22_temporal_stop_head_model.pt,0.113,0.0,False,0.5,,,2.2567,False,,,False
normcmp_G_baseline_20260708_153849,376,15.983334,1783521536.083537,1.253418,0.500078,-0.0,3.141481,0.2,-0.004468,0.199805,0.000334,camera_link,15.983334,gnm_closed_loop,,nominal,,True,ok,third_party/visualnav-transformer/model_weights/gnm/gnm.pth,13.54,0.3,-0.0045,0.8225,-0.0037,7.06,,,gnm_closed_loop,0.2,-0.004468,normalized_stop_ab_20260708,G,baseline_no_stop,,,,,,,False,hospital_fresh_medium_G,2.2534,True,0.3,-0.004468,0.2,-0.004468,True,armed,False,,True,shadow,results/bo_reviewer_packet/temporal_stop_head/22_temporal_stop_head_model.pt,0.113,0.0,False,0.5,,,2.2567,False,,,False
normcmp_G_baseline_20260708_153849,377,16.000001,1783521536.085539,1.250094,0.500078,-0.0,3.141481,0.2,-0.004468,0.199805,0.000334,camera_link,16.000001,gnm_closed_loop,,nominal,,True,ok,third_party/visualnav-transformer/model_weights/gnm/gnm.pth,13.54,0.3,-0.0045,0.8225,-0.0037,7.06,,,gnm_closed_loop,0.2,-0.004468,normalized_stop_ab_20260708,G,baseline_no_stop,,,,,,,False,hospital_fresh_medium_G,2.2501,True,0.3,-0.004468,0.2,-0.004468,True,armed,False,,True,shadow,results/bo_reviewer_packet/temporal_stop_head/22_temporal_stop_head_model.pt,0.113,0.0,False,0.5,,,2.2567,False,,,False
normcmp_G_baseline_20260708_153849,378,16.016668,1783521536.109162,1.24677,0.500078,-0.0,3.141481,0.2,-0.005112,0.199816,-0.000159,camera_link,16.016668,gnm_closed_loop,,nominal,,True,ok,third_party/visualnav-transformer/model_weights/gnm/gnm.pth,13.07,0.3,-0.0051,0.8177,-0.0042,7.06,,,gnm_closed_loop,0.2,-0.005112,normalized_stop_ab_20260708,G,baseline_no_stop,,,,,,,False,hospital_fresh_medium_G,2.2468,True,0.3,-0.005112,0.2,-0.005112,True,armed,False,,True,shadow,results/bo_reviewer_packet/temporal_stop_head/22_temporal_stop_head_model.pt,0.124,0.0,False,0.5,,,2.2468,False,,,False
normcmp_G_baseline_20260708_153849,379,16.033334,1783521536.111348,1.243445,0.500078,-0.0,3.141481,0.2,-0.005112,0.199816,-0.000159,camera_link,16.033334,gnm_closed_loop,,nominal,,True,ok,third_party/visualnav-transformer/model_weights/gnm/gnm.pth,13.07,0.3,-0.0051,0.8177,-0.0042,7.06,,,gnm_closed_loop,0.2,-0.005112,normalized_stop_ab_20260708,G,baseline_no_stop,,,,,,,False,hospital_fresh_medium_G,2.2434,True,0.3,-0.005112,0.2,-0.005112,True,armed,False,,True,shadow,results/bo_reviewer_packet/temporal_stop_head/22_temporal_stop_head_model.pt,0.124,0.0,False,0.5,,,2.2468,False,,,False
normcmp_G_baseline_20260708_153849,380,16.050001,1783521536.113284,1.240121,0.500079,-0.0,3.141481,0.2,-0.005112,0.199816,-0.000159,camera_link,16.050001,gnm_closed_loop,,nominal,,True,ok,third_party/visualnav-transformer/model_weights/gnm/gnm.pth,13.07,0.3,-0.0051,0.8177,-0.0042,7.06,,,gnm_closed_loop,0.2,-0.005112,normalized_stop_ab_20260708,G,baseline_no_stop,,,,,,,False,hospital_fresh_medium_G,2.2401,True,0.3,-0.005112,0.2,-0.005112,True,armed,False,,True,shadow,results/bo_reviewer_packet/temporal_stop_head/22_temporal_stop_head_model.pt,0.124,0.0,False,0.5,,,2.2468,False,,,False
normcmp_G_baseline_20260708_153849,381,16.066668,1783521536.13813,1.236797,0.500079,-0.0,3.14148,0.2,-0.005347,0.199832,0.000481,camera_link,16.066668,gnm_closed_loop,,nominal,,True,ok,third_party/visualnav-transformer/model_weights/gnm/gnm.pth,13.13,0.3,-0.0053,0.8196,-0.0044,7.04,,,gnm_closed_loop,0.2,-0.005347,normalized_stop_ab_20260708,G,baseline_no_stop,,,,,,,False,hospital_fresh_medium_G,2.2368,True,0.3,-0.005347,0.2,-0.005347,True,armed,False,,True,shadow,results/bo_reviewer_packet/temporal_stop_head/22_temporal_stop_head_model.pt,0.111,0.0,False,0.5,,,2.2368,False,,,False
normcmp_G_baseline_20260708_153849,382,16.083334,1783521536.14137,1.233472,0.50008,-0.0,3.14148,0.2,-0.005347,0.199832,0.000481,camera_link,16.083334,gnm_closed_loop,,nominal,,True,ok,third_party/visualnav-transformer/model_weights/gnm/gnm.pth,13.13,0.3,-0.0053,0.8196,-0.0044,7.04,,,gnm_closed_loop,0.2,-0.005347,normalized_stop_ab_20260708,G,baseline_no_stop,,,,,,,False,hospital_fresh_medium_G,2.2335,True,0.3,-0.005347,0.2,-0.005347,True,armed,False,,True,shadow,results/bo_reviewer_packet/temporal_stop_head/22_temporal_stop_head_model.pt,0.111,0.0,False,0.5,,,2.2368,False,,,False
normcmp_G_baseline_20260708_153849,383,16.100001,1783521536.14336,1.230147,0.50008,-0.0,3.14148,0.2,-0.005347,0.199832,0.000481,camera_link,16.100001,gnm_closed_loop,,nominal,,True,ok,third_party/visualnav-transformer/model_weights/gnm/gnm.pth,13.13,0.3,-0.0053,0.8196,-0.0044,7.04,,,gnm_closed_loop,0.2,-0.005347,normalized_stop_ab_20260708,G,baseline_no_stop,,,,,,,False,hospital_fresh_medium_G,2.2301,True,0.3,-0.005347,0.2,-0.005347,True,armed,False,,True,shadow,results/bo_reviewer_packet/temporal_stop_head/22_temporal_stop_head_model.pt,0.111,0.0,False,0.5,,,2.2368,False,,,False
normcmp_G_baseline_20260708_153849,384,16.116668,1783521536.168354,1.226822,0.500081,-0.0,3.14148,0.2,-0.005133,0.199822,0.000233,camera_link,16.116668,gnm_closed_loop,,nominal,,True,ok,third_party/visualnav-transformer/model_weights/gnm/gnm.pth,14.27,0.3,-0.0051,0.8224,-0.0042,6.96,,,gnm_closed_loop,0.2,-0.005133,normalized_stop_ab_20260708,G,baseline_no_stop,,,,,,,False,hospital_fresh_medium_G,2.2268,True,0.3,-0.005133,0.2,-0.005133,True,armed,False,,True,shadow,results/bo_reviewer_packet/temporal_stop_head/22_temporal_stop_head_model.pt,0.117,0.0,False,0.5,,,2.2268,False,,,False
normcmp_G_baseline_20260708_153849,385,16.133334,1783521536.170947,1.223498,0.500081,-0.0,3.14148,0.2,-0.005133,0.199822,0.000233,camera_link,16.133334,gnm_closed_loop,,nominal,,True,ok,third_party/visualnav-transformer/model_weights/gnm/gnm.pth,14.27,0.3,-0.0051,0.8224,-0.0042,6.96,,,gnm_closed_loop,0.2,-0.005133,normalized_stop_ab_20260708,G,baseline_no_stop,,,,,,,False,hospital_fresh_medium_G,2.2235,True,0.3,-0.005133,0.2,-0.005133,True,armed,False,,True,shadow,results/bo_reviewer_packet/temporal_stop_head/22_temporal_stop_head_model.pt,0.117,0.0,False,0.5,,,2.2268,False,,,False
normcmp_G_baseline_20260708_153849,386,16.150001,1783521536.172876,1.220174,0.500081,-0.0,3.14148,0.2,-0.005133,0.199822,0.000233,camera_link,16.150001,gnm_closed_loop,,nominal,,True,ok,third_party/visualnav-transformer/model_weights/gnm/gnm.pth,14.27,0.3,-0.0051,0.8224,-0.0042,6.96,,,gnm_closed_loop,0.2,-0.005133,normalized_stop_ab_20260708,G,baseline_no_stop,,,,,,,False,hospital_fresh_medium_G,2.2202,True,0.3,-0.005133,0.2,-0.005133,True,armed,False,,True,shadow,results/bo_reviewer_packet/temporal_stop_head/22_temporal_stop_head_model.pt,0.117,0.0,False,0.5,,,2.2268,False,,,False
normcmp_G_baseline_20260708_153849,387,16.166668,1783521536.195641,1.216849,0.500082,-0.0,3.14148,0.2,-0.004906,0.199831,-7.9e-05,camera_link,16.166668,gnm_closed_loop,,nominal,,True,ok,third_party/visualnav-transformer/model_weights/gnm/gnm.pth,12.96,0.3,-0.0049,0.8246,-0.004,6.94,,,gnm_closed_loop,0.2,-0.004906,normalized_stop_ab_20260708,G,baseline_no_stop,,,,,,,False,hospital_fresh_medium_G,2.2168,True,0.3,-0.004906,0.2,-0.004906,True,armed,False,,True,shadow,results/bo_reviewer_packet/temporal_stop_head/22_temporal_stop_head_model.pt,0.123,0.0,False,0.5,,,2.2168,False,,,False
normcmp_G_baseline_20260708_153849,388,16.183334,1783521536.198087,1.213524,0.500082,-0.0,3.14148,0.2,-0.004906,0.199831,-7.9e-05,camera_link,16.183334,gnm_closed_loop,,nominal,,True,ok,third_party/visualnav-transformer/model_weights/gnm/gnm.pth,12.96,0.3,-0.0049,0.8246,-0.004,6.94,,,gnm_closed_loop,0.2,-0.004906,normalized_stop_ab_20260708,G,baseline_no_stop,,,,,,,False,hospital_fresh_medium_G,2.2135,True,0.3,-0.004906,0.2,-0.004906,True,armed,False,,True,shadow,results/bo_reviewer_packet/temporal_stop_head/22_temporal_stop_head_model.pt,0.123,0.0,False,0.5,,,2.2168,False,,,False
normcmp_G_baseline_20260708_153849,389,16.200001,1783521536.199875,1.2102,0.500083,-0.0,3.14148,0.2,-0.004906,0.199831,-7.9e-05,camera_link,16.200001,gnm_closed_loop,,nominal,,True,ok,third_party/visualnav-transformer/model_weights/gnm/gnm.pth,12.96,0.3,-0.0049,0.8246,-0.004,6.94,,,gnm_closed_loop,0.2,-0.004906,normalized_stop_ab_20260708,G,baseline_no_stop,,,,,,,False,hospital_fresh_medium_G,2.2102,True,0.3,-0.004906,0.2,-0.004906,True,armed,False,,True,shadow,results/bo_reviewer_packet/temporal_stop_head/22_temporal_stop_head_model.pt,0.123,0.0,False,0.5,,,2.2168,False,,,False
normcmp_G_baseline_20260708_153849,390,16.216668,1783521536.222492,1.206875,0.500083,-0.0,3.14148,0.2,-0.004641,0.199836,0.000657,camera_link,16.216668,gnm_closed_loop,,nominal,,True,ok,third_party/visualnav-transformer/model_weights/gnm/gnm.pth,12.9,0.3,-0.0046,0.8272,-0.0038,6.91,,,gnm_closed_loop,0.2,-0.004641,normalized_stop_ab_20260708,G,baseline_no_stop,,,,,,,False,hospital_fresh_medium_G,2.2069,True,0.3,-0.004641,0.2,-0.004641,True,armed,False,,True,shadow,results/bo_reviewer_packet/temporal_stop_head/22_temporal_stop_head_model.pt,0.123,0.0,False,0.5,,,2.2069,False,,,False
normcmp_G_baseline_20260708_153849,391,16.233334,1783521536.224593,1.20355,0.500084,-0.0,3.141479,0.2,-0.004641,0.199836,0.000657,camera_link,16.233334,gnm_closed_loop,,nominal,,True,ok,third_party/visualnav-transformer/model_weights/gnm/gnm.pth,12.9,0.3,-0.0046,0.8272,-0.0038,6.91,,,gnm_closed_loop,0.2,-0.004641,normalized_stop_ab_20260708,G,baseline_no_stop,,,,,,,False,hospital_fresh_medium_G,2.2036,True,0.3,-0.004641,0.2,-0.004641,True,armed,False,,True,shadow,results/bo_reviewer_packet/temporal_stop_head/22_temporal_stop_head_model.pt,0.123,0.0,False,0.5,,,2.2069,False,,,False
normcmp_G_baseline_20260708_153849,392,16.250001,1783521536.226676,1.200226,0.500084,-0.0,3.141479,0.2,-0.004641,0.199836,0.000657,camera_link,16.250001,gnm_closed_loop,,nominal,,True,ok,third_party/visualnav-transformer/model_weights/gnm/gnm.pth,12.9,0.3,-0.0046,0.8272,-0.0038,6.91,,,gnm_closed_loop,0.2,-0.004641,normalized_stop_ab_20260708,G,baseline_no_stop,,,,,,,False,hospital_fresh_medium_G,2.2002,True,0.3,-0.004641,0.2,-0.004641,True,armed,False,,True,shadow,results/bo_reviewer_packet/temporal_stop_head/22_temporal_stop_head_model.pt,0.123,0.0,False,0.5,,,2.2069,False,,,False
normcmp_G_baseline_20260708_153849,393,16.266668,1783521536.250129,1.196901,0.500084,-0.0,3.141479,0.2,-0.004239,0.199834,5.8e-05,camera_link,16.266668,gnm_closed_loop,,nominal,,True,ok,third_party/visualnav-transformer/model_weights/gnm/gnm.pth,12.82,0.3,-0.0042,0.8291,-0.0035,6.84,,,gnm_closed_loop,0.2,-0.004239,normalized_stop_ab_20260708,G,baseline_no_stop,,,,,,,False,hospital_fresh_medium_G,2.1969,True,0.3,-0.004239,0.2,-0.004239,True,armed,False,,True,shadow,results/bo_reviewer_packet/temporal_stop_head/22_temporal_stop_head_model.pt,0.133,0.0,False,0.5,,,2.1969,False,,,False
normcmp_G_baseline_20260708_153849,394,16.283334,1783521536.252381,1.193577,0.500085,-0.0,3.141479,0.2,-0.004239,0.199834,5.8e-05,camera_link,16.283334,gnm_closed_loop,,nominal,,True,ok,third_party/visualnav-transformer/model_weights/gnm/gnm.pth,12.82,0.3,-0.0042,0.8291,-0.0035,6.84,,,gnm_closed_loop,0.2,-0.004239,normalized_stop_ab_20260708,G,baseline_no_stop,,,,,,,False,hospital_fresh_medium_G,2.1936,True,0.3,-0.004239,0.2,-0.004239,True,armed,False,,True,shadow,results/bo_reviewer_packet/temporal_stop_head/22_temporal_stop_head_model.pt,0.133,0.0,False,0.5,,,2.1969,False,,,False
normcmp_G_baseline_20260708_153849,395,16.300001,1783521536.254274,1.190252,0.500085,-0.0,3.141479,0.2,-0.004239,0.199834,5.8e-05,camera_link,16.300001,gnm_closed_loop,,nominal,,True,ok,third_party/visualnav-transformer/model_weights/gnm/gnm.pth,12.82,0.3,-0.0042,0.8291,-0.0035,6.84,,,gnm_closed_loop,0.2,-0.004239,normalized_stop_ab_20260708,G,baseline_no_stop,,,,,,,False,hospital_fresh_medium_G,2.1903,True,0.3,-0.004239,0.2,-0.004239,True,armed,False,,True,shadow,results/bo_reviewer_packet/temporal_stop_head/22_temporal_stop_head_model.pt,0.133,0.0,False,0.5,,,2.1969,False,,,False
normcmp_G_baseline_20260708_153849,396,16.316668,1783521536.284826,1.186927,0.500085,-0.0,3.141479,0.2,-0.003938,0.199824,5.9e-05,camera_link,16.316668,gnm_closed_loop,,nominal,,True,ok,third_party/visualnav-transformer/model_weights/gnm/gnm.pth,18.61,0.3,-0.0039,0.8297,-0.0033,6.75,,,gnm_closed_loop,0.2,-0.003938,normalized_stop_ab_20260708,G,baseline_no_stop,,,,,,,False,hospital_fresh_medium_G,2.1869,True,0.3,-0.003938,0.2,-0.003938,True,armed,False,,True,shadow,results/bo_reviewer_packet/temporal_stop_head/22_temporal_stop_head_model.pt,0.114,0.0,False,0.5,,,2.1869,False,,,False
normcmp_G_baseline_20260708_153849,397,16.333334,1783521536.287321,1.183603,0.500086,-0.0,3.141479,0.2,-0.003938,0.199824,5.9e-05,camera_link,16.333334,gnm_closed_loop,,nominal,,True,ok,third_party/visualnav-transformer/model_weights/gnm/gnm.pth,18.61,0.3,-0.0039,0.8297,-0.0033,6.75,,,gnm_closed_loop,0.2,-0.003938,normalized_stop_ab_20260708,G,baseline_no_stop,,,,,,,False,hospital_fresh_medium_G,2.1836,True,0.3,-0.003938,0.2,-0.003938,True,armed,False,,True,shadow,results/bo_reviewer_packet/temporal_stop_head/22_temporal_stop_head_model.pt,0.114,0.0,False,0.5,,,2.1869,False,,,False
normcmp_G_baseline_20260708_153849,398,16.350001,1783521536.289438,1.180279,0.500086,-0.0,3.141479,0.2,-0.003938,0.199824,5.9e-05,camera_link,16.350001,gnm_closed_loop,,nominal,,True,ok,third_party/visualnav-transformer/model_weights/gnm/gnm.pth,18.61,0.3,-0.0039,0.8297,-0.0033,6.75,,,gnm_closed_loop,0.2,-0.003938,normalized_stop_ab_20260708,G,baseline_no_stop,,,,,,,False,hospital_fresh_medium_G,2.1803,True,0.3,-0.003938,0.2,-0.003938,True,armed,False,,True,shadow,results/bo_reviewer_packet/temporal_stop_head/22_temporal_stop_head_model.pt,0.114,0.0,False,0.5,,,2.1869,False,,,False
normcmp_G_baseline_20260708_153849,399,16.366668,1783521536.319408,1.176955,0.500086,-0.0,3.141479,0.2,-0.003031,0.199826,-0.000185,camera_link,16.366668,gnm_closed_loop,,nominal,,True,ok,third_party/visualnav-transformer/model_weights/gnm/gnm.pth,14.74,0.3,-0.003,0.8313,-0.0025,6.7,,,gnm_closed_loop,0.2,-0.003031,normalized_stop_ab_20260708,G,baseline_no_stop,,,,,,,False,hospital_fresh_medium_G,2.177,True,0.3,-0.003031,0.2,-0.003031,True,armed,False,,True,shadow,results/bo_reviewer_packet/temporal_stop_head/22_temporal_stop_head_model.pt,0.156,0.0,False,0.5,,,2.177,False,,,False
normcmp_G_baseline_20260708_153849,400,16.383334,1783521536.324626,1.173631,0.500087,-0.0,3.141479,0.2,-0.003031,0.199826,-0.000185,camera_link,16.383334,gnm_closed_loop,,nominal,,True,ok,third_party/visualnav-transformer/model_weights/gnm/gnm.pth,14.74,0.3,-0.003,0.8313,-0.0025,6.7,,,gnm_closed_loop,0.2,-0.003031,normalized_stop_ab_20260708,G,baseline_no_stop,,,,,,,False,hospital_fresh_medium_G,2.1736,True,0.3,-0.003031,0.2,-0.003031,True,armed,False,,True,shadow,results/bo_reviewer_packet/temporal_stop_head/22_temporal_stop_head_model.pt,0.156,0.0,False,0.5,,,2.177,False,,,False
normcmp_G_baseline_20260708_153849,401,16.400001,1783521536.328379,1.170307,0.500087,-0.0,3.141479,0.2,-0.003031,0.199826,-0.000185,camera_link,16.400001,gnm_closed_loop,,nominal,,True,ok,third_party/visualnav-transformer/model_weights/gnm/gnm.pth,14.74,0.3,-0.003,0.8313,-0.0025,6.7,,,gnm_closed_loop,0.2,-0.003031,normalized_stop_ab_20260708,G,baseline_no_stop,,,,,,,False,hospital_fresh_medium_G,2.1703,True,0.3,-0.003031,0.2,-0.003031,True,armed,False,,True,shadow,results/bo_reviewer_packet/temporal_stop_head/22_temporal_stop_head_model.pt,0.156,0.0,False,0.5,,,2.177,False,,,False
normcmp_G_baseline_20260708_153849,402,16.416668,1783521536.360083,1.166982,0.500088,-0.0,3.141479,0.2,-0.002439,0.199834,7.2e-05,camera_link,16.416668,gnm_closed_loop,,nominal,,True,ok,third_party/visualnav-transformer/model_weights/gnm/gnm.pth,15.28,0.3,-0.0024,0.8319,-0.002,6.61,,,gnm_closed_loop,0.2,-0.002439,normalized_stop_ab_20260708,G,baseline_no_stop,,,,,,,False,hospital_fresh_medium_G,2.167,True,0.3,-0.002439,0.2,-0.002439,True,armed,False,,True,shadow,results/bo_reviewer_packet/temporal_stop_head/22_temporal_stop_head_model.pt,0.113,0.0,False,0.5,,,2.167,False,,,False
normcmp_G_baseline_20260708_153849,403,16.433334,1783521536.36266,1.163658,0.500088,-0.0,3.141479,0.2,-0.002439,0.199834,7.2e-05,camera_link,16.433334,gnm_closed_loop,,nominal,,True,ok,third_party/visualnav-transformer/model_weights/gnm/gnm.pth,15.28,0.3,-0.0024,0.8319,-0.002,6.61,,,gnm_closed_loop,0.2,-0.002439,normalized_stop_ab_20260708,G,baseline_no_stop,,,,,,,False,hospital_fresh_medium_G,2.1637,True,0.3,-0.002439,0.2,-0.002439,True,armed,False,,True,shadow,results/bo_reviewer_packet/temporal_stop_head/22_temporal_stop_head_model.pt,0.113,0.0,False,0.5,,,2.167,False,,,False
normcmp_G_baseline_20260708_153849,404,16.450001,1783521536.364548,1.160333,0.500088,-0.0,3.141479,0.2,-0.002439,0.199834,7.2e-05,camera_link,16.450001,gnm_closed_loop,,nominal,,True,ok,third_party/visualnav-transformer/model_weights/gnm/gnm.pth,15.28,0.3,-0.0024,0.8319,-0.002,6.61,,,gnm_closed_loop,0.2,-0.002439,normalized_stop_ab_20260708,G,baseline_no_stop,,,,,,,False,hospital_fresh_medium_G,2.1603,True,0.3,-0.002439,0.2,-0.002439,True,armed,False,,True,shadow,results/bo_reviewer_packet/temporal_stop_head/22_temporal_stop_head_model.pt,0.113,0.0,False,0.5,,,2.167,False,,,False
normcmp_G_baseline_20260708_153849,405,16.466668,1783521536.387801,1.157009,0.500089,-0.0,3.141479,0.2,-0.00287,0.199814,0.000232,camera_link,16.466668,gnm_closed_loop,,nominal,,True,ok,third_party/visualnav-transformer/model_weights/gnm/gnm.pth,12.95,0.3,-0.0029,0.8354,-0.0024,6.58,,,gnm_closed_loop,0.2,-0.00287,normalized_stop_ab_20260708,G,baseline_no_stop,,,,,,,False,hospital_fresh_medium_G,2.157,True,0.3,-0.00287,0.2,-0.00287,True,armed,False,,True,shadow,results/bo_reviewer_packet/temporal_stop_head/22_temporal_stop_head_model.pt,0.116,0.0,False,0.5,,,2.157,False,,,False
normcmp_G_baseline_20260708_153849,406,16.483334,1783521536.390344,1.153684,0.500089,-0.0,3.141479,0.2,-0.00287,0.199814,0.000232,camera_link,16.483334,gnm_closed_loop,,nominal,,True,ok,third_party/visualnav-transformer/model_weights/gnm/gnm.pth,12.95,0.3,-0.0029,0.8354,-0.0024,6.58,,,gnm_closed_loop,0.2,-0.00287,normalized_stop_ab_20260708,G,baseline_no_stop,,,,,,,False,hospital_fresh_medium_G,2.1537,True,0.3,-0.00287,0.2,-0.00287,True,armed,False,,True,shadow,results/bo_reviewer_packet/temporal_stop_head/22_temporal_stop_head_model.pt,0.116,0.0,False,0.5,,,2.157,False,,,False
normcmp_G_baseline_20260708_153849,407,16.500001,1783521536.392273,1.15036,0.500089,-0.0,3.141479,0.2,-0.00287,0.199814,0.000232,camera_link,16.500001,gnm_closed_loop,,nominal,,True,ok,third_party/visualnav-transformer/model_weights/gnm/gnm.pth,12.95,0.3,-0.0029,0.8354,-0.0024,6.58,,,gnm_closed_loop,0.2,-0.00287,normalized_stop_ab_20260708,G,baseline_no_stop,,,,,,,False,hospital_fresh_medium_G,2.1504,True,0.3,-0.00287,0.2,-0.00287,True,armed,False,,True,shadow,results/bo_reviewer_packet/temporal_stop_head/22_temporal_stop_head_model.pt,0.116,0.0,False,0.5,,,2.157,False,,,False
normcmp_G_baseline_20260708_153849,408,16.516668,1783521536.416286,1.147036,0.500089,-0.0,3.141478,0.2,-0.003654,0.199828,-4.3e-05,camera_link,16.516668,gnm_closed_loop,,nominal,,True,ok,third_party/visualnav-transformer/model_weights/gnm/gnm.pth,13.0,0.3,-0.0037,0.8405,-0.0031,6.56,,,gnm_closed_loop,0.2,-0.003654,normalized_stop_ab_20260708,G,baseline_no_stop,,,,,,,False,hospital_fresh_medium_G,2.147,True,0.3,-0.003654,0.2,-0.003654,True,armed,False,,True,shadow,results/bo_reviewer_packet/temporal_stop_head/22_temporal_stop_head_model.pt,0.115,0.0,False,0.5,,,2.147,False,,,False
normcmp_G_baseline_20260708_153849,409,16.533334,1783521536.419427,1.143712,0.50009,-0.0,3.141478,0.2,-0.003654,0.199828,-4.3e-05,camera_link,16.533334,gnm_closed_loop,,nominal,,True,ok,third_party/visualnav-transformer/model_weights/gnm/gnm.pth,13.0,0.3,-0.0037,0.8405,-0.0031,6.56,,,gnm_closed_loop,0.2,-0.003654,normalized_stop_ab_20260708,G,baseline_no_stop,,,,,,,False,hospital_fresh_medium_G,2.1437,True,0.3,-0.003654,0.2,-0.003654,True,armed,False,,True,shadow,results/bo_reviewer_packet/temporal_stop_head/22_temporal_stop_head_model.pt,0.115,0.0,False,0.5,,,2.147,False,,,False
normcmp_G_baseline_20260708_153849,410,16.550001,1783521536.422398,1.140387,0.50009,-0.0,3.141478,0.2,-0.003654,0.199828,-4.3e-05,camera_link,16.550001,gnm_closed_loop,,nominal,,True,ok,third_party/visualnav-transformer/model_weights/gnm/gnm.pth,13.0,0.3,-0.0037,0.8405,-0.0031,6.56,,,gnm_closed_loop,0.2,-0.003654,normalized_stop_ab_20260708,G,baseline_no_stop,,,,,,,False,hospital_fresh_medium_G,2.1404,True,0.3,-0.003654,0.2,-0.003654,True,armed,False,,True,shadow,results/bo_reviewer_packet/temporal_stop_head/22_temporal_stop_head_model.pt,0.115,0.0,False,0.5,,,2.147,False,,,False
normcmp_G_baseline_20260708_153849,411,16.566668,1783521536.44839,1.137063,0.500091,-0.0,3.141478,0.2,-0.003047,0.199824,0.000249,camera_link,16.566668,gnm_closed_loop,,nominal,,True,ok,third_party/visualnav-transformer/model_weights/gnm/gnm.pth,13.74,0.3,-0.003,0.844,-0.0026,6.53,,,gnm_closed_loop,0.2,-0.003047,normalized_stop_ab_20260708,G,baseline_no_stop,,,,,,,False,hospital_fresh_medium_G,2.1371,True,0.3,-0.003047,0.2,-0.003047,True,armed,False,,True,shadow,results/bo_reviewer_packet/temporal_stop_head/22_temporal_stop_head_model.pt,0.107,0.0,False,0.5,,,2.1371,False,,,False
normcmp_G_baseline_20260708_153849,412,16.583334,1783521536.45086,1.133739,0.500091,-0.0,3.141478,0.2,-0.003047,0.199824,0.000249,camera_link,16.583334,gnm_closed_loop,,nominal,,True,ok,third_party/visualnav-transformer/model_weights/gnm/gnm.pth,13.74,0.3,-0.003,0.844,-0.0026,6.53,,,gnm_closed_loop,0.2,-0.003047,normalized_stop_ab_20260708,G,baseline_no_stop,,,,,,,False,hospital_fresh_medium_G,2.1337,True,0.3,-0.003047,0.2,-0.003047,True,armed,False,,True,shadow,results/bo_reviewer_packet/temporal_stop_head/22_temporal_stop_head_model.pt,0.107,0.0,False,0.5,,,2.1371,False,,,False
normcmp_G_baseline_20260708_153849,413,16.600001,1783521536.45273,1.130415,0.500091,-0.0,3.141478,0.2,-0.003047,0.199824,0.000249,camera_link,16.600001,gnm_closed_loop,,nominal,,True,ok,third_party/visualnav-transformer/model_weights/gnm/gnm.pth,13.74,0.3,-0.003,0.844,-0.0026,6.53,,,gnm_closed_loop,0.2,-0.003047,normalized_stop_ab_20260708,G,baseline_no_stop,,,,,,,False,hospital_fresh_medium_G,2.1304,True,0.3,-0.003047,0.2,-0.003047,True,armed,False,,True,shadow,results/bo_reviewer_packet/temporal_stop_head/22_temporal_stop_head_model.pt,0.107,0.0,False,0.5,,,2.1371,False,,,False
normcmp_G_baseline_20260708_153849,414,16.616668,1783521536.47652,1.12709,0.500092,-0.0,3.141478,0.2,-0.00335,0.199823,0.000186,camera_link,16.616668,gnm_closed_loop,,nominal,,True,ok,third_party/visualnav-transformer/model_weights/gnm/gnm.pth,13.21,0.3,-0.0033,0.8424,-0.0028,6.44,,,gnm_closed_loop,0.2,-0.00335,normalized_stop_ab_20260708,G,baseline_no_stop,,,,,,,False,hospital_fresh_medium_G,2.1271,True,0.3,-0.00335,0.2,-0.00335,True,armed,False,,True,shadow,results/bo_reviewer_packet/temporal_stop_head/22_temporal_stop_head_model.pt,0.122,0.0,False,0.5,,,2.1271,False,,,False
normcmp_G_baseline_20260708_153849,415,16.633334,1783521536.478929,1.123766,0.500092,-0.0,3.141477,0.2,-0.00335,0.199823,0.000186,camera_link,16.633334,gnm_closed_loop,,nominal,,True,ok,third_party/visualnav-transformer/model_weights/gnm/gnm.pth,13.21,0.3,-0.0033,0.8424,-0.0028,6.44,,,gnm_closed_loop,0.2,-0.00335,normalized_stop_ab_20260708,G,baseline_no_stop,,,,,,,False,hospital_fresh_medium_G,2.1238,True,0.3,-0.00335,0.2,-0.00335,True,armed,False,,True,shadow,results/bo_reviewer_packet/temporal_stop_head/22_temporal_stop_head_model.pt,0.122,0.0,False,0.5,,,2.1271,False,,,False
normcmp_G_baseline_20260708_153849,416,16.650001,1783521536.481077,1.120442,0.500093,-0.0,3.141477,0.2,-0.00335,0.199823,0.000186,camera_link,16.650001,gnm_closed_loop,,nominal,,True,ok,third_party/visualnav-transformer/model_weights/gnm/gnm.pth,13.21,0.3,-0.0033,0.8424,-0.0028,6.44,,,gnm_closed_loop,0.2,-0.00335,normalized_stop_ab_20260708,G,baseline_no_stop,,,,,,,False,hospital_fresh_medium_G,2.1204,True,0.3,-0.00335,0.2,-0.00335,True,armed,False,,True,shadow,results/bo_reviewer_packet/temporal_stop_head/22_temporal_stop_head_model.pt,0.122,0.0,False,0.5,,,2.1271,False,,,False
normcmp_G_baseline_20260708_153849,417,16.666668,1783521536.504439,1.117117,0.500093,-0.0,3.141477,0.2,-0.002972,0.199825,0.000319,camera_link,16.666668,gnm_closed_loop,,nominal,,True,ok,third_party/visualnav-transformer/model_weights/gnm/gnm.pth,13.04,0.3,-0.003,0.8457,-0.0025,6.44,,,gnm_closed_loop,0.2,-0.002972,normalized_stop_ab_20260708,G,baseline_no_stop,,,,,,,False,hospital_fresh_medium_G,2.1171,True,0.3,-0.002972,0.2,-0.002972,True,armed,False,,True,shadow,results/bo_reviewer_packet/temporal_stop_head/22_temporal_stop_head_model.pt,0.126,0.0,False,0.5,,,2.1171,False,,,False
normcmp_G_baseline_20260708_153849,418,16.683334,1783521536.506725,1.113792,0.500094,-0.0,3.141477,0.2,-0.002972,0.199825,0.000319,camera_link,16.683334,gnm_closed_loop,,nominal,,True,ok,third_party/visualnav-transformer/model_weights/gnm/gnm.pth,13.04,0.3,-0.003,0.8457,-0.0025,6.44,,,gnm_closed_loop,0.2,-0.002972,normalized_stop_ab_20260708,G,baseline_no_stop,,,,,,,False,hospital_fresh_medium_G,2.1138,True,0.3,-0.002972,0.2,-0.002972,True,armed,False,,True,shadow,results/bo_reviewer_packet/temporal_stop_head/22_temporal_stop_head_model.pt,0.126,0.0,False,0.5,,,2.1171,False,,,False
normcmp_G_baseline_20260708_153849,419,16.700001,1783521536.508699,1.110468,0.500094,-0.0,3.141477,0.2,-0.002972,0.199825,0.000319,camera_link,16.700001,gnm_closed_loop,,nominal,,True,ok,third_party/visualnav-transformer/model_weights/gnm/gnm.pth,13.04,0.3,-0.003,0.8457,-0.0025,6.44,,,gnm_closed_loop,0.2,-0.002972,normalized_stop_ab_20260708,G,baseline_no_stop,,,,,,,False,hospital_fresh_medium_G,2.1105,True,0.3,-0.002972,0.2,-0.002972,True,armed,False,,True,shadow,results/bo_reviewer_packet/temporal_stop_head/22_temporal_stop_head_model.pt,0.126,0.0,False,0.5,,,2.1171,False,,,False
normcmp_G_baseline_20260708_153849,420,16.716668,1783521536.533062,1.107144,0.500095,-0.0,3.141477,0.2,-0.002844,0.19983,-6.1e-05,camera_link,16.716668,gnm_closed_loop,,nominal,,True,ok,third_party/visualnav-transformer/model_weights/gnm/gnm.pth,12.97,0.3,-0.0028,0.8487,-0.0024,6.41,,,gnm_closed_loop,0.2,-0.002844,normalized_stop_ab_20260708,G,baseline_no_stop,,,,,,,False,hospital_fresh_medium_G,2.1071,True,0.3,-0.002844,0.2,-0.002844,True,armed,False,,True,shadow,results/bo_reviewer_packet/temporal_stop_head/22_temporal_stop_head_model.pt,0.149,0.0,False,0.5,,,2.1071,False,,,False
normcmp_G_baseline_20260708_153849,421,16.733334,1783521536.535426,1.103819,0.500095,-0.0,3.141477,0.2,-0.002844,0.19983,-6.1e-05,camera_link,16.733334,gnm_closed_loop,,nominal,,True,ok,third_party/visualnav-transformer/model_weights/gnm/gnm.pth,12.97,0.3,-0.0028,0.8487,-0.0024,6.41,,,gnm_closed_loop,0.2,-0.002844,normalized_stop_ab_20260708,G,baseline_no_stop,,,,,,,False,hospital_fresh_medium_G,2.1038,True,0.3,-0.002844,0.2,-0.002844,True,armed,False,,True,shadow,results/bo_reviewer_packet/temporal_stop_head/22_temporal_stop_head_model.pt,0.149,0.0,False,0.5,,,2.1071,False,,,False
normcmp_G_baseline_20260708_153849,422,16.750001,1783521536.538576,1.100495,0.500095,-0.0,3.141477,0.2,-0.002844,0.19983,-6.1e-05,camera_link,16.750001,gnm_closed_loop,,nominal,,True,ok,third_party/visualnav-transformer/model_weights/gnm/gnm.pth,12.97,0.3,-0.0028,0.8487,-0.0024,6.41,,,gnm_closed_loop,0.2,-0.002844,normalized_stop_ab_20260708,G,baseline_no_stop,,,,,,,False,hospital_fresh_medium_G,2.1005,True,0.3,-0.002844,0.2,-0.002844,True,armed,False,,True,shadow,results/bo_reviewer_packet/temporal_stop_head/22_temporal_stop_head_model.pt,0.149,0.0,False,0.5,,,2.1071,False,,,False
normcmp_G_baseline_20260708_153849,423,16.766668,1783521536.561563,1.09717,0.500096,-0.0,3.141477,0.2,-0.002345,0.199826,1.4e-05,camera_link,16.766668,gnm_closed_loop,,nominal,,True,ok,third_party/visualnav-transformer/model_weights/gnm/gnm.pth,12.83,0.3,-0.0023,0.8547,-0.002,6.37,,,gnm_closed_loop,0.2,-0.002345,normalized_stop_ab_20260708,G,baseline_no_stop,,,,,,,False,hospital_fresh_medium_G,2.0972,True,0.3,-0.002345,0.2,-0.002345,True,armed,False,,True,shadow,results/bo_reviewer_packet/temporal_stop_head/22_temporal_stop_head_model.pt,0.124,0.0,False,0.5,,,2.0972,False,,,False
normcmp_G_baseline_20260708_153849,424,16.783334,1783521536.563848,1.093846,0.500096,-0.0,3.141477,0.2,-0.002345,0.199826,1.4e-05,camera_link,16.783334,gnm_closed_loop,,nominal,,True,ok,third_party/visualnav-transformer/model_weights/gnm/gnm.pth,12.83,0.3,-0.0023,0.8547,-0.002,6.37,,,gnm_closed_loop,0.2,-0.002345,normalized_stop_ab_20260708,G,baseline_no_stop,,,,,,,False,hospital_fresh_medium_G,2.0938,True,0.3,-0.002345,0.2,-0.002345,True,armed,False,,True,shadow,results/bo_reviewer_packet/temporal_stop_head/22_temporal_stop_head_model.pt,0.124,0.0,False,0.5,,,2.0972,False,,,False
normcmp_G_baseline_20260708_153849,425,16.800001,1783521536.565841,1.090522,0.500097,-0.0,3.141477,0.2,-0.002345,0.199826,1.4e-05,camera_link,16.800001,gnm_closed_loop,,nominal,,True,ok,third_party/visualnav-transformer/model_weights/gnm/gnm.pth,12.83,0.3,-0.0023,0.8547,-0.002,6.37,,,gnm_closed_loop,0.2,-0.002345,normalized_stop_ab_20260708,G,baseline_no_stop,,,,,,,False,hospital_fresh_medium_G,2.0905,True,0.3,-0.002345,0.2,-0.002345,True,armed,False,,True,shadow,results/bo_reviewer_packet/temporal_stop_head/22_temporal_stop_head_model.pt,0.124,0.0,False,0.5,,,2.0972,False,,,False
normcmp_G_baseline_20260708_153849,426,16.816668,1783521536.588276,1.087197,0.500097,-0.0,3.141477,0.2,-0.002447,0.199815,0.000452,camera_link,16.816668,gnm_closed_loop,,nominal,,True,ok,third_party/visualnav-transformer/model_weights/gnm/gnm.pth,12.91,0.3,-0.0024,0.8657,-0.0021,6.4,,,gnm_closed_loop,0.2,-0.002447,normalized_stop_ab_20260708,G,baseline_no_stop,,,,,,,False,hospital_fresh_medium_G,2.0872,True,0.3,-0.002447,0.2,-0.002447,True,armed,False,,True,shadow,results/bo_reviewer_packet/temporal_stop_head/22_temporal_stop_head_model.pt,0.122,0.0,False,0.5,,,2.0872,False,,,False
normcmp_G_baseline_20260708_153849,427,16.833334,1783521536.590482,1.083873,0.500097,-0.0,3.141477,0.2,-0.002447,0.199815,0.000452,camera_link,16.833334,gnm_closed_loop,,nominal,,True,ok,third_party/visualnav-transformer/model_weights/gnm/gnm.pth,12.91,0.3,-0.0024,0.8657,-0.0021,6.4,,,gnm_closed_loop,0.2,-0.002447,normalized_stop_ab_20260708,G,baseline_no_stop,,,,,,,False,hospital_fresh_medium_G,2.0839,True,0.3,-0.002447,0.2,-0.002447,True,armed,False,,True,shadow,results/bo_reviewer_packet/temporal_stop_head/22_temporal_stop_head_model.pt,0.122,0.0,False,0.5,,,2.0872,False,,,False
normcmp_G_baseline_20260708_153849,428,16.850001,1783521536.592332,1.080549,0.500098,-0.0,3.141476,0.2,-0.002447,0.199815,0.000452,camera_link,16.850001,gnm_closed_loop,,nominal,,True,ok,third_party/visualnav-transformer/model_weights/gnm/gnm.pth,12.91,0.3,-0.0024,0.8657,-0.0021,6.4,,,gnm_closed_loop,0.2,-0.002447,normalized_stop_ab_20260708,G,baseline_no_stop,,,,,,,False,hospital_fresh_medium_G,2.0805,True,0.3,-0.002447,0.2,-0.002447,True,armed,False,,True,shadow,results/bo_reviewer_packet/temporal_stop_head/22_temporal_stop_head_model.pt,0.122,0.0,False,0.5,,,2.0872,False,,,False
normcmp_G_baseline_20260708_153849,429,16.866668,1783521536.617463,1.077224,0.500098,-0.0,3.141476,0.2,-0.002389,0.199838,0.000156,camera_link,16.866668,gnm_closed_loop,,nominal,,True,ok,third_party/visualnav-transformer/model_weights/gnm/gnm.pth,12.92,0.3,-0.0024,0.8725,-0.0021,6.38,,,gnm_closed_loop,0.2,-0.002389,normalized_stop_ab_20260708,G,baseline_no_stop,,,,,,,False,hospital_fresh_medium_G,2.0772,True,0.3,-0.002389,0.2,-0.002389,True,armed,False,,True,shadow,results/bo_reviewer_packet/temporal_stop_head/22_temporal_stop_head_model.pt,0.12,0.0,False,0.5,,,2.0772,False,,,False
normcmp_G_baseline_20260708_153849,430,16.883334,1783521536.620021,1.0739,0.500098,-0.0,3.141476,0.2,-0.002389,0.199838,0.000156,camera_link,16.883334,gnm_closed_loop,,nominal,,True,ok,third_party/visualnav-transformer/model_weights/gnm/gnm.pth,12.92,0.3,-0.0024,0.8725,-0.0021,6.38,,,gnm_closed_loop,0.2,-0.002389,normalized_stop_ab_20260708,G,baseline_no_stop,,,,,,,False,hospital_fresh_medium_G,2.0739,True,0.3,-0.002389,0.2,-0.002389,True,armed,False,,True,shadow,results/bo_reviewer_packet/temporal_stop_head/22_temporal_stop_head_model.pt,0.12,0.0,False,0.5,,,2.0772,False,,,False
normcmp_G_baseline_20260708_153849,431,16.900001,1783521536.621888,1.070575,0.500099,-0.0,3.141476,0.2,-0.002389,0.199838,0.000156,camera_link,16.900001,gnm_closed_loop,,nominal,,True,ok,third_party/visualnav-transformer/model_weights/gnm/gnm.pth,12.92,0.3,-0.0024,0.8725,-0.0021,6.38,,,gnm_closed_loop,0.2,-0.002389,normalized_stop_ab_20260708,G,baseline_no_stop,,,,,,,False,hospital_fresh_medium_G,2.0706,True,0.3,-0.002389,0.2,-0.002389,True,armed,False,,True,shadow,results/bo_reviewer_packet/temporal_stop_head/22_temporal_stop_head_model.pt,0.12,0.0,False,0.5,,,2.0772,False,,,False
normcmp_G_baseline_20260708_153849,432,16.916668,1783521536.645173,1.067251,0.500099,-0.0,3.141476,0.2,-0.002557,0.199816,-7.2e-05,camera_link,16.916668,gnm_closed_loop,,nominal,,True,ok,third_party/visualnav-transformer/model_weights/gnm/gnm.pth,13.03,0.3,-0.0026,0.8794,-0.0022,6.36,,,gnm_closed_loop,0.2,-0.002557,normalized_stop_ab_20260708,G,baseline_no_stop,,,,,,,False,hospital_fresh_medium_G,2.0673,True,0.3,-0.002557,0.2,-0.002557,True,armed,False,,True,shadow,results/bo_reviewer_packet/temporal_stop_head/22_temporal_stop_head_model.pt,0.108,0.0,False,0.5,,,2.0673,False,,,False
normcmp_G_baseline_20260708_153849,433,16.933334,1783521536.648163,1.063927,0.5001,-0.0,3.141476,0.2,-0.002557,0.199816,-7.2e-05,camera_link,16.933334,gnm_closed_loop,,nominal,,True,ok,third_party/visualnav-transformer/model_weights/gnm/gnm.pth,13.03,0.3,-0.0026,0.8794,-0.0022,6.36,,,gnm_closed_loop,0.2,-0.002557,normalized_stop_ab_20260708,G,baseline_no_stop,,,,,,,False,hospital_fresh_medium_G,2.0639,True,0.3,-0.002557,0.2,-0.002557,True,armed,False,,True,shadow,results/bo_reviewer_packet/temporal_stop_head/22_temporal_stop_head_model.pt,0.108,0.0,False,0.5,,,2.0673,False,,,False
normcmp_G_baseline_20260708_153849,434,16.950001,1783521536.650109,1.060602,0.5001,-0.0,3.141476,0.2,-0.002557,0.199816,-7.2e-05,camera_link,16.950001,gnm_closed_loop,,nominal,,True,ok,third_party/visualnav-transformer/model_weights/gnm/gnm.pth,13.03,0.3,-0.0026,0.8794,-0.0022,6.36,,,gnm_closed_loop,0.2,-0.002557,normalized_stop_ab_20260708,G,baseline_no_stop,,,,,,,False,hospital_fresh_medium_G,2.0606,True,0.3,-0.002557,0.2,-0.002557,True,armed,False,,True,shadow,results/bo_reviewer_packet/temporal_stop_head/22_temporal_stop_head_model.pt,0.108,0.0,False,0.5,,,2.0673,False,,,False
normcmp_G_baseline_20260708_153849,435,16.966668,1783521536.672445,1.057277,0.5001,-0.0,3.141476,0.2,-0.00218,0.199826,0.000421,camera_link,16.966668,gnm_closed_loop,,nominal,,True,ok,third_party/visualnav-transformer/model_weights/gnm/gnm.pth,12.77,0.3,-0.0022,0.8839,-0.0019,6.36,,,gnm_closed_loop,0.2,-0.00218,normalized_stop_ab_20260708,G,baseline_no_stop,,,,,,,False,hospital_fresh_medium_G,2.0573,True,0.3,-0.00218,0.2,-0.00218,True,armed,False,,True,shadow,results/bo_reviewer_packet/temporal_stop_head/22_temporal_stop_head_model.pt,0.117,0.0,False,0.5,,,2.0573,False,,,False
normcmp_G_baseline_20260708_153849,436,16.983334,1783521536.674719,1.053952,0.500101,-0.0,3.141476,0.2,-0.00218,0.199826,0.000421,camera_link,16.983334,gnm_closed_loop,,nominal,,True,ok,third_party/visualnav-transformer/model_weights/gnm/gnm.pth,12.77,0.3,-0.0022,0.8839,-0.0019,6.36,,,gnm_closed_loop,0.2,-0.00218,normalized_stop_ab_20260708,G,baseline_no_stop,,,,,,,False,hospital_fresh_medium_G,2.054,True,0.3,-0.00218,0.2,-0.00218,True,armed,False,,True,shadow,results/bo_reviewer_packet/temporal_stop_head/22_temporal_stop_head_model.pt,0.117,0.0,False,0.5,,,2.0573,False,,,False
normcmp_G_baseline_20260708_153849,437,17.000001,1783521536.67664,1.050628,0.500101,-0.0,3.141476,0.2,-0.00218,0.199826,0.000421,camera_link,17.000001,gnm_closed_loop,,nominal,,True,ok,third_party/visualnav-transformer/model_weights/gnm/gnm.pth,12.77,0.3,-0.0022,0.8839,-0.0019,6.36,,,gnm_closed_loop,0.2,-0.00218,normalized_stop_ab_20260708,G,baseline_no_stop,,,,,,,False,hospital_fresh_medium_G,2.0506,True,0.3,-0.00218,0.2,-0.00218,True,armed,False,,True,shadow,results/bo_reviewer_packet/temporal_stop_head/22_temporal_stop_head_model.pt,0.117,0.0,False,0.5,,,2.0573,False,,,False
normcmp_G_baseline_20260708_153849,438,17.016668,1783521536.69968,1.047303,0.500102,-0.0,3.141475,0.2,-0.001882,0.199833,0.000236,camera_link,17.016668,gnm_closed_loop,,nominal,,True,ok,third_party/visualnav-transformer/model_weights/gnm/gnm.pth,13.44,0.3,-0.0019,0.8827,-0.0017,6.34,,,gnm_closed_loop,0.2,-0.001882,normalized_stop_ab_20260708,G,baseline_no_stop,,,,,,,False,hospital_fresh_medium_G,2.0473,True,0.3,-0.001882,0.2,-0.001882,True,armed,False,,True,shadow,results/bo_reviewer_packet/temporal_stop_head/22_temporal_stop_head_model.pt,0.122,0.0,False,0.5,,,2.0473,False,,,False
normcmp_G_baseline_20260708_153849,439,17.033334,1783521536.701986,1.043979,0.500102,-0.0,3.141475,0.2,-0.001882,0.199833,0.000236,camera_link,17.033334,gnm_closed_loop,,nominal,,True,ok,third_party/visualnav-transformer/model_weights/gnm/gnm.pth,13.44,0.3,-0.0019,0.8827,-0.0017,6.34,,,gnm_closed_loop,0.2,-0.001882,normalized_stop_ab_20260708,G,baseline_no_stop,,,,,,,False,hospital_fresh_medium_G,2.044,True,0.3,-0.001882,0.2,-0.001882,True,armed,False,,True,shadow,results/bo_reviewer_packet/temporal_stop_head/22_temporal_stop_head_model.pt,0.122,0.0,False,0.5,,,2.0473,False,,,False
normcmp_G_baseline_20260708_153849,440,17.050001,1783521536.704685,1.040655,0.500102,-0.0,3.141476,0.2,-0.001882,0.199833,0.000236,camera_link,17.050001,gnm_closed_loop,,nominal,,True,ok,third_party/visualnav-transformer/model_weights/gnm/gnm.pth,13.44,0.3,-0.0019,0.8827,-0.0017,6.34,,,gnm_closed_loop,0.2,-0.001882,normalized_stop_ab_20260708,G,baseline_no_stop,,,,,,,False,hospital_fresh_medium_G,2.0407,True,0.3,-0.001882,0.2,-0.001882,True,armed,False,,True,shadow,results/bo_reviewer_packet/temporal_stop_head/22_temporal_stop_head_model.pt,0.122,0.0,False,0.5,,,2.0473,False,,,False
normcmp_G_baseline_20260708_153849,441,17.066668,1783521536.728983,1.037331,0.500103,-0.0,3.141475,0.2,-0.001957,0.199818,-1e-06,camera_link,17.066668,gnm_closed_loop,,nominal,,True,ok,third_party/visualnav-transformer/model_weights/gnm/gnm.pth,12.86,0.3,-0.002,0.8827,-0.0017,6.37,,,gnm_closed_loop,0.2,-0.001957,normalized_stop_ab_20260708,G,baseline_no_stop,,,,,,,False,hospital_fresh_medium_G,2.0373,True,0.3,-0.001957,0.2,-0.001957,True,armed,False,,True,shadow,results/bo_reviewer_packet/temporal_stop_head/22_temporal_stop_head_model.pt,0.133,0.0,False,0.5,,,2.0373,False,,,False
normcmp_G_baseline_20260708_153849,442,17.083334,1783521536.73141,1.034006,0.500103,-0.0,3.141475,0.2,-0.001957,0.199818,-1e-06,camera_link,17.083334,gnm_closed_loop,,nominal,,True,ok,third_party/visualnav-transformer/model_weights/gnm/gnm.pth,12.86,0.3,-0.002,0.8827,-0.0017,6.37,,,gnm_closed_loop,0.2,-0.001957,normalized_stop_ab_20260708,G,baseline_no_stop,,,,,,,False,hospital_fresh_medium_G,2.034,True,0.3,-0.001957,0.2,-0.001957,True,armed,False,,True,shadow,results/bo_reviewer_packet/temporal_stop_head/22_temporal_stop_head_model.pt,0.133,0.0,False,0.5,,,2.0373,False,,,False
normcmp_G_baseline_20260708_153849,443,17.100001,1783521536.733327,1.030682,0.500104,-0.0,3.141475,0.2,-0.001957,0.199818,-1e-06,camera_link,17.100001,gnm_closed_loop,,nominal,,True,ok,third_party/visualnav-transformer/model_weights/gnm/gnm.pth,12.86,0.3,-0.002,0.8827,-0.0017,6.37,,,gnm_closed_loop,0.2,-0.001957,normalized_stop_ab_20260708,G,baseline_no_stop,,,,,,,False,hospital_fresh_medium_G,2.0307,True,0.3,-0.001957,0.2,-0.001957,True,armed,False,,True,shadow,results/bo_reviewer_packet/temporal_stop_head/22_temporal_stop_head_model.pt,0.133,0.0,False,0.5,,,2.0373,False,,,False
normcmp_G_baseline_20260708_153849,444,17.116668,1783521536.757454,1.027357,0.500104,-0.0,3.141475,0.2,-0.001611,0.199824,0.000173,camera_link,17.116668,gnm_closed_loop,,nominal,,True,ok,third_party/visualnav-transformer/model_weights/gnm/gnm.pth,12.82,0.3,-0.0016,0.8771,-0.0014,6.39,,,gnm_closed_loop,0.2,-0.001611,normalized_stop_ab_20260708,G,baseline_no_stop,,,,,,,False,hospital_fresh_medium_G,2.0274,True,0.3,-0.001611,0.2,-0.001611,True,armed,False,,True,shadow,results/bo_reviewer_packet/temporal_stop_head/22_temporal_stop_head_model.pt,0.132,0.0,False,0.5,,,2.0274,False,,,False
normcmp_G_baseline_20260708_153849,445,17.133334,1783521536.759818,1.024033,0.500104,-0.0,3.141475,0.2,-0.001611,0.199824,0.000173,camera_link,17.133334,gnm_closed_loop,,nominal,,True,ok,third_party/visualnav-transformer/model_weights/gnm/gnm.pth,12.82,0.3,-0.0016,0.8771,-0.0014,6.39,,,gnm_closed_loop,0.2,-0.001611,normalized_stop_ab_20260708,G,baseline_no_stop,,,,,,,False,hospital_fresh_medium_G,2.024,True,0.3,-0.001611,0.2,-0.001611,True,armed,False,,True,shadow,results/bo_reviewer_packet/temporal_stop_head/22_temporal_stop_head_model.pt,0.132,0.0,False,0.5,,,2.0274,False,,,False
normcmp_G_baseline_20260708_153849,446,17.150001,1783521536.761669,1.020708,0.500105,-0.0,3.141475,0.2,-0.001611,0.199824,0.000173,camera_link,17.150001,gnm_closed_loop,,nominal,,True,ok,third_party/visualnav-transformer/model_weights/gnm/gnm.pth,12.82,0.3,-0.0016,0.8771,-0.0014,6.39,,,gnm_closed_loop,0.2,-0.001611,normalized_stop_ab_20260708,G,baseline_no_stop,,,,,,,False,hospital_fresh_medium_G,2.0207,True,0.3,-0.001611,0.2,-0.001611,True,armed,False,,True,shadow,results/bo_reviewer_packet/temporal_stop_head/22_temporal_stop_head_model.pt,0.132,0.0,False,0.5,,,2.0274,False,,,False
normcmp_G_baseline_20260708_153849,447,17.166668,1783521536.784814,1.017384,0.500105,-0.0,3.141475,0.2,-0.001515,0.199833,-0.000251,camera_link,17.166668,gnm_closed_loop,,nominal,,True,ok,third_party/visualnav-transformer/model_weights/gnm/gnm.pth,12.76,0.3,-0.0015,0.8661,-0.0013,6.43,,,gnm_closed_loop,0.2,-0.001515,normalized_stop_ab_20260708,G,baseline_no_stop,,,,,,,False,hospital_fresh_medium_G,2.0174,True,0.3,-0.001515,0.2,-0.001515,True,armed,False,,True,shadow,results/bo_reviewer_packet/temporal_stop_head/22_temporal_stop_head_model.pt,0.108,0.0,False,0.5,,,2.0174,False,,,False
normcmp_G_baseline_20260708_153849,448,17.183334,1783521536.787169,1.014059,0.500106,-0.0,3.141475,0.2,-0.001515,0.199833,-0.000251,camera_link,17.183334,gnm_closed_loop,,nominal,,True,ok,third_party/visualnav-transformer/model_weights/gnm/gnm.pth,12.76,0.3,-0.0015,0.8661,-0.0013,6.43,,,gnm_closed_loop,0.2,-0.001515,normalized_stop_ab_20260708,G,baseline_no_stop,,,,,,,False,hospital_fresh_medium_G,2.0141,True,0.3,-0.001515,0.2,-0.001515,True,armed,False,,True,shadow,results/bo_reviewer_packet/temporal_stop_head/22_temporal_stop_head_model.pt,0.108,0.0,False,0.5,,,2.0174,False,,,False
normcmp_G_baseline_20260708_153849,449,17.200001,1783521536.789174,1.010734,0.500106,-0.0,3.141475,0.2,-0.001515,0.199833,-0.000251,camera_link,17.200001,gnm_closed_loop,,nominal,,True,ok,third_party/visualnav-transformer/model_weights/gnm/gnm.pth,12.76,0.3,-0.0015,0.8661,-0.0013,6.43,,,gnm_closed_loop,0.2,-0.001515,normalized_stop_ab_20260708,G,baseline_no_stop,,,,,,,False,hospital_fresh_medium_G,2.0107,True,0.3,-0.001515,0.2,-0.001515,True,armed,False,,True,shadow,results/bo_reviewer_packet/temporal_stop_head/22_temporal_stop_head_model.pt,0.108,0.0,False,0.5,,,2.0174,False,,,False
normcmp_G_baseline_20260708_153849,450,17.216668,1783521536.811809,1.00741,0.500106,-0.0,3.141475,0.2,-0.001847,0.199822,3e-05,camera_link,17.216668,gnm_closed_loop,,nominal,,True,ok,third_party/visualnav-transformer/model_weights/gnm/gnm.pth,12.81,0.3,-0.0018,0.8564,-0.0016,6.49,,,gnm_closed_loop,0.2,-0.001847,normalized_stop_ab_20260708,G,baseline_no_stop,,,,,,,False,hospital_fresh_medium_G,2.0074,True,0.3,-0.001847,0.2,-0.001847,True,armed,False,,True,shadow,results/bo_reviewer_packet/temporal_stop_head/22_temporal_stop_head_model.pt,0.107,0.0,False,0.5,,,2.0074,False,,,False
normcmp_G_baseline_20260708_153849,451,17.233334,1783521536.814283,1.004085,0.500107,-0.0,3.141475,0.2,-0.001847,0.199822,3e-05,camera_link,17.233334,gnm_closed_loop,,nominal,,True,ok,third_party/visualnav-transformer/model_weights/gnm/gnm.pth,12.81,0.3,-0.0018,0.8564,-0.0016,6.49,,,gnm_closed_loop,0.2,-0.001847,normalized_stop_ab_20260708,G,baseline_no_stop,,,,,,,False,hospital_fresh_medium_G,2.0041,True,0.3,-0.001847,0.2,-0.001847,True,armed,False,,True,shadow,results/bo_reviewer_packet/temporal_stop_head/22_temporal_stop_head_model.pt,0.107,0.0,False,0.5,,,2.0074,False,,,False
normcmp_G_baseline_20260708_153849,452,17.250001,1783521536.816279,1.000761,0.500107,-0.0,3.141475,0.2,-0.001847,0.199822,3e-05,camera_link,17.250001,gnm_closed_loop,,nominal,,True,ok,third_party/visualnav-transformer/model_weights/gnm/gnm.pth,12.81,0.3,-0.0018,0.8564,-0.0016,6.49,,,gnm_closed_loop,0.2,-0.001847,normalized_stop_ab_20260708,G,baseline_no_stop,,,,,,,False,hospital_fresh_medium_G,2.0008,True,0.3,-0.001847,0.2,-0.001847,True,armed,False,,True,shadow,results/bo_reviewer_packet/temporal_stop_head/22_temporal_stop_head_model.pt,0.107,0.0,False,0.5,,,2.0074,False,,,False
normcmp_G_baseline_20260708_153849,453,17.266668,1783521536.842283,0.997436,0.500108,-0.0,3.141475,0.2,-0.002045,0.199836,-0.000214,camera_link,17.266668,gnm_closed_loop,,nominal,,True,ok,third_party/visualnav-transformer/model_weights/gnm/gnm.pth,14.08,0.3,-0.002,0.8491,-0.0017,6.54,,,gnm_closed_loop,0.2,-0.002045,normalized_stop_ab_20260708,G,baseline_no_stop,,,,,,,False,hospital_fresh_medium_G,1.9974,True,0.3,-0.002045,0.2,-0.002045,True,armed,False,,True,shadow,results/bo_reviewer_packet/temporal_stop_head/22_temporal_stop_head_model.pt,0.117,0.0,False,0.5,,,1.9974,False,,,False
normcmp_G_baseline_20260708_153849,454,17.283334,1783521536.846356,0.994111,0.500108,-0.0,3.141475,0.2,-0.002045,0.199836,-0.000214,camera_link,17.283334,gnm_closed_loop,,nominal,,True,ok,third_party/visualnav-transformer/model_weights/gnm/gnm.pth,14.08,0.3,-0.002,0.8491,-0.0017,6.54,,,gnm_closed_loop,0.2,-0.002045,normalized_stop_ab_20260708,G,baseline_no_stop,,,,,,,False,hospital_fresh_medium_G,1.9941,True,0.3,-0.002045,0.2,-0.002045,True,armed,False,,True,shadow,results/bo_reviewer_packet/temporal_stop_head/22_temporal_stop_head_model.pt,0.117,0.0,False,0.5,,,1.9974,False,,,False
normcmp_G_baseline_20260708_153849,455,17.300001,1783521536.848342,0.990787,0.500108,-0.0,3.141476,0.2,-0.002045,0.199836,-0.000214,camera_link,17.300001,gnm_closed_loop,,nominal,,True,ok,third_party/visualnav-transformer/model_weights/gnm/gnm.pth,14.08,0.3,-0.002,0.8491,-0.0017,6.54,,,gnm_closed_loop,0.2,-0.002045,normalized_stop_ab_20260708,G,baseline_no_stop,,,,,,,False,hospital_fresh_medium_G,1.9908,True,0.3,-0.002045,0.2,-0.002045,True,armed,False,,True,shadow,results/bo_reviewer_packet/temporal_stop_head/22_temporal_stop_head_model.pt,0.117,0.0,False,0.5,,,1.9974,False,,,False
normcmp_G_baseline_20260708_153849,456,17.316668,1783521536.881738,0.987462,0.500109,-0.0,3.141476,0.2,-0.002874,0.19984,3.5e-05,camera_link,17.316668,gnm_closed_loop,,nominal,,True,ok,third_party/visualnav-transformer/model_weights/gnm/gnm.pth,19.45,0.3,-0.0029,0.8435,-0.0024,6.55,,,gnm_closed_loop,0.2,-0.002874,normalized_stop_ab_20260708,G,baseline_no_stop,,,,,,,False,hospital_fresh_medium_G,1.9875,True,0.3,-0.002874,0.2,-0.002874,True,armed,False,,True,shadow,results/bo_reviewer_packet/temporal_stop_head/22_temporal_stop_head_model.pt,0.113,0.0,False,0.5,,,1.9875,False,,,False
normcmp_G_baseline_20260708_153849,457,17.333334,1783521536.884696,0.984137,0.500109,-0.0,3.141476,0.2,-0.002874,0.19984,3.5e-05,camera_link,17.333334,gnm_closed_loop,,nominal,,True,ok,third_party/visualnav-transformer/model_weights/gnm/gnm.pth,19.45,0.3,-0.0029,0.8435,-0.0024,6.55,,,gnm_closed_loop,0.2,-0.002874,normalized_stop_ab_20260708,G,baseline_no_stop,,,,,,,False,hospital_fresh_medium_G,1.9841,True,0.3,-0.002874,0.2,-0.002874,True,armed,False,,True,shadow,results/bo_reviewer_packet/temporal_stop_head/22_temporal_stop_head_model.pt,0.113,0.0,False,0.5,,,1.9875,False,,,False
normcmp_G_baseline_20260708_153849,458,17.350001,1783521536.88776,0.980812,0.500109,-0.0,3.141476,0.2,-0.002874,0.19984,3.5e-05,camera_link,17.350001,gnm_closed_loop,,nominal,,True,ok,third_party/visualnav-transformer/model_weights/gnm/gnm.pth,19.45,0.3,-0.0029,0.8435,-0.0024,6.55,,,gnm_closed_loop,0.2,-0.002874,normalized_stop_ab_20260708,G,baseline_no_stop,,,,,,,False,hospital_fresh_medium_G,1.9808,True,0.3,-0.002874,0.2,-0.002874,True,armed,False,,True,shadow,results/bo_reviewer_packet/temporal_stop_head/22_temporal_stop_head_model.pt,0.113,0.0,False,0.5,,,1.9875,False,,,False
normcmp_G_baseline_20260708_153849,459,17.366668,1783521536.917369,0.977488,0.50011,-0.0,3.141476,0.2,-0.002996,0.199833,-8.2e-05,camera_link,17.366668,gnm_closed_loop,,nominal,,True,ok,third_party/visualnav-transformer/model_weights/gnm/gnm.pth,14.39,0.3,-0.003,0.8387,-0.0025,6.59,,,gnm_closed_loop,0.2,-0.002996,normalized_stop_ab_20260708,G,baseline_no_stop,,,,,,,False,hospital_fresh_medium_G,1.9775,True,0.3,-0.002996,0.2,-0.002996,True,armed,False,,True,shadow,results/bo_reviewer_packet/temporal_stop_head/22_temporal_stop_head_model.pt,0.112,0.0,False,0.5,,,1.9775,False,,,False
normcmp_G_baseline_20260708_153849,460,17.383334,1783521536.91994,0.974163,0.50011,-0.0,3.141476,0.2,-0.002996,0.199833,-8.2e-05,camera_link,17.383334,gnm_closed_loop,,nominal,,True,ok,third_party/visualnav-transformer/model_weights/gnm/gnm.pth,14.39,0.3,-0.003,0.8387,-0.0025,6.59,,,gnm_closed_loop,0.2,-0.002996,normalized_stop_ab_20260708,G,baseline_no_stop,,,,,,,False,hospital_fresh_medium_G,1.9742,True,0.3,-0.002996,0.2,-0.002996,True,armed,False,,True,shadow,results/bo_reviewer_packet/temporal_stop_head/22_temporal_stop_head_model.pt,0.112,0.0,False,0.5,,,1.9775,False,,,False
normcmp_G_baseline_20260708_153849,461,17.400001,1783521536.923314,0.970839,0.500111,-0.0,3.141477,0.2,-0.002996,0.199833,-8.2e-05,camera_link,17.400001,gnm_closed_loop,,nominal,,True,ok,third_party/visualnav-transformer/model_weights/gnm/gnm.pth,14.39,0.3,-0.003,0.8387,-0.0025,6.59,,,gnm_closed_loop,0.2,-0.002996,normalized_stop_ab_20260708,G,baseline_no_stop,,,,,,,False,hospital_fresh_medium_G,1.9708,True,0.3,-0.002996,0.2,-0.002996,True,armed,False,,True,shadow,results/bo_reviewer_packet/temporal_stop_head/22_temporal_stop_head_model.pt,0.112,0.0,False,0.5,,,1.9775,False,,,False
normcmp_G_baseline_20260708_153849,462,17.416668,1783521536.948216,0.967514,0.500111,-0.0,3.141476,0.2,-0.003808,0.199835,0.000216,camera_link,17.416668,gnm_closed_loop,,nominal,,True,ok,third_party/visualnav-transformer/model_weights/gnm/gnm.pth,12.96,0.3,-0.0038,0.8352,-0.0032,6.65,,,gnm_closed_loop,0.2,-0.003808,normalized_stop_ab_20260708,G,baseline_no_stop,,,,,,,False,hospital_fresh_medium_G,1.9675,True,0.3,-0.003808,0.2,-0.003808,True,armed,False,,True,shadow,results/bo_reviewer_packet/temporal_stop_head/22_temporal_stop_head_model.pt,0.116,0.0,False,0.5,,,1.9675,False,,,False
normcmp_G_baseline_20260708_153849,463,17.433334,1783521536.950986,0.96419,0.500112,-0.0,3.141476,0.2,-0.003808,0.199835,0.000216,camera_link,17.433334,gnm_closed_loop,,nominal,,True,ok,third_party/visualnav-transformer/model_weights/gnm/gnm.pth,12.96,0.3,-0.0038,0.8352,-0.0032,6.65,,,gnm_closed_loop,0.2,-0.003808,normalized_stop_ab_20260708,G,baseline_no_stop,,,,,,,False,hospital_fresh_medium_G,1.9642,True,0.3,-0.003808,0.2,-0.003808,True,armed,False,,True,shadow,results/bo_reviewer_packet/temporal_stop_head/22_temporal_stop_head_model.pt,0.116,0.0,False,0.5,,,1.9675,False,,,False
normcmp_G_baseline_20260708_153849,464,17.450001,1783521536.953209,0.960865,0.500112,-0.0,3.141476,0.2,-0.003808,0.199835,0.000216,camera_link,17.450001,gnm_closed_loop,,nominal,,True,ok,third_party/visualnav-transformer/model_weights/gnm/gnm.pth,12.96,0.3,-0.0038,0.8352,-0.0032,6.65,,,gnm_closed_loop,0.2,-0.003808,normalized_stop_ab_20260708,G,baseline_no_stop,,,,,,,False,hospital_fresh_medium_G,1.9609,True,0.3,-0.003808,0.2,-0.003808,True,armed,False,,True,shadow,results/bo_reviewer_packet/temporal_stop_head/22_temporal_stop_head_model.pt,0.116,0.0,False,0.5,,,1.9675,False,,,False
normcmp_G_baseline_20260708_153849,465,17.466668,1783521536.977281,0.95754,0.500113,-0.0,3.141477,0.2,-0.004208,0.199851,4e-05,camera_link,17.466668,gnm_closed_loop,,nominal,,True,ok,third_party/visualnav-transformer/model_weights/gnm/gnm.pth,13.13,0.3,-0.0042,0.8285,-0.0035,6.74,,,gnm_closed_loop,0.2,-0.004208,normalized_stop_ab_20260708,G,baseline_no_stop,,,,,,,False,hospital_fresh_medium_G,1.9575,True,0.3,-0.004208,0.2,-0.004208,True,armed,False,,True,shadow,results/bo_reviewer_packet/temporal_stop_head/22_temporal_stop_head_model.pt,0.131,0.0,False,0.5,,,1.9575,False,,,False
normcmp_G_baseline_20260708_153849,466,17.483334,1783521536.98003,0.954216,0.500113,-0.0,3.141476,0.2,-0.004208,0.199851,4e-05,camera_link,17.483334,gnm_closed_loop,,nominal,,True,ok,third_party/visualnav-transformer/model_weights/gnm/gnm.pth,13.13,0.3,-0.0042,0.8285,-0.0035,6.74,,,gnm_closed_loop,0.2,-0.004208,normalized_stop_ab_20260708,G,baseline_no_stop,,,,,,,False,hospital_fresh_medium_G,1.9542,True,0.3,-0.004208,0.2,-0.004208,True,armed,False,,True,shadow,results/bo_reviewer_packet/temporal_stop_head/22_temporal_stop_head_model.pt,0.131,0.0,False,0.5,,,1.9575,False,,,False
normcmp_G_baseline_20260708_153849,467,17.500001,1783521536.982351,0.950891,0.500114,-0.0,3.141476,0.2,-0.004208,0.199851,4e-05,camera_link,17.500001,gnm_closed_loop,,nominal,,True,ok,third_party/visualnav-transformer/model_weights/gnm/gnm.pth,13.13,0.3,-0.0042,0.8285,-0.0035,6.74,,,gnm_closed_loop,0.2,-0.004208,normalized_stop_ab_20260708,G,baseline_no_stop,,,,,,,False,hospital_fresh_medium_G,1.9509,True,0.3,-0.004208,0.2,-0.004208,True,armed,False,,True,shadow,results/bo_reviewer_packet/temporal_stop_head/22_temporal_stop_head_model.pt,0.131,0.0,False,0.5,,,1.9575,False,,,False
normcmp_G_baseline_20260708_153849,468,17.516668,1783521537.00587,0.947566,0.500114,-0.0,3.141477,0.2,-0.005005,0.199834,0.000162,camera_link,17.516668,gnm_closed_loop,,nominal,,True,ok,third_party/visualnav-transformer/model_weights/gnm/gnm.pth,12.93,0.3,-0.005,0.8281,-0.0041,6.76,,,gnm_closed_loop,0.2,-0.005005,normalized_stop_ab_20260708,G,baseline_no_stop,,,,,,,False,hospital_fresh_medium_G,1.9476,True,0.3,-0.005005,0.2,-0.005005,True,armed,False,,True,shadow,results/bo_reviewer_packet/temporal_stop_head/22_temporal_stop_head_model.pt,0.12,0.0,False,0.5,,,1.9476,False,,,False
normcmp_G_baseline_20260708_153849,469,17.533334,1783521537.008313,0.944242,0.500114,-0.0,3.141476,0.2,-0.005005,0.199834,0.000162,camera_link,17.533334,gnm_closed_loop,,nominal,,True,ok,third_party/visualnav-transformer/model_weights/gnm/gnm.pth,12.93,0.3,-0.005,0.8281,-0.0041,6.76,,,gnm_closed_loop,0.2,-0.005005,normalized_stop_ab_20260708,G,baseline_no_stop,,,,,,,False,hospital_fresh_medium_G,1.9442,True,0.3,-0.005005,0.2,-0.005005,True,armed,False,,True,shadow,results/bo_reviewer_packet/temporal_stop_head/22_temporal_stop_head_model.pt,0.12,0.0,False,0.5,,,1.9476,False,,,False
normcmp_G_baseline_20260708_153849,470,17.550001,1783521537.010267,0.940917,0.500115,-0.0,3.141476,0.2,-0.005005,0.199834,0.000162,camera_link,17.550001,gnm_closed_loop,,nominal,,True,ok,third_party/visualnav-transformer/model_weights/gnm/gnm.pth,12.93,0.3,-0.005,0.8281,-0.0041,6.76,,,gnm_closed_loop,0.2,-0.005005,normalized_stop_ab_20260708,G,baseline_no_stop,,,,,,,False,hospital_fresh_medium_G,1.9409,True,0.3,-0.005005,0.2,-0.005005,True,armed,False,,True,shadow,results/bo_reviewer_packet/temporal_stop_head/22_temporal_stop_head_model.pt,0.12,0.0,False,0.5,,,1.9476,False,,,False
normcmp_G_baseline_20260708_153849,471,17.566668,1783521537.033227,0.937593,0.500115,-0.0,3.141476,0.2,-0.005391,0.199845,3e-05,camera_link,17.566668,gnm_closed_loop,,nominal,,True,ok,third_party/visualnav-transformer/model_weights/gnm/gnm.pth,12.84,0.3,-0.0054,0.8291,-0.0045,6.8,,,gnm_closed_loop,0.2,-0.005391,normalized_stop_ab_20260708,G,baseline_no_stop,,,,,,,False,hospital_fresh_medium_G,1.9376,True,0.3,-0.005391,0.2,-0.005391,True,armed,False,,True,shadow,results/bo_reviewer_packet/temporal_stop_head/22_temporal_stop_head_model.pt,0.109,0.0,False,0.5,,,1.9376,False,,,False
normcmp_G_baseline_20260708_153849,472,17.583334,1783521537.035549,0.934268,0.500115,-0.0,3.141476,0.2,-0.005391,0.199845,3e-05,camera_link,17.583334,gnm_closed_loop,,nominal,,True,ok,third_party/visualnav-transformer/model_weights/gnm/gnm.pth,12.84,0.3,-0.0054,0.8291,-0.0045,6.8,,,gnm_closed_loop,0.2,-0.005391,normalized_stop_ab_20260708,G,baseline_no_stop,,,,,,,False,hospital_fresh_medium_G,1.9343,True,0.3,-0.005391,0.2,-0.005391,True,armed,False,,True,shadow,results/bo_reviewer_packet/temporal_stop_head/22_temporal_stop_head_model.pt,0.109,0.0,False,0.5,,,1.9376,False,,,False
normcmp_G_baseline_20260708_153849,473,17.600001,1783521537.03738,0.930944,0.500116,-0.0,3.141476,0.2,-0.005391,0.199845,3e-05,camera_link,17.600001,gnm_closed_loop,,nominal,,True,ok,third_party/visualnav-transformer/model_weights/gnm/gnm.pth,12.84,0.3,-0.0054,0.8291,-0.0045,6.8,,,gnm_closed_loop,0.2,-0.005391,normalized_stop_ab_20260708,G,baseline_no_stop,,,,,,,False,hospital_fresh_medium_G,1.9309,True,0.3,-0.005391,0.2,-0.005391,True,armed,False,,True,shadow,results/bo_reviewer_packet/temporal_stop_head/22_temporal_stop_head_model.pt,0.109,0.0,False,0.5,,,1.9376,False,,,False
normcmp_G_baseline_20260708_153849,474,17.616668,1783521537.061123,0.927619,0.500116,-0.0,3.141475,0.2,-0.005632,0.199858,0.000354,camera_link,17.616668,gnm_closed_loop,,nominal,,True,ok,third_party/visualnav-transformer/model_weights/gnm/gnm.pth,13.07,0.3,-0.0056,0.8273,-0.0047,6.82,,,gnm_closed_loop,0.2,-0.005632,normalized_stop_ab_20260708,G,baseline_no_stop,,,,,,,False,hospital_fresh_medium_G,1.9276,True,0.3,-0.005632,0.2,-0.005632,True,armed,False,,True,shadow,results/bo_reviewer_packet/temporal_stop_head/22_temporal_stop_head_model.pt,0.125,0.0,False,0.5,,,1.9276,False,,,False
normcmp_G_baseline_20260708_153849,475,17.633334,1783521537.063513,0.924295,0.500117,-0.0,3.141475,0.2,-0.005632,0.199858,0.000354,camera_link,17.633334,gnm_closed_loop,,nominal,,True,ok,third_party/visualnav-transformer/model_weights/gnm/gnm.pth,13.07,0.3,-0.0056,0.8273,-0.0047,6.82,,,gnm_closed_loop,0.2,-0.005632,normalized_stop_ab_20260708,G,baseline_no_stop,,,,,,,False,hospital_fresh_medium_G,1.9243,True,0.3,-0.005632,0.2,-0.005632,True,armed,False,,True,shadow,results/bo_reviewer_packet/temporal_stop_head/22_temporal_stop_head_model.pt,0.125,0.0,False,0.5,,,1.9276,False,,,False
normcmp_G_baseline_20260708_153849,476,17.650001,1783521537.065558,0.92097,0.500117,-0.0,3.141475,0.2,-0.005632,0.199858,0.000354,camera_link,17.650001,gnm_closed_loop,,nominal,,True,ok,third_party/visualnav-transformer/model_weights/gnm/gnm.pth,13.07,0.3,-0.0056,0.8273,-0.0047,6.82,,,gnm_closed_loop,0.2,-0.005632,normalized_stop_ab_20260708,G,baseline_no_stop,,,,,,,False,hospital_fresh_medium_G,1.921,True,0.3,-0.005632,0.2,-0.005632,True,armed,False,,True,shadow,results/bo_reviewer_packet/temporal_stop_head/22_temporal_stop_head_model.pt,0.125,0.0,False,0.5,,,1.9276,False,,,False
normcmp_G_baseline_20260708_153849,477,17.666668,1783521537.089618,0.917645,0.500117,-0.0,3.141475,0.2,-0.006165,0.199844,0.00022,camera_link,17.666668,gnm_closed_loop,,nominal,,True,ok,third_party/visualnav-transformer/model_weights/gnm/gnm.pth,13.21,0.3,-0.0062,0.8305,-0.0051,6.86,,,gnm_closed_loop,0.2,-0.006165,normalized_stop_ab_20260708,G,baseline_no_stop,,,,,,,False,hospital_fresh_medium_G,1.9176,True,0.3,-0.006165,0.2,-0.006165,True,armed,False,,True,shadow,results/bo_reviewer_packet/temporal_stop_head/22_temporal_stop_head_model.pt,0.129,0.0,False,0.5,,,1.9176,False,,,False
normcmp_G_baseline_20260708_153849,478,17.683334,1783521537.093047,0.91432,0.500118,-0.0,3.141474,0.2,-0.006165,0.199844,0.00022,camera_link,17.683334,gnm_closed_loop,,nominal,,True,ok,third_party/visualnav-transformer/model_weights/gnm/gnm.pth,13.21,0.3,-0.0062,0.8305,-0.0051,6.86,,,gnm_closed_loop,0.2,-0.006165,normalized_stop_ab_20260708,G,baseline_no_stop,,,,,,,False,hospital_fresh_medium_G,1.9143,True,0.3,-0.006165,0.2,-0.006165,True,armed,False,,True,shadow,results/bo_reviewer_packet/temporal_stop_head/22_temporal_stop_head_model.pt,0.129,0.0,False,0.5,,,1.9176,False,,,False
normcmp_G_baseline_20260708_153849,479,17.700001,1783521537.095975,0.910996,0.500118,-0.0,3.141474,0.2,-0.006165,0.199844,0.00022,camera_link,17.700001,gnm_closed_loop,,nominal,,True,ok,third_party/visualnav-transformer/model_weights/gnm/gnm.pth,13.21,0.3,-0.0062,0.8305,-0.0051,6.86,,,gnm_closed_loop,0.2,-0.006165,normalized_stop_ab_20260708,G,baseline_no_stop,,,,,,,False,hospital_fresh_medium_G,1.911,True,0.3,-0.006165,0.2,-0.006165,True,armed,False,,True,shadow,results/bo_reviewer_packet/temporal_stop_head/22_temporal_stop_head_model.pt,0.129,0.0,False,0.5,,,1.9176,False,,,False
normcmp_G_baseline_20260708_153849,480,17.716668,1783521537.119897,0.907671,0.500119,-0.0,3.141474,0.2,-0.00649,0.199826,0.000331,camera_link,17.716668,gnm_closed_loop,,nominal,,True,ok,third_party/visualnav-transformer/model_weights/gnm/gnm.pth,12.85,0.3,-0.0065,0.8353,-0.0054,6.91,,,gnm_closed_loop,0.2,-0.00649,normalized_stop_ab_20260708,G,baseline_no_stop,,,,,,,False,hospital_fresh_medium_G,1.9077,True,0.3,-0.00649,0.2,-0.00649,True,armed,False,,True,shadow,results/bo_reviewer_packet/temporal_stop_head/22_temporal_stop_head_model.pt,0.119,0.0,False,0.5,,,1.9077,False,,,False
normcmp_G_baseline_20260708_153849,481,17.733334,1783521537.122243,0.904347,0.500119,-0.0,3.141473,0.2,-0.00649,0.199826,0.000331,camera_link,17.733334,gnm_closed_loop,,nominal,,True,ok,third_party/visualnav-transformer/model_weights/gnm/gnm.pth,12.85,0.3,-0.0065,0.8353,-0.0054,6.91,,,gnm_closed_loop,0.2,-0.00649,normalized_stop_ab_20260708,G,baseline_no_stop,,,,,,,False,hospital_fresh_medium_G,1.9043,True,0.3,-0.00649,0.2,-0.00649,True,armed,False,,True,shadow,results/bo_reviewer_packet/temporal_stop_head/22_temporal_stop_head_model.pt,0.119,0.0,False,0.5,,,1.9077,False,,,False
normcmp_G_baseline_20260708_153849,482,17.750001,1783521537.124192,0.901022,0.50012,-0.0,3.141473,0.2,-0.00649,0.199826,0.000331,camera_link,17.750001,gnm_closed_loop,,nominal,,True,ok,third_party/visualnav-transformer/model_weights/gnm/gnm.pth,12.85,0.3,-0.0065,0.8353,-0.0054,6.91,,,gnm_closed_loop,0.2,-0.00649,normalized_stop_ab_20260708,G,baseline_no_stop,,,,,,,False,hospital_fresh_medium_G,1.901,True,0.3,-0.00649,0.2,-0.00649,True,armed,False,,True,shadow,results/bo_reviewer_packet/temporal_stop_head/22_temporal_stop_head_model.pt,0.119,0.0,False,0.5,,,1.9077,False,,,False
normcmp_G_baseline_20260708_153849,483,17.766668,1783521537.146693,0.897698,0.50012,-0.0,3.141473,0.2,-0.006518,0.199831,0.000406,camera_link,17.766668,gnm_closed_loop,,nominal,,True,ok,third_party/visualnav-transformer/model_weights/gnm/gnm.pth,12.72,0.3,-0.0065,0.8423,-0.0055,6.95,,,gnm_closed_loop,0.2,-0.006518,normalized_stop_ab_20260708,G,baseline_no_stop,,,,,,,False,hospital_fresh_medium_G,1.8977,True,0.3,-0.006518,0.2,-0.006518,True,armed,False,,True,shadow,results/bo_reviewer_packet/temporal_stop_head/22_temporal_stop_head_model.pt,0.12,0.0,False,0.5,,,1.8977,False,,,False
normcmp_G_baseline_20260708_153849,484,17.783334,1783521537.149165,0.894373,0.500121,-0.0,3.141473,0.2,-0.006518,0.199831,0.000406,camera_link,17.783334,gnm_closed_loop,,nominal,,True,ok,third_party/visualnav-transformer/model_weights/gnm/gnm.pth,12.72,0.3,-0.0065,0.8423,-0.0055,6.95,,,gnm_closed_loop,0.2,-0.006518,normalized_stop_ab_20260708,G,baseline_no_stop,,,,,,,False,hospital_fresh_medium_G,1.8944,True,0.3,-0.006518,0.2,-0.006518,True,armed,False,,True,shadow,results/bo_reviewer_packet/temporal_stop_head/22_temporal_stop_head_model.pt,0.12,0.0,False,0.5,,,1.8977,False,,,False
normcmp_G_baseline_20260708_153849,485,17.800001,1783521537.15126,0.891049,0.500121,-0.0,3.141473,0.2,-0.006518,0.199831,0.000406,camera_link,17.800001,gnm_closed_loop,,nominal,,True,ok,third_party/visualnav-transformer/model_weights/gnm/gnm.pth,12.72,0.3,-0.0065,0.8423,-0.0055,6.95,,,gnm_closed_loop,0.2,-0.006518,normalized_stop_ab_20260708,G,baseline_no_stop,,,,,,,False,hospital_fresh_medium_G,1.891,True,0.3,-0.006518,0.2,-0.006518,True,armed,False,,True,shadow,results/bo_reviewer_packet/temporal_stop_head/22_temporal_stop_head_model.pt,0.12,0.0,False,0.5,,,1.8977,False,,,False
normcmp_G_baseline_20260708_153849,486,17.816668,1783521537.175055,0.887725,0.500122,-0.0,3.141473,0.2,-0.006332,0.199837,0.000181,camera_link,17.816668,gnm_closed_loop,,nominal,,True,ok,third_party/visualnav-transformer/model_weights/gnm/gnm.pth,13.05,0.3,-0.0063,0.84,-0.0053,6.9,,,gnm_closed_loop,0.2,-0.006332,normalized_stop_ab_20260708,G,baseline_no_stop,,,,,,,False,hospital_fresh_medium_G,1.8877,True,0.3,-0.006332,0.2,-0.006332,True,armed,False,,True,shadow,results/bo_reviewer_packet/temporal_stop_head/22_temporal_stop_head_model.pt,0.14,0.0,False,0.5,,,1.8877,False,,,False
normcmp_G_baseline_20260708_153849,487,17.833334,1783521537.177415,0.884401,0.500122,-0.0,3.141473,0.2,-0.006332,0.199837,0.000181,camera_link,17.833334,gnm_closed_loop,,nominal,,True,ok,third_party/visualnav-transformer/model_weights/gnm/gnm.pth,13.05,0.3,-0.0063,0.84,-0.0053,6.9,,,gnm_closed_loop,0.2,-0.006332,normalized_stop_ab_20260708,G,baseline_no_stop,,,,,,,False,hospital_fresh_medium_G,1.8844,True,0.3,-0.006332,0.2,-0.006332,True,armed,False,,True,shadow,results/bo_reviewer_packet/temporal_stop_head/22_temporal_stop_head_model.pt,0.14,0.0,False,0.5,,,1.8877,False,,,False
normcmp_G_baseline_20260708_153849,488,17.850001,1783521537.17937,0.881076,0.500122,-0.0,3.141473,0.2,-0.006332,0.199837,0.000181,camera_link,17.850001,gnm_closed_loop,,nominal,,True,ok,third_party/visualnav-transformer/model_weights/gnm/gnm.pth,13.05,0.3,-0.0063,0.84,-0.0053,6.9,,,gnm_closed_loop,0.2,-0.006332,normalized_stop_ab_20260708,G,baseline_no_stop,,,,,,,False,hospital_fresh_medium_G,1.8811,True,0.3,-0.006332,0.2,-0.006332,True,armed,False,,True,shadow,results/bo_reviewer_packet/temporal_stop_head/22_temporal_stop_head_model.pt,0.14,0.0,False,0.5,,,1.8877,False,,,False
normcmp_G_baseline_20260708_153849,489,17.866668,1783521537.203243,0.877752,0.500123,-0.0,3.141473,0.2,-0.00628,0.199848,0.000155,camera_link,17.866668,gnm_closed_loop,,nominal,,True,ok,third_party/visualnav-transformer/model_weights/gnm/gnm.pth,12.98,0.3,-0.0063,0.8318,-0.0052,6.87,,,gnm_closed_loop,0.2,-0.00628,normalized_stop_ab_20260708,G,baseline_no_stop,,,,,,,False,hospital_fresh_medium_G,1.8778,True,0.3,-0.00628,0.2,-0.00628,True,armed,False,,True,shadow,results/bo_reviewer_packet/temporal_stop_head/22_temporal_stop_head_model.pt,0.12,0.0,False,0.5,,,1.8778,False,,,False
normcmp_G_baseline_20260708_153849,490,17.883334,1783521537.205807,0.874428,0.500123,-0.0,3.141473,0.2,-0.00628,0.199848,0.000155,camera_link,17.883334,gnm_closed_loop,,nominal,,True,ok,third_party/visualnav-transformer/model_weights/gnm/gnm.pth,12.98,0.3,-0.0063,0.8318,-0.0052,6.87,,,gnm_closed_loop,0.2,-0.00628,normalized_stop_ab_20260708,G,baseline_no_stop,,,,,,,False,hospital_fresh_medium_G,1.8744,True,0.3,-0.00628,0.2,-0.00628,True,armed,False,,True,shadow,results/bo_reviewer_packet/temporal_stop_head/22_temporal_stop_head_model.pt,0.12,0.0,False,0.5,,,1.8778,False,,,False
normcmp_G_baseline_20260708_153849,491,17.900001,1783521537.2077,0.871103,0.500124,-0.0,3.141472,0.2,-0.00628,0.199848,0.000155,camera_link,17.900001,gnm_closed_loop,,nominal,,True,ok,third_party/visualnav-transformer/model_weights/gnm/gnm.pth,12.98,0.3,-0.0063,0.8318,-0.0052,6.87,,,gnm_closed_loop,0.2,-0.00628,normalized_stop_ab_20260708,G,baseline_no_stop,,,,,,,False,hospital_fresh_medium_G,1.8711,True,0.3,-0.00628,0.2,-0.00628,True,armed,False,,True,shadow,results/bo_reviewer_packet/temporal_stop_head/22_temporal_stop_head_model.pt,0.12,0.0,False,0.5,,,1.8778,False,,,False
normcmp_G_baseline_20260708_153849,492,17.916668,1783521537.230004,0.867779,0.500124,-0.0,3.141472,0.2,-0.006381,0.199823,0.000312,camera_link,17.916668,gnm_closed_loop,,nominal,,True,ok,third_party/visualnav-transformer/model_weights/gnm/gnm.pth,12.56,0.3,-0.0064,0.8205,-0.0052,6.88,,,gnm_closed_loop,0.2,-0.006381,normalized_stop_ab_20260708,G,baseline_no_stop,,,,,,,False,hospital_fresh_medium_G,1.8678,True,0.3,-0.006381,0.2,-0.006381,True,armed,False,,True,shadow,results/bo_reviewer_packet/temporal_stop_head/22_temporal_stop_head_model.pt,0.113,0.0,False,0.5,,,1.8678,False,,,False
normcmp_G_baseline_20260708_153849,493,17.933334,1783521537.232376,0.864455,0.500125,-0.0,3.141472,0.2,-0.006381,0.199823,0.000312,camera_link,17.933334,gnm_closed_loop,,nominal,,True,ok,third_party/visualnav-transformer/model_weights/gnm/gnm.pth,12.56,0.3,-0.0064,0.8205,-0.0052,6.88,,,gnm_closed_loop,0.2,-0.006381,normalized_stop_ab_20260708,G,baseline_no_stop,,,,,,,False,hospital_fresh_medium_G,1.8645,True,0.3,-0.006381,0.2,-0.006381,True,armed,False,,True,shadow,results/bo_reviewer_packet/temporal_stop_head/22_temporal_stop_head_model.pt,0.113,0.0,False,0.5,,,1.8678,False,,,False
normcmp_G_baseline_20260708_153849,494,17.950001,1783521537.235019,0.86113,0.500125,-0.0,3.141471,0.2,-0.006381,0.199823,0.000312,camera_link,17.950001,gnm_closed_loop,,nominal,,True,ok,third_party/visualnav-transformer/model_weights/gnm/gnm.pth,12.56,0.3,-0.0064,0.8205,-0.0052,6.88,,,gnm_closed_loop,0.2,-0.006381,normalized_stop_ab_20260708,G,baseline_no_stop,,,,,,,False,hospital_fresh_medium_G,1.8611,True,0.3,-0.006381,0.2,-0.006381,True,armed,False,,True,shadow,results/bo_reviewer_packet/temporal_stop_head/22_temporal_stop_head_model.pt,0.113,0.0,False,0.5,,,1.8678,False,,,False
normcmp_G_baseline_20260708_153849,495,17.966668,1783521537.257768,0.857806,0.500126,-0.0,3.141471,0.2,-0.006444,0.19984,0.000464,camera_link,17.966668,gnm_closed_loop,,nominal,,True,ok,third_party/visualnav-transformer/model_weights/gnm/gnm.pth,12.93,0.3,-0.0064,0.8095,-0.0052,6.92,,,gnm_closed_loop,0.2,-0.006444,normalized_stop_ab_20260708,G,baseline_no_stop,,,,,,,False,hospital_fresh_medium_G,1.8578,True,0.3,-0.006444,0.2,-0.006444,True,armed,False,,True,shadow,results/bo_reviewer_packet/temporal_stop_head/22_temporal_stop_head_model.pt,0.12,0.0,False,0.5,,,1.8578,False,,,False
normcmp_G_baseline_20260708_153849,496,17.983334,1783521537.260114,0.854481,0.500126,-0.0,3.14147,0.2,-0.006444,0.19984,0.000464,camera_link,17.983334,gnm_closed_loop,,nominal,,True,ok,third_party/visualnav-transformer/model_weights/gnm/gnm.pth,12.93,0.3,-0.0064,0.8095,-0.0052,6.92,,,gnm_closed_loop,0.2,-0.006444,normalized_stop_ab_20260708,G,baseline_no_stop,,,,,,,False,hospital_fresh_medium_G,1.8545,True,0.3,-0.006444,0.2,-0.006444,True,armed,False,,True,shadow,results/bo_reviewer_packet/temporal_stop_head/22_temporal_stop_head_model.pt,0.12,0.0,False,0.5,,,1.8578,False,,,False
normcmp_G_baseline_20260708_153849,497,18.000001,1783521537.261908,0.851157,0.500126,-0.0,3.14147,0.2,-0.006444,0.19984,0.000464,camera_link,18.000001,gnm_closed_loop,,nominal,,True,ok,third_party/visualnav-transformer/model_weights/gnm/gnm.pth,12.93,0.3,-0.0064,0.8095,-0.0052,6.92,,,gnm_closed_loop,0.2,-0.006444,normalized_stop_ab_20260708,G,baseline_no_stop,,,,,,,False,hospital_fresh_medium_G,1.8512,True,0.3,-0.006444,0.2,-0.006444,True,armed,False,,True,shadow,results/bo_reviewer_packet/temporal_stop_head/22_temporal_stop_head_model.pt,0.12,0.0,False,0.5,,,1.8578,False,,,False
normcmp_G_baseline_20260708_153849,498,18.016668,1783521537.285016,0.847832,0.500127,-0.0,3.14147,0.2,-0.006347,0.199843,8.5e-05,camera_link,18.016668,gnm_closed_loop,,nominal,,True,ok,third_party/visualnav-transformer/model_weights/gnm/gnm.pth,13.04,0.3,-0.0063,0.7967,-0.0051,6.93,,,gnm_closed_loop,0.2,-0.006347,normalized_stop_ab_20260708,G,baseline_no_stop,,,,,,,False,hospital_fresh_medium_G,1.8478,True,0.3,-0.006347,0.2,-0.006347,True,armed,False,,True,shadow,results/bo_reviewer_packet/temporal_stop_head/22_temporal_stop_head_model.pt,0.122,0.0,False,0.5,,,1.8478,False,,,False
normcmp_G_baseline_20260708_153849,499,18.033334,1783521537.287584,0.844508,0.500127,-0.0,3.14147,0.2,-0.006347,0.199843,8.5e-05,camera_link,18.033334,gnm_closed_loop,,nominal,,True,ok,third_party/visualnav-transformer/model_weights/gnm/gnm.pth,13.04,0.3,-0.0063,0.7967,-0.0051,6.93,,,gnm_closed_loop,0.2,-0.006347,normalized_stop_ab_20260708,G,baseline_no_stop,,,,,,,False,hospital_fresh_medium_G,1.8445,True,0.3,-0.006347,0.2,-0.006347,True,armed,False,,True,shadow,results/bo_reviewer_packet/temporal_stop_head/22_temporal_stop_head_model.pt,0.122,0.0,False,0.5,,,1.8478,False,,,False
normcmp_G_baseline_20260708_153849,500,18.050001,1783521537.289747,0.841183,0.500127,-0.0,3.14147,0.2,-0.006347,0.199843,8.5e-05,camera_link,18.050001,gnm_closed_loop,,nominal,,True,ok,third_party/visualnav-transformer/model_weights/gnm/gnm.pth,13.04,0.3,-0.0063,0.7967,-0.0051,6.93,,,gnm_closed_loop,0.2,-0.006347,normalized_stop_ab_20260708,G,baseline_no_stop,,,,,,,False,hospital_fresh_medium_G,1.8412,True,0.3,-0.006347,0.2,-0.006347,True,armed,False,,True,shadow,results/bo_reviewer_packet/temporal_stop_head/22_temporal_stop_head_model.pt,0.122,0.0,False,0.5,,,1.8478,False,,,False
normcmp_G_baseline_20260708_153849,501,18.066668,1783521537.321808,0.837859,0.500128,-0.0,3.141469,0.2,-0.006542,0.199839,0.000597,camera_link,18.066668,gnm_closed_loop,,nominal,,True,ok,third_party/visualnav-transformer/model_weights/gnm/gnm.pth,19.63,0.3,-0.0065,0.7882,-0.0052,6.88,,,gnm_closed_loop,0.2,-0.006542,normalized_stop_ab_20260708,G,baseline_no_stop,,,,,,,False,hospital_fresh_medium_G,1.8379,True,0.3,-0.006542,0.2,-0.006542,True,armed,False,,True,shadow,results/bo_reviewer_packet/temporal_stop_head/22_temporal_stop_head_model.pt,0.125,0.0,False,0.5,,,1.8379,False,,,False
normcmp_G_baseline_20260708_153849,502,18.083334,1783521537.325097,0.834534,0.500128,-0.0,3.141469,0.2,-0.006542,0.199839,0.000597,camera_link,18.083334,gnm_closed_loop,,nominal,,True,ok,third_party/visualnav-transformer/model_weights/gnm/gnm.pth,19.63,0.3,-0.0065,0.7882,-0.0052,6.88,,,gnm_closed_loop,0.2,-0.006542,normalized_stop_ab_20260708,G,baseline_no_stop,,,,,,,False,hospital_fresh_medium_G,1.8345,True,0.3,-0.006542,0.2,-0.006542,True,armed,False,,True,shadow,results/bo_reviewer_packet/temporal_stop_head/22_temporal_stop_head_model.pt,0.125,0.0,False,0.5,,,1.8379,False,,,False
normcmp_G_baseline_20260708_153849,503,18.100001,1783521537.328257,0.83121,0.500129,-0.0,3.141469,0.2,-0.006542,0.199839,0.000597,camera_link,18.100001,gnm_closed_loop,,nominal,,True,ok,third_party/visualnav-transformer/model_weights/gnm/gnm.pth,19.63,0.3,-0.0065,0.7882,-0.0052,6.88,,,gnm_closed_loop,0.2,-0.006542,normalized_stop_ab_20260708,G,baseline_no_stop,,,,,,,False,hospital_fresh_medium_G,1.8312,True,0.3,-0.006542,0.2,-0.006542,True,armed,False,,True,shadow,results/bo_reviewer_packet/temporal_stop_head/22_temporal_stop_head_model.pt,0.125,0.0,False,0.5,,,1.8379,False,,,False
normcmp_G_baseline_20260708_153849,504,18.116668,1783521537.353049,0.827885,0.500129,-0.0,3.141469,0.2,-0.006447,0.199829,0.000512,camera_link,18.116668,gnm_closed_loop,,nominal,,True,ok,third_party/visualnav-transformer/model_weights/gnm/gnm.pth,13.41,0.3,-0.0064,0.7888,-0.0051,6.84,,,gnm_closed_loop,0.2,-0.006447,normalized_stop_ab_20260708,G,baseline_no_stop,,,,,,,False,hospital_fresh_medium_G,1.8279,True,0.3,-0.006447,0.2,-0.006447,True,armed,False,,True,shadow,results/bo_reviewer_packet/temporal_stop_head/22_temporal_stop_head_model.pt,0.122,0.0,False,0.5,,,1.8279,False,,,False
normcmp_G_baseline_20260708_153849,505,18.133334,1783521537.355099,0.824561,0.50013,-0.0,3.141469,0.2,-0.006447,0.199829,0.000512,camera_link,18.133334,gnm_closed_loop,,nominal,,True,ok,third_party/visualnav-transformer/model_weights/gnm/gnm.pth,13.41,0.3,-0.0064,0.7888,-0.0051,6.84,,,gnm_closed_loop,0.2,-0.006447,normalized_stop_ab_20260708,G,baseline_no_stop,,,,,,,False,hospital_fresh_medium_G,1.8246,True,0.3,-0.006447,0.2,-0.006447,True,armed,False,,True,shadow,results/bo_reviewer_packet/temporal_stop_head/22_temporal_stop_head_model.pt,0.122,0.0,False,0.5,,,1.8279,False,,,False
normcmp_G_baseline_20260708_153849,506,18.150001,1783521537.35683,0.821237,0.50013,-0.0,3.141469,0.2,-0.006447,0.199829,0.000512,camera_link,18.150001,gnm_closed_loop,,nominal,,True,ok,third_party/visualnav-transformer/model_weights/gnm/gnm.pth,13.41,0.3,-0.0064,0.7888,-0.0051,6.84,,,gnm_closed_loop,0.2,-0.006447,normalized_stop_ab_20260708,G,baseline_no_stop,,,,,,,False,hospital_fresh_medium_G,1.8212,True,0.3,-0.006447,0.2,-0.006447,True,armed,False,,True,shadow,results/bo_reviewer_packet/temporal_stop_head/22_temporal_stop_head_model.pt,0.122,0.0,False,0.5,,,1.8279,False,,,False
normcmp_G_baseline_20260708_153849,507,18.166668,1783521537.384992,0.817912,0.500131,-0.0,3.141469,0.2,-0.00591,0.199822,0.000531,camera_link,18.166668,gnm_closed_loop,,nominal,,True,ok,third_party/visualnav-transformer/model_weights/gnm/gnm.pth,16.37,0.3,-0.0059,0.7918,-0.0047,6.77,,,gnm_closed_loop,0.2,-0.00591,normalized_stop_ab_20260708,G,baseline_no_stop,,,,,,,False,hospital_fresh_medium_G,1.8179,True,0.3,-0.00591,0.2,-0.00591,True,armed,False,,True,shadow,results/bo_reviewer_packet/temporal_stop_head/22_temporal_stop_head_model.pt,0.122,0.0,False,0.5,,,1.8179,False,,,False
normcmp_G_baseline_20260708_153849,508,18.183334,1783521537.387579,0.814588,0.500131,-0.0,3.141468,0.2,-0.00591,0.199822,0.000531,camera_link,18.183334,gnm_closed_loop,,nominal,,True,ok,third_party/visualnav-transformer/model_weights/gnm/gnm.pth,16.37,0.3,-0.0059,0.7918,-0.0047,6.77,,,gnm_closed_loop,0.2,-0.00591,normalized_stop_ab_20260708,G,baseline_no_stop,,,,,,,False,hospital_fresh_medium_G,1.8146,True,0.3,-0.00591,0.2,-0.00591,True,armed,False,,True,shadow,results/bo_reviewer_packet/temporal_stop_head/22_temporal_stop_head_model.pt,0.122,0.0,False,0.5,,,1.8179,False,,,False
normcmp_G_baseline_20260708_153849,509,18.200001,1783521537.39115,0.811264,0.500131,-0.0,3.141468,0.2,-0.00591,0.199822,0.000531,camera_link,18.200001,gnm_closed_loop,,nominal,,True,ok,third_party/visualnav-transformer/model_weights/gnm/gnm.pth,16.37,0.3,-0.0059,0.7918,-0.0047,6.77,,,gnm_closed_loop,0.2,-0.00591,normalized_stop_ab_20260708,G,baseline_no_stop,,,,,,,False,hospital_fresh_medium_G,1.8113,True,0.3,-0.00591,0.2,-0.00591,True,armed,False,,True,shadow,results/bo_reviewer_packet/temporal_stop_head/22_temporal_stop_head_model.pt,0.122,0.0,False,0.5,,,1.8179,False,,,False
normcmp_G_baseline_20260708_153849,510,18.216668,1783521537.425314,0.807939,0.500132,-0.0,3.141468,0.2,-0.005178,0.199837,0.000416,camera_link,18.216668,gnm_closed_loop,,nominal,,True,ok,third_party/visualnav-transformer/model_weights/gnm/gnm.pth,18.28,0.3,-0.0052,0.7956,-0.0041,6.7,,,gnm_closed_loop,0.2,-0.005178,normalized_stop_ab_20260708,G,baseline_no_stop,,,,,,,False,hospital_fresh_medium_G,1.8079,True,0.3,-0.005178,0.2,-0.005178,True,armed,False,,True,shadow,results/bo_reviewer_packet/temporal_stop_head/22_temporal_stop_head_model.pt,0.112,0.0,False,0.5,,,1.8079,False,,,False
normcmp_G_baseline_20260708_153849,511,18.233334,1783521537.427893,0.804614,0.500132,-0.0,3.141468,0.2,-0.005178,0.199837,0.000416,camera_link,18.233334,gnm_closed_loop,,nominal,,True,ok,third_party/visualnav-transformer/model_weights/gnm/gnm.pth,18.28,0.3,-0.0052,0.7956,-0.0041,6.7,,,gnm_closed_loop,0.2,-0.005178,normalized_stop_ab_20260708,G,baseline_no_stop,,,,,,,False,hospital_fresh_medium_G,1.8046,True,0.3,-0.005178,0.2,-0.005178,True,armed,False,,True,shadow,results/bo_reviewer_packet/temporal_stop_head/22_temporal_stop_head_model.pt,0.112,0.0,False,0.5,,,1.8079,False,,,False
normcmp_G_baseline_20260708_153849,512,18.250001,1783521537.430479,0.80129,0.500133,-0.0,3.141468,0.2,-0.005178,0.199837,0.000416,camera_link,18.250001,gnm_closed_loop,,nominal,,True,ok,third_party/visualnav-transformer/model_weights/gnm/gnm.pth,18.28,0.3,-0.0052,0.7956,-0.0041,6.7,,,gnm_closed_loop,0.2,-0.005178,normalized_stop_ab_20260708,G,baseline_no_stop,,,,,,,False,hospital_fresh_medium_G,1.8013,True,0.3,-0.005178,0.2,-0.005178,True,armed,False,,True,shadow,results/bo_reviewer_packet/temporal_stop_head/22_temporal_stop_head_model.pt,0.112,0.0,False,0.5,,,1.8079,False,,,False
normcmp_G_baseline_20260708_153849,513,18.266668,1783521537.460625,0.797966,0.500133,-0.0,3.141467,0.2,-0.004797,0.199845,0.000476,camera_link,18.266668,gnm_closed_loop,,nominal,,True,ok,third_party/visualnav-transformer/model_weights/gnm/gnm.pth,14.39,0.3,-0.0048,0.8066,-0.0039,6.71,,,gnm_closed_loop,0.2,-0.004797,normalized_stop_ab_20260708,G,baseline_no_stop,,,,,,,False,hospital_fresh_medium_G,1.798,True,0.3,-0.004797,0.2,-0.004797,True,armed,False,,True,shadow,results/bo_reviewer_packet/temporal_stop_head/22_temporal_stop_head_model.pt,0.107,0.0,False,0.5,,,1.798,False,,,False
normcmp_G_baseline_20260708_153849,514,18.283334,1783521537.463281,0.794641,0.500133,-0.0,3.141467,0.2,-0.004797,0.199845,0.000476,camera_link,18.283334,gnm_closed_loop,,nominal,,True,ok,third_party/visualnav-transformer/model_weights/gnm/gnm.pth,14.39,0.3,-0.0048,0.8066,-0.0039,6.71,,,gnm_closed_loop,0.2,-0.004797,normalized_stop_ab_20260708,G,baseline_no_stop,,,,,,,False,hospital_fresh_medium_G,1.7946,True,0.3,-0.004797,0.2,-0.004797,True,armed,False,,True,shadow,results/bo_reviewer_packet/temporal_stop_head/22_temporal_stop_head_model.pt,0.107,0.0,False,0.5,,,1.798,False,,,False
normcmp_G_baseline_20260708_153849,515,18.300001,1783521537.465465,0.791317,0.500134,-0.0,3.141467,0.2,-0.004797,0.199845,0.000476,camera_link,18.300001,gnm_closed_loop,,nominal,,True,ok,third_party/visualnav-transformer/model_weights/gnm/gnm.pth,14.39,0.3,-0.0048,0.8066,-0.0039,6.71,,,gnm_closed_loop,0.2,-0.004797,normalized_stop_ab_20260708,G,baseline_no_stop,,,,,,,False,hospital_fresh_medium_G,1.7913,True,0.3,-0.004797,0.2,-0.004797,True,armed,False,,True,shadow,results/bo_reviewer_packet/temporal_stop_head/22_temporal_stop_head_model.pt,0.107,0.0,False,0.5,,,1.798,False,,,False
normcmp_G_baseline_20260708_153849,516,18.316668,1783521537.488315,0.787992,0.500134,-0.0,3.141467,0.2,-0.005008,0.199845,0.000147,camera_link,18.316668,gnm_closed_loop,,nominal,,True,ok,third_party/visualnav-transformer/model_weights/gnm/gnm.pth,12.86,0.3,-0.005,0.8165,-0.0041,6.62,,,gnm_closed_loop,0.2,-0.005008,normalized_stop_ab_20260708,G,baseline_no_stop,,,,,,,False,hospital_fresh_medium_G,1.788,True,0.3,-0.005008,0.2,-0.005008,True,armed,False,,True,shadow,results/bo_reviewer_packet/temporal_stop_head/22_temporal_stop_head_model.pt,0.118,0.0,False,0.5,,,1.788,False,,,False
normcmp_G_baseline_20260708_153849,517,18.333334,1783521537.490742,0.784668,0.500135,-0.0,3.141467,0.2,-0.005008,0.199845,0.000147,camera_link,18.333334,gnm_closed_loop,,nominal,,True,ok,third_party/visualnav-transformer/model_weights/gnm/gnm.pth,12.86,0.3,-0.005,0.8165,-0.0041,6.62,,,gnm_closed_loop,0.2,-0.005008,normalized_stop_ab_20260708,G,baseline_no_stop,,,,,,,False,hospital_fresh_medium_G,1.7847,True,0.3,-0.005008,0.2,-0.005008,True,armed,False,,True,shadow,results/bo_reviewer_packet/temporal_stop_head/22_temporal_stop_head_model.pt,0.118,0.0,False,0.5,,,1.788,False,,,False
normcmp_G_baseline_20260708_153849,518,18.350001,1783521537.492742,0.781344,0.500135,-0.0,3.141467,0.2,-0.005008,0.199845,0.000147,camera_link,18.350001,gnm_closed_loop,,nominal,,True,ok,third_party/visualnav-transformer/model_weights/gnm/gnm.pth,12.86,0.3,-0.005,0.8165,-0.0041,6.62,,,gnm_closed_loop,0.2,-0.005008,normalized_stop_ab_20260708,G,baseline_no_stop,,,,,,,False,hospital_fresh_medium_G,1.7813,True,0.3,-0.005008,0.2,-0.005008,True,armed,False,,True,shadow,results/bo_reviewer_packet/temporal_stop_head/22_temporal_stop_head_model.pt,0.118,0.0,False,0.5,,,1.788,False,,,False
normcmp_G_baseline_20260708_153849,519,18.366668,1783521537.516941,0.778019,0.500135,-0.0,3.141467,0.2,-0.004851,0.199847,0.000425,camera_link,18.366668,gnm_closed_loop,,nominal,,True,ok,third_party/visualnav-transformer/model_weights/gnm/gnm.pth,13.23,0.3,-0.0049,0.823,-0.004,6.55,,,gnm_closed_loop,0.2,-0.004851,normalized_stop_ab_20260708,G,baseline_no_stop,,,,,,,False,hospital_fresh_medium_G,1.778,True,0.3,-0.004851,0.2,-0.004851,True,armed,False,,True,shadow,results/bo_reviewer_packet/temporal_stop_head/22_temporal_stop_head_model.pt,0.106,0.0,False,0.5,,,1.778,False,,,False
normcmp_G_baseline_20260708_153849,520,18.383334,1783521537.519376,0.774694,0.500136,-0.0,3.141466,0.2,-0.004851,0.199847,0.000425,camera_link,18.383334,gnm_closed_loop,,nominal,,True,ok,third_party/visualnav-transformer/model_weights/gnm/gnm.pth,13.23,0.3,-0.0049,0.823,-0.004,6.55,,,gnm_closed_loop,0.2,-0.004851,normalized_stop_ab_20260708,G,baseline_no_stop,,,,,,,False,hospital_fresh_medium_G,1.7747,True,0.3,-0.004851,0.2,-0.004851,True,armed,False,,True,shadow,results/bo_reviewer_packet/temporal_stop_head/22_temporal_stop_head_model.pt,0.106,0.0,False,0.5,,,1.778,False,,,False
normcmp_G_baseline_20260708_153849,521,18.400001,1783521537.521192,0.771368,0.500136,-0.0,3.141466,0.2,-0.004851,0.199847,0.000425,camera_link,18.400001,gnm_closed_loop,,nominal,,True,ok,third_party/visualnav-transformer/model_weights/gnm/gnm.pth,13.23,0.3,-0.0049,0.823,-0.004,6.55,,,gnm_closed_loop,0.2,-0.004851,normalized_stop_ab_20260708,G,baseline_no_stop,,,,,,,False,hospital_fresh_medium_G,1.7714,True,0.3,-0.004851,0.2,-0.004851,True,armed,False,,True,shadow,results/bo_reviewer_packet/temporal_stop_head/22_temporal_stop_head_model.pt,0.106,0.0,False,0.5,,,1.778,False,,,False
normcmp_G_baseline_20260708_153849,522,18.416668,1783521537.545609,0.768044,0.500137,-0.0,3.141466,0.2,-0.005872,0.199843,0.000865,camera_link,18.416668,gnm_closed_loop,,nominal,,True,ok,third_party/visualnav-transformer/model_weights/gnm/gnm.pth,13.27,0.3,-0.0059,0.8278,-0.0049,6.56,,,gnm_closed_loop,0.2,-0.005872,normalized_stop_ab_20260708,G,baseline_no_stop,,,,,,,False,hospital_fresh_medium_G,1.768,True,0.3,-0.005872,0.2,-0.005872,True,armed,False,,True,shadow,results/bo_reviewer_packet/temporal_stop_head/22_temporal_stop_head_model.pt,0.102,0.0,False,0.5,,,1.768,False,,,False
normcmp_G_baseline_20260708_153849,523,18.433334,1783521537.548953,0.76472,0.500137,-0.0,3.141465,0.2,-0.005872,0.199843,0.000865,camera_link,18.433334,gnm_closed_loop,,nominal,,True,ok,third_party/visualnav-transformer/model_weights/gnm/gnm.pth,13.27,0.3,-0.0059,0.8278,-0.0049,6.56,,,gnm_closed_loop,0.2,-0.005872,normalized_stop_ab_20260708,G,baseline_no_stop,,,,,,,False,hospital_fresh_medium_G,1.7647,True,0.3,-0.005872,0.2,-0.005872,True,armed,False,,True,shadow,results/bo_reviewer_packet/temporal_stop_head/22_temporal_stop_head_model.pt,0.102,0.0,False,0.5,,,1.768,False,,,False
normcmp_G_baseline_20260708_153849,524,18.450001,1783521537.551899,0.761395,0.500138,-0.0,3.141465,0.2,-0.005872,0.199843,0.000865,camera_link,18.450001,gnm_closed_loop,,nominal,,True,ok,third_party/visualnav-transformer/model_weights/gnm/gnm.pth,13.27,0.3,-0.0059,0.8278,-0.0049,6.56,,,gnm_closed_loop,0.2,-0.005872,normalized_stop_ab_20260708,G,baseline_no_stop,,,,,,,False,hospital_fresh_medium_G,1.7614,True,0.3,-0.005872,0.2,-0.005872,True,armed,False,,True,shadow,results/bo_reviewer_packet/temporal_stop_head/22_temporal_stop_head_model.pt,0.102,0.0,False,0.5,,,1.768,False,,,False
normcmp_G_baseline_20260708_153849,525,18.466668,1783521537.581217,0.758071,0.500138,-0.0,3.141464,0.2,-0.005973,0.199847,0.0005,camera_link,18.466668,gnm_closed_loop,,nominal,,True,ok,third_party/visualnav-transformer/model_weights/gnm/gnm.pth,15.99,0.3,-0.006,0.8368,-0.005,6.54,,,gnm_closed_loop,0.2,-0.005973,normalized_stop_ab_20260708,G,baseline_no_stop,,,,,,,False,hospital_fresh_medium_G,1.7581,True,0.3,-0.005973,0.2,-0.005973,True,armed,False,,True,shadow,results/bo_reviewer_packet/temporal_stop_head/22_temporal_stop_head_model.pt,0.141,0.0,False,0.5,,,1.7581,False,,,False
normcmp_G_baseline_20260708_153849,526,18.483334,1783521537.583565,0.754746,0.500138,-0.0,3.141464,0.2,-0.005973,0.199847,0.0005,camera_link,18.483334,gnm_closed_loop,,nominal,,True,ok,third_party/visualnav-transformer/model_weights/gnm/gnm.pth,15.99,0.3,-0.006,0.8368,-0.005,6.54,,,gnm_closed_loop,0.2,-0.005973,normalized_stop_ab_20260708,G,baseline_no_stop,,,,,,,False,hospital_fresh_medium_G,1.7547,True,0.3,-0.005973,0.2,-0.005973,True,armed,False,,True,shadow,results/bo_reviewer_packet/temporal_stop_head/22_temporal_stop_head_model.pt,0.141,0.0,False,0.5,,,1.7581,False,,,False
normcmp_G_baseline_20260708_153849,527,18.500001,1783521537.586164,0.751421,0.500139,-0.0,3.141464,0.2,-0.005973,0.199847,0.0005,camera_link,18.500001,gnm_closed_loop,,nominal,,True,ok,third_party/visualnav-transformer/model_weights/gnm/gnm.pth,15.99,0.3,-0.006,0.8368,-0.005,6.54,,,gnm_closed_loop,0.2,-0.005973,normalized_stop_ab_20260708,G,baseline_no_stop,,,,,,,False,hospital_fresh_medium_G,1.7514,True,0.3,-0.005973,0.2,-0.005973,True,armed,False,,True,shadow,results/bo_reviewer_packet/temporal_stop_head/22_temporal_stop_head_model.pt,0.141,0.0,False,0.5,,,1.7581,False,,,False
normcmp_G_baseline_20260708_153849,528,18.516668,1783521537.612773,0.748096,0.500139,-0.0,3.141464,0.2,-0.006517,0.199856,-0.00045,camera_link,18.516668,gnm_closed_loop,,nominal,,True,ok,third_party/visualnav-transformer/model_weights/gnm/gnm.pth,12.99,0.3,-0.0065,0.8356,-0.0054,6.49,,,gnm_closed_loop,0.2,-0.006517,normalized_stop_ab_20260708,G,baseline_no_stop,,,,,,,False,hospital_fresh_medium_G,1.7481,True,0.3,-0.006517,0.2,-0.006517,True,armed,False,,True,shadow,results/bo_reviewer_packet/temporal_stop_head/22_temporal_stop_head_model.pt,0.107,0.0,False,0.5,,,1.7481,False,,,False
normcmp_G_baseline_20260708_153849,529,18.533334,1783521537.615096,0.744772,0.50014,-0.0,3.141464,0.2,-0.006517,0.199856,-0.00045,camera_link,18.533334,gnm_closed_loop,,nominal,,True,ok,third_party/visualnav-transformer/model_weights/gnm/gnm.pth,12.99,0.3,-0.0065,0.8356,-0.0054,6.49,,,gnm_closed_loop,0.2,-0.006517,normalized_stop_ab_20260708,G,baseline_no_stop,,,,,,,False,hospital_fresh_medium_G,1.7448,True,0.3,-0.006517,0.2,-0.006517,True,armed,False,,True,shadow,results/bo_reviewer_packet/temporal_stop_head/22_temporal_stop_head_model.pt,0.107,0.0,False,0.5,,,1.7481,False,,,False
normcmp_G_baseline_20260708_153849,530,18.550001,1783521537.617102,0.741447,0.50014,-0.0,3.141464,0.2,-0.006517,0.199856,-0.00045,camera_link,18.550001,gnm_closed_loop,,nominal,,True,ok,third_party/visualnav-transformer/model_weights/gnm/gnm.pth,12.99,0.3,-0.0065,0.8356,-0.0054,6.49,,,gnm_closed_loop,0.2,-0.006517,normalized_stop_ab_20260708,G,baseline_no_stop,,,,,,,False,hospital_fresh_medium_G,1.7414,True,0.3,-0.006517,0.2,-0.006517,True,armed,False,,True,shadow,results/bo_reviewer_packet/temporal_stop_head/22_temporal_stop_head_model.pt,0.107,0.0,False,0.5,,,1.7481,False,,,False
normcmp_G_baseline_20260708_153849,531,18.566668,1783521537.639802,0.738122,0.50014,-0.0,3.141463,0.2,-0.006711,0.199839,0.000483,camera_link,18.566668,gnm_closed_loop,,nominal,,True,ok,third_party/visualnav-transformer/model_weights/gnm/gnm.pth,12.8,0.3,-0.0067,0.8315,-0.0056,6.57,,,gnm_closed_loop,0.2,-0.006711,normalized_stop_ab_20260708,G,baseline_no_stop,,,,,,,False,hospital_fresh_medium_G,1.7381,True,0.3,-0.006711,0.2,-0.006711,True,armed,False,,True,shadow,results/bo_reviewer_packet/temporal_stop_head/22_temporal_stop_head_model.pt,0.107,0.0,False,0.5,,,1.7381,False,,,False
normcmp_G_baseline_20260708_153849,532,18.583334,1783521537.642094,0.734798,0.500141,-0.0,3.141463,0.2,-0.006711,0.199839,0.000483,camera_link,18.583334,gnm_closed_loop,,nominal,,True,ok,third_party/visualnav-transformer/model_weights/gnm/gnm.pth,12.8,0.3,-0.0067,0.8315,-0.0056,6.57,,,gnm_closed_loop,0.2,-0.006711,normalized_stop_ab_20260708,G,baseline_no_stop,,,,,,,False,hospital_fresh_medium_G,1.7348,True,0.3,-0.006711,0.2,-0.006711,True,armed,False,,True,shadow,results/bo_reviewer_packet/temporal_stop_head/22_temporal_stop_head_model.pt,0.107,0.0,False,0.5,,,1.7381,False,,,False
normcmp_G_baseline_20260708_153849,533,18.600001,1783521537.644269,0.731473,0.500141,-0.0,3.141463,0.2,-0.006711,0.199839,0.000483,camera_link,18.600001,gnm_closed_loop,,nominal,,True,ok,third_party/visualnav-transformer/model_weights/gnm/gnm.pth,12.8,0.3,-0.0067,0.8315,-0.0056,6.57,,,gnm_closed_loop,0.2,-0.006711,normalized_stop_ab_20260708,G,baseline_no_stop,,,,,,,False,hospital_fresh_medium_G,1.7315,True,0.3,-0.006711,0.2,-0.006711,True,armed,False,,True,shadow,results/bo_reviewer_packet/temporal_stop_head/22_temporal_stop_head_model.pt,0.107,0.0,False,0.5,,,1.7381,False,,,False
normcmp_G_baseline_20260708_153849,534,18.616668,1783521537.67127,0.728148,0.500142,-0.0,3.141463,0.2,-0.007604,0.199846,0.000122,camera_link,18.616668,gnm_closed_loop,,nominal,,True,ok,third_party/visualnav-transformer/model_weights/gnm/gnm.pth,13.46,0.3,-0.0076,0.8248,-0.0063,6.62,,,gnm_closed_loop,0.2,-0.007604,normalized_stop_ab_20260708,G,baseline_no_stop,,,,,,,False,hospital_fresh_medium_G,1.7281,True,0.3,-0.007604,0.2,-0.007604,True,armed,False,,True,shadow,results/bo_reviewer_packet/temporal_stop_head/22_temporal_stop_head_model.pt,0.123,0.0,False,0.5,,,1.7281,False,,,False
normcmp_G_baseline_20260708_153849,535,18.633334,1783521537.673482,0.724823,0.500142,-0.0,3.141463,0.2,-0.007604,0.199846,0.000122,camera_link,18.633334,gnm_closed_loop,,nominal,,True,ok,third_party/visualnav-transformer/model_weights/gnm/gnm.pth,13.46,0.3,-0.0076,0.8248,-0.0063,6.62,,,gnm_closed_loop,0.2,-0.007604,normalized_stop_ab_20260708,G,baseline_no_stop,,,,,,,False,hospital_fresh_medium_G,1.7248,True,0.3,-0.007604,0.2,-0.007604,True,armed,False,,True,shadow,results/bo_reviewer_packet/temporal_stop_head/22_temporal_stop_head_model.pt,0.123,0.0,False,0.5,,,1.7281,False,,,False
normcmp_G_baseline_20260708_153849,536,18.650001,1783521537.675318,0.721499,0.500143,-0.0,3.141463,0.2,-0.007604,0.199846,0.000122,camera_link,18.650001,gnm_closed_loop,,nominal,,True,ok,third_party/visualnav-transformer/model_weights/gnm/gnm.pth,13.46,0.3,-0.0076,0.8248,-0.0063,6.62,,,gnm_closed_loop,0.2,-0.007604,normalized_stop_ab_20260708,G,baseline_no_stop,,,,,,,False,hospital_fresh_medium_G,1.7215,True,0.3,-0.007604,0.2,-0.007604,True,armed,False,,True,shadow,results/bo_reviewer_packet/temporal_stop_head/22_temporal_stop_head_model.pt,0.123,0.0,False,0.5,,,1.7281,False,,,False
normcmp_G_baseline_20260708_153849,537,18.666668,1783521537.698538,0.718174,0.500143,-0.0,3.141462,0.2,-0.008648,0.199836,0.000439,camera_link,18.666668,gnm_closed_loop,,nominal,,True,ok,third_party/visualnav-transformer/model_weights/gnm/gnm.pth,12.85,0.3,-0.0086,0.815,-0.007,6.7,,,gnm_closed_loop,0.2,-0.008648,normalized_stop_ab_20260708,G,baseline_no_stop,,,,,,,False,hospital_fresh_medium_G,1.7182,True,0.3,-0.008648,0.2,-0.008648,True,armed,False,,True,shadow,results/bo_reviewer_packet/temporal_stop_head/22_temporal_stop_head_model.pt,0.105,0.0,False,0.5,,,1.7182,False,,,False
normcmp_G_baseline_20260708_153849,538,18.683334,1783521537.700867,0.714849,0.500144,-0.0,3.141462,0.2,-0.008648,0.199836,0.000439,camera_link,18.683334,gnm_closed_loop,,nominal,,True,ok,third_party/visualnav-transformer/model_weights/gnm/gnm.pth,12.85,0.3,-0.0086,0.815,-0.007,6.7,,,gnm_closed_loop,0.2,-0.008648,normalized_stop_ab_20260708,G,baseline_no_stop,,,,,,,False,hospital_fresh_medium_G,1.7148,True,0.3,-0.008648,0.2,-0.008648,True,armed,False,,True,shadow,results/bo_reviewer_packet/temporal_stop_head/22_temporal_stop_head_model.pt,0.105,0.0,False,0.5,,,1.7182,False,,,False
normcmp_G_baseline_20260708_153849,539,18.700001,1783521537.702805,0.711524,0.500144,-0.0,3.141461,0.2,-0.008648,0.199836,0.000439,camera_link,18.700001,gnm_closed_loop,,nominal,,True,ok,third_party/visualnav-transformer/model_weights/gnm/gnm.pth,12.85,0.3,-0.0086,0.815,-0.007,6.7,,,gnm_closed_loop,0.2,-0.008648,normalized_stop_ab_20260708,G,baseline_no_stop,,,,,,,False,hospital_fresh_medium_G,1.7115,True,0.3,-0.008648,0.2,-0.008648,True,armed,False,,True,shadow,results/bo_reviewer_packet/temporal_stop_head/22_temporal_stop_head_model.pt,0.105,0.0,False,0.5,,,1.7182,False,,,False
normcmp_G_baseline_20260708_153849,540,18.716668,1783521537.730122,0.708199,0.500145,-0.0,3.141461,0.2,-0.009114,0.199836,0.000398,camera_link,18.716668,gnm_closed_loop,,nominal,,True,ok,third_party/visualnav-transformer/model_weights/gnm/gnm.pth,15.93,0.3,-0.0091,0.8149,-0.0074,6.71,,,gnm_closed_loop,0.2,-0.009114,normalized_stop_ab_20260708,G,baseline_no_stop,,,,,,,False,hospital_fresh_medium_G,1.7082,True,0.3,-0.009114,0.2,-0.009114,True,armed,False,,True,shadow,results/bo_reviewer_packet/temporal_stop_head/22_temporal_stop_head_model.pt,0.136,0.0,False,0.5,,,1.7082,False,,,False
normcmp_G_baseline_20260708_153849,541,18.733334,1783521537.732311,0.704874,0.500145,-0.0,3.141461,0.2,-0.009114,0.199836,0.000398,camera_link,18.733334,gnm_closed_loop,,nominal,,True,ok,third_party/visualnav-transformer/model_weights/gnm/gnm.pth,15.93,0.3,-0.0091,0.8149,-0.0074,6.71,,,gnm_closed_loop,0.2,-0.009114,normalized_stop_ab_20260708,G,baseline_no_stop,,,,,,,False,hospital_fresh_medium_G,1.7049,True,0.3,-0.009114,0.2,-0.009114,True,armed,False,,True,shadow,results/bo_reviewer_packet/temporal_stop_head/22_temporal_stop_head_model.pt,0.136,0.0,False,0.5,,,1.7082,False,,,False
normcmp_G_baseline_20260708_153849,542,18.750001,1783521537.735226,0.701549,0.500146,-0.0,3.14146,0.2,-0.009114,0.199836,0.000398,camera_link,18.750001,gnm_closed_loop,,nominal,,True,ok,third_party/visualnav-transformer/model_weights/gnm/gnm.pth,15.93,0.3,-0.0091,0.8149,-0.0074,6.71,,,gnm_closed_loop,0.2,-0.009114,normalized_stop_ab_20260708,G,baseline_no_stop,,,,,,,False,hospital_fresh_medium_G,1.7015,True,0.3,-0.009114,0.2,-0.009114,True,armed,False,,True,shadow,results/bo_reviewer_packet/temporal_stop_head/22_temporal_stop_head_model.pt,0.136,0.0,False,0.5,,,1.7082,False,,,False
normcmp_G_baseline_20260708_153849,543,18.766668,1783521537.764785,0.698225,0.500146,-0.0,3.14146,0.2,-0.009,0.199847,0.000111,camera_link,18.766668,gnm_closed_loop,,nominal,,True,ok,third_party/visualnav-transformer/model_weights/gnm/gnm.pth,14.2,0.3,-0.009,0.8167,-0.0073,6.69,,,gnm_closed_loop,0.2,-0.009,normalized_stop_ab_20260708,G,baseline_no_stop,,,,,,,False,hospital_fresh_medium_G,1.6982,True,0.3,-0.009,0.2,-0.009,True,armed,False,,True,shadow,results/bo_reviewer_packet/temporal_stop_head/22_temporal_stop_head_model.pt,0.108,0.0,False,0.5,,,1.6982,False,,,False
normcmp_G_baseline_20260708_153849,544,18.783334,1783521537.767661,0.6949,0.500147,-0.0,3.14146,0.2,-0.009,0.199847,0.000111,camera_link,18.783334,gnm_closed_loop,,nominal,,True,ok,third_party/visualnav-transformer/model_weights/gnm/gnm.pth,14.2,0.3,-0.009,0.8167,-0.0073,6.69,,,gnm_closed_loop,0.2,-0.009,normalized_stop_ab_20260708,G,baseline_no_stop,,,,,,,False,hospital_fresh_medium_G,1.6949,True,0.3,-0.009,0.2,-0.009,True,armed,False,,True,shadow,results/bo_reviewer_packet/temporal_stop_head/22_temporal_stop_head_model.pt,0.108,0.0,False,0.5,,,1.6982,False,,,False
normcmp_G_baseline_20260708_153849,545,18.800001,1783521537.77003,0.691576,0.500148,-0.0,3.14146,0.2,-0.009,0.199847,0.000111,camera_link,18.800001,gnm_closed_loop,,nominal,,True,ok,third_party/visualnav-transformer/model_weights/gnm/gnm.pth,14.2,0.3,-0.009,0.8167,-0.0073,6.69,,,gnm_closed_loop,0.2,-0.009,normalized_stop_ab_20260708,G,baseline_no_stop,,,,,,,False,hospital_fresh_medium_G,1.6916,True,0.3,-0.009,0.2,-0.009,True,armed,False,,True,shadow,results/bo_reviewer_packet/temporal_stop_head/22_temporal_stop_head_model.pt,0.108,0.0,False,0.5,,,1.6982,False,,,False
normcmp_G_baseline_20260708_153849,546,18.816668,1783521537.806319,0.68825,0.500148,-0.0,3.14146,0.2,-0.009332,0.199843,6.9e-05,camera_link,18.816668,gnm_closed_loop,,nominal,,True,ok,third_party/visualnav-transformer/model_weights/gnm/gnm.pth,17.06,0.3,-0.0093,0.8187,-0.0076,6.68,,,gnm_closed_loop,0.2,-0.009332,normalized_stop_ab_20260708,G,baseline_no_stop,,,,,,,False,hospital_fresh_medium_G,1.6883,True,0.3,-0.009332,0.2,-0.009332,True,armed,False,,True,shadow,results/bo_reviewer_packet/temporal_stop_head/22_temporal_stop_head_model.pt,0.131,0.0,False,0.5,,,1.6883,False,,,False
normcmp_G_baseline_20260708_153849,547,18.833334,1783521537.808755,0.684925,0.500149,-0.0,3.141459,0.2,-0.009332,0.199843,6.9e-05,camera_link,18.833334,gnm_closed_loop,,nominal,,True,ok,third_party/visualnav-transformer/model_weights/gnm/gnm.pth,17.06,0.3,-0.0093,0.8187,-0.0076,6.68,,,gnm_closed_loop,0.2,-0.009332,normalized_stop_ab_20260708,G,baseline_no_stop,,,,,,,False,hospital_fresh_medium_G,1.6849,True,0.3,-0.009332,0.2,-0.009332,True,armed,False,,True,shadow,results/bo_reviewer_packet/temporal_stop_head/22_temporal_stop_head_model.pt,0.131,0.0,False,0.5,,,1.6883,False,,,False
normcmp_G_baseline_20260708_153849,548,18.850001,1783521537.811357,0.681601,0.500149,-0.0,3.141459,0.2,-0.009332,0.199843,6.9e-05,camera_link,18.850001,gnm_closed_loop,,nominal,,True,ok,third_party/visualnav-transformer/model_weights/gnm/gnm.pth,17.06,0.3,-0.0093,0.8187,-0.0076,6.68,,,gnm_closed_loop,0.2,-0.009332,normalized_stop_ab_20260708,G,baseline_no_stop,,,,,,,False,hospital_fresh_medium_G,1.6816,True,0.3,-0.009332,0.2,-0.009332,True,armed,False,,True,shadow,results/bo_reviewer_packet/temporal_stop_head/22_temporal_stop_head_model.pt,0.131,0.0,False,0.5,,,1.6883,False,,,False
normcmp_G_baseline_20260708_153849,549,18.866668,1783521537.840477,0.678276,0.50015,-0.0,3.141459,0.2,-0.009318,0.199841,0.00031,camera_link,18.866668,gnm_closed_loop,,nominal,,True,ok,third_party/visualnav-transformer/model_weights/gnm/gnm.pth,15.43,0.3,-0.0093,0.821,-0.0076,6.69,,,gnm_closed_loop,0.2,-0.009318,normalized_stop_ab_20260708,G,baseline_no_stop,,,,,,,False,hospital_fresh_medium_G,1.6783,True,0.3,-0.009318,0.2,-0.009318,True,armed,False,,True,shadow,results/bo_reviewer_packet/temporal_stop_head/22_temporal_stop_head_model.pt,0.12,0.0,False,0.5,,,1.6783,False,,,False
normcmp_G_baseline_20260708_153849,550,18.883334,1783521537.842908,0.674952,0.50015,-0.0,3.141459,0.2,-0.009318,0.199841,0.00031,camera_link,18.883334,gnm_closed_loop,,nominal,,True,ok,third_party/visualnav-transformer/model_weights/gnm/gnm.pth,15.43,0.3,-0.0093,0.821,-0.0076,6.69,,,gnm_closed_loop,0.2,-0.009318,normalized_stop_ab_20260708,G,baseline_no_stop,,,,,,,False,hospital_fresh_medium_G,1.675,True,0.3,-0.009318,0.2,-0.009318,True,armed,False,,True,shadow,results/bo_reviewer_packet/temporal_stop_head/22_temporal_stop_head_model.pt,0.12,0.0,False,0.5,,,1.6783,False,,,False
normcmp_G_baseline_20260708_153849,551,18.900001,1783521537.844878,0.671627,0.50015,-0.0,3.141458,0.2,-0.009318,0.199841,0.00031,camera_link,18.900001,gnm_closed_loop,,nominal,,True,ok,third_party/visualnav-transformer/model_weights/gnm/gnm.pth,15.43,0.3,-0.0093,0.821,-0.0076,6.69,,,gnm_closed_loop,0.2,-0.009318,normalized_stop_ab_20260708,G,baseline_no_stop,,,,,,,False,hospital_fresh_medium_G,1.6716,True,0.3,-0.009318,0.2,-0.009318,True,armed,False,,True,shadow,results/bo_reviewer_packet/temporal_stop_head/22_temporal_stop_head_model.pt,0.12,0.0,False,0.5,,,1.6783,False,,,False
normcmp_G_baseline_20260708_153849,552,18.916668,1783521537.867788,0.668302,0.500151,-0.0,3.141458,0.2,-0.008491,0.199851,0.000704,camera_link,18.916668,gnm_closed_loop,,nominal,,True,ok,third_party/visualnav-transformer/model_weights/gnm/gnm.pth,13.07,0.3,-0.0085,0.8272,-0.007,6.66,,,gnm_closed_loop,0.2,-0.008491,normalized_stop_ab_20260708,G,baseline_no_stop,,,,,,,False,hospital_fresh_medium_G,1.6683,True,0.3,-0.008491,0.2,-0.008491,True,armed,False,,True,shadow,results/bo_reviewer_packet/temporal_stop_head/22_temporal_stop_head_model.pt,0.123,0.0,False,0.5,,,1.6683,False,,,False
normcmp_G_baseline_20260708_153849,553,18.933334,1783521537.870806,0.664977,0.500151,-0.0,3.141457,0.2,-0.008491,0.199851,0.000704,camera_link,18.933334,gnm_closed_loop,,nominal,,True,ok,third_party/visualnav-transformer/model_weights/gnm/gnm.pth,13.07,0.3,-0.0085,0.8272,-0.007,6.66,,,gnm_closed_loop,0.2,-0.008491,normalized_stop_ab_20260708,G,baseline_no_stop,,,,,,,False,hospital_fresh_medium_G,1.665,True,0.3,-0.008491,0.2,-0.008491,True,armed,False,,True,shadow,results/bo_reviewer_packet/temporal_stop_head/22_temporal_stop_head_model.pt,0.123,0.0,False,0.5,,,1.6683,False,,,False
normcmp_G_baseline_20260708_153849,554,18.950001,1783521537.87262,0.661652,0.500152,-0.0,3.141457,0.2,-0.008491,0.199851,0.000704,camera_link,18.950001,gnm_closed_loop,,nominal,,True,ok,third_party/visualnav-transformer/model_weights/gnm/gnm.pth,13.07,0.3,-0.0085,0.8272,-0.007,6.66,,,gnm_closed_loop,0.2,-0.008491,normalized_stop_ab_20260708,G,baseline_no_stop,,,,,,,False,hospital_fresh_medium_G,1.6617,True,0.3,-0.008491,0.2,-0.008491,True,armed,False,,True,shadow,results/bo_reviewer_packet/temporal_stop_head/22_temporal_stop_head_model.pt,0.123,0.0,False,0.5,,,1.6683,False,,,False
normcmp_G_baseline_20260708_153849,555,18.966668,1783521537.896851,0.658328,0.500152,-0.0,3.141456,0.2,-0.007409,0.199843,0.001107,camera_link,18.966668,gnm_closed_loop,,nominal,,True,ok,third_party/visualnav-transformer/model_weights/gnm/gnm.pth,13.26,0.3,-0.0074,0.8364,-0.0062,6.62,,,gnm_closed_loop,0.2,-0.007409,normalized_stop_ab_20260708,G,baseline_no_stop,,,,,,,False,hospital_fresh_medium_G,1.6583,True,0.3,-0.007409,0.2,-0.007409,True,armed,False,,True,shadow,results/bo_reviewer_packet/temporal_stop_head/22_temporal_stop_head_model.pt,0.127,0.0,False,0.5,,,1.6583,False,,,False
normcmp_G_baseline_20260708_153849,556,18.983334,1783521537.898936,0.655003,0.500153,-0.0,3.141456,0.2,-0.007409,0.199843,0.001107,camera_link,18.983334,gnm_closed_loop,,nominal,,True,ok,third_party/visualnav-transformer/model_weights/gnm/gnm.pth,13.26,0.3,-0.0074,0.8364,-0.0062,6.62,,,gnm_closed_loop,0.2,-0.007409,normalized_stop_ab_20260708,G,baseline_no_stop,,,,,,,False,hospital_fresh_medium_G,1.655,True,0.3,-0.007409,0.2,-0.007409,True,armed,False,,True,shadow,results/bo_reviewer_packet/temporal_stop_head/22_temporal_stop_head_model.pt,0.127,0.0,False,0.5,,,1.6583,False,,,False
normcmp_G_baseline_20260708_153849,557,19.000001,1783521537.901004,0.651678,0.500153,-0.0,3.141456,0.2,-0.007409,0.199843,0.001107,camera_link,19.000001,gnm_closed_loop,,nominal,,True,ok,third_party/visualnav-transformer/model_weights/gnm/gnm.pth,13.26,0.3,-0.0074,0.8364,-0.0062,6.62,,,gnm_closed_loop,0.2,-0.007409,normalized_stop_ab_20260708,G,baseline_no_stop,,,,,,,False,hospital_fresh_medium_G,1.6517,True,0.3,-0.007409,0.2,-0.007409,True,armed,False,,True,shadow,results/bo_reviewer_packet/temporal_stop_head/22_temporal_stop_head_model.pt,0.127,0.0,False,0.5,,,1.6583,False,,,False
normcmp_G_baseline_20260708_153849,558,19.016668,1783521537.924012,0.648353,0.500153,-0.0,3.141456,0.2,-0.007347,0.199837,0.000458,camera_link,19.016668,gnm_closed_loop,,nominal,,True,ok,third_party/visualnav-transformer/model_weights/gnm/gnm.pth,13.17,0.3,-0.0073,0.8383,-0.0062,6.65,,,gnm_closed_loop,0.2,-0.007347,normalized_stop_ab_20260708,G,baseline_no_stop,,,,,,,False,hospital_fresh_medium_G,1.6484,True,0.3,-0.007347,0.2,-0.007347,True,armed,False,,True,shadow,results/bo_reviewer_packet/temporal_stop_head/22_temporal_stop_head_model.pt,0.12,0.0,False,0.5,,,1.6484,False,,,False
normcmp_G_baseline_20260708_153849,559,19.033334,1783521537.926392,0.645029,0.500154,-0.0,3.141455,0.2,-0.007347,0.199837,0.000458,camera_link,19.033334,gnm_closed_loop,,nominal,,True,ok,third_party/visualnav-transformer/model_weights/gnm/gnm.pth,13.17,0.3,-0.0073,0.8383,-0.0062,6.65,,,gnm_closed_loop,0.2,-0.007347,normalized_stop_ab_20260708,G,baseline_no_stop,,,,,,,False,hospital_fresh_medium_G,1.645,True,0.3,-0.007347,0.2,-0.007347,True,armed,False,,True,shadow,results/bo_reviewer_packet/temporal_stop_head/22_temporal_stop_head_model.pt,0.12,0.0,False,0.5,,,1.6484,False,,,False
normcmp_G_baseline_20260708_153849,560,19.050001,1783521537.92842,0.641704,0.500154,-0.0,3.141455,0.2,-0.007347,0.199837,0.000458,camera_link,19.050001,gnm_closed_loop,,nominal,,True,ok,third_party/visualnav-transformer/model_weights/gnm/gnm.pth,13.17,0.3,-0.0073,0.8383,-0.0062,6.65,,,gnm_closed_loop,0.2,-0.007347,normalized_stop_ab_20260708,G,baseline_no_stop,,,,,,,False,hospital_fresh_medium_G,1.6417,True,0.3,-0.007347,0.2,-0.007347,True,armed,False,,True,shadow,results/bo_reviewer_packet/temporal_stop_head/22_temporal_stop_head_model.pt,0.12,0.0,False,0.5,,,1.6484,False,,,False
normcmp_G_baseline_20260708_153849,561,19.066668,1783521537.955643,0.638379,0.500155,-0.0,3.141454,0.2,-0.007071,0.199832,0.000741,camera_link,19.066668,gnm_closed_loop,,nominal,,True,ok,third_party/visualnav-transformer/model_weights/gnm/gnm.pth,15.62,0.3,-0.0071,0.8354,-0.0059,6.6,,,gnm_closed_loop,0.2,-0.007071,normalized_stop_ab_20260708,G,baseline_no_stop,,,,,,,False,hospital_fresh_medium_G,1.6384,True,0.3,-0.007071,0.2,-0.007071,True,armed,False,,True,shadow,results/bo_reviewer_packet/temporal_stop_head/22_temporal_stop_head_model.pt,0.112,0.0,False,0.5,,,1.6384,False,,,False
normcmp_G_baseline_20260708_153849,562,19.083334,1783521537.958151,0.635054,0.500155,-0.0,3.141454,0.2,-0.007071,0.199832,0.000741,camera_link,19.083334,gnm_closed_loop,,nominal,,True,ok,third_party/visualnav-transformer/model_weights/gnm/gnm.pth,15.62,0.3,-0.0071,0.8354,-0.0059,6.6,,,gnm_closed_loop,0.2,-0.007071,normalized_stop_ab_20260708,G,baseline_no_stop,,,,,,,False,hospital_fresh_medium_G,1.6351,True,0.3,-0.007071,0.2,-0.007071,True,armed,False,,True,shadow,results/bo_reviewer_packet/temporal_stop_head/22_temporal_stop_head_model.pt,0.112,0.0,False,0.5,,,1.6384,False,,,False
normcmp_G_baseline_20260708_153849,563,19.100001,1783521537.960327,0.631729,0.500156,-0.0,3.141453,0.2,-0.007071,0.199832,0.000741,camera_link,19.100001,gnm_closed_loop,,nominal,,True,ok,third_party/visualnav-transformer/model_weights/gnm/gnm.pth,15.62,0.3,-0.0071,0.8354,-0.0059,6.6,,,gnm_closed_loop,0.2,-0.007071,normalized_stop_ab_20260708,G,baseline_no_stop,,,,,,,False,hospital_fresh_medium_G,1.6317,True,0.3,-0.007071,0.2,-0.007071,True,armed,False,,True,shadow,results/bo_reviewer_packet/temporal_stop_head/22_temporal_stop_head_model.pt,0.112,0.0,False,0.5,,,1.6384,False,,,False
normcmp_G_baseline_20260708_153849,564,19.116668,1783521537.985058,0.628404,0.500156,-0.0,3.141453,0.2,-0.006561,0.199818,0.000361,camera_link,19.116668,gnm_closed_loop,,nominal,,True,ok,third_party/visualnav-transformer/model_weights/gnm/gnm.pth,13.18,0.3,-0.0066,0.8195,-0.0054,6.5,,,gnm_closed_loop,0.2,-0.006561,normalized_stop_ab_20260708,G,baseline_no_stop,,,,,,,False,hospital_fresh_medium_G,1.6284,True,0.3,-0.006561,0.2,-0.006561,True,armed,False,,True,shadow,results/bo_reviewer_packet/temporal_stop_head/22_temporal_stop_head_model.pt,0.135,0.0,False,0.5,,,1.6284,False,,,False
normcmp_G_baseline_20260708_153849,565,19.133334,1783521537.98748,0.625079,0.500157,-0.0,3.141453,0.2,-0.006561,0.199818,0.000361,camera_link,19.133334,gnm_closed_loop,,nominal,,True,ok,third_party/visualnav-transformer/model_weights/gnm/gnm.pth,13.18,0.3,-0.0066,0.8195,-0.0054,6.5,,,gnm_closed_loop,0.2,-0.006561,normalized_stop_ab_20260708,G,baseline_no_stop,,,,,,,False,hospital_fresh_medium_G,1.6251,True,0.3,-0.006561,0.2,-0.006561,True,armed,False,,True,shadow,results/bo_reviewer_packet/temporal_stop_head/22_temporal_stop_head_model.pt,0.135,0.0,False,0.5,,,1.6284,False,,,False
normcmp_G_baseline_20260708_153849,566,19.150001,1783521537.989433,0.621755,0.500157,-0.0,3.141452,0.2,-0.006561,0.199818,0.000361,camera_link,19.150001,gnm_closed_loop,,nominal,,True,ok,third_party/visualnav-transformer/model_weights/gnm/gnm.pth,13.18,0.3,-0.0066,0.8195,-0.0054,6.5,,,gnm_closed_loop,0.2,-0.006561,normalized_stop_ab_20260708,G,baseline_no_stop,,,,,,,False,hospital_fresh_medium_G,1.6218,True,0.3,-0.006561,0.2,-0.006561,True,armed,False,,True,shadow,results/bo_reviewer_packet/temporal_stop_head/22_temporal_stop_head_model.pt,0.135,0.0,False,0.5,,,1.6284,False,,,False
normcmp_G_baseline_20260708_153849,567,19.166668,1783521538.014927,0.618431,0.500157,-0.0,3.141452,0.2,-0.00592,0.199846,2.1e-05,camera_link,19.166668,gnm_closed_loop,,nominal,,True,ok,third_party/visualnav-transformer/model_weights/gnm/gnm.pth,13.05,0.3,-0.0059,0.8051,-0.0048,6.45,,,gnm_closed_loop,0.2,-0.00592,normalized_stop_ab_20260708,G,baseline_no_stop,,,,,,,False,hospital_fresh_medium_G,1.6184,True,0.3,-0.00592,0.2,-0.00592,True,armed,False,,True,shadow,results/bo_reviewer_packet/temporal_stop_head/22_temporal_stop_head_model.pt,0.122,0.0,False,0.5,,,1.6184,False,,,False
normcmp_G_baseline_20260708_153849,568,19.183334,1783521538.017112,0.615107,0.500158,-0.0,3.141452,0.2,-0.00592,0.199846,2.1e-05,camera_link,19.183334,gnm_closed_loop,,nominal,,True,ok,third_party/visualnav-transformer/model_weights/gnm/gnm.pth,13.05,0.3,-0.0059,0.8051,-0.0048,6.45,,,gnm_closed_loop,0.2,-0.00592,normalized_stop_ab_20260708,G,baseline_no_stop,,,,,,,False,hospital_fresh_medium_G,1.6151,True,0.3,-0.00592,0.2,-0.00592,True,armed,False,,True,shadow,results/bo_reviewer_packet/temporal_stop_head/22_temporal_stop_head_model.pt,0.122,0.0,False,0.5,,,1.6184,False,,,False
normcmp_G_baseline_20260708_153849,569,19.200001,1783521538.020198,0.611781,0.500158,-0.0,3.141452,0.2,-0.00592,0.199846,2.1e-05,camera_link,19.200001,gnm_closed_loop,,nominal,,True,ok,third_party/visualnav-transformer/model_weights/gnm/gnm.pth,13.05,0.3,-0.0059,0.8051,-0.0048,6.45,,,gnm_closed_loop,0.2,-0.00592,normalized_stop_ab_20260708,G,baseline_no_stop,,,,,,,False,hospital_fresh_medium_G,1.6118,True,0.3,-0.00592,0.2,-0.00592,True,armed,False,,True,shadow,results/bo_reviewer_packet/temporal_stop_head/22_temporal_stop_head_model.pt,0.122,0.0,False,0.5,,,1.6184,False,,,False
normcmp_G_baseline_20260708_153849,570,19.216668,1783521538.044877,0.608456,0.500159,-0.0,3.141452,0.2,-0.006566,0.199844,0.000489,camera_link,19.216668,gnm_closed_loop,,nominal,,True,ok,third_party/visualnav-transformer/model_weights/gnm/gnm.pth,13.11,0.3,-0.0066,0.7744,-0.0051,6.4,,,gnm_closed_loop,0.2,-0.006566,normalized_stop_ab_20260708,G,baseline_no_stop,,,,,,,False,hospital_fresh_medium_G,1.6085,True,0.3,-0.006566,0.2,-0.006566,True,armed,False,,True,shadow,results/bo_reviewer_packet/temporal_stop_head/22_temporal_stop_head_model.pt,0.116,0.0,False,0.5,,,1.6085,False,,,False
normcmp_G_baseline_20260708_153849,571,19.233334,1783521538.048371,0.605131,0.500159,-0.0,3.141451,0.2,-0.006566,0.199844,0.000489,camera_link,19.233334,gnm_closed_loop,,nominal,,True,ok,third_party/visualnav-transformer/model_weights/gnm/gnm.pth,13.11,0.3,-0.0066,0.7744,-0.0051,6.4,,,gnm_closed_loop,0.2,-0.006566,normalized_stop_ab_20260708,G,baseline_no_stop,,,,,,,False,hospital_fresh_medium_G,1.6051,True,0.3,-0.006566,0.2,-0.006566,True,armed,False,,True,shadow,results/bo_reviewer_packet/temporal_stop_head/22_temporal_stop_head_model.pt,0.116,0.0,False,0.5,,,1.6085,False,,,False
normcmp_G_baseline_20260708_153849,572,19.250001,1783521538.05034,0.601806,0.50016,-0.0,3.141451,0.2,-0.006566,0.199844,0.000489,camera_link,19.250001,gnm_closed_loop,,nominal,,True,ok,third_party/visualnav-transformer/model_weights/gnm/gnm.pth,13.11,0.3,-0.0066,0.7744,-0.0051,6.4,,,gnm_closed_loop,0.2,-0.006566,normalized_stop_ab_20260708,G,baseline_no_stop,,,,,,,False,hospital_fresh_medium_G,1.6018,True,0.3,-0.006566,0.2,-0.006566,True,armed,False,,True,shadow,results/bo_reviewer_packet/temporal_stop_head/22_temporal_stop_head_model.pt,0.116,0.0,False,0.5,,,1.6085,False,,,False
normcmp_G_baseline_20260708_153849,573,19.266668,1783521538.078369,0.59848,0.50016,-0.0,3.141451,0.2,-0.007298,0.199835,0.000229,camera_link,19.266668,gnm_closed_loop,,nominal,,True,ok,third_party/visualnav-transformer/model_weights/gnm/gnm.pth,14.73,0.3,-0.0073,0.7629,-0.0056,6.35,,,gnm_closed_loop,0.2,-0.007298,normalized_stop_ab_20260708,G,baseline_no_stop,,,,,,,False,hospital_fresh_medium_G,1.5985,True,0.3,-0.007298,0.2,-0.007298,True,armed,False,,True,shadow,results/bo_reviewer_packet/temporal_stop_head/22_temporal_stop_head_model.pt,0.124,0.0,False,0.5,,,1.5985,False,,,False
normcmp_G_baseline_20260708_153849,574,19.283334,1783521538.080822,0.595156,0.500161,-0.0,3.141451,0.2,-0.007298,0.199835,0.000229,camera_link,19.283334,gnm_closed_loop,,nominal,,True,ok,third_party/visualnav-transformer/model_weights/gnm/gnm.pth,14.73,0.3,-0.0073,0.7629,-0.0056,6.35,,,gnm_closed_loop,0.2,-0.007298,normalized_stop_ab_20260708,G,baseline_no_stop,,,,,,,False,hospital_fresh_medium_G,1.5952,True,0.3,-0.007298,0.2,-0.007298,True,armed,False,,True,shadow,results/bo_reviewer_packet/temporal_stop_head/22_temporal_stop_head_model.pt,0.124,0.0,False,0.5,,,1.5985,False,,,False
normcmp_G_baseline_20260708_153849,575,19.300001,1783521538.082703,0.591831,0.500161,-0.0,3.141451,0.2,-0.007298,0.199835,0.000229,camera_link,19.300001,gnm_closed_loop,,nominal,,True,ok,third_party/visualnav-transformer/model_weights/gnm/gnm.pth,14.73,0.3,-0.0073,0.7629,-0.0056,6.35,,,gnm_closed_loop,0.2,-0.007298,normalized_stop_ab_20260708,G,baseline_no_stop,,,,,,,False,hospital_fresh_medium_G,1.5918,True,0.3,-0.007298,0.2,-0.007298,True,armed,False,,True,shadow,results/bo_reviewer_packet/temporal_stop_head/22_temporal_stop_head_model.pt,0.124,0.0,False,0.5,,,1.5985,False,,,False
normcmp_G_baseline_20260708_153849,576,19.316668,1783521538.114035,0.588507,0.500161,-0.0,3.141451,0.2,-0.008172,0.199833,-1e-06,camera_link,19.316668,gnm_closed_loop,,nominal,,True,ok,third_party/visualnav-transformer/model_weights/gnm/gnm.pth,18.4,0.3,-0.0082,0.7587,-0.0062,6.32,,,gnm_closed_loop,0.2,-0.008172,normalized_stop_ab_20260708,G,baseline_no_stop,,,,,,,False,hospital_fresh_medium_G,1.5885,True,0.3,-0.008172,0.2,-0.008172,True,armed,False,,True,shadow,results/bo_reviewer_packet/temporal_stop_head/22_temporal_stop_head_model.pt,0.139,0.0,False,0.5,,,1.5885,False,,,False
normcmp_G_baseline_20260708_153849,577,19.333334,1783521538.116641,0.585182,0.500162,-0.0,3.141451,0.2,-0.008172,0.199833,-1e-06,camera_link,19.333334,gnm_closed_loop,,nominal,,True,ok,third_party/visualnav-transformer/model_weights/gnm/gnm.pth,18.4,0.3,-0.0082,0.7587,-0.0062,6.32,,,gnm_closed_loop,0.2,-0.008172,normalized_stop_ab_20260708,G,baseline_no_stop,,,,,,,False,hospital_fresh_medium_G,1.5852,True,0.3,-0.008172,0.2,-0.008172,True,armed,False,,True,shadow,results/bo_reviewer_packet/temporal_stop_head/22_temporal_stop_head_model.pt,0.139,0.0,False,0.5,,,1.5885,False,,,False
normcmp_G_baseline_20260708_153849,578,19.350001,1783521538.11974,0.581858,0.500162,-0.0,3.141451,0.2,-0.008172,0.199833,-1e-06,camera_link,19.350001,gnm_closed_loop,,nominal,,True,ok,third_party/visualnav-transformer/model_weights/gnm/gnm.pth,18.4,0.3,-0.0082,0.7587,-0.0062,6.32,,,gnm_closed_loop,0.2,-0.008172,normalized_stop_ab_20260708,G,baseline_no_stop,,,,,,,False,hospital_fresh_medium_G,1.5819,True,0.3,-0.008172,0.2,-0.008172,True,armed,False,,True,shadow,results/bo_reviewer_packet/temporal_stop_head/22_temporal_stop_head_model.pt,0.139,0.0,False,0.5,,,1.5885,False,,,False
normcmp_G_baseline_20260708_153849,579,19.366668,1783521538.149373,0.578533,0.500163,-0.0,3.141451,0.2,-0.007595,0.199828,0.000338,camera_link,19.366668,gnm_closed_loop,,nominal,,True,ok,third_party/visualnav-transformer/model_weights/gnm/gnm.pth,15.12,0.3,-0.0076,0.7655,-0.0058,6.18,,,gnm_closed_loop,0.2,-0.007595,normalized_stop_ab_20260708,G,baseline_no_stop,,,,,,,False,hospital_fresh_medium_G,1.5785,True,0.3,-0.007595,0.2,-0.007595,True,armed,False,,True,shadow,results/bo_reviewer_packet/temporal_stop_head/22_temporal_stop_head_model.pt,0.134,0.0,False,0.5,,,1.5785,False,,,False
normcmp_G_baseline_20260708_153849,580,19.383334,1783521538.151724,0.575209,0.500163,-0.0,3.14145,0.2,-0.007595,0.199828,0.000338,camera_link,19.383334,gnm_closed_loop,,nominal,,True,ok,third_party/visualnav-transformer/model_weights/gnm/gnm.pth,15.12,0.3,-0.0076,0.7655,-0.0058,6.18,,,gnm_closed_loop,0.2,-0.007595,normalized_stop_ab_20260708,G,baseline_no_stop,,,,,,,False,hospital_fresh_medium_G,1.5752,True,0.3,-0.007595,0.2,-0.007595,True,armed,False,,True,shadow,results/bo_reviewer_packet/temporal_stop_head/22_temporal_stop_head_model.pt,0.134,0.0,False,0.5,,,1.5785,False,,,False
normcmp_G_baseline_20260708_153849,581,19.400001,1783521538.153719,0.571884,0.500164,-0.0,3.14145,0.2,-0.007595,0.199828,0.000338,camera_link,19.400001,gnm_closed_loop,,nominal,,True,ok,third_party/visualnav-transformer/model_weights/gnm/gnm.pth,15.12,0.3,-0.0076,0.7655,-0.0058,6.18,,,gnm_closed_loop,0.2,-0.007595,normalized_stop_ab_20260708,G,baseline_no_stop,,,,,,,False,hospital_fresh_medium_G,1.5719,True,0.3,-0.007595,0.2,-0.007595,True,armed,False,,True,shadow,results/bo_reviewer_packet/temporal_stop_head/22_temporal_stop_head_model.pt,0.134,0.0,False,0.5,,,1.5785,False,,,False
normcmp_G_baseline_20260708_153849,582,19.416668,1783521538.176602,0.56856,0.500165,-0.0,3.14145,0.2,-0.007458,0.199829,0.000298,camera_link,19.416668,gnm_closed_loop,,nominal,,True,ok,third_party/visualnav-transformer/model_weights/gnm/gnm.pth,12.94,0.3,-0.0075,0.7775,-0.0058,6.05,,,gnm_closed_loop,0.2,-0.007458,normalized_stop_ab_20260708,G,baseline_no_stop,,,,,,,False,hospital_fresh_medium_G,1.5686,True,0.3,-0.007458,0.2,-0.007458,True,armed,False,,True,shadow,results/bo_reviewer_packet/temporal_stop_head/22_temporal_stop_head_model.pt,0.112,0.0,False,0.5,,,1.5686,False,,,False
normcmp_G_baseline_20260708_153849,583,19.433334,1783521538.179139,0.565235,0.500165,-0.0,3.14145,0.2,-0.007458,0.199829,0.000298,camera_link,19.433334,gnm_closed_loop,,nominal,,True,ok,third_party/visualnav-transformer/model_weights/gnm/gnm.pth,12.94,0.3,-0.0075,0.7775,-0.0058,6.05,,,gnm_closed_loop,0.2,-0.007458,normalized_stop_ab_20260708,G,baseline_no_stop,,,,,,,False,hospital_fresh_medium_G,1.5652,True,0.3,-0.007458,0.2,-0.007458,True,armed,False,,True,shadow,results/bo_reviewer_packet/temporal_stop_head/22_temporal_stop_head_model.pt,0.112,0.0,False,0.5,,,1.5686,False,,,False
normcmp_G_baseline_20260708_153849,584,19.450001,1783521538.181708,0.56191,0.500166,-0.0,3.141449,0.2,-0.007458,0.199829,0.000298,camera_link,19.450001,gnm_closed_loop,,nominal,,True,ok,third_party/visualnav-transformer/model_weights/gnm/gnm.pth,12.94,0.3,-0.0075,0.7775,-0.0058,6.05,,,gnm_closed_loop,0.2,-0.007458,normalized_stop_ab_20260708,G,baseline_no_stop,,,,,,,False,hospital_fresh_medium_G,1.5619,True,0.3,-0.007458,0.2,-0.007458,True,armed,False,,True,shadow,results/bo_reviewer_packet/temporal_stop_head/22_temporal_stop_head_model.pt,0.112,0.0,False,0.5,,,1.5686,False,,,False
normcmp_G_baseline_20260708_153849,585,19.466668,1783521538.204342,0.558586,0.500166,-0.0,3.141449,0.2,-0.006063,0.199821,0.000541,camera_link,19.466668,gnm_closed_loop,,nominal,,True,ok,third_party/visualnav-transformer/model_weights/gnm/gnm.pth,12.77,0.3,-0.0061,0.7896,-0.0048,5.97,,,gnm_closed_loop,0.2,-0.006063,normalized_stop_ab_20260708,G,baseline_no_stop,,,,,,,False,hospital_fresh_medium_G,1.5586,True,0.3,-0.006063,0.2,-0.006063,True,armed,False,,True,shadow,results/bo_reviewer_packet/temporal_stop_head/22_temporal_stop_head_model.pt,0.111,0.0,False,0.5,,,1.5586,False,,,False
normcmp_G_baseline_20260708_153849,586,19.483334,1783521538.20669,0.555261,0.500166,-0.0,3.141449,0.2,-0.006063,0.199821,0.000541,camera_link,19.483334,gnm_closed_loop,,nominal,,True,ok,third_party/visualnav-transformer/model_weights/gnm/gnm.pth,12.77,0.3,-0.0061,0.7896,-0.0048,5.97,,,gnm_closed_loop,0.2,-0.006063,normalized_stop_ab_20260708,G,baseline_no_stop,,,,,,,False,hospital_fresh_medium_G,1.5553,True,0.3,-0.006063,0.2,-0.006063,True,armed,False,,True,shadow,results/bo_reviewer_packet/temporal_stop_head/22_temporal_stop_head_model.pt,0.111,0.0,False,0.5,,,1.5586,False,,,False
normcmp_G_baseline_20260708_153849,587,19.500001,1783521538.208659,0.551937,0.500167,-0.0,3.141448,0.2,-0.006063,0.199821,0.000541,camera_link,19.500001,gnm_closed_loop,,nominal,,True,ok,third_party/visualnav-transformer/model_weights/gnm/gnm.pth,12.77,0.3,-0.0061,0.7896,-0.0048,5.97,,,gnm_closed_loop,0.2,-0.006063,normalized_stop_ab_20260708,G,baseline_no_stop,,,,,,,False,hospital_fresh_medium_G,1.5519,True,0.3,-0.006063,0.2,-0.006063,True,armed,False,,True,shadow,results/bo_reviewer_packet/temporal_stop_head/22_temporal_stop_head_model.pt,0.111,0.0,False,0.5,,,1.5586,False,,,False
normcmp_G_baseline_20260708_153849,588,19.516668,1783521538.237505,0.548612,0.500168,-0.0,3.141448,0.2,-0.00503,0.199826,5.6e-05,camera_link,19.516668,gnm_closed_loop,,nominal,,True,ok,third_party/visualnav-transformer/model_weights/gnm/gnm.pth,15.9,0.3,-0.005,0.8004,-0.004,5.9,,,gnm_closed_loop,0.2,-0.00503,normalized_stop_ab_20260708,G,baseline_no_stop,,,,,,,False,hospital_fresh_medium_G,1.5486,True,0.3,-0.00503,0.2,-0.00503,True,armed,False,,True,shadow,results/bo_reviewer_packet/temporal_stop_head/22_temporal_stop_head_model.pt,0.114,0.0,False,0.5,,,1.5486,False,,,False
normcmp_G_baseline_20260708_153849,589,19.533334,1783521538.239862,0.545288,0.500168,-0.0,3.141448,0.2,-0.00503,0.199826,5.6e-05,camera_link,19.533334,gnm_closed_loop,,nominal,,True,ok,third_party/visualnav-transformer/model_weights/gnm/gnm.pth,15.9,0.3,-0.005,0.8004,-0.004,5.9,,,gnm_closed_loop,0.2,-0.00503,normalized_stop_ab_20260708,G,baseline_no_stop,,,,,,,False,hospital_fresh_medium_G,1.5453,True,0.3,-0.00503,0.2,-0.00503,True,armed,False,,True,shadow,results/bo_reviewer_packet/temporal_stop_head/22_temporal_stop_head_model.pt,0.114,0.0,False,0.5,,,1.5486,False,,,False
normcmp_G_baseline_20260708_153849,590,19.550001,1783521538.241648,0.541963,0.500168,-0.0,3.141448,0.2,-0.00503,0.199826,5.6e-05,camera_link,19.550001,gnm_closed_loop,,nominal,,True,ok,third_party/visualnav-transformer/model_weights/gnm/gnm.pth,15.9,0.3,-0.005,0.8004,-0.004,5.9,,,gnm_closed_loop,0.2,-0.00503,normalized_stop_ab_20260708,G,baseline_no_stop,,,,,,,False,hospital_fresh_medium_G,1.542,True,0.3,-0.00503,0.2,-0.00503,True,armed,False,,True,shadow,results/bo_reviewer_packet/temporal_stop_head/22_temporal_stop_head_model.pt,0.114,0.0,False,0.5,,,1.5486,False,,,False
normcmp_G_baseline_20260708_153849,591,19.566668,1783521538.267059,0.538639,0.500169,-0.0,3.141448,0.2,-0.003706,0.199837,0.000431,camera_link,19.566668,gnm_closed_loop,,nominal,,True,ok,third_party/visualnav-transformer/model_weights/gnm/gnm.pth,14.24,0.3,-0.0037,0.8083,-0.003,5.83,,,gnm_closed_loop,0.2,-0.003706,normalized_stop_ab_20260708,G,baseline_no_stop,,,,,,,False,hospital_fresh_medium_G,1.5386,True,0.3,-0.003706,0.2,-0.003706,True,armed,False,,True,shadow,results/bo_reviewer_packet/temporal_stop_head/22_temporal_stop_head_model.pt,0.148,0.0,False,0.5,,,1.5386,False,,,False
normcmp_G_baseline_20260708_153849,592,19.583334,1783521538.2697,0.535314,0.50017,-0.0,3.141448,0.2,-0.003706,0.199837,0.000431,camera_link,19.583334,gnm_closed_loop,,nominal,,True,ok,third_party/visualnav-transformer/model_weights/gnm/gnm.pth,14.24,0.3,-0.0037,0.8083,-0.003,5.83,,,gnm_closed_loop,0.2,-0.003706,normalized_stop_ab_20260708,G,baseline_no_stop,,,,,,,False,hospital_fresh_medium_G,1.5353,True,0.3,-0.003706,0.2,-0.003706,True,armed,False,,True,shadow,results/bo_reviewer_packet/temporal_stop_head/22_temporal_stop_head_model.pt,0.148,0.0,False,0.5,,,1.5386,False,,,False
normcmp_G_baseline_20260708_153849,593,19.600001,1783521538.272677,0.53199,0.50017,-0.0,3.141448,0.2,-0.003706,0.199837,0.000431,camera_link,19.600001,gnm_closed_loop,,nominal,,True,ok,third_party/visualnav-transformer/model_weights/gnm/gnm.pth,14.24,0.3,-0.0037,0.8083,-0.003,5.83,,,gnm_closed_loop,0.2,-0.003706,normalized_stop_ab_20260708,G,baseline_no_stop,,,,,,,False,hospital_fresh_medium_G,1.532,True,0.3,-0.003706,0.2,-0.003706,True,armed,False,,True,shadow,results/bo_reviewer_packet/temporal_stop_head/22_temporal_stop_head_model.pt,0.148,0.0,False,0.5,,,1.5386,False,,,False
normcmp_G_baseline_20260708_153849,594,19.616668,1783521538.298013,0.528665,0.500171,-0.0,3.141448,0.2,-0.003091,0.199845,3.1e-05,camera_link,19.616668,gnm_closed_loop,,nominal,,True,ok,third_party/visualnav-transformer/model_weights/gnm/gnm.pth,13.47,0.3,-0.0031,0.8228,-0.0025,5.76,,,gnm_closed_loop,0.2,-0.003091,normalized_stop_ab_20260708,G,baseline_no_stop,,,,,,,False,hospital_fresh_medium_G,1.5287,True,0.3,-0.003091,0.2,-0.003091,True,armed,False,,True,shadow,results/bo_reviewer_packet/temporal_stop_head/22_temporal_stop_head_model.pt,0.125,0.0,False,0.5,,,1.5287,False,,,False
normcmp_G_baseline_20260708_153849,595,19.633334,1783521538.300383,0.525341,0.500171,-0.0,3.141448,0.2,-0.003091,0.199845,3.1e-05,camera_link,19.633334,gnm_closed_loop,,nominal,,True,ok,third_party/visualnav-transformer/model_weights/gnm/gnm.pth,13.47,0.3,-0.0031,0.8228,-0.0025,5.76,,,gnm_closed_loop,0.2,-0.003091,normalized_stop_ab_20260708,G,baseline_no_stop,,,,,,,False,hospital_fresh_medium_G,1.5253,True,0.3,-0.003091,0.2,-0.003091,True,armed,False,,True,shadow,results/bo_reviewer_packet/temporal_stop_head/22_temporal_stop_head_model.pt,0.125,0.0,False,0.5,,,1.5287,False,,,False
normcmp_G_baseline_20260708_153849,596,19.650001,1783521538.302257,0.522016,0.500172,-0.0,3.141448,0.2,-0.003091,0.199845,3.1e-05,camera_link,19.650001,gnm_closed_loop,,nominal,,True,ok,third_party/visualnav-transformer/model_weights/gnm/gnm.pth,13.47,0.3,-0.0031,0.8228,-0.0025,5.76,,,gnm_closed_loop,0.2,-0.003091,normalized_stop_ab_20260708,G,baseline_no_stop,,,,,,,False,hospital_fresh_medium_G,1.522,True,0.3,-0.003091,0.2,-0.003091,True,armed,False,,True,shadow,results/bo_reviewer_packet/temporal_stop_head/22_temporal_stop_head_model.pt,0.125,0.0,False,0.5,,,1.5287,False,,,False
normcmp_G_baseline_20260708_153849,597,19.666668,1783521538.325662,0.518692,0.500172,-0.0,3.141448,0.2,-0.002113,0.199846,5.1e-05,camera_link,19.666668,gnm_closed_loop,,nominal,,True,ok,third_party/visualnav-transformer/model_weights/gnm/gnm.pth,12.78,0.3,-0.0021,0.8352,-0.0018,5.64,,,gnm_closed_loop,0.2,-0.002113,normalized_stop_ab_20260708,G,baseline_no_stop,,,,,,,False,hospital_fresh_medium_G,1.5187,True,0.3,-0.002113,0.2,-0.002113,True,armed,False,,True,shadow,results/bo_reviewer_packet/temporal_stop_head/22_temporal_stop_head_model.pt,0.121,0.0,False,0.5,,,1.5187,False,,,False
normcmp_G_baseline_20260708_153849,598,19.683334,1783521538.3278,0.515367,0.500173,-0.0,3.141448,0.2,-0.002113,0.199846,5.1e-05,camera_link,19.683334,gnm_closed_loop,,nominal,,True,ok,third_party/visualnav-transformer/model_weights/gnm/gnm.pth,12.78,0.3,-0.0021,0.8352,-0.0018,5.64,,,gnm_closed_loop,0.2,-0.002113,normalized_stop_ab_20260708,G,baseline_no_stop,,,,,,,False,hospital_fresh_medium_G,1.5154,True,0.3,-0.002113,0.2,-0.002113,True,armed,False,,True,shadow,results/bo_reviewer_packet/temporal_stop_head/22_temporal_stop_head_model.pt,0.121,0.0,False,0.5,,,1.5187,False,,,False
normcmp_G_baseline_20260708_153849,599,19.700001,1783521538.329635,0.512043,0.500173,-0.0,3.141448,0.2,-0.002113,0.199846,5.1e-05,camera_link,19.700001,gnm_closed_loop,,nominal,,True,ok,third_party/visualnav-transformer/model_weights/gnm/gnm.pth,12.78,0.3,-0.0021,0.8352,-0.0018,5.64,,,gnm_closed_loop,0.2,-0.002113,normalized_stop_ab_20260708,G,baseline_no_stop,,,,,,,False,hospital_fresh_medium_G,1.512,True,0.3,-0.002113,0.2,-0.002113,True,armed,False,,True,shadow,results/bo_reviewer_packet/temporal_stop_head/22_temporal_stop_head_model.pt,0.121,0.0,False,0.5,,,1.5187,False,,,False
normcmp_G_baseline_20260708_153849,600,19.716668,1783521538.352223,0.508718,0.500174,-0.0,3.141447,0.2,-0.001858,0.199838,4.1e-05,camera_link,19.716668,gnm_closed_loop,,nominal,,True,ok,third_party/visualnav-transformer/model_weights/gnm/gnm.pth,12.98,0.3,-0.0019,0.8462,-0.0016,5.52,,,gnm_closed_loop,0.2,-0.001858,normalized_stop_ab_20260708,G,baseline_no_stop,,,,,,,False,hospital_fresh_medium_G,1.5087,True,0.3,-0.001858,0.2,-0.001858,True,armed,False,,True,shadow,results/bo_reviewer_packet/temporal_stop_head/22_temporal_stop_head_model.pt,0.123,0.0,False,0.5,,,1.5087,False,,,False
normcmp_G_baseline_20260708_153849,601,19.733334,1783521538.354453,0.505394,0.500174,-0.0,3.141447,0.2,-0.001858,0.199838,4.1e-05,camera_link,19.733334,gnm_closed_loop,,nominal,,True,ok,third_party/visualnav-transformer/model_weights/gnm/gnm.pth,12.98,0.3,-0.0019,0.8462,-0.0016,5.52,,,gnm_closed_loop,0.2,-0.001858,normalized_stop_ab_20260708,G,baseline_no_stop,,,,,,,False,hospital_fresh_medium_G,1.5054,True,0.3,-0.001858,0.2,-0.001858,True,armed,False,,True,shadow,results/bo_reviewer_packet/temporal_stop_head/22_temporal_stop_head_model.pt,0.123,0.0,False,0.5,,,1.5087,False,,,False
normcmp_G_baseline_20260708_153849,602,19.750001,1783521538.3563,0.50207,0.500175,-0.0,3.141447,0.2,-0.001858,0.199838,4.1e-05,camera_link,19.750001,gnm_closed_loop,,nominal,,True,ok,third_party/visualnav-transformer/model_weights/gnm/gnm.pth,12.98,0.3,-0.0019,0.8462,-0.0016,5.52,,,gnm_closed_loop,0.2,-0.001858,normalized_stop_ab_20260708,G,baseline_no_stop,,,,,,,False,hospital_fresh_medium_G,1.5021,True,0.3,-0.001858,0.2,-0.001858,True,armed,False,,True,shadow,results/bo_reviewer_packet/temporal_stop_head/22_temporal_stop_head_model.pt,0.123,0.0,False,0.5,,,1.5087,False,,,False
normcmp_G_baseline_20260708_153849,603,19.766668,1783521538.378598,0.498745,0.500175,-0.0,3.141447,0.2,-0.000842,0.199844,-0.000348,camera_link,19.766668,gnm_closed_loop,,nominal,,True,ok,third_party/visualnav-transformer/model_weights/gnm/gnm.pth,12.79,0.3,-0.0008,0.8579,-0.0007,5.47,,,gnm_closed_loop,0.2,-0.000842,normalized_stop_ab_20260708,G,baseline_no_stop,,,,,,,False,hospital_fresh_medium_G,1.4987,True,0.3,-0.000842,0.2,-0.000842,True,armed,False,,True,shadow,results/bo_reviewer_packet/temporal_stop_head/22_temporal_stop_head_model.pt,0.111,0.0,False,0.5,,,1.4987,False,,,False
normcmp_G_baseline_20260708_153849,604,19.783334,1783521538.381081,0.49542,0.500176,-0.0,3.141447,0.2,-0.000842,0.199844,-0.000348,camera_link,19.783334,gnm_closed_loop,,nominal,,True,ok,third_party/visualnav-transformer/model_weights/gnm/gnm.pth,12.79,0.3,-0.0008,0.8579,-0.0007,5.47,,,gnm_closed_loop,0.2,-0.000842,normalized_stop_ab_20260708,G,baseline_no_stop,,,,,,,False,hospital_fresh_medium_G,1.4954,True,0.3,-0.000842,0.2,-0.000842,True,armed,False,,True,shadow,results/bo_reviewer_packet/temporal_stop_head/22_temporal_stop_head_model.pt,0.111,0.0,False,0.5,,,1.4987,False,,,False
normcmp_G_baseline_20260708_153849,605,19.800001,1783521538.38292,0.492096,0.500176,-0.0,3.141447,0.2,-0.000842,0.199844,-0.000348,camera_link,19.800001,gnm_closed_loop,,nominal,,True,ok,third_party/visualnav-transformer/model_weights/gnm/gnm.pth,12.79,0.3,-0.0008,0.8579,-0.0007,5.47,,,gnm_closed_loop,0.2,-0.000842,normalized_stop_ab_20260708,G,baseline_no_stop,,,,,,,False,hospital_fresh_medium_G,1.4921,True,0.3,-0.000842,0.2,-0.000842,True,armed,False,,True,shadow,results/bo_reviewer_packet/temporal_stop_head/22_temporal_stop_head_model.pt,0.111,0.0,False,0.5,,,1.4987,False,,,False
normcmp_G_baseline_20260708_153849,606,19.816668,1783521538.409222,0.488772,0.500177,-0.0,3.141447,0.2,-0.000696,0.199859,8.2e-05,camera_link,19.816668,gnm_closed_loop,,nominal,,True,ok,third_party/visualnav-transformer/model_weights/gnm/gnm.pth,13.91,0.3,-0.0007,0.8767,-0.0006,5.34,,,gnm_closed_loop,0.2,-0.000696,normalized_stop_ab_20260708,G,baseline_no_stop,,,,,,,False,hospital_fresh_medium_G,1.4888,True,0.3,-0.000696,0.2,-0.000696,True,armed,False,,True,shadow,results/bo_reviewer_packet/temporal_stop_head/22_temporal_stop_head_model.pt,0.13,0.0,False,0.5,,,1.4888,False,,,False
normcmp_G_baseline_20260708_153849,607,19.833334,1783521538.412661,0.485448,0.500177,-0.0,3.141447,0.2,-0.000696,0.199859,8.2e-05,camera_link,19.833334,gnm_closed_loop,,nominal,,True,ok,third_party/visualnav-transformer/model_weights/gnm/gnm.pth,13.91,0.3,-0.0007,0.8767,-0.0006,5.34,,,gnm_closed_loop,0.2,-0.000696,normalized_stop_ab_20260708,G,baseline_no_stop,,,,,,,False,hospital_fresh_medium_G,1.4854,True,0.3,-0.000696,0.2,-0.000696,True,armed,False,,True,shadow,results/bo_reviewer_packet/temporal_stop_head/22_temporal_stop_head_model.pt,0.13,0.0,False,0.5,,,1.4888,False,,,False
normcmp_G_baseline_20260708_153849,608,19.850001,1783521538.414608,0.482123,0.500178,-0.0,3.141447,0.2,-0.000696,0.199859,8.2e-05,camera_link,19.850001,gnm_closed_loop,,nominal,,True,ok,third_party/visualnav-transformer/model_weights/gnm/gnm.pth,13.91,0.3,-0.0007,0.8767,-0.0006,5.34,,,gnm_closed_loop,0.2,-0.000696,normalized_stop_ab_20260708,G,baseline_no_stop,,,,,,,False,hospital_fresh_medium_G,1.4821,True,0.3,-0.000696,0.2,-0.000696,True,armed,False,,True,shadow,results/bo_reviewer_packet/temporal_stop_head/22_temporal_stop_head_model.pt,0.13,0.0,False,0.5,,,1.4888,False,,,False
normcmp_G_baseline_20260708_153849,609,19.866668,1783521538.438435,0.478799,0.500178,-0.0,3.141447,0.2,-0.001395,0.199827,0.000358,camera_link,19.866668,gnm_closed_loop,,nominal,,True,ok,third_party/visualnav-transformer/model_weights/gnm/gnm.pth,12.91,0.3,-0.0014,0.8971,-0.0013,5.25,,,gnm_closed_loop,0.2,-0.001395,normalized_stop_ab_20260708,G,baseline_no_stop,,,,,,,False,hospital_fresh_medium_G,1.4788,True,0.3,-0.001395,0.2,-0.001395,True,armed,False,,True,shadow,results/bo_reviewer_packet/temporal_stop_head/22_temporal_stop_head_model.pt,0.118,0.0,False,0.5,,,1.4788,False,,,False
normcmp_G_baseline_20260708_153849,610,19.883334,1783521538.440907,0.475474,0.500179,-0.0,3.141447,0.2,-0.001395,0.199827,0.000358,camera_link,19.883334,gnm_closed_loop,,nominal,,True,ok,third_party/visualnav-transformer/model_weights/gnm/gnm.pth,12.91,0.3,-0.0014,0.8971,-0.0013,5.25,,,gnm_closed_loop,0.2,-0.001395,normalized_stop_ab_20260708,G,baseline_no_stop,,,,,,,False,hospital_fresh_medium_G,1.4755,True,0.3,-0.001395,0.2,-0.001395,True,armed,False,,True,shadow,results/bo_reviewer_packet/temporal_stop_head/22_temporal_stop_head_model.pt,0.118,0.0,False,0.5,,,1.4788,False,,,False
normcmp_G_baseline_20260708_153849,611,19.900001,1783521538.443188,0.472149,0.50018,-0.0,3.141447,0.2,-0.001395,0.199827,0.000358,camera_link,19.900001,gnm_closed_loop,,nominal,,True,ok,third_party/visualnav-transformer/model_weights/gnm/gnm.pth,12.91,0.3,-0.0014,0.8971,-0.0013,5.25,,,gnm_closed_loop,0.2,-0.001395,normalized_stop_ab_20260708,G,baseline_no_stop,,,,,,,False,hospital_fresh_medium_G,1.4721,True,0.3,-0.001395,0.2,-0.001395,True,armed,False,,True,shadow,results/bo_reviewer_packet/temporal_stop_head/22_temporal_stop_head_model.pt,0.118,0.0,False,0.5,,,1.4788,False,,,False
normcmp_G_baseline_20260708_153849,612,19.916668,1783521538.468167,0.468825,0.50018,-0.0,3.141447,0.2,-0.001462,0.199854,-4.3e-05,camera_link,19.916668,gnm_closed_loop,,nominal,,True,ok,third_party/visualnav-transformer/model_weights/gnm/gnm.pth,13.75,0.3,-0.0015,0.9145,-0.0013,5.09,,,gnm_closed_loop,0.2,-0.001462,normalized_stop_ab_20260708,G,baseline_no_stop,,,,,,,False,hospital_fresh_medium_G,1.4688,True,0.3,-0.001462,0.2,-0.001462,True,armed,False,,True,shadow,results/bo_reviewer_packet/temporal_stop_head/22_temporal_stop_head_model.pt,0.125,0.0,False,0.5,,,1.4688,False,,,False
normcmp_G_baseline_20260708_153849,613,19.933334,1783521538.470454,0.465501,0.500181,-0.0,3.141447,0.2,-0.001462,0.199854,-4.3e-05,camera_link,19.933334,gnm_closed_loop,,nominal,,True,ok,third_party/visualnav-transformer/model_weights/gnm/gnm.pth,13.75,0.3,-0.0015,0.9145,-0.0013,5.09,,,gnm_closed_loop,0.2,-0.001462,normalized_stop_ab_20260708,G,baseline_no_stop,,,,,,,False,hospital_fresh_medium_G,1.4655,True,0.3,-0.001462,0.2,-0.001462,True,armed,False,,True,shadow,results/bo_reviewer_packet/temporal_stop_head/22_temporal_stop_head_model.pt,0.125,0.0,False,0.5,,,1.4688,False,,,False
normcmp_G_baseline_20260708_153849,614,19.950001,1783521538.472249,0.462176,0.500181,-0.0,3.141447,0.2,-0.001462,0.199854,-4.3e-05,camera_link,19.950001,gnm_closed_loop,,nominal,,True,ok,third_party/visualnav-transformer/model_weights/gnm/gnm.pth,13.75,0.3,-0.0015,0.9145,-0.0013,5.09,,,gnm_closed_loop,0.2,-0.001462,normalized_stop_ab_20260708,G,baseline_no_stop,,,,,,,False,hospital_fresh_medium_G,1.4622,True,0.3,-0.001462,0.2,-0.001462,True,armed,False,,True,shadow,results/bo_reviewer_packet/temporal_stop_head/22_temporal_stop_head_model.pt,0.125,0.0,False,0.5,,,1.4688,False,,,False
normcmp_G_baseline_20260708_153849,615,19.966668,1783521538.497002,0.458852,0.500182,-0.0,3.141447,0.2,-0.001387,0.199816,0.000721,camera_link,19.966668,gnm_closed_loop,,nominal,,True,ok,third_party/visualnav-transformer/model_weights/gnm/gnm.pth,14.82,0.3,-0.0014,0.9276,-0.0013,4.98,,,gnm_closed_loop,0.2,-0.001387,normalized_stop_ab_20260708,G,baseline_no_stop,,,,,,,False,hospital_fresh_medium_G,1.4589,True,0.3,-0.001387,0.2,-0.001387,True,armed,False,,True,shadow,results/bo_reviewer_packet/temporal_stop_head/22_temporal_stop_head_model.pt,0.122,0.0,False,0.5,,,1.4589,False,,,False
normcmp_G_baseline_20260708_153849,616,19.983334,1783521538.499503,0.455527,0.500182,-0.0,3.141446,0.2,-0.001387,0.199816,0.000721,camera_link,19.983334,gnm_closed_loop,,nominal,,True,ok,third_party/visualnav-transformer/model_weights/gnm/gnm.pth,14.82,0.3,-0.0014,0.9276,-0.0013,4.98,,,gnm_closed_loop,0.2,-0.001387,normalized_stop_ab_20260708,G,baseline_no_stop,,,,,,,False,hospital_fresh_medium_G,1.4555,True,0.3,-0.001387,0.2,-0.001387,True,armed,False,,True,shadow,results/bo_reviewer_packet/temporal_stop_head/22_temporal_stop_head_model.pt,0.122,0.0,False,0.5,,,1.4589,False,,,False
normcmp_G_baseline_20260708_153849,617,20.000001,1783521538.501726,0.452203,0.500183,-0.0,3.141446,0.2,-0.001387,0.199816,0.000721,camera_link,20.000001,gnm_closed_loop,,nominal,,True,ok,third_party/visualnav-transformer/model_weights/gnm/gnm.pth,14.82,0.3,-0.0014,0.9276,-0.0013,4.98,,,gnm_closed_loop,0.2,-0.001387,normalized_stop_ab_20260708,G,baseline_no_stop,,,,,,,False,hospital_fresh_medium_G,1.4522,True,0.3,-0.001387,0.2,-0.001387,True,armed,False,,True,shadow,results/bo_reviewer_packet/temporal_stop_head/22_temporal_stop_head_model.pt,0.122,0.0,False,0.5,,,1.4589,False,,,False
normcmp_G_baseline_20260708_153849,618,20.016668,1783521538.526079,0.448878,0.500183,-0.0,3.141446,0.2,-0.001405,0.199845,-1.1e-05,camera_link,20.016668,gnm_closed_loop,,nominal,,True,ok,third_party/visualnav-transformer/model_weights/gnm/gnm.pth,13.7,0.3,-0.0014,0.936,-0.0013,4.95,,,gnm_closed_loop,0.2,-0.001405,normalized_stop_ab_20260708,G,baseline_no_stop,,,,,,,False,hospital_fresh_medium_G,1.4489,True,0.3,-0.001405,0.2,-0.001405,True,armed,False,,True,shadow,results/bo_reviewer_packet/temporal_stop_head/22_temporal_stop_head_model.pt,0.126,0.0,False,0.5,,,1.4489,False,,,False
normcmp_G_baseline_20260708_153849,619,20.033334,1783521538.528636,0.445553,0.500184,-0.0,3.141446,0.2,-0.001405,0.199845,-1.1e-05,camera_link,20.033334,gnm_closed_loop,,nominal,,True,ok,third_party/visualnav-transformer/model_weights/gnm/gnm.pth,13.7,0.3,-0.0014,0.936,-0.0013,4.95,,,gnm_closed_loop,0.2,-0.001405,normalized_stop_ab_20260708,G,baseline_no_stop,,,,,,,False,hospital_fresh_medium_G,1.4456,True,0.3,-0.001405,0.2,-0.001405,True,armed,False,,True,shadow,results/bo_reviewer_packet/temporal_stop_head/22_temporal_stop_head_model.pt,0.126,0.0,False,0.5,,,1.4489,False,,,False
normcmp_G_baseline_20260708_153849,620,20.050001,1783521538.530612,0.442229,0.500184,-0.0,3.141447,0.2,-0.001405,0.199845,-1.1e-05,camera_link,20.050001,gnm_closed_loop,,nominal,,True,ok,third_party/visualnav-transformer/model_weights/gnm/gnm.pth,13.7,0.3,-0.0014,0.936,-0.0013,4.95,,,gnm_closed_loop,0.2,-0.001405,normalized_stop_ab_20260708,G,baseline_no_stop,,,,,,,False,hospital_fresh_medium_G,1.4422,True,0.3,-0.001405,0.2,-0.001405,True,armed,False,,True,shadow,results/bo_reviewer_packet/temporal_stop_head/22_temporal_stop_head_model.pt,0.126,0.0,False,0.5,,,1.4489,False,,,False
normcmp_G_baseline_20260708_153849,621,20.066668,1783521538.556054,0.438904,0.500185,-0.0,3.141447,0.2,-0.001179,0.199841,-2.5e-05,camera_link,20.066668,gnm_closed_loop,,nominal,,True,ok,third_party/visualnav-transformer/model_weights/gnm/gnm.pth,13.92,0.3,-0.0012,0.9315,-0.0011,4.89,,,gnm_closed_loop,0.2,-0.001179,normalized_stop_ab_20260708,G,baseline_no_stop,,,,,,,False,hospital_fresh_medium_G,1.4389,True,0.3,-0.001179,0.2,-0.001179,True,armed,False,,True,shadow,results/bo_reviewer_packet/temporal_stop_head/22_temporal_stop_head_model.pt,0.117,0.0,False,0.5,,,1.4389,False,,,False
normcmp_G_baseline_20260708_153849,622,20.083334,1783521538.558321,0.435579,0.500185,-0.0,3.141447,0.2,-0.001179,0.199841,-2.5e-05,camera_link,20.083334,gnm_closed_loop,,nominal,,True,ok,third_party/visualnav-transformer/model_weights/gnm/gnm.pth,13.92,0.3,-0.0012,0.9315,-0.0011,4.89,,,gnm_closed_loop,0.2,-0.001179,normalized_stop_ab_20260708,G,baseline_no_stop,,,,,,,False,hospital_fresh_medium_G,1.4356,True,0.3,-0.001179,0.2,-0.001179,True,armed,False,,True,shadow,results/bo_reviewer_packet/temporal_stop_head/22_temporal_stop_head_model.pt,0.117,0.0,False,0.5,,,1.4389,False,,,False
normcmp_G_baseline_20260708_153849,623,20.100001,1783521538.560887,0.432254,0.500186,-0.0,3.141447,0.2,-0.001179,0.199841,-2.5e-05,camera_link,20.100001,gnm_closed_loop,,nominal,,True,ok,third_party/visualnav-transformer/model_weights/gnm/gnm.pth,13.92,0.3,-0.0012,0.9315,-0.0011,4.89,,,gnm_closed_loop,0.2,-0.001179,normalized_stop_ab_20260708,G,baseline_no_stop,,,,,,,False,hospital_fresh_medium_G,1.4323,True,0.3,-0.001179,0.2,-0.001179,True,armed,False,,True,shadow,results/bo_reviewer_packet/temporal_stop_head/22_temporal_stop_head_model.pt,0.117,0.0,False,0.5,,,1.4389,False,,,False
normcmp_G_baseline_20260708_153849,624,20.116668,1783521538.586651,0.428929,0.500186,-0.0,3.141447,0.2,-0.001003,0.199841,-0.000103,camera_link,20.116668,gnm_closed_loop,,nominal,,True,ok,third_party/visualnav-transformer/model_weights/gnm/gnm.pth,14.48,0.3,-0.001,0.9293,-0.0009,4.81,,,gnm_closed_loop,0.2,-0.001003,normalized_stop_ab_20260708,G,baseline_no_stop,,,,,,,False,hospital_fresh_medium_G,1.4289,True,0.3,-0.001003,0.2,-0.001003,True,armed,False,,True,shadow,results/bo_reviewer_packet/temporal_stop_head/22_temporal_stop_head_model.pt,0.107,0.0,False,0.5,,,1.4289,False,,,False
normcmp_G_baseline_20260708_153849,625,20.133334,1783521538.588851,0.425604,0.500187,-0.0,3.141447,0.2,-0.001003,0.199841,-0.000103,camera_link,20.133334,gnm_closed_loop,,nominal,,True,ok,third_party/visualnav-transformer/model_weights/gnm/gnm.pth,14.48,0.3,-0.001,0.9293,-0.0009,4.81,,,gnm_closed_loop,0.2,-0.001003,normalized_stop_ab_20260708,G,baseline_no_stop,,,,,,,False,hospital_fresh_medium_G,1.4256,True,0.3,-0.001003,0.2,-0.001003,True,armed,False,,True,shadow,results/bo_reviewer_packet/temporal_stop_head/22_temporal_stop_head_model.pt,0.107,0.0,False,0.5,,,1.4289,False,,,False
normcmp_G_baseline_20260708_153849,626,20.150001,1783521538.590851,0.422279,0.500187,-0.0,3.141447,0.2,-0.001003,0.199841,-0.000103,camera_link,20.150001,gnm_closed_loop,,nominal,,True,ok,third_party/visualnav-transformer/model_weights/gnm/gnm.pth,14.48,0.3,-0.001,0.9293,-0.0009,4.81,,,gnm_closed_loop,0.2,-0.001003,normalized_stop_ab_20260708,G,baseline_no_stop,,,,,,,False,hospital_fresh_medium_G,1.4223,True,0.3,-0.001003,0.2,-0.001003,True,armed,False,,True,shadow,results/bo_reviewer_packet/temporal_stop_head/22_temporal_stop_head_model.pt,0.107,0.0,False,0.5,,,1.4289,False,,,False
normcmp_G_baseline_20260708_153849,627,20.166668,1783521538.615351,0.418954,0.500188,-0.0,3.141447,0.2,-0.000555,0.199823,0.000294,camera_link,20.166668,gnm_closed_loop,,nominal,,True,ok,third_party/visualnav-transformer/model_weights/gnm/gnm.pth,13.3,0.3,-0.0006,0.9278,-0.0005,4.82,,,gnm_closed_loop,0.2,-0.000555,normalized_stop_ab_20260708,G,baseline_no_stop,,,,,,,False,hospital_fresh_medium_G,1.419,True,0.3,-0.000555,0.2,-0.000555,True,armed,False,,True,shadow,results/bo_reviewer_packet/temporal_stop_head/22_temporal_stop_head_model.pt,0.124,0.0,False,0.5,,,1.419,False,,,False
normcmp_G_baseline_20260708_153849,628,20.183334,1783521538.617747,0.415629,0.500188,-0.0,3.141447,0.2,-0.000555,0.199823,0.000294,camera_link,20.183334,gnm_closed_loop,,nominal,,True,ok,third_party/visualnav-transformer/model_weights/gnm/gnm.pth,13.3,0.3,-0.0006,0.9278,-0.0005,4.82,,,gnm_closed_loop,0.2,-0.000555,normalized_stop_ab_20260708,G,baseline_no_stop,,,,,,,False,hospital_fresh_medium_G,1.4156,True,0.3,-0.000555,0.2,-0.000555,True,armed,False,,True,shadow,results/bo_reviewer_packet/temporal_stop_head/22_temporal_stop_head_model.pt,0.124,0.0,False,0.5,,,1.419,False,,,False
normcmp_G_baseline_20260708_153849,629,20.200001,1783521538.619736,0.412305,0.500189,-0.0,3.141447,0.2,-0.000555,0.199823,0.000294,camera_link,20.200001,gnm_closed_loop,,nominal,,True,ok,third_party/visualnav-transformer/model_weights/gnm/gnm.pth,13.3,0.3,-0.0006,0.9278,-0.0005,4.82,,,gnm_closed_loop,0.2,-0.000555,normalized_stop_ab_20260708,G,baseline_no_stop,,,,,,,False,hospital_fresh_medium_G,1.4123,True,0.3,-0.000555,0.2,-0.000555,True,armed,False,,True,shadow,results/bo_reviewer_packet/temporal_stop_head/22_temporal_stop_head_model.pt,0.124,0.0,False,0.5,,,1.419,False,,,False
normcmp_G_baseline_20260708_153849,630,20.216668,1783521538.642913,0.40898,0.500189,-0.0,3.141447,0.2,-0.000293,0.19985,-0.000866,camera_link,20.216668,gnm_closed_loop,,nominal,,True,ok,third_party/visualnav-transformer/model_weights/gnm/gnm.pth,12.95,0.3,-0.0003,0.9244,-0.0003,4.85,,,gnm_closed_loop,0.2,-0.000293,normalized_stop_ab_20260708,G,baseline_no_stop,,,,,,,False,hospital_fresh_medium_G,1.409,True,0.3,-0.000293,0.2,-0.000293,True,armed,False,,True,shadow,results/bo_reviewer_packet/temporal_stop_head/22_temporal_stop_head_model.pt,0.112,0.0,False,0.5,,,1.409,False,,,False
normcmp_G_baseline_20260708_153849,631,20.233334,1783521538.645256,0.405655,0.50019,0.0,3.141448,0.2,-0.000293,0.19985,-0.000866,camera_link,20.233334,gnm_closed_loop,,nominal,,True,ok,third_party/visualnav-transformer/model_weights/gnm/gnm.pth,12.95,0.3,-0.0003,0.9244,-0.0003,4.85,,,gnm_closed_loop,0.2,-0.000293,normalized_stop_ab_20260708,G,baseline_no_stop,,,,,,,False,hospital_fresh_medium_G,1.4057,True,0.3,-0.000293,0.2,-0.000293,True,armed,False,,True,shadow,results/bo_reviewer_packet/temporal_stop_head/22_temporal_stop_head_model.pt,0.112,0.0,False,0.5,,,1.409,False,,,False
normcmp_G_baseline_20260708_153849,632,20.250001,1783521538.647162,0.40233,0.50019,-0.0,3.141448,0.2,-0.000293,0.19985,-0.000866,camera_link,20.250001,gnm_closed_loop,,nominal,,True,ok,third_party/visualnav-transformer/model_weights/gnm/gnm.pth,12.95,0.3,-0.0003,0.9244,-0.0003,4.85,,,gnm_closed_loop,0.2,-0.000293,normalized_stop_ab_20260708,G,baseline_no_stop,,,,,,,False,hospital_fresh_medium_G,1.4023,True,0.3,-0.000293,0.2,-0.000293,True,armed,False,,True,shadow,results/bo_reviewer_packet/temporal_stop_head/22_temporal_stop_head_model.pt,0.112,0.0,False,0.5,,,1.409,False,,,False
normcmp_G_baseline_20260708_153849,633,20.266668,1783521538.670542,0.399006,0.500191,-0.0,3.141448,0.2,2.2e-05,0.199836,-9.9e-05,camera_link,20.266668,gnm_closed_loop,,nominal,,True,ok,third_party/visualnav-transformer/model_weights/gnm/gnm.pth,12.94,0.3,0.0,0.9198,0.0,4.88,,,gnm_closed_loop,0.2,2.2e-05,normalized_stop_ab_20260708,G,baseline_no_stop,,,,,,,False,hospital_fresh_medium_G,1.399,True,0.3,2.2e-05,0.2,2.2e-05,True,armed,False,,True,shadow,results/bo_reviewer_packet/temporal_stop_head/22_temporal_stop_head_model.pt,0.116,0.0,False,0.5,,,1.399,False,,,False
normcmp_G_baseline_20260708_153849,634,20.283334,1783521538.672984,0.395681,0.500191,0.0,3.141448,0.2,2.2e-05,0.199836,-9.9e-05,camera_link,20.283334,gnm_closed_loop,,nominal,,True,ok,third_party/visualnav-transformer/model_weights/gnm/gnm.pth,12.94,0.3,0.0,0.9198,0.0,4.88,,,gnm_closed_loop,0.2,2.2e-05,normalized_stop_ab_20260708,G,baseline_no_stop,,,,,,,False,hospital_fresh_medium_G,1.3957,True,0.3,2.2e-05,0.2,2.2e-05,True,armed,False,,True,shadow,results/bo_reviewer_packet/temporal_stop_head/22_temporal_stop_head_model.pt,0.116,0.0,False,0.5,,,1.399,False,,,False
normcmp_G_baseline_20260708_153849,635,20.300001,1783521538.674934,0.392356,0.500192,-0.0,3.141448,0.2,2.2e-05,0.199836,-9.9e-05,camera_link,20.300001,gnm_closed_loop,,nominal,,True,ok,third_party/visualnav-transformer/model_weights/gnm/gnm.pth,12.94,0.3,0.0,0.9198,0.0,4.88,,,gnm_closed_loop,0.2,2.2e-05,normalized_stop_ab_20260708,G,baseline_no_stop,,,,,,,False,hospital_fresh_medium_G,1.3924,True,0.3,2.2e-05,0.2,2.2e-05,True,armed,False,,True,shadow,results/bo_reviewer_packet/temporal_stop_head/22_temporal_stop_head_model.pt,0.116,0.0,False,0.5,,,1.399,False,,,False
normcmp_G_baseline_20260708_153849,636,20.316668,1783521538.697608,0.389031,0.500192,-0.0,3.141447,0.2,7.5e-05,0.199851,0.000865,camera_link,20.316668,gnm_closed_loop,,nominal,,True,ok,third_party/visualnav-transformer/model_weights/gnm/gnm.pth,12.85,0.3,0.0001,0.9158,0.0001,4.89,,,gnm_closed_loop,0.2,7.5e-05,normalized_stop_ab_20260708,G,baseline_no_stop,,,,,,,False,hospital_fresh_medium_G,1.389,True,0.3,7.5e-05,0.2,7.5e-05,True,armed,False,,True,shadow,results/bo_reviewer_packet/temporal_stop_head/22_temporal_stop_head_model.pt,0.122,0.0,False,0.5,,,1.389,False,,,False
normcmp_G_baseline_20260708_153849,637,20.333334,1783521538.700796,0.385707,0.500193,-0.0,3.141447,0.2,7.5e-05,0.199851,0.000865,camera_link,20.333334,gnm_closed_loop,,nominal,,True,ok,third_party/visualnav-transformer/model_weights/gnm/gnm.pth,12.85,0.3,0.0001,0.9158,0.0001,4.89,,,gnm_closed_loop,0.2,7.5e-05,normalized_stop_ab_20260708,G,baseline_no_stop,,,,,,,False,hospital_fresh_medium_G,1.3857,True,0.3,7.5e-05,0.2,7.5e-05,True,armed,False,,True,shadow,results/bo_reviewer_packet/temporal_stop_head/22_temporal_stop_head_model.pt,0.122,0.0,False,0.5,,,1.389,False,,,False
normcmp_G_baseline_20260708_153849,638,20.350001,1783521538.702736,0.382382,0.500193,-0.0,3.141447,0.2,7.5e-05,0.199851,0.000865,camera_link,20.350001,gnm_closed_loop,,nominal,,True,ok,third_party/visualnav-transformer/model_weights/gnm/gnm.pth,12.85,0.3,0.0001,0.9158,0.0001,4.89,,,gnm_closed_loop,0.2,7.5e-05,normalized_stop_ab_20260708,G,baseline_no_stop,,,,,,,False,hospital_fresh_medium_G,1.3824,True,0.3,7.5e-05,0.2,7.5e-05,True,armed,False,,True,shadow,results/bo_reviewer_packet/temporal_stop_head/22_temporal_stop_head_model.pt,0.122,0.0,False,0.5,,,1.389,False,,,False
normcmp_G_baseline_20260708_153849,639,20.366668,1783521538.728379,0.379057,0.500194,-0.0,3.141448,0.2,0.000216,0.199839,8.5e-05,camera_link,20.366668,gnm_closed_loop,,nominal,,True,ok,third_party/visualnav-transformer/model_weights/gnm/gnm.pth,14.38,0.3,0.0002,0.9096,0.0002,4.93,,,gnm_closed_loop,0.2,0.000216,normalized_stop_ab_20260708,G,baseline_no_stop,,,,,,,False,hospital_fresh_medium_G,1.3791,True,0.3,0.000216,0.2,0.000216,True,armed,False,,True,shadow,results/bo_reviewer_packet/temporal_stop_head/22_temporal_stop_head_model.pt,0.125,0.0,False,0.5,,,1.3791,False,,,False
normcmp_G_baseline_20260708_153849,640,20.383334,1783521538.730751,0.375733,0.500194,-0.0,3.141448,0.2,0.000216,0.199839,8.5e-05,camera_link,20.383334,gnm_closed_loop,,nominal,,True,ok,third_party/visualnav-transformer/model_weights/gnm/gnm.pth,14.38,0.3,0.0002,0.9096,0.0002,4.93,,,gnm_closed_loop,0.2,0.000216,normalized_stop_ab_20260708,G,baseline_no_stop,,,,,,,False,hospital_fresh_medium_G,1.3757,True,0.3,0.000216,0.2,0.000216,True,armed,False,,True,shadow,results/bo_reviewer_packet/temporal_stop_head/22_temporal_stop_head_model.pt,0.125,0.0,False,0.5,,,1.3791,False,,,False
normcmp_G_baseline_20260708_153849,641,20.400001,1783521538.733172,0.372408,0.500195,-0.0,3.141448,0.2,0.000216,0.199839,8.5e-05,camera_link,20.400001,gnm_closed_loop,,nominal,,True,ok,third_party/visualnav-transformer/model_weights/gnm/gnm.pth,14.38,0.3,0.0002,0.9096,0.0002,4.93,,,gnm_closed_loop,0.2,0.000216,normalized_stop_ab_20260708,G,baseline_no_stop,,,,,,,False,hospital_fresh_medium_G,1.3724,True,0.3,0.000216,0.2,0.000216,True,armed,False,,True,shadow,results/bo_reviewer_packet/temporal_stop_head/22_temporal_stop_head_model.pt,0.125,0.0,False,0.5,,,1.3791,False,,,False
normcmp_G_baseline_20260708_153849,642,20.416668,1783521538.760868,0.369083,0.500195,-0.0,3.141448,0.2,0.001303,0.199856,0.000391,camera_link,20.416668,gnm_closed_loop,,nominal,,True,ok,third_party/visualnav-transformer/model_weights/gnm/gnm.pth,15.43,0.3,0.0013,0.899,0.0012,5.04,,,gnm_closed_loop,0.2,0.001303,normalized_stop_ab_20260708,G,baseline_no_stop,,,,,,,False,hospital_fresh_medium_G,1.3691,True,0.3,0.001303,0.2,0.001303,True,armed,False,,True,shadow,results/bo_reviewer_packet/temporal_stop_head/22_temporal_stop_head_model.pt,0.114,0.0,False,0.5,,,1.3691,False,,,False
normcmp_G_baseline_20260708_153849,643,20.433334,1783521538.763407,0.365759,0.500196,-0.0,3.141448,0.2,0.001303,0.199856,0.000391,camera_link,20.433334,gnm_closed_loop,,nominal,,True,ok,third_party/visualnav-transformer/model_weights/gnm/gnm.pth,15.43,0.3,0.0013,0.899,0.0012,5.04,,,gnm_closed_loop,0.2,0.001303,normalized_stop_ab_20260708,G,baseline_no_stop,,,,,,,False,hospital_fresh_medium_G,1.3658,True,0.3,0.001303,0.2,0.001303,True,armed,False,,True,shadow,results/bo_reviewer_packet/temporal_stop_head/22_temporal_stop_head_model.pt,0.114,0.0,False,0.5,,,1.3691,False,,,False
normcmp_G_baseline_20260708_153849,644,20.450001,1783521538.765267,0.362433,0.500196,-0.0,3.141448,0.2,0.001303,0.199856,0.000391,camera_link,20.450001,gnm_closed_loop,,nominal,,True,ok,third_party/visualnav-transformer/model_weights/gnm/gnm.pth,15.43,0.3,0.0013,0.899,0.0012,5.04,,,gnm_closed_loop,0.2,0.001303,normalized_stop_ab_20260708,G,baseline_no_stop,,,,,,,False,hospital_fresh_medium_G,1.3624,True,0.3,0.001303,0.2,0.001303,True,armed,False,,True,shadow,results/bo_reviewer_packet/temporal_stop_head/22_temporal_stop_head_model.pt,0.114,0.0,False,0.5,,,1.3691,False,,,False
normcmp_G_baseline_20260708_153849,645,20.466668,1783521538.788759,0.359108,0.500197,-0.0,3.141448,0.2,0.001692,0.199847,4.2e-05,camera_link,20.466668,gnm_closed_loop,,nominal,,True,ok,third_party/visualnav-transformer/model_weights/gnm/gnm.pth,12.66,0.3,0.0017,0.8934,0.0015,5.13,,,gnm_closed_loop,0.2,0.001692,normalized_stop_ab_20260708,G,baseline_no_stop,,,,,,,False,hospital_fresh_medium_G,1.3591,True,0.3,0.001692,0.2,0.001692,True,armed,False,,True,shadow,results/bo_reviewer_packet/temporal_stop_head/22_temporal_stop_head_model.pt,0.13,0.0,False,0.5,,,1.3591,False,,,False
normcmp_G_baseline_20260708_153849,646,20.483334,1783521538.791521,0.355784,0.500197,-0.0,3.141449,0.2,0.001692,0.199847,4.2e-05,camera_link,20.483334,gnm_closed_loop,,nominal,,True,ok,third_party/visualnav-transformer/model_weights/gnm/gnm.pth,12.66,0.3,0.0017,0.8934,0.0015,5.13,,,gnm_closed_loop,0.2,0.001692,normalized_stop_ab_20260708,G,baseline_no_stop,,,,,,,False,hospital_fresh_medium_G,1.3558,True,0.3,0.001692,0.2,0.001692,True,armed,False,,True,shadow,results/bo_reviewer_packet/temporal_stop_head/22_temporal_stop_head_model.pt,0.13,0.0,False,0.5,,,1.3591,False,,,False
normcmp_G_baseline_20260708_153849,647,20.500001,1783521538.793498,0.352459,0.500197,-0.0,3.141449,0.2,0.001692,0.199847,4.2e-05,camera_link,20.500001,gnm_closed_loop,,nominal,,True,ok,third_party/visualnav-transformer/model_weights/gnm/gnm.pth,12.66,0.3,0.0017,0.8934,0.0015,5.13,,,gnm_closed_loop,0.2,0.001692,normalized_stop_ab_20260708,G,baseline_no_stop,,,,,,,False,hospital_fresh_medium_G,1.3525,True,0.3,0.001692,0.2,0.001692,True,armed,False,,True,shadow,results/bo_reviewer_packet/temporal_stop_head/22_temporal_stop_head_model.pt,0.13,0.0,False,0.5,,,1.3591,False,,,False
normcmp_G_baseline_20260708_153849,648,20.516668,1783521538.824676,0.349135,0.500198,-0.0,3.141449,0.2,0.001952,0.199837,-0.00033,camera_link,20.516668,gnm_closed_loop,,nominal,,True,ok,third_party/visualnav-transformer/model_weights/gnm/gnm.pth,19.09,0.3,0.002,0.8852,0.0017,5.18,,,gnm_closed_loop,0.2,0.001952,normalized_stop_ab_20260708,G,baseline_no_stop,,,,,,,False,hospital_fresh_medium_G,1.3491,True,0.3,0.001952,0.2,0.001952,True,armed,False,,True,shadow,results/bo_reviewer_packet/temporal_stop_head/22_temporal_stop_head_model.pt,0.123,0.0,False,0.5,,,1.3491,False,,,False
normcmp_G_baseline_20260708_153849,649,20.533334,1783521538.827433,0.34581,0.500198,-0.0,3.14145,0.2,0.001952,0.199837,-0.00033,camera_link,20.533334,gnm_closed_loop,,nominal,,True,ok,third_party/visualnav-transformer/model_weights/gnm/gnm.pth,19.09,0.3,0.002,0.8852,0.0017,5.18,,,gnm_closed_loop,0.2,0.001952,normalized_stop_ab_20260708,G,baseline_no_stop,,,,,,,False,hospital_fresh_medium_G,1.3458,True,0.3,0.001952,0.2,0.001952,True,armed,False,,True,shadow,results/bo_reviewer_packet/temporal_stop_head/22_temporal_stop_head_model.pt,0.123,0.0,False,0.5,,,1.3491,False,,,False
normcmp_G_baseline_20260708_153849,650,20.550001,1783521538.829476,0.342486,0.500199,-0.0,3.141449,0.2,0.001952,0.199837,-0.00033,camera_link,20.550001,gnm_closed_loop,,nominal,,True,ok,third_party/visualnav-transformer/model_weights/gnm/gnm.pth,19.09,0.3,0.002,0.8852,0.0017,5.18,,,gnm_closed_loop,0.2,0.001952,normalized_stop_ab_20260708,G,baseline_no_stop,,,,,,,False,hospital_fresh_medium_G,1.3425,True,0.3,0.001952,0.2,0.001952,True,armed,False,,True,shadow,results/bo_reviewer_packet/temporal_stop_head/22_temporal_stop_head_model.pt,0.123,0.0,False,0.5,,,1.3491,False,,,False
normcmp_G_baseline_20260708_153849,651,20.566668,1783521538.862114,0.339161,0.500199,-0.0,3.14145,0.2,0.002953,0.199851,-0.000148,camera_link,20.566668,gnm_closed_loop,,nominal,,True,ok,third_party/visualnav-transformer/model_weights/gnm/gnm.pth,18.47,0.3,0.003,0.8789,0.0026,5.2,,,gnm_closed_loop,0.2,0.002953,normalized_stop_ab_20260708,G,baseline_no_stop,,,,,,,False,hospital_fresh_medium_G,1.3392,True,0.3,0.002953,0.2,0.002953,True,armed,False,,True,shadow,results/bo_reviewer_packet/temporal_stop_head/22_temporal_stop_head_model.pt,0.113,0.0,False,0.5,,,1.3392,False,,,False
normcmp_G_baseline_20260708_153849,652,20.583334,1783521538.864618,0.335837,0.5002,-0.0,3.14145,0.2,0.002953,0.199851,-0.000148,camera_link,20.583334,gnm_closed_loop,,nominal,,True,ok,third_party/visualnav-transformer/model_weights/gnm/gnm.pth,18.47,0.3,0.003,0.8789,0.0026,5.2,,,gnm_closed_loop,0.2,0.002953,normalized_stop_ab_20260708,G,baseline_no_stop,,,,,,,False,hospital_fresh_medium_G,1.3358,True,0.3,0.002953,0.2,0.002953,True,armed,False,,True,shadow,results/bo_reviewer_packet/temporal_stop_head/22_temporal_stop_head_model.pt,0.113,0.0,False,0.5,,,1.3392,False,,,False
normcmp_G_baseline_20260708_153849,653,20.600001,1783521538.867268,0.332512,0.5002,-0.0,3.14145,0.2,0.002953,0.199851,-0.000148,camera_link,20.600001,gnm_closed_loop,,nominal,,True,ok,third_party/visualnav-transformer/model_weights/gnm/gnm.pth,18.47,0.3,0.003,0.8789,0.0026,5.2,,,gnm_closed_loop,0.2,0.002953,normalized_stop_ab_20260708,G,baseline_no_stop,,,,,,,False,hospital_fresh_medium_G,1.3325,True,0.3,0.002953,0.2,0.002953,True,armed,False,,True,shadow,results/bo_reviewer_packet/temporal_stop_head/22_temporal_stop_head_model.pt,0.113,0.0,False,0.5,,,1.3392,False,,,False
normcmp_G_baseline_20260708_153849,654,20.616668,1783521538.891827,0.329187,0.500201,-0.0,3.14145,0.2,0.002648,0.199838,-0.000193,camera_link,20.616668,gnm_closed_loop,,nominal,,True,ok,third_party/visualnav-transformer/model_weights/gnm/gnm.pth,14.27,0.3,0.0026,0.8748,0.0023,5.27,,,gnm_closed_loop,0.2,0.002648,normalized_stop_ab_20260708,G,baseline_no_stop,,,,,,,False,hospital_fresh_medium_G,1.3292,True,0.3,0.002648,0.2,0.002648,True,armed,False,,True,shadow,results/bo_reviewer_packet/temporal_stop_head/22_temporal_stop_head_model.pt,0.134,0.0,False,0.5,,,1.3292,False,,,False
normcmp_G_baseline_20260708_153849,655,20.633334,1783521538.894002,0.325862,0.500201,-0.0,3.14145,0.2,0.002648,0.199838,-0.000193,camera_link,20.633334,gnm_closed_loop,,nominal,,True,ok,third_party/visualnav-transformer/model_weights/gnm/gnm.pth,14.27,0.3,0.0026,0.8748,0.0023,5.27,,,gnm_closed_loop,0.2,0.002648,normalized_stop_ab_20260708,G,baseline_no_stop,,,,,,,False,hospital_fresh_medium_G,1.3259,True,0.3,0.002648,0.2,0.002648,True,armed,False,,True,shadow,results/bo_reviewer_packet/temporal_stop_head/22_temporal_stop_head_model.pt,0.134,0.0,False,0.5,,,1.3292,False,,,False
normcmp_G_baseline_20260708_153849,656,20.650001,1783521538.896496,0.322538,0.500202,-0.0,3.14145,0.2,0.002648,0.199838,-0.000193,camera_link,20.650001,gnm_closed_loop,,nominal,,True,ok,third_party/visualnav-transformer/model_weights/gnm/gnm.pth,14.27,0.3,0.0026,0.8748,0.0023,5.27,,,gnm_closed_loop,0.2,0.002648,normalized_stop_ab_20260708,G,baseline_no_stop,,,,,,,False,hospital_fresh_medium_G,1.3225,True,0.3,0.002648,0.2,0.002648,True,armed,False,,True,shadow,results/bo_reviewer_packet/temporal_stop_head/22_temporal_stop_head_model.pt,0.134,0.0,False,0.5,,,1.3292,False,,,False
normcmp_G_baseline_20260708_153849,657,20.666668,1783521538.922706,0.319213,0.500202,-0.0,3.14145,0.2,0.002887,0.199841,9e-06,camera_link,20.666668,gnm_closed_loop,,nominal,,True,ok,third_party/visualnav-transformer/model_weights/gnm/gnm.pth,13.99,0.3,0.0029,0.8822,0.0025,5.25,,,gnm_closed_loop,0.2,0.002887,normalized_stop_ab_20260708,G,baseline_no_stop,,,,,,,False,hospital_fresh_medium_G,1.3192,True,0.3,0.002887,0.2,0.002887,True,armed,False,,True,shadow,results/bo_reviewer_packet/temporal_stop_head/22_temporal_stop_head_model.pt,0.12,0.0,False,0.5,,,1.3192,False,,,False
normcmp_G_baseline_20260708_153849,658,20.683334,1783521538.924948,0.315889,0.500203,-0.0,3.14145,0.2,0.002887,0.199841,9e-06,camera_link,20.683334,gnm_closed_loop,,nominal,,True,ok,third_party/visualnav-transformer/model_weights/gnm/gnm.pth,13.99,0.3,0.0029,0.8822,0.0025,5.25,,,gnm_closed_loop,0.2,0.002887,normalized_stop_ab_20260708,G,baseline_no_stop,,,,,,,False,hospital_fresh_medium_G,1.3159,True,0.3,0.002887,0.2,0.002887,True,armed,False,,True,shadow,results/bo_reviewer_packet/temporal_stop_head/22_temporal_stop_head_model.pt,0.12,0.0,False,0.5,,,1.3192,False,,,False
normcmp_G_baseline_20260708_153849,659,20.700001,1783521538.926903,0.312564,0.500203,-0.0,3.14145,0.2,0.002887,0.199841,9e-06,camera_link,20.700001,gnm_closed_loop,,nominal,,True,ok,third_party/visualnav-transformer/model_weights/gnm/gnm.pth,13.99,0.3,0.0029,0.8822,0.0025,5.25,,,gnm_closed_loop,0.2,0.002887,normalized_stop_ab_20260708,G,baseline_no_stop,,,,,,,False,hospital_fresh_medium_G,1.3126,True,0.3,0.002887,0.2,0.002887,True,armed,False,,True,shadow,results/bo_reviewer_packet/temporal_stop_head/22_temporal_stop_head_model.pt,0.12,0.0,False,0.5,,,1.3192,False,,,False
normcmp_G_baseline_20260708_153849,660,20.716668,1783521538.949996,0.30924,0.500203,0.0,3.14145,0.2,0.004115,0.199835,2e-05,camera_link,20.716668,gnm_closed_loop,,nominal,,True,ok,third_party/visualnav-transformer/model_weights/gnm/gnm.pth,13.02,0.3,0.0041,0.8783,0.0036,5.31,,,gnm_closed_loop,0.2,0.004115,normalized_stop_ab_20260708,G,baseline_no_stop,,,,,,,False,hospital_fresh_medium_G,1.3092,True,0.3,0.004115,0.2,0.004115,True,armed,False,,True,shadow,results/bo_reviewer_packet/temporal_stop_head/22_temporal_stop_head_model.pt,0.133,0.0,False,0.5,,,1.3092,False,,,False
normcmp_G_baseline_20260708_153849,661,20.733334,1783521538.952225,0.305915,0.500204,-0.0,3.14145,0.2,0.004115,0.199835,2e-05,camera_link,20.733334,gnm_closed_loop,,nominal,,True,ok,third_party/visualnav-transformer/model_weights/gnm/gnm.pth,13.02,0.3,0.0041,0.8783,0.0036,5.31,,,gnm_closed_loop,0.2,0.004115,normalized_stop_ab_20260708,G,baseline_no_stop,,,,,,,False,hospital_fresh_medium_G,1.3059,True,0.3,0.004115,0.2,0.004115,True,armed,False,,True,shadow,results/bo_reviewer_packet/temporal_stop_head/22_temporal_stop_head_model.pt,0.133,0.0,False,0.5,,,1.3092,False,,,False
normcmp_G_baseline_20260708_153849,662,20.750001,1783521538.954263,0.302591,0.500204,-0.0,3.14145,0.2,0.004115,0.199835,2e-05,camera_link,20.750001,gnm_closed_loop,,nominal,,True,ok,third_party/visualnav-transformer/model_weights/gnm/gnm.pth,13.02,0.3,0.0041,0.8783,0.0036,5.31,,,gnm_closed_loop,0.2,0.004115,normalized_stop_ab_20260708,G,baseline_no_stop,,,,,,,False,hospital_fresh_medium_G,1.3026,True,0.3,0.004115,0.2,0.004115,True,armed,False,,True,shadow,results/bo_reviewer_packet/temporal_stop_head/22_temporal_stop_head_model.pt,0.133,0.0,False,0.5,,,1.3092,False,,,False
normcmp_G_baseline_20260708_153849,663,20.766668,1783521538.9785,0.299266,0.500205,-0.0,3.141451,0.2,0.005777,0.199844,-0.000217,camera_link,20.766668,gnm_closed_loop,,nominal,,True,ok,third_party/visualnav-transformer/model_weights/gnm/gnm.pth,12.89,0.3,0.0058,0.8711,0.005,5.4,,,gnm_closed_loop,0.2,0.005777,normalized_stop_ab_20260708,G,baseline_no_stop,,,,,,,False,hospital_fresh_medium_G,1.2993,True,0.3,0.005777,0.2,0.005777,True,armed,False,,True,shadow,results/bo_reviewer_packet/temporal_stop_head/22_temporal_stop_head_model.pt,0.108,0.0,False,0.5,,,1.2993,False,,,False
normcmp_G_baseline_20260708_153849,664,20.783334,1783521538.980815,0.295942,0.500205,-0.0,3.141451,0.2,0.005777,0.199844,-0.000217,camera_link,20.783334,gnm_closed_loop,,nominal,,True,ok,third_party/visualnav-transformer/model_weights/gnm/gnm.pth,12.89,0.3,0.0058,0.8711,0.005,5.4,,,gnm_closed_loop,0.2,0.005777,normalized_stop_ab_20260708,G,baseline_no_stop,,,,,,,False,hospital_fresh_medium_G,1.2959,True,0.3,0.005777,0.2,0.005777,True,armed,False,,True,shadow,results/bo_reviewer_packet/temporal_stop_head/22_temporal_stop_head_model.pt,0.108,0.0,False,0.5,,,1.2993,False,,,False
normcmp_G_baseline_20260708_153849,665,20.800001,1783521538.982819,0.292617,0.500206,-0.0,3.141451,0.2,0.005777,0.199844,-0.000217,camera_link,20.800001,gnm_closed_loop,,nominal,,True,ok,third_party/visualnav-transformer/model_weights/gnm/gnm.pth,12.89,0.3,0.0058,0.8711,0.005,5.4,,,gnm_closed_loop,0.2,0.005777,normalized_stop_ab_20260708,G,baseline_no_stop,,,,,,,False,hospital_fresh_medium_G,1.2926,True,0.3,0.005777,0.2,0.005777,True,armed,False,,True,shadow,results/bo_reviewer_packet/temporal_stop_head/22_temporal_stop_head_model.pt,0.108,0.0,False,0.5,,,1.2993,False,,,False
normcmp_G_baseline_20260708_153849,666,20.816668,1783521539.004982,0.289293,0.500206,-0.0,3.141451,0.2,0.007582,0.199852,0.000145,camera_link,20.816668,gnm_closed_loop,,nominal,,True,ok,third_party/visualnav-transformer/model_weights/gnm/gnm.pth,12.75,0.3,0.0076,0.8599,0.0065,5.47,,,gnm_closed_loop,0.2,0.007582,normalized_stop_ab_20260708,G,baseline_no_stop,,,,,,,False,hospital_fresh_medium_G,1.2893,True,0.3,0.007582,0.2,0.007582,True,armed,False,,True,shadow,results/bo_reviewer_packet/temporal_stop_head/22_temporal_stop_head_model.pt,0.128,0.0,False,0.5,,,1.2893,False,,,False
normcmp_G_baseline_20260708_153849,667,20.833334,1783521539.007294,0.285968,0.500207,-0.0,3.141451,0.2,0.007582,0.199852,0.000145,camera_link,20.833334,gnm_closed_loop,,nominal,,True,ok,third_party/visualnav-transformer/model_weights/gnm/gnm.pth,12.75,0.3,0.0076,0.8599,0.0065,5.47,,,gnm_closed_loop,0.2,0.007582,normalized_stop_ab_20260708,G,baseline_no_stop,,,,,,,False,hospital_fresh_medium_G,1.286,True,0.3,0.007582,0.2,0.007582,True,armed,False,,True,shadow,results/bo_reviewer_packet/temporal_stop_head/22_temporal_stop_head_model.pt,0.128,0.0,False,0.5,,,1.2893,False,,,False
normcmp_G_baseline_20260708_153849,668,20.850001,1783521539.009251,0.282644,0.500207,-0.0,3.141451,0.2,0.007582,0.199852,0.000145,camera_link,20.850001,gnm_closed_loop,,nominal,,True,ok,third_party/visualnav-transformer/model_weights/gnm/gnm.pth,12.75,0.3,0.0076,0.8599,0.0065,5.47,,,gnm_closed_loop,0.2,0.007582,normalized_stop_ab_20260708,G,baseline_no_stop,,,,,,,False,hospital_fresh_medium_G,1.2826,True,0.3,0.007582,0.2,0.007582,True,armed,False,,True,shadow,results/bo_reviewer_packet/temporal_stop_head/22_temporal_stop_head_model.pt,0.128,0.0,False,0.5,,,1.2893,False,,,False
normcmp_G_baseline_20260708_153849,669,20.866668,1783521539.032215,0.27932,0.500207,-0.0,3.141451,0.2,0.009076,0.199852,-0.000198,camera_link,20.866668,gnm_closed_loop,,nominal,,True,ok,third_party/visualnav-transformer/model_weights/gnm/gnm.pth,12.94,0.3,0.0091,0.8543,0.0078,5.52,,,gnm_closed_loop,0.2,0.009076,normalized_stop_ab_20260708,G,baseline_no_stop,,,,,,,False,hospital_fresh_medium_G,1.2793,True,0.3,0.009076,0.2,0.009076,True,armed,False,,True,shadow,results/bo_reviewer_packet/temporal_stop_head/22_temporal_stop_head_model.pt,0.111,0.0,False,0.5,,,1.2793,False,,,False
normcmp_G_baseline_20260708_153849,670,20.883334,1783521539.034423,0.275996,0.500208,0.0,3.141452,0.2,0.009076,0.199852,-0.000198,camera_link,20.883334,gnm_closed_loop,,nominal,,True,ok,third_party/visualnav-transformer/model_weights/gnm/gnm.pth,12.94,0.3,0.0091,0.8543,0.0078,5.52,,,gnm_closed_loop,0.2,0.009076,normalized_stop_ab_20260708,G,baseline_no_stop,,,,,,,False,hospital_fresh_medium_G,1.276,True,0.3,0.009076,0.2,0.009076,True,armed,False,,True,shadow,results/bo_reviewer_packet/temporal_stop_head/22_temporal_stop_head_model.pt,0.111,0.0,False,0.5,,,1.2793,False,,,False
normcmp_G_baseline_20260708_153849,671,20.900001,1783521539.036301,0.272671,0.500208,0.0,3.141452,0.2,0.009076,0.199852,-0.000198,camera_link,20.900001,gnm_closed_loop,,nominal,,True,ok,third_party/visualnav-transformer/model_weights/gnm/gnm.pth,12.94,0.3,0.0091,0.8543,0.0078,5.52,,,gnm_closed_loop,0.2,0.009076,normalized_stop_ab_20260708,G,baseline_no_stop,,,,,,,False,hospital_fresh_medium_G,1.2727,True,0.3,0.009076,0.2,0.009076,True,armed,False,,True,shadow,results/bo_reviewer_packet/temporal_stop_head/22_temporal_stop_head_model.pt,0.111,0.0,False,0.5,,,1.2793,False,,,False
normcmp_G_baseline_20260708_153849,672,20.916668,1783521539.059448,0.269346,0.500209,-0.0,3.141452,0.2,0.011001,0.199853,-1.4e-05,camera_link,20.916668,gnm_closed_loop,,nominal,,True,ok,third_party/visualnav-transformer/model_weights/gnm/gnm.pth,12.85,0.3,0.011,0.8427,0.0093,5.58,,,gnm_closed_loop,0.2,0.011001,normalized_stop_ab_20260708,G,baseline_no_stop,,,,,,,False,hospital_fresh_medium_G,1.2693,True,0.3,0.011001,0.2,0.011001,True,armed,False,,True,shadow,results/bo_reviewer_packet/temporal_stop_head/22_temporal_stop_head_model.pt,0.128,0.0,False,0.5,,,1.2693,False,,,False
normcmp_G_baseline_20260708_153849,673,20.933334,1783521539.062226,0.266022,0.500209,0.0,3.141452,0.2,0.011001,0.199853,-1.4e-05,camera_link,20.933334,gnm_closed_loop,,nominal,,True,ok,third_party/visualnav-transformer/model_weights/gnm/gnm.pth,12.85,0.3,0.011,0.8427,0.0093,5.58,,,gnm_closed_loop,0.2,0.011001,normalized_stop_ab_20260708,G,baseline_no_stop,,,,,,,False,hospital_fresh_medium_G,1.266,True,0.3,0.011001,0.2,0.011001,True,armed,False,,True,shadow,results/bo_reviewer_packet/temporal_stop_head/22_temporal_stop_head_model.pt,0.128,0.0,False,0.5,,,1.2693,False,,,False
normcmp_G_baseline_20260708_153849,674,20.950001,1783521539.064055,0.262697,0.50021,0.0,3.141452,0.2,0.011001,0.199853,-1.4e-05,camera_link,20.950001,gnm_closed_loop,,nominal,,True,ok,third_party/visualnav-transformer/model_weights/gnm/gnm.pth,12.85,0.3,0.011,0.8427,0.0093,5.58,,,gnm_closed_loop,0.2,0.011001,normalized_stop_ab_20260708,G,baseline_no_stop,,,,,,,False,hospital_fresh_medium_G,1.2627,True,0.3,0.011001,0.2,0.011001,True,armed,False,,True,shadow,results/bo_reviewer_packet/temporal_stop_head/22_temporal_stop_head_model.pt,0.128,0.0,False,0.5,,,1.2693,False,,,False
normcmp_G_baseline_20260708_153849,675,20.966668,1783521539.089188,0.259372,0.50021,0.0,3.141452,0.2,0.012374,0.199857,-0.00061,camera_link,20.966668,gnm_closed_loop,,nominal,,True,ok,third_party/visualnav-transformer/model_weights/gnm/gnm.pth,13.7,0.3,0.0124,0.8358,0.0103,5.61,,,gnm_closed_loop,0.2,0.012374,normalized_stop_ab_20260708,G,baseline_no_stop,,,,,,,False,hospital_fresh_medium_G,1.2594,True,0.3,0.012374,0.2,0.012374,True,armed,False,,True,shadow,results/bo_reviewer_packet/temporal_stop_head/22_temporal_stop_head_model.pt,0.111,0.0,False,0.5,,,1.2594,False,,,False
normcmp_G_baseline_20260708_153849,676,20.983334,1783521539.091762,0.256048,0.500211,0.0,3.141453,0.2,0.012374,0.199857,-0.00061,camera_link,20.983334,gnm_closed_loop,,nominal,,True,ok,third_party/visualnav-transformer/model_weights/gnm/gnm.pth,13.7,0.3,0.0124,0.8358,0.0103,5.61,,,gnm_closed_loop,0.2,0.012374,normalized_stop_ab_20260708,G,baseline_no_stop,,,,,,,False,hospital_fresh_medium_G,1.256,True,0.3,0.012374,0.2,0.012374,True,armed,False,,True,shadow,results/bo_reviewer_packet/temporal_stop_head/22_temporal_stop_head_model.pt,0.111,0.0,False,0.5,,,1.2594,False,,,False
normcmp_G_baseline_20260708_153849,677,21.000001,1783521539.094496,0.252724,0.500211,0.0,3.141454,0.2,0.012374,0.199857,-0.00061,camera_link,21.000001,gnm_closed_loop,,nominal,,True,ok,third_party/visualnav-transformer/model_weights/gnm/gnm.pth,13.7,0.3,0.0124,0.8358,0.0103,5.61,,,gnm_closed_loop,0.2,0.012374,normalized_stop_ab_20260708,G,baseline_no_stop,,,,,,,False,hospital_fresh_medium_G,1.2527,True,0.3,0.012374,0.2,0.012374,True,armed,False,,True,shadow,results/bo_reviewer_packet/temporal_stop_head/22_temporal_stop_head_model.pt,0.111,0.0,False,0.5,,,1.2594,False,,,False
normcmp_G_baseline_20260708_153849,678,21.016668,1783521539.118024,0.249399,0.500212,0.0,3.141454,0.2,0.012686,0.199853,-0.00034,camera_link,21.016668,gnm_closed_loop,,nominal,,True,ok,third_party/visualnav-transformer/model_weights/gnm/gnm.pth,13.05,0.3,0.0127,0.835,0.0106,5.65,,,gnm_closed_loop,0.2,0.012686,normalized_stop_ab_20260708,G,baseline_no_stop,,,,,,,False,hospital_fresh_medium_G,1.2494,True,0.3,0.012686,0.2,0.012686,True,armed,False,,True,shadow,results/bo_reviewer_packet/temporal_stop_head/22_temporal_stop_head_model.pt,0.138,0.0,False,0.5,,,1.2494,False,,,False
normcmp_G_baseline_20260708_153849,679,21.033334,1783521539.120215,0.246075,0.500212,0.0,3.141454,0.2,0.012686,0.199853,-0.00034,camera_link,21.033334,gnm_closed_loop,,nominal,,True,ok,third_party/visualnav-transformer/model_weights/gnm/gnm.pth,13.05,0.3,0.0127,0.835,0.0106,5.65,,,gnm_closed_loop,0.2,0.012686,normalized_stop_ab_20260708,G,baseline_no_stop,,,,,,,False,hospital_fresh_medium_G,1.2461,True,0.3,0.012686,0.2,0.012686,True,armed,False,,True,shadow,results/bo_reviewer_packet/temporal_stop_head/22_temporal_stop_head_model.pt,0.138,0.0,False,0.5,,,1.2494,False,,,False
normcmp_G_baseline_20260708_153849,680,21.050001,1783521539.122146,0.24275,0.500212,0.0,3.141455,0.2,0.012686,0.199853,-0.00034,camera_link,21.050001,gnm_closed_loop,,nominal,,True,ok,third_party/visualnav-transformer/model_weights/gnm/gnm.pth,13.05,0.3,0.0127,0.835,0.0106,5.65,,,gnm_closed_loop,0.2,0.012686,normalized_stop_ab_20260708,G,baseline_no_stop,,,,,,,False,hospital_fresh_medium_G,1.2428,True,0.3,0.012686,0.2,0.012686,True,armed,False,,True,shadow,results/bo_reviewer_packet/temporal_stop_head/22_temporal_stop_head_model.pt,0.138,0.0,False,0.5,,,1.2494,False,,,False
normcmp_G_baseline_20260708_153849,681,21.066668,1783521539.145494,0.239426,0.500213,0.0,3.141456,0.2,0.013808,0.199846,-0.000662,camera_link,21.066668,gnm_closed_loop,,nominal,,True,ok,third_party/visualnav-transformer/model_weights/gnm/gnm.pth,13.7,0.3,0.0138,0.8373,0.0116,5.59,,,gnm_closed_loop,0.2,0.013808,normalized_stop_ab_20260708,G,baseline_no_stop,,,,,,,False,hospital_fresh_medium_G,1.2394,True,0.3,0.013808,0.2,0.013808,True,armed,False,,True,shadow,results/bo_reviewer_packet/temporal_stop_head/22_temporal_stop_head_model.pt,0.107,0.0,False,0.5,,,1.2394,False,,,False
normcmp_G_baseline_20260708_153849,682,21.083334,1783521539.14771,0.236101,0.500213,0.0,3.141456,0.2,0.013808,0.199846,-0.000662,camera_link,21.083334,gnm_closed_loop,,nominal,,True,ok,third_party/visualnav-transformer/model_weights/gnm/gnm.pth,13.7,0.3,0.0138,0.8373,0.0116,5.59,,,gnm_closed_loop,0.2,0.013808,normalized_stop_ab_20260708,G,baseline_no_stop,,,,,,,False,hospital_fresh_medium_G,1.2361,True,0.3,0.013808,0.2,0.013808,True,armed,False,,True,shadow,results/bo_reviewer_packet/temporal_stop_head/22_temporal_stop_head_model.pt,0.107,0.0,False,0.5,,,1.2394,False,,,False
normcmp_G_baseline_20260708_153849,683,21.100001,1783521539.14953,0.232777,0.500214,0.0,3.141457,0.2,0.013808,0.199846,-0.000662,camera_link,21.100001,gnm_closed_loop,,nominal,,True,ok,third_party/visualnav-transformer/model_weights/gnm/gnm.pth,13.7,0.3,0.0138,0.8373,0.0116,5.59,,,gnm_closed_loop,0.2,0.013808,normalized_stop_ab_20260708,G,baseline_no_stop,,,,,,,False,hospital_fresh_medium_G,1.2328,True,0.3,0.013808,0.2,0.013808,True,armed,False,,True,shadow,results/bo_reviewer_packet/temporal_stop_head/22_temporal_stop_head_model.pt,0.107,0.0,False,0.5,,,1.2394,False,,,False
normcmp_G_baseline_20260708_153849,684,21.116668,1783521539.174719,0.229453,0.500214,0.0,3.141457,0.2,0.013906,0.199858,-0.000537,camera_link,21.116668,gnm_closed_loop,,nominal,,True,ok,third_party/visualnav-transformer/model_weights/gnm/gnm.pth,13.42,0.3,0.0139,0.842,0.0117,5.55,,,gnm_closed_loop,0.2,0.013906,normalized_stop_ab_20260708,G,baseline_no_stop,,,,,,,False,hospital_fresh_medium_G,1.2295,True,0.3,0.013906,0.2,0.013906,True,armed,False,,True,shadow,results/bo_reviewer_packet/temporal_stop_head/22_temporal_stop_head_model.pt,0.117,0.0,False,0.5,,,1.2295,False,,,False
normcmp_G_baseline_20260708_153849,685,21.133334,1783521539.177271,0.226129,0.500215,0.0,3.141457,0.2,0.013906,0.199858,-0.000537,camera_link,21.133334,gnm_closed_loop,,nominal,,True,ok,third_party/visualnav-transformer/model_weights/gnm/gnm.pth,13.42,0.3,0.0139,0.842,0.0117,5.55,,,gnm_closed_loop,0.2,0.013906,normalized_stop_ab_20260708,G,baseline_no_stop,,,,,,,False,hospital_fresh_medium_G,1.2261,True,0.3,0.013906,0.2,0.013906,True,armed,False,,True,shadow,results/bo_reviewer_packet/temporal_stop_head/22_temporal_stop_head_model.pt,0.117,0.0,False,0.5,,,1.2295,False,,,False
normcmp_G_baseline_20260708_153849,686,21.150001,1783521539.180212,0.222804,0.500215,0.0,3.141458,0.2,0.013906,0.199858,-0.000537,camera_link,21.150001,gnm_closed_loop,,nominal,,True,ok,third_party/visualnav-transformer/model_weights/gnm/gnm.pth,13.42,0.3,0.0139,0.842,0.0117,5.55,,,gnm_closed_loop,0.2,0.013906,normalized_stop_ab_20260708,G,baseline_no_stop,,,,,,,False,hospital_fresh_medium_G,1.2228,True,0.3,0.013906,0.2,0.013906,True,armed,False,,True,shadow,results/bo_reviewer_packet/temporal_stop_head/22_temporal_stop_head_model.pt,0.117,0.0,False,0.5,,,1.2295,False,,,False
normcmp_G_baseline_20260708_153849,687,21.166668,1783521539.209175,0.21948,0.500215,0.0,3.141459,0.2,0.013287,0.19985,-0.000776,camera_link,21.166668,gnm_closed_loop,,nominal,,True,ok,third_party/visualnav-transformer/model_weights/gnm/gnm.pth,18.16,0.3,0.0133,0.8627,0.0115,5.47,,,gnm_closed_loop,0.2,0.013287,normalized_stop_ab_20260708,G,baseline_no_stop,,,,,,,False,hospital_fresh_medium_G,1.2195,True,0.3,0.013287,0.2,0.013287,True,armed,False,,True,shadow,results/bo_reviewer_packet/temporal_stop_head/22_temporal_stop_head_model.pt,0.135,0.0,False,0.5,,,1.2195,False,,,False
normcmp_G_baseline_20260708_153849,688,21.183334,1783521539.212513,0.216156,0.500216,0.0,3.141459,0.2,0.013287,0.19985,-0.000776,camera_link,21.183334,gnm_closed_loop,,nominal,,True,ok,third_party/visualnav-transformer/model_weights/gnm/gnm.pth,18.16,0.3,0.0133,0.8627,0.0115,5.47,,,gnm_closed_loop,0.2,0.013287,normalized_stop_ab_20260708,G,baseline_no_stop,,,,,,,False,hospital_fresh_medium_G,1.2162,True,0.3,0.013287,0.2,0.013287,True,armed,False,,True,shadow,results/bo_reviewer_packet/temporal_stop_head/22_temporal_stop_head_model.pt,0.135,0.0,False,0.5,,,1.2195,False,,,False
normcmp_G_baseline_20260708_153849,689,21.200001,1783521539.214659,0.212831,0.500216,0.0,3.14146,0.2,0.013287,0.19985,-0.000776,camera_link,21.200001,gnm_closed_loop,,nominal,,True,ok,third_party/visualnav-transformer/model_weights/gnm/gnm.pth,18.16,0.3,0.0133,0.8627,0.0115,5.47,,,gnm_closed_loop,0.2,0.013287,normalized_stop_ab_20260708,G,baseline_no_stop,,,,,,,False,hospital_fresh_medium_G,1.2128,True,0.3,0.013287,0.2,0.013287,True,armed,False,,True,shadow,results/bo_reviewer_packet/temporal_stop_head/22_temporal_stop_head_model.pt,0.135,0.0,False,0.5,,,1.2195,False,,,False
normcmp_G_baseline_20260708_153849,690,21.216668,1783521539.240758,0.209507,0.500217,0.0,3.14146,0.2,0.012771,0.199851,-0.000233,camera_link,21.216668,gnm_closed_loop,,nominal,,True,ok,third_party/visualnav-transformer/model_weights/gnm/gnm.pth,13.69,0.3,0.0128,0.8752,0.0112,5.38,,,gnm_closed_loop,0.2,0.012771,normalized_stop_ab_20260708,G,baseline_no_stop,,,,,,,False,hospital_fresh_medium_G,1.2095,True,0.3,0.012771,0.2,0.012771,True,armed,False,,True,shadow,results/bo_reviewer_packet/temporal_stop_head/22_temporal_stop_head_model.pt,0.126,0.0,False,0.5,,,1.2095,False,,,False
normcmp_G_baseline_20260708_153849,691,21.233334,1783521539.242866,0.206182,0.500217,-0.0,3.14146,0.2,0.012771,0.199851,-0.000233,camera_link,21.233334,gnm_closed_loop,,nominal,,True,ok,third_party/visualnav-transformer/model_weights/gnm/gnm.pth,13.69,0.3,0.0128,0.8752,0.0112,5.38,,,gnm_closed_loop,0.2,0.012771,normalized_stop_ab_20260708,G,baseline_no_stop,,,,,,,False,hospital_fresh_medium_G,1.2062,True,0.3,0.012771,0.2,0.012771,True,armed,False,,True,shadow,results/bo_reviewer_packet/temporal_stop_head/22_temporal_stop_head_model.pt,0.126,0.0,False,0.5,,,1.2095,False,,,False
normcmp_G_baseline_20260708_153849,692,21.250001,1783521539.244722,0.202858,0.500218,0.0,3.141461,0.2,0.012771,0.199851,-0.000233,camera_link,21.250001,gnm_closed_loop,,nominal,,True,ok,third_party/visualnav-transformer/model_weights/gnm/gnm.pth,13.69,0.3,0.0128,0.8752,0.0112,5.38,,,gnm_closed_loop,0.2,0.012771,normalized_stop_ab_20260708,G,baseline_no_stop,,,,,,,False,hospital_fresh_medium_G,1.2029,True,0.3,0.012771,0.2,0.012771,True,armed,False,,True,shadow,results/bo_reviewer_packet/temporal_stop_head/22_temporal_stop_head_model.pt,0.126,0.0,False,0.5,,,1.2095,False,,,False
normcmp_G_baseline_20260708_153849,693,21.266668,1783521539.269159,0.199534,0.500218,-0.0,3.141461,0.2,0.013389,0.199852,-0.001152,camera_link,21.266668,gnm_closed_loop,,nominal,,True,ok,third_party/visualnav-transformer/model_weights/gnm/gnm.pth,13.51,0.3,0.0134,0.8859,0.0119,5.27,,,gnm_closed_loop,0.2,0.013389,normalized_stop_ab_20260708,G,baseline_no_stop,,,,,,,False,hospital_fresh_medium_G,1.1995,True,0.3,0.013389,0.2,0.013389,True,armed,False,,True,shadow,results/bo_reviewer_packet/temporal_stop_head/22_temporal_stop_head_model.pt,0.197,0.0,False,0.5,,,1.1995,False,,,False
normcmp_G_baseline_20260708_153849,694,21.283334,1783521539.271324,0.196209,0.500219,-0.0,3.141462,0.2,0.013389,0.199852,-0.001152,camera_link,21.283334,gnm_closed_loop,,nominal,,True,ok,third_party/visualnav-transformer/model_weights/gnm/gnm.pth,13.51,0.3,0.0134,0.8859,0.0119,5.27,,,gnm_closed_loop,0.2,0.013389,normalized_stop_ab_20260708,G,baseline_no_stop,,,,,,,False,hospital_fresh_medium_G,1.1962,True,0.3,0.013389,0.2,0.013389,True,armed,False,,True,shadow,results/bo_reviewer_packet/temporal_stop_head/22_temporal_stop_head_model.pt,0.197,0.0,False,0.5,,,1.1995,False,,,False
normcmp_G_baseline_20260708_153849,695,21.300001,1783521539.274042,0.192884,0.500219,0.0,3.141462,0.2,0.013389,0.199852,-0.001152,camera_link,21.300001,gnm_closed_loop,,nominal,,True,ok,third_party/visualnav-transformer/model_weights/gnm/gnm.pth,13.51,0.3,0.0134,0.8859,0.0119,5.27,,,gnm_closed_loop,0.2,0.013389,normalized_stop_ab_20260708,G,baseline_no_stop,,,,,,,False,hospital_fresh_medium_G,1.1929,True,0.3,0.013389,0.2,0.013389,True,armed,False,,True,shadow,results/bo_reviewer_packet/temporal_stop_head/22_temporal_stop_head_model.pt,0.197,0.0,False,0.5,,,1.1995,False,,,False
normcmp_G_baseline_20260708_153849,696,21.316668,1783521539.300333,0.18956,0.50022,0.0,3.141463,0.2,0.013011,0.199862,-0.001398,camera_link,21.316668,gnm_closed_loop,,nominal,,True,ok,third_party/visualnav-transformer/model_weights/gnm/gnm.pth,13.57,0.3,0.013,0.905,0.0118,5.12,,,gnm_closed_loop,0.2,0.013011,normalized_stop_ab_20260708,G,baseline_no_stop,,,,,,,False,hospital_fresh_medium_G,1.1896,True,0.3,0.013011,0.2,0.013011,True,armed,False,,True,shadow,results/bo_reviewer_packet/temporal_stop_head/22_temporal_stop_head_model.pt,0.107,0.0,False,0.5,,,1.1896,False,,,False
normcmp_G_baseline_20260708_153849,697,21.333334,1783521539.302741,0.186235,0.50022,0.0,3.141464,0.2,0.013011,0.199862,-0.001398,camera_link,21.333334,gnm_closed_loop,,nominal,,True,ok,third_party/visualnav-transformer/model_weights/gnm/gnm.pth,13.57,0.3,0.013,0.905,0.0118,5.12,,,gnm_closed_loop,0.2,0.013011,normalized_stop_ab_20260708,G,baseline_no_stop,,,,,,,False,hospital_fresh_medium_G,1.1862,True,0.3,0.013011,0.2,0.013011,True,armed,False,,True,shadow,results/bo_reviewer_packet/temporal_stop_head/22_temporal_stop_head_model.pt,0.107,0.0,False,0.5,,,1.1896,False,,,False
normcmp_G_baseline_20260708_153849,698,21.350001,1783521539.304596,0.182911,0.500221,-0.0,3.141464,0.2,0.013011,0.199862,-0.001398,camera_link,21.350001,gnm_closed_loop,,nominal,,True,ok,third_party/visualnav-transformer/model_weights/gnm/gnm.pth,13.57,0.3,0.013,0.905,0.0118,5.12,,,gnm_closed_loop,0.2,0.013011,normalized_stop_ab_20260708,G,baseline_no_stop,,,,,,,False,hospital_fresh_medium_G,1.1829,True,0.3,0.013011,0.2,0.013011,True,armed,False,,True,shadow,results/bo_reviewer_packet/temporal_stop_head/22_temporal_stop_head_model.pt,0.107,0.0,False,0.5,,,1.1896,False,,,False
normcmp_G_baseline_20260708_153849,699,21.366668,1783521539.328288,0.179586,0.500221,0.0,3.141464,0.2,0.012253,0.199847,-0.00068,camera_link,21.366668,gnm_closed_loop,,nominal,,True,ok,third_party/visualnav-transformer/model_weights/gnm/gnm.pth,12.9,0.3,0.0123,0.9285,0.0114,4.96,,,gnm_closed_loop,0.2,0.012253,normalized_stop_ab_20260708,G,baseline_no_stop,,,,,,,False,hospital_fresh_medium_G,1.1796,True,0.3,0.012253,0.2,0.012253,True,armed,False,,True,shadow,results/bo_reviewer_packet/temporal_stop_head/22_temporal_stop_head_model.pt,0.129,0.0,False,0.5,,,1.1796,False,,,False
normcmp_G_baseline_20260708_153849,700,21.383334,1783521539.330611,0.176262,0.500222,0.0,3.141465,0.2,0.012253,0.199847,-0.00068,camera_link,21.383334,gnm_closed_loop,,nominal,,True,ok,third_party/visualnav-transformer/model_weights/gnm/gnm.pth,12.9,0.3,0.0123,0.9285,0.0114,4.96,,,gnm_closed_loop,0.2,0.012253,normalized_stop_ab_20260708,G,baseline_no_stop,,,,,,,False,hospital_fresh_medium_G,1.1763,True,0.3,0.012253,0.2,0.012253,True,armed,False,,True,shadow,results/bo_reviewer_packet/temporal_stop_head/22_temporal_stop_head_model.pt,0.129,0.0,False,0.5,,,1.1796,False,,,False
normcmp_G_baseline_20260708_153849,701,21.400001,1783521539.332725,0.172937,0.500222,-0.0,3.141466,0.2,0.012253,0.199847,-0.00068,camera_link,21.400001,gnm_closed_loop,,nominal,,True,ok,third_party/visualnav-transformer/model_weights/gnm/gnm.pth,12.9,0.3,0.0123,0.9285,0.0114,4.96,,,gnm_closed_loop,0.2,0.012253,normalized_stop_ab_20260708,G,baseline_no_stop,,,,,,,False,hospital_fresh_medium_G,1.1729,True,0.3,0.012253,0.2,0.012253,True,armed,False,,True,shadow,results/bo_reviewer_packet/temporal_stop_head/22_temporal_stop_head_model.pt,0.129,0.0,False,0.5,,,1.1796,False,,,False
normcmp_G_baseline_20260708_153849,702,21.416668,1783521539.355865,0.169613,0.500223,0.0,3.141466,0.2,0.012235,0.199841,-0.000353,camera_link,21.416668,gnm_closed_loop,,nominal,,True,ok,third_party/visualnav-transformer/model_weights/gnm/gnm.pth,12.77,0.3,0.0122,0.9439,0.0115,4.75,,,gnm_closed_loop,0.2,0.012235,normalized_stop_ab_20260708,G,baseline_no_stop,,,,,,,False,hospital_fresh_medium_G,1.1696,True,0.3,0.012235,0.2,0.012235,True,armed,False,,True,shadow,results/bo_reviewer_packet/temporal_stop_head/22_temporal_stop_head_model.pt,0.105,0.0,False,0.5,,,1.1696,False,,,False
normcmp_G_baseline_20260708_153849,703,21.433334,1783521539.358203,0.166288,0.500223,-0.0,3.141466,0.2,0.012235,0.199841,-0.000353,camera_link,21.433334,gnm_closed_loop,,nominal,,True,ok,third_party/visualnav-transformer/model_weights/gnm/gnm.pth,12.77,0.3,0.0122,0.9439,0.0115,4.75,,,gnm_closed_loop,0.2,0.012235,normalized_stop_ab_20260708,G,baseline_no_stop,,,,,,,False,hospital_fresh_medium_G,1.1663,True,0.3,0.012235,0.2,0.012235,True,armed,False,,True,shadow,results/bo_reviewer_packet/temporal_stop_head/22_temporal_stop_head_model.pt,0.105,0.0,False,0.5,,,1.1696,False,,,False
normcmp_G_baseline_20260708_153849,704,21.450001,1783521539.360596,0.162963,0.500224,-0.0,3.141467,0.2,0.012235,0.199841,-0.000353,camera_link,21.450001,gnm_closed_loop,,nominal,,True,ok,third_party/visualnav-transformer/model_weights/gnm/gnm.pth,12.77,0.3,0.0122,0.9439,0.0115,4.75,,,gnm_closed_loop,0.2,0.012235,normalized_stop_ab_20260708,G,baseline_no_stop,,,,,,,False,hospital_fresh_medium_G,1.163,True,0.3,0.012235,0.2,0.012235,True,armed,False,,True,shadow,results/bo_reviewer_packet/temporal_stop_head/22_temporal_stop_head_model.pt,0.105,0.0,False,0.5,,,1.1696,False,,,False
normcmp_G_baseline_20260708_153849,705,21.466668,1783521539.384305,0.159638,0.500224,0.0,3.141467,0.2,0.013052,0.199854,-0.000747,camera_link,21.466668,gnm_closed_loop,,nominal,,True,ok,third_party/visualnav-transformer/model_weights/gnm/gnm.pth,12.81,0.3,0.0131,0.9534,0.0124,4.69,,,gnm_closed_loop,0.2,0.013052,normalized_stop_ab_20260708,G,baseline_no_stop,,,,,,,False,hospital_fresh_medium_G,1.1596,True,0.3,0.013052,0.2,0.013052,True,armed,False,,True,shadow,results/bo_reviewer_packet/temporal_stop_head/22_temporal_stop_head_model.pt,0.107,0.0,False,0.5,,,1.1596,False,,,False
normcmp_G_baseline_20260708_153849,706,21.483334,1783521539.386553,0.156314,0.500225,-0.0,3.141468,0.2,0.013052,0.199854,-0.000747,camera_link,21.483334,gnm_closed_loop,,nominal,,True,ok,third_party/visualnav-transformer/model_weights/gnm/gnm.pth,12.81,0.3,0.0131,0.9534,0.0124,4.69,,,gnm_closed_loop,0.2,0.013052,normalized_stop_ab_20260708,G,baseline_no_stop,,,,,,,False,hospital_fresh_medium_G,1.1563,True,0.3,0.013052,0.2,0.013052,True,armed,False,,True,shadow,results/bo_reviewer_packet/temporal_stop_head/22_temporal_stop_head_model.pt,0.107,0.0,False,0.5,,,1.1596,False,,,False
normcmp_G_baseline_20260708_153849,707,21.500001,1783521539.389102,0.152989,0.500225,-0.0,3.141468,0.2,0.013052,0.199854,-0.000747,camera_link,21.500001,gnm_closed_loop,,nominal,,True,ok,third_party/visualnav-transformer/model_weights/gnm/gnm.pth,12.81,0.3,0.0131,0.9534,0.0124,4.69,,,gnm_closed_loop,0.2,0.013052,normalized_stop_ab_20260708,G,baseline_no_stop,,,,,,,False,hospital_fresh_medium_G,1.153,True,0.3,0.013052,0.2,0.013052,True,armed,False,,True,shadow,results/bo_reviewer_packet/temporal_stop_head/22_temporal_stop_head_model.pt,0.107,0.0,False,0.5,,,1.1596,False,,,False
normcmp_G_baseline_20260708_153849,708,21.516668,1783521539.416974,0.149664,0.500226,-0.0,3.141469,0.2,0.014255,0.199852,-0.000599,camera_link,21.516668,gnm_closed_loop,,nominal,,True,ok,third_party/visualnav-transformer/model_weights/gnm/gnm.pth,14.18,0.3,0.0143,0.9634,0.0137,4.6,,,gnm_closed_loop,0.2,0.014255,normalized_stop_ab_20260708,G,baseline_no_stop,,,,,,,False,hospital_fresh_medium_G,1.1497,True,0.3,0.014255,0.2,0.014255,True,armed,False,,True,shadow,results/bo_reviewer_packet/temporal_stop_head/22_temporal_stop_head_model.pt,0.115,0.0,False,0.5,,,1.1497,False,,,False
normcmp_G_baseline_20260708_153849,709,21.533334,1783521539.419565,0.14634,0.500226,0.0,3.141469,0.2,0.014255,0.199852,-0.000599,camera_link,21.533334,gnm_closed_loop,,nominal,,True,ok,third_party/visualnav-transformer/model_weights/gnm/gnm.pth,14.18,0.3,0.0143,0.9634,0.0137,4.6,,,gnm_closed_loop,0.2,0.014255,normalized_stop_ab_20260708,G,baseline_no_stop,,,,,,,False,hospital_fresh_medium_G,1.1463,True,0.3,0.014255,0.2,0.014255,True,armed,False,,True,shadow,results/bo_reviewer_packet/temporal_stop_head/22_temporal_stop_head_model.pt,0.115,0.0,False,0.5,,,1.1497,False,,,False
normcmp_G_baseline_20260708_153849,710,21.550001,1783521539.421548,0.143015,0.500226,-0.0,3.14147,0.2,0.014255,0.199852,-0.000599,camera_link,21.550001,gnm_closed_loop,,nominal,,True,ok,third_party/visualnav-transformer/model_weights/gnm/gnm.pth,14.18,0.3,0.0143,0.9634,0.0137,4.6,,,gnm_closed_loop,0.2,0.014255,normalized_stop_ab_20260708,G,baseline_no_stop,,,,,,,False,hospital_fresh_medium_G,1.143,True,0.3,0.014255,0.2,0.014255,True,armed,False,,True,shadow,results/bo_reviewer_packet/temporal_stop_head/22_temporal_stop_head_model.pt,0.115,0.0,False,0.5,,,1.1497,False,,,False
normcmp_G_baseline_20260708_153849,711,21.566668,1783521539.448806,0.139691,0.500227,-0.0,3.14147,0.2,0.014599,0.199851,-0.000981,camera_link,21.566668,gnm_closed_loop,,nominal,,True,ok,third_party/visualnav-transformer/model_weights/gnm/gnm.pth,14.22,0.3,0.0146,0.9747,0.0142,4.47,,,gnm_closed_loop,0.2,0.014599,normalized_stop_ab_20260708,G,baseline_no_stop,,,,,,,False,hospital_fresh_medium_G,1.1397,True,0.3,0.014599,0.2,0.014599,True,armed,False,,True,shadow,results/bo_reviewer_packet/temporal_stop_head/22_temporal_stop_head_model.pt,0.11,0.0,False,0.5,,,1.1397,False,,,False
normcmp_G_baseline_20260708_153849,712,21.583334,1783521539.451218,0.136366,0.500227,0.0,3.141471,0.2,0.014599,0.199851,-0.000981,camera_link,21.583334,gnm_closed_loop,,nominal,,True,ok,third_party/visualnav-transformer/model_weights/gnm/gnm.pth,14.22,0.3,0.0146,0.9747,0.0142,4.47,,,gnm_closed_loop,0.2,0.014599,normalized_stop_ab_20260708,G,baseline_no_stop,,,,,,,False,hospital_fresh_medium_G,1.1364,True,0.3,0.014599,0.2,0.014599,True,armed,False,,True,shadow,results/bo_reviewer_packet/temporal_stop_head/22_temporal_stop_head_model.pt,0.11,0.0,False,0.5,,,1.1397,False,,,False
normcmp_G_baseline_20260708_153849,713,21.600001,1783521539.454263,0.133042,0.500228,-0.0,3.141471,0.2,0.014599,0.199851,-0.000981,camera_link,21.600001,gnm_closed_loop,,nominal,,True,ok,third_party/visualnav-transformer/model_weights/gnm/gnm.pth,14.22,0.3,0.0146,0.9747,0.0142,4.47,,,gnm_closed_loop,0.2,0.014599,normalized_stop_ab_20260708,G,baseline_no_stop,,,,,,,False,hospital_fresh_medium_G,1.133,True,0.3,0.014599,0.2,0.014599,True,armed,False,,True,shadow,results/bo_reviewer_packet/temporal_stop_head/22_temporal_stop_head_model.pt,0.11,0.0,False,0.5,,,1.1397,False,,,False
normcmp_G_baseline_20260708_153849,714,21.616668,1783521539.482389,0.129717,0.500228,-0.0,3.141472,0.2,0.013868,0.199848,-0.000915,camera_link,21.616668,gnm_closed_loop,,nominal,,True,ok,third_party/visualnav-transformer/model_weights/gnm/gnm.pth,14.24,0.3,0.0139,0.9769,0.0135,4.57,,,gnm_closed_loop,0.2,0.013868,normalized_stop_ab_20260708,G,baseline_no_stop,,,,,,,False,hospital_fresh_medium_G,1.1297,True,0.3,0.013868,0.2,0.013868,True,armed,False,,True,shadow,results/bo_reviewer_packet/temporal_stop_head/22_temporal_stop_head_model.pt,0.12,0.0,False,0.5,,,1.1297,False,,,False
normcmp_G_baseline_20260708_153849,715,21.633334,1783521539.48461,0.126392,0.500229,-0.0,3.141472,0.2,0.013868,0.199848,-0.000915,camera_link,21.633334,gnm_closed_loop,,nominal,,True,ok,third_party/visualnav-transformer/model_weights/gnm/gnm.pth,14.24,0.3,0.0139,0.9769,0.0135,4.57,,,gnm_closed_loop,0.2,0.013868,normalized_stop_ab_20260708,G,baseline_no_stop,,,,,,,False,hospital_fresh_medium_G,1.1264,True,0.3,0.013868,0.2,0.013868,True,armed,False,,True,shadow,results/bo_reviewer_packet/temporal_stop_head/22_temporal_stop_head_model.pt,0.12,0.0,False,0.5,,,1.1297,False,,,False
normcmp_G_baseline_20260708_153849,716,21.650001,1783521539.486998,0.123067,0.500229,0.0,3.141473,0.2,0.013868,0.199848,-0.000915,camera_link,21.650001,gnm_closed_loop,,nominal,,True,ok,third_party/visualnav-transformer/model_weights/gnm/gnm.pth,14.24,0.3,0.0139,0.9769,0.0135,4.57,,,gnm_closed_loop,0.2,0.013868,normalized_stop_ab_20260708,G,baseline_no_stop,,,,,,,False,hospital_fresh_medium_G,1.1231,True,0.3,0.013868,0.2,0.013868,True,armed,False,,True,shadow,results/bo_reviewer_packet/temporal_stop_head/22_temporal_stop_head_model.pt,0.12,0.0,False,0.5,,,1.1297,False,,,False
normcmp_G_baseline_20260708_153849,717,21.666668,1783521539.510724,0.119743,0.500229,-0.0,3.141474,0.2,0.013897,0.199846,-0.000605,camera_link,21.666668,gnm_closed_loop,,nominal,,True,ok,third_party/visualnav-transformer/model_weights/gnm/gnm.pth,12.92,0.3,0.0139,0.978,0.0136,4.59,,,gnm_closed_loop,0.2,0.013897,normalized_stop_ab_20260708,G,baseline_no_stop,,,,,,,False,hospital_fresh_medium_G,1.1197,True,0.3,0.013897,0.2,0.013897,True,armed,False,,True,shadow,results/bo_reviewer_packet/temporal_stop_head/22_temporal_stop_head_model.pt,0.128,0.0,False,0.5,,,1.1197,False,,,False
normcmp_G_baseline_20260708_153849,718,21.683334,1783521539.513333,0.116418,0.50023,0.0,3.141474,0.2,0.013897,0.199846,-0.000605,camera_link,21.683334,gnm_closed_loop,,nominal,,True,ok,third_party/visualnav-transformer/model_weights/gnm/gnm.pth,12.92,0.3,0.0139,0.978,0.0136,4.59,,,gnm_closed_loop,0.2,0.013897,normalized_stop_ab_20260708,G,baseline_no_stop,,,,,,,False,hospital_fresh_medium_G,1.1164,True,0.3,0.013897,0.2,0.013897,True,armed,False,,True,shadow,results/bo_reviewer_packet/temporal_stop_head/22_temporal_stop_head_model.pt,0.128,0.0,False,0.5,,,1.1197,False,,,False
normcmp_G_baseline_20260708_153849,719,21.700001,1783521539.516557,0.113093,0.50023,-0.0,3.141475,0.2,0.013897,0.199846,-0.000605,camera_link,21.700001,gnm_closed_loop,,nominal,,True,ok,third_party/visualnav-transformer/model_weights/gnm/gnm.pth,12.92,0.3,0.0139,0.978,0.0136,4.59,,,gnm_closed_loop,0.2,0.013897,normalized_stop_ab_20260708,G,baseline_no_stop,,,,,,,False,hospital_fresh_medium_G,1.1131,True,0.3,0.013897,0.2,0.013897,True,armed,False,,True,shadow,results/bo_reviewer_packet/temporal_stop_head/22_temporal_stop_head_model.pt,0.128,0.0,False,0.5,,,1.1197,False,,,False
normcmp_G_baseline_20260708_153849,720,21.716668,1783521539.541407,0.109768,0.500231,0.0,3.141475,0.2,0.013884,0.199851,-0.001204,camera_link,21.716668,gnm_closed_loop,,nominal,,True,ok,third_party/visualnav-transformer/model_weights/gnm/gnm.pth,13.06,0.3,0.0139,0.9766,0.0136,4.63,,,gnm_closed_loop,0.2,0.013884,normalized_stop_ab_20260708,G,baseline_no_stop,,,,,,,False,hospital_fresh_medium_G,1.1098,True,0.3,0.013884,0.2,0.013884,True,armed,False,,True,shadow,results/bo_reviewer_packet/temporal_stop_head/22_temporal_stop_head_model.pt,0.109,0.0,False,0.5,,,1.1098,False,,,False
normcmp_G_baseline_20260708_153849,721,21.733334,1783521539.543754,0.106444,0.500231,-0.0,3.141476,0.2,0.013884,0.199851,-0.001204,camera_link,21.733334,gnm_closed_loop,,nominal,,True,ok,third_party/visualnav-transformer/model_weights/gnm/gnm.pth,13.06,0.3,0.0139,0.9766,0.0136,4.63,,,gnm_closed_loop,0.2,0.013884,normalized_stop_ab_20260708,G,baseline_no_stop,,,,,,,False,hospital_fresh_medium_G,1.1064,True,0.3,0.013884,0.2,0.013884,True,armed,False,,True,shadow,results/bo_reviewer_packet/temporal_stop_head/22_temporal_stop_head_model.pt,0.109,0.0,False,0.5,,,1.1098,False,,,False
normcmp_G_baseline_20260708_153849,722,21.750001,1783521539.545763,0.103119,0.500232,0.0,3.141477,0.2,0.013884,0.199851,-0.001204,camera_link,21.750001,gnm_closed_loop,,nominal,,True,ok,third_party/visualnav-transformer/model_weights/gnm/gnm.pth,13.06,0.3,0.0139,0.9766,0.0136,4.63,,,gnm_closed_loop,0.2,0.013884,normalized_stop_ab_20260708,G,baseline_no_stop,,,,,,,False,hospital_fresh_medium_G,1.1031,True,0.3,0.013884,0.2,0.013884,True,armed,False,,True,shadow,results/bo_reviewer_packet/temporal_stop_head/22_temporal_stop_head_model.pt,0.109,0.0,False,0.5,,,1.1098,False,,,False
normcmp_G_baseline_20260708_153849,723,21.766668,1783521539.570673,0.099794,0.500232,-0.0,3.141477,0.2,0.013116,0.199856,-0.000762,camera_link,21.766668,gnm_closed_loop,,nominal,,True,ok,third_party/visualnav-transformer/model_weights/gnm/gnm.pth,12.95,0.3,0.0131,0.9748,0.0128,4.69,,,gnm_closed_loop,0.2,0.013116,normalized_stop_ab_20260708,G,baseline_no_stop,,,,,,,False,hospital_fresh_medium_G,1.0998,True,0.3,0.013116,0.2,0.013116,True,armed,False,,True,shadow,results/bo_reviewer_packet/temporal_stop_head/22_temporal_stop_head_model.pt,0.111,0.0,False,0.5,,,1.0998,False,,,False
normcmp_G_baseline_20260708_153849,724,21.783334,1783521539.572891,0.096469,0.500233,0.0,3.141478,0.2,0.013116,0.199856,-0.000762,camera_link,21.783334,gnm_closed_loop,,nominal,,True,ok,third_party/visualnav-transformer/model_weights/gnm/gnm.pth,12.95,0.3,0.0131,0.9748,0.0128,4.69,,,gnm_closed_loop,0.2,0.013116,normalized_stop_ab_20260708,G,baseline_no_stop,,,,,,,False,hospital_fresh_medium_G,1.0965,True,0.3,0.013116,0.2,0.013116,True,armed,False,,True,shadow,results/bo_reviewer_packet/temporal_stop_head/22_temporal_stop_head_model.pt,0.111,0.0,False,0.5,,,1.0998,False,,,False
normcmp_G_baseline_20260708_153849,725,21.800001,1783521539.574715,0.093145,0.500233,-0.0,3.141478,0.2,0.013116,0.199856,-0.000762,camera_link,21.800001,gnm_closed_loop,,nominal,,True,ok,third_party/visualnav-transformer/model_weights/gnm/gnm.pth,12.95,0.3,0.0131,0.9748,0.0128,4.69,,,gnm_closed_loop,0.2,0.013116,normalized_stop_ab_20260708,G,baseline_no_stop,,,,,,,False,hospital_fresh_medium_G,1.0931,True,0.3,0.013116,0.2,0.013116,True,armed,False,,True,shadow,results/bo_reviewer_packet/temporal_stop_head/22_temporal_stop_head_model.pt,0.111,0.0,False,0.5,,,1.0998,False,,,False
normcmp_G_baseline_20260708_153849,726,21.816668,1783521539.598693,0.08982,0.500234,0.0,3.141479,0.2,0.012602,0.199848,-0.000349,camera_link,21.816668,gnm_closed_loop,,nominal,,True,ok,third_party/visualnav-transformer/model_weights/gnm/gnm.pth,13.31,0.3,0.0126,0.9646,0.0122,4.83,,,gnm_closed_loop,0.2,0.012602,normalized_stop_ab_20260708,G,baseline_no_stop,,,,,,,False,hospital_fresh_medium_G,1.0898,True,0.3,0.012602,0.2,0.012602,True,armed,False,,True,shadow,results/bo_reviewer_packet/temporal_stop_head/22_temporal_stop_head_model.pt,0.11,0.0,False,0.5,,,1.0898,False,,,False
normcmp_G_baseline_20260708_153849,727,21.833334,1783521539.600912,0.086495,0.500234,-0.0,3.141479,0.2,0.012602,0.199848,-0.000349,camera_link,21.833334,gnm_closed_loop,,nominal,,True,ok,third_party/visualnav-transformer/model_weights/gnm/gnm.pth,13.31,0.3,0.0126,0.9646,0.0122,4.83,,,gnm_closed_loop,0.2,0.012602,normalized_stop_ab_20260708,G,baseline_no_stop,,,,,,,False,hospital_fresh_medium_G,1.0865,True,0.3,0.012602,0.2,0.012602,True,armed,False,,True,shadow,results/bo_reviewer_packet/temporal_stop_head/22_temporal_stop_head_model.pt,0.11,0.0,False,0.5,,,1.0898,False,,,False
normcmp_G_baseline_20260708_153849,728,21.850001,1783521539.603126,0.08317,0.500234,0.0,3.141479,0.2,0.012602,0.199848,-0.000349,camera_link,21.850001,gnm_closed_loop,,nominal,,True,ok,third_party/visualnav-transformer/model_weights/gnm/gnm.pth,13.31,0.3,0.0126,0.9646,0.0122,4.83,,,gnm_closed_loop,0.2,0.012602,normalized_stop_ab_20260708,G,baseline_no_stop,,,,,,,False,hospital_fresh_medium_G,1.0832,True,0.3,0.012602,0.2,0.012602,True,armed,False,,True,shadow,results/bo_reviewer_packet/temporal_stop_head/22_temporal_stop_head_model.pt,0.11,0.0,False,0.5,,,1.0898,False,,,False
normcmp_G_baseline_20260708_153849,729,21.866668,1783521539.627464,0.079845,0.500235,-0.0,3.14148,0.2,0.013005,0.199853,-0.000614,camera_link,21.866668,gnm_closed_loop,,nominal,,True,ok,third_party/visualnav-transformer/model_weights/gnm/gnm.pth,13.24,0.3,0.013,0.954,0.0124,4.88,,,gnm_closed_loop,0.2,0.013005,normalized_stop_ab_20260708,G,baseline_no_stop,,,,,,,False,hospital_fresh_medium_G,1.0798,True,0.3,0.013005,0.2,0.013005,True,armed,False,,True,shadow,results/bo_reviewer_packet/temporal_stop_head/22_temporal_stop_head_model.pt,0.108,0.0,False,0.5,,,1.0798,False,,,False
normcmp_G_baseline_20260708_153849,730,21.883334,1783521539.629733,0.076521,0.500235,0.0,3.141481,0.2,0.013005,0.199853,-0.000614,camera_link,21.883334,gnm_closed_loop,,nominal,,True,ok,third_party/visualnav-transformer/model_weights/gnm/gnm.pth,13.24,0.3,0.013,0.954,0.0124,4.88,,,gnm_closed_loop,0.2,0.013005,normalized_stop_ab_20260708,G,baseline_no_stop,,,,,,,False,hospital_fresh_medium_G,1.0765,True,0.3,0.013005,0.2,0.013005,True,armed,False,,True,shadow,results/bo_reviewer_packet/temporal_stop_head/22_temporal_stop_head_model.pt,0.108,0.0,False,0.5,,,1.0798,False,,,False
normcmp_G_baseline_20260708_153849,731,21.900001,1783521539.631562,0.073196,0.500236,-0.0,3.141481,0.2,0.013005,0.199853,-0.000614,camera_link,21.900001,gnm_closed_loop,,nominal,,True,ok,third_party/visualnav-transformer/model_weights/gnm/gnm.pth,13.24,0.3,0.013,0.954,0.0124,4.88,,,gnm_closed_loop,0.2,0.013005,normalized_stop_ab_20260708,G,baseline_no_stop,,,,,,,False,hospital_fresh_medium_G,1.0732,True,0.3,0.013005,0.2,0.013005,True,armed,False,,True,shadow,results/bo_reviewer_packet/temporal_stop_head/22_temporal_stop_head_model.pt,0.108,0.0,False,0.5,,,1.0798,False,,,False
normcmp_G_baseline_20260708_153849,732,21.916668,1783521539.65522,0.069871,0.500236,0.0,3.141481,0.2,0.013884,0.199856,-8.7e-05,camera_link,21.916668,gnm_closed_loop,,nominal,,True,ok,third_party/visualnav-transformer/model_weights/gnm/gnm.pth,12.86,0.3,0.0139,0.9449,0.0131,4.92,,,gnm_closed_loop,0.2,0.013884,normalized_stop_ab_20260708,G,baseline_no_stop,,,,,,,False,hospital_fresh_medium_G,1.0699,True,0.3,0.013884,0.2,0.013884,True,armed,False,,True,shadow,results/bo_reviewer_packet/temporal_stop_head/22_temporal_stop_head_model.pt,0.107,0.0,False,0.5,,,1.0699,False,,,False
normcmp_G_baseline_20260708_153849,733,21.933334,1783521539.657403,0.066546,0.500237,-0.0,3.141482,0.2,0.013884,0.199856,-8.7e-05,camera_link,21.933334,gnm_closed_loop,,nominal,,True,ok,third_party/visualnav-transformer/model_weights/gnm/gnm.pth,12.86,0.3,0.0139,0.9449,0.0131,4.92,,,gnm_closed_loop,0.2,0.013884,normalized_stop_ab_20260708,G,baseline_no_stop,,,,,,,False,hospital_fresh_medium_G,1.0665,True,0.3,0.013884,0.2,0.013884,True,armed,False,,True,shadow,results/bo_reviewer_packet/temporal_stop_head/22_temporal_stop_head_model.pt,0.107,0.0,False,0.5,,,1.0699,False,,,False
normcmp_G_baseline_20260708_153849,734,21.950001,1783521539.660442,0.063221,0.500237,0.0,3.141482,0.2,0.013884,0.199856,-8.7e-05,camera_link,21.950001,gnm_closed_loop,,nominal,,True,ok,third_party/visualnav-transformer/model_weights/gnm/gnm.pth,12.86,0.3,0.0139,0.9449,0.0131,4.92,,,gnm_closed_loop,0.2,0.013884,normalized_stop_ab_20260708,G,baseline_no_stop,,,,,,,False,hospital_fresh_medium_G,1.0632,True,0.3,0.013884,0.2,0.013884,True,armed,False,,True,shadow,results/bo_reviewer_packet/temporal_stop_head/22_temporal_stop_head_model.pt,0.107,0.0,False,0.5,,,1.0699,False,,,False
normcmp_G_baseline_20260708_153849,735,21.966668,1783521539.694006,0.059897,0.500238,-0.0,3.141483,0.2,0.014656,0.199857,-0.000525,camera_link,21.966668,gnm_closed_loop,,nominal,,True,ok,third_party/visualnav-transformer/model_weights/gnm/gnm.pth,20.96,0.3,0.0147,0.93,0.0136,5.02,,,gnm_closed_loop,0.2,0.014656,normalized_stop_ab_20260708,G,baseline_no_stop,,,,,,,False,hospital_fresh_medium_G,1.0599,True,0.3,0.014656,0.2,0.014656,True,armed,False,,True,shadow,results/bo_reviewer_packet/temporal_stop_head/22_temporal_stop_head_model.pt,0.11,0.0,False,0.5,,,1.0599,False,,,False
normcmp_G_baseline_20260708_153849,736,21.983334,1783521539.696577,0.056572,0.500238,0.0,3.141483,0.2,0.014656,0.199857,-0.000525,camera_link,21.983334,gnm_closed_loop,,nominal,,True,ok,third_party/visualnav-transformer/model_weights/gnm/gnm.pth,20.96,0.3,0.0147,0.93,0.0136,5.02,,,gnm_closed_loop,0.2,0.014656,normalized_stop_ab_20260708,G,baseline_no_stop,,,,,,,False,hospital_fresh_medium_G,1.0566,True,0.3,0.014656,0.2,0.014656,True,armed,False,,True,shadow,results/bo_reviewer_packet/temporal_stop_head/22_temporal_stop_head_model.pt,0.11,0.0,False,0.5,,,1.0599,False,,,False
normcmp_G_baseline_20260708_153849,737,22.000001,1783521539.699083,0.053247,0.500238,-0.0,3.141484,0.2,0.014656,0.199857,-0.000525,camera_link,22.000001,gnm_closed_loop,,nominal,,True,ok,third_party/visualnav-transformer/model_weights/gnm/gnm.pth,20.96,0.3,0.0147,0.93,0.0136,5.02,,,gnm_closed_loop,0.2,0.014656,normalized_stop_ab_20260708,G,baseline_no_stop,,,,,,,False,hospital_fresh_medium_G,1.0532,True,0.3,0.014656,0.2,0.014656,True,armed,False,,True,shadow,results/bo_reviewer_packet/temporal_stop_head/22_temporal_stop_head_model.pt,0.11,0.0,False,0.5,,,1.0599,False,,,False
normcmp_G_baseline_20260708_153849,738,22.016668,1783521539.724707,0.049922,0.500239,0.0,3.141484,0.2,0.015489,0.199856,-0.000564,camera_link,22.016668,gnm_closed_loop,,nominal,,True,ok,third_party/visualnav-transformer/model_weights/gnm/gnm.pth,13.42,0.3,0.0155,0.9119,0.0141,5.12,,,gnm_closed_loop,0.2,0.015489,normalized_stop_ab_20260708,G,baseline_no_stop,,,,,,,False,hospital_fresh_medium_G,1.0499,True,0.3,0.015489,0.2,0.015489,True,armed,False,,True,shadow,results/bo_reviewer_packet/temporal_stop_head/22_temporal_stop_head_model.pt,0.12,0.0,False,0.5,,,1.0499,False,,,False
normcmp_G_baseline_20260708_153849,739,22.033334,1783521539.727192,0.046598,0.500239,-0.0,3.141485,0.2,0.015489,0.199856,-0.000564,camera_link,22.033334,gnm_closed_loop,,nominal,,True,ok,third_party/visualnav-transformer/model_weights/gnm/gnm.pth,13.42,0.3,0.0155,0.9119,0.0141,5.12,,,gnm_closed_loop,0.2,0.015489,normalized_stop_ab_20260708,G,baseline_no_stop,,,,,,,False,hospital_fresh_medium_G,1.0466,True,0.3,0.015489,0.2,0.015489,True,armed,False,,True,shadow,results/bo_reviewer_packet/temporal_stop_head/22_temporal_stop_head_model.pt,0.12,0.0,False,0.5,,,1.0499,False,,,False
normcmp_G_baseline_20260708_153849,740,22.050001,1783521539.729112,0.043273,0.50024,-0.0,3.141486,0.2,0.015489,0.199856,-0.000564,camera_link,22.050001,gnm_closed_loop,,nominal,,True,ok,third_party/visualnav-transformer/model_weights/gnm/gnm.pth,13.42,0.3,0.0155,0.9119,0.0141,5.12,,,gnm_closed_loop,0.2,0.015489,normalized_stop_ab_20260708,G,baseline_no_stop,,,,,,,False,hospital_fresh_medium_G,1.0433,True,0.3,0.015489,0.2,0.015489,True,armed,False,,True,shadow,results/bo_reviewer_packet/temporal_stop_head/22_temporal_stop_head_model.pt,0.12,0.0,False,0.5,,,1.0499,False,,,False
normcmp_G_baseline_20260708_153849,741,22.066668,1783521539.753249,0.039948,0.50024,-0.0,3.141487,0.2,0.016859,0.199869,-0.000773,camera_link,22.066668,gnm_closed_loop,,nominal,,True,ok,third_party/visualnav-transformer/model_weights/gnm/gnm.pth,12.86,0.3,0.0169,0.8966,0.0151,5.16,,,gnm_closed_loop,0.2,0.016859,normalized_stop_ab_20260708,G,baseline_no_stop,,,,,,,False,hospital_fresh_medium_G,1.0399,True,0.3,0.016859,0.2,0.016859,True,armed,False,,True,shadow,results/bo_reviewer_packet/temporal_stop_head/22_temporal_stop_head_model.pt,0.109,0.0,False,0.5,,,1.0399,False,,,False
normcmp_G_baseline_20260708_153849,742,22.083334,1783521539.755579,0.036623,0.500241,0.0,3.141487,0.2,0.016859,0.199869,-0.000773,camera_link,22.083334,gnm_closed_loop,,nominal,,True,ok,third_party/visualnav-transformer/model_weights/gnm/gnm.pth,12.86,0.3,0.0169,0.8966,0.0151,5.16,,,gnm_closed_loop,0.2,0.016859,normalized_stop_ab_20260708,G,baseline_no_stop,,,,,,,False,hospital_fresh_medium_G,1.0366,True,0.3,0.016859,0.2,0.016859,True,armed,False,,True,shadow,results/bo_reviewer_packet/temporal_stop_head/22_temporal_stop_head_model.pt,0.109,0.0,False,0.5,,,1.0399,False,,,False
normcmp_G_baseline_20260708_153849,743,22.100001,1783521539.757476,0.033298,0.500241,-0.0,3.141488,0.2,0.016859,0.199869,-0.000773,camera_link,22.100001,gnm_closed_loop,,nominal,,True,ok,third_party/visualnav-transformer/model_weights/gnm/gnm.pth,12.86,0.3,0.0169,0.8966,0.0151,5.16,,,gnm_closed_loop,0.2,0.016859,normalized_stop_ab_20260708,G,baseline_no_stop,,,,,,,False,hospital_fresh_medium_G,1.0333,True,0.3,0.016859,0.2,0.016859,True,armed,False,,True,shadow,results/bo_reviewer_packet/temporal_stop_head/22_temporal_stop_head_model.pt,0.109,0.0,False,0.5,,,1.0399,False,,,False
normcmp_G_baseline_20260708_153849,744,22.116668,1783521539.78175,0.029974,0.500242,0.0,3.141488,0.2,0.018021,0.199857,-0.000869,camera_link,22.116668,gnm_closed_loop,,nominal,,True,ok,third_party/visualnav-transformer/model_weights/gnm/gnm.pth,12.83,0.3,0.018,0.8834,0.0159,5.23,,,gnm_closed_loop,0.2,0.018021,normalized_stop_ab_20260708,G,baseline_no_stop,,,,,,,False,hospital_fresh_medium_G,1.03,True,0.3,0.018021,0.2,0.018021,True,armed,False,,True,shadow,results/bo_reviewer_packet/temporal_stop_head/22_temporal_stop_head_model.pt,0.126,0.0,False,0.5,,,1.03,False,,,False
normcmp_G_baseline_20260708_153849,745,22.133334,1783521539.783824,0.026649,0.500242,-0.0,3.141489,0.2,0.018021,0.199857,-0.000869,camera_link,22.133334,gnm_closed_loop,,nominal,,True,ok,third_party/visualnav-transformer/model_weights/gnm/gnm.pth,12.83,0.3,0.018,0.8834,0.0159,5.23,,,gnm_closed_loop,0.2,0.018021,normalized_stop_ab_20260708,G,baseline_no_stop,,,,,,,False,hospital_fresh_medium_G,1.0266,True,0.3,0.018021,0.2,0.018021,True,armed,False,,True,shadow,results/bo_reviewer_packet/temporal_stop_head/22_temporal_stop_head_model.pt,0.126,0.0,False,0.5,,,1.03,False,,,False
normcmp_G_baseline_20260708_153849,746,22.150001,1783521539.785658,0.023324,0.500243,0.0,3.141489,0.2,0.018021,0.199857,-0.000869,camera_link,22.150001,gnm_closed_loop,,nominal,,True,ok,third_party/visualnav-transformer/model_weights/gnm/gnm.pth,12.83,0.3,0.018,0.8834,0.0159,5.23,,,gnm_closed_loop,0.2,0.018021,normalized_stop_ab_20260708,G,baseline_no_stop,,,,,,,False,hospital_fresh_medium_G,1.0233,True,0.3,0.018021,0.2,0.018021,True,armed,False,,True,shadow,results/bo_reviewer_packet/temporal_stop_head/22_temporal_stop_head_model.pt,0.126,0.0,False,0.5,,,1.03,False,,,False
normcmp_G_baseline_20260708_153849,747,22.166668,1783521539.809742,0.019999,0.500243,-0.0,3.14149,0.2,0.020368,0.199853,-0.00103,camera_link,22.166668,gnm_closed_loop,,nominal,,True,ok,third_party/visualnav-transformer/model_weights/gnm/gnm.pth,12.82,0.3,0.0204,0.8673,0.0177,5.25,,,gnm_closed_loop,0.2,0.020368,normalized_stop_ab_20260708,G,baseline_no_stop,,,,,,,False,hospital_fresh_medium_G,1.02,True,0.3,0.020368,0.2,0.020368,True,armed,False,,True,shadow,results/bo_reviewer_packet/temporal_stop_head/22_temporal_stop_head_model.pt,0.108,0.0,False,0.5,,,1.02,False,,,False
normcmp_G_baseline_20260708_153849,748,22.183334,1783521539.811896,0.016674,0.500243,-0.0,3.141491,0.2,0.020368,0.199853,-0.00103,camera_link,22.183334,gnm_closed_loop,,nominal,,True,ok,third_party/visualnav-transformer/model_weights/gnm/gnm.pth,12.82,0.3,0.0204,0.8673,0.0177,5.25,,,gnm_closed_loop,0.2,0.020368,normalized_stop_ab_20260708,G,baseline_no_stop,,,,,,,False,hospital_fresh_medium_G,1.0167,True,0.3,0.020368,0.2,0.020368,True,armed,False,,True,shadow,results/bo_reviewer_packet/temporal_stop_head/22_temporal_stop_head_model.pt,0.108,0.0,False,0.5,,,1.02,False,,,False
normcmp_G_baseline_20260708_153849,749,22.200001,1783521539.813744,0.01335,0.500244,0.0,3.141491,0.2,0.020368,0.199853,-0.00103,camera_link,22.200001,gnm_closed_loop,,nominal,,True,ok,third_party/visualnav-transformer/model_weights/gnm/gnm.pth,12.82,0.3,0.0204,0.8673,0.0177,5.25,,,gnm_closed_loop,0.2,0.020368,normalized_stop_ab_20260708,G,baseline_no_stop,,,,,,,False,hospital_fresh_medium_G,1.0133,True,0.3,0.020368,0.2,0.020368,True,armed,False,,True,shadow,results/bo_reviewer_packet/temporal_stop_head/22_temporal_stop_head_model.pt,0.108,0.0,False,0.5,,,1.02,False,,,False
normcmp_G_baseline_20260708_153849,750,22.216668,1783521539.839761,0.010025,0.500244,0.0,3.141492,0.2,0.020868,0.19985,-0.001118,camera_link,22.216668,gnm_closed_loop,,nominal,,True,ok,third_party/visualnav-transformer/model_weights/gnm/gnm.pth,14.45,0.3,0.0209,0.8555,0.0179,5.35,,,gnm_closed_loop,0.2,0.020868,normalized_stop_ab_20260708,G,baseline_no_stop,,,,,,,False,hospital_fresh_medium_G,1.01,True,0.3,0.020868,0.2,0.020868,True,armed,False,,True,shadow,results/bo_reviewer_packet/temporal_stop_head/22_temporal_stop_head_model.pt,0.148,0.0,False,0.5,,,1.01,False,,,False
normcmp_G_baseline_20260708_153849,751,22.233334,1783521539.842479,0.0067,0.500244,0.0,3.141493,0.2,0.020868,0.19985,-0.001118,camera_link,22.233334,gnm_closed_loop,,nominal,,True,ok,third_party/visualnav-transformer/model_weights/gnm/gnm.pth,14.45,0.3,0.0209,0.8555,0.0179,5.35,,,gnm_closed_loop,0.2,0.020868,normalized_stop_ab_20260708,G,baseline_no_stop,,,,,,,False,hospital_fresh_medium_G,1.0067,True,0.3,0.020868,0.2,0.020868,True,armed,False,,True,shadow,results/bo_reviewer_packet/temporal_stop_head/22_temporal_stop_head_model.pt,0.148,0.0,False,0.5,,,1.01,False,,,False
normcmp_G_baseline_20260708_153849,752,22.250001,1783521539.844826,0.003375,0.500245,0.0,3.141494,0.2,0.020868,0.19985,-0.001118,camera_link,22.250001,gnm_closed_loop,,nominal,,True,ok,third_party/visualnav-transformer/model_weights/gnm/gnm.pth,14.45,0.3,0.0209,0.8555,0.0179,5.35,,,gnm_closed_loop,0.2,0.020868,normalized_stop_ab_20260708,G,baseline_no_stop,,,,,,,False,hospital_fresh_medium_G,1.0034,True,0.3,0.020868,0.2,0.020868,True,armed,False,,True,shadow,results/bo_reviewer_packet/temporal_stop_head/22_temporal_stop_head_model.pt,0.148,0.0,False,0.5,,,1.01,False,,,False
normcmp_G_baseline_20260708_153849,753,22.266668,1783521539.877405,5e-05,0.500245,0.0,3.141495,0.2,0.02159,0.199871,-0.00106,camera_link,22.266668,gnm_closed_loop,,nominal,,True,ok,third_party/visualnav-transformer/model_weights/gnm/gnm.pth,16.52,0.3,0.0216,0.8449,0.0182,5.39,,,gnm_closed_loop,0.2,0.02159,normalized_stop_ab_20260708,G,baseline_no_stop,,,,,,,False,hospital_fresh_medium_G,1.0001,True,0.3,0.02159,0.2,0.02159,True,armed,False,,True,shadow,results/bo_reviewer_packet/temporal_stop_head/22_temporal_stop_head_model.pt,0.126,0.0,False,0.5,,,1.0001,False,,,False
normcmp_G_baseline_20260708_153849,754,22.283334,1783521539.879854,-0.003275,0.500246,0.0,3.141495,0.2,0.02159,0.199871,-0.00106,camera_link,22.283334,gnm_closed_loop,,nominal,,True,ok,third_party/visualnav-transformer/model_weights/gnm/gnm.pth,16.52,0.3,0.0216,0.8449,0.0182,5.39,,,gnm_closed_loop,0.2,0.02159,normalized_stop_ab_20260708,G,baseline_no_stop,,,,,,,False,hospital_fresh_medium_G,0.9967,True,0.3,0.02159,0.2,0.02159,True,armed,False,,True,shadow,results/bo_reviewer_packet/temporal_stop_head/22_temporal_stop_head_model.pt,0.126,0.0,False,0.5,,,1.0001,False,,,False
normcmp_G_baseline_20260708_153849,755,22.300001,1783521539.881871,-0.006599,0.500246,0.0,3.141496,0.2,0.02159,0.199871,-0.00106,camera_link,22.300001,gnm_closed_loop,,nominal,,True,ok,third_party/visualnav-transformer/model_weights/gnm/gnm.pth,16.52,0.3,0.0216,0.8449,0.0182,5.39,,,gnm_closed_loop,0.2,0.02159,normalized_stop_ab_20260708,G,baseline_no_stop,,,,,,,False,hospital_fresh_medium_G,0.9934,True,0.3,0.02159,0.2,0.02159,True,armed,False,,True,shadow,results/bo_reviewer_packet/temporal_stop_head/22_temporal_stop_head_model.pt,0.126,0.0,False,0.5,,,1.0001,False,,,False
normcmp_G_baseline_20260708_153849,756,22.316668,1783521539.90503,-0.009924,0.500246,0.0,3.141497,0.2,0.021469,0.199858,-0.001364,camera_link,22.316668,gnm_closed_loop,,nominal,,True,ok,third_party/visualnav-transformer/model_weights/gnm/gnm.pth,13.36,0.3,0.0215,0.8398,0.018,5.37,,,gnm_closed_loop,0.2,0.021469,normalized_stop_ab_20260708,G,baseline_no_stop,,,,,,,False,hospital_fresh_medium_G,0.9901,True,0.3,0.021469,0.2,0.021469,True,armed,False,,True,shadow,results/bo_reviewer_packet/temporal_stop_head/22_temporal_stop_head_model.pt,0.12,0.0,False,0.5,,,0.9901,False,,,False
normcmp_G_baseline_20260708_153849,757,22.333334,1783521539.907989,-0.013249,0.500246,0.0,3.141498,0.2,0.021469,0.199858,-0.001364,camera_link,22.333334,gnm_closed_loop,,nominal,,True,ok,third_party/visualnav-transformer/model_weights/gnm/gnm.pth,13.36,0.3,0.0215,0.8398,0.018,5.37,,,gnm_closed_loop,0.2,0.021469,normalized_stop_ab_20260708,G,baseline_no_stop,,,,,,,False,hospital_fresh_medium_G,0.9868,True,0.3,0.021469,0.2,0.021469,True,armed,False,,True,shadow,results/bo_reviewer_packet/temporal_stop_head/22_temporal_stop_head_model.pt,0.12,0.0,False,0.5,,,0.9901,False,,,False
normcmp_G_baseline_20260708_153849,758,22.350001,1783521539.909878,-0.016574,0.500247,0.0,3.141499,0.2,0.021469,0.199858,-0.001364,camera_link,22.350001,gnm_closed_loop,,nominal,,True,ok,third_party/visualnav-transformer/model_weights/gnm/gnm.pth,13.36,0.3,0.0215,0.8398,0.018,5.37,,,gnm_closed_loop,0.2,0.021469,normalized_stop_ab_20260708,G,baseline_no_stop,,,,,,,False,hospital_fresh_medium_G,0.9834,True,0.3,0.021469,0.2,0.021469,True,armed,False,,True,shadow,results/bo_reviewer_packet/temporal_stop_head/22_temporal_stop_head_model.pt,0.12,0.0,False,0.5,,,0.9901,False,,,False
normcmp_G_baseline_20260708_153849,759,22.366668,1783521539.94093,-0.019898,0.500247,0.0,3.141499,0.2,0.020807,0.19985,-0.001079,camera_link,22.366668,gnm_closed_loop,,nominal,,True,ok,third_party/visualnav-transformer/model_weights/gnm/gnm.pth,18.48,0.3,0.0208,0.8417,0.0175,5.36,,,gnm_closed_loop,0.2,0.020807,normalized_stop_ab_20260708,G,baseline_no_stop,,,,,,,False,hospital_fresh_medium_G,0.9801,True,0.3,0.020807,0.2,0.020807,True,armed,False,,True,shadow,results/bo_reviewer_packet/temporal_stop_head/22_temporal_stop_head_model.pt,0.122,0.0,False,0.5,,,0.9801,False,,,False
normcmp_G_baseline_20260708_153849,760,22.383335,1783521539.943388,-0.023224,0.500248,0.0,3.1415,0.2,0.020807,0.19985,-0.001079,camera_link,22.383335,gnm_closed_loop,,nominal,,True,ok,third_party/visualnav-transformer/model_weights/gnm/gnm.pth,18.48,0.3,0.0208,0.8417,0.0175,5.36,,,gnm_closed_loop,0.2,0.020807,normalized_stop_ab_20260708,G,baseline_no_stop,,,,,,,False,hospital_fresh_medium_G,0.9768,True,0.3,0.020807,0.2,0.020807,True,armed,False,,True,shadow,results/bo_reviewer_packet/temporal_stop_head/22_temporal_stop_head_model.pt,0.122,0.0,False,0.5,,,0.9801,False,,,False
normcmp_G_baseline_20260708_153849,761,22.400001,1783521539.945533,-0.026548,0.500248,0.0,3.141501,0.2,0.020807,0.19985,-0.001079,camera_link,22.400001,gnm_closed_loop,,nominal,,True,ok,third_party/visualnav-transformer/model_weights/gnm/gnm.pth,18.48,0.3,0.0208,0.8417,0.0175,5.36,,,gnm_closed_loop,0.2,0.020807,normalized_stop_ab_20260708,G,baseline_no_stop,,,,,,,False,hospital_fresh_medium_G,0.9735,True,0.3,0.020807,0.2,0.020807,True,armed,False,,True,shadow,results/bo_reviewer_packet/temporal_stop_head/22_temporal_stop_head_model.pt,0.122,0.0,False,0.5,,,0.9801,False,,,False
normcmp_G_baseline_20260708_153849,762,22.416668,1783521539.969965,-0.029873,0.500248,0.0,3.141502,0.2,0.020605,0.199848,-0.000709,camera_link,22.416668,gnm_closed_loop,,nominal,,True,ok,third_party/visualnav-transformer/model_weights/gnm/gnm.pth,13.33,0.3,0.0206,0.8426,0.0174,5.32,,,gnm_closed_loop,0.2,0.020605,normalized_stop_ab_20260708,G,baseline_no_stop,,,,,,,False,hospital_fresh_medium_G,0.9701,True,0.3,0.020605,0.2,0.020605,True,armed,False,,True,shadow,results/bo_reviewer_packet/temporal_stop_head/22_temporal_stop_head_model.pt,0.121,0.0,False,0.5,,,0.9701,False,,,False
normcmp_G_baseline_20260708_153849,763,22.433335,1783521539.972475,-0.033197,0.500249,0.0,3.141502,0.2,0.020605,0.199848,-0.000709,camera_link,22.433335,gnm_closed_loop,,nominal,,True,ok,third_party/visualnav-transformer/model_weights/gnm/gnm.pth,13.33,0.3,0.0206,0.8426,0.0174,5.32,,,gnm_closed_loop,0.2,0.020605,normalized_stop_ab_20260708,G,baseline_no_stop,,,,,,,False,hospital_fresh_medium_G,0.9668,True,0.3,0.020605,0.2,0.020605,True,armed,False,,True,shadow,results/bo_reviewer_packet/temporal_stop_head/22_temporal_stop_head_model.pt,0.121,0.0,False,0.5,,,0.9701,False,,,False
normcmp_G_baseline_20260708_153849,764,22.450001,1783521539.974428,-0.036522,0.500249,0.0,3.141503,0.2,0.020605,0.199848,-0.000709,camera_link,22.450001,gnm_closed_loop,,nominal,,True,ok,third_party/visualnav-transformer/model_weights/gnm/gnm.pth,13.33,0.3,0.0206,0.8426,0.0174,5.32,,,gnm_closed_loop,0.2,0.020605,normalized_stop_ab_20260708,G,baseline_no_stop,,,,,,,False,hospital_fresh_medium_G,0.9635,True,0.3,0.020605,0.2,0.020605,True,armed,False,,True,shadow,results/bo_reviewer_packet/temporal_stop_head/22_temporal_stop_head_model.pt,0.121,0.0,False,0.5,,,0.9701,False,,,False
normcmp_G_baseline_20260708_153849,765,22.466668,1783521539.999005,-0.039846,0.50025,0.0,3.141504,0.2,0.019428,0.199855,-0.001119,camera_link,22.466668,gnm_closed_loop,,nominal,,True,ok,third_party/visualnav-transformer/model_weights/gnm/gnm.pth,13.23,0.3,0.0194,0.8503,0.0165,5.32,,,gnm_closed_loop,0.2,0.019428,normalized_stop_ab_20260708,G,baseline_no_stop,,,,,,,False,hospital_fresh_medium_G,0.9602,True,0.3,0.019428,0.2,0.019428,True,armed,False,,True,shadow,results/bo_reviewer_packet/temporal_stop_head/22_temporal_stop_head_model.pt,0.127,0.0,False,0.5,,,0.9602,False,,,False
normcmp_G_baseline_20260708_153849,766,22.483335,1783521540.001373,-0.04317,0.50025,0.0,3.141505,0.2,0.019428,0.199855,-0.001119,camera_link,22.483335,gnm_closed_loop,,nominal,,True,ok,third_party/visualnav-transformer/model_weights/gnm/gnm.pth,13.23,0.3,0.0194,0.8503,0.0165,5.32,,,gnm_closed_loop,0.2,0.019428,normalized_stop_ab_20260708,G,baseline_no_stop,,,,,,,False,hospital_fresh_medium_G,0.9568,True,0.3,0.019428,0.2,0.019428,True,armed,False,,True,shadow,results/bo_reviewer_packet/temporal_stop_head/22_temporal_stop_head_model.pt,0.127,0.0,False,0.5,,,0.9602,False,,,False
normcmp_G_baseline_20260708_153849,767,22.500001,1783521540.003266,-0.046495,0.500251,0.0,3.141506,0.2,0.019428,0.199855,-0.001119,camera_link,22.500001,gnm_closed_loop,,nominal,,True,ok,third_party/visualnav-transformer/model_weights/gnm/gnm.pth,13.23,0.3,0.0194,0.8503,0.0165,5.32,,,gnm_closed_loop,0.2,0.019428,normalized_stop_ab_20260708,G,baseline_no_stop,,,,,,,False,hospital_fresh_medium_G,0.9535,True,0.3,0.019428,0.2,0.019428,True,armed,False,,True,shadow,results/bo_reviewer_packet/temporal_stop_head/22_temporal_stop_head_model.pt,0.127,0.0,False,0.5,,,0.9602,False,,,False
normcmp_G_baseline_20260708_153849,768,22.516668,1783521540.028252,-0.049819,0.500251,0.0,3.141506,0.2,0.018631,0.199859,-0.001039,camera_link,22.516668,gnm_closed_loop,,nominal,,True,ok,third_party/visualnav-transformer/model_weights/gnm/gnm.pth,13.43,0.3,0.0186,0.8529,0.0159,5.3,,,gnm_closed_loop,0.2,0.018631,normalized_stop_ab_20260708,G,baseline_no_stop,,,,,,,False,hospital_fresh_medium_G,0.9502,True,0.3,0.018631,0.2,0.018631,True,armed,False,,True,shadow,results/bo_reviewer_packet/temporal_stop_head/22_temporal_stop_head_model.pt,0.155,0.0,False,0.5,,,0.9502,False,,,False
normcmp_G_baseline_20260708_153849,769,22.533335,1783521540.030528,-0.053143,0.500251,0.0,3.141507,0.2,0.018631,0.199859,-0.001039,camera_link,22.533335,gnm_closed_loop,,nominal,,True,ok,third_party/visualnav-transformer/model_weights/gnm/gnm.pth,13.43,0.3,0.0186,0.8529,0.0159,5.3,,,gnm_closed_loop,0.2,0.018631,normalized_stop_ab_20260708,G,baseline_no_stop,,,,,,,False,hospital_fresh_medium_G,0.9469,True,0.3,0.018631,0.2,0.018631,True,armed,False,,True,shadow,results/bo_reviewer_packet/temporal_stop_head/22_temporal_stop_head_model.pt,0.155,0.0,False,0.5,,,0.9502,False,,,False
normcmp_G_baseline_20260708_153849,770,22.550001,1783521540.032425,-0.056468,0.500251,0.0,3.141507,0.2,0.018631,0.199859,-0.001039,camera_link,22.550001,gnm_closed_loop,,nominal,,True,ok,third_party/visualnav-transformer/model_weights/gnm/gnm.pth,13.43,0.3,0.0186,0.8529,0.0159,5.3,,,gnm_closed_loop,0.2,0.018631,normalized_stop_ab_20260708,G,baseline_no_stop,,,,,,,False,hospital_fresh_medium_G,0.9435,True,0.3,0.018631,0.2,0.018631,True,armed,False,,True,shadow,results/bo_reviewer_packet/temporal_stop_head/22_temporal_stop_head_model.pt,0.155,0.0,False,0.5,,,0.9502,False,,,False
normcmp_G_baseline_20260708_153849,771,22.566668,1783521540.062963,-0.059792,0.500252,0.0,3.141508,0.2,0.018086,0.199856,-0.001018,camera_link,22.566668,gnm_closed_loop,,nominal,,True,ok,third_party/visualnav-transformer/model_weights/gnm/gnm.pth,18.65,0.3,0.0181,0.8557,0.0155,5.29,,,gnm_closed_loop,0.2,0.018086,normalized_stop_ab_20260708,G,baseline_no_stop,,,,,,,False,hospital_fresh_medium_G,0.9402,True,0.3,0.018086,0.2,0.018086,True,armed,False,,True,shadow,results/bo_reviewer_packet/temporal_stop_head/22_temporal_stop_head_model.pt,0.129,0.0,False,0.5,,,0.9402,False,,,False
normcmp_G_baseline_20260708_153849,772,22.583335,1783521540.065877,-0.063117,0.500252,0.0,3.141508,0.2,0.018086,0.199856,-0.001018,camera_link,22.583335,gnm_closed_loop,,nominal,,True,ok,third_party/visualnav-transformer/model_weights/gnm/gnm.pth,18.65,0.3,0.0181,0.8557,0.0155,5.29,,,gnm_closed_loop,0.2,0.018086,normalized_stop_ab_20260708,G,baseline_no_stop,,,,,,,False,hospital_fresh_medium_G,0.9369,True,0.3,0.018086,0.2,0.018086,True,armed,False,,True,shadow,results/bo_reviewer_packet/temporal_stop_head/22_temporal_stop_head_model.pt,0.129,0.0,False,0.5,,,0.9402,False,,,False
normcmp_G_baseline_20260708_153849,773,22.600001,1783521540.067832,-0.066441,0.500252,0.0,3.141509,0.2,0.018086,0.199856,-0.001018,camera_link,22.600001,gnm_closed_loop,,nominal,,True,ok,third_party/visualnav-transformer/model_weights/gnm/gnm.pth,18.65,0.3,0.0181,0.8557,0.0155,5.29,,,gnm_closed_loop,0.2,0.018086,normalized_stop_ab_20260708,G,baseline_no_stop,,,,,,,False,hospital_fresh_medium_G,0.9336,True,0.3,0.018086,0.2,0.018086,True,armed,False,,True,shadow,results/bo_reviewer_packet/temporal_stop_head/22_temporal_stop_head_model.pt,0.129,0.0,False,0.5,,,0.9402,False,,,False
normcmp_G_baseline_20260708_153849,774,22.616668,1783521540.092416,-0.069766,0.500252,0.0,3.141509,0.2,0.017565,0.199851,-0.001041,camera_link,22.616668,gnm_closed_loop,,nominal,,True,ok,third_party/visualnav-transformer/model_weights/gnm/gnm.pth,13.05,0.3,0.0176,0.8598,0.0151,5.29,,,gnm_closed_loop,0.2,0.017565,normalized_stop_ab_20260708,G,baseline_no_stop,,,,,,,False,hospital_fresh_medium_G,0.9302,True,0.3,0.017565,0.2,0.017565,True,armed,False,,True,shadow,results/bo_reviewer_packet/temporal_stop_head/22_temporal_stop_head_model.pt,0.117,0.0,False,0.5,,,0.9302,False,,,False
normcmp_G_baseline_20260708_153849,775,22.633335,1783521540.095829,-0.07309,0.500253,0.0,3.14151,0.2,0.017565,0.199851,-0.001041,camera_link,22.633335,gnm_closed_loop,,nominal,,True,ok,third_party/visualnav-transformer/model_weights/gnm/gnm.pth,13.05,0.3,0.0176,0.8598,0.0151,5.29,,,gnm_closed_loop,0.2,0.017565,normalized_stop_ab_20260708,G,baseline_no_stop,,,,,,,False,hospital_fresh_medium_G,0.9269,True,0.3,0.017565,0.2,0.017565,True,armed,False,,True,shadow,results/bo_reviewer_packet/temporal_stop_head/22_temporal_stop_head_model.pt,0.117,0.0,False,0.5,,,0.9302,False,,,False
normcmp_G_baseline_20260708_153849,776,22.650001,1783521540.098328,-0.076415,0.500253,0.0,3.14151,0.2,0.017565,0.199851,-0.001041,camera_link,22.650001,gnm_closed_loop,,nominal,,True,ok,third_party/visualnav-transformer/model_weights/gnm/gnm.pth,13.05,0.3,0.0176,0.8598,0.0151,5.29,,,gnm_closed_loop,0.2,0.017565,normalized_stop_ab_20260708,G,baseline_no_stop,,,,,,,False,hospital_fresh_medium_G,0.9236,True,0.3,0.017565,0.2,0.017565,True,armed,False,,True,shadow,results/bo_reviewer_packet/temporal_stop_head/22_temporal_stop_head_model.pt,0.117,0.0,False,0.5,,,0.9302,False,,,False
normcmp_G_baseline_20260708_153849,777,22.666668,1783521540.121346,-0.07974,0.500253,0.0,3.141511,0.2,0.017396,0.199845,-0.001018,camera_link,22.666668,gnm_closed_loop,,nominal,,True,ok,third_party/visualnav-transformer/model_weights/gnm/gnm.pth,12.8,0.3,0.0174,0.8675,0.0151,5.27,,,gnm_closed_loop,0.2,0.017396,normalized_stop_ab_20260708,G,baseline_no_stop,,,,,,,False,hospital_fresh_medium_G,0.9203,True,0.3,0.017396,0.2,0.017396,True,armed,False,,True,shadow,results/bo_reviewer_packet/temporal_stop_head/22_temporal_stop_head_model.pt,0.115,0.0,False,0.5,,,0.9203,False,,,False
normcmp_G_baseline_20260708_153849,778,22.683335,1783521540.123887,-0.083064,0.500254,0.0,3.141511,0.2,0.017396,0.199845,-0.001018,camera_link,22.683335,gnm_closed_loop,,nominal,,True,ok,third_party/visualnav-transformer/model_weights/gnm/gnm.pth,12.8,0.3,0.0174,0.8675,0.0151,5.27,,,gnm_closed_loop,0.2,0.017396,normalized_stop_ab_20260708,G,baseline_no_stop,,,,,,,False,hospital_fresh_medium_G,0.9169,True,0.3,0.017396,0.2,0.017396,True,armed,False,,True,shadow,results/bo_reviewer_packet/temporal_stop_head/22_temporal_stop_head_model.pt,0.115,0.0,False,0.5,,,0.9203,False,,,False
normcmp_G_baseline_20260708_153849,779,22.700001,1783521540.125977,-0.086388,0.500254,0.0,3.141512,0.2,0.017396,0.199845,-0.001018,camera_link,22.700001,gnm_closed_loop,,nominal,,True,ok,third_party/visualnav-transformer/model_weights/gnm/gnm.pth,12.8,0.3,0.0174,0.8675,0.0151,5.27,,,gnm_closed_loop,0.2,0.017396,normalized_stop_ab_20260708,G,baseline_no_stop,,,,,,,False,hospital_fresh_medium_G,0.9136,True,0.3,0.017396,0.2,0.017396,True,armed,False,,True,shadow,results/bo_reviewer_packet/temporal_stop_head/22_temporal_stop_head_model.pt,0.115,0.0,False,0.5,,,0.9203,False,,,False
normcmp_G_baseline_20260708_153849,780,22.716668,1783521540.149192,-0.089713,0.500254,0.0,3.141513,0.2,0.016235,0.199843,-0.000805,camera_link,22.716668,gnm_closed_loop,,nominal,,True,ok,third_party/visualnav-transformer/model_weights/gnm/gnm.pth,12.95,0.3,0.0162,0.8761,0.0142,5.27,,,gnm_closed_loop,0.2,0.016235,normalized_stop_ab_20260708,G,baseline_no_stop,,,,,,,False,hospital_fresh_medium_G,0.9103,True,0.3,0.016235,0.2,0.016235,True,armed,False,,True,shadow,results/bo_reviewer_packet/temporal_stop_head/22_temporal_stop_head_model.pt,0.114,0.0,False,0.5,,,0.9103,False,,,False
normcmp_G_baseline_20260708_153849,781,22.733335,1783521540.151603,-0.093037,0.500255,0.0,3.141513,0.2,0.016235,0.199843,-0.000805,camera_link,22.733335,gnm_closed_loop,,nominal,,True,ok,third_party/visualnav-transformer/model_weights/gnm/gnm.pth,12.95,0.3,0.0162,0.8761,0.0142,5.27,,,gnm_closed_loop,0.2,0.016235,normalized_stop_ab_20260708,G,baseline_no_stop,,,,,,,False,hospital_fresh_medium_G,0.907,True,0.3,0.016235,0.2,0.016235,True,armed,False,,True,shadow,results/bo_reviewer_packet/temporal_stop_head/22_temporal_stop_head_model.pt,0.114,0.0,False,0.5,,,0.9103,False,,,False
normcmp_G_baseline_20260708_153849,782,22.750001,1783521540.153808,-0.096362,0.500255,0.0,3.141514,0.2,0.016235,0.199843,-0.000805,camera_link,22.750001,gnm_closed_loop,,nominal,,True,ok,third_party/visualnav-transformer/model_weights/gnm/gnm.pth,12.95,0.3,0.0162,0.8761,0.0142,5.27,,,gnm_closed_loop,0.2,0.016235,normalized_stop_ab_20260708,G,baseline_no_stop,,,,,,,False,hospital_fresh_medium_G,0.9036,True,0.3,0.016235,0.2,0.016235,True,armed,False,,True,shadow,results/bo_reviewer_packet/temporal_stop_head/22_temporal_stop_head_model.pt,0.114,0.0,False,0.5,,,0.9103,False,,,False
normcmp_G_baseline_20260708_153849,783,22.766668,1783521540.176907,-0.099686,0.500255,0.0,3.141514,0.2,0.016062,0.199864,-0.000677,camera_link,22.766668,gnm_closed_loop,,nominal,,True,ok,third_party/visualnav-transformer/model_weights/gnm/gnm.pth,13.06,0.3,0.0161,0.8763,0.0141,5.25,,,gnm_closed_loop,0.2,0.016062,normalized_stop_ab_20260708,G,baseline_no_stop,,,,,,,False,hospital_fresh_medium_G,0.9003,True,0.3,0.016062,0.2,0.016062,True,armed,False,,True,shadow,results/bo_reviewer_packet/temporal_stop_head/22_temporal_stop_head_model.pt,0.112,0.0,False,0.5,,,0.9003,False,,,False
normcmp_G_baseline_20260708_153849,784,22.783335,1783521540.180588,-0.103011,0.500256,0.0,3.141515,0.2,0.016062,0.199864,-0.000677,camera_link,22.783335,gnm_closed_loop,,nominal,,True,ok,third_party/visualnav-transformer/model_weights/gnm/gnm.pth,13.06,0.3,0.0161,0.8763,0.0141,5.25,,,gnm_closed_loop,0.2,0.016062,normalized_stop_ab_20260708,G,baseline_no_stop,,,,,,,False,hospital_fresh_medium_G,0.897,True,0.3,0.016062,0.2,0.016062,True,armed,False,,True,shadow,results/bo_reviewer_packet/temporal_stop_head/22_temporal_stop_head_model.pt,0.112,0.0,False,0.5,,,0.9003,False,,,False
normcmp_G_baseline_20260708_153849,785,22.800001,1783521540.18251,-0.106335,0.500256,0.0,3.141516,0.2,0.016062,0.199864,-0.000677,camera_link,22.800001,gnm_closed_loop,,nominal,,True,ok,third_party/visualnav-transformer/model_weights/gnm/gnm.pth,13.06,0.3,0.0161,0.8763,0.0141,5.25,,,gnm_closed_loop,0.2,0.016062,normalized_stop_ab_20260708,G,baseline_no_stop,,,,,,,False,hospital_fresh_medium_G,0.8937,True,0.3,0.016062,0.2,0.016062,True,armed,False,,True,shadow,results/bo_reviewer_packet/temporal_stop_head/22_temporal_stop_head_model.pt,0.112,0.0,False,0.5,,,0.9003,False,,,False
normcmp_G_baseline_20260708_153849,786,22.816668,1783521540.205723,-0.10966,0.500256,0.0,3.141516,0.2,0.016656,0.199849,-0.001034,camera_link,22.816668,gnm_closed_loop,,nominal,,True,ok,third_party/visualnav-transformer/model_weights/gnm/gnm.pth,13.28,0.3,0.0167,0.8735,0.0146,5.24,,,gnm_closed_loop,0.2,0.016656,normalized_stop_ab_20260708,G,baseline_no_stop,,,,,,,False,hospital_fresh_medium_G,0.8903,True,0.3,0.016656,0.2,0.016656,True,armed,False,,True,shadow,results/bo_reviewer_packet/temporal_stop_head/22_temporal_stop_head_model.pt,0.116,0.0,False,0.5,,,0.8903,False,,,False
normcmp_G_baseline_20260708_153849,787,22.833335,1783521540.208087,-0.112985,0.500257,0.0,3.141517,0.2,0.016656,0.199849,-0.001034,camera_link,22.833335,gnm_closed_loop,,nominal,,True,ok,third_party/visualnav-transformer/model_weights/gnm/gnm.pth,13.28,0.3,0.0167,0.8735,0.0146,5.24,,,gnm_closed_loop,0.2,0.016656,normalized_stop_ab_20260708,G,baseline_no_stop,,,,,,,False,hospital_fresh_medium_G,0.887,True,0.3,0.016656,0.2,0.016656,True,armed,False,,True,shadow,results/bo_reviewer_packet/temporal_stop_head/22_temporal_stop_head_model.pt,0.116,0.0,False,0.5,,,0.8903,False,,,False
normcmp_G_baseline_20260708_153849,788,22.850001,1783521540.210079,-0.116309,0.500257,0.0,3.141518,0.2,0.016656,0.199849,-0.001034,camera_link,22.850001,gnm_closed_loop,,nominal,,True,ok,third_party/visualnav-transformer/model_weights/gnm/gnm.pth,13.28,0.3,0.0167,0.8735,0.0146,5.24,,,gnm_closed_loop,0.2,0.016656,normalized_stop_ab_20260708,G,baseline_no_stop,,,,,,,False,hospital_fresh_medium_G,0.8837,True,0.3,0.016656,0.2,0.016656,True,armed,False,,True,shadow,results/bo_reviewer_packet/temporal_stop_head/22_temporal_stop_head_model.pt,0.116,0.0,False,0.5,,,0.8903,False,,,False
normcmp_G_baseline_20260708_153849,789,22.866668,1783521540.234394,-0.119633,0.500257,0.0,3.141518,0.2,0.017086,0.199862,-0.001295,camera_link,22.866668,gnm_closed_loop,,nominal,,True,ok,third_party/visualnav-transformer/model_weights/gnm/gnm.pth,13.15,0.3,0.0171,0.8637,0.0148,5.28,,,gnm_closed_loop,0.2,0.017086,normalized_stop_ab_20260708,G,baseline_no_stop,,,,,,,False,hospital_fresh_medium_G,0.8804,True,0.3,0.017086,0.2,0.017086,True,armed,False,,True,shadow,results/bo_reviewer_packet/temporal_stop_head/22_temporal_stop_head_model.pt,0.112,0.0,False,0.5,,,0.8804,False,,,False
normcmp_G_baseline_20260708_153849,790,22.883335,1783521540.23734,-0.122957,0.500258,0.0,3.141519,0.2,0.017086,0.199862,-0.001295,camera_link,22.883335,gnm_closed_loop,,nominal,,True,ok,third_party/visualnav-transformer/model_weights/gnm/gnm.pth,13.15,0.3,0.0171,0.8637,0.0148,5.28,,,gnm_closed_loop,0.2,0.017086,normalized_stop_ab_20260708,G,baseline_no_stop,,,,,,,False,hospital_fresh_medium_G,0.877,True,0.3,0.017086,0.2,0.017086,True,armed,False,,True,shadow,results/bo_reviewer_packet/temporal_stop_head/22_temporal_stop_head_model.pt,0.112,0.0,False,0.5,,,0.8804,False,,,False
normcmp_G_baseline_20260708_153849,791,22.900001,1783521540.239312,-0.126282,0.500259,0.0,3.14152,0.2,0.017086,0.199862,-0.001295,camera_link,22.900001,gnm_closed_loop,,nominal,,True,ok,third_party/visualnav-transformer/model_weights/gnm/gnm.pth,13.15,0.3,0.0171,0.8637,0.0148,5.28,,,gnm_closed_loop,0.2,0.017086,normalized_stop_ab_20260708,G,baseline_no_stop,,,,,,,False,hospital_fresh_medium_G,0.8737,True,0.3,0.017086,0.2,0.017086,True,armed,False,,True,shadow,results/bo_reviewer_packet/temporal_stop_head/22_temporal_stop_head_model.pt,0.112,0.0,False,0.5,,,0.8804,False,,,False
normcmp_G_baseline_20260708_153849,792,22.916668,1783521540.263167,-0.129607,0.500259,0.0,3.141521,0.2,0.017923,0.199861,-0.001195,camera_link,22.916668,gnm_closed_loop,,nominal,,True,ok,third_party/visualnav-transformer/model_weights/gnm/gnm.pth,12.79,0.3,0.0179,0.8548,0.0153,5.3,,,gnm_closed_loop,0.2,0.017923,normalized_stop_ab_20260708,G,baseline_no_stop,,,,,,,False,hospital_fresh_medium_G,0.8704,True,0.3,0.017923,0.2,0.017923,True,armed,False,,True,shadow,results/bo_reviewer_packet/temporal_stop_head/22_temporal_stop_head_model.pt,0.109,0.0,False,0.5,,,0.8704,False,,,False
normcmp_G_baseline_20260708_153849,793,22.933335,1783521540.26533,-0.132931,0.500259,0.0,3.141521,0.2,0.017923,0.199861,-0.001195,camera_link,22.933335,gnm_closed_loop,,nominal,,True,ok,third_party/visualnav-transformer/model_weights/gnm/gnm.pth,12.79,0.3,0.0179,0.8548,0.0153,5.3,,,gnm_closed_loop,0.2,0.017923,normalized_stop_ab_20260708,G,baseline_no_stop,,,,,,,False,hospital_fresh_medium_G,0.8671,True,0.3,0.017923,0.2,0.017923,True,armed,False,,True,shadow,results/bo_reviewer_packet/temporal_stop_head/22_temporal_stop_head_model.pt,0.109,0.0,False,0.5,,,0.8704,False,,,False
normcmp_G_baseline_20260708_153849,794,22.950001,1783521540.26727,-0.136256,0.500259,0.0,3.141522,0.2,0.017923,0.199861,-0.001195,camera_link,22.950001,gnm_closed_loop,,nominal,,True,ok,third_party/visualnav-transformer/model_weights/gnm/gnm.pth,12.79,0.3,0.0179,0.8548,0.0153,5.3,,,gnm_closed_loop,0.2,0.017923,normalized_stop_ab_20260708,G,baseline_no_stop,,,,,,,False,hospital_fresh_medium_G,0.8637,True,0.3,0.017923,0.2,0.017923,True,armed,False,,True,shadow,results/bo_reviewer_packet/temporal_stop_head/22_temporal_stop_head_model.pt,0.109,0.0,False,0.5,,,0.8704,False,,,False
normcmp_G_baseline_20260708_153849,795,22.966668,1783521540.290455,-0.13958,0.50026,0.0,3.141522,0.2,0.018062,0.199838,-0.000936,camera_link,22.966668,gnm_closed_loop,,nominal,,True,ok,third_party/visualnav-transformer/model_weights/gnm/gnm.pth,13.2,0.3,0.0181,0.8532,0.0154,5.28,,,gnm_closed_loop,0.2,0.018062,normalized_stop_ab_20260708,G,baseline_no_stop,,,,,,,False,hospital_fresh_medium_G,0.8604,True,0.3,0.018062,0.2,0.018062,True,armed,False,,True,shadow,results/bo_reviewer_packet/temporal_stop_head/22_temporal_stop_head_model.pt,0.133,0.0,False,0.5,,,0.8604,False,,,False
normcmp_G_baseline_20260708_153849,796,22.983335,1783521540.292778,-0.142905,0.50026,0.0,3.141523,0.2,0.018062,0.199838,-0.000936,camera_link,22.983335,gnm_closed_loop,,nominal,,True,ok,third_party/visualnav-transformer/model_weights/gnm/gnm.pth,13.2,0.3,0.0181,0.8532,0.0154,5.28,,,gnm_closed_loop,0.2,0.018062,normalized_stop_ab_20260708,G,baseline_no_stop,,,,,,,False,hospital_fresh_medium_G,0.8571,True,0.3,0.018062,0.2,0.018062,True,armed,False,,True,shadow,results/bo_reviewer_packet/temporal_stop_head/22_temporal_stop_head_model.pt,0.133,0.0,False,0.5,,,0.8604,False,,,False
normcmp_G_baseline_20260708_153849,797,23.000001,1783521540.294585,-0.14623,0.50026,0.0,3.141524,0.2,0.018062,0.199838,-0.000936,camera_link,23.000001,gnm_closed_loop,,nominal,,True,ok,third_party/visualnav-transformer/model_weights/gnm/gnm.pth,13.2,0.3,0.0181,0.8532,0.0154,5.28,,,gnm_closed_loop,0.2,0.018062,normalized_stop_ab_20260708,G,baseline_no_stop,,,,,,,False,hospital_fresh_medium_G,0.8538,True,0.3,0.018062,0.2,0.018062,True,armed,False,,True,shadow,results/bo_reviewer_packet/temporal_stop_head/22_temporal_stop_head_model.pt,0.133,0.0,False,0.5,,,0.8604,False,,,False
normcmp_G_baseline_20260708_153849,798,23.016668,1783521540.317785,-0.149554,0.500261,0.0,3.141525,0.2,0.018643,0.199842,-0.000622,camera_link,23.016668,gnm_closed_loop,,nominal,,True,ok,third_party/visualnav-transformer/model_weights/gnm/gnm.pth,12.89,0.3,0.0186,0.8486,0.0158,5.2,,,gnm_closed_loop,0.2,0.018643,normalized_stop_ab_20260708,G,baseline_no_stop,,,,,,,False,hospital_fresh_medium_G,0.8504,True,0.3,0.018643,0.2,0.018643,True,armed,False,,True,shadow,results/bo_reviewer_packet/temporal_stop_head/22_temporal_stop_head_model.pt,0.109,0.0,False,0.5,,,0.8504,False,,,False
normcmp_G_baseline_20260708_153849,799,23.033335,1783521540.320286,-0.152879,0.500261,0.0,3.141525,0.2,0.018643,0.199842,-0.000622,camera_link,23.033335,gnm_closed_loop,,nominal,,True,ok,third_party/visualnav-transformer/model_weights/gnm/gnm.pth,12.89,0.3,0.0186,0.8486,0.0158,5.2,,,gnm_closed_loop,0.2,0.018643,normalized_stop_ab_20260708,G,baseline_no_stop,,,,,,,False,hospital_fresh_medium_G,0.8471,True,0.3,0.018643,0.2,0.018643,True,armed,False,,True,shadow,results/bo_reviewer_packet/temporal_stop_head/22_temporal_stop_head_model.pt,0.109,0.0,False,0.5,,,0.8504,False,,,False
normcmp_G_baseline_20260708_153849,800,23.050001,1783521540.322206,-0.156204,0.500261,0.0,3.141526,0.2,0.018643,0.199842,-0.000622,camera_link,23.050001,gnm_closed_loop,,nominal,,True,ok,third_party/visualnav-transformer/model_weights/gnm/gnm.pth,12.89,0.3,0.0186,0.8486,0.0158,5.2,,,gnm_closed_loop,0.2,0.018643,normalized_stop_ab_20260708,G,baseline_no_stop,,,,,,,False,hospital_fresh_medium_G,0.8438,True,0.3,0.018643,0.2,0.018643,True,armed,False,,True,shadow,results/bo_reviewer_packet/temporal_stop_head/22_temporal_stop_head_model.pt,0.109,0.0,False,0.5,,,0.8504,False,,,False
normcmp_G_baseline_20260708_153849,801,23.066668,1783521540.354298,-0.159529,0.500261,0.0,3.141527,0.2,0.018848,0.199853,-0.000655,camera_link,23.066668,gnm_closed_loop,,nominal,,True,ok,third_party/visualnav-transformer/model_weights/gnm/gnm.pth,19.76,0.3,0.0188,0.8441,0.0159,5.13,,,gnm_closed_loop,0.2,0.018848,normalized_stop_ab_20260708,G,baseline_no_stop,,,,,,,False,hospital_fresh_medium_G,0.8405,True,0.3,0.018848,0.2,0.018848,True,armed,False,,True,shadow,results/bo_reviewer_packet/temporal_stop_head/22_temporal_stop_head_model.pt,0.119,0.0,False,0.5,,,0.8405,False,,,False
normcmp_G_baseline_20260708_153849,802,23.083335,1783521540.357554,-0.162853,0.500261,0.0,3.141527,0.2,0.018848,0.199853,-0.000655,camera_link,23.083335,gnm_closed_loop,,nominal,,True,ok,third_party/visualnav-transformer/model_weights/gnm/gnm.pth,19.76,0.3,0.0188,0.8441,0.0159,5.13,,,gnm_closed_loop,0.2,0.018848,normalized_stop_ab_20260708,G,baseline_no_stop,,,,,,,False,hospital_fresh_medium_G,0.8371,True,0.3,0.018848,0.2,0.018848,True,armed,False,,True,shadow,results/bo_reviewer_packet/temporal_stop_head/22_temporal_stop_head_model.pt,0.119,0.0,False,0.5,,,0.8405,False,,,False
normcmp_G_baseline_20260708_153849,803,23.100001,1783521540.359689,-0.166178,0.500261,0.0,3.141528,0.2,0.018848,0.199853,-0.000655,camera_link,23.100001,gnm_closed_loop,,nominal,,True,ok,third_party/visualnav-transformer/model_weights/gnm/gnm.pth,19.76,0.3,0.0188,0.8441,0.0159,5.13,,,gnm_closed_loop,0.2,0.018848,normalized_stop_ab_20260708,G,baseline_no_stop,,,,,,,False,hospital_fresh_medium_G,0.8338,True,0.3,0.018848,0.2,0.018848,True,armed,False,,True,shadow,results/bo_reviewer_packet/temporal_stop_head/22_temporal_stop_head_model.pt,0.119,0.0,False,0.5,,,0.8405,False,,,False
normcmp_G_baseline_20260708_153849,804,23.116668,1783521540.387832,-0.169502,0.500262,0.0,3.141529,0.2,0.018997,0.199836,-0.001589,camera_link,23.116668,gnm_closed_loop,,nominal,,True,ok,third_party/visualnav-transformer/model_weights/gnm/gnm.pth,15.92,0.3,0.019,0.8413,0.016,5.01,,,gnm_closed_loop,0.2,0.018997,normalized_stop_ab_20260708,G,baseline_no_stop,,,,,,,False,hospital_fresh_medium_G,0.8305,True,0.3,0.018997,0.2,0.018997,True,armed,False,,True,shadow,results/bo_reviewer_packet/temporal_stop_head/22_temporal_stop_head_model.pt,0.112,0.0,False,0.5,,,0.8305,False,,,False
normcmp_G_baseline_20260708_153849,805,23.133335,1783521540.390432,-0.172827,0.500262,0.0,3.14153,0.2,0.018997,0.199836,-0.001589,camera_link,23.133335,gnm_closed_loop,,nominal,,True,ok,third_party/visualnav-transformer/model_weights/gnm/gnm.pth,15.92,0.3,0.019,0.8413,0.016,5.01,,,gnm_closed_loop,0.2,0.018997,normalized_stop_ab_20260708,G,baseline_no_stop,,,,,,,False,hospital_fresh_medium_G,0.8272,True,0.3,0.018997,0.2,0.018997,True,armed,False,,True,shadow,results/bo_reviewer_packet/temporal_stop_head/22_temporal_stop_head_model.pt,0.112,0.0,False,0.5,,,0.8305,False,,,False
normcmp_G_baseline_20260708_153849,806,23.150001,1783521540.392637,-0.176152,0.500262,0.0,3.141531,0.2,0.018997,0.199836,-0.001589,camera_link,23.150001,gnm_closed_loop,,nominal,,True,ok,third_party/visualnav-transformer/model_weights/gnm/gnm.pth,15.92,0.3,0.019,0.8413,0.016,5.01,,,gnm_closed_loop,0.2,0.018997,normalized_stop_ab_20260708,G,baseline_no_stop,,,,,,,False,hospital_fresh_medium_G,0.8238,True,0.3,0.018997,0.2,0.018997,True,armed,False,,True,shadow,results/bo_reviewer_packet/temporal_stop_head/22_temporal_stop_head_model.pt,0.112,0.0,False,0.5,,,0.8305,False,,,False
normcmp_G_baseline_20260708_153849,807,23.166668,1783521540.424327,-0.179476,0.500262,0.0,3.141531,0.2,0.019173,0.199853,-0.000613,camera_link,23.166668,gnm_closed_loop,,nominal,,True,ok,third_party/visualnav-transformer/model_weights/gnm/gnm.pth,17.22,0.3,0.0192,0.841,0.0161,4.87,,,gnm_closed_loop,0.2,0.019173,normalized_stop_ab_20260708,G,baseline_no_stop,,,,,,,False,hospital_fresh_medium_G,0.8205,True,0.3,0.019173,0.2,0.019173,True,armed,False,,True,shadow,results/bo_reviewer_packet/temporal_stop_head/22_temporal_stop_head_model.pt,0.112,0.0,False,0.5,,,0.8205,False,,,False
normcmp_G_baseline_20260708_153849,808,23.183335,1783521540.426851,-0.182801,0.500263,-0.0,3.141532,0.2,0.019173,0.199853,-0.000613,camera_link,23.183335,gnm_closed_loop,,nominal,,True,ok,third_party/visualnav-transformer/model_weights/gnm/gnm.pth,17.22,0.3,0.0192,0.841,0.0161,4.87,,,gnm_closed_loop,0.2,0.019173,normalized_stop_ab_20260708,G,baseline_no_stop,,,,,,,False,hospital_fresh_medium_G,0.8172,True,0.3,0.019173,0.2,0.019173,True,armed,False,,True,shadow,results/bo_reviewer_packet/temporal_stop_head/22_temporal_stop_head_model.pt,0.112,0.0,False,0.5,,,0.8205,False,,,False
normcmp_G_baseline_20260708_153849,809,23.200001,1783521540.429919,-0.186126,0.500263,0.0,3.141532,0.2,0.019173,0.199853,-0.000613,camera_link,23.200001,gnm_closed_loop,,nominal,,True,ok,third_party/visualnav-transformer/model_weights/gnm/gnm.pth,17.22,0.3,0.0192,0.841,0.0161,4.87,,,gnm_closed_loop,0.2,0.019173,normalized_stop_ab_20260708,G,baseline_no_stop,,,,,,,False,hospital_fresh_medium_G,0.8139,True,0.3,0.019173,0.2,0.019173,True,armed,False,,True,shadow,results/bo_reviewer_packet/temporal_stop_head/22_temporal_stop_head_model.pt,0.112,0.0,False,0.5,,,0.8205,False,,,False
normcmp_G_baseline_20260708_153849,810,23.216668,1783521540.454959,-0.189451,0.500263,0.0,3.141533,0.2,0.019338,0.199848,-0.001105,camera_link,23.216668,gnm_closed_loop,,nominal,,True,ok,third_party/visualnav-transformer/model_weights/gnm/gnm.pth,12.76,0.3,0.0193,0.8406,0.0163,4.74,,,gnm_closed_loop,0.2,0.019338,normalized_stop_ab_20260708,G,baseline_no_stop,,,,,,,False,hospital_fresh_medium_G,0.8105,True,0.3,0.019338,0.2,0.019338,True,armed,False,,True,shadow,results/bo_reviewer_packet/temporal_stop_head/22_temporal_stop_head_model.pt,0.116,0.0,False,0.5,,,0.8105,False,,,False
normcmp_G_baseline_20260708_153849,811,23.233335,1783521540.457052,-0.192776,0.500263,0.0,3.141534,0.2,0.019338,0.199848,-0.001105,camera_link,23.233335,gnm_closed_loop,,nominal,,True,ok,third_party/visualnav-transformer/model_weights/gnm/gnm.pth,12.76,0.3,0.0193,0.8406,0.0163,4.74,,,gnm_closed_loop,0.2,0.019338,normalized_stop_ab_20260708,G,baseline_no_stop,,,,,,,False,hospital_fresh_medium_G,0.8072,True,0.3,0.019338,0.2,0.019338,True,armed,False,,True,shadow,results/bo_reviewer_packet/temporal_stop_head/22_temporal_stop_head_model.pt,0.116,0.0,False,0.5,,,0.8105,False,,,False
normcmp_G_baseline_20260708_153849,812,23.250001,1783521540.459051,-0.1961,0.500264,0.0,3.141535,0.2,0.019338,0.199848,-0.001105,camera_link,23.250001,gnm_closed_loop,,nominal,,True,ok,third_party/visualnav-transformer/model_weights/gnm/gnm.pth,12.76,0.3,0.0193,0.8406,0.0163,4.74,,,gnm_closed_loop,0.2,0.019338,normalized_stop_ab_20260708,G,baseline_no_stop,,,,,,,False,hospital_fresh_medium_G,0.8039,True,0.3,0.019338,0.2,0.019338,True,armed,False,,True,shadow,results/bo_reviewer_packet/temporal_stop_head/22_temporal_stop_head_model.pt,0.116,0.0,False,0.5,,,0.8105,False,,,False
normcmp_G_baseline_20260708_153849,813,23.266668,1783521540.482026,-0.199425,0.500264,0.0,3.141536,0.2,0.020258,0.199853,-0.001618,camera_link,23.266668,gnm_closed_loop,,nominal,,True,ok,third_party/visualnav-transformer/model_weights/gnm/gnm.pth,12.65,0.3,0.0203,0.8259,0.0167,4.58,,,gnm_closed_loop,0.2,0.020258,normalized_stop_ab_20260708,G,baseline_no_stop,,,,,,,False,hospital_fresh_medium_G,0.8006,True,0.3,0.020258,0.2,0.020258,True,armed,False,,True,shadow,results/bo_reviewer_packet/temporal_stop_head/22_temporal_stop_head_model.pt,0.107,0.0,False,0.5,,,0.8006,False,,,False
normcmp_G_baseline_20260708_153849,814,23.283335,1783521540.484457,-0.20275,0.500264,0.0,3.141537,0.2,0.020258,0.199853,-0.001618,camera_link,23.283335,gnm_closed_loop,,nominal,,True,ok,third_party/visualnav-transformer/model_weights/gnm/gnm.pth,12.65,0.3,0.0203,0.8259,0.0167,4.58,,,gnm_closed_loop,0.2,0.020258,normalized_stop_ab_20260708,G,baseline_no_stop,,,,,,,False,hospital_fresh_medium_G,0.7973,True,0.3,0.020258,0.2,0.020258,True,armed,False,,True,shadow,results/bo_reviewer_packet/temporal_stop_head/22_temporal_stop_head_model.pt,0.107,0.0,False,0.5,,,0.8006,False,,,False
normcmp_G_baseline_20260708_153849,815,23.300001,1783521540.486366,-0.206074,0.500265,0.0,3.141538,0.2,0.020258,0.199853,-0.001618,camera_link,23.300001,gnm_closed_loop,,nominal,,True,ok,third_party/visualnav-transformer/model_weights/gnm/gnm.pth,12.65,0.3,0.0203,0.8259,0.0167,4.58,,,gnm_closed_loop,0.2,0.020258,normalized_stop_ab_20260708,G,baseline_no_stop,,,,,,,False,hospital_fresh_medium_G,0.7939,True,0.3,0.020258,0.2,0.020258,True,armed,False,,True,shadow,results/bo_reviewer_packet/temporal_stop_head/22_temporal_stop_head_model.pt,0.107,0.0,False,0.5,,,0.8006,False,,,False
normcmp_G_baseline_20260708_153849,816,23.316668,1783521540.51006,-0.209399,0.500265,0.0,3.141539,0.2,0.021442,0.199844,-0.001196,camera_link,23.316668,gnm_closed_loop,,nominal,,True,ok,third_party/visualnav-transformer/model_weights/gnm/gnm.pth,12.96,0.3,0.0214,0.8177,0.0175,4.47,,,gnm_closed_loop,0.2,0.021442,normalized_stop_ab_20260708,G,baseline_no_stop,,,,,,,False,hospital_fresh_medium_G,0.7906,True,0.3,0.021442,0.2,0.021442,True,armed,False,,True,shadow,results/bo_reviewer_packet/temporal_stop_head/22_temporal_stop_head_model.pt,0.128,0.0,False,0.5,,,0.7906,False,,,False
normcmp_G_baseline_20260708_153849,817,23.333335,1783521540.512334,-0.212724,0.500265,0.0,3.14154,0.2,0.021442,0.199844,-0.001196,camera_link,23.333335,gnm_closed_loop,,nominal,,True,ok,third_party/visualnav-transformer/model_weights/gnm/gnm.pth,12.96,0.3,0.0214,0.8177,0.0175,4.47,,,gnm_closed_loop,0.2,0.021442,normalized_stop_ab_20260708,G,baseline_no_stop,,,,,,,False,hospital_fresh_medium_G,0.7873,True,0.3,0.021442,0.2,0.021442,True,armed,False,,True,shadow,results/bo_reviewer_packet/temporal_stop_head/22_temporal_stop_head_model.pt,0.128,0.0,False,0.5,,,0.7906,False,,,False
normcmp_G_baseline_20260708_153849,818,23.350001,1783521540.515372,-0.216049,0.500265,0.0,3.141541,0.2,0.021442,0.199844,-0.001196,camera_link,23.350001,gnm_closed_loop,,nominal,,True,ok,third_party/visualnav-transformer/model_weights/gnm/gnm.pth,12.96,0.3,0.0214,0.8177,0.0175,4.47,,,gnm_closed_loop,0.2,0.021442,normalized_stop_ab_20260708,G,baseline_no_stop,,,,,,,False,hospital_fresh_medium_G,0.784,True,0.3,0.021442,0.2,0.021442,True,armed,False,,True,shadow,results/bo_reviewer_packet/temporal_stop_head/22_temporal_stop_head_model.pt,0.128,0.0,False,0.5,,,0.7906,False,,,False
normcmp_G_baseline_20260708_153849,819,23.366668,1783521540.54142,-0.219373,0.500266,0.0,3.141542,0.2,0.02244,0.199847,-0.001446,camera_link,23.366668,gnm_closed_loop,,nominal,,True,ok,third_party/visualnav-transformer/model_weights/gnm/gnm.pth,14.01,0.3,0.0224,0.81,0.0182,4.32,,,gnm_closed_loop,0.2,0.02244,normalized_stop_ab_20260708,G,baseline_no_stop,,,,,,,False,hospital_fresh_medium_G,0.7806,True,0.3,0.02244,0.2,0.02244,True,armed,False,,True,shadow,results/bo_reviewer_packet/temporal_stop_head/22_temporal_stop_head_model.pt,0.106,0.0,False,0.5,,,0.7806,False,,,False
normcmp_G_baseline_20260708_153849,820,23.383335,1783521540.544848,-0.222698,0.500266,0.0,3.141543,0.2,0.02244,0.199847,-0.001446,camera_link,23.383335,gnm_closed_loop,,nominal,,True,ok,third_party/visualnav-transformer/model_weights/gnm/gnm.pth,14.01,0.3,0.0224,0.81,0.0182,4.32,,,gnm_closed_loop,0.2,0.02244,normalized_stop_ab_20260708,G,baseline_no_stop,,,,,,,False,hospital_fresh_medium_G,0.7773,True,0.3,0.02244,0.2,0.02244,True,armed,False,,True,shadow,results/bo_reviewer_packet/temporal_stop_head/22_temporal_stop_head_model.pt,0.106,0.0,False,0.5,,,0.7806,False,,,False
normcmp_G_baseline_20260708_153849,821,23.400001,1783521540.546777,-0.226023,0.500266,0.0,3.141543,0.2,0.02244,0.199847,-0.001446,camera_link,23.400001,gnm_closed_loop,,nominal,,True,ok,third_party/visualnav-transformer/model_weights/gnm/gnm.pth,14.01,0.3,0.0224,0.81,0.0182,4.32,,,gnm_closed_loop,0.2,0.02244,normalized_stop_ab_20260708,G,baseline_no_stop,,,,,,,False,hospital_fresh_medium_G,0.774,True,0.3,0.02244,0.2,0.02244,True,armed,False,,True,shadow,results/bo_reviewer_packet/temporal_stop_head/22_temporal_stop_head_model.pt,0.106,0.0,False,0.5,,,0.7806,False,,,False
normcmp_G_baseline_20260708_153849,822,23.416668,1783521540.572903,-0.229347,0.500266,0.0,3.141544,0.2,0.023939,0.199856,-0.001591,camera_link,23.416668,gnm_closed_loop,,nominal,,True,ok,third_party/visualnav-transformer/model_weights/gnm/gnm.pth,12.97,0.3,0.0239,0.7984,0.0191,4.16,,,gnm_closed_loop,0.2,0.023939,normalized_stop_ab_20260708,G,baseline_no_stop,,,,,,,False,hospital_fresh_medium_G,0.7707,True,0.3,0.023939,0.2,0.023939,True,armed,False,,True,shadow,results/bo_reviewer_packet/temporal_stop_head/22_temporal_stop_head_model.pt,0.122,0.0,False,0.5,,,0.7707,False,,,False
normcmp_G_baseline_20260708_153849,823,23.433335,1783521540.575343,-0.232672,0.500266,0.0,3.141545,0.2,0.023939,0.199856,-0.001591,camera_link,23.433335,gnm_closed_loop,,nominal,,True,ok,third_party/visualnav-transformer/model_weights/gnm/gnm.pth,12.97,0.3,0.0239,0.7984,0.0191,4.16,,,gnm_closed_loop,0.2,0.023939,normalized_stop_ab_20260708,G,baseline_no_stop,,,,,,,False,hospital_fresh_medium_G,0.7673,True,0.3,0.023939,0.2,0.023939,True,armed,False,,True,shadow,results/bo_reviewer_packet/temporal_stop_head/22_temporal_stop_head_model.pt,0.122,0.0,False,0.5,,,0.7707,False,,,False
normcmp_G_baseline_20260708_153849,824,23.450001,1783521540.57719,-0.235997,0.500267,0.0,3.141546,0.2,0.023939,0.199856,-0.001591,camera_link,23.450001,gnm_closed_loop,,nominal,,True,ok,third_party/visualnav-transformer/model_weights/gnm/gnm.pth,12.97,0.3,0.0239,0.7984,0.0191,4.16,,,gnm_closed_loop,0.2,0.023939,normalized_stop_ab_20260708,G,baseline_no_stop,,,,,,,False,hospital_fresh_medium_G,0.764,True,0.3,0.023939,0.2,0.023939,True,armed,False,,True,shadow,results/bo_reviewer_packet/temporal_stop_head/22_temporal_stop_head_model.pt,0.122,0.0,False,0.5,,,0.7707,False,,,False
normcmp_G_baseline_20260708_153849,825,23.466668,1783521540.600291,-0.239322,0.500267,0.0,3.141547,0.2,0.025377,0.199855,-0.001734,camera_link,23.466668,gnm_closed_loop,,nominal,,True,ok,third_party/visualnav-transformer/model_weights/gnm/gnm.pth,12.79,0.3,0.0254,0.7863,0.02,4.05,,,gnm_closed_loop,0.2,0.025377,normalized_stop_ab_20260708,G,baseline_no_stop,,,,,,,False,hospital_fresh_medium_G,0.7607,True,0.3,0.025377,0.2,0.025377,True,armed,False,,True,shadow,results/bo_reviewer_packet/temporal_stop_head/22_temporal_stop_head_model.pt,0.109,0.0,False,0.5,,,0.7607,False,,,False
normcmp_G_baseline_20260708_153849,826,23.483335,1783521540.602677,-0.242646,0.500267,0.0,3.141548,0.2,0.025377,0.199855,-0.001734,camera_link,23.483335,gnm_closed_loop,,nominal,,True,ok,third_party/visualnav-transformer/model_weights/gnm/gnm.pth,12.79,0.3,0.0254,0.7863,0.02,4.05,,,gnm_closed_loop,0.2,0.025377,normalized_stop_ab_20260708,G,baseline_no_stop,,,,,,,False,hospital_fresh_medium_G,0.7574,True,0.3,0.025377,0.2,0.025377,True,armed,False,,True,shadow,results/bo_reviewer_packet/temporal_stop_head/22_temporal_stop_head_model.pt,0.109,0.0,False,0.5,,,0.7607,False,,,False
normcmp_G_baseline_20260708_153849,827,23.500001,1783521540.604675,-0.245971,0.500267,0.0,3.141549,0.2,0.025377,0.199855,-0.001734,camera_link,23.500001,gnm_closed_loop,,nominal,,True,ok,third_party/visualnav-transformer/model_weights/gnm/gnm.pth,12.79,0.3,0.0254,0.7863,0.02,4.05,,,gnm_closed_loop,0.2,0.025377,normalized_stop_ab_20260708,G,baseline_no_stop,,,,,,,False,hospital_fresh_medium_G,0.754,True,0.3,0.025377,0.2,0.025377,True,armed,False,,True,shadow,results/bo_reviewer_packet/temporal_stop_head/22_temporal_stop_head_model.pt,0.109,0.0,False,0.5,,,0.7607,False,,,False
normcmp_G_baseline_20260708_153849,828,23.516668,1783521540.628131,-0.249296,0.500268,0.0,3.14155,0.2,0.026009,0.199849,-0.001612,camera_link,23.516668,gnm_closed_loop,,nominal,,True,ok,third_party/visualnav-transformer/model_weights/gnm/gnm.pth,12.87,0.3,0.026,0.7819,0.0203,3.9,,,gnm_closed_loop,0.2,0.026009,normalized_stop_ab_20260708,G,baseline_no_stop,,,,,,,False,hospital_fresh_medium_G,0.7507,True,0.3,0.026009,0.2,0.026009,True,armed,False,,True,shadow,results/bo_reviewer_packet/temporal_stop_head/22_temporal_stop_head_model.pt,0.114,0.0,False,0.5,,,0.7507,False,,,False
normcmp_G_baseline_20260708_153849,829,23.533335,1783521540.630617,-0.252621,0.500268,0.0,3.141551,0.2,0.026009,0.199849,-0.001612,camera_link,23.533335,gnm_closed_loop,,nominal,,True,ok,third_party/visualnav-transformer/model_weights/gnm/gnm.pth,12.87,0.3,0.026,0.7819,0.0203,3.9,,,gnm_closed_loop,0.2,0.026009,normalized_stop_ab_20260708,G,baseline_no_stop,,,,,,,False,hospital_fresh_medium_G,0.7474,True,0.3,0.026009,0.2,0.026009,True,armed,False,,True,shadow,results/bo_reviewer_packet/temporal_stop_head/22_temporal_stop_head_model.pt,0.114,0.0,False,0.5,,,0.7507,False,,,False
normcmp_G_baseline_20260708_153849,830,23.550001,1783521540.632531,-0.255945,0.500268,0.0,3.141552,0.2,0.026009,0.199849,-0.001612,camera_link,23.550001,gnm_closed_loop,,nominal,,True,ok,third_party/visualnav-transformer/model_weights/gnm/gnm.pth,12.87,0.3,0.026,0.7819,0.0203,3.9,,,gnm_closed_loop,0.2,0.026009,normalized_stop_ab_20260708,G,baseline_no_stop,,,,,,,False,hospital_fresh_medium_G,0.7441,True,0.3,0.026009,0.2,0.026009,True,armed,False,,True,shadow,results/bo_reviewer_packet/temporal_stop_head/22_temporal_stop_head_model.pt,0.114,0.0,False,0.5,,,0.7507,False,,,False
normcmp_G_baseline_20260708_153849,831,23.566668,1783521540.660136,-0.25927,0.500268,0.0,3.141553,0.2,0.02632,0.19985,-0.001322,camera_link,23.566668,gnm_closed_loop,,nominal,,True,ok,third_party/visualnav-transformer/model_weights/gnm/gnm.pth,14.78,0.3,0.0263,0.7807,0.0206,3.75,,,gnm_closed_loop,0.2,0.02632,normalized_stop_ab_20260708,G,baseline_no_stop,,,,,,,False,hospital_fresh_medium_G,0.7407,True,0.3,0.02632,0.2,0.02632,True,armed,False,,True,shadow,results/bo_reviewer_packet/temporal_stop_head/22_temporal_stop_head_model.pt,0.109,0.0,False,0.5,,,0.7407,False,,,False
normcmp_G_baseline_20260708_153849,832,23.583335,1783521540.662521,-0.262595,0.500268,0.0,3.141554,0.2,0.02632,0.19985,-0.001322,camera_link,23.583335,gnm_closed_loop,,nominal,,True,ok,third_party/visualnav-transformer/model_weights/gnm/gnm.pth,14.78,0.3,0.0263,0.7807,0.0206,3.75,,,gnm_closed_loop,0.2,0.02632,normalized_stop_ab_20260708,G,baseline_no_stop,,,,,,,False,hospital_fresh_medium_G,0.7374,True,0.3,0.02632,0.2,0.02632,True,armed,False,,True,shadow,results/bo_reviewer_packet/temporal_stop_head/22_temporal_stop_head_model.pt,0.109,0.0,False,0.5,,,0.7407,False,,,False
normcmp_G_baseline_20260708_153849,833,23.600001,1783521540.664391,-0.26592,0.500269,0.0,3.141555,0.2,0.02632,0.19985,-0.001322,camera_link,23.600001,gnm_closed_loop,,nominal,,True,ok,third_party/visualnav-transformer/model_weights/gnm/gnm.pth,14.78,0.3,0.0263,0.7807,0.0206,3.75,,,gnm_closed_loop,0.2,0.02632,normalized_stop_ab_20260708,G,baseline_no_stop,,,,,,,False,hospital_fresh_medium_G,0.7341,True,0.3,0.02632,0.2,0.02632,True,armed,False,,True,shadow,results/bo_reviewer_packet/temporal_stop_head/22_temporal_stop_head_model.pt,0.109,0.0,False,0.5,,,0.7407,False,,,False
normcmp_G_baseline_20260708_153849,834,23.616668,1783521540.688589,-0.269244,0.500269,0.0,3.141556,0.2,0.026712,0.199865,-0.001207,camera_link,23.616668,gnm_closed_loop,,nominal,,True,ok,third_party/visualnav-transformer/model_weights/gnm/gnm.pth,13.11,0.3,0.0267,0.7792,0.0208,3.64,,,gnm_closed_loop,0.2,0.026712,normalized_stop_ab_20260708,G,baseline_no_stop,,,,,,,False,hospital_fresh_medium_G,0.7308,True,0.3,0.026712,0.2,0.026712,True,armed,False,,True,shadow,results/bo_reviewer_packet/temporal_stop_head/22_temporal_stop_head_model.pt,0.117,0.0,False,0.5,,,0.7308,False,,,False
normcmp_G_baseline_20260708_153849,835,23.633335,1783521540.690925,-0.272569,0.500269,0.0,3.141557,0.2,0.026712,0.199865,-0.001207,camera_link,23.633335,gnm_closed_loop,,nominal,,True,ok,third_party/visualnav-transformer/model_weights/gnm/gnm.pth,13.11,0.3,0.0267,0.7792,0.0208,3.64,,,gnm_closed_loop,0.2,0.026712,normalized_stop_ab_20260708,G,baseline_no_stop,,,,,,,False,hospital_fresh_medium_G,0.7274,True,0.3,0.026712,0.2,0.026712,True,armed,False,,True,shadow,results/bo_reviewer_packet/temporal_stop_head/22_temporal_stop_head_model.pt,0.117,0.0,False,0.5,,,0.7308,False,,,False
normcmp_G_baseline_20260708_153849,836,23.650001,1783521540.692828,-0.275894,0.500269,0.0,3.141557,0.2,0.026712,0.199865,-0.001207,camera_link,23.650001,gnm_closed_loop,,nominal,,True,ok,third_party/visualnav-transformer/model_weights/gnm/gnm.pth,13.11,0.3,0.0267,0.7792,0.0208,3.64,,,gnm_closed_loop,0.2,0.026712,normalized_stop_ab_20260708,G,baseline_no_stop,,,,,,,False,hospital_fresh_medium_G,0.7241,True,0.3,0.026712,0.2,0.026712,True,armed,False,,True,shadow,results/bo_reviewer_packet/temporal_stop_head/22_temporal_stop_head_model.pt,0.117,0.0,False,0.5,,,0.7308,False,,,False
normcmp_G_baseline_20260708_153849,837,23.666668,1783521540.721013,-0.279218,0.500269,0.0,3.141558,0.2,0.027148,0.199854,-0.001542,camera_link,23.666668,gnm_closed_loop,,nominal,,True,ok,third_party/visualnav-transformer/model_weights/gnm/gnm.pth,15.84,0.3,0.0271,0.78,0.0212,3.63,,,gnm_closed_loop,0.2,0.027148,normalized_stop_ab_20260708,G,baseline_no_stop,,,,,,,False,hospital_fresh_medium_G,0.7208,True,0.3,0.027148,0.2,0.027148,True,armed,False,,True,shadow,results/bo_reviewer_packet/temporal_stop_head/22_temporal_stop_head_model.pt,0.147,0.0,False,0.5,,,0.7208,False,,,False
normcmp_G_baseline_20260708_153849,838,23.683335,1783521540.723891,-0.282543,0.500269,0.0,3.14156,0.2,0.027148,0.199854,-0.001542,camera_link,23.683335,gnm_closed_loop,,nominal,,True,ok,third_party/visualnav-transformer/model_weights/gnm/gnm.pth,15.84,0.3,0.0271,0.78,0.0212,3.63,,,gnm_closed_loop,0.2,0.027148,normalized_stop_ab_20260708,G,baseline_no_stop,,,,,,,False,hospital_fresh_medium_G,0.7175,True,0.3,0.027148,0.2,0.027148,True,armed,False,,True,shadow,results/bo_reviewer_packet/temporal_stop_head/22_temporal_stop_head_model.pt,0.147,0.0,False,0.5,,,0.7208,False,,,False
normcmp_G_baseline_20260708_153849,839,23.700001,1783521540.72584,-0.285868,0.500269,0.0,3.141561,0.2,0.027148,0.199854,-0.001542,camera_link,23.700001,gnm_closed_loop,,nominal,,True,ok,third_party/visualnav-transformer/model_weights/gnm/gnm.pth,15.84,0.3,0.0271,0.78,0.0212,3.63,,,gnm_closed_loop,0.2,0.027148,normalized_stop_ab_20260708,G,baseline_no_stop,,,,,,,False,hospital_fresh_medium_G,0.7141,True,0.3,0.027148,0.2,0.027148,True,armed,False,,True,shadow,results/bo_reviewer_packet/temporal_stop_head/22_temporal_stop_head_model.pt,0.147,0.0,False,0.5,,,0.7208,False,,,False
normcmp_G_baseline_20260708_153849,840,23.716668,1783521540.754276,-0.289192,0.500269,0.0,3.141561,0.2,0.027227,0.199853,-0.001596,camera_link,23.716668,gnm_closed_loop,,nominal,,True,ok,third_party/visualnav-transformer/model_weights/gnm/gnm.pth,15.92,0.3,0.0272,0.784,0.0214,3.55,,,gnm_closed_loop,0.2,0.027227,normalized_stop_ab_20260708,G,baseline_no_stop,,,,,,,False,hospital_fresh_medium_G,0.7108,True,0.3,0.027227,0.2,0.027227,True,armed,False,,True,shadow,results/bo_reviewer_packet/temporal_stop_head/22_temporal_stop_head_model.pt,0.111,0.0,False,0.5,,,0.7108,False,,,False
normcmp_G_baseline_20260708_153849,841,23.733335,1783521540.756789,-0.292517,0.50027,0.0,3.141562,0.2,0.027227,0.199853,-0.001596,camera_link,23.733335,gnm_closed_loop,,nominal,,True,ok,third_party/visualnav-transformer/model_weights/gnm/gnm.pth,15.92,0.3,0.0272,0.784,0.0214,3.55,,,gnm_closed_loop,0.2,0.027227,normalized_stop_ab_20260708,G,baseline_no_stop,,,,,,,False,hospital_fresh_medium_G,0.7075,True,0.3,0.027227,0.2,0.027227,True,armed,False,,True,shadow,results/bo_reviewer_packet/temporal_stop_head/22_temporal_stop_head_model.pt,0.111,0.0,False,0.5,,,0.7108,False,,,False
normcmp_G_baseline_20260708_153849,842,23.750001,1783521540.758708,-0.295842,0.50027,0.0,3.141563,0.2,0.027227,0.199853,-0.001596,camera_link,23.750001,gnm_closed_loop,,nominal,,True,ok,third_party/visualnav-transformer/model_weights/gnm/gnm.pth,15.92,0.3,0.0272,0.784,0.0214,3.55,,,gnm_closed_loop,0.2,0.027227,normalized_stop_ab_20260708,G,baseline_no_stop,,,,,,,False,hospital_fresh_medium_G,0.7042,True,0.3,0.027227,0.2,0.027227,True,armed,False,,True,shadow,results/bo_reviewer_packet/temporal_stop_head/22_temporal_stop_head_model.pt,0.111,0.0,False,0.5,,,0.7108,False,,,False
normcmp_G_baseline_20260708_153849,843,23.766668,1783521540.78163,-0.299166,0.50027,0.0,3.141565,0.2,0.027636,0.199859,-0.001815,camera_link,23.766668,gnm_closed_loop,,nominal,,True,ok,third_party/visualnav-transformer/model_weights/gnm/gnm.pth,12.89,0.3,0.0276,0.7883,0.0218,3.49,,,gnm_closed_loop,0.2,0.027636,normalized_stop_ab_20260708,G,baseline_no_stop,,,,,,,False,hospital_fresh_medium_G,0.7008,True,0.3,0.027636,0.2,0.027636,True,armed,False,,True,shadow,results/bo_reviewer_packet/temporal_stop_head/22_temporal_stop_head_model.pt,0.119,0.0,False,0.5,,,0.7008,False,,,False
normcmp_G_baseline_20260708_153849,844,23.783335,1783521540.784144,-0.302491,0.50027,0.0,3.141566,0.2,0.027636,0.199859,-0.001815,camera_link,23.783335,gnm_closed_loop,,nominal,,True,ok,third_party/visualnav-transformer/model_weights/gnm/gnm.pth,12.89,0.3,0.0276,0.7883,0.0218,3.49,,,gnm_closed_loop,0.2,0.027636,normalized_stop_ab_20260708,G,baseline_no_stop,,,,,,,False,hospital_fresh_medium_G,0.6975,True,0.3,0.027636,0.2,0.027636,True,armed,False,,True,shadow,results/bo_reviewer_packet/temporal_stop_head/22_temporal_stop_head_model.pt,0.119,0.0,False,0.5,,,0.7008,False,,,False
normcmp_G_baseline_20260708_153849,845,23.800001,1783521540.786154,-0.305816,0.500271,0.0,3.141567,0.2,0.027636,0.199859,-0.001815,camera_link,23.800001,gnm_closed_loop,,nominal,,True,ok,third_party/visualnav-transformer/model_weights/gnm/gnm.pth,12.89,0.3,0.0276,0.7883,0.0218,3.49,,,gnm_closed_loop,0.2,0.027636,normalized_stop_ab_20260708,G,baseline_no_stop,,,,,,,False,hospital_fresh_medium_G,0.6942,True,0.3,0.027636,0.2,0.027636,True,armed,False,,True,shadow,results/bo_reviewer_packet/temporal_stop_head/22_temporal_stop_head_model.pt,0.119,0.0,False,0.5,,,0.7008,False,,,False
normcmp_G_baseline_20260708_153849,846,23.816668,1783521540.81042,-0.30914,0.500271,0.0,3.141568,0.2,0.026815,0.199866,-0.00206,camera_link,23.816668,gnm_closed_loop,,nominal,,True,ok,third_party/visualnav-transformer/model_weights/gnm/gnm.pth,13.92,0.3,0.0268,0.7936,0.0213,3.44,,,gnm_closed_loop,0.2,0.026815,normalized_stop_ab_20260708,G,baseline_no_stop,,,,,,,False,hospital_fresh_medium_G,0.6909,True,0.3,0.026815,0.2,0.026815,True,armed,False,,True,shadow,results/bo_reviewer_packet/temporal_stop_head/22_temporal_stop_head_model.pt,0.116,0.0,False,0.5,,,0.6909,False,,,False
normcmp_G_baseline_20260708_153849,847,23.833335,1783521540.812585,-0.312464,0.500271,0.0,3.141569,0.2,0.026815,0.199866,-0.00206,camera_link,23.833335,gnm_closed_loop,,nominal,,True,ok,third_party/visualnav-transformer/model_weights/gnm/gnm.pth,13.92,0.3,0.0268,0.7936,0.0213,3.44,,,gnm_closed_loop,0.2,0.026815,normalized_stop_ab_20260708,G,baseline_no_stop,,,,,,,False,hospital_fresh_medium_G,0.6875,True,0.3,0.026815,0.2,0.026815,True,armed,False,,True,shadow,results/bo_reviewer_packet/temporal_stop_head/22_temporal_stop_head_model.pt,0.116,0.0,False,0.5,,,0.6909,False,,,False
normcmp_G_baseline_20260708_153849,848,23.850001,1783521540.815655,-0.315788,0.500271,0.0,3.14157,0.2,0.026815,0.199866,-0.00206,camera_link,23.850001,gnm_closed_loop,,nominal,,True,ok,third_party/visualnav-transformer/model_weights/gnm/gnm.pth,13.92,0.3,0.0268,0.7936,0.0213,3.44,,,gnm_closed_loop,0.2,0.026815,normalized_stop_ab_20260708,G,baseline_no_stop,,,,,,,False,hospital_fresh_medium_G,0.6842,True,0.3,0.026815,0.2,0.026815,True,armed,False,,True,shadow,results/bo_reviewer_packet/temporal_stop_head/22_temporal_stop_head_model.pt,0.116,0.0,False,0.5,,,0.6909,False,,,False
normcmp_G_baseline_20260708_153849,849,23.866668,1783521540.839392,-0.319113,0.500271,0.0,3.141571,0.2,0.025943,0.19986,-0.001907,camera_link,23.866668,gnm_closed_loop,,nominal,,True,ok,third_party/visualnav-transformer/model_weights/gnm/gnm.pth,13.02,0.3,0.0259,0.8061,0.0209,3.4,,,gnm_closed_loop,0.2,0.025943,normalized_stop_ab_20260708,G,baseline_no_stop,,,,,,,False,hospital_fresh_medium_G,0.6809,True,0.3,0.025943,0.2,0.025943,True,armed,False,,True,shadow,results/bo_reviewer_packet/temporal_stop_head/22_temporal_stop_head_model.pt,0.111,0.0,False,0.5,,,0.6809,False,,,False
normcmp_G_baseline_20260708_153849,850,23.883335,1783521540.841634,-0.322437,0.500271,0.0,3.141572,0.2,0.025943,0.19986,-0.001907,camera_link,23.883335,gnm_closed_loop,,nominal,,True,ok,third_party/visualnav-transformer/model_weights/gnm/gnm.pth,13.02,0.3,0.0259,0.8061,0.0209,3.4,,,gnm_closed_loop,0.2,0.025943,normalized_stop_ab_20260708,G,baseline_no_stop,,,,,,,False,hospital_fresh_medium_G,0.6776,True,0.3,0.025943,0.2,0.025943,True,armed,False,,True,shadow,results/bo_reviewer_packet/temporal_stop_head/22_temporal_stop_head_model.pt,0.111,0.0,False,0.5,,,0.6809,False,,,False
normcmp_G_baseline_20260708_153849,851,23.900001,1783521540.843626,-0.325762,0.500271,0.0,3.141573,0.2,0.025943,0.19986,-0.001907,camera_link,23.900001,gnm_closed_loop,,nominal,,True,ok,third_party/visualnav-transformer/model_weights/gnm/gnm.pth,13.02,0.3,0.0259,0.8061,0.0209,3.4,,,gnm_closed_loop,0.2,0.025943,normalized_stop_ab_20260708,G,baseline_no_stop,,,,,,,False,hospital_fresh_medium_G,0.6742,True,0.3,0.025943,0.2,0.025943,True,armed,False,,True,shadow,results/bo_reviewer_packet/temporal_stop_head/22_temporal_stop_head_model.pt,0.111,0.0,False,0.5,,,0.6809,False,,,False
normcmp_G_baseline_20260708_153849,852,23.916668,1783521540.866099,-0.329087,0.500271,0.0,3.141574,0.2,0.025044,0.19985,-0.001128,camera_link,23.916668,gnm_closed_loop,,nominal,,True,ok,third_party/visualnav-transformer/model_weights/gnm/gnm.pth,12.94,0.3,0.025,0.8165,0.0205,3.4,,,gnm_closed_loop,0.2,0.025044,normalized_stop_ab_20260708,G,baseline_no_stop,,,,,,,False,hospital_fresh_medium_G,0.6709,True,0.3,0.025044,0.2,0.025044,True,armed,False,,True,shadow,results/bo_reviewer_packet/temporal_stop_head/22_temporal_stop_head_model.pt,0.123,0.0,False,0.5,,,0.6709,False,,,False
normcmp_G_baseline_20260708_153849,853,23.933335,1783521540.868626,-0.332411,0.500272,0.0,3.141575,0.2,0.025044,0.19985,-0.001128,camera_link,23.933335,gnm_closed_loop,,nominal,,True,ok,third_party/visualnav-transformer/model_weights/gnm/gnm.pth,12.94,0.3,0.025,0.8165,0.0205,3.4,,,gnm_closed_loop,0.2,0.025044,normalized_stop_ab_20260708,G,baseline_no_stop,,,,,,,False,hospital_fresh_medium_G,0.6676,True,0.3,0.025044,0.2,0.025044,True,armed,False,,True,shadow,results/bo_reviewer_packet/temporal_stop_head/22_temporal_stop_head_model.pt,0.123,0.0,False,0.5,,,0.6709,False,,,False
normcmp_G_baseline_20260708_153849,854,23.950001,1783521540.8705,-0.335736,0.500272,0.0,3.141576,0.2,0.025044,0.19985,-0.001128,camera_link,23.950001,gnm_closed_loop,,nominal,,True,ok,third_party/visualnav-transformer/model_weights/gnm/gnm.pth,12.94,0.3,0.025,0.8165,0.0205,3.4,,,gnm_closed_loop,0.2,0.025044,normalized_stop_ab_20260708,G,baseline_no_stop,,,,,,,False,hospital_fresh_medium_G,0.6643,True,0.3,0.025044,0.2,0.025044,True,armed,False,,True,shadow,results/bo_reviewer_packet/temporal_stop_head/22_temporal_stop_head_model.pt,0.123,0.0,False,0.5,,,0.6709,False,,,False
normcmp_G_baseline_20260708_153849,855,23.966668,1783521540.895893,-0.339061,0.500272,0.0,3.141577,0.2,0.023923,0.199853,-0.001871,camera_link,23.966668,gnm_closed_loop,,nominal,,True,ok,third_party/visualnav-transformer/model_weights/gnm/gnm.pth,14.83,0.3,0.0239,0.828,0.0198,3.34,,,gnm_closed_loop,0.2,0.023923,normalized_stop_ab_20260708,G,baseline_no_stop,,,,,,,False,hospital_fresh_medium_G,0.6609,True,0.3,0.023923,0.2,0.023923,True,armed,False,,True,shadow,results/bo_reviewer_packet/temporal_stop_head/22_temporal_stop_head_model.pt,0.121,0.0,False,0.5,,,0.6609,False,,,False
normcmp_G_baseline_20260708_153849,856,23.983335,1783521540.898382,-0.342385,0.500272,0.0,3.141578,0.2,0.023923,0.199853,-0.001871,camera_link,23.983335,gnm_closed_loop,,nominal,,True,ok,third_party/visualnav-transformer/model_weights/gnm/gnm.pth,14.83,0.3,0.0239,0.828,0.0198,3.34,,,gnm_closed_loop,0.2,0.023923,normalized_stop_ab_20260708,G,baseline_no_stop,,,,,,,False,hospital_fresh_medium_G,0.6576,True,0.3,0.023923,0.2,0.023923,True,armed,False,,True,shadow,results/bo_reviewer_packet/temporal_stop_head/22_temporal_stop_head_model.pt,0.121,0.0,False,0.5,,,0.6609,False,,,False
normcmp_G_baseline_20260708_153849,857,24.000001,1783521540.900235,-0.34571,0.500272,0.0,3.141579,0.2,0.023923,0.199853,-0.001871,camera_link,24.000001,gnm_closed_loop,,nominal,,True,ok,third_party/visualnav-transformer/model_weights/gnm/gnm.pth,14.83,0.3,0.0239,0.828,0.0198,3.34,,,gnm_closed_loop,0.2,0.023923,normalized_stop_ab_20260708,G,baseline_no_stop,,,,,,,False,hospital_fresh_medium_G,0.6543,True,0.3,0.023923,0.2,0.023923,True,armed,False,,True,shadow,results/bo_reviewer_packet/temporal_stop_head/22_temporal_stop_head_model.pt,0.121,0.0,False,0.5,,,0.6609,False,,,False
normcmp_G_baseline_20260708_153849,858,24.016668,1783521540.924064,-0.349035,0.500272,0.0,3.14158,0.2,0.022281,0.199847,-0.001634,camera_link,24.016668,gnm_closed_loop,,nominal,,True,ok,third_party/visualnav-transformer/model_weights/gnm/gnm.pth,12.94,0.3,0.0223,0.8399,0.0187,3.28,,,gnm_closed_loop,0.2,0.022281,normalized_stop_ab_20260708,G,baseline_no_stop,,,,,,,False,hospital_fresh_medium_G,0.651,True,0.3,0.022281,0.2,0.022281,True,armed,False,,True,shadow,results/bo_reviewer_packet/temporal_stop_head/22_temporal_stop_head_model.pt,0.109,0.0,False,0.5,,,0.651,False,,,False
normcmp_G_baseline_20260708_153849,859,24.033335,1783521540.927569,-0.352359,0.500272,0.0,3.141581,0.2,0.022281,0.199847,-0.001634,camera_link,24.033335,gnm_closed_loop,,nominal,,True,ok,third_party/visualnav-transformer/model_weights/gnm/gnm.pth,12.94,0.3,0.0223,0.8399,0.0187,3.28,,,gnm_closed_loop,0.2,0.022281,normalized_stop_ab_20260708,G,baseline_no_stop,,,,,,,False,hospital_fresh_medium_G,0.6476,True,0.3,0.022281,0.2,0.022281,True,armed,False,,True,shadow,results/bo_reviewer_packet/temporal_stop_head/22_temporal_stop_head_model.pt,0.109,0.0,False,0.5,,,0.651,False,,,False
normcmp_G_baseline_20260708_153849,860,24.050001,1783521540.929608,-0.355684,0.500273,0.0,3.141582,0.2,0.022281,0.199847,-0.001634,camera_link,24.050001,gnm_closed_loop,,nominal,,True,ok,third_party/visualnav-transformer/model_weights/gnm/gnm.pth,12.94,0.3,0.0223,0.8399,0.0187,3.28,,,gnm_closed_loop,0.2,0.022281,normalized_stop_ab_20260708,G,baseline_no_stop,,,,,,,False,hospital_fresh_medium_G,0.6443,True,0.3,0.022281,0.2,0.022281,True,armed,False,,True,shadow,results/bo_reviewer_packet/temporal_stop_head/22_temporal_stop_head_model.pt,0.109,0.0,False,0.5,,,0.651,False,,,False
normcmp_G_baseline_20260708_153849,861,24.066668,1783521540.953379,-0.359008,0.500273,0.0,3.141583,0.2,0.0218,0.199862,-0.001442,camera_link,24.066668,gnm_closed_loop,,nominal,,True,ok,third_party/visualnav-transformer/model_weights/gnm/gnm.pth,12.69,0.3,0.0218,0.8496,0.0185,3.25,,,gnm_closed_loop,0.2,0.0218,normalized_stop_ab_20260708,G,baseline_no_stop,,,,,,,False,hospital_fresh_medium_G,0.641,True,0.3,0.0218,0.2,0.0218,True,armed,False,,True,shadow,results/bo_reviewer_packet/temporal_stop_head/22_temporal_stop_head_model.pt,0.121,0.0,False,0.5,,,0.641,False,,,False
normcmp_G_baseline_20260708_153849,862,24.083335,1783521540.956872,-0.362333,0.500273,0.0,3.141583,0.2,0.0218,0.199862,-0.001442,camera_link,24.083335,gnm_closed_loop,,nominal,,True,ok,third_party/visualnav-transformer/model_weights/gnm/gnm.pth,12.69,0.3,0.0218,0.8496,0.0185,3.25,,,gnm_closed_loop,0.2,0.0218,normalized_stop_ab_20260708,G,baseline_no_stop,,,,,,,False,hospital_fresh_medium_G,0.6377,True,0.3,0.0218,0.2,0.0218,True,armed,False,,True,shadow,results/bo_reviewer_packet/temporal_stop_head/22_temporal_stop_head_model.pt,0.121,0.0,False,0.5,,,0.641,False,,,False
normcmp_G_baseline_20260708_153849,863,24.100001,1783521540.959157,-0.365657,0.500273,0.0,3.141584,0.2,0.0218,0.199862,-0.001442,camera_link,24.100001,gnm_closed_loop,,nominal,,True,ok,third_party/visualnav-transformer/model_weights/gnm/gnm.pth,12.69,0.3,0.0218,0.8496,0.0185,3.25,,,gnm_closed_loop,0.2,0.0218,normalized_stop_ab_20260708,G,baseline_no_stop,,,,,,,False,hospital_fresh_medium_G,0.6343,True,0.3,0.0218,0.2,0.0218,True,armed,False,,True,shadow,results/bo_reviewer_packet/temporal_stop_head/22_temporal_stop_head_model.pt,0.121,0.0,False,0.5,,,0.641,False,,,False
normcmp_G_baseline_20260708_153849,864,24.116668,1783521540.983373,-0.368982,0.500273,0.0,3.141585,0.2,0.02248,0.199858,-0.000815,camera_link,24.116668,gnm_closed_loop,,nominal,,True,ok,third_party/visualnav-transformer/model_weights/gnm/gnm.pth,14.26,0.3,0.0225,0.8563,0.0193,3.19,,,gnm_closed_loop,0.2,0.02248,normalized_stop_ab_20260708,G,baseline_no_stop,,,,,,,False,hospital_fresh_medium_G,0.631,True,0.3,0.02248,0.2,0.02248,True,armed,False,,True,shadow,results/bo_reviewer_packet/temporal_stop_head/22_temporal_stop_head_model.pt,0.107,0.0,False,0.5,,,0.631,False,,,False
normcmp_G_baseline_20260708_153849,865,24.133335,1783521540.986714,-0.372307,0.500273,0.0,3.141586,0.2,0.02248,0.199858,-0.000815,camera_link,24.133335,gnm_closed_loop,,nominal,,True,ok,third_party/visualnav-transformer/model_weights/gnm/gnm.pth,14.26,0.3,0.0225,0.8563,0.0193,3.19,,,gnm_closed_loop,0.2,0.02248,normalized_stop_ab_20260708,G,baseline_no_stop,,,,,,,False,hospital_fresh_medium_G,0.6277,True,0.3,0.02248,0.2,0.02248,True,armed,False,,True,shadow,results/bo_reviewer_packet/temporal_stop_head/22_temporal_stop_head_model.pt,0.107,0.0,False,0.5,,,0.631,False,,,False
normcmp_G_baseline_20260708_153849,866,24.150001,1783521540.99021,-0.375631,0.500273,0.0,3.141586,0.2,0.02248,0.199858,-0.000815,camera_link,24.150001,gnm_closed_loop,,nominal,,True,ok,third_party/visualnav-transformer/model_weights/gnm/gnm.pth,14.26,0.3,0.0225,0.8563,0.0193,3.19,,,gnm_closed_loop,0.2,0.02248,normalized_stop_ab_20260708,G,baseline_no_stop,,,,,,,False,hospital_fresh_medium_G,0.6244,True,0.3,0.02248,0.2,0.02248,True,armed,False,,True,shadow,results/bo_reviewer_packet/temporal_stop_head/22_temporal_stop_head_model.pt,0.107,0.0,False,0.5,,,0.631,False,,,False
normcmp_G_baseline_20260708_153849,867,24.166668,1783521541.041949,-0.378956,0.500273,0.0,3.141587,0.2,0.024026,0.199858,-0.000569,camera_link,24.166668,gnm_closed_loop,,nominal,,True,ok,third_party/visualnav-transformer/model_weights/gnm/gnm.pth,29.26,0.3,0.024,0.8606,0.0207,3.08,,,gnm_closed_loop,0.2,0.024026,normalized_stop_ab_20260708,G,baseline_no_stop,,,,,,,False,hospital_fresh_medium_G,0.621,True,0.3,0.024026,0.2,0.024026,True,armed,False,,True,shadow,results/bo_reviewer_packet/temporal_stop_head/22_temporal_stop_head_model.pt,0.123,0.0,False,0.5,,,0.621,False,,,False
normcmp_G_baseline_20260708_153849,868,24.183335,1783521541.044312,-0.38228,0.500273,0.0,3.141587,0.2,0.024026,0.199858,-0.000569,camera_link,24.183335,gnm_closed_loop,,nominal,,True,ok,third_party/visualnav-transformer/model_weights/gnm/gnm.pth,29.26,0.3,0.024,0.8606,0.0207,3.08,,,gnm_closed_loop,0.2,0.024026,normalized_stop_ab_20260708,G,baseline_no_stop,,,,,,,False,hospital_fresh_medium_G,0.6177,True,0.3,0.024026,0.2,0.024026,True,armed,False,,True,shadow,results/bo_reviewer_packet/temporal_stop_head/22_temporal_stop_head_model.pt,0.123,0.0,False,0.5,,,0.621,False,,,False
normcmp_G_baseline_20260708_153849,869,24.200001,1783521541.046102,-0.385605,0.500273,0.0,3.141588,0.2,0.024026,0.199858,-0.000569,camera_link,24.200001,gnm_closed_loop,,nominal,,True,ok,third_party/visualnav-transformer/model_weights/gnm/gnm.pth,29.26,0.3,0.024,0.8606,0.0207,3.08,,,gnm_closed_loop,0.2,0.024026,normalized_stop_ab_20260708,G,baseline_no_stop,,,,,,,False,hospital_fresh_medium_G,0.6144,True,0.3,0.024026,0.2,0.024026,True,armed,False,,True,shadow,results/bo_reviewer_packet/temporal_stop_head/22_temporal_stop_head_model.pt,0.123,0.0,False,0.5,,,0.621,False,,,False
normcmp_G_baseline_20260708_153849,870,24.216668,1783521541.071793,-0.38893,0.500273,0.0,3.141589,0.2,0.024042,0.199861,-0.001791,camera_link,24.216668,gnm_closed_loop,,nominal,,True,ok,third_party/visualnav-transformer/model_weights/gnm/gnm.pth,13.51,0.3,0.024,0.8689,0.0209,3.03,,,gnm_closed_loop,0.2,0.024042,normalized_stop_ab_20260708,G,baseline_no_stop,,,,,,,False,hospital_fresh_medium_G,0.6111,True,0.3,0.024042,0.2,0.024042,True,armed,False,,True,shadow,results/bo_reviewer_packet/temporal_stop_head/22_temporal_stop_head_model.pt,0.117,0.0,False,0.5,,,0.6111,False,,,False
normcmp_G_baseline_20260708_153849,871,24.233335,1783521541.074716,-0.392254,0.500274,0.0,3.141591,0.2,0.024042,0.199861,-0.001791,camera_link,24.233335,gnm_closed_loop,,nominal,,True,ok,third_party/visualnav-transformer/model_weights/gnm/gnm.pth,13.51,0.3,0.024,0.8689,0.0209,3.03,,,gnm_closed_loop,0.2,0.024042,normalized_stop_ab_20260708,G,baseline_no_stop,,,,,,,False,hospital_fresh_medium_G,0.6077,True,0.3,0.024042,0.2,0.024042,True,armed,False,,True,shadow,results/bo_reviewer_packet/temporal_stop_head/22_temporal_stop_head_model.pt,0.117,0.0,False,0.5,,,0.6111,False,,,False
normcmp_G_baseline_20260708_153849,872,24.250001,1783521541.078218,-0.395579,0.500274,0.0,3.141591,0.2,0.024042,0.199861,-0.001791,camera_link,24.250001,gnm_closed_loop,,nominal,,True,ok,third_party/visualnav-transformer/model_weights/gnm/gnm.pth,13.51,0.3,0.024,0.8689,0.0209,3.03,,,gnm_closed_loop,0.2,0.024042,normalized_stop_ab_20260708,G,baseline_no_stop,,,,,,,False,hospital_fresh_medium_G,0.6044,True,0.3,0.024042,0.2,0.024042,True,armed,False,,True,shadow,results/bo_reviewer_packet/temporal_stop_head/22_temporal_stop_head_model.pt,0.117,0.0,False,0.5,,,0.6111,False,,,False
normcmp_G_baseline_20260708_153849,873,24.266668,1783521541.114312,-0.398903,0.500274,0.0,3.141592,0.2,0.027598,0.199859,-0.001181,camera_link,24.266668,gnm_closed_loop,,nominal,,True,ok,third_party/visualnav-transformer/model_weights/gnm/gnm.pth,17.95,0.3,0.0276,0.8693,0.024,2.93,,,gnm_closed_loop,0.2,0.027598,normalized_stop_ab_20260708,G,baseline_no_stop,,,,,,,False,hospital_fresh_medium_G,0.6011,True,0.3,0.027598,0.2,0.027598,True,armed,False,,True,shadow,results/bo_reviewer_packet/temporal_stop_head/22_temporal_stop_head_model.pt,0.142,0.0,False,0.5,,,0.6011,False,,,False
normcmp_G_baseline_20260708_153849,874,24.283335,1783521541.118184,-0.402227,0.500273,0.0,-3.141592,0.2,0.027598,0.199859,-0.001181,camera_link,24.283335,gnm_closed_loop,,nominal,,True,ok,third_party/visualnav-transformer/model_weights/gnm/gnm.pth,17.95,0.3,0.0276,0.8693,0.024,2.93,,,gnm_closed_loop,0.2,0.027598,normalized_stop_ab_20260708,G,baseline_no_stop,,,,,,,False,hospital_fresh_medium_G,0.5978,True,0.3,0.027598,0.2,0.027598,True,armed,False,,True,shadow,results/bo_reviewer_packet/temporal_stop_head/22_temporal_stop_head_model.pt,0.142,0.0,False,0.5,,,0.6011,False,,,False
normcmp_G_baseline_20260708_153849,875,24.300001,1783521541.121343,-0.405552,0.500273,0.0,-3.141591,0.2,0.027598,0.199859,-0.001181,camera_link,24.300001,gnm_closed_loop,,nominal,,True,ok,third_party/visualnav-transformer/model_weights/gnm/gnm.pth,17.95,0.3,0.0276,0.8693,0.024,2.93,,,gnm_closed_loop,0.2,0.027598,normalized_stop_ab_20260708,G,baseline_no_stop,,,,,,,False,hospital_fresh_medium_G,0.5944,True,0.3,0.027598,0.2,0.027598,True,armed,False,,True,shadow,results/bo_reviewer_packet/temporal_stop_head/22_temporal_stop_head_model.pt,0.142,0.0,False,0.5,,,0.6011,False,,,False
normcmp_G_baseline_20260708_153849,876,24.316668,1783521541.15519,-0.408876,0.500274,0.0,-3.14159,0.2,0.031574,0.19986,-0.001787,camera_link,24.316668,gnm_closed_loop,,nominal,,True,ok,third_party/visualnav-transformer/model_weights/gnm/gnm.pth,13.2,0.3,0.0316,0.8656,0.0273,2.88,,,gnm_closed_loop,0.2,0.031574,normalized_stop_ab_20260708,G,baseline_no_stop,,,,,,,False,hospital_fresh_medium_G,0.5911,True,0.3,0.031574,0.2,0.031574,True,armed,False,,True,shadow,results/bo_reviewer_packet/temporal_stop_head/22_temporal_stop_head_model.pt,0.121,0.0,False,0.5,,,0.5911,False,,,False
normcmp_G_baseline_20260708_153849,877,24.333335,1783521541.15766,-0.4122,0.500274,0.0,-3.141589,0.2,0.031574,0.19986,-0.001787,camera_link,24.333335,gnm_closed_loop,,nominal,,True,ok,third_party/visualnav-transformer/model_weights/gnm/gnm.pth,13.2,0.3,0.0316,0.8656,0.0273,2.88,,,gnm_closed_loop,0.2,0.031574,normalized_stop_ab_20260708,G,baseline_no_stop,,,,,,,False,hospital_fresh_medium_G,0.5878,True,0.3,0.031574,0.2,0.031574,True,armed,False,,True,shadow,results/bo_reviewer_packet/temporal_stop_head/22_temporal_stop_head_model.pt,0.121,0.0,False,0.5,,,0.5911,False,,,False
normcmp_G_baseline_20260708_153849,878,24.350001,1783521541.159563,-0.415525,0.500274,0.0,-3.141588,0.2,0.031574,0.19986,-0.001787,camera_link,24.350001,gnm_closed_loop,,nominal,,True,ok,third_party/visualnav-transformer/model_weights/gnm/gnm.pth,13.2,0.3,0.0316,0.8656,0.0273,2.88,,,gnm_closed_loop,0.2,0.031574,normalized_stop_ab_20260708,G,baseline_no_stop,,,,,,,False,hospital_fresh_medium_G,0.5845,True,0.3,0.031574,0.2,0.031574,True,armed,False,,True,shadow,results/bo_reviewer_packet/temporal_stop_head/22_temporal_stop_head_model.pt,0.121,0.0,False,0.5,,,0.5911,False,,,False
normcmp_G_baseline_20260708_153849,879,24.366668,1783521541.18926,-0.41885,0.500274,0.0,-3.141586,0.2,0.036099,0.199867,-0.001815,camera_link,24.366668,gnm_closed_loop,,nominal,,True,ok,third_party/visualnav-transformer/model_weights/gnm/gnm.pth,17.32,0.3,0.0361,0.8624,0.0311,2.83,,,gnm_closed_loop,0.2,0.036099,normalized_stop_ab_20260708,G,baseline_no_stop,,,,,,,False,hospital_fresh_medium_G,0.5812,True,0.3,0.036099,0.2,0.036099,True,armed,False,,True,shadow,results/bo_reviewer_packet/temporal_stop_head/22_temporal_stop_head_model.pt,0.148,0.0,False,0.5,,,0.5812,False,,,False
normcmp_G_baseline_20260708_153849,880,24.383335,1783521541.192339,-0.422174,0.500274,0.0,-3.141585,0.2,0.036099,0.199867,-0.001815,camera_link,24.383335,gnm_closed_loop,,nominal,,True,ok,third_party/visualnav-transformer/model_weights/gnm/gnm.pth,17.32,0.3,0.0361,0.8624,0.0311,2.83,,,gnm_closed_loop,0.2,0.036099,normalized_stop_ab_20260708,G,baseline_no_stop,,,,,,,False,hospital_fresh_medium_G,0.5778,True,0.3,0.036099,0.2,0.036099,True,armed,False,,True,shadow,results/bo_reviewer_packet/temporal_stop_head/22_temporal_stop_head_model.pt,0.148,0.0,False,0.5,,,0.5812,False,,,False
normcmp_G_baseline_20260708_153849,881,24.400001,1783521541.194483,-0.425499,0.500274,0.0,-3.141584,0.2,0.036099,0.199867,-0.001815,camera_link,24.400001,gnm_closed_loop,,nominal,,True,ok,third_party/visualnav-transformer/model_weights/gnm/gnm.pth,17.32,0.3,0.0361,0.8624,0.0311,2.83,,,gnm_closed_loop,0.2,0.036099,normalized_stop_ab_20260708,G,baseline_no_stop,,,,,,,False,hospital_fresh_medium_G,0.5745,True,0.3,0.036099,0.2,0.036099,True,armed,False,,True,shadow,results/bo_reviewer_packet/temporal_stop_head/22_temporal_stop_head_model.pt,0.148,0.0,False,0.5,,,0.5812,False,,,False
normcmp_G_baseline_20260708_153849,882,24.416668,1783521541.225952,-0.428823,0.500274,0.0,-3.141583,0.2,0.039972,0.199867,-0.001695,camera_link,24.416668,gnm_closed_loop,,nominal,,True,ok,third_party/visualnav-transformer/model_weights/gnm/gnm.pth,16.73,0.3,0.04,0.8651,0.0346,2.82,,,gnm_closed_loop,0.2,0.039972,normalized_stop_ab_20260708,G,baseline_no_stop,,,,,,,False,hospital_fresh_medium_G,0.5712,True,0.3,0.039972,0.2,0.039972,True,armed,False,,True,shadow,results/bo_reviewer_packet/temporal_stop_head/22_temporal_stop_head_model.pt,0.118,0.0,False,0.5,,,0.5712,False,,,False
normcmp_G_baseline_20260708_153849,883,24.433335,1783521541.228442,-0.432148,0.500274,0.0,-3.141581,0.2,0.039972,0.199867,-0.001695,camera_link,24.433335,gnm_closed_loop,,nominal,,True,ok,third_party/visualnav-transformer/model_weights/gnm/gnm.pth,16.73,0.3,0.04,0.8651,0.0346,2.82,,,gnm_closed_loop,0.2,0.039972,normalized_stop_ab_20260708,G,baseline_no_stop,,,,,,,False,hospital_fresh_medium_G,0.5679,True,0.3,0.039972,0.2,0.039972,True,armed,False,,True,shadow,results/bo_reviewer_packet/temporal_stop_head/22_temporal_stop_head_model.pt,0.118,0.0,False,0.5,,,0.5712,False,,,False
normcmp_G_baseline_20260708_153849,884,24.450001,1783521541.230387,-0.435473,0.500274,0.0,-3.14158,0.2,0.039972,0.199867,-0.001695,camera_link,24.450001,gnm_closed_loop,,nominal,,True,ok,third_party/visualnav-transformer/model_weights/gnm/gnm.pth,16.73,0.3,0.04,0.8651,0.0346,2.82,,,gnm_closed_loop,0.2,0.039972,normalized_stop_ab_20260708,G,baseline_no_stop,,,,,,,False,hospital_fresh_medium_G,0.5645,True,0.3,0.039972,0.2,0.039972,True,armed,False,,True,shadow,results/bo_reviewer_packet/temporal_stop_head/22_temporal_stop_head_model.pt,0.118,0.0,False,0.5,,,0.5712,False,,,False
normcmp_G_baseline_20260708_153849,885,24.466668,1783521541.264089,-0.438798,0.500274,0.0,-3.141579,0.2,0.042599,0.199873,-0.002179,camera_link,24.466668,gnm_closed_loop,,nominal,,True,ok,third_party/visualnav-transformer/model_weights/gnm/gnm.pth,21.36,0.3,0.0426,0.8724,0.0372,2.77,,,gnm_closed_loop,0.2,0.042599,normalized_stop_ab_20260708,G,baseline_no_stop,,,,,,,False,hospital_fresh_medium_G,0.5612,True,0.3,0.042599,0.2,0.042599,True,armed,False,,True,shadow,results/bo_reviewer_packet/temporal_stop_head/22_temporal_stop_head_model.pt,0.15,0.0,False,0.5,,,0.5612,False,,,False
normcmp_G_baseline_20260708_153849,886,24.483335,1783521541.266494,-0.442122,0.500274,0.0,-3.141577,0.2,0.042599,0.199873,-0.002179,camera_link,24.483335,gnm_closed_loop,,nominal,,True,ok,third_party/visualnav-transformer/model_weights/gnm/gnm.pth,21.36,0.3,0.0426,0.8724,0.0372,2.77,,,gnm_closed_loop,0.2,0.042599,normalized_stop_ab_20260708,G,baseline_no_stop,,,,,,,False,hospital_fresh_medium_G,0.5579,True,0.3,0.042599,0.2,0.042599,True,armed,False,,True,shadow,results/bo_reviewer_packet/temporal_stop_head/22_temporal_stop_head_model.pt,0.15,0.0,False,0.5,,,0.5612,False,,,False
normcmp_G_baseline_20260708_153849,887,24.500001,1783521541.268409,-0.445447,0.500274,0.0,-3.141576,0.2,0.042599,0.199873,-0.002179,camera_link,24.500001,gnm_closed_loop,,nominal,,True,ok,third_party/visualnav-transformer/model_weights/gnm/gnm.pth,21.36,0.3,0.0426,0.8724,0.0372,2.77,,,gnm_closed_loop,0.2,0.042599,normalized_stop_ab_20260708,G,baseline_no_stop,,,,,,,False,hospital_fresh_medium_G,0.5546,True,0.3,0.042599,0.2,0.042599,True,armed,False,,True,shadow,results/bo_reviewer_packet/temporal_stop_head/22_temporal_stop_head_model.pt,0.15,0.0,False,0.5,,,0.5612,False,,,False
normcmp_G_baseline_20260708_153849,888,24.516668,1783521541.291899,-0.448772,0.500274,0.0,-3.141574,0.2,0.039234,0.199864,-0.002426,camera_link,24.516668,gnm_closed_loop,,nominal,,True,ok,third_party/visualnav-transformer/model_weights/gnm/gnm.pth,13.08,0.3,0.0392,0.8826,0.0346,2.72,,,gnm_closed_loop,0.2,0.039234,normalized_stop_ab_20260708,G,baseline_no_stop,,,,,,,False,hospital_fresh_medium_G,0.5512,True,0.3,0.039234,0.2,0.039234,True,armed,False,,True,shadow,results/bo_reviewer_packet/temporal_stop_head/22_temporal_stop_head_model.pt,0.117,0.0,False,0.5,,,0.5512,False,,,False
normcmp_G_baseline_20260708_153849,889,24.533335,1783521541.294239,-0.452097,0.500274,0.0,-3.141573,0.2,0.039234,0.199864,-0.002426,camera_link,24.533335,gnm_closed_loop,,nominal,,True,ok,third_party/visualnav-transformer/model_weights/gnm/gnm.pth,13.08,0.3,0.0392,0.8826,0.0346,2.72,,,gnm_closed_loop,0.2,0.039234,normalized_stop_ab_20260708,G,baseline_no_stop,,,,,,,False,hospital_fresh_medium_G,0.5479,True,0.3,0.039234,0.2,0.039234,True,armed,False,,True,shadow,results/bo_reviewer_packet/temporal_stop_head/22_temporal_stop_head_model.pt,0.117,0.0,False,0.5,,,0.5512,False,,,False
normcmp_G_baseline_20260708_153849,890,24.550001,1783521541.29608,-0.455421,0.500274,0.0,-3.141571,0.2,0.039234,0.199864,-0.002426,camera_link,24.550001,gnm_closed_loop,,nominal,,True,ok,third_party/visualnav-transformer/model_weights/gnm/gnm.pth,13.08,0.3,0.0392,0.8826,0.0346,2.72,,,gnm_closed_loop,0.2,0.039234,normalized_stop_ab_20260708,G,baseline_no_stop,,,,,,,False,hospital_fresh_medium_G,0.5446,True,0.3,0.039234,0.2,0.039234,True,armed,False,,True,shadow,results/bo_reviewer_packet/temporal_stop_head/22_temporal_stop_head_model.pt,0.117,0.0,False,0.5,,,0.5512,False,,,False
normcmp_G_baseline_20260708_153849,891,24.566668,1783521541.322471,-0.458746,0.500274,0.0,-3.14157,0.2,0.0385,0.199867,-0.002113,camera_link,24.566668,gnm_closed_loop,,nominal,,True,ok,third_party/visualnav-transformer/model_weights/gnm/gnm.pth,12.95,0.3,0.0385,0.8852,0.0341,2.67,,,gnm_closed_loop,0.2,0.0385,normalized_stop_ab_20260708,G,baseline_no_stop,,,,,,,False,hospital_fresh_medium_G,0.5413,True,0.3,0.0385,0.2,0.0385,True,armed,False,,True,shadow,results/bo_reviewer_packet/temporal_stop_head/22_temporal_stop_head_model.pt,0.112,0.0,False,0.5,,,0.5413,False,,,False
normcmp_G_baseline_20260708_153849,892,24.583335,1783521541.324929,-0.462071,0.500274,0.0,-3.141568,0.2,0.0385,0.199867,-0.002113,camera_link,24.583335,gnm_closed_loop,,nominal,,True,ok,third_party/visualnav-transformer/model_weights/gnm/gnm.pth,12.95,0.3,0.0385,0.8852,0.0341,2.67,,,gnm_closed_loop,0.2,0.0385,normalized_stop_ab_20260708,G,baseline_no_stop,,,,,,,False,hospital_fresh_medium_G,0.5379,True,0.3,0.0385,0.2,0.0385,True,armed,False,,True,shadow,results/bo_reviewer_packet/temporal_stop_head/22_temporal_stop_head_model.pt,0.112,0.0,False,0.5,,,0.5413,False,,,False
normcmp_G_baseline_20260708_153849,893,24.600001,1783521541.326803,-0.465395,0.500274,0.0,-3.141567,0.2,0.0385,0.199867,-0.002113,camera_link,24.600001,gnm_closed_loop,,nominal,,True,ok,third_party/visualnav-transformer/model_weights/gnm/gnm.pth,12.95,0.3,0.0385,0.8852,0.0341,2.67,,,gnm_closed_loop,0.2,0.0385,normalized_stop_ab_20260708,G,baseline_no_stop,,,,,,,False,hospital_fresh_medium_G,0.5346,True,0.3,0.0385,0.2,0.0385,True,armed,False,,True,shadow,results/bo_reviewer_packet/temporal_stop_head/22_temporal_stop_head_model.pt,0.112,0.0,False,0.5,,,0.5413,False,,,False
normcmp_G_baseline_20260708_153849,894,24.616668,1783521541.350111,-0.46872,0.500274,0.0,-3.141565,0.2,0.036642,0.199868,-0.002415,camera_link,24.616668,gnm_closed_loop,,nominal,,True,ok,third_party/visualnav-transformer/model_weights/gnm/gnm.pth,13.26,0.3,0.0366,0.8897,0.0326,2.65,,,gnm_closed_loop,0.2,0.036642,normalized_stop_ab_20260708,G,baseline_no_stop,,,,,,,False,hospital_fresh_medium_G,0.5313,True,0.3,0.036642,0.2,0.036642,True,armed,False,,True,shadow,results/bo_reviewer_packet/temporal_stop_head/22_temporal_stop_head_model.pt,0.135,0.0005,False,0.5,,,0.5313,False,,,False
normcmp_G_baseline_20260708_153849,895,24.633335,1783521541.352415,-0.472045,0.500274,0.0,-3.141564,0.2,0.036642,0.199868,-0.002415,camera_link,24.633335,gnm_closed_loop,,nominal,,True,ok,third_party/visualnav-transformer/model_weights/gnm/gnm.pth,13.26,0.3,0.0366,0.8897,0.0326,2.65,,,gnm_closed_loop,0.2,0.036642,normalized_stop_ab_20260708,G,baseline_no_stop,,,,,,,False,hospital_fresh_medium_G,0.528,True,0.3,0.036642,0.2,0.036642,True,armed,False,,True,shadow,results/bo_reviewer_packet/temporal_stop_head/22_temporal_stop_head_model.pt,0.135,0.0005,False,0.5,,,0.5313,False,,,False
normcmp_G_baseline_20260708_153849,896,24.650001,1783521541.355525,-0.475369,0.500274,0.0,-3.141563,0.2,0.036642,0.199868,-0.002415,camera_link,24.650001,gnm_closed_loop,,nominal,,True,ok,third_party/visualnav-transformer/model_weights/gnm/gnm.pth,13.26,0.3,0.0366,0.8897,0.0326,2.65,,,gnm_closed_loop,0.2,0.036642,normalized_stop_ab_20260708,G,baseline_no_stop,,,,,,,False,hospital_fresh_medium_G,0.5246,True,0.3,0.036642,0.2,0.036642,True,armed,False,,True,shadow,results/bo_reviewer_packet/temporal_stop_head/22_temporal_stop_head_model.pt,0.135,0.0005,False,0.5,,,0.5313,False,,,False
normcmp_G_baseline_20260708_153849,897,24.666668,1783521541.3837,-0.478694,0.500274,0.0,-3.141562,0.2,0.036164,0.199849,-0.001966,camera_link,24.666668,gnm_closed_loop,,nominal,,True,ok,third_party/visualnav-transformer/model_weights/gnm/gnm.pth,14.86,0.3,0.0362,0.8917,0.0323,2.65,,,gnm_closed_loop,0.2,0.036164,normalized_stop_ab_20260708,G,baseline_no_stop,,,,,,,False,hospital_fresh_medium_G,0.5213,True,0.3,0.036164,0.2,0.036164,True,armed,False,,True,shadow,results/bo_reviewer_packet/temporal_stop_head/22_temporal_stop_head_model.pt,0.107,0.0106,False,0.5,,,0.5213,False,,,False
normcmp_G_baseline_20260708_153849,898,24.683335,1783521541.386028,-0.482018,0.500274,0.0,-3.14156,0.2,0.036164,0.199849,-0.001966,camera_link,24.683335,gnm_closed_loop,,nominal,,True,ok,third_party/visualnav-transformer/model_weights/gnm/gnm.pth,14.86,0.3,0.0362,0.8917,0.0323,2.65,,,gnm_closed_loop,0.2,0.036164,normalized_stop_ab_20260708,G,baseline_no_stop,,,,,,,False,hospital_fresh_medium_G,0.518,True,0.3,0.036164,0.2,0.036164,True,armed,False,,True,shadow,results/bo_reviewer_packet/temporal_stop_head/22_temporal_stop_head_model.pt,0.107,0.0106,False,0.5,,,0.5213,False,,,False
normcmp_G_baseline_20260708_153849,899,24.700001,1783521541.387951,-0.485343,0.500273,0.0,-3.141559,0.2,0.036164,0.199849,-0.001966,camera_link,24.700001,gnm_closed_loop,,nominal,,True,ok,third_party/visualnav-transformer/model_weights/gnm/gnm.pth,14.86,0.3,0.0362,0.8917,0.0323,2.65,,,gnm_closed_loop,0.2,0.036164,normalized_stop_ab_20260708,G,baseline_no_stop,,,,,,,False,hospital_fresh_medium_G,0.5147,True,0.3,0.036164,0.2,0.036164,True,armed,False,,True,shadow,results/bo_reviewer_packet/temporal_stop_head/22_temporal_stop_head_model.pt,0.107,0.0106,False,0.5,,,0.5213,False,,,False
normcmp_G_baseline_20260708_153849,900,24.716668,1783521541.412772,-0.488667,0.500274,0.0,-3.141558,0.2,0.037813,0.199866,-0.002015,camera_link,24.716668,gnm_closed_loop,,nominal,,True,ok,third_party/visualnav-transformer/model_weights/gnm/gnm.pth,13.12,0.3,0.0378,0.8879,0.0336,2.58,,,gnm_closed_loop,0.2,0.037813,normalized_stop_ab_20260708,G,baseline_no_stop,,,,,,,False,hospital_fresh_medium_G,0.5113,True,0.3,0.037813,0.2,0.037813,True,armed,False,,True,shadow,results/bo_reviewer_packet/temporal_stop_head/22_temporal_stop_head_model.pt,0.127,0.1404,False,0.5,,,0.5113,False,,,False
normcmp_G_baseline_20260708_153849,901,24.733335,1783521541.415416,-0.491992,0.500274,0.0,-3.141556,0.2,0.037813,0.199866,-0.002015,camera_link,24.733335,gnm_closed_loop,,nominal,,True,ok,third_party/visualnav-transformer/model_weights/gnm/gnm.pth,13.12,0.3,0.0378,0.8879,0.0336,2.58,,,gnm_closed_loop,0.2,0.037813,normalized_stop_ab_20260708,G,baseline_no_stop,,,,,,,False,hospital_fresh_medium_G,0.508,True,0.3,0.037813,0.2,0.037813,True,armed,False,,True,shadow,results/bo_reviewer_packet/temporal_stop_head/22_temporal_stop_head_model.pt,0.127,0.1404,False,0.5,,,0.5113,False,,,False
normcmp_G_baseline_20260708_153849,902,24.750001,1783521541.417457,-0.495316,0.500274,0.0,-3.141555,0.2,0.037813,0.199866,-0.002015,camera_link,24.750001,gnm_closed_loop,,nominal,,True,ok,third_party/visualnav-transformer/model_weights/gnm/gnm.pth,13.12,0.3,0.0378,0.8879,0.0336,2.58,,,gnm_closed_loop,0.2,0.037813,normalized_stop_ab_20260708,G,baseline_no_stop,,,,,,,False,hospital_fresh_medium_G,0.5047,True,0.3,0.037813,0.2,0.037813,True,armed,False,,True,shadow,results/bo_reviewer_packet/temporal_stop_head/22_temporal_stop_head_model.pt,0.127,0.1404,False,0.5,,,0.5113,False,,,False
normcmp_G_baseline_20260708_153849,903,24.766668,1783521541.442065,-0.498641,0.500274,0.0,-3.141553,0.2,0.040373,0.19986,-0.00246,camera_link,24.766668,gnm_closed_loop,,nominal,,True,ok,third_party/visualnav-transformer/model_weights/gnm/gnm.pth,12.95,0.3,0.0404,0.888,0.0359,2.58,,,gnm_closed_loop,0.2,0.040373,normalized_stop_ab_20260708,G,baseline_no_stop,,,,,,,False,hospital_fresh_medium_G,0.5014,True,0.3,0.040373,0.2,0.040373,True,armed,False,,True,shadow,results/bo_reviewer_packet/temporal_stop_head/22_temporal_stop_head_model.pt,0.135,0.2291,False,0.5,,,0.5014,False,,,False
normcmp_G_baseline_20260708_153849,904,24.783335,1783521541.444611,-0.501965,0.500274,0.0,-3.141552,0.2,0.040373,0.19986,-0.00246,camera_link,24.783335,gnm_closed_loop,,nominal,,True,ok,third_party/visualnav-transformer/model_weights/gnm/gnm.pth,12.95,0.3,0.0404,0.888,0.0359,2.58,,,gnm_closed_loop,0.2,0.040373,normalized_stop_ab_20260708,G,baseline_no_stop,,,,,,,False,hospital_fresh_medium_G,0.498,True,0.3,0.040373,0.2,0.040373,True,armed,False,,True,shadow,results/bo_reviewer_packet/temporal_stop_head/22_temporal_stop_head_model.pt,0.135,0.2291,False,0.5,,,0.5014,False,,,False
normcmp_G_baseline_20260708_153849,905,24.800001,1783521541.446523,-0.50529,0.500274,0.0,-3.14155,0.2,0.040373,0.19986,-0.00246,camera_link,24.800001,gnm_closed_loop,,nominal,,True,ok,third_party/visualnav-transformer/model_weights/gnm/gnm.pth,12.95,0.3,0.0404,0.888,0.0359,2.58,,,gnm_closed_loop,0.2,0.040373,normalized_stop_ab_20260708,G,baseline_no_stop,,,,,,,False,hospital_fresh_medium_G,0.4947,True,0.3,0.040373,0.2,0.040373,True,armed,False,,True,shadow,results/bo_reviewer_packet/temporal_stop_head/22_temporal_stop_head_model.pt,0.135,0.2291,False,0.5,,,0.5014,False,,,False
normcmp_G_baseline_20260708_153849,906,24.816668,1783521541.474269,-0.508615,0.500273,0.0,-3.141549,0.2,0.042559,0.199856,-0.002052,camera_link,24.816668,gnm_closed_loop,,nominal,,True,ok,third_party/visualnav-transformer/model_weights/gnm/gnm.pth,17.7,0.3,0.0426,0.8926,0.038,2.6,,,gnm_closed_loop,0.2,0.042559,normalized_stop_ab_20260708,G,baseline_no_stop,,,,,,,False,hospital_fresh_medium_G,0.4914,True,0.3,0.042559,0.2,0.042559,True,armed,False,,True,shadow,results/bo_reviewer_packet/temporal_stop_head/22_temporal_stop_head_model.pt,0.139,0.5488,False,0.5,,,0.4914,False,,,False
normcmp_G_baseline_20260708_153849,907,24.833335,1783521541.476771,-0.511939,0.500273,0.0,-3.141547,0.2,0.042559,0.199856,-0.002052,camera_link,24.833335,gnm_closed_loop,,nominal,,True,ok,third_party/visualnav-transformer/model_weights/gnm/gnm.pth,17.7,0.3,0.0426,0.8926,0.038,2.6,,,gnm_closed_loop,0.2,0.042559,normalized_stop_ab_20260708,G,baseline_no_stop,,,,,,,False,hospital_fresh_medium_G,0.4881,True,0.3,0.042559,0.2,0.042559,True,armed,False,,True,shadow,results/bo_reviewer_packet/temporal_stop_head/22_temporal_stop_head_model.pt,0.139,0.5488,False,0.5,,,0.4914,False,,,False
normcmp_G_baseline_20260708_153849,908,24.850001,1783521541.478661,-0.515264,0.500273,0.0,-3.141546,0.2,0.042559,0.199856,-0.002052,camera_link,24.850001,gnm_closed_loop,,nominal,,True,ok,third_party/visualnav-transformer/model_weights/gnm/gnm.pth,17.7,0.3,0.0426,0.8926,0.038,2.6,,,gnm_closed_loop,0.2,0.042559,normalized_stop_ab_20260708,G,baseline_no_stop,,,,,,,False,hospital_fresh_medium_G,0.4847,True,0.3,0.042559,0.2,0.042559,True,armed,False,,True,shadow,results/bo_reviewer_packet/temporal_stop_head/22_temporal_stop_head_model.pt,0.139,0.5488,False,0.5,,,0.4914,False,,,False
normcmp_G_baseline_20260708_153849,909,24.866668,1783521541.5018,-0.518589,0.500273,0.0,-3.141545,0.2,0.043486,0.199859,-0.002688,camera_link,24.866668,gnm_closed_loop,,nominal,,True,ok,third_party/visualnav-transformer/model_weights/gnm/gnm.pth,12.71,0.3,0.0435,0.9018,0.0392,2.66,,,gnm_closed_loop,0.2,0.043486,normalized_stop_ab_20260708,G,baseline_no_stop,,,,,,,False,hospital_fresh_medium_G,0.4814,True,0.3,0.043486,0.2,0.043486,True,armed,False,,True,shadow,results/bo_reviewer_packet/temporal_stop_head/22_temporal_stop_head_model.pt,0.123,0.7114,False,0.5,,,0.4814,False,,,False
normcmp_G_baseline_20260708_153849,910,24.883335,1783521541.504216,-0.521913,0.500273,0.0,-3.141543,0.2,0.043486,0.199859,-0.002688,camera_link,24.883335,gnm_closed_loop,,nominal,,True,ok,third_party/visualnav-transformer/model_weights/gnm/gnm.pth,12.71,0.3,0.0435,0.9018,0.0392,2.66,,,gnm_closed_loop,0.2,0.043486,normalized_stop_ab_20260708,G,baseline_no_stop,,,,,,,False,hospital_fresh_medium_G,0.4781,True,0.3,0.043486,0.2,0.043486,True,armed,False,,True,shadow,results/bo_reviewer_packet/temporal_stop_head/22_temporal_stop_head_model.pt,0.123,0.7114,False,0.5,,,0.4814,False,,,False
normcmp_G_baseline_20260708_153849,911,24.900001,1783521541.506094,-0.525238,0.500273,0.0,-3.141541,0.2,0.043486,0.199859,-0.002688,camera_link,24.900001,gnm_closed_loop,,nominal,,True,ok,third_party/visualnav-transformer/model_weights/gnm/gnm.pth,12.71,0.3,0.0435,0.9018,0.0392,2.66,,,gnm_closed_loop,0.2,0.043486,normalized_stop_ab_20260708,G,baseline_no_stop,,,,,,,False,hospital_fresh_medium_G,0.4748,True,0.3,0.043486,0.2,0.043486,True,armed,False,,True,shadow,results/bo_reviewer_packet/temporal_stop_head/22_temporal_stop_head_model.pt,0.123,0.7114,False,0.5,,,0.4814,False,,,False
normcmp_G_baseline_20260708_153849,912,24.916668,1783521541.529789,-0.528563,0.500272,0.0,-3.14154,0.2,0.046224,0.199857,-0.002663,camera_link,24.916668,gnm_closed_loop,,nominal,,True,ok,third_party/visualnav-transformer/model_weights/gnm/gnm.pth,13.22,0.3,0.0462,0.9046,0.0418,2.67,,,gnm_closed_loop,0.2,0.046224,normalized_stop_ab_20260708,G,baseline_no_stop,,,,,,,False,hospital_fresh_medium_G,0.4714,True,0.3,0.046224,0.2,0.046224,True,armed,False,,True,shadow,results/bo_reviewer_packet/temporal_stop_head/22_temporal_stop_head_model.pt,0.134,0.632,True,0.5,prob>=0.5 for 3 consecutive evaluations,0.4714,0.4714,False,912,24.917,False
normcmp_G_baseline_20260708_153849,913,24.933335,1783521541.532029,-0.531888,0.500272,0.0,-3.141538,0.2,0.046224,0.199857,-0.002663,camera_link,24.933335,gnm_closed_loop,,nominal,,True,ok,third_party/visualnav-transformer/model_weights/gnm/gnm.pth,13.22,0.3,0.0462,0.9046,0.0418,2.67,,,gnm_closed_loop,0.2,0.046224,normalized_stop_ab_20260708,G,baseline_no_stop,,,,,,,False,hospital_fresh_medium_G,0.4681,True,0.3,0.046224,0.2,0.046224,True,armed,False,,True,shadow,results/bo_reviewer_packet/temporal_stop_head/22_temporal_stop_head_model.pt,0.134,0.632,True,0.5,prob>=0.5 for 3 consecutive evaluations,0.4714,0.4714,False,912,24.917,False
normcmp_G_baseline_20260708_153849,914,24.950001,1783521541.535266,-0.535212,0.500272,0.0,-3.141536,0.2,0.046224,0.199857,-0.002663,camera_link,24.950001,gnm_closed_loop,,nominal,,True,ok,third_party/visualnav-transformer/model_weights/gnm/gnm.pth,13.22,0.3,0.0462,0.9046,0.0418,2.67,,,gnm_closed_loop,0.2,0.046224,normalized_stop_ab_20260708,G,baseline_no_stop,,,,,,,False,hospital_fresh_medium_G,0.4648,True,0.3,0.046224,0.2,0.046224,True,armed,False,,True,shadow,results/bo_reviewer_packet/temporal_stop_head/22_temporal_stop_head_model.pt,0.134,0.632,True,0.5,prob>=0.5 for 3 consecutive evaluations,0.4714,0.4714,False,912,24.917,False
normcmp_G_baseline_20260708_153849,915,24.966668,1783521541.561643,-0.538536,0.500272,0.0,-3.141535,0.2,0.049523,0.199869,-0.001882,camera_link,24.966668,gnm_closed_loop,,nominal,,True,ok,third_party/visualnav-transformer/model_weights/gnm/gnm.pth,13.08,0.3,0.0495,0.894,0.0443,2.67,,,gnm_closed_loop,0.2,0.049523,normalized_stop_ab_20260708,G,baseline_no_stop,,,,,,,False,hospital_fresh_medium_G,0.4615,True,0.3,0.049523,0.2,0.049523,True,armed,False,,True,shadow,results/bo_reviewer_packet/temporal_stop_head/22_temporal_stop_head_model.pt,0.121,0.0814,True,0.5,,0.4714,0.4615,False,912,24.917,False
normcmp_G_baseline_20260708_153849,916,24.983335,1783521541.563954,-0.541861,0.500272,0.0,-3.141533,0.2,0.049523,0.199869,-0.001882,camera_link,24.983335,gnm_closed_loop,,nominal,,True,ok,third_party/visualnav-transformer/model_weights/gnm/gnm.pth,13.08,0.3,0.0495,0.894,0.0443,2.67,,,gnm_closed_loop,0.2,0.049523,normalized_stop_ab_20260708,G,baseline_no_stop,,,,,,,False,hospital_fresh_medium_G,0.4581,True,0.3,0.049523,0.2,0.049523,True,armed,False,,True,shadow,results/bo_reviewer_packet/temporal_stop_head/22_temporal_stop_head_model.pt,0.121,0.0814,True,0.5,,0.4714,0.4615,False,912,24.917,False
normcmp_G_baseline_20260708_153849,917,25.000001,1783521541.566742,-0.545186,0.500272,0.0,-3.141532,0.2,0.049523,0.199869,-0.001882,camera_link,25.000001,gnm_closed_loop,,nominal,,True,ok,third_party/visualnav-transformer/model_weights/gnm/gnm.pth,13.08,0.3,0.0495,0.894,0.0443,2.67,,,gnm_closed_loop,0.2,0.049523,normalized_stop_ab_20260708,G,baseline_no_stop,,,,,,,False,hospital_fresh_medium_G,0.4548,True,0.3,0.049523,0.2,0.049523,True,armed,False,,True,shadow,results/bo_reviewer_packet/temporal_stop_head/22_temporal_stop_head_model.pt,0.121,0.0814,True,0.5,,0.4714,0.4615,False,912,24.917,False
normcmp_G_baseline_20260708_153849,918,25.016668,1783521541.591793,-0.548511,0.500272,0.0,-3.141529,0.2,0.053138,0.199874,-0.002779,camera_link,25.016668,gnm_closed_loop,,nominal,,True,ok,third_party/visualnav-transformer/model_weights/gnm/gnm.pth,12.94,0.3,0.0531,0.8748,0.0465,2.61,,,gnm_closed_loop,0.2,0.053138,normalized_stop_ab_20260708,G,baseline_no_stop,,,,,,,False,hospital_fresh_medium_G,0.4515,True,0.3,0.053138,0.2,0.053138,True,armed,False,,True,shadow,results/bo_reviewer_packet/temporal_stop_head/22_temporal_stop_head_model.pt,0.129,0.0606,True,0.5,,0.4714,0.4515,False,912,24.917,False
normcmp_G_baseline_20260708_153849,919,25.033335,1783521541.594013,-0.551836,0.500272,0.0,-3.141528,0.2,0.053138,0.199874,-0.002779,camera_link,25.033335,gnm_closed_loop,,nominal,,True,ok,third_party/visualnav-transformer/model_weights/gnm/gnm.pth,12.94,0.3,0.0531,0.8748,0.0465,2.61,,,gnm_closed_loop,0.2,0.053138,normalized_stop_ab_20260708,G,baseline_no_stop,,,,,,,False,hospital_fresh_medium_G,0.4482,True,0.3,0.053138,0.2,0.053138,True,armed,False,,True,shadow,results/bo_reviewer_packet/temporal_stop_head/22_temporal_stop_head_model.pt,0.129,0.0606,True,0.5,,0.4714,0.4515,False,912,24.917,False
normcmp_G_baseline_20260708_153849,920,25.050001,1783521541.595948,-0.55516,0.500272,0.0,-3.141526,0.2,0.053138,0.199874,-0.002779,camera_link,25.050001,gnm_closed_loop,,nominal,,True,ok,third_party/visualnav-transformer/model_weights/gnm/gnm.pth,12.94,0.3,0.0531,0.8748,0.0465,2.61,,,gnm_closed_loop,0.2,0.053138,normalized_stop_ab_20260708,G,baseline_no_stop,,,,,,,False,hospital_fresh_medium_G,0.4448,True,0.3,0.053138,0.2,0.053138,True,armed,False,,True,shadow,results/bo_reviewer_packet/temporal_stop_head/22_temporal_stop_head_model.pt,0.129,0.0606,True,0.5,,0.4714,0.4515,False,912,24.917,False
normcmp_G_baseline_20260708_153849,921,25.066668,1783521541.61906,-0.558485,0.500271,0.0,-3.141524,0.2,0.055354,0.199857,-0.002596,camera_link,25.066668,gnm_closed_loop,,nominal,,True,ok,third_party/visualnav-transformer/model_weights/gnm/gnm.pth,12.89,0.3,0.0554,0.8626,0.0478,2.57,,,gnm_closed_loop,0.2,0.055354,normalized_stop_ab_20260708,G,baseline_no_stop,,,,,,,False,hospital_fresh_medium_G,0.4415,True,0.3,0.055354,0.2,0.055354,True,armed,False,,True,shadow,results/bo_reviewer_packet/temporal_stop_head/22_temporal_stop_head_model.pt,0.112,0.3537,True,0.5,,0.4714,0.4415,False,912,24.917,False
normcmp_G_baseline_20260708_153849,922,25.083335,1783521541.621245,-0.561809,0.500271,0.0,-3.141523,0.2,0.055354,0.199857,-0.002596,camera_link,25.083335,gnm_closed_loop,,nominal,,True,ok,third_party/visualnav-transformer/model_weights/gnm/gnm.pth,12.89,0.3,0.0554,0.8626,0.0478,2.57,,,gnm_closed_loop,0.2,0.055354,normalized_stop_ab_20260708,G,baseline_no_stop,,,,,,,False,hospital_fresh_medium_G,0.4382,True,0.3,0.055354,0.2,0.055354,True,armed,False,,True,shadow,results/bo_reviewer_packet/temporal_stop_head/22_temporal_stop_head_model.pt,0.112,0.3537,True,0.5,,0.4714,0.4415,False,912,24.917,False
normcmp_G_baseline_20260708_153849,923,25.100001,1783521541.623081,-0.565134,0.500271,0.0,-3.141521,0.2,0.055354,0.199857,-0.002596,camera_link,25.100001,gnm_closed_loop,,nominal,,True,ok,third_party/visualnav-transformer/model_weights/gnm/gnm.pth,12.89,0.3,0.0554,0.8626,0.0478,2.57,,,gnm_closed_loop,0.2,0.055354,normalized_stop_ab_20260708,G,baseline_no_stop,,,,,,,False,hospital_fresh_medium_G,0.4349,True,0.3,0.055354,0.2,0.055354,True,armed,False,,True,shadow,results/bo_reviewer_packet/temporal_stop_head/22_temporal_stop_head_model.pt,0.112,0.3537,True,0.5,,0.4714,0.4415,False,912,24.917,False
normcmp_G_baseline_20260708_153849,924,25.116668,1783521541.646465,-0.568458,0.500271,0.0,-3.141518,0.2,0.055531,0.199873,-0.003375,camera_link,25.116668,gnm_closed_loop,,nominal,,True,ok,third_party/visualnav-transformer/model_weights/gnm/gnm.pth,13.01,0.3,0.0555,0.8565,0.0476,2.54,,,gnm_closed_loop,0.2,0.055531,normalized_stop_ab_20260708,G,baseline_no_stop,,,,,,,False,hospital_fresh_medium_G,0.4315,True,0.3,0.055531,0.2,0.055531,True,armed,False,,True,shadow,results/bo_reviewer_packet/temporal_stop_head/22_temporal_stop_head_model.pt,0.112,0.6002,True,0.5,,0.4714,0.4315,False,912,24.917,False
normcmp_G_baseline_20260708_153849,925,25.133335,1783521541.648759,-0.571783,0.500271,0.0,-3.141516,0.2,0.055531,0.199873,-0.003375,camera_link,25.133335,gnm_closed_loop,,nominal,,True,ok,third_party/visualnav-transformer/model_weights/gnm/gnm.pth,13.01,0.3,0.0555,0.8565,0.0476,2.54,,,gnm_closed_loop,0.2,0.055531,normalized_stop_ab_20260708,G,baseline_no_stop,,,,,,,False,hospital_fresh_medium_G,0.4282,True,0.3,0.055531,0.2,0.055531,True,armed,False,,True,shadow,results/bo_reviewer_packet/temporal_stop_head/22_temporal_stop_head_model.pt,0.112,0.6002,True,0.5,,0.4714,0.4315,False,912,24.917,False
normcmp_G_baseline_20260708_153849,926,25.150001,1783521541.650687,-0.575108,0.50027,0.0,-3.141514,0.2,0.055531,0.199873,-0.003375,camera_link,25.150001,gnm_closed_loop,,nominal,,True,ok,third_party/visualnav-transformer/model_weights/gnm/gnm.pth,13.01,0.3,0.0555,0.8565,0.0476,2.54,,,gnm_closed_loop,0.2,0.055531,normalized_stop_ab_20260708,G,baseline_no_stop,,,,,,,False,hospital_fresh_medium_G,0.4249,True,0.3,0.055531,0.2,0.055531,True,armed,False,,True,shadow,results/bo_reviewer_packet/temporal_stop_head/22_temporal_stop_head_model.pt,0.112,0.6002,True,0.5,,0.4714,0.4315,False,912,24.917,False
normcmp_G_baseline_20260708_153849,927,25.166668,1783521541.674008,-0.578432,0.50027,0.0,-3.141512,0.2,0.054649,0.199877,-0.003063,camera_link,25.166668,gnm_closed_loop,,nominal,,True,ok,third_party/visualnav-transformer/model_weights/gnm/gnm.pth,13.04,0.3,0.0546,0.8492,0.0465,2.52,,,gnm_closed_loop,0.2,0.054649,normalized_stop_ab_20260708,G,baseline_no_stop,,,,,,,False,hospital_fresh_medium_G,0.4216,True,0.3,0.054649,0.2,0.054649,True,armed,False,,True,shadow,results/bo_reviewer_packet/temporal_stop_head/22_temporal_stop_head_model.pt,0.131,0.4545,True,0.5,,0.4714,0.4216,False,912,24.917,False
normcmp_G_baseline_20260708_153849,928,25.183335,1783521541.67627,-0.581757,0.50027,0.0,-3.14151,0.2,0.054649,0.199877,-0.003063,camera_link,25.183335,gnm_closed_loop,,nominal,,True,ok,third_party/visualnav-transformer/model_weights/gnm/gnm.pth,13.04,0.3,0.0546,0.8492,0.0465,2.52,,,gnm_closed_loop,0.2,0.054649,normalized_stop_ab_20260708,G,baseline_no_stop,,,,,,,False,hospital_fresh_medium_G,0.4182,True,0.3,0.054649,0.2,0.054649,True,armed,False,,True,shadow,results/bo_reviewer_packet/temporal_stop_head/22_temporal_stop_head_model.pt,0.131,0.4545,True,0.5,,0.4714,0.4216,False,912,24.917,False
normcmp_G_baseline_20260708_153849,929,25.200001,1783521541.679447,-0.585082,0.50027,0.0,-3.141508,0.2,0.054649,0.199877,-0.003063,camera_link,25.200001,gnm_closed_loop,,nominal,,True,ok,third_party/visualnav-transformer/model_weights/gnm/gnm.pth,13.04,0.3,0.0546,0.8492,0.0465,2.52,,,gnm_closed_loop,0.2,0.054649,normalized_stop_ab_20260708,G,baseline_no_stop,,,,,,,False,hospital_fresh_medium_G,0.4149,True,0.3,0.054649,0.2,0.054649,True,armed,False,,True,shadow,results/bo_reviewer_packet/temporal_stop_head/22_temporal_stop_head_model.pt,0.131,0.4545,True,0.5,,0.4714,0.4216,False,912,24.917,False
normcmp_G_baseline_20260708_153849,930,25.216668,1783521541.714179,-0.588407,0.50027,0.0,-3.141506,0.2,0.05484,0.199865,-0.002752,camera_link,25.216668,gnm_closed_loop,,nominal,,True,ok,third_party/visualnav-transformer/model_weights/gnm/gnm.pth,20.09,0.3,0.0548,0.8364,0.0459,2.5,,,gnm_closed_loop,0.2,0.05484,normalized_stop_ab_20260708,G,baseline_no_stop,,,,,,,False,hospital_fresh_medium_G,0.4116,True,0.3,0.05484,0.2,0.05484,True,armed,False,,True,shadow,results/bo_reviewer_packet/temporal_stop_head/22_temporal_stop_head_model.pt,0.112,0.5294,True,0.5,,0.4714,0.4116,False,912,24.917,False
normcmp_G_baseline_20260708_153849,931,25.233335,1783521541.716542,-0.591731,0.500269,0.0,-3.141504,0.2,0.05484,0.199865,-0.002752,camera_link,25.233335,gnm_closed_loop,,nominal,,True,ok,third_party/visualnav-transformer/model_weights/gnm/gnm.pth,20.09,0.3,0.0548,0.8364,0.0459,2.5,,,gnm_closed_loop,0.2,0.05484,normalized_stop_ab_20260708,G,baseline_no_stop,,,,,,,False,hospital_fresh_medium_G,0.4083,True,0.3,0.05484,0.2,0.05484,True,armed,False,,True,shadow,results/bo_reviewer_packet/temporal_stop_head/22_temporal_stop_head_model.pt,0.112,0.5294,True,0.5,,0.4714,0.4116,False,912,24.917,False
normcmp_G_baseline_20260708_153849,932,25.250001,1783521541.718336,-0.595056,0.500269,0.0,-3.141502,0.2,0.05484,0.199865,-0.002752,camera_link,25.250001,gnm_closed_loop,,nominal,,True,ok,third_party/visualnav-transformer/model_weights/gnm/gnm.pth,20.09,0.3,0.0548,0.8364,0.0459,2.5,,,gnm_closed_loop,0.2,0.05484,normalized_stop_ab_20260708,G,baseline_no_stop,,,,,,,False,hospital_fresh_medium_G,0.4049,True,0.3,0.05484,0.2,0.05484,True,armed,False,,True,shadow,results/bo_reviewer_packet/temporal_stop_head/22_temporal_stop_head_model.pt,0.112,0.5294,True,0.5,,0.4714,0.4116,False,912,24.917,False
normcmp_G_baseline_20260708_153849,933,25.266668,1783521541.745342,-0.598381,0.500269,0.0,-3.1415,0.2,0.051528,0.199875,-0.003497,camera_link,25.266668,gnm_closed_loop,,nominal,,True,ok,third_party/visualnav-transformer/model_weights/gnm/gnm.pth,15.24,0.3,0.0515,0.8383,0.0432,2.51,,,gnm_closed_loop,0.2,0.051528,normalized_stop_ab_20260708,G,baseline_no_stop,,,,,,,False,hospital_fresh_medium_G,0.4016,True,0.3,0.051528,0.2,0.051528,True,armed,False,,True,shadow,results/bo_reviewer_packet/temporal_stop_head/22_temporal_stop_head_model.pt,0.123,0.4408,True,0.5,,0.4714,0.4016,False,912,24.917,False
normcmp_G_baseline_20260708_153849,934,25.283335,1783521541.748274,-0.601706,0.500269,0.0,-3.141498,0.2,0.051528,0.199875,-0.003497,camera_link,25.283335,gnm_closed_loop,,nominal,,True,ok,third_party/visualnav-transformer/model_weights/gnm/gnm.pth,15.24,0.3,0.0515,0.8383,0.0432,2.51,,,gnm_closed_loop,0.2,0.051528,normalized_stop_ab_20260708,G,baseline_no_stop,,,,,,,False,hospital_fresh_medium_G,0.3983,True,0.3,0.051528,0.2,0.051528,True,armed,False,,True,shadow,results/bo_reviewer_packet/temporal_stop_head/22_temporal_stop_head_model.pt,0.123,0.4408,True,0.5,,0.4714,0.4016,False,912,24.917,False
normcmp_G_baseline_20260708_153849,935,25.300001,1783521541.751384,-0.60503,0.500269,0.0,-3.141496,0.2,0.051528,0.199875,-0.003497,camera_link,25.300001,gnm_closed_loop,,nominal,,True,ok,third_party/visualnav-transformer/model_weights/gnm/gnm.pth,15.24,0.3,0.0515,0.8383,0.0432,2.51,,,gnm_closed_loop,0.2,0.051528,normalized_stop_ab_20260708,G,baseline_no_stop,,,,,,,False,hospital_fresh_medium_G,0.395,True,0.3,0.051528,0.2,0.051528,True,armed,False,,True,shadow,results/bo_reviewer_packet/temporal_stop_head/22_temporal_stop_head_model.pt,0.123,0.4408,True,0.5,,0.4714,0.4016,False,912,24.917,False
normcmp_G_baseline_20260708_153849,936,25.316668,1783521541.775629,-0.608355,0.500269,0.0,-3.141494,0.2,0.048589,0.199867,-0.00305,camera_link,25.316668,gnm_closed_loop,,nominal,,True,ok,third_party/visualnav-transformer/model_weights/gnm/gnm.pth,12.94,0.3,0.0486,0.8434,0.041,2.52,,,gnm_closed_loop,0.2,0.048589,normalized_stop_ab_20260708,G,baseline_no_stop,,,,,,,False,hospital_fresh_medium_G,0.3916,True,0.3,0.048589,0.2,0.048589,True,armed,False,,True,shadow,results/bo_reviewer_packet/temporal_stop_head/22_temporal_stop_head_model.pt,0.103,0.4739,True,0.5,,0.4714,0.3916,False,912,24.917,False
normcmp_G_baseline_20260708_153849,937,25.333335,1783521541.778422,-0.61168,0.500269,0.0,-3.141492,0.2,0.048589,0.199867,-0.00305,camera_link,25.333335,gnm_closed_loop,,nominal,,True,ok,third_party/visualnav-transformer/model_weights/gnm/gnm.pth,12.94,0.3,0.0486,0.8434,0.041,2.52,,,gnm_closed_loop,0.2,0.048589,normalized_stop_ab_20260708,G,baseline_no_stop,,,,,,,False,hospital_fresh_medium_G,0.3883,True,0.3,0.048589,0.2,0.048589,True,armed,False,,True,shadow,results/bo_reviewer_packet/temporal_stop_head/22_temporal_stop_head_model.pt,0.103,0.4739,True,0.5,,0.4714,0.3916,False,912,24.917,False
normcmp_G_baseline_20260708_153849,938,25.350001,1783521541.780862,-0.615005,0.500268,0.0,-3.141491,0.2,0.048589,0.199867,-0.00305,camera_link,25.350001,gnm_closed_loop,,nominal,,True,ok,third_party/visualnav-transformer/model_weights/gnm/gnm.pth,12.94,0.3,0.0486,0.8434,0.041,2.52,,,gnm_closed_loop,0.2,0.048589,normalized_stop_ab_20260708,G,baseline_no_stop,,,,,,,False,hospital_fresh_medium_G,0.385,True,0.3,0.048589,0.2,0.048589,True,armed,False,,True,shadow,results/bo_reviewer_packet/temporal_stop_head/22_temporal_stop_head_model.pt,0.103,0.4739,True,0.5,,0.4714,0.3916,False,912,24.917,False
normcmp_G_baseline_20260708_153849,939,25.366668,1783521541.813475,-0.618329,0.500268,0.0,-3.141489,0.2,0.046597,0.199863,-0.002594,camera_link,25.366668,gnm_closed_loop,,nominal,,True,ok,third_party/visualnav-transformer/model_weights/gnm/gnm.pth,15.73,0.3,0.0466,0.8453,0.0394,2.46,,,gnm_closed_loop,0.2,0.046597,normalized_stop_ab_20260708,G,baseline_no_stop,,,,,,,False,hospital_fresh_medium_G,0.3817,True,0.3,0.046597,0.2,0.046597,True,armed,False,,True,shadow,results/bo_reviewer_packet/temporal_stop_head/22_temporal_stop_head_model.pt,0.121,0.496,True,0.5,,0.4714,0.3817,False,912,24.917,False
normcmp_G_baseline_20260708_153849,940,25.383335,1783521541.815725,-0.621654,0.500268,0.0,-3.141488,0.2,0.046597,0.199863,-0.002594,camera_link,25.383335,gnm_closed_loop,,nominal,,True,ok,third_party/visualnav-transformer/model_weights/gnm/gnm.pth,15.73,0.3,0.0466,0.8453,0.0394,2.46,,,gnm_closed_loop,0.2,0.046597,normalized_stop_ab_20260708,G,baseline_no_stop,,,,,,,False,hospital_fresh_medium_G,0.3783,True,0.3,0.046597,0.2,0.046597,True,armed,False,,True,shadow,results/bo_reviewer_packet/temporal_stop_head/22_temporal_stop_head_model.pt,0.121,0.496,True,0.5,,0.4714,0.3817,False,912,24.917,False
normcmp_G_baseline_20260708_153849,941,25.400001,1783521541.817744,-0.624978,0.500268,0.0,-3.141485,0.2,0.046597,0.199863,-0.002594,camera_link,25.400001,gnm_closed_loop,,nominal,,True,ok,third_party/visualnav-transformer/model_weights/gnm/gnm.pth,15.73,0.3,0.0466,0.8453,0.0394,2.46,,,gnm_closed_loop,0.2,0.046597,normalized_stop_ab_20260708,G,baseline_no_stop,,,,,,,False,hospital_fresh_medium_G,0.375,True,0.3,0.046597,0.2,0.046597,True,armed,False,,True,shadow,results/bo_reviewer_packet/temporal_stop_head/22_temporal_stop_head_model.pt,0.121,0.496,True,0.5,,0.4714,0.3817,False,912,24.917,False
normcmp_G_baseline_20260708_153849,942,25.416668,1783521541.841586,-0.628303,0.500267,0.0,-3.141484,0.2,0.044997,0.199866,-0.002329,camera_link,25.416668,gnm_closed_loop,,nominal,,True,ok,third_party/visualnav-transformer/model_weights/gnm/gnm.pth,13.63,0.3,0.045,0.8491,0.0382,2.44,,,gnm_closed_loop,0.2,0.044997,normalized_stop_ab_20260708,G,baseline_no_stop,,,,,,,False,hospital_fresh_medium_G,0.3717,True,0.3,0.044997,0.2,0.044997,True,armed,False,,True,shadow,results/bo_reviewer_packet/temporal_stop_head/22_temporal_stop_head_model.pt,0.113,0.5268,True,0.5,,0.4714,0.3717,False,912,24.917,False
normcmp_G_baseline_20260708_153849,943,25.433335,1783521541.843855,-0.631627,0.500267,0.0,-3.141483,0.2,0.044997,0.199866,-0.002329,camera_link,25.433335,gnm_closed_loop,,nominal,,True,ok,third_party/visualnav-transformer/model_weights/gnm/gnm.pth,13.63,0.3,0.045,0.8491,0.0382,2.44,,,gnm_closed_loop,0.2,0.044997,normalized_stop_ab_20260708,G,baseline_no_stop,,,,,,,False,hospital_fresh_medium_G,0.3684,True,0.3,0.044997,0.2,0.044997,True,armed,False,,True,shadow,results/bo_reviewer_packet/temporal_stop_head/22_temporal_stop_head_model.pt,0.113,0.5268,True,0.5,,0.4714,0.3717,False,912,24.917,False
normcmp_G_baseline_20260708_153849,944,25.450001,1783521541.84692,-0.634952,0.500266,0.0,-3.141481,0.2,0.044997,0.199866,-0.002329,camera_link,25.450001,gnm_closed_loop,,nominal,,True,ok,third_party/visualnav-transformer/model_weights/gnm/gnm.pth,13.63,0.3,0.045,0.8491,0.0382,2.44,,,gnm_closed_loop,0.2,0.044997,normalized_stop_ab_20260708,G,baseline_no_stop,,,,,,,False,hospital_fresh_medium_G,0.365,True,0.3,0.044997,0.2,0.044997,True,armed,False,,True,shadow,results/bo_reviewer_packet/temporal_stop_head/22_temporal_stop_head_model.pt,0.113,0.5268,True,0.5,,0.4714,0.3717,False,912,24.917,False
normcmp_G_baseline_20260708_153849,945,25.466668,1783521541.871505,-0.638277,0.500266,0.0,-3.141479,0.2,0.044419,0.199859,-0.002694,camera_link,25.466668,gnm_closed_loop,,nominal,,True,ok,third_party/visualnav-transformer/model_weights/gnm/gnm.pth,12.82,0.3,0.0444,0.8453,0.0376,2.41,,,gnm_closed_loop,0.2,0.044419,normalized_stop_ab_20260708,G,baseline_no_stop,,,,,,,False,hospital_fresh_medium_G,0.3617,True,0.3,0.044419,0.2,0.044419,True,armed,False,,True,shadow,results/bo_reviewer_packet/temporal_stop_head/22_temporal_stop_head_model.pt,0.115,0.7336,True,0.5,,0.4714,0.3617,False,912,24.917,False
normcmp_G_baseline_20260708_153849,946,25.483335,1783521541.874787,-0.641601,0.500266,0.0,-3.141477,0.2,0.044419,0.199859,-0.002694,camera_link,25.483335,gnm_closed_loop,,nominal,,True,ok,third_party/visualnav-transformer/model_weights/gnm/gnm.pth,12.82,0.3,0.0444,0.8453,0.0376,2.41,,,gnm_closed_loop,0.2,0.044419,normalized_stop_ab_20260708,G,baseline_no_stop,,,,,,,False,hospital_fresh_medium_G,0.3584,True,0.3,0.044419,0.2,0.044419,True,armed,False,,True,shadow,results/bo_reviewer_packet/temporal_stop_head/22_temporal_stop_head_model.pt,0.115,0.7336,True,0.5,,0.4714,0.3617,False,912,24.917,False
normcmp_G_baseline_20260708_153849,947,25.500001,1783521541.876641,-0.644926,0.500266,0.0,-3.141476,0.2,0.044419,0.199859,-0.002694,camera_link,25.500001,gnm_closed_loop,,nominal,,True,ok,third_party/visualnav-transformer/model_weights/gnm/gnm.pth,12.82,0.3,0.0444,0.8453,0.0376,2.41,,,gnm_closed_loop,0.2,0.044419,normalized_stop_ab_20260708,G,baseline_no_stop,,,,,,,False,hospital_fresh_medium_G,0.3551,True,0.3,0.044419,0.2,0.044419,True,armed,False,,True,shadow,results/bo_reviewer_packet/temporal_stop_head/22_temporal_stop_head_model.pt,0.115,0.7336,True,0.5,,0.4714,0.3617,False,912,24.917,False
normcmp_G_baseline_20260708_153849,948,25.516668,1783521541.900824,-0.648251,0.500266,0.0,-3.141474,0.2,0.042818,0.199862,-0.002893,camera_link,25.516668,gnm_closed_loop,,nominal,,True,ok,third_party/visualnav-transformer/model_weights/gnm/gnm.pth,13.11,0.3,0.0428,0.8453,0.0362,2.41,,,gnm_closed_loop,0.2,0.042818,normalized_stop_ab_20260708,G,baseline_no_stop,,,,,,,False,hospital_fresh_medium_G,0.3517,True,0.3,0.042818,0.2,0.042818,True,armed,False,,True,shadow,results/bo_reviewer_packet/temporal_stop_head/22_temporal_stop_head_model.pt,0.128,0.8919,True,0.5,,0.4714,0.3517,False,912,24.917,False
normcmp_G_baseline_20260708_153849,949,25.533335,1783521541.904377,-0.651575,0.500265,0.0,-3.141472,0.2,0.042818,0.199862,-0.002893,camera_link,25.533335,gnm_closed_loop,,nominal,,True,ok,third_party/visualnav-transformer/model_weights/gnm/gnm.pth,13.11,0.3,0.0428,0.8453,0.0362,2.41,,,gnm_closed_loop,0.2,0.042818,normalized_stop_ab_20260708,G,baseline_no_stop,,,,,,,False,hospital_fresh_medium_G,0.3484,True,0.3,0.042818,0.2,0.042818,True,armed,False,,True,shadow,results/bo_reviewer_packet/temporal_stop_head/22_temporal_stop_head_model.pt,0.128,0.8919,True,0.5,,0.4714,0.3517,False,912,24.917,False
normcmp_G_baseline_20260708_153849,950,25.550001,1783521541.907482,-0.6549,0.500265,0.0,-3.14147,0.2,0.042818,0.199862,-0.002893,camera_link,25.550001,gnm_closed_loop,,nominal,,True,ok,third_party/visualnav-transformer/model_weights/gnm/gnm.pth,13.11,0.3,0.0428,0.8453,0.0362,2.41,,,gnm_closed_loop,0.2,0.042818,normalized_stop_ab_20260708,G,baseline_no_stop,,,,,,,False,hospital_fresh_medium_G,0.3451,True,0.3,0.042818,0.2,0.042818,True,armed,False,,True,shadow,results/bo_reviewer_packet/temporal_stop_head/22_temporal_stop_head_model.pt,0.128,0.8919,True,0.5,,0.4714,0.3517,False,912,24.917,False
normcmp_G_baseline_20260708_153849,951,25.566668,1783521541.935953,-0.658225,0.500265,0.0,-3.141469,0.2,0.041748,0.199864,-0.002512,camera_link,25.566668,gnm_closed_loop,,nominal,,True,ok,third_party/visualnav-transformer/model_weights/gnm/gnm.pth,15.02,0.3,0.0417,0.8423,0.0352,2.4,,,gnm_closed_loop,0.2,0.041748,normalized_stop_ab_20260708,G,baseline_no_stop,,,,,,,False,hospital_fresh_medium_G,0.3418,True,0.3,0.041748,0.2,0.041748,True,armed,False,,True,shadow,results/bo_reviewer_packet/temporal_stop_head/22_temporal_stop_head_model.pt,0.121,0.9464,True,0.5,,0.4714,0.3418,False,912,24.917,False
normcmp_G_baseline_20260708_153849,952,25.583335,1783521541.939938,-0.661549,0.500265,0.0,-3.141467,0.2,0.041748,0.199864,-0.002512,camera_link,25.583335,gnm_closed_loop,,nominal,,True,ok,third_party/visualnav-transformer/model_weights/gnm/gnm.pth,15.02,0.3,0.0417,0.8423,0.0352,2.4,,,gnm_closed_loop,0.2,0.041748,normalized_stop_ab_20260708,G,baseline_no_stop,,,,,,,False,hospital_fresh_medium_G,0.3385,True,0.3,0.041748,0.2,0.041748,True,armed,False,,True,shadow,results/bo_reviewer_packet/temporal_stop_head/22_temporal_stop_head_model.pt,0.121,0.9464,True,0.5,,0.4714,0.3418,False,912,24.917,False
normcmp_G_baseline_20260708_153849,953,25.600001,1783521541.944424,-0.664874,0.500264,0.0,-3.141466,0.2,0.041748,0.199864,-0.002512,camera_link,25.600001,gnm_closed_loop,,nominal,,True,ok,third_party/visualnav-transformer/model_weights/gnm/gnm.pth,15.02,0.3,0.0417,0.8423,0.0352,2.4,,,gnm_closed_loop,0.2,0.041748,normalized_stop_ab_20260708,G,baseline_no_stop,,,,,,,False,hospital_fresh_medium_G,0.3351,True,0.3,0.041748,0.2,0.041748,True,armed,False,,True,shadow,results/bo_reviewer_packet/temporal_stop_head/22_temporal_stop_head_model.pt,0.121,0.9464,True,0.5,,0.4714,0.3418,False,912,24.917,False
normcmp_G_baseline_20260708_153849,954,25.616668,1783521541.975263,-0.668199,0.500264,0.0,-3.141464,0.2,0.043381,0.199864,-0.002324,camera_link,25.616668,gnm_closed_loop,,nominal,,True,ok,third_party/visualnav-transformer/model_weights/gnm/gnm.pth,15.02,0.3,0.0434,0.8378,0.0364,2.4,,,gnm_closed_loop,0.2,0.043381,normalized_stop_ab_20260708,G,baseline_no_stop,,,,,,,False,hospital_fresh_medium_G,0.3318,True,0.3,0.043381,0.2,0.043381,True,armed,False,,True,shadow,results/bo_reviewer_packet/temporal_stop_head/22_temporal_stop_head_model.pt,0.103,0.8735,True,0.5,,0.4714,0.3318,False,912,24.917,False
normcmp_G_baseline_20260708_153849,955,25.633335,1783521541.978277,-0.671524,0.500264,0.0,-3.141462,0.2,0.043381,0.199864,-0.002324,camera_link,25.633335,gnm_closed_loop,,nominal,,True,ok,third_party/visualnav-transformer/model_weights/gnm/gnm.pth,15.02,0.3,0.0434,0.8378,0.0364,2.4,,,gnm_closed_loop,0.2,0.043381,normalized_stop_ab_20260708,G,baseline_no_stop,,,,,,,False,hospital_fresh_medium_G,0.3285,True,0.3,0.043381,0.2,0.043381,True,armed,False,,True,shadow,results/bo_reviewer_packet/temporal_stop_head/22_temporal_stop_head_model.pt,0.103,0.8735,True,0.5,,0.4714,0.3318,False,912,24.917,False
normcmp_G_baseline_20260708_153849,956,25.650001,1783521541.980263,-0.674848,0.500263,0.0,-3.141461,0.2,0.043381,0.199864,-0.002324,camera_link,25.650001,gnm_closed_loop,,nominal,,True,ok,third_party/visualnav-transformer/model_weights/gnm/gnm.pth,15.02,0.3,0.0434,0.8378,0.0364,2.4,,,gnm_closed_loop,0.2,0.043381,normalized_stop_ab_20260708,G,baseline_no_stop,,,,,,,False,hospital_fresh_medium_G,0.3252,True,0.3,0.043381,0.2,0.043381,True,armed,False,,True,shadow,results/bo_reviewer_packet/temporal_stop_head/22_temporal_stop_head_model.pt,0.103,0.8735,True,0.5,,0.4714,0.3318,False,912,24.917,False
normcmp_G_baseline_20260708_153849,957,25.666668,1783521542.006726,-0.678173,0.500263,0.0,-3.141459,0.2,0.042883,0.19986,-0.002109,camera_link,25.666668,gnm_closed_loop,,nominal,,True,ok,third_party/visualnav-transformer/model_weights/gnm/gnm.pth,14.57,0.3,0.0429,0.8312,0.0357,2.38,,,gnm_closed_loop,0.2,0.042883,normalized_stop_ab_20260708,G,baseline_no_stop,,,,,,,False,hospital_fresh_medium_G,0.3218,True,0.3,0.042883,0.2,0.042883,True,armed,False,,True,shadow,results/bo_reviewer_packet/temporal_stop_head/22_temporal_stop_head_model.pt,0.109,0.9303,True,0.5,,0.4714,0.3218,False,912,24.917,False
normcmp_G_baseline_20260708_153849,958,25.683335,1783521542.00918,-0.681498,0.500262,0.0,-3.141458,0.2,0.042883,0.19986,-0.002109,camera_link,25.683335,gnm_closed_loop,,nominal,,True,ok,third_party/visualnav-transformer/model_weights/gnm/gnm.pth,14.57,0.3,0.0429,0.8312,0.0357,2.38,,,gnm_closed_loop,0.2,0.042883,normalized_stop_ab_20260708,G,baseline_no_stop,,,,,,,False,hospital_fresh_medium_G,0.3185,True,0.3,0.042883,0.2,0.042883,True,armed,False,,True,shadow,results/bo_reviewer_packet/temporal_stop_head/22_temporal_stop_head_model.pt,0.109,0.9303,True,0.5,,0.4714,0.3218,False,912,24.917,False
normcmp_G_baseline_20260708_153849,959,25.700001,1783521542.011042,-0.684823,0.500262,0.0,-3.141456,0.2,0.042883,0.19986,-0.002109,camera_link,25.700001,gnm_closed_loop,,nominal,,True,ok,third_party/visualnav-transformer/model_weights/gnm/gnm.pth,14.57,0.3,0.0429,0.8312,0.0357,2.38,,,gnm_closed_loop,0.2,0.042883,normalized_stop_ab_20260708,G,baseline_no_stop,,,,,,,False,hospital_fresh_medium_G,0.3152,True,0.3,0.042883,0.2,0.042883,True,armed,False,,True,shadow,results/bo_reviewer_packet/temporal_stop_head/22_temporal_stop_head_model.pt,0.109,0.9303,True,0.5,,0.4714,0.3218,False,912,24.917,False
normcmp_G_baseline_20260708_153849,960,25.716668,1783521542.037895,-0.688147,0.500261,0.0,-3.141455,0.2,0.042897,0.199859,-0.002286,camera_link,25.716668,gnm_closed_loop,,nominal,,True,ok,third_party/visualnav-transformer/model_weights/gnm/gnm.pth,14.42,0.3,0.0429,0.8233,0.0353,2.35,,,gnm_closed_loop,0.2,0.042897,normalized_stop_ab_20260708,G,baseline_no_stop,,,,,,,False,hospital_fresh_medium_G,0.3119,True,0.3,0.042897,0.2,0.042897,True,armed,False,,True,shadow,results/bo_reviewer_packet/temporal_stop_head/22_temporal_stop_head_model.pt,0.111,0.9537,True,0.5,,0.4714,0.3119,False,912,24.917,False
normcmp_G_baseline_20260708_153849,961,25.733335,1783521542.040542,-0.691472,0.500261,0.0,-3.141454,0.2,0.042897,0.199859,-0.002286,camera_link,25.733335,gnm_closed_loop,,nominal,,True,ok,third_party/visualnav-transformer/model_weights/gnm/gnm.pth,14.42,0.3,0.0429,0.8233,0.0353,2.35,,,gnm_closed_loop,0.2,0.042897,normalized_stop_ab_20260708,G,baseline_no_stop,,,,,,,False,hospital_fresh_medium_G,0.3085,True,0.3,0.042897,0.2,0.042897,True,armed,False,,True,shadow,results/bo_reviewer_packet/temporal_stop_head/22_temporal_stop_head_model.pt,0.111,0.9537,True,0.5,,0.4714,0.3119,False,912,24.917,False
normcmp_G_baseline_20260708_153849,962,25.750001,1783521542.042554,-0.694796,0.50026,0.0,-3.141452,0.2,0.042897,0.199859,-0.002286,camera_link,25.750001,gnm_closed_loop,,nominal,,True,ok,third_party/visualnav-transformer/model_weights/gnm/gnm.pth,14.42,0.3,0.0429,0.8233,0.0353,2.35,,,gnm_closed_loop,0.2,0.042897,normalized_stop_ab_20260708,G,baseline_no_stop,,,,,,,False,hospital_fresh_medium_G,0.3052,True,0.3,0.042897,0.2,0.042897,True,armed,False,,True,shadow,results/bo_reviewer_packet/temporal_stop_head/22_temporal_stop_head_model.pt,0.111,0.9537,True,0.5,,0.4714,0.3119,False,912,24.917,False
normcmp_G_baseline_20260708_153849,963,25.766668,1783521542.075749,-0.698121,0.50026,0.0,-3.141451,0.2,0.042212,0.199851,-0.002774,camera_link,25.766668,gnm_closed_loop,,nominal,,True,ok,third_party/visualnav-transformer/model_weights/gnm/gnm.pth,19.52,0.3,0.0422,0.8107,0.0342,2.32,,,gnm_closed_loop,0.2,0.042212,normalized_stop_ab_20260708,G,baseline_no_stop,,,,,,,False,hospital_fresh_medium_G,0.3019,True,0.3,0.042212,0.2,0.042212,True,armed,False,,True,shadow,results/bo_reviewer_packet/temporal_stop_head/22_temporal_stop_head_model.pt,0.139,0.9673,True,0.5,,0.4714,0.3019,False,912,24.917,False
normcmp_G_baseline_20260708_153849,964,25.783335,1783521542.079397,-0.701446,0.500259,0.0,-3.141449,0.2,0.042212,0.199851,-0.002774,camera_link,25.783335,gnm_closed_loop,,nominal,,True,ok,third_party/visualnav-transformer/model_weights/gnm/gnm.pth,19.52,0.3,0.0422,0.8107,0.0342,2.32,,,gnm_closed_loop,0.2,0.042212,normalized_stop_ab_20260708,G,baseline_no_stop,,,,,,,False,hospital_fresh_medium_G,0.2986,True,0.3,0.042212,0.2,0.042212,True,armed,False,,True,shadow,results/bo_reviewer_packet/temporal_stop_head/22_temporal_stop_head_model.pt,0.139,0.9673,True,0.5,,0.4714,0.3019,False,912,24.917,False
normcmp_G_baseline_20260708_153849,965,25.800001,1783521542.082054,-0.70477,0.500259,0.0,-3.141448,0.2,0.042212,0.199851,-0.002774,camera_link,25.800001,gnm_closed_loop,,nominal,,True,ok,third_party/visualnav-transformer/model_weights/gnm/gnm.pth,19.52,0.3,0.0422,0.8107,0.0342,2.32,,,gnm_closed_loop,0.2,0.042212,normalized_stop_ab_20260708,G,baseline_no_stop,,,,,,,False,hospital_fresh_medium_G,0.2952,True,0.3,0.042212,0.2,0.042212,True,armed,False,,True,shadow,results/bo_reviewer_packet/temporal_stop_head/22_temporal_stop_head_model.pt,0.139,0.9673,True,0.5,,0.4714,0.3019,False,912,24.917,False
normcmp_G_baseline_20260708_153849,966,25.816668,1783521542.111957,-0.708095,0.500258,0.0,-3.141447,0.2,0.042272,0.199884,-0.002788,camera_link,25.816668,gnm_closed_loop,,nominal,,True,ok,third_party/visualnav-transformer/model_weights/gnm/gnm.pth,13.71,0.3,0.0423,0.7975,0.0337,2.25,,,gnm_closed_loop,0.2,0.042272,normalized_stop_ab_20260708,G,baseline_no_stop,,,,,,,False,hospital_fresh_medium_G,0.2919,True,0.3,0.042272,0.2,0.042272,True,armed,False,,True,shadow,results/bo_reviewer_packet/temporal_stop_head/22_temporal_stop_head_model.pt,0.119,0.9756,True,0.5,,0.4714,0.2919,False,912,24.917,False
normcmp_G_baseline_20260708_153849,967,25.833335,1783521542.114409,-0.71142,0.500258,0.0,-3.141445,0.2,0.042272,0.199884,-0.002788,camera_link,25.833335,gnm_closed_loop,,nominal,,True,ok,third_party/visualnav-transformer/model_weights/gnm/gnm.pth,13.71,0.3,0.0423,0.7975,0.0337,2.25,,,gnm_closed_loop,0.2,0.042272,normalized_stop_ab_20260708,G,baseline_no_stop,,,,,,,False,hospital_fresh_medium_G,0.2886,True,0.3,0.042272,0.2,0.042272,True,armed,False,,True,shadow,results/bo_reviewer_packet/temporal_stop_head/22_temporal_stop_head_model.pt,0.119,0.9756,True,0.5,,0.4714,0.2919,False,912,24.917,False
normcmp_G_baseline_20260708_153849,968,25.850001,1783521542.116271,-0.714744,0.500258,0.0,-3.141443,0.2,0.042272,0.199884,-0.002788,camera_link,25.850001,gnm_closed_loop,,nominal,,True,ok,third_party/visualnav-transformer/model_weights/gnm/gnm.pth,13.71,0.3,0.0423,0.7975,0.0337,2.25,,,gnm_closed_loop,0.2,0.042272,normalized_stop_ab_20260708,G,baseline_no_stop,,,,,,,False,hospital_fresh_medium_G,0.2853,True,0.3,0.042272,0.2,0.042272,True,armed,False,,True,shadow,results/bo_reviewer_packet/temporal_stop_head/22_temporal_stop_head_model.pt,0.119,0.9756,True,0.5,,0.4714,0.2919,False,912,24.917,False
normcmp_G_baseline_20260708_153849,969,25.866668,1783521542.142053,-0.718069,0.500257,0.0,-3.141441,0.2,0.04458,0.199862,-0.00295,camera_link,25.866668,gnm_closed_loop,,nominal,,True,ok,third_party/visualnav-transformer/model_weights/gnm/gnm.pth,13.32,0.3,0.0446,0.7867,0.0351,2.2,,,gnm_closed_loop,0.2,0.04458,normalized_stop_ab_20260708,G,baseline_no_stop,,,,,,,False,hospital_fresh_medium_G,0.2819,True,0.3,0.04458,0.2,0.04458,True,armed,False,,True,shadow,results/bo_reviewer_packet/temporal_stop_head/22_temporal_stop_head_model.pt,0.136,0.9894,True,0.5,,0.4714,0.2819,False,912,24.917,False
normcmp_G_baseline_20260708_153849,970,25.883335,1783521542.145622,-0.721394,0.500257,0.0,-3.14144,0.2,0.04458,0.199862,-0.00295,camera_link,25.883335,gnm_closed_loop,,nominal,,True,ok,third_party/visualnav-transformer/model_weights/gnm/gnm.pth,13.32,0.3,0.0446,0.7867,0.0351,2.2,,,gnm_closed_loop,0.2,0.04458,normalized_stop_ab_20260708,G,baseline_no_stop,,,,,,,False,hospital_fresh_medium_G,0.2786,True,0.3,0.04458,0.2,0.04458,True,armed,False,,True,shadow,results/bo_reviewer_packet/temporal_stop_head/22_temporal_stop_head_model.pt,0.136,0.9894,True,0.5,,0.4714,0.2819,False,912,24.917,False
normcmp_G_baseline_20260708_153849,971,25.900001,1783521542.147744,-0.724718,0.500256,0.0,-3.141438,0.2,0.04458,0.199862,-0.00295,camera_link,25.900001,gnm_closed_loop,,nominal,,True,ok,third_party/visualnav-transformer/model_weights/gnm/gnm.pth,13.32,0.3,0.0446,0.7867,0.0351,2.2,,,gnm_closed_loop,0.2,0.04458,normalized_stop_ab_20260708,G,baseline_no_stop,,,,,,,False,hospital_fresh_medium_G,0.2753,True,0.3,0.04458,0.2,0.04458,True,armed,False,,True,shadow,results/bo_reviewer_packet/temporal_stop_head/22_temporal_stop_head_model.pt,0.136,0.9894,True,0.5,,0.4714,0.2819,False,912,24.917,False
normcmp_G_baseline_20260708_153849,972,25.916668,1783521542.170661,-0.728043,0.500256,0.0,-3.141436,0.2,0.045212,0.199857,-0.002225,camera_link,25.916668,gnm_closed_loop,,nominal,,True,ok,third_party/visualnav-transformer/model_weights/gnm/gnm.pth,12.75,0.3,0.0452,0.7761,0.0351,2.14,,,gnm_closed_loop,0.2,0.045212,normalized_stop_ab_20260708,G,baseline_no_stop,,,,,,,False,hospital_fresh_medium_G,0.272,True,0.3,0.045212,0.2,0.045212,True,armed,False,,True,shadow,results/bo_reviewer_packet/temporal_stop_head/22_temporal_stop_head_model.pt,0.128,0.9964,True,0.5,,0.4714,0.272,False,912,24.917,False
normcmp_G_baseline_20260708_153849,973,25.933335,1783521542.172906,-0.731367,0.500255,0.0,-3.141435,0.2,0.045212,0.199857,-0.002225,camera_link,25.933335,gnm_closed_loop,,nominal,,True,ok,third_party/visualnav-transformer/model_weights/gnm/gnm.pth,12.75,0.3,0.0452,0.7761,0.0351,2.14,,,gnm_closed_loop,0.2,0.045212,normalized_stop_ab_20260708,G,baseline_no_stop,,,,,,,False,hospital_fresh_medium_G,0.2686,True,0.3,0.045212,0.2,0.045212,True,armed,False,,True,shadow,results/bo_reviewer_packet/temporal_stop_head/22_temporal_stop_head_model.pt,0.128,0.9964,True,0.5,,0.4714,0.272,False,912,24.917,False
normcmp_G_baseline_20260708_153849,974,25.950001,1783521542.175204,-0.734692,0.500254,0.0,-3.141433,0.2,0.045212,0.199857,-0.002225,camera_link,25.950001,gnm_closed_loop,,nominal,,True,ok,third_party/visualnav-transformer/model_weights/gnm/gnm.pth,12.75,0.3,0.0452,0.7761,0.0351,2.14,,,gnm_closed_loop,0.2,0.045212,normalized_stop_ab_20260708,G,baseline_no_stop,,,,,,,False,hospital_fresh_medium_G,0.2653,True,0.3,0.045212,0.2,0.045212,True,armed,False,,True,shadow,results/bo_reviewer_packet/temporal_stop_head/22_temporal_stop_head_model.pt,0.128,0.9964,True,0.5,,0.4714,0.272,False,912,24.917,False
normcmp_G_baseline_20260708_153849,975,25.966668,1783521542.200038,-0.738017,0.500254,0.0,-3.141432,0.2,0.04666,0.199872,-0.002409,camera_link,25.966668,gnm_closed_loop,,nominal,,True,ok,third_party/visualnav-transformer/model_weights/gnm/gnm.pth,14.61,0.3,0.0467,0.778,0.0363,2.18,,,gnm_closed_loop,0.2,0.04666,normalized_stop_ab_20260708,G,baseline_no_stop,,,,,,,False,hospital_fresh_medium_G,0.262,True,0.3,0.04666,0.2,0.04666,True,armed,False,,True,shadow,results/bo_reviewer_packet/temporal_stop_head/22_temporal_stop_head_model.pt,0.139,0.9986,True,0.5,,0.4714,0.262,False,912,24.917,False
normcmp_G_baseline_20260708_153849,976,25.983335,1783521542.202434,-0.741341,0.500253,0.0,-3.14143,0.2,0.04666,0.199872,-0.002409,camera_link,25.983335,gnm_closed_loop,,nominal,,True,ok,third_party/visualnav-transformer/model_weights/gnm/gnm.pth,14.61,0.3,0.0467,0.778,0.0363,2.18,,,gnm_closed_loop,0.2,0.04666,normalized_stop_ab_20260708,G,baseline_no_stop,,,,,,,False,hospital_fresh_medium_G,0.2587,True,0.3,0.04666,0.2,0.04666,True,armed,False,,True,shadow,results/bo_reviewer_packet/temporal_stop_head/22_temporal_stop_head_model.pt,0.139,0.9986,True,0.5,,0.4714,0.262,False,912,24.917,False
normcmp_G_baseline_20260708_153849,977,26.000001,1783521542.20434,-0.744666,0.500253,0.0,-3.141429,0.2,0.04666,0.199872,-0.002409,camera_link,26.000001,gnm_closed_loop,,nominal,,True,ok,third_party/visualnav-transformer/model_weights/gnm/gnm.pth,14.61,0.3,0.0467,0.778,0.0363,2.18,,,gnm_closed_loop,0.2,0.04666,normalized_stop_ab_20260708,G,baseline_no_stop,,,,,,,False,hospital_fresh_medium_G,0.2553,True,0.3,0.04666,0.2,0.04666,True,armed,False,,True,shadow,results/bo_reviewer_packet/temporal_stop_head/22_temporal_stop_head_model.pt,0.139,0.9986,True,0.5,,0.4714,0.262,False,912,24.917,False
normcmp_G_baseline_20260708_153849,978,26.016668,1783521542.229938,-0.747991,0.500252,0.0,-3.141427,0.2,0.046676,0.199878,-0.003171,camera_link,26.016668,gnm_closed_loop,,nominal,,True,ok,third_party/visualnav-transformer/model_weights/gnm/gnm.pth,13.37,0.3,0.0467,0.7815,0.0365,2.18,,,gnm_closed_loop,0.2,0.046676,normalized_stop_ab_20260708,G,baseline_no_stop,,,,,,,False,hospital_fresh_medium_G,0.252,True,0.3,0.046676,0.2,0.046676,True,armed,False,,True,shadow,results/bo_reviewer_packet/temporal_stop_head/22_temporal_stop_head_model.pt,0.125,0.9992,True,0.5,,0.4714,0.252,False,912,24.917,False
normcmp_G_baseline_20260708_153849,979,26.033335,1783521542.232519,-0.751316,0.500251,0.0,-3.141425,0.2,0.046676,0.199878,-0.003171,camera_link,26.033335,gnm_closed_loop,,nominal,,True,ok,third_party/visualnav-transformer/model_weights/gnm/gnm.pth,13.37,0.3,0.0467,0.7815,0.0365,2.18,,,gnm_closed_loop,0.2,0.046676,normalized_stop_ab_20260708,G,baseline_no_stop,,,,,,,False,hospital_fresh_medium_G,0.2487,True,0.3,0.046676,0.2,0.046676,True,armed,False,,True,shadow,results/bo_reviewer_packet/temporal_stop_head/22_temporal_stop_head_model.pt,0.125,0.9992,True,0.5,,0.4714,0.252,False,912,24.917,False
normcmp_G_baseline_20260708_153849,980,26.050001,1783521542.2354,-0.75464,0.500251,0.0,-3.141423,0.2,0.046676,0.199878,-0.003171,camera_link,26.050001,gnm_closed_loop,,nominal,,True,ok,third_party/visualnav-transformer/model_weights/gnm/gnm.pth,13.37,0.3,0.0467,0.7815,0.0365,2.18,,,gnm_closed_loop,0.2,0.046676,normalized_stop_ab_20260708,G,baseline_no_stop,,,,,,,False,hospital_fresh_medium_G,0.2454,True,0.3,0.046676,0.2,0.046676,True,armed,False,,True,shadow,results/bo_reviewer_packet/temporal_stop_head/22_temporal_stop_head_model.pt,0.125,0.9992,True,0.5,,0.4714,0.252,False,912,24.917,False
normcmp_G_baseline_20260708_153849,981,26.066668,1783521542.258871,-0.757965,0.50025,0.0,-3.141422,0.2,0.048368,0.199865,-0.002896,camera_link,26.066668,gnm_closed_loop,,nominal,,True,ok,third_party/visualnav-transformer/model_weights/gnm/gnm.pth,12.82,0.3,0.0484,0.7832,0.0379,2.2,,,gnm_closed_loop,0.2,0.048368,normalized_stop_ab_20260708,G,baseline_no_stop,,,,,,,False,hospital_fresh_medium_G,0.242,True,0.3,0.048368,0.2,0.048368,True,armed,False,,True,shadow,results/bo_reviewer_packet/temporal_stop_head/22_temporal_stop_head_model.pt,0.122,0.9967,True,0.5,,0.4714,0.242,False,912,24.917,False
normcmp_G_baseline_20260708_153849,982,26.083335,1783521542.261108,-0.761289,0.50025,0.0,-3.14142,0.2,0.048368,0.199865,-0.002896,camera_link,26.083335,gnm_closed_loop,,nominal,,True,ok,third_party/visualnav-transformer/model_weights/gnm/gnm.pth,12.82,0.3,0.0484,0.7832,0.0379,2.2,,,gnm_closed_loop,0.2,0.048368,normalized_stop_ab_20260708,G,baseline_no_stop,,,,,,,False,hospital_fresh_medium_G,0.2387,True,0.3,0.048368,0.2,0.048368,True,armed,False,,True,shadow,results/bo_reviewer_packet/temporal_stop_head/22_temporal_stop_head_model.pt,0.122,0.9967,True,0.5,,0.4714,0.242,False,912,24.917,False
normcmp_G_baseline_20260708_153849,983,26.100001,1783521542.262934,-0.764614,0.500249,0.0,-3.141418,0.2,0.048368,0.199865,-0.002896,camera_link,26.100001,gnm_closed_loop,,nominal,,True,ok,third_party/visualnav-transformer/model_weights/gnm/gnm.pth,12.82,0.3,0.0484,0.7832,0.0379,2.2,,,gnm_closed_loop,0.2,0.048368,normalized_stop_ab_20260708,G,baseline_no_stop,,,,,,,False,hospital_fresh_medium_G,0.2354,True,0.3,0.048368,0.2,0.048368,True,armed,False,,True,shadow,results/bo_reviewer_packet/temporal_stop_head/22_temporal_stop_head_model.pt,0.122,0.9967,True,0.5,,0.4714,0.242,False,912,24.917,False
normcmp_G_baseline_20260708_153849,984,26.116668,1783521542.302442,-0.767938,0.500249,0.0,-3.141417,0.2,0.059918,0.199877,-0.001959,camera_link,26.116668,gnm_closed_loop,,nominal,,True,ok,third_party/visualnav-transformer/model_weights/gnm/gnm.pth,25.21,0.3,0.0599,0.7661,0.046,2.13,,,gnm_closed_loop,0.2,0.059918,normalized_stop_ab_20260708,G,baseline_no_stop,,,,,,,False,hospital_fresh_medium_G,0.2321,True,0.3,0.059918,0.2,0.059918,True,armed,False,,True,shadow,results/bo_reviewer_packet/temporal_stop_head/22_temporal_stop_head_model.pt,0.16,0.9946,True,0.5,,0.4714,0.2321,False,912,24.917,False
normcmp_G_baseline_20260708_153849,985,26.133335,1783521542.305153,-0.771262,0.500248,0.0,-3.141415,0.2,0.059918,0.199877,-0.001959,camera_link,26.133335,gnm_closed_loop,,nominal,,True,ok,third_party/visualnav-transformer/model_weights/gnm/gnm.pth,25.21,0.3,0.0599,0.7661,0.046,2.13,,,gnm_closed_loop,0.2,0.059918,normalized_stop_ab_20260708,G,baseline_no_stop,,,,,,,False,hospital_fresh_medium_G,0.2287,True,0.3,0.059918,0.2,0.059918,True,armed,False,,True,shadow,results/bo_reviewer_packet/temporal_stop_head/22_temporal_stop_head_model.pt,0.16,0.9946,True,0.5,,0.4714,0.2321,False,912,24.917,False
normcmp_G_baseline_20260708_153849,986,26.150001,1783521542.308441,-0.774587,0.500247,0.0,-3.141413,0.2,0.059918,0.199877,-0.001959,camera_link,26.150001,gnm_closed_loop,,nominal,,True,ok,third_party/visualnav-transformer/model_weights/gnm/gnm.pth,25.21,0.3,0.0599,0.7661,0.046,2.13,,,gnm_closed_loop,0.2,0.059918,normalized_stop_ab_20260708,G,baseline_no_stop,,,,,,,False,hospital_fresh_medium_G,0.2254,True,0.3,0.059918,0.2,0.059918,True,armed,False,,True,shadow,results/bo_reviewer_packet/temporal_stop_head/22_temporal_stop_head_model.pt,0.16,0.9946,True,0.5,,0.4714,0.2321,False,912,24.917,False
normcmp_G_baseline_20260708_153849,987,26.166668,1783521542.341116,-0.777911,0.500247,0.0,-3.141411,0.2,0.062477,0.19986,-0.003588,camera_link,26.166668,gnm_closed_loop,,nominal,,True,ok,third_party/visualnav-transformer/model_weights/gnm/gnm.pth,16.86,0.3,0.0625,0.7546,0.0472,2.09,,,gnm_closed_loop,0.2,0.062477,normalized_stop_ab_20260708,G,baseline_no_stop,,,,,,,False,hospital_fresh_medium_G,0.2221,True,0.3,0.062477,0.2,0.062477,True,armed,False,,True,shadow,results/bo_reviewer_packet/temporal_stop_head/22_temporal_stop_head_model.pt,0.112,0.9921,True,0.5,,0.4714,0.2221,False,912,24.917,False
normcmp_G_baseline_20260708_153849,988,26.183335,1783521542.343564,-0.781236,0.500247,0.0,-3.141408,0.2,0.062477,0.19986,-0.003588,camera_link,26.183335,gnm_closed_loop,,nominal,,True,ok,third_party/visualnav-transformer/model_weights/gnm/gnm.pth,16.86,0.3,0.0625,0.7546,0.0472,2.09,,,gnm_closed_loop,0.2,0.062477,normalized_stop_ab_20260708,G,baseline_no_stop,,,,,,,False,hospital_fresh_medium_G,0.2188,True,0.3,0.062477,0.2,0.062477,True,armed,False,,True,shadow,results/bo_reviewer_packet/temporal_stop_head/22_temporal_stop_head_model.pt,0.112,0.9921,True,0.5,,0.4714,0.2221,False,912,24.917,False
normcmp_G_baseline_20260708_153849,989,26.200001,1783521542.345394,-0.78456,0.500246,0.0,-3.141406,0.2,0.062477,0.19986,-0.003588,camera_link,26.200001,gnm_closed_loop,,nominal,,True,ok,third_party/visualnav-transformer/model_weights/gnm/gnm.pth,16.86,0.3,0.0625,0.7546,0.0472,2.09,,,gnm_closed_loop,0.2,0.062477,normalized_stop_ab_20260708,G,baseline_no_stop,,,,,,,False,hospital_fresh_medium_G,0.2154,True,0.3,0.062477,0.2,0.062477,True,armed,False,,True,shadow,results/bo_reviewer_packet/temporal_stop_head/22_temporal_stop_head_model.pt,0.112,0.9921,True,0.5,,0.4714,0.2221,False,912,24.917,False
normcmp_G_baseline_20260708_153849,990,26.216668,1783521542.369087,-0.787885,0.500245,0.0,-3.141404,0.2,0.05572,0.199876,-0.004173,camera_link,26.216668,gnm_closed_loop,,nominal,,True,ok,third_party/visualnav-transformer/model_weights/gnm/gnm.pth,13.2,0.3,0.0557,0.7447,0.0415,2.17,,,gnm_closed_loop,0.2,0.05572,normalized_stop_ab_20260708,G,baseline_no_stop,,,,,,,False,hospital_fresh_medium_G,0.2121,True,0.3,0.05572,0.2,0.05572,True,armed,False,,True,shadow,results/bo_reviewer_packet/temporal_stop_head/22_temporal_stop_head_model.pt,0.135,0.9983,True,0.5,,0.4714,0.2121,False,912,24.917,False
normcmp_G_baseline_20260708_153849,991,26.233335,1783521542.372228,-0.79121,0.500245,0.0,-3.141402,0.2,0.05572,0.199876,-0.004173,camera_link,26.233335,gnm_closed_loop,,nominal,,True,ok,third_party/visualnav-transformer/model_weights/gnm/gnm.pth,13.2,0.3,0.0557,0.7447,0.0415,2.17,,,gnm_closed_loop,0.2,0.05572,normalized_stop_ab_20260708,G,baseline_no_stop,,,,,,,False,hospital_fresh_medium_G,0.2088,True,0.3,0.05572,0.2,0.05572,True,armed,False,,True,shadow,results/bo_reviewer_packet/temporal_stop_head/22_temporal_stop_head_model.pt,0.135,0.9983,True,0.5,,0.4714,0.2121,False,912,24.917,False
normcmp_G_baseline_20260708_153849,992,26.250001,1783521542.375196,-0.794534,0.500244,0.0,-3.1414,0.2,0.05572,0.199876,-0.004173,camera_link,26.250001,gnm_closed_loop,,nominal,,True,ok,third_party/visualnav-transformer/model_weights/gnm/gnm.pth,13.2,0.3,0.0557,0.7447,0.0415,2.17,,,gnm_closed_loop,0.2,0.05572,normalized_stop_ab_20260708,G,baseline_no_stop,,,,,,,False,hospital_fresh_medium_G,0.2055,True,0.3,0.05572,0.2,0.05572,True,armed,False,,True,shadow,results/bo_reviewer_packet/temporal_stop_head/22_temporal_stop_head_model.pt,0.135,0.9983,True,0.5,,0.4714,0.2121,False,912,24.917,False
normcmp_G_baseline_20260708_153849,993,26.266668,1783521542.401849,-0.797859,0.500244,0.0,-3.141398,0.2,0.053916,0.199859,-0.002957,camera_link,26.266668,gnm_closed_loop,,nominal,,True,ok,third_party/visualnav-transformer/model_weights/gnm/gnm.pth,14.13,0.3,0.0539,0.7501,0.0405,2.22,,,gnm_closed_loop,0.2,0.053916,normalized_stop_ab_20260708,G,baseline_no_stop,,,,,,,False,hospital_fresh_medium_G,0.2021,True,0.3,0.053916,0.2,0.053916,True,armed,False,,True,shadow,results/bo_reviewer_packet/temporal_stop_head/22_temporal_stop_head_model.pt,0.112,0.9911,True,0.5,,0.4714,0.2021,False,912,24.917,False
normcmp_G_baseline_20260708_153849,994,26.283335,1783521542.40449,-0.801184,0.500243,0.0,-3.141396,0.2,0.053916,0.199859,-0.002957,camera_link,26.283335,gnm_closed_loop,,nominal,,True,ok,third_party/visualnav-transformer/model_weights/gnm/gnm.pth,14.13,0.3,0.0539,0.7501,0.0405,2.22,,,gnm_closed_loop,0.2,0.053916,normalized_stop_ab_20260708,G,baseline_no_stop,,,,,,,False,hospital_fresh_medium_G,0.1988,True,0.3,0.053916,0.2,0.053916,True,armed,False,,True,shadow,results/bo_reviewer_packet/temporal_stop_head/22_temporal_stop_head_model.pt,0.112,0.9911,True,0.5,,0.4714,0.2021,False,912,24.917,False
normcmp_G_baseline_20260708_153849,995,26.300001,1783521542.406583,-0.804509,0.500243,0.0,-3.141394,0.2,0.053916,0.199859,-0.002957,camera_link,26.300001,gnm_closed_loop,,nominal,,True,ok,third_party/visualnav-transformer/model_weights/gnm/gnm.pth,14.13,0.3,0.0539,0.7501,0.0405,2.22,,,gnm_closed_loop,0.2,0.053916,normalized_stop_ab_20260708,G,baseline_no_stop,,,,,,,False,hospital_fresh_medium_G,0.1955,True,0.3,0.053916,0.2,0.053916,True,armed,False,,True,shadow,results/bo_reviewer_packet/temporal_stop_head/22_temporal_stop_head_model.pt,0.112,0.9911,True,0.5,,0.4714,0.2021,False,912,24.917,False
normcmp_G_baseline_20260708_153849,996,26.316668,1783521542.431395,-0.807833,0.500242,0.0,-3.141392,0.2,0.054229,0.199876,-0.003,camera_link,26.316668,gnm_closed_loop,,nominal,,True,ok,third_party/visualnav-transformer/model_weights/gnm/gnm.pth,12.98,0.3,0.0542,0.7556,0.041,2.25,,,gnm_closed_loop,0.2,0.054229,normalized_stop_ab_20260708,G,baseline_no_stop,,,,,,,False,hospital_fresh_medium_G,0.1922,True,0.3,0.054229,0.2,0.054229,True,armed,False,,True,shadow,results/bo_reviewer_packet/temporal_stop_head/22_temporal_stop_head_model.pt,0.132,0.8539,True,0.5,,0.4714,0.1922,False,912,24.917,False
normcmp_G_baseline_20260708_153849,997,26.333335,1783521542.433935,-0.811158,0.500241,0.0,-3.141391,0.2,0.054229,0.199876,-0.003,camera_link,26.333335,gnm_closed_loop,,nominal,,True,ok,third_party/visualnav-transformer/model_weights/gnm/gnm.pth,12.98,0.3,0.0542,0.7556,0.041,2.25,,,gnm_closed_loop,0.2,0.054229,normalized_stop_ab_20260708,G,baseline_no_stop,,,,,,,False,hospital_fresh_medium_G,0.1888,True,0.3,0.054229,0.2,0.054229,True,armed,False,,True,shadow,results/bo_reviewer_packet/temporal_stop_head/22_temporal_stop_head_model.pt,0.132,0.8539,True,0.5,,0.4714,0.1922,False,912,24.917,False
normcmp_G_baseline_20260708_153849,998,26.350001,1783521542.435836,-0.814482,0.500241,0.0,-3.141389,0.2,0.054229,0.199876,-0.003,camera_link,26.350001,gnm_closed_loop,,nominal,,True,ok,third_party/visualnav-transformer/model_weights/gnm/gnm.pth,12.98,0.3,0.0542,0.7556,0.041,2.25,,,gnm_closed_loop,0.2,0.054229,normalized_stop_ab_20260708,G,baseline_no_stop,,,,,,,False,hospital_fresh_medium_G,0.1855,True,0.3,0.054229,0.2,0.054229,True,armed,False,,True,shadow,results/bo_reviewer_packet/temporal_stop_head/22_temporal_stop_head_model.pt,0.132,0.8539,True,0.5,,0.4714,0.1922,False,912,24.917,False
normcmp_G_baseline_20260708_153849,999,26.366668,1783521542.465505,-0.817807,0.50024,0.0,-3.141387,0.2,0.054574,0.19986,-0.002787,camera_link,26.366668,gnm_closed_loop,,nominal,,True,ok,third_party/visualnav-transformer/model_weights/gnm/gnm.pth,16.84,0.3,0.0546,0.7593,0.0415,2.27,,,gnm_closed_loop,0.2,0.054574,normalized_stop_ab_20260708,G,baseline_no_stop,,,,,,,False,hospital_fresh_medium_G,0.1822,True,0.3,0.054574,0.2,0.054574,True,armed,False,,True,shadow,results/bo_reviewer_packet/temporal_stop_head/22_temporal_stop_head_model.pt,0.118,0.0941,True,0.5,,0.4714,0.1822,False,912,24.917,False
normcmp_G_baseline_20260708_153849,1000,26.383335,1783521542.467842,-0.821132,0.50024,0.0,-3.141385,0.2,0.054574,0.19986,-0.002787,camera_link,26.383335,gnm_closed_loop,,nominal,,True,ok,third_party/visualnav-transformer/model_weights/gnm/gnm.pth,16.84,0.3,0.0546,0.7593,0.0415,2.27,,,gnm_closed_loop,0.2,0.054574,normalized_stop_ab_20260708,G,baseline_no_stop,,,,,,,False,hospital_fresh_medium_G,0.1789,True,0.3,0.054574,0.2,0.054574,True,armed,False,,True,shadow,results/bo_reviewer_packet/temporal_stop_head/22_temporal_stop_head_model.pt,0.118,0.0941,True,0.5,,0.4714,0.1822,False,912,24.917,False
normcmp_G_baseline_20260708_153849,1001,26.400001,1783521542.469626,-0.824456,0.500239,0.0,-3.141383,0.2,0.054574,0.19986,-0.002787,camera_link,26.400001,gnm_closed_loop,,nominal,,True,ok,third_party/visualnav-transformer/model_weights/gnm/gnm.pth,16.84,0.3,0.0546,0.7593,0.0415,2.27,,,gnm_closed_loop,0.2,0.054574,normalized_stop_ab_20260708,G,baseline_no_stop,,,,,,,False,hospital_fresh_medium_G,0.1755,True,0.3,0.054574,0.2,0.054574,True,armed,False,,True,shadow,results/bo_reviewer_packet/temporal_stop_head/22_temporal_stop_head_model.pt,0.118,0.0941,True,0.5,,0.4714,0.1822,False,912,24.917,False
normcmp_G_baseline_20260708_153849,1002,26.416668,1783521542.491895,-0.827781,0.500238,0.0,-3.141381,0.2,0.054235,0.199866,-0.002284,camera_link,26.416668,gnm_closed_loop,,nominal,,True,ok,third_party/visualnav-transformer/model_weights/gnm/gnm.pth,12.78,0.3,0.0542,0.7532,0.0409,2.27,,,gnm_closed_loop,0.2,0.054235,normalized_stop_ab_20260708,G,baseline_no_stop,,,,,,,False,hospital_fresh_medium_G,0.1722,True,0.3,0.054235,0.2,0.054235,True,armed,False,,True,shadow,results/bo_reviewer_packet/temporal_stop_head/22_temporal_stop_head_model.pt,0.105,0.0202,True,0.5,,0.4714,0.1722,False,912,24.917,False
normcmp_G_baseline_20260708_153849,1003,26.433335,1783521542.494198,-0.831105,0.500237,0.0,-3.141379,0.2,0.054235,0.199866,-0.002284,camera_link,26.433335,gnm_closed_loop,,nominal,,True,ok,third_party/visualnav-transformer/model_weights/gnm/gnm.pth,12.78,0.3,0.0542,0.7532,0.0409,2.27,,,gnm_closed_loop,0.2,0.054235,normalized_stop_ab_20260708,G,baseline_no_stop,,,,,,,False,hospital_fresh_medium_G,0.1689,True,0.3,0.054235,0.2,0.054235,True,armed,False,,True,shadow,results/bo_reviewer_packet/temporal_stop_head/22_temporal_stop_head_model.pt,0.105,0.0202,True,0.5,,0.4714,0.1722,False,912,24.917,False
normcmp_G_baseline_20260708_153849,1004,26.450001,1783521542.497401,-0.83443,0.500237,0.0,-3.141377,0.2,0.054235,0.199866,-0.002284,camera_link,26.450001,gnm_closed_loop,,nominal,,True,ok,third_party/visualnav-transformer/model_weights/gnm/gnm.pth,12.78,0.3,0.0542,0.7532,0.0409,2.27,,,gnm_closed_loop,0.2,0.054235,normalized_stop_ab_20260708,G,baseline_no_stop,,,,,,,False,hospital_fresh_medium_G,0.1656,True,0.3,0.054235,0.2,0.054235,True,armed,False,,True,shadow,results/bo_reviewer_packet/temporal_stop_head/22_temporal_stop_head_model.pt,0.105,0.0202,True,0.5,,0.4714,0.1722,False,912,24.917,False
normcmp_G_baseline_20260708_153849,1005,26.466668,1783521542.520761,-0.837755,0.500236,0.0,-3.141376,0.2,0.060674,0.199878,-0.002836,camera_link,26.466668,gnm_closed_loop,,nominal,,True,ok,third_party/visualnav-transformer/model_weights/gnm/gnm.pth,12.73,0.3,0.0607,0.7347,0.0446,2.2,,,gnm_closed_loop,0.2,0.060674,normalized_stop_ab_20260708,G,baseline_no_stop,,,,,,,False,hospital_fresh_medium_G,0.1622,True,0.3,0.060674,0.2,0.060674,True,armed,False,,True,shadow,results/bo_reviewer_packet/temporal_stop_head/22_temporal_stop_head_model.pt,0.109,0.1221,True,0.5,,0.4714,0.1622,False,912,24.917,False
normcmp_G_baseline_20260708_153849,1006,26.483335,1783521542.523451,-0.841079,0.500235,0.0,-3.141373,0.2,0.060674,0.199878,-0.002836,camera_link,26.483335,gnm_closed_loop,,nominal,,True,ok,third_party/visualnav-transformer/model_weights/gnm/gnm.pth,12.73,0.3,0.0607,0.7347,0.0446,2.2,,,gnm_closed_loop,0.2,0.060674,normalized_stop_ab_20260708,G,baseline_no_stop,,,,,,,False,hospital_fresh_medium_G,0.1589,True,0.3,0.060674,0.2,0.060674,True,armed,False,,True,shadow,results/bo_reviewer_packet/temporal_stop_head/22_temporal_stop_head_model.pt,0.109,0.1221,True,0.5,,0.4714,0.1622,False,912,24.917,False
normcmp_G_baseline_20260708_153849,1007,26.500001,1783521542.526459,-0.844404,0.500235,0.0,-3.141371,0.2,0.060674,0.199878,-0.002836,camera_link,26.500001,gnm_closed_loop,,nominal,,True,ok,third_party/visualnav-transformer/model_weights/gnm/gnm.pth,12.73,0.3,0.0607,0.7347,0.0446,2.2,,,gnm_closed_loop,0.2,0.060674,normalized_stop_ab_20260708,G,baseline_no_stop,,,,,,,False,hospital_fresh_medium_G,0.1556,True,0.3,0.060674,0.2,0.060674,True,armed,False,,True,shadow,results/bo_reviewer_packet/temporal_stop_head/22_temporal_stop_head_model.pt,0.109,0.1221,True,0.5,,0.4714,0.1622,False,912,24.917,False
normcmp_G_baseline_20260708_153849,1008,26.516668,1783521542.553149,-0.847729,0.500234,0.0,-3.141369,0.2,0.07061,0.199879,-0.003699,camera_link,26.516668,gnm_closed_loop,,nominal,,True,ok,third_party/visualnav-transformer/model_weights/gnm/gnm.pth,13.99,0.3,0.0706,0.6961,0.0492,2.07,,,gnm_closed_loop,0.2,0.07061,normalized_stop_ab_20260708,G,baseline_no_stop,,,,,,,False,hospital_fresh_medium_G,0.1523,True,0.3,0.07061,0.2,0.07061,True,armed,False,,True,shadow,results/bo_reviewer_packet/temporal_stop_head/22_temporal_stop_head_model.pt,0.106,0.5371,True,0.5,,0.4714,0.1523,False,912,24.917,False
normcmp_G_baseline_20260708_153849,1009,26.533335,1783521542.556634,-0.851054,0.500234,0.0,-3.141366,0.2,0.07061,0.199879,-0.003699,camera_link,26.533335,gnm_closed_loop,,nominal,,True,ok,third_party/visualnav-transformer/model_weights/gnm/gnm.pth,13.99,0.3,0.0706,0.6961,0.0492,2.07,,,gnm_closed_loop,0.2,0.07061,normalized_stop_ab_20260708,G,baseline_no_stop,,,,,,,False,hospital_fresh_medium_G,0.1489,True,0.3,0.07061,0.2,0.07061,True,armed,False,,True,shadow,results/bo_reviewer_packet/temporal_stop_head/22_temporal_stop_head_model.pt,0.106,0.5371,True,0.5,,0.4714,0.1523,False,912,24.917,False
normcmp_G_baseline_20260708_153849,1010,26.550001,1783521542.55878,-0.854378,0.500233,0.0,-3.141364,0.2,0.07061,0.199879,-0.003699,camera_link,26.550001,gnm_closed_loop,,nominal,,True,ok,third_party/visualnav-transformer/model_weights/gnm/gnm.pth,13.99,0.3,0.0706,0.6961,0.0492,2.07,,,gnm_closed_loop,0.2,0.07061,normalized_stop_ab_20260708,G,baseline_no_stop,,,,,,,False,hospital_fresh_medium_G,0.1456,True,0.3,0.07061,0.2,0.07061,True,armed,False,,True,shadow,results/bo_reviewer_packet/temporal_stop_head/22_temporal_stop_head_model.pt,0.106,0.5371,True,0.5,,0.4714,0.1523,False,912,24.917,False
normcmp_G_baseline_20260708_153849,1011,26.566668,1783521542.588868,-0.857703,0.500232,0.0,-3.141362,0.2,0.076495,0.199866,-0.00387,camera_link,26.566668,gnm_closed_loop,,nominal,,True,ok,third_party/visualnav-transformer/model_weights/gnm/gnm.pth,14.4,0.3,0.0765,0.6875,0.0527,2.01,,,gnm_closed_loop,0.2,0.076495,normalized_stop_ab_20260708,G,baseline_no_stop,,,,,,,False,hospital_fresh_medium_G,0.1423,True,0.3,0.076495,0.2,0.076495,True,armed,False,,True,shadow,results/bo_reviewer_packet/temporal_stop_head/22_temporal_stop_head_model.pt,0.107,0.359,True,0.5,,0.4714,0.1423,False,912,24.917,False
normcmp_G_baseline_20260708_153849,1012,26.583335,1783521542.591259,-0.861027,0.500232,0.0,-3.141359,0.2,0.076495,0.199866,-0.00387,camera_link,26.583335,gnm_closed_loop,,nominal,,True,ok,third_party/visualnav-transformer/model_weights/gnm/gnm.pth,14.4,0.3,0.0765,0.6875,0.0527,2.01,,,gnm_closed_loop,0.2,0.076495,normalized_stop_ab_20260708,G,baseline_no_stop,,,,,,,False,hospital_fresh_medium_G,0.139,True,0.3,0.076495,0.2,0.076495,True,armed,False,,True,shadow,results/bo_reviewer_packet/temporal_stop_head/22_temporal_stop_head_model.pt,0.107,0.359,True,0.5,,0.4714,0.1423,False,912,24.917,False
normcmp_G_baseline_20260708_153849,1013,26.600001,1783521542.593342,-0.864352,0.500231,0.0,-3.141356,0.2,0.076495,0.199866,-0.00387,camera_link,26.600001,gnm_closed_loop,,nominal,,True,ok,third_party/visualnav-transformer/model_weights/gnm/gnm.pth,14.4,0.3,0.0765,0.6875,0.0527,2.01,,,gnm_closed_loop,0.2,0.076495,normalized_stop_ab_20260708,G,baseline_no_stop,,,,,,,False,hospital_fresh_medium_G,0.1356,True,0.3,0.076495,0.2,0.076495,True,armed,False,,True,shadow,results/bo_reviewer_packet/temporal_stop_head/22_temporal_stop_head_model.pt,0.107,0.359,True,0.5,,0.4714,0.1423,False,912,24.917,False
normcmp_G_baseline_20260708_153849,1014,26.616668,1783521542.626454,-0.867677,0.50023,0.0,-3.141354,0.2,0.077287,0.199899,-0.0042,camera_link,26.616668,gnm_closed_loop,,nominal,,True,ok,third_party/visualnav-transformer/model_weights/gnm/gnm.pth,18.87,0.3,0.0773,0.6525,0.0505,1.92,,,gnm_closed_loop,0.2,0.077287,normalized_stop_ab_20260708,G,baseline_no_stop,,,,,,,False,hospital_fresh_medium_G,0.1323,True,0.3,0.077287,0.2,0.077287,True,armed,False,,True,shadow,results/bo_reviewer_packet/temporal_stop_head/22_temporal_stop_head_model.pt,0.127,0.5889,True,0.5,,0.4714,0.1323,False,912,24.917,False
normcmp_G_baseline_20260708_153849,1015,26.633335,1783521542.629684,-0.871001,0.50023,0.0,-3.141351,0.2,0.077287,0.199899,-0.0042,camera_link,26.633335,gnm_closed_loop,,nominal,,True,ok,third_party/visualnav-transformer/model_weights/gnm/gnm.pth,18.87,0.3,0.0773,0.6525,0.0505,1.92,,,gnm_closed_loop,0.2,0.077287,normalized_stop_ab_20260708,G,baseline_no_stop,,,,,,,False,hospital_fresh_medium_G,0.129,True,0.3,0.077287,0.2,0.077287,True,armed,False,,True,shadow,results/bo_reviewer_packet/temporal_stop_head/22_temporal_stop_head_model.pt,0.127,0.5889,True,0.5,,0.4714,0.1323,False,912,24.917,False
normcmp_G_baseline_20260708_153849,1016,26.650001,1783521542.631541,-0.874326,0.500229,0.0,-3.141349,0.2,0.077287,0.199899,-0.0042,camera_link,26.650001,gnm_closed_loop,,nominal,,True,ok,third_party/visualnav-transformer/model_weights/gnm/gnm.pth,18.87,0.3,0.0773,0.6525,0.0505,1.92,,,gnm_closed_loop,0.2,0.077287,normalized_stop_ab_20260708,G,baseline_no_stop,,,,,,,False,hospital_fresh_medium_G,0.1257,True,0.3,0.077287,0.2,0.077287,True,armed,False,,True,shadow,results/bo_reviewer_packet/temporal_stop_head/22_temporal_stop_head_model.pt,0.127,0.5889,True,0.5,,0.4714,0.1323,False,912,24.917,False
normcmp_G_baseline_20260708_153849,1017,26.666668,1783521542.656219,-0.877651,0.500228,0.0,-3.141346,0.2,0.07316,0.199906,-0.0051,camera_link,26.666668,gnm_closed_loop,,nominal,,True,ok,third_party/visualnav-transformer/model_weights/gnm/gnm.pth,13.32,0.3,0.0732,0.6324,0.0464,1.91,,,gnm_closed_loop,0.2,0.07316,normalized_stop_ab_20260708,G,baseline_no_stop,,,,,,,False,hospital_fresh_medium_G,0.1223,True,0.3,0.07316,0.2,0.07316,True,armed,False,,True,shadow,results/bo_reviewer_packet/temporal_stop_head/22_temporal_stop_head_model.pt,0.123,0.8946,True,0.5,,0.4714,0.1223,False,912,24.917,False
normcmp_G_baseline_20260708_153849,1018,26.683335,1783521542.658796,-0.880976,0.500227,0.0,-3.141343,0.2,0.07316,0.199906,-0.0051,camera_link,26.683335,gnm_closed_loop,,nominal,,True,ok,third_party/visualnav-transformer/model_weights/gnm/gnm.pth,13.32,0.3,0.0732,0.6324,0.0464,1.91,,,gnm_closed_loop,0.2,0.07316,normalized_stop_ab_20260708,G,baseline_no_stop,,,,,,,False,hospital_fresh_medium_G,0.119,True,0.3,0.07316,0.2,0.07316,True,armed,False,,True,shadow,results/bo_reviewer_packet/temporal_stop_head/22_temporal_stop_head_model.pt,0.123,0.8946,True,0.5,,0.4714,0.1223,False,912,24.917,False
normcmp_G_baseline_20260708_153849,1019,26.700001,1783521542.660779,-0.8843,0.500227,0.0,-3.14134,0.2,0.07316,0.199906,-0.0051,camera_link,26.700001,gnm_closed_loop,,nominal,,True,ok,third_party/visualnav-transformer/model_weights/gnm/gnm.pth,13.32,0.3,0.0732,0.6324,0.0464,1.91,,,gnm_closed_loop,0.2,0.07316,normalized_stop_ab_20260708,G,baseline_no_stop,,,,,,,False,hospital_fresh_medium_G,0.1157,True,0.3,0.07316,0.2,0.07316,True,armed,False,,True,shadow,results/bo_reviewer_packet/temporal_stop_head/22_temporal_stop_head_model.pt,0.123,0.8946,True,0.5,,0.4714,0.1223,False,912,24.917,False
normcmp_G_baseline_20260708_153849,1020,26.716668,1783521542.685539,-0.887625,0.500226,0.0,-3.141338,0.2,0.082335,0.199891,-0.004218,camera_link,26.716668,gnm_closed_loop,,nominal,,True,ok,third_party/visualnav-transformer/model_weights/gnm/gnm.pth,13.22,0.3,0.0823,0.6018,0.0497,1.79,,,gnm_closed_loop,0.2,0.082335,normalized_stop_ab_20260708,G,baseline_no_stop,,,,,,,False,hospital_fresh_medium_G,0.1124,True,0.3,0.082335,0.2,0.082335,True,armed,False,,True,shadow,results/bo_reviewer_packet/temporal_stop_head/22_temporal_stop_head_model.pt,0.133,0.896,True,0.5,,0.4714,0.1124,False,912,24.917,False
normcmp_G_baseline_20260708_153849,1021,26.733335,1783521542.687931,-0.89095,0.500225,0.0,-3.141335,0.2,0.082335,0.199891,-0.004218,camera_link,26.733335,gnm_closed_loop,,nominal,,True,ok,third_party/visualnav-transformer/model_weights/gnm/gnm.pth,13.22,0.3,0.0823,0.6018,0.0497,1.79,,,gnm_closed_loop,0.2,0.082335,normalized_stop_ab_20260708,G,baseline_no_stop,,,,,,,False,hospital_fresh_medium_G,0.1091,True,0.3,0.082335,0.2,0.082335,True,armed,False,,True,shadow,results/bo_reviewer_packet/temporal_stop_head/22_temporal_stop_head_model.pt,0.133,0.896,True,0.5,,0.4714,0.1124,False,912,24.917,False
normcmp_G_baseline_20260708_153849,1022,26.750001,1783521542.689798,-0.894275,0.500225,0.0,-3.141332,0.2,0.082335,0.199891,-0.004218,camera_link,26.750001,gnm_closed_loop,,nominal,,True,ok,third_party/visualnav-transformer/model_weights/gnm/gnm.pth,13.22,0.3,0.0823,0.6018,0.0497,1.79,,,gnm_closed_loop,0.2,0.082335,normalized_stop_ab_20260708,G,baseline_no_stop,,,,,,,False,hospital_fresh_medium_G,0.1057,True,0.3,0.082335,0.2,0.082335,True,armed,False,,True,shadow,results/bo_reviewer_packet/temporal_stop_head/22_temporal_stop_head_model.pt,0.133,0.896,True,0.5,,0.4714,0.1124,False,912,24.917,False
normcmp_G_baseline_20260708_153849,1023,26.766668,1783521542.713126,-0.8976,0.500224,0.0,-3.141329,0.2,0.086026,0.199873,-0.004555,camera_link,26.766668,gnm_closed_loop,,nominal,,True,ok,third_party/visualnav-transformer/model_weights/gnm/gnm.pth,13.26,0.3,0.086,0.5806,0.0501,1.76,,,gnm_closed_loop,0.2,0.086026,normalized_stop_ab_20260708,G,baseline_no_stop,,,,,,,False,hospital_fresh_medium_G,0.1024,True,0.3,0.086026,0.2,0.086026,True,armed,False,,True,shadow,results/bo_reviewer_packet/temporal_stop_head/22_temporal_stop_head_model.pt,0.122,0.8518,True,0.5,,0.4714,0.1024,False,912,24.917,False
normcmp_G_baseline_20260708_153849,1024,26.783335,1783521542.716528,-0.900924,0.500223,0.0,-3.141326,0.2,0.086026,0.199873,-0.004555,camera_link,26.783335,gnm_closed_loop,,nominal,,True,ok,third_party/visualnav-transformer/model_weights/gnm/gnm.pth,13.26,0.3,0.086,0.5806,0.0501,1.76,,,gnm_closed_loop,0.2,0.086026,normalized_stop_ab_20260708,G,baseline_no_stop,,,,,,,False,hospital_fresh_medium_G,0.0991,True,0.3,0.086026,0.2,0.086026,True,armed,False,,True,shadow,results/bo_reviewer_packet/temporal_stop_head/22_temporal_stop_head_model.pt,0.122,0.8518,True,0.5,,0.4714,0.1024,False,912,24.917,False
normcmp_G_baseline_20260708_153849,1025,26.800001,1783521542.718352,-0.904249,0.500222,0.0,-3.141323,0.2,0.086026,0.199873,-0.004555,camera_link,26.800001,gnm_closed_loop,,nominal,,True,ok,third_party/visualnav-transformer/model_weights/gnm/gnm.pth,13.26,0.3,0.086,0.5806,0.0501,1.76,,,gnm_closed_loop,0.2,0.086026,normalized_stop_ab_20260708,G,baseline_no_stop,,,,,,,False,hospital_fresh_medium_G,0.0958,True,0.3,0.086026,0.2,0.086026,True,armed,False,,True,shadow,results/bo_reviewer_packet/temporal_stop_head/22_temporal_stop_head_model.pt,0.122,0.8518,True,0.5,,0.4714,0.1024,False,912,24.917,False
normcmp_G_baseline_20260708_153849,1026,26.816668,1783521542.744765,-0.907574,0.500221,0.0,-3.14132,0.2,0.085785,0.1999,-0.004692,camera_link,26.816668,gnm_closed_loop,,nominal,,True,ok,third_party/visualnav-transformer/model_weights/gnm/gnm.pth,13.35,0.3,0.0858,0.5775,0.0497,1.73,,,gnm_closed_loop,0.2,0.085785,normalized_stop_ab_20260708,G,baseline_no_stop,,,,,,,False,hospital_fresh_medium_G,0.0924,True,0.3,0.085785,0.2,0.085785,True,armed,False,,True,shadow,results/bo_reviewer_packet/temporal_stop_head/22_temporal_stop_head_model.pt,0.127,0.9665,True,0.5,,0.4714,0.0924,False,912,24.917,False
normcmp_G_baseline_20260708_153849,1027,26.833335,1783521542.747009,-0.910899,0.500221,0.0,-3.141317,0.2,0.085785,0.1999,-0.004692,camera_link,26.833335,gnm_closed_loop,,nominal,,True,ok,third_party/visualnav-transformer/model_weights/gnm/gnm.pth,13.35,0.3,0.0858,0.5775,0.0497,1.73,,,gnm_closed_loop,0.2,0.085785,normalized_stop_ab_20260708,G,baseline_no_stop,,,,,,,False,hospital_fresh_medium_G,0.0891,True,0.3,0.085785,0.2,0.085785,True,armed,False,,True,shadow,results/bo_reviewer_packet/temporal_stop_head/22_temporal_stop_head_model.pt,0.127,0.9665,True,0.5,,0.4714,0.0924,False,912,24.917,False
normcmp_G_baseline_20260708_153849,1028,26.850001,1783521542.750061,-0.914224,0.50022,0.0,-3.141314,0.2,0.085785,0.1999,-0.004692,camera_link,26.850001,gnm_closed_loop,,nominal,,True,ok,third_party/visualnav-transformer/model_weights/gnm/gnm.pth,13.35,0.3,0.0858,0.5775,0.0497,1.73,,,gnm_closed_loop,0.2,0.085785,normalized_stop_ab_20260708,G,baseline_no_stop,,,,,,,False,hospital_fresh_medium_G,0.0858,True,0.3,0.085785,0.2,0.085785,True,armed,False,,True,shadow,results/bo_reviewer_packet/temporal_stop_head/22_temporal_stop_head_model.pt,0.127,0.9665,True,0.5,,0.4714,0.0924,False,912,24.917,False
normcmp_G_baseline_20260708_153849,1029,26.866668,1783521542.778638,-0.917549,0.500219,0.0,-3.141311,0.2,0.082974,0.199875,-0.004475,camera_link,26.866668,gnm_closed_loop,,nominal,,True,ok,third_party/visualnav-transformer/model_weights/gnm/gnm.pth,13.72,0.3,0.083,0.5777,0.048,1.74,,,gnm_closed_loop,0.2,0.082974,normalized_stop_ab_20260708,G,baseline_no_stop,,,,,,,False,hospital_fresh_medium_G,0.0825,True,0.3,0.082974,0.2,0.082974,True,armed,False,,True,shadow,results/bo_reviewer_packet/temporal_stop_head/22_temporal_stop_head_model.pt,0.123,0.8757,True,0.5,,0.4714,0.0825,False,912,24.917,False
normcmp_G_baseline_20260708_153849,1030,26.883335,1783521542.781811,-0.920873,0.500218,0.0,-3.141308,0.2,0.082974,0.199875,-0.004475,camera_link,26.883335,gnm_closed_loop,,nominal,,True,ok,third_party/visualnav-transformer/model_weights/gnm/gnm.pth,13.72,0.3,0.083,0.5777,0.048,1.74,,,gnm_closed_loop,0.2,0.082974,normalized_stop_ab_20260708,G,baseline_no_stop,,,,,,,False,hospital_fresh_medium_G,0.0791,True,0.3,0.082974,0.2,0.082974,True,armed,False,,True,shadow,results/bo_reviewer_packet/temporal_stop_head/22_temporal_stop_head_model.pt,0.123,0.8757,True,0.5,,0.4714,0.0825,False,912,24.917,False
normcmp_G_baseline_20260708_153849,1031,26.900001,1783521542.785991,-0.924198,0.500218,0.0,-3.141305,0.2,0.082974,0.199875,-0.004475,camera_link,26.900001,gnm_closed_loop,,nominal,,True,ok,third_party/visualnav-transformer/model_weights/gnm/gnm.pth,13.72,0.3,0.083,0.5777,0.048,1.74,,,gnm_closed_loop,0.2,0.082974,normalized_stop_ab_20260708,G,baseline_no_stop,,,,,,,False,hospital_fresh_medium_G,0.0758,True,0.3,0.082974,0.2,0.082974,True,armed,False,,True,shadow,results/bo_reviewer_packet/temporal_stop_head/22_temporal_stop_head_model.pt,0.123,0.8757,True,0.5,,0.4714,0.0825,False,912,24.917,False
normcmp_G_baseline_20260708_153849,1032,26.916668,1783521542.818079,-0.927523,0.500217,0.0,-3.141302,0.2,0.080812,0.199901,-0.004196,camera_link,26.916668,gnm_closed_loop,,nominal,,True,ok,third_party/visualnav-transformer/model_weights/gnm/gnm.pth,17.56,0.3,0.0808,0.5822,0.0472,1.75,,,gnm_closed_loop,0.2,0.080812,normalized_stop_ab_20260708,G,baseline_no_stop,,,,,,,False,hospital_fresh_medium_G,0.0725,True,0.3,0.080812,0.2,0.080812,True,armed,False,,True,shadow,results/bo_reviewer_packet/temporal_stop_head/22_temporal_stop_head_model.pt,0.118,0.7634,True,0.5,,0.4714,0.0725,False,912,24.917,False
normcmp_G_baseline_20260708_153849,1033,26.933335,1783521542.821193,-0.930848,0.500216,0.0,-3.1413,0.2,0.080812,0.199901,-0.004196,camera_link,26.933335,gnm_closed_loop,,nominal,,True,ok,third_party/visualnav-transformer/model_weights/gnm/gnm.pth,17.56,0.3,0.0808,0.5822,0.0472,1.75,,,gnm_closed_loop,0.2,0.080812,normalized_stop_ab_20260708,G,baseline_no_stop,,,,,,,False,hospital_fresh_medium_G,0.0692,True,0.3,0.080812,0.2,0.080812,True,armed,False,,True,shadow,results/bo_reviewer_packet/temporal_stop_head/22_temporal_stop_head_model.pt,0.118,0.7634,True,0.5,,0.4714,0.0725,False,912,24.917,False
normcmp_G_baseline_20260708_153849,1034,26.950001,1783521542.824291,-0.934173,0.500215,0.0,-3.141297,0.2,0.080812,0.199901,-0.004196,camera_link,26.950001,gnm_closed_loop,,nominal,,True,ok,third_party/visualnav-transformer/model_weights/gnm/gnm.pth,17.56,0.3,0.0808,0.5822,0.0472,1.75,,,gnm_closed_loop,0.2,0.080812,normalized_stop_ab_20260708,G,baseline_no_stop,,,,,,,False,hospital_fresh_medium_G,0.0658,True,0.3,0.080812,0.2,0.080812,True,armed,False,,True,shadow,results/bo_reviewer_packet/temporal_stop_head/22_temporal_stop_head_model.pt,0.118,0.7634,True,0.5,,0.4714,0.0725,False,912,24.917,False
normcmp_G_baseline_20260708_153849,1035,26.966668,1783521542.865971,-0.937498,0.500214,0.0,-3.141294,0.2,0.08345,0.199882,-0.004292,camera_link,26.966668,gnm_closed_loop,,nominal,,True,ok,third_party/visualnav-transformer/model_weights/gnm/gnm.pth,20.48,0.3,0.0835,0.5761,0.0482,1.75,,,gnm_closed_loop,0.2,0.08345,normalized_stop_ab_20260708,G,baseline_no_stop,,,,,,,False,hospital_fresh_medium_G,0.0625,True,0.3,0.08345,0.2,0.08345,True,armed,False,,True,shadow,results/bo_reviewer_packet/temporal_stop_head/22_temporal_stop_head_model.pt,0.116,0.0881,True,0.5,,0.4714,0.0625,False,912,24.917,False
normcmp_G_baseline_20260708_153849,1036,26.983335,1783521542.870169,-0.940822,0.500213,0.0,-3.141291,0.2,0.08345,0.199882,-0.004292,camera_link,26.983335,gnm_closed_loop,,nominal,,True,ok,third_party/visualnav-transformer/model_weights/gnm/gnm.pth,20.48,0.3,0.0835,0.5761,0.0482,1.75,,,gnm_closed_loop,0.2,0.08345,normalized_stop_ab_20260708,G,baseline_no_stop,,,,,,,False,hospital_fresh_medium_G,0.0592,True,0.3,0.08345,0.2,0.08345,True,armed,False,,True,shadow,results/bo_reviewer_packet/temporal_stop_head/22_temporal_stop_head_model.pt,0.116,0.0881,True,0.5,,0.4714,0.0625,False,912,24.917,False
normcmp_G_baseline_20260708_153849,1037,27.000001,1783521542.873441,-0.944147,0.500212,0.0,-3.141288,0.2,0.08345,0.199882,-0.004292,camera_link,27.000001,gnm_closed_loop,,nominal,,True,ok,third_party/visualnav-transformer/model_weights/gnm/gnm.pth,20.48,0.3,0.0835,0.5761,0.0482,1.75,,,gnm_closed_loop,0.2,0.08345,normalized_stop_ab_20260708,G,baseline_no_stop,,,,,,,False,hospital_fresh_medium_G,0.0559,True,0.3,0.08345,0.2,0.08345,True,armed,False,,True,shadow,results/bo_reviewer_packet/temporal_stop_head/22_temporal_stop_head_model.pt,0.116,0.0881,True,0.5,,0.4714,0.0625,False,912,24.917,False
normcmp_G_baseline_20260708_153849,1038,27.016668,1783521542.91644,-0.947472,0.500211,0.0,-3.141285,0.2,0.086398,0.19989,-0.003809,camera_link,27.016668,gnm_closed_loop,,nominal,,True,ok,third_party/visualnav-transformer/model_weights/gnm/gnm.pth,20.65,0.3,0.0864,0.5813,0.0503,1.72,,,gnm_closed_loop,0.2,0.086398,normalized_stop_ab_20260708,G,baseline_no_stop,,,,,,,False,hospital_fresh_medium_G,0.0525,True,0.3,0.086398,0.2,0.086398,True,armed,False,,True,shadow,results/bo_reviewer_packet/temporal_stop_head/22_temporal_stop_head_model.pt,0.124,0.0443,True,0.5,,0.4714,0.0525,False,912,24.917,False
normcmp_G_baseline_20260708_153849,1039,27.033335,1783521542.91935,-0.950797,0.50021,0.0,-3.141282,0.2,0.086398,0.19989,-0.003809,camera_link,27.033335,gnm_closed_loop,,nominal,,True,ok,third_party/visualnav-transformer/model_weights/gnm/gnm.pth,20.65,0.3,0.0864,0.5813,0.0503,1.72,,,gnm_closed_loop,0.2,0.086398,normalized_stop_ab_20260708,G,baseline_no_stop,,,,,,,False,hospital_fresh_medium_G,0.0492,True,0.3,0.086398,0.2,0.086398,True,armed,False,,True,shadow,results/bo_reviewer_packet/temporal_stop_head/22_temporal_stop_head_model.pt,0.124,0.0443,True,0.5,,0.4714,0.0525,False,912,24.917,False
normcmp_G_baseline_20260708_153849,1040,27.050001,1783521542.921208,-0.954122,0.500209,0.0,-3.141279,0.2,0.086398,0.19989,-0.003809,camera_link,27.050001,gnm_closed_loop,,nominal,,True,ok,third_party/visualnav-transformer/model_weights/gnm/gnm.pth,20.65,0.3,0.0864,0.5813,0.0503,1.72,,,gnm_closed_loop,0.2,0.086398,normalized_stop_ab_20260708,G,baseline_no_stop,,,,,,,False,hospital_fresh_medium_G,0.0459,True,0.3,0.086398,0.2,0.086398,True,armed,False,,True,shadow,results/bo_reviewer_packet/temporal_stop_head/22_temporal_stop_head_model.pt,0.124,0.0443,True,0.5,,0.4714,0.0525,False,912,24.917,False
normcmp_G_baseline_20260708_153849,1041,27.066668,1783521542.960907,-0.957446,0.500208,0.0,-3.141275,0.2,0.09146,0.199885,-0.004889,camera_link,27.066668,gnm_closed_loop,,nominal,,True,ok,third_party/visualnav-transformer/model_weights/gnm/gnm.pth,25.96,0.3,0.0915,0.5641,0.0517,1.69,,,gnm_closed_loop,0.2,0.09146,normalized_stop_ab_20260708,G,baseline_no_stop,,,,,,,False,hospital_fresh_medium_G,0.0426,True,0.3,0.09146,0.2,0.09146,True,armed,False,,True,shadow,results/bo_reviewer_packet/temporal_stop_head/22_temporal_stop_head_model.pt,0.146,0.0655,True,0.5,,0.4714,0.0426,False,912,24.917,False
normcmp_G_baseline_20260708_153849,1042,27.083335,1783521542.963587,-0.960771,0.500207,0.0,-3.141272,0.2,0.09146,0.199885,-0.004889,camera_link,27.083335,gnm_closed_loop,,nominal,,True,ok,third_party/visualnav-transformer/model_weights/gnm/gnm.pth,25.96,0.3,0.0915,0.5641,0.0517,1.69,,,gnm_closed_loop,0.2,0.09146,normalized_stop_ab_20260708,G,baseline_no_stop,,,,,,,False,hospital_fresh_medium_G,0.0392,True,0.3,0.09146,0.2,0.09146,True,armed,False,,True,shadow,results/bo_reviewer_packet/temporal_stop_head/22_temporal_stop_head_model.pt,0.146,0.0655,True,0.5,,0.4714,0.0426,False,912,24.917,False
normcmp_G_baseline_20260708_153849,1043,27.100001,1783521542.965576,-0.964096,0.500206,0.0,-3.141268,0.2,0.09146,0.199885,-0.004889,camera_link,27.100001,gnm_closed_loop,,nominal,,True,ok,third_party/visualnav-transformer/model_weights/gnm/gnm.pth,25.96,0.3,0.0915,0.5641,0.0517,1.69,,,gnm_closed_loop,0.2,0.09146,normalized_stop_ab_20260708,G,baseline_no_stop,,,,,,,False,hospital_fresh_medium_G,0.0359,True,0.3,0.09146,0.2,0.09146,True,armed,False,,True,shadow,results/bo_reviewer_packet/temporal_stop_head/22_temporal_stop_head_model.pt,0.146,0.0655,True,0.5,,0.4714,0.0426,False,912,24.917,False
normcmp_G_baseline_20260708_153849,1044,27.116668,1783521542.992958,-0.967421,0.500205,0.0,-3.141265,0.2,0.098308,0.199906,-0.005228,camera_link,27.116668,gnm_closed_loop,,nominal,,True,ok,third_party/visualnav-transformer/model_weights/gnm/gnm.pth,12.83,0.3,0.0983,0.5455,0.0538,1.69,,,gnm_closed_loop,0.2,0.098308,normalized_stop_ab_20260708,G,baseline_no_stop,,,,,,,False,hospital_fresh_medium_G,0.0326,True,0.3,0.098308,0.2,0.098308,True,armed,False,,True,shadow,results/bo_reviewer_packet/temporal_stop_head/22_temporal_stop_head_model.pt,0.111,0.1078,True,0.5,,0.4714,0.0326,False,912,24.917,False
normcmp_G_baseline_20260708_153849,1045,27.133335,1783521542.995427,-0.970746,0.500204,0.0,-3.141261,0.2,0.098308,0.199906,-0.005228,camera_link,27.133335,gnm_closed_loop,,nominal,,True,ok,third_party/visualnav-transformer/model_weights/gnm/gnm.pth,12.83,0.3,0.0983,0.5455,0.0538,1.69,,,gnm_closed_loop,0.2,0.098308,normalized_stop_ab_20260708,G,baseline_no_stop,,,,,,,False,hospital_fresh_medium_G,0.0293,True,0.3,0.098308,0.2,0.098308,True,armed,False,,True,shadow,results/bo_reviewer_packet/temporal_stop_head/22_temporal_stop_head_model.pt,0.111,0.1078,True,0.5,,0.4714,0.0326,False,912,24.917,False
normcmp_G_baseline_20260708_153849,1046,27.150001,1783521542.99737,-0.974071,0.500203,0.0,-3.141257,0.2,0.098308,0.199906,-0.005228,camera_link,27.150001,gnm_closed_loop,,nominal,,True,ok,third_party/visualnav-transformer/model_weights/gnm/gnm.pth,12.83,0.3,0.0983,0.5455,0.0538,1.69,,,gnm_closed_loop,0.2,0.098308,normalized_stop_ab_20260708,G,baseline_no_stop,,,,,,,False,hospital_fresh_medium_G,0.0259,True,0.3,0.098308,0.2,0.098308,True,armed,False,,True,shadow,results/bo_reviewer_packet/temporal_stop_head/22_temporal_stop_head_model.pt,0.111,0.1078,True,0.5,,0.4714,0.0326,False,912,24.917,False
normcmp_G_baseline_20260708_153849,1047,27.166668,1783521543.022274,-0.977396,0.500202,0.0,-3.141254,0.2,0.099812,0.199891,-0.00496,camera_link,27.166668,gnm_closed_loop,,nominal,,True,ok,third_party/visualnav-transformer/model_weights/gnm/gnm.pth,12.74,0.3,0.0998,0.5377,0.0538,1.71,,,gnm_closed_loop,0.2,0.099812,normalized_stop_ab_20260708,G,baseline_no_stop,,,,,,,False,hospital_fresh_medium_G,0.0226,True,0.3,0.099812,0.2,0.099812,True,armed,False,,True,shadow,results/bo_reviewer_packet/temporal_stop_head/22_temporal_stop_head_model.pt,0.124,0.044,True,0.5,,0.4714,0.0226,False,912,24.917,False
normcmp_G_baseline_20260708_153849,1048,27.183335,1783521543.024659,-0.98072,0.500201,0.0,-3.14125,0.2,0.099812,0.199891,-0.00496,camera_link,27.183335,gnm_closed_loop,,nominal,,True,ok,third_party/visualnav-transformer/model_weights/gnm/gnm.pth,12.74,0.3,0.0998,0.5377,0.0538,1.71,,,gnm_closed_loop,0.2,0.099812,normalized_stop_ab_20260708,G,baseline_no_stop,,,,,,,False,hospital_fresh_medium_G,0.0193,True,0.3,0.099812,0.2,0.099812,True,armed,False,,True,shadow,results/bo_reviewer_packet/temporal_stop_head/22_temporal_stop_head_model.pt,0.124,0.044,True,0.5,,0.4714,0.0226,False,912,24.917,False
normcmp_G_baseline_20260708_153849,1049,27.200001,1783521543.027869,-0.984045,0.5002,0.0,-3.141247,0.2,0.099812,0.199891,-0.00496,camera_link,27.200001,gnm_closed_loop,,nominal,,True,ok,third_party/visualnav-transformer/model_weights/gnm/gnm.pth,12.74,0.3,0.0998,0.5377,0.0538,1.71,,,gnm_closed_loop,0.2,0.099812,normalized_stop_ab_20260708,G,baseline_no_stop,,,,,,,False,hospital_fresh_medium_G,0.016,True,0.3,0.099812,0.2,0.099812,True,armed,False,,True,shadow,results/bo_reviewer_packet/temporal_stop_head/22_temporal_stop_head_model.pt,0.124,0.044,True,0.5,,0.4714,0.0226,False,912,24.917,False
normcmp_G_baseline_20260708_153849,1050,27.216668,1783521543.055319,-0.98737,0.500199,0.0,-3.141243,0.2,0.100359,0.199909,-0.005189,camera_link,27.216668,gnm_closed_loop,,nominal,,True,ok,third_party/visualnav-transformer/model_weights/gnm/gnm.pth,13.21,0.3,0.1004,0.5406,0.0544,1.69,,,gnm_closed_loop,0.2,0.100359,normalized_stop_ab_20260708,G,baseline_no_stop,,,,,,,False,hospital_fresh_medium_G,0.0126,True,0.3,0.100359,0.2,0.100359,True,armed,False,,True,shadow,results/bo_reviewer_packet/temporal_stop_head/22_temporal_stop_head_model.pt,0.141,0.0164,True,0.5,,0.4714,0.0126,False,912,24.917,False
normcmp_G_baseline_20260708_153849,1051,27.233335,1783521543.057765,-0.990695,0.500198,0.0,-3.14124,0.2,0.100359,0.199909,-0.005189,camera_link,27.233335,gnm_closed_loop,,nominal,,True,ok,third_party/visualnav-transformer/model_weights/gnm/gnm.pth,13.21,0.3,0.1004,0.5406,0.0544,1.69,,,gnm_closed_loop,0.2,0.100359,normalized_stop_ab_20260708,G,baseline_no_stop,,,,,,,False,hospital_fresh_medium_G,0.0093,True,0.3,0.100359,0.2,0.100359,True,armed,False,,True,shadow,results/bo_reviewer_packet/temporal_stop_head/22_temporal_stop_head_model.pt,0.141,0.0164,True,0.5,,0.4714,0.0126,False,912,24.917,False
normcmp_G_baseline_20260708_153849,1052,27.250001,1783521543.059875,-0.99402,0.500197,0.0,-3.141236,0.2,0.100359,0.199909,-0.005189,camera_link,27.250001,gnm_closed_loop,,nominal,,True,ok,third_party/visualnav-transformer/model_weights/gnm/gnm.pth,13.21,0.3,0.1004,0.5406,0.0544,1.69,,,gnm_closed_loop,0.2,0.100359,normalized_stop_ab_20260708,G,baseline_no_stop,,,,,,,False,hospital_fresh_medium_G,0.006,True,0.3,0.100359,0.2,0.100359,True,armed,False,,True,shadow,results/bo_reviewer_packet/temporal_stop_head/22_temporal_stop_head_model.pt,0.141,0.0164,True,0.5,,0.4714,0.0126,False,912,24.917,False
normcmp_G_baseline_20260708_153849,1053,27.266668,1783521543.082705,-0.997345,0.500196,0.0,-3.141233,0.2,0.102684,0.199895,-0.004737,camera_link,27.266668,gnm_closed_loop,,nominal,,True,ok,third_party/visualnav-transformer/model_weights/gnm/gnm.pth,12.76,0.3,0.1027,0.5418,0.0558,1.65,,,gnm_closed_loop,0.2,0.102684,normalized_stop_ab_20260708,G,baseline_no_stop,,,,,,,False,hospital_fresh_medium_G,0.0027,True,0.3,0.102684,0.2,0.102684,True,armed,False,,True,shadow,results/bo_reviewer_packet/temporal_stop_head/22_temporal_stop_head_model.pt,0.126,0.0077,True,0.5,,0.4714,0.0027,False,912,24.917,False
normcmp_G_baseline_20260708_153849,1054,27.283335,1783521543.084922,-1.00067,0.500195,0.0,-3.14123,0.2,0.102684,0.199895,-0.004737,camera_link,27.283335,gnm_closed_loop,,nominal,,True,ok,third_party/visualnav-transformer/model_weights/gnm/gnm.pth,12.76,0.3,0.1027,0.5418,0.0558,1.65,,,gnm_closed_loop,0.2,0.102684,normalized_stop_ab_20260708,G,baseline_no_stop,,,,,,,False,hospital_fresh_medium_G,0.0007,True,0.3,0.102684,0.2,0.102684,True,armed,False,,True,shadow,results/bo_reviewer_packet/temporal_stop_head/22_temporal_stop_head_model.pt,0.126,0.0077,True,0.5,,0.4714,0.0027,False,912,24.917,False
normcmp_G_baseline_20260708_153849,1055,27.300001,1783521543.086896,-1.003995,0.500194,0.0,-3.141226,0.2,0.102684,0.199895,-0.004737,camera_link,27.300001,gnm_closed_loop,,nominal,,True,ok,third_party/visualnav-transformer/model_weights/gnm/gnm.pth,12.76,0.3,0.1027,0.5418,0.0558,1.65,,,gnm_closed_loop,0.2,0.102684,normalized_stop_ab_20260708,G,baseline_no_stop,,,,,,,False,hospital_fresh_medium_G,0.004,True,0.3,0.102684,0.2,0.102684,True,armed,False,,True,shadow,results/bo_reviewer_packet/temporal_stop_head/22_temporal_stop_head_model.pt,0.126,0.0077,True,0.5,,0.4714,0.0027,False,912,24.917,False
normcmp_G_baseline_20260708_153849,1056,27.316668,1783521543.109521,-1.00732,0.500193,0.0,-3.141222,0.2,0.103262,0.199869,-0.005333,camera_link,27.316668,gnm_closed_loop,,nominal,,True,ok,third_party/visualnav-transformer/model_weights/gnm/gnm.pth,12.76,0.3,0.1033,0.5427,0.0562,1.62,,,gnm_closed_loop,0.2,0.103262,normalized_stop_ab_20260708,G,baseline_no_stop,,,,,,,False,hospital_fresh_medium_G,0.0073,True,0.3,0.103262,0.2,0.103262,True,armed,False,,True,shadow,results/bo_reviewer_packet/temporal_stop_head/22_temporal_stop_head_model.pt,0.116,0.009,True,0.5,,0.4714,0.0027,False,912,24.917,False
normcmp_G_baseline_20260708_153849,1057,27.333335,1783521543.111895,-1.010644,0.500192,0.0,-3.141219,0.2,0.103262,0.199869,-0.005333,camera_link,27.333335,gnm_closed_loop,,nominal,,True,ok,third_party/visualnav-transformer/model_weights/gnm/gnm.pth,12.76,0.3,0.1033,0.5427,0.0562,1.62,,,gnm_closed_loop,0.2,0.103262,normalized_stop_ab_20260708,G,baseline_no_stop,,,,,,,False,hospital_fresh_medium_G,0.0106,True,0.3,0.103262,0.2,0.103262,True,armed,False,,True,shadow,results/bo_reviewer_packet/temporal_stop_head/22_temporal_stop_head_model.pt,0.116,0.009,True,0.5,,0.4714,0.0027,False,912,24.917,False
normcmp_G_baseline_20260708_153849,1058,27.350001,1783521543.113757,-1.013969,0.500191,0.0,-3.141215,0.2,0.103262,0.199869,-0.005333,camera_link,27.350001,gnm_closed_loop,,nominal,,True,ok,third_party/visualnav-transformer/model_weights/gnm/gnm.pth,12.76,0.3,0.1033,0.5427,0.0562,1.62,,,gnm_closed_loop,0.2,0.103262,normalized_stop_ab_20260708,G,baseline_no_stop,,,,,,,False,hospital_fresh_medium_G,0.014,True,0.3,0.103262,0.2,0.103262,True,armed,False,,True,shadow,results/bo_reviewer_packet/temporal_stop_head/22_temporal_stop_head_model.pt,0.116,0.009,True,0.5,,0.4714,0.0027,False,912,24.917,False
normcmp_G_baseline_20260708_153849,1059,27.366668,1783521543.138194,-1.017294,0.500189,0.0,-3.14121,0.2,0.092468,0.199849,-0.006353,camera_link,27.366668,gnm_closed_loop,,nominal,,True,ok,third_party/visualnav-transformer/model_weights/gnm/gnm.pth,13.13,0.3,0.0925,0.5351,0.0496,1.6,,,gnm_closed_loop,0.2,0.092468,normalized_stop_ab_20260708,G,baseline_no_stop,,,,,,,False,hospital_fresh_medium_G,0.0173,True,0.3,0.092468,0.2,0.092468,True,armed,False,,True,shadow,results/bo_reviewer_packet/temporal_stop_head/22_temporal_stop_head_model.pt,0.129,0.0359,True,0.5,,0.4714,0.0027,False,912,24.917,False
normcmp_G_baseline_20260708_153849,1060,27.383335,1783521543.140511,-1.020618,0.500188,0.0,-3.141207,0.2,0.092468,0.199849,-0.006353,camera_link,27.383335,gnm_closed_loop,,nominal,,True,ok,third_party/visualnav-transformer/model_weights/gnm/gnm.pth,13.13,0.3,0.0925,0.5351,0.0496,1.6,,,gnm_closed_loop,0.2,0.092468,normalized_stop_ab_20260708,G,baseline_no_stop,,,,,,,False,hospital_fresh_medium_G,0.0206,True,0.3,0.092468,0.2,0.092468,True,armed,False,,True,shadow,results/bo_reviewer_packet/temporal_stop_head/22_temporal_stop_head_model.pt,0.129,0.0359,True,0.5,,0.4714,0.0027,False,912,24.917,False
normcmp_G_baseline_20260708_153849,1061,27.400001,1783521543.142342,-1.023943,0.500187,0.0,-3.141204,0.2,0.092468,0.199849,-0.006353,camera_link,27.400001,gnm_closed_loop,,nominal,,True,ok,third_party/visualnav-transformer/model_weights/gnm/gnm.pth,13.13,0.3,0.0925,0.5351,0.0496,1.6,,,gnm_closed_loop,0.2,0.092468,normalized_stop_ab_20260708,G,baseline_no_stop,,,,,,,False,hospital_fresh_medium_G,0.0239,True,0.3,0.092468,0.2,0.092468,True,armed,False,,True,shadow,results/bo_reviewer_packet/temporal_stop_head/22_temporal_stop_head_model.pt,0.129,0.0359,True,0.5,,0.4714,0.0027,False,912,24.917,False
normcmp_G_baseline_20260708_153849,1062,27.416668,1783521543.165575,-1.027268,0.500186,0.0,-3.141201,0.2,0.083564,0.19989,-0.00521,camera_link,27.416668,gnm_closed_loop,,nominal,,True,ok,third_party/visualnav-transformer/model_weights/gnm/gnm.pth,12.8,0.3,0.0836,0.5214,0.0437,1.58,,,gnm_closed_loop,0.2,0.083564,normalized_stop_ab_20260708,G,baseline_no_stop,,,,,,,False,hospital_fresh_medium_G,0.0273,True,0.3,0.083564,0.2,0.083564,True,armed,False,,True,shadow,results/bo_reviewer_packet/temporal_stop_head/22_temporal_stop_head_model.pt,0.108,0.0645,True,0.5,,0.4714,0.0027,False,912,24.917,False
normcmp_G_baseline_20260708_153849,1063,27.433335,1783521543.16794,-1.030592,0.500185,0.0,-3.141197,0.2,0.083564,0.19989,-0.00521,camera_link,27.433335,gnm_closed_loop,,nominal,,True,ok,third_party/visualnav-transformer/model_weights/gnm/gnm.pth,12.8,0.3,0.0836,0.5214,0.0437,1.58,,,gnm_closed_loop,0.2,0.083564,normalized_stop_ab_20260708,G,baseline_no_stop,,,,,,,False,hospital_fresh_medium_G,0.0306,True,0.3,0.083564,0.2,0.083564,True,armed,False,,True,shadow,results/bo_reviewer_packet/temporal_stop_head/22_temporal_stop_head_model.pt,0.108,0.0645,True,0.5,,0.4714,0.0027,False,912,24.917,False
normcmp_G_baseline_20260708_153849,1064,27.450001,1783521543.169721,-1.033917,0.500184,0.0,-3.141195,0.2,0.083564,0.19989,-0.00521,camera_link,27.450001,gnm_closed_loop,,nominal,,True,ok,third_party/visualnav-transformer/model_weights/gnm/gnm.pth,12.8,0.3,0.0836,0.5214,0.0437,1.58,,,gnm_closed_loop,0.2,0.083564,normalized_stop_ab_20260708,G,baseline_no_stop,,,,,,,False,hospital_fresh_medium_G,0.0339,True,0.3,0.083564,0.2,0.083564,True,armed,False,,True,shadow,results/bo_reviewer_packet/temporal_stop_head/22_temporal_stop_head_model.pt,0.108,0.0645,True,0.5,,0.4714,0.0027,False,912,24.917,False
normcmp_G_baseline_20260708_153849,1065,27.466668,1783521543.194414,-1.037242,0.500183,0.0,-3.141192,0.2,0.070715,0.199867,-0.004753,camera_link,27.466668,gnm_closed_loop,,nominal,,True,ok,third_party/visualnav-transformer/model_weights/gnm/gnm.pth,13.51,0.3,0.0707,0.5062,0.0359,1.57,,,gnm_closed_loop,0.2,0.070715,normalized_stop_ab_20260708,G,baseline_no_stop,,,,,,,False,hospital_fresh_medium_G,0.0372,True,0.3,0.070715,0.2,0.070715,True,armed,False,,True,shadow,results/bo_reviewer_packet/temporal_stop_head/22_temporal_stop_head_model.pt,0.118,0.0496,True,0.5,,0.4714,0.0027,False,912,24.917,False
normcmp_G_baseline_20260708_153849,1066,27.483335,1783521543.196852,-1.040566,0.500181,0.0,-3.141189,0.2,0.070715,0.199867,-0.004753,camera_link,27.483335,gnm_closed_loop,,nominal,,True,ok,third_party/visualnav-transformer/model_weights/gnm/gnm.pth,13.51,0.3,0.0707,0.5062,0.0359,1.57,,,gnm_closed_loop,0.2,0.070715,normalized_stop_ab_20260708,G,baseline_no_stop,,,,,,,False,hospital_fresh_medium_G,0.0406,True,0.3,0.070715,0.2,0.070715,True,armed,False,,True,shadow,results/bo_reviewer_packet/temporal_stop_head/22_temporal_stop_head_model.pt,0.118,0.0496,True,0.5,,0.4714,0.0027,False,912,24.917,False
normcmp_G_baseline_20260708_153849,1067,27.500001,1783521543.2,-1.043891,0.50018,0.0,-3.141187,0.2,0.070715,0.199867,-0.004753,camera_link,27.500001,gnm_closed_loop,,nominal,,True,ok,third_party/visualnav-transformer/model_weights/gnm/gnm.pth,13.51,0.3,0.0707,0.5062,0.0359,1.57,,,gnm_closed_loop,0.2,0.070715,normalized_stop_ab_20260708,G,baseline_no_stop,,,,,,,False,hospital_fresh_medium_G,0.0439,True,0.3,0.070715,0.2,0.070715,True,armed,False,,True,shadow,results/bo_reviewer_packet/temporal_stop_head/22_temporal_stop_head_model.pt,0.118,0.0496,True,0.5,,0.4714,0.0027,False,912,24.917,False
normcmp_G_baseline_20260708_153849,1068,27.516668,1783521543.22445,-1.047215,0.500179,0.0,-3.141185,0.2,0.06444,0.199842,-0.00349,camera_link,27.516668,gnm_closed_loop,,nominal,,True,ok,third_party/visualnav-transformer/model_weights/gnm/gnm.pth,13.23,0.3,0.0644,0.4998,0.0323,1.57,,,gnm_closed_loop,0.2,0.06444,normalized_stop_ab_20260708,G,baseline_no_stop,,,,,,,False,hospital_fresh_medium_G,0.0472,True,0.3,0.06444,0.2,0.06444,True,armed,False,,True,shadow,results/bo_reviewer_packet/temporal_stop_head/22_temporal_stop_head_model.pt,0.118,0.0107,True,0.5,,0.4714,0.0027,False,912,24.917,False
normcmp_G_baseline_20260708_153849,1069,27.533335,1783521543.226826,-1.05054,0.500178,0.0,-3.141182,0.2,0.06444,0.199842,-0.00349,camera_link,27.533335,gnm_closed_loop,,nominal,,True,ok,third_party/visualnav-transformer/model_weights/gnm/gnm.pth,13.23,0.3,0.0644,0.4998,0.0323,1.57,,,gnm_closed_loop,0.2,0.06444,normalized_stop_ab_20260708,G,baseline_no_stop,,,,,,,False,hospital_fresh_medium_G,0.0505,True,0.3,0.06444,0.2,0.06444,True,armed,False,,True,shadow,results/bo_reviewer_packet/temporal_stop_head/22_temporal_stop_head_model.pt,0.118,0.0107,True,0.5,,0.4714,0.0027,False,912,24.917,False
normcmp_G_baseline_20260708_153849,1070,27.550001,1783521543.229241,-1.053864,0.500176,0.0,-3.14118,0.2,0.06444,0.199842,-0.00349,camera_link,27.550001,gnm_closed_loop,,nominal,,True,ok,third_party/visualnav-transformer/model_weights/gnm/gnm.pth,13.23,0.3,0.0644,0.4998,0.0323,1.57,,,gnm_closed_loop,0.2,0.06444,normalized_stop_ab_20260708,G,baseline_no_stop,,,,,,,False,hospital_fresh_medium_G,0.0539,True,0.3,0.06444,0.2,0.06444,True,armed,False,,True,shadow,results/bo_reviewer_packet/temporal_stop_head/22_temporal_stop_head_model.pt,0.118,0.0107,True,0.5,,0.4714,0.0027,False,912,24.917,False
normcmp_G_baseline_20260708_153849,1071,27.566668,1783521543.252811,-1.057189,0.500175,0.0,-3.141178,0.2,0.060441,0.19986,-0.004056,camera_link,27.566668,gnm_closed_loop,,nominal,,True,ok,third_party/visualnav-transformer/model_weights/gnm/gnm.pth,12.78,0.3,0.0604,0.4936,0.0299,1.56,,,gnm_closed_loop,0.2,0.060441,normalized_stop_ab_20260708,G,baseline_no_stop,,,,,,,False,hospital_fresh_medium_G,0.0572,True,0.3,0.060441,0.2,0.060441,True,armed,False,,True,shadow,results/bo_reviewer_packet/temporal_stop_head/22_temporal_stop_head_model.pt,0.122,0.0041,True,0.5,,0.4714,0.0027,False,912,24.917,False
normcmp_G_baseline_20260708_153849,1072,27.583335,1783521543.255135,-1.060513,0.500174,0.0,-3.141175,0.2,0.060441,0.19986,-0.004056,camera_link,27.583335,gnm_closed_loop,,nominal,,True,ok,third_party/visualnav-transformer/model_weights/gnm/gnm.pth,12.78,0.3,0.0604,0.4936,0.0299,1.56,,,gnm_closed_loop,0.2,0.060441,normalized_stop_ab_20260708,G,baseline_no_stop,,,,,,,False,hospital_fresh_medium_G,0.0605,True,0.3,0.060441,0.2,0.060441,True,armed,False,,True,shadow,results/bo_reviewer_packet/temporal_stop_head/22_temporal_stop_head_model.pt,0.122,0.0041,True,0.5,,0.4714,0.0027,False,912,24.917,False
normcmp_G_baseline_20260708_153849,1073,27.600001,1783521543.256969,-1.063838,0.500173,0.0,-3.141174,0.2,0.060441,0.19986,-0.004056,camera_link,27.600001,gnm_closed_loop,,nominal,,True,ok,third_party/visualnav-transformer/model_weights/gnm/gnm.pth,12.78,0.3,0.0604,0.4936,0.0299,1.56,,,gnm_closed_loop,0.2,0.060441,normalized_stop_ab_20260708,G,baseline_no_stop,,,,,,,False,hospital_fresh_medium_G,0.0638,True,0.3,0.060441,0.2,0.060441,True,armed,False,,True,shadow,results/bo_reviewer_packet/temporal_stop_head/22_temporal_stop_head_model.pt,0.122,0.0041,True,0.5,,0.4714,0.0027,False,912,24.917,False
normcmp_G_baseline_20260708_153849,1074,27.616668,1783521543.280909,-1.067162,0.500171,0.0,-3.141172,0.2,0.061373,0.199855,-0.003419,camera_link,27.616668,gnm_closed_loop,,nominal,,True,ok,third_party/visualnav-transformer/model_weights/gnm/gnm.pth,12.88,0.3,0.0614,0.5017,0.0308,1.58,,,gnm_closed_loop,0.2,0.061373,normalized_stop_ab_20260708,G,baseline_no_stop,,,,,,,False,hospital_fresh_medium_G,0.0672,True,0.3,0.061373,0.2,0.061373,True,armed,False,,True,shadow,results/bo_reviewer_packet/temporal_stop_head/22_temporal_stop_head_model.pt,0.114,0.0022,True,0.5,,0.4714,0.0027,False,912,24.917,False
normcmp_G_baseline_20260708_153849,1075,27.633335,1783521543.283353,-1.070487,0.50017,0.0,-3.141169,0.2,0.061373,0.199855,-0.003419,camera_link,27.633335,gnm_closed_loop,,nominal,,True,ok,third_party/visualnav-transformer/model_weights/gnm/gnm.pth,12.88,0.3,0.0614,0.5017,0.0308,1.58,,,gnm_closed_loop,0.2,0.061373,normalized_stop_ab_20260708,G,baseline_no_stop,,,,,,,False,hospital_fresh_medium_G,0.0705,True,0.3,0.061373,0.2,0.061373,True,armed,False,,True,shadow,results/bo_reviewer_packet/temporal_stop_head/22_temporal_stop_head_model.pt,0.114,0.0022,True,0.5,,0.4714,0.0027,False,912,24.917,False
normcmp_G_baseline_20260708_153849,1076,27.650001,1783521543.285263,-1.073811,0.500168,0.0,-3.141167,0.2,0.061373,0.199855,-0.003419,camera_link,27.650001,gnm_closed_loop,,nominal,,True,ok,third_party/visualnav-transformer/model_weights/gnm/gnm.pth,12.88,0.3,0.0614,0.5017,0.0308,1.58,,,gnm_closed_loop,0.2,0.061373,normalized_stop_ab_20260708,G,baseline_no_stop,,,,,,,False,hospital_fresh_medium_G,0.0738,True,0.3,0.061373,0.2,0.061373,True,armed,False,,True,shadow,results/bo_reviewer_packet/temporal_stop_head/22_temporal_stop_head_model.pt,0.114,0.0022,True,0.5,,0.4714,0.0027,False,912,24.917,False
normcmp_G_baseline_20260708_153849,1077,27.666668,1783521543.308536,-1.077136,0.500167,0.0,-3.141165,0.2,0.060504,0.199875,-0.003604,camera_link,27.666668,gnm_closed_loop,,nominal,,True,ok,third_party/visualnav-transformer/model_weights/gnm/gnm.pth,12.85,0.3,0.0605,0.5126,0.0311,1.58,,,gnm_closed_loop,0.2,0.060504,normalized_stop_ab_20260708,G,baseline_no_stop,,,,,,,False,hospital_fresh_medium_G,0.0771,True,0.3,0.060504,0.2,0.060504,True,armed,False,,True,shadow,results/bo_reviewer_packet/temporal_stop_head/22_temporal_stop_head_model.pt,0.126,0.0016,True,0.5,,0.4714,0.0027,False,912,24.917,False
normcmp_G_baseline_20260708_153849,1078,27.683335,1783521543.312111,-1.08046,0.500166,0.0,-3.141163,0.2,0.060504,0.199875,-0.003604,camera_link,27.683335,gnm_closed_loop,,nominal,,True,ok,third_party/visualnav-transformer/model_weights/gnm/gnm.pth,12.85,0.3,0.0605,0.5126,0.0311,1.58,,,gnm_closed_loop,0.2,0.060504,normalized_stop_ab_20260708,G,baseline_no_stop,,,,,,,False,hospital_fresh_medium_G,0.0805,True,0.3,0.060504,0.2,0.060504,True,armed,False,,True,shadow,results/bo_reviewer_packet/temporal_stop_head/22_temporal_stop_head_model.pt,0.126,0.0016,True,0.5,,0.4714,0.0027,False,912,24.917,False
normcmp_G_baseline_20260708_153849,1079,27.700001,1783521543.314278,-1.083784,0.500165,0.0,-3.141161,0.2,0.060504,0.199875,-0.003604,camera_link,27.700001,gnm_closed_loop,,nominal,,True,ok,third_party/visualnav-transformer/model_weights/gnm/gnm.pth,12.85,0.3,0.0605,0.5126,0.0311,1.58,,,gnm_closed_loop,0.2,0.060504,normalized_stop_ab_20260708,G,baseline_no_stop,,,,,,,False,hospital_fresh_medium_G,0.0838,True,0.3,0.060504,0.2,0.060504,True,armed,False,,True,shadow,results/bo_reviewer_packet/temporal_stop_head/22_temporal_stop_head_model.pt,0.126,0.0016,True,0.5,,0.4714,0.0027,False,912,24.917,False
normcmp_G_baseline_20260708_153849,1080,27.716668,1783521543.346861,-1.087109,0.500163,0.0,-3.141159,0.2,0.051674,0.199856,-0.003858,camera_link,27.716668,gnm_closed_loop,,nominal,,True,ok,third_party/visualnav-transformer/model_weights/gnm/gnm.pth,16.3,0.3,0.0517,0.5007,0.0259,1.6,,,gnm_closed_loop,0.2,0.051674,normalized_stop_ab_20260708,G,baseline_no_stop,,,,,,,False,hospital_fresh_medium_G,0.0871,True,0.3,0.051674,0.2,0.051674,True,armed,False,,True,shadow,results/bo_reviewer_packet/temporal_stop_head/22_temporal_stop_head_model.pt,0.172,0.0005,True,0.5,,0.4714,0.0027,False,912,24.917,False
normcmp_G_baseline_20260708_153849,1081,27.733335,1783521543.35136,-1.090433,0.500162,0.0,-3.141156,0.2,0.051674,0.199856,-0.003858,camera_link,27.733335,gnm_closed_loop,,nominal,,True,ok,third_party/visualnav-transformer/model_weights/gnm/gnm.pth,16.3,0.3,0.0517,0.5007,0.0259,1.6,,,gnm_closed_loop,0.2,0.051674,normalized_stop_ab_20260708,G,baseline_no_stop,,,,,,,False,hospital_fresh_medium_G,0.0904,True,0.3,0.051674,0.2,0.051674,True,armed,False,,True,shadow,results/bo_reviewer_packet/temporal_stop_head/22_temporal_stop_head_model.pt,0.172,0.0005,True,0.5,,0.4714,0.0027,False,912,24.917,False
normcmp_G_baseline_20260708_153849,1082,27.750001,1783521543.356853,-1.093758,0.500161,0.0,-3.141155,0.2,0.051674,0.199856,-0.003858,camera_link,27.750001,gnm_closed_loop,,nominal,,True,ok,third_party/visualnav-transformer/model_weights/gnm/gnm.pth,16.3,0.3,0.0517,0.5007,0.0259,1.6,,,gnm_closed_loop,0.2,0.051674,normalized_stop_ab_20260708,G,baseline_no_stop,,,,,,,False,hospital_fresh_medium_G,0.0938,True,0.3,0.051674,0.2,0.051674,True,armed,False,,True,shadow,results/bo_reviewer_packet/temporal_stop_head/22_temporal_stop_head_model.pt,0.172,0.0005,True,0.5,,0.4714,0.0027,False,912,24.917,False
normcmp_G_baseline_20260708_153849,1083,27.766668,1783521543.400166,-1.097082,0.500159,0.0,-3.141153,0.2,0.04234,0.199864,-0.0034,camera_link,27.766668,gnm_closed_loop,,nominal,,True,ok,third_party/visualnav-transformer/model_weights/gnm/gnm.pth,17.96,0.3,0.0423,0.4743,0.0201,1.62,,,gnm_closed_loop,0.2,0.04234,normalized_stop_ab_20260708,G,baseline_no_stop,,,,,,,False,hospital_fresh_medium_G,0.0971,True,0.3,0.04234,0.2,0.04234,True,armed,False,,True,shadow,results/bo_reviewer_packet/temporal_stop_head/22_temporal_stop_head_model.pt,0.118,0.0001,True,0.5,,0.4714,0.0027,False,912,24.917,False
normcmp_G_baseline_20260708_153849,1084,27.783335,1783521543.403393,-1.100407,0.500158,0.0,-3.141151,0.2,0.04234,0.199864,-0.0034,camera_link,27.783335,gnm_closed_loop,,nominal,,True,ok,third_party/visualnav-transformer/model_weights/gnm/gnm.pth,17.96,0.3,0.0423,0.4743,0.0201,1.62,,,gnm_closed_loop,0.2,0.04234,normalized_stop_ab_20260708,G,baseline_no_stop,,,,,,,False,hospital_fresh_medium_G,0.1004,True,0.3,0.04234,0.2,0.04234,True,armed,False,,True,shadow,results/bo_reviewer_packet/temporal_stop_head/22_temporal_stop_head_model.pt,0.118,0.0001,True,0.5,,0.4714,0.0027,False,912,24.917,False
normcmp_G_baseline_20260708_153849,1085,27.800001,1783521543.405507,-1.103731,0.500157,0.0,-3.14115,0.2,0.04234,0.199864,-0.0034,camera_link,27.800001,gnm_closed_loop,,nominal,,True,ok,third_party/visualnav-transformer/model_weights/gnm/gnm.pth,17.96,0.3,0.0423,0.4743,0.0201,1.62,,,gnm_closed_loop,0.2,0.04234,normalized_stop_ab_20260708,G,baseline_no_stop,,,,,,,False,hospital_fresh_medium_G,0.1037,True,0.3,0.04234,0.2,0.04234,True,armed,False,,True,shadow,results/bo_reviewer_packet/temporal_stop_head/22_temporal_stop_head_model.pt,0.118,0.0001,True,0.5,,0.4714,0.0027,False,912,24.917,False
normcmp_G_baseline_20260708_153849,1086,27.816668,1783521543.436054,-1.107055,0.500155,0.0,-3.141148,0.2,0.036017,0.199862,-0.002258,camera_link,27.816668,gnm_closed_loop,,nominal,,True,ok,third_party/visualnav-transformer/model_weights/gnm/gnm.pth,17.27,0.3,0.036,0.45,0.0162,1.64,,,gnm_closed_loop,0.2,0.036017,normalized_stop_ab_20260708,G,baseline_no_stop,,,,,,,False,hospital_fresh_medium_G,0.1071,True,0.3,0.036017,0.2,0.036017,True,armed,False,,True,shadow,results/bo_reviewer_packet/temporal_stop_head/22_temporal_stop_head_model.pt,0.169,0.0,True,0.5,,0.4714,0.0027,True,912,24.917,False
normcmp_G_baseline_20260708_153849,1087,27.833335,1783521543.43878,-1.110379,0.500154,0.0,-3.141147,0.2,0.036017,0.199862,-0.002258,camera_link,27.833335,gnm_closed_loop,,nominal,,True,ok,third_party/visualnav-transformer/model_weights/gnm/gnm.pth,17.27,0.3,0.036,0.45,0.0162,1.64,,,gnm_closed_loop,0.2,0.036017,normalized_stop_ab_20260708,G,baseline_no_stop,,,,,,,False,hospital_fresh_medium_G,0.1104,True,0.3,0.036017,0.2,0.036017,True,armed,False,,True,shadow,results/bo_reviewer_packet/temporal_stop_head/22_temporal_stop_head_model.pt,0.169,0.0,True,0.5,,0.4714,0.0027,True,912,24.917,False
normcmp_G_baseline_20260708_153849,1088,27.850001,1783521543.440694,-1.113704,0.500153,0.0,-3.141146,0.2,0.036017,0.199862,-0.002258,camera_link,27.850001,gnm_closed_loop,,nominal,,True,ok,third_party/visualnav-transformer/model_weights/gnm/gnm.pth,17.27,0.3,0.036,0.45,0.0162,1.64,,,gnm_closed_loop,0.2,0.036017,normalized_stop_ab_20260708,G,baseline_no_stop,,,,,,,False,hospital_fresh_medium_G,0.1137,True,0.3,0.036017,0.2,0.036017,True,armed,False,,True,shadow,results/bo_reviewer_packet/temporal_stop_head/22_temporal_stop_head_model.pt,0.169,0.0,True,0.5,,0.4714,0.0027,True,912,24.917,False
normcmp_G_baseline_20260708_153849,1089,27.866668,1783521543.467663,-1.117029,0.500151,0.0,-3.141144,0.2,0.029347,0.199829,-0.002097,camera_link,27.866668,gnm_closed_loop,,nominal,,True,ok,third_party/visualnav-transformer/model_weights/gnm/gnm.pth,14.09,0.3,0.0293,0.4289,0.0126,1.66,,,gnm_closed_loop,0.2,0.029347,normalized_stop_ab_20260708,G,baseline_no_stop,,,,,,,False,hospital_fresh_medium_G,0.117,True,0.3,0.029347,0.2,0.029347,True,armed,False,,True,shadow,results/bo_reviewer_packet/temporal_stop_head/22_temporal_stop_head_model.pt,0.126,0.0,True,0.5,,0.4714,0.0027,True,912,24.917,False
normcmp_G_baseline_20260708_153849,1090,27.883335,1783521543.470066,-1.120353,0.50015,0.0,-3.141143,0.2,0.029347,0.199829,-0.002097,camera_link,27.883335,gnm_closed_loop,,nominal,,True,ok,third_party/visualnav-transformer/model_weights/gnm/gnm.pth,14.09,0.3,0.0293,0.4289,0.0126,1.66,,,gnm_closed_loop,0.2,0.029347,normalized_stop_ab_20260708,G,baseline_no_stop,,,,,,,False,hospital_fresh_medium_G,0.1204,True,0.3,0.029347,0.2,0.029347,True,armed,False,,True,shadow,results/bo_reviewer_packet/temporal_stop_head/22_temporal_stop_head_model.pt,0.126,0.0,True,0.5,,0.4714,0.0027,True,912,24.917,False
normcmp_G_baseline_20260708_153849,1091,27.900001,1783521543.473134,-1.123677,0.500148,0.0,-3.141142,0.2,0.029347,0.199829,-0.002097,camera_link,27.900001,gnm_closed_loop,,nominal,,True,ok,third_party/visualnav-transformer/model_weights/gnm/gnm.pth,14.09,0.3,0.0293,0.4289,0.0126,1.66,,,gnm_closed_loop,0.2,0.029347,normalized_stop_ab_20260708,G,baseline_no_stop,,,,,,,False,hospital_fresh_medium_G,0.1237,True,0.3,0.029347,0.2,0.029347,True,armed,False,,True,shadow,results/bo_reviewer_packet/temporal_stop_head/22_temporal_stop_head_model.pt,0.126,0.0,True,0.5,,0.4714,0.0027,True,912,24.917,False
normcmp_G_baseline_20260708_153849,1092,27.916668,1783521543.498794,-1.127002,0.500147,0.0,-3.141141,0.2,0.02705,0.199833,-0.00151,camera_link,27.916668,gnm_closed_loop,,nominal,,True,ok,third_party/visualnav-transformer/model_weights/gnm/gnm.pth,13.94,0.3,0.0271,0.423,0.0114,1.69,,,gnm_closed_loop,0.2,0.02705,normalized_stop_ab_20260708,G,baseline_no_stop,,,,,,,False,hospital_fresh_medium_G,0.127,True,0.3,0.02705,0.2,0.02705,True,armed,False,,True,shadow,results/bo_reviewer_packet/temporal_stop_head/22_temporal_stop_head_model.pt,0.126,0.0,True,0.5,,0.4714,0.0027,True,912,24.917,False
normcmp_G_baseline_20260708_153849,1093,27.933335,1783521543.500958,-1.130326,0.500146,0.0,-3.14114,0.2,0.02705,0.199833,-0.00151,camera_link,27.933335,gnm_closed_loop,,nominal,,True,ok,third_party/visualnav-transformer/model_weights/gnm/gnm.pth,13.94,0.3,0.0271,0.423,0.0114,1.69,,,gnm_closed_loop,0.2,0.02705,normalized_stop_ab_20260708,G,baseline_no_stop,,,,,,,False,hospital_fresh_medium_G,0.1303,True,0.3,0.02705,0.2,0.02705,True,armed,False,,True,shadow,results/bo_reviewer_packet/temporal_stop_head/22_temporal_stop_head_model.pt,0.126,0.0,True,0.5,,0.4714,0.0027,True,912,24.917,False
normcmp_G_baseline_20260708_153849,1094,27.950001,1783521543.502786,-1.133651,0.500144,0.0,-3.141139,0.2,0.02705,0.199833,-0.00151,camera_link,27.950001,gnm_closed_loop,,nominal,,True,ok,third_party/visualnav-transformer/model_weights/gnm/gnm.pth,13.94,0.3,0.0271,0.423,0.0114,1.69,,,gnm_closed_loop,0.2,0.02705,normalized_stop_ab_20260708,G,baseline_no_stop,,,,,,,False,hospital_fresh_medium_G,0.1337,True,0.3,0.02705,0.2,0.02705,True,armed,False,,True,shadow,results/bo_reviewer_packet/temporal_stop_head/22_temporal_stop_head_model.pt,0.126,0.0,True,0.5,,0.4714,0.0027,True,912,24.917,False
normcmp_G_baseline_20260708_153849,1095,27.966668,1783521543.525794,-1.136975,0.500143,0.0,-3.141138,0.2,0.02225,0.199835,-0.001156,camera_link,27.966668,gnm_closed_loop,,nominal,,True,ok,third_party/visualnav-transformer/model_weights/gnm/gnm.pth,13.0,0.3,0.0222,0.4135,0.0092,1.72,,,gnm_closed_loop,0.2,0.02225,normalized_stop_ab_20260708,G,baseline_no_stop,,,,,,,False,hospital_fresh_medium_G,0.137,True,0.3,0.02225,0.2,0.02225,True,armed,False,,True,shadow,results/bo_reviewer_packet/temporal_stop_head/22_temporal_stop_head_model.pt,0.114,0.0,True,0.5,,0.4714,0.0027,True,912,24.917,False
normcmp_G_baseline_20260708_153849,1096,27.983335,1783521543.528156,-1.140299,0.500141,0.0,-3.141137,0.2,0.02225,0.199835,-0.001156,camera_link,27.983335,gnm_closed_loop,,nominal,,True,ok,third_party/visualnav-transformer/model_weights/gnm/gnm.pth,13.0,0.3,0.0222,0.4135,0.0092,1.72,,,gnm_closed_loop,0.2,0.02225,normalized_stop_ab_20260708,G,baseline_no_stop,,,,,,,False,hospital_fresh_medium_G,0.1403,True,0.3,0.02225,0.2,0.02225,True,armed,False,,True,shadow,results/bo_reviewer_packet/temporal_stop_head/22_temporal_stop_head_model.pt,0.114,0.0,True,0.5,,0.4714,0.0027,True,912,24.917,False
normcmp_G_baseline_20260708_153849,1097,28.000001,1783521543.530139,-1.143624,0.50014,0.0,-3.141136,0.2,0.02225,0.199835,-0.001156,camera_link,28.000001,gnm_closed_loop,,nominal,,True,ok,third_party/visualnav-transformer/model_weights/gnm/gnm.pth,13.0,0.3,0.0222,0.4135,0.0092,1.72,,,gnm_closed_loop,0.2,0.02225,normalized_stop_ab_20260708,G,baseline_no_stop,,,,,,,False,hospital_fresh_medium_G,0.1436,True,0.3,0.02225,0.2,0.02225,True,armed,False,,True,shadow,results/bo_reviewer_packet/temporal_stop_head/22_temporal_stop_head_model.pt,0.114,0.0,True,0.5,,0.4714,0.0027,True,912,24.917,False
normcmp_G_baseline_20260708_153849,1098,28.016668,1783521543.554438,-1.146948,0.500138,0.0,-3.141136,0.2,0.020418,0.199827,-0.001059,camera_link,28.016668,gnm_closed_loop,,nominal,,True,ok,third_party/visualnav-transformer/model_weights/gnm/gnm.pth,13.17,0.3,0.0204,0.4026,0.0082,1.74,,,gnm_closed_loop,0.2,0.020418,normalized_stop_ab_20260708,G,baseline_no_stop,,,,,,,False,hospital_fresh_medium_G,0.1469,True,0.3,0.020418,0.2,0.020418,True,armed,False,,True,shadow,results/bo_reviewer_packet/temporal_stop_head/22_temporal_stop_head_model.pt,0.127,0.0,True,0.5,,0.4714,0.0027,True,912,24.917,False
normcmp_G_baseline_20260708_153849,1099,28.033335,1783521543.557219,-1.150272,0.500137,0.0,-3.141135,0.2,0.020418,0.199827,-0.001059,camera_link,28.033335,gnm_closed_loop,,nominal,,True,ok,third_party/visualnav-transformer/model_weights/gnm/gnm.pth,13.17,0.3,0.0204,0.4026,0.0082,1.74,,,gnm_closed_loop,0.2,0.020418,normalized_stop_ab_20260708,G,baseline_no_stop,,,,,,,False,hospital_fresh_medium_G,0.1503,True,0.3,0.020418,0.2,0.020418,True,armed,False,,True,shadow,results/bo_reviewer_packet/temporal_stop_head/22_temporal_stop_head_model.pt,0.127,0.0,True,0.5,,0.4714,0.0027,True,912,24.917,False
normcmp_G_baseline_20260708_153849,1100,28.050001,1783521543.559143,-1.153597,0.500136,0.0,-3.141135,0.2,0.020418,0.199827,-0.001059,camera_link,28.050001,gnm_closed_loop,,nominal,,True,ok,third_party/visualnav-transformer/model_weights/gnm/gnm.pth,13.17,0.3,0.0204,0.4026,0.0082,1.74,,,gnm_closed_loop,0.2,0.020418,normalized_stop_ab_20260708,G,baseline_no_stop,,,,,,,False,hospital_fresh_medium_G,0.1536,True,0.3,0.020418,0.2,0.020418,True,armed,False,,True,shadow,results/bo_reviewer_packet/temporal_stop_head/22_temporal_stop_head_model.pt,0.127,0.0,True,0.5,,0.4714,0.0027,True,912,24.917,False
normcmp_G_baseline_20260708_153849,1101,28.066668,1783521543.583951,-1.156921,0.500134,0.0,-3.141134,0.2,0.009392,0.19985,-0.001072,camera_link,28.066668,gnm_closed_loop,,nominal,,True,ok,third_party/visualnav-transformer/model_weights/gnm/gnm.pth,13.31,0.3,0.0094,0.3711,0.0035,1.75,,,gnm_closed_loop,0.2,0.009392,normalized_stop_ab_20260708,G,baseline_no_stop,,,,,,,False,hospital_fresh_medium_G,0.1569,True,0.3,0.009392,0.2,0.009392,True,armed,False,,True,shadow,results/bo_reviewer_packet/temporal_stop_head/22_temporal_stop_head_model.pt,0.134,0.0,True,0.5,,0.4714,0.0027,True,912,24.917,False
normcmp_G_baseline_20260708_153849,1102,28.083335,1783521543.586445,-1.160246,0.500133,0.0,-3.141134,0.2,0.009392,0.19985,-0.001072,camera_link,28.083335,gnm_closed_loop,,nominal,,True,ok,third_party/visualnav-transformer/model_weights/gnm/gnm.pth,13.31,0.3,0.0094,0.3711,0.0035,1.75,,,gnm_closed_loop,0.2,0.009392,normalized_stop_ab_20260708,G,baseline_no_stop,,,,,,,False,hospital_fresh_medium_G,0.1602,True,0.3,0.009392,0.2,0.009392,True,armed,False,,True,shadow,results/bo_reviewer_packet/temporal_stop_head/22_temporal_stop_head_model.pt,0.134,0.0,True,0.5,,0.4714,0.0027,True,912,24.917,False
normcmp_G_baseline_20260708_153849,1103,28.100001,1783521543.588553,-1.16357,0.500132,0.0,-3.141133,0.2,0.009392,0.19985,-0.001072,camera_link,28.100001,gnm_closed_loop,,nominal,,True,ok,third_party/visualnav-transformer/model_weights/gnm/gnm.pth,13.31,0.3,0.0094,0.3711,0.0035,1.75,,,gnm_closed_loop,0.2,0.009392,normalized_stop_ab_20260708,G,baseline_no_stop,,,,,,,False,hospital_fresh_medium_G,0.1636,True,0.3,0.009392,0.2,0.009392,True,armed,False,,True,shadow,results/bo_reviewer_packet/temporal_stop_head/22_temporal_stop_head_model.pt,0.134,0.0,True,0.5,,0.4714,0.0027,True,912,24.917,False
normcmp_G_baseline_20260708_153849,1104,28.116668,1783521543.61378,-1.166896,0.50013,0.0,-3.141133,0.2,0.015113,0.199849,-0.000342,camera_link,28.116668,gnm_closed_loop,,nominal,,True,ok,third_party/visualnav-transformer/model_weights/gnm/gnm.pth,14.03,0.3,0.0151,0.365,0.0055,1.75,,,gnm_closed_loop,0.2,0.015113,normalized_stop_ab_20260708,G,baseline_no_stop,,,,,,,False,hospital_fresh_medium_G,0.1669,True,0.3,0.015113,0.2,0.015113,True,armed,False,,True,shadow,results/bo_reviewer_packet/temporal_stop_head/22_temporal_stop_head_model.pt,0.132,0.0,True,0.5,,0.4714,0.0027,True,912,24.917,False
normcmp_G_baseline_20260708_153849,1105,28.133335,1783521543.615939,-1.17022,0.500129,0.0,-3.141132,0.2,0.015113,0.199849,-0.000342,camera_link,28.133335,gnm_closed_loop,,nominal,,True,ok,third_party/visualnav-transformer/model_weights/gnm/gnm.pth,14.03,0.3,0.0151,0.365,0.0055,1.75,,,gnm_closed_loop,0.2,0.015113,normalized_stop_ab_20260708,G,baseline_no_stop,,,,,,,False,hospital_fresh_medium_G,0.1702,True,0.3,0.015113,0.2,0.015113,True,armed,False,,True,shadow,results/bo_reviewer_packet/temporal_stop_head/22_temporal_stop_head_model.pt,0.132,0.0,True,0.5,,0.4714,0.0027,True,912,24.917,False
normcmp_G_baseline_20260708_153849,1106,28.150001,1783521543.617836,-1.173545,0.500128,0.0,-3.141132,0.2,0.015113,0.199849,-0.000342,camera_link,28.150001,gnm_closed_loop,,nominal,,True,ok,third_party/visualnav-transformer/model_weights/gnm/gnm.pth,14.03,0.3,0.0151,0.365,0.0055,1.75,,,gnm_closed_loop,0.2,0.015113,normalized_stop_ab_20260708,G,baseline_no_stop,,,,,,,False,hospital_fresh_medium_G,0.1735,True,0.3,0.015113,0.2,0.015113,True,armed,False,,True,shadow,results/bo_reviewer_packet/temporal_stop_head/22_temporal_stop_head_model.pt,0.132,0.0,True,0.5,,0.4714,0.0027,True,912,24.917,False
normcmp_G_baseline_20260708_153849,1107,28.166668,1783521543.643264,-1.176869,0.500126,0.0,-3.141131,0.2,0.021235,0.199819,-0.001147,camera_link,28.166668,gnm_closed_loop,,nominal,,True,ok,third_party/visualnav-transformer/model_weights/gnm/gnm.pth,13.51,0.3,0.0212,0.3657,0.0078,1.76,,,gnm_closed_loop,0.2,0.021235,normalized_stop_ab_20260708,G,baseline_no_stop,,,,,,,False,hospital_fresh_medium_G,0.1769,True,0.3,0.021235,0.2,0.021235,True,armed,False,,True,shadow,results/bo_reviewer_packet/temporal_stop_head/22_temporal_stop_head_model.pt,0.125,0.0,True,0.5,,0.4714,0.0027,True,912,24.917,False
normcmp_G_baseline_20260708_153849,1108,28.183335,1783521543.645576,-1.180194,0.500125,0.0,-3.14113,0.2,0.021235,0.199819,-0.001147,camera_link,28.183335,gnm_closed_loop,,nominal,,True,ok,third_party/visualnav-transformer/model_weights/gnm/gnm.pth,13.51,0.3,0.0212,0.3657,0.0078,1.76,,,gnm_closed_loop,0.2,0.021235,normalized_stop_ab_20260708,G,baseline_no_stop,,,,,,,False,hospital_fresh_medium_G,0.1802,True,0.3,0.021235,0.2,0.021235,True,armed,False,,True,shadow,results/bo_reviewer_packet/temporal_stop_head/22_temporal_stop_head_model.pt,0.125,0.0,True,0.5,,0.4714,0.0027,True,912,24.917,False
normcmp_G_baseline_20260708_153849,1109,28.200001,1783521543.647588,-1.183518,0.500124,0.0,-3.141129,0.2,0.021235,0.199819,-0.001147,camera_link,28.200001,gnm_closed_loop,,nominal,,True,ok,third_party/visualnav-transformer/model_weights/gnm/gnm.pth,13.51,0.3,0.0212,0.3657,0.0078,1.76,,,gnm_closed_loop,0.2,0.021235,normalized_stop_ab_20260708,G,baseline_no_stop,,,,,,,False,hospital_fresh_medium_G,0.1835,True,0.3,0.021235,0.2,0.021235,True,armed,False,,True,shadow,results/bo_reviewer_packet/temporal_stop_head/22_temporal_stop_head_model.pt,0.125,0.0,True,0.5,,0.4714,0.0027,True,912,24.917,False
normcmp_G_baseline_20260708_153849,1110,28.216668,1783521543.672389,-1.186842,0.500122,0.0,-3.141128,0.2,0.0407,0.199832,-0.001116,camera_link,28.216668,gnm_closed_loop,,nominal,,True,ok,third_party/visualnav-transformer/model_weights/gnm/gnm.pth,12.82,0.3,0.0407,0.3788,0.0154,1.75,,,gnm_closed_loop,0.2,0.0407,normalized_stop_ab_20260708,G,baseline_no_stop,,,,,,,False,hospital_fresh_medium_G,0.1868,True,0.3,0.0407,0.2,0.0407,True,armed,False,,True,shadow,results/bo_reviewer_packet/temporal_stop_head/22_temporal_stop_head_model.pt,0.14,0.0,True,0.5,,0.4714,0.0027,True,912,24.917,False
normcmp_G_baseline_20260708_153849,1111,28.233335,1783521543.674818,-1.190167,0.50012,0.0,-3.141127,0.2,0.0407,0.199832,-0.001116,camera_link,28.233335,gnm_closed_loop,,nominal,,True,ok,third_party/visualnav-transformer/model_weights/gnm/gnm.pth,12.82,0.3,0.0407,0.3788,0.0154,1.75,,,gnm_closed_loop,0.2,0.0407,normalized_stop_ab_20260708,G,baseline_no_stop,,,,,,,False,hospital_fresh_medium_G,0.1902,True,0.3,0.0407,0.2,0.0407,True,armed,False,,True,shadow,results/bo_reviewer_packet/temporal_stop_head/22_temporal_stop_head_model.pt,0.14,0.0,True,0.5,,0.4714,0.0027,True,912,24.917,False
normcmp_G_baseline_20260708_153849,1112,28.250001,1783521543.676799,-1.193491,0.500119,0.0,-3.141125,0.2,0.0407,0.199832,-0.001116,camera_link,28.250001,gnm_closed_loop,,nominal,,True,ok,third_party/visualnav-transformer/model_weights/gnm/gnm.pth,12.82,0.3,0.0407,0.3788,0.0154,1.75,,,gnm_closed_loop,0.2,0.0407,normalized_stop_ab_20260708,G,baseline_no_stop,,,,,,,False,hospital_fresh_medium_G,0.1935,True,0.3,0.0407,0.2,0.0407,True,armed,False,,True,shadow,results/bo_reviewer_packet/temporal_stop_head/22_temporal_stop_head_model.pt,0.14,0.0,True,0.5,,0.4714,0.0027,True,912,24.917,False
normcmp_G_baseline_20260708_153849,1113,28.266668,1783521543.700034,-1.196816,0.500118,0.0,-3.141124,0.2,0.054665,0.199829,-0.002078,camera_link,28.266668,gnm_closed_loop,,nominal,,True,ok,third_party/visualnav-transformer/model_weights/gnm/gnm.pth,12.7,0.3,0.0547,0.3922,0.0215,1.74,,,gnm_closed_loop,0.2,0.054665,normalized_stop_ab_20260708,G,baseline_no_stop,,,,,,,False,hospital_fresh_medium_G,0.1968,True,0.3,0.054665,0.2,0.054665,True,armed,False,,True,shadow,results/bo_reviewer_packet/temporal_stop_head/22_temporal_stop_head_model.pt,0.113,0.0,True,0.5,,0.4714,0.0027,True,912,24.917,False
normcmp_G_baseline_20260708_153849,1114,28.283335,1783521543.703389,-1.20014,0.500116,0.0,-3.141122,0.2,0.054665,0.199829,-0.002078,camera_link,28.283335,gnm_closed_loop,,nominal,,True,ok,third_party/visualnav-transformer/model_weights/gnm/gnm.pth,12.7,0.3,0.0547,0.3922,0.0215,1.74,,,gnm_closed_loop,0.2,0.054665,normalized_stop_ab_20260708,G,baseline_no_stop,,,,,,,False,hospital_fresh_medium_G,0.2001,True,0.3,0.054665,0.2,0.054665,True,armed,False,,True,shadow,results/bo_reviewer_packet/temporal_stop_head/22_temporal_stop_head_model.pt,0.113,0.0,True,0.5,,0.4714,0.0027,True,912,24.917,False
normcmp_G_baseline_20260708_153849,1115,28.300001,1783521543.705317,-1.203465,0.500115,0.0,-3.14112,0.2,0.054665,0.199829,-0.002078,camera_link,28.300001,gnm_closed_loop,,nominal,,True,ok,third_party/visualnav-transformer/model_weights/gnm/gnm.pth,12.7,0.3,0.0547,0.3922,0.0215,1.74,,,gnm_closed_loop,0.2,0.054665,normalized_stop_ab_20260708,G,baseline_no_stop,,,,,,,False,hospital_fresh_medium_G,0.2035,True,0.3,0.054665,0.2,0.054665,True,armed,False,,True,shadow,results/bo_reviewer_packet/temporal_stop_head/22_temporal_stop_head_model.pt,0.113,0.0,True,0.5,,0.4714,0.0027,True,912,24.917,False
normcmp_G_baseline_20260708_153849,1116,28.316668,1783521543.727804,-1.206789,0.500113,0.0,-3.141118,0.2,0.060974,0.199852,-0.00288,camera_link,28.316668,gnm_closed_loop,,nominal,,True,ok,third_party/visualnav-transformer/model_weights/gnm/gnm.pth,12.66,0.3,0.061,0.3766,0.023,1.67,,,gnm_closed_loop,0.2,0.060974,normalized_stop_ab_20260708,G,baseline_no_stop,,,,,,,False,hospital_fresh_medium_G,0.2068,True,0.3,0.060974,0.2,0.060974,True,armed,False,,True,shadow,results/bo_reviewer_packet/temporal_stop_head/22_temporal_stop_head_model.pt,0.124,0.0,True,0.5,,0.4714,0.0027,True,912,24.917,False
normcmp_G_baseline_20260708_153849,1117,28.333335,1783521543.730053,-1.210114,0.500112,0.0,-3.141116,0.2,0.060974,0.199852,-0.00288,camera_link,28.333335,gnm_closed_loop,,nominal,,True,ok,third_party/visualnav-transformer/model_weights/gnm/gnm.pth,12.66,0.3,0.061,0.3766,0.023,1.67,,,gnm_closed_loop,0.2,0.060974,normalized_stop_ab_20260708,G,baseline_no_stop,,,,,,,False,hospital_fresh_medium_G,0.2101,True,0.3,0.060974,0.2,0.060974,True,armed,False,,True,shadow,results/bo_reviewer_packet/temporal_stop_head/22_temporal_stop_head_model.pt,0.124,0.0,True,0.5,,0.4714,0.0027,True,912,24.917,False
normcmp_G_baseline_20260708_153849,1118,28.350001,1783521543.731987,-1.213438,0.500111,0.0,-3.141114,0.2,0.060974,0.199852,-0.00288,camera_link,28.350001,gnm_closed_loop,,nominal,,True,ok,third_party/visualnav-transformer/model_weights/gnm/gnm.pth,12.66,0.3,0.061,0.3766,0.023,1.67,,,gnm_closed_loop,0.2,0.060974,normalized_stop_ab_20260708,G,baseline_no_stop,,,,,,,False,hospital_fresh_medium_G,0.2134,True,0.3,0.060974,0.2,0.060974,True,armed,False,,True,shadow,results/bo_reviewer_packet/temporal_stop_head/22_temporal_stop_head_model.pt,0.124,0.0,True,0.5,,0.4714,0.0027,True,912,24.917,False
normcmp_G_baseline_20260708_153849,1119,28.366668,1783521543.754342,-1.216763,0.500109,0.0,-3.141112,0.2,0.068625,0.19986,-0.00284,camera_link,28.366668,gnm_closed_loop,,nominal,,True,ok,third_party/visualnav-transformer/model_weights/gnm/gnm.pth,12.87,0.3,0.0686,0.3574,0.0246,1.62,,,gnm_closed_loop,0.2,0.068625,normalized_stop_ab_20260708,G,baseline_no_stop,,,,,,,False,hospital_fresh_medium_G,0.2168,True,0.3,0.068625,0.2,0.068625,True,armed,False,,True,shadow,results/bo_reviewer_packet/temporal_stop_head/22_temporal_stop_head_model.pt,0.108,0.0,True,0.5,,0.4714,0.0027,True,912,24.917,False
normcmp_G_baseline_20260708_153849,1120,28.383335,1783521543.756625,-1.220087,0.500108,0.0,-3.141109,0.2,0.068625,0.19986,-0.00284,camera_link,28.383335,gnm_closed_loop,,nominal,,True,ok,third_party/visualnav-transformer/model_weights/gnm/gnm.pth,12.87,0.3,0.0686,0.3574,0.0246,1.62,,,gnm_closed_loop,0.2,0.068625,normalized_stop_ab_20260708,G,baseline_no_stop,,,,,,,False,hospital_fresh_medium_G,0.2201,True,0.3,0.068625,0.2,0.068625,True,armed,False,,True,shadow,results/bo_reviewer_packet/temporal_stop_head/22_temporal_stop_head_model.pt,0.108,0.0,True,0.5,,0.4714,0.0027,True,912,24.917,False
normcmp_G_baseline_20260708_153849,1121,28.400001,1783521543.758609,-1.223412,0.500106,0.0,-3.141107,0.2,0.068625,0.19986,-0.00284,camera_link,28.400001,gnm_closed_loop,,nominal,,True,ok,third_party/visualnav-transformer/model_weights/gnm/gnm.pth,12.87,0.3,0.0686,0.3574,0.0246,1.62,,,gnm_closed_loop,0.2,0.068625,normalized_stop_ab_20260708,G,baseline_no_stop,,,,,,,False,hospital_fresh_medium_G,0.2234,True,0.3,0.068625,0.2,0.068625,True,armed,False,,True,shadow,results/bo_reviewer_packet/temporal_stop_head/22_temporal_stop_head_model.pt,0.108,0.0,True,0.5,,0.4714,0.0027,True,912,24.917,False
normcmp_G_baseline_20260708_153849,1122,28.416668,1783521543.78185,-1.226737,0.500105,0.0,-3.141105,0.2,0.068421,0.199851,-0.003507,camera_link,28.416668,gnm_closed_loop,,nominal,,True,ok,third_party/visualnav-transformer/model_weights/gnm/gnm.pth,13.26,0.3,0.0684,0.373,0.0256,1.66,,,gnm_closed_loop,0.2,0.068421,normalized_stop_ab_20260708,G,baseline_no_stop,,,,,,,False,hospital_fresh_medium_G,0.2267,True,0.3,0.068421,0.2,0.068421,True,armed,False,,True,shadow,results/bo_reviewer_packet/temporal_stop_head/22_temporal_stop_head_model.pt,0.11,0.0,True,0.5,,0.4714,0.0027,True,912,24.917,False
normcmp_G_baseline_20260708_153849,1123,28.433335,1783521543.784409,-1.230061,0.500103,0.0,-3.141103,0.2,0.068421,0.199851,-0.003507,camera_link,28.433335,gnm_closed_loop,,nominal,,True,ok,third_party/visualnav-transformer/model_weights/gnm/gnm.pth,13.26,0.3,0.0684,0.373,0.0256,1.66,,,gnm_closed_loop,0.2,0.068421,normalized_stop_ab_20260708,G,baseline_no_stop,,,,,,,False,hospital_fresh_medium_G,0.2301,True,0.3,0.068421,0.2,0.068421,True,armed,False,,True,shadow,results/bo_reviewer_packet/temporal_stop_head/22_temporal_stop_head_model.pt,0.11,0.0,True,0.5,,0.4714,0.0027,True,912,24.917,False
normcmp_G_baseline_20260708_153849,1124,28.450001,1783521543.786413,-1.233386,0.500101,0.0,-3.1411,0.2,0.068421,0.199851,-0.003507,camera_link,28.450001,gnm_closed_loop,,nominal,,True,ok,third_party/visualnav-transformer/model_weights/gnm/gnm.pth,13.26,0.3,0.0684,0.373,0.0256,1.66,,,gnm_closed_loop,0.2,0.068421,normalized_stop_ab_20260708,G,baseline_no_stop,,,,,,,False,hospital_fresh_medium_G,0.2334,True,0.3,0.068421,0.2,0.068421,True,armed,False,,True,shadow,results/bo_reviewer_packet/temporal_stop_head/22_temporal_stop_head_model.pt,0.11,0.0,True,0.5,,0.4714,0.0027,True,912,24.917,False
normcmp_G_baseline_20260708_153849,1125,28.466668,1783521543.809728,-1.23671,0.5001,0.0,-3.141097,0.2,0.064282,0.199867,-0.00412,camera_link,28.466668,gnm_closed_loop,,nominal,,True,ok,third_party/visualnav-transformer/model_weights/gnm/gnm.pth,12.81,0.3,0.0643,0.372,0.0239,1.67,,,gnm_closed_loop,0.2,0.064282,normalized_stop_ab_20260708,G,baseline_no_stop,,,,,,,False,hospital_fresh_medium_G,0.2367,True,0.3,0.064282,0.2,0.064282,True,armed,False,,True,shadow,results/bo_reviewer_packet/temporal_stop_head/22_temporal_stop_head_model.pt,0.126,0.0,True,0.5,,0.4714,0.0027,True,912,24.917,False
normcmp_G_baseline_20260708_153849,1126,28.483335,1783521543.812012,-1.240035,0.500098,0.0,-3.141095,0.2,0.064282,0.199867,-0.00412,camera_link,28.483335,gnm_closed_loop,,nominal,,True,ok,third_party/visualnav-transformer/model_weights/gnm/gnm.pth,12.81,0.3,0.0643,0.372,0.0239,1.67,,,gnm_closed_loop,0.2,0.064282,normalized_stop_ab_20260708,G,baseline_no_stop,,,,,,,False,hospital_fresh_medium_G,0.24,True,0.3,0.064282,0.2,0.064282,True,armed,False,,True,shadow,results/bo_reviewer_packet/temporal_stop_head/22_temporal_stop_head_model.pt,0.126,0.0,True,0.5,,0.4714,0.0027,True,912,24.917,False
normcmp_G_baseline_20260708_153849,1127,28.500001,1783521543.813965,-1.24336,0.500097,0.0,-3.141092,0.2,0.064282,0.199867,-0.00412,camera_link,28.500001,gnm_closed_loop,,nominal,,True,ok,third_party/visualnav-transformer/model_weights/gnm/gnm.pth,12.81,0.3,0.0643,0.372,0.0239,1.67,,,gnm_closed_loop,0.2,0.064282,normalized_stop_ab_20260708,G,baseline_no_stop,,,,,,,False,hospital_fresh_medium_G,0.2434,True,0.3,0.064282,0.2,0.064282,True,armed,False,,True,shadow,results/bo_reviewer_packet/temporal_stop_head/22_temporal_stop_head_model.pt,0.126,0.0,True,0.5,,0.4714,0.0027,True,912,24.917,False
normcmp_G_baseline_20260708_153849,1128,28.516668,1783521543.83627,-1.246684,0.500095,0.0,-3.141089,0.2,0.039706,0.199855,-0.003984,camera_link,28.516668,gnm_closed_loop,,nominal,,True,ok,third_party/visualnav-transformer/model_weights/gnm/gnm.pth,12.62,0.3,0.0397,0.3614,0.0144,1.73,,,gnm_closed_loop,0.2,0.039706,normalized_stop_ab_20260708,G,baseline_no_stop,,,,,,,False,hospital_fresh_medium_G,0.2467,True,0.3,0.039706,0.2,0.039706,True,armed,False,,True,shadow,results/bo_reviewer_packet/temporal_stop_head/22_temporal_stop_head_model.pt,0.119,0.0,True,0.5,,0.4714,0.0027,True,912,24.917,False
normcmp_G_baseline_20260708_153849,1129,28.533335,1783521543.838681,-1.250009,0.500094,0.0,-3.141088,0.2,0.039706,0.199855,-0.003984,camera_link,28.533335,gnm_closed_loop,,nominal,,True,ok,third_party/visualnav-transformer/model_weights/gnm/gnm.pth,12.62,0.3,0.0397,0.3614,0.0144,1.73,,,gnm_closed_loop,0.2,0.039706,normalized_stop_ab_20260708,G,baseline_no_stop,,,,,,,False,hospital_fresh_medium_G,0.25,True,0.3,0.039706,0.2,0.039706,True,armed,False,,True,shadow,results/bo_reviewer_packet/temporal_stop_head/22_temporal_stop_head_model.pt,0.119,0.0,True,0.5,,0.4714,0.0027,True,912,24.917,False
normcmp_G_baseline_20260708_153849,1130,28.550001,1783521543.840475,-1.253333,0.500092,0.0,-3.141086,0.2,0.039706,0.199855,-0.003984,camera_link,28.550001,gnm_closed_loop,,nominal,,True,ok,third_party/visualnav-transformer/model_weights/gnm/gnm.pth,12.62,0.3,0.0397,0.3614,0.0144,1.73,,,gnm_closed_loop,0.2,0.039706,normalized_stop_ab_20260708,G,baseline_no_stop,,,,,,,False,hospital_fresh_medium_G,0.2533,True,0.3,0.039706,0.2,0.039706,True,armed,False,,True,shadow,results/bo_reviewer_packet/temporal_stop_head/22_temporal_stop_head_model.pt,0.119,0.0,True,0.5,,0.4714,0.0027,True,912,24.917,False
normcmp_G_baseline_20260708_153849,1131,28.566668,1783521543.863137,-1.256658,0.500091,0.0,-3.141085,0.2,0.038503,0.19985,-0.002305,camera_link,28.566668,gnm_closed_loop,,nominal,,True,ok,third_party/visualnav-transformer/model_weights/gnm/gnm.pth,12.76,0.3,0.0385,0.3546,0.0137,1.85,,,gnm_closed_loop,0.2,0.038503,normalized_stop_ab_20260708,G,baseline_no_stop,,,,,,,False,hospital_fresh_medium_G,0.2567,True,0.3,0.038503,0.2,0.038503,True,armed,False,,True,shadow,results/bo_reviewer_packet/temporal_stop_head/22_temporal_stop_head_model.pt,0.106,0.0,True,0.5,,0.4714,0.0027,True,912,24.917,False
normcmp_G_baseline_20260708_153849,1132,28.583335,1783521543.865573,-1.259982,0.500089,0.0,-3.141083,0.2,0.038503,0.19985,-0.002305,camera_link,28.583335,gnm_closed_loop,,nominal,,True,ok,third_party/visualnav-transformer/model_weights/gnm/gnm.pth,12.76,0.3,0.0385,0.3546,0.0137,1.85,,,gnm_closed_loop,0.2,0.038503,normalized_stop_ab_20260708,G,baseline_no_stop,,,,,,,False,hospital_fresh_medium_G,0.26,True,0.3,0.038503,0.2,0.038503,True,armed,False,,True,shadow,results/bo_reviewer_packet/temporal_stop_head/22_temporal_stop_head_model.pt,0.106,0.0,True,0.5,,0.4714,0.0027,True,912,24.917,False
normcmp_G_baseline_20260708_153849,1133,28.600001,1783521543.8676,-1.263307,0.500088,0.0,-3.141081,0.2,0.038503,0.19985,-0.002305,camera_link,28.600001,gnm_closed_loop,,nominal,,True,ok,third_party/visualnav-transformer/model_weights/gnm/gnm.pth,12.76,0.3,0.0385,0.3546,0.0137,1.85,,,gnm_closed_loop,0.2,0.038503,normalized_stop_ab_20260708,G,baseline_no_stop,,,,,,,False,hospital_fresh_medium_G,0.2633,True,0.3,0.038503,0.2,0.038503,True,armed,False,,True,shadow,results/bo_reviewer_packet/temporal_stop_head/22_temporal_stop_head_model.pt,0.106,0.0,True,0.5,,0.4714,0.0027,True,912,24.917,False
normcmp_G_baseline_20260708_153849,1134,28.616668,1783521543.890636,-1.266632,0.500086,0.0,-3.14108,0.2,0.040687,0.199842,-0.002094,camera_link,28.616668,gnm_closed_loop,,nominal,,True,ok,third_party/visualnav-transformer/model_weights/gnm/gnm.pth,12.88,0.3,0.0407,0.3563,0.0145,1.85,,,gnm_closed_loop,0.2,0.040687,normalized_stop_ab_20260708,G,baseline_no_stop,,,,,,,False,hospital_fresh_medium_G,0.2666,True,0.3,0.040687,0.2,0.040687,True,armed,False,,True,shadow,results/bo_reviewer_packet/temporal_stop_head/22_temporal_stop_head_model.pt,0.122,0.0,True,0.5,,0.4714,0.0027,True,912,24.917,False
normcmp_G_baseline_20260708_153849,1135,28.633335,1783521543.893106,-1.269956,0.500084,0.0,-3.141079,0.2,0.040687,0.199842,-0.002094,camera_link,28.633335,gnm_closed_loop,,nominal,,True,ok,third_party/visualnav-transformer/model_weights/gnm/gnm.pth,12.88,0.3,0.0407,0.3563,0.0145,1.85,,,gnm_closed_loop,0.2,0.040687,normalized_stop_ab_20260708,G,baseline_no_stop,,,,,,,False,hospital_fresh_medium_G,0.27,True,0.3,0.040687,0.2,0.040687,True,armed,False,,True,shadow,results/bo_reviewer_packet/temporal_stop_head/22_temporal_stop_head_model.pt,0.122,0.0,True,0.5,,0.4714,0.0027,True,912,24.917,False
normcmp_G_baseline_20260708_153849,1136,28.650001,1783521543.895002,-1.273281,0.500083,0.0,-3.141077,0.2,0.040687,0.199842,-0.002094,camera_link,28.650001,gnm_closed_loop,,nominal,,True,ok,third_party/visualnav-transformer/model_weights/gnm/gnm.pth,12.88,0.3,0.0407,0.3563,0.0145,1.85,,,gnm_closed_loop,0.2,0.040687,normalized_stop_ab_20260708,G,baseline_no_stop,,,,,,,False,hospital_fresh_medium_G,0.2733,True,0.3,0.040687,0.2,0.040687,True,armed,False,,True,shadow,results/bo_reviewer_packet/temporal_stop_head/22_temporal_stop_head_model.pt,0.122,0.0,True,0.5,,0.4714,0.0027,True,912,24.917,False
normcmp_G_baseline_20260708_153849,1137,28.666668,1783521543.918521,-1.276605,0.500081,0.0,-3.141075,0.2,0.042525,0.199852,-0.002394,camera_link,28.666668,gnm_closed_loop,,nominal,,True,ok,third_party/visualnav-transformer/model_weights/gnm/gnm.pth,12.95,0.3,0.0425,0.3574,0.0152,1.89,,,gnm_closed_loop,0.2,0.042525,normalized_stop_ab_20260708,G,baseline_no_stop,,,,,,,False,hospital_fresh_medium_G,0.2766,True,0.3,0.042525,0.2,0.042525,True,armed,False,,True,shadow,results/bo_reviewer_packet/temporal_stop_head/22_temporal_stop_head_model.pt,0.113,0.0,True,0.5,,0.4714,0.0027,True,912,24.917,False
normcmp_G_baseline_20260708_153849,1138,28.683335,1783521543.921379,-1.27993,0.500079,0.0,-3.141074,0.2,0.042525,0.199852,-0.002394,camera_link,28.683335,gnm_closed_loop,,nominal,,True,ok,third_party/visualnav-transformer/model_weights/gnm/gnm.pth,12.95,0.3,0.0425,0.3574,0.0152,1.89,,,gnm_closed_loop,0.2,0.042525,normalized_stop_ab_20260708,G,baseline_no_stop,,,,,,,False,hospital_fresh_medium_G,0.2799,True,0.3,0.042525,0.2,0.042525,True,armed,False,,True,shadow,results/bo_reviewer_packet/temporal_stop_head/22_temporal_stop_head_model.pt,0.113,0.0,True,0.5,,0.4714,0.0027,True,912,24.917,False
normcmp_G_baseline_20260708_153849,1139,28.700001,1783521543.924491,-1.283254,0.500078,0.0,-3.141072,0.2,0.042525,0.199852,-0.002394,camera_link,28.700001,gnm_closed_loop,,nominal,,True,ok,third_party/visualnav-transformer/model_weights/gnm/gnm.pth,12.95,0.3,0.0425,0.3574,0.0152,1.89,,,gnm_closed_loop,0.2,0.042525,normalized_stop_ab_20260708,G,baseline_no_stop,,,,,,,False,hospital_fresh_medium_G,0.2833,True,0.3,0.042525,0.2,0.042525,True,armed,False,,True,shadow,results/bo_reviewer_packet/temporal_stop_head/22_temporal_stop_head_model.pt,0.113,0.0,True,0.5,,0.4714,0.0027,True,912,24.917,False
normcmp_G_baseline_20260708_153849,1140,28.716668,1783521543.948102,-1.286579,0.500076,0.0,-3.141071,0.2,0.045877,0.199858,-0.002861,camera_link,28.716668,gnm_closed_loop,,nominal,,True,ok,third_party/visualnav-transformer/model_weights/gnm/gnm.pth,12.65,0.3,0.0459,0.355,0.0163,1.95,,,gnm_closed_loop,0.2,0.045877,normalized_stop_ab_20260708,G,baseline_no_stop,,,,,,,False,hospital_fresh_medium_G,0.2866,True,0.3,0.045877,0.2,0.045877,True,armed,False,,True,shadow,results/bo_reviewer_packet/temporal_stop_head/22_temporal_stop_head_model.pt,0.109,0.0,True,0.5,,0.4714,0.0027,True,912,24.917,False
normcmp_G_baseline_20260708_153849,1141,28.733335,1783521543.950249,-1.289904,0.500075,0.0,-3.141069,0.2,0.045877,0.199858,-0.002861,camera_link,28.733335,gnm_closed_loop,,nominal,,True,ok,third_party/visualnav-transformer/model_weights/gnm/gnm.pth,12.65,0.3,0.0459,0.355,0.0163,1.95,,,gnm_closed_loop,0.2,0.045877,normalized_stop_ab_20260708,G,baseline_no_stop,,,,,,,False,hospital_fresh_medium_G,0.2899,True,0.3,0.045877,0.2,0.045877,True,armed,False,,True,shadow,results/bo_reviewer_packet/temporal_stop_head/22_temporal_stop_head_model.pt,0.109,0.0,True,0.5,,0.4714,0.0027,True,912,24.917,False
normcmp_G_baseline_20260708_153849,1142,28.750001,1783521543.953176,-1.293228,0.500073,0.0,-3.141067,0.2,0.045877,0.199858,-0.002861,camera_link,28.750001,gnm_closed_loop,,nominal,,True,ok,third_party/visualnav-transformer/model_weights/gnm/gnm.pth,12.65,0.3,0.0459,0.355,0.0163,1.95,,,gnm_closed_loop,0.2,0.045877,normalized_stop_ab_20260708,G,baseline_no_stop,,,,,,,False,hospital_fresh_medium_G,0.2932,True,0.3,0.045877,0.2,0.045877,True,armed,False,,True,shadow,results/bo_reviewer_packet/temporal_stop_head/22_temporal_stop_head_model.pt,0.109,0.0,True,0.5,,0.4714,0.0027,True,912,24.917,False
normcmp_G_baseline_20260708_153849,1143,28.766668,1783521543.976655,-1.296553,0.500071,0.0,-3.141065,0.2,0.042068,0.199856,-0.002351,camera_link,28.766668,gnm_closed_loop,,nominal,,True,ok,third_party/visualnav-transformer/model_weights/gnm/gnm.pth,12.76,0.3,0.0421,0.352,0.0148,2.12,,,gnm_closed_loop,0.2,0.042068,normalized_stop_ab_20260708,G,baseline_no_stop,,,,,,,False,hospital_fresh_medium_G,0.2966,True,0.3,0.042068,0.2,0.042068,True,armed,False,,True,shadow,results/bo_reviewer_packet/temporal_stop_head/22_temporal_stop_head_model.pt,0.108,0.0,True,0.5,,0.4714,0.0027,True,912,24.917,False
normcmp_G_baseline_20260708_153849,1144,28.783335,1783521543.978869,-1.299877,0.50007,0.0,-3.141064,0.2,0.042068,0.199856,-0.002351,camera_link,28.783335,gnm_closed_loop,,nominal,,True,ok,third_party/visualnav-transformer/model_weights/gnm/gnm.pth,12.76,0.3,0.0421,0.352,0.0148,2.12,,,gnm_closed_loop,0.2,0.042068,normalized_stop_ab_20260708,G,baseline_no_stop,,,,,,,False,hospital_fresh_medium_G,0.2999,True,0.3,0.042068,0.2,0.042068,True,armed,False,,True,shadow,results/bo_reviewer_packet/temporal_stop_head/22_temporal_stop_head_model.pt,0.108,0.0,True,0.5,,0.4714,0.0027,True,912,24.917,False
normcmp_G_baseline_20260708_153849,1145,28.800002,1783521543.980809,-1.303201,0.500068,0.0,-3.141062,0.2,0.042068,0.199856,-0.002351,camera_link,28.800002,gnm_closed_loop,,nominal,,True,ok,third_party/visualnav-transformer/model_weights/gnm/gnm.pth,12.76,0.3,0.0421,0.352,0.0148,2.12,,,gnm_closed_loop,0.2,0.042068,normalized_stop_ab_20260708,G,baseline_no_stop,,,,,,,False,hospital_fresh_medium_G,0.3032,True,0.3,0.042068,0.2,0.042068,True,armed,False,,True,shadow,results/bo_reviewer_packet/temporal_stop_head/22_temporal_stop_head_model.pt,0.108,0.0,True,0.5,,0.4714,0.0027,True,912,24.917,False
normcmp_G_baseline_20260708_153849,1146,28.816668,1783521544.005606,-1.306526,0.500067,0.0,-3.141061,0.2,0.037891,0.199843,-0.001778,camera_link,28.816668,gnm_closed_loop,,nominal,,True,ok,third_party/visualnav-transformer/model_weights/gnm/gnm.pth,13.57,0.3,0.0379,0.3465,0.0131,2.25,,,gnm_closed_loop,0.2,0.037891,normalized_stop_ab_20260708,G,baseline_no_stop,,,,,,,False,hospital_fresh_medium_G,0.3065,True,0.3,0.037891,0.2,0.037891,True,armed,False,,True,shadow,results/bo_reviewer_packet/temporal_stop_head/22_temporal_stop_head_model.pt,0.121,0.0,True,0.5,,0.4714,0.0027,True,912,24.917,False
normcmp_G_baseline_20260708_153849,1147,28.833335,1783521544.008013,-1.30985,0.500065,0.0,-3.14106,0.2,0.037891,0.199843,-0.001778,camera_link,28.833335,gnm_closed_loop,,nominal,,True,ok,third_party/visualnav-transformer/model_weights/gnm/gnm.pth,13.57,0.3,0.0379,0.3465,0.0131,2.25,,,gnm_closed_loop,0.2,0.037891,normalized_stop_ab_20260708,G,baseline_no_stop,,,,,,,False,hospital_fresh_medium_G,0.3098,True,0.3,0.037891,0.2,0.037891,True,armed,False,,True,shadow,results/bo_reviewer_packet/temporal_stop_head/22_temporal_stop_head_model.pt,0.121,0.0,True,0.5,,0.4714,0.0027,True,912,24.917,False
normcmp_G_baseline_20260708_153849,1148,28.850002,1783521544.010314,-1.313175,0.500063,0.0,-3.141059,0.2,0.037891,0.199843,-0.001778,camera_link,28.850002,gnm_closed_loop,,nominal,,True,ok,third_party/visualnav-transformer/model_weights/gnm/gnm.pth,13.57,0.3,0.0379,0.3465,0.0131,2.25,,,gnm_closed_loop,0.2,0.037891,normalized_stop_ab_20260708,G,baseline_no_stop,,,,,,,False,hospital_fresh_medium_G,0.3132,True,0.3,0.037891,0.2,0.037891,True,armed,False,,True,shadow,results/bo_reviewer_packet/temporal_stop_head/22_temporal_stop_head_model.pt,0.121,0.0,True,0.5,,0.4714,0.0027,True,912,24.917,False
normcmp_G_baseline_20260708_153849,1149,28.866668,1783521544.045366,-1.3165,0.500062,0.0,-3.141057,0.2,0.040331,0.199851,-0.002062,camera_link,28.866668,gnm_closed_loop,,nominal,,True,ok,third_party/visualnav-transformer/model_weights/gnm/gnm.pth,20.4,0.3,0.0403,0.3514,0.0142,2.43,,,gnm_closed_loop,0.2,0.040331,normalized_stop_ab_20260708,G,baseline_no_stop,,,,,,,False,hospital_fresh_medium_G,0.3165,True,0.3,0.040331,0.2,0.040331,True,armed,False,,True,shadow,results/bo_reviewer_packet/temporal_stop_head/22_temporal_stop_head_model.pt,0.103,0.0,True,0.5,,0.4714,0.0027,True,912,24.917,False
normcmp_G_baseline_20260708_153849,1150,28.883335,1783521544.048191,-1.319824,0.50006,0.0,-3.141056,0.2,0.040331,0.199851,-0.002062,camera_link,28.883335,gnm_closed_loop,,nominal,,True,ok,third_party/visualnav-transformer/model_weights/gnm/gnm.pth,20.4,0.3,0.0403,0.3514,0.0142,2.43,,,gnm_closed_loop,0.2,0.040331,normalized_stop_ab_20260708,G,baseline_no_stop,,,,,,,False,hospital_fresh_medium_G,0.3198,True,0.3,0.040331,0.2,0.040331,True,armed,False,,True,shadow,results/bo_reviewer_packet/temporal_stop_head/22_temporal_stop_head_model.pt,0.103,0.0,True,0.5,,0.4714,0.0027,True,912,24.917,False
normcmp_G_baseline_20260708_153849,1151,28.900002,1783521544.050776,-1.323148,0.500058,0.0,-3.141054,0.2,0.040331,0.199851,-0.002062,camera_link,28.900002,gnm_closed_loop,,nominal,,True,ok,third_party/visualnav-transformer/model_weights/gnm/gnm.pth,20.4,0.3,0.0403,0.3514,0.0142,2.43,,,gnm_closed_loop,0.2,0.040331,normalized_stop_ab_20260708,G,baseline_no_stop,,,,,,,False,hospital_fresh_medium_G,0.3231,True,0.3,0.040331,0.2,0.040331,True,armed,False,,True,shadow,results/bo_reviewer_packet/temporal_stop_head/22_temporal_stop_head_model.pt,0.103,0.0,True,0.5,,0.4714,0.0027,True,912,24.917,False
normcmp_G_baseline_20260708_153849,1152,28.916668,1783521544.078482,-1.326473,0.500057,0.0,-3.141053,0.2,0.043292,0.199834,-0.002764,camera_link,28.916668,gnm_closed_loop,,nominal,,True,ok,third_party/visualnav-transformer/model_weights/gnm/gnm.pth,14.97,0.3,0.0433,0.3485,0.0151,2.54,,,gnm_closed_loop,0.2,0.043292,normalized_stop_ab_20260708,G,baseline_no_stop,,,,,,,False,hospital_fresh_medium_G,0.3265,True,0.3,0.043292,0.2,0.043292,True,armed,False,,True,shadow,results/bo_reviewer_packet/temporal_stop_head/22_temporal_stop_head_model.pt,0.111,0.0,True,0.5,,0.4714,0.0027,True,912,24.917,False
normcmp_G_baseline_20260708_153849,1153,28.933335,1783521544.080889,-1.329798,0.500055,0.0,-3.141051,0.2,0.043292,0.199834,-0.002764,camera_link,28.933335,gnm_closed_loop,,nominal,,True,ok,third_party/visualnav-transformer/model_weights/gnm/gnm.pth,14.97,0.3,0.0433,0.3485,0.0151,2.54,,,gnm_closed_loop,0.2,0.043292,normalized_stop_ab_20260708,G,baseline_no_stop,,,,,,,False,hospital_fresh_medium_G,0.3298,True,0.3,0.043292,0.2,0.043292,True,armed,False,,True,shadow,results/bo_reviewer_packet/temporal_stop_head/22_temporal_stop_head_model.pt,0.111,0.0,True,0.5,,0.4714,0.0027,True,912,24.917,False
normcmp_G_baseline_20260708_153849,1154,28.950002,1783521544.082824,-1.333122,0.500053,0.0,-3.141049,0.2,0.043292,0.199834,-0.002764,camera_link,28.950002,gnm_closed_loop,,nominal,,True,ok,third_party/visualnav-transformer/model_weights/gnm/gnm.pth,14.97,0.3,0.0433,0.3485,0.0151,2.54,,,gnm_closed_loop,0.2,0.043292,normalized_stop_ab_20260708,G,baseline_no_stop,,,,,,,False,hospital_fresh_medium_G,0.3331,True,0.3,0.043292,0.2,0.043292,True,armed,False,,True,shadow,results/bo_reviewer_packet/temporal_stop_head/22_temporal_stop_head_model.pt,0.111,0.0,True,0.5,,0.4714,0.0027,True,912,24.917,False
normcmp_G_baseline_20260708_153849,1155,28.966668,1783521544.106001,-1.336447,0.500051,0.0,-3.141048,0.2,0.050869,0.199856,-0.00227,camera_link,28.966668,gnm_closed_loop,,nominal,,True,ok,third_party/visualnav-transformer/model_weights/gnm/gnm.pth,12.98,0.3,0.0509,0.3474,0.0177,2.74,,,gnm_closed_loop,0.2,0.050869,normalized_stop_ab_20260708,G,baseline_no_stop,,,,,,,False,hospital_fresh_medium_G,0.3364,True,0.3,0.050869,0.2,0.050869,True,armed,False,,True,shadow,results/bo_reviewer_packet/temporal_stop_head/22_temporal_stop_head_model.pt,0.136,0.0,True,0.5,,0.4714,0.0027,True,912,24.917,False
normcmp_G_baseline_20260708_153849,1156,28.983335,1783521544.108578,-1.339772,0.500049,0.0,-3.141046,0.2,0.050869,0.199856,-0.00227,camera_link,28.983335,gnm_closed_loop,,nominal,,True,ok,third_party/visualnav-transformer/model_weights/gnm/gnm.pth,12.98,0.3,0.0509,0.3474,0.0177,2.74,,,gnm_closed_loop,0.2,0.050869,normalized_stop_ab_20260708,G,baseline_no_stop,,,,,,,False,hospital_fresh_medium_G,0.3398,True,0.3,0.050869,0.2,0.050869,True,armed,False,,True,shadow,results/bo_reviewer_packet/temporal_stop_head/22_temporal_stop_head_model.pt,0.136,0.0,True,0.5,,0.4714,0.0027,True,912,24.917,False
normcmp_G_baseline_20260708_153849,1157,29.000002,1783521544.110509,-1.343097,0.500048,0.0,-3.141044,0.2,0.050869,0.199856,-0.00227,camera_link,29.000002,gnm_closed_loop,,nominal,,True,ok,third_party/visualnav-transformer/model_weights/gnm/gnm.pth,12.98,0.3,0.0509,0.3474,0.0177,2.74,,,gnm_closed_loop,0.2,0.050869,normalized_stop_ab_20260708,G,baseline_no_stop,,,,,,,False,hospital_fresh_medium_G,0.3431,True,0.3,0.050869,0.2,0.050869,True,armed,False,,True,shadow,results/bo_reviewer_packet/temporal_stop_head/22_temporal_stop_head_model.pt,0.136,0.0,True,0.5,,0.4714,0.0027,True,912,24.917,False
normcmp_G_baseline_20260708_153849,1158,29.016668,1783521544.133603,-1.346421,0.500046,0.0,-3.141042,0.2,0.056657,0.199844,-0.002436,camera_link,29.016668,gnm_closed_loop,,nominal,,True,ok,third_party/visualnav-transformer/model_weights/gnm/gnm.pth,12.88,0.3,0.0567,0.3533,0.02,2.97,,,gnm_closed_loop,0.2,0.056657,normalized_stop_ab_20260708,G,baseline_no_stop,,,,,,,False,hospital_fresh_medium_G,0.3464,True,0.3,0.056657,0.2,0.056657,True,armed,False,,True,shadow,results/bo_reviewer_packet/temporal_stop_head/22_temporal_stop_head_model.pt,0.118,0.0,True,0.5,,0.4714,0.0027,True,912,24.917,False
normcmp_G_baseline_20260708_153849,1159,29.033335,1783521544.136012,-1.349746,0.500044,0.0,-3.141041,0.2,0.056657,0.199844,-0.002436,camera_link,29.033335,gnm_closed_loop,,nominal,,True,ok,third_party/visualnav-transformer/model_weights/gnm/gnm.pth,12.88,0.3,0.0567,0.3533,0.02,2.97,,,gnm_closed_loop,0.2,0.056657,normalized_stop_ab_20260708,G,baseline_no_stop,,,,,,,False,hospital_fresh_medium_G,0.3497,True,0.3,0.056657,0.2,0.056657,True,armed,False,,True,shadow,results/bo_reviewer_packet/temporal_stop_head/22_temporal_stop_head_model.pt,0.118,0.0,True,0.5,,0.4714,0.0027,True,912,24.917,False
normcmp_G_baseline_20260708_153849,1160,29.050002,1783521544.138198,-1.35307,0.500043,0.0,-3.141039,0.2,0.056657,0.199844,-0.002436,camera_link,29.050002,gnm_closed_loop,,nominal,,True,ok,third_party/visualnav-transformer/model_weights/gnm/gnm.pth,12.88,0.3,0.0567,0.3533,0.02,2.97,,,gnm_closed_loop,0.2,0.056657,normalized_stop_ab_20260708,G,baseline_no_stop,,,,,,,False,hospital_fresh_medium_G,0.3531,True,0.3,0.056657,0.2,0.056657,True,armed,False,,True,shadow,results/bo_reviewer_packet/temporal_stop_head/22_temporal_stop_head_model.pt,0.118,0.0,True,0.5,,0.4714,0.0027,True,912,24.917,False
normcmp_G_baseline_20260708_153849,1161,29.066668,1783521544.161315,-1.356395,0.500041,0.0,-3.141037,0.2,0.060367,0.199873,-0.002521,camera_link,29.066668,gnm_closed_loop,,nominal,,True,ok,third_party/visualnav-transformer/model_weights/gnm/gnm.pth,12.78,0.3,0.0604,0.3616,0.0219,3.07,,,gnm_closed_loop,0.2,0.060367,normalized_stop_ab_20260708,G,baseline_no_stop,,,,,,,False,hospital_fresh_medium_G,0.3564,True,0.3,0.060367,0.2,0.060367,True,armed,False,,True,shadow,results/bo_reviewer_packet/temporal_stop_head/22_temporal_stop_head_model.pt,0.113,0.0,True,0.5,,0.4714,0.0027,True,912,24.917,False
normcmp_G_baseline_20260708_153849,1162,29.083335,1783521544.16364,-1.35972,0.500039,0.0,-3.141035,0.2,0.060367,0.199873,-0.002521,camera_link,29.083335,gnm_closed_loop,,nominal,,True,ok,third_party/visualnav-transformer/model_weights/gnm/gnm.pth,12.78,0.3,0.0604,0.3616,0.0219,3.07,,,gnm_closed_loop,0.2,0.060367,normalized_stop_ab_20260708,G,baseline_no_stop,,,,,,,False,hospital_fresh_medium_G,0.3597,True,0.3,0.060367,0.2,0.060367,True,armed,False,,True,shadow,results/bo_reviewer_packet/temporal_stop_head/22_temporal_stop_head_model.pt,0.113,0.0,True,0.5,,0.4714,0.0027,True,912,24.917,False
normcmp_G_baseline_20260708_153849,1163,29.100002,1783521544.165651,-1.363044,0.500037,0.0,-3.141033,0.2,0.060367,0.199873,-0.002521,camera_link,29.100002,gnm_closed_loop,,nominal,,True,ok,third_party/visualnav-transformer/model_weights/gnm/gnm.pth,12.78,0.3,0.0604,0.3616,0.0219,3.07,,,gnm_closed_loop,0.2,0.060367,normalized_stop_ab_20260708,G,baseline_no_stop,,,,,,,False,hospital_fresh_medium_G,0.363,True,0.3,0.060367,0.2,0.060367,True,armed,False,,True,shadow,results/bo_reviewer_packet/temporal_stop_head/22_temporal_stop_head_model.pt,0.113,0.0,True,0.5,,0.4714,0.0027,True,912,24.917,False
normcmp_G_baseline_20260708_153849,1164,29.116668,1783521544.188559,-1.366369,0.500036,0.0,-3.141031,0.2,0.060335,0.199877,-0.003441,camera_link,29.116668,gnm_closed_loop,,nominal,,True,ok,third_party/visualnav-transformer/model_weights/gnm/gnm.pth,12.84,0.3,0.0603,0.371,0.0224,3.14,,,gnm_closed_loop,0.2,0.060335,normalized_stop_ab_20260708,G,baseline_no_stop,,,,,,,False,hospital_fresh_medium_G,0.3664,True,0.3,0.060335,0.2,0.060335,True,armed,False,,True,shadow,results/bo_reviewer_packet/temporal_stop_head/22_temporal_stop_head_model.pt,0.128,0.0,True,0.5,,0.4714,0.0027,True,912,24.917,False
normcmp_G_baseline_20260708_153849,1165,29.133335,1783521544.192153,-1.369694,0.500034,0.0,-3.141028,0.2,0.060335,0.199877,-0.003441,camera_link,29.133335,gnm_closed_loop,,nominal,,True,ok,third_party/visualnav-transformer/model_weights/gnm/gnm.pth,12.84,0.3,0.0603,0.371,0.0224,3.14,,,gnm_closed_loop,0.2,0.060335,normalized_stop_ab_20260708,G,baseline_no_stop,,,,,,,False,hospital_fresh_medium_G,0.3697,True,0.3,0.060335,0.2,0.060335,True,armed,False,,True,shadow,results/bo_reviewer_packet/temporal_stop_head/22_temporal_stop_head_model.pt,0.128,0.0,True,0.5,,0.4714,0.0027,True,912,24.917,False
normcmp_G_baseline_20260708_153849,1166,29.150002,1783521544.194068,-1.373018,0.500032,0.0,-3.141026,0.2,0.060335,0.199877,-0.003441,camera_link,29.150002,gnm_closed_loop,,nominal,,True,ok,third_party/visualnav-transformer/model_weights/gnm/gnm.pth,12.84,0.3,0.0603,0.371,0.0224,3.14,,,gnm_closed_loop,0.2,0.060335,normalized_stop_ab_20260708,G,baseline_no_stop,,,,,,,False,hospital_fresh_medium_G,0.373,True,0.3,0.060335,0.2,0.060335,True,armed,False,,True,shadow,results/bo_reviewer_packet/temporal_stop_head/22_temporal_stop_head_model.pt,0.128,0.0,True,0.5,,0.4714,0.0027,True,912,24.917,False
normcmp_G_baseline_20260708_153849,1167,29.166668,1783521544.219626,-1.376343,0.50003,0.0,-3.141024,0.2,0.058322,0.199861,-0.003141,camera_link,29.166668,gnm_closed_loop,,nominal,,True,ok,third_party/visualnav-transformer/model_weights/gnm/gnm.pth,14.59,0.3,0.0583,0.3925,0.0229,3.17,,,gnm_closed_loop,0.2,0.058322,normalized_stop_ab_20260708,G,baseline_no_stop,,,,,,,False,hospital_fresh_medium_G,0.3763,True,0.3,0.058322,0.2,0.058322,True,armed,False,,True,shadow,results/bo_reviewer_packet/temporal_stop_head/22_temporal_stop_head_model.pt,0.126,0.0,True,0.5,,0.4714,0.0027,True,912,24.917,False
normcmp_G_baseline_20260708_153849,1168,29.183335,1783521544.222137,-1.379667,0.500029,0.0,-3.141022,0.2,0.058322,0.199861,-0.003141,camera_link,29.183335,gnm_closed_loop,,nominal,,True,ok,third_party/visualnav-transformer/model_weights/gnm/gnm.pth,14.59,0.3,0.0583,0.3925,0.0229,3.17,,,gnm_closed_loop,0.2,0.058322,normalized_stop_ab_20260708,G,baseline_no_stop,,,,,,,False,hospital_fresh_medium_G,0.3797,True,0.3,0.058322,0.2,0.058322,True,armed,False,,True,shadow,results/bo_reviewer_packet/temporal_stop_head/22_temporal_stop_head_model.pt,0.126,0.0,True,0.5,,0.4714,0.0027,True,912,24.917,False
normcmp_G_baseline_20260708_153849,1169,29.200002,1783521544.224439,-1.382992,0.500027,0.0,-3.14102,0.2,0.058322,0.199861,-0.003141,camera_link,29.200002,gnm_closed_loop,,nominal,,True,ok,third_party/visualnav-transformer/model_weights/gnm/gnm.pth,14.59,0.3,0.0583,0.3925,0.0229,3.17,,,gnm_closed_loop,0.2,0.058322,normalized_stop_ab_20260708,G,baseline_no_stop,,,,,,,False,hospital_fresh_medium_G,0.383,True,0.3,0.058322,0.2,0.058322,True,armed,False,,True,shadow,results/bo_reviewer_packet/temporal_stop_head/22_temporal_stop_head_model.pt,0.126,0.0,True,0.5,,0.4714,0.0027,True,912,24.917,False
normcmp_G_baseline_20260708_153849,1170,29.216668,1783521544.247863,-1.386317,0.500025,0.0,-3.141017,0.2,0.053247,0.199842,-0.003227,camera_link,29.216668,gnm_closed_loop,,nominal,,True,ok,third_party/visualnav-transformer/model_weights/gnm/gnm.pth,13.19,0.3,0.0532,0.3947,0.021,3.18,,,gnm_closed_loop,0.2,0.053247,normalized_stop_ab_20260708,G,baseline_no_stop,,,,,,,False,hospital_fresh_medium_G,0.3863,True,0.3,0.053247,0.2,0.053247,True,armed,False,,True,shadow,results/bo_reviewer_packet/temporal_stop_head/22_temporal_stop_head_model.pt,0.116,0.0,True,0.5,,0.4714,0.0027,True,912,24.917,False
normcmp_G_baseline_20260708_153849,1171,29.233335,1783521544.250427,-1.389641,0.500023,0.0,-3.141016,0.2,0.053247,0.199842,-0.003227,camera_link,29.233335,gnm_closed_loop,,nominal,,True,ok,third_party/visualnav-transformer/model_weights/gnm/gnm.pth,13.19,0.3,0.0532,0.3947,0.021,3.18,,,gnm_closed_loop,0.2,0.053247,normalized_stop_ab_20260708,G,baseline_no_stop,,,,,,,False,hospital_fresh_medium_G,0.3896,True,0.3,0.053247,0.2,0.053247,True,armed,False,,True,shadow,results/bo_reviewer_packet/temporal_stop_head/22_temporal_stop_head_model.pt,0.116,0.0,True,0.5,,0.4714,0.0027,True,912,24.917,False
normcmp_G_baseline_20260708_153849,1172,29.250002,1783521544.252356,-1.392966,0.500021,0.0,-3.141014,0.2,0.053247,0.199842,-0.003227,camera_link,29.250002,gnm_closed_loop,,nominal,,True,ok,third_party/visualnav-transformer/model_weights/gnm/gnm.pth,13.19,0.3,0.0532,0.3947,0.021,3.18,,,gnm_closed_loop,0.2,0.053247,normalized_stop_ab_20260708,G,baseline_no_stop,,,,,,,False,hospital_fresh_medium_G,0.393,True,0.3,0.053247,0.2,0.053247,True,armed,False,,True,shadow,results/bo_reviewer_packet/temporal_stop_head/22_temporal_stop_head_model.pt,0.116,0.0,True,0.5,,0.4714,0.0027,True,912,24.917,False
normcmp_G_baseline_20260708_153849,1173,29.266668,1783521544.290051,-1.39629,0.500019,0.0,-3.141012,0.2,0.050976,0.199841,-0.002996,camera_link,29.266668,gnm_closed_loop,,nominal,,True,ok,third_party/visualnav-transformer/model_weights/gnm/gnm.pth,22.75,0.3,0.051,0.4081,0.0208,3.3,,,gnm_closed_loop,0.2,0.050976,normalized_stop_ab_20260708,G,baseline_no_stop,,,,,,,False,hospital_fresh_medium_G,0.3963,True,0.3,0.050976,0.2,0.050976,True,armed,False,,True,shadow,results/bo_reviewer_packet/temporal_stop_head/22_temporal_stop_head_model.pt,0.133,0.0,True,0.5,,0.4714,0.0027,True,912,24.917,False
normcmp_G_baseline_20260708_153849,1174,29.283335,1783521544.292474,-1.399615,0.500018,0.0,-3.14101,0.2,0.050976,0.199841,-0.002996,camera_link,29.283335,gnm_closed_loop,,nominal,,True,ok,third_party/visualnav-transformer/model_weights/gnm/gnm.pth,22.75,0.3,0.051,0.4081,0.0208,3.3,,,gnm_closed_loop,0.2,0.050976,normalized_stop_ab_20260708,G,baseline_no_stop,,,,,,,False,hospital_fresh_medium_G,0.3996,True,0.3,0.050976,0.2,0.050976,True,armed,False,,True,shadow,results/bo_reviewer_packet/temporal_stop_head/22_temporal_stop_head_model.pt,0.133,0.0,True,0.5,,0.4714,0.0027,True,912,24.917,False
normcmp_G_baseline_20260708_153849,1175,29.300002,1783521544.295258,-1.402939,0.500016,0.0,-3.141008,0.2,0.050976,0.199841,-0.002996,camera_link,29.300002,gnm_closed_loop,,nominal,,True,ok,third_party/visualnav-transformer/model_weights/gnm/gnm.pth,22.75,0.3,0.051,0.4081,0.0208,3.3,,,gnm_closed_loop,0.2,0.050976,normalized_stop_ab_20260708,G,baseline_no_stop,,,,,,,False,hospital_fresh_medium_G,0.4029,True,0.3,0.050976,0.2,0.050976,True,armed,False,,True,shadow,results/bo_reviewer_packet/temporal_stop_head/22_temporal_stop_head_model.pt,0.133,0.0,True,0.5,,0.4714,0.0027,True,912,24.917,False
normcmp_G_baseline_20260708_153849,1176,29.316668,1783521544.321228,-1.406264,0.500014,0.0,-3.141007,0.2,0.052387,0.19984,-0.002726,camera_link,29.316668,gnm_closed_loop,,nominal,,True,ok,third_party/visualnav-transformer/model_weights/gnm/gnm.pth,12.86,0.3,0.0524,0.4007,0.021,3.42,,,gnm_closed_loop,0.2,0.052387,normalized_stop_ab_20260708,G,baseline_no_stop,,,,,,,False,hospital_fresh_medium_G,0.4063,True,0.3,0.052387,0.2,0.052387,True,armed,False,,True,shadow,results/bo_reviewer_packet/temporal_stop_head/22_temporal_stop_head_model.pt,0.108,0.0,True,0.5,,0.4714,0.0027,True,912,24.917,False
normcmp_G_baseline_20260708_153849,1177,29.333335,1783521544.32435,-1.409588,0.500012,0.0,-3.141005,0.2,0.052387,0.19984,-0.002726,camera_link,29.333335,gnm_closed_loop,,nominal,,True,ok,third_party/visualnav-transformer/model_weights/gnm/gnm.pth,12.86,0.3,0.0524,0.4007,0.021,3.42,,,gnm_closed_loop,0.2,0.052387,normalized_stop_ab_20260708,G,baseline_no_stop,,,,,,,False,hospital_fresh_medium_G,0.4096,True,0.3,0.052387,0.2,0.052387,True,armed,False,,True,shadow,results/bo_reviewer_packet/temporal_stop_head/22_temporal_stop_head_model.pt,0.108,0.0,True,0.5,,0.4714,0.0027,True,912,24.917,False
normcmp_G_baseline_20260708_153849,1178,29.350002,1783521544.327433,-1.412912,0.50001,0.0,-3.141003,0.2,0.052387,0.19984,-0.002726,camera_link,29.350002,gnm_closed_loop,,nominal,,True,ok,third_party/visualnav-transformer/model_weights/gnm/gnm.pth,12.86,0.3,0.0524,0.4007,0.021,3.42,,,gnm_closed_loop,0.2,0.052387,normalized_stop_ab_20260708,G,baseline_no_stop,,,,,,,False,hospital_fresh_medium_G,0.4129,True,0.3,0.052387,0.2,0.052387,True,armed,False,,True,shadow,results/bo_reviewer_packet/temporal_stop_head/22_temporal_stop_head_model.pt,0.108,0.0,True,0.5,,0.4714,0.0027,True,912,24.917,False
normcmp_G_baseline_20260708_153849,1179,29.366668,1783521544.353022,-1.416236,0.500009,0.0,-3.141001,0.2,0.054142,0.199865,-0.003026,camera_link,29.366668,gnm_closed_loop,,nominal,,True,ok,third_party/visualnav-transformer/model_weights/gnm/gnm.pth,13.94,0.3,0.0541,0.3843,0.0208,3.5,,,gnm_closed_loop,0.2,0.054142,normalized_stop_ab_20260708,G,baseline_no_stop,,,,,,,False,hospital_fresh_medium_G,0.4162,True,0.3,0.054142,0.2,0.054142,True,armed,False,,True,shadow,results/bo_reviewer_packet/temporal_stop_head/22_temporal_stop_head_model.pt,0.124,0.0,True,0.5,,0.4714,0.0027,True,912,24.917,False
normcmp_G_baseline_20260708_153849,1180,29.383335,1783521544.35552,-1.419561,0.500007,0.0,-3.140999,0.2,0.054142,0.199865,-0.003026,camera_link,29.383335,gnm_closed_loop,,nominal,,True,ok,third_party/visualnav-transformer/model_weights/gnm/gnm.pth,13.94,0.3,0.0541,0.3843,0.0208,3.5,,,gnm_closed_loop,0.2,0.054142,normalized_stop_ab_20260708,G,baseline_no_stop,,,,,,,False,hospital_fresh_medium_G,0.4196,True,0.3,0.054142,0.2,0.054142,True,armed,False,,True,shadow,results/bo_reviewer_packet/temporal_stop_head/22_temporal_stop_head_model.pt,0.124,0.0,True,0.5,,0.4714,0.0027,True,912,24.917,False
normcmp_G_baseline_20260708_153849,1181,29.400002,1783521544.358782,-1.422886,0.500005,0.0,-3.140997,0.2,0.054142,0.199865,-0.003026,camera_link,29.400002,gnm_closed_loop,,nominal,,True,ok,third_party/visualnav-transformer/model_weights/gnm/gnm.pth,13.94,0.3,0.0541,0.3843,0.0208,3.5,,,gnm_closed_loop,0.2,0.054142,normalized_stop_ab_20260708,G,baseline_no_stop,,,,,,,False,hospital_fresh_medium_G,0.4229,True,0.3,0.054142,0.2,0.054142,True,armed,False,,True,shadow,results/bo_reviewer_packet/temporal_stop_head/22_temporal_stop_head_model.pt,0.124,0.0,True,0.5,,0.4714,0.0027,True,912,24.917,False
normcmp_G_baseline_20260708_153849,1182,29.416668,1783521544.385613,-1.42621,0.500003,0.0,-3.140995,0.2,0.065434,0.199856,-0.002984,camera_link,29.416668,gnm_closed_loop,,nominal,,True,ok,third_party/visualnav-transformer/model_weights/gnm/gnm.pth,13.07,0.3,0.0654,0.3599,0.0236,3.62,,,gnm_closed_loop,0.2,0.065434,normalized_stop_ab_20260708,G,baseline_no_stop,,,,,,,False,hospital_fresh_medium_G,0.4262,True,0.3,0.065434,0.2,0.065434,True,armed,False,,True,shadow,results/bo_reviewer_packet/temporal_stop_head/22_temporal_stop_head_model.pt,0.114,0.0,True,0.5,,0.4714,0.0027,True,912,24.917,False
normcmp_G_baseline_20260708_153849,1183,29.433335,1783521544.388606,-1.429535,0.500001,0.0,-3.140993,0.2,0.065434,0.199856,-0.002984,camera_link,29.433335,gnm_closed_loop,,nominal,,True,ok,third_party/visualnav-transformer/model_weights/gnm/gnm.pth,13.07,0.3,0.0654,0.3599,0.0236,3.62,,,gnm_closed_loop,0.2,0.065434,normalized_stop_ab_20260708,G,baseline_no_stop,,,,,,,False,hospital_fresh_medium_G,0.4295,True,0.3,0.065434,0.2,0.065434,True,armed,False,,True,shadow,results/bo_reviewer_packet/temporal_stop_head/22_temporal_stop_head_model.pt,0.114,0.0,True,0.5,,0.4714,0.0027,True,912,24.917,False
normcmp_G_baseline_20260708_153849,1184,29.450002,1783521544.390857,-1.432859,0.499999,0.0,-3.14099,0.2,0.065434,0.199856,-0.002984,camera_link,29.450002,gnm_closed_loop,,nominal,,True,ok,third_party/visualnav-transformer/model_weights/gnm/gnm.pth,13.07,0.3,0.0654,0.3599,0.0236,3.62,,,gnm_closed_loop,0.2,0.065434,normalized_stop_ab_20260708,G,baseline_no_stop,,,,,,,False,hospital_fresh_medium_G,0.4329,True,0.3,0.065434,0.2,0.065434,True,armed,False,,True,shadow,results/bo_reviewer_packet/temporal_stop_head/22_temporal_stop_head_model.pt,0.114,0.0,True,0.5,,0.4714,0.0027,True,912,24.917,False
normcmp_G_baseline_20260708_153849,1185,29.466668,1783521544.417642,-1.436183,0.499997,0.0,-3.140988,0.2,0.077622,0.199865,-0.003336,camera_link,29.466668,gnm_closed_loop,,nominal,,True,ok,third_party/visualnav-transformer/model_weights/gnm/gnm.pth,13.44,0.3,0.0776,0.3529,0.0275,3.9,,,gnm_closed_loop,0.2,0.077622,normalized_stop_ab_20260708,G,baseline_no_stop,,,,,,,False,hospital_fresh_medium_G,0.4362,True,0.3,0.077622,0.2,0.077622,True,armed,False,,True,shadow,results/bo_reviewer_packet/temporal_stop_head/22_temporal_stop_head_model.pt,0.14,0.0,True,0.5,,0.4714,0.0027,True,912,24.917,False
normcmp_G_baseline_20260708_153849,1186,29.483335,1783521544.420454,-1.439508,0.499995,0.0,-3.140986,0.2,0.077622,0.199865,-0.003336,camera_link,29.483335,gnm_closed_loop,,nominal,,True,ok,third_party/visualnav-transformer/model_weights/gnm/gnm.pth,13.44,0.3,0.0776,0.3529,0.0275,3.9,,,gnm_closed_loop,0.2,0.077622,normalized_stop_ab_20260708,G,baseline_no_stop,,,,,,,False,hospital_fresh_medium_G,0.4395,True,0.3,0.077622,0.2,0.077622,True,armed,False,,True,shadow,results/bo_reviewer_packet/temporal_stop_head/22_temporal_stop_head_model.pt,0.14,0.0,True,0.5,,0.4714,0.0027,True,912,24.917,False
normcmp_G_baseline_20260708_153849,1187,29.500002,1783521544.422737,-1.442832,0.499993,0.0,-3.140983,0.2,0.077622,0.199865,-0.003336,camera_link,29.500002,gnm_closed_loop,,nominal,,True,ok,third_party/visualnav-transformer/model_weights/gnm/gnm.pth,13.44,0.3,0.0776,0.3529,0.0275,3.9,,,gnm_closed_loop,0.2,0.077622,normalized_stop_ab_20260708,G,baseline_no_stop,,,,,,,False,hospital_fresh_medium_G,0.4428,True,0.3,0.077622,0.2,0.077622,True,armed,False,,True,shadow,results/bo_reviewer_packet/temporal_stop_head/22_temporal_stop_head_model.pt,0.14,0.0,True,0.5,,0.4714,0.0027,True,912,24.917,False
normcmp_G_baseline_20260708_153849,1188,29.516668,1783521544.448477,-1.446156,0.499991,0.0,-3.14098,0.2,0.088674,0.199856,-0.004621,camera_link,29.516668,gnm_closed_loop,,nominal,,True,ok,third_party/visualnav-transformer/model_weights/gnm/gnm.pth,12.93,0.3,0.0887,0.3136,0.0279,3.8,,,gnm_closed_loop,0.2,0.088674,normalized_stop_ab_20260708,G,baseline_no_stop,,,,,,,False,hospital_fresh_medium_G,0.4462,True,0.3,0.088674,0.2,0.088674,True,armed,False,,True,shadow,results/bo_reviewer_packet/temporal_stop_head/22_temporal_stop_head_model.pt,0.126,0.0,True,0.5,,0.4714,0.0027,True,912,24.917,False
normcmp_G_baseline_20260708_153849,1189,29.533335,1783521544.452253,-1.449481,0.499989,0.0,-3.140977,0.2,0.088674,0.199856,-0.004621,camera_link,29.533335,gnm_closed_loop,,nominal,,True,ok,third_party/visualnav-transformer/model_weights/gnm/gnm.pth,12.93,0.3,0.0887,0.3136,0.0279,3.8,,,gnm_closed_loop,0.2,0.088674,normalized_stop_ab_20260708,G,baseline_no_stop,,,,,,,False,hospital_fresh_medium_G,0.4495,True,0.3,0.088674,0.2,0.088674,True,armed,False,,True,shadow,results/bo_reviewer_packet/temporal_stop_head/22_temporal_stop_head_model.pt,0.126,0.0,True,0.5,,0.4714,0.0027,True,912,24.917,False
normcmp_G_baseline_20260708_153849,1190,29.550002,1783521544.454342,-1.452806,0.499988,0.0,-3.140974,0.2,0.088674,0.199856,-0.004621,camera_link,29.550002,gnm_closed_loop,,nominal,,True,ok,third_party/visualnav-transformer/model_weights/gnm/gnm.pth,12.93,0.3,0.0887,0.3136,0.0279,3.8,,,gnm_closed_loop,0.2,0.088674,normalized_stop_ab_20260708,G,baseline_no_stop,,,,,,,False,hospital_fresh_medium_G,0.4528,True,0.3,0.088674,0.2,0.088674,True,armed,False,,True,shadow,results/bo_reviewer_packet/temporal_stop_head/22_temporal_stop_head_model.pt,0.126,0.0,True,0.5,,0.4714,0.0027,True,912,24.917,False
normcmp_G_baseline_20260708_153849,1191,29.566668,1783521544.478038,-1.45613,0.499986,0.0,-3.140971,0.2,0.092162,0.199893,-0.005643,camera_link,29.566668,gnm_closed_loop,,nominal,,True,ok,third_party/visualnav-transformer/model_weights/gnm/gnm.pth,13.1,0.3,0.0922,0.2992,0.0277,3.77,,,gnm_closed_loop,0.2,0.092162,normalized_stop_ab_20260708,G,baseline_no_stop,,,,,,,False,hospital_fresh_medium_G,0.4561,True,0.3,0.092162,0.2,0.092162,True,armed,False,,True,shadow,results/bo_reviewer_packet/temporal_stop_head/22_temporal_stop_head_model.pt,0.142,0.0,True,0.5,,0.4714,0.0027,True,912,24.917,False
normcmp_G_baseline_20260708_153849,1192,29.583335,1783521544.480445,-1.459455,0.499984,0.0,-3.140968,0.2,0.092162,0.199893,-0.005643,camera_link,29.583335,gnm_closed_loop,,nominal,,True,ok,third_party/visualnav-transformer/model_weights/gnm/gnm.pth,13.1,0.3,0.0922,0.2992,0.0277,3.77,,,gnm_closed_loop,0.2,0.092162,normalized_stop_ab_20260708,G,baseline_no_stop,,,,,,,False,hospital_fresh_medium_G,0.4595,True,0.3,0.092162,0.2,0.092162,True,armed,False,,True,shadow,results/bo_reviewer_packet/temporal_stop_head/22_temporal_stop_head_model.pt,0.142,0.0,True,0.5,,0.4714,0.0027,True,912,24.917,False
normcmp_G_baseline_20260708_153849,1193,29.600002,1783521544.482359,-1.462779,0.499982,0.0,-3.140965,0.2,0.092162,0.199893,-0.005643,camera_link,29.600002,gnm_closed_loop,,nominal,,True,ok,third_party/visualnav-transformer/model_weights/gnm/gnm.pth,13.1,0.3,0.0922,0.2992,0.0277,3.77,,,gnm_closed_loop,0.2,0.092162,normalized_stop_ab_20260708,G,baseline_no_stop,,,,,,,False,hospital_fresh_medium_G,0.4628,True,0.3,0.092162,0.2,0.092162,True,armed,False,,True,shadow,results/bo_reviewer_packet/temporal_stop_head/22_temporal_stop_head_model.pt,0.142,0.0,True,0.5,,0.4714,0.0027,True,912,24.917,False
normcmp_G_baseline_20260708_153849,1194,29.616668,1783521544.505329,-1.466104,0.49998,0.0,-3.140962,0.2,0.098879,0.199888,-0.004847,camera_link,29.616668,gnm_closed_loop,,nominal,,True,ok,third_party/visualnav-transformer/model_weights/gnm/gnm.pth,13.21,0.3,0.0989,0.2903,0.0288,3.79,,,gnm_closed_loop,0.2,0.098879,normalized_stop_ab_20260708,G,baseline_no_stop,,,,,,,False,hospital_fresh_medium_G,0.4661,True,0.3,0.098879,0.2,0.098879,True,armed,False,,True,shadow,results/bo_reviewer_packet/temporal_stop_head/22_temporal_stop_head_model.pt,0.106,0.0,True,0.5,,0.4714,0.0027,True,912,24.917,False
normcmp_G_baseline_20260708_153849,1195,29.633335,1783521544.509615,-1.469428,0.499978,0.0,-3.140959,0.2,0.098879,0.199888,-0.004847,camera_link,29.633335,gnm_closed_loop,,nominal,,True,ok,third_party/visualnav-transformer/model_weights/gnm/gnm.pth,13.21,0.3,0.0989,0.2903,0.0288,3.79,,,gnm_closed_loop,0.2,0.098879,normalized_stop_ab_20260708,G,baseline_no_stop,,,,,,,False,hospital_fresh_medium_G,0.4694,True,0.3,0.098879,0.2,0.098879,True,armed,False,,True,shadow,results/bo_reviewer_packet/temporal_stop_head/22_temporal_stop_head_model.pt,0.106,0.0,True,0.5,,0.4714,0.0027,True,912,24.917,False
normcmp_G_baseline_20260708_153849,1196,29.650002,1783521544.514105,-1.472753,0.499976,0.0,-3.140955,0.2,0.098879,0.199888,-0.004847,camera_link,29.650002,gnm_closed_loop,,nominal,,True,ok,third_party/visualnav-transformer/model_weights/gnm/gnm.pth,13.21,0.3,0.0989,0.2903,0.0288,3.79,,,gnm_closed_loop,0.2,0.098879,normalized_stop_ab_20260708,G,baseline_no_stop,,,,,,,False,hospital_fresh_medium_G,0.4728,True,0.3,0.098879,0.2,0.098879,True,armed,False,,True,shadow,results/bo_reviewer_packet/temporal_stop_head/22_temporal_stop_head_model.pt,0.106,0.0,True,0.5,,0.4714,0.0027,True,912,24.917,False
normcmp_G_baseline_20260708_153849,1197,29.666668,1783521544.549868,-1.476077,0.499974,0.0,-3.140951,0.2,0.093444,0.199902,-0.005365,camera_link,29.666668,gnm_closed_loop,,nominal,,True,ok,third_party/visualnav-transformer/model_weights/gnm/gnm.pth,16.73,0.3,0.0934,0.2881,0.027,3.71,,,gnm_closed_loop,0.2,0.093444,normalized_stop_ab_20260708,G,baseline_no_stop,,,,,,,False,hospital_fresh_medium_G,0.4761,True,0.3,0.093444,0.2,0.093444,True,armed,False,,True,shadow,results/bo_reviewer_packet/temporal_stop_head/22_temporal_stop_head_model.pt,0.12,0.0,True,0.5,,0.4714,0.0027,True,912,24.917,False
normcmp_G_baseline_20260708_153849,1198,29.683335,1783521544.552466,-1.479402,0.499972,0.0,-3.140949,0.2,0.093444,0.199902,-0.005365,camera_link,29.683335,gnm_closed_loop,,nominal,,True,ok,third_party/visualnav-transformer/model_weights/gnm/gnm.pth,16.73,0.3,0.0934,0.2881,0.027,3.71,,,gnm_closed_loop,0.2,0.093444,normalized_stop_ab_20260708,G,baseline_no_stop,,,,,,,False,hospital_fresh_medium_G,0.4794,True,0.3,0.093444,0.2,0.093444,True,armed,False,,True,shadow,results/bo_reviewer_packet/temporal_stop_head/22_temporal_stop_head_model.pt,0.12,0.0,True,0.5,,0.4714,0.0027,True,912,24.917,False
normcmp_G_baseline_20260708_153849,1199,29.700002,1783521544.554406,-1.482726,0.49997,0.0,-3.140945,0.2,0.093444,0.199902,-0.005365,camera_link,29.700002,gnm_closed_loop,,nominal,,True,ok,third_party/visualnav-transformer/model_weights/gnm/gnm.pth,16.73,0.3,0.0934,0.2881,0.027,3.71,,,gnm_closed_loop,0.2,0.093444,normalized_stop_ab_20260708,G,baseline_no_stop,,,,,,,False,hospital_fresh_medium_G,0.4827,True,0.3,0.093444,0.2,0.093444,True,armed,False,,True,shadow,results/bo_reviewer_packet/temporal_stop_head/22_temporal_stop_head_model.pt,0.12,0.0,True,0.5,,0.4714,0.0027,True,912,24.917,False
normcmp_G_baseline_20260708_153849,1200,29.716668,1783521544.563229,-1.484802,0.499966,0.0,-3.14103,0.0,0.0,0.104042,-0.007286,camera_link,29.716668,gnm_closed_loop,,nominal,post-episode zero hold,True,ok,third_party/visualnav-transformer/model_weights/gnm/gnm.pth,16.73,0.3,0.0934,0.2881,0.027,3.71,,,gnm_closed_loop,0.0,0.0,normalized_stop_ab_20260708,G,baseline_no_stop,,,,,,,False,hospital_fresh_medium_G,0.4848,True,,,0.0,0.0,False,zeroed_hold,False,,True,shadow,results/bo_reviewer_packet/temporal_stop_head/22_temporal_stop_head_model.pt,0.12,0.0,True,0.5,,0.4714,0.0027,True,912,24.917,False
normcmp_G_baseline_20260708_153849,1201,29.733335,1783521544.565238,-1.485673,0.499964,-0.0,-3.141053,0.0,0.0,0.104042,-0.007286,camera_link,29.733335,gnm_closed_loop,,nominal,post-episode zero hold,True,ok,third_party/visualnav-transformer/model_weights/gnm/gnm.pth,16.73,0.3,0.0934,0.2881,0.027,3.71,,,gnm_closed_loop,0.0,0.0,normalized_stop_ab_20260708,G,baseline_no_stop,,,,,,,False,hospital_fresh_medium_G,0.4857,True,,,0.0,0.0,False,zeroed_hold,False,,True,shadow,results/bo_reviewer_packet/temporal_stop_head/22_temporal_stop_head_model.pt,0.12,0.0,True,0.5,,0.4714,0.0027,True,912,24.917,False
normcmp_G_baseline_20260708_153849,1202,29.750002,1783521544.566971,-1.485866,0.499964,0.0,-3.141052,0.0,0.0,0.104042,-0.007286,camera_link,29.750002,gnm_closed_loop,,nominal,post-episode zero hold,True,ok,third_party/visualnav-transformer/model_weights/gnm/gnm.pth,16.73,0.3,0.0934,0.2881,0.027,3.71,,,gnm_closed_loop,0.0,0.0,normalized_stop_ab_20260708,G,baseline_no_stop,,,,,,,False,hospital_fresh_medium_G,0.4859,True,,,0.0,0.0,False,zeroed_hold,False,,True,shadow,results/bo_reviewer_packet/temporal_stop_head/22_temporal_stop_head_model.pt,0.12,0.0,True,0.5,,0.4714,0.0027,True,912,24.917,False
normcmp_G_baseline_20260708_153849,1203,29.766668,1783521544.57594,-1.485884,0.499964,0.0,-3.141053,0.0,0.0,0.000336,0.000156,camera_link,29.766668,gnm_closed_loop,,nominal,post-episode zero hold,True,ok,third_party/visualnav-transformer/model_weights/gnm/gnm.pth,16.73,0.3,0.0934,0.2881,0.027,3.71,,,gnm_closed_loop,0.0,0.0,normalized_stop_ab_20260708,G,baseline_no_stop,,,,,,,False,hospital_fresh_medium_G,0.4859,True,,,0.0,0.0,False,zeroed_hold,False,,True,shadow,results/bo_reviewer_packet/temporal_stop_head/22_temporal_stop_head_model.pt,0.12,0.0,True,0.5,,0.4714,0.0027,True,912,24.917,False
normcmp_G_baseline_20260708_153849,1204,29.783335,1783521544.578932,-1.485878,0.499964,0.0,-3.141053,0.0,0.0,0.000336,0.000156,camera_link,29.783335,gnm_closed_loop,,nominal,post-episode zero hold,True,ok,third_party/visualnav-transformer/model_weights/gnm/gnm.pth,16.73,0.3,0.0934,0.2881,0.027,3.71,,,gnm_closed_loop,0.0,0.0,normalized_stop_ab_20260708,G,baseline_no_stop,,,,,,,False,hospital_fresh_medium_G,0.4859,True,,,0.0,0.0,False,zeroed_hold,False,,True,shadow,results/bo_reviewer_packet/temporal_stop_head/22_temporal_stop_head_model.pt,0.12,0.0,True,0.5,,0.4714,0.0027,True,912,24.917,False
normcmp_G_baseline_20260708_153849,1205,29.800002,1783521544.581648,-1.48587,0.499964,0.0,-3.141053,0.0,0.0,0.000336,0.000156,camera_link,29.800002,gnm_closed_loop,,nominal,post-episode zero hold,True,ok,third_party/visualnav-transformer/model_weights/gnm/gnm.pth,16.73,0.3,0.0934,0.2881,0.027,3.71,,,gnm_closed_loop,0.0,0.0,normalized_stop_ab_20260708,G,baseline_no_stop,,,,,,,False,hospital_fresh_medium_G,0.4859,True,,,0.0,0.0,False,zeroed_hold,False,,True,shadow,results/bo_reviewer_packet/temporal_stop_head/22_temporal_stop_head_model.pt,0.12,0.0,True,0.5,,0.4714,0.0027,True,912,24.917,False
normcmp_G_baseline_20260708_153849,1206,29.816668,1783521544.595671,-1.485861,0.499964,0.0,-3.141053,0.0,0.0,-0.000163,0.000104,camera_link,29.816668,gnm_closed_loop,,nominal,post-episode zero hold,True,ok,third_party/visualnav-transformer/model_weights/gnm/gnm.pth,16.73,0.3,0.0934,0.2881,0.027,3.71,,,gnm_closed_loop,0.0,0.0,normalized_stop_ab_20260708,G,baseline_no_stop,,,,,,,False,hospital_fresh_medium_G,0.4859,True,,,0.0,0.0,False,zeroed_hold,False,,True,shadow,results/bo_reviewer_packet/temporal_stop_head/22_temporal_stop_head_model.pt,0.12,0.0,True,0.5,,0.4714,0.0027,True,912,24.917,False
normcmp_G_baseline_20260708_153849,1207,29.833335,1783521544.599266,-1.485852,0.499964,0.0,-3.141053,0.0,0.0,-0.000163,0.000104,camera_link,29.833335,gnm_closed_loop,,nominal,post-episode zero hold,True,ok,third_party/visualnav-transformer/model_weights/gnm/gnm.pth,16.73,0.3,0.0934,0.2881,0.027,3.71,,,gnm_closed_loop,0.0,0.0,normalized_stop_ab_20260708,G,baseline_no_stop,,,,,,,False,hospital_fresh_medium_G,0.4859,True,,,0.0,0.0,False,zeroed_hold,False,,True,shadow,results/bo_reviewer_packet/temporal_stop_head/22_temporal_stop_head_model.pt,0.12,0.0,True,0.5,,0.4714,0.0027,True,912,24.917,False
normcmp_G_baseline_20260708_153849,1208,29.850002,1783521544.60158,-1.485844,0.499964,0.0,-3.141053,0.0,0.0,-0.000163,0.000104,camera_link,29.850002,gnm_closed_loop,,nominal,post-episode zero hold,True,ok,third_party/visualnav-transformer/model_weights/gnm/gnm.pth,16.73,0.3,0.0934,0.2881,0.027,3.71,,,gnm_closed_loop,0.0,0.0,normalized_stop_ab_20260708,G,baseline_no_stop,,,,,,,False,hospital_fresh_medium_G,0.4858,True,,,0.0,0.0,False,zeroed_hold,False,,True,shadow,results/bo_reviewer_packet/temporal_stop_head/22_temporal_stop_head_model.pt,0.12,0.0,True,0.5,,0.4714,0.0027,True,912,24.917,False
normcmp_G_baseline_20260708_153849,1209,29.866668,1783521544.612634,-1.485835,0.499964,0.0,-3.141053,0.0,0.0,-0.000163,0.000359,camera_link,29.866668,gnm_closed_loop,,nominal,post-episode zero hold,True,ok,third_party/visualnav-transformer/model_weights/gnm/gnm.pth,16.73,0.3,0.0934,0.2881,0.027,3.71,,,gnm_closed_loop,0.0,0.0,normalized_stop_ab_20260708,G,baseline_no_stop,,,,,,,False,hospital_fresh_medium_G,0.4858,True,,,0.0,0.0,False,zeroed_hold,False,,True,shadow,results/bo_reviewer_packet/temporal_stop_head/22_temporal_stop_head_model.pt,0.12,0.0,True,0.5,,0.4714,0.0027,True,912,24.917,False
normcmp_G_baseline_20260708_153849,1210,29.883335,1783521544.615058,-1.485827,0.499964,0.0,-3.141053,0.0,0.0,-0.000163,0.000359,camera_link,29.883335,gnm_closed_loop,,nominal,post-episode zero hold,True,ok,third_party/visualnav-transformer/model_weights/gnm/gnm.pth,16.73,0.3,0.0934,0.2881,0.027,3.71,,,gnm_closed_loop,0.0,0.0,normalized_stop_ab_20260708,G,baseline_no_stop,,,,,,,False,hospital_fresh_medium_G,0.4858,True,,,0.0,0.0,False,zeroed_hold,False,,True,shadow,results/bo_reviewer_packet/temporal_stop_head/22_temporal_stop_head_model.pt,0.12,0.0,True,0.5,,0.4714,0.0027,True,912,24.917,False
normcmp_G_baseline_20260708_153849,1211,29.900002,1783521544.617407,-1.485819,0.499964,0.0,-3.141053,0.0,0.0,-0.000163,0.000359,camera_link,29.900002,gnm_closed_loop,,nominal,post-episode zero hold,True,ok,third_party/visualnav-transformer/model_weights/gnm/gnm.pth,16.73,0.3,0.0934,0.2881,0.027,3.71,,,gnm_closed_loop,0.0,0.0,normalized_stop_ab_20260708,G,baseline_no_stop,,,,,,,False,hospital_fresh_medium_G,0.4858,True,,,0.0,0.0,False,zeroed_hold,False,,True,shadow,results/bo_reviewer_packet/temporal_stop_head/22_temporal_stop_head_model.pt,0.12,0.0,True,0.5,,0.4714,0.0027,True,912,24.917,False
normcmp_G_baseline_20260708_153849,1212,29.916668,1783521544.631666,-1.48581,0.499964,0.0,-3.141053,0.0,0.0,-0.000173,-0.000199,camera_link,29.916668,gnm_closed_loop,,nominal,post-episode zero hold,True,ok,third_party/visualnav-transformer/model_weights/gnm/gnm.pth,16.73,0.3,0.0934,0.2881,0.027,3.71,,,gnm_closed_loop,0.0,0.0,normalized_stop_ab_20260708,G,baseline_no_stop,,,,,,,False,hospital_fresh_medium_G,0.4858,True,,,0.0,0.0,False,zeroed_hold,False,,True,shadow,results/bo_reviewer_packet/temporal_stop_head/22_temporal_stop_head_model.pt,0.12,0.0,True,0.5,,0.4714,0.0027,True,912,24.917,False
normcmp_G_baseline_20260708_153849,1213,29.933335,1783521544.634648,-1.485801,0.499964,0.0,-3.141053,0.0,0.0,-0.000173,-0.000199,camera_link,29.933335,gnm_closed_loop,,nominal,post-episode zero hold,True,ok,third_party/visualnav-transformer/model_weights/gnm/gnm.pth,16.73,0.3,0.0934,0.2881,0.027,3.71,,,gnm_closed_loop,0.0,0.0,normalized_stop_ab_20260708,G,baseline_no_stop,,,,,,,False,hospital_fresh_medium_G,0.4858,True,,,0.0,0.0,False,zeroed_hold,False,,True,shadow,results/bo_reviewer_packet/temporal_stop_head/22_temporal_stop_head_model.pt,0.12,0.0,True,0.5,,0.4714,0.0027,True,912,24.917,False
normcmp_G_baseline_20260708_153849,1214,29.950002,1783521544.636898,-1.485792,0.499964,0.0,-3.141053,0.0,0.0,-0.000173,-0.000199,camera_link,29.950002,gnm_closed_loop,,nominal,post-episode zero hold,True,ok,third_party/visualnav-transformer/model_weights/gnm/gnm.pth,16.73,0.3,0.0934,0.2881,0.027,3.71,,,gnm_closed_loop,0.0,0.0,normalized_stop_ab_20260708,G,baseline_no_stop,,,,,,,False,hospital_fresh_medium_G,0.4858,True,,,0.0,0.0,False,zeroed_hold,False,,True,shadow,results/bo_reviewer_packet/temporal_stop_head/22_temporal_stop_head_model.pt,0.12,0.0,True,0.5,,0.4714,0.0027,True,912,24.917,False
normcmp_G_baseline_20260708_153849,1215,29.966668,1783521544.653729,-1.485784,0.499964,0.0,-3.141053,0.0,0.0,-0.000148,-0.000252,camera_link,29.966668,gnm_closed_loop,,nominal,post-episode zero hold,True,ok,third_party/visualnav-transformer/model_weights/gnm/gnm.pth,16.73,0.3,0.0934,0.2881,0.027,3.71,,,gnm_closed_loop,0.0,0.0,normalized_stop_ab_20260708,G,baseline_no_stop,,,,,,,False,hospital_fresh_medium_G,0.4858,True,,,0.0,0.0,False,zeroed_hold,False,,True,shadow,results/bo_reviewer_packet/temporal_stop_head/22_temporal_stop_head_model.pt,0.12,0.0,True,0.5,,0.4714,0.0027,True,912,24.917,False
normcmp_G_baseline_20260708_153849,1216,29.983335,1783521544.658463,-1.485775,0.499964,0.0,-3.141053,0.0,0.0,-0.000148,-0.000252,camera_link,29.983335,gnm_closed_loop,,nominal,post-episode zero hold,True,ok,third_party/visualnav-transformer/model_weights/gnm/gnm.pth,16.73,0.3,0.0934,0.2881,0.027,3.71,,,gnm_closed_loop,0.0,0.0,normalized_stop_ab_20260708,G,baseline_no_stop,,,,,,,False,hospital_fresh_medium_G,0.4858,True,,,0.0,0.0,False,zeroed_hold,False,,True,shadow,results/bo_reviewer_packet/temporal_stop_head/22_temporal_stop_head_model.pt,0.12,0.0,True,0.5,,0.4714,0.0027,True,912,24.917,False
normcmp_G_baseline_20260708_153849,1217,30.000002,1783521544.664004,-1.485766,0.499964,0.0,-3.141053,0.0,0.0,-0.000148,-0.000252,camera_link,30.000002,gnm_closed_loop,,nominal,post-episode zero hold,True,ok,third_party/visualnav-transformer/model_weights/gnm/gnm.pth,16.73,0.3,0.0934,0.2881,0.027,3.71,,,gnm_closed_loop,0.0,0.0,normalized_stop_ab_20260708,G,baseline_no_stop,,,,,,,False,hospital_fresh_medium_G,0.4858,True,,,0.0,0.0,False,zeroed_hold,False,,True,shadow,results/bo_reviewer_packet/temporal_stop_head/22_temporal_stop_head_model.pt,0.12,0.0,True,0.5,,0.4714,0.0027,True,912,24.917,False
normcmp_G_baseline_20260708_153849,1218,30.016668,1783521544.683686,-1.485758,0.499964,0.0,-3.141053,0.0,0.0,-0.000128,-0.000244,camera_link,30.016668,gnm_closed_loop,,nominal,post-episode zero hold,True,ok,third_party/visualnav-transformer/model_weights/gnm/gnm.pth,16.73,0.3,0.0934,0.2881,0.027,3.71,,,gnm_closed_loop,0.0,0.0,normalized_stop_ab_20260708,G,baseline_no_stop,,,,,,,False,hospital_fresh_medium_G,0.4858,True,,,0.0,0.0,False,zeroed_hold,False,,True,shadow,results/bo_reviewer_packet/temporal_stop_head/22_temporal_stop_head_model.pt,0.12,0.0,True,0.5,,0.4714,0.0027,True,912,24.917,False
normcmp_G_baseline_20260708_153849,1219,30.033335,1783521544.688783,-1.485749,0.499964,0.0,-3.141053,0.0,0.0,-0.000128,-0.000244,camera_link,30.033335,gnm_closed_loop,,nominal,post-episode zero hold,True,ok,third_party/visualnav-transformer/model_weights/gnm/gnm.pth,16.73,0.3,0.0934,0.2881,0.027,3.71,,,gnm_closed_loop,0.0,0.0,normalized_stop_ab_20260708,G,baseline_no_stop,,,,,,,False,hospital_fresh_medium_G,0.4857,True,,,0.0,0.0,False,zeroed_hold,False,,True,shadow,results/bo_reviewer_packet/temporal_stop_head/22_temporal_stop_head_model.pt,0.12,0.0,True,0.5,,0.4714,0.0027,True,912,24.917,False
normcmp_G_baseline_20260708_153849,1220,30.050002,1783521544.692572,-1.485741,0.499964,0.0,-3.141053,0.0,0.0,-0.000128,-0.000244,camera_link,30.050002,gnm_closed_loop,,nominal,post-episode zero hold,True,ok,third_party/visualnav-transformer/model_weights/gnm/gnm.pth,16.73,0.3,0.0934,0.2881,0.027,3.71,,,gnm_closed_loop,0.0,0.0,normalized_stop_ab_20260708,G,baseline_no_stop,,,,,,,False,hospital_fresh_medium_G,0.4857,True,,,0.0,0.0,False,zeroed_hold,False,,True,shadow,results/bo_reviewer_packet/temporal_stop_head/22_temporal_stop_head_model.pt,0.12,0.0,True,0.5,,0.4714,0.0027,True,912,24.917,False
normcmp_G_baseline_20260708_153849,1221,30.066668,1783521544.703993,-1.485732,0.499964,0.0,-3.141053,0.0,0.0,-0.000147,-0.000127,camera_link,30.066668,gnm_closed_loop,,nominal,post-episode zero hold,True,ok,third_party/visualnav-transformer/model_weights/gnm/gnm.pth,16.73,0.3,0.0934,0.2881,0.027,3.71,,,gnm_closed_loop,0.0,0.0,normalized_stop_ab_20260708,G,baseline_no_stop,,,,,,,False,hospital_fresh_medium_G,0.4857,True,,,0.0,0.0,False,zeroed_hold,False,,True,shadow,results/bo_reviewer_packet/temporal_stop_head/22_temporal_stop_head_model.pt,0.12,0.0,True,0.5,,0.4714,0.0027,True,912,24.917,False
normcmp_G_baseline_20260708_153849,1222,30.083335,1783521544.705998,-1.485724,0.499964,0.0,-3.141053,0.0,0.0,-0.000147,-0.000127,camera_link,30.083335,gnm_closed_loop,,nominal,post-episode zero hold,True,ok,third_party/visualnav-transformer/model_weights/gnm/gnm.pth,16.73,0.3,0.0934,0.2881,0.027,3.71,,,gnm_closed_loop,0.0,0.0,normalized_stop_ab_20260708,G,baseline_no_stop,,,,,,,False,hospital_fresh_medium_G,0.4857,True,,,0.0,0.0,False,zeroed_hold,False,,True,shadow,results/bo_reviewer_packet/temporal_stop_head/22_temporal_stop_head_model.pt,0.12,0.0,True,0.5,,0.4714,0.0027,True,912,24.917,False
normcmp_G_baseline_20260708_153849,1223,30.100002,1783521544.707748,-1.485715,0.499964,0.0,-3.141053,0.0,0.0,-0.000147,-0.000127,camera_link,30.100002,gnm_closed_loop,,nominal,post-episode zero hold,True,ok,third_party/visualnav-transformer/model_weights/gnm/gnm.pth,16.73,0.3,0.0934,0.2881,0.027,3.71,,,gnm_closed_loop,0.0,0.0,normalized_stop_ab_20260708,G,baseline_no_stop,,,,,,,False,hospital_fresh_medium_G,0.4857,True,,,0.0,0.0,False,zeroed_hold,False,,True,shadow,results/bo_reviewer_packet/temporal_stop_head/22_temporal_stop_head_model.pt,0.12,0.0,True,0.5,,0.4714,0.0027,True,912,24.917,False
normcmp_G_baseline_20260708_153849,1224,30.116668,1783521544.71752,-1.485707,0.499964,0.0,-3.141053,0.0,0.0,-0.000128,-0.000723,camera_link,30.116668,gnm_closed_loop,,nominal,post-episode zero hold,True,ok,third_party/visualnav-transformer/model_weights/gnm/gnm.pth,16.73,0.3,0.0934,0.2881,0.027,3.71,,,gnm_closed_loop,0.0,0.0,normalized_stop_ab_20260708,G,baseline_no_stop,,,,,,,False,hospital_fresh_medium_G,0.4857,True,,,0.0,0.0,False,zeroed_hold,False,,True,shadow,results/bo_reviewer_packet/temporal_stop_head/22_temporal_stop_head_model.pt,0.12,0.0,True,0.5,,0.4714,0.0027,True,912,24.917,False
normcmp_G_baseline_20260708_153849,1225,30.133335,1783521544.718823,-1.485707,0.499964,0.0,-3.141053,0.0,0.0,-0.000128,-0.000723,camera_link,30.133335,gnm_closed_loop,,nominal,post-episode zero hold,True,ok,third_party/visualnav-transformer/model_weights/gnm/gnm.pth,16.73,0.3,0.0934,0.2881,0.027,3.71,,,gnm_closed_loop,0.0,0.0,normalized_stop_ab_20260708,G,baseline_no_stop,,,,,,,False,hospital_fresh_medium_G,0.4857,True,,,0.0,0.0,False,zeroed_hold,False,,True,shadow,results/bo_reviewer_packet/temporal_stop_head/22_temporal_stop_head_model.pt,0.12,0.0,True,0.5,,0.4714,0.0027,True,912,24.917,False
normcmp_G_baseline_20260708_153849,1226,30.150002,1783521544.719949,-1.485707,0.499964,0.0,-3.141053,0.0,0.0,-0.000128,-0.000723,camera_link,30.150002,gnm_closed_loop,,nominal,post-episode zero hold,True,ok,third_party/visualnav-transformer/model_weights/gnm/gnm.pth,16.73,0.3,0.0934,0.2881,0.027,3.71,,,gnm_closed_loop,0.0,0.0,normalized_stop_ab_20260708,G,baseline_no_stop,,,,,,,False,hospital_fresh_medium_G,0.4857,True,,,0.0,0.0,False,zeroed_hold,False,,True,shadow,results/bo_reviewer_packet/temporal_stop_head/22_temporal_stop_head_model.pt,0.12,0.0,True,0.5,,0.4714,0.0027,True,912,24.917,False
normcmp_G_baseline_20260708_153849,1227,30.166668,1783521544.733756,-1.485707,0.499964,0.0,-3.141053,0.0,0.0,-0.000128,-0.000723,camera_link,30.166668,gnm_closed_loop,,nominal,post-episode zero hold,True,ok,third_party/visualnav-transformer/model_weights/gnm/gnm.pth,16.73,0.3,0.0934,0.2881,0.027,3.71,,,gnm_closed_loop,0.0,0.0,normalized_stop_ab_20260708,G,baseline_no_stop,,,,,,,False,hospital_fresh_medium_G,0.4857,True,,,0.0,0.0,False,zeroed_hold,False,,True,shadow,results/bo_reviewer_packet/temporal_stop_head/22_temporal_stop_head_model.pt,0.12,0.0,True,0.5,,0.4714,0.0027,True,912,24.917,False
normcmp_G_baseline_20260708_153849,1228,30.183335,1783521544.73566,-1.485707,0.499964,0.0,-3.141053,0.0,0.0,-0.000128,-0.000723,camera_link,30.183335,gnm_closed_loop,,nominal,post-episode zero hold,True,ok,third_party/visualnav-transformer/model_weights/gnm/gnm.pth,16.73,0.3,0.0934,0.2881,0.027,3.71,,,gnm_closed_loop,0.0,0.0,normalized_stop_ab_20260708,G,baseline_no_stop,,,,,,,False,hospital_fresh_medium_G,0.4857,True,,,0.0,0.0,False,zeroed_hold,False,,True,shadow,results/bo_reviewer_packet/temporal_stop_head/22_temporal_stop_head_model.pt,0.12,0.0,True,0.5,,0.4714,0.0027,True,912,24.917,False
normcmp_G_baseline_20260708_153849,1229,30.200002,1783521544.737298,-1.485707,0.499964,0.0,-3.141053,0.0,0.0,-0.000128,-0.000723,camera_link,30.200002,gnm_closed_loop,,nominal,post-episode zero hold,True,ok,third_party/visualnav-transformer/model_weights/gnm/gnm.pth,16.73,0.3,0.0934,0.2881,0.027,3.71,,,gnm_closed_loop,0.0,0.0,normalized_stop_ab_20260708,G,baseline_no_stop,,,,,,,False,hospital_fresh_medium_G,0.4857,True,,,0.0,0.0,False,zeroed_hold,False,,True,shadow,results/bo_reviewer_packet/temporal_stop_head/22_temporal_stop_head_model.pt,0.12,0.0,True,0.5,,0.4714,0.0027,True,912,24.917,False
normcmp_G_baseline_20260708_153849,1230,30.216668,1783521544.751135,-1.485707,0.499964,0.0,-3.141053,0.0,0.0,-0.000128,-0.000723,camera_link,30.216668,gnm_closed_loop,,nominal,post-episode zero hold,True,ok,third_party/visualnav-transformer/model_weights/gnm/gnm.pth,16.73,0.3,0.0934,0.2881,0.027,3.71,,,gnm_closed_loop,0.0,0.0,normalized_stop_ab_20260708,G,baseline_no_stop,,,,,,,False,hospital_fresh_medium_G,0.4857,True,,,0.0,0.0,False,zeroed_hold,False,,True,shadow,results/bo_reviewer_packet/temporal_stop_head/22_temporal_stop_head_model.pt,0.12,0.0,True,0.5,,0.4714,0.0027,True,912,24.917,False
normcmp_G_baseline_20260708_153849,1231,30.233335,1783521544.754719,-1.485707,0.499964,0.0,-3.141053,0.0,0.0,-0.000128,-0.000723,camera_link,30.233335,gnm_closed_loop,,nominal,post-episode zero hold,True,ok,third_party/visualnav-transformer/model_weights/gnm/gnm.pth,16.73,0.3,0.0934,0.2881,0.027,3.71,,,gnm_closed_loop,0.0,0.0,normalized_stop_ab_20260708,G,baseline_no_stop,,,,,,,False,hospital_fresh_medium_G,0.4857,True,,,0.0,0.0,False,zeroed_hold,False,,True,shadow,results/bo_reviewer_packet/temporal_stop_head/22_temporal_stop_head_model.pt,0.12,0.0,True,0.5,,0.4714,0.0027,True,912,24.917,False
normcmp_G_baseline_20260708_153849,1232,30.250002,1783521544.758965,-1.485707,0.499964,0.0,-3.141053,0.0,0.0,-0.000128,-0.000723,camera_link,30.250002,gnm_closed_loop,,nominal,post-episode zero hold,True,ok,third_party/visualnav-transformer/model_weights/gnm/gnm.pth,16.73,0.3,0.0934,0.2881,0.027,3.71,,,gnm_closed_loop,0.0,0.0,normalized_stop_ab_20260708,G,baseline_no_stop,,,,,,,False,hospital_fresh_medium_G,0.4857,True,,,0.0,0.0,False,zeroed_hold,False,,True,shadow,results/bo_reviewer_packet/temporal_stop_head/22_temporal_stop_head_model.pt,0.12,0.0,True,0.5,,0.4714,0.0027,True,912,24.917,False
normcmp_G_baseline_20260708_153849,1233,30.266668,1783521544.783061,-1.485707,0.499964,0.0,-3.141053,0.0,0.0,-0.000128,-0.000723,camera_link,30.266668,gnm_closed_loop,,nominal,post-episode zero hold,True,ok,third_party/visualnav-transformer/model_weights/gnm/gnm.pth,16.73,0.3,0.0934,0.2881,0.027,3.71,,,gnm_closed_loop,0.0,0.0,normalized_stop_ab_20260708,G,baseline_no_stop,,,,,,,False,hospital_fresh_medium_G,0.4857,True,,,0.0,0.0,False,zeroed_hold,False,,True,shadow,results/bo_reviewer_packet/temporal_stop_head/22_temporal_stop_head_model.pt,0.12,0.0,True,0.5,,0.4714,0.0027,True,912,24.917,False
normcmp_G_baseline_20260708_153849,1234,30.283335,1783521544.786977,-1.485707,0.499964,0.0,-3.141053,0.0,0.0,-0.000128,-0.000723,camera_link,30.283335,gnm_closed_loop,,nominal,post-episode zero hold,True,ok,third_party/visualnav-transformer/model_weights/gnm/gnm.pth,16.73,0.3,0.0934,0.2881,0.027,3.71,,,gnm_closed_loop,0.0,0.0,normalized_stop_ab_20260708,G,baseline_no_stop,,,,,,,False,hospital_fresh_medium_G,0.4857,True,,,0.0,0.0,False,zeroed_hold,False,,True,shadow,results/bo_reviewer_packet/temporal_stop_head/22_temporal_stop_head_model.pt,0.12,0.0,True,0.5,,0.4714,0.0027,True,912,24.917,False
normcmp_G_baseline_20260708_153849,1235,30.300002,1783521544.791167,-1.485707,0.499964,0.0,-3.141053,0.0,0.0,-0.000128,-0.000723,camera_link,30.300002,gnm_closed_loop,,nominal,post-episode zero hold,True,ok,third_party/visualnav-transformer/model_weights/gnm/gnm.pth,16.73,0.3,0.0934,0.2881,0.027,3.71,,,gnm_closed_loop,0.0,0.0,normalized_stop_ab_20260708,G,baseline_no_stop,,,,,,,False,hospital_fresh_medium_G,0.4857,True,,,0.0,0.0,False,zeroed_hold,False,,True,shadow,results/bo_reviewer_packet/temporal_stop_head/22_temporal_stop_head_model.pt,0.12,0.0,True,0.5,,0.4714,0.0027,True,912,24.917,False
normcmp_G_baseline_20260708_153849,1236,30.316668,1783521544.80947,-1.485707,0.499964,0.0,-3.141053,0.0,0.0,-0.000128,-0.000723,camera_link,30.316668,gnm_closed_loop,,nominal,post-episode zero hold,True,ok,third_party/visualnav-transformer/model_weights/gnm/gnm.pth,16.73,0.3,0.0934,0.2881,0.027,3.71,,,gnm_closed_loop,0.0,0.0,normalized_stop_ab_20260708,G,baseline_no_stop,,,,,,,False,hospital_fresh_medium_G,0.4857,True,,,0.0,0.0,False,zeroed_hold,False,,True,shadow,results/bo_reviewer_packet/temporal_stop_head/22_temporal_stop_head_model.pt,0.12,0.0,True,0.5,,0.4714,0.0027,True,912,24.917,False
normcmp_G_baseline_20260708_153849,1237,30.333335,1783521544.814883,-1.485707,0.499964,0.0,-3.141053,0.0,0.0,-0.000128,-0.000723,camera_link,30.333335,gnm_closed_loop,,nominal,post-episode zero hold,True,ok,third_party/visualnav-transformer/model_weights/gnm/gnm.pth,16.73,0.3,0.0934,0.2881,0.027,3.71,,,gnm_closed_loop,0.0,0.0,normalized_stop_ab_20260708,G,baseline_no_stop,,,,,,,False,hospital_fresh_medium_G,0.4857,True,,,0.0,0.0,False,zeroed_hold,False,,True,shadow,results/bo_reviewer_packet/temporal_stop_head/22_temporal_stop_head_model.pt,0.12,0.0,True,0.5,,0.4714,0.0027,True,912,24.917,False
normcmp_G_baseline_20260708_153849,1238,30.350002,1783521544.819041,-1.485707,0.499964,0.0,-3.141053,0.0,0.0,-0.000128,-0.000723,camera_link,30.350002,gnm_closed_loop,,nominal,post-episode zero hold,True,ok,third_party/visualnav-transformer/model_weights/gnm/gnm.pth,16.73,0.3,0.0934,0.2881,0.027,3.71,,,gnm_closed_loop,0.0,0.0,normalized_stop_ab_20260708,G,baseline_no_stop,,,,,,,False,hospital_fresh_medium_G,0.4857,True,,,0.0,0.0,False,zeroed_hold,False,,True,shadow,results/bo_reviewer_packet/temporal_stop_head/22_temporal_stop_head_model.pt,0.12,0.0,True,0.5,,0.4714,0.0027,True,912,24.917,False
normcmp_G_baseline_20260708_153849,1239,30.366668,1783521544.841093,-1.485707,0.499964,0.0,-3.141053,0.0,0.0,-0.000128,-0.000723,camera_link,30.366668,gnm_closed_loop,,nominal,post-episode zero hold,True,ok,third_party/visualnav-transformer/model_weights/gnm/gnm.pth,16.73,0.3,0.0934,0.2881,0.027,3.71,,,gnm_closed_loop,0.0,0.0,normalized_stop_ab_20260708,G,baseline_no_stop,,,,,,,False,hospital_fresh_medium_G,0.4857,True,,,0.0,0.0,False,zeroed_hold,False,,True,shadow,results/bo_reviewer_packet/temporal_stop_head/22_temporal_stop_head_model.pt,0.12,0.0,True,0.5,,0.4714,0.0027,True,912,24.917,False
normcmp_G_baseline_20260708_153849,1240,30.383335,1783521544.844023,-1.485707,0.499964,0.0,-3.141053,0.0,0.0,-0.000128,-0.000723,camera_link,30.383335,gnm_closed_loop,,nominal,post-episode zero hold,True,ok,third_party/visualnav-transformer/model_weights/gnm/gnm.pth,16.73,0.3,0.0934,0.2881,0.027,3.71,,,gnm_closed_loop,0.0,0.0,normalized_stop_ab_20260708,G,baseline_no_stop,,,,,,,False,hospital_fresh_medium_G,0.4857,True,,,0.0,0.0,False,zeroed_hold,False,,True,shadow,results/bo_reviewer_packet/temporal_stop_head/22_temporal_stop_head_model.pt,0.12,0.0,True,0.5,,0.4714,0.0027,True,912,24.917,False
normcmp_G_baseline_20260708_153849,1241,30.400002,1783521544.848168,-1.485707,0.499964,0.0,-3.141053,0.0,0.0,-0.000128,-0.000723,camera_link,30.400002,gnm_closed_loop,,nominal,post-episode zero hold,True,ok,third_party/visualnav-transformer/model_weights/gnm/gnm.pth,16.73,0.3,0.0934,0.2881,0.027,3.71,,,gnm_closed_loop,0.0,0.0,normalized_stop_ab_20260708,G,baseline_no_stop,,,,,,,False,hospital_fresh_medium_G,0.4857,True,,,0.0,0.0,False,zeroed_hold,False,,True,shadow,results/bo_reviewer_packet/temporal_stop_head/22_temporal_stop_head_model.pt,0.12,0.0,True,0.5,,0.4714,0.0027,True,912,24.917,False
normcmp_G_baseline_20260708_153849,1242,30.416668,1783521544.863951,-1.485707,0.499964,0.0,-3.141053,0.0,0.0,-0.000128,-0.000723,camera_link,30.416668,gnm_closed_loop,,nominal,post-episode zero hold,True,ok,third_party/visualnav-transformer/model_weights/gnm/gnm.pth,16.73,0.3,0.0934,0.2881,0.027,3.71,,,gnm_closed_loop,0.0,0.0,normalized_stop_ab_20260708,G,baseline_no_stop,,,,,,,False,hospital_fresh_medium_G,0.4857,True,,,0.0,0.0,False,zeroed_hold,False,,True,shadow,results/bo_reviewer_packet/temporal_stop_head/22_temporal_stop_head_model.pt,0.12,0.0,True,0.5,,0.4714,0.0027,True,912,24.917,False
normcmp_G_baseline_20260708_153849,1243,30.433335,1783521544.866112,-1.485707,0.499964,0.0,-3.141053,0.0,0.0,-0.000128,-0.000723,camera_link,30.433335,gnm_closed_loop,,nominal,post-episode zero hold,True,ok,third_party/visualnav-transformer/model_weights/gnm/gnm.pth,16.73,0.3,0.0934,0.2881,0.027,3.71,,,gnm_closed_loop,0.0,0.0,normalized_stop_ab_20260708,G,baseline_no_stop,,,,,,,False,hospital_fresh_medium_G,0.4857,True,,,0.0,0.0,False,zeroed_hold,False,,True,shadow,results/bo_reviewer_packet/temporal_stop_head/22_temporal_stop_head_model.pt,0.12,0.0,True,0.5,,0.4714,0.0027,True,912,24.917,False
normcmp_G_baseline_20260708_153849,1244,30.450002,1783521544.868238,-1.485707,0.499964,0.0,-3.141053,0.0,0.0,-0.000128,-0.000723,camera_link,30.450002,gnm_closed_loop,,nominal,post-episode zero hold,True,ok,third_party/visualnav-transformer/model_weights/gnm/gnm.pth,16.73,0.3,0.0934,0.2881,0.027,3.71,,,gnm_closed_loop,0.0,0.0,normalized_stop_ab_20260708,G,baseline_no_stop,,,,,,,False,hospital_fresh_medium_G,0.4857,True,,,0.0,0.0,False,zeroed_hold,False,,True,shadow,results/bo_reviewer_packet/temporal_stop_head/22_temporal_stop_head_model.pt,0.12,0.0,True,0.5,,0.4714,0.0027,True,912,24.917,False
normcmp_G_baseline_20260708_153849,1245,30.466668,1783521544.874625,-1.485707,0.499964,0.0,-3.141053,0.0,0.0,-0.000128,-0.000723,camera_link,30.466668,gnm_closed_loop,,nominal,post-episode zero hold,True,ok,third_party/visualnav-transformer/model_weights/gnm/gnm.pth,16.73,0.3,0.0934,0.2881,0.027,3.71,,,gnm_closed_loop,0.0,0.0,normalized_stop_ab_20260708,G,baseline_no_stop,,,,,,,False,hospital_fresh_medium_G,0.4857,True,,,0.0,0.0,False,zeroed_hold,False,,True,shadow,results/bo_reviewer_packet/temporal_stop_head/22_temporal_stop_head_model.pt,0.12,0.0,True,0.5,,0.4714,0.0027,True,912,24.917,False
normcmp_G_baseline_20260708_153849,1246,30.483335,1783521544.875587,-1.485707,0.499964,0.0,-3.141053,0.0,0.0,-0.000128,-0.000723,camera_link,30.483335,gnm_closed_loop,,nominal,post-episode zero hold,True,ok,third_party/visualnav-transformer/model_weights/gnm/gnm.pth,16.73,0.3,0.0934,0.2881,0.027,3.71,,,gnm_closed_loop,0.0,0.0,normalized_stop_ab_20260708,G,baseline_no_stop,,,,,,,False,hospital_fresh_medium_G,0.4857,True,,,0.0,0.0,False,zeroed_hold,False,,True,shadow,results/bo_reviewer_packet/temporal_stop_head/22_temporal_stop_head_model.pt,0.12,0.0,True,0.5,,0.4714,0.0027,True,912,24.917,False
normcmp_G_baseline_20260708_153849,1247,30.500002,1783521544.876658,-1.485707,0.499964,0.0,-3.141053,0.0,0.0,-0.000128,-0.000723,camera_link,30.500002,gnm_closed_loop,,nominal,post-episode zero hold,True,ok,third_party/visualnav-transformer/model_weights/gnm/gnm.pth,16.73,0.3,0.0934,0.2881,0.027,3.71,,,gnm_closed_loop,0.0,0.0,normalized_stop_ab_20260708,G,baseline_no_stop,,,,,,,False,hospital_fresh_medium_G,0.4857,True,,,0.0,0.0,False,zeroed_hold,False,,True,shadow,results/bo_reviewer_packet/temporal_stop_head/22_temporal_stop_head_model.pt,0.12,0.0,True,0.5,,0.4714,0.0027,True,912,24.917,False
normcmp_G_baseline_20260708_153849,1248,30.516668,1783521544.887287,-1.485707,0.499964,0.0,-3.141053,0.0,0.0,-0.000128,-0.000723,camera_link,30.516668,gnm_closed_loop,,nominal,post-episode zero hold,True,ok,third_party/visualnav-transformer/model_weights/gnm/gnm.pth,16.73,0.3,0.0934,0.2881,0.027,3.71,,,gnm_closed_loop,0.0,0.0,normalized_stop_ab_20260708,G,baseline_no_stop,,,,,,,False,hospital_fresh_medium_G,0.4857,True,,,0.0,0.0,False,zeroed_hold,False,,True,shadow,results/bo_reviewer_packet/temporal_stop_head/22_temporal_stop_head_model.pt,0.12,0.0,True,0.5,,0.4714,0.0027,True,912,24.917,False
normcmp_G_baseline_20260708_153849,1249,30.533335,1783521544.888487,-1.485707,0.499964,0.0,-3.141053,0.0,0.0,-0.000128,-0.000723,camera_link,30.533335,gnm_closed_loop,,nominal,post-episode zero hold,True,ok,third_party/visualnav-transformer/model_weights/gnm/gnm.pth,16.73,0.3,0.0934,0.2881,0.027,3.71,,,gnm_closed_loop,0.0,0.0,normalized_stop_ab_20260708,G,baseline_no_stop,,,,,,,False,hospital_fresh_medium_G,0.4857,True,,,0.0,0.0,False,zeroed_hold,False,,True,shadow,results/bo_reviewer_packet/temporal_stop_head/22_temporal_stop_head_model.pt,0.12,0.0,True,0.5,,0.4714,0.0027,True,912,24.917,False
normcmp_G_baseline_20260708_153849,1250,30.550002,1783521544.889625,-1.485707,0.499964,0.0,-3.141053,0.0,0.0,-0.000128,-0.000723,camera_link,30.550002,gnm_closed_loop,,nominal,post-episode zero hold,True,ok,third_party/visualnav-transformer/model_weights/gnm/gnm.pth,16.73,0.3,0.0934,0.2881,0.027,3.71,,,gnm_closed_loop,0.0,0.0,normalized_stop_ab_20260708,G,baseline_no_stop,,,,,,,False,hospital_fresh_medium_G,0.4857,True,,,0.0,0.0,False,zeroed_hold,False,,True,shadow,results/bo_reviewer_packet/temporal_stop_head/22_temporal_stop_head_model.pt,0.12,0.0,True,0.5,,0.4714,0.0027,True,912,24.917,False
normcmp_G_baseline_20260708_153849,1251,30.566668,1783521544.899962,-1.485707,0.499964,0.0,-3.141053,0.0,0.0,-0.000128,-0.000723,camera_link,30.566668,gnm_closed_loop,,nominal,post-episode zero hold,True,ok,third_party/visualnav-transformer/model_weights/gnm/gnm.pth,16.73,0.3,0.0934,0.2881,0.027,3.71,,,gnm_closed_loop,0.0,0.0,normalized_stop_ab_20260708,G,baseline_no_stop,,,,,,,False,hospital_fresh_medium_G,0.4857,True,,,0.0,0.0,False,zeroed_hold,False,,True,shadow,results/bo_reviewer_packet/temporal_stop_head/22_temporal_stop_head_model.pt,0.12,0.0,True,0.5,,0.4714,0.0027,True,912,24.917,False
normcmp_G_baseline_20260708_153849,1252,30.583335,1783521544.901439,-1.485707,0.499964,0.0,-3.141053,0.0,0.0,-0.000128,-0.000723,camera_link,30.583335,gnm_closed_loop,,nominal,post-episode zero hold,True,ok,third_party/visualnav-transformer/model_weights/gnm/gnm.pth,16.73,0.3,0.0934,0.2881,0.027,3.71,,,gnm_closed_loop,0.0,0.0,normalized_stop_ab_20260708,G,baseline_no_stop,,,,,,,False,hospital_fresh_medium_G,0.4857,True,,,0.0,0.0,False,zeroed_hold,False,,True,shadow,results/bo_reviewer_packet/temporal_stop_head/22_temporal_stop_head_model.pt,0.12,0.0,True,0.5,,0.4714,0.0027,True,912,24.917,False
normcmp_G_baseline_20260708_153849,1253,30.600002,1783521544.902797,-1.485707,0.499964,0.0,-3.141053,0.0,0.0,-0.000128,-0.000723,camera_link,30.600002,gnm_closed_loop,,nominal,post-episode zero hold,True,ok,third_party/visualnav-transformer/model_weights/gnm/gnm.pth,16.73,0.3,0.0934,0.2881,0.027,3.71,,,gnm_closed_loop,0.0,0.0,normalized_stop_ab_20260708,G,baseline_no_stop,,,,,,,False,hospital_fresh_medium_G,0.4857,True,,,0.0,0.0,False,zeroed_hold,False,,True,shadow,results/bo_reviewer_packet/temporal_stop_head/22_temporal_stop_head_model.pt,0.12,0.0,True,0.5,,0.4714,0.0027,True,912,24.917,False
normcmp_G_baseline_20260708_153849,1254,30.616668,1783521544.910815,-1.485707,0.499964,0.0,-3.141053,0.0,0.0,-0.000128,-0.000723,camera_link,30.616668,gnm_closed_loop,,nominal,post-episode zero hold,True,ok,third_party/visualnav-transformer/model_weights/gnm/gnm.pth,16.73,0.3,0.0934,0.2881,0.027,3.71,,,gnm_closed_loop,0.0,0.0,normalized_stop_ab_20260708,G,baseline_no_stop,,,,,,,False,hospital_fresh_medium_G,0.4857,True,,,0.0,0.0,False,zeroed_hold,False,,True,shadow,results/bo_reviewer_packet/temporal_stop_head/22_temporal_stop_head_model.pt,0.12,0.0,True,0.5,,0.4714,0.0027,True,912,24.917,False
normcmp_G_baseline_20260708_153849,1255,30.633335,1783521544.911847,-1.485707,0.499964,0.0,-3.141053,0.0,0.0,-0.000128,-0.000723,camera_link,30.633335,gnm_closed_loop,,nominal,post-episode zero hold,True,ok,third_party/visualnav-transformer/model_weights/gnm/gnm.pth,16.73,0.3,0.0934,0.2881,0.027,3.71,,,gnm_closed_loop,0.0,0.0,normalized_stop_ab_20260708,G,baseline_no_stop,,,,,,,False,hospital_fresh_medium_G,0.4857,True,,,0.0,0.0,False,zeroed_hold,False,,True,shadow,results/bo_reviewer_packet/temporal_stop_head/22_temporal_stop_head_model.pt,0.12,0.0,True,0.5,,0.4714,0.0027,True,912,24.917,False
normcmp_G_baseline_20260708_153849,1256,30.650002,1783521544.913728,-1.485707,0.499964,0.0,-3.141053,0.0,0.0,-0.000128,-0.000723,camera_link,30.650002,gnm_closed_loop,,nominal,post-episode zero hold,True,ok,third_party/visualnav-transformer/model_weights/gnm/gnm.pth,16.73,0.3,0.0934,0.2881,0.027,3.71,,,gnm_closed_loop,0.0,0.0,normalized_stop_ab_20260708,G,baseline_no_stop,,,,,,,False,hospital_fresh_medium_G,0.4857,True,,,0.0,0.0,False,zeroed_hold,False,,True,shadow,results/bo_reviewer_packet/temporal_stop_head/22_temporal_stop_head_model.pt,0.12,0.0,True,0.5,,0.4714,0.0027,True,912,24.917,False
normcmp_G_baseline_20260708_153849,1257,30.666668,1783521544.925982,-1.485707,0.499964,0.0,-3.141053,0.0,0.0,-0.000128,-0.000723,camera_link,30.666668,gnm_closed_loop,,nominal,post-episode zero hold,True,ok,third_party/visualnav-transformer/model_weights/gnm/gnm.pth,16.73,0.3,0.0934,0.2881,0.027,3.71,,,gnm_closed_loop,0.0,0.0,normalized_stop_ab_20260708,G,baseline_no_stop,,,,,,,False,hospital_fresh_medium_G,0.4857,True,,,0.0,0.0,False,zeroed_hold,False,,True,shadow,results/bo_reviewer_packet/temporal_stop_head/22_temporal_stop_head_model.pt,0.12,0.0,True,0.5,,0.4714,0.0027,True,912,24.917,False
normcmp_G_baseline_20260708_153849,1258,30.683335,1783521544.927498,-1.485707,0.499964,0.0,-3.141053,0.0,0.0,-0.000128,-0.000723,camera_link,30.683335,gnm_closed_loop,,nominal,post-episode zero hold,True,ok,third_party/visualnav-transformer/model_weights/gnm/gnm.pth,16.73,0.3,0.0934,0.2881,0.027,3.71,,,gnm_closed_loop,0.0,0.0,normalized_stop_ab_20260708,G,baseline_no_stop,,,,,,,False,hospital_fresh_medium_G,0.4857,True,,,0.0,0.0,False,zeroed_hold,False,,True,shadow,results/bo_reviewer_packet/temporal_stop_head/22_temporal_stop_head_model.pt,0.12,0.0,True,0.5,,0.4714,0.0027,True,912,24.917,False
normcmp_G_baseline_20260708_153849,1259,30.700002,1783521544.929077,-1.485707,0.499964,0.0,-3.141053,0.0,0.0,-0.000128,-0.000723,camera_link,30.700002,gnm_closed_loop,,nominal,post-episode zero hold,True,ok,third_party/visualnav-transformer/model_weights/gnm/gnm.pth,16.73,0.3,0.0934,0.2881,0.027,3.71,,,gnm_closed_loop,0.0,0.0,normalized_stop_ab_20260708,G,baseline_no_stop,,,,,,,False,hospital_fresh_medium_G,0.4857,True,,,0.0,0.0,False,zeroed_hold,False,,True,shadow,results/bo_reviewer_packet/temporal_stop_head/22_temporal_stop_head_model.pt,0.12,0.0,True,0.5,,0.4714,0.0027,True,912,24.917,False
normcmp_G_baseline_20260708_153849,1260,30.716668,1783521544.942779,-1.485707,0.499964,0.0,-3.141053,0.0,0.0,-0.000128,-0.000723,camera_link,30.716668,gnm_closed_loop,,nominal,post-episode zero hold,True,ok,third_party/visualnav-transformer/model_weights/gnm/gnm.pth,16.73,0.3,0.0934,0.2881,0.027,3.71,,,gnm_closed_loop,0.0,0.0,normalized_stop_ab_20260708,G,baseline_no_stop,,,,,,,False,hospital_fresh_medium_G,0.4857,True,,,0.0,0.0,False,zeroed_hold,False,,True,shadow,results/bo_reviewer_packet/temporal_stop_head/22_temporal_stop_head_model.pt,0.12,0.0,True,0.5,,0.4714,0.0027,True,912,24.917,False
normcmp_G_baseline_20260708_153849,1261,30.733335,1783521544.945014,-1.485707,0.499964,0.0,-3.141053,0.0,0.0,-0.000128,-0.000723,camera_link,30.733335,gnm_closed_loop,,nominal,post-episode zero hold,True,ok,third_party/visualnav-transformer/model_weights/gnm/gnm.pth,16.73,0.3,0.0934,0.2881,0.027,3.71,,,gnm_closed_loop,0.0,0.0,normalized_stop_ab_20260708,G,baseline_no_stop,,,,,,,False,hospital_fresh_medium_G,0.4857,True,,,0.0,0.0,False,zeroed_hold,False,,True,shadow,results/bo_reviewer_packet/temporal_stop_head/22_temporal_stop_head_model.pt,0.12,0.0,True,0.5,,0.4714,0.0027,True,912,24.917,False
normcmp_G_baseline_20260708_153849,1262,30.750002,1783521544.946833,-1.485707,0.499964,0.0,-3.141053,0.0,0.0,-0.000128,-0.000723,camera_link,30.750002,gnm_closed_loop,,nominal,post-episode zero hold,True,ok,third_party/visualnav-transformer/model_weights/gnm/gnm.pth,16.73,0.3,0.0934,0.2881,0.027,3.71,,,gnm_closed_loop,0.0,0.0,normalized_stop_ab_20260708,G,baseline_no_stop,,,,,,,False,hospital_fresh_medium_G,0.4857,True,,,0.0,0.0,False,zeroed_hold,False,,True,shadow,results/bo_reviewer_packet/temporal_stop_head/22_temporal_stop_head_model.pt,0.12,0.0,True,0.5,,0.4714,0.0027,True,912,24.917,False
normcmp_G_baseline_20260708_153849,1263,30.766668,1783521544.961717,-1.485707,0.499964,0.0,-3.141053,0.0,0.0,-0.000128,-0.000723,camera_link,30.766668,gnm_closed_loop,,nominal,post-episode zero hold,True,ok,third_party/visualnav-transformer/model_weights/gnm/gnm.pth,16.73,0.3,0.0934,0.2881,0.027,3.71,,,gnm_closed_loop,0.0,0.0,normalized_stop_ab_20260708,G,baseline_no_stop,,,,,,,False,hospital_fresh_medium_G,0.4857,True,,,0.0,0.0,False,zeroed_hold,False,,True,shadow,results/bo_reviewer_packet/temporal_stop_head/22_temporal_stop_head_model.pt,0.12,0.0,True,0.5,,0.4714,0.0027,True,912,24.917,False
normcmp_G_baseline_20260708_153849,1264,30.783335,1783521544.965904,-1.485707,0.499964,0.0,-3.141053,0.0,0.0,-0.000128,-0.000723,camera_link,30.783335,gnm_closed_loop,,nominal,post-episode zero hold,True,ok,third_party/visualnav-transformer/model_weights/gnm/gnm.pth,16.73,0.3,0.0934,0.2881,0.027,3.71,,,gnm_closed_loop,0.0,0.0,normalized_stop_ab_20260708,G,baseline_no_stop,,,,,,,False,hospital_fresh_medium_G,0.4857,True,,,0.0,0.0,False,zeroed_hold,False,,True,shadow,results/bo_reviewer_packet/temporal_stop_head/22_temporal_stop_head_model.pt,0.12,0.0,True,0.5,,0.4714,0.0027,True,912,24.917,False
normcmp_G_baseline_20260708_153849,1265,30.800002,1783521544.968786,-1.485707,0.499964,0.0,-3.141053,0.0,0.0,-0.000128,-0.000723,camera_link,30.800002,gnm_closed_loop,,nominal,post-episode zero hold,True,ok,third_party/visualnav-transformer/model_weights/gnm/gnm.pth,16.73,0.3,0.0934,0.2881,0.027,3.71,,,gnm_closed_loop,0.0,0.0,normalized_stop_ab_20260708,G,baseline_no_stop,,,,,,,False,hospital_fresh_medium_G,0.4857,True,,,0.0,0.0,False,zeroed_hold,False,,True,shadow,results/bo_reviewer_packet/temporal_stop_head/22_temporal_stop_head_model.pt,0.12,0.0,True,0.5,,0.4714,0.0027,True,912,24.917,False
normcmp_G_baseline_20260708_153849,1266,30.816668,1783521544.985584,-1.485707,0.499964,0.0,-3.141053,0.0,0.0,-0.000128,-0.000723,camera_link,30.816668,gnm_closed_loop,,nominal,post-episode zero hold,True,ok,third_party/visualnav-transformer/model_weights/gnm/gnm.pth,16.73,0.3,0.0934,0.2881,0.027,3.71,,,gnm_closed_loop,0.0,0.0,normalized_stop_ab_20260708,G,baseline_no_stop,,,,,,,False,hospital_fresh_medium_G,0.4857,True,,,0.0,0.0,False,zeroed_hold,False,,True,shadow,results/bo_reviewer_packet/temporal_stop_head/22_temporal_stop_head_model.pt,0.12,0.0,True,0.5,,0.4714,0.0027,True,912,24.917,False
normcmp_G_baseline_20260708_153849,1267,30.833335,1783521544.990381,-1.485707,0.499964,0.0,-3.141053,0.0,0.0,-0.000128,-0.000723,camera_link,30.833335,gnm_closed_loop,,nominal,post-episode zero hold,True,ok,third_party/visualnav-transformer/model_weights/gnm/gnm.pth,16.73,0.3,0.0934,0.2881,0.027,3.71,,,gnm_closed_loop,0.0,0.0,normalized_stop_ab_20260708,G,baseline_no_stop,,,,,,,False,hospital_fresh_medium_G,0.4857,True,,,0.0,0.0,False,zeroed_hold,False,,True,shadow,results/bo_reviewer_packet/temporal_stop_head/22_temporal_stop_head_model.pt,0.12,0.0,True,0.5,,0.4714,0.0027,True,912,24.917,False
normcmp_G_baseline_20260708_153849,1268,30.850002,1783521544.995466,-1.485707,0.499964,0.0,-3.141053,0.0,0.0,-0.000128,-0.000723,camera_link,30.850002,gnm_closed_loop,,nominal,post-episode zero hold,True,ok,third_party/visualnav-transformer/model_weights/gnm/gnm.pth,16.73,0.3,0.0934,0.2881,0.027,3.71,,,gnm_closed_loop,0.0,0.0,normalized_stop_ab_20260708,G,baseline_no_stop,,,,,,,False,hospital_fresh_medium_G,0.4857,True,,,0.0,0.0,False,zeroed_hold,False,,True,shadow,results/bo_reviewer_packet/temporal_stop_head/22_temporal_stop_head_model.pt,0.12,0.0,True,0.5,,0.4714,0.0027,True,912,24.917,False
normcmp_G_baseline_20260708_153849,1269,30.866668,1783521545.017766,-1.485707,0.499964,0.0,-3.141053,0.0,0.0,-0.000128,-0.000723,camera_link,30.866668,gnm_closed_loop,,nominal,post-episode zero hold,True,ok,third_party/visualnav-transformer/model_weights/gnm/gnm.pth,16.73,0.3,0.0934,0.2881,0.027,3.71,,,gnm_closed_loop,0.0,0.0,normalized_stop_ab_20260708,G,baseline_no_stop,,,,,,,False,hospital_fresh_medium_G,0.4857,True,,,0.0,0.0,False,zeroed_hold,False,,True,shadow,results/bo_reviewer_packet/temporal_stop_head/22_temporal_stop_head_model.pt,0.12,0.0,True,0.5,,0.4714,0.0027,True,912,24.917,False
normcmp_G_baseline_20260708_153849,1270,30.883335,1783521545.02266,-1.485707,0.499964,0.0,-3.141053,0.0,0.0,-0.000128,-0.000723,camera_link,30.883335,gnm_closed_loop,,nominal,post-episode zero hold,True,ok,third_party/visualnav-transformer/model_weights/gnm/gnm.pth,16.73,0.3,0.0934,0.2881,0.027,3.71,,,gnm_closed_loop,0.0,0.0,normalized_stop_ab_20260708,G,baseline_no_stop,,,,,,,False,hospital_fresh_medium_G,0.4857,True,,,0.0,0.0,False,zeroed_hold,False,,True,shadow,results/bo_reviewer_packet/temporal_stop_head/22_temporal_stop_head_model.pt,0.12,0.0,True,0.5,,0.4714,0.0027,True,912,24.917,False
normcmp_G_baseline_20260708_153849,1271,30.900002,1783521545.028498,-1.485707,0.499964,0.0,-3.141053,0.0,0.0,-0.000128,-0.000723,camera_link,30.900002,gnm_closed_loop,,nominal,post-episode zero hold,True,ok,third_party/visualnav-transformer/model_weights/gnm/gnm.pth,16.73,0.3,0.0934,0.2881,0.027,3.71,,,gnm_closed_loop,0.0,0.0,normalized_stop_ab_20260708,G,baseline_no_stop,,,,,,,False,hospital_fresh_medium_G,0.4857,True,,,0.0,0.0,False,zeroed_hold,False,,True,shadow,results/bo_reviewer_packet/temporal_stop_head/22_temporal_stop_head_model.pt,0.12,0.0,True,0.5,,0.4714,0.0027,True,912,24.917,False
normcmp_G_baseline_20260708_153849,1272,30.916668,1783521545.049352,-1.485707,0.499964,0.0,-3.141053,0.0,0.0,-0.000128,-0.000723,camera_link,30.916668,gnm_closed_loop,,nominal,post-episode zero hold,True,ok,third_party/visualnav-transformer/model_weights/gnm/gnm.pth,16.73,0.3,0.0934,0.2881,0.027,3.71,,,gnm_closed_loop,0.0,0.0,normalized_stop_ab_20260708,G,baseline_no_stop,,,,,,,False,hospital_fresh_medium_G,0.4857,True,,,0.0,0.0,False,zeroed_hold,False,,True,shadow,results/bo_reviewer_packet/temporal_stop_head/22_temporal_stop_head_model.pt,0.12,0.0,True,0.5,,0.4714,0.0027,True,912,24.917,False
normcmp_G_baseline_20260708_153849,1273,30.933335,1783521545.051466,-1.485707,0.499964,0.0,-3.141053,0.0,0.0,-0.000128,-0.000723,camera_link,30.933335,gnm_closed_loop,,nominal,post-episode zero hold,True,ok,third_party/visualnav-transformer/model_weights/gnm/gnm.pth,16.73,0.3,0.0934,0.2881,0.027,3.71,,,gnm_closed_loop,0.0,0.0,normalized_stop_ab_20260708,G,baseline_no_stop,,,,,,,False,hospital_fresh_medium_G,0.4857,True,,,0.0,0.0,False,zeroed_hold,False,,True,shadow,results/bo_reviewer_packet/temporal_stop_head/22_temporal_stop_head_model.pt,0.12,0.0,True,0.5,,0.4714,0.0027,True,912,24.917,False
normcmp_G_baseline_20260708_153849,1274,30.950002,1783521545.053444,-1.485707,0.499964,0.0,-3.141053,0.0,0.0,-0.000128,-0.000723,camera_link,30.950002,gnm_closed_loop,,nominal,post-episode zero hold,True,ok,third_party/visualnav-transformer/model_weights/gnm/gnm.pth,16.73,0.3,0.0934,0.2881,0.027,3.71,,,gnm_closed_loop,0.0,0.0,normalized_stop_ab_20260708,G,baseline_no_stop,,,,,,,False,hospital_fresh_medium_G,0.4857,True,,,0.0,0.0,False,zeroed_hold,False,,True,shadow,results/bo_reviewer_packet/temporal_stop_head/22_temporal_stop_head_model.pt,0.12,0.0,True,0.5,,0.4714,0.0027,True,912,24.917,False
normcmp_G_baseline_20260708_153849,1275,30.966668,1783521545.074634,-1.485707,0.499964,0.0,-3.141053,0.0,0.0,-0.000128,-0.000723,camera_link,30.966668,gnm_closed_loop,,nominal,post-episode zero hold,True,ok,third_party/visualnav-transformer/model_weights/gnm/gnm.pth,16.73,0.3,0.0934,0.2881,0.027,3.71,,,gnm_closed_loop,0.0,0.0,normalized_stop_ab_20260708,G,baseline_no_stop,,,,,,,False,hospital_fresh_medium_G,0.4857,True,,,0.0,0.0,False,zeroed_hold,False,,True,shadow,results/bo_reviewer_packet/temporal_stop_head/22_temporal_stop_head_model.pt,0.12,0.0,True,0.5,,0.4714,0.0027,True,912,24.917,False
normcmp_G_baseline_20260708_153849,1276,30.983335,1783521545.078958,-1.485707,0.499964,0.0,-3.141053,0.0,0.0,-0.000128,-0.000723,camera_link,30.983335,gnm_closed_loop,,nominal,post-episode zero hold,True,ok,third_party/visualnav-transformer/model_weights/gnm/gnm.pth,16.73,0.3,0.0934,0.2881,0.027,3.71,,,gnm_closed_loop,0.0,0.0,normalized_stop_ab_20260708,G,baseline_no_stop,,,,,,,False,hospital_fresh_medium_G,0.4857,True,,,0.0,0.0,False,zeroed_hold,False,,True,shadow,results/bo_reviewer_packet/temporal_stop_head/22_temporal_stop_head_model.pt,0.12,0.0,True,0.5,,0.4714,0.0027,True,912,24.917,False
normcmp_G_baseline_20260708_153849,1277,31.000002,1783521545.083529,-1.485707,0.499964,0.0,-3.141053,0.0,0.0,-0.000128,-0.000723,camera_link,31.000002,gnm_closed_loop,,nominal,post-episode zero hold,True,ok,third_party/visualnav-transformer/model_weights/gnm/gnm.pth,16.73,0.3,0.0934,0.2881,0.027,3.71,,,gnm_closed_loop,0.0,0.0,normalized_stop_ab_20260708,G,baseline_no_stop,,,,,,,False,hospital_fresh_medium_G,0.4857,True,,,0.0,0.0,False,zeroed_hold,False,,True,shadow,results/bo_reviewer_packet/temporal_stop_head/22_temporal_stop_head_model.pt,0.12,0.0,True,0.5,,0.4714,0.0027,True,912,24.917,False
normcmp_G_baseline_20260708_153849,1278,31.016668,1783521545.112335,-1.485707,0.499964,0.0,-3.141053,0.0,0.0,-0.000128,-0.000723,camera_link,31.016668,gnm_closed_loop,,nominal,post-episode zero hold,True,ok,third_party/visualnav-transformer/model_weights/gnm/gnm.pth,16.73,0.3,0.0934,0.2881,0.027,3.71,,,gnm_closed_loop,0.0,0.0,normalized_stop_ab_20260708,G,baseline_no_stop,,,,,,,False,hospital_fresh_medium_G,0.4857,True,,,0.0,0.0,False,zeroed_hold,False,,True,shadow,results/bo_reviewer_packet/temporal_stop_head/22_temporal_stop_head_model.pt,0.12,0.0,True,0.5,,0.4714,0.0027,True,912,24.917,False
normcmp_G_baseline_20260708_153849,1279,31.033335,1783521545.116571,-1.485707,0.499964,0.0,-3.141053,0.0,0.0,-0.000128,-0.000723,camera_link,31.033335,gnm_closed_loop,,nominal,post-episode zero hold,True,ok,third_party/visualnav-transformer/model_weights/gnm/gnm.pth,16.73,0.3,0.0934,0.2881,0.027,3.71,,,gnm_closed_loop,0.0,0.0,normalized_stop_ab_20260708,G,baseline_no_stop,,,,,,,False,hospital_fresh_medium_G,0.4857,True,,,0.0,0.0,False,zeroed_hold,False,,True,shadow,results/bo_reviewer_packet/temporal_stop_head/22_temporal_stop_head_model.pt,0.12,0.0,True,0.5,,0.4714,0.0027,True,912,24.917,False
normcmp_G_baseline_20260708_153849,1280,31.050002,1783521545.12026,-1.485707,0.499964,0.0,-3.141053,0.0,0.0,-0.000128,-0.000723,camera_link,31.050002,gnm_closed_loop,,nominal,post-episode zero hold,True,ok,third_party/visualnav-transformer/model_weights/gnm/gnm.pth,16.73,0.3,0.0934,0.2881,0.027,3.71,,,gnm_closed_loop,0.0,0.0,normalized_stop_ab_20260708,G,baseline_no_stop,,,,,,,False,hospital_fresh_medium_G,0.4857,True,,,0.0,0.0,False,zeroed_hold,False,,True,shadow,results/bo_reviewer_packet/temporal_stop_head/22_temporal_stop_head_model.pt,0.12,0.0,True,0.5,,0.4714,0.0027,True,912,24.917,False
normcmp_G_baseline_20260708_153849,1281,31.066668,1783521545.139247,-1.485707,0.499964,0.0,-3.141053,0.0,0.0,-0.000128,-0.000723,camera_link,31.066668,gnm_closed_loop,,nominal,post-episode zero hold,True,ok,third_party/visualnav-transformer/model_weights/gnm/gnm.pth,16.73,0.3,0.0934,0.2881,0.027,3.71,,,gnm_closed_loop,0.0,0.0,normalized_stop_ab_20260708,G,baseline_no_stop,,,,,,,False,hospital_fresh_medium_G,0.4857,True,,,0.0,0.0,False,zeroed_hold,False,,True,shadow,results/bo_reviewer_packet/temporal_stop_head/22_temporal_stop_head_model.pt,0.12,0.0,True,0.5,,0.4714,0.0027,True,912,24.917,False
normcmp_G_baseline_20260708_153849,1282,31.083335,1783521545.14115,-1.485707,0.499964,0.0,-3.141053,0.0,0.0,-0.000128,-0.000723,camera_link,31.083335,gnm_closed_loop,,nominal,post-episode zero hold,True,ok,third_party/visualnav-transformer/model_weights/gnm/gnm.pth,16.73,0.3,0.0934,0.2881,0.027,3.71,,,gnm_closed_loop,0.0,0.0,normalized_stop_ab_20260708,G,baseline_no_stop,,,,,,,False,hospital_fresh_medium_G,0.4857,True,,,0.0,0.0,False,zeroed_hold,False,,True,shadow,results/bo_reviewer_packet/temporal_stop_head/22_temporal_stop_head_model.pt,0.12,0.0,True,0.5,,0.4714,0.0027,True,912,24.917,False
normcmp_G_baseline_20260708_153849,1283,31.100002,1783521545.143098,-1.485707,0.499964,0.0,-3.141053,0.0,0.0,-0.000128,-0.000723,camera_link,31.100002,gnm_closed_loop,,nominal,post-episode zero hold,True,ok,third_party/visualnav-transformer/model_weights/gnm/gnm.pth,16.73,0.3,0.0934,0.2881,0.027,3.71,,,gnm_closed_loop,0.0,0.0,normalized_stop_ab_20260708,G,baseline_no_stop,,,,,,,False,hospital_fresh_medium_G,0.4857,True,,,0.0,0.0,False,zeroed_hold,False,,True,shadow,results/bo_reviewer_packet/temporal_stop_head/22_temporal_stop_head_model.pt,0.12,0.0,True,0.5,,0.4714,0.0027,True,912,24.917,False
normcmp_G_baseline_20260708_153849,1284,31.116668,1783521545.159521,-1.485707,0.499964,0.0,-3.141053,0.0,0.0,-0.000128,-0.000723,camera_link,31.116668,gnm_closed_loop,,nominal,post-episode zero hold,True,ok,third_party/visualnav-transformer/model_weights/gnm/gnm.pth,16.73,0.3,0.0934,0.2881,0.027,3.71,,,gnm_closed_loop,0.0,0.0,normalized_stop_ab_20260708,G,baseline_no_stop,,,,,,,False,hospital_fresh_medium_G,0.4857,True,,,0.0,0.0,False,zeroed_hold,False,,True,shadow,results/bo_reviewer_packet/temporal_stop_head/22_temporal_stop_head_model.pt,0.12,0.0,True,0.5,,0.4714,0.0027,True,912,24.917,False
normcmp_G_baseline_20260708_153849,1285,31.133335,1783521545.162136,-1.485707,0.499964,0.0,-3.141053,0.0,0.0,-0.000128,-0.000723,camera_link,31.133335,gnm_closed_loop,,nominal,post-episode zero hold,True,ok,third_party/visualnav-transformer/model_weights/gnm/gnm.pth,16.73,0.3,0.0934,0.2881,0.027,3.71,,,gnm_closed_loop,0.0,0.0,normalized_stop_ab_20260708,G,baseline_no_stop,,,,,,,False,hospital_fresh_medium_G,0.4857,True,,,0.0,0.0,False,zeroed_hold,False,,True,shadow,results/bo_reviewer_packet/temporal_stop_head/22_temporal_stop_head_model.pt,0.12,0.0,True,0.5,,0.4714,0.0027,True,912,24.917,False
normcmp_G_baseline_20260708_153849,1286,31.150002,1783521545.164288,-1.485707,0.499964,0.0,-3.141053,0.0,0.0,-0.000128,-0.000723,camera_link,31.150002,gnm_closed_loop,,nominal,post-episode zero hold,True,ok,third_party/visualnav-transformer/model_weights/gnm/gnm.pth,16.73,0.3,0.0934,0.2881,0.027,3.71,,,gnm_closed_loop,0.0,0.0,normalized_stop_ab_20260708,G,baseline_no_stop,,,,,,,False,hospital_fresh_medium_G,0.4857,True,,,0.0,0.0,False,zeroed_hold,False,,True,shadow,results/bo_reviewer_packet/temporal_stop_head/22_temporal_stop_head_model.pt,0.12,0.0,True,0.5,,0.4714,0.0027,True,912,24.917,False
normcmp_G_baseline_20260708_153849,1287,31.166668,1783521545.188164,-1.485707,0.499964,0.0,-3.141053,0.0,0.0,-0.000128,-0.000723,camera_link,31.166668,gnm_closed_loop,,nominal,post-episode zero hold,True,ok,third_party/visualnav-transformer/model_weights/gnm/gnm.pth,16.73,0.3,0.0934,0.2881,0.027,3.71,,,gnm_closed_loop,0.0,0.0,normalized_stop_ab_20260708,G,baseline_no_stop,,,,,,,False,hospital_fresh_medium_G,0.4857,True,,,0.0,0.0,False,zeroed_hold,False,,True,shadow,results/bo_reviewer_packet/temporal_stop_head/22_temporal_stop_head_model.pt,0.12,0.0,True,0.5,,0.4714,0.0027,True,912,24.917,False
normcmp_G_baseline_20260708_153849,1288,31.183335,1783521545.193953,-1.485707,0.499964,0.0,-3.141053,0.0,0.0,-0.000128,-0.000723,camera_link,31.183335,gnm_closed_loop,,nominal,post-episode zero hold,True,ok,third_party/visualnav-transformer/model_weights/gnm/gnm.pth,16.73,0.3,0.0934,0.2881,0.027,3.71,,,gnm_closed_loop,0.0,0.0,normalized_stop_ab_20260708,G,baseline_no_stop,,,,,,,False,hospital_fresh_medium_G,0.4857,True,,,0.0,0.0,False,zeroed_hold,False,,True,shadow,results/bo_reviewer_packet/temporal_stop_head/22_temporal_stop_head_model.pt,0.12,0.0,True,0.5,,0.4714,0.0027,True,912,24.917,False
normcmp_G_baseline_20260708_153849,1289,31.200002,1783521545.200401,-1.485707,0.499964,0.0,-3.141053,0.0,0.0,-0.000128,-0.000723,camera_link,31.200002,gnm_closed_loop,,nominal,post-episode zero hold,True,ok,third_party/visualnav-transformer/model_weights/gnm/gnm.pth,16.73,0.3,0.0934,0.2881,0.027,3.71,,,gnm_closed_loop,0.0,0.0,normalized_stop_ab_20260708,G,baseline_no_stop,,,,,,,False,hospital_fresh_medium_G,0.4857,True,,,0.0,0.0,False,zeroed_hold,False,,True,shadow,results/bo_reviewer_packet/temporal_stop_head/22_temporal_stop_head_model.pt,0.12,0.0,True,0.5,,0.4714,0.0027,True,912,24.917,False
normcmp_G_baseline_20260708_153849,1290,31.216668,1783521545.235346,-1.485707,0.499964,0.0,-3.141053,0.0,0.0,-0.000128,-0.000723,camera_link,31.216668,gnm_closed_loop,,nominal,post-episode zero hold,True,ok,third_party/visualnav-transformer/model_weights/gnm/gnm.pth,16.73,0.3,0.0934,0.2881,0.027,3.71,,,gnm_closed_loop,0.0,0.0,normalized_stop_ab_20260708,G,baseline_no_stop,,,,,,,False,hospital_fresh_medium_G,0.4857,True,,,0.0,0.0,False,zeroed_hold,False,,True,shadow,results/bo_reviewer_packet/temporal_stop_head/22_temporal_stop_head_model.pt,0.12,0.0,True,0.5,,0.4714,0.0027,True,912,24.917,False
normcmp_G_baseline_20260708_153849,1291,31.233335,1783521545.24115,-1.485707,0.499964,0.0,-3.141053,0.0,0.0,-0.000128,-0.000723,camera_link,31.233335,gnm_closed_loop,,nominal,post-episode zero hold,True,ok,third_party/visualnav-transformer/model_weights/gnm/gnm.pth,16.73,0.3,0.0934,0.2881,0.027,3.71,,,gnm_closed_loop,0.0,0.0,normalized_stop_ab_20260708,G,baseline_no_stop,,,,,,,False,hospital_fresh_medium_G,0.4857,True,,,0.0,0.0,False,zeroed_hold,False,,True,shadow,results/bo_reviewer_packet/temporal_stop_head/22_temporal_stop_head_model.pt,0.12,0.0,True,0.5,,0.4714,0.0027,True,912,24.917,False
normcmp_G_baseline_20260708_153849,1292,31.250002,1783521545.246016,-1.485707,0.499964,0.0,-3.141053,0.0,0.0,-0.000128,-0.000723,camera_link,31.250002,gnm_closed_loop,,nominal,post-episode zero hold,True,ok,third_party/visualnav-transformer/model_weights/gnm/gnm.pth,16.73,0.3,0.0934,0.2881,0.027,3.71,,,gnm_closed_loop,0.0,0.0,normalized_stop_ab_20260708,G,baseline_no_stop,,,,,,,False,hospital_fresh_medium_G,0.4857,True,,,0.0,0.0,False,zeroed_hold,False,,True,shadow,results/bo_reviewer_packet/temporal_stop_head/22_temporal_stop_head_model.pt,0.12,0.0,True,0.5,,0.4714,0.0027,True,912,24.917,False
normcmp_G_baseline_20260708_153849,1293,31.266668,1783521545.27375,-1.485707,0.499964,0.0,-3.141053,0.0,0.0,-0.000128,-0.000723,camera_link,31.266668,gnm_closed_loop,,nominal,post-episode zero hold,True,ok,third_party/visualnav-transformer/model_weights/gnm/gnm.pth,16.73,0.3,0.0934,0.2881,0.027,3.71,,,gnm_closed_loop,0.0,0.0,normalized_stop_ab_20260708,G,baseline_no_stop,,,,,,,False,hospital_fresh_medium_G,0.4857,True,,,0.0,0.0,False,zeroed_hold,False,,True,shadow,results/bo_reviewer_packet/temporal_stop_head/22_temporal_stop_head_model.pt,0.12,0.0,True,0.5,,0.4714,0.0027,True,912,24.917,False
normcmp_G_baseline_20260708_153849,1294,31.283335,1783521545.277777,-1.485707,0.499964,0.0,-3.141053,0.0,0.0,-0.000128,-0.000723,camera_link,31.283335,gnm_closed_loop,,nominal,post-episode zero hold,True,ok,third_party/visualnav-transformer/model_weights/gnm/gnm.pth,16.73,0.3,0.0934,0.2881,0.027,3.71,,,gnm_closed_loop,0.0,0.0,normalized_stop_ab_20260708,G,baseline_no_stop,,,,,,,False,hospital_fresh_medium_G,0.4857,True,,,0.0,0.0,False,zeroed_hold,False,,True,shadow,results/bo_reviewer_packet/temporal_stop_head/22_temporal_stop_head_model.pt,0.12,0.0,True,0.5,,0.4714,0.0027,True,912,24.917,False
normcmp_G_baseline_20260708_153849,1295,31.300002,1783521545.281001,-1.485707,0.499964,0.0,-3.141053,0.0,0.0,-0.000128,-0.000723,camera_link,31.300002,gnm_closed_loop,,nominal,post-episode zero hold,True,ok,third_party/visualnav-transformer/model_weights/gnm/gnm.pth,16.73,0.3,0.0934,0.2881,0.027,3.71,,,gnm_closed_loop,0.0,0.0,normalized_stop_ab_20260708,G,baseline_no_stop,,,,,,,False,hospital_fresh_medium_G,0.4857,True,,,0.0,0.0,False,zeroed_hold,False,,True,shadow,results/bo_reviewer_packet/temporal_stop_head/22_temporal_stop_head_model.pt,0.12,0.0,True,0.5,,0.4714,0.0027,True,912,24.917,False
normcmp_G_baseline_20260708_153849,1296,31.316668,1783521545.299091,-1.485707,0.499964,0.0,-3.141053,0.0,0.0,-0.000128,-0.000723,camera_link,31.316668,gnm_closed_loop,,nominal,post-episode zero hold,True,ok,third_party/visualnav-transformer/model_weights/gnm/gnm.pth,16.73,0.3,0.0934,0.2881,0.027,3.71,,,gnm_closed_loop,0.0,0.0,normalized_stop_ab_20260708,G,baseline_no_stop,,,,,,,False,hospital_fresh_medium_G,0.4857,True,,,0.0,0.0,False,zeroed_hold,False,,True,shadow,results/bo_reviewer_packet/temporal_stop_head/22_temporal_stop_head_model.pt,0.12,0.0,True,0.5,,0.4714,0.0027,True,912,24.917,False
normcmp_G_baseline_20260708_153849,1297,31.333335,1783521545.30151,-1.485707,0.499964,0.0,-3.141053,0.0,0.0,-0.000128,-0.000723,camera_link,31.333335,gnm_closed_loop,,nominal,post-episode zero hold,True,ok,third_party/visualnav-transformer/model_weights/gnm/gnm.pth,16.73,0.3,0.0934,0.2881,0.027,3.71,,,gnm_closed_loop,0.0,0.0,normalized_stop_ab_20260708,G,baseline_no_stop,,,,,,,False,hospital_fresh_medium_G,0.4857,True,,,0.0,0.0,False,zeroed_hold,False,,True,shadow,results/bo_reviewer_packet/temporal_stop_head/22_temporal_stop_head_model.pt,0.12,0.0,True,0.5,,0.4714,0.0027,True,912,24.917,False
normcmp_G_baseline_20260708_153849,1298,31.350002,1783521545.3041,-1.485707,0.499964,0.0,-3.141053,0.0,0.0,-0.000128,-0.000723,camera_link,31.350002,gnm_closed_loop,,nominal,post-episode zero hold,True,ok,third_party/visualnav-transformer/model_weights/gnm/gnm.pth,16.73,0.3,0.0934,0.2881,0.027,3.71,,,gnm_closed_loop,0.0,0.0,normalized_stop_ab_20260708,G,baseline_no_stop,,,,,,,False,hospital_fresh_medium_G,0.4857,True,,,0.0,0.0,False,zeroed_hold,False,,True,shadow,results/bo_reviewer_packet/temporal_stop_head/22_temporal_stop_head_model.pt,0.12,0.0,True,0.5,,0.4714,0.0027,True,912,24.917,False
normcmp_G_baseline_20260708_153849,1299,31.366668,1783521545.321305,-1.485707,0.499964,0.0,-3.141053,0.0,0.0,-0.000128,-0.000723,camera_link,31.366668,gnm_closed_loop,,nominal,post-episode zero hold,True,ok,third_party/visualnav-transformer/model_weights/gnm/gnm.pth,16.73,0.3,0.0934,0.2881,0.027,3.71,,,gnm_closed_loop,0.0,0.0,normalized_stop_ab_20260708,G,baseline_no_stop,,,,,,,False,hospital_fresh_medium_G,0.4857,True,,,0.0,0.0,False,zeroed_hold,False,,True,shadow,results/bo_reviewer_packet/temporal_stop_head/22_temporal_stop_head_model.pt,0.12,0.0,True,0.5,,0.4714,0.0027,True,912,24.917,False
normcmp_G_baseline_20260708_153849,1300,31.383335,1783521545.324329,-1.485707,0.499964,0.0,-3.141053,0.0,0.0,-0.000128,-0.000723,camera_link,31.383335,gnm_closed_loop,,nominal,post-episode zero hold,True,ok,third_party/visualnav-transformer/model_weights/gnm/gnm.pth,16.73,0.3,0.0934,0.2881,0.027,3.71,,,gnm_closed_loop,0.0,0.0,normalized_stop_ab_20260708,G,baseline_no_stop,,,,,,,False,hospital_fresh_medium_G,0.4857,True,,,0.0,0.0,False,zeroed_hold,False,,True,shadow,results/bo_reviewer_packet/temporal_stop_head/22_temporal_stop_head_model.pt,0.12,0.0,True,0.5,,0.4714,0.0027,True,912,24.917,False
normcmp_G_baseline_20260708_153849,1301,31.400002,1783521545.327055,-1.485707,0.499964,0.0,-3.141053,0.0,0.0,-0.000128,-0.000723,camera_link,31.400002,gnm_closed_loop,,nominal,post-episode zero hold,True,ok,third_party/visualnav-transformer/model_weights/gnm/gnm.pth,16.73,0.3,0.0934,0.2881,0.027,3.71,,,gnm_closed_loop,0.0,0.0,normalized_stop_ab_20260708,G,baseline_no_stop,,,,,,,False,hospital_fresh_medium_G,0.4857,True,,,0.0,0.0,False,zeroed_hold,False,,True,shadow,results/bo_reviewer_packet/temporal_stop_head/22_temporal_stop_head_model.pt,0.12,0.0,True,0.5,,0.4714,0.0027,True,912,24.917,False
normcmp_G_baseline_20260708_153849,1302,31.416668,1783521545.345159,-1.485707,0.499964,0.0,-3.141053,0.0,0.0,-0.000128,-0.000723,camera_link,31.416668,gnm_closed_loop,,nominal,post-episode zero hold,True,ok,third_party/visualnav-transformer/model_weights/gnm/gnm.pth,16.73,0.3,0.0934,0.2881,0.027,3.71,,,gnm_closed_loop,0.0,0.0,normalized_stop_ab_20260708,G,baseline_no_stop,,,,,,,False,hospital_fresh_medium_G,0.4857,True,,,0.0,0.0,False,zeroed_hold,False,,True,shadow,results/bo_reviewer_packet/temporal_stop_head/22_temporal_stop_head_model.pt,0.12,0.0,True,0.5,,0.4714,0.0027,True,912,24.917,False
normcmp_G_baseline_20260708_153849,1303,31.433335,1783521545.349707,-1.485707,0.499964,0.0,-3.141053,0.0,0.0,-0.000128,-0.000723,camera_link,31.433335,gnm_closed_loop,,nominal,post-episode zero hold,True,ok,third_party/visualnav-transformer/model_weights/gnm/gnm.pth,16.73,0.3,0.0934,0.2881,0.027,3.71,,,gnm_closed_loop,0.0,0.0,normalized_stop_ab_20260708,G,baseline_no_stop,,,,,,,False,hospital_fresh_medium_G,0.4857,True,,,0.0,0.0,False,zeroed_hold,False,,True,shadow,results/bo_reviewer_packet/temporal_stop_head/22_temporal_stop_head_model.pt,0.12,0.0,True,0.5,,0.4714,0.0027,True,912,24.917,False
normcmp_G_baseline_20260708_153849,1304,31.450002,1783521545.354201,-1.485707,0.499964,0.0,-3.141053,0.0,0.0,-0.000128,-0.000723,camera_link,31.450002,gnm_closed_loop,,nominal,post-episode zero hold,True,ok,third_party/visualnav-transformer/model_weights/gnm/gnm.pth,16.73,0.3,0.0934,0.2881,0.027,3.71,,,gnm_closed_loop,0.0,0.0,normalized_stop_ab_20260708,G,baseline_no_stop,,,,,,,False,hospital_fresh_medium_G,0.4857,True,,,0.0,0.0,False,zeroed_hold,False,,True,shadow,results/bo_reviewer_packet/temporal_stop_head/22_temporal_stop_head_model.pt,0.12,0.0,True,0.5,,0.4714,0.0027,True,912,24.917,False
normcmp_G_baseline_20260708_153849,1305,31.466668,1783521545.384691,-1.485707,0.499964,0.0,-3.141053,0.0,0.0,-0.000128,-0.000723,camera_link,31.466668,gnm_closed_loop,,nominal,post-episode zero hold,True,ok,third_party/visualnav-transformer/model_weights/gnm/gnm.pth,16.73,0.3,0.0934,0.2881,0.027,3.71,,,gnm_closed_loop,0.0,0.0,normalized_stop_ab_20260708,G,baseline_no_stop,,,,,,,False,hospital_fresh_medium_G,0.4857,True,,,0.0,0.0,False,zeroed_hold,False,,True,shadow,results/bo_reviewer_packet/temporal_stop_head/22_temporal_stop_head_model.pt,0.12,0.0,True,0.5,,0.4714,0.0027,True,912,24.917,False
normcmp_G_baseline_20260708_153849,1306,31.483335,1783521545.387334,-1.485707,0.499964,0.0,-3.141053,0.0,0.0,-0.000128,-0.000723,camera_link,31.483335,gnm_closed_loop,,nominal,post-episode zero hold,True,ok,third_party/visualnav-transformer/model_weights/gnm/gnm.pth,16.73,0.3,0.0934,0.2881,0.027,3.71,,,gnm_closed_loop,0.0,0.0,normalized_stop_ab_20260708,G,baseline_no_stop,,,,,,,False,hospital_fresh_medium_G,0.4857,True,,,0.0,0.0,False,zeroed_hold,False,,True,shadow,results/bo_reviewer_packet/temporal_stop_head/22_temporal_stop_head_model.pt,0.12,0.0,True,0.5,,0.4714,0.0027,True,912,24.917,False
normcmp_G_baseline_20260708_153849,1307,31.500002,1783521545.389243,-1.485707,0.499964,0.0,-3.141053,0.0,0.0,-0.000128,-0.000723,camera_link,31.500002,gnm_closed_loop,,nominal,post-episode zero hold,True,ok,third_party/visualnav-transformer/model_weights/gnm/gnm.pth,16.73,0.3,0.0934,0.2881,0.027,3.71,,,gnm_closed_loop,0.0,0.0,normalized_stop_ab_20260708,G,baseline_no_stop,,,,,,,False,hospital_fresh_medium_G,0.4857,True,,,0.0,0.0,False,zeroed_hold,False,,True,shadow,results/bo_reviewer_packet/temporal_stop_head/22_temporal_stop_head_model.pt,0.12,0.0,True,0.5,,0.4714,0.0027,True,912,24.917,False
normcmp_G_baseline_20260708_153849,1308,31.516668,1783521545.398114,-1.485707,0.499964,0.0,-3.141053,0.0,0.0,-0.000128,-0.000723,camera_link,31.516668,gnm_closed_loop,,nominal,post-episode zero hold,True,ok,third_party/visualnav-transformer/model_weights/gnm/gnm.pth,16.73,0.3,0.0934,0.2881,0.027,3.71,,,gnm_closed_loop,0.0,0.0,normalized_stop_ab_20260708,G,baseline_no_stop,,,,,,,False,hospital_fresh_medium_G,0.4857,True,,,0.0,0.0,False,zeroed_hold,False,,True,shadow,results/bo_reviewer_packet/temporal_stop_head/22_temporal_stop_head_model.pt,0.12,0.0,True,0.5,,0.4714,0.0027,True,912,24.917,False
normcmp_G_baseline_20260708_153849,1309,31.533335,1783521545.39924,-1.485707,0.499964,0.0,-3.141053,0.0,0.0,-0.000128,-0.000723,camera_link,31.533335,gnm_closed_loop,,nominal,post-episode zero hold,True,ok,third_party/visualnav-transformer/model_weights/gnm/gnm.pth,16.73,0.3,0.0934,0.2881,0.027,3.71,,,gnm_closed_loop,0.0,0.0,normalized_stop_ab_20260708,G,baseline_no_stop,,,,,,,False,hospital_fresh_medium_G,0.4857,True,,,0.0,0.0,False,zeroed_hold,False,,True,shadow,results/bo_reviewer_packet/temporal_stop_head/22_temporal_stop_head_model.pt,0.12,0.0,True,0.5,,0.4714,0.0027,True,912,24.917,False
normcmp_G_baseline_20260708_153849,1310,31.550002,1783521545.400701,-1.485707,0.499964,0.0,-3.141053,0.0,0.0,-0.000128,-0.000723,camera_link,31.550002,gnm_closed_loop,,nominal,post-episode zero hold,True,ok,third_party/visualnav-transformer/model_weights/gnm/gnm.pth,16.73,0.3,0.0934,0.2881,0.027,3.71,,,gnm_closed_loop,0.0,0.0,normalized_stop_ab_20260708,G,baseline_no_stop,,,,,,,False,hospital_fresh_medium_G,0.4857,True,,,0.0,0.0,False,zeroed_hold,False,,True,shadow,results/bo_reviewer_packet/temporal_stop_head/22_temporal_stop_head_model.pt,0.12,0.0,True,0.5,,0.4714,0.0027,True,912,24.917,False
normcmp_G_baseline_20260708_153849,1311,31.566668,1783521545.408266,-1.485707,0.499964,0.0,-3.141053,0.0,0.0,-0.000128,-0.000723,camera_link,31.566668,gnm_closed_loop,,nominal,post-episode zero hold,True,ok,third_party/visualnav-transformer/model_weights/gnm/gnm.pth,16.73,0.3,0.0934,0.2881,0.027,3.71,,,gnm_closed_loop,0.0,0.0,normalized_stop_ab_20260708,G,baseline_no_stop,,,,,,,False,hospital_fresh_medium_G,0.4857,True,,,0.0,0.0,False,zeroed_hold,False,,True,shadow,results/bo_reviewer_packet/temporal_stop_head/22_temporal_stop_head_model.pt,0.12,0.0,True,0.5,,0.4714,0.0027,True,912,24.917,False
normcmp_G_baseline_20260708_153849,1312,31.583335,1783521545.409414,-1.485707,0.499964,0.0,-3.141053,0.0,0.0,-0.000128,-0.000723,camera_link,31.583335,gnm_closed_loop,,nominal,post-episode zero hold,True,ok,third_party/visualnav-transformer/model_weights/gnm/gnm.pth,16.73,0.3,0.0934,0.2881,0.027,3.71,,,gnm_closed_loop,0.0,0.0,normalized_stop_ab_20260708,G,baseline_no_stop,,,,,,,False,hospital_fresh_medium_G,0.4857,True,,,0.0,0.0,False,zeroed_hold,False,,True,shadow,results/bo_reviewer_packet/temporal_stop_head/22_temporal_stop_head_model.pt,0.12,0.0,True,0.5,,0.4714,0.0027,True,912,24.917,False
normcmp_G_baseline_20260708_153849,1313,31.600002,1783521545.410311,-1.485707,0.499964,0.0,-3.141053,0.0,0.0,-0.000128,-0.000723,camera_link,31.600002,gnm_closed_loop,,nominal,post-episode zero hold,True,ok,third_party/visualnav-transformer/model_weights/gnm/gnm.pth,16.73,0.3,0.0934,0.2881,0.027,3.71,,,gnm_closed_loop,0.0,0.0,normalized_stop_ab_20260708,G,baseline_no_stop,,,,,,,False,hospital_fresh_medium_G,0.4857,True,,,0.0,0.0,False,zeroed_hold,False,,True,shadow,results/bo_reviewer_packet/temporal_stop_head/22_temporal_stop_head_model.pt,0.12,0.0,True,0.5,,0.4714,0.0027,True,912,24.917,False
normcmp_G_baseline_20260708_153849,1314,31.616668,1783521545.418002,-1.485707,0.499964,0.0,-3.141053,0.0,0.0,-0.000128,-0.000723,camera_link,31.616668,gnm_closed_loop,,nominal,post-episode zero hold,True,ok,third_party/visualnav-transformer/model_weights/gnm/gnm.pth,16.73,0.3,0.0934,0.2881,0.027,3.71,,,gnm_closed_loop,0.0,0.0,normalized_stop_ab_20260708,G,baseline_no_stop,,,,,,,False,hospital_fresh_medium_G,0.4857,True,,,0.0,0.0,False,zeroed_hold,False,,True,shadow,results/bo_reviewer_packet/temporal_stop_head/22_temporal_stop_head_model.pt,0.12,0.0,True,0.5,,0.4714,0.0027,True,912,24.917,False
normcmp_G_baseline_20260708_153849,1315,31.633335,1783521545.419509,-1.485707,0.499964,0.0,-3.141053,0.0,0.0,-0.000128,-0.000723,camera_link,31.633335,gnm_closed_loop,,nominal,post-episode zero hold,True,ok,third_party/visualnav-transformer/model_weights/gnm/gnm.pth,16.73,0.3,0.0934,0.2881,0.027,3.71,,,gnm_closed_loop,0.0,0.0,normalized_stop_ab_20260708,G,baseline_no_stop,,,,,,,False,hospital_fresh_medium_G,0.4857,True,,,0.0,0.0,False,zeroed_hold,False,,True,shadow,results/bo_reviewer_packet/temporal_stop_head/22_temporal_stop_head_model.pt,0.12,0.0,True,0.5,,0.4714,0.0027,True,912,24.917,False
normcmp_G_baseline_20260708_153849,1316,31.650002,1783521545.420758,-1.485707,0.499964,0.0,-3.141053,0.0,0.0,-0.000128,-0.000723,camera_link,31.650002,gnm_closed_loop,,nominal,post-episode zero hold,True,ok,third_party/visualnav-transformer/model_weights/gnm/gnm.pth,16.73,0.3,0.0934,0.2881,0.027,3.71,,,gnm_closed_loop,0.0,0.0,normalized_stop_ab_20260708,G,baseline_no_stop,,,,,,,False,hospital_fresh_medium_G,0.4857,True,,,0.0,0.0,False,zeroed_hold,False,,True,shadow,results/bo_reviewer_packet/temporal_stop_head/22_temporal_stop_head_model.pt,0.12,0.0,True,0.5,,0.4714,0.0027,True,912,24.917,False
normcmp_G_baseline_20260708_153849,1317,31.666668,1783521545.429214,-1.485707,0.499964,0.0,-3.141053,0.0,0.0,-0.000128,-0.000723,camera_link,31.666668,gnm_closed_loop,,nominal,post-episode zero hold,True,ok,third_party/visualnav-transformer/model_weights/gnm/gnm.pth,16.73,0.3,0.0934,0.2881,0.027,3.71,,,gnm_closed_loop,0.0,0.0,normalized_stop_ab_20260708,G,baseline_no_stop,,,,,,,False,hospital_fresh_medium_G,0.4857,True,,,0.0,0.0,False,zeroed_hold,False,,True,shadow,results/bo_reviewer_packet/temporal_stop_head/22_temporal_stop_head_model.pt,0.12,0.0,True,0.5,,0.4714,0.0027,True,912,24.917,False
normcmp_G_baseline_20260708_153849,1318,31.683335,1783521545.430847,-1.485707,0.499964,0.0,-3.141053,0.0,0.0,-0.000128,-0.000723,camera_link,31.683335,gnm_closed_loop,,nominal,post-episode zero hold,True,ok,third_party/visualnav-transformer/model_weights/gnm/gnm.pth,16.73,0.3,0.0934,0.2881,0.027,3.71,,,gnm_closed_loop,0.0,0.0,normalized_stop_ab_20260708,G,baseline_no_stop,,,,,,,False,hospital_fresh_medium_G,0.4857,True,,,0.0,0.0,False,zeroed_hold,False,,True,shadow,results/bo_reviewer_packet/temporal_stop_head/22_temporal_stop_head_model.pt,0.12,0.0,True,0.5,,0.4714,0.0027,True,912,24.917,False
normcmp_G_baseline_20260708_153849,1319,31.700002,1783521545.432266,-1.485707,0.499964,0.0,-3.141053,0.0,0.0,-0.000128,-0.000723,camera_link,31.700002,gnm_closed_loop,,nominal,post-episode zero hold,True,ok,third_party/visualnav-transformer/model_weights/gnm/gnm.pth,16.73,0.3,0.0934,0.2881,0.027,3.71,,,gnm_closed_loop,0.0,0.0,normalized_stop_ab_20260708,G,baseline_no_stop,,,,,,,False,hospital_fresh_medium_G,0.4857,True,,,0.0,0.0,False,zeroed_hold,False,,True,shadow,results/bo_reviewer_packet/temporal_stop_head/22_temporal_stop_head_model.pt,0.12,0.0,True,0.5,,0.4714,0.0027,True,912,24.917,False
