{
  "feature_names": [
    "bias",
    "dist_pred",
    "wp_norm",
    "dist_mean",
    "wp_mean",
    "dist_trend",
    "wp_trend"
  ],
  "weights": [
    -0.1130376085639,
    -0.2327316850423813,
    -0.08365568518638611,
    -0.4166863262653351,
    0.060515377670526505,
    0.013231881894171238,
    0.07491826266050339
  ],
  "mean": [
    0.3585105240345001,
    0.1483628749847412,
    0.35843411087989807,
    0.14895682036876678,
    9.584992221789435e-05,
    -0.0013404604978859425
  ],
  "std": [
    0.0694098174571991,
    0.05701552703976631,
    0.06373495608568192,
    0.0497603639960289,
    0.05180078372359276,
    0.05250129476189613
  ],
  "prob_threshold": 0.5,
  "stable_k": 3,
  "window": 3,
  "training_samples": 817,
  "positive_stop_labels": 140
}