episode_id,step_idx,sim_time,wall_time,robot_position_x,robot_position_y,robot_position_z,robot_yaw,linear_velocity_cmd,angular_velocity_cmd,odom_linear_velocity,odom_angular_velocity,camera_frame_id,image_timestamp,policy_mode,stop_signal,safety_state,notes,shadow_gnm_enabled,shadow_gnm_status,shadow_gnm_model_path,shadow_gnm_latency_ms,shadow_gnm_candidate_linear_velocity,shadow_gnm_candidate_angular_velocity,shadow_gnm_candidate_waypoint_x,shadow_gnm_candidate_waypoint_y,shadow_gnm_goal_distance,shadow_gnm_confidence,shadow_gnm_error,actual_controller,actual_linear_velocity_cmd,actual_angular_velocity_cmd,collision_detected,collision_count_so_far,collision_body,experiment_id,pair_id,condition,stop_rule_name,stop_rule_threshold,stop_rule_k,stop_rule_ratio,initial_predicted_distance,normalized_predicted_distance,stop_triggered,goal_id,distance_to_goal_m,gnm_control_enabled,gnm_action_raw_linear_velocity,gnm_action_raw_angular_velocity,gnm_action_clipped_linear_velocity,gnm_action_clipped_angular_velocity,action_clipped,watchdog_state,emergency_stop_triggered,stop_reason
h21probe_M_s_20260710_020900,0,7.716667,1783645743.592911,4.500383,-0.999859,-0.0,-2.783185,0.2,-0.2983,-0.000355,0.000229,camera_link,7.716667,gnm_closed_loop,,nominal,,True,ok,checkpoints/hospital_front_rgb_finetune/best.pt,4.68,0.2736,-0.2983,0.0684,-0.0051,0.4017,,,gnm_closed_loop,0.2,-0.2983,False,0,,h21_spawn_precheck,,probe,,,,,,,False,h2_weave_J,1.5004,True,0.2736,-0.2983,0.2,-0.2983,True,armed,False,
h21probe_M_s_20260710_020900,1,7.733334,1783645743.596489,4.499308,-1.000488,1e-06,-2.781896,0.2,-0.2983,-0.000355,0.000229,camera_link,7.733334,gnm_closed_loop,,nominal,,True,ok,checkpoints/hospital_front_rgb_finetune/best.pt,4.68,0.2736,-0.2983,0.0684,-0.0051,0.4017,,,gnm_closed_loop,0.2,-0.2983,False,0,,h21_spawn_precheck,,probe,,,,,,,False,h2_weave_J,1.4993,True,0.2736,-0.2983,0.2,-0.2983,True,armed,False,
h21probe_M_s_20260710_020900,2,7.75,1783645743.598467,4.497109,-1.001302,-1e-06,-2.781655,0.2,-0.2983,-0.000355,0.000229,camera_link,7.75,gnm_closed_loop,,nominal,,True,ok,checkpoints/hospital_front_rgb_finetune/best.pt,4.68,0.2736,-0.2983,0.0684,-0.0051,0.4017,,,gnm_closed_loop,0.2,-0.2983,False,0,,h21_spawn_precheck,,probe,,,,,,,False,h2_weave_J,1.4971,True,0.2736,-0.2983,0.2,-0.2983,True,armed,False,
h21probe_M_s_20260710_020900,3,7.766667,1783645743.617097,4.494305,-1.002358,0.0,-2.781682,0.2,-0.2966,0.191353,0.012149,camera_link,7.766667,gnm_closed_loop,,nominal,,True,ok,checkpoints/hospital_front_rgb_finetune/best.pt,5.04,0.2749,-0.2966,0.0687,-0.0051,0.4043,,,gnm_closed_loop,0.2,-0.2966,False,0,,h21_spawn_precheck,,probe,,,,,,,False,h2_weave_J,1.4943,True,0.2749,-0.2966,0.2,-0.2966,True,armed,False,
h21probe_M_s_20260710_020900,4,7.783334,1783645743.619217,4.491254,-1.003507,-1e-06,-2.78171,0.2,-0.2966,0.191353,0.012149,camera_link,7.783334,gnm_closed_loop,,nominal,,True,ok,checkpoints/hospital_front_rgb_finetune/best.pt,5.04,0.2749,-0.2966,0.0687,-0.0051,0.4043,,,gnm_closed_loop,0.2,-0.2966,False,0,,h21_spawn_precheck,,probe,,,,,,,False,h2_weave_J,1.4913,True,0.2749,-0.2966,0.2,-0.2966,True,armed,False,
h21probe_M_s_20260710_020900,5,7.8,1783645743.621141,4.488156,-1.004675,-1e-06,-2.781737,0.2,-0.2966,0.191353,0.012149,camera_link,7.8,gnm_closed_loop,,nominal,,True,ok,checkpoints/hospital_front_rgb_finetune/best.pt,5.04,0.2749,-0.2966,0.0687,-0.0051,0.4043,,,gnm_closed_loop,0.2,-0.2966,False,0,,h21_spawn_precheck,,probe,,,,,,,False,h2_weave_J,1.4882,True,0.2749,-0.2966,0.2,-0.2966,True,armed,False,
h21probe_M_s_20260710_020900,6,7.816667,1783645743.638011,4.485045,-1.005846,-1e-06,-2.781772,0.2,-0.3421,0.198951,0.021243,camera_link,7.816667,gnm_closed_loop,,nominal,,True,ok,checkpoints/hospital_front_rgb_finetune/best.pt,4.65,0.2607,-0.3421,0.0652,-0.0056,0.3862,,,gnm_closed_loop,0.2,-0.3421,False,0,,h21_spawn_precheck,,probe,,,,,,,False,h2_weave_J,1.4851,True,0.2607,-0.3421,0.2,-0.3421,True,armed,False,
h21probe_M_s_20260710_020900,7,7.833334,1783645743.640572,4.481942,-1.007016,-1e-06,-2.781809,0.2,-0.3421,0.198951,0.021243,camera_link,7.833334,gnm_closed_loop,,nominal,,True,ok,checkpoints/hospital_front_rgb_finetune/best.pt,4.65,0.2607,-0.3421,0.0652,-0.0056,0.3862,,,gnm_closed_loop,0.2,-0.3421,False,0,,h21_spawn_precheck,,probe,,,,,,,False,h2_weave_J,1.482,True,0.2607,-0.3421,0.2,-0.3421,True,armed,False,
h21probe_M_s_20260710_020900,8,7.85,1783645743.643252,4.478838,-1.008187,-1e-06,-2.781853,0.2,-0.3421,0.198951,0.021243,camera_link,7.85,gnm_closed_loop,,nominal,,True,ok,checkpoints/hospital_front_rgb_finetune/best.pt,4.65,0.2607,-0.3421,0.0652,-0.0056,0.3862,,,gnm_closed_loop,0.2,-0.3421,False,0,,h21_spawn_precheck,,probe,,,,,,,False,h2_weave_J,1.4789,True,0.2607,-0.3421,0.2,-0.3421,True,armed,False,
h21probe_M_s_20260710_020900,9,7.866667,1783645743.658842,4.475738,-1.009354,-1e-06,-2.781898,0.2,-0.3124,0.198449,0.01341,camera_link,7.866667,gnm_closed_loop,,nominal,,True,ok,checkpoints/hospital_front_rgb_finetune/best.pt,4.53,0.2737,-0.3124,0.0684,-0.0054,0.3991,,,gnm_closed_loop,0.2,-0.3124,False,0,,h21_spawn_precheck,,probe,,,,,,,False,h2_weave_J,1.4758,True,0.2737,-0.3124,0.2,-0.3124,True,armed,False,
h21probe_M_s_20260710_020900,10,7.883334,1783645743.661098,4.472635,-1.010523,-1e-06,-2.78193,0.2,-0.3124,0.198449,0.01341,camera_link,7.883334,gnm_closed_loop,,nominal,,True,ok,checkpoints/hospital_front_rgb_finetune/best.pt,4.53,0.2737,-0.3124,0.0684,-0.0054,0.3991,,,gnm_closed_loop,0.2,-0.3124,False,0,,h21_spawn_precheck,,probe,,,,,,,False,h2_weave_J,1.4727,True,0.2737,-0.3124,0.2,-0.3124,True,armed,False,
h21probe_M_s_20260710_020900,11,7.9,1783645743.66295,4.469528,-1.011692,-1e-06,-2.781969,0.2,-0.3124,0.198449,0.01341,camera_link,7.9,gnm_closed_loop,,nominal,,True,ok,checkpoints/hospital_front_rgb_finetune/best.pt,4.53,0.2737,-0.3124,0.0684,-0.0054,0.3991,,,gnm_closed_loop,0.2,-0.3124,False,0,,h21_spawn_precheck,,probe,,,,,,,False,h2_weave_J,1.4696,True,0.2737,-0.3124,0.2,-0.3124,True,armed,False,
h21probe_M_s_20260710_020900,12,7.916667,1783645743.678435,4.466422,-1.012862,-1e-06,-2.782004,0.2,-0.3067,0.199589,-0.002035,camera_link,7.916667,gnm_closed_loop,,nominal,,True,ok,checkpoints/hospital_front_rgb_finetune/best.pt,4.48,0.2772,-0.3067,0.0693,-0.0053,0.3939,,,gnm_closed_loop,0.2,-0.3067,False,0,,h21_spawn_precheck,,probe,,,,,,,False,h2_weave_J,1.4665,True,0.2772,-0.3067,0.2,-0.3067,True,armed,False,
h21probe_M_s_20260710_020900,13,7.933334,1783645743.681775,4.463315,-1.014032,-1e-06,-2.782041,0.2,-0.3067,0.199589,-0.002035,camera_link,7.933334,gnm_closed_loop,,nominal,,True,ok,checkpoints/hospital_front_rgb_finetune/best.pt,4.48,0.2772,-0.3067,0.0693,-0.0053,0.3939,,,gnm_closed_loop,0.2,-0.3067,False,0,,h21_spawn_precheck,,probe,,,,,,,False,h2_weave_J,1.4634,True,0.2772,-0.3067,0.2,-0.3067,True,armed,False,
h21probe_M_s_20260710_020900,14,7.95,1783645743.684487,4.460212,-1.015199,-1e-06,-2.782071,0.2,-0.3067,0.199589,-0.002035,camera_link,7.95,gnm_closed_loop,,nominal,,True,ok,checkpoints/hospital_front_rgb_finetune/best.pt,4.48,0.2772,-0.3067,0.0693,-0.0053,0.3939,,,gnm_closed_loop,0.2,-0.3067,False,0,,h21_spawn_precheck,,probe,,,,,,,False,h2_weave_J,1.4603,True,0.2772,-0.3067,0.2,-0.3067,True,armed,False,
h21probe_M_s_20260710_020900,15,7.966667,1783645743.702063,4.45711,-1.016368,-1e-06,-2.782099,0.2,-0.312,0.199306,0.013233,camera_link,7.966667,gnm_closed_loop,,nominal,,True,ok,checkpoints/hospital_front_rgb_finetune/best.pt,4.9,0.2788,-0.312,0.0697,-0.0054,0.3849,,,gnm_closed_loop,0.2,-0.312,False,0,,h21_spawn_precheck,,probe,,,,,,,False,h2_weave_J,1.4572,True,0.2788,-0.312,0.2,-0.312,True,armed,False,
h21probe_M_s_20260710_020900,16,7.983334,1783645743.704924,4.454004,-1.017537,-0.0,-2.782132,0.2,-0.312,0.199306,0.013233,camera_link,7.983334,gnm_closed_loop,,nominal,,True,ok,checkpoints/hospital_front_rgb_finetune/best.pt,4.9,0.2788,-0.312,0.0697,-0.0054,0.3849,,,gnm_closed_loop,0.2,-0.312,False,0,,h21_spawn_precheck,,probe,,,,,,,False,h2_weave_J,1.4541,True,0.2788,-0.312,0.2,-0.312,True,armed,False,
h21probe_M_s_20260710_020900,17,8.0,1783645743.706758,4.4509,-1.018707,-1e-06,-2.782164,0.2,-0.312,0.199306,0.013233,camera_link,8.0,gnm_closed_loop,,nominal,,True,ok,checkpoints/hospital_front_rgb_finetune/best.pt,4.9,0.2788,-0.312,0.0697,-0.0054,0.3849,,,gnm_closed_loop,0.2,-0.312,False,0,,h21_spawn_precheck,,probe,,,,,,,False,h2_weave_J,1.451,True,0.2788,-0.312,0.2,-0.312,True,armed,False,
h21probe_M_s_20260710_020900,18,8.016667,1783645743.722473,4.447797,-1.019875,-1e-06,-2.782193,0.2,-0.3085,0.198807,0.018192,camera_link,8.016667,gnm_closed_loop,,nominal,,True,ok,checkpoints/hospital_front_rgb_finetune/best.pt,4.75,0.2753,-0.3085,0.0688,-0.0053,0.3916,,,gnm_closed_loop,0.2,-0.3085,False,0,,h21_spawn_precheck,,probe,,,,,,,False,h2_weave_J,1.4479,True,0.2753,-0.3085,0.2,-0.3085,True,armed,False,
h21probe_M_s_20260710_020900,19,8.033334,1783645743.725751,4.444694,-1.021043,-1e-06,-2.78222,0.2,-0.3085,0.198807,0.018192,camera_link,8.033334,gnm_closed_loop,,nominal,,True,ok,checkpoints/hospital_front_rgb_finetune/best.pt,4.75,0.2753,-0.3085,0.0688,-0.0053,0.3916,,,gnm_closed_loop,0.2,-0.3085,False,0,,h21_spawn_precheck,,probe,,,,,,,False,h2_weave_J,1.4448,True,0.2753,-0.3085,0.2,-0.3085,True,armed,False,
h21probe_M_s_20260710_020900,20,8.05,1783645743.727961,4.441586,-1.022212,-1e-06,-2.782255,0.2,-0.3085,0.198807,0.018192,camera_link,8.05,gnm_closed_loop,,nominal,,True,ok,checkpoints/hospital_front_rgb_finetune/best.pt,4.75,0.2753,-0.3085,0.0688,-0.0053,0.3916,,,gnm_closed_loop,0.2,-0.3085,False,0,,h21_spawn_precheck,,probe,,,,,,,False,h2_weave_J,1.4418,True,0.2753,-0.3085,0.2,-0.3085,True,armed,False,
h21probe_M_s_20260710_020900,21,8.066667,1783645743.745706,4.438483,-1.023381,-1e-06,-2.782284,0.2,-0.3043,0.198913,0.017222,camera_link,8.066667,gnm_closed_loop,,nominal,,True,ok,checkpoints/hospital_front_rgb_finetune/best.pt,5.78,0.2782,-0.3043,0.0696,-0.0053,0.39,,,gnm_closed_loop,0.2,-0.3043,False,0,,h21_spawn_precheck,,probe,,,,,,,False,h2_weave_J,1.4387,True,0.2782,-0.3043,0.2,-0.3043,True,armed,False,
h21probe_M_s_20260710_020900,22,8.083334,1783645743.747961,4.43538,-1.024548,-1e-06,-2.782313,0.2,-0.3043,0.198913,0.017222,camera_link,8.083334,gnm_closed_loop,,nominal,,True,ok,checkpoints/hospital_front_rgb_finetune/best.pt,5.78,0.2782,-0.3043,0.0696,-0.0053,0.39,,,gnm_closed_loop,0.2,-0.3043,False,0,,h21_spawn_precheck,,probe,,,,,,,False,h2_weave_J,1.4356,True,0.2782,-0.3043,0.2,-0.3043,True,armed,False,
h21probe_M_s_20260710_020900,23,8.1,1783645743.749754,4.432278,-1.025716,-1e-06,-2.782339,0.2,-0.3043,0.198913,0.017222,camera_link,8.1,gnm_closed_loop,,nominal,,True,ok,checkpoints/hospital_front_rgb_finetune/best.pt,5.78,0.2782,-0.3043,0.0696,-0.0053,0.39,,,gnm_closed_loop,0.2,-0.3043,False,0,,h21_spawn_precheck,,probe,,,,,,,False,h2_weave_J,1.4325,True,0.2782,-0.3043,0.2,-0.3043,True,armed,False,
h21probe_M_s_20260710_020900,24,8.116667,1783645743.767774,4.42917,-1.026885,-1e-06,-2.782372,0.2,-0.2835,0.199239,0.02243,camera_link,8.116667,gnm_closed_loop,,nominal,,True,ok,checkpoints/hospital_front_rgb_finetune/best.pt,5.81,0.2926,-0.2835,0.0732,-0.0052,0.396,,,gnm_closed_loop,0.2,-0.2835,False,0,,h21_spawn_precheck,,probe,,,,,,,False,h2_weave_J,1.4294,True,0.2926,-0.2835,0.2,-0.2835,True,armed,False,
h21probe_M_s_20260710_020900,25,8.133334,1783645743.770336,4.426067,-1.028054,-1e-06,-2.782396,0.2,-0.2835,0.199239,0.02243,camera_link,8.133334,gnm_closed_loop,,nominal,,True,ok,checkpoints/hospital_front_rgb_finetune/best.pt,5.81,0.2926,-0.2835,0.0732,-0.0052,0.396,,,gnm_closed_loop,0.2,-0.2835,False,0,,h21_spawn_precheck,,probe,,,,,,,False,h2_weave_J,1.4263,True,0.2926,-0.2835,0.2,-0.2835,True,armed,False,
h21probe_M_s_20260710_020900,26,8.15,1783645743.772217,4.422962,-1.029221,-1e-06,-2.782422,0.2,-0.2835,0.199239,0.02243,camera_link,8.15,gnm_closed_loop,,nominal,,True,ok,checkpoints/hospital_front_rgb_finetune/best.pt,5.81,0.2926,-0.2835,0.0732,-0.0052,0.396,,,gnm_closed_loop,0.2,-0.2835,False,0,,h21_spawn_precheck,,probe,,,,,,,False,h2_weave_J,1.4233,True,0.2926,-0.2835,0.2,-0.2835,True,armed,False,
h21probe_M_s_20260710_020900,27,8.166667,1783645743.788941,4.419857,-1.03039,-1e-06,-2.782447,0.2,-0.2821,0.199327,0.016384,camera_link,8.166667,gnm_closed_loop,,nominal,,True,ok,checkpoints/hospital_front_rgb_finetune/best.pt,5.5,0.2964,-0.2821,0.0741,-0.0052,0.3931,,,gnm_closed_loop,0.2,-0.2821,False,0,,h21_spawn_precheck,,probe,,,,,,,False,h2_weave_J,1.4202,True,0.2964,-0.2821,0.2,-0.2821,True,armed,False,
h21probe_M_s_20260710_020900,28,8.183334,1783645743.791761,4.416751,-1.031557,-1e-06,-2.78247,0.2,-0.2821,0.199327,0.016384,camera_link,8.183334,gnm_closed_loop,,nominal,,True,ok,checkpoints/hospital_front_rgb_finetune/best.pt,5.5,0.2964,-0.2821,0.0741,-0.0052,0.3931,,,gnm_closed_loop,0.2,-0.2821,False,0,,h21_spawn_precheck,,probe,,,,,,,False,h2_weave_J,1.4171,True,0.2964,-0.2821,0.2,-0.2821,True,armed,False,
h21probe_M_s_20260710_020900,29,8.2,1783645743.796029,4.413645,-1.032725,-1e-06,-2.782496,0.2,-0.2821,0.199327,0.016384,camera_link,8.2,gnm_closed_loop,,nominal,,True,ok,checkpoints/hospital_front_rgb_finetune/best.pt,5.5,0.2964,-0.2821,0.0741,-0.0052,0.3931,,,gnm_closed_loop,0.2,-0.2821,False,0,,h21_spawn_precheck,,probe,,,,,,,False,h2_weave_J,1.414,True,0.2964,-0.2821,0.2,-0.2821,True,armed,False,
h21probe_M_s_20260710_020900,30,8.216667,1783645743.815781,4.410541,-1.033892,-1e-06,-2.782518,0.2,-0.2938,0.19916,0.014355,camera_link,8.216667,gnm_closed_loop,,nominal,,True,ok,checkpoints/hospital_front_rgb_finetune/best.pt,5.69,0.289,-0.2938,0.0723,-0.0053,0.3903,,,gnm_closed_loop,0.2,-0.2938,False,0,,h21_spawn_precheck,,probe,,,,,,,False,h2_weave_J,1.4109,True,0.289,-0.2938,0.2,-0.2938,True,armed,False,
h21probe_M_s_20260710_020900,31,8.233334,1783645743.818283,4.407435,-1.03506,-1e-06,-2.782545,0.2,-0.2938,0.19916,0.014355,camera_link,8.233334,gnm_closed_loop,,nominal,,True,ok,checkpoints/hospital_front_rgb_finetune/best.pt,5.69,0.289,-0.2938,0.0723,-0.0053,0.3903,,,gnm_closed_loop,0.2,-0.2938,False,0,,h21_spawn_precheck,,probe,,,,,,,False,h2_weave_J,1.4079,True,0.289,-0.2938,0.2,-0.2938,True,armed,False,
h21probe_M_s_20260710_020900,32,8.25,1783645743.820257,4.404329,-1.036228,-1e-06,-2.782571,0.2,-0.2938,0.19916,0.014355,camera_link,8.25,gnm_closed_loop,,nominal,,True,ok,checkpoints/hospital_front_rgb_finetune/best.pt,5.69,0.289,-0.2938,0.0723,-0.0053,0.3903,,,gnm_closed_loop,0.2,-0.2938,False,0,,h21_spawn_precheck,,probe,,,,,,,False,h2_weave_J,1.4048,True,0.289,-0.2938,0.2,-0.2938,True,armed,False,
h21probe_M_s_20260710_020900,33,8.266667,1783645743.837775,4.401216,-1.037398,-1e-06,-2.782598,0.2,-0.305,0.19976,0.01195,camera_link,8.266667,gnm_closed_loop,,nominal,,True,ok,checkpoints/hospital_front_rgb_finetune/best.pt,5.97,0.2784,-0.305,0.0696,-0.0053,0.3919,,,gnm_closed_loop,0.2,-0.305,False,0,,h21_spawn_precheck,,probe,,,,,,,False,h2_weave_J,1.4017,True,0.2784,-0.305,0.2,-0.305,True,armed,False,
h21probe_M_s_20260710_020900,34,8.283334,1783645743.84021,4.398104,-1.038568,-0.0,-2.782631,0.2,-0.305,0.19976,0.01195,camera_link,8.283334,gnm_closed_loop,,nominal,,True,ok,checkpoints/hospital_front_rgb_finetune/best.pt,5.97,0.2784,-0.305,0.0696,-0.0053,0.3919,,,gnm_closed_loop,0.2,-0.305,False,0,,h21_spawn_precheck,,probe,,,,,,,False,h2_weave_J,1.3986,True,0.2784,-0.305,0.2,-0.305,True,armed,False,
h21probe_M_s_20260710_020900,35,8.3,1783645743.84242,4.394988,-1.039737,-0.0,-2.782672,0.2,-0.305,0.19976,0.01195,camera_link,8.3,gnm_closed_loop,,nominal,,True,ok,checkpoints/hospital_front_rgb_finetune/best.pt,5.97,0.2784,-0.305,0.0696,-0.0053,0.3919,,,gnm_closed_loop,0.2,-0.305,False,0,,h21_spawn_precheck,,probe,,,,,,,False,h2_weave_J,1.3956,True,0.2784,-0.305,0.2,-0.305,True,armed,False,
h21probe_M_s_20260710_020900,36,8.316667,1783645743.860202,4.391885,-1.040904,-1e-06,-2.7827,0.2,-0.306,0.199027,0.016503,camera_link,8.316667,gnm_closed_loop,,nominal,,True,ok,checkpoints/hospital_front_rgb_finetune/best.pt,5.32,0.2752,-0.306,0.0688,-0.0053,0.3901,,,gnm_closed_loop,0.2,-0.306,False,0,,h21_spawn_precheck,,probe,,,,,,,False,h2_weave_J,1.3925,True,0.2752,-0.306,0.2,-0.306,True,armed,False,
h21probe_M_s_20260710_020900,37,8.333334,1783645743.863273,4.388781,-1.04207,-1e-06,-2.782732,0.2,-0.306,0.199027,0.016503,camera_link,8.333334,gnm_closed_loop,,nominal,,True,ok,checkpoints/hospital_front_rgb_finetune/best.pt,5.32,0.2752,-0.306,0.0688,-0.0053,0.3901,,,gnm_closed_loop,0.2,-0.306,False,0,,h21_spawn_precheck,,probe,,,,,,,False,h2_weave_J,1.3894,True,0.2752,-0.306,0.2,-0.306,True,armed,False,
h21probe_M_s_20260710_020900,38,8.35,1783645743.865218,4.385677,-1.043237,-0.0,-2.782762,0.2,-0.306,0.199027,0.016503,camera_link,8.35,gnm_closed_loop,,nominal,,True,ok,checkpoints/hospital_front_rgb_finetune/best.pt,5.32,0.2752,-0.306,0.0688,-0.0053,0.3901,,,gnm_closed_loop,0.2,-0.306,False,0,,h21_spawn_precheck,,probe,,,,,,,False,h2_weave_J,1.3864,True,0.2752,-0.306,0.2,-0.306,True,armed,False,
h21probe_M_s_20260710_020900,39,8.366667,1783645743.879935,4.382574,-1.044404,-1e-06,-2.78279,0.2,-0.2958,0.199004,0.017532,camera_link,8.366667,gnm_closed_loop,,nominal,,True,ok,checkpoints/hospital_front_rgb_finetune/best.pt,5.23,0.2812,-0.2958,0.0703,-0.0052,0.3823,,,gnm_closed_loop,0.2,-0.2958,False,0,,h21_spawn_precheck,,probe,,,,,,,False,h2_weave_J,1.3833,True,0.2812,-0.2958,0.2,-0.2958,True,armed,False,
h21probe_M_s_20260710_020900,40,8.383334,1783645743.883396,4.37947,-1.045571,-1e-06,-2.782819,0.2,-0.2958,0.199004,0.017532,camera_link,8.383334,gnm_closed_loop,,nominal,,True,ok,checkpoints/hospital_front_rgb_finetune/best.pt,5.23,0.2812,-0.2958,0.0703,-0.0052,0.3823,,,gnm_closed_loop,0.2,-0.2958,False,0,,h21_spawn_precheck,,probe,,,,,,,False,h2_weave_J,1.3802,True,0.2812,-0.2958,0.2,-0.2958,True,armed,False,
h21probe_M_s_20260710_020900,41,8.4,1783645743.885422,4.376364,-1.046739,-1e-06,-2.782846,0.2,-0.2958,0.199004,0.017532,camera_link,8.4,gnm_closed_loop,,nominal,,True,ok,checkpoints/hospital_front_rgb_finetune/best.pt,5.23,0.2812,-0.2958,0.0703,-0.0052,0.3823,,,gnm_closed_loop,0.2,-0.2958,False,0,,h21_spawn_precheck,,probe,,,,,,,False,h2_weave_J,1.3772,True,0.2812,-0.2958,0.2,-0.2958,True,armed,False,
h21probe_M_s_20260710_020900,42,8.416667,1783645743.906448,4.373259,-1.047905,-1e-06,-2.782873,0.2,-0.2852,0.199472,0.01865,camera_link,8.416667,gnm_closed_loop,,nominal,,True,ok,checkpoints/hospital_front_rgb_finetune/best.pt,6.76,0.286,-0.2852,0.0715,-0.0051,0.3777,,,gnm_closed_loop,0.2,-0.2852,False,0,,h21_spawn_precheck,,probe,,,,,,,False,h2_weave_J,1.3741,True,0.286,-0.2852,0.2,-0.2852,True,armed,False,
h21probe_M_s_20260710_020900,43,8.433334,1783645743.909102,4.370153,-1.049073,-1e-06,-2.782897,0.2,-0.2852,0.199472,0.01865,camera_link,8.433334,gnm_closed_loop,,nominal,,True,ok,checkpoints/hospital_front_rgb_finetune/best.pt,6.76,0.286,-0.2852,0.0715,-0.0051,0.3777,,,gnm_closed_loop,0.2,-0.2852,False,0,,h21_spawn_precheck,,probe,,,,,,,False,h2_weave_J,1.371,True,0.286,-0.2852,0.2,-0.2852,True,armed,False,
h21probe_M_s_20260710_020900,44,8.45,1783645743.911205,4.367048,-1.050239,-1e-06,-2.782923,0.2,-0.2852,0.199472,0.01865,camera_link,8.45,gnm_closed_loop,,nominal,,True,ok,checkpoints/hospital_front_rgb_finetune/best.pt,6.76,0.286,-0.2852,0.0715,-0.0051,0.3777,,,gnm_closed_loop,0.2,-0.2852,False,0,,h21_spawn_precheck,,probe,,,,,,,False,h2_weave_J,1.368,True,0.286,-0.2852,0.2,-0.2852,True,armed,False,
h21probe_M_s_20260710_020900,45,8.466667,1783645743.925123,4.363941,-1.051406,-1e-06,-2.782948,0.2,-0.2892,0.199427,0.015506,camera_link,8.466667,gnm_closed_loop,,nominal,,True,ok,checkpoints/hospital_front_rgb_finetune/best.pt,3.85,0.2839,-0.2892,0.071,-0.0051,0.375,,,gnm_closed_loop,0.2,-0.2892,False,0,,h21_spawn_precheck,,probe,,,,,,,False,h2_weave_J,1.3649,True,0.2839,-0.2892,0.2,-0.2892,True,armed,False,
h21probe_M_s_20260710_020900,46,8.483334,1783645743.927409,4.360834,-1.052572,-1e-06,-2.782975,0.2,-0.2892,0.199427,0.015506,camera_link,8.483334,gnm_closed_loop,,nominal,,True,ok,checkpoints/hospital_front_rgb_finetune/best.pt,3.85,0.2839,-0.2892,0.071,-0.0051,0.375,,,gnm_closed_loop,0.2,-0.2892,False,0,,h21_spawn_precheck,,probe,,,,,,,False,h2_weave_J,1.3618,True,0.2839,-0.2892,0.2,-0.2892,True,armed,False,
h21probe_M_s_20260710_020900,47,8.5,1783645743.929333,4.357728,-1.053739,-1e-06,-2.782999,0.2,-0.2892,0.199427,0.015506,camera_link,8.5,gnm_closed_loop,,nominal,,True,ok,checkpoints/hospital_front_rgb_finetune/best.pt,3.85,0.2839,-0.2892,0.071,-0.0051,0.375,,,gnm_closed_loop,0.2,-0.2892,False,0,,h21_spawn_precheck,,probe,,,,,,,False,h2_weave_J,1.3588,True,0.2839,-0.2892,0.2,-0.2892,True,armed,False,
h21probe_M_s_20260710_020900,48,8.516667,1783645743.946518,4.354621,-1.054905,-1e-06,-2.783026,0.2,-0.2832,0.199574,0.018909,camera_link,8.516667,gnm_closed_loop,,nominal,,True,ok,checkpoints/hospital_front_rgb_finetune/best.pt,5.05,0.2829,-0.2832,0.0707,-0.005,0.3809,,,gnm_closed_loop,0.2,-0.2832,False,0,,h21_spawn_precheck,,probe,,,,,,,False,h2_weave_J,1.3557,True,0.2829,-0.2832,0.2,-0.2832,True,armed,False,
h21probe_M_s_20260710_020900,49,8.533334,1783645743.948885,4.351513,-1.056072,-1e-06,-2.783049,0.2,-0.2832,0.199574,0.018909,camera_link,8.533334,gnm_closed_loop,,nominal,,True,ok,checkpoints/hospital_front_rgb_finetune/best.pt,5.05,0.2829,-0.2832,0.0707,-0.005,0.3809,,,gnm_closed_loop,0.2,-0.2832,False,0,,h21_spawn_precheck,,probe,,,,,,,False,h2_weave_J,1.3527,True,0.2829,-0.2832,0.2,-0.2832,True,armed,False,
h21probe_M_s_20260710_020900,50,8.55,1783645743.9511,4.348405,-1.057238,-1e-06,-2.783075,0.2,-0.2832,0.199574,0.018909,camera_link,8.55,gnm_closed_loop,,nominal,,True,ok,checkpoints/hospital_front_rgb_finetune/best.pt,5.05,0.2829,-0.2832,0.0707,-0.005,0.3809,,,gnm_closed_loop,0.2,-0.2832,False,0,,h21_spawn_precheck,,probe,,,,,,,False,h2_weave_J,1.3496,True,0.2829,-0.2832,0.2,-0.2832,True,armed,False,
h21probe_M_s_20260710_020900,51,8.566667,1783645743.970732,4.345297,-1.058405,-1e-06,-2.783098,0.2,-0.2889,0.199599,0.01464,camera_link,8.566667,gnm_closed_loop,,nominal,,True,ok,checkpoints/hospital_front_rgb_finetune/best.pt,5.89,0.2823,-0.2889,0.0706,-0.0051,0.3831,,,gnm_closed_loop,0.2,-0.2889,False,0,,h21_spawn_precheck,,probe,,,,,,,False,h2_weave_J,1.3466,True,0.2823,-0.2889,0.2,-0.2889,True,armed,False,
h21probe_M_s_20260710_020900,52,8.583334,1783645743.974797,4.342187,-1.059571,-1e-06,-2.783125,0.2,-0.2889,0.199599,0.01464,camera_link,8.583334,gnm_closed_loop,,nominal,,True,ok,checkpoints/hospital_front_rgb_finetune/best.pt,5.89,0.2823,-0.2889,0.0706,-0.0051,0.3831,,,gnm_closed_loop,0.2,-0.2889,False,0,,h21_spawn_precheck,,probe,,,,,,,False,h2_weave_J,1.3435,True,0.2823,-0.2889,0.2,-0.2889,True,armed,False,
h21probe_M_s_20260710_020900,53,8.6,1783645743.97826,4.33908,-1.060737,-1e-06,-2.78315,0.2,-0.2889,0.199599,0.01464,camera_link,8.6,gnm_closed_loop,,nominal,,True,ok,checkpoints/hospital_front_rgb_finetune/best.pt,5.89,0.2823,-0.2889,0.0706,-0.0051,0.3831,,,gnm_closed_loop,0.2,-0.2889,False,0,,h21_spawn_precheck,,probe,,,,,,,False,h2_weave_J,1.3405,True,0.2823,-0.2889,0.2,-0.2889,True,armed,False,
h21probe_M_s_20260710_020900,54,8.616667,1783645744.0035,4.335974,-1.061903,-1e-06,-2.783177,0.2,-0.2978,0.19954,0.018656,camera_link,8.616667,gnm_closed_loop,,nominal,,True,ok,checkpoints/hospital_front_rgb_finetune/best.pt,6.7,0.2802,-0.2978,0.07,-0.0052,0.3755,,,gnm_closed_loop,0.2,-0.2978,False,0,,h21_spawn_precheck,,probe,,,,,,,False,h2_weave_J,1.3374,True,0.2802,-0.2978,0.2,-0.2978,True,armed,False,
h21probe_M_s_20260710_020900,55,8.633334,1783645744.00802,4.332867,-1.063069,-1e-06,-2.783204,0.2,-0.2978,0.19954,0.018656,camera_link,8.633334,gnm_closed_loop,,nominal,,True,ok,checkpoints/hospital_front_rgb_finetune/best.pt,6.7,0.2802,-0.2978,0.07,-0.0052,0.3755,,,gnm_closed_loop,0.2,-0.2978,False,0,,h21_spawn_precheck,,probe,,,,,,,False,h2_weave_J,1.3344,True,0.2802,-0.2978,0.2,-0.2978,True,armed,False,
h21probe_M_s_20260710_020900,56,8.65,1783645744.010448,4.329762,-1.064235,-1e-06,-2.783233,0.2,-0.2978,0.19954,0.018656,camera_link,8.65,gnm_closed_loop,,nominal,,True,ok,checkpoints/hospital_front_rgb_finetune/best.pt,6.7,0.2802,-0.2978,0.07,-0.0052,0.3755,,,gnm_closed_loop,0.2,-0.2978,False,0,,h21_spawn_precheck,,probe,,,,,,,False,h2_weave_J,1.3313,True,0.2802,-0.2978,0.2,-0.2978,True,armed,False,
h21probe_M_s_20260710_020900,57,8.666667,1783645744.026082,4.326656,-1.0654,-1e-06,-2.783259,0.2,-0.3129,0.199126,0.017701,camera_link,8.666667,gnm_closed_loop,,nominal,,True,ok,checkpoints/hospital_front_rgb_finetune/best.pt,4.88,0.2751,-0.3129,0.0688,-0.0054,0.3689,,,gnm_closed_loop,0.2,-0.3129,False,0,,h21_spawn_precheck,,probe,,,,,,,False,h2_weave_J,1.3283,True,0.2751,-0.3129,0.2,-0.3129,True,armed,False,
h21probe_M_s_20260710_020900,58,8.683334,1783645744.028239,4.323551,-1.066566,-1e-06,-2.78329,0.2,-0.3129,0.199126,0.017701,camera_link,8.683334,gnm_closed_loop,,nominal,,True,ok,checkpoints/hospital_front_rgb_finetune/best.pt,4.88,0.2751,-0.3129,0.0688,-0.0054,0.3689,,,gnm_closed_loop,0.2,-0.3129,False,0,,h21_spawn_precheck,,probe,,,,,,,False,h2_weave_J,1.3252,True,0.2751,-0.3129,0.2,-0.3129,True,armed,False,
h21probe_M_s_20260710_020900,59,8.7,1783645744.030064,4.320441,-1.067731,-1e-06,-2.783326,0.2,-0.3129,0.199126,0.017701,camera_link,8.7,gnm_closed_loop,,nominal,,True,ok,checkpoints/hospital_front_rgb_finetune/best.pt,4.88,0.2751,-0.3129,0.0688,-0.0054,0.3689,,,gnm_closed_loop,0.2,-0.3129,False,0,,h21_spawn_precheck,,probe,,,,,,,False,h2_weave_J,1.3222,True,0.2751,-0.3129,0.2,-0.3129,True,armed,False,
h21probe_M_s_20260710_020900,60,8.716667,1783645744.046409,4.317337,-1.068896,-1e-06,-2.783356,0.2,-0.3066,0.198676,0.018638,camera_link,8.716667,gnm_closed_loop,,nominal,,True,ok,checkpoints/hospital_front_rgb_finetune/best.pt,4.9,0.2731,-0.3066,0.0683,-0.0052,0.3705,,,gnm_closed_loop,0.2,-0.3066,False,0,,h21_spawn_precheck,,probe,,,,,,,False,h2_weave_J,1.3191,True,0.2731,-0.3066,0.2,-0.3066,True,armed,False,
h21probe_M_s_20260710_020900,61,8.733334,1783645744.048577,4.314233,-1.07006,-1e-06,-2.783385,0.2,-0.3066,0.198676,0.018638,camera_link,8.733334,gnm_closed_loop,,nominal,,True,ok,checkpoints/hospital_front_rgb_finetune/best.pt,4.9,0.2731,-0.3066,0.0683,-0.0052,0.3705,,,gnm_closed_loop,0.2,-0.3066,False,0,,h21_spawn_precheck,,probe,,,,,,,False,h2_weave_J,1.3161,True,0.2731,-0.3066,0.2,-0.3066,True,armed,False,
h21probe_M_s_20260710_020900,62,8.75,1783645744.050445,4.311124,-1.071226,-1e-06,-2.783419,0.2,-0.3066,0.198676,0.018638,camera_link,8.75,gnm_closed_loop,,nominal,,True,ok,checkpoints/hospital_front_rgb_finetune/best.pt,4.9,0.2731,-0.3066,0.0683,-0.0052,0.3705,,,gnm_closed_loop,0.2,-0.3066,False,0,,h21_spawn_precheck,,probe,,,,,,,False,h2_weave_J,1.3131,True,0.2731,-0.3066,0.2,-0.3066,True,armed,False,
h21probe_M_s_20260710_020900,63,8.766667,1783645744.068432,4.308019,-1.072391,-1e-06,-2.783448,0.2,-0.3113,0.198856,0.018146,camera_link,8.766667,gnm_closed_loop,,nominal,,True,ok,checkpoints/hospital_front_rgb_finetune/best.pt,4.34,0.2719,-0.3113,0.068,-0.0053,0.3654,,,gnm_closed_loop,0.2,-0.3113,False,0,,h21_spawn_precheck,,probe,,,,,,,False,h2_weave_J,1.31,True,0.2719,-0.3113,0.2,-0.3113,True,armed,False,
h21probe_M_s_20260710_020900,64,8.783334,1783645744.070726,4.304915,-1.073555,-1e-06,-2.783478,0.2,-0.3113,0.198856,0.018146,camera_link,8.783334,gnm_closed_loop,,nominal,,True,ok,checkpoints/hospital_front_rgb_finetune/best.pt,4.34,0.2719,-0.3113,0.068,-0.0053,0.3654,,,gnm_closed_loop,0.2,-0.3113,False,0,,h21_spawn_precheck,,probe,,,,,,,False,h2_weave_J,1.307,True,0.2719,-0.3113,0.2,-0.3113,True,armed,False,
h21probe_M_s_20260710_020900,65,8.8,1783645744.073585,4.301808,-1.074721,-1e-06,-2.783511,0.2,-0.3113,0.198856,0.018146,camera_link,8.8,gnm_closed_loop,,nominal,,True,ok,checkpoints/hospital_front_rgb_finetune/best.pt,4.34,0.2719,-0.3113,0.068,-0.0053,0.3654,,,gnm_closed_loop,0.2,-0.3113,False,0,,h21_spawn_precheck,,probe,,,,,,,False,h2_weave_J,1.304,True,0.2719,-0.3113,0.2,-0.3113,True,armed,False,
h21probe_M_s_20260710_020900,66,8.816667,1783645744.097733,4.298705,-1.075885,-1e-06,-2.783539,0.2,-0.3127,0.198912,0.018491,camera_link,8.816667,gnm_closed_loop,,nominal,,True,ok,checkpoints/hospital_front_rgb_finetune/best.pt,9.17,0.2692,-0.3127,0.0673,-0.0053,0.3663,,,gnm_closed_loop,0.2,-0.3127,False,0,,h21_spawn_precheck,,probe,,,,,,,False,h2_weave_J,1.3009,True,0.2692,-0.3127,0.2,-0.3127,True,armed,False,
h21probe_M_s_20260710_020900,67,8.833334,1783645744.100981,4.2956,-1.077049,-1e-06,-2.783572,0.2,-0.3127,0.198912,0.018491,camera_link,8.833334,gnm_closed_loop,,nominal,,True,ok,checkpoints/hospital_front_rgb_finetune/best.pt,9.17,0.2692,-0.3127,0.0673,-0.0053,0.3663,,,gnm_closed_loop,0.2,-0.3127,False,0,,h21_spawn_precheck,,probe,,,,,,,False,h2_weave_J,1.2979,True,0.2692,-0.3127,0.2,-0.3127,True,armed,False,
h21probe_M_s_20260710_020900,68,8.85,1783645744.103605,4.292496,-1.078213,-1e-06,-2.783602,0.2,-0.3127,0.198912,0.018491,camera_link,8.85,gnm_closed_loop,,nominal,,True,ok,checkpoints/hospital_front_rgb_finetune/best.pt,9.17,0.2692,-0.3127,0.0673,-0.0053,0.3663,,,gnm_closed_loop,0.2,-0.3127,False,0,,h21_spawn_precheck,,probe,,,,,,,False,h2_weave_J,1.2949,True,0.2692,-0.3127,0.2,-0.3127,True,armed,False,
h21probe_M_s_20260710_020900,69,8.866667,1783645744.118674,4.289392,-1.079377,-1e-06,-2.783632,0.2,-0.3054,0.199207,0.014705,camera_link,8.866667,gnm_closed_loop,,nominal,,True,ok,checkpoints/hospital_front_rgb_finetune/best.pt,4.72,0.2719,-0.3054,0.068,-0.0052,0.3828,,,gnm_closed_loop,0.2,-0.3054,False,0,,h21_spawn_precheck,,probe,,,,,,,False,h2_weave_J,1.2918,True,0.2719,-0.3054,0.2,-0.3054,True,armed,False,
h21probe_M_s_20260710_020900,70,8.883334,1783645744.121008,4.286285,-1.080542,-1e-06,-2.783663,0.2,-0.3054,0.199207,0.014705,camera_link,8.883334,gnm_closed_loop,,nominal,,True,ok,checkpoints/hospital_front_rgb_finetune/best.pt,4.72,0.2719,-0.3054,0.068,-0.0052,0.3828,,,gnm_closed_loop,0.2,-0.3054,False,0,,h21_spawn_precheck,,probe,,,,,,,False,h2_weave_J,1.2888,True,0.2719,-0.3054,0.2,-0.3054,True,armed,False,
h21probe_M_s_20260710_020900,71,8.9,1783645744.122894,4.283179,-1.081705,-1e-06,-2.783693,0.2,-0.3054,0.199207,0.014705,camera_link,8.9,gnm_closed_loop,,nominal,,True,ok,checkpoints/hospital_front_rgb_finetune/best.pt,4.72,0.2719,-0.3054,0.068,-0.0052,0.3828,,,gnm_closed_loop,0.2,-0.3054,False,0,,h21_spawn_precheck,,probe,,,,,,,False,h2_weave_J,1.2858,True,0.2719,-0.3054,0.2,-0.3054,True,armed,False,
h21probe_M_s_20260710_020900,72,8.916667,1783645744.137467,4.280076,-1.082869,-1e-06,-2.783722,0.2,-0.3065,0.199093,0.019406,camera_link,8.916667,gnm_closed_loop,,nominal,,True,ok,checkpoints/hospital_front_rgb_finetune/best.pt,5.45,0.2709,-0.3065,0.0677,-0.0052,0.3854,,,gnm_closed_loop,0.2,-0.3065,False,0,,h21_spawn_precheck,,probe,,,,,,,False,h2_weave_J,1.2828,True,0.2709,-0.3065,0.2,-0.3065,True,armed,False,
h21probe_M_s_20260710_020900,73,8.933334,1783645744.139742,4.276971,-1.084032,-1e-06,-2.783751,0.2,-0.3065,0.199093,0.019406,camera_link,8.933334,gnm_closed_loop,,nominal,,True,ok,checkpoints/hospital_front_rgb_finetune/best.pt,5.45,0.2709,-0.3065,0.0677,-0.0052,0.3854,,,gnm_closed_loop,0.2,-0.3065,False,0,,h21_spawn_precheck,,probe,,,,,,,False,h2_weave_J,1.2797,True,0.2709,-0.3065,0.2,-0.3065,True,armed,False,
h21probe_M_s_20260710_020900,74,8.95,1783645744.141546,4.273865,-1.085196,-1e-06,-2.783782,0.2,-0.3065,0.199093,0.019406,camera_link,8.95,gnm_closed_loop,,nominal,,True,ok,checkpoints/hospital_front_rgb_finetune/best.pt,5.45,0.2709,-0.3065,0.0677,-0.0052,0.3854,,,gnm_closed_loop,0.2,-0.3065,False,0,,h21_spawn_precheck,,probe,,,,,,,False,h2_weave_J,1.2767,True,0.2709,-0.3065,0.2,-0.3065,True,armed,False,
h21probe_M_s_20260710_020900,75,8.966667,1783645744.157309,4.27076,-1.086359,-1e-06,-2.78381,0.2,-0.3028,0.199194,0.017021,camera_link,8.966667,gnm_closed_loop,,nominal,,True,ok,checkpoints/hospital_front_rgb_finetune/best.pt,5.06,0.2731,-0.3028,0.0683,-0.0052,0.3807,,,gnm_closed_loop,0.2,-0.3028,False,0,,h21_spawn_precheck,,probe,,,,,,,False,h2_weave_J,1.2737,True,0.2731,-0.3028,0.2,-0.3028,True,armed,False,
h21probe_M_s_20260710_020900,76,8.983334,1783645744.159779,4.267653,-1.087523,-1e-06,-2.783841,0.2,-0.3028,0.199194,0.017021,camera_link,8.983334,gnm_closed_loop,,nominal,,True,ok,checkpoints/hospital_front_rgb_finetune/best.pt,5.06,0.2731,-0.3028,0.0683,-0.0052,0.3807,,,gnm_closed_loop,0.2,-0.3028,False,0,,h21_spawn_precheck,,probe,,,,,,,False,h2_weave_J,1.2707,True,0.2731,-0.3028,0.2,-0.3028,True,armed,False,
h21probe_M_s_20260710_020900,77,9.0,1783645744.162856,4.264547,-1.088686,-1e-06,-2.783868,0.2,-0.3028,0.199194,0.017021,camera_link,9.0,gnm_closed_loop,,nominal,,True,ok,checkpoints/hospital_front_rgb_finetune/best.pt,5.06,0.2731,-0.3028,0.0683,-0.0052,0.3807,,,gnm_closed_loop,0.2,-0.3028,False,0,,h21_spawn_precheck,,probe,,,,,,,False,h2_weave_J,1.2677,True,0.2731,-0.3028,0.2,-0.3028,True,armed,False,
h21probe_M_s_20260710_020900,78,9.016667,1783645744.181898,4.261443,-1.08985,-1e-06,-2.783895,0.2,-0.2923,0.19924,0.014493,camera_link,9.016667,gnm_closed_loop,,nominal,,True,ok,checkpoints/hospital_front_rgb_finetune/best.pt,4.93,0.2745,-0.2923,0.0686,-0.005,0.385,,,gnm_closed_loop,0.2,-0.2923,False,0,,h21_spawn_precheck,,probe,,,,,,,False,h2_weave_J,1.2646,True,0.2745,-0.2923,0.2,-0.2923,True,armed,False,
h21probe_M_s_20260710_020900,79,9.033334,1783645744.184162,4.258333,-1.091013,-0.0,-2.783923,0.2,-0.2923,0.19924,0.014493,camera_link,9.033334,gnm_closed_loop,,nominal,,True,ok,checkpoints/hospital_front_rgb_finetune/best.pt,4.93,0.2745,-0.2923,0.0686,-0.005,0.385,,,gnm_closed_loop,0.2,-0.2923,False,0,,h21_spawn_precheck,,probe,,,,,,,False,h2_weave_J,1.2616,True,0.2745,-0.2923,0.2,-0.2923,True,armed,False,
h21probe_M_s_20260710_020900,80,9.05,1783645744.186336,4.255225,-1.092177,-0.0,-2.783949,0.2,-0.2923,0.19924,0.014493,camera_link,9.05,gnm_closed_loop,,nominal,,True,ok,checkpoints/hospital_front_rgb_finetune/best.pt,4.93,0.2745,-0.2923,0.0686,-0.005,0.385,,,gnm_closed_loop,0.2,-0.2923,False,0,,h21_spawn_precheck,,probe,,,,,,,False,h2_weave_J,1.2586,True,0.2745,-0.2923,0.2,-0.2923,True,armed,False,
h21probe_M_s_20260710_020900,81,9.066667,1783645744.202123,4.252116,-1.09334,-1e-06,-2.783976,0.2,-0.286,0.19931,0.016836,camera_link,9.066667,gnm_closed_loop,,nominal,,True,ok,checkpoints/hospital_front_rgb_finetune/best.pt,5.12,0.2797,-0.286,0.0699,-0.005,0.3954,,,gnm_closed_loop,0.2,-0.286,False,0,,h21_spawn_precheck,,probe,,,,,,,False,h2_weave_J,1.2556,True,0.2797,-0.286,0.2,-0.286,True,armed,False,
h21probe_M_s_20260710_020900,82,9.083334,1783645744.20435,4.249008,-1.094504,-1e-06,-2.783999,0.2,-0.286,0.19931,0.016836,camera_link,9.083334,gnm_closed_loop,,nominal,,True,ok,checkpoints/hospital_front_rgb_finetune/best.pt,5.12,0.2797,-0.286,0.0699,-0.005,0.3954,,,gnm_closed_loop,0.2,-0.286,False,0,,h21_spawn_precheck,,probe,,,,,,,False,h2_weave_J,1.2526,True,0.2797,-0.286,0.2,-0.286,True,armed,False,
h21probe_M_s_20260710_020900,83,9.1,1783645744.206256,4.245899,-1.095667,-1e-06,-2.784025,0.2,-0.286,0.19931,0.016836,camera_link,9.1,gnm_closed_loop,,nominal,,True,ok,checkpoints/hospital_front_rgb_finetune/best.pt,5.12,0.2797,-0.286,0.0699,-0.005,0.3954,,,gnm_closed_loop,0.2,-0.286,False,0,,h21_spawn_precheck,,probe,,,,,,,False,h2_weave_J,1.2496,True,0.2797,-0.286,0.2,-0.286,True,armed,False,
h21probe_M_s_20260710_020900,84,9.116667,1783645744.220523,4.24279,-1.09683,-1e-06,-2.784049,0.2,-0.2948,0.199264,0.01546,camera_link,9.116667,gnm_closed_loop,,nominal,,True,ok,checkpoints/hospital_front_rgb_finetune/best.pt,4.99,0.2862,-0.2948,0.0715,-0.0053,0.3225,,,gnm_closed_loop,0.2,-0.2948,False,0,,h21_spawn_precheck,,probe,,,,,,,False,h2_weave_J,1.2466,True,0.2862,-0.2948,0.2,-0.2948,True,armed,False,
h21probe_M_s_20260710_020900,85,9.133334,1783645744.222739,4.23968,-1.097993,-0.0,-2.784078,0.2,-0.2948,0.199264,0.01546,camera_link,9.133334,gnm_closed_loop,,nominal,,True,ok,checkpoints/hospital_front_rgb_finetune/best.pt,4.99,0.2862,-0.2948,0.0715,-0.0053,0.3225,,,gnm_closed_loop,0.2,-0.2948,False,0,,h21_spawn_precheck,,probe,,,,,,,False,h2_weave_J,1.2435,True,0.2862,-0.2948,0.2,-0.2948,True,armed,False,
h21probe_M_s_20260710_020900,86,9.15,1783645744.224639,4.236571,-1.099157,-1e-06,-2.784103,0.2,-0.2948,0.199264,0.01546,camera_link,9.15,gnm_closed_loop,,nominal,,True,ok,checkpoints/hospital_front_rgb_finetune/best.pt,4.99,0.2862,-0.2948,0.0715,-0.0053,0.3225,,,gnm_closed_loop,0.2,-0.2948,False,0,,h21_spawn_precheck,,probe,,,,,,,False,h2_weave_J,1.2405,True,0.2862,-0.2948,0.2,-0.2948,True,armed,False,
h21probe_M_s_20260710_020900,87,9.166667,1783645744.244032,4.233464,-1.10032,-0.0,-2.784132,0.2,-0.2867,0.199272,0.018357,camera_link,9.166667,gnm_closed_loop,,nominal,,True,ok,checkpoints/hospital_front_rgb_finetune/best.pt,5.46,0.2986,-0.2867,0.0747,-0.0054,0.3087,,,gnm_closed_loop,0.2,-0.2867,False,0,,h21_spawn_precheck,,probe,,,,,,,False,h2_weave_J,1.2375,True,0.2986,-0.2867,0.2,-0.2867,True,armed,False,
h21probe_M_s_20260710_020900,88,9.183334,1783645744.246284,4.230356,-1.101482,-1e-06,-2.784157,0.2,-0.2867,0.199272,0.018357,camera_link,9.183334,gnm_closed_loop,,nominal,,True,ok,checkpoints/hospital_front_rgb_finetune/best.pt,5.46,0.2986,-0.2867,0.0747,-0.0054,0.3087,,,gnm_closed_loop,0.2,-0.2867,False,0,,h21_spawn_precheck,,probe,,,,,,,False,h2_weave_J,1.2345,True,0.2986,-0.2867,0.2,-0.2867,True,armed,False,
h21probe_M_s_20260710_020900,89,9.2,1783645744.248252,4.227248,-1.102645,-1e-06,-2.784179,0.2,-0.2867,0.199272,0.018357,camera_link,9.2,gnm_closed_loop,,nominal,,True,ok,checkpoints/hospital_front_rgb_finetune/best.pt,5.46,0.2986,-0.2867,0.0747,-0.0054,0.3087,,,gnm_closed_loop,0.2,-0.2867,False,0,,h21_spawn_precheck,,probe,,,,,,,False,h2_weave_J,1.2315,True,0.2986,-0.2867,0.2,-0.2867,True,armed,False,
h21probe_M_s_20260710_020900,90,9.216667,1783645744.265677,4.22414,-1.103807,-0.0,-2.784206,0.2,-0.2825,0.19941,0.01693,camera_link,9.216667,gnm_closed_loop,,nominal,,True,ok,checkpoints/hospital_front_rgb_finetune/best.pt,4.11,0.3014,-0.2825,0.0754,-0.0053,0.3094,,,gnm_closed_loop,0.2,-0.2825,False,0,,h21_spawn_precheck,,probe,,,,,,,False,h2_weave_J,1.2285,True,0.3014,-0.2825,0.2,-0.2825,True,armed,False,
h21probe_M_s_20260710_020900,91,9.233334,1783645744.267813,4.22103,-1.10497,-1e-06,-2.78423,0.2,-0.2825,0.19941,0.01693,camera_link,9.233334,gnm_closed_loop,,nominal,,True,ok,checkpoints/hospital_front_rgb_finetune/best.pt,4.11,0.3014,-0.2825,0.0754,-0.0053,0.3094,,,gnm_closed_loop,0.2,-0.2825,False,0,,h21_spawn_precheck,,probe,,,,,,,False,h2_weave_J,1.2255,True,0.3014,-0.2825,0.2,-0.2825,True,armed,False,
h21probe_M_s_20260710_020900,92,9.25,1783645744.26969,4.21792,-1.106132,-1e-06,-2.784255,0.2,-0.2825,0.19941,0.01693,camera_link,9.25,gnm_closed_loop,,nominal,,True,ok,checkpoints/hospital_front_rgb_finetune/best.pt,4.11,0.3014,-0.2825,0.0754,-0.0053,0.3094,,,gnm_closed_loop,0.2,-0.2825,False,0,,h21_spawn_precheck,,probe,,,,,,,False,h2_weave_J,1.2225,True,0.3014,-0.2825,0.2,-0.2825,True,armed,False,
h21probe_M_s_20260710_020900,93,9.266667,1783645744.284591,4.21481,-1.107295,-1e-06,-2.784277,0.2,-0.2826,0.19936,0.014387,camera_link,9.266667,gnm_closed_loop,,nominal,,True,ok,checkpoints/hospital_front_rgb_finetune/best.pt,5.03,0.3007,-0.2826,0.0752,-0.0053,0.3071,,,gnm_closed_loop,0.2,-0.2826,False,0,,h21_spawn_precheck,,probe,,,,,,,False,h2_weave_J,1.2195,True,0.3007,-0.2826,0.2,-0.2826,True,armed,False,
h21probe_M_s_20260710_020900,94,9.283334,1783645744.286771,4.211699,-1.108457,-1e-06,-2.7843,0.2,-0.2826,0.19936,0.014387,camera_link,9.283334,gnm_closed_loop,,nominal,,True,ok,checkpoints/hospital_front_rgb_finetune/best.pt,5.03,0.3007,-0.2826,0.0752,-0.0053,0.3071,,,gnm_closed_loop,0.2,-0.2826,False,0,,h21_spawn_precheck,,probe,,,,,,,False,h2_weave_J,1.2165,True,0.3007,-0.2826,0.2,-0.2826,True,armed,False,
h21probe_M_s_20260710_020900,95,9.3,1783645744.289235,4.208587,-1.10962,-0.0,-2.784325,0.2,-0.2826,0.19936,0.014387,camera_link,9.3,gnm_closed_loop,,nominal,,True,ok,checkpoints/hospital_front_rgb_finetune/best.pt,5.03,0.3007,-0.2826,0.0752,-0.0053,0.3071,,,gnm_closed_loop,0.2,-0.2826,False,0,,h21_spawn_precheck,,probe,,,,,,,False,h2_weave_J,1.2135,True,0.3007,-0.2826,0.2,-0.2826,True,armed,False,
h21probe_M_s_20260710_020900,96,9.316667,1783645744.3053,4.205475,-1.110782,-1e-06,-2.784349,0.2,-0.294,0.199429,0.015504,camera_link,9.316667,gnm_closed_loop,,nominal,,True,ok,checkpoints/hospital_front_rgb_finetune/best.pt,4.83,0.2927,-0.294,0.0732,-0.0054,0.2971,,,gnm_closed_loop,0.2,-0.294,False,0,,h21_spawn_precheck,,probe,,,,,,,False,h2_weave_J,1.2106,True,0.2927,-0.294,0.2,-0.294,True,armed,False,
h21probe_M_s_20260710_020900,97,9.333334,1783645744.307452,4.202363,-1.111944,-1e-06,-2.784374,0.2,-0.294,0.199429,0.015504,camera_link,9.333334,gnm_closed_loop,,nominal,,True,ok,checkpoints/hospital_front_rgb_finetune/best.pt,4.83,0.2927,-0.294,0.0732,-0.0054,0.2971,,,gnm_closed_loop,0.2,-0.294,False,0,,h21_spawn_precheck,,probe,,,,,,,False,h2_weave_J,1.2076,True,0.2927,-0.294,0.2,-0.294,True,armed,False,
h21probe_M_s_20260710_020900,98,9.35,1783645744.310119,4.19925,-1.113107,-1e-06,-2.784404,0.2,-0.294,0.199429,0.015504,camera_link,9.35,gnm_closed_loop,,nominal,,True,ok,checkpoints/hospital_front_rgb_finetune/best.pt,4.83,0.2927,-0.294,0.0732,-0.0054,0.2971,,,gnm_closed_loop,0.2,-0.294,False,0,,h21_spawn_precheck,,probe,,,,,,,False,h2_weave_J,1.2046,True,0.2927,-0.294,0.2,-0.294,True,armed,False,
h21probe_M_s_20260710_020900,99,9.366667,1783645744.328043,4.19614,-1.114269,-1e-06,-2.78443,0.2,-0.3139,0.199302,0.016522,camera_link,9.366667,gnm_closed_loop,,nominal,,True,ok,checkpoints/hospital_front_rgb_finetune/best.pt,5.97,0.2879,-0.3139,0.072,-0.0057,0.289,,,gnm_closed_loop,0.2,-0.3139,False,0,,h21_spawn_precheck,,probe,,,,,,,False,h2_weave_J,1.2016,True,0.2879,-0.3139,0.2,-0.3139,True,armed,False,
h21probe_M_s_20260710_020900,100,9.383334,1783645744.3306,4.19303,-1.115431,-1e-06,-2.784459,0.2,-0.3139,0.199302,0.016522,camera_link,9.383334,gnm_closed_loop,,nominal,,True,ok,checkpoints/hospital_front_rgb_finetune/best.pt,5.97,0.2879,-0.3139,0.072,-0.0057,0.289,,,gnm_closed_loop,0.2,-0.3139,False,0,,h21_spawn_precheck,,probe,,,,,,,False,h2_weave_J,1.1986,True,0.2879,-0.3139,0.2,-0.3139,True,armed,False,
h21probe_M_s_20260710_020900,101,9.4,1783645744.333227,4.189919,-1.116593,-1e-06,-2.784494,0.2,-0.3139,0.199302,0.016522,camera_link,9.4,gnm_closed_loop,,nominal,,True,ok,checkpoints/hospital_front_rgb_finetune/best.pt,5.97,0.2879,-0.3139,0.072,-0.0057,0.289,,,gnm_closed_loop,0.2,-0.3139,False,0,,h21_spawn_precheck,,probe,,,,,,,False,h2_weave_J,1.1956,True,0.2879,-0.3139,0.2,-0.3139,True,armed,False,
h21probe_M_s_20260710_020900,102,9.416667,1783645744.359699,4.186812,-1.117755,-1e-06,-2.784524,0.2,-0.2844,0.198937,0.018581,camera_link,9.416667,gnm_closed_loop,,nominal,,True,ok,checkpoints/hospital_front_rgb_finetune/best.pt,8.18,0.2862,-0.2844,0.0716,-0.0051,0.3238,,,gnm_closed_loop,0.2,-0.2844,False,0,,h21_spawn_precheck,,probe,,,,,,,False,h2_weave_J,1.1926,True,0.2862,-0.2844,0.2,-0.2844,True,armed,False,
h21probe_M_s_20260710_020900,103,9.433334,1783645744.363104,4.183706,-1.118916,-1e-06,-2.784545,0.2,-0.2844,0.198937,0.018581,camera_link,9.433334,gnm_closed_loop,,nominal,,True,ok,checkpoints/hospital_front_rgb_finetune/best.pt,8.18,0.2862,-0.2844,0.0716,-0.0051,0.3238,,,gnm_closed_loop,0.2,-0.2844,False,0,,h21_spawn_precheck,,probe,,,,,,,False,h2_weave_J,1.1897,True,0.2862,-0.2844,0.2,-0.2844,True,armed,False,
h21probe_M_s_20260710_020900,104,9.45,1783645744.3658,4.180597,-1.120077,-1e-06,-2.784569,0.2,-0.2844,0.198937,0.018581,camera_link,9.45,gnm_closed_loop,,nominal,,True,ok,checkpoints/hospital_front_rgb_finetune/best.pt,8.18,0.2862,-0.2844,0.0716,-0.0051,0.3238,,,gnm_closed_loop,0.2,-0.2844,False,0,,h21_spawn_precheck,,probe,,,,,,,False,h2_weave_J,1.1867,True,0.2862,-0.2844,0.2,-0.2844,True,armed,False,
h21probe_M_s_20260710_020900,105,9.466667,1783645744.392479,4.177488,-1.121239,-1e-06,-2.784593,0.2,-0.256,0.199389,0.01506,camera_link,9.466667,gnm_closed_loop,,nominal,,True,ok,checkpoints/hospital_front_rgb_finetune/best.pt,5.69,0.2972,-0.256,0.0743,-0.0048,0.3493,,,gnm_closed_loop,0.2,-0.256,False,0,,h21_spawn_precheck,,probe,,,,,,,False,h2_weave_J,1.1837,True,0.2972,-0.256,0.2,-0.256,True,armed,False,
h21probe_M_s_20260710_020900,106,9.483334,1783645744.397624,4.174377,-1.122399,-0.0,-2.784611,0.2,-0.256,0.199389,0.01506,camera_link,9.483334,gnm_closed_loop,,nominal,,True,ok,checkpoints/hospital_front_rgb_finetune/best.pt,5.69,0.2972,-0.256,0.0743,-0.0048,0.3493,,,gnm_closed_loop,0.2,-0.256,False,0,,h21_spawn_precheck,,probe,,,,,,,False,h2_weave_J,1.1807,True,0.2972,-0.256,0.2,-0.256,True,armed,False,
h21probe_M_s_20260710_020900,107,9.5,1783645744.401712,4.171265,-1.12356,-1e-06,-2.78463,0.2,-0.256,0.199389,0.01506,camera_link,9.5,gnm_closed_loop,,nominal,,True,ok,checkpoints/hospital_front_rgb_finetune/best.pt,5.69,0.2972,-0.256,0.0743,-0.0048,0.3493,,,gnm_closed_loop,0.2,-0.256,False,0,,h21_spawn_precheck,,probe,,,,,,,False,h2_weave_J,1.1778,True,0.2972,-0.256,0.2,-0.256,True,armed,False,
h21probe_M_s_20260710_020900,108,9.516667,1783645744.434898,4.168152,-1.124721,-1e-06,-2.78465,0.2,-0.2398,0.199599,0.0126,camera_link,9.516667,gnm_closed_loop,,nominal,,True,ok,checkpoints/hospital_front_rgb_finetune/best.pt,8.19,0.294,-0.2398,0.0735,-0.0044,0.41,,,gnm_closed_loop,0.2,-0.2398,False,0,,h21_spawn_precheck,,probe,,,,,,,False,h2_weave_J,1.1748,True,0.294,-0.2398,0.2,-0.2398,True,armed,False,
h21probe_M_s_20260710_020900,109,9.533334,1783645744.437418,4.165039,-1.125882,-1e-06,-2.784664,0.2,-0.2398,0.199599,0.0126,camera_link,9.533334,gnm_closed_loop,,nominal,,True,ok,checkpoints/hospital_front_rgb_finetune/best.pt,8.19,0.294,-0.2398,0.0735,-0.0044,0.41,,,gnm_closed_loop,0.2,-0.2398,False,0,,h21_spawn_precheck,,probe,,,,,,,False,h2_weave_J,1.1718,True,0.294,-0.2398,0.2,-0.2398,True,armed,False,
h21probe_M_s_20260710_020900,110,9.55,1783645744.439291,4.161925,-1.127043,-1e-06,-2.784681,0.2,-0.2398,0.199599,0.0126,camera_link,9.55,gnm_closed_loop,,nominal,,True,ok,checkpoints/hospital_front_rgb_finetune/best.pt,8.19,0.294,-0.2398,0.0735,-0.0044,0.41,,,gnm_closed_loop,0.2,-0.2398,False,0,,h21_spawn_precheck,,probe,,,,,,,False,h2_weave_J,1.1688,True,0.294,-0.2398,0.2,-0.2398,True,armed,False,
h21probe_M_s_20260710_020900,111,9.566667,1783645744.458553,4.158811,-1.128205,-0.0,-2.784695,0.2,-0.2688,0.199803,0.011317,camera_link,9.566667,gnm_closed_loop,,nominal,,True,ok,checkpoints/hospital_front_rgb_finetune/best.pt,6.02,0.2785,-0.2688,0.0696,-0.0047,0.391,,,gnm_closed_loop,0.2,-0.2688,False,0,,h21_spawn_precheck,,probe,,,,,,,False,h2_weave_J,1.1659,True,0.2785,-0.2688,0.2,-0.2688,True,armed,False,
h21probe_M_s_20260710_020900,112,9.583334,1783645744.460662,4.155696,-1.129365,-1e-06,-2.784717,0.2,-0.2688,0.199803,0.011317,camera_link,9.583334,gnm_closed_loop,,nominal,,True,ok,checkpoints/hospital_front_rgb_finetune/best.pt,6.02,0.2785,-0.2688,0.0696,-0.0047,0.391,,,gnm_closed_loop,0.2,-0.2688,False,0,,h21_spawn_precheck,,probe,,,,,,,False,h2_weave_J,1.1629,True,0.2785,-0.2688,0.2,-0.2688,True,armed,False,
h21probe_M_s_20260710_020900,113,9.600001,1783645744.462474,4.152583,-1.130527,-1e-06,-2.784738,0.2,-0.2688,0.199803,0.011317,camera_link,9.600001,gnm_closed_loop,,nominal,,True,ok,checkpoints/hospital_front_rgb_finetune/best.pt,6.02,0.2785,-0.2688,0.0696,-0.0047,0.391,,,gnm_closed_loop,0.2,-0.2688,False,0,,h21_spawn_precheck,,probe,,,,,,,False,h2_weave_J,1.16,True,0.2785,-0.2688,0.2,-0.2688,True,armed,False,
h21probe_M_s_20260710_020900,114,9.616667,1783645744.477771,4.149469,-1.131688,-1e-06,-2.784759,0.2,-0.285,0.199706,0.014289,camera_link,9.616667,gnm_closed_loop,,nominal,,True,ok,checkpoints/hospital_front_rgb_finetune/best.pt,5.11,0.2774,-0.285,0.0693,-0.0049,0.3676,,,gnm_closed_loop,0.2,-0.285,False,0,,h21_spawn_precheck,,probe,,,,,,,False,h2_weave_J,1.157,True,0.2774,-0.285,0.2,-0.285,True,armed,False,
h21probe_M_s_20260710_020900,115,9.633334,1783645744.480232,4.146357,-1.132849,-1e-06,-2.784786,0.2,-0.285,0.199706,0.014289,camera_link,9.633334,gnm_closed_loop,,nominal,,True,ok,checkpoints/hospital_front_rgb_finetune/best.pt,5.11,0.2774,-0.285,0.0693,-0.0049,0.3676,,,gnm_closed_loop,0.2,-0.285,False,0,,h21_spawn_precheck,,probe,,,,,,,False,h2_weave_J,1.154,True,0.2774,-0.285,0.2,-0.285,True,armed,False,
h21probe_M_s_20260710_020900,116,9.650001,1783645744.482698,4.143244,-1.13401,-0.0,-2.784809,0.2,-0.285,0.199706,0.014289,camera_link,9.650001,gnm_closed_loop,,nominal,,True,ok,checkpoints/hospital_front_rgb_finetune/best.pt,5.11,0.2774,-0.285,0.0693,-0.0049,0.3676,,,gnm_closed_loop,0.2,-0.285,False,0,,h21_spawn_precheck,,probe,,,,,,,False,h2_weave_J,1.1511,True,0.2774,-0.285,0.2,-0.285,True,armed,False,
h21probe_M_s_20260710_020900,117,9.666667,1783645744.498715,4.140131,-1.135171,-1e-06,-2.784835,0.2,-0.2956,0.199799,0.018253,camera_link,9.666667,gnm_closed_loop,,nominal,,True,ok,checkpoints/hospital_front_rgb_finetune/best.pt,4.21,0.2786,-0.2956,0.0696,-0.0052,0.352,,,gnm_closed_loop,0.2,-0.2956,False,0,,h21_spawn_precheck,,probe,,,,,,,False,h2_weave_J,1.1481,True,0.2786,-0.2956,0.2,-0.2956,True,armed,False,
h21probe_M_s_20260710_020900,118,9.683334,1783645744.501829,4.137019,-1.136332,-1e-06,-2.784861,0.2,-0.2956,0.199799,0.018253,camera_link,9.683334,gnm_closed_loop,,nominal,,True,ok,checkpoints/hospital_front_rgb_finetune/best.pt,4.21,0.2786,-0.2956,0.0696,-0.0052,0.352,,,gnm_closed_loop,0.2,-0.2956,False,0,,h21_spawn_precheck,,probe,,,,,,,False,h2_weave_J,1.1452,True,0.2786,-0.2956,0.2,-0.2956,True,armed,False,
h21probe_M_s_20260710_020900,119,9.700001,1783645744.504621,4.133906,-1.137492,-1e-06,-2.784889,0.2,-0.2956,0.199799,0.018253,camera_link,9.700001,gnm_closed_loop,,nominal,,True,ok,checkpoints/hospital_front_rgb_finetune/best.pt,4.21,0.2786,-0.2956,0.0696,-0.0052,0.352,,,gnm_closed_loop,0.2,-0.2956,False,0,,h21_spawn_precheck,,probe,,,,,,,False,h2_weave_J,1.1422,True,0.2786,-0.2956,0.2,-0.2956,True,armed,False,
h21probe_M_s_20260710_020900,120,9.716667,1783645744.518084,4.132089,-1.138165,5e-06,-2.784775,0.0,0.0,0.085923,0.008483,camera_link,9.716667,gnm_closed_loop,,nominal,post-episode zero hold,True,ok,checkpoints/hospital_front_rgb_finetune/best.pt,4.21,0.2786,-0.2956,0.0696,-0.0052,0.352,,,gnm_closed_loop,0.0,0.0,False,0,,h21_spawn_precheck,,probe,,,,,,,False,h2_weave_J,1.1405,True,,,0.0,0.0,False,zeroed_hold,False,
h21probe_M_s_20260710_020900,121,9.733334,1783645744.522059,4.131444,-1.138404,-1e-06,-2.784757,0.0,0.0,0.085923,0.008483,camera_link,9.733334,gnm_closed_loop,,nominal,post-episode zero hold,True,ok,checkpoints/hospital_front_rgb_finetune/best.pt,4.21,0.2786,-0.2956,0.0696,-0.0052,0.352,,,gnm_closed_loop,0.0,0.0,False,0,,h21_spawn_precheck,,probe,,,,,,,False,h2_weave_J,1.1399,True,,,0.0,0.0,False,zeroed_hold,False,
h21probe_M_s_20260710_020900,122,9.750001,1783645744.526114,4.131308,-1.138455,-1e-06,-2.784756,0.0,0.0,0.085923,0.008483,camera_link,9.750001,gnm_closed_loop,,nominal,post-episode zero hold,True,ok,checkpoints/hospital_front_rgb_finetune/best.pt,4.21,0.2786,-0.2956,0.0696,-0.0052,0.352,,,gnm_closed_loop,0.0,0.0,False,0,,h21_spawn_precheck,,probe,,,,,,,False,h2_weave_J,1.1397,True,,,0.0,0.0,False,zeroed_hold,False,
h21probe_M_s_20260710_020900,123,9.766667,1783645744.541659,4.131297,-1.138458,-0.0,-2.784755,0.0,0.0,0.000415,-0.001144,camera_link,9.766667,gnm_closed_loop,,nominal,post-episode zero hold,True,ok,checkpoints/hospital_front_rgb_finetune/best.pt,4.21,0.2786,-0.2956,0.0696,-0.0052,0.352,,,gnm_closed_loop,0.0,0.0,False,0,,h21_spawn_precheck,,probe,,,,,,,False,h2_weave_J,1.1397,True,,,0.0,0.0,False,zeroed_hold,False,
h21probe_M_s_20260710_020900,124,9.783334,1783645744.543654,4.131303,-1.138457,-0.0,-2.784758,0.0,0.0,0.000415,-0.001144,camera_link,9.783334,gnm_closed_loop,,nominal,post-episode zero hold,True,ok,checkpoints/hospital_front_rgb_finetune/best.pt,4.21,0.2786,-0.2956,0.0696,-0.0052,0.352,,,gnm_closed_loop,0.0,0.0,False,0,,h21_spawn_precheck,,probe,,,,,,,False,h2_weave_J,1.1397,True,,,0.0,0.0,False,zeroed_hold,False,
h21probe_M_s_20260710_020900,125,9.800001,1783645744.54534,4.131312,-1.138454,-0.0,-2.784756,0.0,0.0,0.000415,-0.001144,camera_link,9.800001,gnm_closed_loop,,nominal,post-episode zero hold,True,ok,checkpoints/hospital_front_rgb_finetune/best.pt,4.21,0.2786,-0.2956,0.0696,-0.0052,0.352,,,gnm_closed_loop,0.0,0.0,False,0,,h21_spawn_precheck,,probe,,,,,,,False,h2_weave_J,1.1398,True,,,0.0,0.0,False,zeroed_hold,False,
h21probe_M_s_20260710_020900,126,9.816667,1783645744.554175,4.131321,-1.138451,-0.0,-2.784758,0.0,0.0,-0.000355,-0.001161,camera_link,9.816667,gnm_closed_loop,,nominal,post-episode zero hold,True,ok,checkpoints/hospital_front_rgb_finetune/best.pt,4.21,0.2786,-0.2956,0.0696,-0.0052,0.352,,,gnm_closed_loop,0.0,0.0,False,0,,h21_spawn_precheck,,probe,,,,,,,False,h2_weave_J,1.1398,True,,,0.0,0.0,False,zeroed_hold,False,
h21probe_M_s_20260710_020900,127,9.833334,1783645744.556297,4.131329,-1.138448,-0.0,-2.784757,0.0,0.0,-0.000355,-0.001161,camera_link,9.833334,gnm_closed_loop,,nominal,post-episode zero hold,True,ok,checkpoints/hospital_front_rgb_finetune/best.pt,4.21,0.2786,-0.2956,0.0696,-0.0052,0.352,,,gnm_closed_loop,0.0,0.0,False,0,,h21_spawn_precheck,,probe,,,,,,,False,h2_weave_J,1.1398,True,,,0.0,0.0,False,zeroed_hold,False,
h21probe_M_s_20260710_020900,128,9.850001,1783645744.55801,4.131338,-1.138445,-0.0,-2.784757,0.0,0.0,-0.000355,-0.001161,camera_link,9.850001,gnm_closed_loop,,nominal,post-episode zero hold,True,ok,checkpoints/hospital_front_rgb_finetune/best.pt,4.21,0.2786,-0.2956,0.0696,-0.0052,0.352,,,gnm_closed_loop,0.0,0.0,False,0,,h21_spawn_precheck,,probe,,,,,,,False,h2_weave_J,1.1398,True,,,0.0,0.0,False,zeroed_hold,False,
h21probe_M_s_20260710_020900,129,9.866667,1783645744.567569,4.131345,-1.138442,-0.0,-2.784757,0.0,0.0,-0.000342,-0.001233,camera_link,9.866667,gnm_closed_loop,,nominal,post-episode zero hold,True,ok,checkpoints/hospital_front_rgb_finetune/best.pt,4.21,0.2786,-0.2956,0.0696,-0.0052,0.352,,,gnm_closed_loop,0.0,0.0,False,0,,h21_spawn_precheck,,probe,,,,,,,False,h2_weave_J,1.1398,True,,,0.0,0.0,False,zeroed_hold,False,
h21probe_M_s_20260710_020900,130,9.883334,1783645744.569823,4.131353,-1.138438,-0.0,-2.784757,0.0,0.0,-0.000342,-0.001233,camera_link,9.883334,gnm_closed_loop,,nominal,post-episode zero hold,True,ok,checkpoints/hospital_front_rgb_finetune/best.pt,4.21,0.2786,-0.2956,0.0696,-0.0052,0.352,,,gnm_closed_loop,0.0,0.0,False,0,,h21_spawn_precheck,,probe,,,,,,,False,h2_weave_J,1.1398,True,,,0.0,0.0,False,zeroed_hold,False,
h21probe_M_s_20260710_020900,131,9.900001,1783645744.572098,4.131361,-1.138436,-0.0,-2.784757,0.0,0.0,-0.000342,-0.001233,camera_link,9.900001,gnm_closed_loop,,nominal,post-episode zero hold,True,ok,checkpoints/hospital_front_rgb_finetune/best.pt,4.21,0.2786,-0.2956,0.0696,-0.0052,0.352,,,gnm_closed_loop,0.0,0.0,False,0,,h21_spawn_precheck,,probe,,,,,,,False,h2_weave_J,1.1398,True,,,0.0,0.0,False,zeroed_hold,False,
h21probe_M_s_20260710_020900,132,9.916667,1783645744.582984,4.13137,-1.138433,-0.0,-2.784757,0.0,0.0,-0.000307,-0.001884,camera_link,9.916667,gnm_closed_loop,,nominal,post-episode zero hold,True,ok,checkpoints/hospital_front_rgb_finetune/best.pt,4.21,0.2786,-0.2956,0.0696,-0.0052,0.352,,,gnm_closed_loop,0.0,0.0,False,0,,h21_spawn_precheck,,probe,,,,,,,False,h2_weave_J,1.1398,True,,,0.0,0.0,False,zeroed_hold,False,
h21probe_M_s_20260710_020900,133,9.933334,1783645744.585686,4.131378,-1.13843,-0.0,-2.784757,0.0,0.0,-0.000307,-0.001884,camera_link,9.933334,gnm_closed_loop,,nominal,post-episode zero hold,True,ok,checkpoints/hospital_front_rgb_finetune/best.pt,4.21,0.2786,-0.2956,0.0696,-0.0052,0.352,,,gnm_closed_loop,0.0,0.0,False,0,,h21_spawn_precheck,,probe,,,,,,,False,h2_weave_J,1.1398,True,,,0.0,0.0,False,zeroed_hold,False,
h21probe_M_s_20260710_020900,134,9.950001,1783645744.588061,4.131387,-1.138427,-0.0,-2.784757,0.0,0.0,-0.000307,-0.001884,camera_link,9.950001,gnm_closed_loop,,nominal,post-episode zero hold,True,ok,checkpoints/hospital_front_rgb_finetune/best.pt,4.21,0.2786,-0.2956,0.0696,-0.0052,0.352,,,gnm_closed_loop,0.0,0.0,False,0,,h21_spawn_precheck,,probe,,,,,,,False,h2_weave_J,1.1398,True,,,0.0,0.0,False,zeroed_hold,False,
h21probe_M_s_20260710_020900,135,9.966667,1783645744.606349,4.131395,-1.138424,-0.0,-2.784758,0.0,0.0,-0.000322,-0.001107,camera_link,9.966667,gnm_closed_loop,,nominal,post-episode zero hold,True,ok,checkpoints/hospital_front_rgb_finetune/best.pt,4.21,0.2786,-0.2956,0.0696,-0.0052,0.352,,,gnm_closed_loop,0.0,0.0,False,0,,h21_spawn_precheck,,probe,,,,,,,False,h2_weave_J,1.1398,True,,,0.0,0.0,False,zeroed_hold,False,
h21probe_M_s_20260710_020900,136,9.983334,1783645744.612952,4.131402,-1.13842,-0.0,-2.784757,0.0,0.0,-0.000322,-0.001107,camera_link,9.983334,gnm_closed_loop,,nominal,post-episode zero hold,True,ok,checkpoints/hospital_front_rgb_finetune/best.pt,4.21,0.2786,-0.2956,0.0696,-0.0052,0.352,,,gnm_closed_loop,0.0,0.0,False,0,,h21_spawn_precheck,,probe,,,,,,,False,h2_weave_J,1.1398,True,,,0.0,0.0,False,zeroed_hold,False,
h21probe_M_s_20260710_020900,137,10.000001,1783645744.61867,4.131411,-1.138418,-0.0,-2.784756,0.0,0.0,-0.000322,-0.001107,camera_link,10.000001,gnm_closed_loop,,nominal,post-episode zero hold,True,ok,checkpoints/hospital_front_rgb_finetune/best.pt,4.21,0.2786,-0.2956,0.0696,-0.0052,0.352,,,gnm_closed_loop,0.0,0.0,False,0,,h21_spawn_precheck,,probe,,,,,,,False,h2_weave_J,1.1398,True,,,0.0,0.0,False,zeroed_hold,False,
h21probe_M_s_20260710_020900,138,10.016667,1783645744.639578,4.131419,-1.138415,-0.0,-2.784757,0.0,0.0,-0.000335,0.00026,camera_link,10.016667,gnm_closed_loop,,nominal,post-episode zero hold,True,ok,checkpoints/hospital_front_rgb_finetune/best.pt,4.21,0.2786,-0.2956,0.0696,-0.0052,0.352,,,gnm_closed_loop,0.0,0.0,False,0,,h21_spawn_precheck,,probe,,,,,,,False,h2_weave_J,1.1399,True,,,0.0,0.0,False,zeroed_hold,False,
h21probe_M_s_20260710_020900,139,10.033334,1783645744.642928,4.131427,-1.138412,-0.0,-2.784757,0.0,0.0,-0.000335,0.00026,camera_link,10.033334,gnm_closed_loop,,nominal,post-episode zero hold,True,ok,checkpoints/hospital_front_rgb_finetune/best.pt,4.21,0.2786,-0.2956,0.0696,-0.0052,0.352,,,gnm_closed_loop,0.0,0.0,False,0,,h21_spawn_precheck,,probe,,,,,,,False,h2_weave_J,1.1399,True,,,0.0,0.0,False,zeroed_hold,False,
h21probe_M_s_20260710_020900,140,10.050001,1783645744.646263,4.131434,-1.138409,-0.0,-2.784757,0.0,0.0,-0.000335,0.00026,camera_link,10.050001,gnm_closed_loop,,nominal,post-episode zero hold,True,ok,checkpoints/hospital_front_rgb_finetune/best.pt,4.21,0.2786,-0.2956,0.0696,-0.0052,0.352,,,gnm_closed_loop,0.0,0.0,False,0,,h21_spawn_precheck,,probe,,,,,,,False,h2_weave_J,1.1399,True,,,0.0,0.0,False,zeroed_hold,False,
h21probe_M_s_20260710_020900,141,10.066667,1783645744.660821,4.131443,-1.138406,-0.0,-2.784757,0.0,0.0,-0.000326,0.000144,camera_link,10.066667,gnm_closed_loop,,nominal,post-episode zero hold,True,ok,checkpoints/hospital_front_rgb_finetune/best.pt,4.21,0.2786,-0.2956,0.0696,-0.0052,0.352,,,gnm_closed_loop,0.0,0.0,False,0,,h21_spawn_precheck,,probe,,,,,,,False,h2_weave_J,1.1399,True,,,0.0,0.0,False,zeroed_hold,False,
h21probe_M_s_20260710_020900,142,10.083334,1783645744.662746,4.131451,-1.138404,-0.0,-2.784757,0.0,0.0,-0.000326,0.000144,camera_link,10.083334,gnm_closed_loop,,nominal,post-episode zero hold,True,ok,checkpoints/hospital_front_rgb_finetune/best.pt,4.21,0.2786,-0.2956,0.0696,-0.0052,0.352,,,gnm_closed_loop,0.0,0.0,False,0,,h21_spawn_precheck,,probe,,,,,,,False,h2_weave_J,1.1399,True,,,0.0,0.0,False,zeroed_hold,False,
h21probe_M_s_20260710_020900,143,10.100001,1783645744.664545,4.131458,-1.1384,-0.0,-2.784756,0.0,0.0,-0.000326,0.000144,camera_link,10.100001,gnm_closed_loop,,nominal,post-episode zero hold,True,ok,checkpoints/hospital_front_rgb_finetune/best.pt,4.21,0.2786,-0.2956,0.0696,-0.0052,0.352,,,gnm_closed_loop,0.0,0.0,False,0,,h21_spawn_precheck,,probe,,,,,,,False,h2_weave_J,1.1399,True,,,0.0,0.0,False,zeroed_hold,False,
h21probe_M_s_20260710_020900,144,10.116667,1783645744.677146,4.131466,-1.138397,-0.0,-2.784756,0.0,0.0,-0.00036,1.8e-05,camera_link,10.116667,gnm_closed_loop,,nominal,post-episode zero hold,True,ok,checkpoints/hospital_front_rgb_finetune/best.pt,4.21,0.2786,-0.2956,0.0696,-0.0052,0.352,,,gnm_closed_loop,0.0,0.0,False,0,,h21_spawn_precheck,,probe,,,,,,,False,h2_weave_J,1.1399,True,,,0.0,0.0,False,zeroed_hold,False,
h21probe_M_s_20260710_020900,145,10.133334,1783645744.679342,4.131466,-1.138397,-0.0,-2.784756,0.0,0.0,-0.00036,1.8e-05,camera_link,10.133334,gnm_closed_loop,,nominal,post-episode zero hold,True,ok,checkpoints/hospital_front_rgb_finetune/best.pt,4.21,0.2786,-0.2956,0.0696,-0.0052,0.352,,,gnm_closed_loop,0.0,0.0,False,0,,h21_spawn_precheck,,probe,,,,,,,False,h2_weave_J,1.1399,True,,,0.0,0.0,False,zeroed_hold,False,
h21probe_M_s_20260710_020900,146,10.150001,1783645744.681686,4.131466,-1.138397,-0.0,-2.784756,0.0,0.0,-0.00036,1.8e-05,camera_link,10.150001,gnm_closed_loop,,nominal,post-episode zero hold,True,ok,checkpoints/hospital_front_rgb_finetune/best.pt,4.21,0.2786,-0.2956,0.0696,-0.0052,0.352,,,gnm_closed_loop,0.0,0.0,False,0,,h21_spawn_precheck,,probe,,,,,,,False,h2_weave_J,1.1399,True,,,0.0,0.0,False,zeroed_hold,False,
h21probe_M_s_20260710_020900,147,10.166667,1783645744.695291,4.131466,-1.138397,-0.0,-2.784756,0.0,0.0,-0.00036,1.8e-05,camera_link,10.166667,gnm_closed_loop,,nominal,post-episode zero hold,True,ok,checkpoints/hospital_front_rgb_finetune/best.pt,4.21,0.2786,-0.2956,0.0696,-0.0052,0.352,,,gnm_closed_loop,0.0,0.0,False,0,,h21_spawn_precheck,,probe,,,,,,,False,h2_weave_J,1.1399,True,,,0.0,0.0,False,zeroed_hold,False,
h21probe_M_s_20260710_020900,148,10.183334,1783645744.697374,4.131466,-1.138397,-0.0,-2.784756,0.0,0.0,-0.00036,1.8e-05,camera_link,10.183334,gnm_closed_loop,,nominal,post-episode zero hold,True,ok,checkpoints/hospital_front_rgb_finetune/best.pt,4.21,0.2786,-0.2956,0.0696,-0.0052,0.352,,,gnm_closed_loop,0.0,0.0,False,0,,h21_spawn_precheck,,probe,,,,,,,False,h2_weave_J,1.1399,True,,,0.0,0.0,False,zeroed_hold,False,
h21probe_M_s_20260710_020900,149,10.200001,1783645744.699092,4.131466,-1.138397,-0.0,-2.784756,0.0,0.0,-0.00036,1.8e-05,camera_link,10.200001,gnm_closed_loop,,nominal,post-episode zero hold,True,ok,checkpoints/hospital_front_rgb_finetune/best.pt,4.21,0.2786,-0.2956,0.0696,-0.0052,0.352,,,gnm_closed_loop,0.0,0.0,False,0,,h21_spawn_precheck,,probe,,,,,,,False,h2_weave_J,1.1399,True,,,0.0,0.0,False,zeroed_hold,False,
h21probe_M_s_20260710_020900,150,10.216667,1783645744.709207,4.131466,-1.138397,-0.0,-2.784756,0.0,0.0,-0.00036,1.8e-05,camera_link,10.216667,gnm_closed_loop,,nominal,post-episode zero hold,True,ok,checkpoints/hospital_front_rgb_finetune/best.pt,4.21,0.2786,-0.2956,0.0696,-0.0052,0.352,,,gnm_closed_loop,0.0,0.0,False,0,,h21_spawn_precheck,,probe,,,,,,,False,h2_weave_J,1.1399,True,,,0.0,0.0,False,zeroed_hold,False,
h21probe_M_s_20260710_020900,151,10.233334,1783645744.710728,4.131466,-1.138397,-0.0,-2.784756,0.0,0.0,-0.00036,1.8e-05,camera_link,10.233334,gnm_closed_loop,,nominal,post-episode zero hold,True,ok,checkpoints/hospital_front_rgb_finetune/best.pt,4.21,0.2786,-0.2956,0.0696,-0.0052,0.352,,,gnm_closed_loop,0.0,0.0,False,0,,h21_spawn_precheck,,probe,,,,,,,False,h2_weave_J,1.1399,True,,,0.0,0.0,False,zeroed_hold,False,
h21probe_M_s_20260710_020900,152,10.250001,1783645744.712401,4.131466,-1.138397,-0.0,-2.784756,0.0,0.0,-0.00036,1.8e-05,camera_link,10.250001,gnm_closed_loop,,nominal,post-episode zero hold,True,ok,checkpoints/hospital_front_rgb_finetune/best.pt,4.21,0.2786,-0.2956,0.0696,-0.0052,0.352,,,gnm_closed_loop,0.0,0.0,False,0,,h21_spawn_precheck,,probe,,,,,,,False,h2_weave_J,1.1399,True,,,0.0,0.0,False,zeroed_hold,False,
h21probe_M_s_20260710_020900,153,10.266667,1783645744.72371,4.131466,-1.138397,-0.0,-2.784756,0.0,0.0,-0.00036,1.8e-05,camera_link,10.266667,gnm_closed_loop,,nominal,post-episode zero hold,True,ok,checkpoints/hospital_front_rgb_finetune/best.pt,4.21,0.2786,-0.2956,0.0696,-0.0052,0.352,,,gnm_closed_loop,0.0,0.0,False,0,,h21_spawn_precheck,,probe,,,,,,,False,h2_weave_J,1.1399,True,,,0.0,0.0,False,zeroed_hold,False,
h21probe_M_s_20260710_020900,154,10.283334,1783645744.725795,4.131466,-1.138397,-0.0,-2.784756,0.0,0.0,-0.00036,1.8e-05,camera_link,10.283334,gnm_closed_loop,,nominal,post-episode zero hold,True,ok,checkpoints/hospital_front_rgb_finetune/best.pt,4.21,0.2786,-0.2956,0.0696,-0.0052,0.352,,,gnm_closed_loop,0.0,0.0,False,0,,h21_spawn_precheck,,probe,,,,,,,False,h2_weave_J,1.1399,True,,,0.0,0.0,False,zeroed_hold,False,
h21probe_M_s_20260710_020900,155,10.300001,1783645744.727612,4.131466,-1.138397,-0.0,-2.784756,0.0,0.0,-0.00036,1.8e-05,camera_link,10.300001,gnm_closed_loop,,nominal,post-episode zero hold,True,ok,checkpoints/hospital_front_rgb_finetune/best.pt,4.21,0.2786,-0.2956,0.0696,-0.0052,0.352,,,gnm_closed_loop,0.0,0.0,False,0,,h21_spawn_precheck,,probe,,,,,,,False,h2_weave_J,1.1399,True,,,0.0,0.0,False,zeroed_hold,False,
h21probe_M_s_20260710_020900,156,10.316667,1783645744.73948,4.131466,-1.138397,-0.0,-2.784756,0.0,0.0,-0.00036,1.8e-05,camera_link,10.316667,gnm_closed_loop,,nominal,post-episode zero hold,True,ok,checkpoints/hospital_front_rgb_finetune/best.pt,4.21,0.2786,-0.2956,0.0696,-0.0052,0.352,,,gnm_closed_loop,0.0,0.0,False,0,,h21_spawn_precheck,,probe,,,,,,,False,h2_weave_J,1.1399,True,,,0.0,0.0,False,zeroed_hold,False,
h21probe_M_s_20260710_020900,157,10.333334,1783645744.741158,4.131466,-1.138397,-0.0,-2.784756,0.0,0.0,-0.00036,1.8e-05,camera_link,10.333334,gnm_closed_loop,,nominal,post-episode zero hold,True,ok,checkpoints/hospital_front_rgb_finetune/best.pt,4.21,0.2786,-0.2956,0.0696,-0.0052,0.352,,,gnm_closed_loop,0.0,0.0,False,0,,h21_spawn_precheck,,probe,,,,,,,False,h2_weave_J,1.1399,True,,,0.0,0.0,False,zeroed_hold,False,
h21probe_M_s_20260710_020900,158,10.350001,1783645744.74268,4.131466,-1.138397,-0.0,-2.784756,0.0,0.0,-0.00036,1.8e-05,camera_link,10.350001,gnm_closed_loop,,nominal,post-episode zero hold,True,ok,checkpoints/hospital_front_rgb_finetune/best.pt,4.21,0.2786,-0.2956,0.0696,-0.0052,0.352,,,gnm_closed_loop,0.0,0.0,False,0,,h21_spawn_precheck,,probe,,,,,,,False,h2_weave_J,1.1399,True,,,0.0,0.0,False,zeroed_hold,False,
h21probe_M_s_20260710_020900,159,10.366667,1783645744.749649,4.131466,-1.138397,-0.0,-2.784756,0.0,0.0,-0.00036,1.8e-05,camera_link,10.366667,gnm_closed_loop,,nominal,post-episode zero hold,True,ok,checkpoints/hospital_front_rgb_finetune/best.pt,4.21,0.2786,-0.2956,0.0696,-0.0052,0.352,,,gnm_closed_loop,0.0,0.0,False,0,,h21_spawn_precheck,,probe,,,,,,,False,h2_weave_J,1.1399,True,,,0.0,0.0,False,zeroed_hold,False,
h21probe_M_s_20260710_020900,160,10.383334,1783645744.751145,4.131466,-1.138397,-0.0,-2.784756,0.0,0.0,-0.00036,1.8e-05,camera_link,10.383334,gnm_closed_loop,,nominal,post-episode zero hold,True,ok,checkpoints/hospital_front_rgb_finetune/best.pt,4.21,0.2786,-0.2956,0.0696,-0.0052,0.352,,,gnm_closed_loop,0.0,0.0,False,0,,h21_spawn_precheck,,probe,,,,,,,False,h2_weave_J,1.1399,True,,,0.0,0.0,False,zeroed_hold,False,
h21probe_M_s_20260710_020900,161,10.400001,1783645744.752816,4.131466,-1.138397,-0.0,-2.784756,0.0,0.0,-0.00036,1.8e-05,camera_link,10.400001,gnm_closed_loop,,nominal,post-episode zero hold,True,ok,checkpoints/hospital_front_rgb_finetune/best.pt,4.21,0.2786,-0.2956,0.0696,-0.0052,0.352,,,gnm_closed_loop,0.0,0.0,False,0,,h21_spawn_precheck,,probe,,,,,,,False,h2_weave_J,1.1399,True,,,0.0,0.0,False,zeroed_hold,False,
h21probe_M_s_20260710_020900,162,10.416667,1783645744.761082,4.131466,-1.138397,-0.0,-2.784756,0.0,0.0,-0.00036,1.8e-05,camera_link,10.416667,gnm_closed_loop,,nominal,post-episode zero hold,True,ok,checkpoints/hospital_front_rgb_finetune/best.pt,4.21,0.2786,-0.2956,0.0696,-0.0052,0.352,,,gnm_closed_loop,0.0,0.0,False,0,,h21_spawn_precheck,,probe,,,,,,,False,h2_weave_J,1.1399,True,,,0.0,0.0,False,zeroed_hold,False,
h21probe_M_s_20260710_020900,163,10.433334,1783645744.763265,4.131466,-1.138397,-0.0,-2.784756,0.0,0.0,-0.00036,1.8e-05,camera_link,10.433334,gnm_closed_loop,,nominal,post-episode zero hold,True,ok,checkpoints/hospital_front_rgb_finetune/best.pt,4.21,0.2786,-0.2956,0.0696,-0.0052,0.352,,,gnm_closed_loop,0.0,0.0,False,0,,h21_spawn_precheck,,probe,,,,,,,False,h2_weave_J,1.1399,True,,,0.0,0.0,False,zeroed_hold,False,
h21probe_M_s_20260710_020900,164,10.450001,1783645744.765586,4.131466,-1.138397,-0.0,-2.784756,0.0,0.0,-0.00036,1.8e-05,camera_link,10.450001,gnm_closed_loop,,nominal,post-episode zero hold,True,ok,checkpoints/hospital_front_rgb_finetune/best.pt,4.21,0.2786,-0.2956,0.0696,-0.0052,0.352,,,gnm_closed_loop,0.0,0.0,False,0,,h21_spawn_precheck,,probe,,,,,,,False,h2_weave_J,1.1399,True,,,0.0,0.0,False,zeroed_hold,False,
h21probe_M_s_20260710_020900,165,10.466667,1783645744.779615,4.131466,-1.138397,-0.0,-2.784756,0.0,0.0,-0.00036,1.8e-05,camera_link,10.466667,gnm_closed_loop,,nominal,post-episode zero hold,True,ok,checkpoints/hospital_front_rgb_finetune/best.pt,4.21,0.2786,-0.2956,0.0696,-0.0052,0.352,,,gnm_closed_loop,0.0,0.0,False,0,,h21_spawn_precheck,,probe,,,,,,,False,h2_weave_J,1.1399,True,,,0.0,0.0,False,zeroed_hold,False,
h21probe_M_s_20260710_020900,166,10.483334,1783645744.781801,4.131466,-1.138397,-0.0,-2.784756,0.0,0.0,-0.00036,1.8e-05,camera_link,10.483334,gnm_closed_loop,,nominal,post-episode zero hold,True,ok,checkpoints/hospital_front_rgb_finetune/best.pt,4.21,0.2786,-0.2956,0.0696,-0.0052,0.352,,,gnm_closed_loop,0.0,0.0,False,0,,h21_spawn_precheck,,probe,,,,,,,False,h2_weave_J,1.1399,True,,,0.0,0.0,False,zeroed_hold,False,
h21probe_M_s_20260710_020900,167,10.500001,1783645744.783265,4.131466,-1.138397,-0.0,-2.784756,0.0,0.0,-0.00036,1.8e-05,camera_link,10.500001,gnm_closed_loop,,nominal,post-episode zero hold,True,ok,checkpoints/hospital_front_rgb_finetune/best.pt,4.21,0.2786,-0.2956,0.0696,-0.0052,0.352,,,gnm_closed_loop,0.0,0.0,False,0,,h21_spawn_precheck,,probe,,,,,,,False,h2_weave_J,1.1399,True,,,0.0,0.0,False,zeroed_hold,False,
h21probe_M_s_20260710_020900,168,10.516667,1783645744.793814,4.131466,-1.138397,-0.0,-2.784756,0.0,0.0,-0.00036,1.8e-05,camera_link,10.516667,gnm_closed_loop,,nominal,post-episode zero hold,True,ok,checkpoints/hospital_front_rgb_finetune/best.pt,4.21,0.2786,-0.2956,0.0696,-0.0052,0.352,,,gnm_closed_loop,0.0,0.0,False,0,,h21_spawn_precheck,,probe,,,,,,,False,h2_weave_J,1.1399,True,,,0.0,0.0,False,zeroed_hold,False,
h21probe_M_s_20260710_020900,169,10.533334,1783645744.795306,4.131466,-1.138397,-0.0,-2.784756,0.0,0.0,-0.00036,1.8e-05,camera_link,10.533334,gnm_closed_loop,,nominal,post-episode zero hold,True,ok,checkpoints/hospital_front_rgb_finetune/best.pt,4.21,0.2786,-0.2956,0.0696,-0.0052,0.352,,,gnm_closed_loop,0.0,0.0,False,0,,h21_spawn_precheck,,probe,,,,,,,False,h2_weave_J,1.1399,True,,,0.0,0.0,False,zeroed_hold,False,
h21probe_M_s_20260710_020900,170,10.550001,1783645744.796597,4.131466,-1.138397,-0.0,-2.784756,0.0,0.0,-0.00036,1.8e-05,camera_link,10.550001,gnm_closed_loop,,nominal,post-episode zero hold,True,ok,checkpoints/hospital_front_rgb_finetune/best.pt,4.21,0.2786,-0.2956,0.0696,-0.0052,0.352,,,gnm_closed_loop,0.0,0.0,False,0,,h21_spawn_precheck,,probe,,,,,,,False,h2_weave_J,1.1399,True,,,0.0,0.0,False,zeroed_hold,False,
h21probe_M_s_20260710_020900,171,10.566667,1783645744.804578,4.131466,-1.138397,-0.0,-2.784756,0.0,0.0,-0.00036,1.8e-05,camera_link,10.566667,gnm_closed_loop,,nominal,post-episode zero hold,True,ok,checkpoints/hospital_front_rgb_finetune/best.pt,4.21,0.2786,-0.2956,0.0696,-0.0052,0.352,,,gnm_closed_loop,0.0,0.0,False,0,,h21_spawn_precheck,,probe,,,,,,,False,h2_weave_J,1.1399,True,,,0.0,0.0,False,zeroed_hold,False,
h21probe_M_s_20260710_020900,172,10.583334,1783645744.805698,4.131466,-1.138397,-0.0,-2.784756,0.0,0.0,-0.00036,1.8e-05,camera_link,10.583334,gnm_closed_loop,,nominal,post-episode zero hold,True,ok,checkpoints/hospital_front_rgb_finetune/best.pt,4.21,0.2786,-0.2956,0.0696,-0.0052,0.352,,,gnm_closed_loop,0.0,0.0,False,0,,h21_spawn_precheck,,probe,,,,,,,False,h2_weave_J,1.1399,True,,,0.0,0.0,False,zeroed_hold,False,
h21probe_M_s_20260710_020900,173,10.600001,1783645744.807509,4.131466,-1.138397,-0.0,-2.784756,0.0,0.0,-0.00036,1.8e-05,camera_link,10.600001,gnm_closed_loop,,nominal,post-episode zero hold,True,ok,checkpoints/hospital_front_rgb_finetune/best.pt,4.21,0.2786,-0.2956,0.0696,-0.0052,0.352,,,gnm_closed_loop,0.0,0.0,False,0,,h21_spawn_precheck,,probe,,,,,,,False,h2_weave_J,1.1399,True,,,0.0,0.0,False,zeroed_hold,False,
h21probe_M_s_20260710_020900,174,10.616667,1783645744.81787,4.131466,-1.138397,-0.0,-2.784756,0.0,0.0,-0.00036,1.8e-05,camera_link,10.616667,gnm_closed_loop,,nominal,post-episode zero hold,True,ok,checkpoints/hospital_front_rgb_finetune/best.pt,4.21,0.2786,-0.2956,0.0696,-0.0052,0.352,,,gnm_closed_loop,0.0,0.0,False,0,,h21_spawn_precheck,,probe,,,,,,,False,h2_weave_J,1.1399,True,,,0.0,0.0,False,zeroed_hold,False,
h21probe_M_s_20260710_020900,175,10.633334,1783645744.819797,4.131466,-1.138397,-0.0,-2.784756,0.0,0.0,-0.00036,1.8e-05,camera_link,10.633334,gnm_closed_loop,,nominal,post-episode zero hold,True,ok,checkpoints/hospital_front_rgb_finetune/best.pt,4.21,0.2786,-0.2956,0.0696,-0.0052,0.352,,,gnm_closed_loop,0.0,0.0,False,0,,h21_spawn_precheck,,probe,,,,,,,False,h2_weave_J,1.1399,True,,,0.0,0.0,False,zeroed_hold,False,
h21probe_M_s_20260710_020900,176,10.650001,1783645744.821111,4.131466,-1.138397,-0.0,-2.784756,0.0,0.0,-0.00036,1.8e-05,camera_link,10.650001,gnm_closed_loop,,nominal,post-episode zero hold,True,ok,checkpoints/hospital_front_rgb_finetune/best.pt,4.21,0.2786,-0.2956,0.0696,-0.0052,0.352,,,gnm_closed_loop,0.0,0.0,False,0,,h21_spawn_precheck,,probe,,,,,,,False,h2_weave_J,1.1399,True,,,0.0,0.0,False,zeroed_hold,False,
h21probe_M_s_20260710_020900,177,10.666667,1783645744.833747,4.131466,-1.138397,-0.0,-2.784756,0.0,0.0,-0.00036,1.8e-05,camera_link,10.666667,gnm_closed_loop,,nominal,post-episode zero hold,True,ok,checkpoints/hospital_front_rgb_finetune/best.pt,4.21,0.2786,-0.2956,0.0696,-0.0052,0.352,,,gnm_closed_loop,0.0,0.0,False,0,,h21_spawn_precheck,,probe,,,,,,,False,h2_weave_J,1.1399,True,,,0.0,0.0,False,zeroed_hold,False,
h21probe_M_s_20260710_020900,178,10.683334,1783645744.835708,4.131466,-1.138397,-0.0,-2.784756,0.0,0.0,-0.00036,1.8e-05,camera_link,10.683334,gnm_closed_loop,,nominal,post-episode zero hold,True,ok,checkpoints/hospital_front_rgb_finetune/best.pt,4.21,0.2786,-0.2956,0.0696,-0.0052,0.352,,,gnm_closed_loop,0.0,0.0,False,0,,h21_spawn_precheck,,probe,,,,,,,False,h2_weave_J,1.1399,True,,,0.0,0.0,False,zeroed_hold,False,
h21probe_M_s_20260710_020900,179,10.700001,1783645744.837758,4.131466,-1.138397,-0.0,-2.784756,0.0,0.0,-0.00036,1.8e-05,camera_link,10.700001,gnm_closed_loop,,nominal,post-episode zero hold,True,ok,checkpoints/hospital_front_rgb_finetune/best.pt,4.21,0.2786,-0.2956,0.0696,-0.0052,0.352,,,gnm_closed_loop,0.0,0.0,False,0,,h21_spawn_precheck,,probe,,,,,,,False,h2_weave_J,1.1399,True,,,0.0,0.0,False,zeroed_hold,False,
h21probe_M_s_20260710_020900,180,10.716667,1783645744.848186,4.131466,-1.138397,-0.0,-2.784756,0.0,0.0,-0.00036,1.8e-05,camera_link,10.716667,gnm_closed_loop,,nominal,post-episode zero hold,True,ok,checkpoints/hospital_front_rgb_finetune/best.pt,4.21,0.2786,-0.2956,0.0696,-0.0052,0.352,,,gnm_closed_loop,0.0,0.0,False,0,,h21_spawn_precheck,,probe,,,,,,,False,h2_weave_J,1.1399,True,,,0.0,0.0,False,zeroed_hold,False,
h21probe_M_s_20260710_020900,181,10.733334,1783645744.849278,4.131466,-1.138397,-0.0,-2.784756,0.0,0.0,-0.00036,1.8e-05,camera_link,10.733334,gnm_closed_loop,,nominal,post-episode zero hold,True,ok,checkpoints/hospital_front_rgb_finetune/best.pt,4.21,0.2786,-0.2956,0.0696,-0.0052,0.352,,,gnm_closed_loop,0.0,0.0,False,0,,h21_spawn_precheck,,probe,,,,,,,False,h2_weave_J,1.1399,True,,,0.0,0.0,False,zeroed_hold,False,
h21probe_M_s_20260710_020900,182,10.750001,1783645744.85032,4.131466,-1.138397,-0.0,-2.784756,0.0,0.0,-0.00036,1.8e-05,camera_link,10.750001,gnm_closed_loop,,nominal,post-episode zero hold,True,ok,checkpoints/hospital_front_rgb_finetune/best.pt,4.21,0.2786,-0.2956,0.0696,-0.0052,0.352,,,gnm_closed_loop,0.0,0.0,False,0,,h21_spawn_precheck,,probe,,,,,,,False,h2_weave_J,1.1399,True,,,0.0,0.0,False,zeroed_hold,False,
h21probe_M_s_20260710_020900,183,10.766667,1783645744.857998,4.131466,-1.138397,-0.0,-2.784756,0.0,0.0,-0.00036,1.8e-05,camera_link,10.766667,gnm_closed_loop,,nominal,post-episode zero hold,True,ok,checkpoints/hospital_front_rgb_finetune/best.pt,4.21,0.2786,-0.2956,0.0696,-0.0052,0.352,,,gnm_closed_loop,0.0,0.0,False,0,,h21_spawn_precheck,,probe,,,,,,,False,h2_weave_J,1.1399,True,,,0.0,0.0,False,zeroed_hold,False,
h21probe_M_s_20260710_020900,184,10.783334,1783645744.858976,4.131466,-1.138397,-0.0,-2.784756,0.0,0.0,-0.00036,1.8e-05,camera_link,10.783334,gnm_closed_loop,,nominal,post-episode zero hold,True,ok,checkpoints/hospital_front_rgb_finetune/best.pt,4.21,0.2786,-0.2956,0.0696,-0.0052,0.352,,,gnm_closed_loop,0.0,0.0,False,0,,h21_spawn_precheck,,probe,,,,,,,False,h2_weave_J,1.1399,True,,,0.0,0.0,False,zeroed_hold,False,
h21probe_M_s_20260710_020900,185,10.800001,1783645744.860386,4.131466,-1.138397,-0.0,-2.784756,0.0,0.0,-0.00036,1.8e-05,camera_link,10.800001,gnm_closed_loop,,nominal,post-episode zero hold,True,ok,checkpoints/hospital_front_rgb_finetune/best.pt,4.21,0.2786,-0.2956,0.0696,-0.0052,0.352,,,gnm_closed_loop,0.0,0.0,False,0,,h21_spawn_precheck,,probe,,,,,,,False,h2_weave_J,1.1399,True,,,0.0,0.0,False,zeroed_hold,False,
h21probe_M_s_20260710_020900,186,10.816667,1783645744.869419,4.131466,-1.138397,-0.0,-2.784756,0.0,0.0,-0.00036,1.8e-05,camera_link,10.816667,gnm_closed_loop,,nominal,post-episode zero hold,True,ok,checkpoints/hospital_front_rgb_finetune/best.pt,4.21,0.2786,-0.2956,0.0696,-0.0052,0.352,,,gnm_closed_loop,0.0,0.0,False,0,,h21_spawn_precheck,,probe,,,,,,,False,h2_weave_J,1.1399,True,,,0.0,0.0,False,zeroed_hold,False,
h21probe_M_s_20260710_020900,187,10.833334,1783645744.870781,4.131466,-1.138397,-0.0,-2.784756,0.0,0.0,-0.00036,1.8e-05,camera_link,10.833334,gnm_closed_loop,,nominal,post-episode zero hold,True,ok,checkpoints/hospital_front_rgb_finetune/best.pt,4.21,0.2786,-0.2956,0.0696,-0.0052,0.352,,,gnm_closed_loop,0.0,0.0,False,0,,h21_spawn_precheck,,probe,,,,,,,False,h2_weave_J,1.1399,True,,,0.0,0.0,False,zeroed_hold,False,
h21probe_M_s_20260710_020900,188,10.850001,1783645744.87214,4.131466,-1.138397,-0.0,-2.784756,0.0,0.0,-0.00036,1.8e-05,camera_link,10.850001,gnm_closed_loop,,nominal,post-episode zero hold,True,ok,checkpoints/hospital_front_rgb_finetune/best.pt,4.21,0.2786,-0.2956,0.0696,-0.0052,0.352,,,gnm_closed_loop,0.0,0.0,False,0,,h21_spawn_precheck,,probe,,,,,,,False,h2_weave_J,1.1399,True,,,0.0,0.0,False,zeroed_hold,False,
h21probe_M_s_20260710_020900,189,10.866667,1783645744.879691,4.131466,-1.138397,-0.0,-2.784756,0.0,0.0,-0.00036,1.8e-05,camera_link,10.866667,gnm_closed_loop,,nominal,post-episode zero hold,True,ok,checkpoints/hospital_front_rgb_finetune/best.pt,4.21,0.2786,-0.2956,0.0696,-0.0052,0.352,,,gnm_closed_loop,0.0,0.0,False,0,,h21_spawn_precheck,,probe,,,,,,,False,h2_weave_J,1.1399,True,,,0.0,0.0,False,zeroed_hold,False,
h21probe_M_s_20260710_020900,190,10.883334,1783645744.881588,4.131466,-1.138397,-0.0,-2.784756,0.0,0.0,-0.00036,1.8e-05,camera_link,10.883334,gnm_closed_loop,,nominal,post-episode zero hold,True,ok,checkpoints/hospital_front_rgb_finetune/best.pt,4.21,0.2786,-0.2956,0.0696,-0.0052,0.352,,,gnm_closed_loop,0.0,0.0,False,0,,h21_spawn_precheck,,probe,,,,,,,False,h2_weave_J,1.1399,True,,,0.0,0.0,False,zeroed_hold,False,
h21probe_M_s_20260710_020900,191,10.900001,1783645744.882993,4.131466,-1.138397,-0.0,-2.784756,0.0,0.0,-0.00036,1.8e-05,camera_link,10.900001,gnm_closed_loop,,nominal,post-episode zero hold,True,ok,checkpoints/hospital_front_rgb_finetune/best.pt,4.21,0.2786,-0.2956,0.0696,-0.0052,0.352,,,gnm_closed_loop,0.0,0.0,False,0,,h21_spawn_precheck,,probe,,,,,,,False,h2_weave_J,1.1399,True,,,0.0,0.0,False,zeroed_hold,False,
h21probe_M_s_20260710_020900,192,10.916667,1783645744.891836,4.131466,-1.138397,-0.0,-2.784756,0.0,0.0,-0.00036,1.8e-05,camera_link,10.916667,gnm_closed_loop,,nominal,post-episode zero hold,True,ok,checkpoints/hospital_front_rgb_finetune/best.pt,4.21,0.2786,-0.2956,0.0696,-0.0052,0.352,,,gnm_closed_loop,0.0,0.0,False,0,,h21_spawn_precheck,,probe,,,,,,,False,h2_weave_J,1.1399,True,,,0.0,0.0,False,zeroed_hold,False,
h21probe_M_s_20260710_020900,193,10.933334,1783645744.893035,4.131466,-1.138397,-0.0,-2.784756,0.0,0.0,-0.00036,1.8e-05,camera_link,10.933334,gnm_closed_loop,,nominal,post-episode zero hold,True,ok,checkpoints/hospital_front_rgb_finetune/best.pt,4.21,0.2786,-0.2956,0.0696,-0.0052,0.352,,,gnm_closed_loop,0.0,0.0,False,0,,h21_spawn_precheck,,probe,,,,,,,False,h2_weave_J,1.1399,True,,,0.0,0.0,False,zeroed_hold,False,
h21probe_M_s_20260710_020900,194,10.950001,1783645744.89412,4.131466,-1.138397,-0.0,-2.784756,0.0,0.0,-0.00036,1.8e-05,camera_link,10.950001,gnm_closed_loop,,nominal,post-episode zero hold,True,ok,checkpoints/hospital_front_rgb_finetune/best.pt,4.21,0.2786,-0.2956,0.0696,-0.0052,0.352,,,gnm_closed_loop,0.0,0.0,False,0,,h21_spawn_precheck,,probe,,,,,,,False,h2_weave_J,1.1399,True,,,0.0,0.0,False,zeroed_hold,False,
h21probe_M_s_20260710_020900,195,10.966667,1783645744.905139,4.131466,-1.138397,-0.0,-2.784756,0.0,0.0,-0.00036,1.8e-05,camera_link,10.966667,gnm_closed_loop,,nominal,post-episode zero hold,True,ok,checkpoints/hospital_front_rgb_finetune/best.pt,4.21,0.2786,-0.2956,0.0696,-0.0052,0.352,,,gnm_closed_loop,0.0,0.0,False,0,,h21_spawn_precheck,,probe,,,,,,,False,h2_weave_J,1.1399,True,,,0.0,0.0,False,zeroed_hold,False,
h21probe_M_s_20260710_020900,196,10.983334,1783645744.906716,4.131466,-1.138397,-0.0,-2.784756,0.0,0.0,-0.00036,1.8e-05,camera_link,10.983334,gnm_closed_loop,,nominal,post-episode zero hold,True,ok,checkpoints/hospital_front_rgb_finetune/best.pt,4.21,0.2786,-0.2956,0.0696,-0.0052,0.352,,,gnm_closed_loop,0.0,0.0,False,0,,h21_spawn_precheck,,probe,,,,,,,False,h2_weave_J,1.1399,True,,,0.0,0.0,False,zeroed_hold,False,
h21probe_M_s_20260710_020900,197,11.000001,1783645744.908225,4.131466,-1.138397,-0.0,-2.784756,0.0,0.0,-0.00036,1.8e-05,camera_link,11.000001,gnm_closed_loop,,nominal,post-episode zero hold,True,ok,checkpoints/hospital_front_rgb_finetune/best.pt,4.21,0.2786,-0.2956,0.0696,-0.0052,0.352,,,gnm_closed_loop,0.0,0.0,False,0,,h21_spawn_precheck,,probe,,,,,,,False,h2_weave_J,1.1399,True,,,0.0,0.0,False,zeroed_hold,False,
h21probe_M_s_20260710_020900,198,11.016667,1783645744.921908,4.131466,-1.138397,-0.0,-2.784756,0.0,0.0,-0.00036,1.8e-05,camera_link,11.016667,gnm_closed_loop,,nominal,post-episode zero hold,True,ok,checkpoints/hospital_front_rgb_finetune/best.pt,4.21,0.2786,-0.2956,0.0696,-0.0052,0.352,,,gnm_closed_loop,0.0,0.0,False,0,,h21_spawn_precheck,,probe,,,,,,,False,h2_weave_J,1.1399,True,,,0.0,0.0,False,zeroed_hold,False,
h21probe_M_s_20260710_020900,199,11.033334,1783645744.926033,4.131466,-1.138397,-0.0,-2.784756,0.0,0.0,-0.00036,1.8e-05,camera_link,11.033334,gnm_closed_loop,,nominal,post-episode zero hold,True,ok,checkpoints/hospital_front_rgb_finetune/best.pt,4.21,0.2786,-0.2956,0.0696,-0.0052,0.352,,,gnm_closed_loop,0.0,0.0,False,0,,h21_spawn_precheck,,probe,,,,,,,False,h2_weave_J,1.1399,True,,,0.0,0.0,False,zeroed_hold,False,
h21probe_M_s_20260710_020900,200,11.050001,1783645744.929931,4.131466,-1.138397,-0.0,-2.784756,0.0,0.0,-0.00036,1.8e-05,camera_link,11.050001,gnm_closed_loop,,nominal,post-episode zero hold,True,ok,checkpoints/hospital_front_rgb_finetune/best.pt,4.21,0.2786,-0.2956,0.0696,-0.0052,0.352,,,gnm_closed_loop,0.0,0.0,False,0,,h21_spawn_precheck,,probe,,,,,,,False,h2_weave_J,1.1399,True,,,0.0,0.0,False,zeroed_hold,False,
h21probe_M_s_20260710_020900,201,11.066667,1783645744.956566,4.131466,-1.138397,-0.0,-2.784756,0.0,0.0,-0.00036,1.8e-05,camera_link,11.066667,gnm_closed_loop,,nominal,post-episode zero hold,True,ok,checkpoints/hospital_front_rgb_finetune/best.pt,4.21,0.2786,-0.2956,0.0696,-0.0052,0.352,,,gnm_closed_loop,0.0,0.0,False,0,,h21_spawn_precheck,,probe,,,,,,,False,h2_weave_J,1.1399,True,,,0.0,0.0,False,zeroed_hold,False,
h21probe_M_s_20260710_020900,202,11.083334,1783645744.959979,4.131466,-1.138397,-0.0,-2.784756,0.0,0.0,-0.00036,1.8e-05,camera_link,11.083334,gnm_closed_loop,,nominal,post-episode zero hold,True,ok,checkpoints/hospital_front_rgb_finetune/best.pt,4.21,0.2786,-0.2956,0.0696,-0.0052,0.352,,,gnm_closed_loop,0.0,0.0,False,0,,h21_spawn_precheck,,probe,,,,,,,False,h2_weave_J,1.1399,True,,,0.0,0.0,False,zeroed_hold,False,
h21probe_M_s_20260710_020900,203,11.100001,1783645744.962808,4.131466,-1.138397,-0.0,-2.784756,0.0,0.0,-0.00036,1.8e-05,camera_link,11.100001,gnm_closed_loop,,nominal,post-episode zero hold,True,ok,checkpoints/hospital_front_rgb_finetune/best.pt,4.21,0.2786,-0.2956,0.0696,-0.0052,0.352,,,gnm_closed_loop,0.0,0.0,False,0,,h21_spawn_precheck,,probe,,,,,,,False,h2_weave_J,1.1399,True,,,0.0,0.0,False,zeroed_hold,False,
h21probe_M_s_20260710_020900,204,11.116667,1783645744.987031,4.131466,-1.138397,-0.0,-2.784756,0.0,0.0,-0.00036,1.8e-05,camera_link,11.116667,gnm_closed_loop,,nominal,post-episode zero hold,True,ok,checkpoints/hospital_front_rgb_finetune/best.pt,4.21,0.2786,-0.2956,0.0696,-0.0052,0.352,,,gnm_closed_loop,0.0,0.0,False,0,,h21_spawn_precheck,,probe,,,,,,,False,h2_weave_J,1.1399,True,,,0.0,0.0,False,zeroed_hold,False,
h21probe_M_s_20260710_020900,205,11.133334,1783645744.991416,4.131466,-1.138397,-0.0,-2.784756,0.0,0.0,-0.00036,1.8e-05,camera_link,11.133334,gnm_closed_loop,,nominal,post-episode zero hold,True,ok,checkpoints/hospital_front_rgb_finetune/best.pt,4.21,0.2786,-0.2956,0.0696,-0.0052,0.352,,,gnm_closed_loop,0.0,0.0,False,0,,h21_spawn_precheck,,probe,,,,,,,False,h2_weave_J,1.1399,True,,,0.0,0.0,False,zeroed_hold,False,
h21probe_M_s_20260710_020900,206,11.150001,1783645744.995473,4.131466,-1.138397,-0.0,-2.784756,0.0,0.0,-0.00036,1.8e-05,camera_link,11.150001,gnm_closed_loop,,nominal,post-episode zero hold,True,ok,checkpoints/hospital_front_rgb_finetune/best.pt,4.21,0.2786,-0.2956,0.0696,-0.0052,0.352,,,gnm_closed_loop,0.0,0.0,False,0,,h21_spawn_precheck,,probe,,,,,,,False,h2_weave_J,1.1399,True,,,0.0,0.0,False,zeroed_hold,False,
h21probe_M_s_20260710_020900,207,11.166667,1783645745.021465,4.131466,-1.138397,-0.0,-2.784756,0.0,0.0,-0.00036,1.8e-05,camera_link,11.166667,gnm_closed_loop,,nominal,post-episode zero hold,True,ok,checkpoints/hospital_front_rgb_finetune/best.pt,4.21,0.2786,-0.2956,0.0696,-0.0052,0.352,,,gnm_closed_loop,0.0,0.0,False,0,,h21_spawn_precheck,,probe,,,,,,,False,h2_weave_J,1.1399,True,,,0.0,0.0,False,zeroed_hold,False,
h21probe_M_s_20260710_020900,208,11.183334,1783645745.028418,4.131466,-1.138397,-0.0,-2.784756,0.0,0.0,-0.00036,1.8e-05,camera_link,11.183334,gnm_closed_loop,,nominal,post-episode zero hold,True,ok,checkpoints/hospital_front_rgb_finetune/best.pt,4.21,0.2786,-0.2956,0.0696,-0.0052,0.352,,,gnm_closed_loop,0.0,0.0,False,0,,h21_spawn_precheck,,probe,,,,,,,False,h2_weave_J,1.1399,True,,,0.0,0.0,False,zeroed_hold,False,
h21probe_M_s_20260710_020900,209,11.200001,1783645745.036379,4.131466,-1.138397,-0.0,-2.784756,0.0,0.0,-0.00036,1.8e-05,camera_link,11.200001,gnm_closed_loop,,nominal,post-episode zero hold,True,ok,checkpoints/hospital_front_rgb_finetune/best.pt,4.21,0.2786,-0.2956,0.0696,-0.0052,0.352,,,gnm_closed_loop,0.0,0.0,False,0,,h21_spawn_precheck,,probe,,,,,,,False,h2_weave_J,1.1399,True,,,0.0,0.0,False,zeroed_hold,False,
h21probe_M_s_20260710_020900,210,11.216667,1783645745.067197,4.131466,-1.138397,-0.0,-2.784756,0.0,0.0,-0.00036,1.8e-05,camera_link,11.216667,gnm_closed_loop,,nominal,post-episode zero hold,True,ok,checkpoints/hospital_front_rgb_finetune/best.pt,4.21,0.2786,-0.2956,0.0696,-0.0052,0.352,,,gnm_closed_loop,0.0,0.0,False,0,,h21_spawn_precheck,,probe,,,,,,,False,h2_weave_J,1.1399,True,,,0.0,0.0,False,zeroed_hold,False,
h21probe_M_s_20260710_020900,211,11.233334,1783645745.072226,4.131466,-1.138397,-0.0,-2.784756,0.0,0.0,-0.00036,1.8e-05,camera_link,11.233334,gnm_closed_loop,,nominal,post-episode zero hold,True,ok,checkpoints/hospital_front_rgb_finetune/best.pt,4.21,0.2786,-0.2956,0.0696,-0.0052,0.352,,,gnm_closed_loop,0.0,0.0,False,0,,h21_spawn_precheck,,probe,,,,,,,False,h2_weave_J,1.1399,True,,,0.0,0.0,False,zeroed_hold,False,
h21probe_M_s_20260710_020900,212,11.250001,1783645745.076411,4.131466,-1.138397,-0.0,-2.784756,0.0,0.0,-0.00036,1.8e-05,camera_link,11.250001,gnm_closed_loop,,nominal,post-episode zero hold,True,ok,checkpoints/hospital_front_rgb_finetune/best.pt,4.21,0.2786,-0.2956,0.0696,-0.0052,0.352,,,gnm_closed_loop,0.0,0.0,False,0,,h21_spawn_precheck,,probe,,,,,,,False,h2_weave_J,1.1399,True,,,0.0,0.0,False,zeroed_hold,False,
h21probe_M_s_20260710_020900,213,11.266667,1783645745.093376,4.131466,-1.138397,-0.0,-2.784756,0.0,0.0,-0.00036,1.8e-05,camera_link,11.266667,gnm_closed_loop,,nominal,post-episode zero hold,True,ok,checkpoints/hospital_front_rgb_finetune/best.pt,4.21,0.2786,-0.2956,0.0696,-0.0052,0.352,,,gnm_closed_loop,0.0,0.0,False,0,,h21_spawn_precheck,,probe,,,,,,,False,h2_weave_J,1.1399,True,,,0.0,0.0,False,zeroed_hold,False,
h21probe_M_s_20260710_020900,214,11.283334,1783645745.09592,4.131466,-1.138397,-0.0,-2.784756,0.0,0.0,-0.00036,1.8e-05,camera_link,11.283334,gnm_closed_loop,,nominal,post-episode zero hold,True,ok,checkpoints/hospital_front_rgb_finetune/best.pt,4.21,0.2786,-0.2956,0.0696,-0.0052,0.352,,,gnm_closed_loop,0.0,0.0,False,0,,h21_spawn_precheck,,probe,,,,,,,False,h2_weave_J,1.1399,True,,,0.0,0.0,False,zeroed_hold,False,
h21probe_M_s_20260710_020900,215,11.300001,1783645745.097823,4.131466,-1.138397,-0.0,-2.784756,0.0,0.0,-0.00036,1.8e-05,camera_link,11.300001,gnm_closed_loop,,nominal,post-episode zero hold,True,ok,checkpoints/hospital_front_rgb_finetune/best.pt,4.21,0.2786,-0.2956,0.0696,-0.0052,0.352,,,gnm_closed_loop,0.0,0.0,False,0,,h21_spawn_precheck,,probe,,,,,,,False,h2_weave_J,1.1399,True,,,0.0,0.0,False,zeroed_hold,False,
h21probe_M_s_20260710_020900,216,11.316667,1783645745.106119,4.131466,-1.138397,-0.0,-2.784756,0.0,0.0,-0.00036,1.8e-05,camera_link,11.316667,gnm_closed_loop,,nominal,post-episode zero hold,True,ok,checkpoints/hospital_front_rgb_finetune/best.pt,4.21,0.2786,-0.2956,0.0696,-0.0052,0.352,,,gnm_closed_loop,0.0,0.0,False,0,,h21_spawn_precheck,,probe,,,,,,,False,h2_weave_J,1.1399,True,,,0.0,0.0,False,zeroed_hold,False,
h21probe_M_s_20260710_020900,217,11.333334,1783645745.107173,4.131466,-1.138397,-0.0,-2.784756,0.0,0.0,-0.00036,1.8e-05,camera_link,11.333334,gnm_closed_loop,,nominal,post-episode zero hold,True,ok,checkpoints/hospital_front_rgb_finetune/best.pt,4.21,0.2786,-0.2956,0.0696,-0.0052,0.352,,,gnm_closed_loop,0.0,0.0,False,0,,h21_spawn_precheck,,probe,,,,,,,False,h2_weave_J,1.1399,True,,,0.0,0.0,False,zeroed_hold,False,
h21probe_M_s_20260710_020900,218,11.350001,1783645745.108458,4.131466,-1.138397,-0.0,-2.784756,0.0,0.0,-0.00036,1.8e-05,camera_link,11.350001,gnm_closed_loop,,nominal,post-episode zero hold,True,ok,checkpoints/hospital_front_rgb_finetune/best.pt,4.21,0.2786,-0.2956,0.0696,-0.0052,0.352,,,gnm_closed_loop,0.0,0.0,False,0,,h21_spawn_precheck,,probe,,,,,,,False,h2_weave_J,1.1399,True,,,0.0,0.0,False,zeroed_hold,False,
h21probe_M_s_20260710_020900,219,11.366667,1783645745.114879,4.131466,-1.138397,-0.0,-2.784756,0.0,0.0,-0.00036,1.8e-05,camera_link,11.366667,gnm_closed_loop,,nominal,post-episode zero hold,True,ok,checkpoints/hospital_front_rgb_finetune/best.pt,4.21,0.2786,-0.2956,0.0696,-0.0052,0.352,,,gnm_closed_loop,0.0,0.0,False,0,,h21_spawn_precheck,,probe,,,,,,,False,h2_weave_J,1.1399,True,,,0.0,0.0,False,zeroed_hold,False,
h21probe_M_s_20260710_020900,220,11.383334,1783645745.116592,4.131466,-1.138397,-0.0,-2.784756,0.0,0.0,-0.00036,1.8e-05,camera_link,11.383334,gnm_closed_loop,,nominal,post-episode zero hold,True,ok,checkpoints/hospital_front_rgb_finetune/best.pt,4.21,0.2786,-0.2956,0.0696,-0.0052,0.352,,,gnm_closed_loop,0.0,0.0,False,0,,h21_spawn_precheck,,probe,,,,,,,False,h2_weave_J,1.1399,True,,,0.0,0.0,False,zeroed_hold,False,
h21probe_M_s_20260710_020900,221,11.400001,1783645745.118489,4.131466,-1.138397,-0.0,-2.784756,0.0,0.0,-0.00036,1.8e-05,camera_link,11.400001,gnm_closed_loop,,nominal,post-episode zero hold,True,ok,checkpoints/hospital_front_rgb_finetune/best.pt,4.21,0.2786,-0.2956,0.0696,-0.0052,0.352,,,gnm_closed_loop,0.0,0.0,False,0,,h21_spawn_precheck,,probe,,,,,,,False,h2_weave_J,1.1399,True,,,0.0,0.0,False,zeroed_hold,False,
h21probe_M_s_20260710_020900,222,11.416667,1783645745.128652,4.131466,-1.138397,-0.0,-2.784756,0.0,0.0,-0.00036,1.8e-05,camera_link,11.416667,gnm_closed_loop,,nominal,post-episode zero hold,True,ok,checkpoints/hospital_front_rgb_finetune/best.pt,4.21,0.2786,-0.2956,0.0696,-0.0052,0.352,,,gnm_closed_loop,0.0,0.0,False,0,,h21_spawn_precheck,,probe,,,,,,,False,h2_weave_J,1.1399,True,,,0.0,0.0,False,zeroed_hold,False,
h21probe_M_s_20260710_020900,223,11.433334,1783645745.130564,4.131466,-1.138397,-0.0,-2.784756,0.0,0.0,-0.00036,1.8e-05,camera_link,11.433334,gnm_closed_loop,,nominal,post-episode zero hold,True,ok,checkpoints/hospital_front_rgb_finetune/best.pt,4.21,0.2786,-0.2956,0.0696,-0.0052,0.352,,,gnm_closed_loop,0.0,0.0,False,0,,h21_spawn_precheck,,probe,,,,,,,False,h2_weave_J,1.1399,True,,,0.0,0.0,False,zeroed_hold,False,
h21probe_M_s_20260710_020900,224,11.450001,1783645745.131976,4.131466,-1.138397,-0.0,-2.784756,0.0,0.0,-0.00036,1.8e-05,camera_link,11.450001,gnm_closed_loop,,nominal,post-episode zero hold,True,ok,checkpoints/hospital_front_rgb_finetune/best.pt,4.21,0.2786,-0.2956,0.0696,-0.0052,0.352,,,gnm_closed_loop,0.0,0.0,False,0,,h21_spawn_precheck,,probe,,,,,,,False,h2_weave_J,1.1399,True,,,0.0,0.0,False,zeroed_hold,False,
h21probe_M_s_20260710_020900,225,11.466667,1783645745.141792,4.131466,-1.138397,-0.0,-2.784756,0.0,0.0,-0.00036,1.8e-05,camera_link,11.466667,gnm_closed_loop,,nominal,post-episode zero hold,True,ok,checkpoints/hospital_front_rgb_finetune/best.pt,4.21,0.2786,-0.2956,0.0696,-0.0052,0.352,,,gnm_closed_loop,0.0,0.0,False,0,,h21_spawn_precheck,,probe,,,,,,,False,h2_weave_J,1.1399,True,,,0.0,0.0,False,zeroed_hold,False,
h21probe_M_s_20260710_020900,226,11.483334,1783645745.143722,4.131466,-1.138397,-0.0,-2.784756,0.0,0.0,-0.00036,1.8e-05,camera_link,11.483334,gnm_closed_loop,,nominal,post-episode zero hold,True,ok,checkpoints/hospital_front_rgb_finetune/best.pt,4.21,0.2786,-0.2956,0.0696,-0.0052,0.352,,,gnm_closed_loop,0.0,0.0,False,0,,h21_spawn_precheck,,probe,,,,,,,False,h2_weave_J,1.1399,True,,,0.0,0.0,False,zeroed_hold,False,
h21probe_M_s_20260710_020900,227,11.500001,1783645745.145323,4.131466,-1.138397,-0.0,-2.784756,0.0,0.0,-0.00036,1.8e-05,camera_link,11.500001,gnm_closed_loop,,nominal,post-episode zero hold,True,ok,checkpoints/hospital_front_rgb_finetune/best.pt,4.21,0.2786,-0.2956,0.0696,-0.0052,0.352,,,gnm_closed_loop,0.0,0.0,False,0,,h21_spawn_precheck,,probe,,,,,,,False,h2_weave_J,1.1399,True,,,0.0,0.0,False,zeroed_hold,False,
h21probe_M_s_20260710_020900,228,11.516667,1783645745.161611,4.131466,-1.138397,-0.0,-2.784756,0.0,0.0,-0.00036,1.8e-05,camera_link,11.516667,gnm_closed_loop,,nominal,post-episode zero hold,True,ok,checkpoints/hospital_front_rgb_finetune/best.pt,4.21,0.2786,-0.2956,0.0696,-0.0052,0.352,,,gnm_closed_loop,0.0,0.0,False,0,,h21_spawn_precheck,,probe,,,,,,,False,h2_weave_J,1.1399,True,,,0.0,0.0,False,zeroed_hold,False,
h21probe_M_s_20260710_020900,229,11.533334,1783645745.164496,4.131466,-1.138397,-0.0,-2.784756,0.0,0.0,-0.00036,1.8e-05,camera_link,11.533334,gnm_closed_loop,,nominal,post-episode zero hold,True,ok,checkpoints/hospital_front_rgb_finetune/best.pt,4.21,0.2786,-0.2956,0.0696,-0.0052,0.352,,,gnm_closed_loop,0.0,0.0,False,0,,h21_spawn_precheck,,probe,,,,,,,False,h2_weave_J,1.1399,True,,,0.0,0.0,False,zeroed_hold,False,
h21probe_M_s_20260710_020900,230,11.550001,1783645745.169015,4.131466,-1.138397,-0.0,-2.784756,0.0,0.0,-0.00036,1.8e-05,camera_link,11.550001,gnm_closed_loop,,nominal,post-episode zero hold,True,ok,checkpoints/hospital_front_rgb_finetune/best.pt,4.21,0.2786,-0.2956,0.0696,-0.0052,0.352,,,gnm_closed_loop,0.0,0.0,False,0,,h21_spawn_precheck,,probe,,,,,,,False,h2_weave_J,1.1399,True,,,0.0,0.0,False,zeroed_hold,False,
h21probe_M_s_20260710_020900,231,11.566667,1783645745.194319,4.131466,-1.138397,-0.0,-2.784756,0.0,0.0,-0.00036,1.8e-05,camera_link,11.566667,gnm_closed_loop,,nominal,post-episode zero hold,True,ok,checkpoints/hospital_front_rgb_finetune/best.pt,4.21,0.2786,-0.2956,0.0696,-0.0052,0.352,,,gnm_closed_loop,0.0,0.0,False,0,,h21_spawn_precheck,,probe,,,,,,,False,h2_weave_J,1.1399,True,,,0.0,0.0,False,zeroed_hold,False,
h21probe_M_s_20260710_020900,232,11.583334,1783645745.198221,4.131466,-1.138397,-0.0,-2.784756,0.0,0.0,-0.00036,1.8e-05,camera_link,11.583334,gnm_closed_loop,,nominal,post-episode zero hold,True,ok,checkpoints/hospital_front_rgb_finetune/best.pt,4.21,0.2786,-0.2956,0.0696,-0.0052,0.352,,,gnm_closed_loop,0.0,0.0,False,0,,h21_spawn_precheck,,probe,,,,,,,False,h2_weave_J,1.1399,True,,,0.0,0.0,False,zeroed_hold,False,
h21probe_M_s_20260710_020900,233,11.600001,1783645745.202499,4.131466,-1.138397,-0.0,-2.784756,0.0,0.0,-0.00036,1.8e-05,camera_link,11.600001,gnm_closed_loop,,nominal,post-episode zero hold,True,ok,checkpoints/hospital_front_rgb_finetune/best.pt,4.21,0.2786,-0.2956,0.0696,-0.0052,0.352,,,gnm_closed_loop,0.0,0.0,False,0,,h21_spawn_precheck,,probe,,,,,,,False,h2_weave_J,1.1399,True,,,0.0,0.0,False,zeroed_hold,False,
h21probe_M_s_20260710_020900,234,11.616667,1783645745.228577,4.131466,-1.138397,-0.0,-2.784756,0.0,0.0,-0.00036,1.8e-05,camera_link,11.616667,gnm_closed_loop,,nominal,post-episode zero hold,True,ok,checkpoints/hospital_front_rgb_finetune/best.pt,4.21,0.2786,-0.2956,0.0696,-0.0052,0.352,,,gnm_closed_loop,0.0,0.0,False,0,,h21_spawn_precheck,,probe,,,,,,,False,h2_weave_J,1.1399,True,,,0.0,0.0,False,zeroed_hold,False,
h21probe_M_s_20260710_020900,235,11.633334,1783645745.233909,4.131466,-1.138397,-0.0,-2.784756,0.0,0.0,-0.00036,1.8e-05,camera_link,11.633334,gnm_closed_loop,,nominal,post-episode zero hold,True,ok,checkpoints/hospital_front_rgb_finetune/best.pt,4.21,0.2786,-0.2956,0.0696,-0.0052,0.352,,,gnm_closed_loop,0.0,0.0,False,0,,h21_spawn_precheck,,probe,,,,,,,False,h2_weave_J,1.1399,True,,,0.0,0.0,False,zeroed_hold,False,
h21probe_M_s_20260710_020900,236,11.650001,1783645745.240468,4.131466,-1.138397,-0.0,-2.784756,0.0,0.0,-0.00036,1.8e-05,camera_link,11.650001,gnm_closed_loop,,nominal,post-episode zero hold,True,ok,checkpoints/hospital_front_rgb_finetune/best.pt,4.21,0.2786,-0.2956,0.0696,-0.0052,0.352,,,gnm_closed_loop,0.0,0.0,False,0,,h21_spawn_precheck,,probe,,,,,,,False,h2_weave_J,1.1399,True,,,0.0,0.0,False,zeroed_hold,False,
h21probe_M_s_20260710_020900,237,11.666667,1783645746.655692,4.131466,-1.138397,-0.0,-2.784756,0.0,0.0,-0.00036,1.8e-05,camera_link,11.666667,gnm_closed_loop,,nominal,post-episode zero hold,True,ok,checkpoints/hospital_front_rgb_finetune/best.pt,4.21,0.2786,-0.2956,0.0696,-0.0052,0.352,,,gnm_closed_loop,0.0,0.0,False,0,,h21_spawn_precheck,,probe,,,,,,,False,h2_weave_J,1.1399,True,,,0.0,0.0,False,zeroed_hold,False,
h21probe_M_s_20260710_020900,238,11.683334,1783645746.657286,4.131466,-1.138397,-0.0,-2.784756,0.0,0.0,-0.00036,1.8e-05,camera_link,11.683334,gnm_closed_loop,,nominal,post-episode zero hold,True,ok,checkpoints/hospital_front_rgb_finetune/best.pt,4.21,0.2786,-0.2956,0.0696,-0.0052,0.352,,,gnm_closed_loop,0.0,0.0,False,0,,h21_spawn_precheck,,probe,,,,,,,False,h2_weave_J,1.1399,True,,,0.0,0.0,False,zeroed_hold,False,
h21probe_M_s_20260710_020900,239,11.700001,1783645746.658753,4.131466,-1.138397,-0.0,-2.784756,0.0,0.0,-0.00036,1.8e-05,camera_link,11.700001,gnm_closed_loop,,nominal,post-episode zero hold,True,ok,checkpoints/hospital_front_rgb_finetune/best.pt,4.21,0.2786,-0.2956,0.0696,-0.0052,0.352,,,gnm_closed_loop,0.0,0.0,False,0,,h21_spawn_precheck,,probe,,,,,,,False,h2_weave_J,1.1399,True,,,0.0,0.0,False,zeroed_hold,False,
