episode_id,step_idx,sim_time,wall_time,robot_position_x,robot_position_y,robot_position_z,robot_yaw,linear_velocity_cmd,angular_velocity_cmd,odom_linear_velocity,odom_angular_velocity,camera_frame_id,image_timestamp,policy_mode,stop_signal,safety_state,notes,shadow_gnm_enabled,shadow_gnm_status,shadow_gnm_model_path,shadow_gnm_latency_ms,shadow_gnm_candidate_linear_velocity,shadow_gnm_candidate_angular_velocity,shadow_gnm_candidate_waypoint_x,shadow_gnm_candidate_waypoint_y,shadow_gnm_goal_distance,shadow_gnm_confidence,shadow_gnm_error,actual_controller,actual_linear_velocity_cmd,actual_angular_velocity_cmd,goal_id,distance_to_goal_m,gnm_control_enabled,gnm_action_raw_linear_velocity,gnm_action_raw_angular_velocity,gnm_action_clipped_linear_velocity,gnm_action_clipped_angular_velocity,action_clipped,watchdog_state,emergency_stop_triggered,stop_reason
gnm_closed_loop_20260708_043548,0,13.216667,1783481751.298581,1.1936,-0.000425,0.0,2e-05,0.2,0.064654,-0.000149,-0.000169,camera_link,13.216667,gnm_closed_loop,,nominal,,True,ok,third_party/visualnav-transformer/model_weights/gnm/gnm.pth,13.71,0.3,0.0647,0.5749,0.0372,4.83,,,gnm_closed_loop,0.2,0.064654,bringup_stage_goal_A,1.399,True,0.3,0.064654,0.2,0.064654,True,armed,False,
gnm_closed_loop_20260708_043548,1,13.233334,1783481751.300824,1.194811,-0.000425,0.0,1e-05,0.2,0.064654,-0.000149,-0.000169,camera_link,13.233334,gnm_closed_loop,,nominal,,True,ok,third_party/visualnav-transformer/model_weights/gnm/gnm.pth,13.71,0.3,0.0647,0.5749,0.0372,4.83,,,gnm_closed_loop,0.2,0.064654,bringup_stage_goal_A,1.3978,True,0.3,0.064654,0.2,0.064654,True,armed,False,
gnm_closed_loop_20260708_043548,2,13.250001,1783481751.302541,1.197148,-0.000425,0.0,-5.2e-05,0.2,0.064654,-0.000149,-0.000169,camera_link,13.250001,gnm_closed_loop,,nominal,,True,ok,third_party/visualnav-transformer/model_weights/gnm/gnm.pth,13.71,0.3,0.0647,0.5749,0.0372,4.83,,,gnm_closed_loop,0.2,0.064654,bringup_stage_goal_A,1.3957,True,0.3,0.064654,0.2,0.064654,True,armed,False,
gnm_closed_loop_20260708_043548,3,13.266667,1783481751.326967,1.200205,-0.000425,-0.0,-4.6e-05,0.2,0.064613,0.195702,-0.004735,camera_link,13.266667,gnm_closed_loop,,nominal,,True,ok,third_party/visualnav-transformer/model_weights/gnm/gnm.pth,13.78,0.3,0.0646,0.5751,0.0372,4.83,,,gnm_closed_loop,0.2,0.064613,bringup_stage_goal_A,1.3928,True,0.3,0.064613,0.2,0.064613,True,armed,False,
gnm_closed_loop_20260708_043548,4,13.283334,1783481751.329466,1.2035,-0.000426,2e-06,-4.8e-05,0.2,0.064613,0.195702,-0.004735,camera_link,13.283334,gnm_closed_loop,,nominal,,True,ok,third_party/visualnav-transformer/model_weights/gnm/gnm.pth,13.78,0.3,0.0646,0.5751,0.0372,4.83,,,gnm_closed_loop,0.2,0.064613,bringup_stage_goal_A,1.3897,True,0.3,0.064613,0.2,0.064613,True,armed,False,
gnm_closed_loop_20260708_043548,5,13.300001,1783481751.332342,1.206821,-0.000426,0.0,-4.2e-05,0.2,0.064613,0.195702,-0.004735,camera_link,13.300001,gnm_closed_loop,,nominal,,True,ok,third_party/visualnav-transformer/model_weights/gnm/gnm.pth,13.78,0.3,0.0646,0.5751,0.0372,4.83,,,gnm_closed_loop,0.2,0.064613,bringup_stage_goal_A,1.3866,True,0.3,0.064613,0.2,0.064613,True,armed,False,
gnm_closed_loop_20260708_043548,6,13.316667,1783481751.355771,1.210145,-0.000427,-0.0,-3.8e-05,0.2,0.065123,0.199822,-0.004806,camera_link,13.316667,gnm_closed_loop,,nominal,,True,ok,third_party/visualnav-transformer/model_weights/gnm/gnm.pth,13.84,0.3,0.0651,0.5751,0.0375,4.81,,,gnm_closed_loop,0.2,0.065123,bringup_stage_goal_A,1.3835,True,0.3,0.065123,0.2,0.065123,True,armed,False,
gnm_closed_loop_20260708_043548,7,13.333334,1783481751.357842,1.21347,-0.000426,1e-06,-2.3e-05,0.2,0.065123,0.199822,-0.004806,camera_link,13.333334,gnm_closed_loop,,nominal,,True,ok,third_party/visualnav-transformer/model_weights/gnm/gnm.pth,13.84,0.3,0.0651,0.5751,0.0375,4.81,,,gnm_closed_loop,0.2,0.065123,bringup_stage_goal_A,1.3804,True,0.3,0.065123,0.2,0.065123,True,armed,False,
gnm_closed_loop_20260708_043548,8,13.350001,1783481751.359561,1.216796,-0.000426,-0.0,-1.6e-05,0.2,0.065123,0.199822,-0.004806,camera_link,13.350001,gnm_closed_loop,,nominal,,True,ok,third_party/visualnav-transformer/model_weights/gnm/gnm.pth,13.84,0.3,0.0651,0.5751,0.0375,4.81,,,gnm_closed_loop,0.2,0.065123,bringup_stage_goal_A,1.3773,True,0.3,0.065123,0.2,0.065123,True,armed,False,
gnm_closed_loop_20260708_043548,9,13.366667,1783481751.381252,1.22012,-0.000427,-0.0,-1e-05,0.2,0.0659,0.199862,-0.004868,camera_link,13.366667,gnm_closed_loop,,nominal,,True,ok,third_party/visualnav-transformer/model_weights/gnm/gnm.pth,12.83,0.3,0.0659,0.5742,0.0379,4.78,,,gnm_closed_loop,0.2,0.0659,bringup_stage_goal_A,1.3742,True,0.3,0.0659,0.2,0.0659,True,armed,False,
gnm_closed_loop_20260708_043548,10,13.383334,1783481751.383374,1.223445,-0.000427,-0.0,-4e-06,0.2,0.0659,0.199862,-0.004868,camera_link,13.383334,gnm_closed_loop,,nominal,,True,ok,third_party/visualnav-transformer/model_weights/gnm/gnm.pth,12.83,0.3,0.0659,0.5742,0.0379,4.78,,,gnm_closed_loop,0.2,0.0659,bringup_stage_goal_A,1.3711,True,0.3,0.0659,0.2,0.0659,True,armed,False,
gnm_closed_loop_20260708_043548,11,13.400001,1783481751.385091,1.226769,-0.000427,-0.0,3e-06,0.2,0.0659,0.199862,-0.004868,camera_link,13.400001,gnm_closed_loop,,nominal,,True,ok,third_party/visualnav-transformer/model_weights/gnm/gnm.pth,12.83,0.3,0.0659,0.5742,0.0379,4.78,,,gnm_closed_loop,0.2,0.0659,bringup_stage_goal_A,1.368,True,0.3,0.0659,0.2,0.0659,True,armed,False,
gnm_closed_loop_20260708_043548,12,13.416667,1783481751.408765,1.230093,-0.000426,2e-06,1.3e-05,0.2,0.06633,0.199443,-0.007497,camera_link,13.416667,gnm_closed_loop,,nominal,,True,ok,third_party/visualnav-transformer/model_weights/gnm/gnm.pth,13.38,0.3,0.0663,0.5707,0.0379,4.76,,,gnm_closed_loop,0.2,0.06633,bringup_stage_goal_A,1.365,True,0.3,0.06633,0.2,0.06633,True,armed,False,
gnm_closed_loop_20260708_043548,13,13.433334,1783481751.412103,1.23342,-0.000427,-0.0,1.9e-05,0.2,0.06633,0.199443,-0.007497,camera_link,13.433334,gnm_closed_loop,,nominal,,True,ok,third_party/visualnav-transformer/model_weights/gnm/gnm.pth,13.38,0.3,0.0663,0.5707,0.0379,4.76,,,gnm_closed_loop,0.2,0.06633,bringup_stage_goal_A,1.3619,True,0.3,0.06633,0.2,0.06633,True,armed,False,
gnm_closed_loop_20260708_043548,14,13.450001,1783481751.414066,1.236744,-0.000427,-0.0,2.5e-05,0.2,0.06633,0.199443,-0.007497,camera_link,13.450001,gnm_closed_loop,,nominal,,True,ok,third_party/visualnav-transformer/model_weights/gnm/gnm.pth,13.38,0.3,0.0663,0.5707,0.0379,4.76,,,gnm_closed_loop,0.2,0.06633,bringup_stage_goal_A,1.3588,True,0.3,0.06633,0.2,0.06633,True,armed,False,
gnm_closed_loop_20260708_043548,15,13.466667,1783481751.436881,1.240068,-0.000426,1e-06,3.7e-05,0.2,0.066487,0.19934,-0.009206,camera_link,13.466667,gnm_closed_loop,,nominal,,True,ok,third_party/visualnav-transformer/model_weights/gnm/gnm.pth,12.83,0.3,0.0665,0.5644,0.0376,4.77,,,gnm_closed_loop,0.2,0.066487,bringup_stage_goal_A,1.3557,True,0.3,0.066487,0.2,0.066487,True,armed,False,
gnm_closed_loop_20260708_043548,16,13.483334,1783481751.440311,1.243396,-0.000427,-0.0,3.6e-05,0.2,0.066487,0.19934,-0.009206,camera_link,13.483334,gnm_closed_loop,,nominal,,True,ok,third_party/visualnav-transformer/model_weights/gnm/gnm.pth,12.83,0.3,0.0665,0.5644,0.0376,4.77,,,gnm_closed_loop,0.2,0.066487,bringup_stage_goal_A,1.3526,True,0.3,0.066487,0.2,0.066487,True,armed,False,
gnm_closed_loop_20260708_043548,17,13.500001,1783481751.44244,1.246719,-0.000426,-0.0,4.3e-05,0.2,0.066487,0.19934,-0.009206,camera_link,13.500001,gnm_closed_loop,,nominal,,True,ok,third_party/visualnav-transformer/model_weights/gnm/gnm.pth,12.83,0.3,0.0665,0.5644,0.0376,4.77,,,gnm_closed_loop,0.2,0.066487,bringup_stage_goal_A,1.3495,True,0.3,0.066487,0.2,0.066487,True,armed,False,
gnm_closed_loop_20260708_043548,18,13.516667,1783481751.468376,1.250044,-0.000427,-0.0,4.8e-05,0.2,0.066336,0.199948,-0.005443,camera_link,13.516667,gnm_closed_loop,,nominal,,True,ok,third_party/visualnav-transformer/model_weights/gnm/gnm.pth,14.81,0.3,0.0663,0.5593,0.0372,4.78,,,gnm_closed_loop,0.2,0.066336,bringup_stage_goal_A,1.3464,True,0.3,0.066336,0.2,0.066336,True,armed,False,
gnm_closed_loop_20260708_043548,19,13.533334,1783481751.470511,1.253369,-0.000427,-0.0,5.5e-05,0.2,0.066336,0.199948,-0.005443,camera_link,13.533334,gnm_closed_loop,,nominal,,True,ok,third_party/visualnav-transformer/model_weights/gnm/gnm.pth,14.81,0.3,0.0663,0.5593,0.0372,4.78,,,gnm_closed_loop,0.2,0.066336,bringup_stage_goal_A,1.3433,True,0.3,0.066336,0.2,0.066336,True,armed,False,
gnm_closed_loop_20260708_043548,20,13.550001,1783481751.472394,1.256693,-0.000427,-0.0,6e-05,0.2,0.066336,0.199948,-0.005443,camera_link,13.550001,gnm_closed_loop,,nominal,,True,ok,third_party/visualnav-transformer/model_weights/gnm/gnm.pth,14.81,0.3,0.0663,0.5593,0.0372,4.78,,,gnm_closed_loop,0.2,0.066336,bringup_stage_goal_A,1.3402,True,0.3,0.066336,0.2,0.066336,True,armed,False,
gnm_closed_loop_20260708_043548,21,13.566667,1783481751.49535,1.260018,-0.000427,-0.0,6.6e-05,0.2,0.066475,0.199883,-0.005448,camera_link,13.566667,gnm_closed_loop,,nominal,,True,ok,third_party/visualnav-transformer/model_weights/gnm/gnm.pth,12.96,0.3,0.0665,0.5504,0.0366,4.8,,,gnm_closed_loop,0.2,0.066475,bringup_stage_goal_A,1.3372,True,0.3,0.066475,0.2,0.066475,True,armed,False,
gnm_closed_loop_20260708_043548,22,13.583334,1783481751.498538,1.263344,-0.000427,-0.0,7.1e-05,0.2,0.066475,0.199883,-0.005448,camera_link,13.583334,gnm_closed_loop,,nominal,,True,ok,third_party/visualnav-transformer/model_weights/gnm/gnm.pth,12.96,0.3,0.0665,0.5504,0.0366,4.8,,,gnm_closed_loop,0.2,0.066475,bringup_stage_goal_A,1.3341,True,0.3,0.066475,0.2,0.066475,True,armed,False,
gnm_closed_loop_20260708_043548,23,13.600001,1783481751.501472,1.266667,-0.000427,-0.0,7.6e-05,0.2,0.066475,0.199883,-0.005448,camera_link,13.600001,gnm_closed_loop,,nominal,,True,ok,third_party/visualnav-transformer/model_weights/gnm/gnm.pth,12.96,0.3,0.0665,0.5504,0.0366,4.8,,,gnm_closed_loop,0.2,0.066475,bringup_stage_goal_A,1.331,True,0.3,0.066475,0.2,0.066475,True,armed,False,
gnm_closed_loop_20260708_043548,24,13.616667,1783481751.52808,1.269992,-0.000427,-0.0,8.1e-05,0.2,0.065907,0.199953,-0.005152,camera_link,13.616667,gnm_closed_loop,,nominal,,True,ok,third_party/visualnav-transformer/model_weights/gnm/gnm.pth,14.69,0.3,0.0659,0.5461,0.036,4.82,,,gnm_closed_loop,0.2,0.065907,bringup_stage_goal_A,1.3279,True,0.3,0.065907,0.2,0.065907,True,armed,False,
gnm_closed_loop_20260708_043548,25,13.633334,1783481751.53101,1.273318,-0.000427,-0.0,8.6e-05,0.2,0.065907,0.199953,-0.005152,camera_link,13.633334,gnm_closed_loop,,nominal,,True,ok,third_party/visualnav-transformer/model_weights/gnm/gnm.pth,14.69,0.3,0.0659,0.5461,0.036,4.82,,,gnm_closed_loop,0.2,0.065907,bringup_stage_goal_A,1.3248,True,0.3,0.065907,0.2,0.065907,True,armed,False,
gnm_closed_loop_20260708_043548,26,13.650001,1783481751.533483,1.276644,-0.000427,-0.0,9.1e-05,0.2,0.065907,0.199953,-0.005152,camera_link,13.650001,gnm_closed_loop,,nominal,,True,ok,third_party/visualnav-transformer/model_weights/gnm/gnm.pth,14.69,0.3,0.0659,0.5461,0.036,4.82,,,gnm_closed_loop,0.2,0.065907,bringup_stage_goal_A,1.3218,True,0.3,0.065907,0.2,0.065907,True,armed,False,
gnm_closed_loop_20260708_043548,27,13.666667,1783481751.556607,1.279969,-0.000427,-0.0,9.6e-05,0.2,0.065173,0.199797,-0.005099,camera_link,13.666667,gnm_closed_loop,,nominal,,True,ok,third_party/visualnav-transformer/model_weights/gnm/gnm.pth,13.38,0.3,0.0652,0.545,0.0356,4.84,,,gnm_closed_loop,0.2,0.065173,bringup_stage_goal_A,1.3187,True,0.3,0.065173,0.2,0.065173,True,armed,False,
gnm_closed_loop_20260708_043548,28,13.683334,1783481751.559312,1.283293,-0.000427,-0.0,0.000102,0.2,0.065173,0.199797,-0.005099,camera_link,13.683334,gnm_closed_loop,,nominal,,True,ok,third_party/visualnav-transformer/model_weights/gnm/gnm.pth,13.38,0.3,0.0652,0.545,0.0356,4.84,,,gnm_closed_loop,0.2,0.065173,bringup_stage_goal_A,1.3156,True,0.3,0.065173,0.2,0.065173,True,armed,False,
gnm_closed_loop_20260708_043548,29,13.700001,1783481751.562087,1.28662,-0.000426,-0.0,0.000108,0.2,0.065173,0.199797,-0.005099,camera_link,13.700001,gnm_closed_loop,,nominal,,True,ok,third_party/visualnav-transformer/model_weights/gnm/gnm.pth,13.38,0.3,0.0652,0.545,0.0356,4.84,,,gnm_closed_loop,0.2,0.065173,bringup_stage_goal_A,1.3125,True,0.3,0.065173,0.2,0.065173,True,armed,False,
gnm_closed_loop_20260708_043548,30,13.716667,1783481751.592787,1.289943,-0.000426,-0.0,0.000114,0.2,0.064103,0.199921,-0.005086,camera_link,13.716667,gnm_closed_loop,,nominal,,True,ok,third_party/visualnav-transformer/model_weights/gnm/gnm.pth,17.68,0.3,0.0641,0.5478,0.0352,4.87,,,gnm_closed_loop,0.2,0.064103,bringup_stage_goal_A,1.3095,True,0.3,0.064103,0.2,0.064103,True,armed,False,
gnm_closed_loop_20260708_043548,31,13.733334,1783481751.595117,1.293268,-0.000426,-0.0,0.00012,0.2,0.064103,0.199921,-0.005086,camera_link,13.733334,gnm_closed_loop,,nominal,,True,ok,third_party/visualnav-transformer/model_weights/gnm/gnm.pth,17.68,0.3,0.0641,0.5478,0.0352,4.87,,,gnm_closed_loop,0.2,0.064103,bringup_stage_goal_A,1.3064,True,0.3,0.064103,0.2,0.064103,True,armed,False,
gnm_closed_loop_20260708_043548,32,13.750001,1783481751.596868,1.296593,-0.000426,-0.0,0.000126,0.2,0.064103,0.199921,-0.005086,camera_link,13.750001,gnm_closed_loop,,nominal,,True,ok,third_party/visualnav-transformer/model_weights/gnm/gnm.pth,17.68,0.3,0.0641,0.5478,0.0352,4.87,,,gnm_closed_loop,0.2,0.064103,bringup_stage_goal_A,1.3033,True,0.3,0.064103,0.2,0.064103,True,armed,False,
gnm_closed_loop_20260708_043548,33,13.766667,1783481751.619234,1.299918,-0.000425,-0.0,0.000133,0.2,0.063463,0.199844,-0.005179,camera_link,13.766667,gnm_closed_loop,,nominal,,True,ok,third_party/visualnav-transformer/model_weights/gnm/gnm.pth,13.0,0.3,0.0635,0.5516,0.0351,4.87,,,gnm_closed_loop,0.2,0.063463,bringup_stage_goal_A,1.3002,True,0.3,0.063463,0.2,0.063463,True,armed,False,
gnm_closed_loop_20260708_043548,34,13.783334,1783481751.62131,1.303241,-0.000425,1e-06,0.000136,0.2,0.063463,0.199844,-0.005179,camera_link,13.783334,gnm_closed_loop,,nominal,,True,ok,third_party/visualnav-transformer/model_weights/gnm/gnm.pth,13.0,0.3,0.0635,0.5516,0.0351,4.87,,,gnm_closed_loop,0.2,0.063463,bringup_stage_goal_A,1.2972,True,0.3,0.063463,0.2,0.063463,True,armed,False,
gnm_closed_loop_20260708_043548,35,13.800001,1783481751.623141,1.306564,-0.000424,3e-06,0.000148,0.2,0.063463,0.199844,-0.005179,camera_link,13.800001,gnm_closed_loop,,nominal,,True,ok,third_party/visualnav-transformer/model_weights/gnm/gnm.pth,13.0,0.3,0.0635,0.5516,0.0351,4.87,,,gnm_closed_loop,0.2,0.063463,bringup_stage_goal_A,1.2941,True,0.3,0.063463,0.2,0.063463,True,armed,False,
gnm_closed_loop_20260708_043548,36,13.816667,1783481751.646205,1.309893,-0.000424,0.0,0.000153,0.2,0.06327,0.199742,-0.005116,camera_link,13.816667,gnm_closed_loop,,nominal,,True,ok,third_party/visualnav-transformer/model_weights/gnm/gnm.pth,12.94,0.3,0.0633,0.553,0.035,4.87,,,gnm_closed_loop,0.2,0.06327,bringup_stage_goal_A,1.291,True,0.3,0.06327,0.2,0.06327,True,armed,False,
gnm_closed_loop_20260708_043548,37,13.833334,1783481751.648306,1.31322,-0.000424,0.0,0.000162,0.2,0.06327,0.199742,-0.005116,camera_link,13.833334,gnm_closed_loop,,nominal,,True,ok,third_party/visualnav-transformer/model_weights/gnm/gnm.pth,12.94,0.3,0.0633,0.553,0.035,4.87,,,gnm_closed_loop,0.2,0.06327,bringup_stage_goal_A,1.288,True,0.3,0.06327,0.2,0.06327,True,armed,False,
gnm_closed_loop_20260708_043548,38,13.850001,1783481751.649992,1.316546,-0.000423,-0.0,0.000168,0.2,0.06327,0.199742,-0.005116,camera_link,13.850001,gnm_closed_loop,,nominal,,True,ok,third_party/visualnav-transformer/model_weights/gnm/gnm.pth,12.94,0.3,0.0633,0.553,0.035,4.87,,,gnm_closed_loop,0.2,0.06327,bringup_stage_goal_A,1.2849,True,0.3,0.06327,0.2,0.06327,True,armed,False,
gnm_closed_loop_20260708_043548,39,13.866667,1783481751.67219,1.319871,-0.000423,-0.0,0.000175,0.2,0.064204,0.199848,-0.005314,camera_link,13.866667,gnm_closed_loop,,nominal,,True,ok,third_party/visualnav-transformer/model_weights/gnm/gnm.pth,13.2,0.3,0.0642,0.5465,0.0351,4.86,,,gnm_closed_loop,0.2,0.064204,bringup_stage_goal_A,1.2818,True,0.3,0.064204,0.2,0.064204,True,armed,False,
gnm_closed_loop_20260708_043548,40,13.883334,1783481751.674849,1.323195,-0.000423,1e-06,0.000177,0.2,0.064204,0.199848,-0.005314,camera_link,13.883334,gnm_closed_loop,,nominal,,True,ok,third_party/visualnav-transformer/model_weights/gnm/gnm.pth,13.2,0.3,0.0642,0.5465,0.0351,4.86,,,gnm_closed_loop,0.2,0.064204,bringup_stage_goal_A,1.2788,True,0.3,0.064204,0.2,0.064204,True,armed,False,
gnm_closed_loop_20260708_043548,41,13.900001,1783481751.677737,1.32652,-0.000422,-0.0,0.000183,0.2,0.064204,0.199848,-0.005314,camera_link,13.900001,gnm_closed_loop,,nominal,,True,ok,third_party/visualnav-transformer/model_weights/gnm/gnm.pth,13.2,0.3,0.0642,0.5465,0.0351,4.86,,,gnm_closed_loop,0.2,0.064204,bringup_stage_goal_A,1.2757,True,0.3,0.064204,0.2,0.064204,True,armed,False,
gnm_closed_loop_20260708_043548,42,13.916667,1783481751.705089,1.329846,-0.000422,-0.0,0.000187,0.2,0.066281,0.199789,-0.004353,camera_link,13.916667,gnm_closed_loop,,nominal,,True,ok,third_party/visualnav-transformer/model_weights/gnm/gnm.pth,15.02,0.3,0.0663,0.5272,0.035,4.89,,,gnm_closed_loop,0.2,0.066281,bringup_stage_goal_A,1.2727,True,0.3,0.066281,0.2,0.066281,True,armed,False,
gnm_closed_loop_20260708_043548,43,13.933334,1783481751.708225,1.33317,-0.000422,-0.0,0.000193,0.2,0.066281,0.199789,-0.004353,camera_link,13.933334,gnm_closed_loop,,nominal,,True,ok,third_party/visualnav-transformer/model_weights/gnm/gnm.pth,15.02,0.3,0.0663,0.5272,0.035,4.89,,,gnm_closed_loop,0.2,0.066281,bringup_stage_goal_A,1.2696,True,0.3,0.066281,0.2,0.066281,True,armed,False,
gnm_closed_loop_20260708_043548,44,13.950001,1783481751.710818,1.336497,-0.000421,-0.0,0.000198,0.2,0.066281,0.199789,-0.004353,camera_link,13.950001,gnm_closed_loop,,nominal,,True,ok,third_party/visualnav-transformer/model_weights/gnm/gnm.pth,15.02,0.3,0.0663,0.5272,0.035,4.89,,,gnm_closed_loop,0.2,0.066281,bringup_stage_goal_A,1.2666,True,0.3,0.066281,0.2,0.066281,True,armed,False,
gnm_closed_loop_20260708_043548,45,13.966667,1783481751.748509,1.339821,-0.000421,-0.0,0.000203,0.2,0.070855,0.199915,-0.004134,camera_link,13.966667,gnm_closed_loop,,nominal,,True,ok,third_party/visualnav-transformer/model_weights/gnm/gnm.pth,13.0,0.3,0.0709,0.5094,0.0362,4.94,,,gnm_closed_loop,0.2,0.070855,bringup_stage_goal_A,1.2635,True,0.3,0.070855,0.2,0.070855,True,armed,False,
gnm_closed_loop_20260708_043548,46,13.983334,1783481751.75067,1.343145,-0.00042,-0.0,0.000208,0.2,0.070855,0.199915,-0.004134,camera_link,13.983334,gnm_closed_loop,,nominal,,True,ok,third_party/visualnav-transformer/model_weights/gnm/gnm.pth,13.0,0.3,0.0709,0.5094,0.0362,4.94,,,gnm_closed_loop,0.2,0.070855,bringup_stage_goal_A,1.2605,True,0.3,0.070855,0.2,0.070855,True,armed,False,
gnm_closed_loop_20260708_043548,47,14.000001,1783481751.752427,1.346469,-0.00042,-0.0,0.000213,0.2,0.070855,0.199915,-0.004134,camera_link,14.000001,gnm_closed_loop,,nominal,,True,ok,third_party/visualnav-transformer/model_weights/gnm/gnm.pth,13.0,0.3,0.0709,0.5094,0.0362,4.94,,,gnm_closed_loop,0.2,0.070855,bringup_stage_goal_A,1.2574,True,0.3,0.070855,0.2,0.070855,True,armed,False,
gnm_closed_loop_20260708_043548,48,14.016667,1783481751.775517,1.349797,-0.000419,-0.0,0.000217,0.2,0.074765,0.199717,-0.004753,camera_link,14.016667,gnm_closed_loop,,nominal,,True,ok,third_party/visualnav-transformer/model_weights/gnm/gnm.pth,14.02,0.3,0.0748,0.4936,0.037,4.99,,,gnm_closed_loop,0.2,0.074765,bringup_stage_goal_A,1.2543,True,0.3,0.074765,0.2,0.074765,True,armed,False,
gnm_closed_loop_20260708_043548,49,14.033334,1783481751.778239,1.353122,-0.000418,-0.0,0.000223,0.2,0.074765,0.199717,-0.004753,camera_link,14.033334,gnm_closed_loop,,nominal,,True,ok,third_party/visualnav-transformer/model_weights/gnm/gnm.pth,14.02,0.3,0.0748,0.4936,0.037,4.99,,,gnm_closed_loop,0.2,0.074765,bringup_stage_goal_A,1.2513,True,0.3,0.074765,0.2,0.074765,True,armed,False,
gnm_closed_loop_20260708_043548,50,14.050001,1783481751.779892,1.356448,-0.000418,-0.0,0.000229,0.2,0.074765,0.199717,-0.004753,camera_link,14.050001,gnm_closed_loop,,nominal,,True,ok,third_party/visualnav-transformer/model_weights/gnm/gnm.pth,14.02,0.3,0.0748,0.4936,0.037,4.99,,,gnm_closed_loop,0.2,0.074765,bringup_stage_goal_A,1.2483,True,0.3,0.074765,0.2,0.074765,True,armed,False,
gnm_closed_loop_20260708_043548,51,14.066667,1783481751.802091,1.359775,-0.000417,-0.0,0.000233,0.2,0.077401,0.199691,-0.00479,camera_link,14.066667,gnm_closed_loop,,nominal,,True,ok,third_party/visualnav-transformer/model_weights/gnm/gnm.pth,12.95,0.3,0.0774,0.4851,0.0376,5.01,,,gnm_closed_loop,0.2,0.077401,bringup_stage_goal_A,1.2452,True,0.3,0.077401,0.2,0.077401,True,armed,False,
gnm_closed_loop_20260708_043548,52,14.083334,1783481751.804265,1.363099,-0.000417,-0.0,0.00024,0.2,0.077401,0.199691,-0.00479,camera_link,14.083334,gnm_closed_loop,,nominal,,True,ok,third_party/visualnav-transformer/model_weights/gnm/gnm.pth,12.95,0.3,0.0774,0.4851,0.0376,5.01,,,gnm_closed_loop,0.2,0.077401,bringup_stage_goal_A,1.2422,True,0.3,0.077401,0.2,0.077401,True,armed,False,
gnm_closed_loop_20260708_043548,53,14.100001,1783481751.805998,1.366423,-0.000416,-0.0,0.000246,0.2,0.077401,0.199691,-0.00479,camera_link,14.100001,gnm_closed_loop,,nominal,,True,ok,third_party/visualnav-transformer/model_weights/gnm/gnm.pth,12.95,0.3,0.0774,0.4851,0.0376,5.01,,,gnm_closed_loop,0.2,0.077401,bringup_stage_goal_A,1.2391,True,0.3,0.077401,0.2,0.077401,True,armed,False,
gnm_closed_loop_20260708_043548,54,14.116667,1783481751.828411,1.36975,-0.000415,-0.0,0.000252,0.2,0.078985,0.19981,-0.005118,camera_link,14.116667,gnm_closed_loop,,nominal,,True,ok,third_party/visualnav-transformer/model_weights/gnm/gnm.pth,13.12,0.3,0.079,0.4775,0.0378,5.02,,,gnm_closed_loop,0.2,0.078985,bringup_stage_goal_A,1.2361,True,0.3,0.078985,0.2,0.078985,True,armed,False,
gnm_closed_loop_20260708_043548,55,14.133334,1783481751.830666,1.373075,-0.000414,-0.0,0.00026,0.2,0.078985,0.19981,-0.005118,camera_link,14.133334,gnm_closed_loop,,nominal,,True,ok,third_party/visualnav-transformer/model_weights/gnm/gnm.pth,13.12,0.3,0.079,0.4775,0.0378,5.02,,,gnm_closed_loop,0.2,0.078985,bringup_stage_goal_A,1.233,True,0.3,0.078985,0.2,0.078985,True,armed,False,
gnm_closed_loop_20260708_043548,56,14.150001,1783481751.83309,1.3764,-0.000414,-0.0,0.000268,0.2,0.078985,0.19981,-0.005118,camera_link,14.150001,gnm_closed_loop,,nominal,,True,ok,third_party/visualnav-transformer/model_weights/gnm/gnm.pth,13.12,0.3,0.079,0.4775,0.0378,5.02,,,gnm_closed_loop,0.2,0.078985,bringup_stage_goal_A,1.23,True,0.3,0.078985,0.2,0.078985,True,armed,False,
gnm_closed_loop_20260708_043548,57,14.166667,1783481751.854775,1.379725,-0.000413,-0.0,0.000275,0.2,0.079228,0.199846,-0.006337,camera_link,14.166667,gnm_closed_loop,,nominal,,True,ok,third_party/visualnav-transformer/model_weights/gnm/gnm.pth,12.87,0.3,0.0792,0.4726,0.0375,5.05,,,gnm_closed_loop,0.2,0.079228,bringup_stage_goal_A,1.227,True,0.3,0.079228,0.2,0.079228,True,armed,False,
gnm_closed_loop_20260708_043548,58,14.183334,1783481751.857129,1.383048,-0.000412,-0.0,0.000281,0.2,0.079228,0.199846,-0.006337,camera_link,14.183334,gnm_closed_loop,,nominal,,True,ok,third_party/visualnav-transformer/model_weights/gnm/gnm.pth,12.87,0.3,0.0792,0.4726,0.0375,5.05,,,gnm_closed_loop,0.2,0.079228,bringup_stage_goal_A,1.2239,True,0.3,0.079228,0.2,0.079228,True,armed,False,
gnm_closed_loop_20260708_043548,59,14.200001,1783481751.858909,1.386377,-0.000411,0.0,0.000288,0.2,0.079228,0.199846,-0.006337,camera_link,14.200001,gnm_closed_loop,,nominal,,True,ok,third_party/visualnav-transformer/model_weights/gnm/gnm.pth,12.87,0.3,0.0792,0.4726,0.0375,5.05,,,gnm_closed_loop,0.2,0.079228,bringup_stage_goal_A,1.2209,True,0.3,0.079228,0.2,0.079228,True,armed,False,
gnm_closed_loop_20260708_043548,60,14.216667,1783481751.883761,1.389703,-0.00041,-0.0,0.000295,0.2,0.079696,0.199739,-0.005782,camera_link,14.216667,gnm_closed_loop,,nominal,,True,ok,third_party/visualnav-transformer/model_weights/gnm/gnm.pth,14.85,0.3,0.0797,0.4686,0.0374,5.06,,,gnm_closed_loop,0.2,0.079696,bringup_stage_goal_A,1.2179,True,0.3,0.079696,0.2,0.079696,True,armed,False,
gnm_closed_loop_20260708_043548,61,14.233334,1783481751.886424,1.393027,-0.00041,-0.0,0.000301,0.2,0.079696,0.199739,-0.005782,camera_link,14.233334,gnm_closed_loop,,nominal,,True,ok,third_party/visualnav-transformer/model_weights/gnm/gnm.pth,14.85,0.3,0.0797,0.4686,0.0374,5.06,,,gnm_closed_loop,0.2,0.079696,bringup_stage_goal_A,1.2148,True,0.3,0.079696,0.2,0.079696,True,armed,False,
gnm_closed_loop_20260708_043548,62,14.250001,1783481751.888746,1.396352,-0.000409,-0.0,0.000309,0.2,0.079696,0.199739,-0.005782,camera_link,14.250001,gnm_closed_loop,,nominal,,True,ok,third_party/visualnav-transformer/model_weights/gnm/gnm.pth,14.85,0.3,0.0797,0.4686,0.0374,5.06,,,gnm_closed_loop,0.2,0.079696,bringup_stage_goal_A,1.2118,True,0.3,0.079696,0.2,0.079696,True,armed,False,
gnm_closed_loop_20260708_043548,63,14.266667,1783481751.920717,1.399677,-0.000408,-0.0,0.000317,0.2,0.080033,0.199855,-0.007123,camera_link,14.266667,gnm_closed_loop,,nominal,,True,ok,third_party/visualnav-transformer/model_weights/gnm/gnm.pth,20.78,0.3,0.08,0.4673,0.0375,5.04,,,gnm_closed_loop,0.2,0.080033,bringup_stage_goal_A,1.2088,True,0.3,0.080033,0.2,0.080033,True,armed,False,
gnm_closed_loop_20260708_043548,64,14.283334,1783481751.924019,1.403002,-0.000407,-0.0,0.000321,0.2,0.080033,0.199855,-0.007123,camera_link,14.283334,gnm_closed_loop,,nominal,,True,ok,third_party/visualnav-transformer/model_weights/gnm/gnm.pth,20.78,0.3,0.08,0.4673,0.0375,5.04,,,gnm_closed_loop,0.2,0.080033,bringup_stage_goal_A,1.2057,True,0.3,0.080033,0.2,0.080033,True,armed,False,
gnm_closed_loop_20260708_043548,65,14.300001,1783481751.925951,1.406327,-0.000406,-0.0,0.000329,0.2,0.080033,0.199855,-0.007123,camera_link,14.300001,gnm_closed_loop,,nominal,,True,ok,third_party/visualnav-transformer/model_weights/gnm/gnm.pth,20.78,0.3,0.08,0.4673,0.0375,5.04,,,gnm_closed_loop,0.2,0.080033,bringup_stage_goal_A,1.2027,True,0.3,0.080033,0.2,0.080033,True,armed,False,
gnm_closed_loop_20260708_043548,66,14.316667,1783481751.952816,1.409653,-0.000405,-0.0,0.000335,0.2,0.081411,0.199792,-0.005635,camera_link,14.316667,gnm_closed_loop,,nominal,,True,ok,third_party/visualnav-transformer/model_weights/gnm/gnm.pth,14.92,0.3,0.0814,0.4639,0.0379,5.01,,,gnm_closed_loop,0.2,0.081411,bringup_stage_goal_A,1.1997,True,0.3,0.081411,0.2,0.081411,True,armed,False,
gnm_closed_loop_20260708_043548,67,14.333334,1783481751.954916,1.412981,-0.000404,0.0,0.000343,0.2,0.081411,0.199792,-0.005635,camera_link,14.333334,gnm_closed_loop,,nominal,,True,ok,third_party/visualnav-transformer/model_weights/gnm/gnm.pth,14.92,0.3,0.0814,0.4639,0.0379,5.01,,,gnm_closed_loop,0.2,0.081411,bringup_stage_goal_A,1.1967,True,0.3,0.081411,0.2,0.081411,True,armed,False,
gnm_closed_loop_20260708_043548,68,14.350001,1783481751.957103,1.416307,-0.000403,0.0,0.000353,0.2,0.081411,0.199792,-0.005635,camera_link,14.350001,gnm_closed_loop,,nominal,,True,ok,third_party/visualnav-transformer/model_weights/gnm/gnm.pth,14.92,0.3,0.0814,0.4639,0.0379,5.01,,,gnm_closed_loop,0.2,0.081411,bringup_stage_goal_A,1.1936,True,0.3,0.081411,0.2,0.081411,True,armed,False,
gnm_closed_loop_20260708_043548,69,14.366667,1783481751.984606,1.419634,-0.000402,-0.0,0.00036,0.2,0.083079,0.199743,-0.006196,camera_link,14.366667,gnm_closed_loop,,nominal,,True,ok,third_party/visualnav-transformer/model_weights/gnm/gnm.pth,18.06,0.3,0.0831,0.4602,0.0383,4.99,,,gnm_closed_loop,0.2,0.083079,bringup_stage_goal_A,1.1906,True,0.3,0.083079,0.2,0.083079,True,armed,False,
gnm_closed_loop_20260708_043548,70,14.383334,1783481751.986779,1.422961,-0.000401,-0.0,0.000366,0.2,0.083079,0.199743,-0.006196,camera_link,14.383334,gnm_closed_loop,,nominal,,True,ok,third_party/visualnav-transformer/model_weights/gnm/gnm.pth,18.06,0.3,0.0831,0.4602,0.0383,4.99,,,gnm_closed_loop,0.2,0.083079,bringup_stage_goal_A,1.1876,True,0.3,0.083079,0.2,0.083079,True,armed,False,
gnm_closed_loop_20260708_043548,71,14.400001,1783481751.988479,1.426286,-0.0004,1e-06,0.000371,0.2,0.083079,0.199743,-0.006196,camera_link,14.400001,gnm_closed_loop,,nominal,,True,ok,third_party/visualnav-transformer/model_weights/gnm/gnm.pth,18.06,0.3,0.0831,0.4602,0.0383,4.99,,,gnm_closed_loop,0.2,0.083079,bringup_stage_goal_A,1.1846,True,0.3,0.083079,0.2,0.083079,True,armed,False,
gnm_closed_loop_20260708_043548,72,14.416667,1783481752.010176,1.42961,-0.000399,-0.0,0.000379,0.2,0.085594,0.199846,-0.006137,camera_link,14.416667,gnm_closed_loop,,nominal,,True,ok,third_party/visualnav-transformer/model_weights/gnm/gnm.pth,12.75,0.3,0.0856,0.4563,0.0392,4.96,,,gnm_closed_loop,0.2,0.085594,bringup_stage_goal_A,1.1816,True,0.3,0.085594,0.2,0.085594,True,armed,False,
gnm_closed_loop_20260708_043548,73,14.433334,1783481752.012855,1.432936,-0.000398,-0.0,0.000385,0.2,0.085594,0.199846,-0.006137,camera_link,14.433334,gnm_closed_loop,,nominal,,True,ok,third_party/visualnav-transformer/model_weights/gnm/gnm.pth,12.75,0.3,0.0856,0.4563,0.0392,4.96,,,gnm_closed_loop,0.2,0.085594,bringup_stage_goal_A,1.1786,True,0.3,0.085594,0.2,0.085594,True,armed,False,
gnm_closed_loop_20260708_043548,74,14.450001,1783481752.014682,1.436261,-0.000397,-0.0,0.000394,0.2,0.085594,0.199846,-0.006137,camera_link,14.450001,gnm_closed_loop,,nominal,,True,ok,third_party/visualnav-transformer/model_weights/gnm/gnm.pth,12.75,0.3,0.0856,0.4563,0.0392,4.96,,,gnm_closed_loop,0.2,0.085594,bringup_stage_goal_A,1.1756,True,0.3,0.085594,0.2,0.085594,True,armed,False,
gnm_closed_loop_20260708_043548,75,14.466667,1783481752.036554,1.439584,-0.000396,-0.0,0.0004,0.2,0.087809,0.200045,-0.007067,camera_link,14.466667,gnm_closed_loop,,nominal,,True,ok,third_party/visualnav-transformer/model_weights/gnm/gnm.pth,12.75,0.3,0.0878,0.4485,0.0395,4.98,,,gnm_closed_loop,0.2,0.087809,bringup_stage_goal_A,1.1726,True,0.3,0.087809,0.2,0.087809,True,armed,False,
gnm_closed_loop_20260708_043548,76,14.483334,1783481752.038564,1.442911,-0.000395,1e-06,0.000405,0.2,0.087809,0.200045,-0.007067,camera_link,14.483334,gnm_closed_loop,,nominal,,True,ok,third_party/visualnav-transformer/model_weights/gnm/gnm.pth,12.75,0.3,0.0878,0.4485,0.0395,4.98,,,gnm_closed_loop,0.2,0.087809,bringup_stage_goal_A,1.1695,True,0.3,0.087809,0.2,0.087809,True,armed,False,
gnm_closed_loop_20260708_043548,77,14.500001,1783481752.040272,1.446234,-0.000393,-0.0,0.000414,0.2,0.087809,0.200045,-0.007067,camera_link,14.500001,gnm_closed_loop,,nominal,,True,ok,third_party/visualnav-transformer/model_weights/gnm/gnm.pth,12.75,0.3,0.0878,0.4485,0.0395,4.98,,,gnm_closed_loop,0.2,0.087809,bringup_stage_goal_A,1.1665,True,0.3,0.087809,0.2,0.087809,True,armed,False,
gnm_closed_loop_20260708_043548,78,14.516667,1783481752.061609,1.449561,-0.000392,-0.0,0.00042,0.2,0.08811,0.19977,-0.006289,camera_link,14.516667,gnm_closed_loop,,nominal,,True,ok,third_party/visualnav-transformer/model_weights/gnm/gnm.pth,12.86,0.3,0.0881,0.4447,0.0393,5.02,,,gnm_closed_loop,0.2,0.08811,bringup_stage_goal_A,1.1635,True,0.3,0.08811,0.2,0.08811,True,armed,False,
gnm_closed_loop_20260708_043548,79,14.533334,1783481752.063767,1.452887,-0.000391,-0.0,0.000427,0.2,0.08811,0.19977,-0.006289,camera_link,14.533334,gnm_closed_loop,,nominal,,True,ok,third_party/visualnav-transformer/model_weights/gnm/gnm.pth,12.86,0.3,0.0881,0.4447,0.0393,5.02,,,gnm_closed_loop,0.2,0.08811,bringup_stage_goal_A,1.1605,True,0.3,0.08811,0.2,0.08811,True,armed,False,
gnm_closed_loop_20260708_043548,80,14.550001,1783481752.065511,1.456212,-0.00039,-0.0,0.000436,0.2,0.08811,0.19977,-0.006289,camera_link,14.550001,gnm_closed_loop,,nominal,,True,ok,third_party/visualnav-transformer/model_weights/gnm/gnm.pth,12.86,0.3,0.0881,0.4447,0.0393,5.02,,,gnm_closed_loop,0.2,0.08811,bringup_stage_goal_A,1.1575,True,0.3,0.08811,0.2,0.08811,True,armed,False,
gnm_closed_loop_20260708_043548,81,14.566667,1783481752.087797,1.459538,-0.000388,-0.0,0.000442,0.2,0.089501,0.199866,-0.00592,camera_link,14.566667,gnm_closed_loop,,nominal,,True,ok,third_party/visualnav-transformer/model_weights/gnm/gnm.pth,13.49,0.3,0.0895,0.4432,0.0398,4.98,,,gnm_closed_loop,0.2,0.089501,bringup_stage_goal_A,1.1545,True,0.3,0.089501,0.2,0.089501,True,armed,False,
gnm_closed_loop_20260708_043548,82,14.583334,1783481752.091173,1.462864,-0.000387,-0.0,0.000449,0.2,0.089501,0.199866,-0.00592,camera_link,14.583334,gnm_closed_loop,,nominal,,True,ok,third_party/visualnav-transformer/model_weights/gnm/gnm.pth,13.49,0.3,0.0895,0.4432,0.0398,4.98,,,gnm_closed_loop,0.2,0.089501,bringup_stage_goal_A,1.1515,True,0.3,0.089501,0.2,0.089501,True,armed,False,
gnm_closed_loop_20260708_043548,83,14.600001,1783481752.093168,1.466189,-0.000386,-0.0,0.000457,0.2,0.089501,0.199866,-0.00592,camera_link,14.600001,gnm_closed_loop,,nominal,,True,ok,third_party/visualnav-transformer/model_weights/gnm/gnm.pth,13.49,0.3,0.0895,0.4432,0.0398,4.98,,,gnm_closed_loop,0.2,0.089501,bringup_stage_goal_A,1.1485,True,0.3,0.089501,0.2,0.089501,True,armed,False,
gnm_closed_loop_20260708_043548,84,14.616667,1783481752.123432,1.469515,-0.000385,1e-06,0.000462,0.2,0.090656,0.199527,-0.00468,camera_link,14.616667,gnm_closed_loop,,nominal,,True,ok,third_party/visualnav-transformer/model_weights/gnm/gnm.pth,17.88,0.3,0.0907,0.4416,0.0401,4.94,,,gnm_closed_loop,0.2,0.090656,bringup_stage_goal_A,1.1456,True,0.3,0.090656,0.2,0.090656,True,armed,False,
gnm_closed_loop_20260708_043548,85,14.633334,1783481752.12554,1.47284,-0.000383,-0.0,0.00047,0.2,0.090656,0.199527,-0.00468,camera_link,14.633334,gnm_closed_loop,,nominal,,True,ok,third_party/visualnav-transformer/model_weights/gnm/gnm.pth,17.88,0.3,0.0907,0.4416,0.0401,4.94,,,gnm_closed_loop,0.2,0.090656,bringup_stage_goal_A,1.1426,True,0.3,0.090656,0.2,0.090656,True,armed,False,
gnm_closed_loop_20260708_043548,86,14.650001,1783481752.127366,1.476162,-0.000381,1e-06,0.000482,0.2,0.090656,0.199527,-0.00468,camera_link,14.650001,gnm_closed_loop,,nominal,,True,ok,third_party/visualnav-transformer/model_weights/gnm/gnm.pth,17.88,0.3,0.0907,0.4416,0.0401,4.94,,,gnm_closed_loop,0.2,0.090656,bringup_stage_goal_A,1.1396,True,0.3,0.090656,0.2,0.090656,True,armed,False,
gnm_closed_loop_20260708_043548,87,14.666667,1783481752.151118,1.47949,-0.00038,-0.0,0.000489,0.2,0.091151,0.199818,-0.007021,camera_link,14.666667,gnm_closed_loop,,nominal,,True,ok,third_party/visualnav-transformer/model_weights/gnm/gnm.pth,12.84,0.3,0.0912,0.4403,0.0402,4.92,,,gnm_closed_loop,0.2,0.091151,bringup_stage_goal_A,1.1366,True,0.3,0.091151,0.2,0.091151,True,armed,False,
gnm_closed_loop_20260708_043548,88,14.683334,1783481752.153247,1.482815,-0.000379,-0.0,0.000498,0.2,0.091151,0.199818,-0.007021,camera_link,14.683334,gnm_closed_loop,,nominal,,True,ok,third_party/visualnav-transformer/model_weights/gnm/gnm.pth,12.84,0.3,0.0912,0.4403,0.0402,4.92,,,gnm_closed_loop,0.2,0.091151,bringup_stage_goal_A,1.1336,True,0.3,0.091151,0.2,0.091151,True,armed,False,
gnm_closed_loop_20260708_043548,89,14.700001,1783481752.154932,1.486141,-0.000377,0.0,0.000505,0.2,0.091151,0.199818,-0.007021,camera_link,14.700001,gnm_closed_loop,,nominal,,True,ok,third_party/visualnav-transformer/model_weights/gnm/gnm.pth,12.84,0.3,0.0912,0.4403,0.0402,4.92,,,gnm_closed_loop,0.2,0.091151,bringup_stage_goal_A,1.1306,True,0.3,0.091151,0.2,0.091151,True,armed,False,
gnm_closed_loop_20260708_043548,90,14.716667,1783481752.176249,1.489466,-0.000375,-0.0,0.000514,0.2,0.092598,0.199878,-0.007441,camera_link,14.716667,gnm_closed_loop,,nominal,,True,ok,third_party/visualnav-transformer/model_weights/gnm/gnm.pth,12.79,0.3,0.0926,0.438,0.0407,4.86,,,gnm_closed_loop,0.2,0.092598,bringup_stage_goal_A,1.1276,True,0.3,0.092598,0.2,0.092598,True,armed,False,
gnm_closed_loop_20260708_043548,91,14.733334,1783481752.179078,1.492791,-0.000374,-0.0,0.000523,0.2,0.092598,0.199878,-0.007441,camera_link,14.733334,gnm_closed_loop,,nominal,,True,ok,third_party/visualnav-transformer/model_weights/gnm/gnm.pth,12.79,0.3,0.0926,0.438,0.0407,4.86,,,gnm_closed_loop,0.2,0.092598,bringup_stage_goal_A,1.1247,True,0.3,0.092598,0.2,0.092598,True,armed,False,
gnm_closed_loop_20260708_043548,92,14.750001,1783481752.18088,1.496116,-0.000372,-0.0,0.000533,0.2,0.092598,0.199878,-0.007441,camera_link,14.750001,gnm_closed_loop,,nominal,,True,ok,third_party/visualnav-transformer/model_weights/gnm/gnm.pth,12.79,0.3,0.0926,0.438,0.0407,4.86,,,gnm_closed_loop,0.2,0.092598,bringup_stage_goal_A,1.1217,True,0.3,0.092598,0.2,0.092598,True,armed,False,
gnm_closed_loop_20260708_043548,93,14.766667,1783481752.203185,1.499439,-0.000371,-0.0,0.00054,0.2,0.093397,0.19999,-0.0068,camera_link,14.766667,gnm_closed_loop,,nominal,,True,ok,third_party/visualnav-transformer/model_weights/gnm/gnm.pth,12.92,0.3,0.0934,0.435,0.0407,4.84,,,gnm_closed_loop,0.2,0.093397,bringup_stage_goal_A,1.1187,True,0.3,0.093397,0.2,0.093397,True,armed,False,
gnm_closed_loop_20260708_043548,94,14.783334,1783481752.205368,1.502767,-0.000369,-0.0,0.000547,0.2,0.093397,0.19999,-0.0068,camera_link,14.783334,gnm_closed_loop,,nominal,,True,ok,third_party/visualnav-transformer/model_weights/gnm/gnm.pth,12.92,0.3,0.0934,0.435,0.0407,4.84,,,gnm_closed_loop,0.2,0.093397,bringup_stage_goal_A,1.1157,True,0.3,0.093397,0.2,0.093397,True,armed,False,
gnm_closed_loop_20260708_043548,95,14.800001,1783481752.207059,1.506094,-0.000368,-0.0,0.000555,0.2,0.093397,0.19999,-0.0068,camera_link,14.800001,gnm_closed_loop,,nominal,,True,ok,third_party/visualnav-transformer/model_weights/gnm/gnm.pth,12.92,0.3,0.0934,0.435,0.0407,4.84,,,gnm_closed_loop,0.2,0.093397,bringup_stage_goal_A,1.1128,True,0.3,0.093397,0.2,0.093397,True,armed,False,
gnm_closed_loop_20260708_043548,96,14.816667,1783481752.229691,1.509418,-0.000366,-0.0,0.000564,0.2,0.095534,0.19985,-0.007524,camera_link,14.816667,gnm_closed_loop,,nominal,,True,ok,third_party/visualnav-transformer/model_weights/gnm/gnm.pth,12.7,0.3,0.0955,0.4307,0.0413,4.8,,,gnm_closed_loop,0.2,0.095534,bringup_stage_goal_A,1.1098,True,0.3,0.095534,0.2,0.095534,True,armed,False,
gnm_closed_loop_20260708_043548,97,14.833334,1783481752.232059,1.512745,-0.000364,-0.0,0.000571,0.2,0.095534,0.19985,-0.007524,camera_link,14.833334,gnm_closed_loop,,nominal,,True,ok,third_party/visualnav-transformer/model_weights/gnm/gnm.pth,12.7,0.3,0.0955,0.4307,0.0413,4.8,,,gnm_closed_loop,0.2,0.095534,bringup_stage_goal_A,1.1068,True,0.3,0.095534,0.2,0.095534,True,armed,False,
gnm_closed_loop_20260708_043548,98,14.850001,1783481752.233936,1.516069,-0.000363,-0.0,0.000581,0.2,0.095534,0.19985,-0.007524,camera_link,14.850001,gnm_closed_loop,,nominal,,True,ok,third_party/visualnav-transformer/model_weights/gnm/gnm.pth,12.7,0.3,0.0955,0.4307,0.0413,4.8,,,gnm_closed_loop,0.2,0.095534,bringup_stage_goal_A,1.1038,True,0.3,0.095534,0.2,0.095534,True,armed,False,
gnm_closed_loop_20260708_043548,99,14.866667,1783481752.257301,1.519394,-0.000361,-0.0,0.00059,0.2,0.096885,0.199859,-0.007773,camera_link,14.866667,gnm_closed_loop,,nominal,,True,ok,third_party/visualnav-transformer/model_weights/gnm/gnm.pth,13.75,0.3,0.0969,0.4266,0.0415,4.8,,,gnm_closed_loop,0.2,0.096885,bringup_stage_goal_A,1.1009,True,0.3,0.096885,0.2,0.096885,True,armed,False,
gnm_closed_loop_20260708_043548,100,14.883334,1783481752.259619,1.522719,-0.000359,-0.0,0.0006,0.2,0.096885,0.199859,-0.007773,camera_link,14.883334,gnm_closed_loop,,nominal,,True,ok,third_party/visualnav-transformer/model_weights/gnm/gnm.pth,13.75,0.3,0.0969,0.4266,0.0415,4.8,,,gnm_closed_loop,0.2,0.096885,bringup_stage_goal_A,1.0979,True,0.3,0.096885,0.2,0.096885,True,armed,False,
gnm_closed_loop_20260708_043548,101,14.900001,1783481752.262371,1.526046,-0.000357,-0.0,0.000607,0.2,0.096885,0.199859,-0.007773,camera_link,14.900001,gnm_closed_loop,,nominal,,True,ok,third_party/visualnav-transformer/model_weights/gnm/gnm.pth,13.75,0.3,0.0969,0.4266,0.0415,4.8,,,gnm_closed_loop,0.2,0.096885,bringup_stage_goal_A,1.095,True,0.3,0.096885,0.2,0.096885,True,armed,False,
gnm_closed_loop_20260708_043548,102,14.916667,1783481752.286922,1.529373,-0.000355,-0.0,0.000615,0.2,0.097666,0.199784,-0.006738,camera_link,14.916667,gnm_closed_loop,,nominal,,True,ok,third_party/visualnav-transformer/model_weights/gnm/gnm.pth,15.07,0.3,0.0977,0.4239,0.0415,4.81,,,gnm_closed_loop,0.2,0.097666,bringup_stage_goal_A,1.092,True,0.3,0.097666,0.2,0.097666,True,armed,False,
gnm_closed_loop_20260708_043548,103,14.933334,1783481752.289222,1.532698,-0.000354,1e-06,0.000621,0.2,0.097666,0.199784,-0.006738,camera_link,14.933334,gnm_closed_loop,,nominal,,True,ok,third_party/visualnav-transformer/model_weights/gnm/gnm.pth,15.07,0.3,0.0977,0.4239,0.0415,4.81,,,gnm_closed_loop,0.2,0.097666,bringup_stage_goal_A,1.089,True,0.3,0.097666,0.2,0.097666,True,armed,False,
gnm_closed_loop_20260708_043548,104,14.950001,1783481752.291034,1.536022,-0.000352,0.0,0.00063,0.2,0.097666,0.199784,-0.006738,camera_link,14.950001,gnm_closed_loop,,nominal,,True,ok,third_party/visualnav-transformer/model_weights/gnm/gnm.pth,15.07,0.3,0.0977,0.4239,0.0415,4.81,,,gnm_closed_loop,0.2,0.097666,bringup_stage_goal_A,1.0861,True,0.3,0.097666,0.2,0.097666,True,armed,False,
gnm_closed_loop_20260708_043548,105,14.966667,1783481752.314994,1.539345,-0.00035,-0.0,0.000638,0.2,0.098153,0.199971,-0.007861,camera_link,14.966667,gnm_closed_loop,,nominal,,True,ok,third_party/visualnav-transformer/model_weights/gnm/gnm.pth,14.19,0.3,0.0982,0.4222,0.0416,4.82,,,gnm_closed_loop,0.2,0.098153,bringup_stage_goal_A,1.0831,True,0.3,0.098153,0.2,0.098153,True,armed,False,
gnm_closed_loop_20260708_043548,106,14.983334,1783481752.317464,1.54267,-0.000348,0.0,0.000648,0.2,0.098153,0.199971,-0.007861,camera_link,14.983334,gnm_closed_loop,,nominal,,True,ok,third_party/visualnav-transformer/model_weights/gnm/gnm.pth,14.19,0.3,0.0982,0.4222,0.0416,4.82,,,gnm_closed_loop,0.2,0.098153,bringup_stage_goal_A,1.0802,True,0.3,0.098153,0.2,0.098153,True,armed,False,
gnm_closed_loop_20260708_043548,107,15.000001,1783481752.319427,1.545996,-0.000346,-0.0,0.000653,0.2,0.098153,0.199971,-0.007861,camera_link,15.000001,gnm_closed_loop,,nominal,,True,ok,third_party/visualnav-transformer/model_weights/gnm/gnm.pth,14.19,0.3,0.0982,0.4222,0.0416,4.82,,,gnm_closed_loop,0.2,0.098153,bringup_stage_goal_A,1.0773,True,0.3,0.098153,0.2,0.098153,True,armed,False,
gnm_closed_loop_20260708_043548,108,15.016667,1783481752.350053,1.549321,-0.000344,-0.0,0.000663,0.2,0.098791,0.199861,-0.00817,camera_link,15.016667,gnm_closed_loop,,nominal,,True,ok,third_party/visualnav-transformer/model_weights/gnm/gnm.pth,18.19,0.3,0.0988,0.4199,0.0416,4.81,,,gnm_closed_loop,0.2,0.098791,bringup_stage_goal_A,1.0743,True,0.3,0.098791,0.2,0.098791,True,armed,False,
gnm_closed_loop_20260708_043548,109,15.033334,1783481752.352438,1.552645,-0.000342,-0.0,0.000673,0.2,0.098791,0.199861,-0.00817,camera_link,15.033334,gnm_closed_loop,,nominal,,True,ok,third_party/visualnav-transformer/model_weights/gnm/gnm.pth,18.19,0.3,0.0988,0.4199,0.0416,4.81,,,gnm_closed_loop,0.2,0.098791,bringup_stage_goal_A,1.0714,True,0.3,0.098791,0.2,0.098791,True,armed,False,
gnm_closed_loop_20260708_043548,110,15.050001,1783481752.354283,1.55597,-0.00034,-0.0,0.000683,0.2,0.098791,0.199861,-0.00817,camera_link,15.050001,gnm_closed_loop,,nominal,,True,ok,third_party/visualnav-transformer/model_weights/gnm/gnm.pth,18.19,0.3,0.0988,0.4199,0.0416,4.81,,,gnm_closed_loop,0.2,0.098791,bringup_stage_goal_A,1.0684,True,0.3,0.098791,0.2,0.098791,True,armed,False,
gnm_closed_loop_20260708_043548,111,15.066667,1783481752.377298,1.559295,-0.000338,-0.0,0.000693,0.2,0.099133,0.199864,-0.007851,camera_link,15.066667,gnm_closed_loop,,nominal,,True,ok,third_party/visualnav-transformer/model_weights/gnm/gnm.pth,13.45,0.3,0.0991,0.4219,0.042,4.78,,,gnm_closed_loop,0.2,0.099133,bringup_stage_goal_A,1.0655,True,0.3,0.099133,0.2,0.099133,True,armed,False,
gnm_closed_loop_20260708_043548,112,15.083334,1783481752.379993,1.56262,-0.000336,-0.0,0.000702,0.2,0.099133,0.199864,-0.007851,camera_link,15.083334,gnm_closed_loop,,nominal,,True,ok,third_party/visualnav-transformer/model_weights/gnm/gnm.pth,13.45,0.3,0.0991,0.4219,0.042,4.78,,,gnm_closed_loop,0.2,0.099133,bringup_stage_goal_A,1.0626,True,0.3,0.099133,0.2,0.099133,True,armed,False,
gnm_closed_loop_20260708_043548,113,15.100001,1783481752.381751,1.565945,-0.000334,-0.0,0.000712,0.2,0.099133,0.199864,-0.007851,camera_link,15.100001,gnm_closed_loop,,nominal,,True,ok,third_party/visualnav-transformer/model_weights/gnm/gnm.pth,13.45,0.3,0.0991,0.4219,0.042,4.78,,,gnm_closed_loop,0.2,0.099133,bringup_stage_goal_A,1.0596,True,0.3,0.099133,0.2,0.099133,True,armed,False,
gnm_closed_loop_20260708_043548,114,15.116667,1783481752.404526,1.569272,-0.000332,-0.0,0.00072,0.2,0.098708,0.199762,-0.007522,camera_link,15.116667,gnm_closed_loop,,nominal,,True,ok,third_party/visualnav-transformer/model_weights/gnm/gnm.pth,12.99,0.3,0.0987,0.4231,0.0419,4.78,,,gnm_closed_loop,0.2,0.098708,bringup_stage_goal_A,1.0567,True,0.3,0.098708,0.2,0.098708,True,armed,False,
gnm_closed_loop_20260708_043548,115,15.133334,1783481752.406739,1.572596,-0.00033,-0.0,0.000729,0.2,0.098708,0.199762,-0.007522,camera_link,15.133334,gnm_closed_loop,,nominal,,True,ok,third_party/visualnav-transformer/model_weights/gnm/gnm.pth,12.99,0.3,0.0987,0.4231,0.0419,4.78,,,gnm_closed_loop,0.2,0.098708,bringup_stage_goal_A,1.0538,True,0.3,0.098708,0.2,0.098708,True,armed,False,
gnm_closed_loop_20260708_043548,116,15.150001,1783481752.409078,1.575921,-0.000327,-0.0,0.000739,0.2,0.098708,0.199762,-0.007522,camera_link,15.150001,gnm_closed_loop,,nominal,,True,ok,third_party/visualnav-transformer/model_weights/gnm/gnm.pth,12.99,0.3,0.0987,0.4231,0.0419,4.78,,,gnm_closed_loop,0.2,0.098708,bringup_stage_goal_A,1.0508,True,0.3,0.098708,0.2,0.098708,True,armed,False,
gnm_closed_loop_20260708_043548,117,15.166667,1783481752.434564,1.579246,-0.000325,-0.0,0.000749,0.2,0.098945,0.199871,-0.008195,camera_link,15.166667,gnm_closed_loop,,nominal,,True,ok,third_party/visualnav-transformer/model_weights/gnm/gnm.pth,14.77,0.3,0.0989,0.4246,0.0422,4.75,,,gnm_closed_loop,0.2,0.098945,bringup_stage_goal_A,1.0479,True,0.3,0.098945,0.2,0.098945,True,armed,False,
gnm_closed_loop_20260708_043548,118,15.183334,1783481752.436802,1.582571,-0.000323,-0.0,0.000759,0.2,0.098945,0.199871,-0.008195,camera_link,15.183334,gnm_closed_loop,,nominal,,True,ok,third_party/visualnav-transformer/model_weights/gnm/gnm.pth,14.77,0.3,0.0989,0.4246,0.0422,4.75,,,gnm_closed_loop,0.2,0.098945,bringup_stage_goal_A,1.045,True,0.3,0.098945,0.2,0.098945,True,armed,False,
gnm_closed_loop_20260708_043548,119,15.200001,1783481752.438707,1.585897,-0.000321,-0.0,0.000764,0.2,0.098945,0.199871,-0.008195,camera_link,15.200001,gnm_closed_loop,,nominal,,True,ok,third_party/visualnav-transformer/model_weights/gnm/gnm.pth,14.77,0.3,0.0989,0.4246,0.0422,4.75,,,gnm_closed_loop,0.2,0.098945,bringup_stage_goal_A,1.0421,True,0.3,0.098945,0.2,0.098945,True,armed,False,
gnm_closed_loop_20260708_043548,120,15.216667,1783481752.469003,1.589221,-0.000319,1e-06,0.000769,0.2,0.0986,0.199626,-0.004283,camera_link,15.216667,gnm_closed_loop,,nominal,,True,ok,third_party/visualnav-transformer/model_weights/gnm/gnm.pth,17.25,0.3,0.0986,0.4253,0.0421,4.75,,,gnm_closed_loop,0.2,0.0986,bringup_stage_goal_A,1.0392,True,0.3,0.0986,0.2,0.0986,True,armed,False,
gnm_closed_loop_20260708_043548,121,15.233334,1783481752.471545,1.592545,-0.000316,-0.0,0.000775,0.2,0.0986,0.199626,-0.004283,camera_link,15.233334,gnm_closed_loop,,nominal,,True,ok,third_party/visualnav-transformer/model_weights/gnm/gnm.pth,17.25,0.3,0.0986,0.4253,0.0421,4.75,,,gnm_closed_loop,0.2,0.0986,bringup_stage_goal_A,1.0362,True,0.3,0.0986,0.2,0.0986,True,armed,False,
gnm_closed_loop_20260708_043548,122,15.250001,1783481752.474031,1.595872,-0.000314,-0.0,0.000785,0.2,0.0986,0.199626,-0.004283,camera_link,15.250001,gnm_closed_loop,,nominal,,True,ok,third_party/visualnav-transformer/model_weights/gnm/gnm.pth,17.25,0.3,0.0986,0.4253,0.0421,4.75,,,gnm_closed_loop,0.2,0.0986,bringup_stage_goal_A,1.0333,True,0.3,0.0986,0.2,0.0986,True,armed,False,
gnm_closed_loop_20260708_043548,123,15.266667,1783481752.504745,1.599198,-0.000311,-0.0,0.000792,0.2,0.099568,0.199732,-0.00722,camera_link,15.266667,gnm_closed_loop,,nominal,,True,ok,third_party/visualnav-transformer/model_weights/gnm/gnm.pth,19.15,0.3,0.0996,0.4217,0.0421,4.74,,,gnm_closed_loop,0.2,0.099568,bringup_stage_goal_A,1.0304,True,0.3,0.099568,0.2,0.099568,True,armed,False,
gnm_closed_loop_20260708_043548,124,15.283334,1783481752.506948,1.602522,-0.000309,-0.0,0.000798,0.2,0.099568,0.199732,-0.00722,camera_link,15.283334,gnm_closed_loop,,nominal,,True,ok,third_party/visualnav-transformer/model_weights/gnm/gnm.pth,19.15,0.3,0.0996,0.4217,0.0421,4.74,,,gnm_closed_loop,0.2,0.099568,bringup_stage_goal_A,1.0275,True,0.3,0.099568,0.2,0.099568,True,armed,False,
gnm_closed_loop_20260708_043548,125,15.300001,1783481752.50868,1.605849,-0.000306,-0.0,0.000806,0.2,0.099568,0.199732,-0.00722,camera_link,15.300001,gnm_closed_loop,,nominal,,True,ok,third_party/visualnav-transformer/model_weights/gnm/gnm.pth,19.15,0.3,0.0996,0.4217,0.0421,4.74,,,gnm_closed_loop,0.2,0.099568,bringup_stage_goal_A,1.0246,True,0.3,0.099568,0.2,0.099568,True,armed,False,
gnm_closed_loop_20260708_043548,126,15.316667,1783481752.533557,1.609173,-0.000304,-0.0,0.000816,0.2,0.099895,0.199849,-0.007976,camera_link,15.316667,gnm_closed_loop,,nominal,,True,ok,third_party/visualnav-transformer/model_weights/gnm/gnm.pth,13.95,0.3,0.0999,0.4179,0.0419,4.75,,,gnm_closed_loop,0.2,0.099895,bringup_stage_goal_A,1.0217,True,0.3,0.099895,0.2,0.099895,True,armed,False,
gnm_closed_loop_20260708_043548,127,15.333334,1783481752.535831,1.612497,-0.000301,-0.0,0.000824,0.2,0.099895,0.199849,-0.007976,camera_link,15.333334,gnm_closed_loop,,nominal,,True,ok,third_party/visualnav-transformer/model_weights/gnm/gnm.pth,13.95,0.3,0.0999,0.4179,0.0419,4.75,,,gnm_closed_loop,0.2,0.099895,bringup_stage_goal_A,1.0188,True,0.3,0.099895,0.2,0.099895,True,armed,False,
gnm_closed_loop_20260708_043548,128,15.350001,1783481752.538576,1.615826,-0.000299,-0.0,0.00083,0.2,0.099895,0.199849,-0.007976,camera_link,15.350001,gnm_closed_loop,,nominal,,True,ok,third_party/visualnav-transformer/model_weights/gnm/gnm.pth,13.95,0.3,0.0999,0.4179,0.0419,4.75,,,gnm_closed_loop,0.2,0.099895,bringup_stage_goal_A,1.0159,True,0.3,0.099895,0.2,0.099895,True,armed,False,
gnm_closed_loop_20260708_043548,129,15.366667,1783481752.563426,1.61915,-0.000296,-0.0,0.00084,0.2,0.100876,0.199853,-0.008137,camera_link,15.366667,gnm_closed_loop,,nominal,,True,ok,third_party/visualnav-transformer/model_weights/gnm/gnm.pth,14.0,0.3,0.1009,0.4155,0.0421,4.74,,,gnm_closed_loop,0.2,0.100876,bringup_stage_goal_A,1.013,True,0.3,0.100876,0.2,0.100876,True,armed,False,
gnm_closed_loop_20260708_043548,130,15.383334,1783481752.565807,1.622477,-0.000294,-0.0,0.000847,0.2,0.100876,0.199853,-0.008137,camera_link,15.383334,gnm_closed_loop,,nominal,,True,ok,third_party/visualnav-transformer/model_weights/gnm/gnm.pth,14.0,0.3,0.1009,0.4155,0.0421,4.74,,,gnm_closed_loop,0.2,0.100876,bringup_stage_goal_A,1.0101,True,0.3,0.100876,0.2,0.100876,True,armed,False,
gnm_closed_loop_20260708_043548,131,15.400001,1783481752.567859,1.625803,-0.000291,-0.0,0.000855,0.2,0.100876,0.199853,-0.008137,camera_link,15.400001,gnm_closed_loop,,nominal,,True,ok,third_party/visualnav-transformer/model_weights/gnm/gnm.pth,14.0,0.3,0.1009,0.4155,0.0421,4.74,,,gnm_closed_loop,0.2,0.100876,bringup_stage_goal_A,1.0072,True,0.3,0.100876,0.2,0.100876,True,armed,False,
gnm_closed_loop_20260708_043548,132,15.416667,1783481752.592709,1.629127,-0.000289,-0.0,0.000865,0.2,0.102344,0.199865,-0.008137,camera_link,15.416667,gnm_closed_loop,,nominal,,True,ok,third_party/visualnav-transformer/model_weights/gnm/gnm.pth,13.23,0.3,0.1023,0.4125,0.0424,4.72,,,gnm_closed_loop,0.2,0.102344,bringup_stage_goal_A,1.0043,True,0.3,0.102344,0.2,0.102344,True,armed,False,
gnm_closed_loop_20260708_043548,133,15.433334,1783481752.59525,1.632452,-0.000286,-0.0,0.000875,0.2,0.102344,0.199865,-0.008137,camera_link,15.433334,gnm_closed_loop,,nominal,,True,ok,third_party/visualnav-transformer/model_weights/gnm/gnm.pth,13.23,0.3,0.1023,0.4125,0.0424,4.72,,,gnm_closed_loop,0.2,0.102344,bringup_stage_goal_A,1.0015,True,0.3,0.102344,0.2,0.102344,True,armed,False,
gnm_closed_loop_20260708_043548,134,15.450001,1783481752.596865,1.635777,-0.000283,-0.0,0.000885,0.2,0.102344,0.199865,-0.008137,camera_link,15.450001,gnm_closed_loop,,nominal,,True,ok,third_party/visualnav-transformer/model_weights/gnm/gnm.pth,13.23,0.3,0.1023,0.4125,0.0424,4.72,,,gnm_closed_loop,0.2,0.102344,bringup_stage_goal_A,0.9986,True,0.3,0.102344,0.2,0.102344,True,armed,False,
gnm_closed_loop_20260708_043548,135,15.466667,1783481752.619732,1.639104,-0.000281,-0.0,0.000893,0.2,0.103433,0.199771,-0.008237,camera_link,15.466667,gnm_closed_loop,,nominal,,True,ok,third_party/visualnav-transformer/model_weights/gnm/gnm.pth,13.04,0.3,0.1034,0.4143,0.043,4.68,,,gnm_closed_loop,0.2,0.103433,bringup_stage_goal_A,0.9957,True,0.3,0.103433,0.2,0.103433,True,armed,False,
gnm_closed_loop_20260708_043548,136,15.483334,1783481752.622426,1.642429,-0.000278,1e-06,0.000901,0.2,0.103433,0.199771,-0.008237,camera_link,15.483334,gnm_closed_loop,,nominal,,True,ok,third_party/visualnav-transformer/model_weights/gnm/gnm.pth,13.04,0.3,0.1034,0.4143,0.043,4.68,,,gnm_closed_loop,0.2,0.103433,bringup_stage_goal_A,0.9928,True,0.3,0.103433,0.2,0.103433,True,armed,False,
gnm_closed_loop_20260708_043548,137,15.500001,1783481752.624483,1.645753,-0.000275,-0.0,0.000911,0.2,0.103433,0.199771,-0.008237,camera_link,15.500001,gnm_closed_loop,,nominal,,True,ok,third_party/visualnav-transformer/model_weights/gnm/gnm.pth,13.04,0.3,0.1034,0.4143,0.043,4.68,,,gnm_closed_loop,0.2,0.103433,bringup_stage_goal_A,0.99,True,0.3,0.103433,0.2,0.103433,True,armed,False,
gnm_closed_loop_20260708_043548,138,15.516667,1783481752.647872,1.649076,-0.000273,-0.0,0.000918,0.2,0.104003,0.200006,-0.007332,camera_link,15.516667,gnm_closed_loop,,nominal,,True,ok,third_party/visualnav-transformer/model_weights/gnm/gnm.pth,13.07,0.3,0.104,0.4156,0.0434,4.67,,,gnm_closed_loop,0.2,0.104003,bringup_stage_goal_A,0.9871,True,0.3,0.104003,0.2,0.104003,True,armed,False,
gnm_closed_loop_20260708_043548,139,15.533334,1783481752.650687,1.652402,-0.00027,-0.0,0.000929,0.2,0.104003,0.200006,-0.007332,camera_link,15.533334,gnm_closed_loop,,nominal,,True,ok,third_party/visualnav-transformer/model_weights/gnm/gnm.pth,13.07,0.3,0.104,0.4156,0.0434,4.67,,,gnm_closed_loop,0.2,0.104003,bringup_stage_goal_A,0.9842,True,0.3,0.104003,0.2,0.104003,True,armed,False,
gnm_closed_loop_20260708_043548,140,15.550001,1783481752.652983,1.655729,-0.000267,-0.0,0.000937,0.2,0.104003,0.200006,-0.007332,camera_link,15.550001,gnm_closed_loop,,nominal,,True,ok,third_party/visualnav-transformer/model_weights/gnm/gnm.pth,13.07,0.3,0.104,0.4156,0.0434,4.67,,,gnm_closed_loop,0.2,0.104003,bringup_stage_goal_A,0.9814,True,0.3,0.104003,0.2,0.104003,True,armed,False,
gnm_closed_loop_20260708_043548,141,15.566667,1783481752.677766,1.659056,-0.000264,-0.0,0.000946,0.2,0.10549,0.199771,-0.008073,camera_link,15.566667,gnm_closed_loop,,nominal,,True,ok,third_party/visualnav-transformer/model_weights/gnm/gnm.pth,14.88,0.3,0.1055,0.4169,0.0441,4.65,,,gnm_closed_loop,0.2,0.10549,bringup_stage_goal_A,0.9785,True,0.3,0.10549,0.2,0.10549,True,armed,False,
gnm_closed_loop_20260708_043548,142,15.583334,1783481752.680949,1.662381,-0.000261,-0.0,0.000956,0.2,0.10549,0.199771,-0.008073,camera_link,15.583334,gnm_closed_loop,,nominal,,True,ok,third_party/visualnav-transformer/model_weights/gnm/gnm.pth,14.88,0.3,0.1055,0.4169,0.0441,4.65,,,gnm_closed_loop,0.2,0.10549,bringup_stage_goal_A,0.9756,True,0.3,0.10549,0.2,0.10549,True,armed,False,
gnm_closed_loop_20260708_043548,143,15.600001,1783481752.683294,1.665705,-0.000258,-0.0,0.000966,0.2,0.10549,0.199771,-0.008073,camera_link,15.600001,gnm_closed_loop,,nominal,,True,ok,third_party/visualnav-transformer/model_weights/gnm/gnm.pth,14.88,0.3,0.1055,0.4169,0.0441,4.65,,,gnm_closed_loop,0.2,0.10549,bringup_stage_goal_A,0.9728,True,0.3,0.10549,0.2,0.10549,True,armed,False,
gnm_closed_loop_20260708_043548,144,15.616667,1783481752.711023,1.669032,-0.000255,1e-06,0.000975,0.2,0.10632,0.199542,-0.006961,camera_link,15.616667,gnm_closed_loop,,nominal,,True,ok,third_party/visualnav-transformer/model_weights/gnm/gnm.pth,13.61,0.3,0.1063,0.4191,0.0447,4.62,,,gnm_closed_loop,0.2,0.10632,bringup_stage_goal_A,0.9699,True,0.3,0.10632,0.2,0.10632,True,armed,False,
gnm_closed_loop_20260708_043548,145,15.633334,1783481752.713973,1.672354,-0.000252,1e-06,0.000988,0.2,0.10632,0.199542,-0.006961,camera_link,15.633334,gnm_closed_loop,,nominal,,True,ok,third_party/visualnav-transformer/model_weights/gnm/gnm.pth,13.61,0.3,0.1063,0.4191,0.0447,4.62,,,gnm_closed_loop,0.2,0.10632,bringup_stage_goal_A,0.9671,True,0.3,0.10632,0.2,0.10632,True,armed,False,
gnm_closed_loop_20260708_043548,146,15.650001,1783481752.716191,1.67568,-0.000249,-0.0,0.000998,0.2,0.10632,0.199542,-0.006961,camera_link,15.650001,gnm_closed_loop,,nominal,,True,ok,third_party/visualnav-transformer/model_weights/gnm/gnm.pth,13.61,0.3,0.1063,0.4191,0.0447,4.62,,,gnm_closed_loop,0.2,0.10632,bringup_stage_goal_A,0.9642,True,0.3,0.10632,0.2,0.10632,True,armed,False,
gnm_closed_loop_20260708_043548,147,15.666667,1783481752.73892,1.679006,-0.000246,-0.0,0.001008,0.2,0.107613,0.199867,-0.008459,camera_link,15.666667,gnm_closed_loop,,nominal,,True,ok,third_party/visualnav-transformer/model_weights/gnm/gnm.pth,12.8,0.3,0.1076,0.4216,0.0455,4.57,,,gnm_closed_loop,0.2,0.107613,bringup_stage_goal_A,0.9614,True,0.3,0.107613,0.2,0.107613,True,armed,False,
gnm_closed_loop_20260708_043548,148,15.683334,1783481752.740957,1.682333,-0.000243,-0.0,0.001017,0.2,0.107613,0.199867,-0.008459,camera_link,15.683334,gnm_closed_loop,,nominal,,True,ok,third_party/visualnav-transformer/model_weights/gnm/gnm.pth,12.8,0.3,0.1076,0.4216,0.0455,4.57,,,gnm_closed_loop,0.2,0.107613,bringup_stage_goal_A,0.9586,True,0.3,0.107613,0.2,0.107613,True,armed,False,
gnm_closed_loop_20260708_043548,149,15.700001,1783481752.742762,1.685657,-0.000239,-0.0,0.001027,0.2,0.107613,0.199867,-0.008459,camera_link,15.700001,gnm_closed_loop,,nominal,,True,ok,third_party/visualnav-transformer/model_weights/gnm/gnm.pth,12.8,0.3,0.1076,0.4216,0.0455,4.57,,,gnm_closed_loop,0.2,0.107613,bringup_stage_goal_A,0.9557,True,0.3,0.107613,0.2,0.107613,True,armed,False,
gnm_closed_loop_20260708_043548,150,15.716667,1783481752.764757,1.688982,-0.000236,-0.0,0.001038,0.2,0.110262,0.199868,-0.009228,camera_link,15.716667,gnm_closed_loop,,nominal,,True,ok,third_party/visualnav-transformer/model_weights/gnm/gnm.pth,13.27,0.3,0.1103,0.4234,0.0469,4.55,,,gnm_closed_loop,0.2,0.110262,bringup_stage_goal_A,0.9529,True,0.3,0.110262,0.2,0.110262,True,armed,False,
gnm_closed_loop_20260708_043548,151,15.733334,1783481752.766907,1.692307,-0.000233,-0.0,0.001049,0.2,0.110262,0.199868,-0.009228,camera_link,15.733334,gnm_closed_loop,,nominal,,True,ok,third_party/visualnav-transformer/model_weights/gnm/gnm.pth,13.27,0.3,0.1103,0.4234,0.0469,4.55,,,gnm_closed_loop,0.2,0.110262,bringup_stage_goal_A,0.9501,True,0.3,0.110262,0.2,0.110262,True,armed,False,
gnm_closed_loop_20260708_043548,152,15.750001,1783481752.769765,1.695635,-0.00023,-0.0,0.001051,0.2,0.110262,0.199868,-0.009228,camera_link,15.750001,gnm_closed_loop,,nominal,,True,ok,third_party/visualnav-transformer/model_weights/gnm/gnm.pth,13.27,0.3,0.1103,0.4234,0.0469,4.55,,,gnm_closed_loop,0.2,0.110262,bringup_stage_goal_A,0.9472,True,0.3,0.110262,0.2,0.110262,True,armed,False,
gnm_closed_loop_20260708_043548,153,15.766667,1783481752.794719,1.698961,-0.000227,-0.0,0.00106,0.2,0.116184,0.199722,-0.008504,camera_link,15.766667,gnm_closed_loop,,nominal,,True,ok,third_party/visualnav-transformer/model_weights/gnm/gnm.pth,13.54,0.3,0.1162,0.423,0.0494,4.51,,,gnm_closed_loop,0.2,0.116184,bringup_stage_goal_A,0.9444,True,0.3,0.116184,0.2,0.116184,True,armed,False,
gnm_closed_loop_20260708_043548,154,15.783334,1783481752.797543,1.702285,-0.000224,-0.0,0.001072,0.2,0.116184,0.199722,-0.008504,camera_link,15.783334,gnm_closed_loop,,nominal,,True,ok,third_party/visualnav-transformer/model_weights/gnm/gnm.pth,13.54,0.3,0.1162,0.423,0.0494,4.51,,,gnm_closed_loop,0.2,0.116184,bringup_stage_goal_A,0.9416,True,0.3,0.116184,0.2,0.116184,True,armed,False,
gnm_closed_loop_20260708_043548,155,15.800001,1783481752.799283,1.70561,-0.00022,-0.0,0.001083,0.2,0.116184,0.199722,-0.008504,camera_link,15.800001,gnm_closed_loop,,nominal,,True,ok,third_party/visualnav-transformer/model_weights/gnm/gnm.pth,13.54,0.3,0.1162,0.423,0.0494,4.51,,,gnm_closed_loop,0.2,0.116184,bringup_stage_goal_A,0.9388,True,0.3,0.116184,0.2,0.116184,True,armed,False,
gnm_closed_loop_20260708_043548,156,15.816667,1783481752.821857,1.708931,-0.000217,0.0,0.001091,0.2,0.119393,0.199919,-0.008402,camera_link,15.816667,gnm_closed_loop,,nominal,,True,ok,third_party/visualnav-transformer/model_weights/gnm/gnm.pth,13.36,0.3,0.1194,0.423,0.0507,4.48,,,gnm_closed_loop,0.2,0.119393,bringup_stage_goal_A,0.936,True,0.3,0.119393,0.2,0.119393,True,armed,False,
gnm_closed_loop_20260708_043548,157,15.833334,1783481752.824191,1.712256,-0.000214,-0.0,0.0011,0.2,0.119393,0.199919,-0.008402,camera_link,15.833334,gnm_closed_loop,,nominal,,True,ok,third_party/visualnav-transformer/model_weights/gnm/gnm.pth,13.36,0.3,0.1194,0.423,0.0507,4.48,,,gnm_closed_loop,0.2,0.119393,bringup_stage_goal_A,0.9331,True,0.3,0.119393,0.2,0.119393,True,armed,False,
gnm_closed_loop_20260708_043548,158,15.850001,1783481752.825858,1.71558,-0.00021,-0.0,0.001109,0.2,0.119393,0.199919,-0.008402,camera_link,15.850001,gnm_closed_loop,,nominal,,True,ok,third_party/visualnav-transformer/model_weights/gnm/gnm.pth,13.36,0.3,0.1194,0.423,0.0507,4.48,,,gnm_closed_loop,0.2,0.119393,bringup_stage_goal_A,0.9303,True,0.3,0.119393,0.2,0.119393,True,armed,False,
gnm_closed_loop_20260708_043548,159,15.866667,1783481752.847758,1.718907,-0.000207,-0.0,0.001121,0.2,0.119733,0.199891,-0.009387,camera_link,15.866667,gnm_closed_loop,,nominal,,True,ok,third_party/visualnav-transformer/model_weights/gnm/gnm.pth,12.69,0.3,0.1197,0.4215,0.0507,4.49,,,gnm_closed_loop,0.2,0.119733,bringup_stage_goal_A,0.9275,True,0.3,0.119733,0.2,0.119733,True,armed,False,
gnm_closed_loop_20260708_043548,160,15.883334,1783481752.850035,1.722232,-0.000203,0.0,0.001132,0.2,0.119733,0.199891,-0.009387,camera_link,15.883334,gnm_closed_loop,,nominal,,True,ok,third_party/visualnav-transformer/model_weights/gnm/gnm.pth,12.69,0.3,0.1197,0.4215,0.0507,4.49,,,gnm_closed_loop,0.2,0.119733,bringup_stage_goal_A,0.9247,True,0.3,0.119733,0.2,0.119733,True,armed,False,
gnm_closed_loop_20260708_043548,161,15.900001,1783481752.85213,1.725558,-0.0002,-0.0,0.001144,0.2,0.119733,0.199891,-0.009387,camera_link,15.900001,gnm_closed_loop,,nominal,,True,ok,third_party/visualnav-transformer/model_weights/gnm/gnm.pth,12.69,0.3,0.1197,0.4215,0.0507,4.49,,,gnm_closed_loop,0.2,0.119733,bringup_stage_goal_A,0.9219,True,0.3,0.119733,0.2,0.119733,True,armed,False,
gnm_closed_loop_20260708_043548,162,15.916667,1783481752.874409,1.728884,-0.000196,-0.0,0.001156,0.2,0.123664,0.199877,-0.009465,camera_link,15.916667,gnm_closed_loop,,nominal,,True,ok,third_party/visualnav-transformer/model_weights/gnm/gnm.pth,12.99,0.3,0.1237,0.4224,0.0525,4.47,,,gnm_closed_loop,0.2,0.123664,bringup_stage_goal_A,0.9191,True,0.3,0.123664,0.2,0.123664,True,armed,False,
gnm_closed_loop_20260708_043548,163,15.933334,1783481752.876424,1.732208,-0.000192,-0.0,0.001168,0.2,0.123664,0.199877,-0.009465,camera_link,15.933334,gnm_closed_loop,,nominal,,True,ok,third_party/visualnav-transformer/model_weights/gnm/gnm.pth,12.99,0.3,0.1237,0.4224,0.0525,4.47,,,gnm_closed_loop,0.2,0.123664,bringup_stage_goal_A,0.9163,True,0.3,0.123664,0.2,0.123664,True,armed,False,
gnm_closed_loop_20260708_043548,164,15.950001,1783481752.878277,1.735533,-0.000189,-0.0,0.00118,0.2,0.123664,0.199877,-0.009465,camera_link,15.950001,gnm_closed_loop,,nominal,,True,ok,third_party/visualnav-transformer/model_weights/gnm/gnm.pth,12.99,0.3,0.1237,0.4224,0.0525,4.47,,,gnm_closed_loop,0.2,0.123664,bringup_stage_goal_A,0.9136,True,0.3,0.123664,0.2,0.123664,True,armed,False,
gnm_closed_loop_20260708_043548,165,15.966667,1783481752.902535,1.738857,-0.000185,-0.0,0.001189,0.2,0.126744,0.200012,-0.008751,camera_link,15.966667,gnm_closed_loop,,nominal,,True,ok,third_party/visualnav-transformer/model_weights/gnm/gnm.pth,14.64,0.3,0.1267,0.4243,0.0541,4.45,,,gnm_closed_loop,0.2,0.126744,bringup_stage_goal_A,0.9108,True,0.3,0.126744,0.2,0.126744,True,armed,False,
gnm_closed_loop_20260708_043548,166,15.983334,1783481752.905129,1.742183,-0.000181,-0.0,0.001202,0.2,0.126744,0.200012,-0.008751,camera_link,15.983334,gnm_closed_loop,,nominal,,True,ok,third_party/visualnav-transformer/model_weights/gnm/gnm.pth,14.64,0.3,0.1267,0.4243,0.0541,4.45,,,gnm_closed_loop,0.2,0.126744,bringup_stage_goal_A,0.908,True,0.3,0.126744,0.2,0.126744,True,armed,False,
gnm_closed_loop_20260708_043548,167,16.000001,1783481752.906954,1.745506,-0.000178,-0.0,0.001212,0.2,0.126744,0.200012,-0.008751,camera_link,16.000001,gnm_closed_loop,,nominal,,True,ok,third_party/visualnav-transformer/model_weights/gnm/gnm.pth,14.64,0.3,0.1267,0.4243,0.0541,4.45,,,gnm_closed_loop,0.2,0.126744,bringup_stage_goal_A,0.9052,True,0.3,0.126744,0.2,0.126744,True,armed,False,
gnm_closed_loop_20260708_043548,168,16.016668,1783481752.929329,1.748832,-0.000174,-0.0,0.001224,0.2,0.129699,0.199907,-0.01018,camera_link,16.016668,gnm_closed_loop,,nominal,,True,ok,third_party/visualnav-transformer/model_weights/gnm/gnm.pth,13.19,0.3,0.1297,0.4284,0.0559,4.42,,,gnm_closed_loop,0.2,0.129699,bringup_stage_goal_A,0.9025,True,0.3,0.129699,0.2,0.129699,True,armed,False,
gnm_closed_loop_20260708_043548,169,16.033334,1783481752.931757,1.752158,-0.00017,-0.0,0.001237,0.2,0.129699,0.199907,-0.01018,camera_link,16.033334,gnm_closed_loop,,nominal,,True,ok,third_party/visualnav-transformer/model_weights/gnm/gnm.pth,13.19,0.3,0.1297,0.4284,0.0559,4.42,,,gnm_closed_loop,0.2,0.129699,bringup_stage_goal_A,0.8997,True,0.3,0.129699,0.2,0.129699,True,armed,False,
gnm_closed_loop_20260708_043548,170,16.050001,1783481752.933505,1.755481,-0.000167,-0.0,0.001246,0.2,0.129699,0.199907,-0.01018,camera_link,16.050001,gnm_closed_loop,,nominal,,True,ok,third_party/visualnav-transformer/model_weights/gnm/gnm.pth,13.19,0.3,0.1297,0.4284,0.0559,4.42,,,gnm_closed_loop,0.2,0.129699,bringup_stage_goal_A,0.8969,True,0.3,0.129699,0.2,0.129699,True,armed,False,
gnm_closed_loop_20260708_043548,171,16.066668,1783481752.955632,1.758807,-0.000163,-0.0,0.001259,0.2,0.129114,0.19992,-0.010279,camera_link,16.066668,gnm_closed_loop,,nominal,,True,ok,third_party/visualnav-transformer/model_weights/gnm/gnm.pth,12.83,0.3,0.1291,0.43,0.0558,4.42,,,gnm_closed_loop,0.2,0.129114,bringup_stage_goal_A,0.8942,True,0.3,0.129114,0.2,0.129114,True,armed,False,
gnm_closed_loop_20260708_043548,172,16.083334,1783481752.958903,1.762132,-0.000159,-0.0,0.001272,0.2,0.129114,0.19992,-0.010279,camera_link,16.083334,gnm_closed_loop,,nominal,,True,ok,third_party/visualnav-transformer/model_weights/gnm/gnm.pth,12.83,0.3,0.1291,0.43,0.0558,4.42,,,gnm_closed_loop,0.2,0.129114,bringup_stage_goal_A,0.8914,True,0.3,0.129114,0.2,0.129114,True,armed,False,
gnm_closed_loop_20260708_043548,173,16.100001,1783481752.96192,1.765458,-0.000155,-0.0,0.001284,0.2,0.129114,0.19992,-0.010279,camera_link,16.100001,gnm_closed_loop,,nominal,,True,ok,third_party/visualnav-transformer/model_weights/gnm/gnm.pth,12.83,0.3,0.1291,0.43,0.0558,4.42,,,gnm_closed_loop,0.2,0.129114,bringup_stage_goal_A,0.8887,True,0.3,0.129114,0.2,0.129114,True,armed,False,
gnm_closed_loop_20260708_043548,174,16.116668,1783481752.988426,1.768783,-0.000151,-0.0,0.001297,0.2,0.131141,0.199877,-0.010188,camera_link,16.116668,gnm_closed_loop,,nominal,,True,ok,third_party/visualnav-transformer/model_weights/gnm/gnm.pth,14.79,0.3,0.1311,0.4302,0.0567,4.4,,,gnm_closed_loop,0.2,0.131141,bringup_stage_goal_A,0.8859,True,0.3,0.131141,0.2,0.131141,True,armed,False,
gnm_closed_loop_20260708_043548,175,16.133334,1783481752.991714,1.772108,-0.000147,-0.0,0.00131,0.2,0.131141,0.199877,-0.010188,camera_link,16.133334,gnm_closed_loop,,nominal,,True,ok,third_party/visualnav-transformer/model_weights/gnm/gnm.pth,14.79,0.3,0.1311,0.4302,0.0567,4.4,,,gnm_closed_loop,0.2,0.131141,bringup_stage_goal_A,0.8832,True,0.3,0.131141,0.2,0.131141,True,armed,False,
gnm_closed_loop_20260708_043548,176,16.150001,1783481752.993695,1.775431,-0.000144,1e-06,0.001319,0.2,0.131141,0.199877,-0.010188,camera_link,16.150001,gnm_closed_loop,,nominal,,True,ok,third_party/visualnav-transformer/model_weights/gnm/gnm.pth,14.79,0.3,0.1311,0.4302,0.0567,4.4,,,gnm_closed_loop,0.2,0.131141,bringup_stage_goal_A,0.8804,True,0.3,0.131141,0.2,0.131141,True,armed,False,
gnm_closed_loop_20260708_043548,177,16.166668,1783481753.026359,1.778755,-0.000139,0.0,0.001333,0.2,0.131252,0.199687,-0.011358,camera_link,16.166668,gnm_closed_loop,,nominal,,True,ok,third_party/visualnav-transformer/model_weights/gnm/gnm.pth,18.42,0.3,0.1313,0.4309,0.0569,4.38,,,gnm_closed_loop,0.2,0.131252,bringup_stage_goal_A,0.8777,True,0.3,0.131252,0.2,0.131252,True,armed,False,
gnm_closed_loop_20260708_043548,178,16.183334,1783481753.02889,1.782082,-0.000135,-0.0,0.001346,0.2,0.131252,0.199687,-0.011358,camera_link,16.183334,gnm_closed_loop,,nominal,,True,ok,third_party/visualnav-transformer/model_weights/gnm/gnm.pth,18.42,0.3,0.1313,0.4309,0.0569,4.38,,,gnm_closed_loop,0.2,0.131252,bringup_stage_goal_A,0.875,True,0.3,0.131252,0.2,0.131252,True,armed,False,
gnm_closed_loop_20260708_043548,179,16.200001,1783481753.030842,1.785407,-0.000131,-0.0,0.001358,0.2,0.131252,0.199687,-0.011358,camera_link,16.200001,gnm_closed_loop,,nominal,,True,ok,third_party/visualnav-transformer/model_weights/gnm/gnm.pth,18.42,0.3,0.1313,0.4309,0.0569,4.38,,,gnm_closed_loop,0.2,0.131252,bringup_stage_goal_A,0.8722,True,0.3,0.131252,0.2,0.131252,True,armed,False,
gnm_closed_loop_20260708_043548,180,16.216668,1783481753.063942,1.788735,-0.000126,-0.0,0.00137,0.2,0.13244,0.199744,-0.009528,camera_link,16.216668,gnm_closed_loop,,nominal,,True,ok,third_party/visualnav-transformer/model_weights/gnm/gnm.pth,20.29,0.3,0.1324,0.4328,0.0577,4.35,,,gnm_closed_loop,0.2,0.13244,bringup_stage_goal_A,0.8695,True,0.3,0.13244,0.2,0.13244,True,armed,False,
gnm_closed_loop_20260708_043548,181,16.233334,1783481753.067213,1.792059,-0.000122,-0.0,0.001383,0.2,0.13244,0.199744,-0.009528,camera_link,16.233334,gnm_closed_loop,,nominal,,True,ok,third_party/visualnav-transformer/model_weights/gnm/gnm.pth,20.29,0.3,0.1324,0.4328,0.0577,4.35,,,gnm_closed_loop,0.2,0.13244,bringup_stage_goal_A,0.8668,True,0.3,0.13244,0.2,0.13244,True,armed,False,
gnm_closed_loop_20260708_043548,182,16.250001,1783481753.069515,1.795385,-0.000118,-0.0,0.001396,0.2,0.13244,0.199744,-0.009528,camera_link,16.250001,gnm_closed_loop,,nominal,,True,ok,third_party/visualnav-transformer/model_weights/gnm/gnm.pth,20.29,0.3,0.1324,0.4328,0.0577,4.35,,,gnm_closed_loop,0.2,0.13244,bringup_stage_goal_A,0.8641,True,0.3,0.13244,0.2,0.13244,True,armed,False,
gnm_closed_loop_20260708_043548,183,16.266668,1783481753.096697,1.79871,-0.000113,-0.0,0.001409,0.2,0.13223,0.199871,-0.010421,camera_link,16.266668,gnm_closed_loop,,nominal,,True,ok,third_party/visualnav-transformer/model_weights/gnm/gnm.pth,13.62,0.3,0.1322,0.4334,0.0576,4.35,,,gnm_closed_loop,0.2,0.13223,bringup_stage_goal_A,0.8613,True,0.3,0.13223,0.2,0.13223,True,armed,False,
gnm_closed_loop_20260708_043548,184,16.283334,1783481753.098711,1.802035,-0.000109,-0.0,0.001421,0.2,0.13223,0.199871,-0.010421,camera_link,16.283334,gnm_closed_loop,,nominal,,True,ok,third_party/visualnav-transformer/model_weights/gnm/gnm.pth,13.62,0.3,0.1322,0.4334,0.0576,4.35,,,gnm_closed_loop,0.2,0.13223,bringup_stage_goal_A,0.8586,True,0.3,0.13223,0.2,0.13223,True,armed,False,
gnm_closed_loop_20260708_043548,185,16.300001,1783481753.101223,1.805358,-0.000104,1e-06,0.001438,0.2,0.13223,0.199871,-0.010421,camera_link,16.300001,gnm_closed_loop,,nominal,,True,ok,third_party/visualnav-transformer/model_weights/gnm/gnm.pth,13.62,0.3,0.1322,0.4334,0.0576,4.35,,,gnm_closed_loop,0.2,0.13223,bringup_stage_goal_A,0.8559,True,0.3,0.13223,0.2,0.13223,True,armed,False,
gnm_closed_loop_20260708_043548,186,16.316668,1783481753.122429,1.80868,-0.0001,-0.0,0.001448,0.2,0.133454,0.199956,-0.008115,camera_link,16.316668,gnm_closed_loop,,nominal,,True,ok,third_party/visualnav-transformer/model_weights/gnm/gnm.pth,12.73,0.3,0.1335,0.434,0.0583,4.33,,,gnm_closed_loop,0.2,0.133454,bringup_stage_goal_A,0.8532,True,0.3,0.133454,0.2,0.133454,True,armed,False,
gnm_closed_loop_20260708_043548,187,16.333334,1783481753.125644,1.812006,-9.6e-05,1e-06,0.001455,0.2,0.133454,0.199956,-0.008115,camera_link,16.333334,gnm_closed_loop,,nominal,,True,ok,third_party/visualnav-transformer/model_weights/gnm/gnm.pth,12.73,0.3,0.1335,0.434,0.0583,4.33,,,gnm_closed_loop,0.2,0.133454,bringup_stage_goal_A,0.8505,True,0.3,0.133454,0.2,0.133454,True,armed,False,
gnm_closed_loop_20260708_043548,188,16.350001,1783481753.127458,1.815332,-9.2e-05,0.0,0.001462,0.2,0.133454,0.199956,-0.008115,camera_link,16.350001,gnm_closed_loop,,nominal,,True,ok,third_party/visualnav-transformer/model_weights/gnm/gnm.pth,12.73,0.3,0.1335,0.434,0.0583,4.33,,,gnm_closed_loop,0.2,0.133454,bringup_stage_goal_A,0.8479,True,0.3,0.133454,0.2,0.133454,True,armed,False,
gnm_closed_loop_20260708_043548,189,16.366668,1783481753.150957,1.818652,-8.8e-05,0.0,0.00147,0.2,0.131684,0.19994,-0.009428,camera_link,16.366668,gnm_closed_loop,,nominal,,True,ok,third_party/visualnav-transformer/model_weights/gnm/gnm.pth,14.54,0.3,0.1317,0.4365,0.0578,4.32,,,gnm_closed_loop,0.2,0.131684,bringup_stage_goal_A,0.8452,True,0.3,0.131684,0.2,0.131684,True,armed,False,
gnm_closed_loop_20260708_043548,190,16.383334,1783481753.15428,1.821978,-8.3e-05,-0.0,0.001484,0.2,0.131684,0.19994,-0.009428,camera_link,16.383334,gnm_closed_loop,,nominal,,True,ok,third_party/visualnav-transformer/model_weights/gnm/gnm.pth,14.54,0.3,0.1317,0.4365,0.0578,4.32,,,gnm_closed_loop,0.2,0.131684,bringup_stage_goal_A,0.8425,True,0.3,0.131684,0.2,0.131684,True,armed,False,
gnm_closed_loop_20260708_043548,191,16.400001,1783481753.157047,1.825303,-7.9e-05,-0.0,0.001497,0.2,0.131684,0.19994,-0.009428,camera_link,16.400001,gnm_closed_loop,,nominal,,True,ok,third_party/visualnav-transformer/model_weights/gnm/gnm.pth,14.54,0.3,0.1317,0.4365,0.0578,4.32,,,gnm_closed_loop,0.2,0.131684,bringup_stage_goal_A,0.8398,True,0.3,0.131684,0.2,0.131684,True,armed,False,
gnm_closed_loop_20260708_043548,192,16.416668,1783481753.18343,1.828631,-7.4e-05,-0.0,0.001509,0.2,0.131168,0.199701,-0.010179,camera_link,16.416668,gnm_closed_loop,,nominal,,True,ok,third_party/visualnav-transformer/model_weights/gnm/gnm.pth,14.94,0.3,0.1312,0.4358,0.0575,4.31,,,gnm_closed_loop,0.2,0.131168,bringup_stage_goal_A,0.8371,True,0.3,0.131168,0.2,0.131168,True,armed,False,
gnm_closed_loop_20260708_043548,193,16.433334,1783481753.18562,1.831955,-6.9e-05,-0.0,0.001522,0.2,0.131168,0.199701,-0.010179,camera_link,16.433334,gnm_closed_loop,,nominal,,True,ok,third_party/visualnav-transformer/model_weights/gnm/gnm.pth,14.94,0.3,0.1312,0.4358,0.0575,4.31,,,gnm_closed_loop,0.2,0.131168,bringup_stage_goal_A,0.8345,True,0.3,0.131168,0.2,0.131168,True,armed,False,
gnm_closed_loop_20260708_043548,194,16.450001,1783481753.18807,1.83528,-6.4e-05,-0.0,0.001535,0.2,0.131168,0.199701,-0.010179,camera_link,16.450001,gnm_closed_loop,,nominal,,True,ok,third_party/visualnav-transformer/model_weights/gnm/gnm.pth,14.94,0.3,0.1312,0.4358,0.0575,4.31,,,gnm_closed_loop,0.2,0.131168,bringup_stage_goal_A,0.8318,True,0.3,0.131168,0.2,0.131168,True,armed,False,
gnm_closed_loop_20260708_043548,195,16.466668,1783481753.210982,1.838605,-6e-05,-0.0,0.001547,0.2,0.131875,0.199868,-0.010685,camera_link,16.466668,gnm_closed_loop,,nominal,,True,ok,third_party/visualnav-transformer/model_weights/gnm/gnm.pth,13.42,0.3,0.1319,0.4341,0.0576,4.31,,,gnm_closed_loop,0.2,0.131875,bringup_stage_goal_A,0.8292,True,0.3,0.131875,0.2,0.131875,True,armed,False,
gnm_closed_loop_20260708_043548,196,16.483334,1783481753.214192,1.84193,-5.5e-05,-0.0,0.00156,0.2,0.131875,0.199868,-0.010685,camera_link,16.483334,gnm_closed_loop,,nominal,,True,ok,third_party/visualnav-transformer/model_weights/gnm/gnm.pth,13.42,0.3,0.1319,0.4341,0.0576,4.31,,,gnm_closed_loop,0.2,0.131875,bringup_stage_goal_A,0.8265,True,0.3,0.131875,0.2,0.131875,True,armed,False,
gnm_closed_loop_20260708_043548,197,16.500001,1783481753.215953,1.845253,-5e-05,-0.0,0.001571,0.2,0.131875,0.199868,-0.010685,camera_link,16.500001,gnm_closed_loop,,nominal,,True,ok,third_party/visualnav-transformer/model_weights/gnm/gnm.pth,13.42,0.3,0.1319,0.4341,0.0576,4.31,,,gnm_closed_loop,0.2,0.131875,bringup_stage_goal_A,0.8239,True,0.3,0.131875,0.2,0.131875,True,armed,False,
gnm_closed_loop_20260708_043548,198,16.516668,1783481753.238208,1.848577,-4.4e-05,0.0,0.001583,0.2,0.13203,0.199904,-0.010252,camera_link,16.516668,gnm_closed_loop,,nominal,,True,ok,third_party/visualnav-transformer/model_weights/gnm/gnm.pth,12.76,0.3,0.132,0.4344,0.0577,4.3,,,gnm_closed_loop,0.2,0.13203,bringup_stage_goal_A,0.8212,True,0.3,0.13203,0.2,0.13203,True,armed,False,
gnm_closed_loop_20260708_043548,199,16.533334,1783481753.240239,1.851904,-3.9e-05,-0.0,0.001596,0.2,0.13203,0.199904,-0.010252,camera_link,16.533334,gnm_closed_loop,,nominal,,True,ok,third_party/visualnav-transformer/model_weights/gnm/gnm.pth,12.76,0.3,0.132,0.4344,0.0577,4.3,,,gnm_closed_loop,0.2,0.13203,bringup_stage_goal_A,0.8186,True,0.3,0.13203,0.2,0.13203,True,armed,False,
gnm_closed_loop_20260708_043548,200,16.550001,1783481753.241926,1.855227,-3.5e-05,-0.0,0.001606,0.2,0.13203,0.199904,-0.010252,camera_link,16.550001,gnm_closed_loop,,nominal,,True,ok,third_party/visualnav-transformer/model_weights/gnm/gnm.pth,12.76,0.3,0.132,0.4344,0.0577,4.3,,,gnm_closed_loop,0.2,0.13203,bringup_stage_goal_A,0.8159,True,0.3,0.13203,0.2,0.13203,True,armed,False,
gnm_closed_loop_20260708_043548,201,16.566668,1783481753.264438,1.858552,-2.9e-05,0.0,0.001618,0.2,0.135364,0.199828,-0.01056,camera_link,16.566668,gnm_closed_loop,,nominal,,True,ok,third_party/visualnav-transformer/model_weights/gnm/gnm.pth,12.94,0.3,0.1354,0.435,0.0593,4.25,,,gnm_closed_loop,0.2,0.135364,bringup_stage_goal_A,0.8133,True,0.3,0.135364,0.2,0.135364,True,armed,False,
gnm_closed_loop_20260708_043548,202,16.583334,1783481753.266603,1.861876,-2.5e-05,0.0,0.001627,0.2,0.135364,0.199828,-0.01056,camera_link,16.583334,gnm_closed_loop,,nominal,,True,ok,third_party/visualnav-transformer/model_weights/gnm/gnm.pth,12.94,0.3,0.1354,0.435,0.0593,4.25,,,gnm_closed_loop,0.2,0.135364,bringup_stage_goal_A,0.8107,True,0.3,0.135364,0.2,0.135364,True,armed,False,
gnm_closed_loop_20260708_043548,203,16.600001,1783481753.268277,1.865202,-1.9e-05,-0.0,0.001641,0.2,0.135364,0.199828,-0.01056,camera_link,16.600001,gnm_closed_loop,,nominal,,True,ok,third_party/visualnav-transformer/model_weights/gnm/gnm.pth,12.94,0.3,0.1354,0.435,0.0593,4.25,,,gnm_closed_loop,0.2,0.135364,bringup_stage_goal_A,0.8081,True,0.3,0.135364,0.2,0.135364,True,armed,False,
gnm_closed_loop_20260708_043548,204,16.616668,1783481753.289814,1.868527,-1.4e-05,-0.0,0.001654,0.2,0.137898,0.19989,-0.011426,camera_link,16.616668,gnm_closed_loop,,nominal,,True,ok,third_party/visualnav-transformer/model_weights/gnm/gnm.pth,12.67,0.3,0.1379,0.4331,0.0601,4.22,,,gnm_closed_loop,0.2,0.137898,bringup_stage_goal_A,0.8055,True,0.3,0.137898,0.2,0.137898,True,armed,False,
gnm_closed_loop_20260708_043548,205,16.633334,1783481753.291859,1.871855,-9e-06,-0.0,0.001667,0.2,0.137898,0.19989,-0.011426,camera_link,16.633334,gnm_closed_loop,,nominal,,True,ok,third_party/visualnav-transformer/model_weights/gnm/gnm.pth,12.67,0.3,0.1379,0.4331,0.0601,4.22,,,gnm_closed_loop,0.2,0.137898,bringup_stage_goal_A,0.8029,True,0.3,0.137898,0.2,0.137898,True,armed,False,
gnm_closed_loop_20260708_043548,206,16.650001,1783481753.29358,1.875178,-4e-06,-0.0,0.001681,0.2,0.137898,0.19989,-0.011426,camera_link,16.650001,gnm_closed_loop,,nominal,,True,ok,third_party/visualnav-transformer/model_weights/gnm/gnm.pth,12.67,0.3,0.1379,0.4331,0.0601,4.22,,,gnm_closed_loop,0.2,0.137898,bringup_stage_goal_A,0.8003,True,0.3,0.137898,0.2,0.137898,True,armed,False,
gnm_closed_loop_20260708_043548,207,16.666668,1783481753.315202,1.878504,1e-06,-0.0,0.001694,0.2,0.137489,0.199865,-0.011017,camera_link,16.666668,gnm_closed_loop,,nominal,,True,ok,third_party/visualnav-transformer/model_weights/gnm/gnm.pth,12.96,0.3,0.1375,0.43,0.0595,4.21,,,gnm_closed_loop,0.2,0.137489,bringup_stage_goal_A,0.7977,True,0.3,0.137489,0.2,0.137489,True,armed,False,
gnm_closed_loop_20260708_043548,208,16.683334,1783481753.31751,1.881829,7e-06,-0.0,0.001708,0.2,0.137489,0.199865,-0.011017,camera_link,16.683334,gnm_closed_loop,,nominal,,True,ok,third_party/visualnav-transformer/model_weights/gnm/gnm.pth,12.96,0.3,0.1375,0.43,0.0595,4.21,,,gnm_closed_loop,0.2,0.137489,bringup_stage_goal_A,0.7951,True,0.3,0.137489,0.2,0.137489,True,armed,False,
gnm_closed_loop_20260708_043548,209,16.700001,1783481753.3199,1.885156,1.2e-05,-0.0,0.001721,0.2,0.137489,0.199865,-0.011017,camera_link,16.700001,gnm_closed_loop,,nominal,,True,ok,third_party/visualnav-transformer/model_weights/gnm/gnm.pth,12.96,0.3,0.1375,0.43,0.0595,4.21,,,gnm_closed_loop,0.2,0.137489,bringup_stage_goal_A,0.7925,True,0.3,0.137489,0.2,0.137489,True,armed,False,
gnm_closed_loop_20260708_043548,210,16.716668,1783481753.342932,1.88848,1.8e-05,0.0,0.001732,0.2,0.137096,0.199664,-0.010259,camera_link,16.716668,gnm_closed_loop,,nominal,,True,ok,third_party/visualnav-transformer/model_weights/gnm/gnm.pth,12.82,0.3,0.1371,0.4255,0.0587,4.21,,,gnm_closed_loop,0.2,0.137096,bringup_stage_goal_A,0.7899,True,0.3,0.137096,0.2,0.137096,True,armed,False,
gnm_closed_loop_20260708_043548,211,16.733334,1783481753.345374,1.891803,2.3e-05,0.0,0.001741,0.2,0.137096,0.199664,-0.010259,camera_link,16.733334,gnm_closed_loop,,nominal,,True,ok,third_party/visualnav-transformer/model_weights/gnm/gnm.pth,12.82,0.3,0.1371,0.4255,0.0587,4.21,,,gnm_closed_loop,0.2,0.137096,bringup_stage_goal_A,0.7873,True,0.3,0.137096,0.2,0.137096,True,armed,False,
gnm_closed_loop_20260708_043548,212,16.750001,1783481753.347236,1.895131,2.8e-05,0.0,0.001755,0.2,0.137096,0.199664,-0.010259,camera_link,16.750001,gnm_closed_loop,,nominal,,True,ok,third_party/visualnav-transformer/model_weights/gnm/gnm.pth,12.82,0.3,0.1371,0.4255,0.0587,4.21,,,gnm_closed_loop,0.2,0.137096,bringup_stage_goal_A,0.7848,True,0.3,0.137096,0.2,0.137096,True,armed,False,
gnm_closed_loop_20260708_043548,213,16.766668,1783481753.370185,1.898452,3.4e-05,0.0,0.001769,0.2,0.131381,0.199617,-0.010905,camera_link,16.766668,gnm_closed_loop,,nominal,,True,ok,third_party/visualnav-transformer/model_weights/gnm/gnm.pth,13.68,0.3,0.1314,0.4199,0.0555,4.27,,,gnm_closed_loop,0.2,0.131381,bringup_stage_goal_A,0.7822,True,0.3,0.131381,0.2,0.131381,True,armed,False,
gnm_closed_loop_20260708_043548,214,16.783334,1783481753.372152,1.901776,4e-05,-0.0,0.001782,0.2,0.131381,0.199617,-0.010905,camera_link,16.783334,gnm_closed_loop,,nominal,,True,ok,third_party/visualnav-transformer/model_weights/gnm/gnm.pth,13.68,0.3,0.1314,0.4199,0.0555,4.27,,,gnm_closed_loop,0.2,0.131381,bringup_stage_goal_A,0.7796,True,0.3,0.131381,0.2,0.131381,True,armed,False,
gnm_closed_loop_20260708_043548,215,16.800001,1783481753.373898,1.905101,4.5e-05,-0.0,0.001795,0.2,0.131381,0.199617,-0.010905,camera_link,16.800001,gnm_closed_loop,,nominal,,True,ok,third_party/visualnav-transformer/model_weights/gnm/gnm.pth,13.68,0.3,0.1314,0.4199,0.0555,4.27,,,gnm_closed_loop,0.2,0.131381,bringup_stage_goal_A,0.7771,True,0.3,0.131381,0.2,0.131381,True,armed,False,
gnm_closed_loop_20260708_043548,216,16.816668,1783481753.397209,1.908427,5e-05,0.0,0.001807,0.2,0.128019,0.199542,-0.010324,camera_link,16.816668,gnm_closed_loop,,nominal,,True,ok,third_party/visualnav-transformer/model_weights/gnm/gnm.pth,14.13,0.3,0.128,0.4152,0.0534,4.32,,,gnm_closed_loop,0.2,0.128019,bringup_stage_goal_A,0.7745,True,0.3,0.128019,0.2,0.128019,True,armed,False,
gnm_closed_loop_20260708_043548,217,16.833334,1783481753.399235,1.911751,5.6e-05,-0.0,0.001819,0.2,0.128019,0.199542,-0.010324,camera_link,16.833334,gnm_closed_loop,,nominal,,True,ok,third_party/visualnav-transformer/model_weights/gnm/gnm.pth,14.13,0.3,0.128,0.4152,0.0534,4.32,,,gnm_closed_loop,0.2,0.128019,bringup_stage_goal_A,0.772,True,0.3,0.128019,0.2,0.128019,True,armed,False,
gnm_closed_loop_20260708_043548,218,16.850001,1783481753.40092,1.915076,6.2e-05,-0.0,0.001831,0.2,0.128019,0.199542,-0.010324,camera_link,16.850001,gnm_closed_loop,,nominal,,True,ok,third_party/visualnav-transformer/model_weights/gnm/gnm.pth,14.13,0.3,0.128,0.4152,0.0534,4.32,,,gnm_closed_loop,0.2,0.128019,bringup_stage_goal_A,0.7695,True,0.3,0.128019,0.2,0.128019,True,armed,False,
gnm_closed_loop_20260708_043548,219,16.866668,1783481753.426059,1.918402,6.8e-05,-0.0,0.001839,0.2,0.12359,0.199873,-0.009558,camera_link,16.866668,gnm_closed_loop,,nominal,,True,ok,third_party/visualnav-transformer/model_weights/gnm/gnm.pth,14.47,0.3,0.1236,0.41,0.0509,4.39,,,gnm_closed_loop,0.2,0.12359,bringup_stage_goal_A,0.7669,True,0.3,0.12359,0.2,0.12359,True,armed,False,
gnm_closed_loop_20260708_043548,220,16.883334,1783481753.42806,1.921725,7.4e-05,-0.0,0.001849,0.2,0.12359,0.199873,-0.009558,camera_link,16.883334,gnm_closed_loop,,nominal,,True,ok,third_party/visualnav-transformer/model_weights/gnm/gnm.pth,14.47,0.3,0.1236,0.41,0.0509,4.39,,,gnm_closed_loop,0.2,0.12359,bringup_stage_goal_A,0.7644,True,0.3,0.12359,0.2,0.12359,True,armed,False,
gnm_closed_loop_20260708_043548,221,16.900001,1783481753.4298,1.92505,7.9e-05,-0.0,0.001861,0.2,0.12359,0.199873,-0.009558,camera_link,16.900001,gnm_closed_loop,,nominal,,True,ok,third_party/visualnav-transformer/model_weights/gnm/gnm.pth,14.47,0.3,0.1236,0.41,0.0509,4.39,,,gnm_closed_loop,0.2,0.12359,bringup_stage_goal_A,0.7619,True,0.3,0.12359,0.2,0.12359,True,armed,False,
gnm_closed_loop_20260708_043548,222,16.916668,1783481753.451092,1.928376,8.5e-05,-0.0,0.001873,0.2,0.124438,0.19986,-0.009984,camera_link,16.916668,gnm_closed_loop,,nominal,,True,ok,third_party/visualnav-transformer/model_weights/gnm/gnm.pth,12.78,0.3,0.1244,0.4034,0.0505,4.43,,,gnm_closed_loop,0.2,0.124438,bringup_stage_goal_A,0.7594,True,0.3,0.124438,0.2,0.124438,True,armed,False,
gnm_closed_loop_20260708_043548,223,16.933334,1783481753.454224,1.931701,9.1e-05,-0.0,0.001885,0.2,0.124438,0.19986,-0.009984,camera_link,16.933334,gnm_closed_loop,,nominal,,True,ok,third_party/visualnav-transformer/model_weights/gnm/gnm.pth,12.78,0.3,0.1244,0.4034,0.0505,4.43,,,gnm_closed_loop,0.2,0.124438,bringup_stage_goal_A,0.7569,True,0.3,0.124438,0.2,0.124438,True,armed,False,
gnm_closed_loop_20260708_043548,224,16.950001,1783481753.45612,1.935032,9.8e-05,0.0,0.001899,0.2,0.124438,0.19986,-0.009984,camera_link,16.950001,gnm_closed_loop,,nominal,,True,ok,third_party/visualnav-transformer/model_weights/gnm/gnm.pth,12.78,0.3,0.1244,0.4034,0.0505,4.43,,,gnm_closed_loop,0.2,0.124438,bringup_stage_goal_A,0.7544,True,0.3,0.124438,0.2,0.124438,True,armed,False,
gnm_closed_loop_20260708_043548,225,16.966668,1783481753.483384,1.938356,0.000104,-0.0,0.001912,0.2,0.118042,0.19979,-0.010398,camera_link,16.966668,gnm_closed_loop,,nominal,,True,ok,third_party/visualnav-transformer/model_weights/gnm/gnm.pth,16.37,0.3,0.118,0.3933,0.0466,4.52,,,gnm_closed_loop,0.2,0.118042,bringup_stage_goal_A,0.7519,True,0.3,0.118042,0.2,0.118042,True,armed,False,
gnm_closed_loop_20260708_043548,226,16.983334,1783481753.485323,1.941685,0.00011,1e-06,0.001921,0.2,0.118042,0.19979,-0.010398,camera_link,16.983334,gnm_closed_loop,,nominal,,True,ok,third_party/visualnav-transformer/model_weights/gnm/gnm.pth,16.37,0.3,0.118,0.3933,0.0466,4.52,,,gnm_closed_loop,0.2,0.118042,bringup_stage_goal_A,0.7494,True,0.3,0.118042,0.2,0.118042,True,armed,False,
gnm_closed_loop_20260708_043548,227,17.000001,1783481753.486906,1.945008,0.000116,-0.0,0.001933,0.2,0.118042,0.19979,-0.010398,camera_link,17.000001,gnm_closed_loop,,nominal,,True,ok,third_party/visualnav-transformer/model_weights/gnm/gnm.pth,16.37,0.3,0.118,0.3933,0.0466,4.52,,,gnm_closed_loop,0.2,0.118042,bringup_stage_goal_A,0.7469,True,0.3,0.118042,0.2,0.118042,True,armed,False,
gnm_closed_loop_20260708_043548,228,17.016668,1783481753.51053,1.948331,0.000123,0.0,0.001948,0.2,0.11754,0.199653,-0.011921,camera_link,17.016668,gnm_closed_loop,,nominal,,True,ok,third_party/visualnav-transformer/model_weights/gnm/gnm.pth,13.68,0.3,0.1175,0.3855,0.0455,4.57,,,gnm_closed_loop,0.2,0.11754,bringup_stage_goal_A,0.7445,True,0.3,0.11754,0.2,0.11754,True,armed,False,
gnm_closed_loop_20260708_043548,229,17.033334,1783481753.512862,1.951661,0.000128,0.0,0.001958,0.2,0.11754,0.199653,-0.011921,camera_link,17.033334,gnm_closed_loop,,nominal,,True,ok,third_party/visualnav-transformer/model_weights/gnm/gnm.pth,13.68,0.3,0.1175,0.3855,0.0455,4.57,,,gnm_closed_loop,0.2,0.11754,bringup_stage_goal_A,0.742,True,0.3,0.11754,0.2,0.11754,True,armed,False,
gnm_closed_loop_20260708_043548,230,17.050001,1783481753.514846,1.954984,0.000135,0.0,0.00197,0.2,0.11754,0.199653,-0.011921,camera_link,17.050001,gnm_closed_loop,,nominal,,True,ok,third_party/visualnav-transformer/model_weights/gnm/gnm.pth,13.68,0.3,0.1175,0.3855,0.0455,4.57,,,gnm_closed_loop,0.2,0.11754,bringup_stage_goal_A,0.7395,True,0.3,0.11754,0.2,0.11754,True,armed,False,
gnm_closed_loop_20260708_043548,231,17.066668,1783481753.53977,1.958309,0.000141,-0.0,0.001981,0.2,0.117868,0.199872,-0.009448,camera_link,17.066668,gnm_closed_loop,,nominal,,True,ok,third_party/visualnav-transformer/model_weights/gnm/gnm.pth,14.37,0.3,0.1179,0.38,0.045,4.59,,,gnm_closed_loop,0.2,0.117868,bringup_stage_goal_A,0.7371,True,0.3,0.117868,0.2,0.117868,True,armed,False,
gnm_closed_loop_20260708_043548,232,17.083334,1783481753.542013,1.961634,0.000147,-0.0,0.001993,0.2,0.117868,0.199872,-0.009448,camera_link,17.083334,gnm_closed_loop,,nominal,,True,ok,third_party/visualnav-transformer/model_weights/gnm/gnm.pth,14.37,0.3,0.1179,0.38,0.045,4.59,,,gnm_closed_loop,0.2,0.117868,bringup_stage_goal_A,0.7346,True,0.3,0.117868,0.2,0.117868,True,armed,False,
gnm_closed_loop_20260708_043548,233,17.100001,1783481753.543798,1.964958,0.000154,-0.0,0.002004,0.2,0.117868,0.199872,-0.009448,camera_link,17.100001,gnm_closed_loop,,nominal,,True,ok,third_party/visualnav-transformer/model_weights/gnm/gnm.pth,14.37,0.3,0.1179,0.38,0.045,4.59,,,gnm_closed_loop,0.2,0.117868,bringup_stage_goal_A,0.7322,True,0.3,0.117868,0.2,0.117868,True,armed,False,
gnm_closed_loop_20260708_043548,234,17.116668,1783481753.566494,1.968286,0.00016,-0.0,0.002014,0.2,0.124905,0.199751,-0.008347,camera_link,17.116668,gnm_closed_loop,,nominal,,True,ok,third_party/visualnav-transformer/model_weights/gnm/gnm.pth,12.86,0.3,0.1249,0.3773,0.0474,4.56,,,gnm_closed_loop,0.2,0.124905,bringup_stage_goal_A,0.7298,True,0.3,0.124905,0.2,0.124905,True,armed,False,
gnm_closed_loop_20260708_043548,235,17.133334,1783481753.568896,1.971608,0.000166,-0.0,0.002024,0.2,0.124905,0.199751,-0.008347,camera_link,17.133334,gnm_closed_loop,,nominal,,True,ok,third_party/visualnav-transformer/model_weights/gnm/gnm.pth,12.86,0.3,0.1249,0.3773,0.0474,4.56,,,gnm_closed_loop,0.2,0.124905,bringup_stage_goal_A,0.7273,True,0.3,0.124905,0.2,0.124905,True,armed,False,
gnm_closed_loop_20260708_043548,236,17.150001,1783481753.570649,1.974933,0.000173,-0.0,0.002036,0.2,0.124905,0.199751,-0.008347,camera_link,17.150001,gnm_closed_loop,,nominal,,True,ok,third_party/visualnav-transformer/model_weights/gnm/gnm.pth,12.86,0.3,0.1249,0.3773,0.0474,4.56,,,gnm_closed_loop,0.2,0.124905,bringup_stage_goal_A,0.7249,True,0.3,0.124905,0.2,0.124905,True,armed,False,
gnm_closed_loop_20260708_043548,237,17.166668,1783481753.59683,1.978257,0.000179,0.0,0.002041,0.2,0.132968,0.199844,-0.007995,camera_link,17.166668,gnm_closed_loop,,nominal,,True,ok,third_party/visualnav-transformer/model_weights/gnm/gnm.pth,15.73,0.3,0.133,0.3726,0.0498,4.52,,,gnm_closed_loop,0.2,0.132968,bringup_stage_goal_A,0.7225,True,0.3,0.132968,0.2,0.132968,True,armed,False,
gnm_closed_loop_20260708_043548,238,17.183334,1783481753.599047,1.981589,0.000186,0.0,0.002053,0.2,0.132968,0.199844,-0.007995,camera_link,17.183334,gnm_closed_loop,,nominal,,True,ok,third_party/visualnav-transformer/model_weights/gnm/gnm.pth,15.73,0.3,0.133,0.3726,0.0498,4.52,,,gnm_closed_loop,0.2,0.132968,bringup_stage_goal_A,0.7201,True,0.3,0.132968,0.2,0.132968,True,armed,False,
gnm_closed_loop_20260708_043548,239,17.200001,1783481753.601632,1.984914,0.000192,0.0,0.002072,0.2,0.132968,0.199844,-0.007995,camera_link,17.200001,gnm_closed_loop,,nominal,,True,ok,third_party/visualnav-transformer/model_weights/gnm/gnm.pth,15.73,0.3,0.133,0.3726,0.0498,4.52,,,gnm_closed_loop,0.2,0.132968,bringup_stage_goal_A,0.7177,True,0.3,0.132968,0.2,0.132968,True,armed,False,
gnm_closed_loop_20260708_043548,240,17.216668,1783481753.629742,1.988229,0.000199,0.0,0.002086,0.2,0.137959,0.199579,-0.01134,camera_link,17.216668,gnm_closed_loop,,nominal,,True,ok,third_party/visualnav-transformer/model_weights/gnm/gnm.pth,13.79,0.3,0.138,0.3674,0.051,4.49,,,gnm_closed_loop,0.2,0.137959,bringup_stage_goal_A,0.7153,True,0.3,0.137959,0.2,0.137959,True,armed,False,
gnm_closed_loop_20260708_043548,241,17.233334,1783481753.632025,1.991559,0.000205,0.0,0.002095,0.2,0.137959,0.199579,-0.01134,camera_link,17.233334,gnm_closed_loop,,nominal,,True,ok,third_party/visualnav-transformer/model_weights/gnm/gnm.pth,13.79,0.3,0.138,0.3674,0.051,4.49,,,gnm_closed_loop,0.2,0.137959,bringup_stage_goal_A,0.713,True,0.3,0.137959,0.2,0.137959,True,armed,False,
gnm_closed_loop_20260708_043548,242,17.250001,1783481753.634196,1.994882,0.000212,-0.0,0.002108,0.2,0.137959,0.199579,-0.01134,camera_link,17.250001,gnm_closed_loop,,nominal,,True,ok,third_party/visualnav-transformer/model_weights/gnm/gnm.pth,13.79,0.3,0.138,0.3674,0.051,4.49,,,gnm_closed_loop,0.2,0.137959,bringup_stage_goal_A,0.7106,True,0.3,0.137959,0.2,0.137959,True,armed,False,
gnm_closed_loop_20260708_043548,243,17.266668,1783481753.656339,1.998207,0.000218,-0.0,0.002122,0.2,0.14184,0.199857,-0.011071,camera_link,17.266668,gnm_closed_loop,,nominal,,True,ok,third_party/visualnav-transformer/model_weights/gnm/gnm.pth,12.89,0.3,0.1418,0.3627,0.0518,4.47,,,gnm_closed_loop,0.2,0.14184,bringup_stage_goal_A,0.7082,True,0.3,0.14184,0.2,0.14184,True,armed,False,
gnm_closed_loop_20260708_043548,244,17.283334,1783481753.658436,2.001532,0.000225,-0.0,0.002136,0.2,0.14184,0.199857,-0.011071,camera_link,17.283334,gnm_closed_loop,,nominal,,True,ok,third_party/visualnav-transformer/model_weights/gnm/gnm.pth,12.89,0.3,0.1418,0.3627,0.0518,4.47,,,gnm_closed_loop,0.2,0.14184,bringup_stage_goal_A,0.7059,True,0.3,0.14184,0.2,0.14184,True,armed,False,
gnm_closed_loop_20260708_043548,245,17.300001,1783481753.66016,2.00486,0.000232,-0.0,0.002147,0.2,0.14184,0.199857,-0.011071,camera_link,17.300001,gnm_closed_loop,,nominal,,True,ok,third_party/visualnav-transformer/model_weights/gnm/gnm.pth,12.89,0.3,0.1418,0.3627,0.0518,4.47,,,gnm_closed_loop,0.2,0.14184,bringup_stage_goal_A,0.7035,True,0.3,0.14184,0.2,0.14184,True,armed,False,
gnm_closed_loop_20260708_043548,246,17.316668,1783481753.682767,2.008181,0.000238,-0.0,0.002157,0.2,0.150196,0.200056,-0.009589,camera_link,17.316668,gnm_closed_loop,,nominal,,True,ok,third_party/visualnav-transformer/model_weights/gnm/gnm.pth,13.42,0.3,0.1502,0.361,0.0546,4.39,,,gnm_closed_loop,0.2,0.150196,bringup_stage_goal_A,0.7012,True,0.3,0.150196,0.2,0.150196,True,armed,False,
gnm_closed_loop_20260708_043548,247,17.333334,1783481753.685354,2.011511,0.000245,-0.0,0.002169,0.2,0.150196,0.200056,-0.009589,camera_link,17.333334,gnm_closed_loop,,nominal,,True,ok,third_party/visualnav-transformer/model_weights/gnm/gnm.pth,13.42,0.3,0.1502,0.361,0.0546,4.39,,,gnm_closed_loop,0.2,0.150196,bringup_stage_goal_A,0.6988,True,0.3,0.150196,0.2,0.150196,True,armed,False,
gnm_closed_loop_20260708_043548,248,17.350001,1783481753.687015,2.014834,0.000252,-0.0,0.002183,0.2,0.150196,0.200056,-0.009589,camera_link,17.350001,gnm_closed_loop,,nominal,,True,ok,third_party/visualnav-transformer/model_weights/gnm/gnm.pth,13.42,0.3,0.1502,0.361,0.0546,4.39,,,gnm_closed_loop,0.2,0.150196,bringup_stage_goal_A,0.6965,True,0.3,0.150196,0.2,0.150196,True,armed,False,
gnm_closed_loop_20260708_043548,249,17.366668,1783481753.708137,2.018159,0.000258,-0.0,0.002196,0.2,0.158767,0.199953,-0.010437,camera_link,17.366668,gnm_closed_loop,,nominal,,True,ok,third_party/visualnav-transformer/model_weights/gnm/gnm.pth,12.92,0.3,0.1588,0.361,0.0578,4.28,,,gnm_closed_loop,0.2,0.158767,bringup_stage_goal_A,0.6942,True,0.3,0.158767,0.2,0.158767,True,armed,False,
gnm_closed_loop_20260708_043548,250,17.383334,1783481753.710296,2.021482,0.000265,-0.0,0.002208,0.2,0.158767,0.199953,-0.010437,camera_link,17.383334,gnm_closed_loop,,nominal,,True,ok,third_party/visualnav-transformer/model_weights/gnm/gnm.pth,12.92,0.3,0.1588,0.361,0.0578,4.28,,,gnm_closed_loop,0.2,0.158767,bringup_stage_goal_A,0.6919,True,0.3,0.158767,0.2,0.158767,True,armed,False,
gnm_closed_loop_20260708_043548,251,17.400001,1783481753.712716,2.024808,0.000272,0.0,0.00222,0.2,0.158767,0.199953,-0.010437,camera_link,17.400001,gnm_closed_loop,,nominal,,True,ok,third_party/visualnav-transformer/model_weights/gnm/gnm.pth,12.92,0.3,0.1588,0.361,0.0578,4.28,,,gnm_closed_loop,0.2,0.158767,bringup_stage_goal_A,0.6896,True,0.3,0.158767,0.2,0.158767,True,armed,False,
gnm_closed_loop_20260708_043548,252,17.416668,1783481753.735584,2.02813,0.000279,1e-06,0.002234,0.2,0.171021,0.199925,-0.011871,camera_link,17.416668,gnm_closed_loop,,nominal,,True,ok,third_party/visualnav-transformer/model_weights/gnm/gnm.pth,13.37,0.3,0.171,0.3614,0.0624,4.16,,,gnm_closed_loop,0.2,0.171021,bringup_stage_goal_A,0.6873,True,0.3,0.171021,0.2,0.171021,True,armed,False,
gnm_closed_loop_20260708_043548,253,17.433334,1783481753.738149,2.031454,0.000287,0.0,0.002248,0.2,0.171021,0.199925,-0.011871,camera_link,17.433334,gnm_closed_loop,,nominal,,True,ok,third_party/visualnav-transformer/model_weights/gnm/gnm.pth,13.37,0.3,0.171,0.3614,0.0624,4.16,,,gnm_closed_loop,0.2,0.171021,bringup_stage_goal_A,0.685,True,0.3,0.171021,0.2,0.171021,True,armed,False,
gnm_closed_loop_20260708_043548,254,17.450001,1783481753.740654,2.034782,0.000294,-0.0,0.002264,0.2,0.171021,0.199925,-0.011871,camera_link,17.450001,gnm_closed_loop,,nominal,,True,ok,third_party/visualnav-transformer/model_weights/gnm/gnm.pth,13.37,0.3,0.171,0.3614,0.0624,4.16,,,gnm_closed_loop,0.2,0.171021,bringup_stage_goal_A,0.6827,True,0.3,0.171021,0.2,0.171021,True,armed,False,
gnm_closed_loop_20260708_043548,255,17.466668,1783481753.76219,2.03811,0.000301,-0.0,0.002278,0.2,0.1879,0.199631,-0.013143,camera_link,17.466668,gnm_closed_loop,,nominal,,True,ok,third_party/visualnav-transformer/model_weights/gnm/gnm.pth,12.85,0.3,0.1879,0.3571,0.0679,4.01,,,gnm_closed_loop,0.2,0.1879,bringup_stage_goal_A,0.6805,True,0.3,0.1879,0.2,0.1879,True,armed,False,
gnm_closed_loop_20260708_043548,256,17.483334,1783481753.764435,2.04143,0.000308,0.0,0.002294,0.2,0.1879,0.199631,-0.013143,camera_link,17.483334,gnm_closed_loop,,nominal,,True,ok,third_party/visualnav-transformer/model_weights/gnm/gnm.pth,12.85,0.3,0.1879,0.3571,0.0679,4.01,,,gnm_closed_loop,0.2,0.1879,bringup_stage_goal_A,0.6782,True,0.3,0.1879,0.2,0.1879,True,armed,False,
gnm_closed_loop_20260708_043548,257,17.500001,1783481753.76624,2.044757,0.000316,-0.0,0.002312,0.2,0.1879,0.199631,-0.013143,camera_link,17.500001,gnm_closed_loop,,nominal,,True,ok,third_party/visualnav-transformer/model_weights/gnm/gnm.pth,12.85,0.3,0.1879,0.3571,0.0679,4.01,,,gnm_closed_loop,0.2,0.1879,bringup_stage_goal_A,0.676,True,0.3,0.1879,0.2,0.1879,True,armed,False,
gnm_closed_loop_20260708_043548,258,17.516668,1783481753.788045,2.048082,0.000323,-0.0,0.00233,0.2,0.189968,0.199873,-0.015089,camera_link,17.516668,gnm_closed_loop,,nominal,,True,ok,third_party/visualnav-transformer/model_weights/gnm/gnm.pth,12.78,0.3,0.19,0.3565,0.0686,3.98,,,gnm_closed_loop,0.2,0.189968,bringup_stage_goal_A,0.6737,True,0.3,0.189968,0.2,0.189968,True,armed,False,
gnm_closed_loop_20260708_043548,259,17.533334,1783481753.790198,2.051407,0.00033,-0.0,0.002349,0.2,0.189968,0.199873,-0.015089,camera_link,17.533334,gnm_closed_loop,,nominal,,True,ok,third_party/visualnav-transformer/model_weights/gnm/gnm.pth,12.78,0.3,0.19,0.3565,0.0686,3.98,,,gnm_closed_loop,0.2,0.189968,bringup_stage_goal_A,0.6715,True,0.3,0.189968,0.2,0.189968,True,armed,False,
gnm_closed_loop_20260708_043548,260,17.550001,1783481753.791952,2.054732,0.000338,-0.0,0.002367,0.2,0.189968,0.199873,-0.015089,camera_link,17.550001,gnm_closed_loop,,nominal,,True,ok,third_party/visualnav-transformer/model_weights/gnm/gnm.pth,12.78,0.3,0.19,0.3565,0.0686,3.98,,,gnm_closed_loop,0.2,0.189968,bringup_stage_goal_A,0.6693,True,0.3,0.189968,0.2,0.189968,True,armed,False,
gnm_closed_loop_20260708_043548,261,17.566668,1783481753.813488,2.058054,0.000345,0.0,0.002383,0.2,0.194156,0.199944,-0.014486,camera_link,17.566668,gnm_closed_loop,,nominal,,True,ok,third_party/visualnav-transformer/model_weights/gnm/gnm.pth,12.83,0.3,0.1942,0.3539,0.0696,3.89,,,gnm_closed_loop,0.2,0.194156,bringup_stage_goal_A,0.6671,True,0.3,0.194156,0.2,0.194156,True,armed,False,
gnm_closed_loop_20260708_043548,262,17.583334,1783481753.815566,2.061382,0.000353,-0.0,0.002402,0.2,0.194156,0.199944,-0.014486,camera_link,17.583334,gnm_closed_loop,,nominal,,True,ok,third_party/visualnav-transformer/model_weights/gnm/gnm.pth,12.83,0.3,0.1942,0.3539,0.0696,3.89,,,gnm_closed_loop,0.2,0.194156,bringup_stage_goal_A,0.6649,True,0.3,0.194156,0.2,0.194156,True,armed,False,
gnm_closed_loop_20260708_043548,263,17.600001,1783481753.817306,2.064705,0.000361,-0.0,0.002422,0.2,0.194156,0.199944,-0.014486,camera_link,17.600001,gnm_closed_loop,,nominal,,True,ok,third_party/visualnav-transformer/model_weights/gnm/gnm.pth,12.83,0.3,0.1942,0.3539,0.0696,3.89,,,gnm_closed_loop,0.2,0.194156,bringup_stage_goal_A,0.6627,True,0.3,0.194156,0.2,0.194156,True,armed,False,
gnm_closed_loop_20260708_043548,264,17.616668,1783481753.838771,2.068033,0.000368,-0.0,0.002441,0.2,0.194875,0.199893,-0.015703,camera_link,17.616668,gnm_closed_loop,,nominal,,True,ok,third_party/visualnav-transformer/model_weights/gnm/gnm.pth,12.78,0.3,0.1949,0.3545,0.07,3.86,,,gnm_closed_loop,0.2,0.194875,bringup_stage_goal_A,0.6605,True,0.3,0.194875,0.2,0.194875,True,armed,False,
gnm_closed_loop_20260708_043548,265,17.633334,1783481753.840899,2.071358,0.000376,-0.0,0.00246,0.2,0.194875,0.199893,-0.015703,camera_link,17.633334,gnm_closed_loop,,nominal,,True,ok,third_party/visualnav-transformer/model_weights/gnm/gnm.pth,12.78,0.3,0.1949,0.3545,0.07,3.86,,,gnm_closed_loop,0.2,0.194875,bringup_stage_goal_A,0.6583,True,0.3,0.194875,0.2,0.194875,True,armed,False,
gnm_closed_loop_20260708_043548,266,17.650001,1783481753.84265,2.074683,0.000383,-0.0,0.002479,0.2,0.194875,0.199893,-0.015703,camera_link,17.650001,gnm_closed_loop,,nominal,,True,ok,third_party/visualnav-transformer/model_weights/gnm/gnm.pth,12.78,0.3,0.1949,0.3545,0.07,3.86,,,gnm_closed_loop,0.2,0.194875,bringup_stage_goal_A,0.6561,True,0.3,0.194875,0.2,0.194875,True,armed,False,
gnm_closed_loop_20260708_043548,267,17.666668,1783481753.865457,2.078007,0.000391,-0.0,0.002498,0.2,0.193189,0.199856,-0.015755,camera_link,17.666668,gnm_closed_loop,,nominal,,True,ok,third_party/visualnav-transformer/model_weights/gnm/gnm.pth,13.23,0.3,0.1932,0.3568,0.0698,3.86,,,gnm_closed_loop,0.2,0.193189,bringup_stage_goal_A,0.654,True,0.3,0.193189,0.2,0.193189,True,armed,False,
gnm_closed_loop_20260708_043548,268,17.683334,1783481753.868189,2.081332,0.000399,-0.0,0.002517,0.2,0.193189,0.199856,-0.015755,camera_link,17.683334,gnm_closed_loop,,nominal,,True,ok,third_party/visualnav-transformer/model_weights/gnm/gnm.pth,13.23,0.3,0.1932,0.3568,0.0698,3.86,,,gnm_closed_loop,0.2,0.193189,bringup_stage_goal_A,0.6518,True,0.3,0.193189,0.2,0.193189,True,armed,False,
gnm_closed_loop_20260708_043548,269,17.700001,1783481753.869978,2.084657,0.000407,-0.0,0.002536,0.2,0.193189,0.199856,-0.015755,camera_link,17.700001,gnm_closed_loop,,nominal,,True,ok,third_party/visualnav-transformer/model_weights/gnm/gnm.pth,13.23,0.3,0.1932,0.3568,0.0698,3.86,,,gnm_closed_loop,0.2,0.193189,bringup_stage_goal_A,0.6497,True,0.3,0.193189,0.2,0.193189,True,armed,False,
gnm_closed_loop_20260708_043548,270,17.716668,1783481753.893038,2.087982,0.000415,-0.0,0.002555,0.2,0.190801,0.199875,-0.015896,camera_link,17.716668,gnm_closed_loop,,nominal,,True,ok,third_party/visualnav-transformer/model_weights/gnm/gnm.pth,13.46,0.3,0.1908,0.3577,0.0691,3.87,,,gnm_closed_loop,0.2,0.190801,bringup_stage_goal_A,0.6476,True,0.3,0.190801,0.2,0.190801,True,armed,False,
gnm_closed_loop_20260708_043548,271,17.733334,1783481753.895281,2.091304,0.000423,0.0,0.002572,0.2,0.190801,0.199875,-0.015896,camera_link,17.733334,gnm_closed_loop,,nominal,,True,ok,third_party/visualnav-transformer/model_weights/gnm/gnm.pth,13.46,0.3,0.1908,0.3577,0.0691,3.87,,,gnm_closed_loop,0.2,0.190801,bringup_stage_goal_A,0.6455,True,0.3,0.190801,0.2,0.190801,True,armed,False,
gnm_closed_loop_20260708_043548,272,17.750001,1783481753.897052,2.094632,0.000431,-0.0,0.002591,0.2,0.190801,0.199875,-0.015896,camera_link,17.750001,gnm_closed_loop,,nominal,,True,ok,third_party/visualnav-transformer/model_weights/gnm/gnm.pth,13.46,0.3,0.1908,0.3577,0.0691,3.87,,,gnm_closed_loop,0.2,0.190801,bringup_stage_goal_A,0.6433,True,0.3,0.190801,0.2,0.190801,True,armed,False,
gnm_closed_loop_20260708_043548,273,17.766668,1783481753.918997,2.097958,0.00044,-0.0,0.002609,0.2,0.187151,0.199864,-0.015535,camera_link,17.766668,gnm_closed_loop,,nominal,,True,ok,third_party/visualnav-transformer/model_weights/gnm/gnm.pth,12.7,0.3,0.1872,0.3619,0.0685,3.86,,,gnm_closed_loop,0.2,0.187151,bringup_stage_goal_A,0.6412,True,0.3,0.187151,0.2,0.187151,True,armed,False,
gnm_closed_loop_20260708_043548,274,17.783334,1783481753.921015,2.101283,0.000448,-0.0,0.002628,0.2,0.187151,0.199864,-0.015535,camera_link,17.783334,gnm_closed_loop,,nominal,,True,ok,third_party/visualnav-transformer/model_weights/gnm/gnm.pth,12.7,0.3,0.1872,0.3619,0.0685,3.86,,,gnm_closed_loop,0.2,0.187151,bringup_stage_goal_A,0.6392,True,0.3,0.187151,0.2,0.187151,True,armed,False,
gnm_closed_loop_20260708_043548,275,17.800001,1783481753.923412,2.104607,0.000456,-0.0,0.002646,0.2,0.187151,0.199864,-0.015535,camera_link,17.800001,gnm_closed_loop,,nominal,,True,ok,third_party/visualnav-transformer/model_weights/gnm/gnm.pth,12.7,0.3,0.1872,0.3619,0.0685,3.86,,,gnm_closed_loop,0.2,0.187151,bringup_stage_goal_A,0.6371,True,0.3,0.187151,0.2,0.187151,True,armed,False,
gnm_closed_loop_20260708_043548,276,17.816668,1783481753.944497,2.107932,0.000464,-0.0,0.002665,0.2,0.181651,0.19987,-0.015072,camera_link,17.816668,gnm_closed_loop,,nominal,,True,ok,third_party/visualnav-transformer/model_weights/gnm/gnm.pth,12.83,0.3,0.1817,0.3738,0.0687,3.82,,,gnm_closed_loop,0.2,0.181651,bringup_stage_goal_A,0.635,True,0.3,0.181651,0.2,0.181651,True,armed,False,
gnm_closed_loop_20260708_043548,277,17.833334,1783481753.946664,2.111257,0.000473,-0.0,0.002682,0.2,0.181651,0.19987,-0.015072,camera_link,17.833334,gnm_closed_loop,,nominal,,True,ok,third_party/visualnav-transformer/model_weights/gnm/gnm.pth,12.83,0.3,0.1817,0.3738,0.0687,3.82,,,gnm_closed_loop,0.2,0.181651,bringup_stage_goal_A,0.633,True,0.3,0.181651,0.2,0.181651,True,armed,False,
gnm_closed_loop_20260708_043548,278,17.850001,1783481753.94904,2.114582,0.000481,-0.0,0.0027,0.2,0.181651,0.19987,-0.015072,camera_link,17.850001,gnm_closed_loop,,nominal,,True,ok,third_party/visualnav-transformer/model_weights/gnm/gnm.pth,12.83,0.3,0.1817,0.3738,0.0687,3.82,,,gnm_closed_loop,0.2,0.181651,bringup_stage_goal_A,0.6309,True,0.3,0.181651,0.2,0.181651,True,armed,False,
gnm_closed_loop_20260708_043548,279,17.866668,1783481753.986891,2.117906,0.00049,-0.0,0.002718,0.2,0.177152,0.199864,-0.014905,camera_link,17.866668,gnm_closed_loop,,nominal,,True,ok,third_party/visualnav-transformer/model_weights/gnm/gnm.pth,25.08,0.3,0.1772,0.3823,0.0684,3.81,,,gnm_closed_loop,0.2,0.177152,bringup_stage_goal_A,0.6289,True,0.3,0.177152,0.2,0.177152,True,armed,False,
gnm_closed_loop_20260708_043548,280,17.883334,1783481753.989285,2.121233,0.000498,1e-06,0.002725,0.2,0.177152,0.199864,-0.014905,camera_link,17.883334,gnm_closed_loop,,nominal,,True,ok,third_party/visualnav-transformer/model_weights/gnm/gnm.pth,25.08,0.3,0.1772,0.3823,0.0684,3.81,,,gnm_closed_loop,0.2,0.177152,bringup_stage_goal_A,0.6269,True,0.3,0.177152,0.2,0.177152,True,armed,False,
gnm_closed_loop_20260708_043548,281,17.900001,1783481753.99226,2.124557,0.000507,0.0,0.002742,0.2,0.177152,0.199864,-0.014905,camera_link,17.900001,gnm_closed_loop,,nominal,,True,ok,third_party/visualnav-transformer/model_weights/gnm/gnm.pth,25.08,0.3,0.1772,0.3823,0.0684,3.81,,,gnm_closed_loop,0.2,0.177152,bringup_stage_goal_A,0.6249,True,0.3,0.177152,0.2,0.177152,True,armed,False,
gnm_closed_loop_20260708_043548,282,17.916668,1783481754.01984,2.127882,0.000516,-0.0,0.002759,0.2,0.176335,0.199883,-0.014496,camera_link,17.916668,gnm_closed_loop,,nominal,,True,ok,third_party/visualnav-transformer/model_weights/gnm/gnm.pth,14.05,0.3,0.1763,0.3823,0.0681,3.8,,,gnm_closed_loop,0.2,0.176335,bringup_stage_goal_A,0.6229,True,0.3,0.176335,0.2,0.176335,True,armed,False,
gnm_closed_loop_20260708_043548,283,17.933334,1783481754.021778,2.131206,0.000524,-0.0,0.002777,0.2,0.176335,0.199883,-0.014496,camera_link,17.933334,gnm_closed_loop,,nominal,,True,ok,third_party/visualnav-transformer/model_weights/gnm/gnm.pth,14.05,0.3,0.1763,0.3823,0.0681,3.8,,,gnm_closed_loop,0.2,0.176335,bringup_stage_goal_A,0.6209,True,0.3,0.176335,0.2,0.176335,True,armed,False,
gnm_closed_loop_20260708_043548,284,17.950001,1783481754.023607,2.134528,0.000533,0.0,0.002789,0.2,0.176335,0.199883,-0.014496,camera_link,17.950001,gnm_closed_loop,,nominal,,True,ok,third_party/visualnav-transformer/model_weights/gnm/gnm.pth,14.05,0.3,0.1763,0.3823,0.0681,3.8,,,gnm_closed_loop,0.2,0.176335,bringup_stage_goal_A,0.6189,True,0.3,0.176335,0.2,0.176335,True,armed,False,
gnm_closed_loop_20260708_043548,285,17.966668,1783481754.047884,2.137847,0.000542,1e-06,0.002806,0.2,0.176018,0.198221,-0.008896,camera_link,17.966668,gnm_closed_loop,,nominal,,True,ok,third_party/visualnav-transformer/model_weights/gnm/gnm.pth,14.58,0.3,0.176,0.3788,0.0674,3.84,,,gnm_closed_loop,0.2,0.176018,bringup_stage_goal_A,0.6169,True,0.3,0.176018,0.2,0.176018,True,armed,False,
gnm_closed_loop_20260708_043548,286,17.983334,1783481754.050026,2.141165,0.000551,0.0,0.002817,0.2,0.176018,0.198221,-0.008896,camera_link,17.983334,gnm_closed_loop,,nominal,,True,ok,third_party/visualnav-transformer/model_weights/gnm/gnm.pth,14.58,0.3,0.176,0.3788,0.0674,3.84,,,gnm_closed_loop,0.2,0.176018,bringup_stage_goal_A,0.615,True,0.3,0.176018,0.2,0.176018,True,armed,False,
gnm_closed_loop_20260708_043548,287,18.000001,1783481754.051758,2.144488,0.00056,-0.0,0.002835,0.2,0.176018,0.198221,-0.008896,camera_link,18.000001,gnm_closed_loop,,nominal,,True,ok,third_party/visualnav-transformer/model_weights/gnm/gnm.pth,14.58,0.3,0.176,0.3788,0.0674,3.84,,,gnm_closed_loop,0.2,0.176018,bringup_stage_goal_A,0.613,True,0.3,0.176018,0.2,0.176018,True,armed,False,
gnm_closed_loop_20260708_043548,288,18.016668,1783481754.076763,2.147813,0.000569,-0.0,0.002852,0.2,0.17812,0.199884,-0.01421,camera_link,18.016668,gnm_closed_loop,,nominal,,True,ok,third_party/visualnav-transformer/model_weights/gnm/gnm.pth,15.06,0.3,0.1781,0.3753,0.0676,3.82,,,gnm_closed_loop,0.2,0.17812,bringup_stage_goal_A,0.6111,True,0.3,0.17812,0.2,0.17812,True,armed,False,
gnm_closed_loop_20260708_043548,289,18.033334,1783481754.079215,2.151138,0.000578,-0.0,0.00287,0.2,0.17812,0.199884,-0.01421,camera_link,18.033334,gnm_closed_loop,,nominal,,True,ok,third_party/visualnav-transformer/model_weights/gnm/gnm.pth,15.06,0.3,0.1781,0.3753,0.0676,3.82,,,gnm_closed_loop,0.2,0.17812,bringup_stage_goal_A,0.6092,True,0.3,0.17812,0.2,0.17812,True,armed,False,
gnm_closed_loop_20260708_043548,290,18.050001,1783481754.081333,2.154462,0.000587,-0.0,0.002887,0.2,0.17812,0.199884,-0.01421,camera_link,18.050001,gnm_closed_loop,,nominal,,True,ok,third_party/visualnav-transformer/model_weights/gnm/gnm.pth,15.06,0.3,0.1781,0.3753,0.0676,3.82,,,gnm_closed_loop,0.2,0.17812,bringup_stage_goal_A,0.6073,True,0.3,0.17812,0.2,0.17812,True,armed,False,
gnm_closed_loop_20260708_043548,291,18.066668,1783481754.103328,2.157788,0.000597,-0.0,0.002905,0.2,0.177253,0.199876,-0.014376,camera_link,18.066668,gnm_closed_loop,,nominal,,True,ok,third_party/visualnav-transformer/model_weights/gnm/gnm.pth,12.81,0.3,0.1773,0.3712,0.0665,3.84,,,gnm_closed_loop,0.2,0.177253,bringup_stage_goal_A,0.6054,True,0.3,0.177253,0.2,0.177253,True,armed,False,
gnm_closed_loop_20260708_043548,292,18.083334,1783481754.105336,2.16111,0.000606,0.0,0.00292,0.2,0.177253,0.199876,-0.014376,camera_link,18.083334,gnm_closed_loop,,nominal,,True,ok,third_party/visualnav-transformer/model_weights/gnm/gnm.pth,12.81,0.3,0.1773,0.3712,0.0665,3.84,,,gnm_closed_loop,0.2,0.177253,bringup_stage_goal_A,0.6035,True,0.3,0.177253,0.2,0.177253,True,armed,False,
gnm_closed_loop_20260708_043548,293,18.100001,1783481754.107284,2.164435,0.000616,-0.0,0.002937,0.2,0.177253,0.199876,-0.014376,camera_link,18.100001,gnm_closed_loop,,nominal,,True,ok,third_party/visualnav-transformer/model_weights/gnm/gnm.pth,12.81,0.3,0.1773,0.3712,0.0665,3.84,,,gnm_closed_loop,0.2,0.177253,bringup_stage_goal_A,0.6017,True,0.3,0.177253,0.2,0.177253,True,armed,False,
gnm_closed_loop_20260708_043548,294,18.116668,1783481754.129361,2.167761,0.000625,-0.0,0.002954,0.2,0.177461,0.200181,-0.01398,camera_link,18.116668,gnm_closed_loop,,nominal,,True,ok,third_party/visualnav-transformer/model_weights/gnm/gnm.pth,12.62,0.3,0.1775,0.3718,0.0667,3.81,,,gnm_closed_loop,0.2,0.177461,bringup_stage_goal_A,0.5998,True,0.3,0.177461,0.2,0.177461,True,armed,False,
gnm_closed_loop_20260708_043548,295,18.133334,1783481754.132584,2.171089,0.000634,-0.0,0.002971,0.2,0.177461,0.200181,-0.01398,camera_link,18.133334,gnm_closed_loop,,nominal,,True,ok,third_party/visualnav-transformer/model_weights/gnm/gnm.pth,12.62,0.3,0.1775,0.3718,0.0667,3.81,,,gnm_closed_loop,0.2,0.177461,bringup_stage_goal_A,0.598,True,0.3,0.177461,0.2,0.177461,True,armed,False,
gnm_closed_loop_20260708_043548,296,18.150001,1783481754.134947,2.174414,0.000644,-0.0,0.002988,0.2,0.177461,0.200181,-0.01398,camera_link,18.150001,gnm_closed_loop,,nominal,,True,ok,third_party/visualnav-transformer/model_weights/gnm/gnm.pth,12.62,0.3,0.1775,0.3718,0.0667,3.81,,,gnm_closed_loop,0.2,0.177461,bringup_stage_goal_A,0.5961,True,0.3,0.177461,0.2,0.177461,True,armed,False,
gnm_closed_loop_20260708_043548,297,18.166668,1783481754.157762,2.177739,0.000653,-0.0,0.003006,0.2,0.175125,0.199868,-0.01437,camera_link,18.166668,gnm_closed_loop,,nominal,,True,ok,third_party/visualnav-transformer/model_weights/gnm/gnm.pth,12.89,0.3,0.1751,0.3791,0.0671,3.8,,,gnm_closed_loop,0.2,0.175125,bringup_stage_goal_A,0.5943,True,0.3,0.175125,0.2,0.175125,True,armed,False,
gnm_closed_loop_20260708_043548,298,18.183334,1783481754.159857,2.181064,0.000663,-0.0,0.003023,0.2,0.175125,0.199868,-0.01437,camera_link,18.183334,gnm_closed_loop,,nominal,,True,ok,third_party/visualnav-transformer/model_weights/gnm/gnm.pth,12.89,0.3,0.1751,0.3791,0.0671,3.8,,,gnm_closed_loop,0.2,0.175125,bringup_stage_goal_A,0.5925,True,0.3,0.175125,0.2,0.175125,True,armed,False,
gnm_closed_loop_20260708_043548,299,18.200001,1783481754.161608,2.184389,0.000672,-0.0,0.00304,0.2,0.175125,0.199868,-0.01437,camera_link,18.200001,gnm_closed_loop,,nominal,,True,ok,third_party/visualnav-transformer/model_weights/gnm/gnm.pth,12.89,0.3,0.1751,0.3791,0.0671,3.8,,,gnm_closed_loop,0.2,0.175125,bringup_stage_goal_A,0.5907,True,0.3,0.175125,0.2,0.175125,True,armed,False,
gnm_closed_loop_20260708_043548,300,18.216668,1783481754.183192,2.187713,0.000682,-0.0,0.003057,0.2,0.171953,0.199856,-0.014386,camera_link,18.216668,gnm_closed_loop,,nominal,,True,ok,third_party/visualnav-transformer/model_weights/gnm/gnm.pth,12.88,0.3,0.172,0.3875,0.0673,3.77,,,gnm_closed_loop,0.2,0.171953,bringup_stage_goal_A,0.5889,True,0.3,0.171953,0.2,0.171953,True,armed,False,
gnm_closed_loop_20260708_043548,301,18.233334,1783481754.185243,2.191038,0.000692,-0.0,0.003074,0.2,0.171953,0.199856,-0.014386,camera_link,18.233334,gnm_closed_loop,,nominal,,True,ok,third_party/visualnav-transformer/model_weights/gnm/gnm.pth,12.88,0.3,0.172,0.3875,0.0673,3.77,,,gnm_closed_loop,0.2,0.171953,bringup_stage_goal_A,0.5872,True,0.3,0.171953,0.2,0.171953,True,armed,False,
gnm_closed_loop_20260708_043548,302,18.250001,1783481754.187266,2.194363,0.000702,-0.0,0.003091,0.2,0.171953,0.199856,-0.014386,camera_link,18.250001,gnm_closed_loop,,nominal,,True,ok,third_party/visualnav-transformer/model_weights/gnm/gnm.pth,12.88,0.3,0.172,0.3875,0.0673,3.77,,,gnm_closed_loop,0.2,0.171953,bringup_stage_goal_A,0.5854,True,0.3,0.171953,0.2,0.171953,True,armed,False,
gnm_closed_loop_20260708_043548,303,18.266668,1783481754.210052,2.197688,0.000712,-0.0,0.003108,0.2,0.170019,0.199865,-0.013882,camera_link,18.266668,gnm_closed_loop,,nominal,,True,ok,third_party/visualnav-transformer/model_weights/gnm/gnm.pth,13.23,0.3,0.17,0.3937,0.0676,3.7,,,gnm_closed_loop,0.2,0.170019,bringup_stage_goal_A,0.5837,True,0.3,0.170019,0.2,0.170019,True,armed,False,
gnm_closed_loop_20260708_043548,304,18.283334,1783481754.213463,2.201013,0.000721,-0.0,0.003124,0.2,0.170019,0.199865,-0.013882,camera_link,18.283334,gnm_closed_loop,,nominal,,True,ok,third_party/visualnav-transformer/model_weights/gnm/gnm.pth,13.23,0.3,0.17,0.3937,0.0676,3.7,,,gnm_closed_loop,0.2,0.170019,bringup_stage_goal_A,0.582,True,0.3,0.170019,0.2,0.170019,True,armed,False,
gnm_closed_loop_20260708_043548,305,18.300001,1783481754.215849,2.204338,0.000731,-0.0,0.003141,0.2,0.170019,0.199865,-0.013882,camera_link,18.300001,gnm_closed_loop,,nominal,,True,ok,third_party/visualnav-transformer/model_weights/gnm/gnm.pth,13.23,0.3,0.17,0.3937,0.0676,3.7,,,gnm_closed_loop,0.2,0.170019,bringup_stage_goal_A,0.5802,True,0.3,0.170019,0.2,0.170019,True,armed,False,
gnm_closed_loop_20260708_043548,306,18.316668,1783481754.240751,2.207663,0.000741,-0.0,0.003158,0.2,0.168852,0.199852,-0.013539,camera_link,18.316668,gnm_closed_loop,,nominal,,True,ok,third_party/visualnav-transformer/model_weights/gnm/gnm.pth,14.75,0.3,0.1689,0.4008,0.0683,3.64,,,gnm_closed_loop,0.2,0.168852,bringup_stage_goal_A,0.5786,True,0.3,0.168852,0.2,0.168852,True,armed,False,
gnm_closed_loop_20260708_043548,307,18.333334,1783481754.243169,2.210987,0.000752,-0.0,0.003174,0.2,0.168852,0.199852,-0.013539,camera_link,18.333334,gnm_closed_loop,,nominal,,True,ok,third_party/visualnav-transformer/model_weights/gnm/gnm.pth,14.75,0.3,0.1689,0.4008,0.0683,3.64,,,gnm_closed_loop,0.2,0.168852,bringup_stage_goal_A,0.5769,True,0.3,0.168852,0.2,0.168852,True,armed,False,
gnm_closed_loop_20260708_043548,308,18.350001,1783481754.246187,2.214312,0.000762,-0.0,0.003191,0.2,0.168852,0.199852,-0.013539,camera_link,18.350001,gnm_closed_loop,,nominal,,True,ok,third_party/visualnav-transformer/model_weights/gnm/gnm.pth,14.75,0.3,0.1689,0.4008,0.0683,3.64,,,gnm_closed_loop,0.2,0.168852,bringup_stage_goal_A,0.5752,True,0.3,0.168852,0.2,0.168852,True,armed,False,
gnm_closed_loop_20260708_043548,309,18.366668,1783481754.271404,2.217637,0.000772,-0.0,0.003208,0.2,0.166685,0.199861,-0.013271,camera_link,18.366668,gnm_closed_loop,,nominal,,True,ok,third_party/visualnav-transformer/model_weights/gnm/gnm.pth,12.99,0.3,0.1667,0.4118,0.0693,3.56,,,gnm_closed_loop,0.2,0.166685,bringup_stage_goal_A,0.5735,True,0.3,0.166685,0.2,0.166685,True,armed,False,
gnm_closed_loop_20260708_043548,310,18.383334,1783481754.274534,2.22096,0.000782,-0.0,0.003223,0.2,0.166685,0.199861,-0.013271,camera_link,18.383334,gnm_closed_loop,,nominal,,True,ok,third_party/visualnav-transformer/model_weights/gnm/gnm.pth,12.99,0.3,0.1667,0.4118,0.0693,3.56,,,gnm_closed_loop,0.2,0.166685,bringup_stage_goal_A,0.5719,True,0.3,0.166685,0.2,0.166685,True,armed,False,
gnm_closed_loop_20260708_043548,311,18.400001,1783481754.276232,2.224288,0.000793,-0.0,0.003239,0.2,0.166685,0.199861,-0.013271,camera_link,18.400001,gnm_closed_loop,,nominal,,True,ok,third_party/visualnav-transformer/model_weights/gnm/gnm.pth,12.99,0.3,0.1667,0.4118,0.0693,3.56,,,gnm_closed_loop,0.2,0.166685,bringup_stage_goal_A,0.5703,True,0.3,0.166685,0.2,0.166685,True,armed,False,
gnm_closed_loop_20260708_043548,312,18.416668,1783481754.300006,2.227612,0.000803,-0.0,0.003256,0.2,0.16467,0.199869,-0.013098,camera_link,18.416668,gnm_closed_loop,,nominal,,True,ok,third_party/visualnav-transformer/model_weights/gnm/gnm.pth,14.07,0.3,0.1647,0.4246,0.0706,3.46,,,gnm_closed_loop,0.2,0.16467,bringup_stage_goal_A,0.5687,True,0.3,0.16467,0.2,0.16467,True,armed,False,
gnm_closed_loop_20260708_043548,313,18.433334,1783481754.302102,2.230937,0.000813,-0.0,0.003272,0.2,0.16467,0.199869,-0.013098,camera_link,18.433334,gnm_closed_loop,,nominal,,True,ok,third_party/visualnav-transformer/model_weights/gnm/gnm.pth,14.07,0.3,0.1647,0.4246,0.0706,3.46,,,gnm_closed_loop,0.2,0.16467,bringup_stage_goal_A,0.5671,True,0.3,0.16467,0.2,0.16467,True,armed,False,
gnm_closed_loop_20260708_043548,314,18.450001,1783481754.30386,2.234262,0.000824,-0.0,0.003288,0.2,0.16467,0.199869,-0.013098,camera_link,18.450001,gnm_closed_loop,,nominal,,True,ok,third_party/visualnav-transformer/model_weights/gnm/gnm.pth,14.07,0.3,0.1647,0.4246,0.0706,3.46,,,gnm_closed_loop,0.2,0.16467,bringup_stage_goal_A,0.5655,True,0.3,0.16467,0.2,0.16467,True,armed,False,
gnm_closed_loop_20260708_043548,315,18.466668,1783481754.326962,2.237587,0.000834,-0.0,0.003304,0.2,0.16347,0.199848,-0.013009,camera_link,18.466668,gnm_closed_loop,,nominal,,True,ok,third_party/visualnav-transformer/model_weights/gnm/gnm.pth,12.8,0.3,0.1635,0.4327,0.0714,3.43,,,gnm_closed_loop,0.2,0.16347,bringup_stage_goal_A,0.5639,True,0.3,0.16347,0.2,0.16347,True,armed,False,
gnm_closed_loop_20260708_043548,316,18.483334,1783481754.330319,2.240912,0.000845,-0.0,0.00332,0.2,0.16347,0.199848,-0.013009,camera_link,18.483334,gnm_closed_loop,,nominal,,True,ok,third_party/visualnav-transformer/model_weights/gnm/gnm.pth,12.8,0.3,0.1635,0.4327,0.0714,3.43,,,gnm_closed_loop,0.2,0.16347,bringup_stage_goal_A,0.5624,True,0.3,0.16347,0.2,0.16347,True,armed,False,
gnm_closed_loop_20260708_043548,317,18.500001,1783481754.333147,2.244237,0.000856,-0.0,0.003336,0.2,0.16347,0.199848,-0.013009,camera_link,18.500001,gnm_closed_loop,,nominal,,True,ok,third_party/visualnav-transformer/model_weights/gnm/gnm.pth,12.8,0.3,0.1635,0.4327,0.0714,3.43,,,gnm_closed_loop,0.2,0.16347,bringup_stage_goal_A,0.5609,True,0.3,0.16347,0.2,0.16347,True,armed,False,
gnm_closed_loop_20260708_043548,318,18.516668,1783481754.355993,2.247562,0.000866,-0.0,0.003352,0.2,0.16169,0.199877,-0.013341,camera_link,18.516668,gnm_closed_loop,,nominal,,True,ok,third_party/visualnav-transformer/model_weights/gnm/gnm.pth,13.61,0.3,0.1617,0.4433,0.0723,3.36,,,gnm_closed_loop,0.2,0.16169,bringup_stage_goal_A,0.5593,True,0.3,0.16169,0.2,0.16169,True,armed,False,
gnm_closed_loop_20260708_043548,319,18.533334,1783481754.359207,2.250887,0.000877,-0.0,0.003368,0.2,0.16169,0.199877,-0.013341,camera_link,18.533334,gnm_closed_loop,,nominal,,True,ok,third_party/visualnav-transformer/model_weights/gnm/gnm.pth,13.61,0.3,0.1617,0.4433,0.0723,3.36,,,gnm_closed_loop,0.2,0.16169,bringup_stage_goal_A,0.5578,True,0.3,0.16169,0.2,0.16169,True,armed,False,
gnm_closed_loop_20260708_043548,320,18.550001,1783481754.361994,2.254211,0.000888,-0.0,0.003384,0.2,0.16169,0.199877,-0.013341,camera_link,18.550001,gnm_closed_loop,,nominal,,True,ok,third_party/visualnav-transformer/model_weights/gnm/gnm.pth,13.61,0.3,0.1617,0.4433,0.0723,3.36,,,gnm_closed_loop,0.2,0.16169,bringup_stage_goal_A,0.5563,True,0.3,0.16169,0.2,0.16169,True,armed,False,
gnm_closed_loop_20260708_043548,321,18.566668,1783481754.385713,2.257536,0.000899,-0.0,0.0034,0.2,0.160047,0.199876,-0.013009,camera_link,18.566668,gnm_closed_loop,,nominal,,True,ok,third_party/visualnav-transformer/model_weights/gnm/gnm.pth,14.78,0.3,0.16,0.4519,0.073,3.3,,,gnm_closed_loop,0.2,0.160047,bringup_stage_goal_A,0.5549,True,0.3,0.160047,0.2,0.160047,True,armed,False,
gnm_closed_loop_20260708_043548,322,18.583334,1783481754.387861,2.260864,0.00091,-0.0,0.003416,0.2,0.160047,0.199876,-0.013009,camera_link,18.583334,gnm_closed_loop,,nominal,,True,ok,third_party/visualnav-transformer/model_weights/gnm/gnm.pth,14.78,0.3,0.16,0.4519,0.073,3.3,,,gnm_closed_loop,0.2,0.160047,bringup_stage_goal_A,0.5534,True,0.3,0.160047,0.2,0.160047,True,armed,False,
gnm_closed_loop_20260708_043548,323,18.600001,1783481754.389644,2.264188,0.00092,-0.0,0.003432,0.2,0.160047,0.199876,-0.013009,camera_link,18.600001,gnm_closed_loop,,nominal,,True,ok,third_party/visualnav-transformer/model_weights/gnm/gnm.pth,14.78,0.3,0.16,0.4519,0.073,3.3,,,gnm_closed_loop,0.2,0.160047,bringup_stage_goal_A,0.552,True,0.3,0.160047,0.2,0.160047,True,armed,False,
gnm_closed_loop_20260708_043548,324,18.616668,1783481754.411616,2.267513,0.000932,-0.0,0.003448,0.2,0.157134,0.199874,-0.012685,camera_link,18.616668,gnm_closed_loop,,nominal,,True,ok,third_party/visualnav-transformer/model_weights/gnm/gnm.pth,13.08,0.3,0.1571,0.4619,0.0732,3.23,,,gnm_closed_loop,0.2,0.157134,bringup_stage_goal_A,0.5506,True,0.3,0.157134,0.2,0.157134,True,armed,False,
gnm_closed_loop_20260708_043548,325,18.633334,1783481754.413985,2.270838,0.000943,-0.0,0.003463,0.2,0.157134,0.199874,-0.012685,camera_link,18.633334,gnm_closed_loop,,nominal,,True,ok,third_party/visualnav-transformer/model_weights/gnm/gnm.pth,13.08,0.3,0.1571,0.4619,0.0732,3.23,,,gnm_closed_loop,0.2,0.157134,bringup_stage_goal_A,0.5492,True,0.3,0.157134,0.2,0.157134,True,armed,False,
gnm_closed_loop_20260708_043548,326,18.650001,1783481754.41581,2.274163,0.000954,-0.0,0.003478,0.2,0.157134,0.199874,-0.012685,camera_link,18.650001,gnm_closed_loop,,nominal,,True,ok,third_party/visualnav-transformer/model_weights/gnm/gnm.pth,13.08,0.3,0.1571,0.4619,0.0732,3.23,,,gnm_closed_loop,0.2,0.157134,bringup_stage_goal_A,0.5478,True,0.3,0.157134,0.2,0.157134,True,armed,False,
gnm_closed_loop_20260708_043548,327,18.666668,1783481754.438387,2.277488,0.000965,-0.0,0.003494,0.2,0.155874,0.199866,-0.012769,camera_link,18.666668,gnm_closed_loop,,nominal,,True,ok,third_party/visualnav-transformer/model_weights/gnm/gnm.pth,12.86,0.3,0.1559,0.4615,0.0725,3.2,,,gnm_closed_loop,0.2,0.155874,bringup_stage_goal_A,0.5464,True,0.3,0.155874,0.2,0.155874,True,armed,False,
gnm_closed_loop_20260708_043548,328,18.683334,1783481754.440404,2.280812,0.000976,-0.0,0.00351,0.2,0.155874,0.199866,-0.012769,camera_link,18.683334,gnm_closed_loop,,nominal,,True,ok,third_party/visualnav-transformer/model_weights/gnm/gnm.pth,12.86,0.3,0.1559,0.4615,0.0725,3.2,,,gnm_closed_loop,0.2,0.155874,bringup_stage_goal_A,0.545,True,0.3,0.155874,0.2,0.155874,True,armed,False,
gnm_closed_loop_20260708_043548,329,18.700001,1783481754.442122,2.284137,0.000987,-0.0,0.003525,0.2,0.155874,0.199866,-0.012769,camera_link,18.700001,gnm_closed_loop,,nominal,,True,ok,third_party/visualnav-transformer/model_weights/gnm/gnm.pth,12.86,0.3,0.1559,0.4615,0.0725,3.2,,,gnm_closed_loop,0.2,0.155874,bringup_stage_goal_A,0.5437,True,0.3,0.155874,0.2,0.155874,True,armed,False,
gnm_closed_loop_20260708_043548,330,18.716668,1783481754.46651,2.287462,0.000999,-0.0,0.00354,0.2,0.158014,0.199861,-0.012414,camera_link,18.716668,gnm_closed_loop,,nominal,,True,ok,third_party/visualnav-transformer/model_weights/gnm/gnm.pth,13.02,0.3,0.158,0.4521,0.072,3.21,,,gnm_closed_loop,0.2,0.158014,bringup_stage_goal_A,0.5424,True,0.3,0.158014,0.2,0.158014,True,armed,False,
gnm_closed_loop_20260708_043548,331,18.733334,1783481754.469037,2.290787,0.00101,-0.0,0.003556,0.2,0.158014,0.199861,-0.012414,camera_link,18.733334,gnm_closed_loop,,nominal,,True,ok,third_party/visualnav-transformer/model_weights/gnm/gnm.pth,13.02,0.3,0.158,0.4521,0.072,3.21,,,gnm_closed_loop,0.2,0.158014,bringup_stage_goal_A,0.5411,True,0.3,0.158014,0.2,0.158014,True,armed,False,
gnm_closed_loop_20260708_043548,332,18.750001,1783481754.470951,2.294112,0.001022,-0.0,0.003571,0.2,0.158014,0.199861,-0.012414,camera_link,18.750001,gnm_closed_loop,,nominal,,True,ok,third_party/visualnav-transformer/model_weights/gnm/gnm.pth,13.02,0.3,0.158,0.4521,0.072,3.21,,,gnm_closed_loop,0.2,0.158014,bringup_stage_goal_A,0.5398,True,0.3,0.158014,0.2,0.158014,True,armed,False,
gnm_closed_loop_20260708_043548,333,18.766668,1783481754.49307,2.297437,0.001033,-0.0,0.003587,0.2,0.161494,0.199848,-0.013006,camera_link,18.766668,gnm_closed_loop,,nominal,,True,ok,third_party/visualnav-transformer/model_weights/gnm/gnm.pth,12.9,0.3,0.1615,0.4357,0.071,3.27,,,gnm_closed_loop,0.2,0.161494,bringup_stage_goal_A,0.5385,True,0.3,0.161494,0.2,0.161494,True,armed,False,
gnm_closed_loop_20260708_043548,334,18.783334,1783481754.496606,2.300762,0.001045,-0.0,0.003603,0.2,0.161494,0.199848,-0.013006,camera_link,18.783334,gnm_closed_loop,,nominal,,True,ok,third_party/visualnav-transformer/model_weights/gnm/gnm.pth,12.9,0.3,0.1615,0.4357,0.071,3.27,,,gnm_closed_loop,0.2,0.161494,bringup_stage_goal_A,0.5373,True,0.3,0.161494,0.2,0.161494,True,armed,False,
gnm_closed_loop_20260708_043548,335,18.800001,1783481754.498768,2.304086,0.001056,-0.0,0.003619,0.2,0.161494,0.199848,-0.013006,camera_link,18.800001,gnm_closed_loop,,nominal,,True,ok,third_party/visualnav-transformer/model_weights/gnm/gnm.pth,12.9,0.3,0.1615,0.4357,0.071,3.27,,,gnm_closed_loop,0.2,0.161494,bringup_stage_goal_A,0.536,True,0.3,0.161494,0.2,0.161494,True,armed,False,
gnm_closed_loop_20260708_043548,336,18.816668,1783481754.525252,2.307411,0.001068,-0.0,0.003634,0.2,0.164688,0.199872,-0.012962,camera_link,18.816668,gnm_closed_loop,,nominal,,True,ok,third_party/visualnav-transformer/model_weights/gnm/gnm.pth,14.82,0.3,0.1647,0.4183,0.0695,3.36,,,gnm_closed_loop,0.2,0.164688,bringup_stage_goal_A,0.5348,True,0.3,0.164688,0.2,0.164688,True,armed,False,
gnm_closed_loop_20260708_043548,337,18.833334,1783481754.527745,2.310736,0.00108,-0.0,0.00365,0.2,0.164688,0.199872,-0.012962,camera_link,18.833334,gnm_closed_loop,,nominal,,True,ok,third_party/visualnav-transformer/model_weights/gnm/gnm.pth,14.82,0.3,0.1647,0.4183,0.0695,3.36,,,gnm_closed_loop,0.2,0.164688,bringup_stage_goal_A,0.5336,True,0.3,0.164688,0.2,0.164688,True,armed,False,
gnm_closed_loop_20260708_043548,338,18.850001,1783481754.529593,2.314061,0.001091,-0.0,0.003667,0.2,0.164688,0.199872,-0.012962,camera_link,18.850001,gnm_closed_loop,,nominal,,True,ok,third_party/visualnav-transformer/model_weights/gnm/gnm.pth,14.82,0.3,0.1647,0.4183,0.0695,3.36,,,gnm_closed_loop,0.2,0.164688,bringup_stage_goal_A,0.5324,True,0.3,0.164688,0.2,0.164688,True,armed,False,
gnm_closed_loop_20260708_043548,339,18.866668,1783481754.55391,2.317387,0.001103,-0.0,0.003683,0.2,0.166421,0.199862,-0.013461,camera_link,18.866668,gnm_closed_loop,,nominal,,True,ok,third_party/visualnav-transformer/model_weights/gnm/gnm.pth,13.61,0.3,0.1664,0.406,0.0682,3.48,,,gnm_closed_loop,0.2,0.166421,bringup_stage_goal_A,0.5313,True,0.3,0.166421,0.2,0.166421,True,armed,False,
gnm_closed_loop_20260708_043548,340,18.883334,1783481754.556128,2.320712,0.001115,-0.0,0.003699,0.2,0.166421,0.199862,-0.013461,camera_link,18.883334,gnm_closed_loop,,nominal,,True,ok,third_party/visualnav-transformer/model_weights/gnm/gnm.pth,13.61,0.3,0.1664,0.406,0.0682,3.48,,,gnm_closed_loop,0.2,0.166421,bringup_stage_goal_A,0.5301,True,0.3,0.166421,0.2,0.166421,True,armed,False,
gnm_closed_loop_20260708_043548,341,18.900001,1783481754.557843,2.324039,0.001126,0.0,0.003715,0.2,0.166421,0.199862,-0.013461,camera_link,18.900001,gnm_closed_loop,,nominal,,True,ok,third_party/visualnav-transformer/model_weights/gnm/gnm.pth,13.61,0.3,0.1664,0.406,0.0682,3.48,,,gnm_closed_loop,0.2,0.166421,bringup_stage_goal_A,0.529,True,0.3,0.166421,0.2,0.166421,True,armed,False,
gnm_closed_loop_20260708_043548,342,18.916668,1783481754.581088,2.327362,0.001138,-0.0,0.003731,0.2,0.169929,0.199858,-0.013402,camera_link,18.916668,gnm_closed_loop,,nominal,,True,ok,third_party/visualnav-transformer/model_weights/gnm/gnm.pth,12.82,0.3,0.1699,0.3977,0.0682,3.53,,,gnm_closed_loop,0.2,0.169929,bringup_stage_goal_A,0.5279,True,0.3,0.169929,0.2,0.169929,True,armed,False,
gnm_closed_loop_20260708_043548,343,18.933334,1783481754.583524,2.330687,0.00115,-0.0,0.003748,0.2,0.169929,0.199858,-0.013402,camera_link,18.933334,gnm_closed_loop,,nominal,,True,ok,third_party/visualnav-transformer/model_weights/gnm/gnm.pth,12.82,0.3,0.1699,0.3977,0.0682,3.53,,,gnm_closed_loop,0.2,0.169929,bringup_stage_goal_A,0.5268,True,0.3,0.169929,0.2,0.169929,True,armed,False,
gnm_closed_loop_20260708_043548,344,18.950001,1783481754.585307,2.334012,0.001162,-0.0,0.003764,0.2,0.169929,0.199858,-0.013402,camera_link,18.950001,gnm_closed_loop,,nominal,,True,ok,third_party/visualnav-transformer/model_weights/gnm/gnm.pth,12.82,0.3,0.1699,0.3977,0.0682,3.53,,,gnm_closed_loop,0.2,0.169929,bringup_stage_goal_A,0.5257,True,0.3,0.169929,0.2,0.169929,True,armed,False,
gnm_closed_loop_20260708_043548,345,18.966668,1783481754.607483,2.337337,0.001175,-0.0,0.003781,0.2,0.17261,0.199857,-0.013867,camera_link,18.966668,gnm_closed_loop,,nominal,,True,ok,third_party/visualnav-transformer/model_weights/gnm/gnm.pth,12.68,0.3,0.1726,0.3898,0.068,3.58,,,gnm_closed_loop,0.2,0.17261,bringup_stage_goal_A,0.5247,True,0.3,0.17261,0.2,0.17261,True,armed,False,
gnm_closed_loop_20260708_043548,346,18.983334,1783481754.609537,2.340661,0.001187,-0.0,0.003798,0.2,0.17261,0.199857,-0.013867,camera_link,18.983334,gnm_closed_loop,,nominal,,True,ok,third_party/visualnav-transformer/model_weights/gnm/gnm.pth,12.68,0.3,0.1726,0.3898,0.068,3.58,,,gnm_closed_loop,0.2,0.17261,bringup_stage_goal_A,0.5236,True,0.3,0.17261,0.2,0.17261,True,armed,False,
gnm_closed_loop_20260708_043548,347,19.000001,1783481754.612311,2.343986,0.001199,-0.0,0.003815,0.2,0.17261,0.199857,-0.013867,camera_link,19.000001,gnm_closed_loop,,nominal,,True,ok,third_party/visualnav-transformer/model_weights/gnm/gnm.pth,12.68,0.3,0.1726,0.3898,0.068,3.58,,,gnm_closed_loop,0.2,0.17261,bringup_stage_goal_A,0.5226,True,0.3,0.17261,0.2,0.17261,True,armed,False,
gnm_closed_loop_20260708_043548,348,19.016668,1783481754.643726,2.34731,0.001211,-0.0,0.003832,0.2,0.175785,0.199855,-0.013721,camera_link,19.016668,gnm_closed_loop,,nominal,,True,ok,third_party/visualnav-transformer/model_weights/gnm/gnm.pth,19.18,0.3,0.1758,0.3862,0.0686,3.57,,,gnm_closed_loop,0.2,0.175785,bringup_stage_goal_A,0.5216,True,0.3,0.175785,0.2,0.175785,True,armed,False,
gnm_closed_loop_20260708_043548,349,19.033334,1783481754.646888,2.350635,0.001224,-0.0,0.003849,0.2,0.175785,0.199855,-0.013721,camera_link,19.033334,gnm_closed_loop,,nominal,,True,ok,third_party/visualnav-transformer/model_weights/gnm/gnm.pth,19.18,0.3,0.1758,0.3862,0.0686,3.57,,,gnm_closed_loop,0.2,0.175785,bringup_stage_goal_A,0.5207,True,0.3,0.175785,0.2,0.175785,True,armed,False,
gnm_closed_loop_20260708_043548,350,19.050001,1783481754.649716,2.353958,0.001236,-0.0,0.003866,0.2,0.175785,0.199855,-0.013721,camera_link,19.050001,gnm_closed_loop,,nominal,,True,ok,third_party/visualnav-transformer/model_weights/gnm/gnm.pth,19.18,0.3,0.1758,0.3862,0.0686,3.57,,,gnm_closed_loop,0.2,0.175785,bringup_stage_goal_A,0.5197,True,0.3,0.175785,0.2,0.175785,True,armed,False,
gnm_closed_loop_20260708_043548,351,19.066668,1783481754.690012,2.357286,0.001248,-0.0,0.003883,0.2,0.174448,0.199912,-0.014146,camera_link,19.066668,gnm_closed_loop,,nominal,,True,ok,third_party/visualnav-transformer/model_weights/gnm/gnm.pth,19.08,0.3,0.1744,0.3937,0.0694,3.55,,,gnm_closed_loop,0.2,0.174448,bringup_stage_goal_A,0.5188,True,0.3,0.174448,0.2,0.174448,True,armed,False,
gnm_closed_loop_20260708_043548,352,19.083334,1783481754.692534,2.360611,0.001261,-0.0,0.003901,0.2,0.174448,0.199912,-0.014146,camera_link,19.083334,gnm_closed_loop,,nominal,,True,ok,third_party/visualnav-transformer/model_weights/gnm/gnm.pth,19.08,0.3,0.1744,0.3937,0.0694,3.55,,,gnm_closed_loop,0.2,0.174448,bringup_stage_goal_A,0.5179,True,0.3,0.174448,0.2,0.174448,True,armed,False,
gnm_closed_loop_20260708_043548,353,19.100001,1783481754.695339,2.363936,0.001273,-0.0,0.003918,0.2,0.174448,0.199912,-0.014146,camera_link,19.100001,gnm_closed_loop,,nominal,,True,ok,third_party/visualnav-transformer/model_weights/gnm/gnm.pth,19.08,0.3,0.1744,0.3937,0.0694,3.55,,,gnm_closed_loop,0.2,0.174448,bringup_stage_goal_A,0.517,True,0.3,0.174448,0.2,0.174448,True,armed,False,
gnm_closed_loop_20260708_043548,354,19.116668,1783481754.721981,2.367261,0.001286,-0.0,0.003935,0.2,0.175043,0.199877,-0.014447,camera_link,19.116668,gnm_closed_loop,,nominal,,True,ok,third_party/visualnav-transformer/model_weights/gnm/gnm.pth,15.78,0.3,0.175,0.3994,0.0706,3.41,,,gnm_closed_loop,0.2,0.175043,bringup_stage_goal_A,0.5161,True,0.3,0.175043,0.2,0.175043,True,armed,False,
gnm_closed_loop_20260708_043548,355,19.133334,1783481754.724394,2.370585,0.001299,-0.0,0.003952,0.2,0.175043,0.199877,-0.014447,camera_link,19.133334,gnm_closed_loop,,nominal,,True,ok,third_party/visualnav-transformer/model_weights/gnm/gnm.pth,15.78,0.3,0.175,0.3994,0.0706,3.41,,,gnm_closed_loop,0.2,0.175043,bringup_stage_goal_A,0.5152,True,0.3,0.175043,0.2,0.175043,True,armed,False,
gnm_closed_loop_20260708_043548,356,19.150001,1783481754.726181,2.373911,0.001311,-0.0,0.003969,0.2,0.175043,0.199877,-0.014447,camera_link,19.150001,gnm_closed_loop,,nominal,,True,ok,third_party/visualnav-transformer/model_weights/gnm/gnm.pth,15.78,0.3,0.175,0.3994,0.0706,3.41,,,gnm_closed_loop,0.2,0.175043,bringup_stage_goal_A,0.5144,True,0.3,0.175043,0.2,0.175043,True,armed,False,
gnm_closed_loop_20260708_043548,357,19.166668,1783481754.749925,2.377235,0.001324,-0.0,0.003986,0.2,0.1763,0.19984,-0.014195,camera_link,19.166668,gnm_closed_loop,,nominal,,True,ok,third_party/visualnav-transformer/model_weights/gnm/gnm.pth,13.43,0.3,0.1763,0.3938,0.0702,3.41,,,gnm_closed_loop,0.2,0.1763,bringup_stage_goal_A,0.5136,True,0.3,0.1763,0.2,0.1763,True,armed,False,
gnm_closed_loop_20260708_043548,358,19.183334,1783481754.75203,2.380559,0.001337,-0.0,0.004004,0.2,0.1763,0.19984,-0.014195,camera_link,19.183334,gnm_closed_loop,,nominal,,True,ok,third_party/visualnav-transformer/model_weights/gnm/gnm.pth,13.43,0.3,0.1763,0.3938,0.0702,3.41,,,gnm_closed_loop,0.2,0.1763,bringup_stage_goal_A,0.5128,True,0.3,0.1763,0.2,0.1763,True,armed,False,
gnm_closed_loop_20260708_043548,359,19.200001,1783481754.754762,2.383884,0.00135,-0.0,0.004021,0.2,0.1763,0.19984,-0.014195,camera_link,19.200001,gnm_closed_loop,,nominal,,True,ok,third_party/visualnav-transformer/model_weights/gnm/gnm.pth,13.43,0.3,0.1763,0.3938,0.0702,3.41,,,gnm_closed_loop,0.2,0.1763,bringup_stage_goal_A,0.512,True,0.3,0.1763,0.2,0.1763,True,armed,False,
gnm_closed_loop_20260708_043548,360,19.216668,1783481754.782542,2.38721,0.001363,-0.0,0.004039,0.2,0.177028,0.199856,-0.014177,camera_link,19.216668,gnm_closed_loop,,nominal,,True,ok,third_party/visualnav-transformer/model_weights/gnm/gnm.pth,16.74,0.3,0.177,0.3934,0.0704,3.38,,,gnm_closed_loop,0.2,0.177028,bringup_stage_goal_A,0.5112,True,0.3,0.177028,0.2,0.177028,True,armed,False,
gnm_closed_loop_20260708_043548,361,19.233334,1783481754.785142,2.390535,0.001376,-0.0,0.004056,0.2,0.177028,0.199856,-0.014177,camera_link,19.233334,gnm_closed_loop,,nominal,,True,ok,third_party/visualnav-transformer/model_weights/gnm/gnm.pth,16.74,0.3,0.177,0.3934,0.0704,3.38,,,gnm_closed_loop,0.2,0.177028,bringup_stage_goal_A,0.5105,True,0.3,0.177028,0.2,0.177028,True,armed,False,
gnm_closed_loop_20260708_043548,362,19.250001,1783481754.786916,2.39386,0.001389,-0.0,0.004073,0.2,0.177028,0.199856,-0.014177,camera_link,19.250001,gnm_closed_loop,,nominal,,True,ok,third_party/visualnav-transformer/model_weights/gnm/gnm.pth,16.74,0.3,0.177,0.3934,0.0704,3.38,,,gnm_closed_loop,0.2,0.177028,bringup_stage_goal_A,0.5098,True,0.3,0.177028,0.2,0.177028,True,armed,False,
gnm_closed_loop_20260708_043548,363,19.266668,1783481754.810014,2.397184,0.001402,-0.0,0.004091,0.2,0.175661,0.199867,-0.014615,camera_link,19.266668,gnm_closed_loop,,nominal,,True,ok,third_party/visualnav-transformer/model_weights/gnm/gnm.pth,13.96,0.3,0.1757,0.3991,0.0708,3.35,,,gnm_closed_loop,0.2,0.175661,bringup_stage_goal_A,0.5091,True,0.3,0.175661,0.2,0.175661,True,armed,False,
gnm_closed_loop_20260708_043548,364,19.283334,1783481754.813292,2.400509,0.001415,-0.0,0.004108,0.2,0.175661,0.199867,-0.014615,camera_link,19.283334,gnm_closed_loop,,nominal,,True,ok,third_party/visualnav-transformer/model_weights/gnm/gnm.pth,13.96,0.3,0.1757,0.3991,0.0708,3.35,,,gnm_closed_loop,0.2,0.175661,bringup_stage_goal_A,0.5084,True,0.3,0.175661,0.2,0.175661,True,armed,False,
gnm_closed_loop_20260708_043548,365,19.300001,1783481754.81532,2.403834,0.001428,-0.0,0.004125,0.2,0.175661,0.199867,-0.014615,camera_link,19.300001,gnm_closed_loop,,nominal,,True,ok,third_party/visualnav-transformer/model_weights/gnm/gnm.pth,13.96,0.3,0.1757,0.3991,0.0708,3.35,,,gnm_closed_loop,0.2,0.175661,bringup_stage_goal_A,0.5078,True,0.3,0.175661,0.2,0.175661,True,armed,False,
gnm_closed_loop_20260708_043548,366,19.316668,1783481754.837012,2.407159,0.001442,-0.0,0.004143,0.2,0.175141,0.199865,-0.014461,camera_link,19.316668,gnm_closed_loop,,nominal,,True,ok,third_party/visualnav-transformer/model_weights/gnm/gnm.pth,12.73,0.3,0.1751,0.4013,0.071,3.32,,,gnm_closed_loop,0.2,0.175141,bringup_stage_goal_A,0.5071,True,0.3,0.175141,0.2,0.175141,True,armed,False,
gnm_closed_loop_20260708_043548,367,19.333334,1783481754.839456,2.410484,0.001455,-0.0,0.00416,0.2,0.175141,0.199865,-0.014461,camera_link,19.333334,gnm_closed_loop,,nominal,,True,ok,third_party/visualnav-transformer/model_weights/gnm/gnm.pth,12.73,0.3,0.1751,0.4013,0.071,3.32,,,gnm_closed_loop,0.2,0.175141,bringup_stage_goal_A,0.5065,True,0.3,0.175141,0.2,0.175141,True,armed,False,
gnm_closed_loop_20260708_043548,368,19.350001,1783481754.841325,2.413808,0.001468,-0.0,0.004177,0.2,0.175141,0.199865,-0.014461,camera_link,19.350001,gnm_closed_loop,,nominal,,True,ok,third_party/visualnav-transformer/model_weights/gnm/gnm.pth,12.73,0.3,0.1751,0.4013,0.071,3.32,,,gnm_closed_loop,0.2,0.175141,bringup_stage_goal_A,0.5059,True,0.3,0.175141,0.2,0.175141,True,armed,False,
gnm_closed_loop_20260708_043548,369,19.366668,1783481754.87247,2.417133,0.001482,-0.0,0.004195,0.2,0.173673,0.199865,-0.014455,camera_link,19.366668,gnm_closed_loop,,nominal,,True,ok,third_party/visualnav-transformer/model_weights/gnm/gnm.pth,18.7,0.3,0.1737,0.4052,0.0711,3.32,,,gnm_closed_loop,0.2,0.173673,bringup_stage_goal_A,0.5054,True,0.3,0.173673,0.2,0.173673,True,armed,False,
gnm_closed_loop_20260708_043548,370,19.383334,1783481754.875263,2.420458,0.001495,-0.0,0.004212,0.2,0.173673,0.199865,-0.014455,camera_link,19.383334,gnm_closed_loop,,nominal,,True,ok,third_party/visualnav-transformer/model_weights/gnm/gnm.pth,18.7,0.3,0.1737,0.4052,0.0711,3.32,,,gnm_closed_loop,0.2,0.173673,bringup_stage_goal_A,0.5048,True,0.3,0.173673,0.2,0.173673,True,armed,False,
gnm_closed_loop_20260708_043548,371,19.400001,1783481754.879106,2.423783,0.001509,-0.0,0.004229,0.2,0.173673,0.199865,-0.014455,camera_link,19.400001,gnm_closed_loop,,nominal,,True,ok,third_party/visualnav-transformer/model_weights/gnm/gnm.pth,18.7,0.3,0.1737,0.4052,0.0711,3.32,,,gnm_closed_loop,0.2,0.173673,bringup_stage_goal_A,0.5043,True,0.3,0.173673,0.2,0.173673,True,armed,False,
gnm_closed_loop_20260708_043548,372,19.416668,1783481754.924132,2.427108,0.001523,-0.0,0.004246,0.2,0.172096,0.199866,-0.014119,camera_link,19.416668,gnm_closed_loop,,nominal,,True,ok,third_party/visualnav-transformer/model_weights/gnm/gnm.pth,23.47,0.3,0.1721,0.4099,0.0712,3.32,,,gnm_closed_loop,0.2,0.172096,bringup_stage_goal_A,0.5038,True,0.3,0.172096,0.2,0.172096,True,armed,False,
gnm_closed_loop_20260708_043548,373,19.433334,1783481754.927362,2.430433,0.001536,-0.0,0.004263,0.2,0.172096,0.199866,-0.014119,camera_link,19.433334,gnm_closed_loop,,nominal,,True,ok,third_party/visualnav-transformer/model_weights/gnm/gnm.pth,23.47,0.3,0.1721,0.4099,0.0712,3.32,,,gnm_closed_loop,0.2,0.172096,bringup_stage_goal_A,0.5033,True,0.3,0.172096,0.2,0.172096,True,armed,False,
gnm_closed_loop_20260708_043548,374,19.450001,1783481754.929129,2.433757,0.00155,-0.0,0.00428,0.2,0.172096,0.199866,-0.014119,camera_link,19.450001,gnm_closed_loop,,nominal,,True,ok,third_party/visualnav-transformer/model_weights/gnm/gnm.pth,23.47,0.3,0.1721,0.4099,0.0712,3.32,,,gnm_closed_loop,0.2,0.172096,bringup_stage_goal_A,0.5028,True,0.3,0.172096,0.2,0.172096,True,armed,False,
gnm_closed_loop_20260708_043548,375,19.466668,1783481754.950344,2.437082,0.001564,-0.0,0.004297,0.2,0.171644,0.199881,-0.014133,camera_link,19.466668,gnm_closed_loop,,nominal,,True,ok,third_party/visualnav-transformer/model_weights/gnm/gnm.pth,12.65,0.3,0.1716,0.4125,0.0715,3.32,,,gnm_closed_loop,0.2,0.171644,bringup_stage_goal_A,0.5024,True,0.3,0.171644,0.2,0.171644,True,armed,False,
gnm_closed_loop_20260708_043548,376,19.483334,1783481754.952476,2.440407,0.001578,-0.0,0.004314,0.2,0.171644,0.199881,-0.014133,camera_link,19.483334,gnm_closed_loop,,nominal,,True,ok,third_party/visualnav-transformer/model_weights/gnm/gnm.pth,12.65,0.3,0.1716,0.4125,0.0715,3.32,,,gnm_closed_loop,0.2,0.171644,bringup_stage_goal_A,0.502,True,0.3,0.171644,0.2,0.171644,True,armed,False,
gnm_closed_loop_20260708_043548,377,19.500001,1783481754.95418,2.443732,0.001592,-0.0,0.004331,0.2,0.171644,0.199881,-0.014133,camera_link,19.500001,gnm_closed_loop,,nominal,,True,ok,third_party/visualnav-transformer/model_weights/gnm/gnm.pth,12.65,0.3,0.1716,0.4125,0.0715,3.32,,,gnm_closed_loop,0.2,0.171644,bringup_stage_goal_A,0.5016,True,0.3,0.171644,0.2,0.171644,True,armed,False,
gnm_closed_loop_20260708_043548,378,19.516668,1783481754.980899,2.447057,0.001606,-0.0,0.004348,0.2,0.171504,0.199895,-0.014186,camera_link,19.516668,gnm_closed_loop,,nominal,,True,ok,third_party/visualnav-transformer/model_weights/gnm/gnm.pth,15.88,0.3,0.1715,0.4148,0.0719,3.33,,,gnm_closed_loop,0.2,0.171504,bringup_stage_goal_A,0.5012,True,0.3,0.171504,0.2,0.171504,True,armed,False,
gnm_closed_loop_20260708_043548,379,19.533334,1783481754.984341,2.450381,0.00162,-0.0,0.004365,0.2,0.171504,0.199895,-0.014186,camera_link,19.533334,gnm_closed_loop,,nominal,,True,ok,third_party/visualnav-transformer/model_weights/gnm/gnm.pth,15.88,0.3,0.1715,0.4148,0.0719,3.33,,,gnm_closed_loop,0.2,0.171504,bringup_stage_goal_A,0.5008,True,0.3,0.171504,0.2,0.171504,True,armed,False,
gnm_closed_loop_20260708_043548,380,19.550001,1783481754.986546,2.453706,0.001634,-0.0,0.004382,0.2,0.171504,0.199895,-0.014186,camera_link,19.550001,gnm_closed_loop,,nominal,,True,ok,third_party/visualnav-transformer/model_weights/gnm/gnm.pth,15.88,0.3,0.1715,0.4148,0.0719,3.33,,,gnm_closed_loop,0.2,0.171504,bringup_stage_goal_A,0.5005,True,0.3,0.171504,0.2,0.171504,True,armed,False,
gnm_closed_loop_20260708_043548,381,19.566668,1783481755.025033,2.457031,0.001648,-0.0,0.004399,0.2,0.171361,0.19985,-0.013782,camera_link,19.566668,gnm_closed_loop,,nominal,,True,ok,third_party/visualnav-transformer/model_weights/gnm/gnm.pth,23.7,0.3,0.1714,0.4138,0.0716,3.34,,,gnm_closed_loop,0.2,0.171361,bringup_stage_goal_A,0.5002,True,0.3,0.171361,0.2,0.171361,True,armed,False,
gnm_closed_loop_20260708_043548,382,19.583334,1783481755.02766,2.460356,0.001662,-0.0,0.004415,0.2,0.171361,0.19985,-0.013782,camera_link,19.583334,gnm_closed_loop,,nominal,,True,ok,third_party/visualnav-transformer/model_weights/gnm/gnm.pth,23.7,0.3,0.1714,0.4138,0.0716,3.34,,,gnm_closed_loop,0.2,0.171361,bringup_stage_goal_A,0.4999,True,0.3,0.171361,0.2,0.171361,True,armed,False,
gnm_closed_loop_20260708_043548,383,19.600001,1783481755.029433,2.46368,0.001676,-0.0,0.004432,0.2,0.171361,0.19985,-0.013782,camera_link,19.600001,gnm_closed_loop,,nominal,,True,ok,third_party/visualnav-transformer/model_weights/gnm/gnm.pth,23.7,0.3,0.1714,0.4138,0.0716,3.34,,,gnm_closed_loop,0.2,0.171361,bringup_stage_goal_A,0.4996,True,0.3,0.171361,0.2,0.171361,True,armed,False,
gnm_closed_loop_20260708_043548,384,19.616668,1783481755.058724,2.467005,0.001691,-0.0,0.004449,0.2,0.173374,0.199863,-0.013855,camera_link,19.616668,gnm_closed_loop,,nominal,,True,ok,third_party/visualnav-transformer/model_weights/gnm/gnm.pth,14.55,0.3,0.1734,0.4114,0.072,3.34,,,gnm_closed_loop,0.2,0.173374,bringup_stage_goal_A,0.4994,True,0.3,0.173374,0.2,0.173374,True,armed,False,
gnm_closed_loop_20260708_043548,385,19.633334,1783481755.06109,2.47033,0.001705,-0.0,0.004466,0.2,0.173374,0.199863,-0.013855,camera_link,19.633334,gnm_closed_loop,,nominal,,True,ok,third_party/visualnav-transformer/model_weights/gnm/gnm.pth,14.55,0.3,0.1734,0.4114,0.072,3.34,,,gnm_closed_loop,0.2,0.173374,bringup_stage_goal_A,0.4992,True,0.3,0.173374,0.2,0.173374,True,armed,False,
gnm_closed_loop_20260708_043548,386,19.650001,1783481755.063957,2.473654,0.001719,-0.0,0.004483,0.2,0.173374,0.199863,-0.013855,camera_link,19.650001,gnm_closed_loop,,nominal,,True,ok,third_party/visualnav-transformer/model_weights/gnm/gnm.pth,14.55,0.3,0.1734,0.4114,0.072,3.34,,,gnm_closed_loop,0.2,0.173374,bringup_stage_goal_A,0.499,True,0.3,0.173374,0.2,0.173374,True,armed,False,
gnm_closed_loop_20260708_043548,387,19.666668,1783481755.086566,2.476979,0.001734,-0.0,0.0045,0.2,0.176073,0.199858,-0.013734,camera_link,19.666668,gnm_closed_loop,,nominal,,True,ok,third_party/visualnav-transformer/model_weights/gnm/gnm.pth,12.68,0.3,0.1761,0.4081,0.0726,3.31,,,gnm_closed_loop,0.2,0.176073,bringup_stage_goal_A,0.4988,True,0.3,0.176073,0.2,0.176073,True,armed,False,
gnm_closed_loop_20260708_043548,388,19.683334,1783481755.088574,2.480304,0.001748,-0.0,0.004517,0.2,0.176073,0.199858,-0.013734,camera_link,19.683334,gnm_closed_loop,,nominal,,True,ok,third_party/visualnav-transformer/model_weights/gnm/gnm.pth,12.68,0.3,0.1761,0.4081,0.0726,3.31,,,gnm_closed_loop,0.2,0.176073,bringup_stage_goal_A,0.4986,True,0.3,0.176073,0.2,0.176073,True,armed,False,
gnm_closed_loop_20260708_043548,389,19.700001,1783481755.090409,2.483629,0.001763,-0.0,0.004534,0.2,0.176073,0.199858,-0.013734,camera_link,19.700001,gnm_closed_loop,,nominal,,True,ok,third_party/visualnav-transformer/model_weights/gnm/gnm.pth,12.68,0.3,0.1761,0.4081,0.0726,3.31,,,gnm_closed_loop,0.2,0.176073,bringup_stage_goal_A,0.4985,True,0.3,0.176073,0.2,0.176073,True,armed,False,
gnm_closed_loop_20260708_043548,390,19.716668,1783481755.114482,2.486954,0.001778,-0.0,0.004552,0.2,0.177697,0.199873,-0.01409,camera_link,19.716668,gnm_closed_loop,,nominal,,True,ok,third_party/visualnav-transformer/model_weights/gnm/gnm.pth,12.75,0.3,0.1777,0.4075,0.0732,3.27,,,gnm_closed_loop,0.2,0.177697,bringup_stage_goal_A,0.4984,True,0.3,0.177697,0.2,0.177697,True,armed,False,
gnm_closed_loop_20260708_043548,391,19.733334,1783481755.116745,2.490279,0.001792,-0.0,0.004569,0.2,0.177697,0.199873,-0.01409,camera_link,19.733334,gnm_closed_loop,,nominal,,True,ok,third_party/visualnav-transformer/model_weights/gnm/gnm.pth,12.75,0.3,0.1777,0.4075,0.0732,3.27,,,gnm_closed_loop,0.2,0.177697,bringup_stage_goal_A,0.4983,True,0.3,0.177697,0.2,0.177697,True,armed,False,
gnm_closed_loop_20260708_043548,392,19.750001,1783481755.119701,2.493604,0.001807,-0.0,0.004587,0.2,0.177697,0.199873,-0.01409,camera_link,19.750001,gnm_closed_loop,,nominal,,True,ok,third_party/visualnav-transformer/model_weights/gnm/gnm.pth,12.75,0.3,0.1777,0.4075,0.0732,3.27,,,gnm_closed_loop,0.2,0.177697,bringup_stage_goal_A,0.4982,True,0.3,0.177697,0.2,0.177697,True,armed,False,
gnm_closed_loop_20260708_043548,393,19.766668,1783481755.148391,2.496929,0.001822,-0.0,0.004604,0.2,0.17949,0.199851,-0.014194,camera_link,19.766668,gnm_closed_loop,,nominal,,True,ok,third_party/visualnav-transformer/model_weights/gnm/gnm.pth,15.56,0.3,0.1795,0.4078,0.074,3.27,,,gnm_closed_loop,0.2,0.17949,bringup_stage_goal_A,0.4982,True,0.3,0.17949,0.2,0.17949,True,armed,False,
gnm_closed_loop_20260708_043548,394,19.783334,1783481755.15105,2.500253,0.001837,-0.0,0.004621,0.2,0.17949,0.199851,-0.014194,camera_link,19.783334,gnm_closed_loop,,nominal,,True,ok,third_party/visualnav-transformer/model_weights/gnm/gnm.pth,15.56,0.3,0.1795,0.4078,0.074,3.27,,,gnm_closed_loop,0.2,0.17949,bringup_stage_goal_A,0.4982,True,0.3,0.17949,0.2,0.17949,True,armed,False,
gnm_closed_loop_20260708_043548,395,19.800001,1783481755.152868,2.503578,0.001852,-0.0,0.004639,0.2,0.17949,0.199851,-0.014194,camera_link,19.800001,gnm_closed_loop,,nominal,,True,ok,third_party/visualnav-transformer/model_weights/gnm/gnm.pth,15.56,0.3,0.1795,0.4078,0.074,3.27,,,gnm_closed_loop,0.2,0.17949,bringup_stage_goal_A,0.4982,True,0.3,0.17949,0.2,0.17949,True,armed,False,
gnm_closed_loop_20260708_043548,396,19.816668,1783481755.184928,2.506903,0.001867,-0.0,0.004657,0.2,0.18184,0.199879,-0.0144,camera_link,19.816668,gnm_closed_loop,,nominal,,True,ok,third_party/visualnav-transformer/model_weights/gnm/gnm.pth,17.24,0.3,0.1818,0.4065,0.0747,3.29,,,gnm_closed_loop,0.2,0.18184,bringup_stage_goal_A,0.4982,True,0.3,0.18184,0.2,0.18184,True,armed,False,
gnm_closed_loop_20260708_043548,397,19.833334,1783481755.18732,2.510228,0.001882,-0.0,0.004675,0.2,0.18184,0.199879,-0.0144,camera_link,19.833334,gnm_closed_loop,,nominal,,True,ok,third_party/visualnav-transformer/model_weights/gnm/gnm.pth,17.24,0.3,0.1818,0.4065,0.0747,3.29,,,gnm_closed_loop,0.2,0.18184,bringup_stage_goal_A,0.4982,True,0.3,0.18184,0.2,0.18184,True,armed,False,
gnm_closed_loop_20260708_043548,398,19.850001,1783481755.189025,2.513551,0.001897,-0.0,0.004694,0.2,0.18184,0.199879,-0.0144,camera_link,19.850001,gnm_closed_loop,,nominal,,True,ok,third_party/visualnav-transformer/model_weights/gnm/gnm.pth,17.24,0.3,0.1818,0.4065,0.0747,3.29,,,gnm_closed_loop,0.2,0.18184,bringup_stage_goal_A,0.4983,True,0.3,0.18184,0.2,0.18184,True,armed,False,
gnm_closed_loop_20260708_043548,399,19.866668,1783481755.211405,2.516878,0.001912,-0.0,0.004712,0.2,0.185125,0.19989,-0.014722,camera_link,19.866668,gnm_closed_loop,,nominal,,True,ok,third_party/visualnav-transformer/model_weights/gnm/gnm.pth,13.62,0.3,0.1851,0.398,0.0745,3.32,,,gnm_closed_loop,0.2,0.185125,bringup_stage_goal_A,0.4984,True,0.3,0.185125,0.2,0.185125,True,armed,False,
gnm_closed_loop_20260708_043548,400,19.883334,1783481755.213643,2.520207,0.001927,-0.0,0.004726,0.2,0.185125,0.19989,-0.014722,camera_link,19.883334,gnm_closed_loop,,nominal,,True,ok,third_party/visualnav-transformer/model_weights/gnm/gnm.pth,13.62,0.3,0.1851,0.398,0.0745,3.32,,,gnm_closed_loop,0.2,0.185125,bringup_stage_goal_A,0.4985,True,0.3,0.185125,0.2,0.185125,True,armed,False,
gnm_closed_loop_20260708_043548,401,19.900001,1783481755.216605,2.52353,0.001942,-0.0,0.004744,0.2,0.185125,0.19989,-0.014722,camera_link,19.900001,gnm_closed_loop,,nominal,,True,ok,third_party/visualnav-transformer/model_weights/gnm/gnm.pth,13.62,0.3,0.1851,0.398,0.0745,3.32,,,gnm_closed_loop,0.2,0.185125,bringup_stage_goal_A,0.4986,True,0.3,0.185125,0.2,0.185125,True,armed,False,
gnm_closed_loop_20260708_043548,402,19.916668,1783481755.24067,2.526855,0.001958,-0.0,0.004762,0.2,0.187265,0.199878,-0.014752,camera_link,19.916668,gnm_closed_loop,,nominal,,True,ok,third_party/visualnav-transformer/model_weights/gnm/gnm.pth,14.29,0.3,0.1873,0.3967,0.0752,3.35,,,gnm_closed_loop,0.2,0.187265,bringup_stage_goal_A,0.4988,True,0.3,0.187265,0.2,0.187265,True,armed,False,
gnm_closed_loop_20260708_043548,403,19.933334,1783481755.244678,2.53018,0.001973,-0.0,0.004781,0.2,0.187265,0.199878,-0.014752,camera_link,19.933334,gnm_closed_loop,,nominal,,True,ok,third_party/visualnav-transformer/model_weights/gnm/gnm.pth,14.29,0.3,0.1873,0.3967,0.0752,3.35,,,gnm_closed_loop,0.2,0.187265,bringup_stage_goal_A,0.4989,True,0.3,0.187265,0.2,0.187265,True,armed,False,
gnm_closed_loop_20260708_043548,404,19.950001,1783481755.247583,2.533504,0.001988,-0.0,0.004799,0.2,0.187265,0.199878,-0.014752,camera_link,19.950001,gnm_closed_loop,,nominal,,True,ok,third_party/visualnav-transformer/model_weights/gnm/gnm.pth,14.29,0.3,0.1873,0.3967,0.0752,3.35,,,gnm_closed_loop,0.2,0.187265,bringup_stage_goal_A,0.4991,True,0.3,0.187265,0.2,0.187265,True,armed,False,
gnm_closed_loop_20260708_043548,405,19.966668,1783481755.271313,2.536829,0.002004,-0.0,0.004817,0.2,0.190608,0.199871,-0.015258,camera_link,19.966668,gnm_closed_loop,,nominal,,True,ok,third_party/visualnav-transformer/model_weights/gnm/gnm.pth,12.95,0.3,0.1906,0.3919,0.0756,3.4,,,gnm_closed_loop,0.2,0.190608,bringup_stage_goal_A,0.4994,True,0.3,0.190608,0.2,0.190608,True,armed,False,
gnm_closed_loop_20260708_043548,406,19.983334,1783481755.273407,2.540158,0.002019,-0.0,0.004833,0.2,0.190608,0.199871,-0.015258,camera_link,19.983334,gnm_closed_loop,,nominal,,True,ok,third_party/visualnav-transformer/model_weights/gnm/gnm.pth,12.95,0.3,0.1906,0.3919,0.0756,3.4,,,gnm_closed_loop,0.2,0.190608,bringup_stage_goal_A,0.4996,True,0.3,0.190608,0.2,0.190608,True,armed,False,
gnm_closed_loop_20260708_043548,407,20.000001,1783481755.275699,2.54348,0.002035,-0.0,0.004851,0.2,0.190608,0.199871,-0.015258,camera_link,20.000001,gnm_closed_loop,,nominal,,True,ok,third_party/visualnav-transformer/model_weights/gnm/gnm.pth,12.95,0.3,0.1906,0.3919,0.0756,3.4,,,gnm_closed_loop,0.2,0.190608,bringup_stage_goal_A,0.4999,True,0.3,0.190608,0.2,0.190608,True,armed,False,
gnm_closed_loop_20260708_043548,408,20.016668,1783481755.304237,2.546806,0.00205,-0.0,0.00487,0.2,0.191609,0.199873,-0.015243,camera_link,20.016668,gnm_closed_loop,,nominal,,True,ok,third_party/visualnav-transformer/model_weights/gnm/gnm.pth,18.41,0.3,0.1916,0.3891,0.0755,3.42,,,gnm_closed_loop,0.2,0.191609,bringup_stage_goal_A,0.5001,True,0.3,0.191609,0.2,0.191609,True,armed,False,
gnm_closed_loop_20260708_043548,409,20.033334,1783481755.306419,2.55013,0.002066,-0.0,0.004889,0.2,0.191609,0.199873,-0.015243,camera_link,20.033334,gnm_closed_loop,,nominal,,True,ok,third_party/visualnav-transformer/model_weights/gnm/gnm.pth,18.41,0.3,0.1916,0.3891,0.0755,3.42,,,gnm_closed_loop,0.2,0.191609,bringup_stage_goal_A,0.5005,True,0.3,0.191609,0.2,0.191609,True,armed,False,
gnm_closed_loop_20260708_043548,410,20.050001,1783481755.308183,2.553455,0.002082,-0.0,0.004908,0.2,0.191609,0.199873,-0.015243,camera_link,20.050001,gnm_closed_loop,,nominal,,True,ok,third_party/visualnav-transformer/model_weights/gnm/gnm.pth,18.41,0.3,0.1916,0.3891,0.0755,3.42,,,gnm_closed_loop,0.2,0.191609,bringup_stage_goal_A,0.5008,True,0.3,0.191609,0.2,0.191609,True,armed,False,
gnm_closed_loop_20260708_043548,411,20.066668,1783481755.331825,2.55678,0.002098,-0.0,0.004926,0.2,0.190828,0.199856,-0.015289,camera_link,20.066668,gnm_closed_loop,,nominal,,True,ok,third_party/visualnav-transformer/model_weights/gnm/gnm.pth,13.03,0.3,0.1908,0.3846,0.0743,3.48,,,gnm_closed_loop,0.2,0.190828,bringup_stage_goal_A,0.5011,True,0.3,0.190828,0.2,0.190828,True,armed,False,
gnm_closed_loop_20260708_043548,412,20.083334,1783481755.335222,2.560105,0.002114,-0.0,0.004945,0.2,0.190828,0.199856,-0.015289,camera_link,20.083334,gnm_closed_loop,,nominal,,True,ok,third_party/visualnav-transformer/model_weights/gnm/gnm.pth,13.03,0.3,0.1908,0.3846,0.0743,3.48,,,gnm_closed_loop,0.2,0.190828,bringup_stage_goal_A,0.5015,True,0.3,0.190828,0.2,0.190828,True,armed,False,
gnm_closed_loop_20260708_043548,413,20.100001,1783481755.338244,2.56343,0.00213,-0.0,0.004964,0.2,0.190828,0.199856,-0.015289,camera_link,20.100001,gnm_closed_loop,,nominal,,True,ok,third_party/visualnav-transformer/model_weights/gnm/gnm.pth,13.03,0.3,0.1908,0.3846,0.0743,3.48,,,gnm_closed_loop,0.2,0.190828,bringup_stage_goal_A,0.5019,True,0.3,0.190828,0.2,0.190828,True,armed,False,
gnm_closed_loop_20260708_043548,414,20.116668,1783481755.360419,2.566755,0.002146,-0.0,0.004982,0.2,0.187979,0.19986,-0.015147,camera_link,20.116668,gnm_closed_loop,,nominal,,True,ok,third_party/visualnav-transformer/model_weights/gnm/gnm.pth,12.93,0.3,0.188,0.3812,0.0725,3.55,,,gnm_closed_loop,0.2,0.187979,bringup_stage_goal_A,0.5023,True,0.3,0.187979,0.2,0.187979,True,armed,False,
gnm_closed_loop_20260708_043548,415,20.133334,1783481755.363568,2.570079,0.002162,-0.0,0.005001,0.2,0.187979,0.19986,-0.015147,camera_link,20.133334,gnm_closed_loop,,nominal,,True,ok,third_party/visualnav-transformer/model_weights/gnm/gnm.pth,12.93,0.3,0.188,0.3812,0.0725,3.55,,,gnm_closed_loop,0.2,0.187979,bringup_stage_goal_A,0.5027,True,0.3,0.187979,0.2,0.187979,True,armed,False,
gnm_closed_loop_20260708_043548,416,20.150001,1783481755.365301,2.573408,0.002178,-0.0,0.005015,0.2,0.187979,0.19986,-0.015147,camera_link,20.150001,gnm_closed_loop,,nominal,,True,ok,third_party/visualnav-transformer/model_weights/gnm/gnm.pth,12.93,0.3,0.188,0.3812,0.0725,3.55,,,gnm_closed_loop,0.2,0.187979,bringup_stage_goal_A,0.5032,True,0.3,0.187979,0.2,0.187979,True,armed,False,
gnm_closed_loop_20260708_043548,417,20.166668,1783481755.387007,2.576731,0.002194,-0.0,0.005034,0.2,0.185824,0.199852,-0.0155,camera_link,20.166668,gnm_closed_loop,,nominal,,True,ok,third_party/visualnav-transformer/model_weights/gnm/gnm.pth,12.91,0.3,0.1858,0.3762,0.0707,3.62,,,gnm_closed_loop,0.2,0.185824,bringup_stage_goal_A,0.5037,True,0.3,0.185824,0.2,0.185824,True,armed,False,
gnm_closed_loop_20260708_043548,418,20.183334,1783481755.389728,2.580056,0.00221,-0.0,0.005052,0.2,0.185824,0.199852,-0.0155,camera_link,20.183334,gnm_closed_loop,,nominal,,True,ok,third_party/visualnav-transformer/model_weights/gnm/gnm.pth,12.91,0.3,0.1858,0.3762,0.0707,3.62,,,gnm_closed_loop,0.2,0.185824,bringup_stage_goal_A,0.5042,True,0.3,0.185824,0.2,0.185824,True,armed,False,
gnm_closed_loop_20260708_043548,419,20.200001,1783481755.391511,2.583381,0.002227,-0.0,0.00507,0.2,0.185824,0.199852,-0.0155,camera_link,20.200001,gnm_closed_loop,,nominal,,True,ok,third_party/visualnav-transformer/model_weights/gnm/gnm.pth,12.91,0.3,0.1858,0.3762,0.0707,3.62,,,gnm_closed_loop,0.2,0.185824,bringup_stage_goal_A,0.5047,True,0.3,0.185824,0.2,0.185824,True,armed,False,
gnm_closed_loop_20260708_043548,420,20.216668,1783481755.415355,2.586709,0.002243,-0.0,0.005085,0.2,0.184994,0.199617,-0.01451,camera_link,20.216668,gnm_closed_loop,,nominal,,True,ok,third_party/visualnav-transformer/model_weights/gnm/gnm.pth,13.84,0.3,0.185,0.3703,0.0693,3.65,,,gnm_closed_loop,0.2,0.184994,bringup_stage_goal_A,0.5053,True,0.3,0.184994,0.2,0.184994,True,armed,False,
gnm_closed_loop_20260708_043548,421,20.233334,1783481755.417474,2.590033,0.002259,-0.0,0.005103,0.2,0.184994,0.199617,-0.01451,camera_link,20.233334,gnm_closed_loop,,nominal,,True,ok,third_party/visualnav-transformer/model_weights/gnm/gnm.pth,13.84,0.3,0.185,0.3703,0.0693,3.65,,,gnm_closed_loop,0.2,0.184994,bringup_stage_goal_A,0.5058,True,0.3,0.184994,0.2,0.184994,True,armed,False,
gnm_closed_loop_20260708_043548,422,20.250001,1783481755.419254,2.593357,0.002276,-0.0,0.005122,0.2,0.184994,0.199617,-0.01451,camera_link,20.250001,gnm_closed_loop,,nominal,,True,ok,third_party/visualnav-transformer/model_weights/gnm/gnm.pth,13.84,0.3,0.185,0.3703,0.0693,3.65,,,gnm_closed_loop,0.2,0.184994,bringup_stage_goal_A,0.5064,True,0.3,0.184994,0.2,0.184994,True,armed,False,
gnm_closed_loop_20260708_043548,423,20.266668,1783481755.442949,2.596681,0.002292,-0.0,0.00514,0.2,0.185583,0.19986,-0.015138,camera_link,20.266668,gnm_closed_loop,,nominal,,True,ok,third_party/visualnav-transformer/model_weights/gnm/gnm.pth,13.18,0.3,0.1856,0.3658,0.0687,3.67,,,gnm_closed_loop,0.2,0.185583,bringup_stage_goal_A,0.507,True,0.3,0.185583,0.2,0.185583,True,armed,False,
gnm_closed_loop_20260708_043548,424,20.283334,1783481755.445115,2.600006,0.002309,-0.0,0.005158,0.2,0.185583,0.19986,-0.015138,camera_link,20.283334,gnm_closed_loop,,nominal,,True,ok,third_party/visualnav-transformer/model_weights/gnm/gnm.pth,13.18,0.3,0.1856,0.3658,0.0687,3.67,,,gnm_closed_loop,0.2,0.185583,bringup_stage_goal_A,0.5076,True,0.3,0.185583,0.2,0.185583,True,armed,False,
gnm_closed_loop_20260708_043548,425,20.300001,1783481755.446816,2.603331,0.002326,-0.0,0.005176,0.2,0.185583,0.19986,-0.015138,camera_link,20.300001,gnm_closed_loop,,nominal,,True,ok,third_party/visualnav-transformer/model_weights/gnm/gnm.pth,13.18,0.3,0.1856,0.3658,0.0687,3.67,,,gnm_closed_loop,0.2,0.185583,bringup_stage_goal_A,0.5083,True,0.3,0.185583,0.2,0.185583,True,armed,False,
gnm_closed_loop_20260708_043548,426,20.316668,1783481755.469459,2.606656,0.002342,-0.0,0.005194,0.2,0.184786,0.199873,-0.015503,camera_link,20.316668,gnm_closed_loop,,nominal,,True,ok,third_party/visualnav-transformer/model_weights/gnm/gnm.pth,12.89,0.3,0.1848,0.3644,0.0681,3.68,,,gnm_closed_loop,0.2,0.184786,bringup_stage_goal_A,0.509,True,0.3,0.184786,0.2,0.184786,True,armed,False,
gnm_closed_loop_20260708_043548,427,20.333334,1783481755.4718,2.609981,0.002359,-0.0,0.005213,0.2,0.184786,0.199873,-0.015503,camera_link,20.333334,gnm_closed_loop,,nominal,,True,ok,third_party/visualnav-transformer/model_weights/gnm/gnm.pth,12.89,0.3,0.1848,0.3644,0.0681,3.68,,,gnm_closed_loop,0.2,0.184786,bringup_stage_goal_A,0.5096,True,0.3,0.184786,0.2,0.184786,True,armed,False,
gnm_closed_loop_20260708_043548,428,20.350001,1783481755.473588,2.613306,0.002376,-0.0,0.005231,0.2,0.184786,0.199873,-0.015503,camera_link,20.350001,gnm_closed_loop,,nominal,,True,ok,third_party/visualnav-transformer/model_weights/gnm/gnm.pth,12.89,0.3,0.1848,0.3644,0.0681,3.68,,,gnm_closed_loop,0.2,0.184786,bringup_stage_goal_A,0.5104,True,0.3,0.184786,0.2,0.184786,True,armed,False,
gnm_closed_loop_20260708_043548,429,20.366668,1783481755.495463,2.616631,0.002393,-0.0,0.005249,0.2,0.18468,0.199866,-0.014811,camera_link,20.366668,gnm_closed_loop,,nominal,,True,ok,third_party/visualnav-transformer/model_weights/gnm/gnm.pth,13.14,0.3,0.1847,0.3635,0.0679,3.7,,,gnm_closed_loop,0.2,0.18468,bringup_stage_goal_A,0.5111,True,0.3,0.18468,0.2,0.18468,True,armed,False,
gnm_closed_loop_20260708_043548,430,20.383334,1783481755.497743,2.619956,0.00241,-0.0,0.005267,0.2,0.18468,0.199866,-0.014811,camera_link,20.383334,gnm_closed_loop,,nominal,,True,ok,third_party/visualnav-transformer/model_weights/gnm/gnm.pth,13.14,0.3,0.1847,0.3635,0.0679,3.7,,,gnm_closed_loop,0.2,0.18468,bringup_stage_goal_A,0.5118,True,0.3,0.18468,0.2,0.18468,True,armed,False,
gnm_closed_loop_20260708_043548,431,20.400001,1783481755.499372,2.62328,0.002427,-0.0,0.005285,0.2,0.18468,0.199866,-0.014811,camera_link,20.400001,gnm_closed_loop,,nominal,,True,ok,third_party/visualnav-transformer/model_weights/gnm/gnm.pth,13.14,0.3,0.1847,0.3635,0.0679,3.7,,,gnm_closed_loop,0.2,0.18468,bringup_stage_goal_A,0.5126,True,0.3,0.18468,0.2,0.18468,True,armed,False,
gnm_closed_loop_20260708_043548,432,20.416668,1783481755.521304,2.626604,0.002444,-0.0,0.005303,0.2,0.186292,0.199866,-0.014801,camera_link,20.416668,gnm_closed_loop,,nominal,,True,ok,third_party/visualnav-transformer/model_weights/gnm/gnm.pth,12.71,0.3,0.1863,0.3647,0.0687,3.69,,,gnm_closed_loop,0.2,0.186292,bringup_stage_goal_A,0.5134,True,0.3,0.186292,0.2,0.186292,True,armed,False,
gnm_closed_loop_20260708_043548,433,20.433334,1783481755.523638,2.629929,0.002461,-0.0,0.005322,0.2,0.186292,0.199866,-0.014801,camera_link,20.433334,gnm_closed_loop,,nominal,,True,ok,third_party/visualnav-transformer/model_weights/gnm/gnm.pth,12.71,0.3,0.1863,0.3647,0.0687,3.69,,,gnm_closed_loop,0.2,0.186292,bringup_stage_goal_A,0.5142,True,0.3,0.186292,0.2,0.186292,True,armed,False,
gnm_closed_loop_20260708_043548,434,20.450001,1783481755.525574,2.633254,0.002479,-0.0,0.00534,0.2,0.186292,0.199866,-0.014801,camera_link,20.450001,gnm_closed_loop,,nominal,,True,ok,third_party/visualnav-transformer/model_weights/gnm/gnm.pth,12.71,0.3,0.1863,0.3647,0.0687,3.69,,,gnm_closed_loop,0.2,0.186292,bringup_stage_goal_A,0.5151,True,0.3,0.186292,0.2,0.186292,True,armed,False,
gnm_closed_loop_20260708_043548,435,20.466668,1783481755.548148,2.636579,0.002496,-0.0,0.005358,0.2,0.187145,0.19986,-0.015293,camera_link,20.466668,gnm_closed_loop,,nominal,,True,ok,third_party/visualnav-transformer/model_weights/gnm/gnm.pth,12.86,0.3,0.1871,0.3666,0.0694,3.65,,,gnm_closed_loop,0.2,0.187145,bringup_stage_goal_A,0.5159,True,0.3,0.187145,0.2,0.187145,True,armed,False,
gnm_closed_loop_20260708_043548,436,20.483334,1783481755.550368,2.639902,0.002513,-0.0,0.005377,0.2,0.187145,0.19986,-0.015293,camera_link,20.483334,gnm_closed_loop,,nominal,,True,ok,third_party/visualnav-transformer/model_weights/gnm/gnm.pth,12.86,0.3,0.1871,0.3666,0.0694,3.65,,,gnm_closed_loop,0.2,0.187145,bringup_stage_goal_A,0.5168,True,0.3,0.187145,0.2,0.187145,True,armed,False,
gnm_closed_loop_20260708_043548,437,20.500001,1783481755.552225,2.643231,0.002531,-0.0,0.005395,0.2,0.187145,0.19986,-0.015293,camera_link,20.500001,gnm_closed_loop,,nominal,,True,ok,third_party/visualnav-transformer/model_weights/gnm/gnm.pth,12.86,0.3,0.1871,0.3666,0.0694,3.65,,,gnm_closed_loop,0.2,0.187145,bringup_stage_goal_A,0.5177,True,0.3,0.187145,0.2,0.187145,True,armed,False,
gnm_closed_loop_20260708_043548,438,20.516668,1783481755.57391,2.646556,0.002548,-0.0,0.005414,0.2,0.189148,0.199881,-0.015235,camera_link,20.516668,gnm_closed_loop,,nominal,,True,ok,third_party/visualnav-transformer/model_weights/gnm/gnm.pth,12.84,0.3,0.1891,0.3615,0.0692,3.67,,,gnm_closed_loop,0.2,0.189148,bringup_stage_goal_A,0.5186,True,0.3,0.189148,0.2,0.189148,True,armed,False,
gnm_closed_loop_20260708_043548,439,20.533334,1783481755.576038,2.649881,0.002566,-0.0,0.005433,0.2,0.189148,0.199881,-0.015235,camera_link,20.533334,gnm_closed_loop,,nominal,,True,ok,third_party/visualnav-transformer/model_weights/gnm/gnm.pth,12.84,0.3,0.1891,0.3615,0.0692,3.67,,,gnm_closed_loop,0.2,0.189148,bringup_stage_goal_A,0.5195,True,0.3,0.189148,0.2,0.189148,True,armed,False,
gnm_closed_loop_20260708_043548,440,20.550001,1783481755.577741,2.653205,0.002583,-0.0,0.005452,0.2,0.189148,0.199881,-0.015235,camera_link,20.550001,gnm_closed_loop,,nominal,,True,ok,third_party/visualnav-transformer/model_weights/gnm/gnm.pth,12.84,0.3,0.1891,0.3615,0.0692,3.67,,,gnm_closed_loop,0.2,0.189148,bringup_stage_goal_A,0.5205,True,0.3,0.189148,0.2,0.189148,True,armed,False,
gnm_closed_loop_20260708_043548,441,20.566668,1783481755.599016,2.656529,0.002601,-0.0,0.00547,0.2,0.194429,0.199856,-0.015281,camera_link,20.566668,gnm_closed_loop,,nominal,,True,ok,third_party/visualnav-transformer/model_weights/gnm/gnm.pth,12.65,0.3,0.1944,0.356,0.0701,3.69,,,gnm_closed_loop,0.2,0.194429,bringup_stage_goal_A,0.5214,True,0.3,0.194429,0.2,0.194429,True,armed,False,
gnm_closed_loop_20260708_043548,442,20.583334,1783481755.602263,2.659854,0.002619,-0.0,0.005489,0.2,0.194429,0.199856,-0.015281,camera_link,20.583334,gnm_closed_loop,,nominal,,True,ok,third_party/visualnav-transformer/model_weights/gnm/gnm.pth,12.65,0.3,0.1944,0.356,0.0701,3.69,,,gnm_closed_loop,0.2,0.194429,bringup_stage_goal_A,0.5224,True,0.3,0.194429,0.2,0.194429,True,armed,False,
gnm_closed_loop_20260708_043548,443,20.600001,1783481755.60401,2.663179,0.002636,-0.0,0.005509,0.2,0.194429,0.199856,-0.015281,camera_link,20.600001,gnm_closed_loop,,nominal,,True,ok,third_party/visualnav-transformer/model_weights/gnm/gnm.pth,12.65,0.3,0.1944,0.356,0.0701,3.69,,,gnm_closed_loop,0.2,0.194429,bringup_stage_goal_A,0.5234,True,0.3,0.194429,0.2,0.194429,True,armed,False,
gnm_closed_loop_20260708_043548,444,20.616668,1783481755.626235,2.666508,0.002654,-0.0,0.005524,0.2,0.199674,0.19962,-0.014978,camera_link,20.616668,gnm_closed_loop,,nominal,,True,ok,third_party/visualnav-transformer/model_weights/gnm/gnm.pth,12.75,0.3,0.1997,0.3504,0.0709,3.75,,,gnm_closed_loop,0.2,0.199674,bringup_stage_goal_A,0.5245,True,0.3,0.199674,0.2,0.199674,True,armed,False,
gnm_closed_loop_20260708_043548,445,20.633334,1783481755.628261,2.669831,0.002672,-0.0,0.005543,0.2,0.199674,0.19962,-0.014978,camera_link,20.633334,gnm_closed_loop,,nominal,,True,ok,third_party/visualnav-transformer/model_weights/gnm/gnm.pth,12.75,0.3,0.1997,0.3504,0.0709,3.75,,,gnm_closed_loop,0.2,0.199674,bringup_stage_goal_A,0.5255,True,0.3,0.199674,0.2,0.199674,True,armed,False,
gnm_closed_loop_20260708_043548,446,20.650001,1783481755.630296,2.673156,0.00269,-0.0,0.005563,0.2,0.199674,0.19962,-0.014978,camera_link,20.650001,gnm_closed_loop,,nominal,,True,ok,third_party/visualnav-transformer/model_weights/gnm/gnm.pth,12.75,0.3,0.1997,0.3504,0.0709,3.75,,,gnm_closed_loop,0.2,0.199674,bringup_stage_goal_A,0.5266,True,0.3,0.199674,0.2,0.199674,True,armed,False,
gnm_closed_loop_20260708_043548,447,20.666668,1783481755.651553,2.676481,0.002708,-0.0,0.005582,0.2,0.20665,0.199812,-0.016119,camera_link,20.666668,gnm_closed_loop,,nominal,,True,ok,third_party/visualnav-transformer/model_weights/gnm/gnm.pth,12.74,0.3,0.2066,0.3437,0.072,3.83,,,gnm_closed_loop,0.2,0.20665,bringup_stage_goal_A,0.5277,True,0.3,0.20665,0.2,0.20665,True,armed,False,
gnm_closed_loop_20260708_043548,448,20.683334,1783481755.653586,2.679805,0.002726,-0.0,0.005603,0.2,0.20665,0.199812,-0.016119,camera_link,20.683334,gnm_closed_loop,,nominal,,True,ok,third_party/visualnav-transformer/model_weights/gnm/gnm.pth,12.74,0.3,0.2066,0.3437,0.072,3.83,,,gnm_closed_loop,0.2,0.20665,bringup_stage_goal_A,0.5288,True,0.3,0.20665,0.2,0.20665,True,armed,False,
gnm_closed_loop_20260708_043548,449,20.700001,1783481755.655394,2.683128,0.002744,-0.0,0.005624,0.2,0.20665,0.199812,-0.016119,camera_link,20.700001,gnm_closed_loop,,nominal,,True,ok,third_party/visualnav-transformer/model_weights/gnm/gnm.pth,12.74,0.3,0.2066,0.3437,0.072,3.83,,,gnm_closed_loop,0.2,0.20665,bringup_stage_goal_A,0.5299,True,0.3,0.20665,0.2,0.20665,True,armed,False,
gnm_closed_loop_20260708_043548,450,20.716668,1783481755.677741,2.68645,0.002762,-0.0,0.005644,0.2,0.210488,0.199375,-0.01302,camera_link,20.716668,gnm_closed_loop,,nominal,,True,ok,third_party/visualnav-transformer/model_weights/gnm/gnm.pth,13.2,0.3,0.2105,0.3372,0.0721,3.93,,,gnm_closed_loop,0.2,0.210488,bringup_stage_goal_A,0.531,True,0.3,0.210488,0.2,0.210488,True,armed,False,
gnm_closed_loop_20260708_043548,451,20.733334,1783481755.680028,2.689772,0.002781,-0.0,0.005665,0.2,0.210488,0.199375,-0.01302,camera_link,20.733334,gnm_closed_loop,,nominal,,True,ok,third_party/visualnav-transformer/model_weights/gnm/gnm.pth,13.2,0.3,0.2105,0.3372,0.0721,3.93,,,gnm_closed_loop,0.2,0.210488,bringup_stage_goal_A,0.5322,True,0.3,0.210488,0.2,0.210488,True,armed,False,
gnm_closed_loop_20260708_043548,452,20.750001,1783481755.682488,2.693093,0.002799,-0.0,0.005686,0.2,0.210488,0.199375,-0.01302,camera_link,20.750001,gnm_closed_loop,,nominal,,True,ok,third_party/visualnav-transformer/model_weights/gnm/gnm.pth,13.2,0.3,0.2105,0.3372,0.0721,3.93,,,gnm_closed_loop,0.2,0.210488,bringup_stage_goal_A,0.5334,True,0.3,0.210488,0.2,0.210488,True,armed,False,
gnm_closed_loop_20260708_043548,453,20.766668,1783481755.704214,2.696418,0.002818,-0.0,0.005707,0.2,0.213561,0.199494,-0.014742,camera_link,20.766668,gnm_closed_loop,,nominal,,True,ok,third_party/visualnav-transformer/model_weights/gnm/gnm.pth,12.81,0.3,0.2136,0.3329,0.0722,3.99,,,gnm_closed_loop,0.2,0.213561,bringup_stage_goal_A,0.5346,True,0.3,0.213561,0.2,0.213561,True,armed,False,
gnm_closed_loop_20260708_043548,454,20.783334,1783481755.706247,2.69974,0.002836,-0.0,0.005729,0.2,0.213561,0.199494,-0.014742,camera_link,20.783334,gnm_closed_loop,,nominal,,True,ok,third_party/visualnav-transformer/model_weights/gnm/gnm.pth,12.81,0.3,0.2136,0.3329,0.0722,3.99,,,gnm_closed_loop,0.2,0.213561,bringup_stage_goal_A,0.5358,True,0.3,0.213561,0.2,0.213561,True,armed,False,
gnm_closed_loop_20260708_043548,455,20.800001,1783481755.707872,2.703062,0.002855,-0.0,0.00575,0.2,0.213561,0.199494,-0.014742,camera_link,20.800001,gnm_closed_loop,,nominal,,True,ok,third_party/visualnav-transformer/model_weights/gnm/gnm.pth,12.81,0.3,0.2136,0.3329,0.0722,3.99,,,gnm_closed_loop,0.2,0.213561,bringup_stage_goal_A,0.537,True,0.3,0.213561,0.2,0.213561,True,armed,False,
gnm_closed_loop_20260708_043548,456,20.816668,1783481755.730597,2.706386,0.002873,-0.0,0.005771,0.2,0.210102,0.199339,-0.013149,camera_link,20.816668,gnm_closed_loop,,nominal,,True,ok,third_party/visualnav-transformer/model_weights/gnm/gnm.pth,13.19,0.3,0.2101,0.3344,0.0713,4.03,,,gnm_closed_loop,0.2,0.210102,bringup_stage_goal_A,0.5383,True,0.3,0.210102,0.2,0.210102,True,armed,False,
gnm_closed_loop_20260708_043548,457,20.833334,1783481755.732715,2.709708,0.002892,-0.0,0.005792,0.2,0.210102,0.199339,-0.013149,camera_link,20.833334,gnm_closed_loop,,nominal,,True,ok,third_party/visualnav-transformer/model_weights/gnm/gnm.pth,13.19,0.3,0.2101,0.3344,0.0713,4.03,,,gnm_closed_loop,0.2,0.210102,bringup_stage_goal_A,0.5395,True,0.3,0.210102,0.2,0.210102,True,armed,False,
gnm_closed_loop_20260708_043548,458,20.850001,1783481755.734356,2.713029,0.002911,-0.0,0.005812,0.2,0.210102,0.199339,-0.013149,camera_link,20.850001,gnm_closed_loop,,nominal,,True,ok,third_party/visualnav-transformer/model_weights/gnm/gnm.pth,13.19,0.3,0.2101,0.3344,0.0713,4.03,,,gnm_closed_loop,0.2,0.210102,bringup_stage_goal_A,0.5408,True,0.3,0.210102,0.2,0.210102,True,armed,False,
gnm_closed_loop_20260708_043548,459,20.866668,1783481755.755289,2.716354,0.00293,-0.0,0.005833,0.2,0.205686,0.199498,-0.015454,camera_link,20.866668,gnm_closed_loop,,nominal,,True,ok,third_party/visualnav-transformer/model_weights/gnm/gnm.pth,12.63,0.3,0.2057,0.3367,0.0702,4.11,,,gnm_closed_loop,0.2,0.205686,bringup_stage_goal_A,0.5421,True,0.3,0.205686,0.2,0.205686,True,armed,False,
gnm_closed_loop_20260708_043548,460,20.883334,1783481755.75747,2.719677,0.002949,-0.0,0.005854,0.2,0.205686,0.199498,-0.015454,camera_link,20.883334,gnm_closed_loop,,nominal,,True,ok,third_party/visualnav-transformer/model_weights/gnm/gnm.pth,12.63,0.3,0.2057,0.3367,0.0702,4.11,,,gnm_closed_loop,0.2,0.205686,bringup_stage_goal_A,0.5434,True,0.3,0.205686,0.2,0.205686,True,armed,False,
gnm_closed_loop_20260708_043548,461,20.900001,1783481755.759244,2.723,0.002968,-0.0,0.005875,0.2,0.205686,0.199498,-0.015454,camera_link,20.900001,gnm_closed_loop,,nominal,,True,ok,third_party/visualnav-transformer/model_weights/gnm/gnm.pth,12.63,0.3,0.2057,0.3367,0.0702,4.11,,,gnm_closed_loop,0.2,0.205686,bringup_stage_goal_A,0.5448,True,0.3,0.205686,0.2,0.205686,True,armed,False,
gnm_closed_loop_20260708_043548,462,20.916668,1783481755.781792,2.726322,0.002987,-0.0,0.005895,0.2,0.201921,0.199413,-0.013393,camera_link,20.916668,gnm_closed_loop,,nominal,,True,ok,third_party/visualnav-transformer/model_weights/gnm/gnm.pth,12.91,0.3,0.2019,0.3388,0.0694,4.13,,,gnm_closed_loop,0.2,0.201921,bringup_stage_goal_A,0.5461,True,0.3,0.201921,0.2,0.201921,True,armed,False,
gnm_closed_loop_20260708_043548,463,20.933334,1783481755.784697,2.729645,0.003006,-0.0,0.005915,0.2,0.201921,0.199413,-0.013393,camera_link,20.933334,gnm_closed_loop,,nominal,,True,ok,third_party/visualnav-transformer/model_weights/gnm/gnm.pth,12.91,0.3,0.2019,0.3388,0.0694,4.13,,,gnm_closed_loop,0.2,0.201921,bringup_stage_goal_A,0.5475,True,0.3,0.201921,0.2,0.201921,True,armed,False,
gnm_closed_loop_20260708_043548,464,20.950001,1783481755.786443,2.732967,0.003026,-0.0,0.005936,0.2,0.201921,0.199413,-0.013393,camera_link,20.950001,gnm_closed_loop,,nominal,,True,ok,third_party/visualnav-transformer/model_weights/gnm/gnm.pth,12.91,0.3,0.2019,0.3388,0.0694,4.13,,,gnm_closed_loop,0.2,0.201921,bringup_stage_goal_A,0.5489,True,0.3,0.201921,0.2,0.201921,True,armed,False,
gnm_closed_loop_20260708_043548,465,20.966668,1783481755.808374,2.736286,0.003044,0.0,0.00595,0.2,0.198268,0.200578,-0.008969,camera_link,20.966668,gnm_closed_loop,,nominal,,True,ok,third_party/visualnav-transformer/model_weights/gnm/gnm.pth,12.87,0.3,0.1983,0.345,0.0693,4.14,,,gnm_closed_loop,0.2,0.198268,bringup_stage_goal_A,0.5503,True,0.3,0.198268,0.2,0.198268,True,armed,False,
gnm_closed_loop_20260708_043548,466,20.983334,1783481755.810417,2.739615,0.003063,0.0,0.005972,0.2,0.198268,0.200578,-0.008969,camera_link,20.983334,gnm_closed_loop,,nominal,,True,ok,third_party/visualnav-transformer/model_weights/gnm/gnm.pth,12.87,0.3,0.1983,0.345,0.0693,4.14,,,gnm_closed_loop,0.2,0.198268,bringup_stage_goal_A,0.5517,True,0.3,0.198268,0.2,0.198268,True,armed,False,
gnm_closed_loop_20260708_043548,467,21.000001,1783481755.812143,2.742935,0.003083,-0.0,0.005991,0.2,0.198268,0.200578,-0.008969,camera_link,21.000001,gnm_closed_loop,,nominal,,True,ok,third_party/visualnav-transformer/model_weights/gnm/gnm.pth,12.87,0.3,0.1983,0.345,0.0693,4.14,,,gnm_closed_loop,0.2,0.198268,bringup_stage_goal_A,0.5531,True,0.3,0.198268,0.2,0.198268,True,armed,False,
gnm_closed_loop_20260708_043548,468,21.016668,1783481755.833654,2.74626,0.003102,-0.0,0.00601,0.2,0.192311,0.199868,-0.01567,camera_link,21.016668,gnm_closed_loop,,nominal,,True,ok,third_party/visualnav-transformer/model_weights/gnm/gnm.pth,12.73,0.3,0.1923,0.3512,0.0684,4.13,,,gnm_closed_loop,0.2,0.192311,bringup_stage_goal_A,0.5546,True,0.3,0.192311,0.2,0.192311,True,armed,False,
gnm_closed_loop_20260708_043548,469,21.033334,1783481755.837265,2.749583,0.003122,-0.0,0.00603,0.2,0.192311,0.199868,-0.01567,camera_link,21.033334,gnm_closed_loop,,nominal,,True,ok,third_party/visualnav-transformer/model_weights/gnm/gnm.pth,12.73,0.3,0.1923,0.3512,0.0684,4.13,,,gnm_closed_loop,0.2,0.192311,bringup_stage_goal_A,0.556,True,0.3,0.192311,0.2,0.192311,True,armed,False,
gnm_closed_loop_20260708_043548,470,21.050001,1783481755.839406,2.752911,0.003141,-0.0,0.006048,0.2,0.192311,0.199868,-0.01567,camera_link,21.050001,gnm_closed_loop,,nominal,,True,ok,third_party/visualnav-transformer/model_weights/gnm/gnm.pth,12.73,0.3,0.1923,0.3512,0.0684,4.13,,,gnm_closed_loop,0.2,0.192311,bringup_stage_goal_A,0.5575,True,0.3,0.192311,0.2,0.192311,True,armed,False,
gnm_closed_loop_20260708_043548,471,21.066668,1783481755.862105,2.756236,0.003161,-0.0,0.006067,0.2,0.188653,0.199881,-0.015801,camera_link,21.066668,gnm_closed_loop,,nominal,,True,ok,third_party/visualnav-transformer/model_weights/gnm/gnm.pth,12.97,0.3,0.1887,0.3577,0.0683,4.14,,,gnm_closed_loop,0.2,0.188653,bringup_stage_goal_A,0.559,True,0.3,0.188653,0.2,0.188653,True,armed,False,
gnm_closed_loop_20260708_043548,472,21.083334,1783481755.864326,2.759561,0.003181,-0.0,0.006086,0.2,0.188653,0.199881,-0.015801,camera_link,21.083334,gnm_closed_loop,,nominal,,True,ok,third_party/visualnav-transformer/model_weights/gnm/gnm.pth,12.97,0.3,0.1887,0.3577,0.0683,4.14,,,gnm_closed_loop,0.2,0.188653,bringup_stage_goal_A,0.5605,True,0.3,0.188653,0.2,0.188653,True,armed,False,
gnm_closed_loop_20260708_043548,473,21.100001,1783481755.866058,2.762886,0.0032,-0.0,0.006104,0.2,0.188653,0.199881,-0.015801,camera_link,21.100001,gnm_closed_loop,,nominal,,True,ok,third_party/visualnav-transformer/model_weights/gnm/gnm.pth,12.97,0.3,0.1887,0.3577,0.0683,4.14,,,gnm_closed_loop,0.2,0.188653,bringup_stage_goal_A,0.5621,True,0.3,0.188653,0.2,0.188653,True,armed,False,
gnm_closed_loop_20260708_043548,474,21.116668,1783481755.888046,2.766211,0.00322,-0.0,0.006123,0.2,0.187128,0.199865,-0.015401,camera_link,21.116668,gnm_closed_loop,,nominal,,True,ok,third_party/visualnav-transformer/model_weights/gnm/gnm.pth,12.8,0.3,0.1871,0.3645,0.069,4.16,,,gnm_closed_loop,0.2,0.187128,bringup_stage_goal_A,0.5636,True,0.3,0.187128,0.2,0.187128,True,armed,False,
gnm_closed_loop_20260708_043548,475,21.133334,1783481755.890198,2.769536,0.00324,-0.0,0.006141,0.2,0.187128,0.199865,-0.015401,camera_link,21.133334,gnm_closed_loop,,nominal,,True,ok,third_party/visualnav-transformer/model_weights/gnm/gnm.pth,12.8,0.3,0.1871,0.3645,0.069,4.16,,,gnm_closed_loop,0.2,0.187128,bringup_stage_goal_A,0.5652,True,0.3,0.187128,0.2,0.187128,True,armed,False,
gnm_closed_loop_20260708_043548,476,21.150001,1783481755.892299,2.772861,0.00326,-0.0,0.00616,0.2,0.187128,0.199865,-0.015401,camera_link,21.150001,gnm_closed_loop,,nominal,,True,ok,third_party/visualnav-transformer/model_weights/gnm/gnm.pth,12.8,0.3,0.1871,0.3645,0.069,4.16,,,gnm_closed_loop,0.2,0.187128,bringup_stage_goal_A,0.5667,True,0.3,0.187128,0.2,0.187128,True,armed,False,
gnm_closed_loop_20260708_043548,477,21.166668,1783481755.913991,2.776186,0.00328,-0.0,0.006178,0.2,0.183066,0.199863,-0.015183,camera_link,21.166668,gnm_closed_loop,,nominal,,True,ok,third_party/visualnav-transformer/model_weights/gnm/gnm.pth,12.94,0.3,0.1831,0.3706,0.0686,4.15,,,gnm_closed_loop,0.2,0.183066,bringup_stage_goal_A,0.5683,True,0.3,0.183066,0.2,0.183066,True,armed,False,
gnm_closed_loop_20260708_043548,478,21.183334,1783481755.916175,2.779515,0.0033,-0.0,0.006193,0.2,0.183066,0.199863,-0.015183,camera_link,21.183334,gnm_closed_loop,,nominal,,True,ok,third_party/visualnav-transformer/model_weights/gnm/gnm.pth,12.94,0.3,0.1831,0.3706,0.0686,4.15,,,gnm_closed_loop,0.2,0.183066,bringup_stage_goal_A,0.5699,True,0.3,0.183066,0.2,0.183066,True,armed,False,
gnm_closed_loop_20260708_043548,479,21.200001,1783481755.918211,2.782838,0.00332,-0.0,0.006211,0.2,0.183066,0.199863,-0.015183,camera_link,21.200001,gnm_closed_loop,,nominal,,True,ok,third_party/visualnav-transformer/model_weights/gnm/gnm.pth,12.94,0.3,0.1831,0.3706,0.0686,4.15,,,gnm_closed_loop,0.2,0.183066,bringup_stage_goal_A,0.5716,True,0.3,0.183066,0.2,0.183066,True,armed,False,
gnm_closed_loop_20260708_043548,480,21.216668,1783481755.925877,2.785046,0.003336,0.0,0.006078,0.0,0.0,0.112163,-0.012852,camera_link,21.216668,gnm_closed_loop,,nominal,post-episode zero hold,True,ok,third_party/visualnav-transformer/model_weights/gnm/gnm.pth,12.94,0.3,0.1831,0.3706,0.0686,4.15,,,gnm_closed_loop,0.0,0.0,bringup_stage_goal_A,0.5726,True,,,0.0,0.0,False,zeroed_hold,False,
gnm_closed_loop_20260708_043548,481,21.233334,1783481755.9276,2.786088,0.003344,-0.0,0.006039,0.0,0.0,0.112163,-0.012852,camera_link,21.233334,gnm_closed_loop,,nominal,post-episode zero hold,True,ok,third_party/visualnav-transformer/model_weights/gnm/gnm.pth,12.94,0.3,0.1831,0.3706,0.0686,4.15,,,gnm_closed_loop,0.0,0.0,bringup_stage_goal_A,0.5732,True,,,0.0,0.0,False,zeroed_hold,False,
gnm_closed_loop_20260708_043548,482,21.250001,1783481755.929877,2.786332,0.003346,-0.0,0.006038,0.0,0.0,0.112163,-0.012852,camera_link,21.250001,gnm_closed_loop,,nominal,post-episode zero hold,True,ok,third_party/visualnav-transformer/model_weights/gnm/gnm.pth,12.94,0.3,0.1831,0.3706,0.0686,4.15,,,gnm_closed_loop,0.0,0.0,bringup_stage_goal_A,0.5733,True,,,0.0,0.0,False,zeroed_hold,False,
gnm_closed_loop_20260708_043548,483,21.266668,1783481755.937981,2.786353,0.003346,-0.0,0.006038,0.0,0.0,0.000303,0.000411,camera_link,21.266668,gnm_closed_loop,,nominal,post-episode zero hold,True,ok,third_party/visualnav-transformer/model_weights/gnm/gnm.pth,12.94,0.3,0.1831,0.3706,0.0686,4.15,,,gnm_closed_loop,0.0,0.0,bringup_stage_goal_A,0.5733,True,,,0.0,0.0,False,zeroed_hold,False,
gnm_closed_loop_20260708_043548,484,21.283334,1783481755.940646,2.786347,0.003346,-0.0,0.006038,0.0,0.0,0.000303,0.000411,camera_link,21.283334,gnm_closed_loop,,nominal,post-episode zero hold,True,ok,third_party/visualnav-transformer/model_weights/gnm/gnm.pth,12.94,0.3,0.1831,0.3706,0.0686,4.15,,,gnm_closed_loop,0.0,0.0,bringup_stage_goal_A,0.5733,True,,,0.0,0.0,False,zeroed_hold,False,
gnm_closed_loop_20260708_043548,485,21.300001,1783481755.942293,2.786339,0.003346,-0.0,0.006038,0.0,0.0,0.000303,0.000411,camera_link,21.300001,gnm_closed_loop,,nominal,post-episode zero hold,True,ok,third_party/visualnav-transformer/model_weights/gnm/gnm.pth,12.94,0.3,0.1831,0.3706,0.0686,4.15,,,gnm_closed_loop,0.0,0.0,bringup_stage_goal_A,0.5733,True,,,0.0,0.0,False,zeroed_hold,False,
gnm_closed_loop_20260708_043548,486,21.316668,1783481755.950642,2.78633,0.003346,0.0,0.006038,0.0,0.0,-0.00018,-2.5e-05,camera_link,21.316668,gnm_closed_loop,,nominal,post-episode zero hold,True,ok,third_party/visualnav-transformer/model_weights/gnm/gnm.pth,12.94,0.3,0.1831,0.3706,0.0686,4.15,,,gnm_closed_loop,0.0,0.0,bringup_stage_goal_A,0.5733,True,,,0.0,0.0,False,zeroed_hold,False,
gnm_closed_loop_20260708_043548,487,21.333334,1783481755.952417,2.786321,0.003346,-0.0,0.006038,0.0,0.0,-0.00018,-2.5e-05,camera_link,21.333334,gnm_closed_loop,,nominal,post-episode zero hold,True,ok,third_party/visualnav-transformer/model_weights/gnm/gnm.pth,12.94,0.3,0.1831,0.3706,0.0686,4.15,,,gnm_closed_loop,0.0,0.0,bringup_stage_goal_A,0.5733,True,,,0.0,0.0,False,zeroed_hold,False,
gnm_closed_loop_20260708_043548,488,21.350001,1783481755.953934,2.786313,0.003346,-0.0,0.006038,0.0,0.0,-0.00018,-2.5e-05,camera_link,21.350001,gnm_closed_loop,,nominal,post-episode zero hold,True,ok,third_party/visualnav-transformer/model_weights/gnm/gnm.pth,12.94,0.3,0.1831,0.3706,0.0686,4.15,,,gnm_closed_loop,0.0,0.0,bringup_stage_goal_A,0.5733,True,,,0.0,0.0,False,zeroed_hold,False,
gnm_closed_loop_20260708_043548,489,21.366668,1783481755.960521,2.786303,0.003346,-0.0,0.006038,0.0,0.0,-0.000182,-0.000287,camera_link,21.366668,gnm_closed_loop,,nominal,post-episode zero hold,True,ok,third_party/visualnav-transformer/model_weights/gnm/gnm.pth,12.94,0.3,0.1831,0.3706,0.0686,4.15,,,gnm_closed_loop,0.0,0.0,bringup_stage_goal_A,0.5733,True,,,0.0,0.0,False,zeroed_hold,False,
gnm_closed_loop_20260708_043548,490,21.383334,1783481755.962573,2.786295,0.003346,-0.0,0.006038,0.0,0.0,-0.000182,-0.000287,camera_link,21.383334,gnm_closed_loop,,nominal,post-episode zero hold,True,ok,third_party/visualnav-transformer/model_weights/gnm/gnm.pth,12.94,0.3,0.1831,0.3706,0.0686,4.15,,,gnm_closed_loop,0.0,0.0,bringup_stage_goal_A,0.5733,True,,,0.0,0.0,False,zeroed_hold,False,
gnm_closed_loop_20260708_043548,491,21.400001,1783481755.96423,2.786287,0.003346,-0.0,0.006038,0.0,0.0,-0.000182,-0.000287,camera_link,21.400001,gnm_closed_loop,,nominal,post-episode zero hold,True,ok,third_party/visualnav-transformer/model_weights/gnm/gnm.pth,12.94,0.3,0.1831,0.3706,0.0686,4.15,,,gnm_closed_loop,0.0,0.0,bringup_stage_goal_A,0.5733,True,,,0.0,0.0,False,zeroed_hold,False,
gnm_closed_loop_20260708_043548,492,21.416668,1783481755.971226,2.786278,0.003346,-0.0,0.006038,0.0,0.0,-0.000157,-0.000179,camera_link,21.416668,gnm_closed_loop,,nominal,post-episode zero hold,True,ok,third_party/visualnav-transformer/model_weights/gnm/gnm.pth,12.94,0.3,0.1831,0.3706,0.0686,4.15,,,gnm_closed_loop,0.0,0.0,bringup_stage_goal_A,0.5733,True,,,0.0,0.0,False,zeroed_hold,False,
gnm_closed_loop_20260708_043548,493,21.433334,1783481755.973623,2.786269,0.003346,0.0,0.006038,0.0,0.0,-0.000157,-0.000179,camera_link,21.433334,gnm_closed_loop,,nominal,post-episode zero hold,True,ok,third_party/visualnav-transformer/model_weights/gnm/gnm.pth,12.94,0.3,0.1831,0.3706,0.0686,4.15,,,gnm_closed_loop,0.0,0.0,bringup_stage_goal_A,0.5732,True,,,0.0,0.0,False,zeroed_hold,False,
gnm_closed_loop_20260708_043548,494,21.450001,1783481755.975229,2.786259,0.003346,-0.0,0.006038,0.0,0.0,-0.000157,-0.000179,camera_link,21.450001,gnm_closed_loop,,nominal,post-episode zero hold,True,ok,third_party/visualnav-transformer/model_weights/gnm/gnm.pth,12.94,0.3,0.1831,0.3706,0.0686,4.15,,,gnm_closed_loop,0.0,0.0,bringup_stage_goal_A,0.5732,True,,,0.0,0.0,False,zeroed_hold,False,
gnm_closed_loop_20260708_043548,495,21.466668,1783481755.982232,2.786252,0.003346,-0.0,0.006038,0.0,0.0,-0.000171,-0.000358,camera_link,21.466668,gnm_closed_loop,,nominal,post-episode zero hold,True,ok,third_party/visualnav-transformer/model_weights/gnm/gnm.pth,12.94,0.3,0.1831,0.3706,0.0686,4.15,,,gnm_closed_loop,0.0,0.0,bringup_stage_goal_A,0.5732,True,,,0.0,0.0,False,zeroed_hold,False,
gnm_closed_loop_20260708_043548,496,21.483334,1783481755.984178,2.786244,0.003346,-0.0,0.006038,0.0,0.0,-0.000171,-0.000358,camera_link,21.483334,gnm_closed_loop,,nominal,post-episode zero hold,True,ok,third_party/visualnav-transformer/model_weights/gnm/gnm.pth,12.94,0.3,0.1831,0.3706,0.0686,4.15,,,gnm_closed_loop,0.0,0.0,bringup_stage_goal_A,0.5732,True,,,0.0,0.0,False,zeroed_hold,False,
gnm_closed_loop_20260708_043548,497,21.500001,1783481755.985842,2.786235,0.003345,0.0,0.006038,0.0,0.0,-0.000171,-0.000358,camera_link,21.500001,gnm_closed_loop,,nominal,post-episode zero hold,True,ok,third_party/visualnav-transformer/model_weights/gnm/gnm.pth,12.94,0.3,0.1831,0.3706,0.0686,4.15,,,gnm_closed_loop,0.0,0.0,bringup_stage_goal_A,0.5732,True,,,0.0,0.0,False,zeroed_hold,False,
gnm_closed_loop_20260708_043548,498,21.516668,1783481755.993045,2.786226,0.003345,-0.0,0.006038,0.0,0.0,-0.000173,-0.00017,camera_link,21.516668,gnm_closed_loop,,nominal,post-episode zero hold,True,ok,third_party/visualnav-transformer/model_weights/gnm/gnm.pth,12.94,0.3,0.1831,0.3706,0.0686,4.15,,,gnm_closed_loop,0.0,0.0,bringup_stage_goal_A,0.5732,True,,,0.0,0.0,False,zeroed_hold,False,
gnm_closed_loop_20260708_043548,499,21.533334,1783481755.99499,2.786217,0.003345,-0.0,0.006038,0.0,0.0,-0.000173,-0.00017,camera_link,21.533334,gnm_closed_loop,,nominal,post-episode zero hold,True,ok,third_party/visualnav-transformer/model_weights/gnm/gnm.pth,12.94,0.3,0.1831,0.3706,0.0686,4.15,,,gnm_closed_loop,0.0,0.0,bringup_stage_goal_A,0.5732,True,,,0.0,0.0,False,zeroed_hold,False,
gnm_closed_loop_20260708_043548,500,21.550001,1783481755.997119,2.786208,0.003345,-0.0,0.006038,0.0,0.0,-0.000173,-0.00017,camera_link,21.550001,gnm_closed_loop,,nominal,post-episode zero hold,True,ok,third_party/visualnav-transformer/model_weights/gnm/gnm.pth,12.94,0.3,0.1831,0.3706,0.0686,4.15,,,gnm_closed_loop,0.0,0.0,bringup_stage_goal_A,0.5732,True,,,0.0,0.0,False,zeroed_hold,False,
gnm_closed_loop_20260708_043548,501,21.566668,1783481756.003922,2.7862,0.003345,0.0,0.006038,0.0,0.0,-0.000174,0.000129,camera_link,21.566668,gnm_closed_loop,,nominal,post-episode zero hold,True,ok,third_party/visualnav-transformer/model_weights/gnm/gnm.pth,12.94,0.3,0.1831,0.3706,0.0686,4.15,,,gnm_closed_loop,0.0,0.0,bringup_stage_goal_A,0.5732,True,,,0.0,0.0,False,zeroed_hold,False,
gnm_closed_loop_20260708_043548,502,21.583334,1783481756.005618,2.786191,0.003345,-0.0,0.006038,0.0,0.0,-0.000174,0.000129,camera_link,21.583334,gnm_closed_loop,,nominal,post-episode zero hold,True,ok,third_party/visualnav-transformer/model_weights/gnm/gnm.pth,12.94,0.3,0.1831,0.3706,0.0686,4.15,,,gnm_closed_loop,0.0,0.0,bringup_stage_goal_A,0.5732,True,,,0.0,0.0,False,zeroed_hold,False,
gnm_closed_loop_20260708_043548,503,21.600001,1783481756.00727,2.786182,0.003345,-0.0,0.006038,0.0,0.0,-0.000174,0.000129,camera_link,21.600001,gnm_closed_loop,,nominal,post-episode zero hold,True,ok,third_party/visualnav-transformer/model_weights/gnm/gnm.pth,12.94,0.3,0.1831,0.3706,0.0686,4.15,,,gnm_closed_loop,0.0,0.0,bringup_stage_goal_A,0.5732,True,,,0.0,0.0,False,zeroed_hold,False,
gnm_closed_loop_20260708_043548,504,21.616668,1783481756.014148,2.786173,0.003345,-0.0,0.006038,0.0,0.0,-0.000174,2.2e-05,camera_link,21.616668,gnm_closed_loop,,nominal,post-episode zero hold,True,ok,third_party/visualnav-transformer/model_weights/gnm/gnm.pth,12.94,0.3,0.1831,0.3706,0.0686,4.15,,,gnm_closed_loop,0.0,0.0,bringup_stage_goal_A,0.5732,True,,,0.0,0.0,False,zeroed_hold,False,
gnm_closed_loop_20260708_043548,505,21.633334,1783481756.016219,2.786175,0.003345,0.0,0.006038,0.0,0.0,-0.000174,2.2e-05,camera_link,21.633334,gnm_closed_loop,,nominal,post-episode zero hold,True,ok,third_party/visualnav-transformer/model_weights/gnm/gnm.pth,12.94,0.3,0.1831,0.3706,0.0686,4.15,,,gnm_closed_loop,0.0,0.0,bringup_stage_goal_A,0.5732,True,,,0.0,0.0,False,zeroed_hold,False,
gnm_closed_loop_20260708_043548,506,21.650001,1783481756.017896,2.786171,0.003345,-0.0,0.006038,0.0,0.0,-0.000174,2.2e-05,camera_link,21.650001,gnm_closed_loop,,nominal,post-episode zero hold,True,ok,third_party/visualnav-transformer/model_weights/gnm/gnm.pth,12.94,0.3,0.1831,0.3706,0.0686,4.15,,,gnm_closed_loop,0.0,0.0,bringup_stage_goal_A,0.5732,True,,,0.0,0.0,False,zeroed_hold,False,
gnm_closed_loop_20260708_043548,507,21.666668,1783481756.024956,2.786163,0.003345,-0.0,0.006038,0.0,0.0,-0.000189,0.000106,camera_link,21.666668,gnm_closed_loop,,nominal,post-episode zero hold,True,ok,third_party/visualnav-transformer/model_weights/gnm/gnm.pth,12.94,0.3,0.1831,0.3706,0.0686,4.15,,,gnm_closed_loop,0.0,0.0,bringup_stage_goal_A,0.5732,True,,,0.0,0.0,False,zeroed_hold,False,
gnm_closed_loop_20260708_043548,508,21.683334,1783481756.026531,2.786154,0.003345,0.0,0.006038,0.0,0.0,-0.000189,0.000106,camera_link,21.683334,gnm_closed_loop,,nominal,post-episode zero hold,True,ok,third_party/visualnav-transformer/model_weights/gnm/gnm.pth,12.94,0.3,0.1831,0.3706,0.0686,4.15,,,gnm_closed_loop,0.0,0.0,bringup_stage_goal_A,0.5732,True,,,0.0,0.0,False,zeroed_hold,False,
gnm_closed_loop_20260708_043548,509,21.700001,1783481756.028118,2.786145,0.003345,-0.0,0.006038,0.0,0.0,-0.000189,0.000106,camera_link,21.700001,gnm_closed_loop,,nominal,post-episode zero hold,True,ok,third_party/visualnav-transformer/model_weights/gnm/gnm.pth,12.94,0.3,0.1831,0.3706,0.0686,4.15,,,gnm_closed_loop,0.0,0.0,bringup_stage_goal_A,0.5732,True,,,0.0,0.0,False,zeroed_hold,False,
gnm_closed_loop_20260708_043548,510,21.716668,1783481756.035676,2.786138,0.003345,-0.0,0.006038,0.0,0.0,-0.000189,-7.8e-05,camera_link,21.716668,gnm_closed_loop,,nominal,post-episode zero hold,True,ok,third_party/visualnav-transformer/model_weights/gnm/gnm.pth,12.94,0.3,0.1831,0.3706,0.0686,4.15,,,gnm_closed_loop,0.0,0.0,bringup_stage_goal_A,0.5732,True,,,0.0,0.0,False,zeroed_hold,False,
gnm_closed_loop_20260708_043548,511,21.733334,1783481756.037985,2.786135,0.003345,0.0,0.006039,0.0,0.0,-0.000189,-7.8e-05,camera_link,21.733334,gnm_closed_loop,,nominal,post-episode zero hold,True,ok,third_party/visualnav-transformer/model_weights/gnm/gnm.pth,12.94,0.3,0.1831,0.3706,0.0686,4.15,,,gnm_closed_loop,0.0,0.0,bringup_stage_goal_A,0.5732,True,,,0.0,0.0,False,zeroed_hold,False,
gnm_closed_loop_20260708_043548,512,21.750001,1783481756.039644,2.78613,0.003345,-0.0,0.006038,0.0,0.0,-0.000189,-7.8e-05,camera_link,21.750001,gnm_closed_loop,,nominal,post-episode zero hold,True,ok,third_party/visualnav-transformer/model_weights/gnm/gnm.pth,12.94,0.3,0.1831,0.3706,0.0686,4.15,,,gnm_closed_loop,0.0,0.0,bringup_stage_goal_A,0.5732,True,,,0.0,0.0,False,zeroed_hold,False,
gnm_closed_loop_20260708_043548,513,21.766668,1783481756.048288,2.786122,0.003345,-0.0,0.006038,0.0,0.0,-0.000154,0.000106,camera_link,21.766668,gnm_closed_loop,,nominal,post-episode zero hold,True,ok,third_party/visualnav-transformer/model_weights/gnm/gnm.pth,12.94,0.3,0.1831,0.3706,0.0686,4.15,,,gnm_closed_loop,0.0,0.0,bringup_stage_goal_A,0.5732,True,,,0.0,0.0,False,zeroed_hold,False,
gnm_closed_loop_20260708_043548,514,21.783334,1783481756.050214,2.786114,0.003345,-0.0,0.006038,0.0,0.0,-0.000154,0.000106,camera_link,21.783334,gnm_closed_loop,,nominal,post-episode zero hold,True,ok,third_party/visualnav-transformer/model_weights/gnm/gnm.pth,12.94,0.3,0.1831,0.3706,0.0686,4.15,,,gnm_closed_loop,0.0,0.0,bringup_stage_goal_A,0.5732,True,,,0.0,0.0,False,zeroed_hold,False,
gnm_closed_loop_20260708_043548,515,21.800001,1783481756.052017,2.786106,0.003345,0.0,0.006038,0.0,0.0,-0.000154,0.000106,camera_link,21.800001,gnm_closed_loop,,nominal,post-episode zero hold,True,ok,third_party/visualnav-transformer/model_weights/gnm/gnm.pth,12.94,0.3,0.1831,0.3706,0.0686,4.15,,,gnm_closed_loop,0.0,0.0,bringup_stage_goal_A,0.5732,True,,,0.0,0.0,False,zeroed_hold,False,
gnm_closed_loop_20260708_043548,516,21.816668,1783481756.061946,2.786097,0.003345,-0.0,0.006038,0.0,0.0,-0.000189,0.000126,camera_link,21.816668,gnm_closed_loop,,nominal,post-episode zero hold,True,ok,third_party/visualnav-transformer/model_weights/gnm/gnm.pth,12.94,0.3,0.1831,0.3706,0.0686,4.15,,,gnm_closed_loop,0.0,0.0,bringup_stage_goal_A,0.5732,True,,,0.0,0.0,False,zeroed_hold,False,
gnm_closed_loop_20260708_043548,517,21.833334,1783481756.064838,2.786089,0.003345,-0.0,0.006038,0.0,0.0,-0.000189,0.000126,camera_link,21.833334,gnm_closed_loop,,nominal,post-episode zero hold,True,ok,third_party/visualnav-transformer/model_weights/gnm/gnm.pth,12.94,0.3,0.1831,0.3706,0.0686,4.15,,,gnm_closed_loop,0.0,0.0,bringup_stage_goal_A,0.5732,True,,,0.0,0.0,False,zeroed_hold,False,
gnm_closed_loop_20260708_043548,518,21.850001,1783481756.066887,2.786081,0.003345,0.0,0.006038,0.0,0.0,-0.000189,0.000126,camera_link,21.850001,gnm_closed_loop,,nominal,post-episode zero hold,True,ok,third_party/visualnav-transformer/model_weights/gnm/gnm.pth,12.94,0.3,0.1831,0.3706,0.0686,4.15,,,gnm_closed_loop,0.0,0.0,bringup_stage_goal_A,0.5732,True,,,0.0,0.0,False,zeroed_hold,False,
gnm_closed_loop_20260708_043548,519,21.866668,1783481756.074067,2.786072,0.003345,-0.0,0.006038,0.0,0.0,-0.000173,0.000149,camera_link,21.866668,gnm_closed_loop,,nominal,post-episode zero hold,True,ok,third_party/visualnav-transformer/model_weights/gnm/gnm.pth,12.94,0.3,0.1831,0.3706,0.0686,4.15,,,gnm_closed_loop,0.0,0.0,bringup_stage_goal_A,0.5732,True,,,0.0,0.0,False,zeroed_hold,False,
gnm_closed_loop_20260708_043548,520,21.883334,1783481756.076772,2.786063,0.003345,-0.0,0.006038,0.0,0.0,-0.000173,0.000149,camera_link,21.883334,gnm_closed_loop,,nominal,post-episode zero hold,True,ok,third_party/visualnav-transformer/model_weights/gnm/gnm.pth,12.94,0.3,0.1831,0.3706,0.0686,4.15,,,gnm_closed_loop,0.0,0.0,bringup_stage_goal_A,0.5731,True,,,0.0,0.0,False,zeroed_hold,False,
gnm_closed_loop_20260708_043548,521,21.900001,1783481756.079433,2.786056,0.003344,-0.0,0.006038,0.0,0.0,-0.000173,0.000149,camera_link,21.900001,gnm_closed_loop,,nominal,post-episode zero hold,True,ok,third_party/visualnav-transformer/model_weights/gnm/gnm.pth,12.94,0.3,0.1831,0.3706,0.0686,4.15,,,gnm_closed_loop,0.0,0.0,bringup_stage_goal_A,0.5731,True,,,0.0,0.0,False,zeroed_hold,False,
gnm_closed_loop_20260708_043548,522,21.916668,1783481756.088679,2.786047,0.003344,-0.0,0.006038,0.0,0.0,-0.000187,-0.000118,camera_link,21.916668,gnm_closed_loop,,nominal,post-episode zero hold,True,ok,third_party/visualnav-transformer/model_weights/gnm/gnm.pth,12.94,0.3,0.1831,0.3706,0.0686,4.15,,,gnm_closed_loop,0.0,0.0,bringup_stage_goal_A,0.5731,True,,,0.0,0.0,False,zeroed_hold,False,
gnm_closed_loop_20260708_043548,523,21.933334,1783481756.09075,2.786039,0.003344,-0.0,0.006038,0.0,0.0,-0.000187,-0.000118,camera_link,21.933334,gnm_closed_loop,,nominal,post-episode zero hold,True,ok,third_party/visualnav-transformer/model_weights/gnm/gnm.pth,12.94,0.3,0.1831,0.3706,0.0686,4.15,,,gnm_closed_loop,0.0,0.0,bringup_stage_goal_A,0.5731,True,,,0.0,0.0,False,zeroed_hold,False,
gnm_closed_loop_20260708_043548,524,21.950001,1783481756.092777,2.786031,0.003344,-0.0,0.006038,0.0,0.0,-0.000187,-0.000118,camera_link,21.950001,gnm_closed_loop,,nominal,post-episode zero hold,True,ok,third_party/visualnav-transformer/model_weights/gnm/gnm.pth,12.94,0.3,0.1831,0.3706,0.0686,4.15,,,gnm_closed_loop,0.0,0.0,bringup_stage_goal_A,0.5731,True,,,0.0,0.0,False,zeroed_hold,False,
gnm_closed_loop_20260708_043548,525,21.966668,1783481756.102553,2.786022,0.003344,-0.0,0.006038,0.0,0.0,-0.000178,-0.000139,camera_link,21.966668,gnm_closed_loop,,nominal,post-episode zero hold,True,ok,third_party/visualnav-transformer/model_weights/gnm/gnm.pth,12.94,0.3,0.1831,0.3706,0.0686,4.15,,,gnm_closed_loop,0.0,0.0,bringup_stage_goal_A,0.5731,True,,,0.0,0.0,False,zeroed_hold,False,
gnm_closed_loop_20260708_043548,526,21.983334,1783481756.10428,2.786014,0.003344,-0.0,0.006038,0.0,0.0,-0.000178,-0.000139,camera_link,21.983334,gnm_closed_loop,,nominal,post-episode zero hold,True,ok,third_party/visualnav-transformer/model_weights/gnm/gnm.pth,12.94,0.3,0.1831,0.3706,0.0686,4.15,,,gnm_closed_loop,0.0,0.0,bringup_stage_goal_A,0.5731,True,,,0.0,0.0,False,zeroed_hold,False,
gnm_closed_loop_20260708_043548,527,22.000001,1783481756.105965,2.786005,0.003344,-0.0,0.006038,0.0,0.0,-0.000178,-0.000139,camera_link,22.000001,gnm_closed_loop,,nominal,post-episode zero hold,True,ok,third_party/visualnav-transformer/model_weights/gnm/gnm.pth,12.94,0.3,0.1831,0.3706,0.0686,4.15,,,gnm_closed_loop,0.0,0.0,bringup_stage_goal_A,0.5731,True,,,0.0,0.0,False,zeroed_hold,False,
gnm_closed_loop_20260708_043548,528,22.016668,1783481756.113849,2.785997,0.003344,-0.0,0.006038,0.0,0.0,-0.000187,7.6e-05,camera_link,22.016668,gnm_closed_loop,,nominal,post-episode zero hold,True,ok,third_party/visualnav-transformer/model_weights/gnm/gnm.pth,12.94,0.3,0.1831,0.3706,0.0686,4.15,,,gnm_closed_loop,0.0,0.0,bringup_stage_goal_A,0.5731,True,,,0.0,0.0,False,zeroed_hold,False,
gnm_closed_loop_20260708_043548,529,22.033334,1783481756.11554,2.785989,0.003344,-0.0,0.006038,0.0,0.0,-0.000187,7.6e-05,camera_link,22.033334,gnm_closed_loop,,nominal,post-episode zero hold,True,ok,third_party/visualnav-transformer/model_weights/gnm/gnm.pth,12.94,0.3,0.1831,0.3706,0.0686,4.15,,,gnm_closed_loop,0.0,0.0,bringup_stage_goal_A,0.5731,True,,,0.0,0.0,False,zeroed_hold,False,
gnm_closed_loop_20260708_043548,530,22.050001,1783481756.117063,2.785981,0.003344,-0.0,0.006038,0.0,0.0,-0.000187,7.6e-05,camera_link,22.050001,gnm_closed_loop,,nominal,post-episode zero hold,True,ok,third_party/visualnav-transformer/model_weights/gnm/gnm.pth,12.94,0.3,0.1831,0.3706,0.0686,4.15,,,gnm_closed_loop,0.0,0.0,bringup_stage_goal_A,0.5731,True,,,0.0,0.0,False,zeroed_hold,False,
gnm_closed_loop_20260708_043548,531,22.066668,1783481756.125059,2.785972,0.003344,0.0,0.006038,0.0,0.0,-0.00019,0.000147,camera_link,22.066668,gnm_closed_loop,,nominal,post-episode zero hold,True,ok,third_party/visualnav-transformer/model_weights/gnm/gnm.pth,12.94,0.3,0.1831,0.3706,0.0686,4.15,,,gnm_closed_loop,0.0,0.0,bringup_stage_goal_A,0.5731,True,,,0.0,0.0,False,zeroed_hold,False,
gnm_closed_loop_20260708_043548,532,22.083334,1783481756.126853,2.785964,0.003344,-0.0,0.006038,0.0,0.0,-0.00019,0.000147,camera_link,22.083334,gnm_closed_loop,,nominal,post-episode zero hold,True,ok,third_party/visualnav-transformer/model_weights/gnm/gnm.pth,12.94,0.3,0.1831,0.3706,0.0686,4.15,,,gnm_closed_loop,0.0,0.0,bringup_stage_goal_A,0.5731,True,,,0.0,0.0,False,zeroed_hold,False,
gnm_closed_loop_20260708_043548,533,22.100001,1783481756.128716,2.785955,0.003344,-0.0,0.006038,0.0,0.0,-0.00019,0.000147,camera_link,22.100001,gnm_closed_loop,,nominal,post-episode zero hold,True,ok,third_party/visualnav-transformer/model_weights/gnm/gnm.pth,12.94,0.3,0.1831,0.3706,0.0686,4.15,,,gnm_closed_loop,0.0,0.0,bringup_stage_goal_A,0.5731,True,,,0.0,0.0,False,zeroed_hold,False,
gnm_closed_loop_20260708_043548,534,22.116668,1783481756.13806,2.785948,0.003344,-0.0,0.006038,0.0,0.0,-0.000204,0.000128,camera_link,22.116668,gnm_closed_loop,,nominal,post-episode zero hold,True,ok,third_party/visualnav-transformer/model_weights/gnm/gnm.pth,12.94,0.3,0.1831,0.3706,0.0686,4.15,,,gnm_closed_loop,0.0,0.0,bringup_stage_goal_A,0.5731,True,,,0.0,0.0,False,zeroed_hold,False,
gnm_closed_loop_20260708_043548,535,22.133334,1783481756.139787,2.785939,0.003344,-0.0,0.006038,0.0,0.0,-0.000204,0.000128,camera_link,22.133334,gnm_closed_loop,,nominal,post-episode zero hold,True,ok,third_party/visualnav-transformer/model_weights/gnm/gnm.pth,12.94,0.3,0.1831,0.3706,0.0686,4.15,,,gnm_closed_loop,0.0,0.0,bringup_stage_goal_A,0.5731,True,,,0.0,0.0,False,zeroed_hold,False,
gnm_closed_loop_20260708_043548,536,22.150001,1783481756.14228,2.785931,0.003344,-0.0,0.006038,0.0,0.0,-0.000204,0.000128,camera_link,22.150001,gnm_closed_loop,,nominal,post-episode zero hold,True,ok,third_party/visualnav-transformer/model_weights/gnm/gnm.pth,12.94,0.3,0.1831,0.3706,0.0686,4.15,,,gnm_closed_loop,0.0,0.0,bringup_stage_goal_A,0.5731,True,,,0.0,0.0,False,zeroed_hold,False,
gnm_closed_loop_20260708_043548,537,22.166668,1783481756.151778,2.785923,0.003344,-0.0,0.006038,0.0,0.0,-0.000178,0.000449,camera_link,22.166668,gnm_closed_loop,,nominal,post-episode zero hold,True,ok,third_party/visualnav-transformer/model_weights/gnm/gnm.pth,12.94,0.3,0.1831,0.3706,0.0686,4.15,,,gnm_closed_loop,0.0,0.0,bringup_stage_goal_A,0.5731,True,,,0.0,0.0,False,zeroed_hold,False,
gnm_closed_loop_20260708_043548,538,22.183334,1783481756.153461,2.785914,0.003344,-0.0,0.006038,0.0,0.0,-0.000178,0.000449,camera_link,22.183334,gnm_closed_loop,,nominal,post-episode zero hold,True,ok,third_party/visualnav-transformer/model_weights/gnm/gnm.pth,12.94,0.3,0.1831,0.3706,0.0686,4.15,,,gnm_closed_loop,0.0,0.0,bringup_stage_goal_A,0.5731,True,,,0.0,0.0,False,zeroed_hold,False,
gnm_closed_loop_20260708_043548,539,22.200001,1783481756.154956,2.785905,0.003344,-0.0,0.006038,0.0,0.0,-0.000178,0.000449,camera_link,22.200001,gnm_closed_loop,,nominal,post-episode zero hold,True,ok,third_party/visualnav-transformer/model_weights/gnm/gnm.pth,12.94,0.3,0.1831,0.3706,0.0686,4.15,,,gnm_closed_loop,0.0,0.0,bringup_stage_goal_A,0.5731,True,,,0.0,0.0,False,zeroed_hold,False,
gnm_closed_loop_20260708_043548,540,22.216668,1783481756.162882,2.785897,0.003344,-0.0,0.006038,0.0,0.0,-0.000171,-3.4e-05,camera_link,22.216668,gnm_closed_loop,,nominal,post-episode zero hold,True,ok,third_party/visualnav-transformer/model_weights/gnm/gnm.pth,12.94,0.3,0.1831,0.3706,0.0686,4.15,,,gnm_closed_loop,0.0,0.0,bringup_stage_goal_A,0.5731,True,,,0.0,0.0,False,zeroed_hold,False,
gnm_closed_loop_20260708_043548,541,22.233334,1783481756.16498,2.785888,0.003343,-0.0,0.006038,0.0,0.0,-0.000171,-3.4e-05,camera_link,22.233334,gnm_closed_loop,,nominal,post-episode zero hold,True,ok,third_party/visualnav-transformer/model_weights/gnm/gnm.pth,12.94,0.3,0.1831,0.3706,0.0686,4.15,,,gnm_closed_loop,0.0,0.0,bringup_stage_goal_A,0.5731,True,,,0.0,0.0,False,zeroed_hold,False,
gnm_closed_loop_20260708_043548,542,22.250001,1783481756.166482,2.78588,0.003343,-0.0,0.006038,0.0,0.0,-0.000171,-3.4e-05,camera_link,22.250001,gnm_closed_loop,,nominal,post-episode zero hold,True,ok,third_party/visualnav-transformer/model_weights/gnm/gnm.pth,12.94,0.3,0.1831,0.3706,0.0686,4.15,,,gnm_closed_loop,0.0,0.0,bringup_stage_goal_A,0.5731,True,,,0.0,0.0,False,zeroed_hold,False,
gnm_closed_loop_20260708_043548,543,22.266668,1783481756.174825,2.785871,0.003343,-0.0,0.006038,0.0,0.0,-0.00018,-4.1e-05,camera_link,22.266668,gnm_closed_loop,,nominal,post-episode zero hold,True,ok,third_party/visualnav-transformer/model_weights/gnm/gnm.pth,12.94,0.3,0.1831,0.3706,0.0686,4.15,,,gnm_closed_loop,0.0,0.0,bringup_stage_goal_A,0.5731,True,,,0.0,0.0,False,zeroed_hold,False,
gnm_closed_loop_20260708_043548,544,22.283334,1783481756.176538,2.785862,0.003343,-0.0,0.006038,0.0,0.0,-0.00018,-4.1e-05,camera_link,22.283334,gnm_closed_loop,,nominal,post-episode zero hold,True,ok,third_party/visualnav-transformer/model_weights/gnm/gnm.pth,12.94,0.3,0.1831,0.3706,0.0686,4.15,,,gnm_closed_loop,0.0,0.0,bringup_stage_goal_A,0.573,True,,,0.0,0.0,False,zeroed_hold,False,
gnm_closed_loop_20260708_043548,545,22.300001,1783481756.1781,2.785854,0.003343,-0.0,0.006038,0.0,0.0,-0.00018,-4.1e-05,camera_link,22.300001,gnm_closed_loop,,nominal,post-episode zero hold,True,ok,third_party/visualnav-transformer/model_weights/gnm/gnm.pth,12.94,0.3,0.1831,0.3706,0.0686,4.15,,,gnm_closed_loop,0.0,0.0,bringup_stage_goal_A,0.573,True,,,0.0,0.0,False,zeroed_hold,False,
gnm_closed_loop_20260708_043548,546,22.316668,1783481756.185545,2.785846,0.003343,-0.0,0.006038,0.0,0.0,-0.000147,-0.000285,camera_link,22.316668,gnm_closed_loop,,nominal,post-episode zero hold,True,ok,third_party/visualnav-transformer/model_weights/gnm/gnm.pth,12.94,0.3,0.1831,0.3706,0.0686,4.15,,,gnm_closed_loop,0.0,0.0,bringup_stage_goal_A,0.573,True,,,0.0,0.0,False,zeroed_hold,False,
gnm_closed_loop_20260708_043548,547,22.333334,1783481756.187426,2.785836,0.003343,-0.0,0.006038,0.0,0.0,-0.000147,-0.000285,camera_link,22.333334,gnm_closed_loop,,nominal,post-episode zero hold,True,ok,third_party/visualnav-transformer/model_weights/gnm/gnm.pth,12.94,0.3,0.1831,0.3706,0.0686,4.15,,,gnm_closed_loop,0.0,0.0,bringup_stage_goal_A,0.573,True,,,0.0,0.0,False,zeroed_hold,False,
gnm_closed_loop_20260708_043548,548,22.350001,1783481756.189145,2.785827,0.003343,-0.0,0.006038,0.0,0.0,-0.000147,-0.000285,camera_link,22.350001,gnm_closed_loop,,nominal,post-episode zero hold,True,ok,third_party/visualnav-transformer/model_weights/gnm/gnm.pth,12.94,0.3,0.1831,0.3706,0.0686,4.15,,,gnm_closed_loop,0.0,0.0,bringup_stage_goal_A,0.573,True,,,0.0,0.0,False,zeroed_hold,False,
gnm_closed_loop_20260708_043548,549,22.366668,1783481756.200054,2.78582,0.003343,-0.0,0.006038,0.0,0.0,-0.000196,6.1e-05,camera_link,22.366668,gnm_closed_loop,,nominal,post-episode zero hold,True,ok,third_party/visualnav-transformer/model_weights/gnm/gnm.pth,12.94,0.3,0.1831,0.3706,0.0686,4.15,,,gnm_closed_loop,0.0,0.0,bringup_stage_goal_A,0.573,True,,,0.0,0.0,False,zeroed_hold,False,
gnm_closed_loop_20260708_043548,550,22.383335,1783481756.202199,2.785811,0.003343,-0.0,0.006038,0.0,0.0,-0.000196,6.1e-05,camera_link,22.383335,gnm_closed_loop,,nominal,post-episode zero hold,True,ok,third_party/visualnav-transformer/model_weights/gnm/gnm.pth,12.94,0.3,0.1831,0.3706,0.0686,4.15,,,gnm_closed_loop,0.0,0.0,bringup_stage_goal_A,0.573,True,,,0.0,0.0,False,zeroed_hold,False,
gnm_closed_loop_20260708_043548,551,22.400001,1783481756.204011,2.785802,0.003343,-0.0,0.006038,0.0,0.0,-0.000196,6.1e-05,camera_link,22.400001,gnm_closed_loop,,nominal,post-episode zero hold,True,ok,third_party/visualnav-transformer/model_weights/gnm/gnm.pth,12.94,0.3,0.1831,0.3706,0.0686,4.15,,,gnm_closed_loop,0.0,0.0,bringup_stage_goal_A,0.573,True,,,0.0,0.0,False,zeroed_hold,False,
gnm_closed_loop_20260708_043548,552,22.416668,1783481756.213374,2.785795,0.003343,0.0,0.006038,0.0,0.0,-0.000188,4.7e-05,camera_link,22.416668,gnm_closed_loop,,nominal,post-episode zero hold,True,ok,third_party/visualnav-transformer/model_weights/gnm/gnm.pth,12.94,0.3,0.1831,0.3706,0.0686,4.15,,,gnm_closed_loop,0.0,0.0,bringup_stage_goal_A,0.573,True,,,0.0,0.0,False,zeroed_hold,False,
gnm_closed_loop_20260708_043548,553,22.433335,1783481756.215147,2.785786,0.003343,-0.0,0.006038,0.0,0.0,-0.000188,4.7e-05,camera_link,22.433335,gnm_closed_loop,,nominal,post-episode zero hold,True,ok,third_party/visualnav-transformer/model_weights/gnm/gnm.pth,12.94,0.3,0.1831,0.3706,0.0686,4.15,,,gnm_closed_loop,0.0,0.0,bringup_stage_goal_A,0.573,True,,,0.0,0.0,False,zeroed_hold,False,
gnm_closed_loop_20260708_043548,554,22.450001,1783481756.216893,2.785778,0.003343,-0.0,0.006038,0.0,0.0,-0.000188,4.7e-05,camera_link,22.450001,gnm_closed_loop,,nominal,post-episode zero hold,True,ok,third_party/visualnav-transformer/model_weights/gnm/gnm.pth,12.94,0.3,0.1831,0.3706,0.0686,4.15,,,gnm_closed_loop,0.0,0.0,bringup_stage_goal_A,0.573,True,,,0.0,0.0,False,zeroed_hold,False,
gnm_closed_loop_20260708_043548,555,22.466668,1783481756.223943,2.785769,0.003343,-0.0,0.006038,0.0,0.0,-0.000182,-0.000144,camera_link,22.466668,gnm_closed_loop,,nominal,post-episode zero hold,True,ok,third_party/visualnav-transformer/model_weights/gnm/gnm.pth,12.94,0.3,0.1831,0.3706,0.0686,4.15,,,gnm_closed_loop,0.0,0.0,bringup_stage_goal_A,0.573,True,,,0.0,0.0,False,zeroed_hold,False,
gnm_closed_loop_20260708_043548,556,22.483335,1783481756.225537,2.785761,0.003343,0.0,0.006038,0.0,0.0,-0.000182,-0.000144,camera_link,22.483335,gnm_closed_loop,,nominal,post-episode zero hold,True,ok,third_party/visualnav-transformer/model_weights/gnm/gnm.pth,12.94,0.3,0.1831,0.3706,0.0686,4.15,,,gnm_closed_loop,0.0,0.0,bringup_stage_goal_A,0.573,True,,,0.0,0.0,False,zeroed_hold,False,
gnm_closed_loop_20260708_043548,557,22.500001,1783481756.226991,2.785752,0.003343,-0.0,0.006038,0.0,0.0,-0.000182,-0.000144,camera_link,22.500001,gnm_closed_loop,,nominal,post-episode zero hold,True,ok,third_party/visualnav-transformer/model_weights/gnm/gnm.pth,12.94,0.3,0.1831,0.3706,0.0686,4.15,,,gnm_closed_loop,0.0,0.0,bringup_stage_goal_A,0.573,True,,,0.0,0.0,False,zeroed_hold,False,
gnm_closed_loop_20260708_043548,558,22.516668,1783481756.233831,2.785743,0.003343,-0.0,0.006038,0.0,0.0,-0.000189,1.1e-05,camera_link,22.516668,gnm_closed_loop,,nominal,post-episode zero hold,True,ok,third_party/visualnav-transformer/model_weights/gnm/gnm.pth,12.94,0.3,0.1831,0.3706,0.0686,4.15,,,gnm_closed_loop,0.0,0.0,bringup_stage_goal_A,0.573,True,,,0.0,0.0,False,zeroed_hold,False,
gnm_closed_loop_20260708_043548,559,22.533335,1783481756.235625,2.785735,0.003343,-0.0,0.006038,0.0,0.0,-0.000189,1.1e-05,camera_link,22.533335,gnm_closed_loop,,nominal,post-episode zero hold,True,ok,third_party/visualnav-transformer/model_weights/gnm/gnm.pth,12.94,0.3,0.1831,0.3706,0.0686,4.15,,,gnm_closed_loop,0.0,0.0,bringup_stage_goal_A,0.573,True,,,0.0,0.0,False,zeroed_hold,False,
gnm_closed_loop_20260708_043548,560,22.550001,1783481756.238211,2.785726,0.003342,-0.0,0.006038,0.0,0.0,-0.000189,1.1e-05,camera_link,22.550001,gnm_closed_loop,,nominal,post-episode zero hold,True,ok,third_party/visualnav-transformer/model_weights/gnm/gnm.pth,12.94,0.3,0.1831,0.3706,0.0686,4.15,,,gnm_closed_loop,0.0,0.0,bringup_stage_goal_A,0.573,True,,,0.0,0.0,False,zeroed_hold,False,
gnm_closed_loop_20260708_043548,561,22.566668,1783481756.248194,2.785718,0.003342,-0.0,0.006038,0.0,0.0,-0.000199,3.7e-05,camera_link,22.566668,gnm_closed_loop,,nominal,post-episode zero hold,True,ok,third_party/visualnav-transformer/model_weights/gnm/gnm.pth,12.94,0.3,0.1831,0.3706,0.0686,4.15,,,gnm_closed_loop,0.0,0.0,bringup_stage_goal_A,0.573,True,,,0.0,0.0,False,zeroed_hold,False,
gnm_closed_loop_20260708_043548,562,22.583335,1783481756.250711,2.78571,0.003342,-0.0,0.006038,0.0,0.0,-0.000199,3.7e-05,camera_link,22.583335,gnm_closed_loop,,nominal,post-episode zero hold,True,ok,third_party/visualnav-transformer/model_weights/gnm/gnm.pth,12.94,0.3,0.1831,0.3706,0.0686,4.15,,,gnm_closed_loop,0.0,0.0,bringup_stage_goal_A,0.573,True,,,0.0,0.0,False,zeroed_hold,False,
gnm_closed_loop_20260708_043548,563,22.600001,1783481756.253287,2.785702,0.003342,-0.0,0.006038,0.0,0.0,-0.000199,3.7e-05,camera_link,22.600001,gnm_closed_loop,,nominal,post-episode zero hold,True,ok,third_party/visualnav-transformer/model_weights/gnm/gnm.pth,12.94,0.3,0.1831,0.3706,0.0686,4.15,,,gnm_closed_loop,0.0,0.0,bringup_stage_goal_A,0.573,True,,,0.0,0.0,False,zeroed_hold,False,
gnm_closed_loop_20260708_043548,564,22.616668,1783481756.261117,2.785693,0.003342,-0.0,0.006038,0.0,0.0,-0.000232,-0.000178,camera_link,22.616668,gnm_closed_loop,,nominal,post-episode zero hold,True,ok,third_party/visualnav-transformer/model_weights/gnm/gnm.pth,12.94,0.3,0.1831,0.3706,0.0686,4.15,,,gnm_closed_loop,0.0,0.0,bringup_stage_goal_A,0.573,True,,,0.0,0.0,False,zeroed_hold,False,
gnm_closed_loop_20260708_043548,565,22.633335,1783481756.26287,2.785685,0.003342,-0.0,0.006038,0.0,0.0,-0.000232,-0.000178,camera_link,22.633335,gnm_closed_loop,,nominal,post-episode zero hold,True,ok,third_party/visualnav-transformer/model_weights/gnm/gnm.pth,12.94,0.3,0.1831,0.3706,0.0686,4.15,,,gnm_closed_loop,0.0,0.0,bringup_stage_goal_A,0.573,True,,,0.0,0.0,False,zeroed_hold,False,
gnm_closed_loop_20260708_043548,566,22.650001,1783481756.264561,2.785676,0.003342,-0.0,0.006038,0.0,0.0,-0.000232,-0.000178,camera_link,22.650001,gnm_closed_loop,,nominal,post-episode zero hold,True,ok,third_party/visualnav-transformer/model_weights/gnm/gnm.pth,12.94,0.3,0.1831,0.3706,0.0686,4.15,,,gnm_closed_loop,0.0,0.0,bringup_stage_goal_A,0.573,True,,,0.0,0.0,False,zeroed_hold,False,
gnm_closed_loop_20260708_043548,567,22.666668,1783481756.272858,2.785668,0.003342,-0.0,0.006038,0.0,0.0,-0.000172,4.2e-05,camera_link,22.666668,gnm_closed_loop,,nominal,post-episode zero hold,True,ok,third_party/visualnav-transformer/model_weights/gnm/gnm.pth,12.94,0.3,0.1831,0.3706,0.0686,4.15,,,gnm_closed_loop,0.0,0.0,bringup_stage_goal_A,0.573,True,,,0.0,0.0,False,zeroed_hold,False,
gnm_closed_loop_20260708_043548,568,22.683335,1783481756.275654,2.785659,0.003342,-0.0,0.006038,0.0,0.0,-0.000172,4.2e-05,camera_link,22.683335,gnm_closed_loop,,nominal,post-episode zero hold,True,ok,third_party/visualnav-transformer/model_weights/gnm/gnm.pth,12.94,0.3,0.1831,0.3706,0.0686,4.15,,,gnm_closed_loop,0.0,0.0,bringup_stage_goal_A,0.5729,True,,,0.0,0.0,False,zeroed_hold,False,
gnm_closed_loop_20260708_043548,569,22.700001,1783481756.278257,2.785651,0.003342,-0.0,0.006038,0.0,0.0,-0.000172,4.2e-05,camera_link,22.700001,gnm_closed_loop,,nominal,post-episode zero hold,True,ok,third_party/visualnav-transformer/model_weights/gnm/gnm.pth,12.94,0.3,0.1831,0.3706,0.0686,4.15,,,gnm_closed_loop,0.0,0.0,bringup_stage_goal_A,0.5729,True,,,0.0,0.0,False,zeroed_hold,False,
gnm_closed_loop_20260708_043548,570,22.716668,1783481756.286108,2.785655,0.003342,0.0,0.00604,0.0,0.0,0.000652,-0.002008,camera_link,22.716668,gnm_closed_loop,,nominal,post-episode zero hold,True,ok,third_party/visualnav-transformer/model_weights/gnm/gnm.pth,12.94,0.3,0.1831,0.3706,0.0686,4.15,,,gnm_closed_loop,0.0,0.0,bringup_stage_goal_A,0.5729,True,,,0.0,0.0,False,zeroed_hold,False,
gnm_closed_loop_20260708_043548,571,22.733335,1783481756.288022,2.785651,0.003342,-0.0,0.006038,0.0,0.0,0.000652,-0.002008,camera_link,22.733335,gnm_closed_loop,,nominal,post-episode zero hold,True,ok,third_party/visualnav-transformer/model_weights/gnm/gnm.pth,12.94,0.3,0.1831,0.3706,0.0686,4.15,,,gnm_closed_loop,0.0,0.0,bringup_stage_goal_A,0.5729,True,,,0.0,0.0,False,zeroed_hold,False,
gnm_closed_loop_20260708_043548,572,22.750001,1783481756.289532,2.785644,0.003342,0.0,0.006038,0.0,0.0,0.000652,-0.002008,camera_link,22.750001,gnm_closed_loop,,nominal,post-episode zero hold,True,ok,third_party/visualnav-transformer/model_weights/gnm/gnm.pth,12.94,0.3,0.1831,0.3706,0.0686,4.15,,,gnm_closed_loop,0.0,0.0,bringup_stage_goal_A,0.5729,True,,,0.0,0.0,False,zeroed_hold,False,
gnm_closed_loop_20260708_043548,573,22.766668,1783481756.295742,2.785635,0.003342,-0.0,0.006038,0.0,0.0,-0.000189,-4.2e-05,camera_link,22.766668,gnm_closed_loop,,nominal,post-episode zero hold,True,ok,third_party/visualnav-transformer/model_weights/gnm/gnm.pth,12.94,0.3,0.1831,0.3706,0.0686,4.15,,,gnm_closed_loop,0.0,0.0,bringup_stage_goal_A,0.5729,True,,,0.0,0.0,False,zeroed_hold,False,
gnm_closed_loop_20260708_043548,574,22.783335,1783481756.297406,2.785627,0.003342,-0.0,0.006038,0.0,0.0,-0.000189,-4.2e-05,camera_link,22.783335,gnm_closed_loop,,nominal,post-episode zero hold,True,ok,third_party/visualnav-transformer/model_weights/gnm/gnm.pth,12.94,0.3,0.1831,0.3706,0.0686,4.15,,,gnm_closed_loop,0.0,0.0,bringup_stage_goal_A,0.5729,True,,,0.0,0.0,False,zeroed_hold,False,
gnm_closed_loop_20260708_043548,575,22.800001,1783481756.298984,2.785618,0.003342,-0.0,0.006038,0.0,0.0,-0.000189,-4.2e-05,camera_link,22.800001,gnm_closed_loop,,nominal,post-episode zero hold,True,ok,third_party/visualnav-transformer/model_weights/gnm/gnm.pth,12.94,0.3,0.1831,0.3706,0.0686,4.15,,,gnm_closed_loop,0.0,0.0,bringup_stage_goal_A,0.5729,True,,,0.0,0.0,False,zeroed_hold,False,
gnm_closed_loop_20260708_043548,576,22.816668,1783481756.306856,2.78561,0.003342,-0.0,0.006038,0.0,0.0,-0.000178,0.000346,camera_link,22.816668,gnm_closed_loop,,nominal,post-episode zero hold,True,ok,third_party/visualnav-transformer/model_weights/gnm/gnm.pth,12.94,0.3,0.1831,0.3706,0.0686,4.15,,,gnm_closed_loop,0.0,0.0,bringup_stage_goal_A,0.5729,True,,,0.0,0.0,False,zeroed_hold,False,
gnm_closed_loop_20260708_043548,577,22.833335,1783481756.308533,2.785601,0.003342,-0.0,0.006038,0.0,0.0,-0.000178,0.000346,camera_link,22.833335,gnm_closed_loop,,nominal,post-episode zero hold,True,ok,third_party/visualnav-transformer/model_weights/gnm/gnm.pth,12.94,0.3,0.1831,0.3706,0.0686,4.15,,,gnm_closed_loop,0.0,0.0,bringup_stage_goal_A,0.5729,True,,,0.0,0.0,False,zeroed_hold,False,
gnm_closed_loop_20260708_043548,578,22.850001,1783481756.310961,2.785594,0.003342,0.0,0.006038,0.0,0.0,-0.000178,0.000346,camera_link,22.850001,gnm_closed_loop,,nominal,post-episode zero hold,True,ok,third_party/visualnav-transformer/model_weights/gnm/gnm.pth,12.94,0.3,0.1831,0.3706,0.0686,4.15,,,gnm_closed_loop,0.0,0.0,bringup_stage_goal_A,0.5729,True,,,0.0,0.0,False,zeroed_hold,False,
gnm_closed_loop_20260708_043548,579,22.866668,1783481756.318726,2.785585,0.003342,-0.0,0.006038,0.0,0.0,-0.000193,0.000145,camera_link,22.866668,gnm_closed_loop,,nominal,post-episode zero hold,True,ok,third_party/visualnav-transformer/model_weights/gnm/gnm.pth,12.94,0.3,0.1831,0.3706,0.0686,4.15,,,gnm_closed_loop,0.0,0.0,bringup_stage_goal_A,0.5729,True,,,0.0,0.0,False,zeroed_hold,False,
gnm_closed_loop_20260708_043548,580,22.883335,1783481756.3205,2.785577,0.003342,-0.0,0.006038,0.0,0.0,-0.000193,0.000145,camera_link,22.883335,gnm_closed_loop,,nominal,post-episode zero hold,True,ok,third_party/visualnav-transformer/model_weights/gnm/gnm.pth,12.94,0.3,0.1831,0.3706,0.0686,4.15,,,gnm_closed_loop,0.0,0.0,bringup_stage_goal_A,0.5729,True,,,0.0,0.0,False,zeroed_hold,False,
gnm_closed_loop_20260708_043548,581,22.900001,1783481756.323148,2.785569,0.003342,-0.0,0.006038,0.0,0.0,-0.000193,0.000145,camera_link,22.900001,gnm_closed_loop,,nominal,post-episode zero hold,True,ok,third_party/visualnav-transformer/model_weights/gnm/gnm.pth,12.94,0.3,0.1831,0.3706,0.0686,4.15,,,gnm_closed_loop,0.0,0.0,bringup_stage_goal_A,0.5729,True,,,0.0,0.0,False,zeroed_hold,False,
gnm_closed_loop_20260708_043548,582,22.916668,1783481756.335885,2.78556,0.003341,-0.0,0.006038,0.0,0.0,-0.000182,5e-06,camera_link,22.916668,gnm_closed_loop,,nominal,post-episode zero hold,True,ok,third_party/visualnav-transformer/model_weights/gnm/gnm.pth,12.94,0.3,0.1831,0.3706,0.0686,4.15,,,gnm_closed_loop,0.0,0.0,bringup_stage_goal_A,0.5729,True,,,0.0,0.0,False,zeroed_hold,False,
gnm_closed_loop_20260708_043548,583,22.933335,1783481756.338819,2.785552,0.003341,-0.0,0.006038,0.0,0.0,-0.000182,5e-06,camera_link,22.933335,gnm_closed_loop,,nominal,post-episode zero hold,True,ok,third_party/visualnav-transformer/model_weights/gnm/gnm.pth,12.94,0.3,0.1831,0.3706,0.0686,4.15,,,gnm_closed_loop,0.0,0.0,bringup_stage_goal_A,0.5729,True,,,0.0,0.0,False,zeroed_hold,False,
gnm_closed_loop_20260708_043548,584,22.950001,1783481756.341356,2.785544,0.003341,-0.0,0.006038,0.0,0.0,-0.000182,5e-06,camera_link,22.950001,gnm_closed_loop,,nominal,post-episode zero hold,True,ok,third_party/visualnav-transformer/model_weights/gnm/gnm.pth,12.94,0.3,0.1831,0.3706,0.0686,4.15,,,gnm_closed_loop,0.0,0.0,bringup_stage_goal_A,0.5729,True,,,0.0,0.0,False,zeroed_hold,False,
gnm_closed_loop_20260708_043548,585,22.966668,1783481756.350539,2.785535,0.003341,-0.0,0.006038,0.0,0.0,-0.000181,-9.7e-05,camera_link,22.966668,gnm_closed_loop,,nominal,post-episode zero hold,True,ok,third_party/visualnav-transformer/model_weights/gnm/gnm.pth,12.94,0.3,0.1831,0.3706,0.0686,4.15,,,gnm_closed_loop,0.0,0.0,bringup_stage_goal_A,0.5729,True,,,0.0,0.0,False,zeroed_hold,False,
gnm_closed_loop_20260708_043548,586,22.983335,1783481756.352214,2.785527,0.003341,-0.0,0.006038,0.0,0.0,-0.000181,-9.7e-05,camera_link,22.983335,gnm_closed_loop,,nominal,post-episode zero hold,True,ok,third_party/visualnav-transformer/model_weights/gnm/gnm.pth,12.94,0.3,0.1831,0.3706,0.0686,4.15,,,gnm_closed_loop,0.0,0.0,bringup_stage_goal_A,0.5729,True,,,0.0,0.0,False,zeroed_hold,False,
gnm_closed_loop_20260708_043548,587,23.000001,1783481756.353726,2.785518,0.003341,-0.0,0.006038,0.0,0.0,-0.000181,-9.7e-05,camera_link,23.000001,gnm_closed_loop,,nominal,post-episode zero hold,True,ok,third_party/visualnav-transformer/model_weights/gnm/gnm.pth,12.94,0.3,0.1831,0.3706,0.0686,4.15,,,gnm_closed_loop,0.0,0.0,bringup_stage_goal_A,0.5729,True,,,0.0,0.0,False,zeroed_hold,False,
gnm_closed_loop_20260708_043548,588,23.016668,1783481756.3601,2.78551,0.003341,-0.0,0.006038,0.0,0.0,-0.000179,2.5e-05,camera_link,23.016668,gnm_closed_loop,,nominal,post-episode zero hold,True,ok,third_party/visualnav-transformer/model_weights/gnm/gnm.pth,12.94,0.3,0.1831,0.3706,0.0686,4.15,,,gnm_closed_loop,0.0,0.0,bringup_stage_goal_A,0.5729,True,,,0.0,0.0,False,zeroed_hold,False,
gnm_closed_loop_20260708_043548,589,23.033335,1783481756.362962,2.785502,0.003341,-0.0,0.006038,0.0,0.0,-0.000179,2.5e-05,camera_link,23.033335,gnm_closed_loop,,nominal,post-episode zero hold,True,ok,third_party/visualnav-transformer/model_weights/gnm/gnm.pth,12.94,0.3,0.1831,0.3706,0.0686,4.15,,,gnm_closed_loop,0.0,0.0,bringup_stage_goal_A,0.5729,True,,,0.0,0.0,False,zeroed_hold,False,
gnm_closed_loop_20260708_043548,590,23.050001,1783481756.365841,2.785493,0.003341,-0.0,0.006038,0.0,0.0,-0.000179,2.5e-05,camera_link,23.050001,gnm_closed_loop,,nominal,post-episode zero hold,True,ok,third_party/visualnav-transformer/model_weights/gnm/gnm.pth,12.94,0.3,0.1831,0.3706,0.0686,4.15,,,gnm_closed_loop,0.0,0.0,bringup_stage_goal_A,0.5729,True,,,0.0,0.0,False,zeroed_hold,False,
gnm_closed_loop_20260708_043548,591,23.066668,1783481756.37618,2.785486,0.003341,0.0,0.006038,0.0,0.0,-0.00018,0.000315,camera_link,23.066668,gnm_closed_loop,,nominal,post-episode zero hold,True,ok,third_party/visualnav-transformer/model_weights/gnm/gnm.pth,12.94,0.3,0.1831,0.3706,0.0686,4.15,,,gnm_closed_loop,0.0,0.0,bringup_stage_goal_A,0.5729,True,,,0.0,0.0,False,zeroed_hold,False,
gnm_closed_loop_20260708_043548,592,23.083335,1783481756.377898,2.785477,0.003341,-0.0,0.006038,0.0,0.0,-0.00018,0.000315,camera_link,23.083335,gnm_closed_loop,,nominal,post-episode zero hold,True,ok,third_party/visualnav-transformer/model_weights/gnm/gnm.pth,12.94,0.3,0.1831,0.3706,0.0686,4.15,,,gnm_closed_loop,0.0,0.0,bringup_stage_goal_A,0.5729,True,,,0.0,0.0,False,zeroed_hold,False,
gnm_closed_loop_20260708_043548,593,23.100001,1783481756.380391,2.785469,0.003341,-0.0,0.006038,0.0,0.0,-0.00018,0.000315,camera_link,23.100001,gnm_closed_loop,,nominal,post-episode zero hold,True,ok,third_party/visualnav-transformer/model_weights/gnm/gnm.pth,12.94,0.3,0.1831,0.3706,0.0686,4.15,,,gnm_closed_loop,0.0,0.0,bringup_stage_goal_A,0.5729,True,,,0.0,0.0,False,zeroed_hold,False,
gnm_closed_loop_20260708_043548,594,23.116668,1783481756.38936,2.785461,0.003341,-0.0,0.006038,0.0,0.0,-0.000176,5e-06,camera_link,23.116668,gnm_closed_loop,,nominal,post-episode zero hold,True,ok,third_party/visualnav-transformer/model_weights/gnm/gnm.pth,12.94,0.3,0.1831,0.3706,0.0686,4.15,,,gnm_closed_loop,0.0,0.0,bringup_stage_goal_A,0.5729,True,,,0.0,0.0,False,zeroed_hold,False,
gnm_closed_loop_20260708_043548,595,23.133335,1783481756.391422,2.785452,0.003341,-0.0,0.006038,0.0,0.0,-0.000176,5e-06,camera_link,23.133335,gnm_closed_loop,,nominal,post-episode zero hold,True,ok,third_party/visualnav-transformer/model_weights/gnm/gnm.pth,12.94,0.3,0.1831,0.3706,0.0686,4.15,,,gnm_closed_loop,0.0,0.0,bringup_stage_goal_A,0.5728,True,,,0.0,0.0,False,zeroed_hold,False,
gnm_closed_loop_20260708_043548,596,23.150001,1783481756.393128,2.785444,0.003341,-0.0,0.006038,0.0,0.0,-0.000176,5e-06,camera_link,23.150001,gnm_closed_loop,,nominal,post-episode zero hold,True,ok,third_party/visualnav-transformer/model_weights/gnm/gnm.pth,12.94,0.3,0.1831,0.3706,0.0686,4.15,,,gnm_closed_loop,0.0,0.0,bringup_stage_goal_A,0.5728,True,,,0.0,0.0,False,zeroed_hold,False,
gnm_closed_loop_20260708_043548,597,23.166668,1783481756.404939,2.785437,0.003341,0.0,0.006038,0.0,0.0,-0.000185,0.000262,camera_link,23.166668,gnm_closed_loop,,nominal,post-episode zero hold,True,ok,third_party/visualnav-transformer/model_weights/gnm/gnm.pth,12.94,0.3,0.1831,0.3706,0.0686,4.15,,,gnm_closed_loop,0.0,0.0,bringup_stage_goal_A,0.5728,True,,,0.0,0.0,False,zeroed_hold,False,
gnm_closed_loop_20260708_043548,598,23.183335,1783481756.407606,2.785428,0.003341,-0.0,0.006038,0.0,0.0,-0.000185,0.000262,camera_link,23.183335,gnm_closed_loop,,nominal,post-episode zero hold,True,ok,third_party/visualnav-transformer/model_weights/gnm/gnm.pth,12.94,0.3,0.1831,0.3706,0.0686,4.15,,,gnm_closed_loop,0.0,0.0,bringup_stage_goal_A,0.5728,True,,,0.0,0.0,False,zeroed_hold,False,
gnm_closed_loop_20260708_043548,599,23.200001,1783481756.409918,2.785419,0.003341,-0.0,0.006038,0.0,0.0,-0.000185,0.000262,camera_link,23.200001,gnm_closed_loop,,nominal,post-episode zero hold,True,ok,third_party/visualnav-transformer/model_weights/gnm/gnm.pth,12.94,0.3,0.1831,0.3706,0.0686,4.15,,,gnm_closed_loop,0.0,0.0,bringup_stage_goal_A,0.5728,True,,,0.0,0.0,False,zeroed_hold,False,
