episode_id,step_idx,sim_time,wall_time,robot_position_x,robot_position_y,robot_position_z,robot_yaw,linear_velocity_cmd,angular_velocity_cmd,odom_linear_velocity,odom_angular_velocity,camera_frame_id,image_timestamp,policy_mode,stop_signal,safety_state,notes,shadow_gnm_enabled,shadow_gnm_status,shadow_gnm_model_path,shadow_gnm_latency_ms,shadow_gnm_candidate_linear_velocity,shadow_gnm_candidate_angular_velocity,shadow_gnm_candidate_waypoint_x,shadow_gnm_candidate_waypoint_y,shadow_gnm_goal_distance,shadow_gnm_confidence,shadow_gnm_error,actual_controller,actual_linear_velocity_cmd,actual_angular_velocity_cmd,experiment_id,pair_id,condition,stop_rule_name,stop_rule_threshold,stop_rule_k,stop_rule_ratio,initial_predicted_distance,normalized_predicted_distance,stop_triggered,goal_id,distance_to_goal_m,gnm_control_enabled,gnm_action_raw_linear_velocity,gnm_action_raw_angular_velocity,gnm_action_clipped_linear_velocity,gnm_action_clipped_angular_velocity,action_clipped,watchdog_state,emergency_stop_triggered,stop_reason,stop_head_enabled,stop_head_mode,stop_head_model_path,stop_head_latency_ms,stop_probability,stop_decision_shadow,stop_threshold,stop_reason_shadow,distance_to_goal_at_stop_signal,nearest_goal_distance_so_far,overshoot_detected,would_have_stopped_step,would_have_stopped_sim_time,stop_authority_enabled
normcmp_G_stopauth_20260708_153944,0,9.716667,1783521586.947635,2.500416,0.5,-0.0,-3.141585,0.2,0.001986,-0.000224,-0.000204,camera_link,9.716667,gnm_closed_loop,,nominal,,True,ok,third_party/visualnav-transformer/model_weights/gnm/gnm.pth,13.99,0.3,0.002,0.9426,0.0019,10.09,,,gnm_closed_loop,0.2,0.001986,normalized_stop_ab_20260708,G,stop_authority_normalized_pred,normalized_pred_gate,,3,0.5,10.09,1.0,False,hospital_fresh_medium_G,3.5004,True,0.3,0.001986,0.2,0.001986,True,armed,False,,True,shadow,results/bo_reviewer_packet/temporal_stop_head/22_temporal_stop_head_model.pt,,,False,0.5,sequence_warmup,,3.5004,False,,,True
normcmp_G_stopauth_20260708_153944,1,9.733334,1783521586.950384,2.499107,0.500001,0.0,3.14158,0.2,0.001986,-0.000224,-0.000204,camera_link,9.733334,gnm_closed_loop,,nominal,,True,ok,third_party/visualnav-transformer/model_weights/gnm/gnm.pth,13.99,0.3,0.002,0.9426,0.0019,10.09,,,gnm_closed_loop,0.2,0.001986,normalized_stop_ab_20260708,G,stop_authority_normalized_pred,normalized_pred_gate,,3,0.5,10.09,1.0,False,hospital_fresh_medium_G,3.4991,True,0.3,0.001986,0.2,0.001986,True,armed,False,,True,shadow,results/bo_reviewer_packet/temporal_stop_head/22_temporal_stop_head_model.pt,,,False,0.5,sequence_warmup,,3.5004,False,,,True
normcmp_G_stopauth_20260708_153944,2,9.750001,1783521586.952574,2.496577,0.500001,-0.0,3.141588,0.2,0.001986,-0.000224,-0.000204,camera_link,9.750001,gnm_closed_loop,,nominal,,True,ok,third_party/visualnav-transformer/model_weights/gnm/gnm.pth,13.99,0.3,0.002,0.9426,0.0019,10.09,,,gnm_closed_loop,0.2,0.001986,normalized_stop_ab_20260708,G,stop_authority_normalized_pred,normalized_pred_gate,,3,0.5,10.09,1.0,False,hospital_fresh_medium_G,3.4966,True,0.3,0.001986,0.2,0.001986,True,armed,False,,True,shadow,results/bo_reviewer_packet/temporal_stop_head/22_temporal_stop_head_model.pt,,,False,0.5,sequence_warmup,,3.5004,False,,,True
normcmp_G_stopauth_20260708_153944,3,9.766667,1783521586.976868,2.493399,0.5,-0.0,3.141588,0.2,0.00203,0.197122,-0.000647,camera_link,9.766667,gnm_closed_loop,,nominal,,True,ok,third_party/visualnav-transformer/model_weights/gnm/gnm.pth,12.99,0.3,0.002,0.9431,0.0019,10.11,,,gnm_closed_loop,0.2,0.00203,normalized_stop_ab_20260708,G,stop_authority_normalized_pred,normalized_pred_gate,,3,0.5,10.09,1.002,False,hospital_fresh_medium_G,3.4934,True,0.3,0.00203,0.2,0.00203,True,armed,False,,True,shadow,results/bo_reviewer_packet/temporal_stop_head/22_temporal_stop_head_model.pt,,,False,0.5,sequence_warmup,,3.4934,False,,,True
normcmp_G_stopauth_20260708_153944,4,9.783334,1783521586.979509,2.490094,0.5,-0.0,3.141588,0.2,0.00203,0.197122,-0.000647,camera_link,9.783334,gnm_closed_loop,,nominal,,True,ok,third_party/visualnav-transformer/model_weights/gnm/gnm.pth,12.99,0.3,0.002,0.9431,0.0019,10.11,,,gnm_closed_loop,0.2,0.00203,normalized_stop_ab_20260708,G,stop_authority_normalized_pred,normalized_pred_gate,,3,0.5,10.09,1.002,False,hospital_fresh_medium_G,3.4901,True,0.3,0.00203,0.2,0.00203,True,armed,False,,True,shadow,results/bo_reviewer_packet/temporal_stop_head/22_temporal_stop_head_model.pt,,,False,0.5,sequence_warmup,,3.4934,False,,,True
normcmp_G_stopauth_20260708_153944,5,9.800001,1783521586.981374,2.486771,0.5,-0.0,3.141589,0.2,0.00203,0.197122,-0.000647,camera_link,9.800001,gnm_closed_loop,,nominal,,True,ok,third_party/visualnav-transformer/model_weights/gnm/gnm.pth,12.99,0.3,0.002,0.9431,0.0019,10.11,,,gnm_closed_loop,0.2,0.00203,normalized_stop_ab_20260708,G,stop_authority_normalized_pred,normalized_pred_gate,,3,0.5,10.09,1.002,False,hospital_fresh_medium_G,3.4868,True,0.3,0.00203,0.2,0.00203,True,armed,False,,True,shadow,results/bo_reviewer_packet/temporal_stop_head/22_temporal_stop_head_model.pt,,,False,0.5,sequence_warmup,,3.4934,False,,,True
normcmp_G_stopauth_20260708_153944,6,9.816667,1783521587.005512,2.483447,0.5,-0.0,3.141589,0.2,0.00197,0.199832,0.000403,camera_link,9.816667,gnm_closed_loop,,nominal,,True,ok,third_party/visualnav-transformer/model_weights/gnm/gnm.pth,13.52,0.3,0.002,0.943,0.0019,10.06,,,gnm_closed_loop,0.2,0.00197,normalized_stop_ab_20260708,G,stop_authority_normalized_pred,normalized_pred_gate,,3,0.5,10.09,0.997,False,hospital_fresh_medium_G,3.4834,True,0.3,0.00197,0.2,0.00197,True,armed,False,,True,shadow,results/bo_reviewer_packet/temporal_stop_head/22_temporal_stop_head_model.pt,,,False,0.5,sequence_warmup,,3.4834,False,,,True
normcmp_G_stopauth_20260708_153944,7,9.833334,1783521587.008113,2.480123,0.5,-0.0,3.141589,0.2,0.00197,0.199832,0.000403,camera_link,9.833334,gnm_closed_loop,,nominal,,True,ok,third_party/visualnav-transformer/model_weights/gnm/gnm.pth,13.52,0.3,0.002,0.943,0.0019,10.06,,,gnm_closed_loop,0.2,0.00197,normalized_stop_ab_20260708,G,stop_authority_normalized_pred,normalized_pred_gate,,3,0.5,10.09,0.997,False,hospital_fresh_medium_G,3.4801,True,0.3,0.00197,0.2,0.00197,True,armed,False,,True,shadow,results/bo_reviewer_packet/temporal_stop_head/22_temporal_stop_head_model.pt,,,False,0.5,sequence_warmup,,3.4834,False,,,True
normcmp_G_stopauth_20260708_153944,8,9.850001,1783521587.011145,2.476798,0.500001,-0.0,3.141589,0.2,0.00197,0.199832,0.000403,camera_link,9.850001,gnm_closed_loop,,nominal,,True,ok,third_party/visualnav-transformer/model_weights/gnm/gnm.pth,13.52,0.3,0.002,0.943,0.0019,10.06,,,gnm_closed_loop,0.2,0.00197,normalized_stop_ab_20260708,G,stop_authority_normalized_pred,normalized_pred_gate,,3,0.5,10.09,0.997,False,hospital_fresh_medium_G,3.4768,True,0.3,0.00197,0.2,0.00197,True,armed,False,,True,shadow,results/bo_reviewer_packet/temporal_stop_head/22_temporal_stop_head_model.pt,,,False,0.5,sequence_warmup,,3.4834,False,,,True
normcmp_G_stopauth_20260708_153944,9,9.866667,1783521587.036333,2.473474,0.500001,-0.0,3.141589,0.2,0.001665,0.199826,1.7e-05,camera_link,9.866667,gnm_closed_loop,,nominal,,True,ok,third_party/visualnav-transformer/model_weights/gnm/gnm.pth,13.94,0.3,0.0017,0.9399,0.0016,9.98,,,gnm_closed_loop,0.2,0.001665,normalized_stop_ab_20260708,G,stop_authority_normalized_pred,normalized_pred_gate,,3,0.5,10.09,0.9891,False,hospital_fresh_medium_G,3.4735,True,0.3,0.001665,0.2,0.001665,True,armed,False,,True,shadow,results/bo_reviewer_packet/temporal_stop_head/22_temporal_stop_head_model.pt,,,False,0.5,sequence_warmup,,3.4735,False,,,True
normcmp_G_stopauth_20260708_153944,10,9.883334,1783521587.038696,2.470149,0.5,-0.0,3.141589,0.2,0.001665,0.199826,1.7e-05,camera_link,9.883334,gnm_closed_loop,,nominal,,True,ok,third_party/visualnav-transformer/model_weights/gnm/gnm.pth,13.94,0.3,0.0017,0.9399,0.0016,9.98,,,gnm_closed_loop,0.2,0.001665,normalized_stop_ab_20260708,G,stop_authority_normalized_pred,normalized_pred_gate,,3,0.5,10.09,0.9891,False,hospital_fresh_medium_G,3.4701,True,0.3,0.001665,0.2,0.001665,True,armed,False,,True,shadow,results/bo_reviewer_packet/temporal_stop_head/22_temporal_stop_head_model.pt,,,False,0.5,sequence_warmup,,3.4735,False,,,True
normcmp_G_stopauth_20260708_153944,11,9.900001,1783521587.040485,2.466825,0.500001,-0.0,3.141589,0.2,0.001665,0.199826,1.7e-05,camera_link,9.900001,gnm_closed_loop,,nominal,,True,ok,third_party/visualnav-transformer/model_weights/gnm/gnm.pth,13.94,0.3,0.0017,0.9399,0.0016,9.98,,,gnm_closed_loop,0.2,0.001665,normalized_stop_ab_20260708,G,stop_authority_normalized_pred,normalized_pred_gate,,3,0.5,10.09,0.9891,False,hospital_fresh_medium_G,3.4668,True,0.3,0.001665,0.2,0.001665,True,armed,False,,True,shadow,results/bo_reviewer_packet/temporal_stop_head/22_temporal_stop_head_model.pt,,,False,0.5,sequence_warmup,,3.4735,False,,,True
normcmp_G_stopauth_20260708_153944,12,9.916667,1783521587.067747,2.4635,0.500001,-0.0,3.141589,0.2,0.001113,0.199832,0.000374,camera_link,9.916667,gnm_closed_loop,,nominal,,True,ok,third_party/visualnav-transformer/model_weights/gnm/gnm.pth,14.78,0.3,0.0011,0.9351,0.001,9.87,,,gnm_closed_loop,0.2,0.001113,normalized_stop_ab_20260708,G,stop_authority_normalized_pred,normalized_pred_gate,,3,0.5,10.09,0.9782,False,hospital_fresh_medium_G,3.4635,True,0.3,0.001113,0.2,0.001113,True,armed,False,,True,shadow,results/bo_reviewer_packet/temporal_stop_head/22_temporal_stop_head_model.pt,,,False,0.5,sequence_warmup,,3.4635,False,,,True
normcmp_G_stopauth_20260708_153944,13,9.933334,1783521587.070283,2.460177,0.500001,-0.0,3.141589,0.2,0.001113,0.199832,0.000374,camera_link,9.933334,gnm_closed_loop,,nominal,,True,ok,third_party/visualnav-transformer/model_weights/gnm/gnm.pth,14.78,0.3,0.0011,0.9351,0.001,9.87,,,gnm_closed_loop,0.2,0.001113,normalized_stop_ab_20260708,G,stop_authority_normalized_pred,normalized_pred_gate,,3,0.5,10.09,0.9782,False,hospital_fresh_medium_G,3.4602,True,0.3,0.001113,0.2,0.001113,True,armed,False,,True,shadow,results/bo_reviewer_packet/temporal_stop_head/22_temporal_stop_head_model.pt,,,False,0.5,sequence_warmup,,3.4635,False,,,True
normcmp_G_stopauth_20260708_153944,14,9.950001,1783521587.072504,2.456852,0.500001,-0.0,3.141589,0.2,0.001113,0.199832,0.000374,camera_link,9.950001,gnm_closed_loop,,nominal,,True,ok,third_party/visualnav-transformer/model_weights/gnm/gnm.pth,14.78,0.3,0.0011,0.9351,0.001,9.87,,,gnm_closed_loop,0.2,0.001113,normalized_stop_ab_20260708,G,stop_authority_normalized_pred,normalized_pred_gate,,3,0.5,10.09,0.9782,False,hospital_fresh_medium_G,3.4569,True,0.3,0.001113,0.2,0.001113,True,armed,False,,True,shadow,results/bo_reviewer_packet/temporal_stop_head/22_temporal_stop_head_model.pt,,,False,0.5,sequence_warmup,,3.4635,False,,,True
normcmp_G_stopauth_20260708_153944,15,9.966667,1783521587.096195,2.453527,0.500001,-0.0,3.141589,0.2,0.000413,0.199828,-0.000298,camera_link,9.966667,gnm_closed_loop,,nominal,,True,ok,third_party/visualnav-transformer/model_weights/gnm/gnm.pth,13.13,0.3,0.0004,0.9278,0.0004,9.79,,,gnm_closed_loop,0.2,0.000413,normalized_stop_ab_20260708,G,stop_authority_normalized_pred,normalized_pred_gate,,3,0.5,10.09,0.9703,False,hospital_fresh_medium_G,3.4535,True,0.3,0.000413,0.2,0.000413,True,armed,False,,True,shadow,results/bo_reviewer_packet/temporal_stop_head/22_temporal_stop_head_model.pt,,,False,0.5,sequence_warmup,,3.4535,False,,,True
normcmp_G_stopauth_20260708_153944,16,9.983334,1783521587.098416,2.450203,0.500001,-0.0,3.14159,0.2,0.000413,0.199828,-0.000298,camera_link,9.983334,gnm_closed_loop,,nominal,,True,ok,third_party/visualnav-transformer/model_weights/gnm/gnm.pth,13.13,0.3,0.0004,0.9278,0.0004,9.79,,,gnm_closed_loop,0.2,0.000413,normalized_stop_ab_20260708,G,stop_authority_normalized_pred,normalized_pred_gate,,3,0.5,10.09,0.9703,False,hospital_fresh_medium_G,3.4502,True,0.3,0.000413,0.2,0.000413,True,armed,False,,True,shadow,results/bo_reviewer_packet/temporal_stop_head/22_temporal_stop_head_model.pt,,,False,0.5,sequence_warmup,,3.4535,False,,,True
normcmp_G_stopauth_20260708_153944,17,10.000001,1783521587.100538,2.446879,0.500001,-0.0,3.141589,0.2,0.000413,0.199828,-0.000298,camera_link,10.000001,gnm_closed_loop,,nominal,,True,ok,third_party/visualnav-transformer/model_weights/gnm/gnm.pth,13.13,0.3,0.0004,0.9278,0.0004,9.79,,,gnm_closed_loop,0.2,0.000413,normalized_stop_ab_20260708,G,stop_authority_normalized_pred,normalized_pred_gate,,3,0.5,10.09,0.9703,False,hospital_fresh_medium_G,3.4469,True,0.3,0.000413,0.2,0.000413,True,armed,False,,True,shadow,results/bo_reviewer_packet/temporal_stop_head/22_temporal_stop_head_model.pt,,,False,0.5,sequence_warmup,,3.4535,False,,,True
normcmp_G_stopauth_20260708_153944,18,10.016667,1783521587.128152,2.443554,0.500001,-0.0,3.141589,0.2,-0.000445,0.199846,0.000194,camera_link,10.016667,gnm_closed_loop,,nominal,,True,ok,third_party/visualnav-transformer/model_weights/gnm/gnm.pth,16.04,0.3,-0.0004,0.92,-0.0004,9.7,,,gnm_closed_loop,0.2,-0.000445,normalized_stop_ab_20260708,G,stop_authority_normalized_pred,normalized_pred_gate,,3,0.5,10.09,0.9613,False,hospital_fresh_medium_G,3.4436,True,0.3,-0.000445,0.2,-0.000445,True,armed,False,,True,shadow,results/bo_reviewer_packet/temporal_stop_head/22_temporal_stop_head_model.pt,,,False,0.5,sequence_warmup,,3.4436,False,,,True
normcmp_G_stopauth_20260708_153944,19,10.033334,1783521587.13053,2.440229,0.500001,-0.0,3.141589,0.2,-0.000445,0.199846,0.000194,camera_link,10.033334,gnm_closed_loop,,nominal,,True,ok,third_party/visualnav-transformer/model_weights/gnm/gnm.pth,16.04,0.3,-0.0004,0.92,-0.0004,9.7,,,gnm_closed_loop,0.2,-0.000445,normalized_stop_ab_20260708,G,stop_authority_normalized_pred,normalized_pred_gate,,3,0.5,10.09,0.9613,False,hospital_fresh_medium_G,3.4402,True,0.3,-0.000445,0.2,-0.000445,True,armed,False,,True,shadow,results/bo_reviewer_packet/temporal_stop_head/22_temporal_stop_head_model.pt,,,False,0.5,sequence_warmup,,3.4436,False,,,True
normcmp_G_stopauth_20260708_153944,20,10.050001,1783521587.132426,2.436905,0.500001,-0.0,3.141589,0.2,-0.000445,0.199846,0.000194,camera_link,10.050001,gnm_closed_loop,,nominal,,True,ok,third_party/visualnav-transformer/model_weights/gnm/gnm.pth,16.04,0.3,-0.0004,0.92,-0.0004,9.7,,,gnm_closed_loop,0.2,-0.000445,normalized_stop_ab_20260708,G,stop_authority_normalized_pred,normalized_pred_gate,,3,0.5,10.09,0.9613,False,hospital_fresh_medium_G,3.4369,True,0.3,-0.000445,0.2,-0.000445,True,armed,False,,True,shadow,results/bo_reviewer_packet/temporal_stop_head/22_temporal_stop_head_model.pt,,,False,0.5,sequence_warmup,,3.4436,False,,,True
normcmp_G_stopauth_20260708_153944,21,10.066667,1783521587.161814,2.433581,0.500001,-0.0,3.141589,0.2,-0.001425,0.199829,-0.00015,camera_link,10.066667,gnm_closed_loop,,nominal,,True,ok,third_party/visualnav-transformer/model_weights/gnm/gnm.pth,15.36,0.3,-0.0014,0.91,-0.0013,9.61,,,gnm_closed_loop,0.2,-0.001425,normalized_stop_ab_20260708,G,stop_authority_normalized_pred,normalized_pred_gate,,3,0.5,10.09,0.9524,False,hospital_fresh_medium_G,3.4336,True,0.3,-0.001425,0.2,-0.001425,True,armed,False,,True,shadow,results/bo_reviewer_packet/temporal_stop_head/22_temporal_stop_head_model.pt,0.202,0.0,False,0.5,,,3.4336,False,,,True
normcmp_G_stopauth_20260708_153944,22,10.083334,1783521587.164859,2.430257,0.500001,-0.0,3.14159,0.2,-0.001425,0.199829,-0.00015,camera_link,10.083334,gnm_closed_loop,,nominal,,True,ok,third_party/visualnav-transformer/model_weights/gnm/gnm.pth,15.36,0.3,-0.0014,0.91,-0.0013,9.61,,,gnm_closed_loop,0.2,-0.001425,normalized_stop_ab_20260708,G,stop_authority_normalized_pred,normalized_pred_gate,,3,0.5,10.09,0.9524,False,hospital_fresh_medium_G,3.4303,True,0.3,-0.001425,0.2,-0.001425,True,armed,False,,True,shadow,results/bo_reviewer_packet/temporal_stop_head/22_temporal_stop_head_model.pt,0.202,0.0,False,0.5,,,3.4336,False,,,True
normcmp_G_stopauth_20260708_153944,23,10.100001,1783521587.166731,2.426932,0.500001,-0.0,3.14159,0.2,-0.001425,0.199829,-0.00015,camera_link,10.100001,gnm_closed_loop,,nominal,,True,ok,third_party/visualnav-transformer/model_weights/gnm/gnm.pth,15.36,0.3,-0.0014,0.91,-0.0013,9.61,,,gnm_closed_loop,0.2,-0.001425,normalized_stop_ab_20260708,G,stop_authority_normalized_pred,normalized_pred_gate,,3,0.5,10.09,0.9524,False,hospital_fresh_medium_G,3.4269,True,0.3,-0.001425,0.2,-0.001425,True,armed,False,,True,shadow,results/bo_reviewer_packet/temporal_stop_head/22_temporal_stop_head_model.pt,0.202,0.0,False,0.5,,,3.4336,False,,,True
normcmp_G_stopauth_20260708_153944,24,10.116667,1783521587.193811,2.423608,0.500001,-0.0,3.141589,0.2,-0.002522,0.199834,0.000528,camera_link,10.116667,gnm_closed_loop,,nominal,,True,ok,third_party/visualnav-transformer/model_weights/gnm/gnm.pth,14.3,0.3,-0.0025,0.9003,-0.0023,9.58,,,gnm_closed_loop,0.2,-0.002522,normalized_stop_ab_20260708,G,stop_authority_normalized_pred,normalized_pred_gate,,3,0.5,10.09,0.9495,False,hospital_fresh_medium_G,3.4236,True,0.3,-0.002522,0.2,-0.002522,True,armed,False,,True,shadow,results/bo_reviewer_packet/temporal_stop_head/22_temporal_stop_head_model.pt,0.105,0.0,False,0.5,,,3.4236,False,,,True
normcmp_G_stopauth_20260708_153944,25,10.133334,1783521587.196497,2.420284,0.500001,-0.0,3.141589,0.2,-0.002522,0.199834,0.000528,camera_link,10.133334,gnm_closed_loop,,nominal,,True,ok,third_party/visualnav-transformer/model_weights/gnm/gnm.pth,14.3,0.3,-0.0025,0.9003,-0.0023,9.58,,,gnm_closed_loop,0.2,-0.002522,normalized_stop_ab_20260708,G,stop_authority_normalized_pred,normalized_pred_gate,,3,0.5,10.09,0.9495,False,hospital_fresh_medium_G,3.4203,True,0.3,-0.002522,0.2,-0.002522,True,armed,False,,True,shadow,results/bo_reviewer_packet/temporal_stop_head/22_temporal_stop_head_model.pt,0.105,0.0,False,0.5,,,3.4236,False,,,True
normcmp_G_stopauth_20260708_153944,26,10.150001,1783521587.198509,2.41696,0.500001,-0.0,3.141589,0.2,-0.002522,0.199834,0.000528,camera_link,10.150001,gnm_closed_loop,,nominal,,True,ok,third_party/visualnav-transformer/model_weights/gnm/gnm.pth,14.3,0.3,-0.0025,0.9003,-0.0023,9.58,,,gnm_closed_loop,0.2,-0.002522,normalized_stop_ab_20260708,G,stop_authority_normalized_pred,normalized_pred_gate,,3,0.5,10.09,0.9495,False,hospital_fresh_medium_G,3.417,True,0.3,-0.002522,0.2,-0.002522,True,armed,False,,True,shadow,results/bo_reviewer_packet/temporal_stop_head/22_temporal_stop_head_model.pt,0.105,0.0,False,0.5,,,3.4236,False,,,True
normcmp_G_stopauth_20260708_153944,27,10.166667,1783521587.222789,2.413635,0.500001,-0.0,3.141589,0.2,-0.004066,0.199828,0.000727,camera_link,10.166667,gnm_closed_loop,,nominal,,True,ok,third_party/visualnav-transformer/model_weights/gnm/gnm.pth,13.08,0.3,-0.0041,0.8907,-0.0036,9.58,,,gnm_closed_loop,0.2,-0.004066,normalized_stop_ab_20260708,G,stop_authority_normalized_pred,normalized_pred_gate,,3,0.5,10.09,0.9495,False,hospital_fresh_medium_G,3.4136,True,0.3,-0.004066,0.2,-0.004066,True,armed,False,,True,shadow,results/bo_reviewer_packet/temporal_stop_head/22_temporal_stop_head_model.pt,0.112,0.0,False,0.5,,,3.4136,False,,,True
normcmp_G_stopauth_20260708_153944,28,10.183334,1783521587.225315,2.41031,0.500001,-0.0,3.141588,0.2,-0.004066,0.199828,0.000727,camera_link,10.183334,gnm_closed_loop,,nominal,,True,ok,third_party/visualnav-transformer/model_weights/gnm/gnm.pth,13.08,0.3,-0.0041,0.8907,-0.0036,9.58,,,gnm_closed_loop,0.2,-0.004066,normalized_stop_ab_20260708,G,stop_authority_normalized_pred,normalized_pred_gate,,3,0.5,10.09,0.9495,False,hospital_fresh_medium_G,3.4103,True,0.3,-0.004066,0.2,-0.004066,True,armed,False,,True,shadow,results/bo_reviewer_packet/temporal_stop_head/22_temporal_stop_head_model.pt,0.112,0.0,False,0.5,,,3.4136,False,,,True
normcmp_G_stopauth_20260708_153944,29,10.200001,1783521587.227254,2.406986,0.500001,-0.0,3.141588,0.2,-0.004066,0.199828,0.000727,camera_link,10.200001,gnm_closed_loop,,nominal,,True,ok,third_party/visualnav-transformer/model_weights/gnm/gnm.pth,13.08,0.3,-0.0041,0.8907,-0.0036,9.58,,,gnm_closed_loop,0.2,-0.004066,normalized_stop_ab_20260708,G,stop_authority_normalized_pred,normalized_pred_gate,,3,0.5,10.09,0.9495,False,hospital_fresh_medium_G,3.407,True,0.3,-0.004066,0.2,-0.004066,True,armed,False,,True,shadow,results/bo_reviewer_packet/temporal_stop_head/22_temporal_stop_head_model.pt,0.112,0.0,False,0.5,,,3.4136,False,,,True
normcmp_G_stopauth_20260708_153944,30,10.216667,1783521587.252842,2.403661,0.500001,-0.0,3.141588,0.2,-0.005437,0.199831,0.000602,camera_link,10.216667,gnm_closed_loop,,nominal,,True,ok,third_party/visualnav-transformer/model_weights/gnm/gnm.pth,14.03,0.3,-0.0054,0.8814,-0.0048,9.54,,,gnm_closed_loop,0.2,-0.005437,normalized_stop_ab_20260708,G,stop_authority_normalized_pred,normalized_pred_gate,,3,0.5,10.09,0.9455,False,hospital_fresh_medium_G,3.4037,True,0.3,-0.005437,0.2,-0.005437,True,armed,False,,True,shadow,results/bo_reviewer_packet/temporal_stop_head/22_temporal_stop_head_model.pt,0.127,0.0,False,0.5,,,3.4037,False,,,True
normcmp_G_stopauth_20260708_153944,31,10.233334,1783521587.255298,2.400337,0.500001,-0.0,3.141588,0.2,-0.005437,0.199831,0.000602,camera_link,10.233334,gnm_closed_loop,,nominal,,True,ok,third_party/visualnav-transformer/model_weights/gnm/gnm.pth,14.03,0.3,-0.0054,0.8814,-0.0048,9.54,,,gnm_closed_loop,0.2,-0.005437,normalized_stop_ab_20260708,G,stop_authority_normalized_pred,normalized_pred_gate,,3,0.5,10.09,0.9455,False,hospital_fresh_medium_G,3.4003,True,0.3,-0.005437,0.2,-0.005437,True,armed,False,,True,shadow,results/bo_reviewer_packet/temporal_stop_head/22_temporal_stop_head_model.pt,0.127,0.0,False,0.5,,,3.4037,False,,,True
normcmp_G_stopauth_20260708_153944,32,10.250001,1783521587.25752,2.397013,0.500001,-0.0,3.141587,0.2,-0.005437,0.199831,0.000602,camera_link,10.250001,gnm_closed_loop,,nominal,,True,ok,third_party/visualnav-transformer/model_weights/gnm/gnm.pth,14.03,0.3,-0.0054,0.8814,-0.0048,9.54,,,gnm_closed_loop,0.2,-0.005437,normalized_stop_ab_20260708,G,stop_authority_normalized_pred,normalized_pred_gate,,3,0.5,10.09,0.9455,False,hospital_fresh_medium_G,3.397,True,0.3,-0.005437,0.2,-0.005437,True,armed,False,,True,shadow,results/bo_reviewer_packet/temporal_stop_head/22_temporal_stop_head_model.pt,0.127,0.0,False,0.5,,,3.4037,False,,,True
normcmp_G_stopauth_20260708_153944,33,10.266667,1783521587.28064,2.393688,0.500001,-0.0,3.141587,0.2,-0.006693,0.199844,-2.8e-05,camera_link,10.266667,gnm_closed_loop,,nominal,,True,ok,third_party/visualnav-transformer/model_weights/gnm/gnm.pth,13.02,0.3,-0.0067,0.8732,-0.0058,9.5,,,gnm_closed_loop,0.2,-0.006693,normalized_stop_ab_20260708,G,stop_authority_normalized_pred,normalized_pred_gate,,3,0.5,10.09,0.9415,False,hospital_fresh_medium_G,3.3937,True,0.3,-0.006693,0.2,-0.006693,True,armed,False,,True,shadow,results/bo_reviewer_packet/temporal_stop_head/22_temporal_stop_head_model.pt,0.125,0.0,False,0.5,,,3.3937,False,,,True
normcmp_G_stopauth_20260708_153944,34,10.283334,1783521587.283343,2.390364,0.5,-0.0,3.141587,0.2,-0.006693,0.199844,-2.8e-05,camera_link,10.283334,gnm_closed_loop,,nominal,,True,ok,third_party/visualnav-transformer/model_weights/gnm/gnm.pth,13.02,0.3,-0.0067,0.8732,-0.0058,9.5,,,gnm_closed_loop,0.2,-0.006693,normalized_stop_ab_20260708,G,stop_authority_normalized_pred,normalized_pred_gate,,3,0.5,10.09,0.9415,False,hospital_fresh_medium_G,3.3904,True,0.3,-0.006693,0.2,-0.006693,True,armed,False,,True,shadow,results/bo_reviewer_packet/temporal_stop_head/22_temporal_stop_head_model.pt,0.125,0.0,False,0.5,,,3.3937,False,,,True
normcmp_G_stopauth_20260708_153944,35,10.300001,1783521587.285166,2.38704,0.5,-0.0,3.141587,0.2,-0.006693,0.199844,-2.8e-05,camera_link,10.300001,gnm_closed_loop,,nominal,,True,ok,third_party/visualnav-transformer/model_weights/gnm/gnm.pth,13.02,0.3,-0.0067,0.8732,-0.0058,9.5,,,gnm_closed_loop,0.2,-0.006693,normalized_stop_ab_20260708,G,stop_authority_normalized_pred,normalized_pred_gate,,3,0.5,10.09,0.9415,False,hospital_fresh_medium_G,3.387,True,0.3,-0.006693,0.2,-0.006693,True,armed,False,,True,shadow,results/bo_reviewer_packet/temporal_stop_head/22_temporal_stop_head_model.pt,0.125,0.0,False,0.5,,,3.3937,False,,,True
normcmp_G_stopauth_20260708_153944,36,10.316667,1783521587.307498,2.383715,0.5,-0.0,3.141587,0.2,-0.007326,0.199814,0.000582,camera_link,10.316667,gnm_closed_loop,,nominal,,True,ok,third_party/visualnav-transformer/model_weights/gnm/gnm.pth,12.85,0.3,-0.0073,0.8688,-0.0064,9.49,,,gnm_closed_loop,0.2,-0.007326,normalized_stop_ab_20260708,G,stop_authority_normalized_pred,normalized_pred_gate,,3,0.5,10.09,0.9405,False,hospital_fresh_medium_G,3.3837,True,0.3,-0.007326,0.2,-0.007326,True,armed,False,,True,shadow,results/bo_reviewer_packet/temporal_stop_head/22_temporal_stop_head_model.pt,0.124,0.0,False,0.5,,,3.3837,False,,,True
normcmp_G_stopauth_20260708_153944,37,10.333334,1783521587.309911,2.380391,0.5,-0.0,3.141587,0.2,-0.007326,0.199814,0.000582,camera_link,10.333334,gnm_closed_loop,,nominal,,True,ok,third_party/visualnav-transformer/model_weights/gnm/gnm.pth,12.85,0.3,-0.0073,0.8688,-0.0064,9.49,,,gnm_closed_loop,0.2,-0.007326,normalized_stop_ab_20260708,G,stop_authority_normalized_pred,normalized_pred_gate,,3,0.5,10.09,0.9405,False,hospital_fresh_medium_G,3.3804,True,0.3,-0.007326,0.2,-0.007326,True,armed,False,,True,shadow,results/bo_reviewer_packet/temporal_stop_head/22_temporal_stop_head_model.pt,0.124,0.0,False,0.5,,,3.3837,False,,,True
normcmp_G_stopauth_20260708_153944,38,10.350001,1783521587.311743,2.377067,0.500001,-0.0,3.141587,0.2,-0.007326,0.199814,0.000582,camera_link,10.350001,gnm_closed_loop,,nominal,,True,ok,third_party/visualnav-transformer/model_weights/gnm/gnm.pth,12.85,0.3,-0.0073,0.8688,-0.0064,9.49,,,gnm_closed_loop,0.2,-0.007326,normalized_stop_ab_20260708,G,stop_authority_normalized_pred,normalized_pred_gate,,3,0.5,10.09,0.9405,False,hospital_fresh_medium_G,3.3771,True,0.3,-0.007326,0.2,-0.007326,True,armed,False,,True,shadow,results/bo_reviewer_packet/temporal_stop_head/22_temporal_stop_head_model.pt,0.124,0.0,False,0.5,,,3.3837,False,,,True
normcmp_G_stopauth_20260708_153944,39,10.366667,1783521587.334463,2.373743,0.500001,-0.0,3.141587,0.2,-0.007511,0.19984,-2.9e-05,camera_link,10.366667,gnm_closed_loop,,nominal,,True,ok,third_party/visualnav-transformer/model_weights/gnm/gnm.pth,12.96,0.3,-0.0075,0.8681,-0.0065,9.58,,,gnm_closed_loop,0.2,-0.007511,normalized_stop_ab_20260708,G,stop_authority_normalized_pred,normalized_pred_gate,,3,0.5,10.09,0.9495,False,hospital_fresh_medium_G,3.3737,True,0.3,-0.007511,0.2,-0.007511,True,armed,False,,True,shadow,results/bo_reviewer_packet/temporal_stop_head/22_temporal_stop_head_model.pt,0.131,0.0,False,0.5,,,3.3737,False,,,True
normcmp_G_stopauth_20260708_153944,40,10.383334,1783521587.336898,2.370419,0.5,-0.0,3.141587,0.2,-0.007511,0.19984,-2.9e-05,camera_link,10.383334,gnm_closed_loop,,nominal,,True,ok,third_party/visualnav-transformer/model_weights/gnm/gnm.pth,12.96,0.3,-0.0075,0.8681,-0.0065,9.58,,,gnm_closed_loop,0.2,-0.007511,normalized_stop_ab_20260708,G,stop_authority_normalized_pred,normalized_pred_gate,,3,0.5,10.09,0.9495,False,hospital_fresh_medium_G,3.3704,True,0.3,-0.007511,0.2,-0.007511,True,armed,False,,True,shadow,results/bo_reviewer_packet/temporal_stop_head/22_temporal_stop_head_model.pt,0.131,0.0,False,0.5,,,3.3737,False,,,True
normcmp_G_stopauth_20260708_153944,41,10.400001,1783521587.339665,2.367095,0.500001,-0.0,3.141586,0.2,-0.007511,0.19984,-2.9e-05,camera_link,10.400001,gnm_closed_loop,,nominal,,True,ok,third_party/visualnav-transformer/model_weights/gnm/gnm.pth,12.96,0.3,-0.0075,0.8681,-0.0065,9.58,,,gnm_closed_loop,0.2,-0.007511,normalized_stop_ab_20260708,G,stop_authority_normalized_pred,normalized_pred_gate,,3,0.5,10.09,0.9495,False,hospital_fresh_medium_G,3.3671,True,0.3,-0.007511,0.2,-0.007511,True,armed,False,,True,shadow,results/bo_reviewer_packet/temporal_stop_head/22_temporal_stop_head_model.pt,0.131,0.0,False,0.5,,,3.3737,False,,,True
normcmp_G_stopauth_20260708_153944,42,10.416667,1783521587.363389,2.363771,0.5,-0.0,3.141586,0.2,-0.007663,0.199822,7e-05,camera_link,10.416667,gnm_closed_loop,,nominal,,True,ok,third_party/visualnav-transformer/model_weights/gnm/gnm.pth,12.84,0.3,-0.0077,0.8675,-0.0066,9.69,,,gnm_closed_loop,0.2,-0.007663,normalized_stop_ab_20260708,G,stop_authority_normalized_pred,normalized_pred_gate,,3,0.5,10.09,0.9604,False,hospital_fresh_medium_G,3.3638,True,0.3,-0.007663,0.2,-0.007663,True,armed,False,,True,shadow,results/bo_reviewer_packet/temporal_stop_head/22_temporal_stop_head_model.pt,0.118,0.0,False,0.5,,,3.3638,False,,,True
normcmp_G_stopauth_20260708_153944,43,10.433334,1783521587.365853,2.360447,0.5,-0.0,3.141586,0.2,-0.007663,0.199822,7e-05,camera_link,10.433334,gnm_closed_loop,,nominal,,True,ok,third_party/visualnav-transformer/model_weights/gnm/gnm.pth,12.84,0.3,-0.0077,0.8675,-0.0066,9.69,,,gnm_closed_loop,0.2,-0.007663,normalized_stop_ab_20260708,G,stop_authority_normalized_pred,normalized_pred_gate,,3,0.5,10.09,0.9604,False,hospital_fresh_medium_G,3.3604,True,0.3,-0.007663,0.2,-0.007663,True,armed,False,,True,shadow,results/bo_reviewer_packet/temporal_stop_head/22_temporal_stop_head_model.pt,0.118,0.0,False,0.5,,,3.3638,False,,,True
normcmp_G_stopauth_20260708_153944,44,10.450001,1783521587.367798,2.357123,0.5,-0.0,3.141586,0.2,-0.007663,0.199822,7e-05,camera_link,10.450001,gnm_closed_loop,,nominal,,True,ok,third_party/visualnav-transformer/model_weights/gnm/gnm.pth,12.84,0.3,-0.0077,0.8675,-0.0066,9.69,,,gnm_closed_loop,0.2,-0.007663,normalized_stop_ab_20260708,G,stop_authority_normalized_pred,normalized_pred_gate,,3,0.5,10.09,0.9604,False,hospital_fresh_medium_G,3.3571,True,0.3,-0.007663,0.2,-0.007663,True,armed,False,,True,shadow,results/bo_reviewer_packet/temporal_stop_head/22_temporal_stop_head_model.pt,0.118,0.0,False,0.5,,,3.3638,False,,,True
normcmp_G_stopauth_20260708_153944,45,10.466667,1783521587.390365,2.353799,0.5,-0.0,3.141585,0.2,-0.008004,0.199836,0.000663,camera_link,10.466667,gnm_closed_loop,,nominal,,True,ok,third_party/visualnav-transformer/model_weights/gnm/gnm.pth,12.83,0.3,-0.008,0.8675,-0.0069,9.79,,,gnm_closed_loop,0.2,-0.008004,normalized_stop_ab_20260708,G,stop_authority_normalized_pred,normalized_pred_gate,,3,0.5,10.09,0.9703,False,hospital_fresh_medium_G,3.3538,True,0.3,-0.008004,0.2,-0.008004,True,armed,False,,True,shadow,results/bo_reviewer_packet/temporal_stop_head/22_temporal_stop_head_model.pt,0.123,0.0,False,0.5,,,3.3538,False,,,True
normcmp_G_stopauth_20260708_153944,46,10.483334,1783521587.392665,2.350474,0.5,-0.0,3.141584,0.2,-0.008004,0.199836,0.000663,camera_link,10.483334,gnm_closed_loop,,nominal,,True,ok,third_party/visualnav-transformer/model_weights/gnm/gnm.pth,12.83,0.3,-0.008,0.8675,-0.0069,9.79,,,gnm_closed_loop,0.2,-0.008004,normalized_stop_ab_20260708,G,stop_authority_normalized_pred,normalized_pred_gate,,3,0.5,10.09,0.9703,False,hospital_fresh_medium_G,3.3505,True,0.3,-0.008004,0.2,-0.008004,True,armed,False,,True,shadow,results/bo_reviewer_packet/temporal_stop_head/22_temporal_stop_head_model.pt,0.123,0.0,False,0.5,,,3.3538,False,,,True
normcmp_G_stopauth_20260708_153944,47,10.500001,1783521587.394594,2.34715,0.5,-0.0,3.141584,0.2,-0.008004,0.199836,0.000663,camera_link,10.500001,gnm_closed_loop,,nominal,,True,ok,third_party/visualnav-transformer/model_weights/gnm/gnm.pth,12.83,0.3,-0.008,0.8675,-0.0069,9.79,,,gnm_closed_loop,0.2,-0.008004,normalized_stop_ab_20260708,G,stop_authority_normalized_pred,normalized_pred_gate,,3,0.5,10.09,0.9703,False,hospital_fresh_medium_G,3.3472,True,0.3,-0.008004,0.2,-0.008004,True,armed,False,,True,shadow,results/bo_reviewer_packet/temporal_stop_head/22_temporal_stop_head_model.pt,0.123,0.0,False,0.5,,,3.3538,False,,,True
normcmp_G_stopauth_20260708_153944,48,10.516667,1783521587.417701,2.343827,0.5,-0.0,3.141583,0.2,-0.008322,0.199828,0.000492,camera_link,10.516667,gnm_closed_loop,,nominal,,True,ok,third_party/visualnav-transformer/model_weights/gnm/gnm.pth,12.82,0.3,-0.0083,0.8708,-0.0072,9.84,,,gnm_closed_loop,0.2,-0.008322,normalized_stop_ab_20260708,G,stop_authority_normalized_pred,normalized_pred_gate,,3,0.5,10.09,0.9752,False,hospital_fresh_medium_G,3.3438,True,0.3,-0.008322,0.2,-0.008322,True,armed,False,,True,shadow,results/bo_reviewer_packet/temporal_stop_head/22_temporal_stop_head_model.pt,0.112,0.0,False,0.5,,,3.3438,False,,,True
normcmp_G_stopauth_20260708_153944,49,10.533334,1783521587.419959,2.340503,0.5,-0.0,3.141583,0.2,-0.008322,0.199828,0.000492,camera_link,10.533334,gnm_closed_loop,,nominal,,True,ok,third_party/visualnav-transformer/model_weights/gnm/gnm.pth,12.82,0.3,-0.0083,0.8708,-0.0072,9.84,,,gnm_closed_loop,0.2,-0.008322,normalized_stop_ab_20260708,G,stop_authority_normalized_pred,normalized_pred_gate,,3,0.5,10.09,0.9752,False,hospital_fresh_medium_G,3.3405,True,0.3,-0.008322,0.2,-0.008322,True,armed,False,,True,shadow,results/bo_reviewer_packet/temporal_stop_head/22_temporal_stop_head_model.pt,0.112,0.0,False,0.5,,,3.3438,False,,,True
normcmp_G_stopauth_20260708_153944,50,10.550001,1783521587.422924,2.337178,0.5,-0.0,3.141583,0.2,-0.008322,0.199828,0.000492,camera_link,10.550001,gnm_closed_loop,,nominal,,True,ok,third_party/visualnav-transformer/model_weights/gnm/gnm.pth,12.82,0.3,-0.0083,0.8708,-0.0072,9.84,,,gnm_closed_loop,0.2,-0.008322,normalized_stop_ab_20260708,G,stop_authority_normalized_pred,normalized_pred_gate,,3,0.5,10.09,0.9752,False,hospital_fresh_medium_G,3.3372,True,0.3,-0.008322,0.2,-0.008322,True,armed,False,,True,shadow,results/bo_reviewer_packet/temporal_stop_head/22_temporal_stop_head_model.pt,0.112,0.0,False,0.5,,,3.3438,False,,,True
normcmp_G_stopauth_20260708_153944,51,10.566667,1783521587.445743,2.333854,0.5,-0.0,3.141582,0.2,-0.00815,0.199825,0.000475,camera_link,10.566667,gnm_closed_loop,,nominal,,True,ok,third_party/visualnav-transformer/model_weights/gnm/gnm.pth,12.82,0.3,-0.0082,0.875,-0.0071,9.99,,,gnm_closed_loop,0.2,-0.00815,normalized_stop_ab_20260708,G,stop_authority_normalized_pred,normalized_pred_gate,,3,0.5,10.09,0.9901,False,hospital_fresh_medium_G,3.3339,True,0.3,-0.00815,0.2,-0.00815,True,armed,False,,True,shadow,results/bo_reviewer_packet/temporal_stop_head/22_temporal_stop_head_model.pt,0.116,0.0,False,0.5,,,3.3339,False,,,True
normcmp_G_stopauth_20260708_153944,52,10.583334,1783521587.448513,2.33053,0.5,-0.0,3.141582,0.2,-0.00815,0.199825,0.000475,camera_link,10.583334,gnm_closed_loop,,nominal,,True,ok,third_party/visualnav-transformer/model_weights/gnm/gnm.pth,12.82,0.3,-0.0082,0.875,-0.0071,9.99,,,gnm_closed_loop,0.2,-0.00815,normalized_stop_ab_20260708,G,stop_authority_normalized_pred,normalized_pred_gate,,3,0.5,10.09,0.9901,False,hospital_fresh_medium_G,3.3305,True,0.3,-0.00815,0.2,-0.00815,True,armed,False,,True,shadow,results/bo_reviewer_packet/temporal_stop_head/22_temporal_stop_head_model.pt,0.116,0.0,False,0.5,,,3.3339,False,,,True
normcmp_G_stopauth_20260708_153944,53,10.600001,1783521587.450807,2.327206,0.5,-0.0,3.141582,0.2,-0.00815,0.199825,0.000475,camera_link,10.600001,gnm_closed_loop,,nominal,,True,ok,third_party/visualnav-transformer/model_weights/gnm/gnm.pth,12.82,0.3,-0.0082,0.875,-0.0071,9.99,,,gnm_closed_loop,0.2,-0.00815,normalized_stop_ab_20260708,G,stop_authority_normalized_pred,normalized_pred_gate,,3,0.5,10.09,0.9901,False,hospital_fresh_medium_G,3.3272,True,0.3,-0.00815,0.2,-0.00815,True,armed,False,,True,shadow,results/bo_reviewer_packet/temporal_stop_head/22_temporal_stop_head_model.pt,0.116,0.0,False,0.5,,,3.3339,False,,,True
normcmp_G_stopauth_20260708_153944,54,10.616667,1783521587.474358,2.323881,0.5,-0.0,3.141581,0.2,-0.008579,0.199806,0.000493,camera_link,10.616667,gnm_closed_loop,,nominal,,True,ok,third_party/visualnav-transformer/model_weights/gnm/gnm.pth,12.97,0.3,-0.0086,0.879,-0.0075,10.07,,,gnm_closed_loop,0.2,-0.008579,normalized_stop_ab_20260708,G,stop_authority_normalized_pred,normalized_pred_gate,,3,0.5,10.09,0.998,False,hospital_fresh_medium_G,3.3239,True,0.3,-0.008579,0.2,-0.008579,True,armed,False,,True,shadow,results/bo_reviewer_packet/temporal_stop_head/22_temporal_stop_head_model.pt,0.124,0.0,False,0.5,,,3.3239,False,,,True
normcmp_G_stopauth_20260708_153944,55,10.633334,1783521587.476803,2.320557,0.5,-0.0,3.141581,0.2,-0.008579,0.199806,0.000493,camera_link,10.633334,gnm_closed_loop,,nominal,,True,ok,third_party/visualnav-transformer/model_weights/gnm/gnm.pth,12.97,0.3,-0.0086,0.879,-0.0075,10.07,,,gnm_closed_loop,0.2,-0.008579,normalized_stop_ab_20260708,G,stop_authority_normalized_pred,normalized_pred_gate,,3,0.5,10.09,0.998,False,hospital_fresh_medium_G,3.3206,True,0.3,-0.008579,0.2,-0.008579,True,armed,False,,True,shadow,results/bo_reviewer_packet/temporal_stop_head/22_temporal_stop_head_model.pt,0.124,0.0,False,0.5,,,3.3239,False,,,True
normcmp_G_stopauth_20260708_153944,56,10.650001,1783521587.478673,2.317233,0.5,-0.0,3.141581,0.2,-0.008579,0.199806,0.000493,camera_link,10.650001,gnm_closed_loop,,nominal,,True,ok,third_party/visualnav-transformer/model_weights/gnm/gnm.pth,12.97,0.3,-0.0086,0.879,-0.0075,10.07,,,gnm_closed_loop,0.2,-0.008579,normalized_stop_ab_20260708,G,stop_authority_normalized_pred,normalized_pred_gate,,3,0.5,10.09,0.998,False,hospital_fresh_medium_G,3.3172,True,0.3,-0.008579,0.2,-0.008579,True,armed,False,,True,shadow,results/bo_reviewer_packet/temporal_stop_head/22_temporal_stop_head_model.pt,0.124,0.0,False,0.5,,,3.3239,False,,,True
normcmp_G_stopauth_20260708_153944,57,10.666667,1783521587.501256,2.313909,0.5,-0.0,3.14158,0.2,-0.008476,0.199825,0.000731,camera_link,10.666667,gnm_closed_loop,,nominal,,True,ok,third_party/visualnav-transformer/model_weights/gnm/gnm.pth,12.78,0.3,-0.0085,0.8843,-0.0075,10.16,,,gnm_closed_loop,0.2,-0.008476,normalized_stop_ab_20260708,G,stop_authority_normalized_pred,normalized_pred_gate,,3,0.5,10.09,1.0069,False,hospital_fresh_medium_G,3.3139,True,0.3,-0.008476,0.2,-0.008476,True,armed,False,,True,shadow,results/bo_reviewer_packet/temporal_stop_head/22_temporal_stop_head_model.pt,0.125,0.0,False,0.5,,,3.3139,False,,,True
normcmp_G_stopauth_20260708_153944,58,10.683334,1783521587.504347,2.310584,0.5,-0.0,3.14158,0.2,-0.008476,0.199825,0.000731,camera_link,10.683334,gnm_closed_loop,,nominal,,True,ok,third_party/visualnav-transformer/model_weights/gnm/gnm.pth,12.78,0.3,-0.0085,0.8843,-0.0075,10.16,,,gnm_closed_loop,0.2,-0.008476,normalized_stop_ab_20260708,G,stop_authority_normalized_pred,normalized_pred_gate,,3,0.5,10.09,1.0069,False,hospital_fresh_medium_G,3.3106,True,0.3,-0.008476,0.2,-0.008476,True,armed,False,,True,shadow,results/bo_reviewer_packet/temporal_stop_head/22_temporal_stop_head_model.pt,0.125,0.0,False,0.5,,,3.3139,False,,,True
normcmp_G_stopauth_20260708_153944,59,10.700001,1783521587.506148,2.30726,0.5,-0.0,3.14158,0.2,-0.008476,0.199825,0.000731,camera_link,10.700001,gnm_closed_loop,,nominal,,True,ok,third_party/visualnav-transformer/model_weights/gnm/gnm.pth,12.78,0.3,-0.0085,0.8843,-0.0075,10.16,,,gnm_closed_loop,0.2,-0.008476,normalized_stop_ab_20260708,G,stop_authority_normalized_pred,normalized_pred_gate,,3,0.5,10.09,1.0069,False,hospital_fresh_medium_G,3.3073,True,0.3,-0.008476,0.2,-0.008476,True,armed,False,,True,shadow,results/bo_reviewer_packet/temporal_stop_head/22_temporal_stop_head_model.pt,0.125,0.0,False,0.5,,,3.3139,False,,,True
normcmp_G_stopauth_20260708_153944,60,10.716667,1783521587.531319,2.303936,0.5,-0.0,3.141579,0.2,-0.008779,0.199847,-0.000101,camera_link,10.716667,gnm_closed_loop,,nominal,,True,ok,third_party/visualnav-transformer/model_weights/gnm/gnm.pth,13.44,0.3,-0.0088,0.889,-0.0078,10.38,,,gnm_closed_loop,0.2,-0.008779,normalized_stop_ab_20260708,G,stop_authority_normalized_pred,normalized_pred_gate,,3,0.5,10.09,1.0287,False,hospital_fresh_medium_G,3.3039,True,0.3,-0.008779,0.2,-0.008779,True,armed,False,,True,shadow,results/bo_reviewer_packet/temporal_stop_head/22_temporal_stop_head_model.pt,0.103,0.0,False,0.5,,,3.3039,False,,,True
normcmp_G_stopauth_20260708_153944,61,10.733334,1783521587.533594,2.300612,0.500001,-0.0,3.141579,0.2,-0.008779,0.199847,-0.000101,camera_link,10.733334,gnm_closed_loop,,nominal,,True,ok,third_party/visualnav-transformer/model_weights/gnm/gnm.pth,13.44,0.3,-0.0088,0.889,-0.0078,10.38,,,gnm_closed_loop,0.2,-0.008779,normalized_stop_ab_20260708,G,stop_authority_normalized_pred,normalized_pred_gate,,3,0.5,10.09,1.0287,False,hospital_fresh_medium_G,3.3006,True,0.3,-0.008779,0.2,-0.008779,True,armed,False,,True,shadow,results/bo_reviewer_packet/temporal_stop_head/22_temporal_stop_head_model.pt,0.103,0.0,False,0.5,,,3.3039,False,,,True
normcmp_G_stopauth_20260708_153944,62,10.750001,1783521587.536022,2.297287,0.5,-0.0,3.141579,0.2,-0.008779,0.199847,-0.000101,camera_link,10.750001,gnm_closed_loop,,nominal,,True,ok,third_party/visualnav-transformer/model_weights/gnm/gnm.pth,13.44,0.3,-0.0088,0.889,-0.0078,10.38,,,gnm_closed_loop,0.2,-0.008779,normalized_stop_ab_20260708,G,stop_authority_normalized_pred,normalized_pred_gate,,3,0.5,10.09,1.0287,False,hospital_fresh_medium_G,3.2973,True,0.3,-0.008779,0.2,-0.008779,True,armed,False,,True,shadow,results/bo_reviewer_packet/temporal_stop_head/22_temporal_stop_head_model.pt,0.103,0.0,False,0.5,,,3.3039,False,,,True
normcmp_G_stopauth_20260708_153944,63,10.766667,1783521587.559795,2.293962,0.5,-0.0,3.141578,0.2,-0.009316,0.199837,0.000294,camera_link,10.766667,gnm_closed_loop,,nominal,,True,ok,third_party/visualnav-transformer/model_weights/gnm/gnm.pth,13.13,0.3,-0.0093,0.8941,-0.0083,10.46,,,gnm_closed_loop,0.2,-0.009316,normalized_stop_ab_20260708,G,stop_authority_normalized_pred,normalized_pred_gate,,3,0.5,10.09,1.0367,False,hospital_fresh_medium_G,3.294,True,0.3,-0.009316,0.2,-0.009316,True,armed,False,,True,shadow,results/bo_reviewer_packet/temporal_stop_head/22_temporal_stop_head_model.pt,0.118,0.0,False,0.5,,,3.294,False,,,True
normcmp_G_stopauth_20260708_153944,64,10.783334,1783521587.56215,2.290637,0.5,-0.0,3.141578,0.2,-0.009316,0.199837,0.000294,camera_link,10.783334,gnm_closed_loop,,nominal,,True,ok,third_party/visualnav-transformer/model_weights/gnm/gnm.pth,13.13,0.3,-0.0093,0.8941,-0.0083,10.46,,,gnm_closed_loop,0.2,-0.009316,normalized_stop_ab_20260708,G,stop_authority_normalized_pred,normalized_pred_gate,,3,0.5,10.09,1.0367,False,hospital_fresh_medium_G,3.2906,True,0.3,-0.009316,0.2,-0.009316,True,armed,False,,True,shadow,results/bo_reviewer_packet/temporal_stop_head/22_temporal_stop_head_model.pt,0.118,0.0,False,0.5,,,3.294,False,,,True
normcmp_G_stopauth_20260708_153944,65,10.800001,1783521587.563978,2.287313,0.5,-0.0,3.141577,0.2,-0.009316,0.199837,0.000294,camera_link,10.800001,gnm_closed_loop,,nominal,,True,ok,third_party/visualnav-transformer/model_weights/gnm/gnm.pth,13.13,0.3,-0.0093,0.8941,-0.0083,10.46,,,gnm_closed_loop,0.2,-0.009316,normalized_stop_ab_20260708,G,stop_authority_normalized_pred,normalized_pred_gate,,3,0.5,10.09,1.0367,False,hospital_fresh_medium_G,3.2873,True,0.3,-0.009316,0.2,-0.009316,True,armed,False,,True,shadow,results/bo_reviewer_packet/temporal_stop_head/22_temporal_stop_head_model.pt,0.118,0.0,False,0.5,,,3.294,False,,,True
normcmp_G_stopauth_20260708_153944,66,10.816667,1783521587.587149,2.283988,0.500001,-0.0,3.141577,0.2,-0.009548,0.199824,9.6e-05,camera_link,10.816667,gnm_closed_loop,,nominal,,True,ok,third_party/visualnav-transformer/model_weights/gnm/gnm.pth,13.42,0.3,-0.0095,0.8952,-0.0085,10.52,,,gnm_closed_loop,0.2,-0.009548,normalized_stop_ab_20260708,G,stop_authority_normalized_pred,normalized_pred_gate,,3,0.5,10.09,1.0426,False,hospital_fresh_medium_G,3.284,True,0.3,-0.009548,0.2,-0.009548,True,armed,False,,True,shadow,results/bo_reviewer_packet/temporal_stop_head/22_temporal_stop_head_model.pt,0.119,0.0,False,0.5,,,3.284,False,,,True
normcmp_G_stopauth_20260708_153944,67,10.833334,1783521587.58952,2.280663,0.500001,-0.0,3.141576,0.2,-0.009548,0.199824,9.6e-05,camera_link,10.833334,gnm_closed_loop,,nominal,,True,ok,third_party/visualnav-transformer/model_weights/gnm/gnm.pth,13.42,0.3,-0.0095,0.8952,-0.0085,10.52,,,gnm_closed_loop,0.2,-0.009548,normalized_stop_ab_20260708,G,stop_authority_normalized_pred,normalized_pred_gate,,3,0.5,10.09,1.0426,False,hospital_fresh_medium_G,3.2807,True,0.3,-0.009548,0.2,-0.009548,True,armed,False,,True,shadow,results/bo_reviewer_packet/temporal_stop_head/22_temporal_stop_head_model.pt,0.119,0.0,False,0.5,,,3.284,False,,,True
normcmp_G_stopauth_20260708_153944,68,10.850001,1783521587.591398,2.277338,0.500001,-0.0,3.141576,0.2,-0.009548,0.199824,9.6e-05,camera_link,10.850001,gnm_closed_loop,,nominal,,True,ok,third_party/visualnav-transformer/model_weights/gnm/gnm.pth,13.42,0.3,-0.0095,0.8952,-0.0085,10.52,,,gnm_closed_loop,0.2,-0.009548,normalized_stop_ab_20260708,G,stop_authority_normalized_pred,normalized_pred_gate,,3,0.5,10.09,1.0426,False,hospital_fresh_medium_G,3.2773,True,0.3,-0.009548,0.2,-0.009548,True,armed,False,,True,shadow,results/bo_reviewer_packet/temporal_stop_head/22_temporal_stop_head_model.pt,0.119,0.0,False,0.5,,,3.284,False,,,True
normcmp_G_stopauth_20260708_153944,69,10.866667,1783521587.618293,2.274014,0.500001,-0.0,3.141575,0.2,-0.010077,0.199822,0.000696,camera_link,10.866667,gnm_closed_loop,,nominal,,True,ok,third_party/visualnav-transformer/model_weights/gnm/gnm.pth,15.59,0.3,-0.0101,0.8934,-0.009,10.55,,,gnm_closed_loop,0.2,-0.010077,normalized_stop_ab_20260708,G,stop_authority_normalized_pred,normalized_pred_gate,,3,0.5,10.09,1.0456,False,hospital_fresh_medium_G,3.274,True,0.3,-0.010077,0.2,-0.010077,True,armed,False,,True,shadow,results/bo_reviewer_packet/temporal_stop_head/22_temporal_stop_head_model.pt,0.171,0.0,False,0.5,,,3.274,False,,,True
normcmp_G_stopauth_20260708_153944,70,10.883334,1783521587.620989,2.27069,0.500001,-0.0,3.141575,0.2,-0.010077,0.199822,0.000696,camera_link,10.883334,gnm_closed_loop,,nominal,,True,ok,third_party/visualnav-transformer/model_weights/gnm/gnm.pth,15.59,0.3,-0.0101,0.8934,-0.009,10.55,,,gnm_closed_loop,0.2,-0.010077,normalized_stop_ab_20260708,G,stop_authority_normalized_pred,normalized_pred_gate,,3,0.5,10.09,1.0456,False,hospital_fresh_medium_G,3.2707,True,0.3,-0.010077,0.2,-0.010077,True,armed,False,,True,shadow,results/bo_reviewer_packet/temporal_stop_head/22_temporal_stop_head_model.pt,0.171,0.0,False,0.5,,,3.274,False,,,True
normcmp_G_stopauth_20260708_153944,71,10.900001,1783521587.623427,2.267365,0.500001,-0.0,3.141575,0.2,-0.010077,0.199822,0.000696,camera_link,10.900001,gnm_closed_loop,,nominal,,True,ok,third_party/visualnav-transformer/model_weights/gnm/gnm.pth,15.59,0.3,-0.0101,0.8934,-0.009,10.55,,,gnm_closed_loop,0.2,-0.010077,normalized_stop_ab_20260708,G,stop_authority_normalized_pred,normalized_pred_gate,,3,0.5,10.09,1.0456,False,hospital_fresh_medium_G,3.2674,True,0.3,-0.010077,0.2,-0.010077,True,armed,False,,True,shadow,results/bo_reviewer_packet/temporal_stop_head/22_temporal_stop_head_model.pt,0.171,0.0,False,0.5,,,3.274,False,,,True
normcmp_G_stopauth_20260708_153944,72,10.916667,1783521587.65257,2.26404,0.500001,-0.0,3.141574,0.2,-0.009998,0.199828,0.000131,camera_link,10.916667,gnm_closed_loop,,nominal,,True,ok,third_party/visualnav-transformer/model_weights/gnm/gnm.pth,15.79,0.3,-0.01,0.8941,-0.0089,10.52,,,gnm_closed_loop,0.2,-0.009998,normalized_stop_ab_20260708,G,stop_authority_normalized_pred,normalized_pred_gate,,3,0.5,10.09,1.0426,False,hospital_fresh_medium_G,3.264,True,0.3,-0.009998,0.2,-0.009998,True,armed,False,,True,shadow,results/bo_reviewer_packet/temporal_stop_head/22_temporal_stop_head_model.pt,0.105,0.0,False,0.5,,,3.264,False,,,True
normcmp_G_stopauth_20260708_153944,73,10.933334,1783521587.654813,2.260716,0.500001,-0.0,3.141574,0.2,-0.009998,0.199828,0.000131,camera_link,10.933334,gnm_closed_loop,,nominal,,True,ok,third_party/visualnav-transformer/model_weights/gnm/gnm.pth,15.79,0.3,-0.01,0.8941,-0.0089,10.52,,,gnm_closed_loop,0.2,-0.009998,normalized_stop_ab_20260708,G,stop_authority_normalized_pred,normalized_pred_gate,,3,0.5,10.09,1.0426,False,hospital_fresh_medium_G,3.2607,True,0.3,-0.009998,0.2,-0.009998,True,armed,False,,True,shadow,results/bo_reviewer_packet/temporal_stop_head/22_temporal_stop_head_model.pt,0.105,0.0,False,0.5,,,3.264,False,,,True
normcmp_G_stopauth_20260708_153944,74,10.950001,1783521587.656964,2.257391,0.500002,-0.0,3.141575,0.2,-0.009998,0.199828,0.000131,camera_link,10.950001,gnm_closed_loop,,nominal,,True,ok,third_party/visualnav-transformer/model_weights/gnm/gnm.pth,15.79,0.3,-0.01,0.8941,-0.0089,10.52,,,gnm_closed_loop,0.2,-0.009998,normalized_stop_ab_20260708,G,stop_authority_normalized_pred,normalized_pred_gate,,3,0.5,10.09,1.0426,False,hospital_fresh_medium_G,3.2574,True,0.3,-0.009998,0.2,-0.009998,True,armed,False,,True,shadow,results/bo_reviewer_packet/temporal_stop_head/22_temporal_stop_head_model.pt,0.105,0.0,False,0.5,,,3.264,False,,,True
normcmp_G_stopauth_20260708_153944,75,10.966667,1783521587.687145,2.254066,0.500002,-0.0,3.141574,0.2,-0.010121,0.199858,0.000294,camera_link,10.966667,gnm_closed_loop,,nominal,,True,ok,third_party/visualnav-transformer/model_weights/gnm/gnm.pth,17.22,0.3,-0.0101,0.8975,-0.0091,10.52,,,gnm_closed_loop,0.2,-0.010121,normalized_stop_ab_20260708,G,stop_authority_normalized_pred,normalized_pred_gate,,3,0.5,10.09,1.0426,False,hospital_fresh_medium_G,3.2541,True,0.3,-0.010121,0.2,-0.010121,True,armed,False,,True,shadow,results/bo_reviewer_packet/temporal_stop_head/22_temporal_stop_head_model.pt,0.109,0.0,False,0.5,,,3.2541,False,,,True
normcmp_G_stopauth_20260708_153944,76,10.983334,1783521587.689689,2.250741,0.500002,-0.0,3.141574,0.2,-0.010121,0.199858,0.000294,camera_link,10.983334,gnm_closed_loop,,nominal,,True,ok,third_party/visualnav-transformer/model_weights/gnm/gnm.pth,17.22,0.3,-0.0101,0.8975,-0.0091,10.52,,,gnm_closed_loop,0.2,-0.010121,normalized_stop_ab_20260708,G,stop_authority_normalized_pred,normalized_pred_gate,,3,0.5,10.09,1.0426,False,hospital_fresh_medium_G,3.2507,True,0.3,-0.010121,0.2,-0.010121,True,armed,False,,True,shadow,results/bo_reviewer_packet/temporal_stop_head/22_temporal_stop_head_model.pt,0.109,0.0,False,0.5,,,3.2541,False,,,True
normcmp_G_stopauth_20260708_153944,77,11.000001,1783521587.691537,2.247417,0.500002,-0.0,3.141574,0.2,-0.010121,0.199858,0.000294,camera_link,11.000001,gnm_closed_loop,,nominal,,True,ok,third_party/visualnav-transformer/model_weights/gnm/gnm.pth,17.22,0.3,-0.0101,0.8975,-0.0091,10.52,,,gnm_closed_loop,0.2,-0.010121,normalized_stop_ab_20260708,G,stop_authority_normalized_pred,normalized_pred_gate,,3,0.5,10.09,1.0426,False,hospital_fresh_medium_G,3.2474,True,0.3,-0.010121,0.2,-0.010121,True,armed,False,,True,shadow,results/bo_reviewer_packet/temporal_stop_head/22_temporal_stop_head_model.pt,0.109,0.0,False,0.5,,,3.2541,False,,,True
normcmp_G_stopauth_20260708_153944,78,11.016667,1783521587.72096,2.244092,0.500002,-0.0,3.141573,0.2,-0.010093,0.199834,0.000926,camera_link,11.016667,gnm_closed_loop,,nominal,,True,ok,third_party/visualnav-transformer/model_weights/gnm/gnm.pth,16.46,0.3,-0.0101,0.901,-0.0091,10.52,,,gnm_closed_loop,0.2,-0.010093,normalized_stop_ab_20260708,G,stop_authority_normalized_pred,normalized_pred_gate,,3,0.5,10.09,1.0426,False,hospital_fresh_medium_G,3.2441,True,0.3,-0.010093,0.2,-0.010093,True,armed,False,,True,shadow,results/bo_reviewer_packet/temporal_stop_head/22_temporal_stop_head_model.pt,0.155,0.0,False,0.5,,,3.2441,False,,,True
normcmp_G_stopauth_20260708_153944,79,11.033334,1783521587.723732,2.240767,0.500002,-0.0,3.141573,0.2,-0.010093,0.199834,0.000926,camera_link,11.033334,gnm_closed_loop,,nominal,,True,ok,third_party/visualnav-transformer/model_weights/gnm/gnm.pth,16.46,0.3,-0.0101,0.901,-0.0091,10.52,,,gnm_closed_loop,0.2,-0.010093,normalized_stop_ab_20260708,G,stop_authority_normalized_pred,normalized_pred_gate,,3,0.5,10.09,1.0426,False,hospital_fresh_medium_G,3.2408,True,0.3,-0.010093,0.2,-0.010093,True,armed,False,,True,shadow,results/bo_reviewer_packet/temporal_stop_head/22_temporal_stop_head_model.pt,0.155,0.0,False,0.5,,,3.2441,False,,,True
normcmp_G_stopauth_20260708_153944,80,11.050001,1783521587.725762,2.237443,0.500002,-0.0,3.141573,0.2,-0.010093,0.199834,0.000926,camera_link,11.050001,gnm_closed_loop,,nominal,,True,ok,third_party/visualnav-transformer/model_weights/gnm/gnm.pth,16.46,0.3,-0.0101,0.901,-0.0091,10.52,,,gnm_closed_loop,0.2,-0.010093,normalized_stop_ab_20260708,G,stop_authority_normalized_pred,normalized_pred_gate,,3,0.5,10.09,1.0426,False,hospital_fresh_medium_G,3.2374,True,0.3,-0.010093,0.2,-0.010093,True,armed,False,,True,shadow,results/bo_reviewer_packet/temporal_stop_head/22_temporal_stop_head_model.pt,0.155,0.0,False,0.5,,,3.2441,False,,,True
normcmp_G_stopauth_20260708_153944,81,11.066667,1783521587.755563,2.234118,0.500001,-0.0,3.141572,0.2,-0.010102,0.199822,3.5e-05,camera_link,11.066667,gnm_closed_loop,,nominal,,True,ok,third_party/visualnav-transformer/model_weights/gnm/gnm.pth,15.79,0.3,-0.0101,0.9054,-0.0091,10.48,,,gnm_closed_loop,0.2,-0.010102,normalized_stop_ab_20260708,G,stop_authority_normalized_pred,normalized_pred_gate,,3,0.5,10.09,1.0387,False,hospital_fresh_medium_G,3.2341,True,0.3,-0.010102,0.2,-0.010102,True,armed,False,,True,shadow,results/bo_reviewer_packet/temporal_stop_head/22_temporal_stop_head_model.pt,0.119,0.0,False,0.5,,,3.2341,False,,,True
normcmp_G_stopauth_20260708_153944,82,11.083334,1783521587.757813,2.230794,0.500002,-0.0,3.141572,0.2,-0.010102,0.199822,3.5e-05,camera_link,11.083334,gnm_closed_loop,,nominal,,True,ok,third_party/visualnav-transformer/model_weights/gnm/gnm.pth,15.79,0.3,-0.0101,0.9054,-0.0091,10.48,,,gnm_closed_loop,0.2,-0.010102,normalized_stop_ab_20260708,G,stop_authority_normalized_pred,normalized_pred_gate,,3,0.5,10.09,1.0387,False,hospital_fresh_medium_G,3.2308,True,0.3,-0.010102,0.2,-0.010102,True,armed,False,,True,shadow,results/bo_reviewer_packet/temporal_stop_head/22_temporal_stop_head_model.pt,0.119,0.0,False,0.5,,,3.2341,False,,,True
normcmp_G_stopauth_20260708_153944,83,11.100001,1783521587.759828,2.22747,0.500002,-0.0,3.141572,0.2,-0.010102,0.199822,3.5e-05,camera_link,11.100001,gnm_closed_loop,,nominal,,True,ok,third_party/visualnav-transformer/model_weights/gnm/gnm.pth,15.79,0.3,-0.0101,0.9054,-0.0091,10.48,,,gnm_closed_loop,0.2,-0.010102,normalized_stop_ab_20260708,G,stop_authority_normalized_pred,normalized_pred_gate,,3,0.5,10.09,1.0387,False,hospital_fresh_medium_G,3.2275,True,0.3,-0.010102,0.2,-0.010102,True,armed,False,,True,shadow,results/bo_reviewer_packet/temporal_stop_head/22_temporal_stop_head_model.pt,0.119,0.0,False,0.5,,,3.2341,False,,,True
normcmp_G_stopauth_20260708_153944,84,11.116667,1783521587.782292,2.224146,0.500002,-0.0,3.141572,0.2,-0.010258,0.199828,0.000477,camera_link,11.116667,gnm_closed_loop,,nominal,,True,ok,third_party/visualnav-transformer/model_weights/gnm/gnm.pth,12.88,0.3,-0.0103,0.9087,-0.0093,10.44,,,gnm_closed_loop,0.2,-0.010258,normalized_stop_ab_20260708,G,stop_authority_normalized_pred,normalized_pred_gate,,3,0.5,10.09,1.0347,False,hospital_fresh_medium_G,3.2241,True,0.3,-0.010258,0.2,-0.010258,True,armed,False,,True,shadow,results/bo_reviewer_packet/temporal_stop_head/22_temporal_stop_head_model.pt,0.13,0.0,False,0.5,,,3.2241,False,,,True
normcmp_G_stopauth_20260708_153944,85,11.133334,1783521587.784531,2.220821,0.500002,-0.0,3.141572,0.2,-0.010258,0.199828,0.000477,camera_link,11.133334,gnm_closed_loop,,nominal,,True,ok,third_party/visualnav-transformer/model_weights/gnm/gnm.pth,12.88,0.3,-0.0103,0.9087,-0.0093,10.44,,,gnm_closed_loop,0.2,-0.010258,normalized_stop_ab_20260708,G,stop_authority_normalized_pred,normalized_pred_gate,,3,0.5,10.09,1.0347,False,hospital_fresh_medium_G,3.2208,True,0.3,-0.010258,0.2,-0.010258,True,armed,False,,True,shadow,results/bo_reviewer_packet/temporal_stop_head/22_temporal_stop_head_model.pt,0.13,0.0,False,0.5,,,3.2241,False,,,True
normcmp_G_stopauth_20260708_153944,86,11.150001,1783521587.786355,2.217496,0.500002,-0.0,3.141571,0.2,-0.010258,0.199828,0.000477,camera_link,11.150001,gnm_closed_loop,,nominal,,True,ok,third_party/visualnav-transformer/model_weights/gnm/gnm.pth,12.88,0.3,-0.0103,0.9087,-0.0093,10.44,,,gnm_closed_loop,0.2,-0.010258,normalized_stop_ab_20260708,G,stop_authority_normalized_pred,normalized_pred_gate,,3,0.5,10.09,1.0347,False,hospital_fresh_medium_G,3.2175,True,0.3,-0.010258,0.2,-0.010258,True,armed,False,,True,shadow,results/bo_reviewer_packet/temporal_stop_head/22_temporal_stop_head_model.pt,0.13,0.0,False,0.5,,,3.2241,False,,,True
normcmp_G_stopauth_20260708_153944,87,11.166667,1783521587.809116,2.214172,0.500002,-0.0,3.141571,0.2,-0.010014,0.199807,-7e-06,camera_link,11.166667,gnm_closed_loop,,nominal,,True,ok,third_party/visualnav-transformer/model_weights/gnm/gnm.pth,12.85,0.3,-0.01,0.9133,-0.0091,10.46,,,gnm_closed_loop,0.2,-0.010014,normalized_stop_ab_20260708,G,stop_authority_normalized_pred,normalized_pred_gate,,3,0.5,10.09,1.0367,False,hospital_fresh_medium_G,3.2142,True,0.3,-0.010014,0.2,-0.010014,True,armed,False,,True,shadow,results/bo_reviewer_packet/temporal_stop_head/22_temporal_stop_head_model.pt,0.117,0.0,False,0.5,,,3.2142,False,,,True
normcmp_G_stopauth_20260708_153944,88,11.183334,1783521587.811543,2.210847,0.500002,-0.0,3.141571,0.2,-0.010014,0.199807,-7e-06,camera_link,11.183334,gnm_closed_loop,,nominal,,True,ok,third_party/visualnav-transformer/model_weights/gnm/gnm.pth,12.85,0.3,-0.01,0.9133,-0.0091,10.46,,,gnm_closed_loop,0.2,-0.010014,normalized_stop_ab_20260708,G,stop_authority_normalized_pred,normalized_pred_gate,,3,0.5,10.09,1.0367,False,hospital_fresh_medium_G,3.2108,True,0.3,-0.010014,0.2,-0.010014,True,armed,False,,True,shadow,results/bo_reviewer_packet/temporal_stop_head/22_temporal_stop_head_model.pt,0.117,0.0,False,0.5,,,3.2142,False,,,True
normcmp_G_stopauth_20260708_153944,89,11.200001,1783521587.813513,2.207522,0.500002,-0.0,3.141571,0.2,-0.010014,0.199807,-7e-06,camera_link,11.200001,gnm_closed_loop,,nominal,,True,ok,third_party/visualnav-transformer/model_weights/gnm/gnm.pth,12.85,0.3,-0.01,0.9133,-0.0091,10.46,,,gnm_closed_loop,0.2,-0.010014,normalized_stop_ab_20260708,G,stop_authority_normalized_pred,normalized_pred_gate,,3,0.5,10.09,1.0367,False,hospital_fresh_medium_G,3.2075,True,0.3,-0.010014,0.2,-0.010014,True,armed,False,,True,shadow,results/bo_reviewer_packet/temporal_stop_head/22_temporal_stop_head_model.pt,0.117,0.0,False,0.5,,,3.2142,False,,,True
normcmp_G_stopauth_20260708_153944,90,11.216667,1783521587.836221,2.204198,0.500002,-0.0,3.141571,0.2,-0.010455,0.199834,0.000358,camera_link,11.216667,gnm_closed_loop,,nominal,,True,ok,third_party/visualnav-transformer/model_weights/gnm/gnm.pth,13.04,0.3,-0.0105,0.915,-0.0096,10.28,,,gnm_closed_loop,0.2,-0.010455,normalized_stop_ab_20260708,G,stop_authority_normalized_pred,normalized_pred_gate,,3,0.5,10.09,1.0188,False,hospital_fresh_medium_G,3.2042,True,0.3,-0.010455,0.2,-0.010455,True,armed,False,,True,shadow,results/bo_reviewer_packet/temporal_stop_head/22_temporal_stop_head_model.pt,0.119,0.0,False,0.5,,,3.2042,False,,,True
normcmp_G_stopauth_20260708_153944,91,11.233334,1783521587.838673,2.200874,0.500002,-0.0,3.141571,0.2,-0.010455,0.199834,0.000358,camera_link,11.233334,gnm_closed_loop,,nominal,,True,ok,third_party/visualnav-transformer/model_weights/gnm/gnm.pth,13.04,0.3,-0.0105,0.915,-0.0096,10.28,,,gnm_closed_loop,0.2,-0.010455,normalized_stop_ab_20260708,G,stop_authority_normalized_pred,normalized_pred_gate,,3,0.5,10.09,1.0188,False,hospital_fresh_medium_G,3.2009,True,0.3,-0.010455,0.2,-0.010455,True,armed,False,,True,shadow,results/bo_reviewer_packet/temporal_stop_head/22_temporal_stop_head_model.pt,0.119,0.0,False,0.5,,,3.2042,False,,,True
normcmp_G_stopauth_20260708_153944,92,11.250001,1783521587.840581,2.19755,0.500002,-0.0,3.141571,0.2,-0.010455,0.199834,0.000358,camera_link,11.250001,gnm_closed_loop,,nominal,,True,ok,third_party/visualnav-transformer/model_weights/gnm/gnm.pth,13.04,0.3,-0.0105,0.915,-0.0096,10.28,,,gnm_closed_loop,0.2,-0.010455,normalized_stop_ab_20260708,G,stop_authority_normalized_pred,normalized_pred_gate,,3,0.5,10.09,1.0188,False,hospital_fresh_medium_G,3.1975,True,0.3,-0.010455,0.2,-0.010455,True,armed,False,,True,shadow,results/bo_reviewer_packet/temporal_stop_head/22_temporal_stop_head_model.pt,0.119,0.0,False,0.5,,,3.2042,False,,,True
normcmp_G_stopauth_20260708_153944,93,11.266667,1783521587.864272,2.194225,0.500002,-0.0,3.141571,0.2,-0.010662,0.199823,0.000457,camera_link,11.266667,gnm_closed_loop,,nominal,,True,ok,third_party/visualnav-transformer/model_weights/gnm/gnm.pth,12.9,0.3,-0.0107,0.9134,-0.0097,10.09,,,gnm_closed_loop,0.2,-0.010662,normalized_stop_ab_20260708,G,stop_authority_normalized_pred,normalized_pred_gate,,3,0.5,10.09,1.0,False,hospital_fresh_medium_G,3.1942,True,0.3,-0.010662,0.2,-0.010662,True,armed,False,,True,shadow,results/bo_reviewer_packet/temporal_stop_head/22_temporal_stop_head_model.pt,0.113,0.0,False,0.5,,,3.1942,False,,,True
normcmp_G_stopauth_20260708_153944,94,11.283334,1783521587.866413,2.190901,0.500002,-0.0,3.141571,0.2,-0.010662,0.199823,0.000457,camera_link,11.283334,gnm_closed_loop,,nominal,,True,ok,third_party/visualnav-transformer/model_weights/gnm/gnm.pth,12.9,0.3,-0.0107,0.9134,-0.0097,10.09,,,gnm_closed_loop,0.2,-0.010662,normalized_stop_ab_20260708,G,stop_authority_normalized_pred,normalized_pred_gate,,3,0.5,10.09,1.0,False,hospital_fresh_medium_G,3.1909,True,0.3,-0.010662,0.2,-0.010662,True,armed,False,,True,shadow,results/bo_reviewer_packet/temporal_stop_head/22_temporal_stop_head_model.pt,0.113,0.0,False,0.5,,,3.1942,False,,,True
normcmp_G_stopauth_20260708_153944,95,11.300001,1783521587.868261,2.187576,0.500002,-0.0,3.141571,0.2,-0.010662,0.199823,0.000457,camera_link,11.300001,gnm_closed_loop,,nominal,,True,ok,third_party/visualnav-transformer/model_weights/gnm/gnm.pth,12.9,0.3,-0.0107,0.9134,-0.0097,10.09,,,gnm_closed_loop,0.2,-0.010662,normalized_stop_ab_20260708,G,stop_authority_normalized_pred,normalized_pred_gate,,3,0.5,10.09,1.0,False,hospital_fresh_medium_G,3.1876,True,0.3,-0.010662,0.2,-0.010662,True,armed,False,,True,shadow,results/bo_reviewer_packet/temporal_stop_head/22_temporal_stop_head_model.pt,0.113,0.0,False,0.5,,,3.1942,False,,,True
normcmp_G_stopauth_20260708_153944,96,11.316667,1783521587.890574,2.184252,0.500002,-0.0,3.14157,0.2,-0.010859,0.199844,0.000427,camera_link,11.316667,gnm_closed_loop,,nominal,,True,ok,third_party/visualnav-transformer/model_weights/gnm/gnm.pth,12.82,0.3,-0.0109,0.9099,-0.0099,9.91,,,gnm_closed_loop,0.2,-0.010859,normalized_stop_ab_20260708,G,stop_authority_normalized_pred,normalized_pred_gate,,3,0.5,10.09,0.9822,False,hospital_fresh_medium_G,3.1843,True,0.3,-0.010859,0.2,-0.010859,True,armed,False,,True,shadow,results/bo_reviewer_packet/temporal_stop_head/22_temporal_stop_head_model.pt,0.133,0.0,False,0.5,,,3.1843,False,,,True
normcmp_G_stopauth_20260708_153944,97,11.333334,1783521587.89283,2.180927,0.500002,-0.0,3.14157,0.2,-0.010859,0.199844,0.000427,camera_link,11.333334,gnm_closed_loop,,nominal,,True,ok,third_party/visualnav-transformer/model_weights/gnm/gnm.pth,12.82,0.3,-0.0109,0.9099,-0.0099,9.91,,,gnm_closed_loop,0.2,-0.010859,normalized_stop_ab_20260708,G,stop_authority_normalized_pred,normalized_pred_gate,,3,0.5,10.09,0.9822,False,hospital_fresh_medium_G,3.1809,True,0.3,-0.010859,0.2,-0.010859,True,armed,False,,True,shadow,results/bo_reviewer_packet/temporal_stop_head/22_temporal_stop_head_model.pt,0.133,0.0,False,0.5,,,3.1843,False,,,True
normcmp_G_stopauth_20260708_153944,98,11.350001,1783521587.894744,2.177603,0.500002,-0.0,3.14157,0.2,-0.010859,0.199844,0.000427,camera_link,11.350001,gnm_closed_loop,,nominal,,True,ok,third_party/visualnav-transformer/model_weights/gnm/gnm.pth,12.82,0.3,-0.0109,0.9099,-0.0099,9.91,,,gnm_closed_loop,0.2,-0.010859,normalized_stop_ab_20260708,G,stop_authority_normalized_pred,normalized_pred_gate,,3,0.5,10.09,0.9822,False,hospital_fresh_medium_G,3.1776,True,0.3,-0.010859,0.2,-0.010859,True,armed,False,,True,shadow,results/bo_reviewer_packet/temporal_stop_head/22_temporal_stop_head_model.pt,0.133,0.0,False,0.5,,,3.1843,False,,,True
normcmp_G_stopauth_20260708_153944,99,11.366667,1783521587.917098,2.174279,0.500002,-0.0,3.141569,0.2,-0.01088,0.19983,0.000555,camera_link,11.366667,gnm_closed_loop,,nominal,,True,ok,third_party/visualnav-transformer/model_weights/gnm/gnm.pth,12.88,0.3,-0.0109,0.9101,-0.0099,9.79,,,gnm_closed_loop,0.2,-0.01088,normalized_stop_ab_20260708,G,stop_authority_normalized_pred,normalized_pred_gate,,3,0.5,10.09,0.9703,False,hospital_fresh_medium_G,3.1743,True,0.3,-0.01088,0.2,-0.01088,True,armed,False,,True,shadow,results/bo_reviewer_packet/temporal_stop_head/22_temporal_stop_head_model.pt,0.115,0.0,False,0.5,,,3.1743,False,,,True
normcmp_G_stopauth_20260708_153944,100,11.383334,1783521587.919487,2.170954,0.500002,-0.0,3.141569,0.2,-0.01088,0.19983,0.000555,camera_link,11.383334,gnm_closed_loop,,nominal,,True,ok,third_party/visualnav-transformer/model_weights/gnm/gnm.pth,12.88,0.3,-0.0109,0.9101,-0.0099,9.79,,,gnm_closed_loop,0.2,-0.01088,normalized_stop_ab_20260708,G,stop_authority_normalized_pred,normalized_pred_gate,,3,0.5,10.09,0.9703,False,hospital_fresh_medium_G,3.171,True,0.3,-0.01088,0.2,-0.01088,True,armed,False,,True,shadow,results/bo_reviewer_packet/temporal_stop_head/22_temporal_stop_head_model.pt,0.115,0.0,False,0.5,,,3.1743,False,,,True
normcmp_G_stopauth_20260708_153944,101,11.400001,1783521587.92135,2.167629,0.500003,-0.0,3.141569,0.2,-0.01088,0.19983,0.000555,camera_link,11.400001,gnm_closed_loop,,nominal,,True,ok,third_party/visualnav-transformer/model_weights/gnm/gnm.pth,12.88,0.3,-0.0109,0.9101,-0.0099,9.79,,,gnm_closed_loop,0.2,-0.01088,normalized_stop_ab_20260708,G,stop_authority_normalized_pred,normalized_pred_gate,,3,0.5,10.09,0.9703,False,hospital_fresh_medium_G,3.1676,True,0.3,-0.01088,0.2,-0.01088,True,armed,False,,True,shadow,results/bo_reviewer_packet/temporal_stop_head/22_temporal_stop_head_model.pt,0.115,0.0,False,0.5,,,3.1743,False,,,True
normcmp_G_stopauth_20260708_153944,102,11.416667,1783521587.94466,2.164305,0.500002,-0.0,3.141569,0.2,-0.010979,0.199852,0.000154,camera_link,11.416667,gnm_closed_loop,,nominal,,True,ok,third_party/visualnav-transformer/model_weights/gnm/gnm.pth,12.87,0.3,-0.011,0.9096,-0.01,9.71,,,gnm_closed_loop,0.2,-0.010979,normalized_stop_ab_20260708,G,stop_authority_normalized_pred,normalized_pred_gate,,3,0.5,10.09,0.9623,False,hospital_fresh_medium_G,3.1643,True,0.3,-0.010979,0.2,-0.010979,True,armed,False,,True,shadow,results/bo_reviewer_packet/temporal_stop_head/22_temporal_stop_head_model.pt,0.129,0.0,False,0.5,,,3.1643,False,,,True
normcmp_G_stopauth_20260708_153944,103,11.433334,1783521587.946799,2.160981,0.500003,-0.0,3.141568,0.2,-0.010979,0.199852,0.000154,camera_link,11.433334,gnm_closed_loop,,nominal,,True,ok,third_party/visualnav-transformer/model_weights/gnm/gnm.pth,12.87,0.3,-0.011,0.9096,-0.01,9.71,,,gnm_closed_loop,0.2,-0.010979,normalized_stop_ab_20260708,G,stop_authority_normalized_pred,normalized_pred_gate,,3,0.5,10.09,0.9623,False,hospital_fresh_medium_G,3.161,True,0.3,-0.010979,0.2,-0.010979,True,armed,False,,True,shadow,results/bo_reviewer_packet/temporal_stop_head/22_temporal_stop_head_model.pt,0.129,0.0,False,0.5,,,3.1643,False,,,True
normcmp_G_stopauth_20260708_153944,104,11.450001,1783521587.948612,2.157656,0.500002,-0.0,3.141568,0.2,-0.010979,0.199852,0.000154,camera_link,11.450001,gnm_closed_loop,,nominal,,True,ok,third_party/visualnav-transformer/model_weights/gnm/gnm.pth,12.87,0.3,-0.011,0.9096,-0.01,9.71,,,gnm_closed_loop,0.2,-0.010979,normalized_stop_ab_20260708,G,stop_authority_normalized_pred,normalized_pred_gate,,3,0.5,10.09,0.9623,False,hospital_fresh_medium_G,3.1577,True,0.3,-0.010979,0.2,-0.010979,True,armed,False,,True,shadow,results/bo_reviewer_packet/temporal_stop_head/22_temporal_stop_head_model.pt,0.129,0.0,False,0.5,,,3.1643,False,,,True
normcmp_G_stopauth_20260708_153944,105,11.466667,1783521587.971749,2.154332,0.500002,-0.0,3.141568,0.2,-0.010931,0.199838,0.000686,camera_link,11.466667,gnm_closed_loop,,nominal,,True,ok,third_party/visualnav-transformer/model_weights/gnm/gnm.pth,12.77,0.3,-0.0109,0.9078,-0.0099,9.55,,,gnm_closed_loop,0.2,-0.010931,normalized_stop_ab_20260708,G,stop_authority_normalized_pred,normalized_pred_gate,,3,0.5,10.09,0.9465,False,hospital_fresh_medium_G,3.1543,True,0.3,-0.010931,0.2,-0.010931,True,armed,False,,True,shadow,results/bo_reviewer_packet/temporal_stop_head/22_temporal_stop_head_model.pt,0.128,0.0,False,0.5,,,3.1543,False,,,True
normcmp_G_stopauth_20260708_153944,106,11.483334,1783521587.974097,2.151008,0.500002,-0.0,3.141568,0.2,-0.010931,0.199838,0.000686,camera_link,11.483334,gnm_closed_loop,,nominal,,True,ok,third_party/visualnav-transformer/model_weights/gnm/gnm.pth,12.77,0.3,-0.0109,0.9078,-0.0099,9.55,,,gnm_closed_loop,0.2,-0.010931,normalized_stop_ab_20260708,G,stop_authority_normalized_pred,normalized_pred_gate,,3,0.5,10.09,0.9465,False,hospital_fresh_medium_G,3.151,True,0.3,-0.010931,0.2,-0.010931,True,armed,False,,True,shadow,results/bo_reviewer_packet/temporal_stop_head/22_temporal_stop_head_model.pt,0.128,0.0,False,0.5,,,3.1543,False,,,True
normcmp_G_stopauth_20260708_153944,107,11.500001,1783521587.97604,2.147683,0.500002,-0.0,3.141567,0.2,-0.010931,0.199838,0.000686,camera_link,11.500001,gnm_closed_loop,,nominal,,True,ok,third_party/visualnav-transformer/model_weights/gnm/gnm.pth,12.77,0.3,-0.0109,0.9078,-0.0099,9.55,,,gnm_closed_loop,0.2,-0.010931,normalized_stop_ab_20260708,G,stop_authority_normalized_pred,normalized_pred_gate,,3,0.5,10.09,0.9465,False,hospital_fresh_medium_G,3.1477,True,0.3,-0.010931,0.2,-0.010931,True,armed,False,,True,shadow,results/bo_reviewer_packet/temporal_stop_head/22_temporal_stop_head_model.pt,0.128,0.0,False,0.5,,,3.1543,False,,,True
normcmp_G_stopauth_20260708_153944,108,11.516667,1783521587.999141,2.144359,0.500003,-0.0,3.141566,0.2,-0.010823,0.199815,0.000839,camera_link,11.516667,gnm_closed_loop,,nominal,,True,ok,third_party/visualnav-transformer/model_weights/gnm/gnm.pth,12.95,0.3,-0.0108,0.9095,-0.0098,9.58,,,gnm_closed_loop,0.2,-0.010823,normalized_stop_ab_20260708,G,stop_authority_normalized_pred,normalized_pred_gate,,3,0.5,10.09,0.9495,False,hospital_fresh_medium_G,3.1444,True,0.3,-0.010823,0.2,-0.010823,True,armed,False,,True,shadow,results/bo_reviewer_packet/temporal_stop_head/22_temporal_stop_head_model.pt,0.112,0.0,False,0.5,,,3.1444,False,,,True
normcmp_G_stopauth_20260708_153944,109,11.533334,1783521588.001573,2.141034,0.500002,-0.0,3.141566,0.2,-0.010823,0.199815,0.000839,camera_link,11.533334,gnm_closed_loop,,nominal,,True,ok,third_party/visualnav-transformer/model_weights/gnm/gnm.pth,12.95,0.3,-0.0108,0.9095,-0.0098,9.58,,,gnm_closed_loop,0.2,-0.010823,normalized_stop_ab_20260708,G,stop_authority_normalized_pred,normalized_pred_gate,,3,0.5,10.09,0.9495,False,hospital_fresh_medium_G,3.141,True,0.3,-0.010823,0.2,-0.010823,True,armed,False,,True,shadow,results/bo_reviewer_packet/temporal_stop_head/22_temporal_stop_head_model.pt,0.112,0.0,False,0.5,,,3.1444,False,,,True
normcmp_G_stopauth_20260708_153944,110,11.550001,1783521588.00354,2.13771,0.500003,-0.0,3.141566,0.2,-0.010823,0.199815,0.000839,camera_link,11.550001,gnm_closed_loop,,nominal,,True,ok,third_party/visualnav-transformer/model_weights/gnm/gnm.pth,12.95,0.3,-0.0108,0.9095,-0.0098,9.58,,,gnm_closed_loop,0.2,-0.010823,normalized_stop_ab_20260708,G,stop_authority_normalized_pred,normalized_pred_gate,,3,0.5,10.09,0.9495,False,hospital_fresh_medium_G,3.1377,True,0.3,-0.010823,0.2,-0.010823,True,armed,False,,True,shadow,results/bo_reviewer_packet/temporal_stop_head/22_temporal_stop_head_model.pt,0.112,0.0,False,0.5,,,3.1444,False,,,True
normcmp_G_stopauth_20260708_153944,111,11.566667,1783521588.027137,2.134386,0.500003,-0.0,3.141565,0.2,-0.010839,0.199845,0.000684,camera_link,11.566667,gnm_closed_loop,,nominal,,True,ok,third_party/visualnav-transformer/model_weights/gnm/gnm.pth,13.38,0.3,-0.0108,0.9122,-0.0099,9.55,,,gnm_closed_loop,0.2,-0.010839,normalized_stop_ab_20260708,G,stop_authority_normalized_pred,normalized_pred_gate,,3,0.5,10.09,0.9465,False,hospital_fresh_medium_G,3.1344,True,0.3,-0.010839,0.2,-0.010839,True,armed,False,,True,shadow,results/bo_reviewer_packet/temporal_stop_head/22_temporal_stop_head_model.pt,0.115,0.0,False,0.5,,,3.1344,False,,,True
normcmp_G_stopauth_20260708_153944,112,11.583334,1783521588.030195,2.131061,0.500003,-0.0,3.141564,0.2,-0.010839,0.199845,0.000684,camera_link,11.583334,gnm_closed_loop,,nominal,,True,ok,third_party/visualnav-transformer/model_weights/gnm/gnm.pth,13.38,0.3,-0.0108,0.9122,-0.0099,9.55,,,gnm_closed_loop,0.2,-0.010839,normalized_stop_ab_20260708,G,stop_authority_normalized_pred,normalized_pred_gate,,3,0.5,10.09,0.9465,False,hospital_fresh_medium_G,3.1311,True,0.3,-0.010839,0.2,-0.010839,True,armed,False,,True,shadow,results/bo_reviewer_packet/temporal_stop_head/22_temporal_stop_head_model.pt,0.115,0.0,False,0.5,,,3.1344,False,,,True
normcmp_G_stopauth_20260708_153944,113,11.600001,1783521588.032218,2.127737,0.500003,-0.0,3.141564,0.2,-0.010839,0.199845,0.000684,camera_link,11.600001,gnm_closed_loop,,nominal,,True,ok,third_party/visualnav-transformer/model_weights/gnm/gnm.pth,13.38,0.3,-0.0108,0.9122,-0.0099,9.55,,,gnm_closed_loop,0.2,-0.010839,normalized_stop_ab_20260708,G,stop_authority_normalized_pred,normalized_pred_gate,,3,0.5,10.09,0.9465,False,hospital_fresh_medium_G,3.1277,True,0.3,-0.010839,0.2,-0.010839,True,armed,False,,True,shadow,results/bo_reviewer_packet/temporal_stop_head/22_temporal_stop_head_model.pt,0.115,0.0,False,0.5,,,3.1344,False,,,True
normcmp_G_stopauth_20260708_153944,114,11.616667,1783521588.056228,2.124413,0.500003,-0.0,3.141564,0.2,-0.010378,0.199838,0.000529,camera_link,11.616667,gnm_closed_loop,,nominal,,True,ok,third_party/visualnav-transformer/model_weights/gnm/gnm.pth,12.58,0.3,-0.0104,0.9168,-0.0095,9.5,,,gnm_closed_loop,0.2,-0.010378,normalized_stop_ab_20260708,G,stop_authority_normalized_pred,normalized_pred_gate,,3,0.5,10.09,0.9415,False,hospital_fresh_medium_G,3.1244,True,0.3,-0.010378,0.2,-0.010378,True,armed,False,,True,shadow,results/bo_reviewer_packet/temporal_stop_head/22_temporal_stop_head_model.pt,0.129,0.0,False,0.5,,,3.1244,False,,,True
normcmp_G_stopauth_20260708_153944,115,11.633334,1783521588.058651,2.121089,0.500003,-0.0,3.141564,0.2,-0.010378,0.199838,0.000529,camera_link,11.633334,gnm_closed_loop,,nominal,,True,ok,third_party/visualnav-transformer/model_weights/gnm/gnm.pth,12.58,0.3,-0.0104,0.9168,-0.0095,9.5,,,gnm_closed_loop,0.2,-0.010378,normalized_stop_ab_20260708,G,stop_authority_normalized_pred,normalized_pred_gate,,3,0.5,10.09,0.9415,False,hospital_fresh_medium_G,3.1211,True,0.3,-0.010378,0.2,-0.010378,True,armed,False,,True,shadow,results/bo_reviewer_packet/temporal_stop_head/22_temporal_stop_head_model.pt,0.129,0.0,False,0.5,,,3.1244,False,,,True
normcmp_G_stopauth_20260708_153944,116,11.650001,1783521588.060482,2.117764,0.500003,-0.0,3.141563,0.2,-0.010378,0.199838,0.000529,camera_link,11.650001,gnm_closed_loop,,nominal,,True,ok,third_party/visualnav-transformer/model_weights/gnm/gnm.pth,12.58,0.3,-0.0104,0.9168,-0.0095,9.5,,,gnm_closed_loop,0.2,-0.010378,normalized_stop_ab_20260708,G,stop_authority_normalized_pred,normalized_pred_gate,,3,0.5,10.09,0.9415,False,hospital_fresh_medium_G,3.1178,True,0.3,-0.010378,0.2,-0.010378,True,armed,False,,True,shadow,results/bo_reviewer_packet/temporal_stop_head/22_temporal_stop_head_model.pt,0.129,0.0,False,0.5,,,3.1244,False,,,True
normcmp_G_stopauth_20260708_153944,117,11.666667,1783521588.083321,2.11444,0.500003,-0.0,3.141563,0.2,-0.009936,0.199845,-0.000121,camera_link,11.666667,gnm_closed_loop,,nominal,,True,ok,third_party/visualnav-transformer/model_weights/gnm/gnm.pth,12.66,0.3,-0.0099,0.9239,-0.0092,9.42,,,gnm_closed_loop,0.2,-0.009936,normalized_stop_ab_20260708,G,stop_authority_normalized_pred,normalized_pred_gate,,3,0.5,10.09,0.9336,False,hospital_fresh_medium_G,3.1144,True,0.3,-0.009936,0.2,-0.009936,True,armed,False,,True,shadow,results/bo_reviewer_packet/temporal_stop_head/22_temporal_stop_head_model.pt,0.114,0.0,False,0.5,,,3.1144,False,,,True
normcmp_G_stopauth_20260708_153944,118,11.683334,1783521588.0855,2.111116,0.500003,-0.0,3.141563,0.2,-0.009936,0.199845,-0.000121,camera_link,11.683334,gnm_closed_loop,,nominal,,True,ok,third_party/visualnav-transformer/model_weights/gnm/gnm.pth,12.66,0.3,-0.0099,0.9239,-0.0092,9.42,,,gnm_closed_loop,0.2,-0.009936,normalized_stop_ab_20260708,G,stop_authority_normalized_pred,normalized_pred_gate,,3,0.5,10.09,0.9336,False,hospital_fresh_medium_G,3.1111,True,0.3,-0.009936,0.2,-0.009936,True,armed,False,,True,shadow,results/bo_reviewer_packet/temporal_stop_head/22_temporal_stop_head_model.pt,0.114,0.0,False,0.5,,,3.1144,False,,,True
normcmp_G_stopauth_20260708_153944,119,11.700001,1783521588.087393,2.107792,0.500003,-0.0,3.141563,0.2,-0.009936,0.199845,-0.000121,camera_link,11.700001,gnm_closed_loop,,nominal,,True,ok,third_party/visualnav-transformer/model_weights/gnm/gnm.pth,12.66,0.3,-0.0099,0.9239,-0.0092,9.42,,,gnm_closed_loop,0.2,-0.009936,normalized_stop_ab_20260708,G,stop_authority_normalized_pred,normalized_pred_gate,,3,0.5,10.09,0.9336,False,hospital_fresh_medium_G,3.1078,True,0.3,-0.009936,0.2,-0.009936,True,armed,False,,True,shadow,results/bo_reviewer_packet/temporal_stop_head/22_temporal_stop_head_model.pt,0.114,0.0,False,0.5,,,3.1144,False,,,True
normcmp_G_stopauth_20260708_153944,120,11.716667,1783521588.109864,2.104467,0.500003,-0.0,3.141562,0.2,-0.009583,0.199819,0.000267,camera_link,11.716667,gnm_closed_loop,,nominal,,True,ok,third_party/visualnav-transformer/model_weights/gnm/gnm.pth,12.64,0.3,-0.0096,0.9319,-0.0089,9.39,,,gnm_closed_loop,0.2,-0.009583,normalized_stop_ab_20260708,G,stop_authority_normalized_pred,normalized_pred_gate,,3,0.5,10.09,0.9306,False,hospital_fresh_medium_G,3.1045,True,0.3,-0.009583,0.2,-0.009583,True,armed,False,,True,shadow,results/bo_reviewer_packet/temporal_stop_head/22_temporal_stop_head_model.pt,0.105,0.0,False,0.5,,,3.1045,False,,,True
normcmp_G_stopauth_20260708_153944,121,11.733334,1783521588.112255,2.101143,0.500003,-0.0,3.141562,0.2,-0.009583,0.199819,0.000267,camera_link,11.733334,gnm_closed_loop,,nominal,,True,ok,third_party/visualnav-transformer/model_weights/gnm/gnm.pth,12.64,0.3,-0.0096,0.9319,-0.0089,9.39,,,gnm_closed_loop,0.2,-0.009583,normalized_stop_ab_20260708,G,stop_authority_normalized_pred,normalized_pred_gate,,3,0.5,10.09,0.9306,False,hospital_fresh_medium_G,3.1011,True,0.3,-0.009583,0.2,-0.009583,True,armed,False,,True,shadow,results/bo_reviewer_packet/temporal_stop_head/22_temporal_stop_head_model.pt,0.105,0.0,False,0.5,,,3.1045,False,,,True
normcmp_G_stopauth_20260708_153944,122,11.750001,1783521588.114195,2.097819,0.500003,-0.0,3.141562,0.2,-0.009583,0.199819,0.000267,camera_link,11.750001,gnm_closed_loop,,nominal,,True,ok,third_party/visualnav-transformer/model_weights/gnm/gnm.pth,12.64,0.3,-0.0096,0.9319,-0.0089,9.39,,,gnm_closed_loop,0.2,-0.009583,normalized_stop_ab_20260708,G,stop_authority_normalized_pred,normalized_pred_gate,,3,0.5,10.09,0.9306,False,hospital_fresh_medium_G,3.0978,True,0.3,-0.009583,0.2,-0.009583,True,armed,False,,True,shadow,results/bo_reviewer_packet/temporal_stop_head/22_temporal_stop_head_model.pt,0.105,0.0,False,0.5,,,3.1045,False,,,True
normcmp_G_stopauth_20260708_153944,123,11.766667,1783521588.136924,2.094494,0.500004,-0.0,3.141562,0.2,-0.00903,0.199826,0.000487,camera_link,11.766667,gnm_closed_loop,,nominal,,True,ok,third_party/visualnav-transformer/model_weights/gnm/gnm.pth,12.85,0.3,-0.009,0.9411,-0.0085,9.3,,,gnm_closed_loop,0.2,-0.00903,normalized_stop_ab_20260708,G,stop_authority_normalized_pred,normalized_pred_gate,,3,0.5,10.09,0.9217,False,hospital_fresh_medium_G,3.0945,True,0.3,-0.00903,0.2,-0.00903,True,armed,False,,True,shadow,results/bo_reviewer_packet/temporal_stop_head/22_temporal_stop_head_model.pt,0.156,0.0,False,0.5,,,3.0945,False,,,True
normcmp_G_stopauth_20260708_153944,124,11.783334,1783521588.139357,2.091169,0.500004,-0.0,3.141561,0.2,-0.00903,0.199826,0.000487,camera_link,11.783334,gnm_closed_loop,,nominal,,True,ok,third_party/visualnav-transformer/model_weights/gnm/gnm.pth,12.85,0.3,-0.009,0.9411,-0.0085,9.3,,,gnm_closed_loop,0.2,-0.00903,normalized_stop_ab_20260708,G,stop_authority_normalized_pred,normalized_pred_gate,,3,0.5,10.09,0.9217,False,hospital_fresh_medium_G,3.0912,True,0.3,-0.00903,0.2,-0.00903,True,armed,False,,True,shadow,results/bo_reviewer_packet/temporal_stop_head/22_temporal_stop_head_model.pt,0.156,0.0,False,0.5,,,3.0945,False,,,True
normcmp_G_stopauth_20260708_153944,125,11.800001,1783521588.141469,2.087844,0.500004,-0.0,3.141561,0.2,-0.00903,0.199826,0.000487,camera_link,11.800001,gnm_closed_loop,,nominal,,True,ok,third_party/visualnav-transformer/model_weights/gnm/gnm.pth,12.85,0.3,-0.009,0.9411,-0.0085,9.3,,,gnm_closed_loop,0.2,-0.00903,normalized_stop_ab_20260708,G,stop_authority_normalized_pred,normalized_pred_gate,,3,0.5,10.09,0.9217,False,hospital_fresh_medium_G,3.0878,True,0.3,-0.00903,0.2,-0.00903,True,armed,False,,True,shadow,results/bo_reviewer_packet/temporal_stop_head/22_temporal_stop_head_model.pt,0.156,0.0,False,0.5,,,3.0945,False,,,True
normcmp_G_stopauth_20260708_153944,126,11.816667,1783521588.165871,2.08452,0.500004,-0.0,3.141561,0.2,-0.008258,0.199847,0.000251,camera_link,11.816667,gnm_closed_loop,,nominal,,True,ok,third_party/visualnav-transformer/model_weights/gnm/gnm.pth,13.16,0.3,-0.0083,0.9524,-0.0079,9.23,,,gnm_closed_loop,0.2,-0.008258,normalized_stop_ab_20260708,G,stop_authority_normalized_pred,normalized_pred_gate,,3,0.5,10.09,0.9148,False,hospital_fresh_medium_G,3.0845,True,0.3,-0.008258,0.2,-0.008258,True,armed,False,,True,shadow,results/bo_reviewer_packet/temporal_stop_head/22_temporal_stop_head_model.pt,0.131,0.0,False,0.5,,,3.0845,False,,,True
normcmp_G_stopauth_20260708_153944,127,11.833334,1783521588.16826,2.081196,0.500004,-0.0,3.14156,0.2,-0.008258,0.199847,0.000251,camera_link,11.833334,gnm_closed_loop,,nominal,,True,ok,third_party/visualnav-transformer/model_weights/gnm/gnm.pth,13.16,0.3,-0.0083,0.9524,-0.0079,9.23,,,gnm_closed_loop,0.2,-0.008258,normalized_stop_ab_20260708,G,stop_authority_normalized_pred,normalized_pred_gate,,3,0.5,10.09,0.9148,False,hospital_fresh_medium_G,3.0812,True,0.3,-0.008258,0.2,-0.008258,True,armed,False,,True,shadow,results/bo_reviewer_packet/temporal_stop_head/22_temporal_stop_head_model.pt,0.131,0.0,False,0.5,,,3.0845,False,,,True
normcmp_G_stopauth_20260708_153944,128,11.850001,1783521588.170204,2.077872,0.500004,-0.0,3.14156,0.2,-0.008258,0.199847,0.000251,camera_link,11.850001,gnm_closed_loop,,nominal,,True,ok,third_party/visualnav-transformer/model_weights/gnm/gnm.pth,13.16,0.3,-0.0083,0.9524,-0.0079,9.23,,,gnm_closed_loop,0.2,-0.008258,normalized_stop_ab_20260708,G,stop_authority_normalized_pred,normalized_pred_gate,,3,0.5,10.09,0.9148,False,hospital_fresh_medium_G,3.0779,True,0.3,-0.008258,0.2,-0.008258,True,armed,False,,True,shadow,results/bo_reviewer_packet/temporal_stop_head/22_temporal_stop_head_model.pt,0.131,0.0,False,0.5,,,3.0845,False,,,True
normcmp_G_stopauth_20260708_153944,129,11.866667,1783521588.193236,2.074547,0.500004,-0.0,3.14156,0.2,-0.007761,0.199832,0.00044,camera_link,11.866667,gnm_closed_loop,,nominal,,True,ok,third_party/visualnav-transformer/model_weights/gnm/gnm.pth,13.13,0.3,-0.0078,0.9579,-0.0074,9.21,,,gnm_closed_loop,0.2,-0.007761,normalized_stop_ab_20260708,G,stop_authority_normalized_pred,normalized_pred_gate,,3,0.5,10.09,0.9128,False,hospital_fresh_medium_G,3.0745,True,0.3,-0.007761,0.2,-0.007761,True,armed,False,,True,shadow,results/bo_reviewer_packet/temporal_stop_head/22_temporal_stop_head_model.pt,0.118,0.0,False,0.5,,,3.0745,False,,,True
normcmp_G_stopauth_20260708_153944,130,11.883334,1783521588.1955,2.071222,0.500004,-0.0,3.14156,0.2,-0.007761,0.199832,0.00044,camera_link,11.883334,gnm_closed_loop,,nominal,,True,ok,third_party/visualnav-transformer/model_weights/gnm/gnm.pth,13.13,0.3,-0.0078,0.9579,-0.0074,9.21,,,gnm_closed_loop,0.2,-0.007761,normalized_stop_ab_20260708,G,stop_authority_normalized_pred,normalized_pred_gate,,3,0.5,10.09,0.9128,False,hospital_fresh_medium_G,3.0712,True,0.3,-0.007761,0.2,-0.007761,True,armed,False,,True,shadow,results/bo_reviewer_packet/temporal_stop_head/22_temporal_stop_head_model.pt,0.118,0.0,False,0.5,,,3.0745,False,,,True
normcmp_G_stopauth_20260708_153944,131,11.900001,1783521588.19756,2.067898,0.500004,-0.0,3.141559,0.2,-0.007761,0.199832,0.00044,camera_link,11.900001,gnm_closed_loop,,nominal,,True,ok,third_party/visualnav-transformer/model_weights/gnm/gnm.pth,13.13,0.3,-0.0078,0.9579,-0.0074,9.21,,,gnm_closed_loop,0.2,-0.007761,normalized_stop_ab_20260708,G,stop_authority_normalized_pred,normalized_pred_gate,,3,0.5,10.09,0.9128,False,hospital_fresh_medium_G,3.0679,True,0.3,-0.007761,0.2,-0.007761,True,armed,False,,True,shadow,results/bo_reviewer_packet/temporal_stop_head/22_temporal_stop_head_model.pt,0.118,0.0,False,0.5,,,3.0745,False,,,True
normcmp_G_stopauth_20260708_153944,132,11.916667,1783521588.221345,2.064574,0.500004,-0.0,3.141559,0.2,-0.007796,0.19984,0.000309,camera_link,11.916667,gnm_closed_loop,,nominal,,True,ok,third_party/visualnav-transformer/model_weights/gnm/gnm.pth,12.77,0.3,-0.0078,0.9596,-0.0075,9.21,,,gnm_closed_loop,0.2,-0.007796,normalized_stop_ab_20260708,G,stop_authority_normalized_pred,normalized_pred_gate,,3,0.5,10.09,0.9128,False,hospital_fresh_medium_G,3.0646,True,0.3,-0.007796,0.2,-0.007796,True,armed,False,,True,shadow,results/bo_reviewer_packet/temporal_stop_head/22_temporal_stop_head_model.pt,0.12,0.0,False,0.5,,,3.0646,False,,,True
normcmp_G_stopauth_20260708_153944,133,11.933334,1783521588.22417,2.061249,0.500004,-0.0,3.141559,0.2,-0.007796,0.19984,0.000309,camera_link,11.933334,gnm_closed_loop,,nominal,,True,ok,third_party/visualnav-transformer/model_weights/gnm/gnm.pth,12.77,0.3,-0.0078,0.9596,-0.0075,9.21,,,gnm_closed_loop,0.2,-0.007796,normalized_stop_ab_20260708,G,stop_authority_normalized_pred,normalized_pred_gate,,3,0.5,10.09,0.9128,False,hospital_fresh_medium_G,3.0612,True,0.3,-0.007796,0.2,-0.007796,True,armed,False,,True,shadow,results/bo_reviewer_packet/temporal_stop_head/22_temporal_stop_head_model.pt,0.12,0.0,False,0.5,,,3.0646,False,,,True
normcmp_G_stopauth_20260708_153944,134,11.950001,1783521588.225975,2.057925,0.500005,-0.0,3.141559,0.2,-0.007796,0.19984,0.000309,camera_link,11.950001,gnm_closed_loop,,nominal,,True,ok,third_party/visualnav-transformer/model_weights/gnm/gnm.pth,12.77,0.3,-0.0078,0.9596,-0.0075,9.21,,,gnm_closed_loop,0.2,-0.007796,normalized_stop_ab_20260708,G,stop_authority_normalized_pred,normalized_pred_gate,,3,0.5,10.09,0.9128,False,hospital_fresh_medium_G,3.0579,True,0.3,-0.007796,0.2,-0.007796,True,armed,False,,True,shadow,results/bo_reviewer_packet/temporal_stop_head/22_temporal_stop_head_model.pt,0.12,0.0,False,0.5,,,3.0646,False,,,True
normcmp_G_stopauth_20260708_153944,135,11.966667,1783521588.248119,2.054601,0.500005,-0.0,3.141559,0.2,-0.00723,0.199828,4.6e-05,camera_link,11.966667,gnm_closed_loop,,nominal,,True,ok,third_party/visualnav-transformer/model_weights/gnm/gnm.pth,12.74,0.3,-0.0072,0.9671,-0.007,9.24,,,gnm_closed_loop,0.2,-0.00723,normalized_stop_ab_20260708,G,stop_authority_normalized_pred,normalized_pred_gate,,3,0.5,10.09,0.9158,False,hospital_fresh_medium_G,3.0546,True,0.3,-0.00723,0.2,-0.00723,True,armed,False,,True,shadow,results/bo_reviewer_packet/temporal_stop_head/22_temporal_stop_head_model.pt,0.121,0.0,False,0.5,,,3.0546,False,,,True
normcmp_G_stopauth_20260708_153944,136,11.983334,1783521588.250606,2.051276,0.500005,-0.0,3.141559,0.2,-0.00723,0.199828,4.6e-05,camera_link,11.983334,gnm_closed_loop,,nominal,,True,ok,third_party/visualnav-transformer/model_weights/gnm/gnm.pth,12.74,0.3,-0.0072,0.9671,-0.007,9.24,,,gnm_closed_loop,0.2,-0.00723,normalized_stop_ab_20260708,G,stop_authority_normalized_pred,normalized_pred_gate,,3,0.5,10.09,0.9158,False,hospital_fresh_medium_G,3.0513,True,0.3,-0.00723,0.2,-0.00723,True,armed,False,,True,shadow,results/bo_reviewer_packet/temporal_stop_head/22_temporal_stop_head_model.pt,0.121,0.0,False,0.5,,,3.0546,False,,,True
normcmp_G_stopauth_20260708_153944,137,12.000001,1783521588.252553,2.047952,0.500005,-0.0,3.141558,0.2,-0.00723,0.199828,4.6e-05,camera_link,12.000001,gnm_closed_loop,,nominal,,True,ok,third_party/visualnav-transformer/model_weights/gnm/gnm.pth,12.74,0.3,-0.0072,0.9671,-0.007,9.24,,,gnm_closed_loop,0.2,-0.00723,normalized_stop_ab_20260708,G,stop_authority_normalized_pred,normalized_pred_gate,,3,0.5,10.09,0.9158,False,hospital_fresh_medium_G,3.048,True,0.3,-0.00723,0.2,-0.00723,True,armed,False,,True,shadow,results/bo_reviewer_packet/temporal_stop_head/22_temporal_stop_head_model.pt,0.121,0.0,False,0.5,,,3.0546,False,,,True
normcmp_G_stopauth_20260708_153944,138,12.016667,1783521588.275712,2.044627,0.500005,-0.0,3.141558,0.2,-0.007463,0.199832,0.000682,camera_link,12.016667,gnm_closed_loop,,nominal,,True,ok,third_party/visualnav-transformer/model_weights/gnm/gnm.pth,13.26,0.3,-0.0075,0.9667,-0.0072,9.21,,,gnm_closed_loop,0.2,-0.007463,normalized_stop_ab_20260708,G,stop_authority_normalized_pred,normalized_pred_gate,,3,0.5,10.09,0.9128,False,hospital_fresh_medium_G,3.0446,True,0.3,-0.007463,0.2,-0.007463,True,armed,False,,True,shadow,results/bo_reviewer_packet/temporal_stop_head/22_temporal_stop_head_model.pt,0.131,0.0,False,0.5,,,3.0446,False,,,True
normcmp_G_stopauth_20260708_153944,139,12.033334,1783521588.277957,2.041303,0.500005,-0.0,3.141557,0.2,-0.007463,0.199832,0.000682,camera_link,12.033334,gnm_closed_loop,,nominal,,True,ok,third_party/visualnav-transformer/model_weights/gnm/gnm.pth,13.26,0.3,-0.0075,0.9667,-0.0072,9.21,,,gnm_closed_loop,0.2,-0.007463,normalized_stop_ab_20260708,G,stop_authority_normalized_pred,normalized_pred_gate,,3,0.5,10.09,0.9128,False,hospital_fresh_medium_G,3.0413,True,0.3,-0.007463,0.2,-0.007463,True,armed,False,,True,shadow,results/bo_reviewer_packet/temporal_stop_head/22_temporal_stop_head_model.pt,0.131,0.0,False,0.5,,,3.0446,False,,,True
normcmp_G_stopauth_20260708_153944,140,12.050001,1783521588.279808,2.037978,0.500005,-0.0,3.141557,0.2,-0.007463,0.199832,0.000682,camera_link,12.050001,gnm_closed_loop,,nominal,,True,ok,third_party/visualnav-transformer/model_weights/gnm/gnm.pth,13.26,0.3,-0.0075,0.9667,-0.0072,9.21,,,gnm_closed_loop,0.2,-0.007463,normalized_stop_ab_20260708,G,stop_authority_normalized_pred,normalized_pred_gate,,3,0.5,10.09,0.9128,False,hospital_fresh_medium_G,3.038,True,0.3,-0.007463,0.2,-0.007463,True,armed,False,,True,shadow,results/bo_reviewer_packet/temporal_stop_head/22_temporal_stop_head_model.pt,0.131,0.0,False,0.5,,,3.0446,False,,,True
normcmp_G_stopauth_20260708_153944,141,12.066667,1783521588.302461,2.034654,0.500005,-0.0,3.141557,0.2,-0.007274,0.199833,0.000625,camera_link,12.066667,gnm_closed_loop,,nominal,,True,ok,third_party/visualnav-transformer/model_weights/gnm/gnm.pth,12.72,0.3,-0.0073,0.9693,-0.0071,9.22,,,gnm_closed_loop,0.2,-0.007274,normalized_stop_ab_20260708,G,stop_authority_normalized_pred,normalized_pred_gate,,3,0.5,10.09,0.9138,False,hospital_fresh_medium_G,3.0347,True,0.3,-0.007274,0.2,-0.007274,True,armed,False,,True,shadow,results/bo_reviewer_packet/temporal_stop_head/22_temporal_stop_head_model.pt,0.117,0.0,False,0.5,,,3.0347,False,,,True
normcmp_G_stopauth_20260708_153944,142,12.083334,1783521588.304735,2.03133,0.500005,-0.0,3.141556,0.2,-0.007274,0.199833,0.000625,camera_link,12.083334,gnm_closed_loop,,nominal,,True,ok,third_party/visualnav-transformer/model_weights/gnm/gnm.pth,12.72,0.3,-0.0073,0.9693,-0.0071,9.22,,,gnm_closed_loop,0.2,-0.007274,normalized_stop_ab_20260708,G,stop_authority_normalized_pred,normalized_pred_gate,,3,0.5,10.09,0.9138,False,hospital_fresh_medium_G,3.0313,True,0.3,-0.007274,0.2,-0.007274,True,armed,False,,True,shadow,results/bo_reviewer_packet/temporal_stop_head/22_temporal_stop_head_model.pt,0.117,0.0,False,0.5,,,3.0347,False,,,True
normcmp_G_stopauth_20260708_153944,143,12.100001,1783521588.306659,2.028006,0.500005,-0.0,3.141556,0.2,-0.007274,0.199833,0.000625,camera_link,12.100001,gnm_closed_loop,,nominal,,True,ok,third_party/visualnav-transformer/model_weights/gnm/gnm.pth,12.72,0.3,-0.0073,0.9693,-0.0071,9.22,,,gnm_closed_loop,0.2,-0.007274,normalized_stop_ab_20260708,G,stop_authority_normalized_pred,normalized_pred_gate,,3,0.5,10.09,0.9138,False,hospital_fresh_medium_G,3.028,True,0.3,-0.007274,0.2,-0.007274,True,armed,False,,True,shadow,results/bo_reviewer_packet/temporal_stop_head/22_temporal_stop_head_model.pt,0.117,0.0,False,0.5,,,3.0347,False,,,True
normcmp_G_stopauth_20260708_153944,144,12.116667,1783521588.329165,2.024682,0.500005,-0.0,3.141556,0.2,-0.006826,0.199833,0.000109,camera_link,12.116667,gnm_closed_loop,,nominal,,True,ok,third_party/visualnav-transformer/model_weights/gnm/gnm.pth,12.72,0.3,-0.0068,0.9722,-0.0066,9.17,,,gnm_closed_loop,0.2,-0.006826,normalized_stop_ab_20260708,G,stop_authority_normalized_pred,normalized_pred_gate,,3,0.5,10.09,0.9088,False,hospital_fresh_medium_G,3.0247,True,0.3,-0.006826,0.2,-0.006826,True,armed,False,,True,shadow,results/bo_reviewer_packet/temporal_stop_head/22_temporal_stop_head_model.pt,0.113,0.0,False,0.5,,,3.0247,False,,,True
normcmp_G_stopauth_20260708_153944,145,12.133334,1783521588.331571,2.021357,0.500005,-0.0,3.141556,0.2,-0.006826,0.199833,0.000109,camera_link,12.133334,gnm_closed_loop,,nominal,,True,ok,third_party/visualnav-transformer/model_weights/gnm/gnm.pth,12.72,0.3,-0.0068,0.9722,-0.0066,9.17,,,gnm_closed_loop,0.2,-0.006826,normalized_stop_ab_20260708,G,stop_authority_normalized_pred,normalized_pred_gate,,3,0.5,10.09,0.9088,False,hospital_fresh_medium_G,3.0214,True,0.3,-0.006826,0.2,-0.006826,True,armed,False,,True,shadow,results/bo_reviewer_packet/temporal_stop_head/22_temporal_stop_head_model.pt,0.113,0.0,False,0.5,,,3.0247,False,,,True
normcmp_G_stopauth_20260708_153944,146,12.150001,1783521588.333421,2.018033,0.500005,-0.0,3.141556,0.2,-0.006826,0.199833,0.000109,camera_link,12.150001,gnm_closed_loop,,nominal,,True,ok,third_party/visualnav-transformer/model_weights/gnm/gnm.pth,12.72,0.3,-0.0068,0.9722,-0.0066,9.17,,,gnm_closed_loop,0.2,-0.006826,normalized_stop_ab_20260708,G,stop_authority_normalized_pred,normalized_pred_gate,,3,0.5,10.09,0.9088,False,hospital_fresh_medium_G,3.018,True,0.3,-0.006826,0.2,-0.006826,True,armed,False,,True,shadow,results/bo_reviewer_packet/temporal_stop_head/22_temporal_stop_head_model.pt,0.113,0.0,False,0.5,,,3.0247,False,,,True
normcmp_G_stopauth_20260708_153944,147,12.166667,1783521588.355929,2.014709,0.500006,-0.0,3.141556,0.2,-0.006719,0.199847,0.00018,camera_link,12.166667,gnm_closed_loop,,nominal,,True,ok,third_party/visualnav-transformer/model_weights/gnm/gnm.pth,12.83,0.3,-0.0067,0.9739,-0.0065,9.18,,,gnm_closed_loop,0.2,-0.006719,normalized_stop_ab_20260708,G,stop_authority_normalized_pred,normalized_pred_gate,,3,0.5,10.09,0.9098,False,hospital_fresh_medium_G,3.0147,True,0.3,-0.006719,0.2,-0.006719,True,armed,False,,True,shadow,results/bo_reviewer_packet/temporal_stop_head/22_temporal_stop_head_model.pt,0.126,0.0,False,0.5,,,3.0147,False,,,True
normcmp_G_stopauth_20260708_153944,148,12.183334,1783521588.358443,2.011384,0.500006,-0.0,3.141555,0.2,-0.006719,0.199847,0.00018,camera_link,12.183334,gnm_closed_loop,,nominal,,True,ok,third_party/visualnav-transformer/model_weights/gnm/gnm.pth,12.83,0.3,-0.0067,0.9739,-0.0065,9.18,,,gnm_closed_loop,0.2,-0.006719,normalized_stop_ab_20260708,G,stop_authority_normalized_pred,normalized_pred_gate,,3,0.5,10.09,0.9098,False,hospital_fresh_medium_G,3.0114,True,0.3,-0.006719,0.2,-0.006719,True,armed,False,,True,shadow,results/bo_reviewer_packet/temporal_stop_head/22_temporal_stop_head_model.pt,0.126,0.0,False,0.5,,,3.0147,False,,,True
normcmp_G_stopauth_20260708_153944,149,12.200001,1783521588.360457,2.00806,0.500006,-0.0,3.141555,0.2,-0.006719,0.199847,0.00018,camera_link,12.200001,gnm_closed_loop,,nominal,,True,ok,third_party/visualnav-transformer/model_weights/gnm/gnm.pth,12.83,0.3,-0.0067,0.9739,-0.0065,9.18,,,gnm_closed_loop,0.2,-0.006719,normalized_stop_ab_20260708,G,stop_authority_normalized_pred,normalized_pred_gate,,3,0.5,10.09,0.9098,False,hospital_fresh_medium_G,3.0081,True,0.3,-0.006719,0.2,-0.006719,True,armed,False,,True,shadow,results/bo_reviewer_packet/temporal_stop_head/22_temporal_stop_head_model.pt,0.126,0.0,False,0.5,,,3.0147,False,,,True
normcmp_G_stopauth_20260708_153944,150,12.216667,1783521588.385303,2.004736,0.500006,-0.0,3.141555,0.2,-0.007014,0.199825,1.1e-05,camera_link,12.216667,gnm_closed_loop,,nominal,,True,ok,third_party/visualnav-transformer/model_weights/gnm/gnm.pth,14.57,0.3,-0.007,0.9694,-0.0068,9.22,,,gnm_closed_loop,0.2,-0.007014,normalized_stop_ab_20260708,G,stop_authority_normalized_pred,normalized_pred_gate,,3,0.5,10.09,0.9138,False,hospital_fresh_medium_G,3.0047,True,0.3,-0.007014,0.2,-0.007014,True,armed,False,,True,shadow,results/bo_reviewer_packet/temporal_stop_head/22_temporal_stop_head_model.pt,0.132,0.0,False,0.5,,,3.0047,False,,,True
normcmp_G_stopauth_20260708_153944,151,12.233334,1783521588.387669,2.001412,0.500006,-0.0,3.141555,0.2,-0.007014,0.199825,1.1e-05,camera_link,12.233334,gnm_closed_loop,,nominal,,True,ok,third_party/visualnav-transformer/model_weights/gnm/gnm.pth,14.57,0.3,-0.007,0.9694,-0.0068,9.22,,,gnm_closed_loop,0.2,-0.007014,normalized_stop_ab_20260708,G,stop_authority_normalized_pred,normalized_pred_gate,,3,0.5,10.09,0.9138,False,hospital_fresh_medium_G,3.0014,True,0.3,-0.007014,0.2,-0.007014,True,armed,False,,True,shadow,results/bo_reviewer_packet/temporal_stop_head/22_temporal_stop_head_model.pt,0.132,0.0,False,0.5,,,3.0047,False,,,True
normcmp_G_stopauth_20260708_153944,152,12.250001,1783521588.389716,1.998087,0.500007,-0.0,3.141554,0.2,-0.007014,0.199825,1.1e-05,camera_link,12.250001,gnm_closed_loop,,nominal,,True,ok,third_party/visualnav-transformer/model_weights/gnm/gnm.pth,14.57,0.3,-0.007,0.9694,-0.0068,9.22,,,gnm_closed_loop,0.2,-0.007014,normalized_stop_ab_20260708,G,stop_authority_normalized_pred,normalized_pred_gate,,3,0.5,10.09,0.9138,False,hospital_fresh_medium_G,2.9981,True,0.3,-0.007014,0.2,-0.007014,True,armed,False,,True,shadow,results/bo_reviewer_packet/temporal_stop_head/22_temporal_stop_head_model.pt,0.132,0.0,False,0.5,,,3.0047,False,,,True
normcmp_G_stopauth_20260708_153944,153,12.266667,1783521588.415974,1.994762,0.500006,-0.0,3.141554,0.2,-0.007633,0.199839,0.000466,camera_link,12.266667,gnm_closed_loop,,nominal,,True,ok,third_party/visualnav-transformer/model_weights/gnm/gnm.pth,13.87,0.3,-0.0076,0.9641,-0.0074,9.26,,,gnm_closed_loop,0.2,-0.007633,normalized_stop_ab_20260708,G,stop_authority_normalized_pred,normalized_pred_gate,,3,0.5,10.09,0.9177,False,hospital_fresh_medium_G,2.9948,True,0.3,-0.007633,0.2,-0.007633,True,armed,False,,True,shadow,results/bo_reviewer_packet/temporal_stop_head/22_temporal_stop_head_model.pt,0.137,0.0,False,0.5,,,2.9948,False,,,True
normcmp_G_stopauth_20260708_153944,154,12.283334,1783521588.418519,1.991438,0.500007,-0.0,3.141554,0.2,-0.007633,0.199839,0.000466,camera_link,12.283334,gnm_closed_loop,,nominal,,True,ok,third_party/visualnav-transformer/model_weights/gnm/gnm.pth,13.87,0.3,-0.0076,0.9641,-0.0074,9.26,,,gnm_closed_loop,0.2,-0.007633,normalized_stop_ab_20260708,G,stop_authority_normalized_pred,normalized_pred_gate,,3,0.5,10.09,0.9177,False,hospital_fresh_medium_G,2.9914,True,0.3,-0.007633,0.2,-0.007633,True,armed,False,,True,shadow,results/bo_reviewer_packet/temporal_stop_head/22_temporal_stop_head_model.pt,0.137,0.0,False,0.5,,,2.9948,False,,,True
normcmp_G_stopauth_20260708_153944,155,12.300001,1783521588.420568,1.988114,0.500007,-0.0,3.141554,0.2,-0.007633,0.199839,0.000466,camera_link,12.300001,gnm_closed_loop,,nominal,,True,ok,third_party/visualnav-transformer/model_weights/gnm/gnm.pth,13.87,0.3,-0.0076,0.9641,-0.0074,9.26,,,gnm_closed_loop,0.2,-0.007633,normalized_stop_ab_20260708,G,stop_authority_normalized_pred,normalized_pred_gate,,3,0.5,10.09,0.9177,False,hospital_fresh_medium_G,2.9881,True,0.3,-0.007633,0.2,-0.007633,True,armed,False,,True,shadow,results/bo_reviewer_packet/temporal_stop_head/22_temporal_stop_head_model.pt,0.137,0.0,False,0.5,,,2.9948,False,,,True
normcmp_G_stopauth_20260708_153944,156,12.316667,1783521588.443516,1.984789,0.500007,-0.0,3.141553,0.2,-0.008139,0.199824,0.000315,camera_link,12.316667,gnm_closed_loop,,nominal,,True,ok,third_party/visualnav-transformer/model_weights/gnm/gnm.pth,12.85,0.3,-0.0081,0.9578,-0.0078,9.28,,,gnm_closed_loop,0.2,-0.008139,normalized_stop_ab_20260708,G,stop_authority_normalized_pred,normalized_pred_gate,,3,0.5,10.09,0.9197,False,hospital_fresh_medium_G,2.9848,True,0.3,-0.008139,0.2,-0.008139,True,armed,False,,True,shadow,results/bo_reviewer_packet/temporal_stop_head/22_temporal_stop_head_model.pt,0.117,0.0,False,0.5,,,2.9848,False,,,True
normcmp_G_stopauth_20260708_153944,157,12.333334,1783521588.446427,1.981465,0.500007,-0.0,3.141553,0.2,-0.008139,0.199824,0.000315,camera_link,12.333334,gnm_closed_loop,,nominal,,True,ok,third_party/visualnav-transformer/model_weights/gnm/gnm.pth,12.85,0.3,-0.0081,0.9578,-0.0078,9.28,,,gnm_closed_loop,0.2,-0.008139,normalized_stop_ab_20260708,G,stop_authority_normalized_pred,normalized_pred_gate,,3,0.5,10.09,0.9197,False,hospital_fresh_medium_G,2.9815,True,0.3,-0.008139,0.2,-0.008139,True,armed,False,,True,shadow,results/bo_reviewer_packet/temporal_stop_head/22_temporal_stop_head_model.pt,0.117,0.0,False,0.5,,,2.9848,False,,,True
normcmp_G_stopauth_20260708_153944,158,12.350001,1783521588.448486,1.97814,0.500007,-0.0,3.141553,0.2,-0.008139,0.199824,0.000315,camera_link,12.350001,gnm_closed_loop,,nominal,,True,ok,third_party/visualnav-transformer/model_weights/gnm/gnm.pth,12.85,0.3,-0.0081,0.9578,-0.0078,9.28,,,gnm_closed_loop,0.2,-0.008139,normalized_stop_ab_20260708,G,stop_authority_normalized_pred,normalized_pred_gate,,3,0.5,10.09,0.9197,False,hospital_fresh_medium_G,2.9781,True,0.3,-0.008139,0.2,-0.008139,True,armed,False,,True,shadow,results/bo_reviewer_packet/temporal_stop_head/22_temporal_stop_head_model.pt,0.117,0.0,False,0.5,,,2.9848,False,,,True
normcmp_G_stopauth_20260708_153944,159,12.366667,1783521588.472948,1.974816,0.500007,-0.0,3.141553,0.2,-0.008708,0.199849,0.000334,camera_link,12.366667,gnm_closed_loop,,nominal,,True,ok,third_party/visualnav-transformer/model_weights/gnm/gnm.pth,12.93,0.3,-0.0087,0.9515,-0.0083,9.3,,,gnm_closed_loop,0.2,-0.008708,normalized_stop_ab_20260708,G,stop_authority_normalized_pred,normalized_pred_gate,,3,0.5,10.09,0.9217,False,hospital_fresh_medium_G,2.9748,True,0.3,-0.008708,0.2,-0.008708,True,armed,False,,True,shadow,results/bo_reviewer_packet/temporal_stop_head/22_temporal_stop_head_model.pt,0.122,0.0,False,0.5,,,2.9748,False,,,True
normcmp_G_stopauth_20260708_153944,160,12.383334,1783521588.475386,1.971492,0.500007,-0.0,3.141552,0.2,-0.008708,0.199849,0.000334,camera_link,12.383334,gnm_closed_loop,,nominal,,True,ok,third_party/visualnav-transformer/model_weights/gnm/gnm.pth,12.93,0.3,-0.0087,0.9515,-0.0083,9.3,,,gnm_closed_loop,0.2,-0.008708,normalized_stop_ab_20260708,G,stop_authority_normalized_pred,normalized_pred_gate,,3,0.5,10.09,0.9217,False,hospital_fresh_medium_G,2.9715,True,0.3,-0.008708,0.2,-0.008708,True,armed,False,,True,shadow,results/bo_reviewer_packet/temporal_stop_head/22_temporal_stop_head_model.pt,0.122,0.0,False,0.5,,,2.9748,False,,,True
normcmp_G_stopauth_20260708_153944,161,12.400001,1783521588.477279,1.968167,0.500008,-0.0,3.141552,0.2,-0.008708,0.199849,0.000334,camera_link,12.400001,gnm_closed_loop,,nominal,,True,ok,third_party/visualnav-transformer/model_weights/gnm/gnm.pth,12.93,0.3,-0.0087,0.9515,-0.0083,9.3,,,gnm_closed_loop,0.2,-0.008708,normalized_stop_ab_20260708,G,stop_authority_normalized_pred,normalized_pred_gate,,3,0.5,10.09,0.9217,False,hospital_fresh_medium_G,2.9682,True,0.3,-0.008708,0.2,-0.008708,True,armed,False,,True,shadow,results/bo_reviewer_packet/temporal_stop_head/22_temporal_stop_head_model.pt,0.122,0.0,False,0.5,,,2.9748,False,,,True
normcmp_G_stopauth_20260708_153944,162,12.416667,1783521588.500492,1.964842,0.500008,-0.0,3.141552,0.2,-0.009383,0.199841,0.000289,camera_link,12.416667,gnm_closed_loop,,nominal,,True,ok,third_party/visualnav-transformer/model_weights/gnm/gnm.pth,12.92,0.3,-0.0094,0.947,-0.0089,9.39,,,gnm_closed_loop,0.2,-0.009383,normalized_stop_ab_20260708,G,stop_authority_normalized_pred,normalized_pred_gate,,3,0.5,10.09,0.9306,False,hospital_fresh_medium_G,2.9648,True,0.3,-0.009383,0.2,-0.009383,True,armed,False,,True,shadow,results/bo_reviewer_packet/temporal_stop_head/22_temporal_stop_head_model.pt,0.127,0.0,False,0.5,,,2.9648,False,,,True
normcmp_G_stopauth_20260708_153944,163,12.433334,1783521588.502715,1.961518,0.500008,-0.0,3.141552,0.2,-0.009383,0.199841,0.000289,camera_link,12.433334,gnm_closed_loop,,nominal,,True,ok,third_party/visualnav-transformer/model_weights/gnm/gnm.pth,12.92,0.3,-0.0094,0.947,-0.0089,9.39,,,gnm_closed_loop,0.2,-0.009383,normalized_stop_ab_20260708,G,stop_authority_normalized_pred,normalized_pred_gate,,3,0.5,10.09,0.9306,False,hospital_fresh_medium_G,2.9615,True,0.3,-0.009383,0.2,-0.009383,True,armed,False,,True,shadow,results/bo_reviewer_packet/temporal_stop_head/22_temporal_stop_head_model.pt,0.127,0.0,False,0.5,,,2.9648,False,,,True
normcmp_G_stopauth_20260708_153944,164,12.450001,1783521588.505063,1.958193,0.500008,-0.0,3.141552,0.2,-0.009383,0.199841,0.000289,camera_link,12.450001,gnm_closed_loop,,nominal,,True,ok,third_party/visualnav-transformer/model_weights/gnm/gnm.pth,12.92,0.3,-0.0094,0.947,-0.0089,9.39,,,gnm_closed_loop,0.2,-0.009383,normalized_stop_ab_20260708,G,stop_authority_normalized_pred,normalized_pred_gate,,3,0.5,10.09,0.9306,False,hospital_fresh_medium_G,2.9582,True,0.3,-0.009383,0.2,-0.009383,True,armed,False,,True,shadow,results/bo_reviewer_packet/temporal_stop_head/22_temporal_stop_head_model.pt,0.127,0.0,False,0.5,,,2.9648,False,,,True
normcmp_G_stopauth_20260708_153944,165,12.466667,1783521588.52775,1.954868,0.500008,-0.0,3.141552,0.2,-0.009942,0.199831,-0.000147,camera_link,12.466667,gnm_closed_loop,,nominal,,True,ok,third_party/visualnav-transformer/model_weights/gnm/gnm.pth,12.81,0.3,-0.0099,0.944,-0.0094,9.42,,,gnm_closed_loop,0.2,-0.009942,normalized_stop_ab_20260708,G,stop_authority_normalized_pred,normalized_pred_gate,,3,0.5,10.09,0.9336,False,hospital_fresh_medium_G,2.9549,True,0.3,-0.009942,0.2,-0.009942,True,armed,False,,True,shadow,results/bo_reviewer_packet/temporal_stop_head/22_temporal_stop_head_model.pt,0.115,0.0,False,0.5,,,2.9549,False,,,True
normcmp_G_stopauth_20260708_153944,166,12.483334,1783521588.530676,1.951544,0.500009,-0.0,3.141552,0.2,-0.009942,0.199831,-0.000147,camera_link,12.483334,gnm_closed_loop,,nominal,,True,ok,third_party/visualnav-transformer/model_weights/gnm/gnm.pth,12.81,0.3,-0.0099,0.944,-0.0094,9.42,,,gnm_closed_loop,0.2,-0.009942,normalized_stop_ab_20260708,G,stop_authority_normalized_pred,normalized_pred_gate,,3,0.5,10.09,0.9336,False,hospital_fresh_medium_G,2.9515,True,0.3,-0.009942,0.2,-0.009942,True,armed,False,,True,shadow,results/bo_reviewer_packet/temporal_stop_head/22_temporal_stop_head_model.pt,0.115,0.0,False,0.5,,,2.9549,False,,,True
normcmp_G_stopauth_20260708_153944,167,12.500001,1783521588.53263,1.948219,0.500009,-0.0,3.141552,0.2,-0.009942,0.199831,-0.000147,camera_link,12.500001,gnm_closed_loop,,nominal,,True,ok,third_party/visualnav-transformer/model_weights/gnm/gnm.pth,12.81,0.3,-0.0099,0.944,-0.0094,9.42,,,gnm_closed_loop,0.2,-0.009942,normalized_stop_ab_20260708,G,stop_authority_normalized_pred,normalized_pred_gate,,3,0.5,10.09,0.9336,False,hospital_fresh_medium_G,2.9482,True,0.3,-0.009942,0.2,-0.009942,True,armed,False,,True,shadow,results/bo_reviewer_packet/temporal_stop_head/22_temporal_stop_head_model.pt,0.115,0.0,False,0.5,,,2.9549,False,,,True
normcmp_G_stopauth_20260708_153944,168,12.516667,1783521588.555248,1.944894,0.500009,-0.0,3.141551,0.2,-0.010488,0.199822,0.000696,camera_link,12.516667,gnm_closed_loop,,nominal,,True,ok,third_party/visualnav-transformer/model_weights/gnm/gnm.pth,12.7,0.3,-0.0105,0.9351,-0.0098,9.43,,,gnm_closed_loop,0.2,-0.010488,normalized_stop_ab_20260708,G,stop_authority_normalized_pred,normalized_pred_gate,,3,0.5,10.09,0.9346,False,hospital_fresh_medium_G,2.9449,True,0.3,-0.010488,0.2,-0.010488,True,armed,False,,True,shadow,results/bo_reviewer_packet/temporal_stop_head/22_temporal_stop_head_model.pt,0.13,0.0,False,0.5,,,2.9449,False,,,True
normcmp_G_stopauth_20260708_153944,169,12.533334,1783521588.55758,1.941569,0.500009,-0.0,3.141551,0.2,-0.010488,0.199822,0.000696,camera_link,12.533334,gnm_closed_loop,,nominal,,True,ok,third_party/visualnav-transformer/model_weights/gnm/gnm.pth,12.7,0.3,-0.0105,0.9351,-0.0098,9.43,,,gnm_closed_loop,0.2,-0.010488,normalized_stop_ab_20260708,G,stop_authority_normalized_pred,normalized_pred_gate,,3,0.5,10.09,0.9346,False,hospital_fresh_medium_G,2.9416,True,0.3,-0.010488,0.2,-0.010488,True,armed,False,,True,shadow,results/bo_reviewer_packet/temporal_stop_head/22_temporal_stop_head_model.pt,0.13,0.0,False,0.5,,,2.9449,False,,,True
normcmp_G_stopauth_20260708_153944,170,12.550001,1783521588.560196,1.938245,0.500009,-0.0,3.141551,0.2,-0.010488,0.199822,0.000696,camera_link,12.550001,gnm_closed_loop,,nominal,,True,ok,third_party/visualnav-transformer/model_weights/gnm/gnm.pth,12.7,0.3,-0.0105,0.9351,-0.0098,9.43,,,gnm_closed_loop,0.2,-0.010488,normalized_stop_ab_20260708,G,stop_authority_normalized_pred,normalized_pred_gate,,3,0.5,10.09,0.9346,False,hospital_fresh_medium_G,2.9382,True,0.3,-0.010488,0.2,-0.010488,True,armed,False,,True,shadow,results/bo_reviewer_packet/temporal_stop_head/22_temporal_stop_head_model.pt,0.13,0.0,False,0.5,,,2.9449,False,,,True
normcmp_G_stopauth_20260708_153944,171,12.566667,1783521588.583403,1.93492,0.500009,-0.0,3.14155,0.2,-0.011404,0.19984,0.000338,camera_link,12.566667,gnm_closed_loop,,nominal,,True,ok,third_party/visualnav-transformer/model_weights/gnm/gnm.pth,12.64,0.3,-0.0114,0.9253,-0.0106,9.47,,,gnm_closed_loop,0.2,-0.011404,normalized_stop_ab_20260708,G,stop_authority_normalized_pred,normalized_pred_gate,,3,0.5,10.09,0.9386,False,hospital_fresh_medium_G,2.9349,True,0.3,-0.011404,0.2,-0.011404,True,armed,False,,True,shadow,results/bo_reviewer_packet/temporal_stop_head/22_temporal_stop_head_model.pt,0.174,0.0,False,0.5,,,2.9349,False,,,True
normcmp_G_stopauth_20260708_153944,172,12.583334,1783521588.585872,1.931595,0.500009,-0.0,3.14155,0.2,-0.011404,0.19984,0.000338,camera_link,12.583334,gnm_closed_loop,,nominal,,True,ok,third_party/visualnav-transformer/model_weights/gnm/gnm.pth,12.64,0.3,-0.0114,0.9253,-0.0106,9.47,,,gnm_closed_loop,0.2,-0.011404,normalized_stop_ab_20260708,G,stop_authority_normalized_pred,normalized_pred_gate,,3,0.5,10.09,0.9386,False,hospital_fresh_medium_G,2.9316,True,0.3,-0.011404,0.2,-0.011404,True,armed,False,,True,shadow,results/bo_reviewer_packet/temporal_stop_head/22_temporal_stop_head_model.pt,0.174,0.0,False,0.5,,,2.9349,False,,,True
normcmp_G_stopauth_20260708_153944,173,12.600001,1783521588.587758,1.928271,0.50001,-0.0,3.14155,0.2,-0.011404,0.19984,0.000338,camera_link,12.600001,gnm_closed_loop,,nominal,,True,ok,third_party/visualnav-transformer/model_weights/gnm/gnm.pth,12.64,0.3,-0.0114,0.9253,-0.0106,9.47,,,gnm_closed_loop,0.2,-0.011404,normalized_stop_ab_20260708,G,stop_authority_normalized_pred,normalized_pred_gate,,3,0.5,10.09,0.9386,False,hospital_fresh_medium_G,2.9283,True,0.3,-0.011404,0.2,-0.011404,True,armed,False,,True,shadow,results/bo_reviewer_packet/temporal_stop_head/22_temporal_stop_head_model.pt,0.174,0.0,False,0.5,,,2.9349,False,,,True
normcmp_G_stopauth_20260708_153944,174,12.616667,1783521588.610873,1.924946,0.50001,-0.0,3.14155,0.2,-0.011982,0.199843,0.000646,camera_link,12.616667,gnm_closed_loop,,nominal,,True,ok,third_party/visualnav-transformer/model_weights/gnm/gnm.pth,13.45,0.3,-0.012,0.9179,-0.011,9.49,,,gnm_closed_loop,0.2,-0.011982,normalized_stop_ab_20260708,G,stop_authority_normalized_pred,normalized_pred_gate,,3,0.5,10.09,0.9405,False,hospital_fresh_medium_G,2.9249,True,0.3,-0.011982,0.2,-0.011982,True,armed,False,,True,shadow,results/bo_reviewer_packet/temporal_stop_head/22_temporal_stop_head_model.pt,0.121,0.0,False,0.5,,,2.9249,False,,,True
normcmp_G_stopauth_20260708_153944,175,12.633334,1783521588.61308,1.921621,0.50001,-0.0,3.14155,0.2,-0.011982,0.199843,0.000646,camera_link,12.633334,gnm_closed_loop,,nominal,,True,ok,third_party/visualnav-transformer/model_weights/gnm/gnm.pth,13.45,0.3,-0.012,0.9179,-0.011,9.49,,,gnm_closed_loop,0.2,-0.011982,normalized_stop_ab_20260708,G,stop_authority_normalized_pred,normalized_pred_gate,,3,0.5,10.09,0.9405,False,hospital_fresh_medium_G,2.9216,True,0.3,-0.011982,0.2,-0.011982,True,armed,False,,True,shadow,results/bo_reviewer_packet/temporal_stop_head/22_temporal_stop_head_model.pt,0.121,0.0,False,0.5,,,2.9249,False,,,True
normcmp_G_stopauth_20260708_153944,176,12.650001,1783521588.61495,1.918296,0.50001,-0.0,3.141549,0.2,-0.011982,0.199843,0.000646,camera_link,12.650001,gnm_closed_loop,,nominal,,True,ok,third_party/visualnav-transformer/model_weights/gnm/gnm.pth,13.45,0.3,-0.012,0.9179,-0.011,9.49,,,gnm_closed_loop,0.2,-0.011982,normalized_stop_ab_20260708,G,stop_authority_normalized_pred,normalized_pred_gate,,3,0.5,10.09,0.9405,False,hospital_fresh_medium_G,2.9183,True,0.3,-0.011982,0.2,-0.011982,True,armed,False,,True,shadow,results/bo_reviewer_packet/temporal_stop_head/22_temporal_stop_head_model.pt,0.121,0.0,False,0.5,,,2.9249,False,,,True
normcmp_G_stopauth_20260708_153944,177,12.666667,1783521588.640246,1.914971,0.50001,-0.0,3.141549,0.2,-0.012463,0.199827,0.000513,camera_link,12.666667,gnm_closed_loop,,nominal,,True,ok,third_party/visualnav-transformer/model_weights/gnm/gnm.pth,12.73,0.3,-0.0125,0.9088,-0.0113,9.48,,,gnm_closed_loop,0.2,-0.012463,normalized_stop_ab_20260708,G,stop_authority_normalized_pred,normalized_pred_gate,,3,0.5,10.09,0.9395,False,hospital_fresh_medium_G,2.915,True,0.3,-0.012463,0.2,-0.012463,True,armed,False,,True,shadow,results/bo_reviewer_packet/temporal_stop_head/22_temporal_stop_head_model.pt,0.117,0.0,False,0.5,,,2.915,False,,,True
normcmp_G_stopauth_20260708_153944,178,12.683334,1783521588.642348,1.911647,0.50001,-0.0,3.141549,0.2,-0.012463,0.199827,0.000513,camera_link,12.683334,gnm_closed_loop,,nominal,,True,ok,third_party/visualnav-transformer/model_weights/gnm/gnm.pth,12.73,0.3,-0.0125,0.9088,-0.0113,9.48,,,gnm_closed_loop,0.2,-0.012463,normalized_stop_ab_20260708,G,stop_authority_normalized_pred,normalized_pred_gate,,3,0.5,10.09,0.9395,False,hospital_fresh_medium_G,2.9116,True,0.3,-0.012463,0.2,-0.012463,True,armed,False,,True,shadow,results/bo_reviewer_packet/temporal_stop_head/22_temporal_stop_head_model.pt,0.117,0.0,False,0.5,,,2.915,False,,,True
normcmp_G_stopauth_20260708_153944,179,12.700001,1783521588.644227,1.908322,0.50001,-0.0,3.141549,0.2,-0.012463,0.199827,0.000513,camera_link,12.700001,gnm_closed_loop,,nominal,,True,ok,third_party/visualnav-transformer/model_weights/gnm/gnm.pth,12.73,0.3,-0.0125,0.9088,-0.0113,9.48,,,gnm_closed_loop,0.2,-0.012463,normalized_stop_ab_20260708,G,stop_authority_normalized_pred,normalized_pred_gate,,3,0.5,10.09,0.9395,False,hospital_fresh_medium_G,2.9083,True,0.3,-0.012463,0.2,-0.012463,True,armed,False,,True,shadow,results/bo_reviewer_packet/temporal_stop_head/22_temporal_stop_head_model.pt,0.117,0.0,False,0.5,,,2.915,False,,,True
normcmp_G_stopauth_20260708_153944,180,12.716667,1783521588.667795,1.904998,0.50001,-0.0,3.141549,0.2,-0.013046,0.199808,0.001012,camera_link,12.716667,gnm_closed_loop,,nominal,,True,ok,third_party/visualnav-transformer/model_weights/gnm/gnm.pth,14.31,0.3,-0.013,0.9014,-0.0118,9.47,,,gnm_closed_loop,0.2,-0.013046,normalized_stop_ab_20260708,G,stop_authority_normalized_pred,normalized_pred_gate,,3,0.5,10.09,0.9386,False,hospital_fresh_medium_G,2.905,True,0.3,-0.013046,0.2,-0.013046,True,armed,False,,True,shadow,results/bo_reviewer_packet/temporal_stop_head/22_temporal_stop_head_model.pt,0.128,0.0,False,0.5,,,2.905,False,,,True
normcmp_G_stopauth_20260708_153944,181,12.733334,1783521588.670323,1.901673,0.50001,-0.0,3.141548,0.2,-0.013046,0.199808,0.001012,camera_link,12.733334,gnm_closed_loop,,nominal,,True,ok,third_party/visualnav-transformer/model_weights/gnm/gnm.pth,14.31,0.3,-0.013,0.9014,-0.0118,9.47,,,gnm_closed_loop,0.2,-0.013046,normalized_stop_ab_20260708,G,stop_authority_normalized_pred,normalized_pred_gate,,3,0.5,10.09,0.9386,False,hospital_fresh_medium_G,2.9017,True,0.3,-0.013046,0.2,-0.013046,True,armed,False,,True,shadow,results/bo_reviewer_packet/temporal_stop_head/22_temporal_stop_head_model.pt,0.128,0.0,False,0.5,,,2.905,False,,,True
normcmp_G_stopauth_20260708_153944,182,12.750001,1783521588.672177,1.898348,0.500011,-0.0,3.141548,0.2,-0.013046,0.199808,0.001012,camera_link,12.750001,gnm_closed_loop,,nominal,,True,ok,third_party/visualnav-transformer/model_weights/gnm/gnm.pth,14.31,0.3,-0.013,0.9014,-0.0118,9.47,,,gnm_closed_loop,0.2,-0.013046,normalized_stop_ab_20260708,G,stop_authority_normalized_pred,normalized_pred_gate,,3,0.5,10.09,0.9386,False,hospital_fresh_medium_G,2.8983,True,0.3,-0.013046,0.2,-0.013046,True,armed,False,,True,shadow,results/bo_reviewer_packet/temporal_stop_head/22_temporal_stop_head_model.pt,0.128,0.0,False,0.5,,,2.905,False,,,True
normcmp_G_stopauth_20260708_153944,183,12.766667,1783521588.695322,1.895023,0.500011,-0.0,3.141547,0.2,-0.013202,0.199845,0.00093,camera_link,12.766667,gnm_closed_loop,,nominal,,True,ok,third_party/visualnav-transformer/model_weights/gnm/gnm.pth,13.14,0.3,-0.0132,0.897,-0.0118,9.5,,,gnm_closed_loop,0.2,-0.013202,normalized_stop_ab_20260708,G,stop_authority_normalized_pred,normalized_pred_gate,,3,0.5,10.09,0.9415,False,hospital_fresh_medium_G,2.895,True,0.3,-0.013202,0.2,-0.013202,True,armed,False,,True,shadow,results/bo_reviewer_packet/temporal_stop_head/22_temporal_stop_head_model.pt,0.125,0.0,False,0.5,,,2.895,False,,,True
normcmp_G_stopauth_20260708_153944,184,12.783334,1783521588.697901,1.891698,0.500011,-0.0,3.141547,0.2,-0.013202,0.199845,0.00093,camera_link,12.783334,gnm_closed_loop,,nominal,,True,ok,third_party/visualnav-transformer/model_weights/gnm/gnm.pth,13.14,0.3,-0.0132,0.897,-0.0118,9.5,,,gnm_closed_loop,0.2,-0.013202,normalized_stop_ab_20260708,G,stop_authority_normalized_pred,normalized_pred_gate,,3,0.5,10.09,0.9415,False,hospital_fresh_medium_G,2.8917,True,0.3,-0.013202,0.2,-0.013202,True,armed,False,,True,shadow,results/bo_reviewer_packet/temporal_stop_head/22_temporal_stop_head_model.pt,0.125,0.0,False,0.5,,,2.895,False,,,True
normcmp_G_stopauth_20260708_153944,185,12.800001,1783521588.699836,1.888373,0.500011,-0.0,3.141547,0.2,-0.013202,0.199845,0.00093,camera_link,12.800001,gnm_closed_loop,,nominal,,True,ok,third_party/visualnav-transformer/model_weights/gnm/gnm.pth,13.14,0.3,-0.0132,0.897,-0.0118,9.5,,,gnm_closed_loop,0.2,-0.013202,normalized_stop_ab_20260708,G,stop_authority_normalized_pred,normalized_pred_gate,,3,0.5,10.09,0.9415,False,hospital_fresh_medium_G,2.8884,True,0.3,-0.013202,0.2,-0.013202,True,armed,False,,True,shadow,results/bo_reviewer_packet/temporal_stop_head/22_temporal_stop_head_model.pt,0.125,0.0,False,0.5,,,2.895,False,,,True
normcmp_G_stopauth_20260708_153944,186,12.816667,1783521588.725304,1.885049,0.500011,-0.0,3.141546,0.2,-0.013477,0.199808,0.000562,camera_link,12.816667,gnm_closed_loop,,nominal,,True,ok,third_party/visualnav-transformer/model_weights/gnm/gnm.pth,14.14,0.3,-0.0135,0.8921,-0.012,9.46,,,gnm_closed_loop,0.2,-0.013477,normalized_stop_ab_20260708,G,stop_authority_normalized_pred,normalized_pred_gate,,3,0.5,10.09,0.9376,False,hospital_fresh_medium_G,2.885,True,0.3,-0.013477,0.2,-0.013477,True,armed,False,,True,shadow,results/bo_reviewer_packet/temporal_stop_head/22_temporal_stop_head_model.pt,0.119,0.0,False,0.5,,,2.885,False,,,True
normcmp_G_stopauth_20260708_153944,187,12.833334,1783521588.727565,1.881724,0.500011,-0.0,3.141546,0.2,-0.013477,0.199808,0.000562,camera_link,12.833334,gnm_closed_loop,,nominal,,True,ok,third_party/visualnav-transformer/model_weights/gnm/gnm.pth,14.14,0.3,-0.0135,0.8921,-0.012,9.46,,,gnm_closed_loop,0.2,-0.013477,normalized_stop_ab_20260708,G,stop_authority_normalized_pred,normalized_pred_gate,,3,0.5,10.09,0.9376,False,hospital_fresh_medium_G,2.8817,True,0.3,-0.013477,0.2,-0.013477,True,armed,False,,True,shadow,results/bo_reviewer_packet/temporal_stop_head/22_temporal_stop_head_model.pt,0.119,0.0,False,0.5,,,2.885,False,,,True
normcmp_G_stopauth_20260708_153944,188,12.850001,1783521588.729392,1.8784,0.500012,-0.0,3.141545,0.2,-0.013477,0.199808,0.000562,camera_link,12.850001,gnm_closed_loop,,nominal,,True,ok,third_party/visualnav-transformer/model_weights/gnm/gnm.pth,14.14,0.3,-0.0135,0.8921,-0.012,9.46,,,gnm_closed_loop,0.2,-0.013477,normalized_stop_ab_20260708,G,stop_authority_normalized_pred,normalized_pred_gate,,3,0.5,10.09,0.9376,False,hospital_fresh_medium_G,2.8784,True,0.3,-0.013477,0.2,-0.013477,True,armed,False,,True,shadow,results/bo_reviewer_packet/temporal_stop_head/22_temporal_stop_head_model.pt,0.119,0.0,False,0.5,,,2.885,False,,,True
normcmp_G_stopauth_20260708_153944,189,12.866667,1783521588.751815,1.875076,0.500012,-0.0,3.141545,0.2,-0.013562,0.19982,0.000982,camera_link,12.866667,gnm_closed_loop,,nominal,,True,ok,third_party/visualnav-transformer/model_weights/gnm/gnm.pth,12.86,0.3,-0.0136,0.8879,-0.012,9.47,,,gnm_closed_loop,0.2,-0.013562,normalized_stop_ab_20260708,G,stop_authority_normalized_pred,normalized_pred_gate,,3,0.5,10.09,0.9386,False,hospital_fresh_medium_G,2.8751,True,0.3,-0.013562,0.2,-0.013562,True,armed,False,,True,shadow,results/bo_reviewer_packet/temporal_stop_head/22_temporal_stop_head_model.pt,0.112,0.0,False,0.5,,,2.8751,False,,,True
normcmp_G_stopauth_20260708_153944,190,12.883334,1783521588.75398,1.871752,0.500012,-0.0,3.141544,0.2,-0.013562,0.19982,0.000982,camera_link,12.883334,gnm_closed_loop,,nominal,,True,ok,third_party/visualnav-transformer/model_weights/gnm/gnm.pth,12.86,0.3,-0.0136,0.8879,-0.012,9.47,,,gnm_closed_loop,0.2,-0.013562,normalized_stop_ab_20260708,G,stop_authority_normalized_pred,normalized_pred_gate,,3,0.5,10.09,0.9386,False,hospital_fresh_medium_G,2.8718,True,0.3,-0.013562,0.2,-0.013562,True,armed,False,,True,shadow,results/bo_reviewer_packet/temporal_stop_head/22_temporal_stop_head_model.pt,0.112,0.0,False,0.5,,,2.8751,False,,,True
normcmp_G_stopauth_20260708_153944,191,12.900001,1783521588.756192,1.868428,0.500012,-0.0,3.141544,0.2,-0.013562,0.19982,0.000982,camera_link,12.900001,gnm_closed_loop,,nominal,,True,ok,third_party/visualnav-transformer/model_weights/gnm/gnm.pth,12.86,0.3,-0.0136,0.8879,-0.012,9.47,,,gnm_closed_loop,0.2,-0.013562,normalized_stop_ab_20260708,G,stop_authority_normalized_pred,normalized_pred_gate,,3,0.5,10.09,0.9386,False,hospital_fresh_medium_G,2.8684,True,0.3,-0.013562,0.2,-0.013562,True,armed,False,,True,shadow,results/bo_reviewer_packet/temporal_stop_head/22_temporal_stop_head_model.pt,0.112,0.0,False,0.5,,,2.8751,False,,,True
normcmp_G_stopauth_20260708_153944,192,12.916667,1783521588.778871,1.865103,0.500012,-0.0,3.141543,0.2,-0.013599,0.199804,0.000825,camera_link,12.916667,gnm_closed_loop,,nominal,,True,ok,third_party/visualnav-transformer/model_weights/gnm/gnm.pth,12.85,0.3,-0.0136,0.8837,-0.012,9.45,,,gnm_closed_loop,0.2,-0.013599,normalized_stop_ab_20260708,G,stop_authority_normalized_pred,normalized_pred_gate,,3,0.5,10.09,0.9366,False,hospital_fresh_medium_G,2.8651,True,0.3,-0.013599,0.2,-0.013599,True,armed,False,,True,shadow,results/bo_reviewer_packet/temporal_stop_head/22_temporal_stop_head_model.pt,0.121,0.0,False,0.5,,,2.8651,False,,,True
normcmp_G_stopauth_20260708_153944,193,12.933334,1783521588.781398,1.861779,0.500012,-0.0,3.141543,0.2,-0.013599,0.199804,0.000825,camera_link,12.933334,gnm_closed_loop,,nominal,,True,ok,third_party/visualnav-transformer/model_weights/gnm/gnm.pth,12.85,0.3,-0.0136,0.8837,-0.012,9.45,,,gnm_closed_loop,0.2,-0.013599,normalized_stop_ab_20260708,G,stop_authority_normalized_pred,normalized_pred_gate,,3,0.5,10.09,0.9366,False,hospital_fresh_medium_G,2.8618,True,0.3,-0.013599,0.2,-0.013599,True,armed,False,,True,shadow,results/bo_reviewer_packet/temporal_stop_head/22_temporal_stop_head_model.pt,0.121,0.0,False,0.5,,,2.8651,False,,,True
normcmp_G_stopauth_20260708_153944,194,12.950001,1783521588.783382,1.858455,0.500013,-0.0,3.141542,0.2,-0.013599,0.199804,0.000825,camera_link,12.950001,gnm_closed_loop,,nominal,,True,ok,third_party/visualnav-transformer/model_weights/gnm/gnm.pth,12.85,0.3,-0.0136,0.8837,-0.012,9.45,,,gnm_closed_loop,0.2,-0.013599,normalized_stop_ab_20260708,G,stop_authority_normalized_pred,normalized_pred_gate,,3,0.5,10.09,0.9366,False,hospital_fresh_medium_G,2.8585,True,0.3,-0.013599,0.2,-0.013599,True,armed,False,,True,shadow,results/bo_reviewer_packet/temporal_stop_head/22_temporal_stop_head_model.pt,0.121,0.0,False,0.5,,,2.8651,False,,,True
normcmp_G_stopauth_20260708_153944,195,12.966667,1783521588.807297,1.85513,0.500013,-0.0,3.141541,0.2,-0.013579,0.199822,0.00064,camera_link,12.966667,gnm_closed_loop,,nominal,,True,ok,third_party/visualnav-transformer/model_weights/gnm/gnm.pth,13.15,0.3,-0.0136,0.8794,-0.0119,9.4,,,gnm_closed_loop,0.2,-0.013579,normalized_stop_ab_20260708,G,stop_authority_normalized_pred,normalized_pred_gate,,3,0.5,10.09,0.9316,False,hospital_fresh_medium_G,2.8551,True,0.3,-0.013579,0.2,-0.013579,True,armed,False,,True,shadow,results/bo_reviewer_packet/temporal_stop_head/22_temporal_stop_head_model.pt,0.132,0.0,False,0.5,,,2.8551,False,,,True
normcmp_G_stopauth_20260708_153944,196,12.983334,1783521588.80965,1.851806,0.500013,-0.0,3.141541,0.2,-0.013579,0.199822,0.00064,camera_link,12.983334,gnm_closed_loop,,nominal,,True,ok,third_party/visualnav-transformer/model_weights/gnm/gnm.pth,13.15,0.3,-0.0136,0.8794,-0.0119,9.4,,,gnm_closed_loop,0.2,-0.013579,normalized_stop_ab_20260708,G,stop_authority_normalized_pred,normalized_pred_gate,,3,0.5,10.09,0.9316,False,hospital_fresh_medium_G,2.8518,True,0.3,-0.013579,0.2,-0.013579,True,armed,False,,True,shadow,results/bo_reviewer_packet/temporal_stop_head/22_temporal_stop_head_model.pt,0.132,0.0,False,0.5,,,2.8551,False,,,True
normcmp_G_stopauth_20260708_153944,197,13.000001,1783521588.811622,1.848481,0.500013,-0.0,3.141541,0.2,-0.013579,0.199822,0.00064,camera_link,13.000001,gnm_closed_loop,,nominal,,True,ok,third_party/visualnav-transformer/model_weights/gnm/gnm.pth,13.15,0.3,-0.0136,0.8794,-0.0119,9.4,,,gnm_closed_loop,0.2,-0.013579,normalized_stop_ab_20260708,G,stop_authority_normalized_pred,normalized_pred_gate,,3,0.5,10.09,0.9316,False,hospital_fresh_medium_G,2.8485,True,0.3,-0.013579,0.2,-0.013579,True,armed,False,,True,shadow,results/bo_reviewer_packet/temporal_stop_head/22_temporal_stop_head_model.pt,0.132,0.0,False,0.5,,,2.8551,False,,,True
normcmp_G_stopauth_20260708_153944,198,13.016667,1783521588.835912,1.845157,0.500013,-0.0,3.141541,0.2,-0.013428,0.199834,0.000316,camera_link,13.016667,gnm_closed_loop,,nominal,,True,ok,third_party/visualnav-transformer/model_weights/gnm/gnm.pth,13.23,0.3,-0.0134,0.8731,-0.0117,9.35,,,gnm_closed_loop,0.2,-0.013428,normalized_stop_ab_20260708,G,stop_authority_normalized_pred,normalized_pred_gate,,3,0.5,10.09,0.9267,False,hospital_fresh_medium_G,2.8452,True,0.3,-0.013428,0.2,-0.013428,True,armed,False,,True,shadow,results/bo_reviewer_packet/temporal_stop_head/22_temporal_stop_head_model.pt,0.129,0.0,False,0.5,,,2.8452,False,,,True
normcmp_G_stopauth_20260708_153944,199,13.033334,1783521588.838251,1.841832,0.500013,-0.0,3.141541,0.2,-0.013428,0.199834,0.000316,camera_link,13.033334,gnm_closed_loop,,nominal,,True,ok,third_party/visualnav-transformer/model_weights/gnm/gnm.pth,13.23,0.3,-0.0134,0.8731,-0.0117,9.35,,,gnm_closed_loop,0.2,-0.013428,normalized_stop_ab_20260708,G,stop_authority_normalized_pred,normalized_pred_gate,,3,0.5,10.09,0.9267,False,hospital_fresh_medium_G,2.8418,True,0.3,-0.013428,0.2,-0.013428,True,armed,False,,True,shadow,results/bo_reviewer_packet/temporal_stop_head/22_temporal_stop_head_model.pt,0.129,0.0,False,0.5,,,2.8452,False,,,True
normcmp_G_stopauth_20260708_153944,200,13.050001,1783521588.841171,1.838507,0.500013,-0.0,3.14154,0.2,-0.013428,0.199834,0.000316,camera_link,13.050001,gnm_closed_loop,,nominal,,True,ok,third_party/visualnav-transformer/model_weights/gnm/gnm.pth,13.23,0.3,-0.0134,0.8731,-0.0117,9.35,,,gnm_closed_loop,0.2,-0.013428,normalized_stop_ab_20260708,G,stop_authority_normalized_pred,normalized_pred_gate,,3,0.5,10.09,0.9267,False,hospital_fresh_medium_G,2.8385,True,0.3,-0.013428,0.2,-0.013428,True,armed,False,,True,shadow,results/bo_reviewer_packet/temporal_stop_head/22_temporal_stop_head_model.pt,0.129,0.0,False,0.5,,,2.8452,False,,,True
normcmp_G_stopauth_20260708_153944,201,13.066667,1783521588.867117,1.835183,0.500013,-0.0,3.14154,0.2,-0.013221,0.199816,0.000582,camera_link,13.066667,gnm_closed_loop,,nominal,,True,ok,third_party/visualnav-transformer/model_weights/gnm/gnm.pth,14.1,0.3,-0.0132,0.8692,-0.0115,9.33,,,gnm_closed_loop,0.2,-0.013221,normalized_stop_ab_20260708,G,stop_authority_normalized_pred,normalized_pred_gate,,3,0.5,10.09,0.9247,False,hospital_fresh_medium_G,2.8352,True,0.3,-0.013221,0.2,-0.013221,True,armed,False,,True,shadow,results/bo_reviewer_packet/temporal_stop_head/22_temporal_stop_head_model.pt,0.105,0.0,False,0.5,,,2.8352,False,,,True
normcmp_G_stopauth_20260708_153944,202,13.083334,1783521588.86952,1.831858,0.500013,-0.0,3.141539,0.2,-0.013221,0.199816,0.000582,camera_link,13.083334,gnm_closed_loop,,nominal,,True,ok,third_party/visualnav-transformer/model_weights/gnm/gnm.pth,14.1,0.3,-0.0132,0.8692,-0.0115,9.33,,,gnm_closed_loop,0.2,-0.013221,normalized_stop_ab_20260708,G,stop_authority_normalized_pred,normalized_pred_gate,,3,0.5,10.09,0.9247,False,hospital_fresh_medium_G,2.8319,True,0.3,-0.013221,0.2,-0.013221,True,armed,False,,True,shadow,results/bo_reviewer_packet/temporal_stop_head/22_temporal_stop_head_model.pt,0.105,0.0,False,0.5,,,2.8352,False,,,True
normcmp_G_stopauth_20260708_153944,203,13.100001,1783521588.87218,1.828534,0.500014,-0.0,3.141539,0.2,-0.013221,0.199816,0.000582,camera_link,13.100001,gnm_closed_loop,,nominal,,True,ok,third_party/visualnav-transformer/model_weights/gnm/gnm.pth,14.1,0.3,-0.0132,0.8692,-0.0115,9.33,,,gnm_closed_loop,0.2,-0.013221,normalized_stop_ab_20260708,G,stop_authority_normalized_pred,normalized_pred_gate,,3,0.5,10.09,0.9247,False,hospital_fresh_medium_G,2.8285,True,0.3,-0.013221,0.2,-0.013221,True,armed,False,,True,shadow,results/bo_reviewer_packet/temporal_stop_head/22_temporal_stop_head_model.pt,0.105,0.0,False,0.5,,,2.8352,False,,,True
normcmp_G_stopauth_20260708_153944,204,13.116667,1783521588.896431,1.82521,0.500014,-0.0,3.141539,0.2,-0.01307,0.199817,0.000854,camera_link,13.116667,gnm_closed_loop,,nominal,,True,ok,third_party/visualnav-transformer/model_weights/gnm/gnm.pth,13.48,0.3,-0.0131,0.8671,-0.0113,9.34,,,gnm_closed_loop,0.2,-0.01307,normalized_stop_ab_20260708,G,stop_authority_normalized_pred,normalized_pred_gate,,3,0.5,10.09,0.9257,False,hospital_fresh_medium_G,2.8252,True,0.3,-0.01307,0.2,-0.01307,True,armed,False,,True,shadow,results/bo_reviewer_packet/temporal_stop_head/22_temporal_stop_head_model.pt,0.122,0.0,False,0.5,,,2.8252,False,,,True
normcmp_G_stopauth_20260708_153944,205,13.133334,1783521588.898796,1.821885,0.500014,-0.0,3.141538,0.2,-0.01307,0.199817,0.000854,camera_link,13.133334,gnm_closed_loop,,nominal,,True,ok,third_party/visualnav-transformer/model_weights/gnm/gnm.pth,13.48,0.3,-0.0131,0.8671,-0.0113,9.34,,,gnm_closed_loop,0.2,-0.01307,normalized_stop_ab_20260708,G,stop_authority_normalized_pred,normalized_pred_gate,,3,0.5,10.09,0.9257,False,hospital_fresh_medium_G,2.8219,True,0.3,-0.01307,0.2,-0.01307,True,armed,False,,True,shadow,results/bo_reviewer_packet/temporal_stop_head/22_temporal_stop_head_model.pt,0.122,0.0,False,0.5,,,2.8252,False,,,True
normcmp_G_stopauth_20260708_153944,206,13.150001,1783521588.900739,1.81856,0.500014,-0.0,3.141538,0.2,-0.01307,0.199817,0.000854,camera_link,13.150001,gnm_closed_loop,,nominal,,True,ok,third_party/visualnav-transformer/model_weights/gnm/gnm.pth,13.48,0.3,-0.0131,0.8671,-0.0113,9.34,,,gnm_closed_loop,0.2,-0.01307,normalized_stop_ab_20260708,G,stop_authority_normalized_pred,normalized_pred_gate,,3,0.5,10.09,0.9257,False,hospital_fresh_medium_G,2.8186,True,0.3,-0.01307,0.2,-0.01307,True,armed,False,,True,shadow,results/bo_reviewer_packet/temporal_stop_head/22_temporal_stop_head_model.pt,0.122,0.0,False,0.5,,,2.8252,False,,,True
normcmp_G_stopauth_20260708_153944,207,13.166667,1783521588.92427,1.815236,0.500014,-0.0,3.141538,0.2,-0.012856,0.199816,0.000743,camera_link,13.166667,gnm_closed_loop,,nominal,,True,ok,third_party/visualnav-transformer/model_weights/gnm/gnm.pth,12.85,0.3,-0.0129,0.8657,-0.0111,9.37,,,gnm_closed_loop,0.2,-0.012856,normalized_stop_ab_20260708,G,stop_authority_normalized_pred,normalized_pred_gate,,3,0.5,10.09,0.9286,False,hospital_fresh_medium_G,2.8152,True,0.3,-0.012856,0.2,-0.012856,True,armed,False,,True,shadow,results/bo_reviewer_packet/temporal_stop_head/22_temporal_stop_head_model.pt,0.118,0.0,False,0.5,,,2.8152,False,,,True
normcmp_G_stopauth_20260708_153944,208,13.183334,1783521588.926691,1.811912,0.500015,-0.0,3.141537,0.2,-0.012856,0.199816,0.000743,camera_link,13.183334,gnm_closed_loop,,nominal,,True,ok,third_party/visualnav-transformer/model_weights/gnm/gnm.pth,12.85,0.3,-0.0129,0.8657,-0.0111,9.37,,,gnm_closed_loop,0.2,-0.012856,normalized_stop_ab_20260708,G,stop_authority_normalized_pred,normalized_pred_gate,,3,0.5,10.09,0.9286,False,hospital_fresh_medium_G,2.8119,True,0.3,-0.012856,0.2,-0.012856,True,armed,False,,True,shadow,results/bo_reviewer_packet/temporal_stop_head/22_temporal_stop_head_model.pt,0.118,0.0,False,0.5,,,2.8152,False,,,True
normcmp_G_stopauth_20260708_153944,209,13.200001,1783521588.929299,1.808587,0.500015,-0.0,3.141536,0.2,-0.012856,0.199816,0.000743,camera_link,13.200001,gnm_closed_loop,,nominal,,True,ok,third_party/visualnav-transformer/model_weights/gnm/gnm.pth,12.85,0.3,-0.0129,0.8657,-0.0111,9.37,,,gnm_closed_loop,0.2,-0.012856,normalized_stop_ab_20260708,G,stop_authority_normalized_pred,normalized_pred_gate,,3,0.5,10.09,0.9286,False,hospital_fresh_medium_G,2.8086,True,0.3,-0.012856,0.2,-0.012856,True,armed,False,,True,shadow,results/bo_reviewer_packet/temporal_stop_head/22_temporal_stop_head_model.pt,0.118,0.0,False,0.5,,,2.8152,False,,,True
normcmp_G_stopauth_20260708_153944,210,13.216667,1783521588.952228,1.805262,0.500015,-0.0,3.141536,0.2,-0.012802,0.199805,0.000729,camera_link,13.216667,gnm_closed_loop,,nominal,,True,ok,third_party/visualnav-transformer/model_weights/gnm/gnm.pth,12.8,0.3,-0.0128,0.8652,-0.0111,9.34,,,gnm_closed_loop,0.2,-0.012802,normalized_stop_ab_20260708,G,stop_authority_normalized_pred,normalized_pred_gate,,3,0.5,10.09,0.9257,False,hospital_fresh_medium_G,2.8053,True,0.3,-0.012802,0.2,-0.012802,True,armed,False,,True,shadow,results/bo_reviewer_packet/temporal_stop_head/22_temporal_stop_head_model.pt,0.116,0.0,False,0.5,,,2.8053,False,,,True
normcmp_G_stopauth_20260708_153944,211,13.233334,1783521588.954558,1.801937,0.500015,-0.0,3.141535,0.2,-0.012802,0.199805,0.000729,camera_link,13.233334,gnm_closed_loop,,nominal,,True,ok,third_party/visualnav-transformer/model_weights/gnm/gnm.pth,12.8,0.3,-0.0128,0.8652,-0.0111,9.34,,,gnm_closed_loop,0.2,-0.012802,normalized_stop_ab_20260708,G,stop_authority_normalized_pred,normalized_pred_gate,,3,0.5,10.09,0.9257,False,hospital_fresh_medium_G,2.8019,True,0.3,-0.012802,0.2,-0.012802,True,armed,False,,True,shadow,results/bo_reviewer_packet/temporal_stop_head/22_temporal_stop_head_model.pt,0.116,0.0,False,0.5,,,2.8053,False,,,True
normcmp_G_stopauth_20260708_153944,212,13.250001,1783521588.95641,1.798613,0.500015,-0.0,3.141535,0.2,-0.012802,0.199805,0.000729,camera_link,13.250001,gnm_closed_loop,,nominal,,True,ok,third_party/visualnav-transformer/model_weights/gnm/gnm.pth,12.8,0.3,-0.0128,0.8652,-0.0111,9.34,,,gnm_closed_loop,0.2,-0.012802,normalized_stop_ab_20260708,G,stop_authority_normalized_pred,normalized_pred_gate,,3,0.5,10.09,0.9257,False,hospital_fresh_medium_G,2.7986,True,0.3,-0.012802,0.2,-0.012802,True,armed,False,,True,shadow,results/bo_reviewer_packet/temporal_stop_head/22_temporal_stop_head_model.pt,0.116,0.0,False,0.5,,,2.8053,False,,,True
normcmp_G_stopauth_20260708_153944,213,13.266667,1783521588.980637,1.795289,0.500015,-0.0,3.141534,0.2,-0.012775,0.199821,0.000548,camera_link,13.266667,gnm_closed_loop,,nominal,,True,ok,third_party/visualnav-transformer/model_weights/gnm/gnm.pth,12.84,0.3,-0.0128,0.8625,-0.011,9.31,,,gnm_closed_loop,0.2,-0.012775,normalized_stop_ab_20260708,G,stop_authority_normalized_pred,normalized_pred_gate,,3,0.5,10.09,0.9227,False,hospital_fresh_medium_G,2.7953,True,0.3,-0.012775,0.2,-0.012775,True,armed,False,,True,shadow,results/bo_reviewer_packet/temporal_stop_head/22_temporal_stop_head_model.pt,0.129,0.0,False,0.5,,,2.7953,False,,,True
normcmp_G_stopauth_20260708_153944,214,13.283334,1783521588.982943,1.791965,0.500016,-0.0,3.141533,0.2,-0.012775,0.199821,0.000548,camera_link,13.283334,gnm_closed_loop,,nominal,,True,ok,third_party/visualnav-transformer/model_weights/gnm/gnm.pth,12.84,0.3,-0.0128,0.8625,-0.011,9.31,,,gnm_closed_loop,0.2,-0.012775,normalized_stop_ab_20260708,G,stop_authority_normalized_pred,normalized_pred_gate,,3,0.5,10.09,0.9227,False,hospital_fresh_medium_G,2.792,True,0.3,-0.012775,0.2,-0.012775,True,armed,False,,True,shadow,results/bo_reviewer_packet/temporal_stop_head/22_temporal_stop_head_model.pt,0.129,0.0,False,0.5,,,2.7953,False,,,True
normcmp_G_stopauth_20260708_153944,215,13.300001,1783521588.984874,1.78864,0.500016,-0.0,3.141533,0.2,-0.012775,0.199821,0.000548,camera_link,13.300001,gnm_closed_loop,,nominal,,True,ok,third_party/visualnav-transformer/model_weights/gnm/gnm.pth,12.84,0.3,-0.0128,0.8625,-0.011,9.31,,,gnm_closed_loop,0.2,-0.012775,normalized_stop_ab_20260708,G,stop_authority_normalized_pred,normalized_pred_gate,,3,0.5,10.09,0.9227,False,hospital_fresh_medium_G,2.7886,True,0.3,-0.012775,0.2,-0.012775,True,armed,False,,True,shadow,results/bo_reviewer_packet/temporal_stop_head/22_temporal_stop_head_model.pt,0.129,0.0,False,0.5,,,2.7953,False,,,True
normcmp_G_stopauth_20260708_153944,216,13.316667,1783521589.007269,1.785316,0.500016,-0.0,3.141532,0.2,-0.012992,0.199825,0.00073,camera_link,13.316667,gnm_closed_loop,,nominal,,True,ok,third_party/visualnav-transformer/model_weights/gnm/gnm.pth,12.8,0.3,-0.013,0.8582,-0.0112,9.26,,,gnm_closed_loop,0.2,-0.012992,normalized_stop_ab_20260708,G,stop_authority_normalized_pred,normalized_pred_gate,,3,0.5,10.09,0.9177,False,hospital_fresh_medium_G,2.7853,True,0.3,-0.012992,0.2,-0.012992,True,armed,False,,True,shadow,results/bo_reviewer_packet/temporal_stop_head/22_temporal_stop_head_model.pt,0.119,0.0,False,0.5,,,2.7853,False,,,True
normcmp_G_stopauth_20260708_153944,217,13.333334,1783521589.009449,1.781992,0.500016,-0.0,3.141531,0.2,-0.012992,0.199825,0.00073,camera_link,13.333334,gnm_closed_loop,,nominal,,True,ok,third_party/visualnav-transformer/model_weights/gnm/gnm.pth,12.8,0.3,-0.013,0.8582,-0.0112,9.26,,,gnm_closed_loop,0.2,-0.012992,normalized_stop_ab_20260708,G,stop_authority_normalized_pred,normalized_pred_gate,,3,0.5,10.09,0.9177,False,hospital_fresh_medium_G,2.782,True,0.3,-0.012992,0.2,-0.012992,True,armed,False,,True,shadow,results/bo_reviewer_packet/temporal_stop_head/22_temporal_stop_head_model.pt,0.119,0.0,False,0.5,,,2.7853,False,,,True
normcmp_G_stopauth_20260708_153944,218,13.350001,1783521589.01133,1.778667,0.500016,-0.0,3.141531,0.2,-0.012992,0.199825,0.00073,camera_link,13.350001,gnm_closed_loop,,nominal,,True,ok,third_party/visualnav-transformer/model_weights/gnm/gnm.pth,12.8,0.3,-0.013,0.8582,-0.0112,9.26,,,gnm_closed_loop,0.2,-0.012992,normalized_stop_ab_20260708,G,stop_authority_normalized_pred,normalized_pred_gate,,3,0.5,10.09,0.9177,False,hospital_fresh_medium_G,2.7787,True,0.3,-0.012992,0.2,-0.012992,True,armed,False,,True,shadow,results/bo_reviewer_packet/temporal_stop_head/22_temporal_stop_head_model.pt,0.119,0.0,False,0.5,,,2.7853,False,,,True
normcmp_G_stopauth_20260708_153944,219,13.366667,1783521589.035277,1.775343,0.500017,-0.0,3.14153,0.2,-0.012968,0.19982,0.000575,camera_link,13.366667,gnm_closed_loop,,nominal,,True,ok,third_party/visualnav-transformer/model_weights/gnm/gnm.pth,13.2,0.3,-0.013,0.8536,-0.0111,9.22,,,gnm_closed_loop,0.2,-0.012968,normalized_stop_ab_20260708,G,stop_authority_normalized_pred,normalized_pred_gate,,3,0.5,10.09,0.9138,False,hospital_fresh_medium_G,2.7753,True,0.3,-0.012968,0.2,-0.012968,True,armed,False,,True,shadow,results/bo_reviewer_packet/temporal_stop_head/22_temporal_stop_head_model.pt,0.13,0.0,False,0.5,,,2.7753,False,,,True
normcmp_G_stopauth_20260708_153944,220,13.383334,1783521589.037688,1.772018,0.500017,-0.0,3.141529,0.2,-0.012968,0.19982,0.000575,camera_link,13.383334,gnm_closed_loop,,nominal,,True,ok,third_party/visualnav-transformer/model_weights/gnm/gnm.pth,13.2,0.3,-0.013,0.8536,-0.0111,9.22,,,gnm_closed_loop,0.2,-0.012968,normalized_stop_ab_20260708,G,stop_authority_normalized_pred,normalized_pred_gate,,3,0.5,10.09,0.9138,False,hospital_fresh_medium_G,2.772,True,0.3,-0.012968,0.2,-0.012968,True,armed,False,,True,shadow,results/bo_reviewer_packet/temporal_stop_head/22_temporal_stop_head_model.pt,0.13,0.0,False,0.5,,,2.7753,False,,,True
normcmp_G_stopauth_20260708_153944,221,13.400001,1783521589.039542,1.768694,0.500017,-0.0,3.141529,0.2,-0.012968,0.19982,0.000575,camera_link,13.400001,gnm_closed_loop,,nominal,,True,ok,third_party/visualnav-transformer/model_weights/gnm/gnm.pth,13.2,0.3,-0.013,0.8536,-0.0111,9.22,,,gnm_closed_loop,0.2,-0.012968,normalized_stop_ab_20260708,G,stop_authority_normalized_pred,normalized_pred_gate,,3,0.5,10.09,0.9138,False,hospital_fresh_medium_G,2.7687,True,0.3,-0.012968,0.2,-0.012968,True,armed,False,,True,shadow,results/bo_reviewer_packet/temporal_stop_head/22_temporal_stop_head_model.pt,0.13,0.0,False,0.5,,,2.7753,False,,,True
normcmp_G_stopauth_20260708_153944,222,13.416667,1783521589.065192,1.76537,0.500017,-0.0,3.141528,0.2,-0.01317,0.19982,0.001021,camera_link,13.416667,gnm_closed_loop,,nominal,,True,ok,third_party/visualnav-transformer/model_weights/gnm/gnm.pth,13.47,0.3,-0.0132,0.8497,-0.0112,9.23,,,gnm_closed_loop,0.2,-0.01317,normalized_stop_ab_20260708,G,stop_authority_normalized_pred,normalized_pred_gate,,3,0.5,10.09,0.9148,False,hospital_fresh_medium_G,2.7654,True,0.3,-0.01317,0.2,-0.01317,True,armed,False,,True,shadow,results/bo_reviewer_packet/temporal_stop_head/22_temporal_stop_head_model.pt,0.116,0.0,False,0.5,,,2.7654,False,,,True
normcmp_G_stopauth_20260708_153944,223,13.433334,1783521589.067692,1.762046,0.500017,-0.0,3.141527,0.2,-0.01317,0.19982,0.001021,camera_link,13.433334,gnm_closed_loop,,nominal,,True,ok,third_party/visualnav-transformer/model_weights/gnm/gnm.pth,13.47,0.3,-0.0132,0.8497,-0.0112,9.23,,,gnm_closed_loop,0.2,-0.01317,normalized_stop_ab_20260708,G,stop_authority_normalized_pred,normalized_pred_gate,,3,0.5,10.09,0.9148,False,hospital_fresh_medium_G,2.762,True,0.3,-0.01317,0.2,-0.01317,True,armed,False,,True,shadow,results/bo_reviewer_packet/temporal_stop_head/22_temporal_stop_head_model.pt,0.116,0.0,False,0.5,,,2.7654,False,,,True
normcmp_G_stopauth_20260708_153944,224,13.450001,1783521589.069625,1.758721,0.500018,-0.0,3.141527,0.2,-0.01317,0.19982,0.001021,camera_link,13.450001,gnm_closed_loop,,nominal,,True,ok,third_party/visualnav-transformer/model_weights/gnm/gnm.pth,13.47,0.3,-0.0132,0.8497,-0.0112,9.23,,,gnm_closed_loop,0.2,-0.01317,normalized_stop_ab_20260708,G,stop_authority_normalized_pred,normalized_pred_gate,,3,0.5,10.09,0.9148,False,hospital_fresh_medium_G,2.7587,True,0.3,-0.01317,0.2,-0.01317,True,armed,False,,True,shadow,results/bo_reviewer_packet/temporal_stop_head/22_temporal_stop_head_model.pt,0.116,0.0,False,0.5,,,2.7654,False,,,True
normcmp_G_stopauth_20260708_153944,225,13.466667,1783521589.102522,1.755397,0.500018,-0.0,3.141527,0.2,-0.013191,0.199818,0.001069,camera_link,13.466667,gnm_closed_loop,,nominal,,True,ok,third_party/visualnav-transformer/model_weights/gnm/gnm.pth,18.83,0.3,-0.0132,0.8489,-0.0112,9.16,,,gnm_closed_loop,0.2,-0.013191,normalized_stop_ab_20260708,G,stop_authority_normalized_pred,normalized_pred_gate,,3,0.5,10.09,0.9078,False,hospital_fresh_medium_G,2.7554,True,0.3,-0.013191,0.2,-0.013191,True,armed,False,,True,shadow,results/bo_reviewer_packet/temporal_stop_head/22_temporal_stop_head_model.pt,0.11,0.0,False,0.5,,,2.7554,False,,,True
normcmp_G_stopauth_20260708_153944,226,13.483334,1783521589.105736,1.752073,0.500018,-0.0,3.141526,0.2,-0.013191,0.199818,0.001069,camera_link,13.483334,gnm_closed_loop,,nominal,,True,ok,third_party/visualnav-transformer/model_weights/gnm/gnm.pth,18.83,0.3,-0.0132,0.8489,-0.0112,9.16,,,gnm_closed_loop,0.2,-0.013191,normalized_stop_ab_20260708,G,stop_authority_normalized_pred,normalized_pred_gate,,3,0.5,10.09,0.9078,False,hospital_fresh_medium_G,2.7521,True,0.3,-0.013191,0.2,-0.013191,True,armed,False,,True,shadow,results/bo_reviewer_packet/temporal_stop_head/22_temporal_stop_head_model.pt,0.11,0.0,False,0.5,,,2.7554,False,,,True
normcmp_G_stopauth_20260708_153944,227,13.500001,1783521589.108254,1.748749,0.500018,-0.0,3.141526,0.2,-0.013191,0.199818,0.001069,camera_link,13.500001,gnm_closed_loop,,nominal,,True,ok,third_party/visualnav-transformer/model_weights/gnm/gnm.pth,18.83,0.3,-0.0132,0.8489,-0.0112,9.16,,,gnm_closed_loop,0.2,-0.013191,normalized_stop_ab_20260708,G,stop_authority_normalized_pred,normalized_pred_gate,,3,0.5,10.09,0.9078,False,hospital_fresh_medium_G,2.7487,True,0.3,-0.013191,0.2,-0.013191,True,armed,False,,True,shadow,results/bo_reviewer_packet/temporal_stop_head/22_temporal_stop_head_model.pt,0.11,0.0,False,0.5,,,2.7554,False,,,True
normcmp_G_stopauth_20260708_153944,228,13.516667,1783521589.150571,1.745425,0.500018,-0.0,3.141526,0.2,-0.01313,0.199811,0.001404,camera_link,13.516667,gnm_closed_loop,,nominal,,True,ok,third_party/visualnav-transformer/model_weights/gnm/gnm.pth,21.53,0.3,-0.0131,0.8479,-0.0111,9.11,,,gnm_closed_loop,0.2,-0.01313,normalized_stop_ab_20260708,G,stop_authority_normalized_pred,normalized_pred_gate,,3,0.5,10.09,0.9029,False,hospital_fresh_medium_G,2.7454,True,0.3,-0.01313,0.2,-0.01313,True,armed,False,,True,shadow,results/bo_reviewer_packet/temporal_stop_head/22_temporal_stop_head_model.pt,0.129,0.0,False,0.5,,,2.7454,False,,,True
normcmp_G_stopauth_20260708_153944,229,13.533334,1783521589.15361,1.742101,0.500019,-0.0,3.141525,0.2,-0.01313,0.199811,0.001404,camera_link,13.533334,gnm_closed_loop,,nominal,,True,ok,third_party/visualnav-transformer/model_weights/gnm/gnm.pth,21.53,0.3,-0.0131,0.8479,-0.0111,9.11,,,gnm_closed_loop,0.2,-0.01313,normalized_stop_ab_20260708,G,stop_authority_normalized_pred,normalized_pred_gate,,3,0.5,10.09,0.9029,False,hospital_fresh_medium_G,2.7421,True,0.3,-0.01313,0.2,-0.01313,True,armed,False,,True,shadow,results/bo_reviewer_packet/temporal_stop_head/22_temporal_stop_head_model.pt,0.129,0.0,False,0.5,,,2.7454,False,,,True
normcmp_G_stopauth_20260708_153944,230,13.550001,1783521589.156285,1.738776,0.500019,-0.0,3.141524,0.2,-0.01313,0.199811,0.001404,camera_link,13.550001,gnm_closed_loop,,nominal,,True,ok,third_party/visualnav-transformer/model_weights/gnm/gnm.pth,21.53,0.3,-0.0131,0.8479,-0.0111,9.11,,,gnm_closed_loop,0.2,-0.01313,normalized_stop_ab_20260708,G,stop_authority_normalized_pred,normalized_pred_gate,,3,0.5,10.09,0.9029,False,hospital_fresh_medium_G,2.7388,True,0.3,-0.01313,0.2,-0.01313,True,armed,False,,True,shadow,results/bo_reviewer_packet/temporal_stop_head/22_temporal_stop_head_model.pt,0.129,0.0,False,0.5,,,2.7454,False,,,True
normcmp_G_stopauth_20260708_153944,231,13.566667,1783521589.182663,1.735452,0.500019,-0.0,3.141524,0.2,-0.013178,0.199813,0.000906,camera_link,13.566667,gnm_closed_loop,,nominal,,True,ok,third_party/visualnav-transformer/model_weights/gnm/gnm.pth,14.7,0.3,-0.0132,0.8513,-0.0112,9.07,,,gnm_closed_loop,0.2,-0.013178,normalized_stop_ab_20260708,G,stop_authority_normalized_pred,normalized_pred_gate,,3,0.5,10.09,0.8989,False,hospital_fresh_medium_G,2.7355,True,0.3,-0.013178,0.2,-0.013178,True,armed,False,,True,shadow,results/bo_reviewer_packet/temporal_stop_head/22_temporal_stop_head_model.pt,0.12,0.0,False,0.5,,,2.7355,False,,,True
normcmp_G_stopauth_20260708_153944,232,13.583334,1783521589.1851,1.732128,0.500019,-0.0,3.141523,0.2,-0.013178,0.199813,0.000906,camera_link,13.583334,gnm_closed_loop,,nominal,,True,ok,third_party/visualnav-transformer/model_weights/gnm/gnm.pth,14.7,0.3,-0.0132,0.8513,-0.0112,9.07,,,gnm_closed_loop,0.2,-0.013178,normalized_stop_ab_20260708,G,stop_authority_normalized_pred,normalized_pred_gate,,3,0.5,10.09,0.8989,False,hospital_fresh_medium_G,2.7321,True,0.3,-0.013178,0.2,-0.013178,True,armed,False,,True,shadow,results/bo_reviewer_packet/temporal_stop_head/22_temporal_stop_head_model.pt,0.12,0.0,False,0.5,,,2.7355,False,,,True
normcmp_G_stopauth_20260708_153944,233,13.600001,1783521589.186934,1.728804,0.50002,-0.0,3.141523,0.2,-0.013178,0.199813,0.000906,camera_link,13.600001,gnm_closed_loop,,nominal,,True,ok,third_party/visualnav-transformer/model_weights/gnm/gnm.pth,14.7,0.3,-0.0132,0.8513,-0.0112,9.07,,,gnm_closed_loop,0.2,-0.013178,normalized_stop_ab_20260708,G,stop_authority_normalized_pred,normalized_pred_gate,,3,0.5,10.09,0.8989,False,hospital_fresh_medium_G,2.7288,True,0.3,-0.013178,0.2,-0.013178,True,armed,False,,True,shadow,results/bo_reviewer_packet/temporal_stop_head/22_temporal_stop_head_model.pt,0.12,0.0,False,0.5,,,2.7355,False,,,True
normcmp_G_stopauth_20260708_153944,234,13.616667,1783521589.211329,1.725479,0.50002,-0.0,3.141523,0.2,-0.012967,0.199794,0.000404,camera_link,13.616667,gnm_closed_loop,,nominal,,True,ok,third_party/visualnav-transformer/model_weights/gnm/gnm.pth,13.12,0.3,-0.013,0.8584,-0.0111,9.09,,,gnm_closed_loop,0.2,-0.012967,normalized_stop_ab_20260708,G,stop_authority_normalized_pred,normalized_pred_gate,,3,0.5,10.09,0.9009,False,hospital_fresh_medium_G,2.7255,True,0.3,-0.012967,0.2,-0.012967,True,armed,False,,True,shadow,results/bo_reviewer_packet/temporal_stop_head/22_temporal_stop_head_model.pt,0.134,0.0,False,0.5,,,2.7255,False,,,True
normcmp_G_stopauth_20260708_153944,235,13.633334,1783521589.213722,1.722155,0.50002,-0.0,3.141523,0.2,-0.012967,0.199794,0.000404,camera_link,13.633334,gnm_closed_loop,,nominal,,True,ok,third_party/visualnav-transformer/model_weights/gnm/gnm.pth,13.12,0.3,-0.013,0.8584,-0.0111,9.09,,,gnm_closed_loop,0.2,-0.012967,normalized_stop_ab_20260708,G,stop_authority_normalized_pred,normalized_pred_gate,,3,0.5,10.09,0.9009,False,hospital_fresh_medium_G,2.7222,True,0.3,-0.012967,0.2,-0.012967,True,armed,False,,True,shadow,results/bo_reviewer_packet/temporal_stop_head/22_temporal_stop_head_model.pt,0.134,0.0,False,0.5,,,2.7255,False,,,True
normcmp_G_stopauth_20260708_153944,236,13.650001,1783521589.215646,1.71883,0.50002,-0.0,3.141522,0.2,-0.012967,0.199794,0.000404,camera_link,13.650001,gnm_closed_loop,,nominal,,True,ok,third_party/visualnav-transformer/model_weights/gnm/gnm.pth,13.12,0.3,-0.013,0.8584,-0.0111,9.09,,,gnm_closed_loop,0.2,-0.012967,normalized_stop_ab_20260708,G,stop_authority_normalized_pred,normalized_pred_gate,,3,0.5,10.09,0.9009,False,hospital_fresh_medium_G,2.7188,True,0.3,-0.012967,0.2,-0.012967,True,armed,False,,True,shadow,results/bo_reviewer_packet/temporal_stop_head/22_temporal_stop_head_model.pt,0.134,0.0,False,0.5,,,2.7255,False,,,True
normcmp_G_stopauth_20260708_153944,237,13.666667,1783521589.245708,1.715506,0.500021,-0.0,3.141522,0.2,-0.01246,0.199821,0.000562,camera_link,13.666667,gnm_closed_loop,,nominal,,True,ok,third_party/visualnav-transformer/model_weights/gnm/gnm.pth,16.85,0.3,-0.0125,0.8676,-0.0108,9.07,,,gnm_closed_loop,0.2,-0.01246,normalized_stop_ab_20260708,G,stop_authority_normalized_pred,normalized_pred_gate,,3,0.5,10.09,0.8989,False,hospital_fresh_medium_G,2.7155,True,0.3,-0.01246,0.2,-0.01246,True,armed,False,,True,shadow,results/bo_reviewer_packet/temporal_stop_head/22_temporal_stop_head_model.pt,0.133,0.0,False,0.5,,,2.7155,False,,,True
normcmp_G_stopauth_20260708_153944,238,13.683334,1783521589.249154,1.712181,0.500021,-0.0,3.141522,0.2,-0.01246,0.199821,0.000562,camera_link,13.683334,gnm_closed_loop,,nominal,,True,ok,third_party/visualnav-transformer/model_weights/gnm/gnm.pth,16.85,0.3,-0.0125,0.8676,-0.0108,9.07,,,gnm_closed_loop,0.2,-0.01246,normalized_stop_ab_20260708,G,stop_authority_normalized_pred,normalized_pred_gate,,3,0.5,10.09,0.8989,False,hospital_fresh_medium_G,2.7122,True,0.3,-0.01246,0.2,-0.01246,True,armed,False,,True,shadow,results/bo_reviewer_packet/temporal_stop_head/22_temporal_stop_head_model.pt,0.133,0.0,False,0.5,,,2.7155,False,,,True
normcmp_G_stopauth_20260708_153944,239,13.700001,1783521589.252285,1.708857,0.500021,-0.0,3.141522,0.2,-0.01246,0.199821,0.000562,camera_link,13.700001,gnm_closed_loop,,nominal,,True,ok,third_party/visualnav-transformer/model_weights/gnm/gnm.pth,16.85,0.3,-0.0125,0.8676,-0.0108,9.07,,,gnm_closed_loop,0.2,-0.01246,normalized_stop_ab_20260708,G,stop_authority_normalized_pred,normalized_pred_gate,,3,0.5,10.09,0.8989,False,hospital_fresh_medium_G,2.7089,True,0.3,-0.01246,0.2,-0.01246,True,armed,False,,True,shadow,results/bo_reviewer_packet/temporal_stop_head/22_temporal_stop_head_model.pt,0.133,0.0,False,0.5,,,2.7155,False,,,True
normcmp_G_stopauth_20260708_153944,240,13.716667,1783521589.292019,1.705533,0.500021,-0.0,3.141521,0.2,-0.012008,0.199834,0.000931,camera_link,13.716667,gnm_closed_loop,,nominal,,True,ok,third_party/visualnav-transformer/model_weights/gnm/gnm.pth,18.67,0.3,-0.012,0.8733,-0.0105,9.01,,,gnm_closed_loop,0.2,-0.012008,normalized_stop_ab_20260708,G,stop_authority_normalized_pred,normalized_pred_gate,,3,0.5,10.09,0.893,False,hospital_fresh_medium_G,2.7055,True,0.3,-0.012008,0.2,-0.012008,True,armed,False,,True,shadow,results/bo_reviewer_packet/temporal_stop_head/22_temporal_stop_head_model.pt,0.117,0.0,False,0.5,,,2.7055,False,,,True
normcmp_G_stopauth_20260708_153944,241,13.733334,1783521589.295125,1.702208,0.500022,-0.0,3.14152,0.2,-0.012008,0.199834,0.000931,camera_link,13.733334,gnm_closed_loop,,nominal,,True,ok,third_party/visualnav-transformer/model_weights/gnm/gnm.pth,18.67,0.3,-0.012,0.8733,-0.0105,9.01,,,gnm_closed_loop,0.2,-0.012008,normalized_stop_ab_20260708,G,stop_authority_normalized_pred,normalized_pred_gate,,3,0.5,10.09,0.893,False,hospital_fresh_medium_G,2.7022,True,0.3,-0.012008,0.2,-0.012008,True,armed,False,,True,shadow,results/bo_reviewer_packet/temporal_stop_head/22_temporal_stop_head_model.pt,0.117,0.0,False,0.5,,,2.7055,False,,,True
normcmp_G_stopauth_20260708_153944,242,13.750001,1783521589.297007,1.698884,0.500022,-0.0,3.14152,0.2,-0.012008,0.199834,0.000931,camera_link,13.750001,gnm_closed_loop,,nominal,,True,ok,third_party/visualnav-transformer/model_weights/gnm/gnm.pth,18.67,0.3,-0.012,0.8733,-0.0105,9.01,,,gnm_closed_loop,0.2,-0.012008,normalized_stop_ab_20260708,G,stop_authority_normalized_pred,normalized_pred_gate,,3,0.5,10.09,0.893,False,hospital_fresh_medium_G,2.6989,True,0.3,-0.012008,0.2,-0.012008,True,armed,False,,True,shadow,results/bo_reviewer_packet/temporal_stop_head/22_temporal_stop_head_model.pt,0.117,0.0,False,0.5,,,2.7055,False,,,True
normcmp_G_stopauth_20260708_153944,243,13.766667,1783521589.328558,1.69556,0.500022,-0.0,3.14152,0.2,-0.011802,0.19983,0.000444,camera_link,13.766667,gnm_closed_loop,,nominal,,True,ok,third_party/visualnav-transformer/model_weights/gnm/gnm.pth,18.83,0.3,-0.0118,0.8785,-0.0104,9.01,,,gnm_closed_loop,0.2,-0.011802,normalized_stop_ab_20260708,G,stop_authority_normalized_pred,normalized_pred_gate,,3,0.5,10.09,0.893,False,hospital_fresh_medium_G,2.6956,True,0.3,-0.011802,0.2,-0.011802,True,armed,False,,True,shadow,results/bo_reviewer_packet/temporal_stop_head/22_temporal_stop_head_model.pt,0.106,0.0,False,0.5,,,2.6956,False,,,True
normcmp_G_stopauth_20260708_153944,244,13.783334,1783521589.331234,1.692235,0.500022,-0.0,3.141519,0.2,-0.011802,0.19983,0.000444,camera_link,13.783334,gnm_closed_loop,,nominal,,True,ok,third_party/visualnav-transformer/model_weights/gnm/gnm.pth,18.83,0.3,-0.0118,0.8785,-0.0104,9.01,,,gnm_closed_loop,0.2,-0.011802,normalized_stop_ab_20260708,G,stop_authority_normalized_pred,normalized_pred_gate,,3,0.5,10.09,0.893,False,hospital_fresh_medium_G,2.6922,True,0.3,-0.011802,0.2,-0.011802,True,armed,False,,True,shadow,results/bo_reviewer_packet/temporal_stop_head/22_temporal_stop_head_model.pt,0.106,0.0,False,0.5,,,2.6956,False,,,True
normcmp_G_stopauth_20260708_153944,245,13.800001,1783521589.33366,1.688911,0.500023,-0.0,3.141519,0.2,-0.011802,0.19983,0.000444,camera_link,13.800001,gnm_closed_loop,,nominal,,True,ok,third_party/visualnav-transformer/model_weights/gnm/gnm.pth,18.83,0.3,-0.0118,0.8785,-0.0104,9.01,,,gnm_closed_loop,0.2,-0.011802,normalized_stop_ab_20260708,G,stop_authority_normalized_pred,normalized_pred_gate,,3,0.5,10.09,0.893,False,hospital_fresh_medium_G,2.6889,True,0.3,-0.011802,0.2,-0.011802,True,armed,False,,True,shadow,results/bo_reviewer_packet/temporal_stop_head/22_temporal_stop_head_model.pt,0.106,0.0,False,0.5,,,2.6956,False,,,True
normcmp_G_stopauth_20260708_153944,246,13.816667,1783521589.378669,1.685586,0.500023,-0.0,3.141519,0.2,-0.011502,0.199835,0.000619,camera_link,13.816667,gnm_closed_loop,,nominal,,True,ok,third_party/visualnav-transformer/model_weights/gnm/gnm.pth,28.27,0.3,-0.0115,0.8818,-0.0101,8.99,,,gnm_closed_loop,0.2,-0.011502,normalized_stop_ab_20260708,G,stop_authority_normalized_pred,normalized_pred_gate,,3,0.5,10.09,0.891,False,hospital_fresh_medium_G,2.6856,True,0.3,-0.011502,0.2,-0.011502,True,armed,False,,True,shadow,results/bo_reviewer_packet/temporal_stop_head/22_temporal_stop_head_model.pt,0.147,0.0,False,0.5,,,2.6856,False,,,True
normcmp_G_stopauth_20260708_153944,247,13.833334,1783521589.381276,1.682262,0.500023,-0.0,3.141518,0.2,-0.011502,0.199835,0.000619,camera_link,13.833334,gnm_closed_loop,,nominal,,True,ok,third_party/visualnav-transformer/model_weights/gnm/gnm.pth,28.27,0.3,-0.0115,0.8818,-0.0101,8.99,,,gnm_closed_loop,0.2,-0.011502,normalized_stop_ab_20260708,G,stop_authority_normalized_pred,normalized_pred_gate,,3,0.5,10.09,0.891,False,hospital_fresh_medium_G,2.6823,True,0.3,-0.011502,0.2,-0.011502,True,armed,False,,True,shadow,results/bo_reviewer_packet/temporal_stop_head/22_temporal_stop_head_model.pt,0.147,0.0,False,0.5,,,2.6856,False,,,True
normcmp_G_stopauth_20260708_153944,248,13.850001,1783521589.383183,1.678938,0.500023,-0.0,3.141518,0.2,-0.011502,0.199835,0.000619,camera_link,13.850001,gnm_closed_loop,,nominal,,True,ok,third_party/visualnav-transformer/model_weights/gnm/gnm.pth,28.27,0.3,-0.0115,0.8818,-0.0101,8.99,,,gnm_closed_loop,0.2,-0.011502,normalized_stop_ab_20260708,G,stop_authority_normalized_pred,normalized_pred_gate,,3,0.5,10.09,0.891,False,hospital_fresh_medium_G,2.6789,True,0.3,-0.011502,0.2,-0.011502,True,armed,False,,True,shadow,results/bo_reviewer_packet/temporal_stop_head/22_temporal_stop_head_model.pt,0.147,0.0,False,0.5,,,2.6856,False,,,True
normcmp_G_stopauth_20260708_153944,249,13.866667,1783521589.42744,1.675613,0.500023,-0.0,3.141517,0.2,-0.011272,0.199831,7.1e-05,camera_link,13.866667,gnm_closed_loop,,nominal,,True,ok,third_party/visualnav-transformer/model_weights/gnm/gnm.pth,24.26,0.3,-0.0113,0.8859,-0.01,8.98,,,gnm_closed_loop,0.2,-0.011272,normalized_stop_ab_20260708,G,stop_authority_normalized_pred,normalized_pred_gate,,3,0.5,10.09,0.89,False,hospital_fresh_medium_G,2.6756,True,0.3,-0.011272,0.2,-0.011272,True,armed,False,,True,shadow,results/bo_reviewer_packet/temporal_stop_head/22_temporal_stop_head_model.pt,0.138,0.0,False,0.5,,,2.6756,False,,,True
normcmp_G_stopauth_20260708_153944,250,13.883334,1783521589.429813,1.672289,0.500024,-0.0,3.141517,0.2,-0.011272,0.199831,7.1e-05,camera_link,13.883334,gnm_closed_loop,,nominal,,True,ok,third_party/visualnav-transformer/model_weights/gnm/gnm.pth,24.26,0.3,-0.0113,0.8859,-0.01,8.98,,,gnm_closed_loop,0.2,-0.011272,normalized_stop_ab_20260708,G,stop_authority_normalized_pred,normalized_pred_gate,,3,0.5,10.09,0.89,False,hospital_fresh_medium_G,2.6723,True,0.3,-0.011272,0.2,-0.011272,True,armed,False,,True,shadow,results/bo_reviewer_packet/temporal_stop_head/22_temporal_stop_head_model.pt,0.138,0.0,False,0.5,,,2.6756,False,,,True
normcmp_G_stopauth_20260708_153944,251,13.900001,1783521589.432812,1.668965,0.500024,-0.0,3.141517,0.2,-0.011272,0.199831,7.1e-05,camera_link,13.900001,gnm_closed_loop,,nominal,,True,ok,third_party/visualnav-transformer/model_weights/gnm/gnm.pth,24.26,0.3,-0.0113,0.8859,-0.01,8.98,,,gnm_closed_loop,0.2,-0.011272,normalized_stop_ab_20260708,G,stop_authority_normalized_pred,normalized_pred_gate,,3,0.5,10.09,0.89,False,hospital_fresh_medium_G,2.669,True,0.3,-0.011272,0.2,-0.011272,True,armed,False,,True,shadow,results/bo_reviewer_packet/temporal_stop_head/22_temporal_stop_head_model.pt,0.138,0.0,False,0.5,,,2.6756,False,,,True
normcmp_G_stopauth_20260708_153944,252,13.916667,1783521589.460486,1.665641,0.500024,-0.0,3.141517,0.2,-0.011003,0.199828,0.000178,camera_link,13.916667,gnm_closed_loop,,nominal,,True,ok,third_party/visualnav-transformer/model_weights/gnm/gnm.pth,13.79,0.3,-0.011,0.8908,-0.0098,8.92,,,gnm_closed_loop,0.2,-0.011003,normalized_stop_ab_20260708,G,stop_authority_normalized_pred,normalized_pred_gate,,3,0.5,10.09,0.884,False,hospital_fresh_medium_G,2.6656,True,0.3,-0.011003,0.2,-0.011003,True,armed,False,,True,shadow,results/bo_reviewer_packet/temporal_stop_head/22_temporal_stop_head_model.pt,0.119,0.0,False,0.5,,,2.6656,False,,,True
normcmp_G_stopauth_20260708_153944,253,13.933334,1783521589.463002,1.662317,0.500024,-0.0,3.141516,0.2,-0.011003,0.199828,0.000178,camera_link,13.933334,gnm_closed_loop,,nominal,,True,ok,third_party/visualnav-transformer/model_weights/gnm/gnm.pth,13.79,0.3,-0.011,0.8908,-0.0098,8.92,,,gnm_closed_loop,0.2,-0.011003,normalized_stop_ab_20260708,G,stop_authority_normalized_pred,normalized_pred_gate,,3,0.5,10.09,0.884,False,hospital_fresh_medium_G,2.6623,True,0.3,-0.011003,0.2,-0.011003,True,armed,False,,True,shadow,results/bo_reviewer_packet/temporal_stop_head/22_temporal_stop_head_model.pt,0.119,0.0,False,0.5,,,2.6656,False,,,True
normcmp_G_stopauth_20260708_153944,254,13.950001,1783521589.465581,1.658991,0.500025,-0.0,3.141516,0.2,-0.011003,0.199828,0.000178,camera_link,13.950001,gnm_closed_loop,,nominal,,True,ok,third_party/visualnav-transformer/model_weights/gnm/gnm.pth,13.79,0.3,-0.011,0.8908,-0.0098,8.92,,,gnm_closed_loop,0.2,-0.011003,normalized_stop_ab_20260708,G,stop_authority_normalized_pred,normalized_pred_gate,,3,0.5,10.09,0.884,False,hospital_fresh_medium_G,2.659,True,0.3,-0.011003,0.2,-0.011003,True,armed,False,,True,shadow,results/bo_reviewer_packet/temporal_stop_head/22_temporal_stop_head_model.pt,0.119,0.0,False,0.5,,,2.6656,False,,,True
normcmp_G_stopauth_20260708_153944,255,13.966667,1783521589.488554,1.655667,0.500025,-0.0,3.141516,0.2,-0.010567,0.199816,0.000539,camera_link,13.966667,gnm_closed_loop,,nominal,,True,ok,third_party/visualnav-transformer/model_weights/gnm/gnm.pth,12.79,0.3,-0.0106,0.8933,-0.0094,8.84,,,gnm_closed_loop,0.2,-0.010567,normalized_stop_ab_20260708,G,stop_authority_normalized_pred,normalized_pred_gate,,3,0.5,10.09,0.8761,False,hospital_fresh_medium_G,2.6557,True,0.3,-0.010567,0.2,-0.010567,True,armed,False,,True,shadow,results/bo_reviewer_packet/temporal_stop_head/22_temporal_stop_head_model.pt,0.117,0.0,False,0.5,,,2.6557,False,,,True
normcmp_G_stopauth_20260708_153944,256,13.983334,1783521589.490959,1.652343,0.500025,-0.0,3.141515,0.2,-0.010567,0.199816,0.000539,camera_link,13.983334,gnm_closed_loop,,nominal,,True,ok,third_party/visualnav-transformer/model_weights/gnm/gnm.pth,12.79,0.3,-0.0106,0.8933,-0.0094,8.84,,,gnm_closed_loop,0.2,-0.010567,normalized_stop_ab_20260708,G,stop_authority_normalized_pred,normalized_pred_gate,,3,0.5,10.09,0.8761,False,hospital_fresh_medium_G,2.6523,True,0.3,-0.010567,0.2,-0.010567,True,armed,False,,True,shadow,results/bo_reviewer_packet/temporal_stop_head/22_temporal_stop_head_model.pt,0.117,0.0,False,0.5,,,2.6557,False,,,True
normcmp_G_stopauth_20260708_153944,257,14.000001,1783521589.49301,1.649019,0.500025,-0.0,3.141515,0.2,-0.010567,0.199816,0.000539,camera_link,14.000001,gnm_closed_loop,,nominal,,True,ok,third_party/visualnav-transformer/model_weights/gnm/gnm.pth,12.79,0.3,-0.0106,0.8933,-0.0094,8.84,,,gnm_closed_loop,0.2,-0.010567,normalized_stop_ab_20260708,G,stop_authority_normalized_pred,normalized_pred_gate,,3,0.5,10.09,0.8761,False,hospital_fresh_medium_G,2.649,True,0.3,-0.010567,0.2,-0.010567,True,armed,False,,True,shadow,results/bo_reviewer_packet/temporal_stop_head/22_temporal_stop_head_model.pt,0.117,0.0,False,0.5,,,2.6557,False,,,True
normcmp_G_stopauth_20260708_153944,258,14.016667,1783521589.51755,1.645694,0.500025,-0.0,3.141514,0.2,-0.010639,0.199814,0.000833,camera_link,14.016667,gnm_closed_loop,,nominal,,True,ok,third_party/visualnav-transformer/model_weights/gnm/gnm.pth,13.02,0.3,-0.0106,0.8939,-0.0095,8.73,,,gnm_closed_loop,0.2,-0.010639,normalized_stop_ab_20260708,G,stop_authority_normalized_pred,normalized_pred_gate,,3,0.5,10.09,0.8652,False,hospital_fresh_medium_G,2.6457,True,0.3,-0.010639,0.2,-0.010639,True,armed,False,,True,shadow,results/bo_reviewer_packet/temporal_stop_head/22_temporal_stop_head_model.pt,0.123,0.0,False,0.5,,,2.6457,False,,,True
normcmp_G_stopauth_20260708_153944,259,14.033334,1783521589.520693,1.64237,0.500026,-0.0,3.141514,0.2,-0.010639,0.199814,0.000833,camera_link,14.033334,gnm_closed_loop,,nominal,,True,ok,third_party/visualnav-transformer/model_weights/gnm/gnm.pth,13.02,0.3,-0.0106,0.8939,-0.0095,8.73,,,gnm_closed_loop,0.2,-0.010639,normalized_stop_ab_20260708,G,stop_authority_normalized_pred,normalized_pred_gate,,3,0.5,10.09,0.8652,False,hospital_fresh_medium_G,2.6424,True,0.3,-0.010639,0.2,-0.010639,True,armed,False,,True,shadow,results/bo_reviewer_packet/temporal_stop_head/22_temporal_stop_head_model.pt,0.123,0.0,False,0.5,,,2.6457,False,,,True
normcmp_G_stopauth_20260708_153944,260,14.050001,1783521589.522637,1.639045,0.500026,-0.0,3.141513,0.2,-0.010639,0.199814,0.000833,camera_link,14.050001,gnm_closed_loop,,nominal,,True,ok,third_party/visualnav-transformer/model_weights/gnm/gnm.pth,13.02,0.3,-0.0106,0.8939,-0.0095,8.73,,,gnm_closed_loop,0.2,-0.010639,normalized_stop_ab_20260708,G,stop_authority_normalized_pred,normalized_pred_gate,,3,0.5,10.09,0.8652,False,hospital_fresh_medium_G,2.639,True,0.3,-0.010639,0.2,-0.010639,True,armed,False,,True,shadow,results/bo_reviewer_packet/temporal_stop_head/22_temporal_stop_head_model.pt,0.123,0.0,False,0.5,,,2.6457,False,,,True
normcmp_G_stopauth_20260708_153944,261,14.066667,1783521589.548005,1.635721,0.500026,-0.0,3.141513,0.2,-0.010726,0.199816,0.000512,camera_link,14.066667,gnm_closed_loop,,nominal,,True,ok,third_party/visualnav-transformer/model_weights/gnm/gnm.pth,15.34,0.3,-0.0107,0.8928,-0.0096,8.66,,,gnm_closed_loop,0.2,-0.010726,normalized_stop_ab_20260708,G,stop_authority_normalized_pred,normalized_pred_gate,,3,0.5,10.09,0.8583,False,hospital_fresh_medium_G,2.6357,True,0.3,-0.010726,0.2,-0.010726,True,armed,False,,True,shadow,results/bo_reviewer_packet/temporal_stop_head/22_temporal_stop_head_model.pt,0.119,0.0,False,0.5,,,2.6357,False,,,True
normcmp_G_stopauth_20260708_153944,262,14.083334,1783521589.550205,1.632396,0.500027,-0.0,3.141513,0.2,-0.010726,0.199816,0.000512,camera_link,14.083334,gnm_closed_loop,,nominal,,True,ok,third_party/visualnav-transformer/model_weights/gnm/gnm.pth,15.34,0.3,-0.0107,0.8928,-0.0096,8.66,,,gnm_closed_loop,0.2,-0.010726,normalized_stop_ab_20260708,G,stop_authority_normalized_pred,normalized_pred_gate,,3,0.5,10.09,0.8583,False,hospital_fresh_medium_G,2.6324,True,0.3,-0.010726,0.2,-0.010726,True,armed,False,,True,shadow,results/bo_reviewer_packet/temporal_stop_head/22_temporal_stop_head_model.pt,0.119,0.0,False,0.5,,,2.6357,False,,,True
normcmp_G_stopauth_20260708_153944,263,14.100001,1783521589.552067,1.629072,0.500027,-0.0,3.141513,0.2,-0.010726,0.199816,0.000512,camera_link,14.100001,gnm_closed_loop,,nominal,,True,ok,third_party/visualnav-transformer/model_weights/gnm/gnm.pth,15.34,0.3,-0.0107,0.8928,-0.0096,8.66,,,gnm_closed_loop,0.2,-0.010726,normalized_stop_ab_20260708,G,stop_authority_normalized_pred,normalized_pred_gate,,3,0.5,10.09,0.8583,False,hospital_fresh_medium_G,2.6291,True,0.3,-0.010726,0.2,-0.010726,True,armed,False,,True,shadow,results/bo_reviewer_packet/temporal_stop_head/22_temporal_stop_head_model.pt,0.119,0.0,False,0.5,,,2.6357,False,,,True
normcmp_G_stopauth_20260708_153944,264,14.116667,1783521589.574759,1.625747,0.500027,-0.0,3.141512,0.2,-0.010683,0.199828,0.000291,camera_link,14.116667,gnm_closed_loop,,nominal,,True,ok,third_party/visualnav-transformer/model_weights/gnm/gnm.pth,12.98,0.3,-0.0107,0.8892,-0.0095,8.58,,,gnm_closed_loop,0.2,-0.010683,normalized_stop_ab_20260708,G,stop_authority_normalized_pred,normalized_pred_gate,,3,0.5,10.09,0.8503,False,hospital_fresh_medium_G,2.6257,True,0.3,-0.010683,0.2,-0.010683,True,armed,False,,True,shadow,results/bo_reviewer_packet/temporal_stop_head/22_temporal_stop_head_model.pt,0.117,0.0,False,0.5,,,2.6257,False,,,True
normcmp_G_stopauth_20260708_153944,265,14.133334,1783521589.577211,1.622423,0.500027,-0.0,3.141512,0.2,-0.010683,0.199828,0.000291,camera_link,14.133334,gnm_closed_loop,,nominal,,True,ok,third_party/visualnav-transformer/model_weights/gnm/gnm.pth,12.98,0.3,-0.0107,0.8892,-0.0095,8.58,,,gnm_closed_loop,0.2,-0.010683,normalized_stop_ab_20260708,G,stop_authority_normalized_pred,normalized_pred_gate,,3,0.5,10.09,0.8503,False,hospital_fresh_medium_G,2.6224,True,0.3,-0.010683,0.2,-0.010683,True,armed,False,,True,shadow,results/bo_reviewer_packet/temporal_stop_head/22_temporal_stop_head_model.pt,0.117,0.0,False,0.5,,,2.6257,False,,,True
normcmp_G_stopauth_20260708_153944,266,14.150001,1783521589.579196,1.619098,0.500027,-0.0,3.141512,0.2,-0.010683,0.199828,0.000291,camera_link,14.150001,gnm_closed_loop,,nominal,,True,ok,third_party/visualnav-transformer/model_weights/gnm/gnm.pth,12.98,0.3,-0.0107,0.8892,-0.0095,8.58,,,gnm_closed_loop,0.2,-0.010683,normalized_stop_ab_20260708,G,stop_authority_normalized_pred,normalized_pred_gate,,3,0.5,10.09,0.8503,False,hospital_fresh_medium_G,2.6191,True,0.3,-0.010683,0.2,-0.010683,True,armed,False,,True,shadow,results/bo_reviewer_packet/temporal_stop_head/22_temporal_stop_head_model.pt,0.117,0.0,False,0.5,,,2.6257,False,,,True
normcmp_G_stopauth_20260708_153944,267,14.166667,1783521589.604553,1.615774,0.500028,-0.0,3.141512,0.2,-0.010838,0.199799,0.00053,camera_link,14.166667,gnm_closed_loop,,nominal,,True,ok,third_party/visualnav-transformer/model_weights/gnm/gnm.pth,13.08,0.3,-0.0108,0.8802,-0.0095,8.55,,,gnm_closed_loop,0.2,-0.010838,normalized_stop_ab_20260708,G,stop_authority_normalized_pred,normalized_pred_gate,,3,0.5,10.09,0.8474,False,hospital_fresh_medium_G,2.6158,True,0.3,-0.010838,0.2,-0.010838,True,armed,False,,True,shadow,results/bo_reviewer_packet/temporal_stop_head/22_temporal_stop_head_model.pt,0.123,0.0,False,0.5,,,2.6158,False,,,True
normcmp_G_stopauth_20260708_153944,268,14.183334,1783521589.607259,1.612449,0.500028,-0.0,3.141512,0.2,-0.010838,0.199799,0.00053,camera_link,14.183334,gnm_closed_loop,,nominal,,True,ok,third_party/visualnav-transformer/model_weights/gnm/gnm.pth,13.08,0.3,-0.0108,0.8802,-0.0095,8.55,,,gnm_closed_loop,0.2,-0.010838,normalized_stop_ab_20260708,G,stop_authority_normalized_pred,normalized_pred_gate,,3,0.5,10.09,0.8474,False,hospital_fresh_medium_G,2.6124,True,0.3,-0.010838,0.2,-0.010838,True,armed,False,,True,shadow,results/bo_reviewer_packet/temporal_stop_head/22_temporal_stop_head_model.pt,0.123,0.0,False,0.5,,,2.6158,False,,,True
normcmp_G_stopauth_20260708_153944,269,14.200001,1783521589.609046,1.609125,0.500028,-0.0,3.141511,0.2,-0.010838,0.199799,0.00053,camera_link,14.200001,gnm_closed_loop,,nominal,,True,ok,third_party/visualnav-transformer/model_weights/gnm/gnm.pth,13.08,0.3,-0.0108,0.8802,-0.0095,8.55,,,gnm_closed_loop,0.2,-0.010838,normalized_stop_ab_20260708,G,stop_authority_normalized_pred,normalized_pred_gate,,3,0.5,10.09,0.8474,False,hospital_fresh_medium_G,2.6091,True,0.3,-0.010838,0.2,-0.010838,True,armed,False,,True,shadow,results/bo_reviewer_packet/temporal_stop_head/22_temporal_stop_head_model.pt,0.123,0.0,False,0.5,,,2.6158,False,,,True
normcmp_G_stopauth_20260708_153944,270,14.216667,1783521589.633385,1.6058,0.500028,-0.0,3.141511,0.2,-0.011112,0.199826,0.000175,camera_link,14.216667,gnm_closed_loop,,nominal,,True,ok,third_party/visualnav-transformer/model_weights/gnm/gnm.pth,12.69,0.3,-0.0111,0.8702,-0.0097,8.55,,,gnm_closed_loop,0.2,-0.011112,normalized_stop_ab_20260708,G,stop_authority_normalized_pred,normalized_pred_gate,,3,0.5,10.09,0.8474,False,hospital_fresh_medium_G,2.6058,True,0.3,-0.011112,0.2,-0.011112,True,armed,False,,True,shadow,results/bo_reviewer_packet/temporal_stop_head/22_temporal_stop_head_model.pt,0.114,0.0,False,0.5,,,2.6058,False,,,True
normcmp_G_stopauth_20260708_153944,271,14.233334,1783521589.635587,1.602476,0.500029,-0.0,3.14151,0.2,-0.011112,0.199826,0.000175,camera_link,14.233334,gnm_closed_loop,,nominal,,True,ok,third_party/visualnav-transformer/model_weights/gnm/gnm.pth,12.69,0.3,-0.0111,0.8702,-0.0097,8.55,,,gnm_closed_loop,0.2,-0.011112,normalized_stop_ab_20260708,G,stop_authority_normalized_pred,normalized_pred_gate,,3,0.5,10.09,0.8474,False,hospital_fresh_medium_G,2.6025,True,0.3,-0.011112,0.2,-0.011112,True,armed,False,,True,shadow,results/bo_reviewer_packet/temporal_stop_head/22_temporal_stop_head_model.pt,0.114,0.0,False,0.5,,,2.6058,False,,,True
normcmp_G_stopauth_20260708_153944,272,14.250001,1783521589.63741,1.599152,0.500029,-0.0,3.14151,0.2,-0.011112,0.199826,0.000175,camera_link,14.250001,gnm_closed_loop,,nominal,,True,ok,third_party/visualnav-transformer/model_weights/gnm/gnm.pth,12.69,0.3,-0.0111,0.8702,-0.0097,8.55,,,gnm_closed_loop,0.2,-0.011112,normalized_stop_ab_20260708,G,stop_authority_normalized_pred,normalized_pred_gate,,3,0.5,10.09,0.8474,False,hospital_fresh_medium_G,2.5992,True,0.3,-0.011112,0.2,-0.011112,True,armed,False,,True,shadow,results/bo_reviewer_packet/temporal_stop_head/22_temporal_stop_head_model.pt,0.114,0.0,False,0.5,,,2.6058,False,,,True
normcmp_G_stopauth_20260708_153944,273,14.266667,1783521589.659684,1.595827,0.500029,-0.0,3.14151,0.2,-0.01158,0.199811,0.000505,camera_link,14.266667,gnm_closed_loop,,nominal,,True,ok,third_party/visualnav-transformer/model_weights/gnm/gnm.pth,12.75,0.3,-0.0116,0.8599,-0.01,8.56,,,gnm_closed_loop,0.2,-0.01158,normalized_stop_ab_20260708,G,stop_authority_normalized_pred,normalized_pred_gate,,3,0.5,10.09,0.8484,False,hospital_fresh_medium_G,2.5958,True,0.3,-0.01158,0.2,-0.01158,True,armed,False,,True,shadow,results/bo_reviewer_packet/temporal_stop_head/22_temporal_stop_head_model.pt,0.105,0.0,False,0.5,,,2.5958,False,,,True
normcmp_G_stopauth_20260708_153944,274,14.283334,1783521589.662739,1.592503,0.50003,-0.0,3.14151,0.2,-0.01158,0.199811,0.000505,camera_link,14.283334,gnm_closed_loop,,nominal,,True,ok,third_party/visualnav-transformer/model_weights/gnm/gnm.pth,12.75,0.3,-0.0116,0.8599,-0.01,8.56,,,gnm_closed_loop,0.2,-0.01158,normalized_stop_ab_20260708,G,stop_authority_normalized_pred,normalized_pred_gate,,3,0.5,10.09,0.8484,False,hospital_fresh_medium_G,2.5925,True,0.3,-0.01158,0.2,-0.01158,True,armed,False,,True,shadow,results/bo_reviewer_packet/temporal_stop_head/22_temporal_stop_head_model.pt,0.105,0.0,False,0.5,,,2.5958,False,,,True
normcmp_G_stopauth_20260708_153944,275,14.300001,1783521589.664601,1.589179,0.50003,-0.0,3.141509,0.2,-0.01158,0.199811,0.000505,camera_link,14.300001,gnm_closed_loop,,nominal,,True,ok,third_party/visualnav-transformer/model_weights/gnm/gnm.pth,12.75,0.3,-0.0116,0.8599,-0.01,8.56,,,gnm_closed_loop,0.2,-0.01158,normalized_stop_ab_20260708,G,stop_authority_normalized_pred,normalized_pred_gate,,3,0.5,10.09,0.8484,False,hospital_fresh_medium_G,2.5892,True,0.3,-0.01158,0.2,-0.01158,True,armed,False,,True,shadow,results/bo_reviewer_packet/temporal_stop_head/22_temporal_stop_head_model.pt,0.105,0.0,False,0.5,,,2.5958,False,,,True
normcmp_G_stopauth_20260708_153944,276,14.316667,1783521589.689955,1.585854,0.50003,-0.0,3.141509,0.2,-0.011628,0.199822,0.000794,camera_link,14.316667,gnm_closed_loop,,nominal,,True,ok,third_party/visualnav-transformer/model_weights/gnm/gnm.pth,13.36,0.3,-0.0116,0.8548,-0.0099,8.53,,,gnm_closed_loop,0.2,-0.011628,normalized_stop_ab_20260708,G,stop_authority_normalized_pred,normalized_pred_gate,,3,0.5,10.09,0.8454,False,hospital_fresh_medium_G,2.5859,True,0.3,-0.011628,0.2,-0.011628,True,armed,False,,True,shadow,results/bo_reviewer_packet/temporal_stop_head/22_temporal_stop_head_model.pt,0.125,0.0,False,0.5,,,2.5859,False,,,True
normcmp_G_stopauth_20260708_153944,277,14.333334,1783521589.692592,1.58253,0.50003,-0.0,3.141508,0.2,-0.011628,0.199822,0.000794,camera_link,14.333334,gnm_closed_loop,,nominal,,True,ok,third_party/visualnav-transformer/model_weights/gnm/gnm.pth,13.36,0.3,-0.0116,0.8548,-0.0099,8.53,,,gnm_closed_loop,0.2,-0.011628,normalized_stop_ab_20260708,G,stop_authority_normalized_pred,normalized_pred_gate,,3,0.5,10.09,0.8454,False,hospital_fresh_medium_G,2.5825,True,0.3,-0.011628,0.2,-0.011628,True,armed,False,,True,shadow,results/bo_reviewer_packet/temporal_stop_head/22_temporal_stop_head_model.pt,0.125,0.0,False,0.5,,,2.5859,False,,,True
normcmp_G_stopauth_20260708_153944,278,14.350001,1783521589.695466,1.579206,0.50003,-0.0,3.141507,0.2,-0.011628,0.199822,0.000794,camera_link,14.350001,gnm_closed_loop,,nominal,,True,ok,third_party/visualnav-transformer/model_weights/gnm/gnm.pth,13.36,0.3,-0.0116,0.8548,-0.0099,8.53,,,gnm_closed_loop,0.2,-0.011628,normalized_stop_ab_20260708,G,stop_authority_normalized_pred,normalized_pred_gate,,3,0.5,10.09,0.8454,False,hospital_fresh_medium_G,2.5792,True,0.3,-0.011628,0.2,-0.011628,True,armed,False,,True,shadow,results/bo_reviewer_packet/temporal_stop_head/22_temporal_stop_head_model.pt,0.125,0.0,False,0.5,,,2.5859,False,,,True
normcmp_G_stopauth_20260708_153944,279,14.366667,1783521589.719165,1.575881,0.500031,-0.0,3.141507,0.2,-0.011566,0.19984,0.000301,camera_link,14.366667,gnm_closed_loop,,nominal,,True,ok,third_party/visualnav-transformer/model_weights/gnm/gnm.pth,12.72,0.3,-0.0116,0.8516,-0.0098,8.42,,,gnm_closed_loop,0.2,-0.011566,normalized_stop_ab_20260708,G,stop_authority_normalized_pred,normalized_pred_gate,,3,0.5,10.09,0.8345,False,hospital_fresh_medium_G,2.5759,True,0.3,-0.011566,0.2,-0.011566,True,armed,False,,True,shadow,results/bo_reviewer_packet/temporal_stop_head/22_temporal_stop_head_model.pt,0.136,0.0,False,0.5,,,2.5759,False,,,True
normcmp_G_stopauth_20260708_153944,280,14.383334,1783521589.722092,1.572556,0.500031,-0.0,3.141507,0.2,-0.011566,0.19984,0.000301,camera_link,14.383334,gnm_closed_loop,,nominal,,True,ok,third_party/visualnav-transformer/model_weights/gnm/gnm.pth,12.72,0.3,-0.0116,0.8516,-0.0098,8.42,,,gnm_closed_loop,0.2,-0.011566,normalized_stop_ab_20260708,G,stop_authority_normalized_pred,normalized_pred_gate,,3,0.5,10.09,0.8345,False,hospital_fresh_medium_G,2.5726,True,0.3,-0.011566,0.2,-0.011566,True,armed,False,,True,shadow,results/bo_reviewer_packet/temporal_stop_head/22_temporal_stop_head_model.pt,0.136,0.0,False,0.5,,,2.5759,False,,,True
normcmp_G_stopauth_20260708_153944,281,14.400001,1783521589.724289,1.569232,0.500031,-0.0,3.141507,0.2,-0.011566,0.19984,0.000301,camera_link,14.400001,gnm_closed_loop,,nominal,,True,ok,third_party/visualnav-transformer/model_weights/gnm/gnm.pth,12.72,0.3,-0.0116,0.8516,-0.0098,8.42,,,gnm_closed_loop,0.2,-0.011566,normalized_stop_ab_20260708,G,stop_authority_normalized_pred,normalized_pred_gate,,3,0.5,10.09,0.8345,False,hospital_fresh_medium_G,2.5692,True,0.3,-0.011566,0.2,-0.011566,True,armed,False,,True,shadow,results/bo_reviewer_packet/temporal_stop_head/22_temporal_stop_head_model.pt,0.136,0.0,False,0.5,,,2.5759,False,,,True
normcmp_G_stopauth_20260708_153944,282,14.416667,1783521589.747569,1.565907,0.500032,-0.0,3.141506,0.2,-0.010928,0.199815,0.000829,camera_link,14.416667,gnm_closed_loop,,nominal,,True,ok,third_party/visualnav-transformer/model_weights/gnm/gnm.pth,12.97,0.3,-0.0109,0.8582,-0.0094,8.24,,,gnm_closed_loop,0.2,-0.010928,normalized_stop_ab_20260708,G,stop_authority_normalized_pred,normalized_pred_gate,,3,0.5,10.09,0.8167,False,hospital_fresh_medium_G,2.5659,True,0.3,-0.010928,0.2,-0.010928,True,armed,False,,True,shadow,results/bo_reviewer_packet/temporal_stop_head/22_temporal_stop_head_model.pt,0.121,0.0,False,0.5,,,2.5659,False,,,True
normcmp_G_stopauth_20260708_153944,283,14.433334,1783521589.749919,1.562583,0.500032,-0.0,3.141506,0.2,-0.010928,0.199815,0.000829,camera_link,14.433334,gnm_closed_loop,,nominal,,True,ok,third_party/visualnav-transformer/model_weights/gnm/gnm.pth,12.97,0.3,-0.0109,0.8582,-0.0094,8.24,,,gnm_closed_loop,0.2,-0.010928,normalized_stop_ab_20260708,G,stop_authority_normalized_pred,normalized_pred_gate,,3,0.5,10.09,0.8167,False,hospital_fresh_medium_G,2.5626,True,0.3,-0.010928,0.2,-0.010928,True,armed,False,,True,shadow,results/bo_reviewer_packet/temporal_stop_head/22_temporal_stop_head_model.pt,0.121,0.0,False,0.5,,,2.5659,False,,,True
normcmp_G_stopauth_20260708_153944,284,14.450001,1783521589.752183,1.559259,0.500032,-0.0,3.141505,0.2,-0.010928,0.199815,0.000829,camera_link,14.450001,gnm_closed_loop,,nominal,,True,ok,third_party/visualnav-transformer/model_weights/gnm/gnm.pth,12.97,0.3,-0.0109,0.8582,-0.0094,8.24,,,gnm_closed_loop,0.2,-0.010928,normalized_stop_ab_20260708,G,stop_authority_normalized_pred,normalized_pred_gate,,3,0.5,10.09,0.8167,False,hospital_fresh_medium_G,2.5593,True,0.3,-0.010928,0.2,-0.010928,True,armed,False,,True,shadow,results/bo_reviewer_packet/temporal_stop_head/22_temporal_stop_head_model.pt,0.121,0.0,False,0.5,,,2.5659,False,,,True
normcmp_G_stopauth_20260708_153944,285,14.466667,1783521589.774947,1.555934,0.500033,-0.0,3.141505,0.2,-0.010284,0.199846,0.000459,camera_link,14.466667,gnm_closed_loop,,nominal,,True,ok,third_party/visualnav-transformer/model_weights/gnm/gnm.pth,13.1,0.3,-0.0103,0.8648,-0.0089,8.1,,,gnm_closed_loop,0.2,-0.010284,normalized_stop_ab_20260708,G,stop_authority_normalized_pred,normalized_pred_gate,,3,0.5,10.09,0.8028,False,hospital_fresh_medium_G,2.5559,True,0.3,-0.010284,0.2,-0.010284,True,armed,False,,True,shadow,results/bo_reviewer_packet/temporal_stop_head/22_temporal_stop_head_model.pt,0.117,0.0,False,0.5,,,2.5559,False,,,True
normcmp_G_stopauth_20260708_153944,286,14.483334,1783521589.777247,1.55261,0.500033,-0.0,3.141505,0.2,-0.010284,0.199846,0.000459,camera_link,14.483334,gnm_closed_loop,,nominal,,True,ok,third_party/visualnav-transformer/model_weights/gnm/gnm.pth,13.1,0.3,-0.0103,0.8648,-0.0089,8.1,,,gnm_closed_loop,0.2,-0.010284,normalized_stop_ab_20260708,G,stop_authority_normalized_pred,normalized_pred_gate,,3,0.5,10.09,0.8028,False,hospital_fresh_medium_G,2.5526,True,0.3,-0.010284,0.2,-0.010284,True,armed,False,,True,shadow,results/bo_reviewer_packet/temporal_stop_head/22_temporal_stop_head_model.pt,0.117,0.0,False,0.5,,,2.5559,False,,,True
normcmp_G_stopauth_20260708_153944,287,14.500001,1783521589.779289,1.549285,0.500033,-0.0,3.141504,0.2,-0.010284,0.199846,0.000459,camera_link,14.500001,gnm_closed_loop,,nominal,,True,ok,third_party/visualnav-transformer/model_weights/gnm/gnm.pth,13.1,0.3,-0.0103,0.8648,-0.0089,8.1,,,gnm_closed_loop,0.2,-0.010284,normalized_stop_ab_20260708,G,stop_authority_normalized_pred,normalized_pred_gate,,3,0.5,10.09,0.8028,False,hospital_fresh_medium_G,2.5493,True,0.3,-0.010284,0.2,-0.010284,True,armed,False,,True,shadow,results/bo_reviewer_packet/temporal_stop_head/22_temporal_stop_head_model.pt,0.117,0.0,False,0.5,,,2.5559,False,,,True
normcmp_G_stopauth_20260708_153944,288,14.516667,1783521589.802411,1.545961,0.500033,-0.0,3.141504,0.2,-0.009614,0.199804,9.3e-05,camera_link,14.516667,gnm_closed_loop,,nominal,,True,ok,third_party/visualnav-transformer/model_weights/gnm/gnm.pth,12.8,0.3,-0.0096,0.8719,-0.0084,7.9,,,gnm_closed_loop,0.2,-0.009614,normalized_stop_ab_20260708,G,stop_authority_normalized_pred,normalized_pred_gate,,3,0.5,10.09,0.783,False,hospital_fresh_medium_G,2.546,True,0.3,-0.009614,0.2,-0.009614,True,armed,False,,True,shadow,results/bo_reviewer_packet/temporal_stop_head/22_temporal_stop_head_model.pt,0.123,0.0,False,0.5,,,2.546,False,,,True
normcmp_G_stopauth_20260708_153944,289,14.533334,1783521589.804769,1.542637,0.500034,-0.0,3.141504,0.2,-0.009614,0.199804,9.3e-05,camera_link,14.533334,gnm_closed_loop,,nominal,,True,ok,third_party/visualnav-transformer/model_weights/gnm/gnm.pth,12.8,0.3,-0.0096,0.8719,-0.0084,7.9,,,gnm_closed_loop,0.2,-0.009614,normalized_stop_ab_20260708,G,stop_authority_normalized_pred,normalized_pred_gate,,3,0.5,10.09,0.783,False,hospital_fresh_medium_G,2.5426,True,0.3,-0.009614,0.2,-0.009614,True,armed,False,,True,shadow,results/bo_reviewer_packet/temporal_stop_head/22_temporal_stop_head_model.pt,0.123,0.0,False,0.5,,,2.546,False,,,True
normcmp_G_stopauth_20260708_153944,290,14.550001,1783521589.807582,1.539312,0.500034,-0.0,3.141504,0.2,-0.009614,0.199804,9.3e-05,camera_link,14.550001,gnm_closed_loop,,nominal,,True,ok,third_party/visualnav-transformer/model_weights/gnm/gnm.pth,12.8,0.3,-0.0096,0.8719,-0.0084,7.9,,,gnm_closed_loop,0.2,-0.009614,normalized_stop_ab_20260708,G,stop_authority_normalized_pred,normalized_pred_gate,,3,0.5,10.09,0.783,False,hospital_fresh_medium_G,2.5393,True,0.3,-0.009614,0.2,-0.009614,True,armed,False,,True,shadow,results/bo_reviewer_packet/temporal_stop_head/22_temporal_stop_head_model.pt,0.123,0.0,False,0.5,,,2.546,False,,,True
normcmp_G_stopauth_20260708_153944,291,14.566667,1783521589.830472,1.535987,0.500034,-0.0,3.141504,0.2,-0.008643,0.19983,7.7e-05,camera_link,14.566667,gnm_closed_loop,,nominal,,True,ok,third_party/visualnav-transformer/model_weights/gnm/gnm.pth,12.8,0.3,-0.0086,0.8796,-0.0076,7.75,,,gnm_closed_loop,0.2,-0.008643,normalized_stop_ab_20260708,G,stop_authority_normalized_pred,normalized_pred_gate,,3,0.5,10.09,0.7681,False,hospital_fresh_medium_G,2.536,True,0.3,-0.008643,0.2,-0.008643,True,armed,False,,True,shadow,results/bo_reviewer_packet/temporal_stop_head/22_temporal_stop_head_model.pt,0.123,0.0,False,0.5,,,2.536,False,,,True
normcmp_G_stopauth_20260708_153944,292,14.583334,1783521589.832758,1.532663,0.500035,-0.0,3.141504,0.2,-0.008643,0.19983,7.7e-05,camera_link,14.583334,gnm_closed_loop,,nominal,,True,ok,third_party/visualnav-transformer/model_weights/gnm/gnm.pth,12.8,0.3,-0.0086,0.8796,-0.0076,7.75,,,gnm_closed_loop,0.2,-0.008643,normalized_stop_ab_20260708,G,stop_authority_normalized_pred,normalized_pred_gate,,3,0.5,10.09,0.7681,False,hospital_fresh_medium_G,2.5327,True,0.3,-0.008643,0.2,-0.008643,True,armed,False,,True,shadow,results/bo_reviewer_packet/temporal_stop_head/22_temporal_stop_head_model.pt,0.123,0.0,False,0.5,,,2.536,False,,,True
normcmp_G_stopauth_20260708_153944,293,14.600001,1783521589.835515,1.529337,0.500035,-0.0,3.141504,0.2,-0.008643,0.19983,7.7e-05,camera_link,14.600001,gnm_closed_loop,,nominal,,True,ok,third_party/visualnav-transformer/model_weights/gnm/gnm.pth,12.8,0.3,-0.0086,0.8796,-0.0076,7.75,,,gnm_closed_loop,0.2,-0.008643,normalized_stop_ab_20260708,G,stop_authority_normalized_pred,normalized_pred_gate,,3,0.5,10.09,0.7681,False,hospital_fresh_medium_G,2.5293,True,0.3,-0.008643,0.2,-0.008643,True,armed,False,,True,shadow,results/bo_reviewer_packet/temporal_stop_head/22_temporal_stop_head_model.pt,0.123,0.0,False,0.5,,,2.536,False,,,True
normcmp_G_stopauth_20260708_153944,294,14.616667,1783521589.858718,1.526013,0.500035,-0.0,3.141503,0.2,-0.007866,0.199831,0.000547,camera_link,14.616667,gnm_closed_loop,,nominal,,True,ok,third_party/visualnav-transformer/model_weights/gnm/gnm.pth,12.9,0.3,-0.0079,0.8875,-0.007,7.67,,,gnm_closed_loop,0.2,-0.007866,normalized_stop_ab_20260708,G,stop_authority_normalized_pred,normalized_pred_gate,,3,0.5,10.09,0.7602,False,hospital_fresh_medium_G,2.526,True,0.3,-0.007866,0.2,-0.007866,True,armed,False,,True,shadow,results/bo_reviewer_packet/temporal_stop_head/22_temporal_stop_head_model.pt,0.119,0.0,False,0.5,,,2.526,False,,,True
normcmp_G_stopauth_20260708_153944,295,14.633334,1783521589.860964,1.522688,0.500036,-0.0,3.141503,0.2,-0.007866,0.199831,0.000547,camera_link,14.633334,gnm_closed_loop,,nominal,,True,ok,third_party/visualnav-transformer/model_weights/gnm/gnm.pth,12.9,0.3,-0.0079,0.8875,-0.007,7.67,,,gnm_closed_loop,0.2,-0.007866,normalized_stop_ab_20260708,G,stop_authority_normalized_pred,normalized_pred_gate,,3,0.5,10.09,0.7602,False,hospital_fresh_medium_G,2.5227,True,0.3,-0.007866,0.2,-0.007866,True,armed,False,,True,shadow,results/bo_reviewer_packet/temporal_stop_head/22_temporal_stop_head_model.pt,0.119,0.0,False,0.5,,,2.526,False,,,True
normcmp_G_stopauth_20260708_153944,296,14.650001,1783521589.862961,1.519364,0.500036,-0.0,3.141503,0.2,-0.007866,0.199831,0.000547,camera_link,14.650001,gnm_closed_loop,,nominal,,True,ok,third_party/visualnav-transformer/model_weights/gnm/gnm.pth,12.9,0.3,-0.0079,0.8875,-0.007,7.67,,,gnm_closed_loop,0.2,-0.007866,normalized_stop_ab_20260708,G,stop_authority_normalized_pred,normalized_pred_gate,,3,0.5,10.09,0.7602,False,hospital_fresh_medium_G,2.5194,True,0.3,-0.007866,0.2,-0.007866,True,armed,False,,True,shadow,results/bo_reviewer_packet/temporal_stop_head/22_temporal_stop_head_model.pt,0.119,0.0,False,0.5,,,2.526,False,,,True
normcmp_G_stopauth_20260708_153944,297,14.666667,1783521589.887865,1.516038,0.500036,-0.0,3.141502,0.2,-0.006827,0.199832,0.000668,camera_link,14.666667,gnm_closed_loop,,nominal,,True,ok,third_party/visualnav-transformer/model_weights/gnm/gnm.pth,14.03,0.3,-0.0068,0.8939,-0.0061,7.66,,,gnm_closed_loop,0.2,-0.006827,normalized_stop_ab_20260708,G,stop_authority_normalized_pred,normalized_pred_gate,,3,0.5,10.09,0.7592,False,hospital_fresh_medium_G,2.516,True,0.3,-0.006827,0.2,-0.006827,True,armed,False,,True,shadow,results/bo_reviewer_packet/temporal_stop_head/22_temporal_stop_head_model.pt,0.106,0.0,False,0.5,,,2.516,False,,,True
normcmp_G_stopauth_20260708_153944,298,14.683334,1783521589.890065,1.512714,0.500036,-0.0,3.141502,0.2,-0.006827,0.199832,0.000668,camera_link,14.683334,gnm_closed_loop,,nominal,,True,ok,third_party/visualnav-transformer/model_weights/gnm/gnm.pth,14.03,0.3,-0.0068,0.8939,-0.0061,7.66,,,gnm_closed_loop,0.2,-0.006827,normalized_stop_ab_20260708,G,stop_authority_normalized_pred,normalized_pred_gate,,3,0.5,10.09,0.7592,False,hospital_fresh_medium_G,2.5127,True,0.3,-0.006827,0.2,-0.006827,True,armed,False,,True,shadow,results/bo_reviewer_packet/temporal_stop_head/22_temporal_stop_head_model.pt,0.106,0.0,False,0.5,,,2.516,False,,,True
normcmp_G_stopauth_20260708_153944,299,14.700001,1783521589.892028,1.509389,0.500036,-0.0,3.141502,0.2,-0.006827,0.199832,0.000668,camera_link,14.700001,gnm_closed_loop,,nominal,,True,ok,third_party/visualnav-transformer/model_weights/gnm/gnm.pth,14.03,0.3,-0.0068,0.8939,-0.0061,7.66,,,gnm_closed_loop,0.2,-0.006827,normalized_stop_ab_20260708,G,stop_authority_normalized_pred,normalized_pred_gate,,3,0.5,10.09,0.7592,False,hospital_fresh_medium_G,2.5094,True,0.3,-0.006827,0.2,-0.006827,True,armed,False,,True,shadow,results/bo_reviewer_packet/temporal_stop_head/22_temporal_stop_head_model.pt,0.106,0.0,False,0.5,,,2.516,False,,,True
normcmp_G_stopauth_20260708_153944,300,14.716667,1783521589.914975,1.506065,0.500036,-0.0,3.141501,0.2,-0.006708,0.199813,0.000408,camera_link,14.716667,gnm_closed_loop,,nominal,,True,ok,third_party/visualnav-transformer/model_weights/gnm/gnm.pth,12.84,0.3,-0.0067,0.8985,-0.006,7.73,,,gnm_closed_loop,0.2,-0.006708,normalized_stop_ab_20260708,G,stop_authority_normalized_pred,normalized_pred_gate,,3,0.5,10.09,0.7661,False,hospital_fresh_medium_G,2.5061,True,0.3,-0.006708,0.2,-0.006708,True,armed,False,,True,shadow,results/bo_reviewer_packet/temporal_stop_head/22_temporal_stop_head_model.pt,0.132,0.0,False,0.5,,,2.5061,False,,,True
normcmp_G_stopauth_20260708_153944,301,14.733334,1783521589.917301,1.502741,0.500037,-0.0,3.141501,0.2,-0.006708,0.199813,0.000408,camera_link,14.733334,gnm_closed_loop,,nominal,,True,ok,third_party/visualnav-transformer/model_weights/gnm/gnm.pth,12.84,0.3,-0.0067,0.8985,-0.006,7.73,,,gnm_closed_loop,0.2,-0.006708,normalized_stop_ab_20260708,G,stop_authority_normalized_pred,normalized_pred_gate,,3,0.5,10.09,0.7661,False,hospital_fresh_medium_G,2.5027,True,0.3,-0.006708,0.2,-0.006708,True,armed,False,,True,shadow,results/bo_reviewer_packet/temporal_stop_head/22_temporal_stop_head_model.pt,0.132,0.0,False,0.5,,,2.5061,False,,,True
normcmp_G_stopauth_20260708_153944,302,14.750001,1783521589.919254,1.499416,0.500037,-0.0,3.141501,0.2,-0.006708,0.199813,0.000408,camera_link,14.750001,gnm_closed_loop,,nominal,,True,ok,third_party/visualnav-transformer/model_weights/gnm/gnm.pth,12.84,0.3,-0.0067,0.8985,-0.006,7.73,,,gnm_closed_loop,0.2,-0.006708,normalized_stop_ab_20260708,G,stop_authority_normalized_pred,normalized_pred_gate,,3,0.5,10.09,0.7661,False,hospital_fresh_medium_G,2.4994,True,0.3,-0.006708,0.2,-0.006708,True,armed,False,,True,shadow,results/bo_reviewer_packet/temporal_stop_head/22_temporal_stop_head_model.pt,0.132,0.0,False,0.5,,,2.5061,False,,,True
normcmp_G_stopauth_20260708_153944,303,14.766667,1783521589.94272,1.496092,0.500037,-0.0,3.141501,0.2,-0.007191,0.199835,0.000311,camera_link,14.766667,gnm_closed_loop,,nominal,,True,ok,third_party/visualnav-transformer/model_weights/gnm/gnm.pth,12.9,0.3,-0.0072,0.8955,-0.0064,7.77,,,gnm_closed_loop,0.2,-0.007191,normalized_stop_ab_20260708,G,stop_authority_normalized_pred,normalized_pred_gate,,3,0.5,10.09,0.7701,False,hospital_fresh_medium_G,2.4961,True,0.3,-0.007191,0.2,-0.007191,True,armed,False,,True,shadow,results/bo_reviewer_packet/temporal_stop_head/22_temporal_stop_head_model.pt,0.117,0.0,False,0.5,,,2.4961,False,,,True
normcmp_G_stopauth_20260708_153944,304,14.783334,1783521589.945243,1.492768,0.500038,-0.0,3.1415,0.2,-0.007191,0.199835,0.000311,camera_link,14.783334,gnm_closed_loop,,nominal,,True,ok,third_party/visualnav-transformer/model_weights/gnm/gnm.pth,12.9,0.3,-0.0072,0.8955,-0.0064,7.77,,,gnm_closed_loop,0.2,-0.007191,normalized_stop_ab_20260708,G,stop_authority_normalized_pred,normalized_pred_gate,,3,0.5,10.09,0.7701,False,hospital_fresh_medium_G,2.4928,True,0.3,-0.007191,0.2,-0.007191,True,armed,False,,True,shadow,results/bo_reviewer_packet/temporal_stop_head/22_temporal_stop_head_model.pt,0.117,0.0,False,0.5,,,2.4961,False,,,True
normcmp_G_stopauth_20260708_153944,305,14.800001,1783521589.947322,1.489443,0.500038,-0.0,3.1415,0.2,-0.007191,0.199835,0.000311,camera_link,14.800001,gnm_closed_loop,,nominal,,True,ok,third_party/visualnav-transformer/model_weights/gnm/gnm.pth,12.9,0.3,-0.0072,0.8955,-0.0064,7.77,,,gnm_closed_loop,0.2,-0.007191,normalized_stop_ab_20260708,G,stop_authority_normalized_pred,normalized_pred_gate,,3,0.5,10.09,0.7701,False,hospital_fresh_medium_G,2.4894,True,0.3,-0.007191,0.2,-0.007191,True,armed,False,,True,shadow,results/bo_reviewer_packet/temporal_stop_head/22_temporal_stop_head_model.pt,0.117,0.0,False,0.5,,,2.4961,False,,,True
normcmp_G_stopauth_20260708_153944,306,14.816667,1783521589.970461,1.486118,0.500038,-0.0,3.1415,0.2,-0.008413,0.199839,-2.7e-05,camera_link,14.816667,gnm_closed_loop,,nominal,,True,ok,third_party/visualnav-transformer/model_weights/gnm/gnm.pth,12.88,0.3,-0.0084,0.8858,-0.0075,7.84,,,gnm_closed_loop,0.2,-0.008413,normalized_stop_ab_20260708,G,stop_authority_normalized_pred,normalized_pred_gate,,3,0.5,10.09,0.777,False,hospital_fresh_medium_G,2.4861,True,0.3,-0.008413,0.2,-0.008413,True,armed,False,,True,shadow,results/bo_reviewer_packet/temporal_stop_head/22_temporal_stop_head_model.pt,0.117,0.0,False,0.5,,,2.4861,False,,,True
normcmp_G_stopauth_20260708_153944,307,14.833334,1783521589.973945,1.482794,0.500039,-0.0,3.1415,0.2,-0.008413,0.199839,-2.7e-05,camera_link,14.833334,gnm_closed_loop,,nominal,,True,ok,third_party/visualnav-transformer/model_weights/gnm/gnm.pth,12.88,0.3,-0.0084,0.8858,-0.0075,7.84,,,gnm_closed_loop,0.2,-0.008413,normalized_stop_ab_20260708,G,stop_authority_normalized_pred,normalized_pred_gate,,3,0.5,10.09,0.777,False,hospital_fresh_medium_G,2.4828,True,0.3,-0.008413,0.2,-0.008413,True,armed,False,,True,shadow,results/bo_reviewer_packet/temporal_stop_head/22_temporal_stop_head_model.pt,0.117,0.0,False,0.5,,,2.4861,False,,,True
normcmp_G_stopauth_20260708_153944,308,14.850001,1783521589.975931,1.47947,0.500039,-0.0,3.1415,0.2,-0.008413,0.199839,-2.7e-05,camera_link,14.850001,gnm_closed_loop,,nominal,,True,ok,third_party/visualnav-transformer/model_weights/gnm/gnm.pth,12.88,0.3,-0.0084,0.8858,-0.0075,7.84,,,gnm_closed_loop,0.2,-0.008413,normalized_stop_ab_20260708,G,stop_authority_normalized_pred,normalized_pred_gate,,3,0.5,10.09,0.777,False,hospital_fresh_medium_G,2.4795,True,0.3,-0.008413,0.2,-0.008413,True,armed,False,,True,shadow,results/bo_reviewer_packet/temporal_stop_head/22_temporal_stop_head_model.pt,0.117,0.0,False,0.5,,,2.4861,False,,,True
normcmp_G_stopauth_20260708_153944,309,14.866667,1783521589.999277,1.476145,0.500039,-0.0,3.141499,0.2,-0.008909,0.199819,0.000259,camera_link,14.866667,gnm_closed_loop,,nominal,,True,ok,third_party/visualnav-transformer/model_weights/gnm/gnm.pth,12.89,0.3,-0.0089,0.8835,-0.0079,7.83,,,gnm_closed_loop,0.2,-0.008909,normalized_stop_ab_20260708,G,stop_authority_normalized_pred,normalized_pred_gate,,3,0.5,10.09,0.776,False,hospital_fresh_medium_G,2.4761,True,0.3,-0.008909,0.2,-0.008909,True,armed,False,,True,shadow,results/bo_reviewer_packet/temporal_stop_head/22_temporal_stop_head_model.pt,0.119,0.0,False,0.5,,,2.4761,False,,,True
normcmp_G_stopauth_20260708_153944,310,14.883334,1783521590.002203,1.472821,0.50004,-0.0,3.141499,0.2,-0.008909,0.199819,0.000259,camera_link,14.883334,gnm_closed_loop,,nominal,,True,ok,third_party/visualnav-transformer/model_weights/gnm/gnm.pth,12.89,0.3,-0.0089,0.8835,-0.0079,7.83,,,gnm_closed_loop,0.2,-0.008909,normalized_stop_ab_20260708,G,stop_authority_normalized_pred,normalized_pred_gate,,3,0.5,10.09,0.776,False,hospital_fresh_medium_G,2.4728,True,0.3,-0.008909,0.2,-0.008909,True,armed,False,,True,shadow,results/bo_reviewer_packet/temporal_stop_head/22_temporal_stop_head_model.pt,0.119,0.0,False,0.5,,,2.4761,False,,,True
normcmp_G_stopauth_20260708_153944,311,14.900001,1783521590.004057,1.469496,0.50004,-0.0,3.141498,0.2,-0.008909,0.199819,0.000259,camera_link,14.900001,gnm_closed_loop,,nominal,,True,ok,third_party/visualnav-transformer/model_weights/gnm/gnm.pth,12.89,0.3,-0.0089,0.8835,-0.0079,7.83,,,gnm_closed_loop,0.2,-0.008909,normalized_stop_ab_20260708,G,stop_authority_normalized_pred,normalized_pred_gate,,3,0.5,10.09,0.776,False,hospital_fresh_medium_G,2.4695,True,0.3,-0.008909,0.2,-0.008909,True,armed,False,,True,shadow,results/bo_reviewer_packet/temporal_stop_head/22_temporal_stop_head_model.pt,0.119,0.0,False,0.5,,,2.4761,False,,,True
normcmp_G_stopauth_20260708_153944,312,14.916667,1783521590.026964,1.466172,0.50004,-0.0,3.141498,0.2,-0.00886,0.19983,9.7e-05,camera_link,14.916667,gnm_closed_loop,,nominal,,True,ok,third_party/visualnav-transformer/model_weights/gnm/gnm.pth,13.07,0.3,-0.0089,0.8799,-0.0078,7.9,,,gnm_closed_loop,0.2,-0.00886,normalized_stop_ab_20260708,G,stop_authority_normalized_pred,normalized_pred_gate,,3,0.5,10.09,0.783,False,hospital_fresh_medium_G,2.4662,True,0.3,-0.00886,0.2,-0.00886,True,armed,False,,True,shadow,results/bo_reviewer_packet/temporal_stop_head/22_temporal_stop_head_model.pt,0.111,0.0,False,0.5,,,2.4662,False,,,True
normcmp_G_stopauth_20260708_153944,313,14.933334,1783521590.029411,1.462847,0.500041,-0.0,3.141498,0.2,-0.00886,0.19983,9.7e-05,camera_link,14.933334,gnm_closed_loop,,nominal,,True,ok,third_party/visualnav-transformer/model_weights/gnm/gnm.pth,13.07,0.3,-0.0089,0.8799,-0.0078,7.9,,,gnm_closed_loop,0.2,-0.00886,normalized_stop_ab_20260708,G,stop_authority_normalized_pred,normalized_pred_gate,,3,0.5,10.09,0.783,False,hospital_fresh_medium_G,2.4628,True,0.3,-0.00886,0.2,-0.00886,True,armed,False,,True,shadow,results/bo_reviewer_packet/temporal_stop_head/22_temporal_stop_head_model.pt,0.111,0.0,False,0.5,,,2.4662,False,,,True
normcmp_G_stopauth_20260708_153944,314,14.950001,1783521590.031316,1.459523,0.500041,-0.0,3.141498,0.2,-0.00886,0.19983,9.7e-05,camera_link,14.950001,gnm_closed_loop,,nominal,,True,ok,third_party/visualnav-transformer/model_weights/gnm/gnm.pth,13.07,0.3,-0.0089,0.8799,-0.0078,7.9,,,gnm_closed_loop,0.2,-0.00886,normalized_stop_ab_20260708,G,stop_authority_normalized_pred,normalized_pred_gate,,3,0.5,10.09,0.783,False,hospital_fresh_medium_G,2.4595,True,0.3,-0.00886,0.2,-0.00886,True,armed,False,,True,shadow,results/bo_reviewer_packet/temporal_stop_head/22_temporal_stop_head_model.pt,0.111,0.0,False,0.5,,,2.4662,False,,,True
normcmp_G_stopauth_20260708_153944,315,14.966667,1783521590.057256,1.456198,0.500041,-0.0,3.141497,0.2,-0.008716,0.199831,0.0013,camera_link,14.966667,gnm_closed_loop,,nominal,,True,ok,third_party/visualnav-transformer/model_weights/gnm/gnm.pth,13.09,0.3,-0.0087,0.8763,-0.0076,7.9,,,gnm_closed_loop,0.2,-0.008716,normalized_stop_ab_20260708,G,stop_authority_normalized_pred,normalized_pred_gate,,3,0.5,10.09,0.783,False,hospital_fresh_medium_G,2.4562,True,0.3,-0.008716,0.2,-0.008716,True,armed,False,,True,shadow,results/bo_reviewer_packet/temporal_stop_head/22_temporal_stop_head_model.pt,0.11,0.0,False,0.5,,,2.4562,False,,,True
normcmp_G_stopauth_20260708_153944,316,14.983334,1783521590.059703,1.452874,0.500041,-0.0,3.141496,0.2,-0.008716,0.199831,0.0013,camera_link,14.983334,gnm_closed_loop,,nominal,,True,ok,third_party/visualnav-transformer/model_weights/gnm/gnm.pth,13.09,0.3,-0.0087,0.8763,-0.0076,7.9,,,gnm_closed_loop,0.2,-0.008716,normalized_stop_ab_20260708,G,stop_authority_normalized_pred,normalized_pred_gate,,3,0.5,10.09,0.783,False,hospital_fresh_medium_G,2.4529,True,0.3,-0.008716,0.2,-0.008716,True,armed,False,,True,shadow,results/bo_reviewer_packet/temporal_stop_head/22_temporal_stop_head_model.pt,0.11,0.0,False,0.5,,,2.4562,False,,,True
normcmp_G_stopauth_20260708_153944,317,15.000001,1783521590.061573,1.449549,0.500041,-0.0,3.141496,0.2,-0.008716,0.199831,0.0013,camera_link,15.000001,gnm_closed_loop,,nominal,,True,ok,third_party/visualnav-transformer/model_weights/gnm/gnm.pth,13.09,0.3,-0.0087,0.8763,-0.0076,7.9,,,gnm_closed_loop,0.2,-0.008716,normalized_stop_ab_20260708,G,stop_authority_normalized_pred,normalized_pred_gate,,3,0.5,10.09,0.783,False,hospital_fresh_medium_G,2.4495,True,0.3,-0.008716,0.2,-0.008716,True,armed,False,,True,shadow,results/bo_reviewer_packet/temporal_stop_head/22_temporal_stop_head_model.pt,0.11,0.0,False,0.5,,,2.4562,False,,,True
normcmp_G_stopauth_20260708_153944,318,15.016667,1783521590.084805,1.446225,0.500042,-0.0,3.141496,0.2,-0.008217,0.199835,2.7e-05,camera_link,15.016667,gnm_closed_loop,,nominal,,True,ok,third_party/visualnav-transformer/model_weights/gnm/gnm.pth,12.97,0.3,-0.0082,0.8722,-0.0072,7.8,,,gnm_closed_loop,0.2,-0.008217,normalized_stop_ab_20260708,G,stop_authority_normalized_pred,normalized_pred_gate,,3,0.5,10.09,0.773,False,hospital_fresh_medium_G,2.4462,True,0.3,-0.008217,0.2,-0.008217,True,armed,False,,True,shadow,results/bo_reviewer_packet/temporal_stop_head/22_temporal_stop_head_model.pt,0.105,0.0,False,0.5,,,2.4462,False,,,True
normcmp_G_stopauth_20260708_153944,319,15.033334,1783521590.086964,1.442901,0.500042,-0.0,3.141496,0.2,-0.008217,0.199835,2.7e-05,camera_link,15.033334,gnm_closed_loop,,nominal,,True,ok,third_party/visualnav-transformer/model_weights/gnm/gnm.pth,12.97,0.3,-0.0082,0.8722,-0.0072,7.8,,,gnm_closed_loop,0.2,-0.008217,normalized_stop_ab_20260708,G,stop_authority_normalized_pred,normalized_pred_gate,,3,0.5,10.09,0.773,False,hospital_fresh_medium_G,2.4429,True,0.3,-0.008217,0.2,-0.008217,True,armed,False,,True,shadow,results/bo_reviewer_packet/temporal_stop_head/22_temporal_stop_head_model.pt,0.105,0.0,False,0.5,,,2.4462,False,,,True
normcmp_G_stopauth_20260708_153944,320,15.050001,1783521590.088967,1.439576,0.500043,-0.0,3.141495,0.2,-0.008217,0.199835,2.7e-05,camera_link,15.050001,gnm_closed_loop,,nominal,,True,ok,third_party/visualnav-transformer/model_weights/gnm/gnm.pth,12.97,0.3,-0.0082,0.8722,-0.0072,7.8,,,gnm_closed_loop,0.2,-0.008217,normalized_stop_ab_20260708,G,stop_authority_normalized_pred,normalized_pred_gate,,3,0.5,10.09,0.773,False,hospital_fresh_medium_G,2.4396,True,0.3,-0.008217,0.2,-0.008217,True,armed,False,,True,shadow,results/bo_reviewer_packet/temporal_stop_head/22_temporal_stop_head_model.pt,0.105,0.0,False,0.5,,,2.4462,False,,,True
normcmp_G_stopauth_20260708_153944,321,15.066667,1783521590.113304,1.436252,0.500043,-0.0,3.141495,0.2,-0.007566,0.199835,0.000231,camera_link,15.066667,gnm_closed_loop,,nominal,,True,ok,third_party/visualnav-transformer/model_weights/gnm/gnm.pth,14.51,0.3,-0.0076,0.8694,-0.0066,7.7,,,gnm_closed_loop,0.2,-0.007566,normalized_stop_ab_20260708,G,stop_authority_normalized_pred,normalized_pred_gate,,3,0.5,10.09,0.7631,False,hospital_fresh_medium_G,2.4363,True,0.3,-0.007566,0.2,-0.007566,True,armed,False,,True,shadow,results/bo_reviewer_packet/temporal_stop_head/22_temporal_stop_head_model.pt,0.119,0.0,False,0.5,,,2.4363,False,,,True
normcmp_G_stopauth_20260708_153944,322,15.083334,1783521590.116082,1.432927,0.500043,-0.0,3.141495,0.2,-0.007566,0.199835,0.000231,camera_link,15.083334,gnm_closed_loop,,nominal,,True,ok,third_party/visualnav-transformer/model_weights/gnm/gnm.pth,14.51,0.3,-0.0076,0.8694,-0.0066,7.7,,,gnm_closed_loop,0.2,-0.007566,normalized_stop_ab_20260708,G,stop_authority_normalized_pred,normalized_pred_gate,,3,0.5,10.09,0.7631,False,hospital_fresh_medium_G,2.4329,True,0.3,-0.007566,0.2,-0.007566,True,armed,False,,True,shadow,results/bo_reviewer_packet/temporal_stop_head/22_temporal_stop_head_model.pt,0.119,0.0,False,0.5,,,2.4363,False,,,True
normcmp_G_stopauth_20260708_153944,323,15.100001,1783521590.118833,1.429603,0.500044,-0.0,3.141495,0.2,-0.007566,0.199835,0.000231,camera_link,15.100001,gnm_closed_loop,,nominal,,True,ok,third_party/visualnav-transformer/model_weights/gnm/gnm.pth,14.51,0.3,-0.0076,0.8694,-0.0066,7.7,,,gnm_closed_loop,0.2,-0.007566,normalized_stop_ab_20260708,G,stop_authority_normalized_pred,normalized_pred_gate,,3,0.5,10.09,0.7631,False,hospital_fresh_medium_G,2.4296,True,0.3,-0.007566,0.2,-0.007566,True,armed,False,,True,shadow,results/bo_reviewer_packet/temporal_stop_head/22_temporal_stop_head_model.pt,0.119,0.0,False,0.5,,,2.4363,False,,,True
normcmp_G_stopauth_20260708_153944,324,15.116667,1783521590.142657,1.426279,0.500044,-0.0,3.141495,0.2,-0.007119,0.199812,0.000742,camera_link,15.116667,gnm_closed_loop,,nominal,,True,ok,third_party/visualnav-transformer/model_weights/gnm/gnm.pth,12.81,0.3,-0.0071,0.8641,-0.0062,7.62,,,gnm_closed_loop,0.2,-0.007119,normalized_stop_ab_20260708,G,stop_authority_normalized_pred,normalized_pred_gate,,3,0.5,10.09,0.7552,False,hospital_fresh_medium_G,2.4263,True,0.3,-0.007119,0.2,-0.007119,True,armed,False,,True,shadow,results/bo_reviewer_packet/temporal_stop_head/22_temporal_stop_head_model.pt,0.112,0.0,False,0.5,,,2.4263,False,,,True
normcmp_G_stopauth_20260708_153944,325,15.133334,1783521590.145592,1.422954,0.500045,-0.0,3.141494,0.2,-0.007119,0.199812,0.000742,camera_link,15.133334,gnm_closed_loop,,nominal,,True,ok,third_party/visualnav-transformer/model_weights/gnm/gnm.pth,12.81,0.3,-0.0071,0.8641,-0.0062,7.62,,,gnm_closed_loop,0.2,-0.007119,normalized_stop_ab_20260708,G,stop_authority_normalized_pred,normalized_pred_gate,,3,0.5,10.09,0.7552,False,hospital_fresh_medium_G,2.423,True,0.3,-0.007119,0.2,-0.007119,True,armed,False,,True,shadow,results/bo_reviewer_packet/temporal_stop_head/22_temporal_stop_head_model.pt,0.112,0.0,False,0.5,,,2.4263,False,,,True
normcmp_G_stopauth_20260708_153944,326,15.150001,1783521590.148031,1.41963,0.500045,-0.0,3.141494,0.2,-0.007119,0.199812,0.000742,camera_link,15.150001,gnm_closed_loop,,nominal,,True,ok,third_party/visualnav-transformer/model_weights/gnm/gnm.pth,12.81,0.3,-0.0071,0.8641,-0.0062,7.62,,,gnm_closed_loop,0.2,-0.007119,normalized_stop_ab_20260708,G,stop_authority_normalized_pred,normalized_pred_gate,,3,0.5,10.09,0.7552,False,hospital_fresh_medium_G,2.4196,True,0.3,-0.007119,0.2,-0.007119,True,armed,False,,True,shadow,results/bo_reviewer_packet/temporal_stop_head/22_temporal_stop_head_model.pt,0.112,0.0,False,0.5,,,2.4263,False,,,True
normcmp_G_stopauth_20260708_153944,327,15.166667,1783521590.171214,1.416306,0.500046,-0.0,3.141494,0.2,-0.00663,0.199824,0.000333,camera_link,15.166667,gnm_closed_loop,,nominal,,True,ok,third_party/visualnav-transformer/model_weights/gnm/gnm.pth,12.77,0.3,-0.0066,0.8592,-0.0057,7.62,,,gnm_closed_loop,0.2,-0.00663,normalized_stop_ab_20260708,G,stop_authority_normalized_pred,normalized_pred_gate,,3,0.5,10.09,0.7552,False,hospital_fresh_medium_G,2.4163,True,0.3,-0.00663,0.2,-0.00663,True,armed,False,,True,shadow,results/bo_reviewer_packet/temporal_stop_head/22_temporal_stop_head_model.pt,0.146,0.0,False,0.5,,,2.4163,False,,,True
normcmp_G_stopauth_20260708_153944,328,15.183334,1783521590.173733,1.412981,0.500046,-0.0,3.141494,0.2,-0.00663,0.199824,0.000333,camera_link,15.183334,gnm_closed_loop,,nominal,,True,ok,third_party/visualnav-transformer/model_weights/gnm/gnm.pth,12.77,0.3,-0.0066,0.8592,-0.0057,7.62,,,gnm_closed_loop,0.2,-0.00663,normalized_stop_ab_20260708,G,stop_authority_normalized_pred,normalized_pred_gate,,3,0.5,10.09,0.7552,False,hospital_fresh_medium_G,2.413,True,0.3,-0.00663,0.2,-0.00663,True,armed,False,,True,shadow,results/bo_reviewer_packet/temporal_stop_head/22_temporal_stop_head_model.pt,0.146,0.0,False,0.5,,,2.4163,False,,,True
normcmp_G_stopauth_20260708_153944,329,15.200001,1783521590.175681,1.409657,0.500046,-0.0,3.141493,0.2,-0.00663,0.199824,0.000333,camera_link,15.200001,gnm_closed_loop,,nominal,,True,ok,third_party/visualnav-transformer/model_weights/gnm/gnm.pth,12.77,0.3,-0.0066,0.8592,-0.0057,7.62,,,gnm_closed_loop,0.2,-0.00663,normalized_stop_ab_20260708,G,stop_authority_normalized_pred,normalized_pred_gate,,3,0.5,10.09,0.7552,False,hospital_fresh_medium_G,2.4097,True,0.3,-0.00663,0.2,-0.00663,True,armed,False,,True,shadow,results/bo_reviewer_packet/temporal_stop_head/22_temporal_stop_head_model.pt,0.146,0.0,False,0.5,,,2.4163,False,,,True
normcmp_G_stopauth_20260708_153944,330,15.216667,1783521590.198648,1.406333,0.500047,-0.0,3.141493,0.2,-0.006444,0.199818,0.000522,camera_link,15.216667,gnm_closed_loop,,nominal,,True,ok,third_party/visualnav-transformer/model_weights/gnm/gnm.pth,13.0,0.3,-0.0064,0.8529,-0.0055,7.64,,,gnm_closed_loop,0.2,-0.006444,normalized_stop_ab_20260708,G,stop_authority_normalized_pred,normalized_pred_gate,,3,0.5,10.09,0.7572,False,hospital_fresh_medium_G,2.4063,True,0.3,-0.006444,0.2,-0.006444,True,armed,False,,True,shadow,results/bo_reviewer_packet/temporal_stop_head/22_temporal_stop_head_model.pt,0.119,0.0,False,0.5,,,2.4063,False,,,True
normcmp_G_stopauth_20260708_153944,331,15.233334,1783521590.200834,1.403008,0.500047,-0.0,3.141493,0.2,-0.006444,0.199818,0.000522,camera_link,15.233334,gnm_closed_loop,,nominal,,True,ok,third_party/visualnav-transformer/model_weights/gnm/gnm.pth,13.0,0.3,-0.0064,0.8529,-0.0055,7.64,,,gnm_closed_loop,0.2,-0.006444,normalized_stop_ab_20260708,G,stop_authority_normalized_pred,normalized_pred_gate,,3,0.5,10.09,0.7572,False,hospital_fresh_medium_G,2.403,True,0.3,-0.006444,0.2,-0.006444,True,armed,False,,True,shadow,results/bo_reviewer_packet/temporal_stop_head/22_temporal_stop_head_model.pt,0.119,0.0,False,0.5,,,2.4063,False,,,True
normcmp_G_stopauth_20260708_153944,332,15.250001,1783521590.203717,1.399684,0.500047,-0.0,3.141493,0.2,-0.006444,0.199818,0.000522,camera_link,15.250001,gnm_closed_loop,,nominal,,True,ok,third_party/visualnav-transformer/model_weights/gnm/gnm.pth,13.0,0.3,-0.0064,0.8529,-0.0055,7.64,,,gnm_closed_loop,0.2,-0.006444,normalized_stop_ab_20260708,G,stop_authority_normalized_pred,normalized_pred_gate,,3,0.5,10.09,0.7572,False,hospital_fresh_medium_G,2.3997,True,0.3,-0.006444,0.2,-0.006444,True,armed,False,,True,shadow,results/bo_reviewer_packet/temporal_stop_head/22_temporal_stop_head_model.pt,0.119,0.0,False,0.5,,,2.4063,False,,,True
normcmp_G_stopauth_20260708_153944,333,15.266667,1783521590.229106,1.39636,0.500048,-0.0,3.141493,0.2,-0.006113,0.199831,0.000298,camera_link,15.266667,gnm_closed_loop,,nominal,,True,ok,third_party/visualnav-transformer/model_weights/gnm/gnm.pth,13.26,0.3,-0.0061,0.8451,-0.0052,7.57,,,gnm_closed_loop,0.2,-0.006113,normalized_stop_ab_20260708,G,stop_authority_normalized_pred,normalized_pred_gate,,3,0.5,10.09,0.7502,False,hospital_fresh_medium_G,2.3964,True,0.3,-0.006113,0.2,-0.006113,True,armed,False,,True,shadow,results/bo_reviewer_packet/temporal_stop_head/22_temporal_stop_head_model.pt,0.128,0.0,False,0.5,,,2.3964,False,,,True
normcmp_G_stopauth_20260708_153944,334,15.283334,1783521590.231276,1.393035,0.500048,-0.0,3.141492,0.2,-0.006113,0.199831,0.000298,camera_link,15.283334,gnm_closed_loop,,nominal,,True,ok,third_party/visualnav-transformer/model_weights/gnm/gnm.pth,13.26,0.3,-0.0061,0.8451,-0.0052,7.57,,,gnm_closed_loop,0.2,-0.006113,normalized_stop_ab_20260708,G,stop_authority_normalized_pred,normalized_pred_gate,,3,0.5,10.09,0.7502,False,hospital_fresh_medium_G,2.393,True,0.3,-0.006113,0.2,-0.006113,True,armed,False,,True,shadow,results/bo_reviewer_packet/temporal_stop_head/22_temporal_stop_head_model.pt,0.128,0.0,False,0.5,,,2.3964,False,,,True
normcmp_G_stopauth_20260708_153944,335,15.300001,1783521590.233098,1.389711,0.500048,-0.0,3.141492,0.2,-0.006113,0.199831,0.000298,camera_link,15.300001,gnm_closed_loop,,nominal,,True,ok,third_party/visualnav-transformer/model_weights/gnm/gnm.pth,13.26,0.3,-0.0061,0.8451,-0.0052,7.57,,,gnm_closed_loop,0.2,-0.006113,normalized_stop_ab_20260708,G,stop_authority_normalized_pred,normalized_pred_gate,,3,0.5,10.09,0.7502,False,hospital_fresh_medium_G,2.3897,True,0.3,-0.006113,0.2,-0.006113,True,armed,False,,True,shadow,results/bo_reviewer_packet/temporal_stop_head/22_temporal_stop_head_model.pt,0.128,0.0,False,0.5,,,2.3964,False,,,True
normcmp_G_stopauth_20260708_153944,336,15.316667,1783521590.25626,1.386387,0.500049,-0.0,3.141492,0.2,-0.006,0.199829,-0.000238,camera_link,15.316667,gnm_closed_loop,,nominal,,True,ok,third_party/visualnav-transformer/model_weights/gnm/gnm.pth,12.93,0.3,-0.006,0.8364,-0.005,7.47,,,gnm_closed_loop,0.2,-0.006,normalized_stop_ab_20260708,G,stop_authority_normalized_pred,normalized_pred_gate,,3,0.5,10.09,0.7403,False,hospital_fresh_medium_G,2.3864,True,0.3,-0.006,0.2,-0.006,True,armed,False,,True,shadow,results/bo_reviewer_packet/temporal_stop_head/22_temporal_stop_head_model.pt,0.123,0.0,False,0.5,,,2.3864,False,,,True
normcmp_G_stopauth_20260708_153944,337,15.333334,1783521590.258776,1.383062,0.500049,-0.0,3.141492,0.2,-0.006,0.199829,-0.000238,camera_link,15.333334,gnm_closed_loop,,nominal,,True,ok,third_party/visualnav-transformer/model_weights/gnm/gnm.pth,12.93,0.3,-0.006,0.8364,-0.005,7.47,,,gnm_closed_loop,0.2,-0.006,normalized_stop_ab_20260708,G,stop_authority_normalized_pred,normalized_pred_gate,,3,0.5,10.09,0.7403,False,hospital_fresh_medium_G,2.3831,True,0.3,-0.006,0.2,-0.006,True,armed,False,,True,shadow,results/bo_reviewer_packet/temporal_stop_head/22_temporal_stop_head_model.pt,0.123,0.0,False,0.5,,,2.3864,False,,,True
normcmp_G_stopauth_20260708_153944,338,15.350001,1783521590.260595,1.379738,0.500049,-0.0,3.141492,0.2,-0.006,0.199829,-0.000238,camera_link,15.350001,gnm_closed_loop,,nominal,,True,ok,third_party/visualnav-transformer/model_weights/gnm/gnm.pth,12.93,0.3,-0.006,0.8364,-0.005,7.47,,,gnm_closed_loop,0.2,-0.006,normalized_stop_ab_20260708,G,stop_authority_normalized_pred,normalized_pred_gate,,3,0.5,10.09,0.7403,False,hospital_fresh_medium_G,2.3797,True,0.3,-0.006,0.2,-0.006,True,armed,False,,True,shadow,results/bo_reviewer_packet/temporal_stop_head/22_temporal_stop_head_model.pt,0.123,0.0,False,0.5,,,2.3864,False,,,True
normcmp_G_stopauth_20260708_153944,339,15.366667,1783521590.292768,1.376413,0.50005,-0.0,3.141491,0.2,-0.005477,0.199842,0.000231,camera_link,15.366667,gnm_closed_loop,,nominal,,True,ok,third_party/visualnav-transformer/model_weights/gnm/gnm.pth,19.79,0.3,-0.0055,0.8287,-0.0045,7.42,,,gnm_closed_loop,0.2,-0.005477,normalized_stop_ab_20260708,G,stop_authority_normalized_pred,normalized_pred_gate,,3,0.5,10.09,0.7354,False,hospital_fresh_medium_G,2.3764,True,0.3,-0.005477,0.2,-0.005477,True,armed,False,,True,shadow,results/bo_reviewer_packet/temporal_stop_head/22_temporal_stop_head_model.pt,0.114,0.0,False,0.5,,,2.3764,False,,,True
normcmp_G_stopauth_20260708_153944,340,15.383334,1783521590.295127,1.373089,0.50005,-0.0,3.141491,0.2,-0.005477,0.199842,0.000231,camera_link,15.383334,gnm_closed_loop,,nominal,,True,ok,third_party/visualnav-transformer/model_weights/gnm/gnm.pth,19.79,0.3,-0.0055,0.8287,-0.0045,7.42,,,gnm_closed_loop,0.2,-0.005477,normalized_stop_ab_20260708,G,stop_authority_normalized_pred,normalized_pred_gate,,3,0.5,10.09,0.7354,False,hospital_fresh_medium_G,2.3731,True,0.3,-0.005477,0.2,-0.005477,True,armed,False,,True,shadow,results/bo_reviewer_packet/temporal_stop_head/22_temporal_stop_head_model.pt,0.114,0.0,False,0.5,,,2.3764,False,,,True
normcmp_G_stopauth_20260708_153944,341,15.400001,1783521590.297091,1.369764,0.500051,-0.0,3.141491,0.2,-0.005477,0.199842,0.000231,camera_link,15.400001,gnm_closed_loop,,nominal,,True,ok,third_party/visualnav-transformer/model_weights/gnm/gnm.pth,19.79,0.3,-0.0055,0.8287,-0.0045,7.42,,,gnm_closed_loop,0.2,-0.005477,normalized_stop_ab_20260708,G,stop_authority_normalized_pred,normalized_pred_gate,,3,0.5,10.09,0.7354,False,hospital_fresh_medium_G,2.3698,True,0.3,-0.005477,0.2,-0.005477,True,armed,False,,True,shadow,results/bo_reviewer_packet/temporal_stop_head/22_temporal_stop_head_model.pt,0.114,0.0,False,0.5,,,2.3764,False,,,True
normcmp_G_stopauth_20260708_153944,342,15.416667,1783521590.321928,1.36644,0.500051,-0.0,3.141491,0.2,-0.005233,0.199831,0.000226,camera_link,15.416667,gnm_closed_loop,,nominal,,True,ok,third_party/visualnav-transformer/model_weights/gnm/gnm.pth,13.67,0.3,-0.0052,0.8196,-0.0043,7.31,,,gnm_closed_loop,0.2,-0.005233,normalized_stop_ab_20260708,G,stop_authority_normalized_pred,normalized_pred_gate,,3,0.5,10.09,0.7245,False,hospital_fresh_medium_G,2.3664,True,0.3,-0.005233,0.2,-0.005233,True,armed,False,,True,shadow,results/bo_reviewer_packet/temporal_stop_head/22_temporal_stop_head_model.pt,0.11,0.0,False,0.5,,,2.3664,False,,,True
normcmp_G_stopauth_20260708_153944,343,15.433334,1783521590.324322,1.363115,0.500052,-0.0,3.141491,0.2,-0.005233,0.199831,0.000226,camera_link,15.433334,gnm_closed_loop,,nominal,,True,ok,third_party/visualnav-transformer/model_weights/gnm/gnm.pth,13.67,0.3,-0.0052,0.8196,-0.0043,7.31,,,gnm_closed_loop,0.2,-0.005233,normalized_stop_ab_20260708,G,stop_authority_normalized_pred,normalized_pred_gate,,3,0.5,10.09,0.7245,False,hospital_fresh_medium_G,2.3631,True,0.3,-0.005233,0.2,-0.005233,True,armed,False,,True,shadow,results/bo_reviewer_packet/temporal_stop_head/22_temporal_stop_head_model.pt,0.11,0.0,False,0.5,,,2.3664,False,,,True
normcmp_G_stopauth_20260708_153944,344,15.450001,1783521590.327269,1.359791,0.500052,-0.0,3.141491,0.2,-0.005233,0.199831,0.000226,camera_link,15.450001,gnm_closed_loop,,nominal,,True,ok,third_party/visualnav-transformer/model_weights/gnm/gnm.pth,13.67,0.3,-0.0052,0.8196,-0.0043,7.31,,,gnm_closed_loop,0.2,-0.005233,normalized_stop_ab_20260708,G,stop_authority_normalized_pred,normalized_pred_gate,,3,0.5,10.09,0.7245,False,hospital_fresh_medium_G,2.3598,True,0.3,-0.005233,0.2,-0.005233,True,armed,False,,True,shadow,results/bo_reviewer_packet/temporal_stop_head/22_temporal_stop_head_model.pt,0.11,0.0,False,0.5,,,2.3664,False,,,True
normcmp_G_stopauth_20260708_153944,345,15.466667,1783521590.35274,1.356466,0.500052,-0.0,3.141491,0.2,-0.005022,0.199822,0.000314,camera_link,15.466667,gnm_closed_loop,,nominal,,True,ok,third_party/visualnav-transformer/model_weights/gnm/gnm.pth,13.66,0.3,-0.005,0.8168,-0.0041,7.29,,,gnm_closed_loop,0.2,-0.005022,normalized_stop_ab_20260708,G,stop_authority_normalized_pred,normalized_pred_gate,,3,0.5,10.09,0.7225,False,hospital_fresh_medium_G,2.3565,True,0.3,-0.005022,0.2,-0.005022,True,armed,False,,True,shadow,results/bo_reviewer_packet/temporal_stop_head/22_temporal_stop_head_model.pt,0.118,0.0,False,0.5,,,2.3565,False,,,True
normcmp_G_stopauth_20260708_153944,346,15.483334,1783521590.355136,1.353142,0.500053,-0.0,3.141491,0.2,-0.005022,0.199822,0.000314,camera_link,15.483334,gnm_closed_loop,,nominal,,True,ok,third_party/visualnav-transformer/model_weights/gnm/gnm.pth,13.66,0.3,-0.005,0.8168,-0.0041,7.29,,,gnm_closed_loop,0.2,-0.005022,normalized_stop_ab_20260708,G,stop_authority_normalized_pred,normalized_pred_gate,,3,0.5,10.09,0.7225,False,hospital_fresh_medium_G,2.3531,True,0.3,-0.005022,0.2,-0.005022,True,armed,False,,True,shadow,results/bo_reviewer_packet/temporal_stop_head/22_temporal_stop_head_model.pt,0.118,0.0,False,0.5,,,2.3565,False,,,True
normcmp_G_stopauth_20260708_153944,347,15.500001,1783521590.357005,1.349817,0.500053,-0.0,3.14149,0.2,-0.005022,0.199822,0.000314,camera_link,15.500001,gnm_closed_loop,,nominal,,True,ok,third_party/visualnav-transformer/model_weights/gnm/gnm.pth,13.66,0.3,-0.005,0.8168,-0.0041,7.29,,,gnm_closed_loop,0.2,-0.005022,normalized_stop_ab_20260708,G,stop_authority_normalized_pred,normalized_pred_gate,,3,0.5,10.09,0.7225,False,hospital_fresh_medium_G,2.3498,True,0.3,-0.005022,0.2,-0.005022,True,armed,False,,True,shadow,results/bo_reviewer_packet/temporal_stop_head/22_temporal_stop_head_model.pt,0.118,0.0,False,0.5,,,2.3565,False,,,True
normcmp_G_stopauth_20260708_153944,348,15.516667,1783521590.383495,1.346492,0.500053,-0.0,3.14149,0.2,-0.004942,0.199816,0.0003,camera_link,15.516667,gnm_closed_loop,,nominal,,True,ok,third_party/visualnav-transformer/model_weights/gnm/gnm.pth,15.57,0.3,-0.0049,0.8107,-0.004,7.24,,,gnm_closed_loop,0.2,-0.004942,normalized_stop_ab_20260708,G,stop_authority_normalized_pred,normalized_pred_gate,,3,0.5,10.09,0.7175,False,hospital_fresh_medium_G,2.3465,True,0.3,-0.004942,0.2,-0.004942,True,armed,False,,True,shadow,results/bo_reviewer_packet/temporal_stop_head/22_temporal_stop_head_model.pt,0.151,0.0,False,0.5,,,2.3465,False,,,True
normcmp_G_stopauth_20260708_153944,349,15.533334,1783521590.386366,1.343168,0.500054,-0.0,3.14149,0.2,-0.004942,0.199816,0.0003,camera_link,15.533334,gnm_closed_loop,,nominal,,True,ok,third_party/visualnav-transformer/model_weights/gnm/gnm.pth,15.57,0.3,-0.0049,0.8107,-0.004,7.24,,,gnm_closed_loop,0.2,-0.004942,normalized_stop_ab_20260708,G,stop_authority_normalized_pred,normalized_pred_gate,,3,0.5,10.09,0.7175,False,hospital_fresh_medium_G,2.3432,True,0.3,-0.004942,0.2,-0.004942,True,armed,False,,True,shadow,results/bo_reviewer_packet/temporal_stop_head/22_temporal_stop_head_model.pt,0.151,0.0,False,0.5,,,2.3465,False,,,True
normcmp_G_stopauth_20260708_153944,350,15.550001,1783521590.38832,1.339843,0.500054,-0.0,3.14149,0.2,-0.004942,0.199816,0.0003,camera_link,15.550001,gnm_closed_loop,,nominal,,True,ok,third_party/visualnav-transformer/model_weights/gnm/gnm.pth,15.57,0.3,-0.0049,0.8107,-0.004,7.24,,,gnm_closed_loop,0.2,-0.004942,normalized_stop_ab_20260708,G,stop_authority_normalized_pred,normalized_pred_gate,,3,0.5,10.09,0.7175,False,hospital_fresh_medium_G,2.3398,True,0.3,-0.004942,0.2,-0.004942,True,armed,False,,True,shadow,results/bo_reviewer_packet/temporal_stop_head/22_temporal_stop_head_model.pt,0.151,0.0,False,0.5,,,2.3465,False,,,True
normcmp_G_stopauth_20260708_153944,351,15.566667,1783521590.412876,1.336519,0.500055,-0.0,3.14149,0.2,-0.004723,0.199812,4e-06,camera_link,15.566667,gnm_closed_loop,,nominal,,True,ok,third_party/visualnav-transformer/model_weights/gnm/gnm.pth,13.5,0.3,-0.0047,0.8082,-0.0038,7.22,,,gnm_closed_loop,0.2,-0.004723,normalized_stop_ab_20260708,G,stop_authority_normalized_pred,normalized_pred_gate,,3,0.5,10.09,0.7156,False,hospital_fresh_medium_G,2.3365,True,0.3,-0.004723,0.2,-0.004723,True,armed,False,,True,shadow,results/bo_reviewer_packet/temporal_stop_head/22_temporal_stop_head_model.pt,0.117,0.0,False,0.5,,,2.3365,False,,,True
normcmp_G_stopauth_20260708_153944,352,15.583334,1783521590.415397,1.333194,0.500055,-0.0,3.14149,0.2,-0.004723,0.199812,4e-06,camera_link,15.583334,gnm_closed_loop,,nominal,,True,ok,third_party/visualnav-transformer/model_weights/gnm/gnm.pth,13.5,0.3,-0.0047,0.8082,-0.0038,7.22,,,gnm_closed_loop,0.2,-0.004723,normalized_stop_ab_20260708,G,stop_authority_normalized_pred,normalized_pred_gate,,3,0.5,10.09,0.7156,False,hospital_fresh_medium_G,2.3332,True,0.3,-0.004723,0.2,-0.004723,True,armed,False,,True,shadow,results/bo_reviewer_packet/temporal_stop_head/22_temporal_stop_head_model.pt,0.117,0.0,False,0.5,,,2.3365,False,,,True
normcmp_G_stopauth_20260708_153944,353,15.600001,1783521590.417661,1.32987,0.500055,-0.0,3.141489,0.2,-0.004723,0.199812,4e-06,camera_link,15.600001,gnm_closed_loop,,nominal,,True,ok,third_party/visualnav-transformer/model_weights/gnm/gnm.pth,13.5,0.3,-0.0047,0.8082,-0.0038,7.22,,,gnm_closed_loop,0.2,-0.004723,normalized_stop_ab_20260708,G,stop_authority_normalized_pred,normalized_pred_gate,,3,0.5,10.09,0.7156,False,hospital_fresh_medium_G,2.3299,True,0.3,-0.004723,0.2,-0.004723,True,armed,False,,True,shadow,results/bo_reviewer_packet/temporal_stop_head/22_temporal_stop_head_model.pt,0.117,0.0,False,0.5,,,2.3365,False,,,True
normcmp_G_stopauth_20260708_153944,354,15.616667,1783521590.44609,1.326545,0.500056,-0.0,3.141489,0.2,-0.004812,0.199838,4.4e-05,camera_link,15.616667,gnm_closed_loop,,nominal,,True,ok,third_party/visualnav-transformer/model_weights/gnm/gnm.pth,13.6,0.3,-0.0048,0.8065,-0.0039,7.21,,,gnm_closed_loop,0.2,-0.004812,normalized_stop_ab_20260708,G,stop_authority_normalized_pred,normalized_pred_gate,,3,0.5,10.09,0.7146,False,hospital_fresh_medium_G,2.3265,True,0.3,-0.004812,0.2,-0.004812,True,armed,False,,True,shadow,results/bo_reviewer_packet/temporal_stop_head/22_temporal_stop_head_model.pt,0.125,0.0,False,0.5,,,2.3265,False,,,True
normcmp_G_stopauth_20260708_153944,355,15.633334,1783521590.448606,1.32322,0.500056,-0.0,3.141489,0.2,-0.004812,0.199838,4.4e-05,camera_link,15.633334,gnm_closed_loop,,nominal,,True,ok,third_party/visualnav-transformer/model_weights/gnm/gnm.pth,13.6,0.3,-0.0048,0.8065,-0.0039,7.21,,,gnm_closed_loop,0.2,-0.004812,normalized_stop_ab_20260708,G,stop_authority_normalized_pred,normalized_pred_gate,,3,0.5,10.09,0.7146,False,hospital_fresh_medium_G,2.3232,True,0.3,-0.004812,0.2,-0.004812,True,armed,False,,True,shadow,results/bo_reviewer_packet/temporal_stop_head/22_temporal_stop_head_model.pt,0.125,0.0,False,0.5,,,2.3265,False,,,True
normcmp_G_stopauth_20260708_153944,356,15.650001,1783521590.451274,1.319896,0.500056,-0.0,3.141489,0.2,-0.004812,0.199838,4.4e-05,camera_link,15.650001,gnm_closed_loop,,nominal,,True,ok,third_party/visualnav-transformer/model_weights/gnm/gnm.pth,13.6,0.3,-0.0048,0.8065,-0.0039,7.21,,,gnm_closed_loop,0.2,-0.004812,normalized_stop_ab_20260708,G,stop_authority_normalized_pred,normalized_pred_gate,,3,0.5,10.09,0.7146,False,hospital_fresh_medium_G,2.3199,True,0.3,-0.004812,0.2,-0.004812,True,armed,False,,True,shadow,results/bo_reviewer_packet/temporal_stop_head/22_temporal_stop_head_model.pt,0.125,0.0,False,0.5,,,2.3265,False,,,True
normcmp_G_stopauth_20260708_153944,357,15.666667,1783521590.474599,1.316571,0.500057,-0.0,3.141489,0.2,-0.004317,0.199835,0.000157,camera_link,15.666667,gnm_closed_loop,,nominal,,True,ok,third_party/visualnav-transformer/model_weights/gnm/gnm.pth,12.97,0.3,-0.0043,0.8123,-0.0035,7.23,,,gnm_closed_loop,0.2,-0.004317,normalized_stop_ab_20260708,G,stop_authority_normalized_pred,normalized_pred_gate,,3,0.5,10.09,0.7166,False,hospital_fresh_medium_G,2.3166,True,0.3,-0.004317,0.2,-0.004317,True,armed,False,,True,shadow,results/bo_reviewer_packet/temporal_stop_head/22_temporal_stop_head_model.pt,0.114,0.0,False,0.5,,,2.3166,False,,,True
normcmp_G_stopauth_20260708_153944,358,15.683334,1783521590.477083,1.313247,0.500057,-0.0,3.141489,0.2,-0.004317,0.199835,0.000157,camera_link,15.683334,gnm_closed_loop,,nominal,,True,ok,third_party/visualnav-transformer/model_weights/gnm/gnm.pth,12.97,0.3,-0.0043,0.8123,-0.0035,7.23,,,gnm_closed_loop,0.2,-0.004317,normalized_stop_ab_20260708,G,stop_authority_normalized_pred,normalized_pred_gate,,3,0.5,10.09,0.7166,False,hospital_fresh_medium_G,2.3132,True,0.3,-0.004317,0.2,-0.004317,True,armed,False,,True,shadow,results/bo_reviewer_packet/temporal_stop_head/22_temporal_stop_head_model.pt,0.114,0.0,False,0.5,,,2.3166,False,,,True
normcmp_G_stopauth_20260708_153944,359,15.700001,1783521590.479252,1.309922,0.500057,-0.0,3.141489,0.2,-0.004317,0.199835,0.000157,camera_link,15.700001,gnm_closed_loop,,nominal,,True,ok,third_party/visualnav-transformer/model_weights/gnm/gnm.pth,12.97,0.3,-0.0043,0.8123,-0.0035,7.23,,,gnm_closed_loop,0.2,-0.004317,normalized_stop_ab_20260708,G,stop_authority_normalized_pred,normalized_pred_gate,,3,0.5,10.09,0.7166,False,hospital_fresh_medium_G,2.3099,True,0.3,-0.004317,0.2,-0.004317,True,armed,False,,True,shadow,results/bo_reviewer_packet/temporal_stop_head/22_temporal_stop_head_model.pt,0.114,0.0,False,0.5,,,2.3166,False,,,True
normcmp_G_stopauth_20260708_153944,360,15.716667,1783521590.50222,1.306598,0.500057,-0.0,3.141488,0.2,-0.003267,0.199799,0.0003,camera_link,15.716667,gnm_closed_loop,,nominal,,True,ok,third_party/visualnav-transformer/model_weights/gnm/gnm.pth,12.94,0.3,-0.0033,0.8169,-0.0027,7.13,,,gnm_closed_loop,0.2,-0.003267,normalized_stop_ab_20260708,G,stop_authority_normalized_pred,normalized_pred_gate,,3,0.5,10.09,0.7066,False,hospital_fresh_medium_G,2.3066,True,0.3,-0.003267,0.2,-0.003267,True,armed,False,,True,shadow,results/bo_reviewer_packet/temporal_stop_head/22_temporal_stop_head_model.pt,0.111,0.0,False,0.5,,,2.3066,False,,,True
normcmp_G_stopauth_20260708_153944,361,15.733334,1783521590.504564,1.303273,0.500058,-0.0,3.141488,0.2,-0.003267,0.199799,0.0003,camera_link,15.733334,gnm_closed_loop,,nominal,,True,ok,third_party/visualnav-transformer/model_weights/gnm/gnm.pth,12.94,0.3,-0.0033,0.8169,-0.0027,7.13,,,gnm_closed_loop,0.2,-0.003267,normalized_stop_ab_20260708,G,stop_authority_normalized_pred,normalized_pred_gate,,3,0.5,10.09,0.7066,False,hospital_fresh_medium_G,2.3033,True,0.3,-0.003267,0.2,-0.003267,True,armed,False,,True,shadow,results/bo_reviewer_packet/temporal_stop_head/22_temporal_stop_head_model.pt,0.111,0.0,False,0.5,,,2.3066,False,,,True
normcmp_G_stopauth_20260708_153944,362,15.750001,1783521590.506428,1.299949,0.500058,-0.0,3.141488,0.2,-0.003267,0.199799,0.0003,camera_link,15.750001,gnm_closed_loop,,nominal,,True,ok,third_party/visualnav-transformer/model_weights/gnm/gnm.pth,12.94,0.3,-0.0033,0.8169,-0.0027,7.13,,,gnm_closed_loop,0.2,-0.003267,normalized_stop_ab_20260708,G,stop_authority_normalized_pred,normalized_pred_gate,,3,0.5,10.09,0.7066,False,hospital_fresh_medium_G,2.2999,True,0.3,-0.003267,0.2,-0.003267,True,armed,False,,True,shadow,results/bo_reviewer_packet/temporal_stop_head/22_temporal_stop_head_model.pt,0.111,0.0,False,0.5,,,2.3066,False,,,True
normcmp_G_stopauth_20260708_153944,363,15.766667,1783521590.529716,1.296624,0.500058,-0.0,3.141488,0.2,-0.002895,0.19982,0.000258,camera_link,15.766667,gnm_closed_loop,,nominal,,True,ok,third_party/visualnav-transformer/model_weights/gnm/gnm.pth,13.08,0.3,-0.0029,0.8233,-0.0024,7.07,,,gnm_closed_loop,0.2,-0.002895,normalized_stop_ab_20260708,G,stop_authority_normalized_pred,normalized_pred_gate,,3,0.5,10.09,0.7007,False,hospital_fresh_medium_G,2.2966,True,0.3,-0.002895,0.2,-0.002895,True,armed,False,,True,shadow,results/bo_reviewer_packet/temporal_stop_head/22_temporal_stop_head_model.pt,0.116,0.0,False,0.5,,,2.2966,False,,,True
normcmp_G_stopauth_20260708_153944,364,15.783334,1783521590.533323,1.293299,0.500059,-0.0,3.141488,0.2,-0.002895,0.19982,0.000258,camera_link,15.783334,gnm_closed_loop,,nominal,,True,ok,third_party/visualnav-transformer/model_weights/gnm/gnm.pth,13.08,0.3,-0.0029,0.8233,-0.0024,7.07,,,gnm_closed_loop,0.2,-0.002895,normalized_stop_ab_20260708,G,stop_authority_normalized_pred,normalized_pred_gate,,3,0.5,10.09,0.7007,False,hospital_fresh_medium_G,2.2933,True,0.3,-0.002895,0.2,-0.002895,True,armed,False,,True,shadow,results/bo_reviewer_packet/temporal_stop_head/22_temporal_stop_head_model.pt,0.116,0.0,False,0.5,,,2.2966,False,,,True
normcmp_G_stopauth_20260708_153944,365,15.800001,1783521590.535286,1.289975,0.500059,-0.0,3.141488,0.2,-0.002895,0.19982,0.000258,camera_link,15.800001,gnm_closed_loop,,nominal,,True,ok,third_party/visualnav-transformer/model_weights/gnm/gnm.pth,13.08,0.3,-0.0029,0.8233,-0.0024,7.07,,,gnm_closed_loop,0.2,-0.002895,normalized_stop_ab_20260708,G,stop_authority_normalized_pred,normalized_pred_gate,,3,0.5,10.09,0.7007,False,hospital_fresh_medium_G,2.29,True,0.3,-0.002895,0.2,-0.002895,True,armed,False,,True,shadow,results/bo_reviewer_packet/temporal_stop_head/22_temporal_stop_head_model.pt,0.116,0.0,False,0.5,,,2.2966,False,,,True
normcmp_G_stopauth_20260708_153944,366,15.816667,1783521590.560821,1.28665,0.500059,-0.0,3.141488,0.2,-0.002917,0.199842,-0.00011,camera_link,15.816667,gnm_closed_loop,,nominal,,True,ok,third_party/visualnav-transformer/model_weights/gnm/gnm.pth,14.22,0.3,-0.0029,0.8248,-0.0024,7.01,,,gnm_closed_loop,0.2,-0.002917,normalized_stop_ab_20260708,G,stop_authority_normalized_pred,normalized_pred_gate,,3,0.5,10.09,0.6947,False,hospital_fresh_medium_G,2.2867,True,0.3,-0.002917,0.2,-0.002917,True,armed,False,,True,shadow,results/bo_reviewer_packet/temporal_stop_head/22_temporal_stop_head_model.pt,0.11,0.0,False,0.5,,,2.2867,False,,,True
normcmp_G_stopauth_20260708_153944,367,15.833334,1783521590.563411,1.283325,0.50006,-0.0,3.141488,0.2,-0.002917,0.199842,-0.00011,camera_link,15.833334,gnm_closed_loop,,nominal,,True,ok,third_party/visualnav-transformer/model_weights/gnm/gnm.pth,14.22,0.3,-0.0029,0.8248,-0.0024,7.01,,,gnm_closed_loop,0.2,-0.002917,normalized_stop_ab_20260708,G,stop_authority_normalized_pred,normalized_pred_gate,,3,0.5,10.09,0.6947,False,hospital_fresh_medium_G,2.2833,True,0.3,-0.002917,0.2,-0.002917,True,armed,False,,True,shadow,results/bo_reviewer_packet/temporal_stop_head/22_temporal_stop_head_model.pt,0.11,0.0,False,0.5,,,2.2867,False,,,True
normcmp_G_stopauth_20260708_153944,368,15.850001,1783521590.565331,1.280001,0.50006,-0.0,3.141488,0.2,-0.002917,0.199842,-0.00011,camera_link,15.850001,gnm_closed_loop,,nominal,,True,ok,third_party/visualnav-transformer/model_weights/gnm/gnm.pth,14.22,0.3,-0.0029,0.8248,-0.0024,7.01,,,gnm_closed_loop,0.2,-0.002917,normalized_stop_ab_20260708,G,stop_authority_normalized_pred,normalized_pred_gate,,3,0.5,10.09,0.6947,False,hospital_fresh_medium_G,2.28,True,0.3,-0.002917,0.2,-0.002917,True,armed,False,,True,shadow,results/bo_reviewer_packet/temporal_stop_head/22_temporal_stop_head_model.pt,0.11,0.0,False,0.5,,,2.2867,False,,,True
normcmp_G_stopauth_20260708_153944,369,15.866667,1783521590.588803,1.276676,0.50006,-0.0,3.141488,0.2,-0.00331,0.199817,-0.000369,camera_link,15.866667,gnm_closed_loop,,nominal,,True,ok,third_party/visualnav-transformer/model_weights/gnm/gnm.pth,12.9,0.3,-0.0033,0.8259,-0.0027,6.98,,,gnm_closed_loop,0.2,-0.00331,normalized_stop_ab_20260708,G,stop_authority_normalized_pred,normalized_pred_gate,,3,0.5,10.09,0.6918,False,hospital_fresh_medium_G,2.2767,True,0.3,-0.00331,0.2,-0.00331,True,armed,False,,True,shadow,results/bo_reviewer_packet/temporal_stop_head/22_temporal_stop_head_model.pt,0.118,0.0,False,0.5,,,2.2767,False,,,True
normcmp_G_stopauth_20260708_153944,370,15.883334,1783521590.591141,1.273352,0.500061,-0.0,3.141488,0.2,-0.00331,0.199817,-0.000369,camera_link,15.883334,gnm_closed_loop,,nominal,,True,ok,third_party/visualnav-transformer/model_weights/gnm/gnm.pth,12.9,0.3,-0.0033,0.8259,-0.0027,6.98,,,gnm_closed_loop,0.2,-0.00331,normalized_stop_ab_20260708,G,stop_authority_normalized_pred,normalized_pred_gate,,3,0.5,10.09,0.6918,False,hospital_fresh_medium_G,2.2734,True,0.3,-0.00331,0.2,-0.00331,True,armed,False,,True,shadow,results/bo_reviewer_packet/temporal_stop_head/22_temporal_stop_head_model.pt,0.118,0.0,False,0.5,,,2.2767,False,,,True
normcmp_G_stopauth_20260708_153944,371,15.900001,1783521590.593012,1.270027,0.500061,-0.0,3.141489,0.2,-0.00331,0.199817,-0.000369,camera_link,15.900001,gnm_closed_loop,,nominal,,True,ok,third_party/visualnav-transformer/model_weights/gnm/gnm.pth,12.9,0.3,-0.0033,0.8259,-0.0027,6.98,,,gnm_closed_loop,0.2,-0.00331,normalized_stop_ab_20260708,G,stop_authority_normalized_pred,normalized_pred_gate,,3,0.5,10.09,0.6918,False,hospital_fresh_medium_G,2.27,True,0.3,-0.00331,0.2,-0.00331,True,armed,False,,True,shadow,results/bo_reviewer_packet/temporal_stop_head/22_temporal_stop_head_model.pt,0.118,0.0,False,0.5,,,2.2767,False,,,True
normcmp_G_stopauth_20260708_153944,372,15.916667,1783521590.616478,1.266702,0.500062,-0.0,3.141488,0.2,-0.003787,0.199841,-1.2e-05,camera_link,15.916667,gnm_closed_loop,,nominal,,True,ok,third_party/visualnav-transformer/model_weights/gnm/gnm.pth,13.15,0.3,-0.0038,0.8213,-0.0031,6.99,,,gnm_closed_loop,0.2,-0.003787,normalized_stop_ab_20260708,G,stop_authority_normalized_pred,normalized_pred_gate,,3,0.5,10.09,0.6928,False,hospital_fresh_medium_G,2.2667,True,0.3,-0.003787,0.2,-0.003787,True,armed,False,,True,shadow,results/bo_reviewer_packet/temporal_stop_head/22_temporal_stop_head_model.pt,0.106,0.0,False,0.5,,,2.2667,False,,,True
normcmp_G_stopauth_20260708_153944,373,15.933334,1783521590.618897,1.263378,0.500062,-0.0,3.141488,0.2,-0.003787,0.199841,-1.2e-05,camera_link,15.933334,gnm_closed_loop,,nominal,,True,ok,third_party/visualnav-transformer/model_weights/gnm/gnm.pth,13.15,0.3,-0.0038,0.8213,-0.0031,6.99,,,gnm_closed_loop,0.2,-0.003787,normalized_stop_ab_20260708,G,stop_authority_normalized_pred,normalized_pred_gate,,3,0.5,10.09,0.6928,False,hospital_fresh_medium_G,2.2634,True,0.3,-0.003787,0.2,-0.003787,True,armed,False,,True,shadow,results/bo_reviewer_packet/temporal_stop_head/22_temporal_stop_head_model.pt,0.106,0.0,False,0.5,,,2.2667,False,,,True
normcmp_G_stopauth_20260708_153944,374,15.950001,1783521590.620973,1.260053,0.500063,-0.0,3.141488,0.2,-0.003787,0.199841,-1.2e-05,camera_link,15.950001,gnm_closed_loop,,nominal,,True,ok,third_party/visualnav-transformer/model_weights/gnm/gnm.pth,13.15,0.3,-0.0038,0.8213,-0.0031,6.99,,,gnm_closed_loop,0.2,-0.003787,normalized_stop_ab_20260708,G,stop_authority_normalized_pred,normalized_pred_gate,,3,0.5,10.09,0.6928,False,hospital_fresh_medium_G,2.2601,True,0.3,-0.003787,0.2,-0.003787,True,armed,False,,True,shadow,results/bo_reviewer_packet/temporal_stop_head/22_temporal_stop_head_model.pt,0.106,0.0,False,0.5,,,2.2667,False,,,True
normcmp_G_stopauth_20260708_153944,375,15.966667,1783521590.644519,1.256728,0.500063,-0.0,3.141488,0.2,-0.004332,0.19984,-0.00026,camera_link,15.966667,gnm_closed_loop,,nominal,,True,ok,third_party/visualnav-transformer/model_weights/gnm/gnm.pth,12.8,0.3,-0.0043,0.8182,-0.0035,7.01,,,gnm_closed_loop,0.2,-0.004332,normalized_stop_ab_20260708,G,stop_authority_normalized_pred,normalized_pred_gate,,3,0.5,10.09,0.6947,False,hospital_fresh_medium_G,2.2567,True,0.3,-0.004332,0.2,-0.004332,True,armed,False,,True,shadow,results/bo_reviewer_packet/temporal_stop_head/22_temporal_stop_head_model.pt,0.127,0.0,False,0.5,,,2.2567,False,,,True
normcmp_G_stopauth_20260708_153944,376,15.983334,1783521590.646717,1.253403,0.500063,-0.0,3.141488,0.2,-0.004332,0.19984,-0.00026,camera_link,15.983334,gnm_closed_loop,,nominal,,True,ok,third_party/visualnav-transformer/model_weights/gnm/gnm.pth,12.8,0.3,-0.0043,0.8182,-0.0035,7.01,,,gnm_closed_loop,0.2,-0.004332,normalized_stop_ab_20260708,G,stop_authority_normalized_pred,normalized_pred_gate,,3,0.5,10.09,0.6947,False,hospital_fresh_medium_G,2.2534,True,0.3,-0.004332,0.2,-0.004332,True,armed,False,,True,shadow,results/bo_reviewer_packet/temporal_stop_head/22_temporal_stop_head_model.pt,0.127,0.0,False,0.5,,,2.2567,False,,,True
normcmp_G_stopauth_20260708_153944,377,16.000001,1783521590.648679,1.250078,0.500064,-0.0,3.141488,0.2,-0.004332,0.19984,-0.00026,camera_link,16.000001,gnm_closed_loop,,nominal,,True,ok,third_party/visualnav-transformer/model_weights/gnm/gnm.pth,12.8,0.3,-0.0043,0.8182,-0.0035,7.01,,,gnm_closed_loop,0.2,-0.004332,normalized_stop_ab_20260708,G,stop_authority_normalized_pred,normalized_pred_gate,,3,0.5,10.09,0.6947,False,hospital_fresh_medium_G,2.2501,True,0.3,-0.004332,0.2,-0.004332,True,armed,False,,True,shadow,results/bo_reviewer_packet/temporal_stop_head/22_temporal_stop_head_model.pt,0.127,0.0,False,0.5,,,2.2567,False,,,True
normcmp_G_stopauth_20260708_153944,378,16.016668,1783521590.674229,1.246753,0.500064,-0.0,3.141488,0.2,-0.00509,0.199846,-0.000102,camera_link,16.016668,gnm_closed_loop,,nominal,,True,ok,third_party/visualnav-transformer/model_weights/gnm/gnm.pth,13.99,0.3,-0.0051,0.8121,-0.0041,6.99,,,gnm_closed_loop,0.2,-0.00509,normalized_stop_ab_20260708,G,stop_authority_normalized_pred,normalized_pred_gate,,3,0.5,10.09,0.6928,False,hospital_fresh_medium_G,2.2468,True,0.3,-0.00509,0.2,-0.00509,True,armed,False,,True,shadow,results/bo_reviewer_packet/temporal_stop_head/22_temporal_stop_head_model.pt,0.112,0.0,False,0.5,,,2.2468,False,,,True
normcmp_G_stopauth_20260708_153944,379,16.033334,1783521590.676573,1.243429,0.500064,-0.0,3.141488,0.2,-0.00509,0.199846,-0.000102,camera_link,16.033334,gnm_closed_loop,,nominal,,True,ok,third_party/visualnav-transformer/model_weights/gnm/gnm.pth,13.99,0.3,-0.0051,0.8121,-0.0041,6.99,,,gnm_closed_loop,0.2,-0.00509,normalized_stop_ab_20260708,G,stop_authority_normalized_pred,normalized_pred_gate,,3,0.5,10.09,0.6928,False,hospital_fresh_medium_G,2.2434,True,0.3,-0.00509,0.2,-0.00509,True,armed,False,,True,shadow,results/bo_reviewer_packet/temporal_stop_head/22_temporal_stop_head_model.pt,0.112,0.0,False,0.5,,,2.2468,False,,,True
normcmp_G_stopauth_20260708_153944,380,16.050001,1783521590.679471,1.240104,0.500064,-0.0,3.141487,0.2,-0.00509,0.199846,-0.000102,camera_link,16.050001,gnm_closed_loop,,nominal,,True,ok,third_party/visualnav-transformer/model_weights/gnm/gnm.pth,13.99,0.3,-0.0051,0.8121,-0.0041,6.99,,,gnm_closed_loop,0.2,-0.00509,normalized_stop_ab_20260708,G,stop_authority_normalized_pred,normalized_pred_gate,,3,0.5,10.09,0.6928,False,hospital_fresh_medium_G,2.2401,True,0.3,-0.00509,0.2,-0.00509,True,armed,False,,True,shadow,results/bo_reviewer_packet/temporal_stop_head/22_temporal_stop_head_model.pt,0.112,0.0,False,0.5,,,2.2468,False,,,True
normcmp_G_stopauth_20260708_153944,381,16.066668,1783521590.704257,1.23678,0.500065,-0.0,3.141487,0.2,-0.005399,0.199819,0.000444,camera_link,16.066668,gnm_closed_loop,,nominal,,True,ok,third_party/visualnav-transformer/model_weights/gnm/gnm.pth,12.85,0.3,-0.0054,0.8113,-0.0044,6.97,,,gnm_closed_loop,0.2,-0.005399,normalized_stop_ab_20260708,G,stop_authority_normalized_pred,normalized_pred_gate,,3,0.5,10.09,0.6908,False,hospital_fresh_medium_G,2.2368,True,0.3,-0.005399,0.2,-0.005399,True,armed,False,,True,shadow,results/bo_reviewer_packet/temporal_stop_head/22_temporal_stop_head_model.pt,0.131,0.0,False,0.5,,,2.2368,False,,,True
normcmp_G_stopauth_20260708_153944,382,16.083334,1783521590.706745,1.233455,0.500065,-0.0,3.141487,0.2,-0.005399,0.199819,0.000444,camera_link,16.083334,gnm_closed_loop,,nominal,,True,ok,third_party/visualnav-transformer/model_weights/gnm/gnm.pth,12.85,0.3,-0.0054,0.8113,-0.0044,6.97,,,gnm_closed_loop,0.2,-0.005399,normalized_stop_ab_20260708,G,stop_authority_normalized_pred,normalized_pred_gate,,3,0.5,10.09,0.6908,False,hospital_fresh_medium_G,2.2335,True,0.3,-0.005399,0.2,-0.005399,True,armed,False,,True,shadow,results/bo_reviewer_packet/temporal_stop_head/22_temporal_stop_head_model.pt,0.131,0.0,False,0.5,,,2.2368,False,,,True
normcmp_G_stopauth_20260708_153944,383,16.100001,1783521590.708659,1.23013,0.500065,-0.0,3.141487,0.2,-0.005399,0.199819,0.000444,camera_link,16.100001,gnm_closed_loop,,nominal,,True,ok,third_party/visualnav-transformer/model_weights/gnm/gnm.pth,12.85,0.3,-0.0054,0.8113,-0.0044,6.97,,,gnm_closed_loop,0.2,-0.005399,normalized_stop_ab_20260708,G,stop_authority_normalized_pred,normalized_pred_gate,,3,0.5,10.09,0.6908,False,hospital_fresh_medium_G,2.2301,True,0.3,-0.005399,0.2,-0.005399,True,armed,False,,True,shadow,results/bo_reviewer_packet/temporal_stop_head/22_temporal_stop_head_model.pt,0.131,0.0,False,0.5,,,2.2368,False,,,True
normcmp_G_stopauth_20260708_153944,384,16.116668,1783521590.733741,1.226806,0.500066,-0.0,3.141486,0.2,-0.005219,0.199823,-9e-06,camera_link,16.116668,gnm_closed_loop,,nominal,,True,ok,third_party/visualnav-transformer/model_weights/gnm/gnm.pth,13.94,0.3,-0.0052,0.813,-0.0042,6.91,,,gnm_closed_loop,0.2,-0.005219,normalized_stop_ab_20260708,G,stop_authority_normalized_pred,normalized_pred_gate,,3,0.5,10.09,0.6848,False,hospital_fresh_medium_G,2.2268,True,0.3,-0.005219,0.2,-0.005219,True,armed,False,,True,shadow,results/bo_reviewer_packet/temporal_stop_head/22_temporal_stop_head_model.pt,0.117,0.0,False,0.5,,,2.2268,False,,,True
normcmp_G_stopauth_20260708_153944,385,16.133334,1783521590.736098,1.223481,0.500066,-0.0,3.141486,0.2,-0.005219,0.199823,-9e-06,camera_link,16.133334,gnm_closed_loop,,nominal,,True,ok,third_party/visualnav-transformer/model_weights/gnm/gnm.pth,13.94,0.3,-0.0052,0.813,-0.0042,6.91,,,gnm_closed_loop,0.2,-0.005219,normalized_stop_ab_20260708,G,stop_authority_normalized_pred,normalized_pred_gate,,3,0.5,10.09,0.6848,False,hospital_fresh_medium_G,2.2235,True,0.3,-0.005219,0.2,-0.005219,True,armed,False,,True,shadow,results/bo_reviewer_packet/temporal_stop_head/22_temporal_stop_head_model.pt,0.117,0.0,False,0.5,,,2.2268,False,,,True
normcmp_G_stopauth_20260708_153944,386,16.150001,1783521590.738001,1.220157,0.500066,-0.0,3.141486,0.2,-0.005219,0.199823,-9e-06,camera_link,16.150001,gnm_closed_loop,,nominal,,True,ok,third_party/visualnav-transformer/model_weights/gnm/gnm.pth,13.94,0.3,-0.0052,0.813,-0.0042,6.91,,,gnm_closed_loop,0.2,-0.005219,normalized_stop_ab_20260708,G,stop_authority_normalized_pred,normalized_pred_gate,,3,0.5,10.09,0.6848,False,hospital_fresh_medium_G,2.2202,True,0.3,-0.005219,0.2,-0.005219,True,armed,False,,True,shadow,results/bo_reviewer_packet/temporal_stop_head/22_temporal_stop_head_model.pt,0.117,0.0,False,0.5,,,2.2268,False,,,True
normcmp_G_stopauth_20260708_153944,387,16.166668,1783521590.764414,1.216833,0.500067,-0.0,3.141486,0.2,-0.005299,0.199827,9.3e-05,camera_link,16.166668,gnm_closed_loop,,nominal,,True,ok,third_party/visualnav-transformer/model_weights/gnm/gnm.pth,14.86,0.3,-0.0053,0.8135,-0.0043,6.82,,,gnm_closed_loop,0.2,-0.005299,normalized_stop_ab_20260708,G,stop_authority_normalized_pred,normalized_pred_gate,,3,0.5,10.09,0.6759,False,hospital_fresh_medium_G,2.2168,True,0.3,-0.005299,0.2,-0.005299,True,armed,False,,True,shadow,results/bo_reviewer_packet/temporal_stop_head/22_temporal_stop_head_model.pt,0.121,0.0,False,0.5,,,2.2168,False,,,True
normcmp_G_stopauth_20260708_153944,388,16.183334,1783521590.767153,1.213509,0.500067,-0.0,3.141486,0.2,-0.005299,0.199827,9.3e-05,camera_link,16.183334,gnm_closed_loop,,nominal,,True,ok,third_party/visualnav-transformer/model_weights/gnm/gnm.pth,14.86,0.3,-0.0053,0.8135,-0.0043,6.82,,,gnm_closed_loop,0.2,-0.005299,normalized_stop_ab_20260708,G,stop_authority_normalized_pred,normalized_pred_gate,,3,0.5,10.09,0.6759,False,hospital_fresh_medium_G,2.2135,True,0.3,-0.005299,0.2,-0.005299,True,armed,False,,True,shadow,results/bo_reviewer_packet/temporal_stop_head/22_temporal_stop_head_model.pt,0.121,0.0,False,0.5,,,2.2168,False,,,True
normcmp_G_stopauth_20260708_153944,389,16.200001,1783521590.769335,1.210185,0.500067,-0.0,3.141486,0.2,-0.005299,0.199827,9.3e-05,camera_link,16.200001,gnm_closed_loop,,nominal,,True,ok,third_party/visualnav-transformer/model_weights/gnm/gnm.pth,14.86,0.3,-0.0053,0.8135,-0.0043,6.82,,,gnm_closed_loop,0.2,-0.005299,normalized_stop_ab_20260708,G,stop_authority_normalized_pred,normalized_pred_gate,,3,0.5,10.09,0.6759,False,hospital_fresh_medium_G,2.2102,True,0.3,-0.005299,0.2,-0.005299,True,armed,False,,True,shadow,results/bo_reviewer_packet/temporal_stop_head/22_temporal_stop_head_model.pt,0.121,0.0,False,0.5,,,2.2168,False,,,True
normcmp_G_stopauth_20260708_153944,390,16.216668,1783521590.792382,1.20686,0.500068,-0.0,3.141486,0.2,-0.004632,0.19983,-0.000187,camera_link,16.216668,gnm_closed_loop,,nominal,,True,ok,third_party/visualnav-transformer/model_weights/gnm/gnm.pth,12.8,0.3,-0.0046,0.8137,-0.0038,6.78,,,gnm_closed_loop,0.2,-0.004632,normalized_stop_ab_20260708,G,stop_authority_normalized_pred,normalized_pred_gate,,3,0.5,10.09,0.672,False,hospital_fresh_medium_G,2.2069,True,0.3,-0.004632,0.2,-0.004632,True,armed,False,,True,shadow,results/bo_reviewer_packet/temporal_stop_head/22_temporal_stop_head_model.pt,0.119,0.0,False,0.5,,,2.2069,False,,,True
normcmp_G_stopauth_20260708_153944,391,16.233334,1783521590.795305,1.203536,0.500068,-0.0,3.141486,0.2,-0.004632,0.19983,-0.000187,camera_link,16.233334,gnm_closed_loop,,nominal,,True,ok,third_party/visualnav-transformer/model_weights/gnm/gnm.pth,12.8,0.3,-0.0046,0.8137,-0.0038,6.78,,,gnm_closed_loop,0.2,-0.004632,normalized_stop_ab_20260708,G,stop_authority_normalized_pred,normalized_pred_gate,,3,0.5,10.09,0.672,False,hospital_fresh_medium_G,2.2035,True,0.3,-0.004632,0.2,-0.004632,True,armed,False,,True,shadow,results/bo_reviewer_packet/temporal_stop_head/22_temporal_stop_head_model.pt,0.119,0.0,False,0.5,,,2.2069,False,,,True
normcmp_G_stopauth_20260708_153944,392,16.250001,1783521590.797307,1.200211,0.500069,-0.0,3.141486,0.2,-0.004632,0.19983,-0.000187,camera_link,16.250001,gnm_closed_loop,,nominal,,True,ok,third_party/visualnav-transformer/model_weights/gnm/gnm.pth,12.8,0.3,-0.0046,0.8137,-0.0038,6.78,,,gnm_closed_loop,0.2,-0.004632,normalized_stop_ab_20260708,G,stop_authority_normalized_pred,normalized_pred_gate,,3,0.5,10.09,0.672,False,hospital_fresh_medium_G,2.2002,True,0.3,-0.004632,0.2,-0.004632,True,armed,False,,True,shadow,results/bo_reviewer_packet/temporal_stop_head/22_temporal_stop_head_model.pt,0.119,0.0,False,0.5,,,2.2069,False,,,True
normcmp_G_stopauth_20260708_153944,393,16.266668,1783521590.820261,1.196887,0.500069,-0.0,3.141486,0.2,-0.004174,0.199818,-3.5e-05,camera_link,16.266668,gnm_closed_loop,,nominal,,True,ok,third_party/visualnav-transformer/model_weights/gnm/gnm.pth,13.07,0.3,-0.0042,0.8099,-0.0034,6.74,,,gnm_closed_loop,0.2,-0.004174,normalized_stop_ab_20260708,G,stop_authority_normalized_pred,normalized_pred_gate,,3,0.5,10.09,0.668,False,hospital_fresh_medium_G,2.1969,True,0.3,-0.004174,0.2,-0.004174,True,armed,False,,True,shadow,results/bo_reviewer_packet/temporal_stop_head/22_temporal_stop_head_model.pt,0.118,0.0,False,0.5,,,2.1969,False,,,True
normcmp_G_stopauth_20260708_153944,394,16.283334,1783521590.822621,1.193563,0.500069,-0.0,3.141486,0.2,-0.004174,0.199818,-3.5e-05,camera_link,16.283334,gnm_closed_loop,,nominal,,True,ok,third_party/visualnav-transformer/model_weights/gnm/gnm.pth,13.07,0.3,-0.0042,0.8099,-0.0034,6.74,,,gnm_closed_loop,0.2,-0.004174,normalized_stop_ab_20260708,G,stop_authority_normalized_pred,normalized_pred_gate,,3,0.5,10.09,0.668,False,hospital_fresh_medium_G,2.1936,True,0.3,-0.004174,0.2,-0.004174,True,armed,False,,True,shadow,results/bo_reviewer_packet/temporal_stop_head/22_temporal_stop_head_model.pt,0.118,0.0,False,0.5,,,2.1969,False,,,True
normcmp_G_stopauth_20260708_153944,395,16.300001,1783521590.824435,1.190237,0.50007,-0.0,3.141486,0.2,-0.004174,0.199818,-3.5e-05,camera_link,16.300001,gnm_closed_loop,,nominal,,True,ok,third_party/visualnav-transformer/model_weights/gnm/gnm.pth,13.07,0.3,-0.0042,0.8099,-0.0034,6.74,,,gnm_closed_loop,0.2,-0.004174,normalized_stop_ab_20260708,G,stop_authority_normalized_pred,normalized_pred_gate,,3,0.5,10.09,0.668,False,hospital_fresh_medium_G,2.1902,True,0.3,-0.004174,0.2,-0.004174,True,armed,False,,True,shadow,results/bo_reviewer_packet/temporal_stop_head/22_temporal_stop_head_model.pt,0.118,0.0,False,0.5,,,2.1969,False,,,True
normcmp_G_stopauth_20260708_153944,396,16.316668,1783521590.851871,1.186912,0.50007,-0.0,3.141486,0.2,-0.003588,0.199832,6.5e-05,camera_link,16.316668,gnm_closed_loop,,nominal,,True,ok,third_party/visualnav-transformer/model_weights/gnm/gnm.pth,14.65,0.3,-0.0036,0.8078,-0.0029,6.67,,,gnm_closed_loop,0.2,-0.003588,normalized_stop_ab_20260708,G,stop_authority_normalized_pred,normalized_pred_gate,,3,0.5,10.09,0.6611,False,hospital_fresh_medium_G,2.1869,True,0.3,-0.003588,0.2,-0.003588,True,armed,False,,True,shadow,results/bo_reviewer_packet/temporal_stop_head/22_temporal_stop_head_model.pt,0.106,0.0,False,0.5,,,2.1869,False,,,True
normcmp_G_stopauth_20260708_153944,397,16.333334,1783521590.854329,1.183588,0.50007,-0.0,3.141486,0.2,-0.003588,0.199832,6.5e-05,camera_link,16.333334,gnm_closed_loop,,nominal,,True,ok,third_party/visualnav-transformer/model_weights/gnm/gnm.pth,14.65,0.3,-0.0036,0.8078,-0.0029,6.67,,,gnm_closed_loop,0.2,-0.003588,normalized_stop_ab_20260708,G,stop_authority_normalized_pred,normalized_pred_gate,,3,0.5,10.09,0.6611,False,hospital_fresh_medium_G,2.1836,True,0.3,-0.003588,0.2,-0.003588,True,armed,False,,True,shadow,results/bo_reviewer_packet/temporal_stop_head/22_temporal_stop_head_model.pt,0.106,0.0,False,0.5,,,2.1869,False,,,True
normcmp_G_stopauth_20260708_153944,398,16.350001,1783521590.856472,1.180264,0.500071,-0.0,3.141486,0.2,-0.003588,0.199832,6.5e-05,camera_link,16.350001,gnm_closed_loop,,nominal,,True,ok,third_party/visualnav-transformer/model_weights/gnm/gnm.pth,14.65,0.3,-0.0036,0.8078,-0.0029,6.67,,,gnm_closed_loop,0.2,-0.003588,normalized_stop_ab_20260708,G,stop_authority_normalized_pred,normalized_pred_gate,,3,0.5,10.09,0.6611,False,hospital_fresh_medium_G,2.1803,True,0.3,-0.003588,0.2,-0.003588,True,armed,False,,True,shadow,results/bo_reviewer_packet/temporal_stop_head/22_temporal_stop_head_model.pt,0.106,0.0,False,0.5,,,2.1869,False,,,True
normcmp_G_stopauth_20260708_153944,399,16.366668,1783521590.880377,1.17694,0.500071,-0.0,3.141486,0.2,-0.00258,0.199839,-0.000128,camera_link,16.366668,gnm_closed_loop,,nominal,,True,ok,third_party/visualnav-transformer/model_weights/gnm/gnm.pth,13.02,0.3,-0.0026,0.8069,-0.0021,6.62,,,gnm_closed_loop,0.2,-0.00258,normalized_stop_ab_20260708,G,stop_authority_normalized_pred,normalized_pred_gate,,3,0.5,10.09,0.6561,False,hospital_fresh_medium_G,2.1769,True,0.3,-0.00258,0.2,-0.00258,True,armed,False,,True,shadow,results/bo_reviewer_packet/temporal_stop_head/22_temporal_stop_head_model.pt,0.124,0.0,False,0.5,,,2.1769,False,,,True
normcmp_G_stopauth_20260708_153944,400,16.383334,1783521590.883743,1.173616,0.500071,-0.0,3.141486,0.2,-0.00258,0.199839,-0.000128,camera_link,16.383334,gnm_closed_loop,,nominal,,True,ok,third_party/visualnav-transformer/model_weights/gnm/gnm.pth,13.02,0.3,-0.0026,0.8069,-0.0021,6.62,,,gnm_closed_loop,0.2,-0.00258,normalized_stop_ab_20260708,G,stop_authority_normalized_pred,normalized_pred_gate,,3,0.5,10.09,0.6561,False,hospital_fresh_medium_G,2.1736,True,0.3,-0.00258,0.2,-0.00258,True,armed,False,,True,shadow,results/bo_reviewer_packet/temporal_stop_head/22_temporal_stop_head_model.pt,0.124,0.0,False,0.5,,,2.1769,False,,,True
normcmp_G_stopauth_20260708_153944,401,16.400001,1783521590.88566,1.170291,0.500072,-0.0,3.141486,0.2,-0.00258,0.199839,-0.000128,camera_link,16.400001,gnm_closed_loop,,nominal,,True,ok,third_party/visualnav-transformer/model_weights/gnm/gnm.pth,13.02,0.3,-0.0026,0.8069,-0.0021,6.62,,,gnm_closed_loop,0.2,-0.00258,normalized_stop_ab_20260708,G,stop_authority_normalized_pred,normalized_pred_gate,,3,0.5,10.09,0.6561,False,hospital_fresh_medium_G,2.1703,True,0.3,-0.00258,0.2,-0.00258,True,armed,False,,True,shadow,results/bo_reviewer_packet/temporal_stop_head/22_temporal_stop_head_model.pt,0.124,0.0,False,0.5,,,2.1769,False,,,True
normcmp_G_stopauth_20260708_153944,402,16.416668,1783521590.90975,1.166967,0.500072,-0.0,3.141486,0.2,-0.001727,0.199813,-0.000475,camera_link,16.416668,gnm_closed_loop,,nominal,,True,ok,third_party/visualnav-transformer/model_weights/gnm/gnm.pth,13.13,0.3,-0.0017,0.8072,-0.0014,6.57,,,gnm_closed_loop,0.2,-0.001727,normalized_stop_ab_20260708,G,stop_authority_normalized_pred,normalized_pred_gate,,3,0.5,10.09,0.6511,False,hospital_fresh_medium_G,2.167,True,0.3,-0.001727,0.2,-0.001727,True,armed,False,,True,shadow,results/bo_reviewer_packet/temporal_stop_head/22_temporal_stop_head_model.pt,0.128,0.0,False,0.5,,,2.167,False,,,True
normcmp_G_stopauth_20260708_153944,403,16.433334,1783521590.912013,1.163643,0.500072,-0.0,3.141486,0.2,-0.001727,0.199813,-0.000475,camera_link,16.433334,gnm_closed_loop,,nominal,,True,ok,third_party/visualnav-transformer/model_weights/gnm/gnm.pth,13.13,0.3,-0.0017,0.8072,-0.0014,6.57,,,gnm_closed_loop,0.2,-0.001727,normalized_stop_ab_20260708,G,stop_authority_normalized_pred,normalized_pred_gate,,3,0.5,10.09,0.6511,False,hospital_fresh_medium_G,2.1636,True,0.3,-0.001727,0.2,-0.001727,True,armed,False,,True,shadow,results/bo_reviewer_packet/temporal_stop_head/22_temporal_stop_head_model.pt,0.128,0.0,False,0.5,,,2.167,False,,,True
normcmp_G_stopauth_20260708_153944,404,16.450001,1783521590.913957,1.160318,0.500073,-0.0,3.141486,0.2,-0.001727,0.199813,-0.000475,camera_link,16.450001,gnm_closed_loop,,nominal,,True,ok,third_party/visualnav-transformer/model_weights/gnm/gnm.pth,13.13,0.3,-0.0017,0.8072,-0.0014,6.57,,,gnm_closed_loop,0.2,-0.001727,normalized_stop_ab_20260708,G,stop_authority_normalized_pred,normalized_pred_gate,,3,0.5,10.09,0.6511,False,hospital_fresh_medium_G,2.1603,True,0.3,-0.001727,0.2,-0.001727,True,armed,False,,True,shadow,results/bo_reviewer_packet/temporal_stop_head/22_temporal_stop_head_model.pt,0.128,0.0,False,0.5,,,2.167,False,,,True
normcmp_G_stopauth_20260708_153944,405,16.466668,1783521590.937435,1.156994,0.500073,-0.0,3.141486,0.2,-0.001839,0.19984,0.000105,camera_link,16.466668,gnm_closed_loop,,nominal,,True,ok,third_party/visualnav-transformer/model_weights/gnm/gnm.pth,13.07,0.3,-0.0018,0.8144,-0.0015,6.54,,,gnm_closed_loop,0.2,-0.001839,normalized_stop_ab_20260708,G,stop_authority_normalized_pred,normalized_pred_gate,,3,0.5,10.09,0.6482,False,hospital_fresh_medium_G,2.157,True,0.3,-0.001839,0.2,-0.001839,True,armed,False,,True,shadow,results/bo_reviewer_packet/temporal_stop_head/22_temporal_stop_head_model.pt,0.126,0.0,False,0.5,,,2.157,False,,,True
normcmp_G_stopauth_20260708_153944,406,16.483334,1783521590.93989,1.153669,0.500074,-0.0,3.141486,0.2,-0.001839,0.19984,0.000105,camera_link,16.483334,gnm_closed_loop,,nominal,,True,ok,third_party/visualnav-transformer/model_weights/gnm/gnm.pth,13.07,0.3,-0.0018,0.8144,-0.0015,6.54,,,gnm_closed_loop,0.2,-0.001839,normalized_stop_ab_20260708,G,stop_authority_normalized_pred,normalized_pred_gate,,3,0.5,10.09,0.6482,False,hospital_fresh_medium_G,2.1537,True,0.3,-0.001839,0.2,-0.001839,True,armed,False,,True,shadow,results/bo_reviewer_packet/temporal_stop_head/22_temporal_stop_head_model.pt,0.126,0.0,False,0.5,,,2.157,False,,,True
normcmp_G_stopauth_20260708_153944,407,16.500001,1783521590.942132,1.150345,0.500074,-0.0,3.141486,0.2,-0.001839,0.19984,0.000105,camera_link,16.500001,gnm_closed_loop,,nominal,,True,ok,third_party/visualnav-transformer/model_weights/gnm/gnm.pth,13.07,0.3,-0.0018,0.8144,-0.0015,6.54,,,gnm_closed_loop,0.2,-0.001839,normalized_stop_ab_20260708,G,stop_authority_normalized_pred,normalized_pred_gate,,3,0.5,10.09,0.6482,False,hospital_fresh_medium_G,2.1503,True,0.3,-0.001839,0.2,-0.001839,True,armed,False,,True,shadow,results/bo_reviewer_packet/temporal_stop_head/22_temporal_stop_head_model.pt,0.126,0.0,False,0.5,,,2.157,False,,,True
normcmp_G_stopauth_20260708_153944,408,16.516668,1783521590.964633,1.14702,0.500074,-0.0,3.141486,0.2,-0.002328,0.199822,0.000563,camera_link,16.516668,gnm_closed_loop,,nominal,,True,ok,third_party/visualnav-transformer/model_weights/gnm/gnm.pth,12.78,0.3,-0.0023,0.8198,-0.0019,6.55,,,gnm_closed_loop,0.2,-0.002328,normalized_stop_ab_20260708,G,stop_authority_normalized_pred,normalized_pred_gate,,3,0.5,10.09,0.6492,False,hospital_fresh_medium_G,2.147,True,0.3,-0.002328,0.2,-0.002328,True,armed,False,,True,shadow,results/bo_reviewer_packet/temporal_stop_head/22_temporal_stop_head_model.pt,0.12,0.0,False,0.5,,,2.147,False,,,True
normcmp_G_stopauth_20260708_153944,409,16.533334,1783521590.967701,1.143696,0.500075,-0.0,3.141485,0.2,-0.002328,0.199822,0.000563,camera_link,16.533334,gnm_closed_loop,,nominal,,True,ok,third_party/visualnav-transformer/model_weights/gnm/gnm.pth,12.78,0.3,-0.0023,0.8198,-0.0019,6.55,,,gnm_closed_loop,0.2,-0.002328,normalized_stop_ab_20260708,G,stop_authority_normalized_pred,normalized_pred_gate,,3,0.5,10.09,0.6492,False,hospital_fresh_medium_G,2.1437,True,0.3,-0.002328,0.2,-0.002328,True,armed,False,,True,shadow,results/bo_reviewer_packet/temporal_stop_head/22_temporal_stop_head_model.pt,0.12,0.0,False,0.5,,,2.147,False,,,True
normcmp_G_stopauth_20260708_153944,410,16.550001,1783521590.969559,1.140372,0.500075,-0.0,3.141485,0.2,-0.002328,0.199822,0.000563,camera_link,16.550001,gnm_closed_loop,,nominal,,True,ok,third_party/visualnav-transformer/model_weights/gnm/gnm.pth,12.78,0.3,-0.0023,0.8198,-0.0019,6.55,,,gnm_closed_loop,0.2,-0.002328,normalized_stop_ab_20260708,G,stop_authority_normalized_pred,normalized_pred_gate,,3,0.5,10.09,0.6492,False,hospital_fresh_medium_G,2.1404,True,0.3,-0.002328,0.2,-0.002328,True,armed,False,,True,shadow,results/bo_reviewer_packet/temporal_stop_head/22_temporal_stop_head_model.pt,0.12,0.0,False,0.5,,,2.147,False,,,True
normcmp_G_stopauth_20260708_153944,411,16.566668,1783521590.995198,1.137048,0.500076,-0.0,3.141485,0.2,-0.001726,0.199835,-0.00014,camera_link,16.566668,gnm_closed_loop,,nominal,,True,ok,third_party/visualnav-transformer/model_weights/gnm/gnm.pth,13.6,0.3,-0.0017,0.8253,-0.0014,6.49,,,gnm_closed_loop,0.2,-0.001726,normalized_stop_ab_20260708,G,stop_authority_normalized_pred,normalized_pred_gate,,3,0.5,10.09,0.6432,False,hospital_fresh_medium_G,2.137,True,0.3,-0.001726,0.2,-0.001726,True,armed,False,,True,shadow,results/bo_reviewer_packet/temporal_stop_head/22_temporal_stop_head_model.pt,0.112,0.0,False,0.5,,,2.137,False,,,True
normcmp_G_stopauth_20260708_153944,412,16.583334,1783521590.997498,1.133723,0.500076,-0.0,3.141485,0.2,-0.001726,0.199835,-0.00014,camera_link,16.583334,gnm_closed_loop,,nominal,,True,ok,third_party/visualnav-transformer/model_weights/gnm/gnm.pth,13.6,0.3,-0.0017,0.8253,-0.0014,6.49,,,gnm_closed_loop,0.2,-0.001726,normalized_stop_ab_20260708,G,stop_authority_normalized_pred,normalized_pred_gate,,3,0.5,10.09,0.6432,False,hospital_fresh_medium_G,2.1337,True,0.3,-0.001726,0.2,-0.001726,True,armed,False,,True,shadow,results/bo_reviewer_packet/temporal_stop_head/22_temporal_stop_head_model.pt,0.112,0.0,False,0.5,,,2.137,False,,,True
normcmp_G_stopauth_20260708_153944,413,16.600001,1783521590.999502,1.130399,0.500077,-0.0,3.141485,0.2,-0.001726,0.199835,-0.00014,camera_link,16.600001,gnm_closed_loop,,nominal,,True,ok,third_party/visualnav-transformer/model_weights/gnm/gnm.pth,13.6,0.3,-0.0017,0.8253,-0.0014,6.49,,,gnm_closed_loop,0.2,-0.001726,normalized_stop_ab_20260708,G,stop_authority_normalized_pred,normalized_pred_gate,,3,0.5,10.09,0.6432,False,hospital_fresh_medium_G,2.1304,True,0.3,-0.001726,0.2,-0.001726,True,armed,False,,True,shadow,results/bo_reviewer_packet/temporal_stop_head/22_temporal_stop_head_model.pt,0.112,0.0,False,0.5,,,2.137,False,,,True
normcmp_G_stopauth_20260708_153944,414,16.616668,1783521591.02842,1.127075,0.500077,-0.0,3.141485,0.2,-0.001992,0.199823,0.000163,camera_link,16.616668,gnm_closed_loop,,nominal,,True,ok,third_party/visualnav-transformer/model_weights/gnm/gnm.pth,17.22,0.3,-0.002,0.8297,-0.0017,6.4,,,gnm_closed_loop,0.2,-0.001992,normalized_stop_ab_20260708,G,stop_authority_normalized_pred,normalized_pred_gate,,3,0.5,10.09,0.6343,False,hospital_fresh_medium_G,2.1271,True,0.3,-0.001992,0.2,-0.001992,True,armed,False,,True,shadow,results/bo_reviewer_packet/temporal_stop_head/22_temporal_stop_head_model.pt,0.135,0.0,False,0.5,,,2.1271,False,,,True
normcmp_G_stopauth_20260708_153944,415,16.633334,1783521591.033906,1.12375,0.500078,-0.0,3.141485,0.2,-0.001992,0.199823,0.000163,camera_link,16.633334,gnm_closed_loop,,nominal,,True,ok,third_party/visualnav-transformer/model_weights/gnm/gnm.pth,17.22,0.3,-0.002,0.8297,-0.0017,6.4,,,gnm_closed_loop,0.2,-0.001992,normalized_stop_ab_20260708,G,stop_authority_normalized_pred,normalized_pred_gate,,3,0.5,10.09,0.6343,False,hospital_fresh_medium_G,2.1238,True,0.3,-0.001992,0.2,-0.001992,True,armed,False,,True,shadow,results/bo_reviewer_packet/temporal_stop_head/22_temporal_stop_head_model.pt,0.135,0.0,False,0.5,,,2.1271,False,,,True
normcmp_G_stopauth_20260708_153944,416,16.650001,1783521591.040541,1.120426,0.500078,-0.0,3.141485,0.2,-0.001992,0.199823,0.000163,camera_link,16.650001,gnm_closed_loop,,nominal,,True,ok,third_party/visualnav-transformer/model_weights/gnm/gnm.pth,17.22,0.3,-0.002,0.8297,-0.0017,6.4,,,gnm_closed_loop,0.2,-0.001992,normalized_stop_ab_20260708,G,stop_authority_normalized_pred,normalized_pred_gate,,3,0.5,10.09,0.6343,False,hospital_fresh_medium_G,2.1204,True,0.3,-0.001992,0.2,-0.001992,True,armed,False,,True,shadow,results/bo_reviewer_packet/temporal_stop_head/22_temporal_stop_head_model.pt,0.135,0.0,False,0.5,,,2.1271,False,,,True
normcmp_G_stopauth_20260708_153944,417,16.666668,1783521591.06969,1.117101,0.500079,-0.0,3.141485,0.2,-0.001992,0.199833,0.000151,camera_link,16.666668,gnm_closed_loop,,nominal,,True,ok,third_party/visualnav-transformer/model_weights/gnm/gnm.pth,14.39,0.3,-0.002,0.8342,-0.0017,6.39,,,gnm_closed_loop,0.2,-0.001992,normalized_stop_ab_20260708,G,stop_authority_normalized_pred,normalized_pred_gate,,3,0.5,10.09,0.6333,False,hospital_fresh_medium_G,2.1171,True,0.3,-0.001992,0.2,-0.001992,True,armed,False,,True,shadow,results/bo_reviewer_packet/temporal_stop_head/22_temporal_stop_head_model.pt,0.109,0.0,False,0.5,,,2.1171,False,,,True
normcmp_G_stopauth_20260708_153944,418,16.683334,1783521591.071918,1.113777,0.500079,-0.0,3.141485,0.2,-0.001992,0.199833,0.000151,camera_link,16.683334,gnm_closed_loop,,nominal,,True,ok,third_party/visualnav-transformer/model_weights/gnm/gnm.pth,14.39,0.3,-0.002,0.8342,-0.0017,6.39,,,gnm_closed_loop,0.2,-0.001992,normalized_stop_ab_20260708,G,stop_authority_normalized_pred,normalized_pred_gate,,3,0.5,10.09,0.6333,False,hospital_fresh_medium_G,2.1138,True,0.3,-0.001992,0.2,-0.001992,True,armed,False,,True,shadow,results/bo_reviewer_packet/temporal_stop_head/22_temporal_stop_head_model.pt,0.109,0.0,False,0.5,,,2.1171,False,,,True
normcmp_G_stopauth_20260708_153944,419,16.700001,1783521591.074184,1.110453,0.500079,-0.0,3.141484,0.2,-0.001992,0.199833,0.000151,camera_link,16.700001,gnm_closed_loop,,nominal,,True,ok,third_party/visualnav-transformer/model_weights/gnm/gnm.pth,14.39,0.3,-0.002,0.8342,-0.0017,6.39,,,gnm_closed_loop,0.2,-0.001992,normalized_stop_ab_20260708,G,stop_authority_normalized_pred,normalized_pred_gate,,3,0.5,10.09,0.6333,False,hospital_fresh_medium_G,2.1105,True,0.3,-0.001992,0.2,-0.001992,True,armed,False,,True,shadow,results/bo_reviewer_packet/temporal_stop_head/22_temporal_stop_head_model.pt,0.109,0.0,False,0.5,,,2.1171,False,,,True
normcmp_G_stopauth_20260708_153944,420,16.716668,1783521591.096555,1.107128,0.50008,-0.0,3.141484,0.2,-0.001969,0.199838,8.9e-05,camera_link,16.716668,gnm_closed_loop,,nominal,,True,ok,third_party/visualnav-transformer/model_weights/gnm/gnm.pth,12.92,0.3,-0.002,0.8396,-0.0017,6.33,,,gnm_closed_loop,0.2,-0.001969,normalized_stop_ab_20260708,G,stop_authority_normalized_pred,normalized_pred_gate,,3,0.5,10.09,0.6274,False,hospital_fresh_medium_G,2.1071,True,0.3,-0.001969,0.2,-0.001969,True,armed,False,,True,shadow,results/bo_reviewer_packet/temporal_stop_head/22_temporal_stop_head_model.pt,0.128,0.0,False,0.5,,,2.1071,False,,,True
normcmp_G_stopauth_20260708_153944,421,16.733334,1783521591.098708,1.103803,0.50008,-0.0,3.141484,0.2,-0.001969,0.199838,8.9e-05,camera_link,16.733334,gnm_closed_loop,,nominal,,True,ok,third_party/visualnav-transformer/model_weights/gnm/gnm.pth,12.92,0.3,-0.002,0.8396,-0.0017,6.33,,,gnm_closed_loop,0.2,-0.001969,normalized_stop_ab_20260708,G,stop_authority_normalized_pred,normalized_pred_gate,,3,0.5,10.09,0.6274,False,hospital_fresh_medium_G,2.1038,True,0.3,-0.001969,0.2,-0.001969,True,armed,False,,True,shadow,results/bo_reviewer_packet/temporal_stop_head/22_temporal_stop_head_model.pt,0.128,0.0,False,0.5,,,2.1071,False,,,True
normcmp_G_stopauth_20260708_153944,422,16.750001,1783521591.100646,1.100479,0.50008,-0.0,3.141484,0.2,-0.001969,0.199838,8.9e-05,camera_link,16.750001,gnm_closed_loop,,nominal,,True,ok,third_party/visualnav-transformer/model_weights/gnm/gnm.pth,12.92,0.3,-0.002,0.8396,-0.0017,6.33,,,gnm_closed_loop,0.2,-0.001969,normalized_stop_ab_20260708,G,stop_authority_normalized_pred,normalized_pred_gate,,3,0.5,10.09,0.6274,False,hospital_fresh_medium_G,2.1005,True,0.3,-0.001969,0.2,-0.001969,True,armed,False,,True,shadow,results/bo_reviewer_packet/temporal_stop_head/22_temporal_stop_head_model.pt,0.128,0.0,False,0.5,,,2.1071,False,,,True
normcmp_G_stopauth_20260708_153944,423,16.766668,1783521591.12604,1.097155,0.500081,-0.0,3.141484,0.2,-0.002073,0.199831,-0.000111,camera_link,16.766668,gnm_closed_loop,,nominal,,True,ok,third_party/visualnav-transformer/model_weights/gnm/gnm.pth,12.87,0.3,-0.0021,0.8497,-0.0018,6.28,,,gnm_closed_loop,0.2,-0.002073,normalized_stop_ab_20260708,G,stop_authority_normalized_pred,normalized_pred_gate,,3,0.5,10.09,0.6224,False,hospital_fresh_medium_G,2.0972,True,0.3,-0.002073,0.2,-0.002073,True,armed,False,,True,shadow,results/bo_reviewer_packet/temporal_stop_head/22_temporal_stop_head_model.pt,0.125,0.0,False,0.5,,,2.0972,False,,,True
normcmp_G_stopauth_20260708_153944,424,16.783334,1783521591.128232,1.09383,0.500081,-0.0,3.141484,0.2,-0.002073,0.199831,-0.000111,camera_link,16.783334,gnm_closed_loop,,nominal,,True,ok,third_party/visualnav-transformer/model_weights/gnm/gnm.pth,12.87,0.3,-0.0021,0.8497,-0.0018,6.28,,,gnm_closed_loop,0.2,-0.002073,normalized_stop_ab_20260708,G,stop_authority_normalized_pred,normalized_pred_gate,,3,0.5,10.09,0.6224,False,hospital_fresh_medium_G,2.0938,True,0.3,-0.002073,0.2,-0.002073,True,armed,False,,True,shadow,results/bo_reviewer_packet/temporal_stop_head/22_temporal_stop_head_model.pt,0.125,0.0,False,0.5,,,2.0972,False,,,True
normcmp_G_stopauth_20260708_153944,425,16.800001,1783521591.130368,1.090506,0.500081,-0.0,3.141484,0.2,-0.002073,0.199831,-0.000111,camera_link,16.800001,gnm_closed_loop,,nominal,,True,ok,third_party/visualnav-transformer/model_weights/gnm/gnm.pth,12.87,0.3,-0.0021,0.8497,-0.0018,6.28,,,gnm_closed_loop,0.2,-0.002073,normalized_stop_ab_20260708,G,stop_authority_normalized_pred,normalized_pred_gate,,3,0.5,10.09,0.6224,False,hospital_fresh_medium_G,2.0905,True,0.3,-0.002073,0.2,-0.002073,True,armed,False,,True,shadow,results/bo_reviewer_packet/temporal_stop_head/22_temporal_stop_head_model.pt,0.125,0.0,False,0.5,,,2.0972,False,,,True
normcmp_G_stopauth_20260708_153944,426,16.816668,1783521591.154684,1.087182,0.500082,-0.0,3.141484,0.2,-0.002484,0.199844,2.4e-05,camera_link,16.816668,gnm_closed_loop,,nominal,,True,ok,third_party/visualnav-transformer/model_weights/gnm/gnm.pth,12.86,0.3,-0.0025,0.865,-0.0021,6.26,,,gnm_closed_loop,0.2,-0.002484,normalized_stop_ab_20260708,G,stop_authority_normalized_pred,normalized_pred_gate,,3,0.5,10.09,0.6204,False,hospital_fresh_medium_G,2.0872,True,0.3,-0.002484,0.2,-0.002484,True,armed,False,,True,shadow,results/bo_reviewer_packet/temporal_stop_head/22_temporal_stop_head_model.pt,0.124,0.0,False,0.5,,,2.0872,False,,,True
normcmp_G_stopauth_20260708_153944,427,16.833334,1783521591.157048,1.083857,0.500082,-0.0,3.141485,0.2,-0.002484,0.199844,2.4e-05,camera_link,16.833334,gnm_closed_loop,,nominal,,True,ok,third_party/visualnav-transformer/model_weights/gnm/gnm.pth,12.86,0.3,-0.0025,0.865,-0.0021,6.26,,,gnm_closed_loop,0.2,-0.002484,normalized_stop_ab_20260708,G,stop_authority_normalized_pred,normalized_pred_gate,,3,0.5,10.09,0.6204,False,hospital_fresh_medium_G,2.0839,True,0.3,-0.002484,0.2,-0.002484,True,armed,False,,True,shadow,results/bo_reviewer_packet/temporal_stop_head/22_temporal_stop_head_model.pt,0.124,0.0,False,0.5,,,2.0872,False,,,True
normcmp_G_stopauth_20260708_153944,428,16.850001,1783521591.158956,1.080532,0.500083,-0.0,3.141484,0.2,-0.002484,0.199844,2.4e-05,camera_link,16.850001,gnm_closed_loop,,nominal,,True,ok,third_party/visualnav-transformer/model_weights/gnm/gnm.pth,12.86,0.3,-0.0025,0.865,-0.0021,6.26,,,gnm_closed_loop,0.2,-0.002484,normalized_stop_ab_20260708,G,stop_authority_normalized_pred,normalized_pred_gate,,3,0.5,10.09,0.6204,False,hospital_fresh_medium_G,2.0805,True,0.3,-0.002484,0.2,-0.002484,True,armed,False,,True,shadow,results/bo_reviewer_packet/temporal_stop_head/22_temporal_stop_head_model.pt,0.124,0.0,False,0.5,,,2.0872,False,,,True
normcmp_G_stopauth_20260708_153944,429,16.866668,1783521591.182967,1.077207,0.500083,-0.0,3.141485,0.2,-0.002358,0.199843,-0.000371,camera_link,16.866668,gnm_closed_loop,,nominal,,True,ok,third_party/visualnav-transformer/model_weights/gnm/gnm.pth,13.12,0.3,-0.0024,0.8739,-0.0021,6.29,,,gnm_closed_loop,0.2,-0.002358,normalized_stop_ab_20260708,G,stop_authority_normalized_pred,normalized_pred_gate,,3,0.5,10.09,0.6234,False,hospital_fresh_medium_G,2.0772,True,0.3,-0.002358,0.2,-0.002358,True,armed,False,,True,shadow,results/bo_reviewer_packet/temporal_stop_head/22_temporal_stop_head_model.pt,0.111,0.0,False,0.5,,,2.0772,False,,,True
normcmp_G_stopauth_20260708_153944,430,16.883334,1783521591.185383,1.073883,0.500084,-0.0,3.141485,0.2,-0.002358,0.199843,-0.000371,camera_link,16.883334,gnm_closed_loop,,nominal,,True,ok,third_party/visualnav-transformer/model_weights/gnm/gnm.pth,13.12,0.3,-0.0024,0.8739,-0.0021,6.29,,,gnm_closed_loop,0.2,-0.002358,normalized_stop_ab_20260708,G,stop_authority_normalized_pred,normalized_pred_gate,,3,0.5,10.09,0.6234,False,hospital_fresh_medium_G,2.0739,True,0.3,-0.002358,0.2,-0.002358,True,armed,False,,True,shadow,results/bo_reviewer_packet/temporal_stop_head/22_temporal_stop_head_model.pt,0.111,0.0,False,0.5,,,2.0772,False,,,True
normcmp_G_stopauth_20260708_153944,431,16.900001,1783521591.187289,1.070558,0.500084,-0.0,3.141485,0.2,-0.002358,0.199843,-0.000371,camera_link,16.900001,gnm_closed_loop,,nominal,,True,ok,third_party/visualnav-transformer/model_weights/gnm/gnm.pth,13.12,0.3,-0.0024,0.8739,-0.0021,6.29,,,gnm_closed_loop,0.2,-0.002358,normalized_stop_ab_20260708,G,stop_authority_normalized_pred,normalized_pred_gate,,3,0.5,10.09,0.6234,False,hospital_fresh_medium_G,2.0706,True,0.3,-0.002358,0.2,-0.002358,True,armed,False,,True,shadow,results/bo_reviewer_packet/temporal_stop_head/22_temporal_stop_head_model.pt,0.111,0.0,False,0.5,,,2.0772,False,,,True
normcmp_G_stopauth_20260708_153944,432,16.916668,1783521591.210088,1.067234,0.500085,-0.0,3.141485,0.2,-0.002444,0.199836,0.000405,camera_link,16.916668,gnm_closed_loop,,nominal,,True,ok,third_party/visualnav-transformer/model_weights/gnm/gnm.pth,12.83,0.3,-0.0024,0.8813,-0.0022,6.27,,,gnm_closed_loop,0.2,-0.002444,normalized_stop_ab_20260708,G,stop_authority_normalized_pred,normalized_pred_gate,,3,0.5,10.09,0.6214,False,hospital_fresh_medium_G,2.0672,True,0.3,-0.002444,0.2,-0.002444,True,armed,False,,True,shadow,results/bo_reviewer_packet/temporal_stop_head/22_temporal_stop_head_model.pt,0.126,0.0,False,0.5,,,2.0672,False,,,True
normcmp_G_stopauth_20260708_153944,433,16.933334,1783521591.21221,1.063909,0.500085,-0.0,3.141484,0.2,-0.002444,0.199836,0.000405,camera_link,16.933334,gnm_closed_loop,,nominal,,True,ok,third_party/visualnav-transformer/model_weights/gnm/gnm.pth,12.83,0.3,-0.0024,0.8813,-0.0022,6.27,,,gnm_closed_loop,0.2,-0.002444,normalized_stop_ab_20260708,G,stop_authority_normalized_pred,normalized_pred_gate,,3,0.5,10.09,0.6214,False,hospital_fresh_medium_G,2.0639,True,0.3,-0.002444,0.2,-0.002444,True,armed,False,,True,shadow,results/bo_reviewer_packet/temporal_stop_head/22_temporal_stop_head_model.pt,0.126,0.0,False,0.5,,,2.0672,False,,,True
normcmp_G_stopauth_20260708_153944,434,16.950001,1783521591.215164,1.060584,0.500085,-0.0,3.141484,0.2,-0.002444,0.199836,0.000405,camera_link,16.950001,gnm_closed_loop,,nominal,,True,ok,third_party/visualnav-transformer/model_weights/gnm/gnm.pth,12.83,0.3,-0.0024,0.8813,-0.0022,6.27,,,gnm_closed_loop,0.2,-0.002444,normalized_stop_ab_20260708,G,stop_authority_normalized_pred,normalized_pred_gate,,3,0.5,10.09,0.6214,False,hospital_fresh_medium_G,2.0606,True,0.3,-0.002444,0.2,-0.002444,True,armed,False,,True,shadow,results/bo_reviewer_packet/temporal_stop_head/22_temporal_stop_head_model.pt,0.126,0.0,False,0.5,,,2.0672,False,,,True
normcmp_G_stopauth_20260708_153944,435,16.966668,1783521591.238971,1.057259,0.500086,-0.0,3.141485,0.2,-0.002081,0.199812,-0.000272,camera_link,16.966668,gnm_closed_loop,,nominal,,True,ok,third_party/visualnav-transformer/model_weights/gnm/gnm.pth,13.26,0.3,-0.0021,0.8859,-0.0018,6.27,,,gnm_closed_loop,0.2,-0.002081,normalized_stop_ab_20260708,G,stop_authority_normalized_pred,normalized_pred_gate,,3,0.5,10.09,0.6214,False,hospital_fresh_medium_G,2.0573,True,0.3,-0.002081,0.2,-0.002081,True,armed,False,,True,shadow,results/bo_reviewer_packet/temporal_stop_head/22_temporal_stop_head_model.pt,0.128,0.0,False,0.5,,,2.0573,False,,,True
normcmp_G_stopauth_20260708_153944,436,16.983334,1783521591.241413,1.053935,0.500086,-0.0,3.141485,0.2,-0.002081,0.199812,-0.000272,camera_link,16.983334,gnm_closed_loop,,nominal,,True,ok,third_party/visualnav-transformer/model_weights/gnm/gnm.pth,13.26,0.3,-0.0021,0.8859,-0.0018,6.27,,,gnm_closed_loop,0.2,-0.002081,normalized_stop_ab_20260708,G,stop_authority_normalized_pred,normalized_pred_gate,,3,0.5,10.09,0.6214,False,hospital_fresh_medium_G,2.0539,True,0.3,-0.002081,0.2,-0.002081,True,armed,False,,True,shadow,results/bo_reviewer_packet/temporal_stop_head/22_temporal_stop_head_model.pt,0.128,0.0,False,0.5,,,2.0573,False,,,True
normcmp_G_stopauth_20260708_153944,437,17.000001,1783521591.244092,1.05061,0.500087,-0.0,3.141484,0.2,-0.002081,0.199812,-0.000272,camera_link,17.000001,gnm_closed_loop,,nominal,,True,ok,third_party/visualnav-transformer/model_weights/gnm/gnm.pth,13.26,0.3,-0.0021,0.8859,-0.0018,6.27,,,gnm_closed_loop,0.2,-0.002081,normalized_stop_ab_20260708,G,stop_authority_normalized_pred,normalized_pred_gate,,3,0.5,10.09,0.6214,False,hospital_fresh_medium_G,2.0506,True,0.3,-0.002081,0.2,-0.002081,True,armed,False,,True,shadow,results/bo_reviewer_packet/temporal_stop_head/22_temporal_stop_head_model.pt,0.128,0.0,False,0.5,,,2.0573,False,,,True
normcmp_G_stopauth_20260708_153944,438,17.016668,1783521591.267326,1.047285,0.500087,-0.0,3.141484,0.2,-0.002139,0.199835,-3.6e-05,camera_link,17.016668,gnm_closed_loop,,nominal,,True,ok,third_party/visualnav-transformer/model_weights/gnm/gnm.pth,12.91,0.3,-0.0021,0.8846,-0.0019,6.27,,,gnm_closed_loop,0.2,-0.002139,normalized_stop_ab_20260708,G,stop_authority_normalized_pred,normalized_pred_gate,,3,0.5,10.09,0.6214,False,hospital_fresh_medium_G,2.0473,True,0.3,-0.002139,0.2,-0.002139,True,armed,False,,True,shadow,results/bo_reviewer_packet/temporal_stop_head/22_temporal_stop_head_model.pt,0.118,0.0,False,0.5,,,2.0473,False,,,True
normcmp_G_stopauth_20260708_153944,439,17.033334,1783521591.269819,1.04396,0.500087,-0.0,3.141484,0.2,-0.002139,0.199835,-3.6e-05,camera_link,17.033334,gnm_closed_loop,,nominal,,True,ok,third_party/visualnav-transformer/model_weights/gnm/gnm.pth,12.91,0.3,-0.0021,0.8846,-0.0019,6.27,,,gnm_closed_loop,0.2,-0.002139,normalized_stop_ab_20260708,G,stop_authority_normalized_pred,normalized_pred_gate,,3,0.5,10.09,0.6214,False,hospital_fresh_medium_G,2.044,True,0.3,-0.002139,0.2,-0.002139,True,armed,False,,True,shadow,results/bo_reviewer_packet/temporal_stop_head/22_temporal_stop_head_model.pt,0.118,0.0,False,0.5,,,2.0473,False,,,True
normcmp_G_stopauth_20260708_153944,440,17.050001,1783521591.27297,1.040636,0.500088,-0.0,3.141484,0.2,-0.002139,0.199835,-3.6e-05,camera_link,17.050001,gnm_closed_loop,,nominal,,True,ok,third_party/visualnav-transformer/model_weights/gnm/gnm.pth,12.91,0.3,-0.0021,0.8846,-0.0019,6.27,,,gnm_closed_loop,0.2,-0.002139,normalized_stop_ab_20260708,G,stop_authority_normalized_pred,normalized_pred_gate,,3,0.5,10.09,0.6214,False,hospital_fresh_medium_G,2.0406,True,0.3,-0.002139,0.2,-0.002139,True,armed,False,,True,shadow,results/bo_reviewer_packet/temporal_stop_head/22_temporal_stop_head_model.pt,0.118,0.0,False,0.5,,,2.0473,False,,,True
normcmp_G_stopauth_20260708_153944,441,17.066668,1783521591.297638,1.03731,0.500088,-0.0,3.141485,0.2,-0.002112,0.199844,-0.00037,camera_link,17.066668,gnm_closed_loop,,nominal,,True,ok,third_party/visualnav-transformer/model_weights/gnm/gnm.pth,13.28,0.3,-0.0021,0.8835,-0.0019,6.31,,,gnm_closed_loop,0.2,-0.002112,normalized_stop_ab_20260708,G,stop_authority_normalized_pred,normalized_pred_gate,,3,0.5,10.09,0.6254,False,hospital_fresh_medium_G,2.0373,True,0.3,-0.002112,0.2,-0.002112,True,armed,False,,True,shadow,results/bo_reviewer_packet/temporal_stop_head/22_temporal_stop_head_model.pt,0.11,0.0,False,0.5,,,2.0373,False,,,True
normcmp_G_stopauth_20260708_153944,442,17.083334,1783521591.300117,1.033986,0.500089,-0.0,3.141485,0.2,-0.002112,0.199844,-0.00037,camera_link,17.083334,gnm_closed_loop,,nominal,,True,ok,third_party/visualnav-transformer/model_weights/gnm/gnm.pth,13.28,0.3,-0.0021,0.8835,-0.0019,6.31,,,gnm_closed_loop,0.2,-0.002112,normalized_stop_ab_20260708,G,stop_authority_normalized_pred,normalized_pred_gate,,3,0.5,10.09,0.6254,False,hospital_fresh_medium_G,2.034,True,0.3,-0.002112,0.2,-0.002112,True,armed,False,,True,shadow,results/bo_reviewer_packet/temporal_stop_head/22_temporal_stop_head_model.pt,0.11,0.0,False,0.5,,,2.0373,False,,,True
normcmp_G_stopauth_20260708_153944,443,17.100001,1783521591.301986,1.030661,0.500089,-0.0,3.141485,0.2,-0.002112,0.199844,-0.00037,camera_link,17.100001,gnm_closed_loop,,nominal,,True,ok,third_party/visualnav-transformer/model_weights/gnm/gnm.pth,13.28,0.3,-0.0021,0.8835,-0.0019,6.31,,,gnm_closed_loop,0.2,-0.002112,normalized_stop_ab_20260708,G,stop_authority_normalized_pred,normalized_pred_gate,,3,0.5,10.09,0.6254,False,hospital_fresh_medium_G,2.0307,True,0.3,-0.002112,0.2,-0.002112,True,armed,False,,True,shadow,results/bo_reviewer_packet/temporal_stop_head/22_temporal_stop_head_model.pt,0.11,0.0,False,0.5,,,2.0373,False,,,True
normcmp_G_stopauth_20260708_153944,444,17.116668,1783521591.325113,1.027336,0.500089,-0.0,3.141485,0.2,-0.001561,0.199827,9.9e-05,camera_link,17.116668,gnm_closed_loop,,nominal,,True,ok,third_party/visualnav-transformer/model_weights/gnm/gnm.pth,12.8,0.3,-0.0016,0.8776,-0.0014,6.37,,,gnm_closed_loop,0.2,-0.001561,normalized_stop_ab_20260708,G,stop_authority_normalized_pred,normalized_pred_gate,,3,0.5,10.09,0.6313,False,hospital_fresh_medium_G,2.0273,True,0.3,-0.001561,0.2,-0.001561,True,armed,False,,True,shadow,results/bo_reviewer_packet/temporal_stop_head/22_temporal_stop_head_model.pt,0.125,0.0,False,0.5,,,2.0273,False,,,True
normcmp_G_stopauth_20260708_153944,445,17.133334,1783521591.327614,1.024011,0.50009,-0.0,3.141485,0.2,-0.001561,0.199827,9.9e-05,camera_link,17.133334,gnm_closed_loop,,nominal,,True,ok,third_party/visualnav-transformer/model_weights/gnm/gnm.pth,12.8,0.3,-0.0016,0.8776,-0.0014,6.37,,,gnm_closed_loop,0.2,-0.001561,normalized_stop_ab_20260708,G,stop_authority_normalized_pred,normalized_pred_gate,,3,0.5,10.09,0.6313,False,hospital_fresh_medium_G,2.024,True,0.3,-0.001561,0.2,-0.001561,True,armed,False,,True,shadow,results/bo_reviewer_packet/temporal_stop_head/22_temporal_stop_head_model.pt,0.125,0.0,False,0.5,,,2.0273,False,,,True
normcmp_G_stopauth_20260708_153944,446,17.150001,1783521591.330194,1.020687,0.50009,-0.0,3.141485,0.2,-0.001561,0.199827,9.9e-05,camera_link,17.150001,gnm_closed_loop,,nominal,,True,ok,third_party/visualnav-transformer/model_weights/gnm/gnm.pth,12.8,0.3,-0.0016,0.8776,-0.0014,6.37,,,gnm_closed_loop,0.2,-0.001561,normalized_stop_ab_20260708,G,stop_authority_normalized_pred,normalized_pred_gate,,3,0.5,10.09,0.6313,False,hospital_fresh_medium_G,2.0207,True,0.3,-0.001561,0.2,-0.001561,True,armed,False,,True,shadow,results/bo_reviewer_packet/temporal_stop_head/22_temporal_stop_head_model.pt,0.125,0.0,False,0.5,,,2.0273,False,,,True
normcmp_G_stopauth_20260708_153944,447,17.166668,1783521591.363467,1.017362,0.50009,-0.0,3.141485,0.2,-0.00105,0.199832,0.000372,camera_link,17.166668,gnm_closed_loop,,nominal,,True,ok,third_party/visualnav-transformer/model_weights/gnm/gnm.pth,21.37,0.3,-0.0011,0.8684,-0.0009,6.43,,,gnm_closed_loop,0.2,-0.00105,normalized_stop_ab_20260708,G,stop_authority_normalized_pred,normalized_pred_gate,,3,0.5,10.09,0.6373,False,hospital_fresh_medium_G,2.0174,True,0.3,-0.00105,0.2,-0.00105,True,armed,False,,True,shadow,results/bo_reviewer_packet/temporal_stop_head/22_temporal_stop_head_model.pt,0.121,0.0,False,0.5,,,2.0174,False,,,True
normcmp_G_stopauth_20260708_153944,448,17.183334,1783521591.366455,1.014037,0.500091,-0.0,3.141485,0.2,-0.00105,0.199832,0.000372,camera_link,17.183334,gnm_closed_loop,,nominal,,True,ok,third_party/visualnav-transformer/model_weights/gnm/gnm.pth,21.37,0.3,-0.0011,0.8684,-0.0009,6.43,,,gnm_closed_loop,0.2,-0.00105,normalized_stop_ab_20260708,G,stop_authority_normalized_pred,normalized_pred_gate,,3,0.5,10.09,0.6373,False,hospital_fresh_medium_G,2.014,True,0.3,-0.00105,0.2,-0.00105,True,armed,False,,True,shadow,results/bo_reviewer_packet/temporal_stop_head/22_temporal_stop_head_model.pt,0.121,0.0,False,0.5,,,2.0174,False,,,True
normcmp_G_stopauth_20260708_153944,449,17.200001,1783521591.368718,1.010713,0.500091,-0.0,3.141485,0.2,-0.00105,0.199832,0.000372,camera_link,17.200001,gnm_closed_loop,,nominal,,True,ok,third_party/visualnav-transformer/model_weights/gnm/gnm.pth,21.37,0.3,-0.0011,0.8684,-0.0009,6.43,,,gnm_closed_loop,0.2,-0.00105,normalized_stop_ab_20260708,G,stop_authority_normalized_pred,normalized_pred_gate,,3,0.5,10.09,0.6373,False,hospital_fresh_medium_G,2.0107,True,0.3,-0.00105,0.2,-0.00105,True,armed,False,,True,shadow,results/bo_reviewer_packet/temporal_stop_head/22_temporal_stop_head_model.pt,0.121,0.0,False,0.5,,,2.0174,False,,,True
normcmp_G_stopauth_20260708_153944,450,17.216668,1783521591.403585,1.007389,0.500091,-0.0,3.141485,0.2,-0.001288,0.199828,-0.000365,camera_link,17.216668,gnm_closed_loop,,nominal,,True,ok,third_party/visualnav-transformer/model_weights/gnm/gnm.pth,21.83,0.3,-0.0013,0.8587,-0.0011,6.48,,,gnm_closed_loop,0.2,-0.001288,normalized_stop_ab_20260708,G,stop_authority_normalized_pred,normalized_pred_gate,,3,0.5,10.09,0.6422,False,hospital_fresh_medium_G,2.0074,True,0.3,-0.001288,0.2,-0.001288,True,armed,False,,True,shadow,results/bo_reviewer_packet/temporal_stop_head/22_temporal_stop_head_model.pt,0.157,0.0,False,0.5,,,2.0074,False,,,True
normcmp_G_stopauth_20260708_153944,451,17.233334,1783521591.407472,1.004064,0.500092,-0.0,3.141485,0.2,-0.001288,0.199828,-0.000365,camera_link,17.233334,gnm_closed_loop,,nominal,,True,ok,third_party/visualnav-transformer/model_weights/gnm/gnm.pth,21.83,0.3,-0.0013,0.8587,-0.0011,6.48,,,gnm_closed_loop,0.2,-0.001288,normalized_stop_ab_20260708,G,stop_authority_normalized_pred,normalized_pred_gate,,3,0.5,10.09,0.6422,False,hospital_fresh_medium_G,2.0041,True,0.3,-0.001288,0.2,-0.001288,True,armed,False,,True,shadow,results/bo_reviewer_packet/temporal_stop_head/22_temporal_stop_head_model.pt,0.157,0.0,False,0.5,,,2.0074,False,,,True
normcmp_G_stopauth_20260708_153944,452,17.250001,1783521591.411495,1.00074,0.500092,-0.0,3.141485,0.2,-0.001288,0.199828,-0.000365,camera_link,17.250001,gnm_closed_loop,,nominal,,True,ok,third_party/visualnav-transformer/model_weights/gnm/gnm.pth,21.83,0.3,-0.0013,0.8587,-0.0011,6.48,,,gnm_closed_loop,0.2,-0.001288,normalized_stop_ab_20260708,G,stop_authority_normalized_pred,normalized_pred_gate,,3,0.5,10.09,0.6422,False,hospital_fresh_medium_G,2.0007,True,0.3,-0.001288,0.2,-0.001288,True,armed,False,,True,shadow,results/bo_reviewer_packet/temporal_stop_head/22_temporal_stop_head_model.pt,0.157,0.0,False,0.5,,,2.0074,False,,,True
normcmp_G_stopauth_20260708_153944,453,17.266668,1783521591.450978,0.997415,0.500093,-0.0,3.141485,0.2,-0.001861,0.19983,0.000172,camera_link,17.266668,gnm_closed_loop,,nominal,,True,ok,third_party/visualnav-transformer/model_weights/gnm/gnm.pth,17.26,0.3,-0.0019,0.8502,-0.0016,6.51,,,gnm_closed_loop,0.2,-0.001861,normalized_stop_ab_20260708,G,stop_authority_normalized_pred,normalized_pred_gate,,3,0.5,10.09,0.6452,False,hospital_fresh_medium_G,1.9974,True,0.3,-0.001861,0.2,-0.001861,True,armed,False,,True,shadow,results/bo_reviewer_packet/temporal_stop_head/22_temporal_stop_head_model.pt,0.12,0.0,False,0.5,,,1.9974,False,,,True
normcmp_G_stopauth_20260708_153944,454,17.283334,1783521591.453589,0.99409,0.500093,-0.0,3.141485,0.2,-0.001861,0.19983,0.000172,camera_link,17.283334,gnm_closed_loop,,nominal,,True,ok,third_party/visualnav-transformer/model_weights/gnm/gnm.pth,17.26,0.3,-0.0019,0.8502,-0.0016,6.51,,,gnm_closed_loop,0.2,-0.001861,normalized_stop_ab_20260708,G,stop_authority_normalized_pred,normalized_pred_gate,,3,0.5,10.09,0.6452,False,hospital_fresh_medium_G,1.9941,True,0.3,-0.001861,0.2,-0.001861,True,armed,False,,True,shadow,results/bo_reviewer_packet/temporal_stop_head/22_temporal_stop_head_model.pt,0.12,0.0,False,0.5,,,1.9974,False,,,True
normcmp_G_stopauth_20260708_153944,455,17.300001,1783521591.455498,0.990766,0.500094,-0.0,3.141486,0.2,-0.001861,0.19983,0.000172,camera_link,17.300001,gnm_closed_loop,,nominal,,True,ok,third_party/visualnav-transformer/model_weights/gnm/gnm.pth,17.26,0.3,-0.0019,0.8502,-0.0016,6.51,,,gnm_closed_loop,0.2,-0.001861,normalized_stop_ab_20260708,G,stop_authority_normalized_pred,normalized_pred_gate,,3,0.5,10.09,0.6452,False,hospital_fresh_medium_G,1.9908,True,0.3,-0.001861,0.2,-0.001861,True,armed,False,,True,shadow,results/bo_reviewer_packet/temporal_stop_head/22_temporal_stop_head_model.pt,0.12,0.0,False,0.5,,,1.9974,False,,,True
normcmp_G_stopauth_20260708_153944,456,17.316668,1783521591.481691,0.987441,0.500094,-0.0,3.141486,0.2,-0.002629,0.199826,-0.000148,camera_link,17.316668,gnm_closed_loop,,nominal,,True,ok,third_party/visualnav-transformer/model_weights/gnm/gnm.pth,13.42,0.3,-0.0026,0.8463,-0.0022,6.55,,,gnm_closed_loop,0.2,-0.002629,normalized_stop_ab_20260708,G,stop_authority_normalized_pred,normalized_pred_gate,,3,0.5,10.09,0.6492,False,hospital_fresh_medium_G,1.9874,True,0.3,-0.002629,0.2,-0.002629,True,armed,False,,True,shadow,results/bo_reviewer_packet/temporal_stop_head/22_temporal_stop_head_model.pt,0.114,0.0,False,0.5,,,1.9874,False,,,True
normcmp_G_stopauth_20260708_153944,457,17.333334,1783521591.484238,0.984116,0.500094,-0.0,3.141486,0.2,-0.002629,0.199826,-0.000148,camera_link,17.333334,gnm_closed_loop,,nominal,,True,ok,third_party/visualnav-transformer/model_weights/gnm/gnm.pth,13.42,0.3,-0.0026,0.8463,-0.0022,6.55,,,gnm_closed_loop,0.2,-0.002629,normalized_stop_ab_20260708,G,stop_authority_normalized_pred,normalized_pred_gate,,3,0.5,10.09,0.6492,False,hospital_fresh_medium_G,1.9841,True,0.3,-0.002629,0.2,-0.002629,True,armed,False,,True,shadow,results/bo_reviewer_packet/temporal_stop_head/22_temporal_stop_head_model.pt,0.114,0.0,False,0.5,,,1.9874,False,,,True
normcmp_G_stopauth_20260708_153944,458,17.350001,1783521591.486438,0.980792,0.500095,-0.0,3.141485,0.2,-0.002629,0.199826,-0.000148,camera_link,17.350001,gnm_closed_loop,,nominal,,True,ok,third_party/visualnav-transformer/model_weights/gnm/gnm.pth,13.42,0.3,-0.0026,0.8463,-0.0022,6.55,,,gnm_closed_loop,0.2,-0.002629,normalized_stop_ab_20260708,G,stop_authority_normalized_pred,normalized_pred_gate,,3,0.5,10.09,0.6492,False,hospital_fresh_medium_G,1.9808,True,0.3,-0.002629,0.2,-0.002629,True,armed,False,,True,shadow,results/bo_reviewer_packet/temporal_stop_head/22_temporal_stop_head_model.pt,0.114,0.0,False,0.5,,,1.9874,False,,,True
normcmp_G_stopauth_20260708_153944,459,17.366668,1783521591.510634,0.977467,0.500095,-0.0,3.141485,0.2,-0.003122,0.199817,0.000142,camera_link,17.366668,gnm_closed_loop,,nominal,,True,ok,third_party/visualnav-transformer/model_weights/gnm/gnm.pth,13.05,0.3,-0.0031,0.841,-0.0026,6.59,,,gnm_closed_loop,0.2,-0.003122,normalized_stop_ab_20260708,G,stop_authority_normalized_pred,normalized_pred_gate,,3,0.5,10.09,0.6531,False,hospital_fresh_medium_G,1.9775,True,0.3,-0.003122,0.2,-0.003122,True,armed,False,,True,shadow,results/bo_reviewer_packet/temporal_stop_head/22_temporal_stop_head_model.pt,0.123,0.0,False,0.5,,,1.9775,False,,,True
normcmp_G_stopauth_20260708_153944,460,17.383334,1783521591.513711,0.974143,0.500096,-0.0,3.141485,0.2,-0.003122,0.199817,0.000142,camera_link,17.383334,gnm_closed_loop,,nominal,,True,ok,third_party/visualnav-transformer/model_weights/gnm/gnm.pth,13.05,0.3,-0.0031,0.841,-0.0026,6.59,,,gnm_closed_loop,0.2,-0.003122,normalized_stop_ab_20260708,G,stop_authority_normalized_pred,normalized_pred_gate,,3,0.5,10.09,0.6531,False,hospital_fresh_medium_G,1.9741,True,0.3,-0.003122,0.2,-0.003122,True,armed,False,,True,shadow,results/bo_reviewer_packet/temporal_stop_head/22_temporal_stop_head_model.pt,0.123,0.0,False,0.5,,,1.9775,False,,,True
normcmp_G_stopauth_20260708_153944,461,17.400001,1783521591.516605,0.970818,0.500096,-0.0,3.141485,0.2,-0.003122,0.199817,0.000142,camera_link,17.400001,gnm_closed_loop,,nominal,,True,ok,third_party/visualnav-transformer/model_weights/gnm/gnm.pth,13.05,0.3,-0.0031,0.841,-0.0026,6.59,,,gnm_closed_loop,0.2,-0.003122,normalized_stop_ab_20260708,G,stop_authority_normalized_pred,normalized_pred_gate,,3,0.5,10.09,0.6531,False,hospital_fresh_medium_G,1.9708,True,0.3,-0.003122,0.2,-0.003122,True,armed,False,,True,shadow,results/bo_reviewer_packet/temporal_stop_head/22_temporal_stop_head_model.pt,0.123,0.0,False,0.5,,,1.9775,False,,,True
normcmp_G_stopauth_20260708_153944,462,17.416668,1783521591.541431,0.967493,0.500096,-0.0,3.141485,0.2,-0.00386,0.199826,0.000836,camera_link,17.416668,gnm_closed_loop,,nominal,,True,ok,third_party/visualnav-transformer/model_weights/gnm/gnm.pth,13.13,0.3,-0.0039,0.8392,-0.0032,6.65,,,gnm_closed_loop,0.2,-0.00386,normalized_stop_ab_20260708,G,stop_authority_normalized_pred,normalized_pred_gate,,3,0.5,10.09,0.6591,False,hospital_fresh_medium_G,1.9675,True,0.3,-0.00386,0.2,-0.00386,True,armed,False,,True,shadow,results/bo_reviewer_packet/temporal_stop_head/22_temporal_stop_head_model.pt,0.113,0.0,False,0.5,,,1.9675,False,,,True
normcmp_G_stopauth_20260708_153944,463,17.433334,1783521591.543679,0.964168,0.500097,-0.0,3.141484,0.2,-0.00386,0.199826,0.000836,camera_link,17.433334,gnm_closed_loop,,nominal,,True,ok,third_party/visualnav-transformer/model_weights/gnm/gnm.pth,13.13,0.3,-0.0039,0.8392,-0.0032,6.65,,,gnm_closed_loop,0.2,-0.00386,normalized_stop_ab_20260708,G,stop_authority_normalized_pred,normalized_pred_gate,,3,0.5,10.09,0.6591,False,hospital_fresh_medium_G,1.9642,True,0.3,-0.00386,0.2,-0.00386,True,armed,False,,True,shadow,results/bo_reviewer_packet/temporal_stop_head/22_temporal_stop_head_model.pt,0.113,0.0,False,0.5,,,1.9675,False,,,True
normcmp_G_stopauth_20260708_153944,464,17.450001,1783521591.546093,0.960844,0.500097,-0.0,3.141484,0.2,-0.00386,0.199826,0.000836,camera_link,17.450001,gnm_closed_loop,,nominal,,True,ok,third_party/visualnav-transformer/model_weights/gnm/gnm.pth,13.13,0.3,-0.0039,0.8392,-0.0032,6.65,,,gnm_closed_loop,0.2,-0.00386,normalized_stop_ab_20260708,G,stop_authority_normalized_pred,normalized_pred_gate,,3,0.5,10.09,0.6591,False,hospital_fresh_medium_G,1.9608,True,0.3,-0.00386,0.2,-0.00386,True,armed,False,,True,shadow,results/bo_reviewer_packet/temporal_stop_head/22_temporal_stop_head_model.pt,0.113,0.0,False,0.5,,,1.9675,False,,,True
normcmp_G_stopauth_20260708_153944,465,17.466668,1783521591.569682,0.957519,0.500097,-0.0,3.141485,0.2,-0.004322,0.199846,0.000137,camera_link,17.466668,gnm_closed_loop,,nominal,,True,ok,third_party/visualnav-transformer/model_weights/gnm/gnm.pth,14.05,0.3,-0.0043,0.8335,-0.0036,6.71,,,gnm_closed_loop,0.2,-0.004322,normalized_stop_ab_20260708,G,stop_authority_normalized_pred,normalized_pred_gate,,3,0.5,10.09,0.665,False,hospital_fresh_medium_G,1.9575,True,0.3,-0.004322,0.2,-0.004322,True,armed,False,,True,shadow,results/bo_reviewer_packet/temporal_stop_head/22_temporal_stop_head_model.pt,0.113,0.0,False,0.5,,,1.9575,False,,,True
normcmp_G_stopauth_20260708_153944,466,17.483334,1783521591.571876,0.954194,0.500098,-0.0,3.141485,0.2,-0.004322,0.199846,0.000137,camera_link,17.483334,gnm_closed_loop,,nominal,,True,ok,third_party/visualnav-transformer/model_weights/gnm/gnm.pth,14.05,0.3,-0.0043,0.8335,-0.0036,6.71,,,gnm_closed_loop,0.2,-0.004322,normalized_stop_ab_20260708,G,stop_authority_normalized_pred,normalized_pred_gate,,3,0.5,10.09,0.665,False,hospital_fresh_medium_G,1.9542,True,0.3,-0.004322,0.2,-0.004322,True,armed,False,,True,shadow,results/bo_reviewer_packet/temporal_stop_head/22_temporal_stop_head_model.pt,0.113,0.0,False,0.5,,,1.9575,False,,,True
normcmp_G_stopauth_20260708_153944,467,17.500001,1783521591.573803,0.950869,0.500098,-0.0,3.141484,0.2,-0.004322,0.199846,0.000137,camera_link,17.500001,gnm_closed_loop,,nominal,,True,ok,third_party/visualnav-transformer/model_weights/gnm/gnm.pth,14.05,0.3,-0.0043,0.8335,-0.0036,6.71,,,gnm_closed_loop,0.2,-0.004322,normalized_stop_ab_20260708,G,stop_authority_normalized_pred,normalized_pred_gate,,3,0.5,10.09,0.665,False,hospital_fresh_medium_G,1.9509,True,0.3,-0.004322,0.2,-0.004322,True,armed,False,,True,shadow,results/bo_reviewer_packet/temporal_stop_head/22_temporal_stop_head_model.pt,0.113,0.0,False,0.5,,,1.9575,False,,,True
normcmp_G_stopauth_20260708_153944,468,17.516668,1783521591.602504,0.947544,0.500099,-0.0,3.141484,0.2,-0.004946,0.199844,0.00037,camera_link,17.516668,gnm_closed_loop,,nominal,,True,ok,third_party/visualnav-transformer/model_weights/gnm/gnm.pth,15.9,0.3,-0.0049,0.8328,-0.0041,6.76,,,gnm_closed_loop,0.2,-0.004946,normalized_stop_ab_20260708,G,stop_authority_normalized_pred,normalized_pred_gate,,3,0.5,10.09,0.67,False,hospital_fresh_medium_G,1.9475,True,0.3,-0.004946,0.2,-0.004946,True,armed,False,,True,shadow,results/bo_reviewer_packet/temporal_stop_head/22_temporal_stop_head_model.pt,0.137,0.0,False,0.5,,,1.9475,False,,,True
normcmp_G_stopauth_20260708_153944,469,17.533334,1783521591.60485,0.94422,0.500099,-0.0,3.141484,0.2,-0.004946,0.199844,0.00037,camera_link,17.533334,gnm_closed_loop,,nominal,,True,ok,third_party/visualnav-transformer/model_weights/gnm/gnm.pth,15.9,0.3,-0.0049,0.8328,-0.0041,6.76,,,gnm_closed_loop,0.2,-0.004946,normalized_stop_ab_20260708,G,stop_authority_normalized_pred,normalized_pred_gate,,3,0.5,10.09,0.67,False,hospital_fresh_medium_G,1.9442,True,0.3,-0.004946,0.2,-0.004946,True,armed,False,,True,shadow,results/bo_reviewer_packet/temporal_stop_head/22_temporal_stop_head_model.pt,0.137,0.0,False,0.5,,,1.9475,False,,,True
normcmp_G_stopauth_20260708_153944,470,17.550001,1783521591.606832,0.940895,0.500099,-0.0,3.141484,0.2,-0.004946,0.199844,0.00037,camera_link,17.550001,gnm_closed_loop,,nominal,,True,ok,third_party/visualnav-transformer/model_weights/gnm/gnm.pth,15.9,0.3,-0.0049,0.8328,-0.0041,6.76,,,gnm_closed_loop,0.2,-0.004946,normalized_stop_ab_20260708,G,stop_authority_normalized_pred,normalized_pred_gate,,3,0.5,10.09,0.67,False,hospital_fresh_medium_G,1.9409,True,0.3,-0.004946,0.2,-0.004946,True,armed,False,,True,shadow,results/bo_reviewer_packet/temporal_stop_head/22_temporal_stop_head_model.pt,0.137,0.0,False,0.5,,,1.9475,False,,,True
normcmp_G_stopauth_20260708_153944,471,17.566668,1783521591.631347,0.937571,0.5001,-0.0,3.141483,0.2,-0.005628,0.199844,0.000977,camera_link,17.566668,gnm_closed_loop,,nominal,,True,ok,third_party/visualnav-transformer/model_weights/gnm/gnm.pth,13.06,0.3,-0.0056,0.833,-0.0047,6.79,,,gnm_closed_loop,0.2,-0.005628,normalized_stop_ab_20260708,G,stop_authority_normalized_pred,normalized_pred_gate,,3,0.5,10.09,0.6729,False,hospital_fresh_medium_G,1.9376,True,0.3,-0.005628,0.2,-0.005628,True,armed,False,,True,shadow,results/bo_reviewer_packet/temporal_stop_head/22_temporal_stop_head_model.pt,0.142,0.0,False,0.5,,,1.9376,False,,,True
normcmp_G_stopauth_20260708_153944,472,17.583334,1783521591.633846,0.934246,0.5001,-0.0,3.141483,0.2,-0.005628,0.199844,0.000977,camera_link,17.583334,gnm_closed_loop,,nominal,,True,ok,third_party/visualnav-transformer/model_weights/gnm/gnm.pth,13.06,0.3,-0.0056,0.833,-0.0047,6.79,,,gnm_closed_loop,0.2,-0.005628,normalized_stop_ab_20260708,G,stop_authority_normalized_pred,normalized_pred_gate,,3,0.5,10.09,0.6729,False,hospital_fresh_medium_G,1.9342,True,0.3,-0.005628,0.2,-0.005628,True,armed,False,,True,shadow,results/bo_reviewer_packet/temporal_stop_head/22_temporal_stop_head_model.pt,0.142,0.0,False,0.5,,,1.9376,False,,,True
normcmp_G_stopauth_20260708_153944,473,17.600001,1783521591.636152,0.930921,0.500101,-0.0,3.141483,0.2,-0.005628,0.199844,0.000977,camera_link,17.600001,gnm_closed_loop,,nominal,,True,ok,third_party/visualnav-transformer/model_weights/gnm/gnm.pth,13.06,0.3,-0.0056,0.833,-0.0047,6.79,,,gnm_closed_loop,0.2,-0.005628,normalized_stop_ab_20260708,G,stop_authority_normalized_pred,normalized_pred_gate,,3,0.5,10.09,0.6729,False,hospital_fresh_medium_G,1.9309,True,0.3,-0.005628,0.2,-0.005628,True,armed,False,,True,shadow,results/bo_reviewer_packet/temporal_stop_head/22_temporal_stop_head_model.pt,0.142,0.0,False,0.5,,,1.9376,False,,,True
normcmp_G_stopauth_20260708_153944,474,17.616668,1783521591.660365,0.927596,0.500101,-0.0,3.141483,0.2,-0.006031,0.199835,-5e-05,camera_link,17.616668,gnm_closed_loop,,nominal,,True,ok,third_party/visualnav-transformer/model_weights/gnm/gnm.pth,12.88,0.3,-0.006,0.8324,-0.005,6.83,,,gnm_closed_loop,0.2,-0.006031,normalized_stop_ab_20260708,G,stop_authority_normalized_pred,normalized_pred_gate,,3,0.5,10.09,0.6769,False,hospital_fresh_medium_G,1.9276,True,0.3,-0.006031,0.2,-0.006031,True,armed,False,,True,shadow,results/bo_reviewer_packet/temporal_stop_head/22_temporal_stop_head_model.pt,0.156,0.0,False,0.5,,,1.9276,False,,,True
normcmp_G_stopauth_20260708_153944,475,17.633334,1783521591.662902,0.924271,0.500102,-0.0,3.141483,0.2,-0.006031,0.199835,-5e-05,camera_link,17.633334,gnm_closed_loop,,nominal,,True,ok,third_party/visualnav-transformer/model_weights/gnm/gnm.pth,12.88,0.3,-0.006,0.8324,-0.005,6.83,,,gnm_closed_loop,0.2,-0.006031,normalized_stop_ab_20260708,G,stop_authority_normalized_pred,normalized_pred_gate,,3,0.5,10.09,0.6769,False,hospital_fresh_medium_G,1.9243,True,0.3,-0.006031,0.2,-0.006031,True,armed,False,,True,shadow,results/bo_reviewer_packet/temporal_stop_head/22_temporal_stop_head_model.pt,0.156,0.0,False,0.5,,,1.9276,False,,,True
normcmp_G_stopauth_20260708_153944,476,17.650001,1783521591.665008,0.920946,0.500102,-0.0,3.141482,0.2,-0.006031,0.199835,-5e-05,camera_link,17.650001,gnm_closed_loop,,nominal,,True,ok,third_party/visualnav-transformer/model_weights/gnm/gnm.pth,12.88,0.3,-0.006,0.8324,-0.005,6.83,,,gnm_closed_loop,0.2,-0.006031,normalized_stop_ab_20260708,G,stop_authority_normalized_pred,normalized_pred_gate,,3,0.5,10.09,0.6769,False,hospital_fresh_medium_G,1.9209,True,0.3,-0.006031,0.2,-0.006031,True,armed,False,,True,shadow,results/bo_reviewer_packet/temporal_stop_head/22_temporal_stop_head_model.pt,0.156,0.0,False,0.5,,,1.9276,False,,,True
normcmp_G_stopauth_20260708_153944,477,17.666668,1783521591.687773,0.917621,0.500102,-0.0,3.141482,0.2,-0.006436,0.199814,0.000384,camera_link,17.666668,gnm_closed_loop,,nominal,,True,ok,third_party/visualnav-transformer/model_weights/gnm/gnm.pth,12.81,0.3,-0.0064,0.836,-0.0054,6.85,,,gnm_closed_loop,0.2,-0.006436,normalized_stop_ab_20260708,G,stop_authority_normalized_pred,normalized_pred_gate,,3,0.5,10.09,0.6789,False,hospital_fresh_medium_G,1.9176,True,0.3,-0.006436,0.2,-0.006436,True,armed,False,,True,shadow,results/bo_reviewer_packet/temporal_stop_head/22_temporal_stop_head_model.pt,0.12,0.0,False,0.5,,,1.9176,False,,,True
normcmp_G_stopauth_20260708_153944,478,17.683334,1783521591.690028,0.914297,0.500103,-0.0,3.141482,0.2,-0.006436,0.199814,0.000384,camera_link,17.683334,gnm_closed_loop,,nominal,,True,ok,third_party/visualnav-transformer/model_weights/gnm/gnm.pth,12.81,0.3,-0.0064,0.836,-0.0054,6.85,,,gnm_closed_loop,0.2,-0.006436,normalized_stop_ab_20260708,G,stop_authority_normalized_pred,normalized_pred_gate,,3,0.5,10.09,0.6789,False,hospital_fresh_medium_G,1.9143,True,0.3,-0.006436,0.2,-0.006436,True,armed,False,,True,shadow,results/bo_reviewer_packet/temporal_stop_head/22_temporal_stop_head_model.pt,0.12,0.0,False,0.5,,,1.9176,False,,,True
normcmp_G_stopauth_20260708_153944,479,17.700001,1783521591.692194,0.910973,0.500103,-0.0,3.141481,0.2,-0.006436,0.199814,0.000384,camera_link,17.700001,gnm_closed_loop,,nominal,,True,ok,third_party/visualnav-transformer/model_weights/gnm/gnm.pth,12.81,0.3,-0.0064,0.836,-0.0054,6.85,,,gnm_closed_loop,0.2,-0.006436,normalized_stop_ab_20260708,G,stop_authority_normalized_pred,normalized_pred_gate,,3,0.5,10.09,0.6789,False,hospital_fresh_medium_G,1.911,True,0.3,-0.006436,0.2,-0.006436,True,armed,False,,True,shadow,results/bo_reviewer_packet/temporal_stop_head/22_temporal_stop_head_model.pt,0.12,0.0,False,0.5,,,1.9176,False,,,True
normcmp_G_stopauth_20260708_153944,480,17.716668,1783521591.715516,0.907647,0.500103,-0.0,3.141481,0.2,-0.006342,0.199856,0.000221,camera_link,17.716668,gnm_closed_loop,,nominal,,True,ok,third_party/visualnav-transformer/model_weights/gnm/gnm.pth,12.98,0.3,-0.0063,0.8411,-0.0053,6.89,,,gnm_closed_loop,0.2,-0.006342,normalized_stop_ab_20260708,G,stop_authority_normalized_pred,normalized_pred_gate,,3,0.5,10.09,0.6829,False,hospital_fresh_medium_G,1.9076,True,0.3,-0.006342,0.2,-0.006342,True,armed,False,,True,shadow,results/bo_reviewer_packet/temporal_stop_head/22_temporal_stop_head_model.pt,0.112,0.0,False,0.5,,,1.9076,False,,,True
normcmp_G_stopauth_20260708_153944,481,17.733334,1783521591.717875,0.904323,0.500104,-0.0,3.141481,0.2,-0.006342,0.199856,0.000221,camera_link,17.733334,gnm_closed_loop,,nominal,,True,ok,third_party/visualnav-transformer/model_weights/gnm/gnm.pth,12.98,0.3,-0.0063,0.8411,-0.0053,6.89,,,gnm_closed_loop,0.2,-0.006342,normalized_stop_ab_20260708,G,stop_authority_normalized_pred,normalized_pred_gate,,3,0.5,10.09,0.6829,False,hospital_fresh_medium_G,1.9043,True,0.3,-0.006342,0.2,-0.006342,True,armed,False,,True,shadow,results/bo_reviewer_packet/temporal_stop_head/22_temporal_stop_head_model.pt,0.112,0.0,False,0.5,,,1.9076,False,,,True
normcmp_G_stopauth_20260708_153944,482,17.750001,1783521591.719777,0.900999,0.500104,-0.0,3.141481,0.2,-0.006342,0.199856,0.000221,camera_link,17.750001,gnm_closed_loop,,nominal,,True,ok,third_party/visualnav-transformer/model_weights/gnm/gnm.pth,12.98,0.3,-0.0063,0.8411,-0.0053,6.89,,,gnm_closed_loop,0.2,-0.006342,normalized_stop_ab_20260708,G,stop_authority_normalized_pred,normalized_pred_gate,,3,0.5,10.09,0.6829,False,hospital_fresh_medium_G,1.901,True,0.3,-0.006342,0.2,-0.006342,True,armed,False,,True,shadow,results/bo_reviewer_packet/temporal_stop_head/22_temporal_stop_head_model.pt,0.112,0.0,False,0.5,,,1.9076,False,,,True
normcmp_G_stopauth_20260708_153944,483,17.766668,1783521591.743697,0.897675,0.500105,-0.0,3.14148,0.2,-0.006239,0.199839,0.000563,camera_link,17.766668,gnm_closed_loop,,nominal,,True,ok,third_party/visualnav-transformer/model_weights/gnm/gnm.pth,12.86,0.3,-0.0062,0.8462,-0.0053,6.93,,,gnm_closed_loop,0.2,-0.006239,normalized_stop_ab_20260708,G,stop_authority_normalized_pred,normalized_pred_gate,,3,0.5,10.09,0.6868,False,hospital_fresh_medium_G,1.8977,True,0.3,-0.006239,0.2,-0.006239,True,armed,False,,True,shadow,results/bo_reviewer_packet/temporal_stop_head/22_temporal_stop_head_model.pt,0.122,0.0,False,0.5,,,1.8977,False,,,True
normcmp_G_stopauth_20260708_153944,484,17.783334,1783521591.746065,0.89435,0.500105,-0.0,3.14148,0.2,-0.006239,0.199839,0.000563,camera_link,17.783334,gnm_closed_loop,,nominal,,True,ok,third_party/visualnav-transformer/model_weights/gnm/gnm.pth,12.86,0.3,-0.0062,0.8462,-0.0053,6.93,,,gnm_closed_loop,0.2,-0.006239,normalized_stop_ab_20260708,G,stop_authority_normalized_pred,normalized_pred_gate,,3,0.5,10.09,0.6868,False,hospital_fresh_medium_G,1.8944,True,0.3,-0.006239,0.2,-0.006239,True,armed,False,,True,shadow,results/bo_reviewer_packet/temporal_stop_head/22_temporal_stop_head_model.pt,0.122,0.0,False,0.5,,,1.8977,False,,,True
normcmp_G_stopauth_20260708_153944,485,17.800001,1783521591.748033,0.891026,0.500105,-0.0,3.14148,0.2,-0.006239,0.199839,0.000563,camera_link,17.800001,gnm_closed_loop,,nominal,,True,ok,third_party/visualnav-transformer/model_weights/gnm/gnm.pth,12.86,0.3,-0.0062,0.8462,-0.0053,6.93,,,gnm_closed_loop,0.2,-0.006239,normalized_stop_ab_20260708,G,stop_authority_normalized_pred,normalized_pred_gate,,3,0.5,10.09,0.6868,False,hospital_fresh_medium_G,1.891,True,0.3,-0.006239,0.2,-0.006239,True,armed,False,,True,shadow,results/bo_reviewer_packet/temporal_stop_head/22_temporal_stop_head_model.pt,0.122,0.0,False,0.5,,,1.8977,False,,,True
normcmp_G_stopauth_20260708_153944,486,17.816668,1783521591.770639,0.887701,0.500106,-0.0,3.14148,0.2,-0.006317,0.199835,-5.6e-05,camera_link,17.816668,gnm_closed_loop,,nominal,,True,ok,third_party/visualnav-transformer/model_weights/gnm/gnm.pth,12.76,0.3,-0.0063,0.8452,-0.0053,6.89,,,gnm_closed_loop,0.2,-0.006317,normalized_stop_ab_20260708,G,stop_authority_normalized_pred,normalized_pred_gate,,3,0.5,10.09,0.6829,False,hospital_fresh_medium_G,1.8877,True,0.3,-0.006317,0.2,-0.006317,True,armed,False,,True,shadow,results/bo_reviewer_packet/temporal_stop_head/22_temporal_stop_head_model.pt,0.109,0.0,False,0.5,,,1.8877,False,,,True
normcmp_G_stopauth_20260708_153944,487,17.833334,1783521591.772799,0.884377,0.500106,-0.0,3.14148,0.2,-0.006317,0.199835,-5.6e-05,camera_link,17.833334,gnm_closed_loop,,nominal,,True,ok,third_party/visualnav-transformer/model_weights/gnm/gnm.pth,12.76,0.3,-0.0063,0.8452,-0.0053,6.89,,,gnm_closed_loop,0.2,-0.006317,normalized_stop_ab_20260708,G,stop_authority_normalized_pred,normalized_pred_gate,,3,0.5,10.09,0.6829,False,hospital_fresh_medium_G,1.8844,True,0.3,-0.006317,0.2,-0.006317,True,armed,False,,True,shadow,results/bo_reviewer_packet/temporal_stop_head/22_temporal_stop_head_model.pt,0.109,0.0,False,0.5,,,1.8877,False,,,True
normcmp_G_stopauth_20260708_153944,488,17.850001,1783521591.774774,0.881052,0.500106,-0.0,3.14148,0.2,-0.006317,0.199835,-5.6e-05,camera_link,17.850001,gnm_closed_loop,,nominal,,True,ok,third_party/visualnav-transformer/model_weights/gnm/gnm.pth,12.76,0.3,-0.0063,0.8452,-0.0053,6.89,,,gnm_closed_loop,0.2,-0.006317,normalized_stop_ab_20260708,G,stop_authority_normalized_pred,normalized_pred_gate,,3,0.5,10.09,0.6829,False,hospital_fresh_medium_G,1.8811,True,0.3,-0.006317,0.2,-0.006317,True,armed,False,,True,shadow,results/bo_reviewer_packet/temporal_stop_head/22_temporal_stop_head_model.pt,0.109,0.0,False,0.5,,,1.8877,False,,,True
normcmp_G_stopauth_20260708_153944,489,17.866668,1783521591.798838,0.877728,0.500107,-0.0,3.141479,0.2,-0.006608,0.199838,0.000367,camera_link,17.866668,gnm_closed_loop,,nominal,,True,ok,third_party/visualnav-transformer/model_weights/gnm/gnm.pth,14.19,0.3,-0.0066,0.8363,-0.0055,6.83,,,gnm_closed_loop,0.2,-0.006608,normalized_stop_ab_20260708,G,stop_authority_normalized_pred,normalized_pred_gate,,3,0.5,10.09,0.6769,False,hospital_fresh_medium_G,1.8777,True,0.3,-0.006608,0.2,-0.006608,True,armed,False,,True,shadow,results/bo_reviewer_packet/temporal_stop_head/22_temporal_stop_head_model.pt,0.112,0.0,False,0.5,,,1.8777,False,,,True
normcmp_G_stopauth_20260708_153944,490,17.883334,1783521591.801148,0.874404,0.500107,-0.0,3.141479,0.2,-0.006608,0.199838,0.000367,camera_link,17.883334,gnm_closed_loop,,nominal,,True,ok,third_party/visualnav-transformer/model_weights/gnm/gnm.pth,14.19,0.3,-0.0066,0.8363,-0.0055,6.83,,,gnm_closed_loop,0.2,-0.006608,normalized_stop_ab_20260708,G,stop_authority_normalized_pred,normalized_pred_gate,,3,0.5,10.09,0.6769,False,hospital_fresh_medium_G,1.8744,True,0.3,-0.006608,0.2,-0.006608,True,armed,False,,True,shadow,results/bo_reviewer_packet/temporal_stop_head/22_temporal_stop_head_model.pt,0.112,0.0,False,0.5,,,1.8777,False,,,True
normcmp_G_stopauth_20260708_153944,491,17.900001,1783521591.802989,0.87108,0.500108,-0.0,3.141479,0.2,-0.006608,0.199838,0.000367,camera_link,17.900001,gnm_closed_loop,,nominal,,True,ok,third_party/visualnav-transformer/model_weights/gnm/gnm.pth,14.19,0.3,-0.0066,0.8363,-0.0055,6.83,,,gnm_closed_loop,0.2,-0.006608,normalized_stop_ab_20260708,G,stop_authority_normalized_pred,normalized_pred_gate,,3,0.5,10.09,0.6769,False,hospital_fresh_medium_G,1.8711,True,0.3,-0.006608,0.2,-0.006608,True,armed,False,,True,shadow,results/bo_reviewer_packet/temporal_stop_head/22_temporal_stop_head_model.pt,0.112,0.0,False,0.5,,,1.8777,False,,,True
normcmp_G_stopauth_20260708_153944,492,17.916668,1783521591.827021,0.867755,0.500108,-0.0,3.141478,0.2,-0.007321,0.19983,0.000539,camera_link,17.916668,gnm_closed_loop,,nominal,,True,ok,third_party/visualnav-transformer/model_weights/gnm/gnm.pth,12.89,0.3,-0.0073,0.8263,-0.006,6.85,,,gnm_closed_loop,0.2,-0.007321,normalized_stop_ab_20260708,G,stop_authority_normalized_pred,normalized_pred_gate,,3,0.5,10.09,0.6789,False,hospital_fresh_medium_G,1.8678,True,0.3,-0.007321,0.2,-0.007321,True,armed,False,,True,shadow,results/bo_reviewer_packet/temporal_stop_head/22_temporal_stop_head_model.pt,0.135,0.0,False,0.5,,,1.8678,False,,,True
normcmp_G_stopauth_20260708_153944,493,17.933334,1783521591.829697,0.864431,0.500108,-0.0,3.141479,0.2,-0.007321,0.19983,0.000539,camera_link,17.933334,gnm_closed_loop,,nominal,,True,ok,third_party/visualnav-transformer/model_weights/gnm/gnm.pth,12.89,0.3,-0.0073,0.8263,-0.006,6.85,,,gnm_closed_loop,0.2,-0.007321,normalized_stop_ab_20260708,G,stop_authority_normalized_pred,normalized_pred_gate,,3,0.5,10.09,0.6789,False,hospital_fresh_medium_G,1.8644,True,0.3,-0.007321,0.2,-0.007321,True,armed,False,,True,shadow,results/bo_reviewer_packet/temporal_stop_head/22_temporal_stop_head_model.pt,0.135,0.0,False,0.5,,,1.8678,False,,,True
normcmp_G_stopauth_20260708_153944,494,17.950001,1783521591.831629,0.861106,0.500109,-0.0,3.141478,0.2,-0.007321,0.19983,0.000539,camera_link,17.950001,gnm_closed_loop,,nominal,,True,ok,third_party/visualnav-transformer/model_weights/gnm/gnm.pth,12.89,0.3,-0.0073,0.8263,-0.006,6.85,,,gnm_closed_loop,0.2,-0.007321,normalized_stop_ab_20260708,G,stop_authority_normalized_pred,normalized_pred_gate,,3,0.5,10.09,0.6789,False,hospital_fresh_medium_G,1.8611,True,0.3,-0.007321,0.2,-0.007321,True,armed,False,,True,shadow,results/bo_reviewer_packet/temporal_stop_head/22_temporal_stop_head_model.pt,0.135,0.0,False,0.5,,,1.8678,False,,,True
normcmp_G_stopauth_20260708_153944,495,17.966668,1783521591.855279,0.857782,0.500109,-0.0,3.141478,0.2,-0.007894,0.19983,0.000779,camera_link,17.966668,gnm_closed_loop,,nominal,,True,ok,third_party/visualnav-transformer/model_weights/gnm/gnm.pth,12.89,0.3,-0.0079,0.8198,-0.0065,6.88,,,gnm_closed_loop,0.2,-0.007894,normalized_stop_ab_20260708,G,stop_authority_normalized_pred,normalized_pred_gate,,3,0.5,10.09,0.6819,False,hospital_fresh_medium_G,1.8578,True,0.3,-0.007894,0.2,-0.007894,True,armed,False,,True,shadow,results/bo_reviewer_packet/temporal_stop_head/22_temporal_stop_head_model.pt,0.127,0.0,False,0.5,,,1.8578,False,,,True
normcmp_G_stopauth_20260708_153944,496,17.983334,1783521591.857553,0.854457,0.500109,-0.0,3.141477,0.2,-0.007894,0.19983,0.000779,camera_link,17.983334,gnm_closed_loop,,nominal,,True,ok,third_party/visualnav-transformer/model_weights/gnm/gnm.pth,12.89,0.3,-0.0079,0.8198,-0.0065,6.88,,,gnm_closed_loop,0.2,-0.007894,normalized_stop_ab_20260708,G,stop_authority_normalized_pred,normalized_pred_gate,,3,0.5,10.09,0.6819,False,hospital_fresh_medium_G,1.8545,True,0.3,-0.007894,0.2,-0.007894,True,armed,False,,True,shadow,results/bo_reviewer_packet/temporal_stop_head/22_temporal_stop_head_model.pt,0.127,0.0,False,0.5,,,1.8578,False,,,True
normcmp_G_stopauth_20260708_153944,497,18.000001,1783521591.859429,0.851133,0.50011,-0.0,3.141477,0.2,-0.007894,0.19983,0.000779,camera_link,18.000001,gnm_closed_loop,,nominal,,True,ok,third_party/visualnav-transformer/model_weights/gnm/gnm.pth,12.89,0.3,-0.0079,0.8198,-0.0065,6.88,,,gnm_closed_loop,0.2,-0.007894,normalized_stop_ab_20260708,G,stop_authority_normalized_pred,normalized_pred_gate,,3,0.5,10.09,0.6819,False,hospital_fresh_medium_G,1.8511,True,0.3,-0.007894,0.2,-0.007894,True,armed,False,,True,shadow,results/bo_reviewer_packet/temporal_stop_head/22_temporal_stop_head_model.pt,0.127,0.0,False,0.5,,,1.8578,False,,,True
normcmp_G_stopauth_20260708_153944,498,18.016668,1783521591.883451,0.847808,0.50011,-0.0,3.141476,0.2,-0.008208,0.199835,0.000196,camera_link,18.016668,gnm_closed_loop,,nominal,,True,ok,third_party/visualnav-transformer/model_weights/gnm/gnm.pth,12.87,0.3,-0.0082,0.8118,-0.0067,6.9,,,gnm_closed_loop,0.2,-0.008208,normalized_stop_ab_20260708,G,stop_authority_normalized_pred,normalized_pred_gate,,3,0.5,10.09,0.6838,False,hospital_fresh_medium_G,1.8478,True,0.3,-0.008208,0.2,-0.008208,True,armed,False,,True,shadow,results/bo_reviewer_packet/temporal_stop_head/22_temporal_stop_head_model.pt,0.111,0.0,False,0.5,,,1.8478,False,,,True
normcmp_G_stopauth_20260708_153944,499,18.033334,1783521591.88576,0.844484,0.500111,-0.0,3.141476,0.2,-0.008208,0.199835,0.000196,camera_link,18.033334,gnm_closed_loop,,nominal,,True,ok,third_party/visualnav-transformer/model_weights/gnm/gnm.pth,12.87,0.3,-0.0082,0.8118,-0.0067,6.9,,,gnm_closed_loop,0.2,-0.008208,normalized_stop_ab_20260708,G,stop_authority_normalized_pred,normalized_pred_gate,,3,0.5,10.09,0.6838,False,hospital_fresh_medium_G,1.8445,True,0.3,-0.008208,0.2,-0.008208,True,armed,False,,True,shadow,results/bo_reviewer_packet/temporal_stop_head/22_temporal_stop_head_model.pt,0.111,0.0,False,0.5,,,1.8478,False,,,True
normcmp_G_stopauth_20260708_153944,500,18.050001,1783521591.88768,0.84116,0.500111,-0.0,3.141476,0.2,-0.008208,0.199835,0.000196,camera_link,18.050001,gnm_closed_loop,,nominal,,True,ok,third_party/visualnav-transformer/model_weights/gnm/gnm.pth,12.87,0.3,-0.0082,0.8118,-0.0067,6.9,,,gnm_closed_loop,0.2,-0.008208,normalized_stop_ab_20260708,G,stop_authority_normalized_pred,normalized_pred_gate,,3,0.5,10.09,0.6838,False,hospital_fresh_medium_G,1.8412,True,0.3,-0.008208,0.2,-0.008208,True,armed,False,,True,shadow,results/bo_reviewer_packet/temporal_stop_head/22_temporal_stop_head_model.pt,0.111,0.0,False,0.5,,,1.8478,False,,,True
normcmp_G_stopauth_20260708_153944,501,18.066668,1783521591.91259,0.837835,0.500112,-0.0,3.141475,0.2,-0.007928,0.199842,0.000435,camera_link,18.066668,gnm_closed_loop,,nominal,,True,ok,third_party/visualnav-transformer/model_weights/gnm/gnm.pth,13.0,0.3,-0.0079,0.8042,-0.0064,6.87,,,gnm_closed_loop,0.2,-0.007928,normalized_stop_ab_20260708,G,stop_authority_normalized_pred,normalized_pred_gate,,3,0.5,10.09,0.6809,False,hospital_fresh_medium_G,1.8378,True,0.3,-0.007928,0.2,-0.007928,True,armed,False,,True,shadow,results/bo_reviewer_packet/temporal_stop_head/22_temporal_stop_head_model.pt,0.111,0.0,False,0.5,,,1.8378,False,,,True
normcmp_G_stopauth_20260708_153944,502,18.083334,1783521591.915229,0.834511,0.500112,-0.0,3.141475,0.2,-0.007928,0.199842,0.000435,camera_link,18.083334,gnm_closed_loop,,nominal,,True,ok,third_party/visualnav-transformer/model_weights/gnm/gnm.pth,13.0,0.3,-0.0079,0.8042,-0.0064,6.87,,,gnm_closed_loop,0.2,-0.007928,normalized_stop_ab_20260708,G,stop_authority_normalized_pred,normalized_pred_gate,,3,0.5,10.09,0.6809,False,hospital_fresh_medium_G,1.8345,True,0.3,-0.007928,0.2,-0.007928,True,armed,False,,True,shadow,results/bo_reviewer_packet/temporal_stop_head/22_temporal_stop_head_model.pt,0.111,0.0,False,0.5,,,1.8378,False,,,True
normcmp_G_stopauth_20260708_153944,503,18.100001,1783521591.917233,0.831186,0.500113,-0.0,3.141475,0.2,-0.007928,0.199842,0.000435,camera_link,18.100001,gnm_closed_loop,,nominal,,True,ok,third_party/visualnav-transformer/model_weights/gnm/gnm.pth,13.0,0.3,-0.0079,0.8042,-0.0064,6.87,,,gnm_closed_loop,0.2,-0.007928,normalized_stop_ab_20260708,G,stop_authority_normalized_pred,normalized_pred_gate,,3,0.5,10.09,0.6809,False,hospital_fresh_medium_G,1.8312,True,0.3,-0.007928,0.2,-0.007928,True,armed,False,,True,shadow,results/bo_reviewer_packet/temporal_stop_head/22_temporal_stop_head_model.pt,0.111,0.0,False,0.5,,,1.8378,False,,,True
normcmp_G_stopauth_20260708_153944,504,18.116668,1783521591.941338,0.827862,0.500113,-0.0,3.141474,0.2,-0.007514,0.199833,0.000608,camera_link,18.116668,gnm_closed_loop,,nominal,,True,ok,third_party/visualnav-transformer/model_weights/gnm/gnm.pth,13.67,0.3,-0.0075,0.8038,-0.006,6.82,,,gnm_closed_loop,0.2,-0.007514,normalized_stop_ab_20260708,G,stop_authority_normalized_pred,normalized_pred_gate,,3,0.5,10.09,0.6759,False,hospital_fresh_medium_G,1.8279,True,0.3,-0.007514,0.2,-0.007514,True,armed,False,,True,shadow,results/bo_reviewer_packet/temporal_stop_head/22_temporal_stop_head_model.pt,0.115,0.0,False,0.5,,,1.8279,False,,,True
normcmp_G_stopauth_20260708_153944,505,18.133334,1783521591.944689,0.824537,0.500113,-0.0,3.141474,0.2,-0.007514,0.199833,0.000608,camera_link,18.133334,gnm_closed_loop,,nominal,,True,ok,third_party/visualnav-transformer/model_weights/gnm/gnm.pth,13.67,0.3,-0.0075,0.8038,-0.006,6.82,,,gnm_closed_loop,0.2,-0.007514,normalized_stop_ab_20260708,G,stop_authority_normalized_pred,normalized_pred_gate,,3,0.5,10.09,0.6759,False,hospital_fresh_medium_G,1.8245,True,0.3,-0.007514,0.2,-0.007514,True,armed,False,,True,shadow,results/bo_reviewer_packet/temporal_stop_head/22_temporal_stop_head_model.pt,0.115,0.0,False,0.5,,,1.8279,False,,,True
normcmp_G_stopauth_20260708_153944,506,18.150001,1783521591.947738,0.821213,0.500114,-0.0,3.141474,0.2,-0.007514,0.199833,0.000608,camera_link,18.150001,gnm_closed_loop,,nominal,,True,ok,third_party/visualnav-transformer/model_weights/gnm/gnm.pth,13.67,0.3,-0.0075,0.8038,-0.006,6.82,,,gnm_closed_loop,0.2,-0.007514,normalized_stop_ab_20260708,G,stop_authority_normalized_pred,normalized_pred_gate,,3,0.5,10.09,0.6759,False,hospital_fresh_medium_G,1.8212,True,0.3,-0.007514,0.2,-0.007514,True,armed,False,,True,shadow,results/bo_reviewer_packet/temporal_stop_head/22_temporal_stop_head_model.pt,0.115,0.0,False,0.5,,,1.8279,False,,,True
normcmp_G_stopauth_20260708_153944,507,18.166668,1783521591.975235,0.817889,0.500114,-0.0,3.141473,0.2,-0.007512,0.199832,0.000588,camera_link,18.166668,gnm_closed_loop,,nominal,,True,ok,third_party/visualnav-transformer/model_weights/gnm/gnm.pth,13.89,0.3,-0.0075,0.8057,-0.0061,6.76,,,gnm_closed_loop,0.2,-0.007512,normalized_stop_ab_20260708,G,stop_authority_normalized_pred,normalized_pred_gate,,3,0.5,10.09,0.67,False,hospital_fresh_medium_G,1.8179,True,0.3,-0.007512,0.2,-0.007512,True,armed,False,,True,shadow,results/bo_reviewer_packet/temporal_stop_head/22_temporal_stop_head_model.pt,0.12,0.0,False,0.5,,,1.8179,False,,,True
normcmp_G_stopauth_20260708_153944,508,18.183334,1783521591.978272,0.814564,0.500115,-0.0,3.141473,0.2,-0.007512,0.199832,0.000588,camera_link,18.183334,gnm_closed_loop,,nominal,,True,ok,third_party/visualnav-transformer/model_weights/gnm/gnm.pth,13.89,0.3,-0.0075,0.8057,-0.0061,6.76,,,gnm_closed_loop,0.2,-0.007512,normalized_stop_ab_20260708,G,stop_authority_normalized_pred,normalized_pred_gate,,3,0.5,10.09,0.67,False,hospital_fresh_medium_G,1.8146,True,0.3,-0.007512,0.2,-0.007512,True,armed,False,,True,shadow,results/bo_reviewer_packet/temporal_stop_head/22_temporal_stop_head_model.pt,0.12,0.0,False,0.5,,,1.8179,False,,,True
normcmp_G_stopauth_20260708_153944,509,18.200001,1783521591.980307,0.81124,0.500115,-0.0,3.141473,0.2,-0.007512,0.199832,0.000588,camera_link,18.200001,gnm_closed_loop,,nominal,,True,ok,third_party/visualnav-transformer/model_weights/gnm/gnm.pth,13.89,0.3,-0.0075,0.8057,-0.0061,6.76,,,gnm_closed_loop,0.2,-0.007512,normalized_stop_ab_20260708,G,stop_authority_normalized_pred,normalized_pred_gate,,3,0.5,10.09,0.67,False,hospital_fresh_medium_G,1.8112,True,0.3,-0.007512,0.2,-0.007512,True,armed,False,,True,shadow,results/bo_reviewer_packet/temporal_stop_head/22_temporal_stop_head_model.pt,0.12,0.0,False,0.5,,,1.8179,False,,,True
normcmp_G_stopauth_20260708_153944,510,18.216668,1783521592.006496,0.807915,0.500115,-0.0,3.141473,0.2,-0.007231,0.199826,0.00049,camera_link,18.216668,gnm_closed_loop,,nominal,,True,ok,third_party/visualnav-transformer/model_weights/gnm/gnm.pth,13.53,0.3,-0.0072,0.8035,-0.0058,6.71,,,gnm_closed_loop,0.2,-0.007231,normalized_stop_ab_20260708,G,stop_authority_normalized_pred,normalized_pred_gate,,3,0.5,10.09,0.665,False,hospital_fresh_medium_G,1.8079,True,0.3,-0.007231,0.2,-0.007231,True,armed,False,,True,shadow,results/bo_reviewer_packet/temporal_stop_head/22_temporal_stop_head_model.pt,0.132,0.0,False,0.5,,,1.8079,False,,,True
normcmp_G_stopauth_20260708_153944,511,18.233334,1783521592.009202,0.80459,0.500116,-0.0,3.141473,0.2,-0.007231,0.199826,0.00049,camera_link,18.233334,gnm_closed_loop,,nominal,,True,ok,third_party/visualnav-transformer/model_weights/gnm/gnm.pth,13.53,0.3,-0.0072,0.8035,-0.0058,6.71,,,gnm_closed_loop,0.2,-0.007231,normalized_stop_ab_20260708,G,stop_authority_normalized_pred,normalized_pred_gate,,3,0.5,10.09,0.665,False,hospital_fresh_medium_G,1.8046,True,0.3,-0.007231,0.2,-0.007231,True,armed,False,,True,shadow,results/bo_reviewer_packet/temporal_stop_head/22_temporal_stop_head_model.pt,0.132,0.0,False,0.5,,,1.8079,False,,,True
normcmp_G_stopauth_20260708_153944,512,18.250001,1783521592.011506,0.801266,0.500117,-0.0,3.141473,0.2,-0.007231,0.199826,0.00049,camera_link,18.250001,gnm_closed_loop,,nominal,,True,ok,third_party/visualnav-transformer/model_weights/gnm/gnm.pth,13.53,0.3,-0.0072,0.8035,-0.0058,6.71,,,gnm_closed_loop,0.2,-0.007231,normalized_stop_ab_20260708,G,stop_authority_normalized_pred,normalized_pred_gate,,3,0.5,10.09,0.665,False,hospital_fresh_medium_G,1.8013,True,0.3,-0.007231,0.2,-0.007231,True,armed,False,,True,shadow,results/bo_reviewer_packet/temporal_stop_head/22_temporal_stop_head_model.pt,0.132,0.0,False,0.5,,,1.8079,False,,,True
normcmp_G_stopauth_20260708_153944,513,18.266668,1783521592.03641,0.797942,0.500117,-0.0,3.141472,0.2,-0.007003,0.199831,0.000558,camera_link,18.266668,gnm_closed_loop,,nominal,,True,ok,third_party/visualnav-transformer/model_weights/gnm/gnm.pth,13.49,0.3,-0.007,0.8104,-0.0057,6.73,,,gnm_closed_loop,0.2,-0.007003,normalized_stop_ab_20260708,G,stop_authority_normalized_pred,normalized_pred_gate,,3,0.5,10.09,0.667,False,hospital_fresh_medium_G,1.7979,True,0.3,-0.007003,0.2,-0.007003,True,armed,False,,True,shadow,results/bo_reviewer_packet/temporal_stop_head/22_temporal_stop_head_model.pt,0.121,0.0,False,0.5,,,1.7979,False,,,True
normcmp_G_stopauth_20260708_153944,514,18.283334,1783521592.038953,0.794616,0.500117,-0.0,3.141472,0.2,-0.007003,0.199831,0.000558,camera_link,18.283334,gnm_closed_loop,,nominal,,True,ok,third_party/visualnav-transformer/model_weights/gnm/gnm.pth,13.49,0.3,-0.007,0.8104,-0.0057,6.73,,,gnm_closed_loop,0.2,-0.007003,normalized_stop_ab_20260708,G,stop_authority_normalized_pred,normalized_pred_gate,,3,0.5,10.09,0.667,False,hospital_fresh_medium_G,1.7946,True,0.3,-0.007003,0.2,-0.007003,True,armed,False,,True,shadow,results/bo_reviewer_packet/temporal_stop_head/22_temporal_stop_head_model.pt,0.121,0.0,False,0.5,,,1.7979,False,,,True
normcmp_G_stopauth_20260708_153944,515,18.300001,1783521592.040846,0.791291,0.500118,-0.0,3.141472,0.2,-0.007003,0.199831,0.000558,camera_link,18.300001,gnm_closed_loop,,nominal,,True,ok,third_party/visualnav-transformer/model_weights/gnm/gnm.pth,13.49,0.3,-0.007,0.8104,-0.0057,6.73,,,gnm_closed_loop,0.2,-0.007003,normalized_stop_ab_20260708,G,stop_authority_normalized_pred,normalized_pred_gate,,3,0.5,10.09,0.667,False,hospital_fresh_medium_G,1.7913,True,0.3,-0.007003,0.2,-0.007003,True,armed,False,,True,shadow,results/bo_reviewer_packet/temporal_stop_head/22_temporal_stop_head_model.pt,0.121,0.0,False,0.5,,,1.7979,False,,,True
normcmp_G_stopauth_20260708_153944,516,18.316668,1783521592.064778,0.787967,0.500118,-0.0,3.141471,0.2,-0.006466,0.199838,0.000565,camera_link,18.316668,gnm_closed_loop,,nominal,,True,ok,third_party/visualnav-transformer/model_weights/gnm/gnm.pth,13.22,0.3,-0.0065,0.819,-0.0053,6.7,,,gnm_closed_loop,0.2,-0.006466,normalized_stop_ab_20260708,G,stop_authority_normalized_pred,normalized_pred_gate,,3,0.5,10.09,0.664,False,hospital_fresh_medium_G,1.788,True,0.3,-0.006466,0.2,-0.006466,True,armed,False,,True,shadow,results/bo_reviewer_packet/temporal_stop_head/22_temporal_stop_head_model.pt,0.124,0.0,False,0.5,,,1.788,False,,,True
normcmp_G_stopauth_20260708_153944,517,18.333334,1783521592.067018,0.784642,0.500118,-0.0,3.141471,0.2,-0.006466,0.199838,0.000565,camera_link,18.333334,gnm_closed_loop,,nominal,,True,ok,third_party/visualnav-transformer/model_weights/gnm/gnm.pth,13.22,0.3,-0.0065,0.819,-0.0053,6.7,,,gnm_closed_loop,0.2,-0.006466,normalized_stop_ab_20260708,G,stop_authority_normalized_pred,normalized_pred_gate,,3,0.5,10.09,0.664,False,hospital_fresh_medium_G,1.7846,True,0.3,-0.006466,0.2,-0.006466,True,armed,False,,True,shadow,results/bo_reviewer_packet/temporal_stop_head/22_temporal_stop_head_model.pt,0.124,0.0,False,0.5,,,1.788,False,,,True
normcmp_G_stopauth_20260708_153944,518,18.350001,1783521592.068963,0.781316,0.500119,-0.0,3.141471,0.2,-0.006466,0.199838,0.000565,camera_link,18.350001,gnm_closed_loop,,nominal,,True,ok,third_party/visualnav-transformer/model_weights/gnm/gnm.pth,13.22,0.3,-0.0065,0.819,-0.0053,6.7,,,gnm_closed_loop,0.2,-0.006466,normalized_stop_ab_20260708,G,stop_authority_normalized_pred,normalized_pred_gate,,3,0.5,10.09,0.664,False,hospital_fresh_medium_G,1.7813,True,0.3,-0.006466,0.2,-0.006466,True,armed,False,,True,shadow,results/bo_reviewer_packet/temporal_stop_head/22_temporal_stop_head_model.pt,0.124,0.0,False,0.5,,,1.788,False,,,True
normcmp_G_stopauth_20260708_153944,519,18.366668,1783521592.093615,0.777991,0.500119,-0.0,3.14147,0.2,-0.006241,0.19985,0.000427,camera_link,18.366668,gnm_closed_loop,,nominal,,True,ok,third_party/visualnav-transformer/model_weights/gnm/gnm.pth,13.1,0.3,-0.0062,0.8267,-0.0052,6.65,,,gnm_closed_loop,0.2,-0.006241,normalized_stop_ab_20260708,G,stop_authority_normalized_pred,normalized_pred_gate,,3,0.5,10.09,0.6591,False,hospital_fresh_medium_G,1.778,True,0.3,-0.006241,0.2,-0.006241,True,armed,False,,True,shadow,results/bo_reviewer_packet/temporal_stop_head/22_temporal_stop_head_model.pt,0.117,0.0,False,0.5,,,1.778,False,,,True
normcmp_G_stopauth_20260708_153944,520,18.383334,1783521592.096103,0.774667,0.50012,-0.0,3.14147,0.2,-0.006241,0.19985,0.000427,camera_link,18.383334,gnm_closed_loop,,nominal,,True,ok,third_party/visualnav-transformer/model_weights/gnm/gnm.pth,13.1,0.3,-0.0062,0.8267,-0.0052,6.65,,,gnm_closed_loop,0.2,-0.006241,normalized_stop_ab_20260708,G,stop_authority_normalized_pred,normalized_pred_gate,,3,0.5,10.09,0.6591,False,hospital_fresh_medium_G,1.7747,True,0.3,-0.006241,0.2,-0.006241,True,armed,False,,True,shadow,results/bo_reviewer_packet/temporal_stop_head/22_temporal_stop_head_model.pt,0.117,0.0,False,0.5,,,1.778,False,,,True
normcmp_G_stopauth_20260708_153944,521,18.400001,1783521592.098028,0.771342,0.50012,-0.0,3.14147,0.2,-0.006241,0.19985,0.000427,camera_link,18.400001,gnm_closed_loop,,nominal,,True,ok,third_party/visualnav-transformer/model_weights/gnm/gnm.pth,13.1,0.3,-0.0062,0.8267,-0.0052,6.65,,,gnm_closed_loop,0.2,-0.006241,normalized_stop_ab_20260708,G,stop_authority_normalized_pred,normalized_pred_gate,,3,0.5,10.09,0.6591,False,hospital_fresh_medium_G,1.7713,True,0.3,-0.006241,0.2,-0.006241,True,armed,False,,True,shadow,results/bo_reviewer_packet/temporal_stop_head/22_temporal_stop_head_model.pt,0.117,0.0,False,0.5,,,1.778,False,,,True
normcmp_G_stopauth_20260708_153944,522,18.416668,1783521592.121145,0.768018,0.500121,-0.0,3.14147,0.2,-0.00656,0.199839,0.000461,camera_link,18.416668,gnm_closed_loop,,nominal,,True,ok,third_party/visualnav-transformer/model_weights/gnm/gnm.pth,13.32,0.3,-0.0066,0.8361,-0.0055,6.67,,,gnm_closed_loop,0.2,-0.00656,normalized_stop_ab_20260708,G,stop_authority_normalized_pred,normalized_pred_gate,,3,0.5,10.09,0.6611,False,hospital_fresh_medium_G,1.768,True,0.3,-0.00656,0.2,-0.00656,True,armed,False,,True,shadow,results/bo_reviewer_packet/temporal_stop_head/22_temporal_stop_head_model.pt,0.111,0.0,False,0.5,,,1.768,False,,,True
normcmp_G_stopauth_20260708_153944,523,18.433334,1783521592.123359,0.764693,0.500121,-0.0,3.141469,0.2,-0.00656,0.199839,0.000461,camera_link,18.433334,gnm_closed_loop,,nominal,,True,ok,third_party/visualnav-transformer/model_weights/gnm/gnm.pth,13.32,0.3,-0.0066,0.8361,-0.0055,6.67,,,gnm_closed_loop,0.2,-0.00656,normalized_stop_ab_20260708,G,stop_authority_normalized_pred,normalized_pred_gate,,3,0.5,10.09,0.6611,False,hospital_fresh_medium_G,1.7647,True,0.3,-0.00656,0.2,-0.00656,True,armed,False,,True,shadow,results/bo_reviewer_packet/temporal_stop_head/22_temporal_stop_head_model.pt,0.111,0.0,False,0.5,,,1.768,False,,,True
normcmp_G_stopauth_20260708_153944,524,18.450001,1783521592.125429,0.761368,0.500121,-0.0,3.141469,0.2,-0.00656,0.199839,0.000461,camera_link,18.450001,gnm_closed_loop,,nominal,,True,ok,third_party/visualnav-transformer/model_weights/gnm/gnm.pth,13.32,0.3,-0.0066,0.8361,-0.0055,6.67,,,gnm_closed_loop,0.2,-0.00656,normalized_stop_ab_20260708,G,stop_authority_normalized_pred,normalized_pred_gate,,3,0.5,10.09,0.6611,False,hospital_fresh_medium_G,1.7614,True,0.3,-0.00656,0.2,-0.00656,True,armed,False,,True,shadow,results/bo_reviewer_packet/temporal_stop_head/22_temporal_stop_head_model.pt,0.111,0.0,False,0.5,,,1.768,False,,,True
normcmp_G_stopauth_20260708_153944,525,18.466668,1783521592.1478,0.758043,0.500122,-0.0,3.141469,0.2,-0.006218,0.199836,0.000201,camera_link,18.466668,gnm_closed_loop,,nominal,,True,ok,third_party/visualnav-transformer/model_weights/gnm/gnm.pth,12.84,0.3,-0.0062,0.8479,-0.0053,6.65,,,gnm_closed_loop,0.2,-0.006218,normalized_stop_ab_20260708,G,stop_authority_normalized_pred,normalized_pred_gate,,3,0.5,10.09,0.6591,False,hospital_fresh_medium_G,1.758,True,0.3,-0.006218,0.2,-0.006218,True,armed,False,,True,shadow,results/bo_reviewer_packet/temporal_stop_head/22_temporal_stop_head_model.pt,0.125,0.0,False,0.5,,,1.758,False,,,True
normcmp_G_stopauth_20260708_153944,526,18.483334,1783521592.150513,0.754718,0.500123,-0.0,3.141469,0.2,-0.006218,0.199836,0.000201,camera_link,18.483334,gnm_closed_loop,,nominal,,True,ok,third_party/visualnav-transformer/model_weights/gnm/gnm.pth,12.84,0.3,-0.0062,0.8479,-0.0053,6.65,,,gnm_closed_loop,0.2,-0.006218,normalized_stop_ab_20260708,G,stop_authority_normalized_pred,normalized_pred_gate,,3,0.5,10.09,0.6591,False,hospital_fresh_medium_G,1.7547,True,0.3,-0.006218,0.2,-0.006218,True,armed,False,,True,shadow,results/bo_reviewer_packet/temporal_stop_head/22_temporal_stop_head_model.pt,0.125,0.0,False,0.5,,,1.758,False,,,True
normcmp_G_stopauth_20260708_153944,527,18.500001,1783521592.15236,0.751394,0.500123,-0.0,3.141469,0.2,-0.006218,0.199836,0.000201,camera_link,18.500001,gnm_closed_loop,,nominal,,True,ok,third_party/visualnav-transformer/model_weights/gnm/gnm.pth,12.84,0.3,-0.0062,0.8479,-0.0053,6.65,,,gnm_closed_loop,0.2,-0.006218,normalized_stop_ab_20260708,G,stop_authority_normalized_pred,normalized_pred_gate,,3,0.5,10.09,0.6591,False,hospital_fresh_medium_G,1.7514,True,0.3,-0.006218,0.2,-0.006218,True,armed,False,,True,shadow,results/bo_reviewer_packet/temporal_stop_head/22_temporal_stop_head_model.pt,0.125,0.0,False,0.5,,,1.758,False,,,True
normcmp_G_stopauth_20260708_153944,528,18.516668,1783521592.175743,0.748069,0.500123,-0.0,3.141468,0.2,-0.006441,0.199842,0.000493,camera_link,18.516668,gnm_closed_loop,,nominal,,True,ok,third_party/visualnav-transformer/model_weights/gnm/gnm.pth,12.77,0.3,-0.0064,0.8481,-0.0055,6.59,,,gnm_closed_loop,0.2,-0.006441,normalized_stop_ab_20260708,G,stop_authority_normalized_pred,normalized_pred_gate,,3,0.5,10.09,0.6531,False,hospital_fresh_medium_G,1.7481,True,0.3,-0.006441,0.2,-0.006441,True,armed,False,,True,shadow,results/bo_reviewer_packet/temporal_stop_head/22_temporal_stop_head_model.pt,0.118,0.0,False,0.5,,,1.7481,False,,,True
normcmp_G_stopauth_20260708_153944,529,18.533334,1783521592.178208,0.744745,0.500124,-0.0,3.141468,0.2,-0.006441,0.199842,0.000493,camera_link,18.533334,gnm_closed_loop,,nominal,,True,ok,third_party/visualnav-transformer/model_weights/gnm/gnm.pth,12.77,0.3,-0.0064,0.8481,-0.0055,6.59,,,gnm_closed_loop,0.2,-0.006441,normalized_stop_ab_20260708,G,stop_authority_normalized_pred,normalized_pred_gate,,3,0.5,10.09,0.6531,False,hospital_fresh_medium_G,1.7447,True,0.3,-0.006441,0.2,-0.006441,True,armed,False,,True,shadow,results/bo_reviewer_packet/temporal_stop_head/22_temporal_stop_head_model.pt,0.118,0.0,False,0.5,,,1.7481,False,,,True
normcmp_G_stopauth_20260708_153944,530,18.550001,1783521592.180139,0.74142,0.500124,-0.0,3.141468,0.2,-0.006441,0.199842,0.000493,camera_link,18.550001,gnm_closed_loop,,nominal,,True,ok,third_party/visualnav-transformer/model_weights/gnm/gnm.pth,12.77,0.3,-0.0064,0.8481,-0.0055,6.59,,,gnm_closed_loop,0.2,-0.006441,normalized_stop_ab_20260708,G,stop_authority_normalized_pred,normalized_pred_gate,,3,0.5,10.09,0.6531,False,hospital_fresh_medium_G,1.7414,True,0.3,-0.006441,0.2,-0.006441,True,armed,False,,True,shadow,results/bo_reviewer_packet/temporal_stop_head/22_temporal_stop_head_model.pt,0.118,0.0,False,0.5,,,1.7481,False,,,True
normcmp_G_stopauth_20260708_153944,531,18.566668,1783521592.203495,0.738095,0.500125,-0.0,3.141468,0.2,-0.006595,0.199828,0.000319,camera_link,18.566668,gnm_closed_loop,,nominal,,True,ok,third_party/visualnav-transformer/model_weights/gnm/gnm.pth,12.83,0.3,-0.0066,0.8421,-0.0056,6.66,,,gnm_closed_loop,0.2,-0.006595,normalized_stop_ab_20260708,G,stop_authority_normalized_pred,normalized_pred_gate,,3,0.5,10.09,0.6601,False,hospital_fresh_medium_G,1.7381,True,0.3,-0.006595,0.2,-0.006595,True,armed,False,,True,shadow,results/bo_reviewer_packet/temporal_stop_head/22_temporal_stop_head_model.pt,0.123,0.0,False,0.5,,,1.7381,False,,,True
normcmp_G_stopauth_20260708_153944,532,18.583334,1783521592.205829,0.734771,0.500125,-0.0,3.141467,0.2,-0.006595,0.199828,0.000319,camera_link,18.583334,gnm_closed_loop,,nominal,,True,ok,third_party/visualnav-transformer/model_weights/gnm/gnm.pth,12.83,0.3,-0.0066,0.8421,-0.0056,6.66,,,gnm_closed_loop,0.2,-0.006595,normalized_stop_ab_20260708,G,stop_authority_normalized_pred,normalized_pred_gate,,3,0.5,10.09,0.6601,False,hospital_fresh_medium_G,1.7348,True,0.3,-0.006595,0.2,-0.006595,True,armed,False,,True,shadow,results/bo_reviewer_packet/temporal_stop_head/22_temporal_stop_head_model.pt,0.123,0.0,False,0.5,,,1.7381,False,,,True
normcmp_G_stopauth_20260708_153944,533,18.600001,1783521592.207847,0.731446,0.500125,-0.0,3.141467,0.2,-0.006595,0.199828,0.000319,camera_link,18.600001,gnm_closed_loop,,nominal,,True,ok,third_party/visualnav-transformer/model_weights/gnm/gnm.pth,12.83,0.3,-0.0066,0.8421,-0.0056,6.66,,,gnm_closed_loop,0.2,-0.006595,normalized_stop_ab_20260708,G,stop_authority_normalized_pred,normalized_pred_gate,,3,0.5,10.09,0.6601,False,hospital_fresh_medium_G,1.7314,True,0.3,-0.006595,0.2,-0.006595,True,armed,False,,True,shadow,results/bo_reviewer_packet/temporal_stop_head/22_temporal_stop_head_model.pt,0.123,0.0,False,0.5,,,1.7381,False,,,True
normcmp_G_stopauth_20260708_153944,534,18.616668,1783521592.231275,0.728121,0.500126,-0.0,3.141466,0.2,-0.007037,0.19981,0.000444,camera_link,18.616668,gnm_closed_loop,,nominal,,True,ok,third_party/visualnav-transformer/model_weights/gnm/gnm.pth,12.94,0.3,-0.007,0.8295,-0.0058,6.68,,,gnm_closed_loop,0.2,-0.007037,normalized_stop_ab_20260708,G,stop_authority_normalized_pred,normalized_pred_gate,,3,0.5,10.09,0.662,False,hospital_fresh_medium_G,1.7281,True,0.3,-0.007037,0.2,-0.007037,True,armed,False,,True,shadow,results/bo_reviewer_packet/temporal_stop_head/22_temporal_stop_head_model.pt,0.129,0.0,False,0.5,,,1.7281,False,,,True
normcmp_G_stopauth_20260708_153944,535,18.633334,1783521592.233619,0.724796,0.500126,-0.0,3.141466,0.2,-0.007037,0.19981,0.000444,camera_link,18.633334,gnm_closed_loop,,nominal,,True,ok,third_party/visualnav-transformer/model_weights/gnm/gnm.pth,12.94,0.3,-0.007,0.8295,-0.0058,6.68,,,gnm_closed_loop,0.2,-0.007037,normalized_stop_ab_20260708,G,stop_authority_normalized_pred,normalized_pred_gate,,3,0.5,10.09,0.662,False,hospital_fresh_medium_G,1.7248,True,0.3,-0.007037,0.2,-0.007037,True,armed,False,,True,shadow,results/bo_reviewer_packet/temporal_stop_head/22_temporal_stop_head_model.pt,0.129,0.0,False,0.5,,,1.7281,False,,,True
normcmp_G_stopauth_20260708_153944,536,18.650001,1783521592.235505,0.721471,0.500127,-0.0,3.141466,0.2,-0.007037,0.19981,0.000444,camera_link,18.650001,gnm_closed_loop,,nominal,,True,ok,third_party/visualnav-transformer/model_weights/gnm/gnm.pth,12.94,0.3,-0.007,0.8295,-0.0058,6.68,,,gnm_closed_loop,0.2,-0.007037,normalized_stop_ab_20260708,G,stop_authority_normalized_pred,normalized_pred_gate,,3,0.5,10.09,0.662,False,hospital_fresh_medium_G,1.7215,True,0.3,-0.007037,0.2,-0.007037,True,armed,False,,True,shadow,results/bo_reviewer_packet/temporal_stop_head/22_temporal_stop_head_model.pt,0.129,0.0,False,0.5,,,1.7281,False,,,True
normcmp_G_stopauth_20260708_153944,537,18.666668,1783521592.260061,0.718146,0.500127,-0.0,3.141466,0.2,-0.006844,0.199834,9.4e-05,camera_link,18.666668,gnm_closed_loop,,nominal,,True,ok,third_party/visualnav-transformer/model_weights/gnm/gnm.pth,13.05,0.3,-0.0068,0.8193,-0.0056,6.73,,,gnm_closed_loop,0.2,-0.006844,normalized_stop_ab_20260708,G,stop_authority_normalized_pred,normalized_pred_gate,,3,0.5,10.09,0.667,False,hospital_fresh_medium_G,1.7181,True,0.3,-0.006844,0.2,-0.006844,True,armed,False,,True,shadow,results/bo_reviewer_packet/temporal_stop_head/22_temporal_stop_head_model.pt,0.138,0.0,False,0.5,,,1.7181,False,,,True
normcmp_G_stopauth_20260708_153944,538,18.683334,1783521592.262471,0.714821,0.500127,-0.0,3.141466,0.2,-0.006844,0.199834,9.4e-05,camera_link,18.683334,gnm_closed_loop,,nominal,,True,ok,third_party/visualnav-transformer/model_weights/gnm/gnm.pth,13.05,0.3,-0.0068,0.8193,-0.0056,6.73,,,gnm_closed_loop,0.2,-0.006844,normalized_stop_ab_20260708,G,stop_authority_normalized_pred,normalized_pred_gate,,3,0.5,10.09,0.667,False,hospital_fresh_medium_G,1.7148,True,0.3,-0.006844,0.2,-0.006844,True,armed,False,,True,shadow,results/bo_reviewer_packet/temporal_stop_head/22_temporal_stop_head_model.pt,0.138,0.0,False,0.5,,,1.7181,False,,,True
normcmp_G_stopauth_20260708_153944,539,18.700001,1783521592.265153,0.711496,0.500128,-0.0,3.141466,0.2,-0.006844,0.199834,9.4e-05,camera_link,18.700001,gnm_closed_loop,,nominal,,True,ok,third_party/visualnav-transformer/model_weights/gnm/gnm.pth,13.05,0.3,-0.0068,0.8193,-0.0056,6.73,,,gnm_closed_loop,0.2,-0.006844,normalized_stop_ab_20260708,G,stop_authority_normalized_pred,normalized_pred_gate,,3,0.5,10.09,0.667,False,hospital_fresh_medium_G,1.7115,True,0.3,-0.006844,0.2,-0.006844,True,armed,False,,True,shadow,results/bo_reviewer_packet/temporal_stop_head/22_temporal_stop_head_model.pt,0.138,0.0,False,0.5,,,1.7181,False,,,True
normcmp_G_stopauth_20260708_153944,540,18.716668,1783521592.28912,0.708172,0.500128,-0.0,3.141466,0.2,-0.006618,0.199834,-0.000195,camera_link,18.716668,gnm_closed_loop,,nominal,,True,ok,third_party/visualnav-transformer/model_weights/gnm/gnm.pth,13.02,0.3,-0.0066,0.8189,-0.0054,6.74,,,gnm_closed_loop,0.2,-0.006618,normalized_stop_ab_20260708,G,stop_authority_normalized_pred,normalized_pred_gate,,3,0.5,10.09,0.668,False,hospital_fresh_medium_G,1.7082,True,0.3,-0.006618,0.2,-0.006618,True,armed,False,,True,shadow,results/bo_reviewer_packet/temporal_stop_head/22_temporal_stop_head_model.pt,0.124,0.0,False,0.5,,,1.7082,False,,,True
normcmp_G_stopauth_20260708_153944,541,18.733334,1783521592.291551,0.704847,0.500129,-0.0,3.141466,0.2,-0.006618,0.199834,-0.000195,camera_link,18.733334,gnm_closed_loop,,nominal,,True,ok,third_party/visualnav-transformer/model_weights/gnm/gnm.pth,13.02,0.3,-0.0066,0.8189,-0.0054,6.74,,,gnm_closed_loop,0.2,-0.006618,normalized_stop_ab_20260708,G,stop_authority_normalized_pred,normalized_pred_gate,,3,0.5,10.09,0.668,False,hospital_fresh_medium_G,1.7048,True,0.3,-0.006618,0.2,-0.006618,True,armed,False,,True,shadow,results/bo_reviewer_packet/temporal_stop_head/22_temporal_stop_head_model.pt,0.124,0.0,False,0.5,,,1.7082,False,,,True
normcmp_G_stopauth_20260708_153944,542,18.750001,1783521592.293363,0.701522,0.500129,-0.0,3.141466,0.2,-0.006618,0.199834,-0.000195,camera_link,18.750001,gnm_closed_loop,,nominal,,True,ok,third_party/visualnav-transformer/model_weights/gnm/gnm.pth,13.02,0.3,-0.0066,0.8189,-0.0054,6.74,,,gnm_closed_loop,0.2,-0.006618,normalized_stop_ab_20260708,G,stop_authority_normalized_pred,normalized_pred_gate,,3,0.5,10.09,0.668,False,hospital_fresh_medium_G,1.7015,True,0.3,-0.006618,0.2,-0.006618,True,armed,False,,True,shadow,results/bo_reviewer_packet/temporal_stop_head/22_temporal_stop_head_model.pt,0.124,0.0,False,0.5,,,1.7082,False,,,True
normcmp_G_stopauth_20260708_153944,543,18.766668,1783521592.322695,0.698197,0.500129,-0.0,3.141465,0.2,-0.006302,0.199846,0.000565,camera_link,18.766668,gnm_closed_loop,,nominal,,True,ok,third_party/visualnav-transformer/model_weights/gnm/gnm.pth,18.01,0.3,-0.0063,0.8222,-0.0052,6.71,,,gnm_closed_loop,0.2,-0.006302,normalized_stop_ab_20260708,G,stop_authority_normalized_pred,normalized_pred_gate,,3,0.5,10.09,0.665,False,hospital_fresh_medium_G,1.6982,True,0.3,-0.006302,0.2,-0.006302,True,armed,False,,True,shadow,results/bo_reviewer_packet/temporal_stop_head/22_temporal_stop_head_model.pt,0.114,0.0,False,0.5,,,1.6982,False,,,True
normcmp_G_stopauth_20260708_153944,544,18.783334,1783521592.325249,0.694872,0.50013,-0.0,3.141465,0.2,-0.006302,0.199846,0.000565,camera_link,18.783334,gnm_closed_loop,,nominal,,True,ok,third_party/visualnav-transformer/model_weights/gnm/gnm.pth,18.01,0.3,-0.0063,0.8222,-0.0052,6.71,,,gnm_closed_loop,0.2,-0.006302,normalized_stop_ab_20260708,G,stop_authority_normalized_pred,normalized_pred_gate,,3,0.5,10.09,0.665,False,hospital_fresh_medium_G,1.6949,True,0.3,-0.006302,0.2,-0.006302,True,armed,False,,True,shadow,results/bo_reviewer_packet/temporal_stop_head/22_temporal_stop_head_model.pt,0.114,0.0,False,0.5,,,1.6982,False,,,True
normcmp_G_stopauth_20260708_153944,545,18.800001,1783521592.32847,0.691548,0.50013,-0.0,3.141465,0.2,-0.006302,0.199846,0.000565,camera_link,18.800001,gnm_closed_loop,,nominal,,True,ok,third_party/visualnav-transformer/model_weights/gnm/gnm.pth,18.01,0.3,-0.0063,0.8222,-0.0052,6.71,,,gnm_closed_loop,0.2,-0.006302,normalized_stop_ab_20260708,G,stop_authority_normalized_pred,normalized_pred_gate,,3,0.5,10.09,0.665,False,hospital_fresh_medium_G,1.6915,True,0.3,-0.006302,0.2,-0.006302,True,armed,False,,True,shadow,results/bo_reviewer_packet/temporal_stop_head/22_temporal_stop_head_model.pt,0.114,0.0,False,0.5,,,1.6982,False,,,True
normcmp_G_stopauth_20260708_153944,546,18.816668,1783521592.359913,0.688223,0.500131,-0.0,3.141464,0.2,-0.006128,0.199847,0.000164,camera_link,18.816668,gnm_closed_loop,,nominal,,True,ok,third_party/visualnav-transformer/model_weights/gnm/gnm.pth,13.42,0.3,-0.0061,0.8277,-0.0051,6.71,,,gnm_closed_loop,0.2,-0.006128,normalized_stop_ab_20260708,G,stop_authority_normalized_pred,normalized_pred_gate,,3,0.5,10.09,0.665,False,hospital_fresh_medium_G,1.6882,True,0.3,-0.006128,0.2,-0.006128,True,armed,False,,True,shadow,results/bo_reviewer_packet/temporal_stop_head/22_temporal_stop_head_model.pt,0.126,0.0,False,0.5,,,1.6882,False,,,True
normcmp_G_stopauth_20260708_153944,547,18.833334,1783521592.362905,0.684899,0.500131,-0.0,3.141464,0.2,-0.006128,0.199847,0.000164,camera_link,18.833334,gnm_closed_loop,,nominal,,True,ok,third_party/visualnav-transformer/model_weights/gnm/gnm.pth,13.42,0.3,-0.0061,0.8277,-0.0051,6.71,,,gnm_closed_loop,0.2,-0.006128,normalized_stop_ab_20260708,G,stop_authority_normalized_pred,normalized_pred_gate,,3,0.5,10.09,0.665,False,hospital_fresh_medium_G,1.6849,True,0.3,-0.006128,0.2,-0.006128,True,armed,False,,True,shadow,results/bo_reviewer_packet/temporal_stop_head/22_temporal_stop_head_model.pt,0.126,0.0,False,0.5,,,1.6882,False,,,True
normcmp_G_stopauth_20260708_153944,548,18.850001,1783521592.365331,0.681574,0.500131,-0.0,3.141465,0.2,-0.006128,0.199847,0.000164,camera_link,18.850001,gnm_closed_loop,,nominal,,True,ok,third_party/visualnav-transformer/model_weights/gnm/gnm.pth,13.42,0.3,-0.0061,0.8277,-0.0051,6.71,,,gnm_closed_loop,0.2,-0.006128,normalized_stop_ab_20260708,G,stop_authority_normalized_pred,normalized_pred_gate,,3,0.5,10.09,0.665,False,hospital_fresh_medium_G,1.6816,True,0.3,-0.006128,0.2,-0.006128,True,armed,False,,True,shadow,results/bo_reviewer_packet/temporal_stop_head/22_temporal_stop_head_model.pt,0.126,0.0,False,0.5,,,1.6882,False,,,True
normcmp_G_stopauth_20260708_153944,549,18.866668,1783521592.396858,0.67825,0.500132,-0.0,3.141465,0.2,-0.006453,0.199813,0.000134,camera_link,18.866668,gnm_closed_loop,,nominal,,True,ok,third_party/visualnav-transformer/model_weights/gnm/gnm.pth,18.45,0.3,-0.0065,0.8286,-0.0053,6.71,,,gnm_closed_loop,0.2,-0.006453,normalized_stop_ab_20260708,G,stop_authority_normalized_pred,normalized_pred_gate,,3,0.5,10.09,0.665,False,hospital_fresh_medium_G,1.6782,True,0.3,-0.006453,0.2,-0.006453,True,armed,False,,True,shadow,results/bo_reviewer_packet/temporal_stop_head/22_temporal_stop_head_model.pt,0.131,0.0,False,0.5,,,1.6782,False,,,True
normcmp_G_stopauth_20260708_153944,550,18.883334,1783521592.399372,0.674926,0.500132,-0.0,3.141464,0.2,-0.006453,0.199813,0.000134,camera_link,18.883334,gnm_closed_loop,,nominal,,True,ok,third_party/visualnav-transformer/model_weights/gnm/gnm.pth,18.45,0.3,-0.0065,0.8286,-0.0053,6.71,,,gnm_closed_loop,0.2,-0.006453,normalized_stop_ab_20260708,G,stop_authority_normalized_pred,normalized_pred_gate,,3,0.5,10.09,0.665,False,hospital_fresh_medium_G,1.6749,True,0.3,-0.006453,0.2,-0.006453,True,armed,False,,True,shadow,results/bo_reviewer_packet/temporal_stop_head/22_temporal_stop_head_model.pt,0.131,0.0,False,0.5,,,1.6782,False,,,True
normcmp_G_stopauth_20260708_153944,551,18.900001,1783521592.401936,0.671601,0.500133,-0.0,3.141464,0.2,-0.006453,0.199813,0.000134,camera_link,18.900001,gnm_closed_loop,,nominal,,True,ok,third_party/visualnav-transformer/model_weights/gnm/gnm.pth,18.45,0.3,-0.0065,0.8286,-0.0053,6.71,,,gnm_closed_loop,0.2,-0.006453,normalized_stop_ab_20260708,G,stop_authority_normalized_pred,normalized_pred_gate,,3,0.5,10.09,0.665,False,hospital_fresh_medium_G,1.6716,True,0.3,-0.006453,0.2,-0.006453,True,armed,False,,True,shadow,results/bo_reviewer_packet/temporal_stop_head/22_temporal_stop_head_model.pt,0.131,0.0,False,0.5,,,1.6782,False,,,True
normcmp_G_stopauth_20260708_153944,552,18.916668,1783521592.426502,0.668276,0.500133,-0.0,3.141464,0.2,-0.006036,0.199833,0.000139,camera_link,18.916668,gnm_closed_loop,,nominal,,True,ok,third_party/visualnav-transformer/model_weights/gnm/gnm.pth,13.13,0.3,-0.006,0.8328,-0.005,6.67,,,gnm_closed_loop,0.2,-0.006036,normalized_stop_ab_20260708,G,stop_authority_normalized_pred,normalized_pred_gate,,3,0.5,10.09,0.6611,False,hospital_fresh_medium_G,1.6683,True,0.3,-0.006036,0.2,-0.006036,True,armed,False,,True,shadow,results/bo_reviewer_packet/temporal_stop_head/22_temporal_stop_head_model.pt,0.126,0.0,False,0.5,,,1.6683,False,,,True
normcmp_G_stopauth_20260708_153944,553,18.933334,1783521592.429549,0.664952,0.500134,-0.0,3.141464,0.2,-0.006036,0.199833,0.000139,camera_link,18.933334,gnm_closed_loop,,nominal,,True,ok,third_party/visualnav-transformer/model_weights/gnm/gnm.pth,13.13,0.3,-0.006,0.8328,-0.005,6.67,,,gnm_closed_loop,0.2,-0.006036,normalized_stop_ab_20260708,G,stop_authority_normalized_pred,normalized_pred_gate,,3,0.5,10.09,0.6611,False,hospital_fresh_medium_G,1.665,True,0.3,-0.006036,0.2,-0.006036,True,armed,False,,True,shadow,results/bo_reviewer_packet/temporal_stop_head/22_temporal_stop_head_model.pt,0.126,0.0,False,0.5,,,1.6683,False,,,True
normcmp_G_stopauth_20260708_153944,554,18.950001,1783521592.431382,0.661627,0.500134,-0.0,3.141464,0.2,-0.006036,0.199833,0.000139,camera_link,18.950001,gnm_closed_loop,,nominal,,True,ok,third_party/visualnav-transformer/model_weights/gnm/gnm.pth,13.13,0.3,-0.006,0.8328,-0.005,6.67,,,gnm_closed_loop,0.2,-0.006036,normalized_stop_ab_20260708,G,stop_authority_normalized_pred,normalized_pred_gate,,3,0.5,10.09,0.6611,False,hospital_fresh_medium_G,1.6616,True,0.3,-0.006036,0.2,-0.006036,True,armed,False,,True,shadow,results/bo_reviewer_packet/temporal_stop_head/22_temporal_stop_head_model.pt,0.126,0.0,False,0.5,,,1.6683,False,,,True
normcmp_G_stopauth_20260708_153944,555,18.966668,1783521592.455771,0.658302,0.500135,-0.0,3.141464,0.2,-0.006046,0.199831,8.6e-05,camera_link,18.966668,gnm_closed_loop,,nominal,,True,ok,third_party/visualnav-transformer/model_weights/gnm/gnm.pth,12.87,0.3,-0.006,0.8397,-0.0051,6.6,,,gnm_closed_loop,0.2,-0.006046,normalized_stop_ab_20260708,G,stop_authority_normalized_pred,normalized_pred_gate,,3,0.5,10.09,0.6541,False,hospital_fresh_medium_G,1.6583,True,0.3,-0.006046,0.2,-0.006046,True,armed,False,,True,shadow,results/bo_reviewer_packet/temporal_stop_head/22_temporal_stop_head_model.pt,0.119,0.0,False,0.5,,,1.6583,False,,,True
normcmp_G_stopauth_20260708_153944,556,18.983334,1783521592.458442,0.654977,0.500135,-0.0,3.141464,0.2,-0.006046,0.199831,8.6e-05,camera_link,18.983334,gnm_closed_loop,,nominal,,True,ok,third_party/visualnav-transformer/model_weights/gnm/gnm.pth,12.87,0.3,-0.006,0.8397,-0.0051,6.6,,,gnm_closed_loop,0.2,-0.006046,normalized_stop_ab_20260708,G,stop_authority_normalized_pred,normalized_pred_gate,,3,0.5,10.09,0.6541,False,hospital_fresh_medium_G,1.655,True,0.3,-0.006046,0.2,-0.006046,True,armed,False,,True,shadow,results/bo_reviewer_packet/temporal_stop_head/22_temporal_stop_head_model.pt,0.119,0.0,False,0.5,,,1.6583,False,,,True
normcmp_G_stopauth_20260708_153944,557,19.000001,1783521592.460468,0.651653,0.500136,-0.0,3.141464,0.2,-0.006046,0.199831,8.6e-05,camera_link,19.000001,gnm_closed_loop,,nominal,,True,ok,third_party/visualnav-transformer/model_weights/gnm/gnm.pth,12.87,0.3,-0.006,0.8397,-0.0051,6.6,,,gnm_closed_loop,0.2,-0.006046,normalized_stop_ab_20260708,G,stop_authority_normalized_pred,normalized_pred_gate,,3,0.5,10.09,0.6541,False,hospital_fresh_medium_G,1.6517,True,0.3,-0.006046,0.2,-0.006046,True,armed,False,,True,shadow,results/bo_reviewer_packet/temporal_stop_head/22_temporal_stop_head_model.pt,0.119,0.0,False,0.5,,,1.6583,False,,,True
normcmp_G_stopauth_20260708_153944,558,19.016668,1783521592.484357,0.648328,0.500136,-0.0,3.141464,0.2,-0.006108,0.199845,0.000108,camera_link,19.016668,gnm_closed_loop,,nominal,,True,ok,third_party/visualnav-transformer/model_weights/gnm/gnm.pth,12.93,0.3,-0.0061,0.8409,-0.0051,6.57,,,gnm_closed_loop,0.2,-0.006108,normalized_stop_ab_20260708,G,stop_authority_normalized_pred,normalized_pred_gate,,3,0.5,10.09,0.6511,False,hospital_fresh_medium_G,1.6483,True,0.3,-0.006108,0.2,-0.006108,True,armed,False,,True,shadow,results/bo_reviewer_packet/temporal_stop_head/22_temporal_stop_head_model.pt,0.134,0.0,False,0.5,,,1.6483,False,,,True
normcmp_G_stopauth_20260708_153944,559,19.033334,1783521592.486892,0.645003,0.500136,-0.0,3.141464,0.2,-0.006108,0.199845,0.000108,camera_link,19.033334,gnm_closed_loop,,nominal,,True,ok,third_party/visualnav-transformer/model_weights/gnm/gnm.pth,12.93,0.3,-0.0061,0.8409,-0.0051,6.57,,,gnm_closed_loop,0.2,-0.006108,normalized_stop_ab_20260708,G,stop_authority_normalized_pred,normalized_pred_gate,,3,0.5,10.09,0.6511,False,hospital_fresh_medium_G,1.645,True,0.3,-0.006108,0.2,-0.006108,True,armed,False,,True,shadow,results/bo_reviewer_packet/temporal_stop_head/22_temporal_stop_head_model.pt,0.134,0.0,False,0.5,,,1.6483,False,,,True
normcmp_G_stopauth_20260708_153944,560,19.050001,1783521592.488888,0.641678,0.500137,-0.0,3.141463,0.2,-0.006108,0.199845,0.000108,camera_link,19.050001,gnm_closed_loop,,nominal,,True,ok,third_party/visualnav-transformer/model_weights/gnm/gnm.pth,12.93,0.3,-0.0061,0.8409,-0.0051,6.57,,,gnm_closed_loop,0.2,-0.006108,normalized_stop_ab_20260708,G,stop_authority_normalized_pred,normalized_pred_gate,,3,0.5,10.09,0.6511,False,hospital_fresh_medium_G,1.6417,True,0.3,-0.006108,0.2,-0.006108,True,armed,False,,True,shadow,results/bo_reviewer_packet/temporal_stop_head/22_temporal_stop_head_model.pt,0.134,0.0,False,0.5,,,1.6483,False,,,True
normcmp_G_stopauth_20260708_153944,561,19.066668,1783521592.512335,0.638353,0.500137,-0.0,3.141463,0.2,-0.005683,0.199837,0.000377,camera_link,19.066668,gnm_closed_loop,,nominal,,True,ok,third_party/visualnav-transformer/model_weights/gnm/gnm.pth,12.97,0.3,-0.0057,0.8386,-0.0048,6.51,,,gnm_closed_loop,0.2,-0.005683,normalized_stop_ab_20260708,G,stop_authority_normalized_pred,normalized_pred_gate,,3,0.5,10.09,0.6452,False,hospital_fresh_medium_G,1.6384,True,0.3,-0.005683,0.2,-0.005683,True,armed,False,,True,shadow,results/bo_reviewer_packet/temporal_stop_head/22_temporal_stop_head_model.pt,0.127,0.0,False,0.5,,,1.6384,False,,,True
normcmp_G_stopauth_20260708_153944,562,19.083334,1783521592.514714,0.635029,0.500138,-0.0,3.141463,0.2,-0.005683,0.199837,0.000377,camera_link,19.083334,gnm_closed_loop,,nominal,,True,ok,third_party/visualnav-transformer/model_weights/gnm/gnm.pth,12.97,0.3,-0.0057,0.8386,-0.0048,6.51,,,gnm_closed_loop,0.2,-0.005683,normalized_stop_ab_20260708,G,stop_authority_normalized_pred,normalized_pred_gate,,3,0.5,10.09,0.6452,False,hospital_fresh_medium_G,1.635,True,0.3,-0.005683,0.2,-0.005683,True,armed,False,,True,shadow,results/bo_reviewer_packet/temporal_stop_head/22_temporal_stop_head_model.pt,0.127,0.0,False,0.5,,,1.6384,False,,,True
normcmp_G_stopauth_20260708_153944,563,19.100001,1783521592.516727,0.631704,0.500138,-0.0,3.141463,0.2,-0.005683,0.199837,0.000377,camera_link,19.100001,gnm_closed_loop,,nominal,,True,ok,third_party/visualnav-transformer/model_weights/gnm/gnm.pth,12.97,0.3,-0.0057,0.8386,-0.0048,6.51,,,gnm_closed_loop,0.2,-0.005683,normalized_stop_ab_20260708,G,stop_authority_normalized_pred,normalized_pred_gate,,3,0.5,10.09,0.6452,False,hospital_fresh_medium_G,1.6317,True,0.3,-0.005683,0.2,-0.005683,True,armed,False,,True,shadow,results/bo_reviewer_packet/temporal_stop_head/22_temporal_stop_head_model.pt,0.127,0.0,False,0.5,,,1.6384,False,,,True
normcmp_G_stopauth_20260708_153944,564,19.116668,1783521592.539763,0.628379,0.500139,-0.0,3.141463,0.2,-0.00509,0.199833,-0.000247,camera_link,19.116668,gnm_closed_loop,,nominal,,True,ok,third_party/visualnav-transformer/model_weights/gnm/gnm.pth,12.86,0.3,-0.0051,0.8202,-0.0042,6.46,,,gnm_closed_loop,0.2,-0.00509,normalized_stop_ab_20260708,G,stop_authority_normalized_pred,normalized_pred_gate,,3,0.5,10.09,0.6402,False,hospital_fresh_medium_G,1.6284,True,0.3,-0.00509,0.2,-0.00509,True,armed,False,,True,shadow,results/bo_reviewer_packet/temporal_stop_head/22_temporal_stop_head_model.pt,0.128,0.0,False,0.5,,,1.6284,False,,,True
normcmp_G_stopauth_20260708_153944,565,19.133334,1783521592.542098,0.625054,0.500139,-0.0,3.141463,0.2,-0.00509,0.199833,-0.000247,camera_link,19.133334,gnm_closed_loop,,nominal,,True,ok,third_party/visualnav-transformer/model_weights/gnm/gnm.pth,12.86,0.3,-0.0051,0.8202,-0.0042,6.46,,,gnm_closed_loop,0.2,-0.00509,normalized_stop_ab_20260708,G,stop_authority_normalized_pred,normalized_pred_gate,,3,0.5,10.09,0.6402,False,hospital_fresh_medium_G,1.6251,True,0.3,-0.00509,0.2,-0.00509,True,armed,False,,True,shadow,results/bo_reviewer_packet/temporal_stop_head/22_temporal_stop_head_model.pt,0.128,0.0,False,0.5,,,1.6284,False,,,True
normcmp_G_stopauth_20260708_153944,566,19.150001,1783521592.543955,0.62173,0.500139,-0.0,3.141462,0.2,-0.00509,0.199833,-0.000247,camera_link,19.150001,gnm_closed_loop,,nominal,,True,ok,third_party/visualnav-transformer/model_weights/gnm/gnm.pth,12.86,0.3,-0.0051,0.8202,-0.0042,6.46,,,gnm_closed_loop,0.2,-0.00509,normalized_stop_ab_20260708,G,stop_authority_normalized_pred,normalized_pred_gate,,3,0.5,10.09,0.6402,False,hospital_fresh_medium_G,1.6217,True,0.3,-0.00509,0.2,-0.00509,True,armed,False,,True,shadow,results/bo_reviewer_packet/temporal_stop_head/22_temporal_stop_head_model.pt,0.128,0.0,False,0.5,,,1.6284,False,,,True
normcmp_G_stopauth_20260708_153944,567,19.166668,1783521592.567696,0.618404,0.50014,-0.0,3.141462,0.2,-0.004689,0.19983,0.000355,camera_link,19.166668,gnm_closed_loop,,nominal,,True,ok,third_party/visualnav-transformer/model_weights/gnm/gnm.pth,13.11,0.3,-0.0047,0.806,-0.0038,6.43,,,gnm_closed_loop,0.2,-0.004689,normalized_stop_ab_20260708,G,stop_authority_normalized_pred,normalized_pred_gate,,3,0.5,10.09,0.6373,False,hospital_fresh_medium_G,1.6184,True,0.3,-0.004689,0.2,-0.004689,True,armed,False,,True,shadow,results/bo_reviewer_packet/temporal_stop_head/22_temporal_stop_head_model.pt,0.106,0.0,False,0.5,,,1.6184,False,,,True
normcmp_G_stopauth_20260708_153944,568,19.183334,1783521592.569995,0.61508,0.50014,-0.0,3.141462,0.2,-0.004689,0.19983,0.000355,camera_link,19.183334,gnm_closed_loop,,nominal,,True,ok,third_party/visualnav-transformer/model_weights/gnm/gnm.pth,13.11,0.3,-0.0047,0.806,-0.0038,6.43,,,gnm_closed_loop,0.2,-0.004689,normalized_stop_ab_20260708,G,stop_authority_normalized_pred,normalized_pred_gate,,3,0.5,10.09,0.6373,False,hospital_fresh_medium_G,1.6151,True,0.3,-0.004689,0.2,-0.004689,True,armed,False,,True,shadow,results/bo_reviewer_packet/temporal_stop_head/22_temporal_stop_head_model.pt,0.106,0.0,False,0.5,,,1.6184,False,,,True
normcmp_G_stopauth_20260708_153944,569,19.200001,1783521592.57218,0.611754,0.500141,-0.0,3.141462,0.2,-0.004689,0.19983,0.000355,camera_link,19.200001,gnm_closed_loop,,nominal,,True,ok,third_party/visualnav-transformer/model_weights/gnm/gnm.pth,13.11,0.3,-0.0047,0.806,-0.0038,6.43,,,gnm_closed_loop,0.2,-0.004689,normalized_stop_ab_20260708,G,stop_authority_normalized_pred,normalized_pred_gate,,3,0.5,10.09,0.6373,False,hospital_fresh_medium_G,1.6118,True,0.3,-0.004689,0.2,-0.004689,True,armed,False,,True,shadow,results/bo_reviewer_packet/temporal_stop_head/22_temporal_stop_head_model.pt,0.106,0.0,False,0.5,,,1.6184,False,,,True
normcmp_G_stopauth_20260708_153944,570,19.216668,1783521592.595861,0.60843,0.500141,-0.0,3.141462,0.2,-0.005697,0.199831,-7.2e-05,camera_link,19.216668,gnm_closed_loop,,nominal,,True,ok,third_party/visualnav-transformer/model_weights/gnm/gnm.pth,12.74,0.3,-0.0057,0.7744,-0.0044,6.38,,,gnm_closed_loop,0.2,-0.005697,normalized_stop_ab_20260708,G,stop_authority_normalized_pred,normalized_pred_gate,,3,0.5,10.09,0.6323,False,hospital_fresh_medium_G,1.6084,True,0.3,-0.005697,0.2,-0.005697,True,armed,False,,True,shadow,results/bo_reviewer_packet/temporal_stop_head/22_temporal_stop_head_model.pt,0.104,0.0,False,0.5,,,1.6084,False,,,True
normcmp_G_stopauth_20260708_153944,571,19.233334,1783521592.598137,0.605104,0.500142,-0.0,3.141462,0.2,-0.005697,0.199831,-7.2e-05,camera_link,19.233334,gnm_closed_loop,,nominal,,True,ok,third_party/visualnav-transformer/model_weights/gnm/gnm.pth,12.74,0.3,-0.0057,0.7744,-0.0044,6.38,,,gnm_closed_loop,0.2,-0.005697,normalized_stop_ab_20260708,G,stop_authority_normalized_pred,normalized_pred_gate,,3,0.5,10.09,0.6323,False,hospital_fresh_medium_G,1.6051,True,0.3,-0.005697,0.2,-0.005697,True,armed,False,,True,shadow,results/bo_reviewer_packet/temporal_stop_head/22_temporal_stop_head_model.pt,0.104,0.0,False,0.5,,,1.6084,False,,,True
normcmp_G_stopauth_20260708_153944,572,19.250001,1783521592.600108,0.601779,0.500142,-0.0,3.141461,0.2,-0.005697,0.199831,-7.2e-05,camera_link,19.250001,gnm_closed_loop,,nominal,,True,ok,third_party/visualnav-transformer/model_weights/gnm/gnm.pth,12.74,0.3,-0.0057,0.7744,-0.0044,6.38,,,gnm_closed_loop,0.2,-0.005697,normalized_stop_ab_20260708,G,stop_authority_normalized_pred,normalized_pred_gate,,3,0.5,10.09,0.6323,False,hospital_fresh_medium_G,1.6018,True,0.3,-0.005697,0.2,-0.005697,True,armed,False,,True,shadow,results/bo_reviewer_packet/temporal_stop_head/22_temporal_stop_head_model.pt,0.104,0.0,False,0.5,,,1.6084,False,,,True
normcmp_G_stopauth_20260708_153944,573,19.266668,1783521592.622864,0.598454,0.500142,-0.0,3.141461,0.2,-0.006057,0.199838,9.2e-05,camera_link,19.266668,gnm_closed_loop,,nominal,,True,ok,third_party/visualnav-transformer/model_weights/gnm/gnm.pth,12.91,0.3,-0.0061,0.7674,-0.0046,6.32,,,gnm_closed_loop,0.2,-0.006057,normalized_stop_ab_20260708,G,stop_authority_normalized_pred,normalized_pred_gate,,3,0.5,10.09,0.6264,False,hospital_fresh_medium_G,1.5985,True,0.3,-0.006057,0.2,-0.006057,True,armed,False,,True,shadow,results/bo_reviewer_packet/temporal_stop_head/22_temporal_stop_head_model.pt,0.126,0.0,False,0.5,,,1.5985,False,,,True
normcmp_G_stopauth_20260708_153944,574,19.283334,1783521592.625305,0.595129,0.500143,-0.0,3.141461,0.2,-0.006057,0.199838,9.2e-05,camera_link,19.283334,gnm_closed_loop,,nominal,,True,ok,third_party/visualnav-transformer/model_weights/gnm/gnm.pth,12.91,0.3,-0.0061,0.7674,-0.0046,6.32,,,gnm_closed_loop,0.2,-0.006057,normalized_stop_ab_20260708,G,stop_authority_normalized_pred,normalized_pred_gate,,3,0.5,10.09,0.6264,False,hospital_fresh_medium_G,1.5951,True,0.3,-0.006057,0.2,-0.006057,True,armed,False,,True,shadow,results/bo_reviewer_packet/temporal_stop_head/22_temporal_stop_head_model.pt,0.126,0.0,False,0.5,,,1.5985,False,,,True
normcmp_G_stopauth_20260708_153944,575,19.300001,1783521592.62735,0.591803,0.500143,-0.0,3.141461,0.2,-0.006057,0.199838,9.2e-05,camera_link,19.300001,gnm_closed_loop,,nominal,,True,ok,third_party/visualnav-transformer/model_weights/gnm/gnm.pth,12.91,0.3,-0.0061,0.7674,-0.0046,6.32,,,gnm_closed_loop,0.2,-0.006057,normalized_stop_ab_20260708,G,stop_authority_normalized_pred,normalized_pred_gate,,3,0.5,10.09,0.6264,False,hospital_fresh_medium_G,1.5918,True,0.3,-0.006057,0.2,-0.006057,True,armed,False,,True,shadow,results/bo_reviewer_packet/temporal_stop_head/22_temporal_stop_head_model.pt,0.126,0.0,False,0.5,,,1.5985,False,,,True
normcmp_G_stopauth_20260708_153944,576,19.316668,1783521592.650475,0.588478,0.500144,-0.0,3.14146,0.2,-0.006368,0.199845,0.000204,camera_link,19.316668,gnm_closed_loop,,nominal,,True,ok,third_party/visualnav-transformer/model_weights/gnm/gnm.pth,13.03,0.3,-0.0064,0.7608,-0.0048,6.25,,,gnm_closed_loop,0.2,-0.006368,normalized_stop_ab_20260708,G,stop_authority_normalized_pred,normalized_pred_gate,,3,0.5,10.09,0.6194,False,hospital_fresh_medium_G,1.5885,True,0.3,-0.006368,0.2,-0.006368,True,armed,False,,True,shadow,results/bo_reviewer_packet/temporal_stop_head/22_temporal_stop_head_model.pt,0.128,0.0,False,0.5,,,1.5885,False,,,True
normcmp_G_stopauth_20260708_153944,577,19.333334,1783521592.652857,0.585153,0.500144,-0.0,3.14146,0.2,-0.006368,0.199845,0.000204,camera_link,19.333334,gnm_closed_loop,,nominal,,True,ok,third_party/visualnav-transformer/model_weights/gnm/gnm.pth,13.03,0.3,-0.0064,0.7608,-0.0048,6.25,,,gnm_closed_loop,0.2,-0.006368,normalized_stop_ab_20260708,G,stop_authority_normalized_pred,normalized_pred_gate,,3,0.5,10.09,0.6194,False,hospital_fresh_medium_G,1.5852,True,0.3,-0.006368,0.2,-0.006368,True,armed,False,,True,shadow,results/bo_reviewer_packet/temporal_stop_head/22_temporal_stop_head_model.pt,0.128,0.0,False,0.5,,,1.5885,False,,,True
normcmp_G_stopauth_20260708_153944,578,19.350001,1783521592.654783,0.581829,0.500145,-0.0,3.14146,0.2,-0.006368,0.199845,0.000204,camera_link,19.350001,gnm_closed_loop,,nominal,,True,ok,third_party/visualnav-transformer/model_weights/gnm/gnm.pth,13.03,0.3,-0.0064,0.7608,-0.0048,6.25,,,gnm_closed_loop,0.2,-0.006368,normalized_stop_ab_20260708,G,stop_authority_normalized_pred,normalized_pred_gate,,3,0.5,10.09,0.6194,False,hospital_fresh_medium_G,1.5818,True,0.3,-0.006368,0.2,-0.006368,True,armed,False,,True,shadow,results/bo_reviewer_packet/temporal_stop_head/22_temporal_stop_head_model.pt,0.128,0.0,False,0.5,,,1.5885,False,,,True
normcmp_G_stopauth_20260708_153944,579,19.366668,1783521592.677887,0.578504,0.500145,-0.0,3.14146,0.2,-0.005619,0.199855,0.000434,camera_link,19.366668,gnm_closed_loop,,nominal,,True,ok,third_party/visualnav-transformer/model_weights/gnm/gnm.pth,12.83,0.3,-0.0056,0.7667,-0.0043,6.15,,,gnm_closed_loop,0.2,-0.005619,normalized_stop_ab_20260708,G,stop_authority_normalized_pred,normalized_pred_gate,,3,0.5,10.09,0.6095,False,hospital_fresh_medium_G,1.5785,True,0.3,-0.005619,0.2,-0.005619,True,armed,False,,True,shadow,results/bo_reviewer_packet/temporal_stop_head/22_temporal_stop_head_model.pt,0.123,0.0,False,0.5,,,1.5785,False,,,True
normcmp_G_stopauth_20260708_153944,580,19.383334,1783521592.681469,0.57518,0.500146,-0.0,3.14146,0.2,-0.005619,0.199855,0.000434,camera_link,19.383334,gnm_closed_loop,,nominal,,True,ok,third_party/visualnav-transformer/model_weights/gnm/gnm.pth,12.83,0.3,-0.0056,0.7667,-0.0043,6.15,,,gnm_closed_loop,0.2,-0.005619,normalized_stop_ab_20260708,G,stop_authority_normalized_pred,normalized_pred_gate,,3,0.5,10.09,0.6095,False,hospital_fresh_medium_G,1.5752,True,0.3,-0.005619,0.2,-0.005619,True,armed,False,,True,shadow,results/bo_reviewer_packet/temporal_stop_head/22_temporal_stop_head_model.pt,0.123,0.0,False,0.5,,,1.5785,False,,,True
normcmp_G_stopauth_20260708_153944,581,19.400001,1783521592.684321,0.571855,0.500146,-0.0,3.14146,0.2,-0.005619,0.199855,0.000434,camera_link,19.400001,gnm_closed_loop,,nominal,,True,ok,third_party/visualnav-transformer/model_weights/gnm/gnm.pth,12.83,0.3,-0.0056,0.7667,-0.0043,6.15,,,gnm_closed_loop,0.2,-0.005619,normalized_stop_ab_20260708,G,stop_authority_normalized_pred,normalized_pred_gate,,3,0.5,10.09,0.6095,False,hospital_fresh_medium_G,1.5719,True,0.3,-0.005619,0.2,-0.005619,True,armed,False,,True,shadow,results/bo_reviewer_packet/temporal_stop_head/22_temporal_stop_head_model.pt,0.123,0.0,False,0.5,,,1.5785,False,,,True
normcmp_G_stopauth_20260708_153944,582,19.416668,1783521592.707792,0.568531,0.500146,-0.0,3.14146,0.2,-0.005184,0.199836,5.4e-05,camera_link,19.416668,gnm_closed_loop,,nominal,,True,ok,third_party/visualnav-transformer/model_weights/gnm/gnm.pth,12.73,0.3,-0.0052,0.7776,-0.004,6.04,,,gnm_closed_loop,0.2,-0.005184,normalized_stop_ab_20260708,G,stop_authority_normalized_pred,normalized_pred_gate,,3,0.5,10.09,0.5986,False,hospital_fresh_medium_G,1.5685,True,0.3,-0.005184,0.2,-0.005184,True,armed,False,,True,shadow,results/bo_reviewer_packet/temporal_stop_head/22_temporal_stop_head_model.pt,0.124,0.0,False,0.5,,,1.5685,False,,,True
normcmp_G_stopauth_20260708_153944,583,19.433334,1783521592.710059,0.565206,0.500147,-0.0,3.14146,0.2,-0.005184,0.199836,5.4e-05,camera_link,19.433334,gnm_closed_loop,,nominal,,True,ok,third_party/visualnav-transformer/model_weights/gnm/gnm.pth,12.73,0.3,-0.0052,0.7776,-0.004,6.04,,,gnm_closed_loop,0.2,-0.005184,normalized_stop_ab_20260708,G,stop_authority_normalized_pred,normalized_pred_gate,,3,0.5,10.09,0.5986,False,hospital_fresh_medium_G,1.5652,True,0.3,-0.005184,0.2,-0.005184,True,armed,False,,True,shadow,results/bo_reviewer_packet/temporal_stop_head/22_temporal_stop_head_model.pt,0.124,0.0,False,0.5,,,1.5685,False,,,True
normcmp_G_stopauth_20260708_153944,584,19.450001,1783521592.712482,0.561882,0.500147,-0.0,3.14146,0.2,-0.005184,0.199836,5.4e-05,camera_link,19.450001,gnm_closed_loop,,nominal,,True,ok,third_party/visualnav-transformer/model_weights/gnm/gnm.pth,12.73,0.3,-0.0052,0.7776,-0.004,6.04,,,gnm_closed_loop,0.2,-0.005184,normalized_stop_ab_20260708,G,stop_authority_normalized_pred,normalized_pred_gate,,3,0.5,10.09,0.5986,False,hospital_fresh_medium_G,1.5619,True,0.3,-0.005184,0.2,-0.005184,True,armed,False,,True,shadow,results/bo_reviewer_packet/temporal_stop_head/22_temporal_stop_head_model.pt,0.124,0.0,False,0.5,,,1.5685,False,,,True
normcmp_G_stopauth_20260708_153944,585,19.466668,1783521592.735865,0.558557,0.500148,-0.0,3.141459,0.2,-0.003836,0.19984,0.000226,camera_link,19.466668,gnm_closed_loop,,nominal,,True,ok,third_party/visualnav-transformer/model_weights/gnm/gnm.pth,12.97,0.3,-0.0038,0.785,-0.003,5.97,,,gnm_closed_loop,0.2,-0.003836,normalized_stop_ab_20260708,G,stop_authority_normalized_pred,normalized_pred_gate,,3,0.5,10.09,0.5917,False,hospital_fresh_medium_G,1.5586,True,0.3,-0.003836,0.2,-0.003836,True,armed,False,,True,shadow,results/bo_reviewer_packet/temporal_stop_head/22_temporal_stop_head_model.pt,0.119,0.0,False,0.5,,,1.5586,False,,,True
normcmp_G_stopauth_20260708_153944,586,19.483334,1783521592.73847,0.555232,0.500148,-0.0,3.141459,0.2,-0.003836,0.19984,0.000226,camera_link,19.483334,gnm_closed_loop,,nominal,,True,ok,third_party/visualnav-transformer/model_weights/gnm/gnm.pth,12.97,0.3,-0.0038,0.785,-0.003,5.97,,,gnm_closed_loop,0.2,-0.003836,normalized_stop_ab_20260708,G,stop_authority_normalized_pred,normalized_pred_gate,,3,0.5,10.09,0.5917,False,hospital_fresh_medium_G,1.5552,True,0.3,-0.003836,0.2,-0.003836,True,armed,False,,True,shadow,results/bo_reviewer_packet/temporal_stop_head/22_temporal_stop_head_model.pt,0.119,0.0,False,0.5,,,1.5586,False,,,True
normcmp_G_stopauth_20260708_153944,587,19.500001,1783521592.740351,0.551908,0.500148,-0.0,3.141458,0.2,-0.003836,0.19984,0.000226,camera_link,19.500001,gnm_closed_loop,,nominal,,True,ok,third_party/visualnav-transformer/model_weights/gnm/gnm.pth,12.97,0.3,-0.0038,0.785,-0.003,5.97,,,gnm_closed_loop,0.2,-0.003836,normalized_stop_ab_20260708,G,stop_authority_normalized_pred,normalized_pred_gate,,3,0.5,10.09,0.5917,False,hospital_fresh_medium_G,1.5519,True,0.3,-0.003836,0.2,-0.003836,True,armed,False,,True,shadow,results/bo_reviewer_packet/temporal_stop_head/22_temporal_stop_head_model.pt,0.119,0.0,False,0.5,,,1.5586,False,,,True
normcmp_G_stopauth_20260708_153944,588,19.516668,1783521592.764777,0.548583,0.500149,-0.0,3.141459,0.2,-0.002903,0.19984,-3.9e-05,camera_link,19.516668,gnm_closed_loop,,nominal,,True,ok,third_party/visualnav-transformer/model_weights/gnm/gnm.pth,14.03,0.3,-0.0029,0.7955,-0.0023,5.91,,,gnm_closed_loop,0.2,-0.002903,normalized_stop_ab_20260708,G,stop_authority_normalized_pred,normalized_pred_gate,,3,0.5,10.09,0.5857,False,hospital_fresh_medium_G,1.5486,True,0.3,-0.002903,0.2,-0.002903,True,armed,False,,True,shadow,results/bo_reviewer_packet/temporal_stop_head/22_temporal_stop_head_model.pt,0.122,0.0,False,0.5,,,1.5486,False,,,True
normcmp_G_stopauth_20260708_153944,589,19.533334,1783521592.7672,0.545259,0.500149,-0.0,3.141458,0.2,-0.002903,0.19984,-3.9e-05,camera_link,19.533334,gnm_closed_loop,,nominal,,True,ok,third_party/visualnav-transformer/model_weights/gnm/gnm.pth,14.03,0.3,-0.0029,0.7955,-0.0023,5.91,,,gnm_closed_loop,0.2,-0.002903,normalized_stop_ab_20260708,G,stop_authority_normalized_pred,normalized_pred_gate,,3,0.5,10.09,0.5857,False,hospital_fresh_medium_G,1.5453,True,0.3,-0.002903,0.2,-0.002903,True,armed,False,,True,shadow,results/bo_reviewer_packet/temporal_stop_head/22_temporal_stop_head_model.pt,0.122,0.0,False,0.5,,,1.5486,False,,,True
normcmp_G_stopauth_20260708_153944,590,19.550001,1783521592.76936,0.541934,0.50015,-0.0,3.141458,0.2,-0.002903,0.19984,-3.9e-05,camera_link,19.550001,gnm_closed_loop,,nominal,,True,ok,third_party/visualnav-transformer/model_weights/gnm/gnm.pth,14.03,0.3,-0.0029,0.7955,-0.0023,5.91,,,gnm_closed_loop,0.2,-0.002903,normalized_stop_ab_20260708,G,stop_authority_normalized_pred,normalized_pred_gate,,3,0.5,10.09,0.5857,False,hospital_fresh_medium_G,1.5419,True,0.3,-0.002903,0.2,-0.002903,True,armed,False,,True,shadow,results/bo_reviewer_packet/temporal_stop_head/22_temporal_stop_head_model.pt,0.122,0.0,False,0.5,,,1.5486,False,,,True
normcmp_G_stopauth_20260708_153944,591,19.566668,1783521592.794796,0.53861,0.500151,-0.0,3.141458,0.2,-0.001626,0.199839,0.000432,camera_link,19.566668,gnm_closed_loop,,nominal,,True,ok,third_party/visualnav-transformer/model_weights/gnm/gnm.pth,13.43,0.3,-0.0016,0.805,-0.0013,5.83,,,gnm_closed_loop,0.2,-0.001626,normalized_stop_ab_20260708,G,stop_authority_normalized_pred,normalized_pred_gate,,3,0.5,10.09,0.5778,False,hospital_fresh_medium_G,1.5386,True,0.3,-0.001626,0.2,-0.001626,True,armed,False,,True,shadow,results/bo_reviewer_packet/temporal_stop_head/22_temporal_stop_head_model.pt,0.116,0.0,False,0.5,,,1.5386,False,,,True
normcmp_G_stopauth_20260708_153944,592,19.583334,1783521592.797108,0.535285,0.500151,-0.0,3.141458,0.2,-0.001626,0.199839,0.000432,camera_link,19.583334,gnm_closed_loop,,nominal,,True,ok,third_party/visualnav-transformer/model_weights/gnm/gnm.pth,13.43,0.3,-0.0016,0.805,-0.0013,5.83,,,gnm_closed_loop,0.2,-0.001626,normalized_stop_ab_20260708,G,stop_authority_normalized_pred,normalized_pred_gate,,3,0.5,10.09,0.5778,False,hospital_fresh_medium_G,1.5353,True,0.3,-0.001626,0.2,-0.001626,True,armed,False,,True,shadow,results/bo_reviewer_packet/temporal_stop_head/22_temporal_stop_head_model.pt,0.116,0.0,False,0.5,,,1.5386,False,,,True
normcmp_G_stopauth_20260708_153944,593,19.600001,1783521592.799086,0.53196,0.500152,-0.0,3.141458,0.2,-0.001626,0.199839,0.000432,camera_link,19.600001,gnm_closed_loop,,nominal,,True,ok,third_party/visualnav-transformer/model_weights/gnm/gnm.pth,13.43,0.3,-0.0016,0.805,-0.0013,5.83,,,gnm_closed_loop,0.2,-0.001626,normalized_stop_ab_20260708,G,stop_authority_normalized_pred,normalized_pred_gate,,3,0.5,10.09,0.5778,False,hospital_fresh_medium_G,1.532,True,0.3,-0.001626,0.2,-0.001626,True,armed,False,,True,shadow,results/bo_reviewer_packet/temporal_stop_head/22_temporal_stop_head_model.pt,0.116,0.0,False,0.5,,,1.5386,False,,,True
normcmp_G_stopauth_20260708_153944,594,19.616668,1783521592.822598,0.528636,0.500152,-0.0,3.141458,0.2,-0.00115,0.199846,8.9e-05,camera_link,19.616668,gnm_closed_loop,,nominal,,True,ok,third_party/visualnav-transformer/model_weights/gnm/gnm.pth,13.2,0.3,-0.0012,0.8198,-0.0009,5.75,,,gnm_closed_loop,0.2,-0.00115,normalized_stop_ab_20260708,G,stop_authority_normalized_pred,normalized_pred_gate,,3,0.5,10.09,0.5699,False,hospital_fresh_medium_G,1.5286,True,0.3,-0.00115,0.2,-0.00115,True,armed,False,,True,shadow,results/bo_reviewer_packet/temporal_stop_head/22_temporal_stop_head_model.pt,0.126,0.0,False,0.5,,,1.5286,False,,,True
normcmp_G_stopauth_20260708_153944,595,19.633334,1783521592.824898,0.525311,0.500153,-0.0,3.141458,0.2,-0.00115,0.199846,8.9e-05,camera_link,19.633334,gnm_closed_loop,,nominal,,True,ok,third_party/visualnav-transformer/model_weights/gnm/gnm.pth,13.2,0.3,-0.0012,0.8198,-0.0009,5.75,,,gnm_closed_loop,0.2,-0.00115,normalized_stop_ab_20260708,G,stop_authority_normalized_pred,normalized_pred_gate,,3,0.5,10.09,0.5699,False,hospital_fresh_medium_G,1.5253,True,0.3,-0.00115,0.2,-0.00115,True,armed,False,,True,shadow,results/bo_reviewer_packet/temporal_stop_head/22_temporal_stop_head_model.pt,0.126,0.0,False,0.5,,,1.5286,False,,,True
normcmp_G_stopauth_20260708_153944,596,19.650001,1783521592.827006,0.521986,0.500153,-0.0,3.141458,0.2,-0.00115,0.199846,8.9e-05,camera_link,19.650001,gnm_closed_loop,,nominal,,True,ok,third_party/visualnav-transformer/model_weights/gnm/gnm.pth,13.2,0.3,-0.0012,0.8198,-0.0009,5.75,,,gnm_closed_loop,0.2,-0.00115,normalized_stop_ab_20260708,G,stop_authority_normalized_pred,normalized_pred_gate,,3,0.5,10.09,0.5699,False,hospital_fresh_medium_G,1.522,True,0.3,-0.00115,0.2,-0.00115,True,armed,False,,True,shadow,results/bo_reviewer_packet/temporal_stop_head/22_temporal_stop_head_model.pt,0.126,0.0,False,0.5,,,1.5286,False,,,True
normcmp_G_stopauth_20260708_153944,597,19.666668,1783521592.849765,0.518662,0.500154,-0.0,3.141458,0.2,-0.000899,0.199841,0.000249,camera_link,19.666668,gnm_closed_loop,,nominal,,True,ok,third_party/visualnav-transformer/model_weights/gnm/gnm.pth,12.73,0.3,-0.0009,0.834,-0.0007,5.65,,,gnm_closed_loop,0.2,-0.000899,normalized_stop_ab_20260708,G,stop_authority_normalized_pred,normalized_pred_gate,,3,0.5,10.09,0.56,False,hospital_fresh_medium_G,1.5187,True,0.3,-0.000899,0.2,-0.000899,True,armed,False,,True,shadow,results/bo_reviewer_packet/temporal_stop_head/22_temporal_stop_head_model.pt,0.11,0.0,False,0.5,,,1.5187,False,,,True
normcmp_G_stopauth_20260708_153944,598,19.683334,1783521592.852214,0.515337,0.500154,-0.0,3.141457,0.2,-0.000899,0.199841,0.000249,camera_link,19.683334,gnm_closed_loop,,nominal,,True,ok,third_party/visualnav-transformer/model_weights/gnm/gnm.pth,12.73,0.3,-0.0009,0.834,-0.0007,5.65,,,gnm_closed_loop,0.2,-0.000899,normalized_stop_ab_20260708,G,stop_authority_normalized_pred,normalized_pred_gate,,3,0.5,10.09,0.56,False,hospital_fresh_medium_G,1.5153,True,0.3,-0.000899,0.2,-0.000899,True,armed,False,,True,shadow,results/bo_reviewer_packet/temporal_stop_head/22_temporal_stop_head_model.pt,0.11,0.0,False,0.5,,,1.5187,False,,,True
normcmp_G_stopauth_20260708_153944,599,19.700001,1783521592.854236,0.512012,0.500154,-0.0,3.141458,0.2,-0.000899,0.199841,0.000249,camera_link,19.700001,gnm_closed_loop,,nominal,,True,ok,third_party/visualnav-transformer/model_weights/gnm/gnm.pth,12.73,0.3,-0.0009,0.834,-0.0007,5.65,,,gnm_closed_loop,0.2,-0.000899,normalized_stop_ab_20260708,G,stop_authority_normalized_pred,normalized_pred_gate,,3,0.5,10.09,0.56,False,hospital_fresh_medium_G,1.512,True,0.3,-0.000899,0.2,-0.000899,True,armed,False,,True,shadow,results/bo_reviewer_packet/temporal_stop_head/22_temporal_stop_head_model.pt,0.11,0.0,False,0.5,,,1.5187,False,,,True
normcmp_G_stopauth_20260708_153944,600,19.716668,1783521592.876706,0.508687,0.500155,-0.0,3.141458,0.2,-0.000496,0.199844,0.000403,camera_link,19.716668,gnm_closed_loop,,nominal,,True,ok,third_party/visualnav-transformer/model_weights/gnm/gnm.pth,12.87,0.3,-0.0005,0.8479,-0.0004,5.54,,,gnm_closed_loop,0.2,-0.000496,normalized_stop_ab_20260708,G,stop_authority_normalized_pred,normalized_pred_gate,,3,0.5,10.09,0.5491,False,hospital_fresh_medium_G,1.5087,True,0.3,-0.000496,0.2,-0.000496,True,armed,False,,True,shadow,results/bo_reviewer_packet/temporal_stop_head/22_temporal_stop_head_model.pt,0.103,0.0,False,0.5,,,1.5087,False,,,True
normcmp_G_stopauth_20260708_153944,601,19.733334,1783521592.879194,0.505362,0.500156,-0.0,3.141457,0.2,-0.000496,0.199844,0.000403,camera_link,19.733334,gnm_closed_loop,,nominal,,True,ok,third_party/visualnav-transformer/model_weights/gnm/gnm.pth,12.87,0.3,-0.0005,0.8479,-0.0004,5.54,,,gnm_closed_loop,0.2,-0.000496,normalized_stop_ab_20260708,G,stop_authority_normalized_pred,normalized_pred_gate,,3,0.5,10.09,0.5491,False,hospital_fresh_medium_G,1.5054,True,0.3,-0.000496,0.2,-0.000496,True,armed,False,,True,shadow,results/bo_reviewer_packet/temporal_stop_head/22_temporal_stop_head_model.pt,0.103,0.0,False,0.5,,,1.5087,False,,,True
normcmp_G_stopauth_20260708_153944,602,19.750001,1783521592.881149,0.502038,0.500156,-0.0,3.141457,0.2,-0.000496,0.199844,0.000403,camera_link,19.750001,gnm_closed_loop,,nominal,,True,ok,third_party/visualnav-transformer/model_weights/gnm/gnm.pth,12.87,0.3,-0.0005,0.8479,-0.0004,5.54,,,gnm_closed_loop,0.2,-0.000496,normalized_stop_ab_20260708,G,stop_authority_normalized_pred,normalized_pred_gate,,3,0.5,10.09,0.5491,False,hospital_fresh_medium_G,1.502,True,0.3,-0.000496,0.2,-0.000496,True,armed,False,,True,shadow,results/bo_reviewer_packet/temporal_stop_head/22_temporal_stop_head_model.pt,0.103,0.0,False,0.5,,,1.5087,False,,,True
normcmp_G_stopauth_20260708_153944,603,19.766668,1783521592.906742,0.498712,0.500156,-0.0,3.141457,0.2,0.000239,0.199851,-3.5e-05,camera_link,19.766668,gnm_closed_loop,,nominal,,True,ok,third_party/visualnav-transformer/model_weights/gnm/gnm.pth,14.45,0.3,0.0002,0.8622,0.0002,5.44,,,gnm_closed_loop,0.2,0.000239,normalized_stop_ab_20260708,G,stop_authority_normalized_pred,normalized_pred_gate,,3,0.5,10.09,0.5391,False,hospital_fresh_medium_G,1.4987,True,0.3,0.000239,0.2,0.000239,True,armed,False,,True,shadow,results/bo_reviewer_packet/temporal_stop_head/22_temporal_stop_head_model.pt,0.11,0.0,False,0.5,,,1.4987,False,,,True
normcmp_G_stopauth_20260708_153944,604,19.783334,1783521592.909109,0.495388,0.500157,-0.0,3.141457,0.2,0.000239,0.199851,-3.5e-05,camera_link,19.783334,gnm_closed_loop,,nominal,,True,ok,third_party/visualnav-transformer/model_weights/gnm/gnm.pth,14.45,0.3,0.0002,0.8622,0.0002,5.44,,,gnm_closed_loop,0.2,0.000239,normalized_stop_ab_20260708,G,stop_authority_normalized_pred,normalized_pred_gate,,3,0.5,10.09,0.5391,False,hospital_fresh_medium_G,1.4954,True,0.3,0.000239,0.2,0.000239,True,armed,False,,True,shadow,results/bo_reviewer_packet/temporal_stop_head/22_temporal_stop_head_model.pt,0.11,0.0,False,0.5,,,1.4987,False,,,True
normcmp_G_stopauth_20260708_153944,605,19.800001,1783521592.911013,0.492063,0.500157,-0.0,3.141457,0.2,0.000239,0.199851,-3.5e-05,camera_link,19.800001,gnm_closed_loop,,nominal,,True,ok,third_party/visualnav-transformer/model_weights/gnm/gnm.pth,14.45,0.3,0.0002,0.8622,0.0002,5.44,,,gnm_closed_loop,0.2,0.000239,normalized_stop_ab_20260708,G,stop_authority_normalized_pred,normalized_pred_gate,,3,0.5,10.09,0.5391,False,hospital_fresh_medium_G,1.4921,True,0.3,0.000239,0.2,0.000239,True,armed,False,,True,shadow,results/bo_reviewer_packet/temporal_stop_head/22_temporal_stop_head_model.pt,0.11,0.0,False,0.5,,,1.4987,False,,,True
normcmp_G_stopauth_20260708_153944,606,19.816668,1783521592.934009,0.488739,0.500158,-0.0,3.141457,0.2,6.8e-05,0.199842,-3e-06,camera_link,19.816668,gnm_closed_loop,,nominal,,True,ok,third_party/visualnav-transformer/model_weights/gnm/gnm.pth,12.92,0.3,0.0001,0.882,0.0001,5.3,,,gnm_closed_loop,0.2,6.8e-05,normalized_stop_ab_20260708,G,stop_authority_normalized_pred,normalized_pred_gate,,3,0.5,10.09,0.5253,False,hospital_fresh_medium_G,1.4887,True,0.3,6.8e-05,0.2,6.8e-05,True,armed,False,,True,shadow,results/bo_reviewer_packet/temporal_stop_head/22_temporal_stop_head_model.pt,0.109,0.0,False,0.5,,,1.4887,False,,,True
normcmp_G_stopauth_20260708_153944,607,19.833334,1783521592.936643,0.485414,0.500158,-0.0,3.141457,0.2,6.8e-05,0.199842,-3e-06,camera_link,19.833334,gnm_closed_loop,,nominal,,True,ok,third_party/visualnav-transformer/model_weights/gnm/gnm.pth,12.92,0.3,0.0001,0.882,0.0001,5.3,,,gnm_closed_loop,0.2,6.8e-05,normalized_stop_ab_20260708,G,stop_authority_normalized_pred,normalized_pred_gate,,3,0.5,10.09,0.5253,False,hospital_fresh_medium_G,1.4854,True,0.3,6.8e-05,0.2,6.8e-05,True,armed,False,,True,shadow,results/bo_reviewer_packet/temporal_stop_head/22_temporal_stop_head_model.pt,0.109,0.0,False,0.5,,,1.4887,False,,,True
normcmp_G_stopauth_20260708_153944,608,19.850001,1783521592.938466,0.48209,0.500159,-0.0,3.141457,0.2,6.8e-05,0.199842,-3e-06,camera_link,19.850001,gnm_closed_loop,,nominal,,True,ok,third_party/visualnav-transformer/model_weights/gnm/gnm.pth,12.92,0.3,0.0001,0.882,0.0001,5.3,,,gnm_closed_loop,0.2,6.8e-05,normalized_stop_ab_20260708,G,stop_authority_normalized_pred,normalized_pred_gate,,3,0.5,10.09,0.5253,False,hospital_fresh_medium_G,1.4821,True,0.3,6.8e-05,0.2,6.8e-05,True,armed,False,,True,shadow,results/bo_reviewer_packet/temporal_stop_head/22_temporal_stop_head_model.pt,0.109,0.0,False,0.5,,,1.4887,False,,,True
normcmp_G_stopauth_20260708_153944,609,19.866668,1783521592.961378,0.478764,0.50016,-0.0,3.141457,0.2,-0.000595,0.19984,-0.000419,camera_link,19.866668,gnm_closed_loop,,nominal,,True,ok,third_party/visualnav-transformer/model_weights/gnm/gnm.pth,12.76,0.3,-0.0006,0.9034,-0.0005,5.2,,,gnm_closed_loop,0.2,-0.000595,normalized_stop_ab_20260708,G,stop_authority_normalized_pred,normalized_pred_gate,,3,0.5,10.09,0.5154,False,hospital_fresh_medium_G,1.4788,True,0.3,-0.000595,0.2,-0.000595,True,armed,False,,True,shadow,results/bo_reviewer_packet/temporal_stop_head/22_temporal_stop_head_model.pt,0.109,0.0,False,0.5,,,1.4788,False,,,True
normcmp_G_stopauth_20260708_153944,610,19.883334,1783521592.963861,0.47544,0.50016,-0.0,3.141457,0.2,-0.000595,0.19984,-0.000419,camera_link,19.883334,gnm_closed_loop,,nominal,,True,ok,third_party/visualnav-transformer/model_weights/gnm/gnm.pth,12.76,0.3,-0.0006,0.9034,-0.0005,5.2,,,gnm_closed_loop,0.2,-0.000595,normalized_stop_ab_20260708,G,stop_authority_normalized_pred,normalized_pred_gate,,3,0.5,10.09,0.5154,False,hospital_fresh_medium_G,1.4754,True,0.3,-0.000595,0.2,-0.000595,True,armed,False,,True,shadow,results/bo_reviewer_packet/temporal_stop_head/22_temporal_stop_head_model.pt,0.109,0.0,False,0.5,,,1.4788,False,,,True
normcmp_G_stopauth_20260708_153944,611,19.900001,1783521592.96583,0.472116,0.500161,-0.0,3.141457,0.2,-0.000595,0.19984,-0.000419,camera_link,19.900001,gnm_closed_loop,,nominal,,True,ok,third_party/visualnav-transformer/model_weights/gnm/gnm.pth,12.76,0.3,-0.0006,0.9034,-0.0005,5.2,,,gnm_closed_loop,0.2,-0.000595,normalized_stop_ab_20260708,G,stop_authority_normalized_pred,normalized_pred_gate,,3,0.5,10.09,0.5154,False,hospital_fresh_medium_G,1.4721,True,0.3,-0.000595,0.2,-0.000595,True,armed,False,,True,shadow,results/bo_reviewer_packet/temporal_stop_head/22_temporal_stop_head_model.pt,0.109,0.0,False,0.5,,,1.4788,False,,,True
normcmp_G_stopauth_20260708_153944,612,19.916668,1783521592.988769,0.468791,0.500161,-0.0,3.141457,0.2,-0.001072,0.199856,-0.000371,camera_link,19.916668,gnm_closed_loop,,nominal,,True,ok,third_party/visualnav-transformer/model_weights/gnm/gnm.pth,12.89,0.3,-0.0011,0.9238,-0.001,5.04,,,gnm_closed_loop,0.2,-0.001072,normalized_stop_ab_20260708,G,stop_authority_normalized_pred,normalized_pred_gate,,3,0.5,10.09,0.4995,False,hospital_fresh_medium_G,1.4688,True,0.3,-0.001072,0.2,-0.001072,True,armed,False,,True,shadow,results/bo_reviewer_packet/temporal_stop_head/22_temporal_stop_head_model.pt,0.128,0.0,False,0.5,,,1.4688,False,,,True
normcmp_G_stopauth_20260708_153944,613,19.933334,1783521592.991013,0.465466,0.500162,-0.0,3.141457,0.2,-0.001072,0.199856,-0.000371,camera_link,19.933334,gnm_closed_loop,,nominal,,True,ok,third_party/visualnav-transformer/model_weights/gnm/gnm.pth,12.89,0.3,-0.0011,0.9238,-0.001,5.04,,,gnm_closed_loop,0.2,-0.001072,normalized_stop_ab_20260708,G,stop_authority_normalized_pred,normalized_pred_gate,,3,0.5,10.09,0.4995,False,hospital_fresh_medium_G,1.4655,True,0.3,-0.001072,0.2,-0.001072,True,armed,False,,True,shadow,results/bo_reviewer_packet/temporal_stop_head/22_temporal_stop_head_model.pt,0.128,0.0,False,0.5,,,1.4688,False,,,True
normcmp_G_stopauth_20260708_153944,614,19.950001,1783521592.992883,0.462141,0.500162,-0.0,3.141457,0.2,-0.001072,0.199856,-0.000371,camera_link,19.950001,gnm_closed_loop,,nominal,,True,ok,third_party/visualnav-transformer/model_weights/gnm/gnm.pth,12.89,0.3,-0.0011,0.9238,-0.001,5.04,,,gnm_closed_loop,0.2,-0.001072,normalized_stop_ab_20260708,G,stop_authority_normalized_pred,normalized_pred_gate,,3,0.5,10.09,0.4995,False,hospital_fresh_medium_G,1.4621,True,0.3,-0.001072,0.2,-0.001072,True,armed,False,,True,shadow,results/bo_reviewer_packet/temporal_stop_head/22_temporal_stop_head_model.pt,0.128,0.0,False,0.5,,,1.4688,False,,,True
normcmp_G_stopauth_20260708_153944,615,19.966668,1783521593.015635,0.458816,0.500163,-0.0,3.141457,0.2,-0.001623,0.199847,-3.5e-05,camera_link,19.966668,gnm_closed_loop,,nominal,,True,ok,third_party/visualnav-transformer/model_weights/gnm/gnm.pth,13.04,0.3,-0.0016,0.9368,-0.0015,4.91,,,gnm_closed_loop,0.2,-0.001623,normalized_stop_ab_20260708,G,stop_authority_normalized_pred,normalized_pred_gate,,3,0.5,10.09,0.4866,False,hospital_fresh_medium_G,1.4588,True,0.3,-0.001623,0.2,-0.001623,True,armed,False,,True,shadow,results/bo_reviewer_packet/temporal_stop_head/22_temporal_stop_head_model.pt,0.103,0.0,False,0.5,,,1.4588,False,,,True
normcmp_G_stopauth_20260708_153944,616,19.983334,1783521593.017896,0.455492,0.500163,-0.0,3.141457,0.2,-0.001623,0.199847,-3.5e-05,camera_link,19.983334,gnm_closed_loop,,nominal,,True,ok,third_party/visualnav-transformer/model_weights/gnm/gnm.pth,13.04,0.3,-0.0016,0.9368,-0.0015,4.91,,,gnm_closed_loop,0.2,-0.001623,normalized_stop_ab_20260708,G,stop_authority_normalized_pred,normalized_pred_gate,,3,0.5,10.09,0.4866,False,hospital_fresh_medium_G,1.4555,True,0.3,-0.001623,0.2,-0.001623,True,armed,False,,True,shadow,results/bo_reviewer_packet/temporal_stop_head/22_temporal_stop_head_model.pt,0.103,0.0,False,0.5,,,1.4588,False,,,True
normcmp_G_stopauth_20260708_153944,617,20.000001,1783521593.020129,0.452167,0.500164,-0.0,3.141457,0.2,-0.001623,0.199847,-3.5e-05,camera_link,20.000001,gnm_closed_loop,,nominal,,True,ok,third_party/visualnav-transformer/model_weights/gnm/gnm.pth,13.04,0.3,-0.0016,0.9368,-0.0015,4.91,,,gnm_closed_loop,0.2,-0.001623,normalized_stop_ab_20260708,G,stop_authority_normalized_pred,normalized_pred_gate,,3,0.5,10.09,0.4866,False,hospital_fresh_medium_G,1.4522,True,0.3,-0.001623,0.2,-0.001623,True,armed,False,,True,shadow,results/bo_reviewer_packet/temporal_stop_head/22_temporal_stop_head_model.pt,0.103,0.0,False,0.5,,,1.4588,False,,,True
normcmp_G_stopauth_20260708_153944,619,20.033334,1783521593.057511,0.446809,0.500153,-0.0,3.141278,0.0,0.0,0.098366,-0.014756,camera_link,20.033334,gnm_closed_loop,,nominal,goal-stop residual hold (recalibrated_dist_pred_gate),True,ok,third_party/visualnav-transformer/model_weights/gnm/gnm.pth,14.84,0.3,-0.0009,0.9452,-0.0009,4.84,,,gnm_closed_loop,0.0,0.0,normalized_stop_ab_20260708,G,stop_authority_normalized_pred,normalized_pred_gate,,3,0.5,10.09,0.4797,True,hospital_fresh_medium_G,1.4468,True,,,0.0,0.0,False,goal_stop_zeroed,False,,True,shadow,results/bo_reviewer_packet/temporal_stop_head/22_temporal_stop_head_model.pt,0.114,0.0,False,0.5,,,1.4488,False,,,True
normcmp_G_stopauth_20260708_153944,620,20.050001,1783521593.05951,0.445998,0.500148,-0.0,3.141208,0.0,0.0,0.098366,-0.014756,camera_link,20.050001,gnm_closed_loop,,nominal,goal-stop residual hold (recalibrated_dist_pred_gate),True,ok,third_party/visualnav-transformer/model_weights/gnm/gnm.pth,14.84,0.3,-0.0009,0.9452,-0.0009,4.84,,,gnm_closed_loop,0.0,0.0,normalized_stop_ab_20260708,G,stop_authority_normalized_pred,normalized_pred_gate,,3,0.5,10.09,0.4797,True,hospital_fresh_medium_G,1.446,True,,,0.0,0.0,False,goal_stop_zeroed,False,,True,shadow,results/bo_reviewer_packet/temporal_stop_head/22_temporal_stop_head_model.pt,0.114,0.0,False,0.5,,,1.4488,False,,,True
normcmp_G_stopauth_20260708_153944,621,20.066668,1783521593.062321,0.445816,0.500148,-0.0,3.141208,0.0,0.0,0.098366,-0.014756,camera_link,20.066668,gnm_closed_loop,,nominal,goal-stop residual hold (recalibrated_dist_pred_gate),True,ok,third_party/visualnav-transformer/model_weights/gnm/gnm.pth,14.84,0.3,-0.0009,0.9452,-0.0009,4.84,,,gnm_closed_loop,0.0,0.0,normalized_stop_ab_20260708,G,stop_authority_normalized_pred,normalized_pred_gate,,3,0.5,10.09,0.4797,True,hospital_fresh_medium_G,1.4458,True,,,0.0,0.0,False,goal_stop_zeroed,False,,True,shadow,results/bo_reviewer_packet/temporal_stop_head/22_temporal_stop_head_model.pt,0.114,0.0,False,0.5,,,1.4488,False,,,True
normcmp_G_stopauth_20260708_153944,622,20.083334,1783521593.072007,0.445801,0.500148,-0.0,3.141208,0.0,0.0,0.000307,0.000487,camera_link,20.083334,gnm_closed_loop,,nominal,goal-stop residual hold (recalibrated_dist_pred_gate),True,ok,third_party/visualnav-transformer/model_weights/gnm/gnm.pth,14.84,0.3,-0.0009,0.9452,-0.0009,4.84,,,gnm_closed_loop,0.0,0.0,normalized_stop_ab_20260708,G,stop_authority_normalized_pred,normalized_pred_gate,,3,0.5,10.09,0.4797,True,hospital_fresh_medium_G,1.4458,True,,,0.0,0.0,False,goal_stop_zeroed,False,,True,shadow,results/bo_reviewer_packet/temporal_stop_head/22_temporal_stop_head_model.pt,0.114,0.0,False,0.5,,,1.4488,False,,,True
normcmp_G_stopauth_20260708_153944,623,20.100001,1783521593.074405,0.445806,0.500148,-0.0,3.141208,0.0,0.0,0.000307,0.000487,camera_link,20.100001,gnm_closed_loop,,nominal,goal-stop residual hold (recalibrated_dist_pred_gate),True,ok,third_party/visualnav-transformer/model_weights/gnm/gnm.pth,14.84,0.3,-0.0009,0.9452,-0.0009,4.84,,,gnm_closed_loop,0.0,0.0,normalized_stop_ab_20260708,G,stop_authority_normalized_pred,normalized_pred_gate,,3,0.5,10.09,0.4797,True,hospital_fresh_medium_G,1.4458,True,,,0.0,0.0,False,goal_stop_zeroed,False,,True,shadow,results/bo_reviewer_packet/temporal_stop_head/22_temporal_stop_head_model.pt,0.114,0.0,False,0.5,,,1.4488,False,,,True
normcmp_G_stopauth_20260708_153944,624,20.116668,1783521593.077398,0.445815,0.500148,-0.0,3.141208,0.0,0.0,0.000307,0.000487,camera_link,20.116668,gnm_closed_loop,,nominal,goal-stop residual hold (recalibrated_dist_pred_gate),True,ok,third_party/visualnav-transformer/model_weights/gnm/gnm.pth,14.84,0.3,-0.0009,0.9452,-0.0009,4.84,,,gnm_closed_loop,0.0,0.0,normalized_stop_ab_20260708,G,stop_authority_normalized_pred,normalized_pred_gate,,3,0.5,10.09,0.4797,True,hospital_fresh_medium_G,1.4458,True,,,0.0,0.0,False,goal_stop_zeroed,False,,True,shadow,results/bo_reviewer_packet/temporal_stop_head/22_temporal_stop_head_model.pt,0.114,0.0,False,0.5,,,1.4488,False,,,True
normcmp_G_stopauth_20260708_153944,625,20.133334,1783521593.089145,0.445823,0.500148,-0.0,3.141208,0.0,0.0,-0.000179,-0.000552,camera_link,20.133334,gnm_closed_loop,,nominal,goal-stop residual hold (recalibrated_dist_pred_gate),True,ok,third_party/visualnav-transformer/model_weights/gnm/gnm.pth,14.84,0.3,-0.0009,0.9452,-0.0009,4.84,,,gnm_closed_loop,0.0,0.0,normalized_stop_ab_20260708,G,stop_authority_normalized_pred,normalized_pred_gate,,3,0.5,10.09,0.4797,True,hospital_fresh_medium_G,1.4458,True,,,0.0,0.0,False,goal_stop_zeroed,False,,True,shadow,results/bo_reviewer_packet/temporal_stop_head/22_temporal_stop_head_model.pt,0.114,0.0,False,0.5,,,1.4488,False,,,True
normcmp_G_stopauth_20260708_153944,626,20.150001,1783521593.094002,0.445833,0.500148,-0.0,3.141208,0.0,0.0,-0.000179,-0.000552,camera_link,20.150001,gnm_closed_loop,,nominal,goal-stop residual hold (recalibrated_dist_pred_gate),True,ok,third_party/visualnav-transformer/model_weights/gnm/gnm.pth,14.84,0.3,-0.0009,0.9452,-0.0009,4.84,,,gnm_closed_loop,0.0,0.0,normalized_stop_ab_20260708,G,stop_authority_normalized_pred,normalized_pred_gate,,3,0.5,10.09,0.4797,True,hospital_fresh_medium_G,1.4458,True,,,0.0,0.0,False,goal_stop_zeroed,False,,True,shadow,results/bo_reviewer_packet/temporal_stop_head/22_temporal_stop_head_model.pt,0.114,0.0,False,0.5,,,1.4488,False,,,True
normcmp_G_stopauth_20260708_153944,627,20.166668,1783521593.09853,0.445841,0.500148,-0.0,3.141208,0.0,0.0,-0.000179,-0.000552,camera_link,20.166668,gnm_closed_loop,,nominal,goal-stop residual hold (recalibrated_dist_pred_gate),True,ok,third_party/visualnav-transformer/model_weights/gnm/gnm.pth,14.84,0.3,-0.0009,0.9452,-0.0009,4.84,,,gnm_closed_loop,0.0,0.0,normalized_stop_ab_20260708,G,stop_authority_normalized_pred,normalized_pred_gate,,3,0.5,10.09,0.4797,True,hospital_fresh_medium_G,1.4458,True,,,0.0,0.0,False,goal_stop_zeroed,False,,True,shadow,results/bo_reviewer_packet/temporal_stop_head/22_temporal_stop_head_model.pt,0.114,0.0,False,0.5,,,1.4488,False,,,True
normcmp_G_stopauth_20260708_153944,628,20.183334,1783521593.11273,0.44585,0.500148,-0.0,3.141208,0.0,0.0,-0.000152,-5.5e-05,camera_link,20.183334,gnm_closed_loop,,nominal,goal-stop residual hold (recalibrated_dist_pred_gate),True,ok,third_party/visualnav-transformer/model_weights/gnm/gnm.pth,14.84,0.3,-0.0009,0.9452,-0.0009,4.84,,,gnm_closed_loop,0.0,0.0,normalized_stop_ab_20260708,G,stop_authority_normalized_pred,normalized_pred_gate,,3,0.5,10.09,0.4797,True,hospital_fresh_medium_G,1.4458,True,,,0.0,0.0,False,goal_stop_zeroed,False,,True,shadow,results/bo_reviewer_packet/temporal_stop_head/22_temporal_stop_head_model.pt,0.114,0.0,False,0.5,,,1.4488,False,,,True
normcmp_G_stopauth_20260708_153944,629,20.200001,1783521593.116637,0.445858,0.500148,-0.0,3.141208,0.0,0.0,-0.000152,-5.5e-05,camera_link,20.200001,gnm_closed_loop,,nominal,goal-stop residual hold (recalibrated_dist_pred_gate),True,ok,third_party/visualnav-transformer/model_weights/gnm/gnm.pth,14.84,0.3,-0.0009,0.9452,-0.0009,4.84,,,gnm_closed_loop,0.0,0.0,normalized_stop_ab_20260708,G,stop_authority_normalized_pred,normalized_pred_gate,,3,0.5,10.09,0.4797,True,hospital_fresh_medium_G,1.4459,True,,,0.0,0.0,False,goal_stop_zeroed,False,,True,shadow,results/bo_reviewer_packet/temporal_stop_head/22_temporal_stop_head_model.pt,0.114,0.0,False,0.5,,,1.4488,False,,,True
normcmp_G_stopauth_20260708_153944,630,20.216668,1783521593.119606,0.445867,0.500148,-0.0,3.141208,0.0,0.0,-0.000152,-5.5e-05,camera_link,20.216668,gnm_closed_loop,,nominal,goal-stop residual hold (recalibrated_dist_pred_gate),True,ok,third_party/visualnav-transformer/model_weights/gnm/gnm.pth,14.84,0.3,-0.0009,0.9452,-0.0009,4.84,,,gnm_closed_loop,0.0,0.0,normalized_stop_ab_20260708,G,stop_authority_normalized_pred,normalized_pred_gate,,3,0.5,10.09,0.4797,True,hospital_fresh_medium_G,1.4459,True,,,0.0,0.0,False,goal_stop_zeroed,False,,True,shadow,results/bo_reviewer_packet/temporal_stop_head/22_temporal_stop_head_model.pt,0.114,0.0,False,0.5,,,1.4488,False,,,True
normcmp_G_stopauth_20260708_153944,631,20.233334,1783521593.131043,0.445876,0.500148,-0.0,3.141208,0.0,0.0,-0.00018,-0.000603,camera_link,20.233334,gnm_closed_loop,,nominal,goal-stop residual hold (recalibrated_dist_pred_gate),True,ok,third_party/visualnav-transformer/model_weights/gnm/gnm.pth,14.84,0.3,-0.0009,0.9452,-0.0009,4.84,,,gnm_closed_loop,0.0,0.0,normalized_stop_ab_20260708,G,stop_authority_normalized_pred,normalized_pred_gate,,3,0.5,10.09,0.4797,True,hospital_fresh_medium_G,1.4459,True,,,0.0,0.0,False,goal_stop_zeroed,False,,True,shadow,results/bo_reviewer_packet/temporal_stop_head/22_temporal_stop_head_model.pt,0.114,0.0,False,0.5,,,1.4488,False,,,True
normcmp_G_stopauth_20260708_153944,632,20.250001,1783521593.13403,0.445884,0.500148,-0.0,3.141209,0.0,0.0,-0.00018,-0.000603,camera_link,20.250001,gnm_closed_loop,,nominal,goal-stop residual hold (recalibrated_dist_pred_gate),True,ok,third_party/visualnav-transformer/model_weights/gnm/gnm.pth,14.84,0.3,-0.0009,0.9452,-0.0009,4.84,,,gnm_closed_loop,0.0,0.0,normalized_stop_ab_20260708,G,stop_authority_normalized_pred,normalized_pred_gate,,3,0.5,10.09,0.4797,True,hospital_fresh_medium_G,1.4459,True,,,0.0,0.0,False,goal_stop_zeroed,False,,True,shadow,results/bo_reviewer_packet/temporal_stop_head/22_temporal_stop_head_model.pt,0.114,0.0,False,0.5,,,1.4488,False,,,True
normcmp_G_stopauth_20260708_153944,633,20.266668,1783521593.136885,0.445893,0.500148,-0.0,3.141208,0.0,0.0,-0.00018,-0.000603,camera_link,20.266668,gnm_closed_loop,,nominal,goal-stop residual hold (recalibrated_dist_pred_gate),True,ok,third_party/visualnav-transformer/model_weights/gnm/gnm.pth,14.84,0.3,-0.0009,0.9452,-0.0009,4.84,,,gnm_closed_loop,0.0,0.0,normalized_stop_ab_20260708,G,stop_authority_normalized_pred,normalized_pred_gate,,3,0.5,10.09,0.4797,True,hospital_fresh_medium_G,1.4459,True,,,0.0,0.0,False,goal_stop_zeroed,False,,True,shadow,results/bo_reviewer_packet/temporal_stop_head/22_temporal_stop_head_model.pt,0.114,0.0,False,0.5,,,1.4488,False,,,True
normcmp_G_stopauth_20260708_153944,634,20.283334,1783521593.148584,0.445902,0.500148,-0.0,3.141208,0.0,0.0,-0.00017,0.000421,camera_link,20.283334,gnm_closed_loop,,nominal,goal-stop residual hold (recalibrated_dist_pred_gate),True,ok,third_party/visualnav-transformer/model_weights/gnm/gnm.pth,14.84,0.3,-0.0009,0.9452,-0.0009,4.84,,,gnm_closed_loop,0.0,0.0,normalized_stop_ab_20260708,G,stop_authority_normalized_pred,normalized_pred_gate,,3,0.5,10.09,0.4797,True,hospital_fresh_medium_G,1.4459,True,,,0.0,0.0,False,goal_stop_zeroed,False,,True,shadow,results/bo_reviewer_packet/temporal_stop_head/22_temporal_stop_head_model.pt,0.114,0.0,False,0.5,,,1.4488,False,,,True
normcmp_G_stopauth_20260708_153944,635,20.300001,1783521593.150869,0.445911,0.500148,-0.0,3.141208,0.0,0.0,-0.00017,0.000421,camera_link,20.300001,gnm_closed_loop,,nominal,goal-stop residual hold (recalibrated_dist_pred_gate),True,ok,third_party/visualnav-transformer/model_weights/gnm/gnm.pth,14.84,0.3,-0.0009,0.9452,-0.0009,4.84,,,gnm_closed_loop,0.0,0.0,normalized_stop_ab_20260708,G,stop_authority_normalized_pred,normalized_pred_gate,,3,0.5,10.09,0.4797,True,hospital_fresh_medium_G,1.4459,True,,,0.0,0.0,False,goal_stop_zeroed,False,,True,shadow,results/bo_reviewer_packet/temporal_stop_head/22_temporal_stop_head_model.pt,0.114,0.0,False,0.5,,,1.4488,False,,,True
normcmp_G_stopauth_20260708_153944,636,20.316668,1783521593.152565,0.44592,0.500148,-0.0,3.141208,0.0,0.0,-0.00017,0.000421,camera_link,20.316668,gnm_closed_loop,,nominal,goal-stop residual hold (recalibrated_dist_pred_gate),True,ok,third_party/visualnav-transformer/model_weights/gnm/gnm.pth,14.84,0.3,-0.0009,0.9452,-0.0009,4.84,,,gnm_closed_loop,0.0,0.0,normalized_stop_ab_20260708,G,stop_authority_normalized_pred,normalized_pred_gate,,3,0.5,10.09,0.4797,True,hospital_fresh_medium_G,1.4459,True,,,0.0,0.0,False,goal_stop_zeroed,False,,True,shadow,results/bo_reviewer_packet/temporal_stop_head/22_temporal_stop_head_model.pt,0.114,0.0,False,0.5,,,1.4488,False,,,True
normcmp_G_stopauth_20260708_153944,637,20.333334,1783521593.160355,0.445929,0.500148,-0.0,3.141208,0.0,0.0,-0.000168,3.5e-05,camera_link,20.333334,gnm_closed_loop,,nominal,goal-stop residual hold (recalibrated_dist_pred_gate),True,ok,third_party/visualnav-transformer/model_weights/gnm/gnm.pth,14.84,0.3,-0.0009,0.9452,-0.0009,4.84,,,gnm_closed_loop,0.0,0.0,normalized_stop_ab_20260708,G,stop_authority_normalized_pred,normalized_pred_gate,,3,0.5,10.09,0.4797,True,hospital_fresh_medium_G,1.4459,True,,,0.0,0.0,False,goal_stop_zeroed,False,,True,shadow,results/bo_reviewer_packet/temporal_stop_head/22_temporal_stop_head_model.pt,0.114,0.0,False,0.5,,,1.4488,False,,,True
normcmp_G_stopauth_20260708_153944,638,20.350001,1783521593.162691,0.445937,0.500148,-0.0,3.141208,0.0,0.0,-0.000168,3.5e-05,camera_link,20.350001,gnm_closed_loop,,nominal,goal-stop residual hold (recalibrated_dist_pred_gate),True,ok,third_party/visualnav-transformer/model_weights/gnm/gnm.pth,14.84,0.3,-0.0009,0.9452,-0.0009,4.84,,,gnm_closed_loop,0.0,0.0,normalized_stop_ab_20260708,G,stop_authority_normalized_pred,normalized_pred_gate,,3,0.5,10.09,0.4797,True,hospital_fresh_medium_G,1.4459,True,,,0.0,0.0,False,goal_stop_zeroed,False,,True,shadow,results/bo_reviewer_packet/temporal_stop_head/22_temporal_stop_head_model.pt,0.114,0.0,False,0.5,,,1.4488,False,,,True
normcmp_G_stopauth_20260708_153944,639,20.366668,1783521593.16466,0.445946,0.500148,-0.0,3.141208,0.0,0.0,-0.000168,3.5e-05,camera_link,20.366668,gnm_closed_loop,,nominal,goal-stop residual hold (recalibrated_dist_pred_gate),True,ok,third_party/visualnav-transformer/model_weights/gnm/gnm.pth,14.84,0.3,-0.0009,0.9452,-0.0009,4.84,,,gnm_closed_loop,0.0,0.0,normalized_stop_ab_20260708,G,stop_authority_normalized_pred,normalized_pred_gate,,3,0.5,10.09,0.4797,True,hospital_fresh_medium_G,1.4459,True,,,0.0,0.0,False,goal_stop_zeroed,False,,True,shadow,results/bo_reviewer_packet/temporal_stop_head/22_temporal_stop_head_model.pt,0.114,0.0,False,0.5,,,1.4488,False,,,True
normcmp_G_stopauth_20260708_153944,640,20.383334,1783521593.177493,0.445955,0.500148,-0.0,3.141208,0.0,0.0,-0.000161,0.000159,camera_link,20.383334,gnm_closed_loop,,nominal,goal-stop residual hold (recalibrated_dist_pred_gate),True,ok,third_party/visualnav-transformer/model_weights/gnm/gnm.pth,14.84,0.3,-0.0009,0.9452,-0.0009,4.84,,,gnm_closed_loop,0.0,0.0,normalized_stop_ab_20260708,G,stop_authority_normalized_pred,normalized_pred_gate,,3,0.5,10.09,0.4797,True,hospital_fresh_medium_G,1.446,True,,,0.0,0.0,False,goal_stop_zeroed,False,,True,shadow,results/bo_reviewer_packet/temporal_stop_head/22_temporal_stop_head_model.pt,0.114,0.0,False,0.5,,,1.4488,False,,,True
normcmp_G_stopauth_20260708_153944,641,20.400001,1783521593.180577,0.445964,0.500148,-0.0,3.141208,0.0,0.0,-0.000161,0.000159,camera_link,20.400001,gnm_closed_loop,,nominal,goal-stop residual hold (recalibrated_dist_pred_gate),True,ok,third_party/visualnav-transformer/model_weights/gnm/gnm.pth,14.84,0.3,-0.0009,0.9452,-0.0009,4.84,,,gnm_closed_loop,0.0,0.0,normalized_stop_ab_20260708,G,stop_authority_normalized_pred,normalized_pred_gate,,3,0.5,10.09,0.4797,True,hospital_fresh_medium_G,1.446,True,,,0.0,0.0,False,goal_stop_zeroed,False,,True,shadow,results/bo_reviewer_packet/temporal_stop_head/22_temporal_stop_head_model.pt,0.114,0.0,False,0.5,,,1.4488,False,,,True
normcmp_G_stopauth_20260708_153944,642,20.416668,1783521593.18296,0.445973,0.500148,-0.0,3.141208,0.0,0.0,-0.000161,0.000159,camera_link,20.416668,gnm_closed_loop,,nominal,goal-stop residual hold (recalibrated_dist_pred_gate),True,ok,third_party/visualnav-transformer/model_weights/gnm/gnm.pth,14.84,0.3,-0.0009,0.9452,-0.0009,4.84,,,gnm_closed_loop,0.0,0.0,normalized_stop_ab_20260708,G,stop_authority_normalized_pred,normalized_pred_gate,,3,0.5,10.09,0.4797,True,hospital_fresh_medium_G,1.446,True,,,0.0,0.0,False,goal_stop_zeroed,False,,True,shadow,results/bo_reviewer_packet/temporal_stop_head/22_temporal_stop_head_model.pt,0.114,0.0,False,0.5,,,1.4488,False,,,True
normcmp_G_stopauth_20260708_153944,643,20.433334,1783521593.19444,0.445982,0.500148,-0.0,3.141208,0.0,0.0,-0.000154,0.000161,camera_link,20.433334,gnm_closed_loop,,nominal,goal-stop residual hold (recalibrated_dist_pred_gate),True,ok,third_party/visualnav-transformer/model_weights/gnm/gnm.pth,14.84,0.3,-0.0009,0.9452,-0.0009,4.84,,,gnm_closed_loop,0.0,0.0,normalized_stop_ab_20260708,G,stop_authority_normalized_pred,normalized_pred_gate,,3,0.5,10.09,0.4797,True,hospital_fresh_medium_G,1.446,True,,,0.0,0.0,False,goal_stop_zeroed,False,,True,shadow,results/bo_reviewer_packet/temporal_stop_head/22_temporal_stop_head_model.pt,0.114,0.0,False,0.5,,,1.4488,False,,,True
normcmp_G_stopauth_20260708_153944,644,20.450001,1783521593.197502,0.445992,0.500148,-0.0,3.141208,0.0,0.0,-0.000154,0.000161,camera_link,20.450001,gnm_closed_loop,,nominal,goal-stop residual hold (recalibrated_dist_pred_gate),True,ok,third_party/visualnav-transformer/model_weights/gnm/gnm.pth,14.84,0.3,-0.0009,0.9452,-0.0009,4.84,,,gnm_closed_loop,0.0,0.0,normalized_stop_ab_20260708,G,stop_authority_normalized_pred,normalized_pred_gate,,3,0.5,10.09,0.4797,True,hospital_fresh_medium_G,1.446,True,,,0.0,0.0,False,goal_stop_zeroed,False,,True,shadow,results/bo_reviewer_packet/temporal_stop_head/22_temporal_stop_head_model.pt,0.114,0.0,False,0.5,,,1.4488,False,,,True
normcmp_G_stopauth_20260708_153944,645,20.466668,1783521593.199229,0.446,0.500148,-0.0,3.141208,0.0,0.0,-0.000154,0.000161,camera_link,20.466668,gnm_closed_loop,,nominal,goal-stop residual hold (recalibrated_dist_pred_gate),True,ok,third_party/visualnav-transformer/model_weights/gnm/gnm.pth,14.84,0.3,-0.0009,0.9452,-0.0009,4.84,,,gnm_closed_loop,0.0,0.0,normalized_stop_ab_20260708,G,stop_authority_normalized_pred,normalized_pred_gate,,3,0.5,10.09,0.4797,True,hospital_fresh_medium_G,1.446,True,,,0.0,0.0,False,goal_stop_zeroed,False,,True,shadow,results/bo_reviewer_packet/temporal_stop_head/22_temporal_stop_head_model.pt,0.114,0.0,False,0.5,,,1.4488,False,,,True
normcmp_G_stopauth_20260708_153944,646,20.483334,1783521593.208457,0.446009,0.500148,-0.0,3.141208,0.0,0.0,-0.000165,1.1e-05,camera_link,20.483334,gnm_closed_loop,,nominal,goal-stop residual hold (recalibrated_dist_pred_gate),True,ok,third_party/visualnav-transformer/model_weights/gnm/gnm.pth,14.84,0.3,-0.0009,0.9452,-0.0009,4.84,,,gnm_closed_loop,0.0,0.0,normalized_stop_ab_20260708,G,stop_authority_normalized_pred,normalized_pred_gate,,3,0.5,10.09,0.4797,True,hospital_fresh_medium_G,1.446,True,,,0.0,0.0,False,goal_stop_zeroed,False,,True,shadow,results/bo_reviewer_packet/temporal_stop_head/22_temporal_stop_head_model.pt,0.114,0.0,False,0.5,,,1.4488,False,,,True
normcmp_G_stopauth_20260708_153944,647,20.500001,1783521593.211891,0.446018,0.500148,-0.0,3.141208,0.0,0.0,-0.000165,1.1e-05,camera_link,20.500001,gnm_closed_loop,,nominal,goal-stop residual hold (recalibrated_dist_pred_gate),True,ok,third_party/visualnav-transformer/model_weights/gnm/gnm.pth,14.84,0.3,-0.0009,0.9452,-0.0009,4.84,,,gnm_closed_loop,0.0,0.0,normalized_stop_ab_20260708,G,stop_authority_normalized_pred,normalized_pred_gate,,3,0.5,10.09,0.4797,True,hospital_fresh_medium_G,1.446,True,,,0.0,0.0,False,goal_stop_zeroed,False,,True,shadow,results/bo_reviewer_packet/temporal_stop_head/22_temporal_stop_head_model.pt,0.114,0.0,False,0.5,,,1.4488,False,,,True
normcmp_G_stopauth_20260708_153944,648,20.516668,1783521593.214243,0.446027,0.500148,-0.0,3.141208,0.0,0.0,-0.000165,1.1e-05,camera_link,20.516668,gnm_closed_loop,,nominal,goal-stop residual hold (recalibrated_dist_pred_gate),True,ok,third_party/visualnav-transformer/model_weights/gnm/gnm.pth,14.84,0.3,-0.0009,0.9452,-0.0009,4.84,,,gnm_closed_loop,0.0,0.0,normalized_stop_ab_20260708,G,stop_authority_normalized_pred,normalized_pred_gate,,3,0.5,10.09,0.4797,True,hospital_fresh_medium_G,1.446,True,,,0.0,0.0,False,goal_stop_zeroed,False,,True,shadow,results/bo_reviewer_packet/temporal_stop_head/22_temporal_stop_head_model.pt,0.114,0.0,False,0.5,,,1.4488,False,,,True
normcmp_G_stopauth_20260708_153944,649,20.533334,1783521593.226184,0.446036,0.500148,-0.0,3.141208,0.0,0.0,-0.000156,-0.000143,camera_link,20.533334,gnm_closed_loop,,nominal,goal-stop residual hold (recalibrated_dist_pred_gate),True,ok,third_party/visualnav-transformer/model_weights/gnm/gnm.pth,14.84,0.3,-0.0009,0.9452,-0.0009,4.84,,,gnm_closed_loop,0.0,0.0,normalized_stop_ab_20260708,G,stop_authority_normalized_pred,normalized_pred_gate,,3,0.5,10.09,0.4797,True,hospital_fresh_medium_G,1.446,True,,,0.0,0.0,False,goal_stop_zeroed,False,,True,shadow,results/bo_reviewer_packet/temporal_stop_head/22_temporal_stop_head_model.pt,0.114,0.0,False,0.5,,,1.4488,False,,,True
normcmp_G_stopauth_20260708_153944,650,20.550001,1783521593.228611,0.446045,0.500148,-0.0,3.141208,0.0,0.0,-0.000156,-0.000143,camera_link,20.550001,gnm_closed_loop,,nominal,goal-stop residual hold (recalibrated_dist_pred_gate),True,ok,third_party/visualnav-transformer/model_weights/gnm/gnm.pth,14.84,0.3,-0.0009,0.9452,-0.0009,4.84,,,gnm_closed_loop,0.0,0.0,normalized_stop_ab_20260708,G,stop_authority_normalized_pred,normalized_pred_gate,,3,0.5,10.09,0.4797,True,hospital_fresh_medium_G,1.446,True,,,0.0,0.0,False,goal_stop_zeroed,False,,True,shadow,results/bo_reviewer_packet/temporal_stop_head/22_temporal_stop_head_model.pt,0.114,0.0,False,0.5,,,1.4488,False,,,True
normcmp_G_stopauth_20260708_153944,651,20.566668,1783521593.231424,0.446053,0.500148,-0.0,3.141208,0.0,0.0,-0.000156,-0.000143,camera_link,20.566668,gnm_closed_loop,,nominal,goal-stop residual hold (recalibrated_dist_pred_gate),True,ok,third_party/visualnav-transformer/model_weights/gnm/gnm.pth,14.84,0.3,-0.0009,0.9452,-0.0009,4.84,,,gnm_closed_loop,0.0,0.0,normalized_stop_ab_20260708,G,stop_authority_normalized_pred,normalized_pred_gate,,3,0.5,10.09,0.4797,True,hospital_fresh_medium_G,1.4461,True,,,0.0,0.0,False,goal_stop_zeroed,False,,True,shadow,results/bo_reviewer_packet/temporal_stop_head/22_temporal_stop_head_model.pt,0.114,0.0,False,0.5,,,1.4488,False,,,True
normcmp_G_stopauth_20260708_153944,652,20.583334,1783521593.241275,0.446062,0.500148,-0.0,3.141208,0.0,0.0,-0.000155,2.6e-05,camera_link,20.583334,gnm_closed_loop,,nominal,goal-stop residual hold (recalibrated_dist_pred_gate),True,ok,third_party/visualnav-transformer/model_weights/gnm/gnm.pth,14.84,0.3,-0.0009,0.9452,-0.0009,4.84,,,gnm_closed_loop,0.0,0.0,normalized_stop_ab_20260708,G,stop_authority_normalized_pred,normalized_pred_gate,,3,0.5,10.09,0.4797,True,hospital_fresh_medium_G,1.4461,True,,,0.0,0.0,False,goal_stop_zeroed,False,,True,shadow,results/bo_reviewer_packet/temporal_stop_head/22_temporal_stop_head_model.pt,0.114,0.0,False,0.5,,,1.4488,False,,,True
normcmp_G_stopauth_20260708_153944,653,20.600001,1783521593.243923,0.446071,0.500148,-0.0,3.141208,0.0,0.0,-0.000155,2.6e-05,camera_link,20.600001,gnm_closed_loop,,nominal,goal-stop residual hold (recalibrated_dist_pred_gate),True,ok,third_party/visualnav-transformer/model_weights/gnm/gnm.pth,14.84,0.3,-0.0009,0.9452,-0.0009,4.84,,,gnm_closed_loop,0.0,0.0,normalized_stop_ab_20260708,G,stop_authority_normalized_pred,normalized_pred_gate,,3,0.5,10.09,0.4797,True,hospital_fresh_medium_G,1.4461,True,,,0.0,0.0,False,goal_stop_zeroed,False,,True,shadow,results/bo_reviewer_packet/temporal_stop_head/22_temporal_stop_head_model.pt,0.114,0.0,False,0.5,,,1.4488,False,,,True
normcmp_G_stopauth_20260708_153944,654,20.616668,1783521593.246387,0.44608,0.500148,-0.0,3.141208,0.0,0.0,-0.000155,2.6e-05,camera_link,20.616668,gnm_closed_loop,,nominal,goal-stop residual hold (recalibrated_dist_pred_gate),True,ok,third_party/visualnav-transformer/model_weights/gnm/gnm.pth,14.84,0.3,-0.0009,0.9452,-0.0009,4.84,,,gnm_closed_loop,0.0,0.0,normalized_stop_ab_20260708,G,stop_authority_normalized_pred,normalized_pred_gate,,3,0.5,10.09,0.4797,True,hospital_fresh_medium_G,1.4461,True,,,0.0,0.0,False,goal_stop_zeroed,False,,True,shadow,results/bo_reviewer_packet/temporal_stop_head/22_temporal_stop_head_model.pt,0.114,0.0,False,0.5,,,1.4488,False,,,True
normcmp_G_stopauth_20260708_153944,655,20.633334,1783521593.261191,0.44609,0.500148,-0.0,3.141208,0.0,0.0,-0.000155,-4.5e-05,camera_link,20.633334,gnm_closed_loop,,nominal,goal-stop residual hold (recalibrated_dist_pred_gate),True,ok,third_party/visualnav-transformer/model_weights/gnm/gnm.pth,14.84,0.3,-0.0009,0.9452,-0.0009,4.84,,,gnm_closed_loop,0.0,0.0,normalized_stop_ab_20260708,G,stop_authority_normalized_pred,normalized_pred_gate,,3,0.5,10.09,0.4797,True,hospital_fresh_medium_G,1.4461,True,,,0.0,0.0,False,goal_stop_zeroed,False,,True,shadow,results/bo_reviewer_packet/temporal_stop_head/22_temporal_stop_head_model.pt,0.114,0.0,False,0.5,,,1.4488,False,,,True
normcmp_G_stopauth_20260708_153944,656,20.650001,1783521593.263282,0.446098,0.500148,-0.0,3.141208,0.0,0.0,-0.000155,-4.5e-05,camera_link,20.650001,gnm_closed_loop,,nominal,goal-stop residual hold (recalibrated_dist_pred_gate),True,ok,third_party/visualnav-transformer/model_weights/gnm/gnm.pth,14.84,0.3,-0.0009,0.9452,-0.0009,4.84,,,gnm_closed_loop,0.0,0.0,normalized_stop_ab_20260708,G,stop_authority_normalized_pred,normalized_pred_gate,,3,0.5,10.09,0.4797,True,hospital_fresh_medium_G,1.4461,True,,,0.0,0.0,False,goal_stop_zeroed,False,,True,shadow,results/bo_reviewer_packet/temporal_stop_head/22_temporal_stop_head_model.pt,0.114,0.0,False,0.5,,,1.4488,False,,,True
normcmp_G_stopauth_20260708_153944,657,20.666668,1783521593.266609,0.446098,0.500148,-0.0,3.141208,0.0,0.0,-0.000155,-4.5e-05,camera_link,20.666668,gnm_closed_loop,,nominal,goal-stop residual hold (recalibrated_dist_pred_gate),True,ok,third_party/visualnav-transformer/model_weights/gnm/gnm.pth,14.84,0.3,-0.0009,0.9452,-0.0009,4.84,,,gnm_closed_loop,0.0,0.0,normalized_stop_ab_20260708,G,stop_authority_normalized_pred,normalized_pred_gate,,3,0.5,10.09,0.4797,True,hospital_fresh_medium_G,1.4461,True,,,0.0,0.0,False,goal_stop_zeroed,False,,True,shadow,results/bo_reviewer_packet/temporal_stop_head/22_temporal_stop_head_model.pt,0.114,0.0,False,0.5,,,1.4488,False,,,True
normcmp_G_stopauth_20260708_153944,658,20.683334,1783521593.279932,0.446098,0.500148,-0.0,3.141208,0.0,0.0,-0.000178,0.000389,camera_link,20.683334,gnm_closed_loop,,nominal,goal-stop residual hold (recalibrated_dist_pred_gate),True,ok,third_party/visualnav-transformer/model_weights/gnm/gnm.pth,14.84,0.3,-0.0009,0.9452,-0.0009,4.84,,,gnm_closed_loop,0.0,0.0,normalized_stop_ab_20260708,G,stop_authority_normalized_pred,normalized_pred_gate,,3,0.5,10.09,0.4797,True,hospital_fresh_medium_G,1.4461,True,,,0.0,0.0,False,goal_stop_zeroed,False,,True,shadow,results/bo_reviewer_packet/temporal_stop_head/22_temporal_stop_head_model.pt,0.114,0.0,False,0.5,,,1.4488,False,,,True
normcmp_G_stopauth_20260708_153944,659,20.700001,1783521593.281551,0.446098,0.500148,-0.0,3.141208,0.0,0.0,-0.000178,0.000389,camera_link,20.700001,gnm_closed_loop,,nominal,goal-stop residual hold (recalibrated_dist_pred_gate),True,ok,third_party/visualnav-transformer/model_weights/gnm/gnm.pth,14.84,0.3,-0.0009,0.9452,-0.0009,4.84,,,gnm_closed_loop,0.0,0.0,normalized_stop_ab_20260708,G,stop_authority_normalized_pred,normalized_pred_gate,,3,0.5,10.09,0.4797,True,hospital_fresh_medium_G,1.4461,True,,,0.0,0.0,False,goal_stop_zeroed,False,,True,shadow,results/bo_reviewer_packet/temporal_stop_head/22_temporal_stop_head_model.pt,0.114,0.0,False,0.5,,,1.4488,False,,,True
normcmp_G_stopauth_20260708_153944,660,20.716668,1783521593.282903,0.446098,0.500148,-0.0,3.141208,0.0,0.0,-0.000178,0.000389,camera_link,20.716668,gnm_closed_loop,,nominal,goal-stop residual hold (recalibrated_dist_pred_gate),True,ok,third_party/visualnav-transformer/model_weights/gnm/gnm.pth,14.84,0.3,-0.0009,0.9452,-0.0009,4.84,,,gnm_closed_loop,0.0,0.0,normalized_stop_ab_20260708,G,stop_authority_normalized_pred,normalized_pred_gate,,3,0.5,10.09,0.4797,True,hospital_fresh_medium_G,1.4461,True,,,0.0,0.0,False,goal_stop_zeroed,False,,True,shadow,results/bo_reviewer_packet/temporal_stop_head/22_temporal_stop_head_model.pt,0.114,0.0,False,0.5,,,1.4488,False,,,True
normcmp_G_stopauth_20260708_153944,661,20.733334,1783521593.295913,0.446098,0.500148,-0.0,3.141208,0.0,0.0,-0.000178,0.000389,camera_link,20.733334,gnm_closed_loop,,nominal,goal-stop residual hold (recalibrated_dist_pred_gate),True,ok,third_party/visualnav-transformer/model_weights/gnm/gnm.pth,14.84,0.3,-0.0009,0.9452,-0.0009,4.84,,,gnm_closed_loop,0.0,0.0,normalized_stop_ab_20260708,G,stop_authority_normalized_pred,normalized_pred_gate,,3,0.5,10.09,0.4797,True,hospital_fresh_medium_G,1.4461,True,,,0.0,0.0,False,goal_stop_zeroed,False,,True,shadow,results/bo_reviewer_packet/temporal_stop_head/22_temporal_stop_head_model.pt,0.114,0.0,False,0.5,,,1.4488,False,,,True
normcmp_G_stopauth_20260708_153944,662,20.750001,1783521593.297999,0.446098,0.500148,-0.0,3.141208,0.0,0.0,-0.000178,0.000389,camera_link,20.750001,gnm_closed_loop,,nominal,goal-stop residual hold (recalibrated_dist_pred_gate),True,ok,third_party/visualnav-transformer/model_weights/gnm/gnm.pth,14.84,0.3,-0.0009,0.9452,-0.0009,4.84,,,gnm_closed_loop,0.0,0.0,normalized_stop_ab_20260708,G,stop_authority_normalized_pred,normalized_pred_gate,,3,0.5,10.09,0.4797,True,hospital_fresh_medium_G,1.4461,True,,,0.0,0.0,False,goal_stop_zeroed,False,,True,shadow,results/bo_reviewer_packet/temporal_stop_head/22_temporal_stop_head_model.pt,0.114,0.0,False,0.5,,,1.4488,False,,,True
normcmp_G_stopauth_20260708_153944,663,20.766668,1783521593.300474,0.446098,0.500148,-0.0,3.141208,0.0,0.0,-0.000178,0.000389,camera_link,20.766668,gnm_closed_loop,,nominal,goal-stop residual hold (recalibrated_dist_pred_gate),True,ok,third_party/visualnav-transformer/model_weights/gnm/gnm.pth,14.84,0.3,-0.0009,0.9452,-0.0009,4.84,,,gnm_closed_loop,0.0,0.0,normalized_stop_ab_20260708,G,stop_authority_normalized_pred,normalized_pred_gate,,3,0.5,10.09,0.4797,True,hospital_fresh_medium_G,1.4461,True,,,0.0,0.0,False,goal_stop_zeroed,False,,True,shadow,results/bo_reviewer_packet/temporal_stop_head/22_temporal_stop_head_model.pt,0.114,0.0,False,0.5,,,1.4488,False,,,True
normcmp_G_stopauth_20260708_153944,664,20.783334,1783521593.318499,0.446098,0.500148,-0.0,3.141208,0.0,0.0,-0.000178,0.000389,camera_link,20.783334,gnm_closed_loop,,nominal,goal-stop residual hold (recalibrated_dist_pred_gate),True,ok,third_party/visualnav-transformer/model_weights/gnm/gnm.pth,14.84,0.3,-0.0009,0.9452,-0.0009,4.84,,,gnm_closed_loop,0.0,0.0,normalized_stop_ab_20260708,G,stop_authority_normalized_pred,normalized_pred_gate,,3,0.5,10.09,0.4797,True,hospital_fresh_medium_G,1.4461,True,,,0.0,0.0,False,goal_stop_zeroed,False,,True,shadow,results/bo_reviewer_packet/temporal_stop_head/22_temporal_stop_head_model.pt,0.114,0.0,False,0.5,,,1.4488,False,,,True
normcmp_G_stopauth_20260708_153944,665,20.800001,1783521593.323844,0.446098,0.500148,-0.0,3.141208,0.0,0.0,-0.000178,0.000389,camera_link,20.800001,gnm_closed_loop,,nominal,goal-stop residual hold (recalibrated_dist_pred_gate),True,ok,third_party/visualnav-transformer/model_weights/gnm/gnm.pth,14.84,0.3,-0.0009,0.9452,-0.0009,4.84,,,gnm_closed_loop,0.0,0.0,normalized_stop_ab_20260708,G,stop_authority_normalized_pred,normalized_pred_gate,,3,0.5,10.09,0.4797,True,hospital_fresh_medium_G,1.4461,True,,,0.0,0.0,False,goal_stop_zeroed,False,,True,shadow,results/bo_reviewer_packet/temporal_stop_head/22_temporal_stop_head_model.pt,0.114,0.0,False,0.5,,,1.4488,False,,,True
normcmp_G_stopauth_20260708_153944,666,20.816668,1783521593.327781,0.446098,0.500148,-0.0,3.141208,0.0,0.0,-0.000178,0.000389,camera_link,20.816668,gnm_closed_loop,,nominal,goal-stop residual hold (recalibrated_dist_pred_gate),True,ok,third_party/visualnav-transformer/model_weights/gnm/gnm.pth,14.84,0.3,-0.0009,0.9452,-0.0009,4.84,,,gnm_closed_loop,0.0,0.0,normalized_stop_ab_20260708,G,stop_authority_normalized_pred,normalized_pred_gate,,3,0.5,10.09,0.4797,True,hospital_fresh_medium_G,1.4461,True,,,0.0,0.0,False,goal_stop_zeroed,False,,True,shadow,results/bo_reviewer_packet/temporal_stop_head/22_temporal_stop_head_model.pt,0.114,0.0,False,0.5,,,1.4488,False,,,True
normcmp_G_stopauth_20260708_153944,667,20.833334,1783521593.350459,0.446098,0.500148,-0.0,3.141208,0.0,0.0,-0.000178,0.000389,camera_link,20.833334,gnm_closed_loop,,nominal,goal-stop residual hold (recalibrated_dist_pred_gate),True,ok,third_party/visualnav-transformer/model_weights/gnm/gnm.pth,14.84,0.3,-0.0009,0.9452,-0.0009,4.84,,,gnm_closed_loop,0.0,0.0,normalized_stop_ab_20260708,G,stop_authority_normalized_pred,normalized_pred_gate,,3,0.5,10.09,0.4797,True,hospital_fresh_medium_G,1.4461,True,,,0.0,0.0,False,goal_stop_zeroed,False,,True,shadow,results/bo_reviewer_packet/temporal_stop_head/22_temporal_stop_head_model.pt,0.114,0.0,False,0.5,,,1.4488,False,,,True
normcmp_G_stopauth_20260708_153944,668,20.850001,1783521593.353206,0.446098,0.500148,-0.0,3.141208,0.0,0.0,-0.000178,0.000389,camera_link,20.850001,gnm_closed_loop,,nominal,goal-stop residual hold (recalibrated_dist_pred_gate),True,ok,third_party/visualnav-transformer/model_weights/gnm/gnm.pth,14.84,0.3,-0.0009,0.9452,-0.0009,4.84,,,gnm_closed_loop,0.0,0.0,normalized_stop_ab_20260708,G,stop_authority_normalized_pred,normalized_pred_gate,,3,0.5,10.09,0.4797,True,hospital_fresh_medium_G,1.4461,True,,,0.0,0.0,False,goal_stop_zeroed,False,,True,shadow,results/bo_reviewer_packet/temporal_stop_head/22_temporal_stop_head_model.pt,0.114,0.0,False,0.5,,,1.4488,False,,,True
normcmp_G_stopauth_20260708_153944,669,20.866668,1783521593.355559,0.446098,0.500148,-0.0,3.141208,0.0,0.0,-0.000178,0.000389,camera_link,20.866668,gnm_closed_loop,,nominal,goal-stop residual hold (recalibrated_dist_pred_gate),True,ok,third_party/visualnav-transformer/model_weights/gnm/gnm.pth,14.84,0.3,-0.0009,0.9452,-0.0009,4.84,,,gnm_closed_loop,0.0,0.0,normalized_stop_ab_20260708,G,stop_authority_normalized_pred,normalized_pred_gate,,3,0.5,10.09,0.4797,True,hospital_fresh_medium_G,1.4461,True,,,0.0,0.0,False,goal_stop_zeroed,False,,True,shadow,results/bo_reviewer_packet/temporal_stop_head/22_temporal_stop_head_model.pt,0.114,0.0,False,0.5,,,1.4488,False,,,True
normcmp_G_stopauth_20260708_153944,670,20.883334,1783521593.377395,0.446098,0.500148,-0.0,3.141208,0.0,0.0,-0.000178,0.000389,camera_link,20.883334,gnm_closed_loop,,nominal,goal-stop residual hold (recalibrated_dist_pred_gate),True,ok,third_party/visualnav-transformer/model_weights/gnm/gnm.pth,14.84,0.3,-0.0009,0.9452,-0.0009,4.84,,,gnm_closed_loop,0.0,0.0,normalized_stop_ab_20260708,G,stop_authority_normalized_pred,normalized_pred_gate,,3,0.5,10.09,0.4797,True,hospital_fresh_medium_G,1.4461,True,,,0.0,0.0,False,goal_stop_zeroed,False,,True,shadow,results/bo_reviewer_packet/temporal_stop_head/22_temporal_stop_head_model.pt,0.114,0.0,False,0.5,,,1.4488,False,,,True
normcmp_G_stopauth_20260708_153944,671,20.900001,1783521593.380848,0.446098,0.500148,-0.0,3.141208,0.0,0.0,-0.000178,0.000389,camera_link,20.900001,gnm_closed_loop,,nominal,goal-stop residual hold (recalibrated_dist_pred_gate),True,ok,third_party/visualnav-transformer/model_weights/gnm/gnm.pth,14.84,0.3,-0.0009,0.9452,-0.0009,4.84,,,gnm_closed_loop,0.0,0.0,normalized_stop_ab_20260708,G,stop_authority_normalized_pred,normalized_pred_gate,,3,0.5,10.09,0.4797,True,hospital_fresh_medium_G,1.4461,True,,,0.0,0.0,False,goal_stop_zeroed,False,,True,shadow,results/bo_reviewer_packet/temporal_stop_head/22_temporal_stop_head_model.pt,0.114,0.0,False,0.5,,,1.4488,False,,,True
normcmp_G_stopauth_20260708_153944,672,20.916668,1783521593.386061,0.446098,0.500148,-0.0,3.141208,0.0,0.0,-0.000178,0.000389,camera_link,20.916668,gnm_closed_loop,,nominal,goal-stop residual hold (recalibrated_dist_pred_gate),True,ok,third_party/visualnav-transformer/model_weights/gnm/gnm.pth,14.84,0.3,-0.0009,0.9452,-0.0009,4.84,,,gnm_closed_loop,0.0,0.0,normalized_stop_ab_20260708,G,stop_authority_normalized_pred,normalized_pred_gate,,3,0.5,10.09,0.4797,True,hospital_fresh_medium_G,1.4461,True,,,0.0,0.0,False,goal_stop_zeroed,False,,True,shadow,results/bo_reviewer_packet/temporal_stop_head/22_temporal_stop_head_model.pt,0.114,0.0,False,0.5,,,1.4488,False,,,True
normcmp_G_stopauth_20260708_153944,673,20.933334,1783521593.408674,0.446098,0.500148,-0.0,3.141208,0.0,0.0,-0.000178,0.000389,camera_link,20.933334,gnm_closed_loop,,nominal,goal-stop residual hold (recalibrated_dist_pred_gate),True,ok,third_party/visualnav-transformer/model_weights/gnm/gnm.pth,14.84,0.3,-0.0009,0.9452,-0.0009,4.84,,,gnm_closed_loop,0.0,0.0,normalized_stop_ab_20260708,G,stop_authority_normalized_pred,normalized_pred_gate,,3,0.5,10.09,0.4797,True,hospital_fresh_medium_G,1.4461,True,,,0.0,0.0,False,goal_stop_zeroed,False,,True,shadow,results/bo_reviewer_packet/temporal_stop_head/22_temporal_stop_head_model.pt,0.114,0.0,False,0.5,,,1.4488,False,,,True
normcmp_G_stopauth_20260708_153944,674,20.950001,1783521593.411167,0.446098,0.500148,-0.0,3.141208,0.0,0.0,-0.000178,0.000389,camera_link,20.950001,gnm_closed_loop,,nominal,goal-stop residual hold (recalibrated_dist_pred_gate),True,ok,third_party/visualnav-transformer/model_weights/gnm/gnm.pth,14.84,0.3,-0.0009,0.9452,-0.0009,4.84,,,gnm_closed_loop,0.0,0.0,normalized_stop_ab_20260708,G,stop_authority_normalized_pred,normalized_pred_gate,,3,0.5,10.09,0.4797,True,hospital_fresh_medium_G,1.4461,True,,,0.0,0.0,False,goal_stop_zeroed,False,,True,shadow,results/bo_reviewer_packet/temporal_stop_head/22_temporal_stop_head_model.pt,0.114,0.0,False,0.5,,,1.4488,False,,,True
normcmp_G_stopauth_20260708_153944,675,20.966668,1783521593.413932,0.446098,0.500148,-0.0,3.141208,0.0,0.0,-0.000178,0.000389,camera_link,20.966668,gnm_closed_loop,,nominal,goal-stop residual hold (recalibrated_dist_pred_gate),True,ok,third_party/visualnav-transformer/model_weights/gnm/gnm.pth,14.84,0.3,-0.0009,0.9452,-0.0009,4.84,,,gnm_closed_loop,0.0,0.0,normalized_stop_ab_20260708,G,stop_authority_normalized_pred,normalized_pred_gate,,3,0.5,10.09,0.4797,True,hospital_fresh_medium_G,1.4461,True,,,0.0,0.0,False,goal_stop_zeroed,False,,True,shadow,results/bo_reviewer_packet/temporal_stop_head/22_temporal_stop_head_model.pt,0.114,0.0,False,0.5,,,1.4488,False,,,True
normcmp_G_stopauth_20260708_153944,676,20.983334,1783521593.427035,0.446098,0.500148,-0.0,3.141208,0.0,0.0,-0.000178,0.000389,camera_link,20.983334,gnm_closed_loop,,nominal,goal-stop residual hold (recalibrated_dist_pred_gate),True,ok,third_party/visualnav-transformer/model_weights/gnm/gnm.pth,14.84,0.3,-0.0009,0.9452,-0.0009,4.84,,,gnm_closed_loop,0.0,0.0,normalized_stop_ab_20260708,G,stop_authority_normalized_pred,normalized_pred_gate,,3,0.5,10.09,0.4797,True,hospital_fresh_medium_G,1.4461,True,,,0.0,0.0,False,goal_stop_zeroed,False,,True,shadow,results/bo_reviewer_packet/temporal_stop_head/22_temporal_stop_head_model.pt,0.114,0.0,False,0.5,,,1.4488,False,,,True
normcmp_G_stopauth_20260708_153944,677,21.000001,1783521593.429289,0.446098,0.500148,-0.0,3.141208,0.0,0.0,-0.000178,0.000389,camera_link,21.000001,gnm_closed_loop,,nominal,goal-stop residual hold (recalibrated_dist_pred_gate),True,ok,third_party/visualnav-transformer/model_weights/gnm/gnm.pth,14.84,0.3,-0.0009,0.9452,-0.0009,4.84,,,gnm_closed_loop,0.0,0.0,normalized_stop_ab_20260708,G,stop_authority_normalized_pred,normalized_pred_gate,,3,0.5,10.09,0.4797,True,hospital_fresh_medium_G,1.4461,True,,,0.0,0.0,False,goal_stop_zeroed,False,,True,shadow,results/bo_reviewer_packet/temporal_stop_head/22_temporal_stop_head_model.pt,0.114,0.0,False,0.5,,,1.4488,False,,,True
normcmp_G_stopauth_20260708_153944,678,21.016668,1783521593.432445,0.446098,0.500148,-0.0,3.141208,0.0,0.0,-0.000178,0.000389,camera_link,21.016668,gnm_closed_loop,,nominal,goal-stop residual hold (recalibrated_dist_pred_gate),True,ok,third_party/visualnav-transformer/model_weights/gnm/gnm.pth,14.84,0.3,-0.0009,0.9452,-0.0009,4.84,,,gnm_closed_loop,0.0,0.0,normalized_stop_ab_20260708,G,stop_authority_normalized_pred,normalized_pred_gate,,3,0.5,10.09,0.4797,True,hospital_fresh_medium_G,1.4461,True,,,0.0,0.0,False,goal_stop_zeroed,False,,True,shadow,results/bo_reviewer_packet/temporal_stop_head/22_temporal_stop_head_model.pt,0.114,0.0,False,0.5,,,1.4488,False,,,True
normcmp_G_stopauth_20260708_153944,679,21.033334,1783521593.450972,0.446098,0.500148,-0.0,3.141208,0.0,0.0,-0.000178,0.000389,camera_link,21.033334,gnm_closed_loop,,nominal,goal-stop residual hold (recalibrated_dist_pred_gate),True,ok,third_party/visualnav-transformer/model_weights/gnm/gnm.pth,14.84,0.3,-0.0009,0.9452,-0.0009,4.84,,,gnm_closed_loop,0.0,0.0,normalized_stop_ab_20260708,G,stop_authority_normalized_pred,normalized_pred_gate,,3,0.5,10.09,0.4797,True,hospital_fresh_medium_G,1.4461,True,,,0.0,0.0,False,goal_stop_zeroed,False,,True,shadow,results/bo_reviewer_packet/temporal_stop_head/22_temporal_stop_head_model.pt,0.114,0.0,False,0.5,,,1.4488,False,,,True
normcmp_G_stopauth_20260708_153944,680,21.050001,1783521593.453334,0.446098,0.500148,-0.0,3.141208,0.0,0.0,-0.000178,0.000389,camera_link,21.050001,gnm_closed_loop,,nominal,goal-stop residual hold (recalibrated_dist_pred_gate),True,ok,third_party/visualnav-transformer/model_weights/gnm/gnm.pth,14.84,0.3,-0.0009,0.9452,-0.0009,4.84,,,gnm_closed_loop,0.0,0.0,normalized_stop_ab_20260708,G,stop_authority_normalized_pred,normalized_pred_gate,,3,0.5,10.09,0.4797,True,hospital_fresh_medium_G,1.4461,True,,,0.0,0.0,False,goal_stop_zeroed,False,,True,shadow,results/bo_reviewer_packet/temporal_stop_head/22_temporal_stop_head_model.pt,0.114,0.0,False,0.5,,,1.4488,False,,,True
normcmp_G_stopauth_20260708_153944,681,21.066668,1783521593.455202,0.446098,0.500148,-0.0,3.141208,0.0,0.0,-0.000178,0.000389,camera_link,21.066668,gnm_closed_loop,,nominal,goal-stop residual hold (recalibrated_dist_pred_gate),True,ok,third_party/visualnav-transformer/model_weights/gnm/gnm.pth,14.84,0.3,-0.0009,0.9452,-0.0009,4.84,,,gnm_closed_loop,0.0,0.0,normalized_stop_ab_20260708,G,stop_authority_normalized_pred,normalized_pred_gate,,3,0.5,10.09,0.4797,True,hospital_fresh_medium_G,1.4461,True,,,0.0,0.0,False,goal_stop_zeroed,False,,True,shadow,results/bo_reviewer_packet/temporal_stop_head/22_temporal_stop_head_model.pt,0.114,0.0,False,0.5,,,1.4488,False,,,True
normcmp_G_stopauth_20260708_153944,682,21.083334,1783521593.464819,0.446098,0.500148,-0.0,3.141208,0.0,0.0,-0.000178,0.000389,camera_link,21.083334,gnm_closed_loop,,nominal,goal-stop residual hold (recalibrated_dist_pred_gate),True,ok,third_party/visualnav-transformer/model_weights/gnm/gnm.pth,14.84,0.3,-0.0009,0.9452,-0.0009,4.84,,,gnm_closed_loop,0.0,0.0,normalized_stop_ab_20260708,G,stop_authority_normalized_pred,normalized_pred_gate,,3,0.5,10.09,0.4797,True,hospital_fresh_medium_G,1.4461,True,,,0.0,0.0,False,goal_stop_zeroed,False,,True,shadow,results/bo_reviewer_packet/temporal_stop_head/22_temporal_stop_head_model.pt,0.114,0.0,False,0.5,,,1.4488,False,,,True
normcmp_G_stopauth_20260708_153944,683,21.100001,1783521593.466925,0.446098,0.500148,-0.0,3.141208,0.0,0.0,-0.000178,0.000389,camera_link,21.100001,gnm_closed_loop,,nominal,goal-stop residual hold (recalibrated_dist_pred_gate),True,ok,third_party/visualnav-transformer/model_weights/gnm/gnm.pth,14.84,0.3,-0.0009,0.9452,-0.0009,4.84,,,gnm_closed_loop,0.0,0.0,normalized_stop_ab_20260708,G,stop_authority_normalized_pred,normalized_pred_gate,,3,0.5,10.09,0.4797,True,hospital_fresh_medium_G,1.4461,True,,,0.0,0.0,False,goal_stop_zeroed,False,,True,shadow,results/bo_reviewer_packet/temporal_stop_head/22_temporal_stop_head_model.pt,0.114,0.0,False,0.5,,,1.4488,False,,,True
normcmp_G_stopauth_20260708_153944,684,21.116668,1783521593.468924,0.446098,0.500148,-0.0,3.141208,0.0,0.0,-0.000178,0.000389,camera_link,21.116668,gnm_closed_loop,,nominal,goal-stop residual hold (recalibrated_dist_pred_gate),True,ok,third_party/visualnav-transformer/model_weights/gnm/gnm.pth,14.84,0.3,-0.0009,0.9452,-0.0009,4.84,,,gnm_closed_loop,0.0,0.0,normalized_stop_ab_20260708,G,stop_authority_normalized_pred,normalized_pred_gate,,3,0.5,10.09,0.4797,True,hospital_fresh_medium_G,1.4461,True,,,0.0,0.0,False,goal_stop_zeroed,False,,True,shadow,results/bo_reviewer_packet/temporal_stop_head/22_temporal_stop_head_model.pt,0.114,0.0,False,0.5,,,1.4488,False,,,True
normcmp_G_stopauth_20260708_153944,685,21.133334,1783521593.485343,0.446098,0.500148,-0.0,3.141208,0.0,0.0,-0.000178,0.000389,camera_link,21.133334,gnm_closed_loop,,nominal,goal-stop residual hold (recalibrated_dist_pred_gate),True,ok,third_party/visualnav-transformer/model_weights/gnm/gnm.pth,14.84,0.3,-0.0009,0.9452,-0.0009,4.84,,,gnm_closed_loop,0.0,0.0,normalized_stop_ab_20260708,G,stop_authority_normalized_pred,normalized_pred_gate,,3,0.5,10.09,0.4797,True,hospital_fresh_medium_G,1.4461,True,,,0.0,0.0,False,goal_stop_zeroed,False,,True,shadow,results/bo_reviewer_packet/temporal_stop_head/22_temporal_stop_head_model.pt,0.114,0.0,False,0.5,,,1.4488,False,,,True
normcmp_G_stopauth_20260708_153944,686,21.150001,1783521593.48831,0.446098,0.500148,-0.0,3.141208,0.0,0.0,-0.000178,0.000389,camera_link,21.150001,gnm_closed_loop,,nominal,goal-stop residual hold (recalibrated_dist_pred_gate),True,ok,third_party/visualnav-transformer/model_weights/gnm/gnm.pth,14.84,0.3,-0.0009,0.9452,-0.0009,4.84,,,gnm_closed_loop,0.0,0.0,normalized_stop_ab_20260708,G,stop_authority_normalized_pred,normalized_pred_gate,,3,0.5,10.09,0.4797,True,hospital_fresh_medium_G,1.4461,True,,,0.0,0.0,False,goal_stop_zeroed,False,,True,shadow,results/bo_reviewer_packet/temporal_stop_head/22_temporal_stop_head_model.pt,0.114,0.0,False,0.5,,,1.4488,False,,,True
normcmp_G_stopauth_20260708_153944,687,21.166668,1783521593.493093,0.446098,0.500148,-0.0,3.141208,0.0,0.0,-0.000178,0.000389,camera_link,21.166668,gnm_closed_loop,,nominal,goal-stop residual hold (recalibrated_dist_pred_gate),True,ok,third_party/visualnav-transformer/model_weights/gnm/gnm.pth,14.84,0.3,-0.0009,0.9452,-0.0009,4.84,,,gnm_closed_loop,0.0,0.0,normalized_stop_ab_20260708,G,stop_authority_normalized_pred,normalized_pred_gate,,3,0.5,10.09,0.4797,True,hospital_fresh_medium_G,1.4461,True,,,0.0,0.0,False,goal_stop_zeroed,False,,True,shadow,results/bo_reviewer_packet/temporal_stop_head/22_temporal_stop_head_model.pt,0.114,0.0,False,0.5,,,1.4488,False,,,True
normcmp_G_stopauth_20260708_153944,688,21.183334,1783521593.513616,0.446098,0.500148,-0.0,3.141208,0.0,0.0,-0.000178,0.000389,camera_link,21.183334,gnm_closed_loop,,nominal,goal-stop residual hold (recalibrated_dist_pred_gate),True,ok,third_party/visualnav-transformer/model_weights/gnm/gnm.pth,14.84,0.3,-0.0009,0.9452,-0.0009,4.84,,,gnm_closed_loop,0.0,0.0,normalized_stop_ab_20260708,G,stop_authority_normalized_pred,normalized_pred_gate,,3,0.5,10.09,0.4797,True,hospital_fresh_medium_G,1.4461,True,,,0.0,0.0,False,goal_stop_zeroed,False,,True,shadow,results/bo_reviewer_packet/temporal_stop_head/22_temporal_stop_head_model.pt,0.114,0.0,False,0.5,,,1.4488,False,,,True
normcmp_G_stopauth_20260708_153944,689,21.200001,1783521593.516717,0.446098,0.500148,-0.0,3.141208,0.0,0.0,-0.000178,0.000389,camera_link,21.200001,gnm_closed_loop,,nominal,goal-stop residual hold (recalibrated_dist_pred_gate),True,ok,third_party/visualnav-transformer/model_weights/gnm/gnm.pth,14.84,0.3,-0.0009,0.9452,-0.0009,4.84,,,gnm_closed_loop,0.0,0.0,normalized_stop_ab_20260708,G,stop_authority_normalized_pred,normalized_pred_gate,,3,0.5,10.09,0.4797,True,hospital_fresh_medium_G,1.4461,True,,,0.0,0.0,False,goal_stop_zeroed,False,,True,shadow,results/bo_reviewer_packet/temporal_stop_head/22_temporal_stop_head_model.pt,0.114,0.0,False,0.5,,,1.4488,False,,,True
normcmp_G_stopauth_20260708_153944,690,21.216668,1783521593.521187,0.446098,0.500148,-0.0,3.141208,0.0,0.0,-0.000178,0.000389,camera_link,21.216668,gnm_closed_loop,,nominal,goal-stop residual hold (recalibrated_dist_pred_gate),True,ok,third_party/visualnav-transformer/model_weights/gnm/gnm.pth,14.84,0.3,-0.0009,0.9452,-0.0009,4.84,,,gnm_closed_loop,0.0,0.0,normalized_stop_ab_20260708,G,stop_authority_normalized_pred,normalized_pred_gate,,3,0.5,10.09,0.4797,True,hospital_fresh_medium_G,1.4461,True,,,0.0,0.0,False,goal_stop_zeroed,False,,True,shadow,results/bo_reviewer_packet/temporal_stop_head/22_temporal_stop_head_model.pt,0.114,0.0,False,0.5,,,1.4488,False,,,True
normcmp_G_stopauth_20260708_153944,691,21.233334,1783521593.545748,0.446098,0.500148,-0.0,3.141208,0.0,0.0,-0.000178,0.000389,camera_link,21.233334,gnm_closed_loop,,nominal,goal-stop residual hold (recalibrated_dist_pred_gate),True,ok,third_party/visualnav-transformer/model_weights/gnm/gnm.pth,14.84,0.3,-0.0009,0.9452,-0.0009,4.84,,,gnm_closed_loop,0.0,0.0,normalized_stop_ab_20260708,G,stop_authority_normalized_pred,normalized_pred_gate,,3,0.5,10.09,0.4797,True,hospital_fresh_medium_G,1.4461,True,,,0.0,0.0,False,goal_stop_zeroed,False,,True,shadow,results/bo_reviewer_packet/temporal_stop_head/22_temporal_stop_head_model.pt,0.114,0.0,False,0.5,,,1.4488,False,,,True
normcmp_G_stopauth_20260708_153944,692,21.250001,1783521593.548502,0.446098,0.500148,-0.0,3.141208,0.0,0.0,-0.000178,0.000389,camera_link,21.250001,gnm_closed_loop,,nominal,goal-stop residual hold (recalibrated_dist_pred_gate),True,ok,third_party/visualnav-transformer/model_weights/gnm/gnm.pth,14.84,0.3,-0.0009,0.9452,-0.0009,4.84,,,gnm_closed_loop,0.0,0.0,normalized_stop_ab_20260708,G,stop_authority_normalized_pred,normalized_pred_gate,,3,0.5,10.09,0.4797,True,hospital_fresh_medium_G,1.4461,True,,,0.0,0.0,False,goal_stop_zeroed,False,,True,shadow,results/bo_reviewer_packet/temporal_stop_head/22_temporal_stop_head_model.pt,0.114,0.0,False,0.5,,,1.4488,False,,,True
normcmp_G_stopauth_20260708_153944,693,21.266668,1783521593.552411,0.446098,0.500148,-0.0,3.141208,0.0,0.0,-0.000178,0.000389,camera_link,21.266668,gnm_closed_loop,,nominal,goal-stop residual hold (recalibrated_dist_pred_gate),True,ok,third_party/visualnav-transformer/model_weights/gnm/gnm.pth,14.84,0.3,-0.0009,0.9452,-0.0009,4.84,,,gnm_closed_loop,0.0,0.0,normalized_stop_ab_20260708,G,stop_authority_normalized_pred,normalized_pred_gate,,3,0.5,10.09,0.4797,True,hospital_fresh_medium_G,1.4461,True,,,0.0,0.0,False,goal_stop_zeroed,False,,True,shadow,results/bo_reviewer_packet/temporal_stop_head/22_temporal_stop_head_model.pt,0.114,0.0,False,0.5,,,1.4488,False,,,True
normcmp_G_stopauth_20260708_153944,694,21.283334,1783521593.575387,0.446098,0.500148,-0.0,3.141208,0.0,0.0,-0.000178,0.000389,camera_link,21.283334,gnm_closed_loop,,nominal,goal-stop residual hold (recalibrated_dist_pred_gate),True,ok,third_party/visualnav-transformer/model_weights/gnm/gnm.pth,14.84,0.3,-0.0009,0.9452,-0.0009,4.84,,,gnm_closed_loop,0.0,0.0,normalized_stop_ab_20260708,G,stop_authority_normalized_pred,normalized_pred_gate,,3,0.5,10.09,0.4797,True,hospital_fresh_medium_G,1.4461,True,,,0.0,0.0,False,goal_stop_zeroed,False,,True,shadow,results/bo_reviewer_packet/temporal_stop_head/22_temporal_stop_head_model.pt,0.114,0.0,False,0.5,,,1.4488,False,,,True
normcmp_G_stopauth_20260708_153944,695,21.300001,1783521593.581316,0.446098,0.500148,-0.0,3.141208,0.0,0.0,-0.000178,0.000389,camera_link,21.300001,gnm_closed_loop,,nominal,goal-stop residual hold (recalibrated_dist_pred_gate),True,ok,third_party/visualnav-transformer/model_weights/gnm/gnm.pth,14.84,0.3,-0.0009,0.9452,-0.0009,4.84,,,gnm_closed_loop,0.0,0.0,normalized_stop_ab_20260708,G,stop_authority_normalized_pred,normalized_pred_gate,,3,0.5,10.09,0.4797,True,hospital_fresh_medium_G,1.4461,True,,,0.0,0.0,False,goal_stop_zeroed,False,,True,shadow,results/bo_reviewer_packet/temporal_stop_head/22_temporal_stop_head_model.pt,0.114,0.0,False,0.5,,,1.4488,False,,,True
normcmp_G_stopauth_20260708_153944,696,21.316668,1783521593.586877,0.446098,0.500148,-0.0,3.141208,0.0,0.0,-0.000178,0.000389,camera_link,21.316668,gnm_closed_loop,,nominal,goal-stop residual hold (recalibrated_dist_pred_gate),True,ok,third_party/visualnav-transformer/model_weights/gnm/gnm.pth,14.84,0.3,-0.0009,0.9452,-0.0009,4.84,,,gnm_closed_loop,0.0,0.0,normalized_stop_ab_20260708,G,stop_authority_normalized_pred,normalized_pred_gate,,3,0.5,10.09,0.4797,True,hospital_fresh_medium_G,1.4461,True,,,0.0,0.0,False,goal_stop_zeroed,False,,True,shadow,results/bo_reviewer_packet/temporal_stop_head/22_temporal_stop_head_model.pt,0.114,0.0,False,0.5,,,1.4488,False,,,True
normcmp_G_stopauth_20260708_153944,697,21.333334,1783521593.607263,0.446098,0.500148,-0.0,3.141208,0.0,0.0,-0.000178,0.000389,camera_link,21.333334,gnm_closed_loop,,nominal,goal-stop residual hold (recalibrated_dist_pred_gate),True,ok,third_party/visualnav-transformer/model_weights/gnm/gnm.pth,14.84,0.3,-0.0009,0.9452,-0.0009,4.84,,,gnm_closed_loop,0.0,0.0,normalized_stop_ab_20260708,G,stop_authority_normalized_pred,normalized_pred_gate,,3,0.5,10.09,0.4797,True,hospital_fresh_medium_G,1.4461,True,,,0.0,0.0,False,goal_stop_zeroed,False,,True,shadow,results/bo_reviewer_packet/temporal_stop_head/22_temporal_stop_head_model.pt,0.114,0.0,False,0.5,,,1.4488,False,,,True
normcmp_G_stopauth_20260708_153944,698,21.350001,1783521593.610856,0.446098,0.500148,-0.0,3.141208,0.0,0.0,-0.000178,0.000389,camera_link,21.350001,gnm_closed_loop,,nominal,goal-stop residual hold (recalibrated_dist_pred_gate),True,ok,third_party/visualnav-transformer/model_weights/gnm/gnm.pth,14.84,0.3,-0.0009,0.9452,-0.0009,4.84,,,gnm_closed_loop,0.0,0.0,normalized_stop_ab_20260708,G,stop_authority_normalized_pred,normalized_pred_gate,,3,0.5,10.09,0.4797,True,hospital_fresh_medium_G,1.4461,True,,,0.0,0.0,False,goal_stop_zeroed,False,,True,shadow,results/bo_reviewer_packet/temporal_stop_head/22_temporal_stop_head_model.pt,0.114,0.0,False,0.5,,,1.4488,False,,,True
normcmp_G_stopauth_20260708_153944,699,21.366668,1783521593.617118,0.446098,0.500148,-0.0,3.141208,0.0,0.0,-0.000178,0.000389,camera_link,21.366668,gnm_closed_loop,,nominal,goal-stop residual hold (recalibrated_dist_pred_gate),True,ok,third_party/visualnav-transformer/model_weights/gnm/gnm.pth,14.84,0.3,-0.0009,0.9452,-0.0009,4.84,,,gnm_closed_loop,0.0,0.0,normalized_stop_ab_20260708,G,stop_authority_normalized_pred,normalized_pred_gate,,3,0.5,10.09,0.4797,True,hospital_fresh_medium_G,1.4461,True,,,0.0,0.0,False,goal_stop_zeroed,False,,True,shadow,results/bo_reviewer_packet/temporal_stop_head/22_temporal_stop_head_model.pt,0.114,0.0,False,0.5,,,1.4488,False,,,True
normcmp_G_stopauth_20260708_153944,700,21.383334,1783521593.639585,0.446098,0.500148,-0.0,3.141208,0.0,0.0,-0.000178,0.000389,camera_link,21.383334,gnm_closed_loop,,nominal,goal-stop residual hold (recalibrated_dist_pred_gate),True,ok,third_party/visualnav-transformer/model_weights/gnm/gnm.pth,14.84,0.3,-0.0009,0.9452,-0.0009,4.84,,,gnm_closed_loop,0.0,0.0,normalized_stop_ab_20260708,G,stop_authority_normalized_pred,normalized_pred_gate,,3,0.5,10.09,0.4797,True,hospital_fresh_medium_G,1.4461,True,,,0.0,0.0,False,goal_stop_zeroed,False,,True,shadow,results/bo_reviewer_packet/temporal_stop_head/22_temporal_stop_head_model.pt,0.114,0.0,False,0.5,,,1.4488,False,,,True
normcmp_G_stopauth_20260708_153944,701,21.400001,1783521593.643284,0.446098,0.500148,-0.0,3.141208,0.0,0.0,-0.000178,0.000389,camera_link,21.400001,gnm_closed_loop,,nominal,goal-stop residual hold (recalibrated_dist_pred_gate),True,ok,third_party/visualnav-transformer/model_weights/gnm/gnm.pth,14.84,0.3,-0.0009,0.9452,-0.0009,4.84,,,gnm_closed_loop,0.0,0.0,normalized_stop_ab_20260708,G,stop_authority_normalized_pred,normalized_pred_gate,,3,0.5,10.09,0.4797,True,hospital_fresh_medium_G,1.4461,True,,,0.0,0.0,False,goal_stop_zeroed,False,,True,shadow,results/bo_reviewer_packet/temporal_stop_head/22_temporal_stop_head_model.pt,0.114,0.0,False,0.5,,,1.4488,False,,,True
normcmp_G_stopauth_20260708_153944,702,21.416668,1783521593.646135,0.446098,0.500148,-0.0,3.141208,0.0,0.0,-0.000178,0.000389,camera_link,21.416668,gnm_closed_loop,,nominal,goal-stop residual hold (recalibrated_dist_pred_gate),True,ok,third_party/visualnav-transformer/model_weights/gnm/gnm.pth,14.84,0.3,-0.0009,0.9452,-0.0009,4.84,,,gnm_closed_loop,0.0,0.0,normalized_stop_ab_20260708,G,stop_authority_normalized_pred,normalized_pred_gate,,3,0.5,10.09,0.4797,True,hospital_fresh_medium_G,1.4461,True,,,0.0,0.0,False,goal_stop_zeroed,False,,True,shadow,results/bo_reviewer_packet/temporal_stop_head/22_temporal_stop_head_model.pt,0.114,0.0,False,0.5,,,1.4488,False,,,True
normcmp_G_stopauth_20260708_153944,703,21.433334,1783521593.670928,0.446098,0.500148,-0.0,3.141208,0.0,0.0,-0.000178,0.000389,camera_link,21.433334,gnm_closed_loop,,nominal,goal-stop residual hold (recalibrated_dist_pred_gate),True,ok,third_party/visualnav-transformer/model_weights/gnm/gnm.pth,14.84,0.3,-0.0009,0.9452,-0.0009,4.84,,,gnm_closed_loop,0.0,0.0,normalized_stop_ab_20260708,G,stop_authority_normalized_pred,normalized_pred_gate,,3,0.5,10.09,0.4797,True,hospital_fresh_medium_G,1.4461,True,,,0.0,0.0,False,goal_stop_zeroed,False,,True,shadow,results/bo_reviewer_packet/temporal_stop_head/22_temporal_stop_head_model.pt,0.114,0.0,False,0.5,,,1.4488,False,,,True
normcmp_G_stopauth_20260708_153944,704,21.450001,1783521593.675707,0.446098,0.500148,-0.0,3.141208,0.0,0.0,-0.000178,0.000389,camera_link,21.450001,gnm_closed_loop,,nominal,goal-stop residual hold (recalibrated_dist_pred_gate),True,ok,third_party/visualnav-transformer/model_weights/gnm/gnm.pth,14.84,0.3,-0.0009,0.9452,-0.0009,4.84,,,gnm_closed_loop,0.0,0.0,normalized_stop_ab_20260708,G,stop_authority_normalized_pred,normalized_pred_gate,,3,0.5,10.09,0.4797,True,hospital_fresh_medium_G,1.4461,True,,,0.0,0.0,False,goal_stop_zeroed,False,,True,shadow,results/bo_reviewer_packet/temporal_stop_head/22_temporal_stop_head_model.pt,0.114,0.0,False,0.5,,,1.4488,False,,,True
normcmp_G_stopauth_20260708_153944,705,21.466668,1783521593.680399,0.446098,0.500148,-0.0,3.141208,0.0,0.0,-0.000178,0.000389,camera_link,21.466668,gnm_closed_loop,,nominal,goal-stop residual hold (recalibrated_dist_pred_gate),True,ok,third_party/visualnav-transformer/model_weights/gnm/gnm.pth,14.84,0.3,-0.0009,0.9452,-0.0009,4.84,,,gnm_closed_loop,0.0,0.0,normalized_stop_ab_20260708,G,stop_authority_normalized_pred,normalized_pred_gate,,3,0.5,10.09,0.4797,True,hospital_fresh_medium_G,1.4461,True,,,0.0,0.0,False,goal_stop_zeroed,False,,True,shadow,results/bo_reviewer_packet/temporal_stop_head/22_temporal_stop_head_model.pt,0.114,0.0,False,0.5,,,1.4488,False,,,True
normcmp_G_stopauth_20260708_153944,706,21.483334,1783521593.709865,0.446098,0.500148,-0.0,3.141208,0.0,0.0,-0.000178,0.000389,camera_link,21.483334,gnm_closed_loop,,nominal,goal-stop residual hold (recalibrated_dist_pred_gate),True,ok,third_party/visualnav-transformer/model_weights/gnm/gnm.pth,14.84,0.3,-0.0009,0.9452,-0.0009,4.84,,,gnm_closed_loop,0.0,0.0,normalized_stop_ab_20260708,G,stop_authority_normalized_pred,normalized_pred_gate,,3,0.5,10.09,0.4797,True,hospital_fresh_medium_G,1.4461,True,,,0.0,0.0,False,goal_stop_zeroed,False,,True,shadow,results/bo_reviewer_packet/temporal_stop_head/22_temporal_stop_head_model.pt,0.114,0.0,False,0.5,,,1.4488,False,,,True
normcmp_G_stopauth_20260708_153944,707,21.500001,1783521593.714626,0.446098,0.500148,-0.0,3.141208,0.0,0.0,-0.000178,0.000389,camera_link,21.500001,gnm_closed_loop,,nominal,goal-stop residual hold (recalibrated_dist_pred_gate),True,ok,third_party/visualnav-transformer/model_weights/gnm/gnm.pth,14.84,0.3,-0.0009,0.9452,-0.0009,4.84,,,gnm_closed_loop,0.0,0.0,normalized_stop_ab_20260708,G,stop_authority_normalized_pred,normalized_pred_gate,,3,0.5,10.09,0.4797,True,hospital_fresh_medium_G,1.4461,True,,,0.0,0.0,False,goal_stop_zeroed,False,,True,shadow,results/bo_reviewer_packet/temporal_stop_head/22_temporal_stop_head_model.pt,0.114,0.0,False,0.5,,,1.4488,False,,,True
normcmp_G_stopauth_20260708_153944,708,21.516668,1783521593.720722,0.446098,0.500148,-0.0,3.141208,0.0,0.0,-0.000178,0.000389,camera_link,21.516668,gnm_closed_loop,,nominal,goal-stop residual hold (recalibrated_dist_pred_gate),True,ok,third_party/visualnav-transformer/model_weights/gnm/gnm.pth,14.84,0.3,-0.0009,0.9452,-0.0009,4.84,,,gnm_closed_loop,0.0,0.0,normalized_stop_ab_20260708,G,stop_authority_normalized_pred,normalized_pred_gate,,3,0.5,10.09,0.4797,True,hospital_fresh_medium_G,1.4461,True,,,0.0,0.0,False,goal_stop_zeroed,False,,True,shadow,results/bo_reviewer_packet/temporal_stop_head/22_temporal_stop_head_model.pt,0.114,0.0,False,0.5,,,1.4488,False,,,True
normcmp_G_stopauth_20260708_153944,1200,21.533334,1783521593.767107,0.446106,0.500148,-0.0,3.141208,0.0,0.0,-0.000163,-0.000204,camera_link,21.533334,gnm_closed_loop,,nominal,post-episode zero hold,True,ok,third_party/visualnav-transformer/model_weights/gnm/gnm.pth,14.84,0.3,-0.0009,0.9452,-0.0009,4.84,,,gnm_closed_loop,0.0,0.0,normalized_stop_ab_20260708,G,stop_authority_normalized_pred,normalized_pred_gate,,3,0.5,10.09,0.4797,True,hospital_fresh_medium_G,1.4461,True,,,0.0,0.0,False,zeroed_hold,False,,True,shadow,results/bo_reviewer_packet/temporal_stop_head/22_temporal_stop_head_model.pt,0.114,0.0,False,0.5,,,1.4488,False,,,True
normcmp_G_stopauth_20260708_153944,1201,21.550001,1783521593.77447,0.446115,0.500148,-0.0,3.141208,0.0,0.0,-0.000163,-0.000204,camera_link,21.550001,gnm_closed_loop,,nominal,post-episode zero hold,True,ok,third_party/visualnav-transformer/model_weights/gnm/gnm.pth,14.84,0.3,-0.0009,0.9452,-0.0009,4.84,,,gnm_closed_loop,0.0,0.0,normalized_stop_ab_20260708,G,stop_authority_normalized_pred,normalized_pred_gate,,3,0.5,10.09,0.4797,True,hospital_fresh_medium_G,1.4461,True,,,0.0,0.0,False,zeroed_hold,False,,True,shadow,results/bo_reviewer_packet/temporal_stop_head/22_temporal_stop_head_model.pt,0.114,0.0,False,0.5,,,1.4488,False,,,True
normcmp_G_stopauth_20260708_153944,1202,21.566668,1783521593.77833,0.446123,0.500148,-0.0,3.141208,0.0,0.0,-0.000163,-0.000204,camera_link,21.566668,gnm_closed_loop,,nominal,post-episode zero hold,True,ok,third_party/visualnav-transformer/model_weights/gnm/gnm.pth,14.84,0.3,-0.0009,0.9452,-0.0009,4.84,,,gnm_closed_loop,0.0,0.0,normalized_stop_ab_20260708,G,stop_authority_normalized_pred,normalized_pred_gate,,3,0.5,10.09,0.4797,True,hospital_fresh_medium_G,1.4461,True,,,0.0,0.0,False,zeroed_hold,False,,True,shadow,results/bo_reviewer_packet/temporal_stop_head/22_temporal_stop_head_model.pt,0.114,0.0,False,0.5,,,1.4488,False,,,True
normcmp_G_stopauth_20260708_153944,1203,21.583334,1783521593.789168,0.446132,0.500148,-0.0,3.141208,0.0,0.0,-0.000147,-0.000205,camera_link,21.583334,gnm_closed_loop,,nominal,post-episode zero hold,True,ok,third_party/visualnav-transformer/model_weights/gnm/gnm.pth,14.84,0.3,-0.0009,0.9452,-0.0009,4.84,,,gnm_closed_loop,0.0,0.0,normalized_stop_ab_20260708,G,stop_authority_normalized_pred,normalized_pred_gate,,3,0.5,10.09,0.4797,True,hospital_fresh_medium_G,1.4461,True,,,0.0,0.0,False,zeroed_hold,False,,True,shadow,results/bo_reviewer_packet/temporal_stop_head/22_temporal_stop_head_model.pt,0.114,0.0,False,0.5,,,1.4488,False,,,True
normcmp_G_stopauth_20260708_153944,1204,21.600001,1783521593.791083,0.446141,0.500148,-0.0,3.141208,0.0,0.0,-0.000147,-0.000205,camera_link,21.600001,gnm_closed_loop,,nominal,post-episode zero hold,True,ok,third_party/visualnav-transformer/model_weights/gnm/gnm.pth,14.84,0.3,-0.0009,0.9452,-0.0009,4.84,,,gnm_closed_loop,0.0,0.0,normalized_stop_ab_20260708,G,stop_authority_normalized_pred,normalized_pred_gate,,3,0.5,10.09,0.4797,True,hospital_fresh_medium_G,1.4461,True,,,0.0,0.0,False,zeroed_hold,False,,True,shadow,results/bo_reviewer_packet/temporal_stop_head/22_temporal_stop_head_model.pt,0.114,0.0,False,0.5,,,1.4488,False,,,True
normcmp_G_stopauth_20260708_153944,1205,21.616668,1783521593.792765,0.446149,0.500148,-0.0,3.141208,0.0,0.0,-0.000147,-0.000205,camera_link,21.616668,gnm_closed_loop,,nominal,post-episode zero hold,True,ok,third_party/visualnav-transformer/model_weights/gnm/gnm.pth,14.84,0.3,-0.0009,0.9452,-0.0009,4.84,,,gnm_closed_loop,0.0,0.0,normalized_stop_ab_20260708,G,stop_authority_normalized_pred,normalized_pred_gate,,3,0.5,10.09,0.4797,True,hospital_fresh_medium_G,1.4461,True,,,0.0,0.0,False,zeroed_hold,False,,True,shadow,results/bo_reviewer_packet/temporal_stop_head/22_temporal_stop_head_model.pt,0.114,0.0,False,0.5,,,1.4488,False,,,True
normcmp_G_stopauth_20260708_153944,1206,21.633334,1783521593.804724,0.446158,0.500148,-0.0,3.141208,0.0,0.0,-0.000153,-6.6e-05,camera_link,21.633334,gnm_closed_loop,,nominal,post-episode zero hold,True,ok,third_party/visualnav-transformer/model_weights/gnm/gnm.pth,14.84,0.3,-0.0009,0.9452,-0.0009,4.84,,,gnm_closed_loop,0.0,0.0,normalized_stop_ab_20260708,G,stop_authority_normalized_pred,normalized_pred_gate,,3,0.5,10.09,0.4797,True,hospital_fresh_medium_G,1.4462,True,,,0.0,0.0,False,zeroed_hold,False,,True,shadow,results/bo_reviewer_packet/temporal_stop_head/22_temporal_stop_head_model.pt,0.114,0.0,False,0.5,,,1.4488,False,,,True
normcmp_G_stopauth_20260708_153944,1207,21.650001,1783521593.807694,0.446166,0.500148,-0.0,3.141208,0.0,0.0,-0.000153,-6.6e-05,camera_link,21.650001,gnm_closed_loop,,nominal,post-episode zero hold,True,ok,third_party/visualnav-transformer/model_weights/gnm/gnm.pth,14.84,0.3,-0.0009,0.9452,-0.0009,4.84,,,gnm_closed_loop,0.0,0.0,normalized_stop_ab_20260708,G,stop_authority_normalized_pred,normalized_pred_gate,,3,0.5,10.09,0.4797,True,hospital_fresh_medium_G,1.4462,True,,,0.0,0.0,False,zeroed_hold,False,,True,shadow,results/bo_reviewer_packet/temporal_stop_head/22_temporal_stop_head_model.pt,0.114,0.0,False,0.5,,,1.4488,False,,,True
normcmp_G_stopauth_20260708_153944,1208,21.666668,1783521593.810364,0.446175,0.500148,-0.0,3.141208,0.0,0.0,-0.000153,-6.6e-05,camera_link,21.666668,gnm_closed_loop,,nominal,post-episode zero hold,True,ok,third_party/visualnav-transformer/model_weights/gnm/gnm.pth,14.84,0.3,-0.0009,0.9452,-0.0009,4.84,,,gnm_closed_loop,0.0,0.0,normalized_stop_ab_20260708,G,stop_authority_normalized_pred,normalized_pred_gate,,3,0.5,10.09,0.4797,True,hospital_fresh_medium_G,1.4462,True,,,0.0,0.0,False,zeroed_hold,False,,True,shadow,results/bo_reviewer_packet/temporal_stop_head/22_temporal_stop_head_model.pt,0.114,0.0,False,0.5,,,1.4488,False,,,True
normcmp_G_stopauth_20260708_153944,1209,21.683334,1783521593.831955,0.446184,0.500148,-0.0,3.141208,0.0,0.0,-0.000151,0.00016,camera_link,21.683334,gnm_closed_loop,,nominal,post-episode zero hold,True,ok,third_party/visualnav-transformer/model_weights/gnm/gnm.pth,14.84,0.3,-0.0009,0.9452,-0.0009,4.84,,,gnm_closed_loop,0.0,0.0,normalized_stop_ab_20260708,G,stop_authority_normalized_pred,normalized_pred_gate,,3,0.5,10.09,0.4797,True,hospital_fresh_medium_G,1.4462,True,,,0.0,0.0,False,zeroed_hold,False,,True,shadow,results/bo_reviewer_packet/temporal_stop_head/22_temporal_stop_head_model.pt,0.114,0.0,False,0.5,,,1.4488,False,,,True
normcmp_G_stopauth_20260708_153944,1210,21.700001,1783521593.837117,0.446192,0.500148,-0.0,3.141208,0.0,0.0,-0.000151,0.00016,camera_link,21.700001,gnm_closed_loop,,nominal,post-episode zero hold,True,ok,third_party/visualnav-transformer/model_weights/gnm/gnm.pth,14.84,0.3,-0.0009,0.9452,-0.0009,4.84,,,gnm_closed_loop,0.0,0.0,normalized_stop_ab_20260708,G,stop_authority_normalized_pred,normalized_pred_gate,,3,0.5,10.09,0.4797,True,hospital_fresh_medium_G,1.4462,True,,,0.0,0.0,False,zeroed_hold,False,,True,shadow,results/bo_reviewer_packet/temporal_stop_head/22_temporal_stop_head_model.pt,0.114,0.0,False,0.5,,,1.4488,False,,,True
normcmp_G_stopauth_20260708_153944,1211,21.716668,1783521593.843349,0.446201,0.500148,-0.0,3.141208,0.0,0.0,-0.000151,0.00016,camera_link,21.716668,gnm_closed_loop,,nominal,post-episode zero hold,True,ok,third_party/visualnav-transformer/model_weights/gnm/gnm.pth,14.84,0.3,-0.0009,0.9452,-0.0009,4.84,,,gnm_closed_loop,0.0,0.0,normalized_stop_ab_20260708,G,stop_authority_normalized_pred,normalized_pred_gate,,3,0.5,10.09,0.4797,True,hospital_fresh_medium_G,1.4462,True,,,0.0,0.0,False,zeroed_hold,False,,True,shadow,results/bo_reviewer_packet/temporal_stop_head/22_temporal_stop_head_model.pt,0.114,0.0,False,0.5,,,1.4488,False,,,True
normcmp_G_stopauth_20260708_153944,1212,21.733334,1783521593.869903,0.44621,0.500148,-0.0,3.141208,0.0,0.0,-0.000165,-0.000752,camera_link,21.733334,gnm_closed_loop,,nominal,post-episode zero hold,True,ok,third_party/visualnav-transformer/model_weights/gnm/gnm.pth,14.84,0.3,-0.0009,0.9452,-0.0009,4.84,,,gnm_closed_loop,0.0,0.0,normalized_stop_ab_20260708,G,stop_authority_normalized_pred,normalized_pred_gate,,3,0.5,10.09,0.4797,True,hospital_fresh_medium_G,1.4462,True,,,0.0,0.0,False,zeroed_hold,False,,True,shadow,results/bo_reviewer_packet/temporal_stop_head/22_temporal_stop_head_model.pt,0.114,0.0,False,0.5,,,1.4488,False,,,True
normcmp_G_stopauth_20260708_153944,1213,21.750001,1783521593.875446,0.446219,0.500148,-0.0,3.141208,0.0,0.0,-0.000165,-0.000752,camera_link,21.750001,gnm_closed_loop,,nominal,post-episode zero hold,True,ok,third_party/visualnav-transformer/model_weights/gnm/gnm.pth,14.84,0.3,-0.0009,0.9452,-0.0009,4.84,,,gnm_closed_loop,0.0,0.0,normalized_stop_ab_20260708,G,stop_authority_normalized_pred,normalized_pred_gate,,3,0.5,10.09,0.4797,True,hospital_fresh_medium_G,1.4462,True,,,0.0,0.0,False,zeroed_hold,False,,True,shadow,results/bo_reviewer_packet/temporal_stop_head/22_temporal_stop_head_model.pt,0.114,0.0,False,0.5,,,1.4488,False,,,True
normcmp_G_stopauth_20260708_153944,1214,21.766668,1783521593.87861,0.446227,0.500148,-0.0,3.141208,0.0,0.0,-0.000165,-0.000752,camera_link,21.766668,gnm_closed_loop,,nominal,post-episode zero hold,True,ok,third_party/visualnav-transformer/model_weights/gnm/gnm.pth,14.84,0.3,-0.0009,0.9452,-0.0009,4.84,,,gnm_closed_loop,0.0,0.0,normalized_stop_ab_20260708,G,stop_authority_normalized_pred,normalized_pred_gate,,3,0.5,10.09,0.4797,True,hospital_fresh_medium_G,1.4462,True,,,0.0,0.0,False,zeroed_hold,False,,True,shadow,results/bo_reviewer_packet/temporal_stop_head/22_temporal_stop_head_model.pt,0.114,0.0,False,0.5,,,1.4488,False,,,True
normcmp_G_stopauth_20260708_153944,1215,21.783334,1783521593.894491,0.446236,0.500148,-0.0,3.141208,0.0,0.0,-0.000171,-0.000238,camera_link,21.783334,gnm_closed_loop,,nominal,post-episode zero hold,True,ok,third_party/visualnav-transformer/model_weights/gnm/gnm.pth,14.84,0.3,-0.0009,0.9452,-0.0009,4.84,,,gnm_closed_loop,0.0,0.0,normalized_stop_ab_20260708,G,stop_authority_normalized_pred,normalized_pred_gate,,3,0.5,10.09,0.4797,True,hospital_fresh_medium_G,1.4462,True,,,0.0,0.0,False,zeroed_hold,False,,True,shadow,results/bo_reviewer_packet/temporal_stop_head/22_temporal_stop_head_model.pt,0.114,0.0,False,0.5,,,1.4488,False,,,True
normcmp_G_stopauth_20260708_153944,1216,21.800001,1783521593.896606,0.446245,0.500148,-0.0,3.141208,0.0,0.0,-0.000171,-0.000238,camera_link,21.800001,gnm_closed_loop,,nominal,post-episode zero hold,True,ok,third_party/visualnav-transformer/model_weights/gnm/gnm.pth,14.84,0.3,-0.0009,0.9452,-0.0009,4.84,,,gnm_closed_loop,0.0,0.0,normalized_stop_ab_20260708,G,stop_authority_normalized_pred,normalized_pred_gate,,3,0.5,10.09,0.4797,True,hospital_fresh_medium_G,1.4462,True,,,0.0,0.0,False,zeroed_hold,False,,True,shadow,results/bo_reviewer_packet/temporal_stop_head/22_temporal_stop_head_model.pt,0.114,0.0,False,0.5,,,1.4488,False,,,True
normcmp_G_stopauth_20260708_153944,1217,21.816668,1783521593.898234,0.446254,0.500148,-0.0,3.141208,0.0,0.0,-0.000171,-0.000238,camera_link,21.816668,gnm_closed_loop,,nominal,post-episode zero hold,True,ok,third_party/visualnav-transformer/model_weights/gnm/gnm.pth,14.84,0.3,-0.0009,0.9452,-0.0009,4.84,,,gnm_closed_loop,0.0,0.0,normalized_stop_ab_20260708,G,stop_authority_normalized_pred,normalized_pred_gate,,3,0.5,10.09,0.4797,True,hospital_fresh_medium_G,1.4463,True,,,0.0,0.0,False,zeroed_hold,False,,True,shadow,results/bo_reviewer_packet/temporal_stop_head/22_temporal_stop_head_model.pt,0.114,0.0,False,0.5,,,1.4488,False,,,True
normcmp_G_stopauth_20260708_153944,1218,21.833334,1783521593.908312,0.446263,0.500148,-0.0,3.141208,0.0,0.0,-0.000155,0.000149,camera_link,21.833334,gnm_closed_loop,,nominal,post-episode zero hold,True,ok,third_party/visualnav-transformer/model_weights/gnm/gnm.pth,14.84,0.3,-0.0009,0.9452,-0.0009,4.84,,,gnm_closed_loop,0.0,0.0,normalized_stop_ab_20260708,G,stop_authority_normalized_pred,normalized_pred_gate,,3,0.5,10.09,0.4797,True,hospital_fresh_medium_G,1.4463,True,,,0.0,0.0,False,zeroed_hold,False,,True,shadow,results/bo_reviewer_packet/temporal_stop_head/22_temporal_stop_head_model.pt,0.114,0.0,False,0.5,,,1.4488,False,,,True
normcmp_G_stopauth_20260708_153944,1219,21.850001,1783521593.910246,0.446271,0.500148,-0.0,3.141208,0.0,0.0,-0.000155,0.000149,camera_link,21.850001,gnm_closed_loop,,nominal,post-episode zero hold,True,ok,third_party/visualnav-transformer/model_weights/gnm/gnm.pth,14.84,0.3,-0.0009,0.9452,-0.0009,4.84,,,gnm_closed_loop,0.0,0.0,normalized_stop_ab_20260708,G,stop_authority_normalized_pred,normalized_pred_gate,,3,0.5,10.09,0.4797,True,hospital_fresh_medium_G,1.4463,True,,,0.0,0.0,False,zeroed_hold,False,,True,shadow,results/bo_reviewer_packet/temporal_stop_head/22_temporal_stop_head_model.pt,0.114,0.0,False,0.5,,,1.4488,False,,,True
normcmp_G_stopauth_20260708_153944,1220,21.866668,1783521593.911951,0.44628,0.500148,-0.0,3.141208,0.0,0.0,-0.000155,0.000149,camera_link,21.866668,gnm_closed_loop,,nominal,post-episode zero hold,True,ok,third_party/visualnav-transformer/model_weights/gnm/gnm.pth,14.84,0.3,-0.0009,0.9452,-0.0009,4.84,,,gnm_closed_loop,0.0,0.0,normalized_stop_ab_20260708,G,stop_authority_normalized_pred,normalized_pred_gate,,3,0.5,10.09,0.4797,True,hospital_fresh_medium_G,1.4463,True,,,0.0,0.0,False,zeroed_hold,False,,True,shadow,results/bo_reviewer_packet/temporal_stop_head/22_temporal_stop_head_model.pt,0.114,0.0,False,0.5,,,1.4488,False,,,True
normcmp_G_stopauth_20260708_153944,1221,21.883334,1783521593.920628,0.446288,0.500148,-0.0,3.141208,0.0,0.0,-0.00014,-0.000112,camera_link,21.883334,gnm_closed_loop,,nominal,post-episode zero hold,True,ok,third_party/visualnav-transformer/model_weights/gnm/gnm.pth,14.84,0.3,-0.0009,0.9452,-0.0009,4.84,,,gnm_closed_loop,0.0,0.0,normalized_stop_ab_20260708,G,stop_authority_normalized_pred,normalized_pred_gate,,3,0.5,10.09,0.4797,True,hospital_fresh_medium_G,1.4463,True,,,0.0,0.0,False,zeroed_hold,False,,True,shadow,results/bo_reviewer_packet/temporal_stop_head/22_temporal_stop_head_model.pt,0.114,0.0,False,0.5,,,1.4488,False,,,True
normcmp_G_stopauth_20260708_153944,1222,21.900001,1783521593.922791,0.446297,0.500148,-0.0,3.141208,0.0,0.0,-0.00014,-0.000112,camera_link,21.900001,gnm_closed_loop,,nominal,post-episode zero hold,True,ok,third_party/visualnav-transformer/model_weights/gnm/gnm.pth,14.84,0.3,-0.0009,0.9452,-0.0009,4.84,,,gnm_closed_loop,0.0,0.0,normalized_stop_ab_20260708,G,stop_authority_normalized_pred,normalized_pred_gate,,3,0.5,10.09,0.4797,True,hospital_fresh_medium_G,1.4463,True,,,0.0,0.0,False,zeroed_hold,False,,True,shadow,results/bo_reviewer_packet/temporal_stop_head/22_temporal_stop_head_model.pt,0.114,0.0,False,0.5,,,1.4488,False,,,True
normcmp_G_stopauth_20260708_153944,1223,21.916668,1783521593.924443,0.446305,0.500148,-0.0,3.141208,0.0,0.0,-0.00014,-0.000112,camera_link,21.916668,gnm_closed_loop,,nominal,post-episode zero hold,True,ok,third_party/visualnav-transformer/model_weights/gnm/gnm.pth,14.84,0.3,-0.0009,0.9452,-0.0009,4.84,,,gnm_closed_loop,0.0,0.0,normalized_stop_ab_20260708,G,stop_authority_normalized_pred,normalized_pred_gate,,3,0.5,10.09,0.4797,True,hospital_fresh_medium_G,1.4463,True,,,0.0,0.0,False,zeroed_hold,False,,True,shadow,results/bo_reviewer_packet/temporal_stop_head/22_temporal_stop_head_model.pt,0.114,0.0,False,0.5,,,1.4488,False,,,True
normcmp_G_stopauth_20260708_153944,1224,21.933334,1783521593.934616,0.446315,0.500148,-0.0,3.141208,0.0,0.0,-0.000154,-0.000285,camera_link,21.933334,gnm_closed_loop,,nominal,post-episode zero hold,True,ok,third_party/visualnav-transformer/model_weights/gnm/gnm.pth,14.84,0.3,-0.0009,0.9452,-0.0009,4.84,,,gnm_closed_loop,0.0,0.0,normalized_stop_ab_20260708,G,stop_authority_normalized_pred,normalized_pred_gate,,3,0.5,10.09,0.4797,True,hospital_fresh_medium_G,1.4463,True,,,0.0,0.0,False,zeroed_hold,False,,True,shadow,results/bo_reviewer_packet/temporal_stop_head/22_temporal_stop_head_model.pt,0.114,0.0,False,0.5,,,1.4488,False,,,True
normcmp_G_stopauth_20260708_153944,1225,21.950001,1783521593.93687,0.446323,0.500148,-0.0,3.141208,0.0,0.0,-0.000154,-0.000285,camera_link,21.950001,gnm_closed_loop,,nominal,post-episode zero hold,True,ok,third_party/visualnav-transformer/model_weights/gnm/gnm.pth,14.84,0.3,-0.0009,0.9452,-0.0009,4.84,,,gnm_closed_loop,0.0,0.0,normalized_stop_ab_20260708,G,stop_authority_normalized_pred,normalized_pred_gate,,3,0.5,10.09,0.4797,True,hospital_fresh_medium_G,1.4463,True,,,0.0,0.0,False,zeroed_hold,False,,True,shadow,results/bo_reviewer_packet/temporal_stop_head/22_temporal_stop_head_model.pt,0.114,0.0,False,0.5,,,1.4488,False,,,True
normcmp_G_stopauth_20260708_153944,1226,21.966668,1783521593.938748,0.446332,0.500148,-0.0,3.141208,0.0,0.0,-0.000154,-0.000285,camera_link,21.966668,gnm_closed_loop,,nominal,post-episode zero hold,True,ok,third_party/visualnav-transformer/model_weights/gnm/gnm.pth,14.84,0.3,-0.0009,0.9452,-0.0009,4.84,,,gnm_closed_loop,0.0,0.0,normalized_stop_ab_20260708,G,stop_authority_normalized_pred,normalized_pred_gate,,3,0.5,10.09,0.4797,True,hospital_fresh_medium_G,1.4463,True,,,0.0,0.0,False,zeroed_hold,False,,True,shadow,results/bo_reviewer_packet/temporal_stop_head/22_temporal_stop_head_model.pt,0.114,0.0,False,0.5,,,1.4488,False,,,True
normcmp_G_stopauth_20260708_153944,1227,21.983334,1783521593.947982,0.44634,0.500148,-0.0,3.141208,0.0,0.0,-0.000159,-0.000354,camera_link,21.983334,gnm_closed_loop,,nominal,post-episode zero hold,True,ok,third_party/visualnav-transformer/model_weights/gnm/gnm.pth,14.84,0.3,-0.0009,0.9452,-0.0009,4.84,,,gnm_closed_loop,0.0,0.0,normalized_stop_ab_20260708,G,stop_authority_normalized_pred,normalized_pred_gate,,3,0.5,10.09,0.4797,True,hospital_fresh_medium_G,1.4463,True,,,0.0,0.0,False,zeroed_hold,False,,True,shadow,results/bo_reviewer_packet/temporal_stop_head/22_temporal_stop_head_model.pt,0.114,0.0,False,0.5,,,1.4488,False,,,True
normcmp_G_stopauth_20260708_153944,1228,22.000001,1783521593.949981,0.446348,0.500148,-0.0,3.141208,0.0,0.0,-0.000159,-0.000354,camera_link,22.000001,gnm_closed_loop,,nominal,post-episode zero hold,True,ok,third_party/visualnav-transformer/model_weights/gnm/gnm.pth,14.84,0.3,-0.0009,0.9452,-0.0009,4.84,,,gnm_closed_loop,0.0,0.0,normalized_stop_ab_20260708,G,stop_authority_normalized_pred,normalized_pred_gate,,3,0.5,10.09,0.4797,True,hospital_fresh_medium_G,1.4463,True,,,0.0,0.0,False,zeroed_hold,False,,True,shadow,results/bo_reviewer_packet/temporal_stop_head/22_temporal_stop_head_model.pt,0.114,0.0,False,0.5,,,1.4488,False,,,True
normcmp_G_stopauth_20260708_153944,1229,22.016668,1783521593.952313,0.446357,0.500148,-0.0,3.141208,0.0,0.0,-0.000159,-0.000354,camera_link,22.016668,gnm_closed_loop,,nominal,post-episode zero hold,True,ok,third_party/visualnav-transformer/model_weights/gnm/gnm.pth,14.84,0.3,-0.0009,0.9452,-0.0009,4.84,,,gnm_closed_loop,0.0,0.0,normalized_stop_ab_20260708,G,stop_authority_normalized_pred,normalized_pred_gate,,3,0.5,10.09,0.4797,True,hospital_fresh_medium_G,1.4464,True,,,0.0,0.0,False,zeroed_hold,False,,True,shadow,results/bo_reviewer_packet/temporal_stop_head/22_temporal_stop_head_model.pt,0.114,0.0,False,0.5,,,1.4488,False,,,True
normcmp_G_stopauth_20260708_153944,1230,22.033334,1783521593.962194,0.446365,0.500148,-0.0,3.141208,0.0,0.0,-0.000154,-0.000256,camera_link,22.033334,gnm_closed_loop,,nominal,post-episode zero hold,True,ok,third_party/visualnav-transformer/model_weights/gnm/gnm.pth,14.84,0.3,-0.0009,0.9452,-0.0009,4.84,,,gnm_closed_loop,0.0,0.0,normalized_stop_ab_20260708,G,stop_authority_normalized_pred,normalized_pred_gate,,3,0.5,10.09,0.4797,True,hospital_fresh_medium_G,1.4464,True,,,0.0,0.0,False,zeroed_hold,False,,True,shadow,results/bo_reviewer_packet/temporal_stop_head/22_temporal_stop_head_model.pt,0.114,0.0,False,0.5,,,1.4488,False,,,True
normcmp_G_stopauth_20260708_153944,1231,22.050001,1783521593.964031,0.446374,0.500148,-0.0,3.141208,0.0,0.0,-0.000154,-0.000256,camera_link,22.050001,gnm_closed_loop,,nominal,post-episode zero hold,True,ok,third_party/visualnav-transformer/model_weights/gnm/gnm.pth,14.84,0.3,-0.0009,0.9452,-0.0009,4.84,,,gnm_closed_loop,0.0,0.0,normalized_stop_ab_20260708,G,stop_authority_normalized_pred,normalized_pred_gate,,3,0.5,10.09,0.4797,True,hospital_fresh_medium_G,1.4464,True,,,0.0,0.0,False,zeroed_hold,False,,True,shadow,results/bo_reviewer_packet/temporal_stop_head/22_temporal_stop_head_model.pt,0.114,0.0,False,0.5,,,1.4488,False,,,True
normcmp_G_stopauth_20260708_153944,1232,22.066668,1783521593.965656,0.446382,0.500148,-0.0,3.141208,0.0,0.0,-0.000154,-0.000256,camera_link,22.066668,gnm_closed_loop,,nominal,post-episode zero hold,True,ok,third_party/visualnav-transformer/model_weights/gnm/gnm.pth,14.84,0.3,-0.0009,0.9452,-0.0009,4.84,,,gnm_closed_loop,0.0,0.0,normalized_stop_ab_20260708,G,stop_authority_normalized_pred,normalized_pred_gate,,3,0.5,10.09,0.4797,True,hospital_fresh_medium_G,1.4464,True,,,0.0,0.0,False,zeroed_hold,False,,True,shadow,results/bo_reviewer_packet/temporal_stop_head/22_temporal_stop_head_model.pt,0.114,0.0,False,0.5,,,1.4488,False,,,True
normcmp_G_stopauth_20260708_153944,1233,22.083334,1783521593.974134,0.446391,0.500148,-0.0,3.141208,0.0,0.0,-0.000144,0.000156,camera_link,22.083334,gnm_closed_loop,,nominal,post-episode zero hold,True,ok,third_party/visualnav-transformer/model_weights/gnm/gnm.pth,14.84,0.3,-0.0009,0.9452,-0.0009,4.84,,,gnm_closed_loop,0.0,0.0,normalized_stop_ab_20260708,G,stop_authority_normalized_pred,normalized_pred_gate,,3,0.5,10.09,0.4797,True,hospital_fresh_medium_G,1.4464,True,,,0.0,0.0,False,zeroed_hold,False,,True,shadow,results/bo_reviewer_packet/temporal_stop_head/22_temporal_stop_head_model.pt,0.114,0.0,False,0.5,,,1.4488,False,,,True
normcmp_G_stopauth_20260708_153944,1234,22.100001,1783521593.976609,0.4464,0.500148,-0.0,3.141208,0.0,0.0,-0.000144,0.000156,camera_link,22.100001,gnm_closed_loop,,nominal,post-episode zero hold,True,ok,third_party/visualnav-transformer/model_weights/gnm/gnm.pth,14.84,0.3,-0.0009,0.9452,-0.0009,4.84,,,gnm_closed_loop,0.0,0.0,normalized_stop_ab_20260708,G,stop_authority_normalized_pred,normalized_pred_gate,,3,0.5,10.09,0.4797,True,hospital_fresh_medium_G,1.4464,True,,,0.0,0.0,False,zeroed_hold,False,,True,shadow,results/bo_reviewer_packet/temporal_stop_head/22_temporal_stop_head_model.pt,0.114,0.0,False,0.5,,,1.4488,False,,,True
normcmp_G_stopauth_20260708_153944,1235,22.116668,1783521593.978225,0.446409,0.500148,-0.0,3.141208,0.0,0.0,-0.000144,0.000156,camera_link,22.116668,gnm_closed_loop,,nominal,post-episode zero hold,True,ok,third_party/visualnav-transformer/model_weights/gnm/gnm.pth,14.84,0.3,-0.0009,0.9452,-0.0009,4.84,,,gnm_closed_loop,0.0,0.0,normalized_stop_ab_20260708,G,stop_authority_normalized_pred,normalized_pred_gate,,3,0.5,10.09,0.4797,True,hospital_fresh_medium_G,1.4464,True,,,0.0,0.0,False,zeroed_hold,False,,True,shadow,results/bo_reviewer_packet/temporal_stop_head/22_temporal_stop_head_model.pt,0.114,0.0,False,0.5,,,1.4488,False,,,True
normcmp_G_stopauth_20260708_153944,1236,22.133334,1783521593.987741,0.446417,0.500148,-0.0,3.141208,0.0,0.0,-0.00016,0.00029,camera_link,22.133334,gnm_closed_loop,,nominal,post-episode zero hold,True,ok,third_party/visualnav-transformer/model_weights/gnm/gnm.pth,14.84,0.3,-0.0009,0.9452,-0.0009,4.84,,,gnm_closed_loop,0.0,0.0,normalized_stop_ab_20260708,G,stop_authority_normalized_pred,normalized_pred_gate,,3,0.5,10.09,0.4797,True,hospital_fresh_medium_G,1.4464,True,,,0.0,0.0,False,zeroed_hold,False,,True,shadow,results/bo_reviewer_packet/temporal_stop_head/22_temporal_stop_head_model.pt,0.114,0.0,False,0.5,,,1.4488,False,,,True
normcmp_G_stopauth_20260708_153944,1237,22.150001,1783521593.989514,0.446426,0.500148,-0.0,3.141208,0.0,0.0,-0.00016,0.00029,camera_link,22.150001,gnm_closed_loop,,nominal,post-episode zero hold,True,ok,third_party/visualnav-transformer/model_weights/gnm/gnm.pth,14.84,0.3,-0.0009,0.9452,-0.0009,4.84,,,gnm_closed_loop,0.0,0.0,normalized_stop_ab_20260708,G,stop_authority_normalized_pred,normalized_pred_gate,,3,0.5,10.09,0.4797,True,hospital_fresh_medium_G,1.4464,True,,,0.0,0.0,False,zeroed_hold,False,,True,shadow,results/bo_reviewer_packet/temporal_stop_head/22_temporal_stop_head_model.pt,0.114,0.0,False,0.5,,,1.4488,False,,,True
normcmp_G_stopauth_20260708_153944,1238,22.166668,1783521593.992276,0.446434,0.500148,-0.0,3.141208,0.0,0.0,-0.00016,0.00029,camera_link,22.166668,gnm_closed_loop,,nominal,post-episode zero hold,True,ok,third_party/visualnav-transformer/model_weights/gnm/gnm.pth,14.84,0.3,-0.0009,0.9452,-0.0009,4.84,,,gnm_closed_loop,0.0,0.0,normalized_stop_ab_20260708,G,stop_authority_normalized_pred,normalized_pred_gate,,3,0.5,10.09,0.4797,True,hospital_fresh_medium_G,1.4464,True,,,0.0,0.0,False,zeroed_hold,False,,True,shadow,results/bo_reviewer_packet/temporal_stop_head/22_temporal_stop_head_model.pt,0.114,0.0,False,0.5,,,1.4488,False,,,True
normcmp_G_stopauth_20260708_153944,1239,22.183334,1783521594.004274,0.446443,0.500148,-0.0,3.141208,0.0,0.0,-0.000153,-0.000241,camera_link,22.183334,gnm_closed_loop,,nominal,post-episode zero hold,True,ok,third_party/visualnav-transformer/model_weights/gnm/gnm.pth,14.84,0.3,-0.0009,0.9452,-0.0009,4.84,,,gnm_closed_loop,0.0,0.0,normalized_stop_ab_20260708,G,stop_authority_normalized_pred,normalized_pred_gate,,3,0.5,10.09,0.4797,True,hospital_fresh_medium_G,1.4464,True,,,0.0,0.0,False,zeroed_hold,False,,True,shadow,results/bo_reviewer_packet/temporal_stop_head/22_temporal_stop_head_model.pt,0.114,0.0,False,0.5,,,1.4488,False,,,True
normcmp_G_stopauth_20260708_153944,1240,22.200001,1783521594.006284,0.446452,0.500148,-0.0,3.141208,0.0,0.0,-0.000153,-0.000241,camera_link,22.200001,gnm_closed_loop,,nominal,post-episode zero hold,True,ok,third_party/visualnav-transformer/model_weights/gnm/gnm.pth,14.84,0.3,-0.0009,0.9452,-0.0009,4.84,,,gnm_closed_loop,0.0,0.0,normalized_stop_ab_20260708,G,stop_authority_normalized_pred,normalized_pred_gate,,3,0.5,10.09,0.4797,True,hospital_fresh_medium_G,1.4465,True,,,0.0,0.0,False,zeroed_hold,False,,True,shadow,results/bo_reviewer_packet/temporal_stop_head/22_temporal_stop_head_model.pt,0.114,0.0,False,0.5,,,1.4488,False,,,True
normcmp_G_stopauth_20260708_153944,1241,22.216668,1783521594.007926,0.446461,0.500148,-0.0,3.141208,0.0,0.0,-0.000153,-0.000241,camera_link,22.216668,gnm_closed_loop,,nominal,post-episode zero hold,True,ok,third_party/visualnav-transformer/model_weights/gnm/gnm.pth,14.84,0.3,-0.0009,0.9452,-0.0009,4.84,,,gnm_closed_loop,0.0,0.0,normalized_stop_ab_20260708,G,stop_authority_normalized_pred,normalized_pred_gate,,3,0.5,10.09,0.4797,True,hospital_fresh_medium_G,1.4465,True,,,0.0,0.0,False,zeroed_hold,False,,True,shadow,results/bo_reviewer_packet/temporal_stop_head/22_temporal_stop_head_model.pt,0.114,0.0,False,0.5,,,1.4488,False,,,True
normcmp_G_stopauth_20260708_153944,1242,22.233334,1783521594.015088,0.44647,0.500148,-0.0,3.141208,0.0,0.0,-0.00016,0.000281,camera_link,22.233334,gnm_closed_loop,,nominal,post-episode zero hold,True,ok,third_party/visualnav-transformer/model_weights/gnm/gnm.pth,14.84,0.3,-0.0009,0.9452,-0.0009,4.84,,,gnm_closed_loop,0.0,0.0,normalized_stop_ab_20260708,G,stop_authority_normalized_pred,normalized_pred_gate,,3,0.5,10.09,0.4797,True,hospital_fresh_medium_G,1.4465,True,,,0.0,0.0,False,zeroed_hold,False,,True,shadow,results/bo_reviewer_packet/temporal_stop_head/22_temporal_stop_head_model.pt,0.114,0.0,False,0.5,,,1.4488,False,,,True
normcmp_G_stopauth_20260708_153944,1243,22.250001,1783521594.016869,0.446478,0.500148,-0.0,3.141208,0.0,0.0,-0.00016,0.000281,camera_link,22.250001,gnm_closed_loop,,nominal,post-episode zero hold,True,ok,third_party/visualnav-transformer/model_weights/gnm/gnm.pth,14.84,0.3,-0.0009,0.9452,-0.0009,4.84,,,gnm_closed_loop,0.0,0.0,normalized_stop_ab_20260708,G,stop_authority_normalized_pred,normalized_pred_gate,,3,0.5,10.09,0.4797,True,hospital_fresh_medium_G,1.4465,True,,,0.0,0.0,False,zeroed_hold,False,,True,shadow,results/bo_reviewer_packet/temporal_stop_head/22_temporal_stop_head_model.pt,0.114,0.0,False,0.5,,,1.4488,False,,,True
normcmp_G_stopauth_20260708_153944,1244,22.266668,1783521594.018494,0.446488,0.500148,-0.0,3.141208,0.0,0.0,-0.00016,0.000281,camera_link,22.266668,gnm_closed_loop,,nominal,post-episode zero hold,True,ok,third_party/visualnav-transformer/model_weights/gnm/gnm.pth,14.84,0.3,-0.0009,0.9452,-0.0009,4.84,,,gnm_closed_loop,0.0,0.0,normalized_stop_ab_20260708,G,stop_authority_normalized_pred,normalized_pred_gate,,3,0.5,10.09,0.4797,True,hospital_fresh_medium_G,1.4465,True,,,0.0,0.0,False,zeroed_hold,False,,True,shadow,results/bo_reviewer_packet/temporal_stop_head/22_temporal_stop_head_model.pt,0.114,0.0,False,0.5,,,1.4488,False,,,True
normcmp_G_stopauth_20260708_153944,1245,22.283334,1783521594.027376,0.446497,0.500148,-0.0,3.141208,0.0,0.0,-0.000183,0.00022,camera_link,22.283334,gnm_closed_loop,,nominal,post-episode zero hold,True,ok,third_party/visualnav-transformer/model_weights/gnm/gnm.pth,14.84,0.3,-0.0009,0.9452,-0.0009,4.84,,,gnm_closed_loop,0.0,0.0,normalized_stop_ab_20260708,G,stop_authority_normalized_pred,normalized_pred_gate,,3,0.5,10.09,0.4797,True,hospital_fresh_medium_G,1.4465,True,,,0.0,0.0,False,zeroed_hold,False,,True,shadow,results/bo_reviewer_packet/temporal_stop_head/22_temporal_stop_head_model.pt,0.114,0.0,False,0.5,,,1.4488,False,,,True
normcmp_G_stopauth_20260708_153944,1246,22.300001,1783521594.029304,0.446506,0.500148,-0.0,3.141208,0.0,0.0,-0.000183,0.00022,camera_link,22.300001,gnm_closed_loop,,nominal,post-episode zero hold,True,ok,third_party/visualnav-transformer/model_weights/gnm/gnm.pth,14.84,0.3,-0.0009,0.9452,-0.0009,4.84,,,gnm_closed_loop,0.0,0.0,normalized_stop_ab_20260708,G,stop_authority_normalized_pred,normalized_pred_gate,,3,0.5,10.09,0.4797,True,hospital_fresh_medium_G,1.4465,True,,,0.0,0.0,False,zeroed_hold,False,,True,shadow,results/bo_reviewer_packet/temporal_stop_head/22_temporal_stop_head_model.pt,0.114,0.0,False,0.5,,,1.4488,False,,,True
normcmp_G_stopauth_20260708_153944,1247,22.316668,1783521594.03119,0.446514,0.500148,-0.0,3.141208,0.0,0.0,-0.000183,0.00022,camera_link,22.316668,gnm_closed_loop,,nominal,post-episode zero hold,True,ok,third_party/visualnav-transformer/model_weights/gnm/gnm.pth,14.84,0.3,-0.0009,0.9452,-0.0009,4.84,,,gnm_closed_loop,0.0,0.0,normalized_stop_ab_20260708,G,stop_authority_normalized_pred,normalized_pred_gate,,3,0.5,10.09,0.4797,True,hospital_fresh_medium_G,1.4465,True,,,0.0,0.0,False,zeroed_hold,False,,True,shadow,results/bo_reviewer_packet/temporal_stop_head/22_temporal_stop_head_model.pt,0.114,0.0,False,0.5,,,1.4488,False,,,True
normcmp_G_stopauth_20260708_153944,1248,22.333334,1783521594.040434,0.446523,0.500148,-0.0,3.141208,0.0,0.0,-0.00015,-0.000461,camera_link,22.333334,gnm_closed_loop,,nominal,post-episode zero hold,True,ok,third_party/visualnav-transformer/model_weights/gnm/gnm.pth,14.84,0.3,-0.0009,0.9452,-0.0009,4.84,,,gnm_closed_loop,0.0,0.0,normalized_stop_ab_20260708,G,stop_authority_normalized_pred,normalized_pred_gate,,3,0.5,10.09,0.4797,True,hospital_fresh_medium_G,1.4465,True,,,0.0,0.0,False,zeroed_hold,False,,True,shadow,results/bo_reviewer_packet/temporal_stop_head/22_temporal_stop_head_model.pt,0.114,0.0,False,0.5,,,1.4488,False,,,True
normcmp_G_stopauth_20260708_153944,1249,22.350001,1783521594.042351,0.446532,0.500148,-0.0,3.141208,0.0,0.0,-0.00015,-0.000461,camera_link,22.350001,gnm_closed_loop,,nominal,post-episode zero hold,True,ok,third_party/visualnav-transformer/model_weights/gnm/gnm.pth,14.84,0.3,-0.0009,0.9452,-0.0009,4.84,,,gnm_closed_loop,0.0,0.0,normalized_stop_ab_20260708,G,stop_authority_normalized_pred,normalized_pred_gate,,3,0.5,10.09,0.4797,True,hospital_fresh_medium_G,1.4465,True,,,0.0,0.0,False,zeroed_hold,False,,True,shadow,results/bo_reviewer_packet/temporal_stop_head/22_temporal_stop_head_model.pt,0.114,0.0,False,0.5,,,1.4488,False,,,True
normcmp_G_stopauth_20260708_153944,1250,22.366668,1783521594.044014,0.446541,0.500147,-0.0,3.141208,0.0,0.0,-0.00015,-0.000461,camera_link,22.366668,gnm_closed_loop,,nominal,post-episode zero hold,True,ok,third_party/visualnav-transformer/model_weights/gnm/gnm.pth,14.84,0.3,-0.0009,0.9452,-0.0009,4.84,,,gnm_closed_loop,0.0,0.0,normalized_stop_ab_20260708,G,stop_authority_normalized_pred,normalized_pred_gate,,3,0.5,10.09,0.4797,True,hospital_fresh_medium_G,1.4465,True,,,0.0,0.0,False,zeroed_hold,False,,True,shadow,results/bo_reviewer_packet/temporal_stop_head/22_temporal_stop_head_model.pt,0.114,0.0,False,0.5,,,1.4488,False,,,True
normcmp_G_stopauth_20260708_153944,1251,22.383335,1783521594.051588,0.44655,0.500148,-0.0,3.141208,0.0,0.0,-0.000176,-0.000332,camera_link,22.383335,gnm_closed_loop,,nominal,post-episode zero hold,True,ok,third_party/visualnav-transformer/model_weights/gnm/gnm.pth,14.84,0.3,-0.0009,0.9452,-0.0009,4.84,,,gnm_closed_loop,0.0,0.0,normalized_stop_ab_20260708,G,stop_authority_normalized_pred,normalized_pred_gate,,3,0.5,10.09,0.4797,True,hospital_fresh_medium_G,1.4465,True,,,0.0,0.0,False,zeroed_hold,False,,True,shadow,results/bo_reviewer_packet/temporal_stop_head/22_temporal_stop_head_model.pt,0.114,0.0,False,0.5,,,1.4488,False,,,True
normcmp_G_stopauth_20260708_153944,1252,22.400001,1783521594.053451,0.446558,0.500148,-0.0,3.141208,0.0,0.0,-0.000176,-0.000332,camera_link,22.400001,gnm_closed_loop,,nominal,post-episode zero hold,True,ok,third_party/visualnav-transformer/model_weights/gnm/gnm.pth,14.84,0.3,-0.0009,0.9452,-0.0009,4.84,,,gnm_closed_loop,0.0,0.0,normalized_stop_ab_20260708,G,stop_authority_normalized_pred,normalized_pred_gate,,3,0.5,10.09,0.4797,True,hospital_fresh_medium_G,1.4466,True,,,0.0,0.0,False,zeroed_hold,False,,True,shadow,results/bo_reviewer_packet/temporal_stop_head/22_temporal_stop_head_model.pt,0.114,0.0,False,0.5,,,1.4488,False,,,True
normcmp_G_stopauth_20260708_153944,1253,22.416668,1783521594.055711,0.446567,0.500148,-0.0,3.141208,0.0,0.0,-0.000176,-0.000332,camera_link,22.416668,gnm_closed_loop,,nominal,post-episode zero hold,True,ok,third_party/visualnav-transformer/model_weights/gnm/gnm.pth,14.84,0.3,-0.0009,0.9452,-0.0009,4.84,,,gnm_closed_loop,0.0,0.0,normalized_stop_ab_20260708,G,stop_authority_normalized_pred,normalized_pred_gate,,3,0.5,10.09,0.4797,True,hospital_fresh_medium_G,1.4466,True,,,0.0,0.0,False,zeroed_hold,False,,True,shadow,results/bo_reviewer_packet/temporal_stop_head/22_temporal_stop_head_model.pt,0.114,0.0,False,0.5,,,1.4488,False,,,True
normcmp_G_stopauth_20260708_153944,1254,22.433335,1783521594.065461,0.446576,0.500148,-0.0,3.141208,0.0,0.0,-0.000148,0.000245,camera_link,22.433335,gnm_closed_loop,,nominal,post-episode zero hold,True,ok,third_party/visualnav-transformer/model_weights/gnm/gnm.pth,14.84,0.3,-0.0009,0.9452,-0.0009,4.84,,,gnm_closed_loop,0.0,0.0,normalized_stop_ab_20260708,G,stop_authority_normalized_pred,normalized_pred_gate,,3,0.5,10.09,0.4797,True,hospital_fresh_medium_G,1.4466,True,,,0.0,0.0,False,zeroed_hold,False,,True,shadow,results/bo_reviewer_packet/temporal_stop_head/22_temporal_stop_head_model.pt,0.114,0.0,False,0.5,,,1.4488,False,,,True
normcmp_G_stopauth_20260708_153944,1255,22.450001,1783521594.067518,0.446585,0.500148,-0.0,3.141208,0.0,0.0,-0.000148,0.000245,camera_link,22.450001,gnm_closed_loop,,nominal,post-episode zero hold,True,ok,third_party/visualnav-transformer/model_weights/gnm/gnm.pth,14.84,0.3,-0.0009,0.9452,-0.0009,4.84,,,gnm_closed_loop,0.0,0.0,normalized_stop_ab_20260708,G,stop_authority_normalized_pred,normalized_pred_gate,,3,0.5,10.09,0.4797,True,hospital_fresh_medium_G,1.4466,True,,,0.0,0.0,False,zeroed_hold,False,,True,shadow,results/bo_reviewer_packet/temporal_stop_head/22_temporal_stop_head_model.pt,0.114,0.0,False,0.5,,,1.4488,False,,,True
normcmp_G_stopauth_20260708_153944,1256,22.466668,1783521594.069268,0.446593,0.500148,-0.0,3.141208,0.0,0.0,-0.000148,0.000245,camera_link,22.466668,gnm_closed_loop,,nominal,post-episode zero hold,True,ok,third_party/visualnav-transformer/model_weights/gnm/gnm.pth,14.84,0.3,-0.0009,0.9452,-0.0009,4.84,,,gnm_closed_loop,0.0,0.0,normalized_stop_ab_20260708,G,stop_authority_normalized_pred,normalized_pred_gate,,3,0.5,10.09,0.4797,True,hospital_fresh_medium_G,1.4466,True,,,0.0,0.0,False,zeroed_hold,False,,True,shadow,results/bo_reviewer_packet/temporal_stop_head/22_temporal_stop_head_model.pt,0.114,0.0,False,0.5,,,1.4488,False,,,True
normcmp_G_stopauth_20260708_153944,1257,22.483335,1783521594.077227,0.446602,0.500148,-0.0,3.141208,0.0,0.0,-0.00016,-0.00026,camera_link,22.483335,gnm_closed_loop,,nominal,post-episode zero hold,True,ok,third_party/visualnav-transformer/model_weights/gnm/gnm.pth,14.84,0.3,-0.0009,0.9452,-0.0009,4.84,,,gnm_closed_loop,0.0,0.0,normalized_stop_ab_20260708,G,stop_authority_normalized_pred,normalized_pred_gate,,3,0.5,10.09,0.4797,True,hospital_fresh_medium_G,1.4466,True,,,0.0,0.0,False,zeroed_hold,False,,True,shadow,results/bo_reviewer_packet/temporal_stop_head/22_temporal_stop_head_model.pt,0.114,0.0,False,0.5,,,1.4488,False,,,True
normcmp_G_stopauth_20260708_153944,1258,22.500001,1783521594.079028,0.446611,0.500148,-0.0,3.141208,0.0,0.0,-0.00016,-0.00026,camera_link,22.500001,gnm_closed_loop,,nominal,post-episode zero hold,True,ok,third_party/visualnav-transformer/model_weights/gnm/gnm.pth,14.84,0.3,-0.0009,0.9452,-0.0009,4.84,,,gnm_closed_loop,0.0,0.0,normalized_stop_ab_20260708,G,stop_authority_normalized_pred,normalized_pred_gate,,3,0.5,10.09,0.4797,True,hospital_fresh_medium_G,1.4466,True,,,0.0,0.0,False,zeroed_hold,False,,True,shadow,results/bo_reviewer_packet/temporal_stop_head/22_temporal_stop_head_model.pt,0.114,0.0,False,0.5,,,1.4488,False,,,True
normcmp_G_stopauth_20260708_153944,1259,22.516668,1783521594.080689,0.446619,0.500148,-0.0,3.141208,0.0,0.0,-0.00016,-0.00026,camera_link,22.516668,gnm_closed_loop,,nominal,post-episode zero hold,True,ok,third_party/visualnav-transformer/model_weights/gnm/gnm.pth,14.84,0.3,-0.0009,0.9452,-0.0009,4.84,,,gnm_closed_loop,0.0,0.0,normalized_stop_ab_20260708,G,stop_authority_normalized_pred,normalized_pred_gate,,3,0.5,10.09,0.4797,True,hospital_fresh_medium_G,1.4466,True,,,0.0,0.0,False,zeroed_hold,False,,True,shadow,results/bo_reviewer_packet/temporal_stop_head/22_temporal_stop_head_model.pt,0.114,0.0,False,0.5,,,1.4488,False,,,True
normcmp_G_stopauth_20260708_153944,1260,22.533335,1783521594.089104,0.446628,0.500147,-0.0,3.141208,0.0,0.0,-0.000156,-0.000209,camera_link,22.533335,gnm_closed_loop,,nominal,post-episode zero hold,True,ok,third_party/visualnav-transformer/model_weights/gnm/gnm.pth,14.84,0.3,-0.0009,0.9452,-0.0009,4.84,,,gnm_closed_loop,0.0,0.0,normalized_stop_ab_20260708,G,stop_authority_normalized_pred,normalized_pred_gate,,3,0.5,10.09,0.4797,True,hospital_fresh_medium_G,1.4466,True,,,0.0,0.0,False,zeroed_hold,False,,True,shadow,results/bo_reviewer_packet/temporal_stop_head/22_temporal_stop_head_model.pt,0.114,0.0,False,0.5,,,1.4488,False,,,True
normcmp_G_stopauth_20260708_153944,1261,22.550001,1783521594.090856,0.446637,0.500148,-0.0,3.141208,0.0,0.0,-0.000156,-0.000209,camera_link,22.550001,gnm_closed_loop,,nominal,post-episode zero hold,True,ok,third_party/visualnav-transformer/model_weights/gnm/gnm.pth,14.84,0.3,-0.0009,0.9452,-0.0009,4.84,,,gnm_closed_loop,0.0,0.0,normalized_stop_ab_20260708,G,stop_authority_normalized_pred,normalized_pred_gate,,3,0.5,10.09,0.4797,True,hospital_fresh_medium_G,1.4466,True,,,0.0,0.0,False,zeroed_hold,False,,True,shadow,results/bo_reviewer_packet/temporal_stop_head/22_temporal_stop_head_model.pt,0.114,0.0,False,0.5,,,1.4488,False,,,True
normcmp_G_stopauth_20260708_153944,1262,22.566668,1783521594.091922,0.446637,0.500148,-0.0,3.141208,0.0,0.0,-0.000156,-0.000209,camera_link,22.566668,gnm_closed_loop,,nominal,post-episode zero hold,True,ok,third_party/visualnav-transformer/model_weights/gnm/gnm.pth,14.84,0.3,-0.0009,0.9452,-0.0009,4.84,,,gnm_closed_loop,0.0,0.0,normalized_stop_ab_20260708,G,stop_authority_normalized_pred,normalized_pred_gate,,3,0.5,10.09,0.4797,True,hospital_fresh_medium_G,1.4466,True,,,0.0,0.0,False,zeroed_hold,False,,True,shadow,results/bo_reviewer_packet/temporal_stop_head/22_temporal_stop_head_model.pt,0.114,0.0,False,0.5,,,1.4488,False,,,True
normcmp_G_stopauth_20260708_153944,1263,22.583335,1783521594.098954,0.446637,0.500148,-0.0,3.141208,0.0,0.0,-0.000144,0.000452,camera_link,22.583335,gnm_closed_loop,,nominal,post-episode zero hold,True,ok,third_party/visualnav-transformer/model_weights/gnm/gnm.pth,14.84,0.3,-0.0009,0.9452,-0.0009,4.84,,,gnm_closed_loop,0.0,0.0,normalized_stop_ab_20260708,G,stop_authority_normalized_pred,normalized_pred_gate,,3,0.5,10.09,0.4797,True,hospital_fresh_medium_G,1.4466,True,,,0.0,0.0,False,zeroed_hold,False,,True,shadow,results/bo_reviewer_packet/temporal_stop_head/22_temporal_stop_head_model.pt,0.114,0.0,False,0.5,,,1.4488,False,,,True
normcmp_G_stopauth_20260708_153944,1264,22.600001,1783521594.100476,0.446637,0.500148,-0.0,3.141208,0.0,0.0,-0.000144,0.000452,camera_link,22.600001,gnm_closed_loop,,nominal,post-episode zero hold,True,ok,third_party/visualnav-transformer/model_weights/gnm/gnm.pth,14.84,0.3,-0.0009,0.9452,-0.0009,4.84,,,gnm_closed_loop,0.0,0.0,normalized_stop_ab_20260708,G,stop_authority_normalized_pred,normalized_pred_gate,,3,0.5,10.09,0.4797,True,hospital_fresh_medium_G,1.4466,True,,,0.0,0.0,False,zeroed_hold,False,,True,shadow,results/bo_reviewer_packet/temporal_stop_head/22_temporal_stop_head_model.pt,0.114,0.0,False,0.5,,,1.4488,False,,,True
normcmp_G_stopauth_20260708_153944,1265,22.616668,1783521594.101527,0.446637,0.500148,-0.0,3.141208,0.0,0.0,-0.000144,0.000452,camera_link,22.616668,gnm_closed_loop,,nominal,post-episode zero hold,True,ok,third_party/visualnav-transformer/model_weights/gnm/gnm.pth,14.84,0.3,-0.0009,0.9452,-0.0009,4.84,,,gnm_closed_loop,0.0,0.0,normalized_stop_ab_20260708,G,stop_authority_normalized_pred,normalized_pred_gate,,3,0.5,10.09,0.4797,True,hospital_fresh_medium_G,1.4466,True,,,0.0,0.0,False,zeroed_hold,False,,True,shadow,results/bo_reviewer_packet/temporal_stop_head/22_temporal_stop_head_model.pt,0.114,0.0,False,0.5,,,1.4488,False,,,True
normcmp_G_stopauth_20260708_153944,1266,22.633335,1783521594.108654,0.446637,0.500148,-0.0,3.141208,0.0,0.0,-0.000144,0.000452,camera_link,22.633335,gnm_closed_loop,,nominal,post-episode zero hold,True,ok,third_party/visualnav-transformer/model_weights/gnm/gnm.pth,14.84,0.3,-0.0009,0.9452,-0.0009,4.84,,,gnm_closed_loop,0.0,0.0,normalized_stop_ab_20260708,G,stop_authority_normalized_pred,normalized_pred_gate,,3,0.5,10.09,0.4797,True,hospital_fresh_medium_G,1.4466,True,,,0.0,0.0,False,zeroed_hold,False,,True,shadow,results/bo_reviewer_packet/temporal_stop_head/22_temporal_stop_head_model.pt,0.114,0.0,False,0.5,,,1.4488,False,,,True
normcmp_G_stopauth_20260708_153944,1267,22.650001,1783521594.109609,0.446637,0.500148,-0.0,3.141208,0.0,0.0,-0.000144,0.000452,camera_link,22.650001,gnm_closed_loop,,nominal,post-episode zero hold,True,ok,third_party/visualnav-transformer/model_weights/gnm/gnm.pth,14.84,0.3,-0.0009,0.9452,-0.0009,4.84,,,gnm_closed_loop,0.0,0.0,normalized_stop_ab_20260708,G,stop_authority_normalized_pred,normalized_pred_gate,,3,0.5,10.09,0.4797,True,hospital_fresh_medium_G,1.4466,True,,,0.0,0.0,False,zeroed_hold,False,,True,shadow,results/bo_reviewer_packet/temporal_stop_head/22_temporal_stop_head_model.pt,0.114,0.0,False,0.5,,,1.4488,False,,,True
normcmp_G_stopauth_20260708_153944,1268,22.666668,1783521594.110523,0.446637,0.500148,-0.0,3.141208,0.0,0.0,-0.000144,0.000452,camera_link,22.666668,gnm_closed_loop,,nominal,post-episode zero hold,True,ok,third_party/visualnav-transformer/model_weights/gnm/gnm.pth,14.84,0.3,-0.0009,0.9452,-0.0009,4.84,,,gnm_closed_loop,0.0,0.0,normalized_stop_ab_20260708,G,stop_authority_normalized_pred,normalized_pred_gate,,3,0.5,10.09,0.4797,True,hospital_fresh_medium_G,1.4466,True,,,0.0,0.0,False,zeroed_hold,False,,True,shadow,results/bo_reviewer_packet/temporal_stop_head/22_temporal_stop_head_model.pt,0.114,0.0,False,0.5,,,1.4488,False,,,True
normcmp_G_stopauth_20260708_153944,1269,22.683335,1783521594.119673,0.446637,0.500148,-0.0,3.141208,0.0,0.0,-0.000144,0.000452,camera_link,22.683335,gnm_closed_loop,,nominal,post-episode zero hold,True,ok,third_party/visualnav-transformer/model_weights/gnm/gnm.pth,14.84,0.3,-0.0009,0.9452,-0.0009,4.84,,,gnm_closed_loop,0.0,0.0,normalized_stop_ab_20260708,G,stop_authority_normalized_pred,normalized_pred_gate,,3,0.5,10.09,0.4797,True,hospital_fresh_medium_G,1.4466,True,,,0.0,0.0,False,zeroed_hold,False,,True,shadow,results/bo_reviewer_packet/temporal_stop_head/22_temporal_stop_head_model.pt,0.114,0.0,False,0.5,,,1.4488,False,,,True
normcmp_G_stopauth_20260708_153944,1270,22.700001,1783521594.121034,0.446637,0.500148,-0.0,3.141208,0.0,0.0,-0.000144,0.000452,camera_link,22.700001,gnm_closed_loop,,nominal,post-episode zero hold,True,ok,third_party/visualnav-transformer/model_weights/gnm/gnm.pth,14.84,0.3,-0.0009,0.9452,-0.0009,4.84,,,gnm_closed_loop,0.0,0.0,normalized_stop_ab_20260708,G,stop_authority_normalized_pred,normalized_pred_gate,,3,0.5,10.09,0.4797,True,hospital_fresh_medium_G,1.4466,True,,,0.0,0.0,False,zeroed_hold,False,,True,shadow,results/bo_reviewer_packet/temporal_stop_head/22_temporal_stop_head_model.pt,0.114,0.0,False,0.5,,,1.4488,False,,,True
normcmp_G_stopauth_20260708_153944,1271,22.716668,1783521594.122179,0.446637,0.500148,-0.0,3.141208,0.0,0.0,-0.000144,0.000452,camera_link,22.716668,gnm_closed_loop,,nominal,post-episode zero hold,True,ok,third_party/visualnav-transformer/model_weights/gnm/gnm.pth,14.84,0.3,-0.0009,0.9452,-0.0009,4.84,,,gnm_closed_loop,0.0,0.0,normalized_stop_ab_20260708,G,stop_authority_normalized_pred,normalized_pred_gate,,3,0.5,10.09,0.4797,True,hospital_fresh_medium_G,1.4466,True,,,0.0,0.0,False,zeroed_hold,False,,True,shadow,results/bo_reviewer_packet/temporal_stop_head/22_temporal_stop_head_model.pt,0.114,0.0,False,0.5,,,1.4488,False,,,True
normcmp_G_stopauth_20260708_153944,1272,22.733335,1783521594.130679,0.446637,0.500148,-0.0,3.141208,0.0,0.0,-0.000144,0.000452,camera_link,22.733335,gnm_closed_loop,,nominal,post-episode zero hold,True,ok,third_party/visualnav-transformer/model_weights/gnm/gnm.pth,14.84,0.3,-0.0009,0.9452,-0.0009,4.84,,,gnm_closed_loop,0.0,0.0,normalized_stop_ab_20260708,G,stop_authority_normalized_pred,normalized_pred_gate,,3,0.5,10.09,0.4797,True,hospital_fresh_medium_G,1.4466,True,,,0.0,0.0,False,zeroed_hold,False,,True,shadow,results/bo_reviewer_packet/temporal_stop_head/22_temporal_stop_head_model.pt,0.114,0.0,False,0.5,,,1.4488,False,,,True
normcmp_G_stopauth_20260708_153944,1273,22.750001,1783521594.131793,0.446637,0.500148,-0.0,3.141208,0.0,0.0,-0.000144,0.000452,camera_link,22.750001,gnm_closed_loop,,nominal,post-episode zero hold,True,ok,third_party/visualnav-transformer/model_weights/gnm/gnm.pth,14.84,0.3,-0.0009,0.9452,-0.0009,4.84,,,gnm_closed_loop,0.0,0.0,normalized_stop_ab_20260708,G,stop_authority_normalized_pred,normalized_pred_gate,,3,0.5,10.09,0.4797,True,hospital_fresh_medium_G,1.4466,True,,,0.0,0.0,False,zeroed_hold,False,,True,shadow,results/bo_reviewer_packet/temporal_stop_head/22_temporal_stop_head_model.pt,0.114,0.0,False,0.5,,,1.4488,False,,,True
normcmp_G_stopauth_20260708_153944,1274,22.766668,1783521594.132835,0.446637,0.500148,-0.0,3.141208,0.0,0.0,-0.000144,0.000452,camera_link,22.766668,gnm_closed_loop,,nominal,post-episode zero hold,True,ok,third_party/visualnav-transformer/model_weights/gnm/gnm.pth,14.84,0.3,-0.0009,0.9452,-0.0009,4.84,,,gnm_closed_loop,0.0,0.0,normalized_stop_ab_20260708,G,stop_authority_normalized_pred,normalized_pred_gate,,3,0.5,10.09,0.4797,True,hospital_fresh_medium_G,1.4466,True,,,0.0,0.0,False,zeroed_hold,False,,True,shadow,results/bo_reviewer_packet/temporal_stop_head/22_temporal_stop_head_model.pt,0.114,0.0,False,0.5,,,1.4488,False,,,True
normcmp_G_stopauth_20260708_153944,1275,22.783335,1783521594.140289,0.446637,0.500148,-0.0,3.141208,0.0,0.0,-0.000144,0.000452,camera_link,22.783335,gnm_closed_loop,,nominal,post-episode zero hold,True,ok,third_party/visualnav-transformer/model_weights/gnm/gnm.pth,14.84,0.3,-0.0009,0.9452,-0.0009,4.84,,,gnm_closed_loop,0.0,0.0,normalized_stop_ab_20260708,G,stop_authority_normalized_pred,normalized_pred_gate,,3,0.5,10.09,0.4797,True,hospital_fresh_medium_G,1.4466,True,,,0.0,0.0,False,zeroed_hold,False,,True,shadow,results/bo_reviewer_packet/temporal_stop_head/22_temporal_stop_head_model.pt,0.114,0.0,False,0.5,,,1.4488,False,,,True
normcmp_G_stopauth_20260708_153944,1276,22.800001,1783521594.141425,0.446637,0.500148,-0.0,3.141208,0.0,0.0,-0.000144,0.000452,camera_link,22.800001,gnm_closed_loop,,nominal,post-episode zero hold,True,ok,third_party/visualnav-transformer/model_weights/gnm/gnm.pth,14.84,0.3,-0.0009,0.9452,-0.0009,4.84,,,gnm_closed_loop,0.0,0.0,normalized_stop_ab_20260708,G,stop_authority_normalized_pred,normalized_pred_gate,,3,0.5,10.09,0.4797,True,hospital_fresh_medium_G,1.4466,True,,,0.0,0.0,False,zeroed_hold,False,,True,shadow,results/bo_reviewer_packet/temporal_stop_head/22_temporal_stop_head_model.pt,0.114,0.0,False,0.5,,,1.4488,False,,,True
normcmp_G_stopauth_20260708_153944,1277,22.816668,1783521594.142478,0.446637,0.500148,-0.0,3.141208,0.0,0.0,-0.000144,0.000452,camera_link,22.816668,gnm_closed_loop,,nominal,post-episode zero hold,True,ok,third_party/visualnav-transformer/model_weights/gnm/gnm.pth,14.84,0.3,-0.0009,0.9452,-0.0009,4.84,,,gnm_closed_loop,0.0,0.0,normalized_stop_ab_20260708,G,stop_authority_normalized_pred,normalized_pred_gate,,3,0.5,10.09,0.4797,True,hospital_fresh_medium_G,1.4466,True,,,0.0,0.0,False,zeroed_hold,False,,True,shadow,results/bo_reviewer_packet/temporal_stop_head/22_temporal_stop_head_model.pt,0.114,0.0,False,0.5,,,1.4488,False,,,True
normcmp_G_stopauth_20260708_153944,1278,22.833335,1783521594.149853,0.446637,0.500148,-0.0,3.141208,0.0,0.0,-0.000144,0.000452,camera_link,22.833335,gnm_closed_loop,,nominal,post-episode zero hold,True,ok,third_party/visualnav-transformer/model_weights/gnm/gnm.pth,14.84,0.3,-0.0009,0.9452,-0.0009,4.84,,,gnm_closed_loop,0.0,0.0,normalized_stop_ab_20260708,G,stop_authority_normalized_pred,normalized_pred_gate,,3,0.5,10.09,0.4797,True,hospital_fresh_medium_G,1.4466,True,,,0.0,0.0,False,zeroed_hold,False,,True,shadow,results/bo_reviewer_packet/temporal_stop_head/22_temporal_stop_head_model.pt,0.114,0.0,False,0.5,,,1.4488,False,,,True
normcmp_G_stopauth_20260708_153944,1279,22.850001,1783521594.151061,0.446637,0.500148,-0.0,3.141208,0.0,0.0,-0.000144,0.000452,camera_link,22.850001,gnm_closed_loop,,nominal,post-episode zero hold,True,ok,third_party/visualnav-transformer/model_weights/gnm/gnm.pth,14.84,0.3,-0.0009,0.9452,-0.0009,4.84,,,gnm_closed_loop,0.0,0.0,normalized_stop_ab_20260708,G,stop_authority_normalized_pred,normalized_pred_gate,,3,0.5,10.09,0.4797,True,hospital_fresh_medium_G,1.4466,True,,,0.0,0.0,False,zeroed_hold,False,,True,shadow,results/bo_reviewer_packet/temporal_stop_head/22_temporal_stop_head_model.pt,0.114,0.0,False,0.5,,,1.4488,False,,,True
normcmp_G_stopauth_20260708_153944,1280,22.866668,1783521594.152025,0.446637,0.500148,-0.0,3.141208,0.0,0.0,-0.000144,0.000452,camera_link,22.866668,gnm_closed_loop,,nominal,post-episode zero hold,True,ok,third_party/visualnav-transformer/model_weights/gnm/gnm.pth,14.84,0.3,-0.0009,0.9452,-0.0009,4.84,,,gnm_closed_loop,0.0,0.0,normalized_stop_ab_20260708,G,stop_authority_normalized_pred,normalized_pred_gate,,3,0.5,10.09,0.4797,True,hospital_fresh_medium_G,1.4466,True,,,0.0,0.0,False,zeroed_hold,False,,True,shadow,results/bo_reviewer_packet/temporal_stop_head/22_temporal_stop_head_model.pt,0.114,0.0,False,0.5,,,1.4488,False,,,True
normcmp_G_stopauth_20260708_153944,1281,22.883335,1783521594.159162,0.446637,0.500148,-0.0,3.141208,0.0,0.0,-0.000144,0.000452,camera_link,22.883335,gnm_closed_loop,,nominal,post-episode zero hold,True,ok,third_party/visualnav-transformer/model_weights/gnm/gnm.pth,14.84,0.3,-0.0009,0.9452,-0.0009,4.84,,,gnm_closed_loop,0.0,0.0,normalized_stop_ab_20260708,G,stop_authority_normalized_pred,normalized_pred_gate,,3,0.5,10.09,0.4797,True,hospital_fresh_medium_G,1.4466,True,,,0.0,0.0,False,zeroed_hold,False,,True,shadow,results/bo_reviewer_packet/temporal_stop_head/22_temporal_stop_head_model.pt,0.114,0.0,False,0.5,,,1.4488,False,,,True
normcmp_G_stopauth_20260708_153944,1282,22.900001,1783521594.160242,0.446637,0.500148,-0.0,3.141208,0.0,0.0,-0.000144,0.000452,camera_link,22.900001,gnm_closed_loop,,nominal,post-episode zero hold,True,ok,third_party/visualnav-transformer/model_weights/gnm/gnm.pth,14.84,0.3,-0.0009,0.9452,-0.0009,4.84,,,gnm_closed_loop,0.0,0.0,normalized_stop_ab_20260708,G,stop_authority_normalized_pred,normalized_pred_gate,,3,0.5,10.09,0.4797,True,hospital_fresh_medium_G,1.4466,True,,,0.0,0.0,False,zeroed_hold,False,,True,shadow,results/bo_reviewer_packet/temporal_stop_head/22_temporal_stop_head_model.pt,0.114,0.0,False,0.5,,,1.4488,False,,,True
normcmp_G_stopauth_20260708_153944,1283,22.916668,1783521594.161291,0.446637,0.500148,-0.0,3.141208,0.0,0.0,-0.000144,0.000452,camera_link,22.916668,gnm_closed_loop,,nominal,post-episode zero hold,True,ok,third_party/visualnav-transformer/model_weights/gnm/gnm.pth,14.84,0.3,-0.0009,0.9452,-0.0009,4.84,,,gnm_closed_loop,0.0,0.0,normalized_stop_ab_20260708,G,stop_authority_normalized_pred,normalized_pred_gate,,3,0.5,10.09,0.4797,True,hospital_fresh_medium_G,1.4466,True,,,0.0,0.0,False,zeroed_hold,False,,True,shadow,results/bo_reviewer_packet/temporal_stop_head/22_temporal_stop_head_model.pt,0.114,0.0,False,0.5,,,1.4488,False,,,True
normcmp_G_stopauth_20260708_153944,1284,22.933335,1783521594.170606,0.446637,0.500148,-0.0,3.141208,0.0,0.0,-0.000144,0.000452,camera_link,22.933335,gnm_closed_loop,,nominal,post-episode zero hold,True,ok,third_party/visualnav-transformer/model_weights/gnm/gnm.pth,14.84,0.3,-0.0009,0.9452,-0.0009,4.84,,,gnm_closed_loop,0.0,0.0,normalized_stop_ab_20260708,G,stop_authority_normalized_pred,normalized_pred_gate,,3,0.5,10.09,0.4797,True,hospital_fresh_medium_G,1.4466,True,,,0.0,0.0,False,zeroed_hold,False,,True,shadow,results/bo_reviewer_packet/temporal_stop_head/22_temporal_stop_head_model.pt,0.114,0.0,False,0.5,,,1.4488,False,,,True
normcmp_G_stopauth_20260708_153944,1285,22.950001,1783521594.172585,0.446637,0.500148,-0.0,3.141208,0.0,0.0,-0.000144,0.000452,camera_link,22.950001,gnm_closed_loop,,nominal,post-episode zero hold,True,ok,third_party/visualnav-transformer/model_weights/gnm/gnm.pth,14.84,0.3,-0.0009,0.9452,-0.0009,4.84,,,gnm_closed_loop,0.0,0.0,normalized_stop_ab_20260708,G,stop_authority_normalized_pred,normalized_pred_gate,,3,0.5,10.09,0.4797,True,hospital_fresh_medium_G,1.4466,True,,,0.0,0.0,False,zeroed_hold,False,,True,shadow,results/bo_reviewer_packet/temporal_stop_head/22_temporal_stop_head_model.pt,0.114,0.0,False,0.5,,,1.4488,False,,,True
normcmp_G_stopauth_20260708_153944,1286,22.966668,1783521594.174005,0.446637,0.500148,-0.0,3.141208,0.0,0.0,-0.000144,0.000452,camera_link,22.966668,gnm_closed_loop,,nominal,post-episode zero hold,True,ok,third_party/visualnav-transformer/model_weights/gnm/gnm.pth,14.84,0.3,-0.0009,0.9452,-0.0009,4.84,,,gnm_closed_loop,0.0,0.0,normalized_stop_ab_20260708,G,stop_authority_normalized_pred,normalized_pred_gate,,3,0.5,10.09,0.4797,True,hospital_fresh_medium_G,1.4466,True,,,0.0,0.0,False,zeroed_hold,False,,True,shadow,results/bo_reviewer_packet/temporal_stop_head/22_temporal_stop_head_model.pt,0.114,0.0,False,0.5,,,1.4488,False,,,True
normcmp_G_stopauth_20260708_153944,1287,22.983335,1783521594.183916,0.446637,0.500148,-0.0,3.141208,0.0,0.0,-0.000144,0.000452,camera_link,22.983335,gnm_closed_loop,,nominal,post-episode zero hold,True,ok,third_party/visualnav-transformer/model_weights/gnm/gnm.pth,14.84,0.3,-0.0009,0.9452,-0.0009,4.84,,,gnm_closed_loop,0.0,0.0,normalized_stop_ab_20260708,G,stop_authority_normalized_pred,normalized_pred_gate,,3,0.5,10.09,0.4797,True,hospital_fresh_medium_G,1.4466,True,,,0.0,0.0,False,zeroed_hold,False,,True,shadow,results/bo_reviewer_packet/temporal_stop_head/22_temporal_stop_head_model.pt,0.114,0.0,False,0.5,,,1.4488,False,,,True
normcmp_G_stopauth_20260708_153944,1288,23.000001,1783521594.185288,0.446637,0.500148,-0.0,3.141208,0.0,0.0,-0.000144,0.000452,camera_link,23.000001,gnm_closed_loop,,nominal,post-episode zero hold,True,ok,third_party/visualnav-transformer/model_weights/gnm/gnm.pth,14.84,0.3,-0.0009,0.9452,-0.0009,4.84,,,gnm_closed_loop,0.0,0.0,normalized_stop_ab_20260708,G,stop_authority_normalized_pred,normalized_pred_gate,,3,0.5,10.09,0.4797,True,hospital_fresh_medium_G,1.4466,True,,,0.0,0.0,False,zeroed_hold,False,,True,shadow,results/bo_reviewer_packet/temporal_stop_head/22_temporal_stop_head_model.pt,0.114,0.0,False,0.5,,,1.4488,False,,,True
normcmp_G_stopauth_20260708_153944,1289,23.016668,1783521594.186974,0.446637,0.500148,-0.0,3.141208,0.0,0.0,-0.000144,0.000452,camera_link,23.016668,gnm_closed_loop,,nominal,post-episode zero hold,True,ok,third_party/visualnav-transformer/model_weights/gnm/gnm.pth,14.84,0.3,-0.0009,0.9452,-0.0009,4.84,,,gnm_closed_loop,0.0,0.0,normalized_stop_ab_20260708,G,stop_authority_normalized_pred,normalized_pred_gate,,3,0.5,10.09,0.4797,True,hospital_fresh_medium_G,1.4466,True,,,0.0,0.0,False,zeroed_hold,False,,True,shadow,results/bo_reviewer_packet/temporal_stop_head/22_temporal_stop_head_model.pt,0.114,0.0,False,0.5,,,1.4488,False,,,True
normcmp_G_stopauth_20260708_153944,1290,23.033335,1783521594.200111,0.446637,0.500148,-0.0,3.141208,0.0,0.0,-0.000144,0.000452,camera_link,23.033335,gnm_closed_loop,,nominal,post-episode zero hold,True,ok,third_party/visualnav-transformer/model_weights/gnm/gnm.pth,14.84,0.3,-0.0009,0.9452,-0.0009,4.84,,,gnm_closed_loop,0.0,0.0,normalized_stop_ab_20260708,G,stop_authority_normalized_pred,normalized_pred_gate,,3,0.5,10.09,0.4797,True,hospital_fresh_medium_G,1.4466,True,,,0.0,0.0,False,zeroed_hold,False,,True,shadow,results/bo_reviewer_packet/temporal_stop_head/22_temporal_stop_head_model.pt,0.114,0.0,False,0.5,,,1.4488,False,,,True
normcmp_G_stopauth_20260708_153944,1291,23.050001,1783521594.202111,0.446637,0.500148,-0.0,3.141208,0.0,0.0,-0.000144,0.000452,camera_link,23.050001,gnm_closed_loop,,nominal,post-episode zero hold,True,ok,third_party/visualnav-transformer/model_weights/gnm/gnm.pth,14.84,0.3,-0.0009,0.9452,-0.0009,4.84,,,gnm_closed_loop,0.0,0.0,normalized_stop_ab_20260708,G,stop_authority_normalized_pred,normalized_pred_gate,,3,0.5,10.09,0.4797,True,hospital_fresh_medium_G,1.4466,True,,,0.0,0.0,False,zeroed_hold,False,,True,shadow,results/bo_reviewer_packet/temporal_stop_head/22_temporal_stop_head_model.pt,0.114,0.0,False,0.5,,,1.4488,False,,,True
normcmp_G_stopauth_20260708_153944,1292,23.066668,1783521594.203631,0.446637,0.500148,-0.0,3.141208,0.0,0.0,-0.000144,0.000452,camera_link,23.066668,gnm_closed_loop,,nominal,post-episode zero hold,True,ok,third_party/visualnav-transformer/model_weights/gnm/gnm.pth,14.84,0.3,-0.0009,0.9452,-0.0009,4.84,,,gnm_closed_loop,0.0,0.0,normalized_stop_ab_20260708,G,stop_authority_normalized_pred,normalized_pred_gate,,3,0.5,10.09,0.4797,True,hospital_fresh_medium_G,1.4466,True,,,0.0,0.0,False,zeroed_hold,False,,True,shadow,results/bo_reviewer_packet/temporal_stop_head/22_temporal_stop_head_model.pt,0.114,0.0,False,0.5,,,1.4488,False,,,True
normcmp_G_stopauth_20260708_153944,1293,23.083335,1783521594.215389,0.446637,0.500148,-0.0,3.141208,0.0,0.0,-0.000144,0.000452,camera_link,23.083335,gnm_closed_loop,,nominal,post-episode zero hold,True,ok,third_party/visualnav-transformer/model_weights/gnm/gnm.pth,14.84,0.3,-0.0009,0.9452,-0.0009,4.84,,,gnm_closed_loop,0.0,0.0,normalized_stop_ab_20260708,G,stop_authority_normalized_pred,normalized_pred_gate,,3,0.5,10.09,0.4797,True,hospital_fresh_medium_G,1.4466,True,,,0.0,0.0,False,zeroed_hold,False,,True,shadow,results/bo_reviewer_packet/temporal_stop_head/22_temporal_stop_head_model.pt,0.114,0.0,False,0.5,,,1.4488,False,,,True
normcmp_G_stopauth_20260708_153944,1294,23.100001,1783521594.216926,0.446637,0.500148,-0.0,3.141208,0.0,0.0,-0.000144,0.000452,camera_link,23.100001,gnm_closed_loop,,nominal,post-episode zero hold,True,ok,third_party/visualnav-transformer/model_weights/gnm/gnm.pth,14.84,0.3,-0.0009,0.9452,-0.0009,4.84,,,gnm_closed_loop,0.0,0.0,normalized_stop_ab_20260708,G,stop_authority_normalized_pred,normalized_pred_gate,,3,0.5,10.09,0.4797,True,hospital_fresh_medium_G,1.4466,True,,,0.0,0.0,False,zeroed_hold,False,,True,shadow,results/bo_reviewer_packet/temporal_stop_head/22_temporal_stop_head_model.pt,0.114,0.0,False,0.5,,,1.4488,False,,,True
normcmp_G_stopauth_20260708_153944,1295,23.116668,1783521594.218373,0.446637,0.500148,-0.0,3.141208,0.0,0.0,-0.000144,0.000452,camera_link,23.116668,gnm_closed_loop,,nominal,post-episode zero hold,True,ok,third_party/visualnav-transformer/model_weights/gnm/gnm.pth,14.84,0.3,-0.0009,0.9452,-0.0009,4.84,,,gnm_closed_loop,0.0,0.0,normalized_stop_ab_20260708,G,stop_authority_normalized_pred,normalized_pred_gate,,3,0.5,10.09,0.4797,True,hospital_fresh_medium_G,1.4466,True,,,0.0,0.0,False,zeroed_hold,False,,True,shadow,results/bo_reviewer_packet/temporal_stop_head/22_temporal_stop_head_model.pt,0.114,0.0,False,0.5,,,1.4488,False,,,True
normcmp_G_stopauth_20260708_153944,1296,23.133335,1783521594.228374,0.446637,0.500148,-0.0,3.141208,0.0,0.0,-0.000144,0.000452,camera_link,23.133335,gnm_closed_loop,,nominal,post-episode zero hold,True,ok,third_party/visualnav-transformer/model_weights/gnm/gnm.pth,14.84,0.3,-0.0009,0.9452,-0.0009,4.84,,,gnm_closed_loop,0.0,0.0,normalized_stop_ab_20260708,G,stop_authority_normalized_pred,normalized_pred_gate,,3,0.5,10.09,0.4797,True,hospital_fresh_medium_G,1.4466,True,,,0.0,0.0,False,zeroed_hold,False,,True,shadow,results/bo_reviewer_packet/temporal_stop_head/22_temporal_stop_head_model.pt,0.114,0.0,False,0.5,,,1.4488,False,,,True
normcmp_G_stopauth_20260708_153944,1297,23.150001,1783521594.229846,0.446637,0.500148,-0.0,3.141208,0.0,0.0,-0.000144,0.000452,camera_link,23.150001,gnm_closed_loop,,nominal,post-episode zero hold,True,ok,third_party/visualnav-transformer/model_weights/gnm/gnm.pth,14.84,0.3,-0.0009,0.9452,-0.0009,4.84,,,gnm_closed_loop,0.0,0.0,normalized_stop_ab_20260708,G,stop_authority_normalized_pred,normalized_pred_gate,,3,0.5,10.09,0.4797,True,hospital_fresh_medium_G,1.4466,True,,,0.0,0.0,False,zeroed_hold,False,,True,shadow,results/bo_reviewer_packet/temporal_stop_head/22_temporal_stop_head_model.pt,0.114,0.0,False,0.5,,,1.4488,False,,,True
normcmp_G_stopauth_20260708_153944,1298,23.166668,1783521594.231037,0.446637,0.500148,-0.0,3.141208,0.0,0.0,-0.000144,0.000452,camera_link,23.166668,gnm_closed_loop,,nominal,post-episode zero hold,True,ok,third_party/visualnav-transformer/model_weights/gnm/gnm.pth,14.84,0.3,-0.0009,0.9452,-0.0009,4.84,,,gnm_closed_loop,0.0,0.0,normalized_stop_ab_20260708,G,stop_authority_normalized_pred,normalized_pred_gate,,3,0.5,10.09,0.4797,True,hospital_fresh_medium_G,1.4466,True,,,0.0,0.0,False,zeroed_hold,False,,True,shadow,results/bo_reviewer_packet/temporal_stop_head/22_temporal_stop_head_model.pt,0.114,0.0,False,0.5,,,1.4488,False,,,True
normcmp_G_stopauth_20260708_153944,1299,23.183335,1783521594.237934,0.446637,0.500148,-0.0,3.141208,0.0,0.0,-0.000144,0.000452,camera_link,23.183335,gnm_closed_loop,,nominal,post-episode zero hold,True,ok,third_party/visualnav-transformer/model_weights/gnm/gnm.pth,14.84,0.3,-0.0009,0.9452,-0.0009,4.84,,,gnm_closed_loop,0.0,0.0,normalized_stop_ab_20260708,G,stop_authority_normalized_pred,normalized_pred_gate,,3,0.5,10.09,0.4797,True,hospital_fresh_medium_G,1.4466,True,,,0.0,0.0,False,zeroed_hold,False,,True,shadow,results/bo_reviewer_packet/temporal_stop_head/22_temporal_stop_head_model.pt,0.114,0.0,False,0.5,,,1.4488,False,,,True
normcmp_G_stopauth_20260708_153944,1300,23.200001,1783521594.23908,0.446637,0.500148,-0.0,3.141208,0.0,0.0,-0.000144,0.000452,camera_link,23.200001,gnm_closed_loop,,nominal,post-episode zero hold,True,ok,third_party/visualnav-transformer/model_weights/gnm/gnm.pth,14.84,0.3,-0.0009,0.9452,-0.0009,4.84,,,gnm_closed_loop,0.0,0.0,normalized_stop_ab_20260708,G,stop_authority_normalized_pred,normalized_pred_gate,,3,0.5,10.09,0.4797,True,hospital_fresh_medium_G,1.4466,True,,,0.0,0.0,False,zeroed_hold,False,,True,shadow,results/bo_reviewer_packet/temporal_stop_head/22_temporal_stop_head_model.pt,0.114,0.0,False,0.5,,,1.4488,False,,,True
normcmp_G_stopauth_20260708_153944,1301,23.216668,1783521594.240378,0.446637,0.500148,-0.0,3.141208,0.0,0.0,-0.000144,0.000452,camera_link,23.216668,gnm_closed_loop,,nominal,post-episode zero hold,True,ok,third_party/visualnav-transformer/model_weights/gnm/gnm.pth,14.84,0.3,-0.0009,0.9452,-0.0009,4.84,,,gnm_closed_loop,0.0,0.0,normalized_stop_ab_20260708,G,stop_authority_normalized_pred,normalized_pred_gate,,3,0.5,10.09,0.4797,True,hospital_fresh_medium_G,1.4466,True,,,0.0,0.0,False,zeroed_hold,False,,True,shadow,results/bo_reviewer_packet/temporal_stop_head/22_temporal_stop_head_model.pt,0.114,0.0,False,0.5,,,1.4488,False,,,True
normcmp_G_stopauth_20260708_153944,1302,23.233335,1783521594.248902,0.446637,0.500148,-0.0,3.141208,0.0,0.0,-0.000144,0.000452,camera_link,23.233335,gnm_closed_loop,,nominal,post-episode zero hold,True,ok,third_party/visualnav-transformer/model_weights/gnm/gnm.pth,14.84,0.3,-0.0009,0.9452,-0.0009,4.84,,,gnm_closed_loop,0.0,0.0,normalized_stop_ab_20260708,G,stop_authority_normalized_pred,normalized_pred_gate,,3,0.5,10.09,0.4797,True,hospital_fresh_medium_G,1.4466,True,,,0.0,0.0,False,zeroed_hold,False,,True,shadow,results/bo_reviewer_packet/temporal_stop_head/22_temporal_stop_head_model.pt,0.114,0.0,False,0.5,,,1.4488,False,,,True
normcmp_G_stopauth_20260708_153944,1303,23.250001,1783521594.250663,0.446637,0.500148,-0.0,3.141208,0.0,0.0,-0.000144,0.000452,camera_link,23.250001,gnm_closed_loop,,nominal,post-episode zero hold,True,ok,third_party/visualnav-transformer/model_weights/gnm/gnm.pth,14.84,0.3,-0.0009,0.9452,-0.0009,4.84,,,gnm_closed_loop,0.0,0.0,normalized_stop_ab_20260708,G,stop_authority_normalized_pred,normalized_pred_gate,,3,0.5,10.09,0.4797,True,hospital_fresh_medium_G,1.4466,True,,,0.0,0.0,False,zeroed_hold,False,,True,shadow,results/bo_reviewer_packet/temporal_stop_head/22_temporal_stop_head_model.pt,0.114,0.0,False,0.5,,,1.4488,False,,,True
normcmp_G_stopauth_20260708_153944,1304,23.266668,1783521594.252026,0.446637,0.500148,-0.0,3.141208,0.0,0.0,-0.000144,0.000452,camera_link,23.266668,gnm_closed_loop,,nominal,post-episode zero hold,True,ok,third_party/visualnav-transformer/model_weights/gnm/gnm.pth,14.84,0.3,-0.0009,0.9452,-0.0009,4.84,,,gnm_closed_loop,0.0,0.0,normalized_stop_ab_20260708,G,stop_authority_normalized_pred,normalized_pred_gate,,3,0.5,10.09,0.4797,True,hospital_fresh_medium_G,1.4466,True,,,0.0,0.0,False,zeroed_hold,False,,True,shadow,results/bo_reviewer_packet/temporal_stop_head/22_temporal_stop_head_model.pt,0.114,0.0,False,0.5,,,1.4488,False,,,True
normcmp_G_stopauth_20260708_153944,1305,23.283335,1783521594.260701,0.446637,0.500148,-0.0,3.141208,0.0,0.0,-0.000144,0.000452,camera_link,23.283335,gnm_closed_loop,,nominal,post-episode zero hold,True,ok,third_party/visualnav-transformer/model_weights/gnm/gnm.pth,14.84,0.3,-0.0009,0.9452,-0.0009,4.84,,,gnm_closed_loop,0.0,0.0,normalized_stop_ab_20260708,G,stop_authority_normalized_pred,normalized_pred_gate,,3,0.5,10.09,0.4797,True,hospital_fresh_medium_G,1.4466,True,,,0.0,0.0,False,zeroed_hold,False,,True,shadow,results/bo_reviewer_packet/temporal_stop_head/22_temporal_stop_head_model.pt,0.114,0.0,False,0.5,,,1.4488,False,,,True
normcmp_G_stopauth_20260708_153944,1306,23.300001,1783521594.262142,0.446637,0.500148,-0.0,3.141208,0.0,0.0,-0.000144,0.000452,camera_link,23.300001,gnm_closed_loop,,nominal,post-episode zero hold,True,ok,third_party/visualnav-transformer/model_weights/gnm/gnm.pth,14.84,0.3,-0.0009,0.9452,-0.0009,4.84,,,gnm_closed_loop,0.0,0.0,normalized_stop_ab_20260708,G,stop_authority_normalized_pred,normalized_pred_gate,,3,0.5,10.09,0.4797,True,hospital_fresh_medium_G,1.4466,True,,,0.0,0.0,False,zeroed_hold,False,,True,shadow,results/bo_reviewer_packet/temporal_stop_head/22_temporal_stop_head_model.pt,0.114,0.0,False,0.5,,,1.4488,False,,,True
normcmp_G_stopauth_20260708_153944,1307,23.316668,1783521594.263249,0.446637,0.500148,-0.0,3.141208,0.0,0.0,-0.000144,0.000452,camera_link,23.316668,gnm_closed_loop,,nominal,post-episode zero hold,True,ok,third_party/visualnav-transformer/model_weights/gnm/gnm.pth,14.84,0.3,-0.0009,0.9452,-0.0009,4.84,,,gnm_closed_loop,0.0,0.0,normalized_stop_ab_20260708,G,stop_authority_normalized_pred,normalized_pred_gate,,3,0.5,10.09,0.4797,True,hospital_fresh_medium_G,1.4466,True,,,0.0,0.0,False,zeroed_hold,False,,True,shadow,results/bo_reviewer_packet/temporal_stop_head/22_temporal_stop_head_model.pt,0.114,0.0,False,0.5,,,1.4488,False,,,True
normcmp_G_stopauth_20260708_153944,1308,23.333335,1783521594.275394,0.446637,0.500148,-0.0,3.141208,0.0,0.0,-0.000144,0.000452,camera_link,23.333335,gnm_closed_loop,,nominal,post-episode zero hold,True,ok,third_party/visualnav-transformer/model_weights/gnm/gnm.pth,14.84,0.3,-0.0009,0.9452,-0.0009,4.84,,,gnm_closed_loop,0.0,0.0,normalized_stop_ab_20260708,G,stop_authority_normalized_pred,normalized_pred_gate,,3,0.5,10.09,0.4797,True,hospital_fresh_medium_G,1.4466,True,,,0.0,0.0,False,zeroed_hold,False,,True,shadow,results/bo_reviewer_packet/temporal_stop_head/22_temporal_stop_head_model.pt,0.114,0.0,False,0.5,,,1.4488,False,,,True
normcmp_G_stopauth_20260708_153944,1309,23.350001,1783521594.277282,0.446637,0.500148,-0.0,3.141208,0.0,0.0,-0.000144,0.000452,camera_link,23.350001,gnm_closed_loop,,nominal,post-episode zero hold,True,ok,third_party/visualnav-transformer/model_weights/gnm/gnm.pth,14.84,0.3,-0.0009,0.9452,-0.0009,4.84,,,gnm_closed_loop,0.0,0.0,normalized_stop_ab_20260708,G,stop_authority_normalized_pred,normalized_pred_gate,,3,0.5,10.09,0.4797,True,hospital_fresh_medium_G,1.4466,True,,,0.0,0.0,False,zeroed_hold,False,,True,shadow,results/bo_reviewer_packet/temporal_stop_head/22_temporal_stop_head_model.pt,0.114,0.0,False,0.5,,,1.4488,False,,,True
normcmp_G_stopauth_20260708_153944,1310,23.366668,1783521594.278809,0.446637,0.500148,-0.0,3.141208,0.0,0.0,-0.000144,0.000452,camera_link,23.366668,gnm_closed_loop,,nominal,post-episode zero hold,True,ok,third_party/visualnav-transformer/model_weights/gnm/gnm.pth,14.84,0.3,-0.0009,0.9452,-0.0009,4.84,,,gnm_closed_loop,0.0,0.0,normalized_stop_ab_20260708,G,stop_authority_normalized_pred,normalized_pred_gate,,3,0.5,10.09,0.4797,True,hospital_fresh_medium_G,1.4466,True,,,0.0,0.0,False,zeroed_hold,False,,True,shadow,results/bo_reviewer_packet/temporal_stop_head/22_temporal_stop_head_model.pt,0.114,0.0,False,0.5,,,1.4488,False,,,True
normcmp_G_stopauth_20260708_153944,1311,23.383335,1783521594.291602,0.446637,0.500148,-0.0,3.141208,0.0,0.0,-0.000144,0.000452,camera_link,23.383335,gnm_closed_loop,,nominal,post-episode zero hold,True,ok,third_party/visualnav-transformer/model_weights/gnm/gnm.pth,14.84,0.3,-0.0009,0.9452,-0.0009,4.84,,,gnm_closed_loop,0.0,0.0,normalized_stop_ab_20260708,G,stop_authority_normalized_pred,normalized_pred_gate,,3,0.5,10.09,0.4797,True,hospital_fresh_medium_G,1.4466,True,,,0.0,0.0,False,zeroed_hold,False,,True,shadow,results/bo_reviewer_packet/temporal_stop_head/22_temporal_stop_head_model.pt,0.114,0.0,False,0.5,,,1.4488,False,,,True
normcmp_G_stopauth_20260708_153944,1312,23.400001,1783521594.294189,0.446637,0.500148,-0.0,3.141208,0.0,0.0,-0.000144,0.000452,camera_link,23.400001,gnm_closed_loop,,nominal,post-episode zero hold,True,ok,third_party/visualnav-transformer/model_weights/gnm/gnm.pth,14.84,0.3,-0.0009,0.9452,-0.0009,4.84,,,gnm_closed_loop,0.0,0.0,normalized_stop_ab_20260708,G,stop_authority_normalized_pred,normalized_pred_gate,,3,0.5,10.09,0.4797,True,hospital_fresh_medium_G,1.4466,True,,,0.0,0.0,False,zeroed_hold,False,,True,shadow,results/bo_reviewer_packet/temporal_stop_head/22_temporal_stop_head_model.pt,0.114,0.0,False,0.5,,,1.4488,False,,,True
normcmp_G_stopauth_20260708_153944,1313,23.416668,1783521594.296476,0.446637,0.500148,-0.0,3.141208,0.0,0.0,-0.000144,0.000452,camera_link,23.416668,gnm_closed_loop,,nominal,post-episode zero hold,True,ok,third_party/visualnav-transformer/model_weights/gnm/gnm.pth,14.84,0.3,-0.0009,0.9452,-0.0009,4.84,,,gnm_closed_loop,0.0,0.0,normalized_stop_ab_20260708,G,stop_authority_normalized_pred,normalized_pred_gate,,3,0.5,10.09,0.4797,True,hospital_fresh_medium_G,1.4466,True,,,0.0,0.0,False,zeroed_hold,False,,True,shadow,results/bo_reviewer_packet/temporal_stop_head/22_temporal_stop_head_model.pt,0.114,0.0,False,0.5,,,1.4488,False,,,True
normcmp_G_stopauth_20260708_153944,1314,23.433335,1783521594.310166,0.446637,0.500148,-0.0,3.141208,0.0,0.0,-0.000144,0.000452,camera_link,23.433335,gnm_closed_loop,,nominal,post-episode zero hold,True,ok,third_party/visualnav-transformer/model_weights/gnm/gnm.pth,14.84,0.3,-0.0009,0.9452,-0.0009,4.84,,,gnm_closed_loop,0.0,0.0,normalized_stop_ab_20260708,G,stop_authority_normalized_pred,normalized_pred_gate,,3,0.5,10.09,0.4797,True,hospital_fresh_medium_G,1.4466,True,,,0.0,0.0,False,zeroed_hold,False,,True,shadow,results/bo_reviewer_packet/temporal_stop_head/22_temporal_stop_head_model.pt,0.114,0.0,False,0.5,,,1.4488,False,,,True
normcmp_G_stopauth_20260708_153944,1315,23.450001,1783521594.311921,0.446637,0.500148,-0.0,3.141208,0.0,0.0,-0.000144,0.000452,camera_link,23.450001,gnm_closed_loop,,nominal,post-episode zero hold,True,ok,third_party/visualnav-transformer/model_weights/gnm/gnm.pth,14.84,0.3,-0.0009,0.9452,-0.0009,4.84,,,gnm_closed_loop,0.0,0.0,normalized_stop_ab_20260708,G,stop_authority_normalized_pred,normalized_pred_gate,,3,0.5,10.09,0.4797,True,hospital_fresh_medium_G,1.4466,True,,,0.0,0.0,False,zeroed_hold,False,,True,shadow,results/bo_reviewer_packet/temporal_stop_head/22_temporal_stop_head_model.pt,0.114,0.0,False,0.5,,,1.4488,False,,,True
normcmp_G_stopauth_20260708_153944,1316,23.466668,1783521594.313049,0.446637,0.500148,-0.0,3.141208,0.0,0.0,-0.000144,0.000452,camera_link,23.466668,gnm_closed_loop,,nominal,post-episode zero hold,True,ok,third_party/visualnav-transformer/model_weights/gnm/gnm.pth,14.84,0.3,-0.0009,0.9452,-0.0009,4.84,,,gnm_closed_loop,0.0,0.0,normalized_stop_ab_20260708,G,stop_authority_normalized_pred,normalized_pred_gate,,3,0.5,10.09,0.4797,True,hospital_fresh_medium_G,1.4466,True,,,0.0,0.0,False,zeroed_hold,False,,True,shadow,results/bo_reviewer_packet/temporal_stop_head/22_temporal_stop_head_model.pt,0.114,0.0,False,0.5,,,1.4488,False,,,True
normcmp_G_stopauth_20260708_153944,1317,23.483335,1783521594.319749,0.446637,0.500148,-0.0,3.141208,0.0,0.0,-0.000144,0.000452,camera_link,23.483335,gnm_closed_loop,,nominal,post-episode zero hold,True,ok,third_party/visualnav-transformer/model_weights/gnm/gnm.pth,14.84,0.3,-0.0009,0.9452,-0.0009,4.84,,,gnm_closed_loop,0.0,0.0,normalized_stop_ab_20260708,G,stop_authority_normalized_pred,normalized_pred_gate,,3,0.5,10.09,0.4797,True,hospital_fresh_medium_G,1.4466,True,,,0.0,0.0,False,zeroed_hold,False,,True,shadow,results/bo_reviewer_packet/temporal_stop_head/22_temporal_stop_head_model.pt,0.114,0.0,False,0.5,,,1.4488,False,,,True
normcmp_G_stopauth_20260708_153944,1318,23.500001,1783521594.320907,0.446637,0.500148,-0.0,3.141208,0.0,0.0,-0.000144,0.000452,camera_link,23.500001,gnm_closed_loop,,nominal,post-episode zero hold,True,ok,third_party/visualnav-transformer/model_weights/gnm/gnm.pth,14.84,0.3,-0.0009,0.9452,-0.0009,4.84,,,gnm_closed_loop,0.0,0.0,normalized_stop_ab_20260708,G,stop_authority_normalized_pred,normalized_pred_gate,,3,0.5,10.09,0.4797,True,hospital_fresh_medium_G,1.4466,True,,,0.0,0.0,False,zeroed_hold,False,,True,shadow,results/bo_reviewer_packet/temporal_stop_head/22_temporal_stop_head_model.pt,0.114,0.0,False,0.5,,,1.4488,False,,,True
normcmp_G_stopauth_20260708_153944,1319,23.516668,1783521594.322047,0.446637,0.500148,-0.0,3.141208,0.0,0.0,-0.000144,0.000452,camera_link,23.516668,gnm_closed_loop,,nominal,post-episode zero hold,True,ok,third_party/visualnav-transformer/model_weights/gnm/gnm.pth,14.84,0.3,-0.0009,0.9452,-0.0009,4.84,,,gnm_closed_loop,0.0,0.0,normalized_stop_ab_20260708,G,stop_authority_normalized_pred,normalized_pred_gate,,3,0.5,10.09,0.4797,True,hospital_fresh_medium_G,1.4466,True,,,0.0,0.0,False,zeroed_hold,False,,True,shadow,results/bo_reviewer_packet/temporal_stop_head/22_temporal_stop_head_model.pt,0.114,0.0,False,0.5,,,1.4488,False,,,True
