episode_id,step_idx,sim_time,wall_time,robot_position_x,robot_position_y,robot_position_z,robot_yaw,linear_velocity_cmd,angular_velocity_cmd,odom_linear_velocity,odom_angular_velocity,camera_frame_id,image_timestamp,policy_mode,stop_signal,safety_state,notes,shadow_gnm_enabled,shadow_gnm_status,shadow_gnm_model_path,shadow_gnm_latency_ms,shadow_gnm_candidate_linear_velocity,shadow_gnm_candidate_angular_velocity,shadow_gnm_candidate_waypoint_x,shadow_gnm_candidate_waypoint_y,shadow_gnm_goal_distance,shadow_gnm_confidence,shadow_gnm_error,actual_controller,actual_linear_velocity_cmd,actual_angular_velocity_cmd,collision_detected,collision_count_so_far,collision_body,experiment_id,pair_id,condition,stop_rule_name,stop_rule_threshold,stop_rule_k,stop_rule_ratio,initial_predicted_distance,normalized_predicted_distance,stop_triggered,goal_id,distance_to_goal_m,gnm_control_enabled,gnm_action_raw_linear_velocity,gnm_action_raw_angular_velocity,gnm_action_clipped_linear_velocity,gnm_action_clipped_angular_velocity,action_clipped,watchdog_state,emergency_stop_triggered,stop_reason
physeval_ema_F_20260708_172828,0,9.716667,1783528110.628484,2.500417,0.5,-0.0,-3.141585,0.2,0.1204,-0.000214,0.000183,camera_link,9.716667,gnm_closed_loop,,nominal,,True,ok,checkpoints/ablation_mnv2_ema0999/best.pt,5.02,0.2201,0.1204,0.055,0.0017,0.3318,,,gnm_closed_loop,0.2,0.1204,False,0,,isaac_physics_smoke_20260708,,mnv2_ema0999,,,,,,,False,hospital_fresh_short_F,2.0004,True,0.2201,0.1204,0.2,0.1204,True,armed,False,
physeval_ema_F_20260708_172828,1,9.733334,1783528110.631518,2.499064,0.5,0.0,3.14159,0.2,0.1204,-0.000214,0.000183,camera_link,9.733334,gnm_closed_loop,,nominal,,True,ok,checkpoints/ablation_mnv2_ema0999/best.pt,5.02,0.2201,0.1204,0.055,0.0017,0.3318,,,gnm_closed_loop,0.2,0.1204,False,0,,isaac_physics_smoke_20260708,,mnv2_ema0999,,,,,,,False,hospital_fresh_short_F,1.9991,True,0.2201,0.1204,0.2,0.1204,True,armed,False,
physeval_ema_F_20260708_172828,2,9.750001,1783528110.633739,2.496454,0.5,-0.0,-3.141589,0.2,0.1204,-0.000214,0.000183,camera_link,9.750001,gnm_closed_loop,,nominal,,True,ok,checkpoints/ablation_mnv2_ema0999/best.pt,5.02,0.2201,0.1204,0.055,0.0017,0.3318,,,gnm_closed_loop,0.2,0.1204,False,0,,isaac_physics_smoke_20260708,,mnv2_ema0999,,,,,,,False,hospital_fresh_short_F,1.9965,True,0.2201,0.1204,0.2,0.1204,True,armed,False,
physeval_ema_F_20260708_172828,3,9.766667,1783528110.649208,2.493241,0.500001,-0.0,-3.141583,0.2,0.1201,0.197847,-0.008948,camera_link,9.766667,gnm_closed_loop,,nominal,,True,ok,checkpoints/ablation_mnv2_ema0999/best.pt,4.22,0.2207,0.1201,0.0552,0.0017,0.3314,,,gnm_closed_loop,0.2,0.1201,False,0,,isaac_physics_smoke_20260708,,mnv2_ema0999,,,,,,,False,hospital_fresh_short_F,1.9932,True,0.2207,0.1201,0.2,0.1201,True,armed,False,
physeval_ema_F_20260708_172828,4,9.783334,1783528110.651822,2.489931,0.500001,-0.0,-3.141577,0.2,0.1201,0.197847,-0.008948,camera_link,9.783334,gnm_closed_loop,,nominal,,True,ok,checkpoints/ablation_mnv2_ema0999/best.pt,4.22,0.2207,0.1201,0.0552,0.0017,0.3314,,,gnm_closed_loop,0.2,0.1201,False,0,,isaac_physics_smoke_20260708,,mnv2_ema0999,,,,,,,False,hospital_fresh_short_F,1.9899,True,0.2207,0.1201,0.2,0.1201,True,armed,False,
physeval_ema_F_20260708_172828,5,9.800001,1783528110.654832,2.486608,0.500001,-0.0,-3.141572,0.2,0.1201,0.197847,-0.008948,camera_link,9.800001,gnm_closed_loop,,nominal,,True,ok,checkpoints/ablation_mnv2_ema0999/best.pt,4.22,0.2207,0.1201,0.0552,0.0017,0.3314,,,gnm_closed_loop,0.2,0.1201,False,0,,isaac_physics_smoke_20260708,,mnv2_ema0999,,,,,,,False,hospital_fresh_short_F,1.9866,True,0.2207,0.1201,0.2,0.1201,True,armed,False,
physeval_ema_F_20260708_172828,6,9.816667,1783528110.675182,2.483283,0.500001,-0.0,-3.141567,0.2,0.1194,0.199904,-0.007649,camera_link,9.816667,gnm_closed_loop,,nominal,,True,ok,checkpoints/ablation_mnv2_ema0999/best.pt,4.88,0.2216,0.1194,0.0554,0.0017,0.3299,,,gnm_closed_loop,0.2,0.1194,False,0,,isaac_physics_smoke_20260708,,mnv2_ema0999,,,,,,,False,hospital_fresh_short_F,1.9833,True,0.2216,0.1194,0.2,0.1194,True,armed,False,
physeval_ema_F_20260708_172828,7,9.833334,1783528110.678901,2.479958,0.500001,-0.0,-3.141561,0.2,0.1194,0.199904,-0.007649,camera_link,9.833334,gnm_closed_loop,,nominal,,True,ok,checkpoints/ablation_mnv2_ema0999/best.pt,4.88,0.2216,0.1194,0.0554,0.0017,0.3299,,,gnm_closed_loop,0.2,0.1194,False,0,,isaac_physics_smoke_20260708,,mnv2_ema0999,,,,,,,False,hospital_fresh_short_F,1.98,True,0.2216,0.1194,0.2,0.1194,True,armed,False,
physeval_ema_F_20260708_172828,8,9.850001,1783528110.680846,2.476632,0.500001,-0.0,-3.141557,0.2,0.1194,0.199904,-0.007649,camera_link,9.850001,gnm_closed_loop,,nominal,,True,ok,checkpoints/ablation_mnv2_ema0999/best.pt,4.88,0.2216,0.1194,0.0554,0.0017,0.3299,,,gnm_closed_loop,0.2,0.1194,False,0,,isaac_physics_smoke_20260708,,mnv2_ema0999,,,,,,,False,hospital_fresh_short_F,1.9766,True,0.2216,0.1194,0.2,0.1194,True,armed,False,
physeval_ema_F_20260708_172828,9,9.866667,1783528110.698395,2.473307,0.500002,-0.0,-3.141551,0.2,0.1039,0.199928,-0.006524,camera_link,9.866667,gnm_closed_loop,,nominal,,True,ok,checkpoints/ablation_mnv2_ema0999/best.pt,4.59,0.2375,0.1039,0.0594,0.0015,0.3262,,,gnm_closed_loop,0.2,0.1039,False,0,,isaac_physics_smoke_20260708,,mnv2_ema0999,,,,,,,False,hospital_fresh_short_F,1.9733,True,0.2375,0.1039,0.2,0.1039,True,armed,False,
physeval_ema_F_20260708_172828,10,9.883334,1783528110.700947,2.469983,0.500002,-0.0,-3.141548,0.2,0.1039,0.199928,-0.006524,camera_link,9.883334,gnm_closed_loop,,nominal,,True,ok,checkpoints/ablation_mnv2_ema0999/best.pt,4.59,0.2375,0.1039,0.0594,0.0015,0.3262,,,gnm_closed_loop,0.2,0.1039,False,0,,isaac_physics_smoke_20260708,,mnv2_ema0999,,,,,,,False,hospital_fresh_short_F,1.97,True,0.2375,0.1039,0.2,0.1039,True,armed,False,
physeval_ema_F_20260708_172828,11,9.900001,1783528110.702883,2.466658,0.500002,-0.0,-3.141543,0.2,0.1039,0.199928,-0.006524,camera_link,9.900001,gnm_closed_loop,,nominal,,True,ok,checkpoints/ablation_mnv2_ema0999/best.pt,4.59,0.2375,0.1039,0.0594,0.0015,0.3262,,,gnm_closed_loop,0.2,0.1039,False,0,,isaac_physics_smoke_20260708,,mnv2_ema0999,,,,,,,False,hospital_fresh_short_F,1.9667,True,0.2375,0.1039,0.2,0.1039,True,armed,False,
physeval_ema_F_20260708_172828,12,9.916667,1783528110.718384,2.463333,0.500002,-0.0,-3.141539,0.2,0.0832,0.199911,-0.006196,camera_link,9.916667,gnm_closed_loop,,nominal,,True,ok,checkpoints/ablation_mnv2_ema0999/best.pt,4.29,0.2622,0.0832,0.0655,0.0014,0.3217,,,gnm_closed_loop,0.2,0.0832,False,0,,isaac_physics_smoke_20260708,,mnv2_ema0999,,,,,,,False,hospital_fresh_short_F,1.9633,True,0.2622,0.0832,0.2,0.0832,True,armed,False,
physeval_ema_F_20260708_172828,13,9.933334,1783528110.721244,2.460008,0.500002,-0.0,-3.141536,0.2,0.0832,0.199911,-0.006196,camera_link,9.933334,gnm_closed_loop,,nominal,,True,ok,checkpoints/ablation_mnv2_ema0999/best.pt,4.29,0.2622,0.0832,0.0655,0.0014,0.3217,,,gnm_closed_loop,0.2,0.0832,False,0,,isaac_physics_smoke_20260708,,mnv2_ema0999,,,,,,,False,hospital_fresh_short_F,1.96,True,0.2622,0.0832,0.2,0.0832,True,armed,False,
physeval_ema_F_20260708_172828,14,9.950001,1783528110.723094,2.456684,0.500002,-0.0,-3.141533,0.2,0.0832,0.199911,-0.006196,camera_link,9.950001,gnm_closed_loop,,nominal,,True,ok,checkpoints/ablation_mnv2_ema0999/best.pt,4.29,0.2622,0.0832,0.0655,0.0014,0.3217,,,gnm_closed_loop,0.2,0.0832,False,0,,isaac_physics_smoke_20260708,,mnv2_ema0999,,,,,,,False,hospital_fresh_short_F,1.9567,True,0.2622,0.0832,0.2,0.0832,True,armed,False,
physeval_ema_F_20260708_172828,15,9.966667,1783528110.741975,2.453359,0.500002,-0.0,-3.141529,0.2,0.0667,0.19987,-0.00518,camera_link,9.966667,gnm_closed_loop,,nominal,,True,ok,checkpoints/ablation_mnv2_ema0999/best.pt,5.0,0.2845,0.0667,0.0711,0.0012,0.3227,,,gnm_closed_loop,0.2,0.0667,False,0,,isaac_physics_smoke_20260708,,mnv2_ema0999,,,,,,,False,hospital_fresh_short_F,1.9534,True,0.2845,0.0667,0.2,0.0667,True,armed,False,
physeval_ema_F_20260708_172828,16,9.983334,1783528110.744423,2.450034,0.500002,-0.0,-3.141527,0.2,0.0667,0.19987,-0.00518,camera_link,9.983334,gnm_closed_loop,,nominal,,True,ok,checkpoints/ablation_mnv2_ema0999/best.pt,5.0,0.2845,0.0667,0.0711,0.0012,0.3227,,,gnm_closed_loop,0.2,0.0667,False,0,,isaac_physics_smoke_20260708,,mnv2_ema0999,,,,,,,False,hospital_fresh_short_F,1.95,True,0.2845,0.0667,0.2,0.0667,True,armed,False,
physeval_ema_F_20260708_172828,17,10.000001,1783528110.746927,2.44671,0.500002,-0.0,-3.141524,0.2,0.0667,0.19987,-0.00518,camera_link,10.000001,gnm_closed_loop,,nominal,,True,ok,checkpoints/ablation_mnv2_ema0999/best.pt,5.0,0.2845,0.0667,0.0711,0.0012,0.3227,,,gnm_closed_loop,0.2,0.0667,False,0,,isaac_physics_smoke_20260708,,mnv2_ema0999,,,,,,,False,hospital_fresh_short_F,1.9467,True,0.2845,0.0667,0.2,0.0667,True,armed,False,
physeval_ema_F_20260708_172828,18,10.016667,1783528110.766087,2.443385,0.500002,-0.0,-3.141521,0.2,0.0635,0.199875,-0.003857,camera_link,10.016667,gnm_closed_loop,,nominal,,True,ok,checkpoints/ablation_mnv2_ema0999/best.pt,5.68,0.3161,0.0635,0.079,0.0013,0.318,,,gnm_closed_loop,0.2,0.0635,False,0,,isaac_physics_smoke_20260708,,mnv2_ema0999,,,,,,,False,hospital_fresh_short_F,1.9434,True,0.3161,0.0635,0.2,0.0635,True,armed,False,
physeval_ema_F_20260708_172828,19,10.033334,1783528110.768836,2.44006,0.500002,-0.0,-3.141519,0.2,0.0635,0.199875,-0.003857,camera_link,10.033334,gnm_closed_loop,,nominal,,True,ok,checkpoints/ablation_mnv2_ema0999/best.pt,5.68,0.3161,0.0635,0.079,0.0013,0.318,,,gnm_closed_loop,0.2,0.0635,False,0,,isaac_physics_smoke_20260708,,mnv2_ema0999,,,,,,,False,hospital_fresh_short_F,1.9401,True,0.3161,0.0635,0.2,0.0635,True,armed,False,
physeval_ema_F_20260708_172828,20,10.050001,1783528110.933947,2.436736,0.500002,-0.0,-3.141517,0.2,0.0635,0.199875,-0.003857,camera_link,10.050001,gnm_closed_loop,,nominal,,True,ok,checkpoints/ablation_mnv2_ema0999/best.pt,5.68,0.3161,0.0635,0.079,0.0013,0.318,,,gnm_closed_loop,0.2,0.0635,False,0,,isaac_physics_smoke_20260708,,mnv2_ema0999,,,,,,,False,hospital_fresh_short_F,1.9367,True,0.3161,0.0635,0.2,0.0635,True,armed,False,
physeval_ema_F_20260708_172828,21,10.066667,1783528110.972916,2.433411,0.500002,-0.0,-3.141514,0.2,0.0651,0.199823,-0.003778,camera_link,10.066667,gnm_closed_loop,,nominal,,True,ok,checkpoints/ablation_mnv2_ema0999/best.pt,4.66,0.3602,0.0651,0.0901,0.0015,0.3097,,,gnm_closed_loop,0.2,0.0651,False,0,,isaac_physics_smoke_20260708,,mnv2_ema0999,,,,,,,False,hospital_fresh_short_F,1.9334,True,0.3602,0.0651,0.2,0.0651,True,armed,False,
physeval_ema_F_20260708_172828,22,10.083334,1783528110.975381,2.430086,0.500002,-0.0,-3.141512,0.2,0.0651,0.199823,-0.003778,camera_link,10.083334,gnm_closed_loop,,nominal,,True,ok,checkpoints/ablation_mnv2_ema0999/best.pt,4.66,0.3602,0.0651,0.0901,0.0015,0.3097,,,gnm_closed_loop,0.2,0.0651,False,0,,isaac_physics_smoke_20260708,,mnv2_ema0999,,,,,,,False,hospital_fresh_short_F,1.9301,True,0.3602,0.0651,0.2,0.0651,True,armed,False,
physeval_ema_F_20260708_172828,23,10.100001,1783528110.978648,2.426761,0.500002,-0.0,-3.141509,0.2,0.0651,0.199823,-0.003778,camera_link,10.100001,gnm_closed_loop,,nominal,,True,ok,checkpoints/ablation_mnv2_ema0999/best.pt,4.66,0.3602,0.0651,0.0901,0.0015,0.3097,,,gnm_closed_loop,0.2,0.0651,False,0,,isaac_physics_smoke_20260708,,mnv2_ema0999,,,,,,,False,hospital_fresh_short_F,1.9268,True,0.3602,0.0651,0.2,0.0651,True,armed,False,
physeval_ema_F_20260708_172828,24,10.116667,1783528110.999666,2.423436,0.500002,-0.0,-3.141507,0.2,0.0708,0.199837,-0.003575,camera_link,10.116667,gnm_closed_loop,,nominal,,True,ok,checkpoints/ablation_mnv2_ema0999/best.pt,5.51,0.3583,0.0708,0.0896,0.0016,0.3131,,,gnm_closed_loop,0.2,0.0708,False,0,,isaac_physics_smoke_20260708,,mnv2_ema0999,,,,,,,False,hospital_fresh_short_F,1.9234,True,0.3583,0.0708,0.2,0.0708,True,armed,False,
physeval_ema_F_20260708_172828,25,10.133334,1783528111.002396,2.420111,0.500002,-0.0,-3.141504,0.2,0.0708,0.199837,-0.003575,camera_link,10.133334,gnm_closed_loop,,nominal,,True,ok,checkpoints/ablation_mnv2_ema0999/best.pt,5.51,0.3583,0.0708,0.0896,0.0016,0.3131,,,gnm_closed_loop,0.2,0.0708,False,0,,isaac_physics_smoke_20260708,,mnv2_ema0999,,,,,,,False,hospital_fresh_short_F,1.9201,True,0.3583,0.0708,0.2,0.0708,True,armed,False,
physeval_ema_F_20260708_172828,26,10.150001,1783528111.004497,2.416786,0.500001,-0.0,-3.141502,0.2,0.0708,0.199837,-0.003575,camera_link,10.150001,gnm_closed_loop,,nominal,,True,ok,checkpoints/ablation_mnv2_ema0999/best.pt,5.51,0.3583,0.0708,0.0896,0.0016,0.3131,,,gnm_closed_loop,0.2,0.0708,False,0,,isaac_physics_smoke_20260708,,mnv2_ema0999,,,,,,,False,hospital_fresh_short_F,1.9168,True,0.3583,0.0708,0.2,0.0708,True,armed,False,
physeval_ema_F_20260708_172828,27,10.166667,1783528111.022271,2.413462,0.500001,-0.0,-3.141499,0.2,0.0725,0.199888,-0.004553,camera_link,10.166667,gnm_closed_loop,,nominal,,True,ok,checkpoints/ablation_mnv2_ema0999/best.pt,4.0,0.3568,0.0725,0.0892,0.0016,0.3242,,,gnm_closed_loop,0.2,0.0725,False,0,,isaac_physics_smoke_20260708,,mnv2_ema0999,,,,,,,False,hospital_fresh_short_F,1.9135,True,0.3568,0.0725,0.2,0.0725,True,armed,False,
physeval_ema_F_20260708_172828,28,10.183334,1783528111.024676,2.410137,0.500001,-0.0,-3.141496,0.2,0.0725,0.199888,-0.004553,camera_link,10.183334,gnm_closed_loop,,nominal,,True,ok,checkpoints/ablation_mnv2_ema0999/best.pt,4.0,0.3568,0.0725,0.0892,0.0016,0.3242,,,gnm_closed_loop,0.2,0.0725,False,0,,isaac_physics_smoke_20260708,,mnv2_ema0999,,,,,,,False,hospital_fresh_short_F,1.9101,True,0.3568,0.0725,0.2,0.0725,True,armed,False,
physeval_ema_F_20260708_172828,29,10.200001,1783528111.026577,2.406812,0.500001,-0.0,-3.141494,0.2,0.0725,0.199888,-0.004553,camera_link,10.200001,gnm_closed_loop,,nominal,,True,ok,checkpoints/ablation_mnv2_ema0999/best.pt,4.0,0.3568,0.0725,0.0892,0.0016,0.3242,,,gnm_closed_loop,0.2,0.0725,False,0,,isaac_physics_smoke_20260708,,mnv2_ema0999,,,,,,,False,hospital_fresh_short_F,1.9068,True,0.3568,0.0725,0.2,0.0725,True,armed,False,
physeval_ema_F_20260708_172828,30,10.216667,1783528111.045145,2.403487,0.5,-0.0,-3.141491,0.2,0.07,0.19984,-0.003857,camera_link,10.216667,gnm_closed_loop,,nominal,,True,ok,checkpoints/ablation_mnv2_ema0999/best.pt,5.12,0.3699,0.07,0.0925,0.0016,0.3252,,,gnm_closed_loop,0.2,0.07,False,0,,isaac_physics_smoke_20260708,,mnv2_ema0999,,,,,,,False,hospital_fresh_short_F,1.9035,True,0.3699,0.07,0.2,0.07,True,armed,False,
physeval_ema_F_20260708_172828,31,10.233334,1783528111.047446,2.400162,0.5,-0.0,-3.141488,0.2,0.07,0.19984,-0.003857,camera_link,10.233334,gnm_closed_loop,,nominal,,True,ok,checkpoints/ablation_mnv2_ema0999/best.pt,5.12,0.3699,0.07,0.0925,0.0016,0.3252,,,gnm_closed_loop,0.2,0.07,False,0,,isaac_physics_smoke_20260708,,mnv2_ema0999,,,,,,,False,hospital_fresh_short_F,1.9002,True,0.3699,0.07,0.2,0.07,True,armed,False,
physeval_ema_F_20260708_172828,32,10.250001,1783528111.049369,2.396838,0.5,-0.0,-3.141486,0.2,0.07,0.19984,-0.003857,camera_link,10.250001,gnm_closed_loop,,nominal,,True,ok,checkpoints/ablation_mnv2_ema0999/best.pt,5.12,0.3699,0.07,0.0925,0.0016,0.3252,,,gnm_closed_loop,0.2,0.07,False,0,,isaac_physics_smoke_20260708,,mnv2_ema0999,,,,,,,False,hospital_fresh_short_F,1.8968,True,0.3699,0.07,0.2,0.07,True,armed,False,
physeval_ema_F_20260708_172828,33,10.266667,1783528111.069834,2.393513,0.5,-0.0,-3.141483,0.2,0.0673,0.199888,-0.004296,camera_link,10.266667,gnm_closed_loop,,nominal,,True,ok,checkpoints/ablation_mnv2_ema0999/best.pt,5.94,0.3838,0.0673,0.096,0.0016,0.3115,,,gnm_closed_loop,0.2,0.0673,False,0,,isaac_physics_smoke_20260708,,mnv2_ema0999,,,,,,,False,hospital_fresh_short_F,1.8935,True,0.3838,0.0673,0.2,0.0673,True,armed,False,
physeval_ema_F_20260708_172828,34,10.283334,1783528111.072258,2.390188,0.499999,-0.0,-3.14148,0.2,0.0673,0.199888,-0.004296,camera_link,10.283334,gnm_closed_loop,,nominal,,True,ok,checkpoints/ablation_mnv2_ema0999/best.pt,5.94,0.3838,0.0673,0.096,0.0016,0.3115,,,gnm_closed_loop,0.2,0.0673,False,0,,isaac_physics_smoke_20260708,,mnv2_ema0999,,,,,,,False,hospital_fresh_short_F,1.8902,True,0.3838,0.0673,0.2,0.0673,True,armed,False,
physeval_ema_F_20260708_172828,35,10.300001,1783528111.074178,2.386864,0.499999,-0.0,-3.141477,0.2,0.0673,0.199888,-0.004296,camera_link,10.300001,gnm_closed_loop,,nominal,,True,ok,checkpoints/ablation_mnv2_ema0999/best.pt,5.94,0.3838,0.0673,0.096,0.0016,0.3115,,,gnm_closed_loop,0.2,0.0673,False,0,,isaac_physics_smoke_20260708,,mnv2_ema0999,,,,,,,False,hospital_fresh_short_F,1.8869,True,0.3838,0.0673,0.2,0.0673,True,armed,False,
physeval_ema_F_20260708_172828,36,10.316667,1783528111.096309,2.38354,0.499999,-0.0,-3.141475,0.2,0.0663,0.199869,-0.003907,camera_link,10.316667,gnm_closed_loop,,nominal,,True,ok,checkpoints/ablation_mnv2_ema0999/best.pt,4.28,0.4013,0.0663,0.1003,0.0017,0.3023,,,gnm_closed_loop,0.2,0.0663,False,0,,isaac_physics_smoke_20260708,,mnv2_ema0999,,,,,,,False,hospital_fresh_short_F,1.8835,True,0.4013,0.0663,0.2,0.0663,True,armed,False,
physeval_ema_F_20260708_172828,37,10.333334,1783528111.098776,2.380215,0.499999,-0.0,-3.141472,0.2,0.0663,0.199869,-0.003907,camera_link,10.333334,gnm_closed_loop,,nominal,,True,ok,checkpoints/ablation_mnv2_ema0999/best.pt,4.28,0.4013,0.0663,0.1003,0.0017,0.3023,,,gnm_closed_loop,0.2,0.0663,False,0,,isaac_physics_smoke_20260708,,mnv2_ema0999,,,,,,,False,hospital_fresh_short_F,1.8802,True,0.4013,0.0663,0.2,0.0663,True,armed,False,
physeval_ema_F_20260708_172828,38,10.350001,1783528111.101922,2.376891,0.499998,-0.0,-3.14147,0.2,0.0663,0.199869,-0.003907,camera_link,10.350001,gnm_closed_loop,,nominal,,True,ok,checkpoints/ablation_mnv2_ema0999/best.pt,4.28,0.4013,0.0663,0.1003,0.0017,0.3023,,,gnm_closed_loop,0.2,0.0663,False,0,,isaac_physics_smoke_20260708,,mnv2_ema0999,,,,,,,False,hospital_fresh_short_F,1.8769,True,0.4013,0.0663,0.2,0.0663,True,armed,False,
physeval_ema_F_20260708_172828,39,10.366667,1783528111.12358,2.373566,0.499998,-0.0,-3.141468,0.2,0.061,0.199887,-0.003371,camera_link,10.366667,gnm_closed_loop,,nominal,,True,ok,checkpoints/ablation_mnv2_ema0999/best.pt,5.13,0.3903,0.061,0.0976,0.0015,0.2879,,,gnm_closed_loop,0.2,0.061,False,0,,isaac_physics_smoke_20260708,,mnv2_ema0999,,,,,,,False,hospital_fresh_short_F,1.8736,True,0.3903,0.061,0.2,0.061,True,armed,False,
physeval_ema_F_20260708_172828,40,10.383334,1783528111.12582,2.370241,0.499998,-0.0,-3.141466,0.2,0.061,0.199887,-0.003371,camera_link,10.383334,gnm_closed_loop,,nominal,,True,ok,checkpoints/ablation_mnv2_ema0999/best.pt,5.13,0.3903,0.061,0.0976,0.0015,0.2879,,,gnm_closed_loop,0.2,0.061,False,0,,isaac_physics_smoke_20260708,,mnv2_ema0999,,,,,,,False,hospital_fresh_short_F,1.8702,True,0.3903,0.061,0.2,0.061,True,armed,False,
physeval_ema_F_20260708_172828,41,10.400001,1783528111.127733,2.366916,0.499997,-0.0,-3.141464,0.2,0.061,0.199887,-0.003371,camera_link,10.400001,gnm_closed_loop,,nominal,,True,ok,checkpoints/ablation_mnv2_ema0999/best.pt,5.13,0.3903,0.061,0.0976,0.0015,0.2879,,,gnm_closed_loop,0.2,0.061,False,0,,isaac_physics_smoke_20260708,,mnv2_ema0999,,,,,,,False,hospital_fresh_short_F,1.8669,True,0.3903,0.061,0.2,0.061,True,armed,False,
physeval_ema_F_20260708_172828,42,10.416667,1783528111.144742,2.363592,0.499997,-0.0,-3.141462,0.2,0.06,0.199871,-0.003379,camera_link,10.416667,gnm_closed_loop,,nominal,,True,ok,checkpoints/ablation_mnv2_ema0999/best.pt,5.02,0.3805,0.06,0.0951,0.0014,0.2776,,,gnm_closed_loop,0.2,0.06,False,0,,isaac_physics_smoke_20260708,,mnv2_ema0999,,,,,,,False,hospital_fresh_short_F,1.8636,True,0.3805,0.06,0.2,0.06,True,armed,False,
physeval_ema_F_20260708_172828,43,10.433334,1783528111.148605,2.360267,0.499997,-0.0,-3.14146,0.2,0.06,0.199871,-0.003379,camera_link,10.433334,gnm_closed_loop,,nominal,,True,ok,checkpoints/ablation_mnv2_ema0999/best.pt,5.02,0.3805,0.06,0.0951,0.0014,0.2776,,,gnm_closed_loop,0.2,0.06,False,0,,isaac_physics_smoke_20260708,,mnv2_ema0999,,,,,,,False,hospital_fresh_short_F,1.8603,True,0.3805,0.06,0.2,0.06,True,armed,False,
physeval_ema_F_20260708_172828,44,10.450001,1783528111.152308,2.356942,0.499996,-0.0,-3.141457,0.2,0.06,0.199871,-0.003379,camera_link,10.450001,gnm_closed_loop,,nominal,,True,ok,checkpoints/ablation_mnv2_ema0999/best.pt,5.02,0.3805,0.06,0.0951,0.0014,0.2776,,,gnm_closed_loop,0.2,0.06,False,0,,isaac_physics_smoke_20260708,,mnv2_ema0999,,,,,,,False,hospital_fresh_short_F,1.8569,True,0.3805,0.06,0.2,0.06,True,armed,False,
physeval_ema_F_20260708_172828,45,10.466667,1783528111.17205,2.353617,0.499996,-0.0,-3.141455,0.2,0.0572,0.199844,-0.003742,camera_link,10.466667,gnm_closed_loop,,nominal,,True,ok,checkpoints/ablation_mnv2_ema0999/best.pt,4.93,0.4105,0.0572,0.1026,0.0015,0.2746,,,gnm_closed_loop,0.2,0.0572,False,0,,isaac_physics_smoke_20260708,,mnv2_ema0999,,,,,,,False,hospital_fresh_short_F,1.8536,True,0.4105,0.0572,0.2,0.0572,True,armed,False,
physeval_ema_F_20260708_172828,46,10.483334,1783528111.174796,2.350293,0.499996,-0.0,-3.141453,0.2,0.0572,0.199844,-0.003742,camera_link,10.483334,gnm_closed_loop,,nominal,,True,ok,checkpoints/ablation_mnv2_ema0999/best.pt,4.93,0.4105,0.0572,0.1026,0.0015,0.2746,,,gnm_closed_loop,0.2,0.0572,False,0,,isaac_physics_smoke_20260708,,mnv2_ema0999,,,,,,,False,hospital_fresh_short_F,1.8503,True,0.4105,0.0572,0.2,0.0572,True,armed,False,
physeval_ema_F_20260708_172828,47,10.500001,1783528111.368585,2.346968,0.499995,-0.0,-3.141451,0.2,0.0572,0.199844,-0.003742,camera_link,10.500001,gnm_closed_loop,,nominal,,True,ok,checkpoints/ablation_mnv2_ema0999/best.pt,4.93,0.4105,0.0572,0.1026,0.0015,0.2746,,,gnm_closed_loop,0.2,0.0572,False,0,,isaac_physics_smoke_20260708,,mnv2_ema0999,,,,,,,False,hospital_fresh_short_F,1.847,True,0.4105,0.0572,0.2,0.0572,True,armed,False,
physeval_ema_F_20260708_172828,48,10.516667,1783528111.387355,2.343643,0.499995,-0.0,-3.141449,0.2,0.0566,0.199858,-0.003388,camera_link,10.516667,gnm_closed_loop,,nominal,,True,ok,checkpoints/ablation_mnv2_ema0999/best.pt,4.63,0.4249,0.0566,0.1062,0.0015,0.2714,,,gnm_closed_loop,0.2,0.0566,False,0,,isaac_physics_smoke_20260708,,mnv2_ema0999,,,,,,,False,hospital_fresh_short_F,1.8436,True,0.4249,0.0566,0.2,0.0566,True,armed,False,
physeval_ema_F_20260708_172828,49,10.533334,1783528111.390141,2.340319,0.499994,-0.0,-3.141447,0.2,0.0566,0.199858,-0.003388,camera_link,10.533334,gnm_closed_loop,,nominal,,True,ok,checkpoints/ablation_mnv2_ema0999/best.pt,4.63,0.4249,0.0566,0.1062,0.0015,0.2714,,,gnm_closed_loop,0.2,0.0566,False,0,,isaac_physics_smoke_20260708,,mnv2_ema0999,,,,,,,False,hospital_fresh_short_F,1.8403,True,0.4249,0.0566,0.2,0.0566,True,armed,False,
physeval_ema_F_20260708_172828,50,10.550001,1783528111.392865,2.336994,0.499994,-0.0,-3.141445,0.2,0.0566,0.199858,-0.003388,camera_link,10.550001,gnm_closed_loop,,nominal,,True,ok,checkpoints/ablation_mnv2_ema0999/best.pt,4.63,0.4249,0.0566,0.1062,0.0015,0.2714,,,gnm_closed_loop,0.2,0.0566,False,0,,isaac_physics_smoke_20260708,,mnv2_ema0999,,,,,,,False,hospital_fresh_short_F,1.837,True,0.4249,0.0566,0.2,0.0566,True,armed,False,
physeval_ema_F_20260708_172828,51,10.566667,1783528111.414145,2.333669,0.499994,-0.0,-3.141443,0.2,0.0495,0.199849,-0.00298,camera_link,10.566667,gnm_closed_loop,,nominal,,True,ok,checkpoints/ablation_mnv2_ema0999/best.pt,6.18,0.4433,0.0495,0.1108,0.0014,0.2746,,,gnm_closed_loop,0.2,0.0495,False,0,,isaac_physics_smoke_20260708,,mnv2_ema0999,,,,,,,False,hospital_fresh_short_F,1.8337,True,0.4433,0.0495,0.2,0.0495,True,armed,False,
physeval_ema_F_20260708_172828,52,10.583334,1783528111.419512,2.330345,0.499993,-0.0,-3.141441,0.2,0.0495,0.199849,-0.00298,camera_link,10.583334,gnm_closed_loop,,nominal,,True,ok,checkpoints/ablation_mnv2_ema0999/best.pt,6.18,0.4433,0.0495,0.1108,0.0014,0.2746,,,gnm_closed_loop,0.2,0.0495,False,0,,isaac_physics_smoke_20260708,,mnv2_ema0999,,,,,,,False,hospital_fresh_short_F,1.8303,True,0.4433,0.0495,0.2,0.0495,True,armed,False,
physeval_ema_F_20260708_172828,53,10.600001,1783528111.421784,2.32702,0.499993,-0.0,-3.141439,0.2,0.0495,0.199849,-0.00298,camera_link,10.600001,gnm_closed_loop,,nominal,,True,ok,checkpoints/ablation_mnv2_ema0999/best.pt,6.18,0.4433,0.0495,0.1108,0.0014,0.2746,,,gnm_closed_loop,0.2,0.0495,False,0,,isaac_physics_smoke_20260708,,mnv2_ema0999,,,,,,,False,hospital_fresh_short_F,1.827,True,0.4433,0.0495,0.2,0.0495,True,armed,False,
physeval_ema_F_20260708_172828,54,10.616667,1783528111.439041,2.323695,0.499992,-0.0,-3.141437,0.2,0.0517,0.199867,-0.003153,camera_link,10.616667,gnm_closed_loop,,nominal,,True,ok,checkpoints/ablation_mnv2_ema0999/best.pt,4.08,0.4379,0.0517,0.1095,0.0014,0.2783,,,gnm_closed_loop,0.2,0.0517,False,0,,isaac_physics_smoke_20260708,,mnv2_ema0999,,,,,,,False,hospital_fresh_short_F,1.8237,True,0.4379,0.0517,0.2,0.0517,True,armed,False,
physeval_ema_F_20260708_172828,55,10.633334,1783528111.441717,2.32037,0.499992,-0.0,-3.141435,0.2,0.0517,0.199867,-0.003153,camera_link,10.633334,gnm_closed_loop,,nominal,,True,ok,checkpoints/ablation_mnv2_ema0999/best.pt,4.08,0.4379,0.0517,0.1095,0.0014,0.2783,,,gnm_closed_loop,0.2,0.0517,False,0,,isaac_physics_smoke_20260708,,mnv2_ema0999,,,,,,,False,hospital_fresh_short_F,1.8204,True,0.4379,0.0517,0.2,0.0517,True,armed,False,
physeval_ema_F_20260708_172828,56,10.650001,1783528111.443729,2.317046,0.499992,-0.0,-3.141434,0.2,0.0517,0.199867,-0.003153,camera_link,10.650001,gnm_closed_loop,,nominal,,True,ok,checkpoints/ablation_mnv2_ema0999/best.pt,4.08,0.4379,0.0517,0.1095,0.0014,0.2783,,,gnm_closed_loop,0.2,0.0517,False,0,,isaac_physics_smoke_20260708,,mnv2_ema0999,,,,,,,False,hospital_fresh_short_F,1.817,True,0.4379,0.0517,0.2,0.0517,True,armed,False,
physeval_ema_F_20260708_172828,57,10.666667,1783528111.462965,2.313721,0.499991,-0.0,-3.141432,0.2,0.0585,0.199874,-0.002757,camera_link,10.666667,gnm_closed_loop,,nominal,,True,ok,checkpoints/ablation_mnv2_ema0999/best.pt,5.77,0.3992,0.0585,0.0998,0.0015,0.2817,,,gnm_closed_loop,0.2,0.0585,False,0,,isaac_physics_smoke_20260708,,mnv2_ema0999,,,,,,,False,hospital_fresh_short_F,1.8137,True,0.3992,0.0585,0.2,0.0585,True,armed,False,
physeval_ema_F_20260708_172828,58,10.683334,1783528111.465713,2.310396,0.499991,-0.0,-3.141429,0.2,0.0585,0.199874,-0.002757,camera_link,10.683334,gnm_closed_loop,,nominal,,True,ok,checkpoints/ablation_mnv2_ema0999/best.pt,5.77,0.3992,0.0585,0.0998,0.0015,0.2817,,,gnm_closed_loop,0.2,0.0585,False,0,,isaac_physics_smoke_20260708,,mnv2_ema0999,,,,,,,False,hospital_fresh_short_F,1.8104,True,0.3992,0.0585,0.2,0.0585,True,armed,False,
physeval_ema_F_20260708_172828,59,10.700001,1783528111.467867,2.307071,0.49999,-0.0,-3.141427,0.2,0.0585,0.199874,-0.002757,camera_link,10.700001,gnm_closed_loop,,nominal,,True,ok,checkpoints/ablation_mnv2_ema0999/best.pt,5.77,0.3992,0.0585,0.0998,0.0015,0.2817,,,gnm_closed_loop,0.2,0.0585,False,0,,isaac_physics_smoke_20260708,,mnv2_ema0999,,,,,,,False,hospital_fresh_short_F,1.8071,True,0.3992,0.0585,0.2,0.0585,True,armed,False,
physeval_ema_F_20260708_172828,60,10.716667,1783528111.485273,2.303746,0.49999,-0.0,-3.141425,0.2,0.0623,0.19987,-0.00314,camera_link,10.716667,gnm_closed_loop,,nominal,,True,ok,checkpoints/ablation_mnv2_ema0999/best.pt,5.58,0.384,0.0623,0.096,0.0015,0.2852,,,gnm_closed_loop,0.2,0.0623,False,0,,isaac_physics_smoke_20260708,,mnv2_ema0999,,,,,,,False,hospital_fresh_short_F,1.8037,True,0.384,0.0623,0.2,0.0623,True,armed,False,
physeval_ema_F_20260708_172828,61,10.733334,1783528111.488556,2.300422,0.499989,-0.0,-3.141423,0.2,0.0623,0.19987,-0.00314,camera_link,10.733334,gnm_closed_loop,,nominal,,True,ok,checkpoints/ablation_mnv2_ema0999/best.pt,5.58,0.384,0.0623,0.096,0.0015,0.2852,,,gnm_closed_loop,0.2,0.0623,False,0,,isaac_physics_smoke_20260708,,mnv2_ema0999,,,,,,,False,hospital_fresh_short_F,1.8004,True,0.384,0.0623,0.2,0.0623,True,armed,False,
physeval_ema_F_20260708_172828,62,10.750001,1783528111.490714,2.297097,0.499989,-0.0,-3.141421,0.2,0.0623,0.19987,-0.00314,camera_link,10.750001,gnm_closed_loop,,nominal,,True,ok,checkpoints/ablation_mnv2_ema0999/best.pt,5.58,0.384,0.0623,0.096,0.0015,0.2852,,,gnm_closed_loop,0.2,0.0623,False,0,,isaac_physics_smoke_20260708,,mnv2_ema0999,,,,,,,False,hospital_fresh_short_F,1.7971,True,0.384,0.0623,0.2,0.0623,True,armed,False,
physeval_ema_F_20260708_172828,63,10.766667,1783528111.513946,2.293772,0.499988,-0.0,-3.141418,0.2,0.0585,0.199845,-0.003371,camera_link,10.766667,gnm_closed_loop,,nominal,,True,ok,checkpoints/ablation_mnv2_ema0999/best.pt,9.34,0.3729,0.0585,0.0932,0.0014,0.2887,,,gnm_closed_loop,0.2,0.0585,False,0,,isaac_physics_smoke_20260708,,mnv2_ema0999,,,,,,,False,hospital_fresh_short_F,1.7938,True,0.3729,0.0585,0.2,0.0585,True,armed,False,
physeval_ema_F_20260708_172828,64,10.783334,1783528111.517842,2.290448,0.499988,-0.0,-3.141416,0.2,0.0585,0.199845,-0.003371,camera_link,10.783334,gnm_closed_loop,,nominal,,True,ok,checkpoints/ablation_mnv2_ema0999/best.pt,9.34,0.3729,0.0585,0.0932,0.0014,0.2887,,,gnm_closed_loop,0.2,0.0585,False,0,,isaac_physics_smoke_20260708,,mnv2_ema0999,,,,,,,False,hospital_fresh_short_F,1.7904,True,0.3729,0.0585,0.2,0.0585,True,armed,False,
physeval_ema_F_20260708_172828,65,10.800001,1783528111.520925,2.287123,0.499987,-0.0,-3.141414,0.2,0.0585,0.199845,-0.003371,camera_link,10.800001,gnm_closed_loop,,nominal,,True,ok,checkpoints/ablation_mnv2_ema0999/best.pt,9.34,0.3729,0.0585,0.0932,0.0014,0.2887,,,gnm_closed_loop,0.2,0.0585,False,0,,isaac_physics_smoke_20260708,,mnv2_ema0999,,,,,,,False,hospital_fresh_short_F,1.7871,True,0.3729,0.0585,0.2,0.0585,True,armed,False,
physeval_ema_F_20260708_172828,66,10.816667,1783528111.540238,2.283798,0.499987,-0.0,-3.141412,0.2,0.0559,0.199867,-0.003149,camera_link,10.816667,gnm_closed_loop,,nominal,,True,ok,checkpoints/ablation_mnv2_ema0999/best.pt,4.34,0.3722,0.0559,0.093,0.0013,0.2878,,,gnm_closed_loop,0.2,0.0559,False,0,,isaac_physics_smoke_20260708,,mnv2_ema0999,,,,,,,False,hospital_fresh_short_F,1.7838,True,0.3722,0.0559,0.2,0.0559,True,armed,False,
physeval_ema_F_20260708_172828,67,10.833334,1783528111.542793,2.280473,0.499986,-0.0,-3.14141,0.2,0.0559,0.199867,-0.003149,camera_link,10.833334,gnm_closed_loop,,nominal,,True,ok,checkpoints/ablation_mnv2_ema0999/best.pt,4.34,0.3722,0.0559,0.093,0.0013,0.2878,,,gnm_closed_loop,0.2,0.0559,False,0,,isaac_physics_smoke_20260708,,mnv2_ema0999,,,,,,,False,hospital_fresh_short_F,1.7805,True,0.3722,0.0559,0.2,0.0559,True,armed,False,
physeval_ema_F_20260708_172828,68,10.850001,1783528111.544886,2.277149,0.499986,-0.0,-3.141408,0.2,0.0559,0.199867,-0.003149,camera_link,10.850001,gnm_closed_loop,,nominal,,True,ok,checkpoints/ablation_mnv2_ema0999/best.pt,4.34,0.3722,0.0559,0.093,0.0013,0.2878,,,gnm_closed_loop,0.2,0.0559,False,0,,isaac_physics_smoke_20260708,,mnv2_ema0999,,,,,,,False,hospital_fresh_short_F,1.7771,True,0.3722,0.0559,0.2,0.0559,True,armed,False,
physeval_ema_F_20260708_172828,69,10.866667,1783528111.561614,2.273824,0.499985,-0.0,-3.141405,0.2,0.0551,0.199873,-0.003259,camera_link,10.866667,gnm_closed_loop,,nominal,,True,ok,checkpoints/ablation_mnv2_ema0999/best.pt,4.6,0.3976,0.0551,0.0994,0.0014,0.2847,,,gnm_closed_loop,0.2,0.0551,False,0,,isaac_physics_smoke_20260708,,mnv2_ema0999,,,,,,,False,hospital_fresh_short_F,1.7738,True,0.3976,0.0551,0.2,0.0551,True,armed,False,
physeval_ema_F_20260708_172828,70,10.883334,1783528111.56436,2.2705,0.499985,-0.0,-3.141404,0.2,0.0551,0.199873,-0.003259,camera_link,10.883334,gnm_closed_loop,,nominal,,True,ok,checkpoints/ablation_mnv2_ema0999/best.pt,4.6,0.3976,0.0551,0.0994,0.0014,0.2847,,,gnm_closed_loop,0.2,0.0551,False,0,,isaac_physics_smoke_20260708,,mnv2_ema0999,,,,,,,False,hospital_fresh_short_F,1.7705,True,0.3976,0.0551,0.2,0.0551,True,armed,False,
physeval_ema_F_20260708_172828,71,10.900001,1783528111.566494,2.267175,0.499984,-0.0,-3.141402,0.2,0.0551,0.199873,-0.003259,camera_link,10.900001,gnm_closed_loop,,nominal,,True,ok,checkpoints/ablation_mnv2_ema0999/best.pt,4.6,0.3976,0.0551,0.0994,0.0014,0.2847,,,gnm_closed_loop,0.2,0.0551,False,0,,isaac_physics_smoke_20260708,,mnv2_ema0999,,,,,,,False,hospital_fresh_short_F,1.7672,True,0.3976,0.0551,0.2,0.0551,True,armed,False,
physeval_ema_F_20260708_172828,72,10.916667,1783528111.582554,2.26385,0.499984,-0.0,-3.1414,0.2,0.0545,0.199884,-0.002778,camera_link,10.916667,gnm_closed_loop,,nominal,,True,ok,checkpoints/ablation_mnv2_ema0999/best.pt,4.77,0.4179,0.0545,0.1045,0.0014,0.2851,,,gnm_closed_loop,0.2,0.0545,False,0,,isaac_physics_smoke_20260708,,mnv2_ema0999,,,,,,,False,hospital_fresh_short_F,1.7639,True,0.4179,0.0545,0.2,0.0545,True,armed,False,
physeval_ema_F_20260708_172828,73,10.933334,1783528111.585193,2.260526,0.499983,-0.0,-3.141398,0.2,0.0545,0.199884,-0.002778,camera_link,10.933334,gnm_closed_loop,,nominal,,True,ok,checkpoints/ablation_mnv2_ema0999/best.pt,4.77,0.4179,0.0545,0.1045,0.0014,0.2851,,,gnm_closed_loop,0.2,0.0545,False,0,,isaac_physics_smoke_20260708,,mnv2_ema0999,,,,,,,False,hospital_fresh_short_F,1.7605,True,0.4179,0.0545,0.2,0.0545,True,armed,False,
physeval_ema_F_20260708_172828,74,10.950001,1783528111.587183,2.257201,0.499982,-0.0,-3.141396,0.2,0.0545,0.199884,-0.002778,camera_link,10.950001,gnm_closed_loop,,nominal,,True,ok,checkpoints/ablation_mnv2_ema0999/best.pt,4.77,0.4179,0.0545,0.1045,0.0014,0.2851,,,gnm_closed_loop,0.2,0.0545,False,0,,isaac_physics_smoke_20260708,,mnv2_ema0999,,,,,,,False,hospital_fresh_short_F,1.7572,True,0.4179,0.0545,0.2,0.0545,True,armed,False,
physeval_ema_F_20260708_172828,75,10.966667,1783528111.606312,2.253877,0.499982,-0.0,-3.141394,0.2,0.0541,0.199883,-0.002695,camera_link,10.966667,gnm_closed_loop,,nominal,,True,ok,checkpoints/ablation_mnv2_ema0999/best.pt,5.05,0.4438,0.0541,0.111,0.0015,0.2837,,,gnm_closed_loop,0.2,0.0541,False,0,,isaac_physics_smoke_20260708,,mnv2_ema0999,,,,,,,False,hospital_fresh_short_F,1.7539,True,0.4438,0.0541,0.2,0.0541,True,armed,False,
physeval_ema_F_20260708_172828,76,10.983334,1783528111.608985,2.250551,0.499981,-0.0,-3.141392,0.2,0.0541,0.199883,-0.002695,camera_link,10.983334,gnm_closed_loop,,nominal,,True,ok,checkpoints/ablation_mnv2_ema0999/best.pt,5.05,0.4438,0.0541,0.111,0.0015,0.2837,,,gnm_closed_loop,0.2,0.0541,False,0,,isaac_physics_smoke_20260708,,mnv2_ema0999,,,,,,,False,hospital_fresh_short_F,1.7506,True,0.4438,0.0541,0.2,0.0541,True,armed,False,
physeval_ema_F_20260708_172828,77,11.000001,1783528111.611046,2.247227,0.499981,-0.0,-3.14139,0.2,0.0541,0.199883,-0.002695,camera_link,11.000001,gnm_closed_loop,,nominal,,True,ok,checkpoints/ablation_mnv2_ema0999/best.pt,5.05,0.4438,0.0541,0.111,0.0015,0.2837,,,gnm_closed_loop,0.2,0.0541,False,0,,isaac_physics_smoke_20260708,,mnv2_ema0999,,,,,,,False,hospital_fresh_short_F,1.7472,True,0.4438,0.0541,0.2,0.0541,True,armed,False,
physeval_ema_F_20260708_172828,78,11.016667,1783528111.628627,2.243903,0.49998,-0.0,-3.141388,0.2,0.0604,0.199848,-0.003032,camera_link,11.016667,gnm_closed_loop,,nominal,,True,ok,checkpoints/ablation_mnv2_ema0999/best.pt,4.54,0.4296,0.0604,0.1074,0.0016,0.2859,,,gnm_closed_loop,0.2,0.0604,False,0,,isaac_physics_smoke_20260708,,mnv2_ema0999,,,,,,,False,hospital_fresh_short_F,1.7439,True,0.4296,0.0604,0.2,0.0604,True,armed,False,
physeval_ema_F_20260708_172828,79,11.033334,1783528111.631464,2.240578,0.49998,-0.0,-3.141385,0.2,0.0604,0.199848,-0.003032,camera_link,11.033334,gnm_closed_loop,,nominal,,True,ok,checkpoints/ablation_mnv2_ema0999/best.pt,4.54,0.4296,0.0604,0.1074,0.0016,0.2859,,,gnm_closed_loop,0.2,0.0604,False,0,,isaac_physics_smoke_20260708,,mnv2_ema0999,,,,,,,False,hospital_fresh_short_F,1.7406,True,0.4296,0.0604,0.2,0.0604,True,armed,False,
physeval_ema_F_20260708_172828,80,11.050001,1783528111.634752,2.237254,0.499979,-0.0,-3.141384,0.2,0.0604,0.199848,-0.003032,camera_link,11.050001,gnm_closed_loop,,nominal,,True,ok,checkpoints/ablation_mnv2_ema0999/best.pt,4.54,0.4296,0.0604,0.1074,0.0016,0.2859,,,gnm_closed_loop,0.2,0.0604,False,0,,isaac_physics_smoke_20260708,,mnv2_ema0999,,,,,,,False,hospital_fresh_short_F,1.7373,True,0.4296,0.0604,0.2,0.0604,True,armed,False,
physeval_ema_F_20260708_172828,81,11.066667,1783528111.662176,2.233929,0.499978,-0.0,-3.141382,0.2,0.0698,0.19986,-0.003769,camera_link,11.066667,gnm_closed_loop,,nominal,,True,ok,checkpoints/ablation_mnv2_ema0999/best.pt,8.54,0.4101,0.0698,0.1025,0.0018,0.2841,,,gnm_closed_loop,0.2,0.0698,False,0,,isaac_physics_smoke_20260708,,mnv2_ema0999,,,,,,,False,hospital_fresh_short_F,1.7339,True,0.4101,0.0698,0.2,0.0698,True,armed,False,
physeval_ema_F_20260708_172828,82,11.083334,1783528111.66627,2.230604,0.499978,-0.0,-3.141379,0.2,0.0698,0.19986,-0.003769,camera_link,11.083334,gnm_closed_loop,,nominal,,True,ok,checkpoints/ablation_mnv2_ema0999/best.pt,8.54,0.4101,0.0698,0.1025,0.0018,0.2841,,,gnm_closed_loop,0.2,0.0698,False,0,,isaac_physics_smoke_20260708,,mnv2_ema0999,,,,,,,False,hospital_fresh_short_F,1.7306,True,0.4101,0.0698,0.2,0.0698,True,armed,False,
physeval_ema_F_20260708_172828,83,11.100001,1783528111.669104,2.22728,0.499977,-0.0,-3.141376,0.2,0.0698,0.19986,-0.003769,camera_link,11.100001,gnm_closed_loop,,nominal,,True,ok,checkpoints/ablation_mnv2_ema0999/best.pt,8.54,0.4101,0.0698,0.1025,0.0018,0.2841,,,gnm_closed_loop,0.2,0.0698,False,0,,isaac_physics_smoke_20260708,,mnv2_ema0999,,,,,,,False,hospital_fresh_short_F,1.7273,True,0.4101,0.0698,0.2,0.0698,True,armed,False,
physeval_ema_F_20260708_172828,84,11.116667,1783528111.69357,2.223955,0.499977,-0.0,-3.141374,0.2,0.0698,0.19986,-0.003348,camera_link,11.116667,gnm_closed_loop,,nominal,,True,ok,checkpoints/ablation_mnv2_ema0999/best.pt,7.18,0.4202,0.0698,0.1051,0.0018,0.2773,,,gnm_closed_loop,0.2,0.0698,False,0,,isaac_physics_smoke_20260708,,mnv2_ema0999,,,,,,,False,hospital_fresh_short_F,1.724,True,0.4202,0.0698,0.2,0.0698,True,armed,False,
physeval_ema_F_20260708_172828,85,11.133334,1783528111.698498,2.22063,0.499976,-0.0,-3.141372,0.2,0.0698,0.19986,-0.003348,camera_link,11.133334,gnm_closed_loop,,nominal,,True,ok,checkpoints/ablation_mnv2_ema0999/best.pt,7.18,0.4202,0.0698,0.1051,0.0018,0.2773,,,gnm_closed_loop,0.2,0.0698,False,0,,isaac_physics_smoke_20260708,,mnv2_ema0999,,,,,,,False,hospital_fresh_short_F,1.7206,True,0.4202,0.0698,0.2,0.0698,True,armed,False,
physeval_ema_F_20260708_172828,86,11.150001,1783528111.701581,2.217306,0.499975,-0.0,-3.141369,0.2,0.0698,0.19986,-0.003348,camera_link,11.150001,gnm_closed_loop,,nominal,,True,ok,checkpoints/ablation_mnv2_ema0999/best.pt,7.18,0.4202,0.0698,0.1051,0.0018,0.2773,,,gnm_closed_loop,0.2,0.0698,False,0,,isaac_physics_smoke_20260708,,mnv2_ema0999,,,,,,,False,hospital_fresh_short_F,1.7173,True,0.4202,0.0698,0.2,0.0698,True,armed,False,
physeval_ema_F_20260708_172828,87,11.166667,1783528111.728368,2.213981,0.499975,-0.0,-3.141366,0.2,0.0634,0.199876,-0.0034,camera_link,11.166667,gnm_closed_loop,,nominal,,True,ok,checkpoints/ablation_mnv2_ema0999/best.pt,5.91,0.449,0.0634,0.1122,0.0018,0.2769,,,gnm_closed_loop,0.2,0.0634,False,0,,isaac_physics_smoke_20260708,,mnv2_ema0999,,,,,,,False,hospital_fresh_short_F,1.714,True,0.449,0.0634,0.2,0.0634,True,armed,False,
physeval_ema_F_20260708_172828,88,11.183334,1783528111.731171,2.210656,0.499974,-0.0,-3.141364,0.2,0.0634,0.199876,-0.0034,camera_link,11.183334,gnm_closed_loop,,nominal,,True,ok,checkpoints/ablation_mnv2_ema0999/best.pt,5.91,0.449,0.0634,0.1122,0.0018,0.2769,,,gnm_closed_loop,0.2,0.0634,False,0,,isaac_physics_smoke_20260708,,mnv2_ema0999,,,,,,,False,hospital_fresh_short_F,1.7107,True,0.449,0.0634,0.2,0.0634,True,armed,False,
physeval_ema_F_20260708_172828,89,11.200001,1783528111.733372,2.207332,0.499973,-0.0,-3.141362,0.2,0.0634,0.199876,-0.0034,camera_link,11.200001,gnm_closed_loop,,nominal,,True,ok,checkpoints/ablation_mnv2_ema0999/best.pt,5.91,0.449,0.0634,0.1122,0.0018,0.2769,,,gnm_closed_loop,0.2,0.0634,False,0,,isaac_physics_smoke_20260708,,mnv2_ema0999,,,,,,,False,hospital_fresh_short_F,1.7073,True,0.449,0.0634,0.2,0.0634,True,armed,False,
physeval_ema_F_20260708_172828,90,11.216667,1783528111.759864,2.204007,0.499972,-0.0,-3.14136,0.2,0.0541,0.199856,-0.003603,camera_link,11.216667,gnm_closed_loop,,nominal,,True,ok,checkpoints/ablation_mnv2_ema0999/best.pt,6.06,0.4985,0.0541,0.1246,0.0017,0.274,,,gnm_closed_loop,0.2,0.0541,False,0,,isaac_physics_smoke_20260708,,mnv2_ema0999,,,,,,,False,hospital_fresh_short_F,1.704,True,0.4985,0.0541,0.2,0.0541,True,armed,False,
physeval_ema_F_20260708_172828,91,11.233334,1783528111.762187,2.200683,0.499972,-0.0,-3.141358,0.2,0.0541,0.199856,-0.003603,camera_link,11.233334,gnm_closed_loop,,nominal,,True,ok,checkpoints/ablation_mnv2_ema0999/best.pt,6.06,0.4985,0.0541,0.1246,0.0017,0.274,,,gnm_closed_loop,0.2,0.0541,False,0,,isaac_physics_smoke_20260708,,mnv2_ema0999,,,,,,,False,hospital_fresh_short_F,1.7007,True,0.4985,0.0541,0.2,0.0541,True,armed,False,
physeval_ema_F_20260708_172828,92,11.250001,1783528111.76511,2.197358,0.499971,-0.0,-3.141356,0.2,0.0541,0.199856,-0.003603,camera_link,11.250001,gnm_closed_loop,,nominal,,True,ok,checkpoints/ablation_mnv2_ema0999/best.pt,6.06,0.4985,0.0541,0.1246,0.0017,0.274,,,gnm_closed_loop,0.2,0.0541,False,0,,isaac_physics_smoke_20260708,,mnv2_ema0999,,,,,,,False,hospital_fresh_short_F,1.6974,True,0.4985,0.0541,0.2,0.0541,True,armed,False,
physeval_ema_F_20260708_172828,93,11.266667,1783528111.783611,2.194033,0.49997,-0.0,-3.141354,0.2,0.0412,0.199852,-0.003157,camera_link,11.266667,gnm_closed_loop,,nominal,,True,ok,checkpoints/ablation_mnv2_ema0999/best.pt,5.5,0.548,0.0412,0.137,0.0014,0.2693,,,gnm_closed_loop,0.2,0.0412,False,0,,isaac_physics_smoke_20260708,,mnv2_ema0999,,,,,,,False,hospital_fresh_short_F,1.694,True,0.548,0.0412,0.2,0.0412,True,armed,False,
physeval_ema_F_20260708_172828,94,11.283334,1783528111.786057,2.190709,0.49997,-0.0,-3.141352,0.2,0.0412,0.199852,-0.003157,camera_link,11.283334,gnm_closed_loop,,nominal,,True,ok,checkpoints/ablation_mnv2_ema0999/best.pt,5.5,0.548,0.0412,0.137,0.0014,0.2693,,,gnm_closed_loop,0.2,0.0412,False,0,,isaac_physics_smoke_20260708,,mnv2_ema0999,,,,,,,False,hospital_fresh_short_F,1.6907,True,0.548,0.0412,0.2,0.0412,True,armed,False,
physeval_ema_F_20260708_172828,95,11.300001,1783528111.788063,2.187385,0.499969,-0.0,-3.141351,0.2,0.0412,0.199852,-0.003157,camera_link,11.300001,gnm_closed_loop,,nominal,,True,ok,checkpoints/ablation_mnv2_ema0999/best.pt,5.5,0.548,0.0412,0.137,0.0014,0.2693,,,gnm_closed_loop,0.2,0.0412,False,0,,isaac_physics_smoke_20260708,,mnv2_ema0999,,,,,,,False,hospital_fresh_short_F,1.6874,True,0.548,0.0412,0.2,0.0412,True,armed,False,
physeval_ema_F_20260708_172828,96,11.316667,1783528111.805181,2.18406,0.499968,-0.0,-3.14135,0.2,0.0343,0.199832,-0.001802,camera_link,11.316667,gnm_closed_loop,,nominal,,True,ok,checkpoints/ablation_mnv2_ema0999/best.pt,4.98,0.5982,0.0343,0.1496,0.0013,0.259,,,gnm_closed_loop,0.2,0.0343,False,0,,isaac_physics_smoke_20260708,,mnv2_ema0999,,,,,,,False,hospital_fresh_short_F,1.6841,True,0.5982,0.0343,0.2,0.0343,True,armed,False,
physeval_ema_F_20260708_172828,97,11.333334,1783528111.807518,2.180736,0.499968,-0.0,-3.141348,0.2,0.0343,0.199832,-0.001802,camera_link,11.333334,gnm_closed_loop,,nominal,,True,ok,checkpoints/ablation_mnv2_ema0999/best.pt,4.98,0.5982,0.0343,0.1496,0.0013,0.259,,,gnm_closed_loop,0.2,0.0343,False,0,,isaac_physics_smoke_20260708,,mnv2_ema0999,,,,,,,False,hospital_fresh_short_F,1.6807,True,0.5982,0.0343,0.2,0.0343,True,armed,False,
physeval_ema_F_20260708_172828,98,11.350001,1783528111.809467,2.177411,0.499967,-0.0,-3.141347,0.2,0.0343,0.199832,-0.001802,camera_link,11.350001,gnm_closed_loop,,nominal,,True,ok,checkpoints/ablation_mnv2_ema0999/best.pt,4.98,0.5982,0.0343,0.1496,0.0013,0.259,,,gnm_closed_loop,0.2,0.0343,False,0,,isaac_physics_smoke_20260708,,mnv2_ema0999,,,,,,,False,hospital_fresh_short_F,1.6774,True,0.5982,0.0343,0.2,0.0343,True,armed,False,
physeval_ema_F_20260708_172828,99,11.366667,1783528111.824039,2.174087,0.499966,-0.0,-3.141346,0.2,0.0354,0.199858,-0.001762,camera_link,11.366667,gnm_closed_loop,,nominal,,True,ok,checkpoints/ablation_mnv2_ema0999/best.pt,3.95,0.6167,0.0354,0.1542,0.0014,0.2525,,,gnm_closed_loop,0.2,0.0354,False,0,,isaac_physics_smoke_20260708,,mnv2_ema0999,,,,,,,False,hospital_fresh_short_F,1.6741,True,0.6167,0.0354,0.2,0.0354,True,armed,False,
physeval_ema_F_20260708_172828,100,11.383334,1783528111.827494,2.170762,0.499965,-0.0,-3.141345,0.2,0.0354,0.199858,-0.001762,camera_link,11.383334,gnm_closed_loop,,nominal,,True,ok,checkpoints/ablation_mnv2_ema0999/best.pt,3.95,0.6167,0.0354,0.1542,0.0014,0.2525,,,gnm_closed_loop,0.2,0.0354,False,0,,isaac_physics_smoke_20260708,,mnv2_ema0999,,,,,,,False,hospital_fresh_short_F,1.6708,True,0.6167,0.0354,0.2,0.0354,True,armed,False,
physeval_ema_F_20260708_172828,101,11.400001,1783528111.829521,2.167438,0.499964,-0.0,-3.141344,0.2,0.0354,0.199858,-0.001762,camera_link,11.400001,gnm_closed_loop,,nominal,,True,ok,checkpoints/ablation_mnv2_ema0999/best.pt,3.95,0.6167,0.0354,0.1542,0.0014,0.2525,,,gnm_closed_loop,0.2,0.0354,False,0,,isaac_physics_smoke_20260708,,mnv2_ema0999,,,,,,,False,hospital_fresh_short_F,1.6674,True,0.6167,0.0354,0.2,0.0354,True,armed,False,
physeval_ema_F_20260708_172828,102,11.416667,1783528111.845898,2.164113,0.499963,-0.0,-3.141343,0.2,0.0327,0.199867,-0.001686,camera_link,11.416667,gnm_closed_loop,,nominal,,True,ok,checkpoints/ablation_mnv2_ema0999/best.pt,4.09,0.6144,0.0327,0.1536,0.0013,0.2475,,,gnm_closed_loop,0.2,0.0327,False,0,,isaac_physics_smoke_20260708,,mnv2_ema0999,,,,,,,False,hospital_fresh_short_F,1.6641,True,0.6144,0.0327,0.2,0.0327,True,armed,False,
physeval_ema_F_20260708_172828,103,11.433334,1783528111.84844,2.160789,0.499963,-0.0,-3.141342,0.2,0.0327,0.199867,-0.001686,camera_link,11.433334,gnm_closed_loop,,nominal,,True,ok,checkpoints/ablation_mnv2_ema0999/best.pt,4.09,0.6144,0.0327,0.1536,0.0013,0.2475,,,gnm_closed_loop,0.2,0.0327,False,0,,isaac_physics_smoke_20260708,,mnv2_ema0999,,,,,,,False,hospital_fresh_short_F,1.6608,True,0.6144,0.0327,0.2,0.0327,True,armed,False,
physeval_ema_F_20260708_172828,104,11.450001,1783528111.850477,2.157464,0.499962,-0.0,-3.141341,0.2,0.0327,0.199867,-0.001686,camera_link,11.450001,gnm_closed_loop,,nominal,,True,ok,checkpoints/ablation_mnv2_ema0999/best.pt,4.09,0.6144,0.0327,0.1536,0.0013,0.2475,,,gnm_closed_loop,0.2,0.0327,False,0,,isaac_physics_smoke_20260708,,mnv2_ema0999,,,,,,,False,hospital_fresh_short_F,1.6575,True,0.6144,0.0327,0.2,0.0327,True,armed,False,
physeval_ema_F_20260708_172828,105,11.466667,1783528111.866492,2.154139,0.499961,-0.0,-3.14134,0.2,0.0298,0.199872,-0.001715,camera_link,11.466667,gnm_closed_loop,,nominal,,True,ok,checkpoints/ablation_mnv2_ema0999/best.pt,4.66,0.5869,0.0298,0.1467,0.0011,0.2525,,,gnm_closed_loop,0.2,0.0298,False,0,,isaac_physics_smoke_20260708,,mnv2_ema0999,,,,,,,False,hospital_fresh_short_F,1.6541,True,0.5869,0.0298,0.2,0.0298,True,armed,False,
physeval_ema_F_20260708_172828,106,11.483334,1783528111.869291,2.150815,0.49996,-0.0,-3.141339,0.2,0.0298,0.199872,-0.001715,camera_link,11.483334,gnm_closed_loop,,nominal,,True,ok,checkpoints/ablation_mnv2_ema0999/best.pt,4.66,0.5869,0.0298,0.1467,0.0011,0.2525,,,gnm_closed_loop,0.2,0.0298,False,0,,isaac_physics_smoke_20260708,,mnv2_ema0999,,,,,,,False,hospital_fresh_short_F,1.6508,True,0.5869,0.0298,0.2,0.0298,True,armed,False,
physeval_ema_F_20260708_172828,107,11.500001,1783528111.871729,2.14749,0.499959,-0.0,-3.141338,0.2,0.0298,0.199872,-0.001715,camera_link,11.500001,gnm_closed_loop,,nominal,,True,ok,checkpoints/ablation_mnv2_ema0999/best.pt,4.66,0.5869,0.0298,0.1467,0.0011,0.2525,,,gnm_closed_loop,0.2,0.0298,False,0,,isaac_physics_smoke_20260708,,mnv2_ema0999,,,,,,,False,hospital_fresh_short_F,1.6475,True,0.5869,0.0298,0.2,0.0298,True,armed,False,
physeval_ema_F_20260708_172828,108,11.516667,1783528111.890398,2.144165,0.499958,-0.0,-3.141337,0.2,0.0312,0.199845,-0.001398,camera_link,11.516667,gnm_closed_loop,,nominal,,True,ok,checkpoints/ablation_mnv2_ema0999/best.pt,5.62,0.5734,0.0312,0.1434,0.0011,0.2536,,,gnm_closed_loop,0.2,0.0312,False,0,,isaac_physics_smoke_20260708,,mnv2_ema0999,,,,,,,False,hospital_fresh_short_F,1.6442,True,0.5734,0.0312,0.2,0.0312,True,armed,False,
physeval_ema_F_20260708_172828,109,11.533334,1783528111.892829,2.140841,0.499958,-0.0,-3.141336,0.2,0.0312,0.199845,-0.001398,camera_link,11.533334,gnm_closed_loop,,nominal,,True,ok,checkpoints/ablation_mnv2_ema0999/best.pt,5.62,0.5734,0.0312,0.1434,0.0011,0.2536,,,gnm_closed_loop,0.2,0.0312,False,0,,isaac_physics_smoke_20260708,,mnv2_ema0999,,,,,,,False,hospital_fresh_short_F,1.6408,True,0.5734,0.0312,0.2,0.0312,True,armed,False,
physeval_ema_F_20260708_172828,110,11.550001,1783528111.894802,2.137517,0.499957,-0.0,-3.141335,0.2,0.0312,0.199845,-0.001398,camera_link,11.550001,gnm_closed_loop,,nominal,,True,ok,checkpoints/ablation_mnv2_ema0999/best.pt,5.62,0.5734,0.0312,0.1434,0.0011,0.2536,,,gnm_closed_loop,0.2,0.0312,False,0,,isaac_physics_smoke_20260708,,mnv2_ema0999,,,,,,,False,hospital_fresh_short_F,1.6375,True,0.5734,0.0312,0.2,0.0312,True,armed,False,
physeval_ema_F_20260708_172828,111,11.566667,1783528111.910614,2.134192,0.499956,-0.0,-3.141333,0.2,0.0313,0.199854,-0.001753,camera_link,11.566667,gnm_closed_loop,,nominal,,True,ok,checkpoints/ablation_mnv2_ema0999/best.pt,4.44,0.5616,0.0313,0.1404,0.0011,0.2555,,,gnm_closed_loop,0.2,0.0313,False,0,,isaac_physics_smoke_20260708,,mnv2_ema0999,,,,,,,False,hospital_fresh_short_F,1.6342,True,0.5616,0.0313,0.2,0.0313,True,armed,False,
physeval_ema_F_20260708_172828,112,11.583334,1783528111.913064,2.130867,0.499955,-0.0,-3.141332,0.2,0.0313,0.199854,-0.001753,camera_link,11.583334,gnm_closed_loop,,nominal,,True,ok,checkpoints/ablation_mnv2_ema0999/best.pt,4.44,0.5616,0.0313,0.1404,0.0011,0.2555,,,gnm_closed_loop,0.2,0.0313,False,0,,isaac_physics_smoke_20260708,,mnv2_ema0999,,,,,,,False,hospital_fresh_short_F,1.6309,True,0.5616,0.0313,0.2,0.0313,True,armed,False,
physeval_ema_F_20260708_172828,113,11.600001,1783528111.915038,2.127543,0.499954,-0.0,-3.141331,0.2,0.0313,0.199854,-0.001753,camera_link,11.600001,gnm_closed_loop,,nominal,,True,ok,checkpoints/ablation_mnv2_ema0999/best.pt,4.44,0.5616,0.0313,0.1404,0.0011,0.2555,,,gnm_closed_loop,0.2,0.0313,False,0,,isaac_physics_smoke_20260708,,mnv2_ema0999,,,,,,,False,hospital_fresh_short_F,1.6275,True,0.5616,0.0313,0.2,0.0313,True,armed,False,
physeval_ema_F_20260708_172828,114,11.616667,1783528111.937407,2.124218,0.499953,-0.0,-3.141329,0.2,0.0321,0.199846,-0.001819,camera_link,11.616667,gnm_closed_loop,,nominal,,True,ok,checkpoints/ablation_mnv2_ema0999/best.pt,10.09,0.5493,0.0321,0.1373,0.0011,0.2596,,,gnm_closed_loop,0.2,0.0321,False,0,,isaac_physics_smoke_20260708,,mnv2_ema0999,,,,,,,False,hospital_fresh_short_F,1.6242,True,0.5493,0.0321,0.2,0.0321,True,armed,False,
physeval_ema_F_20260708_172828,115,11.633334,1783528111.940289,2.120893,0.499952,-0.0,-3.141328,0.2,0.0321,0.199846,-0.001819,camera_link,11.633334,gnm_closed_loop,,nominal,,True,ok,checkpoints/ablation_mnv2_ema0999/best.pt,10.09,0.5493,0.0321,0.1373,0.0011,0.2596,,,gnm_closed_loop,0.2,0.0321,False,0,,isaac_physics_smoke_20260708,,mnv2_ema0999,,,,,,,False,hospital_fresh_short_F,1.6209,True,0.5493,0.0321,0.2,0.0321,True,armed,False,
physeval_ema_F_20260708_172828,116,11.650001,1783528111.942317,2.117568,0.499952,-0.0,-3.141327,0.2,0.0321,0.199846,-0.001819,camera_link,11.650001,gnm_closed_loop,,nominal,,True,ok,checkpoints/ablation_mnv2_ema0999/best.pt,10.09,0.5493,0.0321,0.1373,0.0011,0.2596,,,gnm_closed_loop,0.2,0.0321,False,0,,isaac_physics_smoke_20260708,,mnv2_ema0999,,,,,,,False,hospital_fresh_short_F,1.6176,True,0.5493,0.0321,0.2,0.0321,True,armed,False,
physeval_ema_F_20260708_172828,117,11.666667,1783528111.958819,2.114244,0.499951,-0.0,-3.141326,0.2,0.0342,0.199853,-0.001381,camera_link,11.666667,gnm_closed_loop,,nominal,,True,ok,checkpoints/ablation_mnv2_ema0999/best.pt,5.19,0.5587,0.0342,0.1397,0.0012,0.2606,,,gnm_closed_loop,0.2,0.0342,False,0,,isaac_physics_smoke_20260708,,mnv2_ema0999,,,,,,,False,hospital_fresh_short_F,1.6142,True,0.5587,0.0342,0.2,0.0342,True,armed,False,
physeval_ema_F_20260708_172828,118,11.683334,1783528111.961202,2.110919,0.49995,-0.0,-3.141324,0.2,0.0342,0.199853,-0.001381,camera_link,11.683334,gnm_closed_loop,,nominal,,True,ok,checkpoints/ablation_mnv2_ema0999/best.pt,5.19,0.5587,0.0342,0.1397,0.0012,0.2606,,,gnm_closed_loop,0.2,0.0342,False,0,,isaac_physics_smoke_20260708,,mnv2_ema0999,,,,,,,False,hospital_fresh_short_F,1.6109,True,0.5587,0.0342,0.2,0.0342,True,armed,False,
physeval_ema_F_20260708_172828,119,11.700001,1783528111.963113,2.107595,0.499949,-0.0,-3.141323,0.2,0.0342,0.199853,-0.001381,camera_link,11.700001,gnm_closed_loop,,nominal,,True,ok,checkpoints/ablation_mnv2_ema0999/best.pt,5.19,0.5587,0.0342,0.1397,0.0012,0.2606,,,gnm_closed_loop,0.2,0.0342,False,0,,isaac_physics_smoke_20260708,,mnv2_ema0999,,,,,,,False,hospital_fresh_short_F,1.6076,True,0.5587,0.0342,0.2,0.0342,True,armed,False,
physeval_ema_F_20260708_172828,120,11.716667,1783528111.979584,2.10427,0.499948,-0.0,-3.141322,0.2,0.0357,0.199853,-0.001842,camera_link,11.716667,gnm_closed_loop,,nominal,,True,ok,checkpoints/ablation_mnv2_ema0999/best.pt,4.8,0.5814,0.0357,0.1453,0.0013,0.2571,,,gnm_closed_loop,0.2,0.0357,False,0,,isaac_physics_smoke_20260708,,mnv2_ema0999,,,,,,,False,hospital_fresh_short_F,1.6043,True,0.5814,0.0357,0.2,0.0357,True,armed,False,
physeval_ema_F_20260708_172828,121,11.733334,1783528111.981809,2.100946,0.499947,-0.0,-3.14132,0.2,0.0357,0.199853,-0.001842,camera_link,11.733334,gnm_closed_loop,,nominal,,True,ok,checkpoints/ablation_mnv2_ema0999/best.pt,4.8,0.5814,0.0357,0.1453,0.0013,0.2571,,,gnm_closed_loop,0.2,0.0357,False,0,,isaac_physics_smoke_20260708,,mnv2_ema0999,,,,,,,False,hospital_fresh_short_F,1.6009,True,0.5814,0.0357,0.2,0.0357,True,armed,False,
physeval_ema_F_20260708_172828,122,11.750001,1783528111.984837,2.097621,0.499947,-0.0,-3.141319,0.2,0.0357,0.199853,-0.001842,camera_link,11.750001,gnm_closed_loop,,nominal,,True,ok,checkpoints/ablation_mnv2_ema0999/best.pt,4.8,0.5814,0.0357,0.1453,0.0013,0.2571,,,gnm_closed_loop,0.2,0.0357,False,0,,isaac_physics_smoke_20260708,,mnv2_ema0999,,,,,,,False,hospital_fresh_short_F,1.5976,True,0.5814,0.0357,0.2,0.0357,True,armed,False,
physeval_ema_F_20260708_172828,123,11.766667,1783528112.001892,2.094296,0.499946,-0.0,-3.141317,0.2,0.0339,0.199846,-0.001805,camera_link,11.766667,gnm_closed_loop,,nominal,,True,ok,checkpoints/ablation_mnv2_ema0999/best.pt,4.65,0.592,0.0339,0.148,0.0013,0.2593,,,gnm_closed_loop,0.2,0.0339,False,0,,isaac_physics_smoke_20260708,,mnv2_ema0999,,,,,,,False,hospital_fresh_short_F,1.5943,True,0.592,0.0339,0.2,0.0339,True,armed,False,
physeval_ema_F_20260708_172828,124,11.783334,1783528112.0042,2.090972,0.499945,-0.0,-3.141316,0.2,0.0339,0.199846,-0.001805,camera_link,11.783334,gnm_closed_loop,,nominal,,True,ok,checkpoints/ablation_mnv2_ema0999/best.pt,4.65,0.592,0.0339,0.148,0.0013,0.2593,,,gnm_closed_loop,0.2,0.0339,False,0,,isaac_physics_smoke_20260708,,mnv2_ema0999,,,,,,,False,hospital_fresh_short_F,1.591,True,0.592,0.0339,0.2,0.0339,True,armed,False,
physeval_ema_F_20260708_172828,125,11.800001,1783528112.006165,2.087648,0.499944,-0.0,-3.141315,0.2,0.0339,0.199846,-0.001805,camera_link,11.800001,gnm_closed_loop,,nominal,,True,ok,checkpoints/ablation_mnv2_ema0999/best.pt,4.65,0.592,0.0339,0.148,0.0013,0.2593,,,gnm_closed_loop,0.2,0.0339,False,0,,isaac_physics_smoke_20260708,,mnv2_ema0999,,,,,,,False,hospital_fresh_short_F,1.5876,True,0.592,0.0339,0.2,0.0339,True,armed,False,
physeval_ema_F_20260708_172828,126,11.816667,1783528112.022302,2.084323,0.499943,-0.0,-3.141314,0.2,0.0341,0.199832,-0.001365,camera_link,11.816667,gnm_closed_loop,,nominal,,True,ok,checkpoints/ablation_mnv2_ema0999/best.pt,4.66,0.6013,0.0341,0.1503,0.0013,0.2629,,,gnm_closed_loop,0.2,0.0341,False,0,,isaac_physics_smoke_20260708,,mnv2_ema0999,,,,,,,False,hospital_fresh_short_F,1.5843,True,0.6013,0.0341,0.2,0.0341,True,armed,False,
physeval_ema_F_20260708_172828,127,11.833334,1783528112.024771,2.080998,0.499942,-0.0,-3.141313,0.2,0.0341,0.199832,-0.001365,camera_link,11.833334,gnm_closed_loop,,nominal,,True,ok,checkpoints/ablation_mnv2_ema0999/best.pt,4.66,0.6013,0.0341,0.1503,0.0013,0.2629,,,gnm_closed_loop,0.2,0.0341,False,0,,isaac_physics_smoke_20260708,,mnv2_ema0999,,,,,,,False,hospital_fresh_short_F,1.581,True,0.6013,0.0341,0.2,0.0341,True,armed,False,
physeval_ema_F_20260708_172828,128,11.850001,1783528112.026654,2.077674,0.499941,-0.0,-3.141312,0.2,0.0341,0.199832,-0.001365,camera_link,11.850001,gnm_closed_loop,,nominal,,True,ok,checkpoints/ablation_mnv2_ema0999/best.pt,4.66,0.6013,0.0341,0.1503,0.0013,0.2629,,,gnm_closed_loop,0.2,0.0341,False,0,,isaac_physics_smoke_20260708,,mnv2_ema0999,,,,,,,False,hospital_fresh_short_F,1.5777,True,0.6013,0.0341,0.2,0.0341,True,armed,False,
physeval_ema_F_20260708_172828,129,11.866667,1783528112.041832,2.074349,0.49994,-0.0,-3.141312,0.2,0.0399,0.199837,-0.001525,camera_link,11.866667,gnm_closed_loop,,nominal,,True,ok,checkpoints/ablation_mnv2_ema0999/best.pt,4.45,0.6303,0.0399,0.1576,0.0016,0.2597,,,gnm_closed_loop,0.2,0.0399,False,0,,isaac_physics_smoke_20260708,,mnv2_ema0999,,,,,,,False,hospital_fresh_short_F,1.5743,True,0.6303,0.0399,0.2,0.0399,True,armed,False,
physeval_ema_F_20260708_172828,130,11.883334,1783528112.044206,2.071024,0.499939,-0.0,-3.14131,0.2,0.0399,0.199837,-0.001525,camera_link,11.883334,gnm_closed_loop,,nominal,,True,ok,checkpoints/ablation_mnv2_ema0999/best.pt,4.45,0.6303,0.0399,0.1576,0.0016,0.2597,,,gnm_closed_loop,0.2,0.0399,False,0,,isaac_physics_smoke_20260708,,mnv2_ema0999,,,,,,,False,hospital_fresh_short_F,1.571,True,0.6303,0.0399,0.2,0.0399,True,armed,False,
physeval_ema_F_20260708_172828,131,11.900001,1783528112.046779,2.0677,0.499938,-0.0,-3.141308,0.2,0.0399,0.199837,-0.001525,camera_link,11.900001,gnm_closed_loop,,nominal,,True,ok,checkpoints/ablation_mnv2_ema0999/best.pt,4.45,0.6303,0.0399,0.1576,0.0016,0.2597,,,gnm_closed_loop,0.2,0.0399,False,0,,isaac_physics_smoke_20260708,,mnv2_ema0999,,,,,,,False,hospital_fresh_short_F,1.5677,True,0.6303,0.0399,0.2,0.0399,True,armed,False,
physeval_ema_F_20260708_172828,132,11.916667,1783528112.063096,2.064375,0.499938,-0.0,-3.141306,0.2,0.0455,0.199849,-0.002706,camera_link,11.916667,gnm_closed_loop,,nominal,,True,ok,checkpoints/ablation_mnv2_ema0999/best.pt,4.69,0.6538,0.0455,0.1635,0.0019,0.2586,,,gnm_closed_loop,0.2,0.0455,False,0,,isaac_physics_smoke_20260708,,mnv2_ema0999,,,,,,,False,hospital_fresh_short_F,1.5644,True,0.6538,0.0455,0.2,0.0455,True,armed,False,
physeval_ema_F_20260708_172828,133,11.933334,1783528112.066046,2.06105,0.499937,-0.0,-3.141305,0.2,0.0455,0.199849,-0.002706,camera_link,11.933334,gnm_closed_loop,,nominal,,True,ok,checkpoints/ablation_mnv2_ema0999/best.pt,4.69,0.6538,0.0455,0.1635,0.0019,0.2586,,,gnm_closed_loop,0.2,0.0455,False,0,,isaac_physics_smoke_20260708,,mnv2_ema0999,,,,,,,False,hospital_fresh_short_F,1.5611,True,0.6538,0.0455,0.2,0.0455,True,armed,False,
physeval_ema_F_20260708_172828,134,11.950001,1783528112.067926,2.057725,0.499936,-0.0,-3.141303,0.2,0.0455,0.199849,-0.002706,camera_link,11.950001,gnm_closed_loop,,nominal,,True,ok,checkpoints/ablation_mnv2_ema0999/best.pt,4.69,0.6538,0.0455,0.1635,0.0019,0.2586,,,gnm_closed_loop,0.2,0.0455,False,0,,isaac_physics_smoke_20260708,,mnv2_ema0999,,,,,,,False,hospital_fresh_short_F,1.5577,True,0.6538,0.0455,0.2,0.0455,True,armed,False,
physeval_ema_F_20260708_172828,135,11.966667,1783528112.083296,2.054401,0.499935,-0.0,-3.141302,0.2,0.0474,0.199866,-0.002651,camera_link,11.966667,gnm_closed_loop,,nominal,,True,ok,checkpoints/ablation_mnv2_ema0999/best.pt,4.91,0.6665,0.0474,0.1666,0.002,0.2582,,,gnm_closed_loop,0.2,0.0474,False,0,,isaac_physics_smoke_20260708,,mnv2_ema0999,,,,,,,False,hospital_fresh_short_F,1.5544,True,0.6665,0.0474,0.2,0.0474,True,armed,False,
physeval_ema_F_20260708_172828,136,11.983334,1783528112.085652,2.051076,0.499934,-0.0,-3.1413,0.2,0.0474,0.199866,-0.002651,camera_link,11.983334,gnm_closed_loop,,nominal,,True,ok,checkpoints/ablation_mnv2_ema0999/best.pt,4.91,0.6665,0.0474,0.1666,0.002,0.2582,,,gnm_closed_loop,0.2,0.0474,False,0,,isaac_physics_smoke_20260708,,mnv2_ema0999,,,,,,,False,hospital_fresh_short_F,1.5511,True,0.6665,0.0474,0.2,0.0474,True,armed,False,
physeval_ema_F_20260708_172828,137,12.000001,1783528112.087633,2.047752,0.499933,-0.0,-3.141298,0.2,0.0474,0.199866,-0.002651,camera_link,12.000001,gnm_closed_loop,,nominal,,True,ok,checkpoints/ablation_mnv2_ema0999/best.pt,4.91,0.6665,0.0474,0.1666,0.002,0.2582,,,gnm_closed_loop,0.2,0.0474,False,0,,isaac_physics_smoke_20260708,,mnv2_ema0999,,,,,,,False,hospital_fresh_short_F,1.5478,True,0.6665,0.0474,0.2,0.0474,True,armed,False,
physeval_ema_F_20260708_172828,138,12.016667,1783528112.10244,2.044427,0.499932,-0.0,-3.141296,0.2,0.0444,0.19986,-0.002435,camera_link,12.016667,gnm_closed_loop,,nominal,,True,ok,checkpoints/ablation_mnv2_ema0999/best.pt,5.03,0.6585,0.0444,0.1646,0.0018,0.26,,,gnm_closed_loop,0.2,0.0444,False,0,,isaac_physics_smoke_20260708,,mnv2_ema0999,,,,,,,False,hospital_fresh_short_F,1.5444,True,0.6585,0.0444,0.2,0.0444,True,armed,False,
physeval_ema_F_20260708_172828,139,12.033334,1783528112.105115,2.041102,0.499931,-0.0,-3.141295,0.2,0.0444,0.19986,-0.002435,camera_link,12.033334,gnm_closed_loop,,nominal,,True,ok,checkpoints/ablation_mnv2_ema0999/best.pt,5.03,0.6585,0.0444,0.1646,0.0018,0.26,,,gnm_closed_loop,0.2,0.0444,False,0,,isaac_physics_smoke_20260708,,mnv2_ema0999,,,,,,,False,hospital_fresh_short_F,1.5411,True,0.6585,0.0444,0.2,0.0444,True,armed,False,
physeval_ema_F_20260708_172828,140,12.050001,1783528112.10719,2.037777,0.49993,-0.0,-3.141293,0.2,0.0444,0.19986,-0.002435,camera_link,12.050001,gnm_closed_loop,,nominal,,True,ok,checkpoints/ablation_mnv2_ema0999/best.pt,5.03,0.6585,0.0444,0.1646,0.0018,0.26,,,gnm_closed_loop,0.2,0.0444,False,0,,isaac_physics_smoke_20260708,,mnv2_ema0999,,,,,,,False,hospital_fresh_short_F,1.5378,True,0.6585,0.0444,0.2,0.0444,True,armed,False,
physeval_ema_F_20260708_172828,141,12.066667,1783528112.121431,2.034453,0.499929,-0.0,-3.141292,0.2,0.0424,0.199853,-0.002514,camera_link,12.066667,gnm_closed_loop,,nominal,,True,ok,checkpoints/ablation_mnv2_ema0999/best.pt,4.54,0.6543,0.0424,0.1636,0.0017,0.2585,,,gnm_closed_loop,0.2,0.0424,False,0,,isaac_physics_smoke_20260708,,mnv2_ema0999,,,,,,,False,hospital_fresh_short_F,1.5345,True,0.6543,0.0424,0.2,0.0424,True,armed,False,
physeval_ema_F_20260708_172828,142,12.083334,1783528112.124019,2.031128,0.499928,-0.0,-3.14129,0.2,0.0424,0.199853,-0.002514,camera_link,12.083334,gnm_closed_loop,,nominal,,True,ok,checkpoints/ablation_mnv2_ema0999/best.pt,4.54,0.6543,0.0424,0.1636,0.0017,0.2585,,,gnm_closed_loop,0.2,0.0424,False,0,,isaac_physics_smoke_20260708,,mnv2_ema0999,,,,,,,False,hospital_fresh_short_F,1.5311,True,0.6543,0.0424,0.2,0.0424,True,armed,False,
physeval_ema_F_20260708_172828,143,12.100001,1783528112.125972,2.027805,0.499927,-0.0,-3.141289,0.2,0.0424,0.199853,-0.002514,camera_link,12.100001,gnm_closed_loop,,nominal,,True,ok,checkpoints/ablation_mnv2_ema0999/best.pt,4.54,0.6543,0.0424,0.1636,0.0017,0.2585,,,gnm_closed_loop,0.2,0.0424,False,0,,isaac_physics_smoke_20260708,,mnv2_ema0999,,,,,,,False,hospital_fresh_short_F,1.5278,True,0.6543,0.0424,0.2,0.0424,True,armed,False,
physeval_ema_F_20260708_172828,144,12.116667,1783528112.141134,2.02448,0.499926,-0.0,-3.141288,0.2,0.0399,0.199834,-0.002315,camera_link,12.116667,gnm_closed_loop,,nominal,,True,ok,checkpoints/ablation_mnv2_ema0999/best.pt,4.9,0.6535,0.0399,0.1634,0.0016,0.2586,,,gnm_closed_loop,0.2,0.0399,False,0,,isaac_physics_smoke_20260708,,mnv2_ema0999,,,,,,,False,hospital_fresh_short_F,1.5245,True,0.6535,0.0399,0.2,0.0399,True,armed,False,
physeval_ema_F_20260708_172828,145,12.133334,1783528112.143524,2.021155,0.499925,-0.0,-3.141286,0.2,0.0399,0.199834,-0.002315,camera_link,12.133334,gnm_closed_loop,,nominal,,True,ok,checkpoints/ablation_mnv2_ema0999/best.pt,4.9,0.6535,0.0399,0.1634,0.0016,0.2586,,,gnm_closed_loop,0.2,0.0399,False,0,,isaac_physics_smoke_20260708,,mnv2_ema0999,,,,,,,False,hospital_fresh_short_F,1.5212,True,0.6535,0.0399,0.2,0.0399,True,armed,False,
physeval_ema_F_20260708_172828,146,12.150001,1783528112.145599,2.01783,0.499924,-0.0,-3.141284,0.2,0.0399,0.199834,-0.002315,camera_link,12.150001,gnm_closed_loop,,nominal,,True,ok,checkpoints/ablation_mnv2_ema0999/best.pt,4.9,0.6535,0.0399,0.1634,0.0016,0.2586,,,gnm_closed_loop,0.2,0.0399,False,0,,isaac_physics_smoke_20260708,,mnv2_ema0999,,,,,,,False,hospital_fresh_short_F,1.5178,True,0.6535,0.0399,0.2,0.0399,True,armed,False,
physeval_ema_F_20260708_172828,147,12.166667,1783528112.160942,2.014505,0.499923,-0.0,-3.141283,0.2,0.0343,0.19986,-0.002435,camera_link,12.166667,gnm_closed_loop,,nominal,,True,ok,checkpoints/ablation_mnv2_ema0999/best.pt,4.45,0.6465,0.0343,0.1616,0.0014,0.2593,,,gnm_closed_loop,0.2,0.0343,False,0,,isaac_physics_smoke_20260708,,mnv2_ema0999,,,,,,,False,hospital_fresh_short_F,1.5145,True,0.6465,0.0343,0.2,0.0343,True,armed,False,
physeval_ema_F_20260708_172828,148,12.183334,1783528112.163928,2.011181,0.499922,-0.0,-3.141281,0.2,0.0343,0.19986,-0.002435,camera_link,12.183334,gnm_closed_loop,,nominal,,True,ok,checkpoints/ablation_mnv2_ema0999/best.pt,4.45,0.6465,0.0343,0.1616,0.0014,0.2593,,,gnm_closed_loop,0.2,0.0343,False,0,,isaac_physics_smoke_20260708,,mnv2_ema0999,,,,,,,False,hospital_fresh_short_F,1.5112,True,0.6465,0.0343,0.2,0.0343,True,armed,False,
physeval_ema_F_20260708_172828,149,12.200001,1783528112.166299,2.007857,0.499921,-0.0,-3.14128,0.2,0.0343,0.19986,-0.002435,camera_link,12.200001,gnm_closed_loop,,nominal,,True,ok,checkpoints/ablation_mnv2_ema0999/best.pt,4.45,0.6465,0.0343,0.1616,0.0014,0.2593,,,gnm_closed_loop,0.2,0.0343,False,0,,isaac_physics_smoke_20260708,,mnv2_ema0999,,,,,,,False,hospital_fresh_short_F,1.5079,True,0.6465,0.0343,0.2,0.0343,True,armed,False,
physeval_ema_F_20260708_172828,150,12.216667,1783528112.180445,2.004532,0.49992,-0.0,-3.141279,0.2,0.0338,0.199823,-0.001901,camera_link,12.216667,gnm_closed_loop,,nominal,,True,ok,checkpoints/ablation_mnv2_ema0999/best.pt,4.46,0.6538,0.0338,0.1634,0.0014,0.2623,,,gnm_closed_loop,0.2,0.0338,False,0,,isaac_physics_smoke_20260708,,mnv2_ema0999,,,,,,,False,hospital_fresh_short_F,1.5045,True,0.6538,0.0338,0.2,0.0338,True,armed,False,
physeval_ema_F_20260708_172828,151,12.233334,1783528112.183392,2.001208,0.499919,-0.0,-3.141278,0.2,0.0338,0.199823,-0.001901,camera_link,12.233334,gnm_closed_loop,,nominal,,True,ok,checkpoints/ablation_mnv2_ema0999/best.pt,4.46,0.6538,0.0338,0.1634,0.0014,0.2623,,,gnm_closed_loop,0.2,0.0338,False,0,,isaac_physics_smoke_20260708,,mnv2_ema0999,,,,,,,False,hospital_fresh_short_F,1.5012,True,0.6538,0.0338,0.2,0.0338,True,armed,False,
physeval_ema_F_20260708_172828,152,12.250001,1783528112.185344,1.997883,0.499918,-0.0,-3.141276,0.2,0.0338,0.199823,-0.001901,camera_link,12.250001,gnm_closed_loop,,nominal,,True,ok,checkpoints/ablation_mnv2_ema0999/best.pt,4.46,0.6538,0.0338,0.1634,0.0014,0.2623,,,gnm_closed_loop,0.2,0.0338,False,0,,isaac_physics_smoke_20260708,,mnv2_ema0999,,,,,,,False,hospital_fresh_short_F,1.4979,True,0.6538,0.0338,0.2,0.0338,True,armed,False,
physeval_ema_F_20260708_172828,153,12.266667,1783528112.201291,1.994559,0.499917,-0.0,-3.141275,0.2,0.034,0.199847,-0.002015,camera_link,12.266667,gnm_closed_loop,,nominal,,True,ok,checkpoints/ablation_mnv2_ema0999/best.pt,4.99,0.6566,0.034,0.1641,0.0014,0.2645,,,gnm_closed_loop,0.2,0.034,False,0,,isaac_physics_smoke_20260708,,mnv2_ema0999,,,,,,,False,hospital_fresh_short_F,1.4946,True,0.6566,0.034,0.2,0.034,True,armed,False,
physeval_ema_F_20260708_172828,154,12.283334,1783528112.203873,1.991234,0.499916,-0.0,-3.141273,0.2,0.034,0.199847,-0.002015,camera_link,12.283334,gnm_closed_loop,,nominal,,True,ok,checkpoints/ablation_mnv2_ema0999/best.pt,4.99,0.6566,0.034,0.1641,0.0014,0.2645,,,gnm_closed_loop,0.2,0.034,False,0,,isaac_physics_smoke_20260708,,mnv2_ema0999,,,,,,,False,hospital_fresh_short_F,1.4912,True,0.6566,0.034,0.2,0.034,True,armed,False,
physeval_ema_F_20260708_172828,155,12.300001,1783528112.205831,1.987909,0.499915,-0.0,-3.141272,0.2,0.034,0.199847,-0.002015,camera_link,12.300001,gnm_closed_loop,,nominal,,True,ok,checkpoints/ablation_mnv2_ema0999/best.pt,4.99,0.6566,0.034,0.1641,0.0014,0.2645,,,gnm_closed_loop,0.2,0.034,False,0,,isaac_physics_smoke_20260708,,mnv2_ema0999,,,,,,,False,hospital_fresh_short_F,1.4879,True,0.6566,0.034,0.2,0.034,True,armed,False,
physeval_ema_F_20260708_172828,156,12.316667,1783528112.221475,1.984585,0.499914,-0.0,-3.141271,0.2,0.034,0.199861,-0.001446,camera_link,12.316667,gnm_closed_loop,,nominal,,True,ok,checkpoints/ablation_mnv2_ema0999/best.pt,4.68,0.6467,0.034,0.1617,0.0014,0.2688,,,gnm_closed_loop,0.2,0.034,False,0,,isaac_physics_smoke_20260708,,mnv2_ema0999,,,,,,,False,hospital_fresh_short_F,1.4846,True,0.6467,0.034,0.2,0.034,True,armed,False,
physeval_ema_F_20260708_172828,157,12.333334,1783528112.223899,1.98126,0.499913,-0.0,-3.141269,0.2,0.034,0.199861,-0.001446,camera_link,12.333334,gnm_closed_loop,,nominal,,True,ok,checkpoints/ablation_mnv2_ema0999/best.pt,4.68,0.6467,0.034,0.1617,0.0014,0.2688,,,gnm_closed_loop,0.2,0.034,False,0,,isaac_physics_smoke_20260708,,mnv2_ema0999,,,,,,,False,hospital_fresh_short_F,1.4813,True,0.6467,0.034,0.2,0.034,True,armed,False,
physeval_ema_F_20260708_172828,158,12.350001,1783528112.225774,1.977936,0.499912,-0.0,-3.141268,0.2,0.034,0.199861,-0.001446,camera_link,12.350001,gnm_closed_loop,,nominal,,True,ok,checkpoints/ablation_mnv2_ema0999/best.pt,4.68,0.6467,0.034,0.1617,0.0014,0.2688,,,gnm_closed_loop,0.2,0.034,False,0,,isaac_physics_smoke_20260708,,mnv2_ema0999,,,,,,,False,hospital_fresh_short_F,1.4779,True,0.6467,0.034,0.2,0.034,True,armed,False,
physeval_ema_F_20260708_172828,159,12.366667,1783528112.241457,1.974611,0.499911,-0.0,-3.141267,0.2,0.0354,0.199857,-0.001712,camera_link,12.366667,gnm_closed_loop,,nominal,,True,ok,checkpoints/ablation_mnv2_ema0999/best.pt,4.4,0.6453,0.0354,0.1613,0.0014,0.2724,,,gnm_closed_loop,0.2,0.0354,False,0,,isaac_physics_smoke_20260708,,mnv2_ema0999,,,,,,,False,hospital_fresh_short_F,1.4746,True,0.6453,0.0354,0.2,0.0354,True,armed,False,
physeval_ema_F_20260708_172828,160,12.383334,1783528112.24439,1.971287,0.49991,-0.0,-3.141265,0.2,0.0354,0.199857,-0.001712,camera_link,12.383334,gnm_closed_loop,,nominal,,True,ok,checkpoints/ablation_mnv2_ema0999/best.pt,4.4,0.6453,0.0354,0.1613,0.0014,0.2724,,,gnm_closed_loop,0.2,0.0354,False,0,,isaac_physics_smoke_20260708,,mnv2_ema0999,,,,,,,False,hospital_fresh_short_F,1.4713,True,0.6453,0.0354,0.2,0.0354,True,armed,False,
physeval_ema_F_20260708_172828,161,12.400001,1783528112.247365,1.967962,0.499909,-0.0,-3.141264,0.2,0.0354,0.199857,-0.001712,camera_link,12.400001,gnm_closed_loop,,nominal,,True,ok,checkpoints/ablation_mnv2_ema0999/best.pt,4.4,0.6453,0.0354,0.1613,0.0014,0.2724,,,gnm_closed_loop,0.2,0.0354,False,0,,isaac_physics_smoke_20260708,,mnv2_ema0999,,,,,,,False,hospital_fresh_short_F,1.468,True,0.6453,0.0354,0.2,0.0354,True,armed,False,
physeval_ema_F_20260708_172828,162,12.416667,1783528112.264391,1.964637,0.499908,-0.0,-3.141262,0.2,0.0375,0.199849,-0.001531,camera_link,12.416667,gnm_closed_loop,,nominal,,True,ok,checkpoints/ablation_mnv2_ema0999/best.pt,4.52,0.6461,0.0375,0.1615,0.0015,0.2703,,,gnm_closed_loop,0.2,0.0375,False,0,,isaac_physics_smoke_20260708,,mnv2_ema0999,,,,,,,False,hospital_fresh_short_F,1.4646,True,0.6461,0.0375,0.2,0.0375,True,armed,False,
physeval_ema_F_20260708_172828,163,12.433334,1783528112.267196,1.961313,0.499907,-0.0,-3.141261,0.2,0.0375,0.199849,-0.001531,camera_link,12.433334,gnm_closed_loop,,nominal,,True,ok,checkpoints/ablation_mnv2_ema0999/best.pt,4.52,0.6461,0.0375,0.1615,0.0015,0.2703,,,gnm_closed_loop,0.2,0.0375,False,0,,isaac_physics_smoke_20260708,,mnv2_ema0999,,,,,,,False,hospital_fresh_short_F,1.4613,True,0.6461,0.0375,0.2,0.0375,True,armed,False,
physeval_ema_F_20260708_172828,164,12.450001,1783528112.269809,1.957988,0.499906,-0.0,-3.14126,0.2,0.0375,0.199849,-0.001531,camera_link,12.450001,gnm_closed_loop,,nominal,,True,ok,checkpoints/ablation_mnv2_ema0999/best.pt,4.52,0.6461,0.0375,0.1615,0.0015,0.2703,,,gnm_closed_loop,0.2,0.0375,False,0,,isaac_physics_smoke_20260708,,mnv2_ema0999,,,,,,,False,hospital_fresh_short_F,1.458,True,0.6461,0.0375,0.2,0.0375,True,armed,False,
physeval_ema_F_20260708_172828,165,12.466667,1783528112.292501,1.954663,0.499905,-0.0,-3.141258,0.2,0.0383,0.199853,-0.002048,camera_link,12.466667,gnm_closed_loop,,nominal,,True,ok,checkpoints/ablation_mnv2_ema0999/best.pt,6.69,0.6414,0.0383,0.1603,0.0015,0.2674,,,gnm_closed_loop,0.2,0.0383,False,0,,isaac_physics_smoke_20260708,,mnv2_ema0999,,,,,,,False,hospital_fresh_short_F,1.4547,True,0.6414,0.0383,0.2,0.0383,True,armed,False,
physeval_ema_F_20260708_172828,166,12.483334,1783528112.297502,1.951339,0.499904,-0.0,-3.141257,0.2,0.0383,0.199853,-0.002048,camera_link,12.483334,gnm_closed_loop,,nominal,,True,ok,checkpoints/ablation_mnv2_ema0999/best.pt,6.69,0.6414,0.0383,0.1603,0.0015,0.2674,,,gnm_closed_loop,0.2,0.0383,False,0,,isaac_physics_smoke_20260708,,mnv2_ema0999,,,,,,,False,hospital_fresh_short_F,1.4513,True,0.6414,0.0383,0.2,0.0383,True,armed,False,
physeval_ema_F_20260708_172828,167,12.500001,1783528112.300569,1.948014,0.499903,-0.0,-3.141255,0.2,0.0383,0.199853,-0.002048,camera_link,12.500001,gnm_closed_loop,,nominal,,True,ok,checkpoints/ablation_mnv2_ema0999/best.pt,6.69,0.6414,0.0383,0.1603,0.0015,0.2674,,,gnm_closed_loop,0.2,0.0383,False,0,,isaac_physics_smoke_20260708,,mnv2_ema0999,,,,,,,False,hospital_fresh_short_F,1.448,True,0.6414,0.0383,0.2,0.0383,True,armed,False,
physeval_ema_F_20260708_172828,168,12.516667,1783528112.323455,1.94469,0.499902,-0.0,-3.141254,0.2,0.0385,0.199852,-0.00223,camera_link,12.516667,gnm_closed_loop,,nominal,,True,ok,checkpoints/ablation_mnv2_ema0999/best.pt,6.67,0.6365,0.0385,0.1591,0.0015,0.271,,,gnm_closed_loop,0.2,0.0385,False,0,,isaac_physics_smoke_20260708,,mnv2_ema0999,,,,,,,False,hospital_fresh_short_F,1.4447,True,0.6365,0.0385,0.2,0.0385,True,armed,False,
physeval_ema_F_20260708_172828,169,12.533334,1783528112.3261,1.941365,0.499901,-0.0,-3.141252,0.2,0.0385,0.199852,-0.00223,camera_link,12.533334,gnm_closed_loop,,nominal,,True,ok,checkpoints/ablation_mnv2_ema0999/best.pt,6.67,0.6365,0.0385,0.1591,0.0015,0.271,,,gnm_closed_loop,0.2,0.0385,False,0,,isaac_physics_smoke_20260708,,mnv2_ema0999,,,,,,,False,hospital_fresh_short_F,1.4414,True,0.6365,0.0385,0.2,0.0385,True,armed,False,
physeval_ema_F_20260708_172828,170,12.550001,1783528112.328052,1.938041,0.4999,-0.0,-3.141251,0.2,0.0385,0.199852,-0.00223,camera_link,12.550001,gnm_closed_loop,,nominal,,True,ok,checkpoints/ablation_mnv2_ema0999/best.pt,6.67,0.6365,0.0385,0.1591,0.0015,0.271,,,gnm_closed_loop,0.2,0.0385,False,0,,isaac_physics_smoke_20260708,,mnv2_ema0999,,,,,,,False,hospital_fresh_short_F,1.438,True,0.6365,0.0385,0.2,0.0385,True,armed,False,
physeval_ema_F_20260708_172828,171,12.566667,1783528112.344816,1.934716,0.499899,-0.0,-3.141249,0.2,0.0351,0.199854,-0.002172,camera_link,12.566667,gnm_closed_loop,,nominal,,True,ok,checkpoints/ablation_mnv2_ema0999/best.pt,4.81,0.6219,0.0351,0.1555,0.0014,0.2749,,,gnm_closed_loop,0.2,0.0351,False,0,,isaac_physics_smoke_20260708,,mnv2_ema0999,,,,,,,False,hospital_fresh_short_F,1.4347,True,0.6219,0.0351,0.2,0.0351,True,armed,False,
physeval_ema_F_20260708_172828,172,12.583334,1783528112.347553,1.931391,0.499898,-0.0,-3.141248,0.2,0.0351,0.199854,-0.002172,camera_link,12.583334,gnm_closed_loop,,nominal,,True,ok,checkpoints/ablation_mnv2_ema0999/best.pt,4.81,0.6219,0.0351,0.1555,0.0014,0.2749,,,gnm_closed_loop,0.2,0.0351,False,0,,isaac_physics_smoke_20260708,,mnv2_ema0999,,,,,,,False,hospital_fresh_short_F,1.4314,True,0.6219,0.0351,0.2,0.0351,True,armed,False,
physeval_ema_F_20260708_172828,173,12.600001,1783528112.349527,1.928066,0.499897,-0.0,-3.141247,0.2,0.0351,0.199854,-0.002172,camera_link,12.600001,gnm_closed_loop,,nominal,,True,ok,checkpoints/ablation_mnv2_ema0999/best.pt,4.81,0.6219,0.0351,0.1555,0.0014,0.2749,,,gnm_closed_loop,0.2,0.0351,False,0,,isaac_physics_smoke_20260708,,mnv2_ema0999,,,,,,,False,hospital_fresh_short_F,1.4281,True,0.6219,0.0351,0.2,0.0351,True,armed,False,
physeval_ema_F_20260708_172828,174,12.616667,1783528112.368639,1.924741,0.499895,-0.0,-3.141245,0.2,0.0339,0.199844,-0.002308,camera_link,12.616667,gnm_closed_loop,,nominal,,True,ok,checkpoints/ablation_mnv2_ema0999/best.pt,4.56,0.6212,0.0339,0.1553,0.0013,0.2754,,,gnm_closed_loop,0.2,0.0339,False,0,,isaac_physics_smoke_20260708,,mnv2_ema0999,,,,,,,False,hospital_fresh_short_F,1.4247,True,0.6212,0.0339,0.2,0.0339,True,armed,False,
physeval_ema_F_20260708_172828,175,12.633334,1783528112.370948,1.921417,0.499894,-0.0,-3.141244,0.2,0.0339,0.199844,-0.002308,camera_link,12.633334,gnm_closed_loop,,nominal,,True,ok,checkpoints/ablation_mnv2_ema0999/best.pt,4.56,0.6212,0.0339,0.1553,0.0013,0.2754,,,gnm_closed_loop,0.2,0.0339,False,0,,isaac_physics_smoke_20260708,,mnv2_ema0999,,,,,,,False,hospital_fresh_short_F,1.4214,True,0.6212,0.0339,0.2,0.0339,True,armed,False,
physeval_ema_F_20260708_172828,176,12.650001,1783528112.372824,1.918093,0.499893,-0.0,-3.141243,0.2,0.0339,0.199844,-0.002308,camera_link,12.650001,gnm_closed_loop,,nominal,,True,ok,checkpoints/ablation_mnv2_ema0999/best.pt,4.56,0.6212,0.0339,0.1553,0.0013,0.2754,,,gnm_closed_loop,0.2,0.0339,False,0,,isaac_physics_smoke_20260708,,mnv2_ema0999,,,,,,,False,hospital_fresh_short_F,1.4181,True,0.6212,0.0339,0.2,0.0339,True,armed,False,
physeval_ema_F_20260708_172828,177,12.666667,1783528112.390443,1.914768,0.499892,-0.0,-3.141242,0.2,0.0395,0.199856,-0.002186,camera_link,12.666667,gnm_closed_loop,,nominal,,True,ok,checkpoints/ablation_mnv2_ema0999/best.pt,4.24,0.632,0.0395,0.158,0.0016,0.2708,,,gnm_closed_loop,0.2,0.0395,False,0,,isaac_physics_smoke_20260708,,mnv2_ema0999,,,,,,,False,hospital_fresh_short_F,1.4148,True,0.632,0.0395,0.2,0.0395,True,armed,False,
physeval_ema_F_20260708_172828,178,12.683334,1783528112.392744,1.911443,0.499891,-0.0,-3.141241,0.2,0.0395,0.199856,-0.002186,camera_link,12.683334,gnm_closed_loop,,nominal,,True,ok,checkpoints/ablation_mnv2_ema0999/best.pt,4.24,0.632,0.0395,0.158,0.0016,0.2708,,,gnm_closed_loop,0.2,0.0395,False,0,,isaac_physics_smoke_20260708,,mnv2_ema0999,,,,,,,False,hospital_fresh_short_F,1.4114,True,0.632,0.0395,0.2,0.0395,True,armed,False,
physeval_ema_F_20260708_172828,179,12.700001,1783528112.394742,1.908119,0.49989,-0.0,-3.141239,0.2,0.0395,0.199856,-0.002186,camera_link,12.700001,gnm_closed_loop,,nominal,,True,ok,checkpoints/ablation_mnv2_ema0999/best.pt,4.24,0.632,0.0395,0.158,0.0016,0.2708,,,gnm_closed_loop,0.2,0.0395,False,0,,isaac_physics_smoke_20260708,,mnv2_ema0999,,,,,,,False,hospital_fresh_short_F,1.4081,True,0.632,0.0395,0.2,0.0395,True,armed,False,
physeval_ema_F_20260708_172828,180,12.716667,1783528112.416561,1.904794,0.499889,-0.0,-3.141237,0.2,0.0431,0.199867,-0.002882,camera_link,12.716667,gnm_closed_loop,,nominal,,True,ok,checkpoints/ablation_mnv2_ema0999/best.pt,5.73,0.6375,0.0431,0.1594,0.0017,0.2658,,,gnm_closed_loop,0.2,0.0431,False,0,,isaac_physics_smoke_20260708,,mnv2_ema0999,,,,,,,False,hospital_fresh_short_F,1.4048,True,0.6375,0.0431,0.2,0.0431,True,armed,False,
physeval_ema_F_20260708_172828,181,12.733334,1783528112.420077,1.901469,0.499888,-0.0,-3.141235,0.2,0.0431,0.199867,-0.002882,camera_link,12.733334,gnm_closed_loop,,nominal,,True,ok,checkpoints/ablation_mnv2_ema0999/best.pt,5.73,0.6375,0.0431,0.1594,0.0017,0.2658,,,gnm_closed_loop,0.2,0.0431,False,0,,isaac_physics_smoke_20260708,,mnv2_ema0999,,,,,,,False,hospital_fresh_short_F,1.4015,True,0.6375,0.0431,0.2,0.0431,True,armed,False,
physeval_ema_F_20260708_172828,182,12.750001,1783528112.422153,1.898145,0.499886,-0.0,-3.141234,0.2,0.0431,0.199867,-0.002882,camera_link,12.750001,gnm_closed_loop,,nominal,,True,ok,checkpoints/ablation_mnv2_ema0999/best.pt,5.73,0.6375,0.0431,0.1594,0.0017,0.2658,,,gnm_closed_loop,0.2,0.0431,False,0,,isaac_physics_smoke_20260708,,mnv2_ema0999,,,,,,,False,hospital_fresh_short_F,1.3981,True,0.6375,0.0431,0.2,0.0431,True,armed,False,
physeval_ema_F_20260708_172828,183,12.766667,1783528112.440408,1.894819,0.499885,-0.0,-3.141232,0.2,0.0424,0.199873,-0.002561,camera_link,12.766667,gnm_closed_loop,,nominal,,True,ok,checkpoints/ablation_mnv2_ema0999/best.pt,4.83,0.6377,0.0424,0.1594,0.0017,0.2641,,,gnm_closed_loop,0.2,0.0424,False,0,,isaac_physics_smoke_20260708,,mnv2_ema0999,,,,,,,False,hospital_fresh_short_F,1.3948,True,0.6377,0.0424,0.2,0.0424,True,armed,False,
physeval_ema_F_20260708_172828,184,12.783334,1783528112.443102,1.891495,0.499884,-0.0,-3.14123,0.2,0.0424,0.199873,-0.002561,camera_link,12.783334,gnm_closed_loop,,nominal,,True,ok,checkpoints/ablation_mnv2_ema0999/best.pt,4.83,0.6377,0.0424,0.1594,0.0017,0.2641,,,gnm_closed_loop,0.2,0.0424,False,0,,isaac_physics_smoke_20260708,,mnv2_ema0999,,,,,,,False,hospital_fresh_short_F,1.3915,True,0.6377,0.0424,0.2,0.0424,True,armed,False,
physeval_ema_F_20260708_172828,185,12.800001,1783528112.445716,1.88817,0.499883,-0.0,-3.141228,0.2,0.0424,0.199873,-0.002561,camera_link,12.800001,gnm_closed_loop,,nominal,,True,ok,checkpoints/ablation_mnv2_ema0999/best.pt,4.83,0.6377,0.0424,0.1594,0.0017,0.2641,,,gnm_closed_loop,0.2,0.0424,False,0,,isaac_physics_smoke_20260708,,mnv2_ema0999,,,,,,,False,hospital_fresh_short_F,1.3882,True,0.6377,0.0424,0.2,0.0424,True,armed,False,
physeval_ema_F_20260708_172828,186,12.816667,1783528112.462708,1.884845,0.499882,-0.0,-3.141226,0.2,0.0393,0.199846,-0.002828,camera_link,12.816667,gnm_closed_loop,,nominal,,True,ok,checkpoints/ablation_mnv2_ema0999/best.pt,4.37,0.6404,0.0393,0.1601,0.0016,0.2625,,,gnm_closed_loop,0.2,0.0393,False,0,,isaac_physics_smoke_20260708,,mnv2_ema0999,,,,,,,False,hospital_fresh_short_F,1.3848,True,0.6404,0.0393,0.2,0.0393,True,armed,False,
physeval_ema_F_20260708_172828,187,12.833334,1783528112.465246,1.88152,0.499881,-0.0,-3.141224,0.2,0.0393,0.199846,-0.002828,camera_link,12.833334,gnm_closed_loop,,nominal,,True,ok,checkpoints/ablation_mnv2_ema0999/best.pt,4.37,0.6404,0.0393,0.1601,0.0016,0.2625,,,gnm_closed_loop,0.2,0.0393,False,0,,isaac_physics_smoke_20260708,,mnv2_ema0999,,,,,,,False,hospital_fresh_short_F,1.3815,True,0.6404,0.0393,0.2,0.0393,True,armed,False,
physeval_ema_F_20260708_172828,188,12.850001,1783528112.467225,1.878196,0.49988,-0.0,-3.141223,0.2,0.0393,0.199846,-0.002828,camera_link,12.850001,gnm_closed_loop,,nominal,,True,ok,checkpoints/ablation_mnv2_ema0999/best.pt,4.37,0.6404,0.0393,0.1601,0.0016,0.2625,,,gnm_closed_loop,0.2,0.0393,False,0,,isaac_physics_smoke_20260708,,mnv2_ema0999,,,,,,,False,hospital_fresh_short_F,1.3782,True,0.6404,0.0393,0.2,0.0393,True,armed,False,
physeval_ema_F_20260708_172828,189,12.866667,1783528112.483828,1.874871,0.499879,-0.0,-3.141221,0.2,0.0363,0.199857,-0.002486,camera_link,12.866667,gnm_closed_loop,,nominal,,True,ok,checkpoints/ablation_mnv2_ema0999/best.pt,4.72,0.6271,0.0363,0.1568,0.0014,0.2674,,,gnm_closed_loop,0.2,0.0363,False,0,,isaac_physics_smoke_20260708,,mnv2_ema0999,,,,,,,False,hospital_fresh_short_F,1.3749,True,0.6271,0.0363,0.2,0.0363,True,armed,False,
physeval_ema_F_20260708_172828,190,12.883334,1783528112.486427,1.871546,0.499877,-0.0,-3.14122,0.2,0.0363,0.199857,-0.002486,camera_link,12.883334,gnm_closed_loop,,nominal,,True,ok,checkpoints/ablation_mnv2_ema0999/best.pt,4.72,0.6271,0.0363,0.1568,0.0014,0.2674,,,gnm_closed_loop,0.2,0.0363,False,0,,isaac_physics_smoke_20260708,,mnv2_ema0999,,,,,,,False,hospital_fresh_short_F,1.3715,True,0.6271,0.0363,0.2,0.0363,True,armed,False,
physeval_ema_F_20260708_172828,191,12.900001,1783528112.488805,1.868222,0.499876,-0.0,-3.141218,0.2,0.0363,0.199857,-0.002486,camera_link,12.900001,gnm_closed_loop,,nominal,,True,ok,checkpoints/ablation_mnv2_ema0999/best.pt,4.72,0.6271,0.0363,0.1568,0.0014,0.2674,,,gnm_closed_loop,0.2,0.0363,False,0,,isaac_physics_smoke_20260708,,mnv2_ema0999,,,,,,,False,hospital_fresh_short_F,1.3682,True,0.6271,0.0363,0.2,0.0363,True,armed,False,
physeval_ema_F_20260708_172828,192,12.916667,1783528112.510655,1.864898,0.499875,-0.0,-3.141217,0.2,0.0335,0.199857,-0.002459,camera_link,12.916667,gnm_closed_loop,,nominal,,True,ok,checkpoints/ablation_mnv2_ema0999/best.pt,5.03,0.575,0.0335,0.1438,0.0012,0.2762,,,gnm_closed_loop,0.2,0.0335,False,0,,isaac_physics_smoke_20260708,,mnv2_ema0999,,,,,,,False,hospital_fresh_short_F,1.3649,True,0.575,0.0335,0.2,0.0335,True,armed,False,
physeval_ema_F_20260708_172828,193,12.933334,1783528112.51285,1.861574,0.499874,-0.0,-3.141216,0.2,0.0335,0.199857,-0.002459,camera_link,12.933334,gnm_closed_loop,,nominal,,True,ok,checkpoints/ablation_mnv2_ema0999/best.pt,5.03,0.575,0.0335,0.1438,0.0012,0.2762,,,gnm_closed_loop,0.2,0.0335,False,0,,isaac_physics_smoke_20260708,,mnv2_ema0999,,,,,,,False,hospital_fresh_short_F,1.3616,True,0.575,0.0335,0.2,0.0335,True,armed,False,
physeval_ema_F_20260708_172828,194,12.950001,1783528112.515879,1.858249,0.499873,-0.0,-3.141214,0.2,0.0335,0.199857,-0.002459,camera_link,12.950001,gnm_closed_loop,,nominal,,True,ok,checkpoints/ablation_mnv2_ema0999/best.pt,5.03,0.575,0.0335,0.1438,0.0012,0.2762,,,gnm_closed_loop,0.2,0.0335,False,0,,isaac_physics_smoke_20260708,,mnv2_ema0999,,,,,,,False,hospital_fresh_short_F,1.3582,True,0.575,0.0335,0.2,0.0335,True,armed,False,
physeval_ema_F_20260708_172828,195,12.966667,1783528112.535727,1.854924,0.499871,-0.0,-3.141213,0.2,0.0429,0.199849,-0.001339,camera_link,12.966667,gnm_closed_loop,,nominal,,True,ok,checkpoints/ablation_mnv2_ema0999/best.pt,5.03,0.5467,0.0429,0.1367,0.0015,0.2827,,,gnm_closed_loop,0.2,0.0429,False,0,,isaac_physics_smoke_20260708,,mnv2_ema0999,,,,,,,False,hospital_fresh_short_F,1.3549,True,0.5467,0.0429,0.2,0.0429,True,armed,False,
physeval_ema_F_20260708_172828,196,12.983334,1783528112.538628,1.8516,0.49987,-0.0,-3.141212,0.2,0.0429,0.199849,-0.001339,camera_link,12.983334,gnm_closed_loop,,nominal,,True,ok,checkpoints/ablation_mnv2_ema0999/best.pt,5.03,0.5467,0.0429,0.1367,0.0015,0.2827,,,gnm_closed_loop,0.2,0.0429,False,0,,isaac_physics_smoke_20260708,,mnv2_ema0999,,,,,,,False,hospital_fresh_short_F,1.3516,True,0.5467,0.0429,0.2,0.0429,True,armed,False,
physeval_ema_F_20260708_172828,197,13.000001,1783528112.540694,1.848275,0.499869,-0.0,-3.14121,0.2,0.0429,0.199849,-0.001339,camera_link,13.000001,gnm_closed_loop,,nominal,,True,ok,checkpoints/ablation_mnv2_ema0999/best.pt,5.03,0.5467,0.0429,0.1367,0.0015,0.2827,,,gnm_closed_loop,0.2,0.0429,False,0,,isaac_physics_smoke_20260708,,mnv2_ema0999,,,,,,,False,hospital_fresh_short_F,1.3483,True,0.5467,0.0429,0.2,0.0429,True,armed,False,
physeval_ema_F_20260708_172828,198,13.016667,1783528112.557671,1.84495,0.499868,-0.0,-3.141208,0.2,0.0487,0.199841,-0.002044,camera_link,13.016667,gnm_closed_loop,,nominal,,True,ok,checkpoints/ablation_mnv2_ema0999/best.pt,4.94,0.5347,0.0487,0.1337,0.0016,0.2848,,,gnm_closed_loop,0.2,0.0487,False,0,,isaac_physics_smoke_20260708,,mnv2_ema0999,,,,,,,False,hospital_fresh_short_F,1.345,True,0.5347,0.0487,0.2,0.0487,True,armed,False,
physeval_ema_F_20260708_172828,199,13.033334,1783528112.561557,1.841626,0.499867,-0.0,-3.141206,0.2,0.0487,0.199841,-0.002044,camera_link,13.033334,gnm_closed_loop,,nominal,,True,ok,checkpoints/ablation_mnv2_ema0999/best.pt,4.94,0.5347,0.0487,0.1337,0.0016,0.2848,,,gnm_closed_loop,0.2,0.0487,False,0,,isaac_physics_smoke_20260708,,mnv2_ema0999,,,,,,,False,hospital_fresh_short_F,1.3416,True,0.5347,0.0487,0.2,0.0487,True,armed,False,
physeval_ema_F_20260708_172828,200,13.050001,1783528112.564556,1.838301,0.499865,-0.0,-3.141205,0.2,0.0487,0.199841,-0.002044,camera_link,13.050001,gnm_closed_loop,,nominal,,True,ok,checkpoints/ablation_mnv2_ema0999/best.pt,4.94,0.5347,0.0487,0.1337,0.0016,0.2848,,,gnm_closed_loop,0.2,0.0487,False,0,,isaac_physics_smoke_20260708,,mnv2_ema0999,,,,,,,False,hospital_fresh_short_F,1.3383,True,0.5347,0.0487,0.2,0.0487,True,armed,False,
physeval_ema_F_20260708_172828,201,13.066667,1783528112.583721,1.834977,0.499864,-0.0,-3.141203,0.2,0.0489,0.199865,-0.002798,camera_link,13.066667,gnm_closed_loop,,nominal,,True,ok,checkpoints/ablation_mnv2_ema0999/best.pt,4.58,0.5417,0.0489,0.1354,0.0017,0.2843,,,gnm_closed_loop,0.2,0.0489,False,0,,isaac_physics_smoke_20260708,,mnv2_ema0999,,,,,,,False,hospital_fresh_short_F,1.335,True,0.5417,0.0489,0.2,0.0489,True,armed,False,
physeval_ema_F_20260708_172828,202,13.083334,1783528112.58756,1.831652,0.499863,-0.0,-3.141201,0.2,0.0489,0.199865,-0.002798,camera_link,13.083334,gnm_closed_loop,,nominal,,True,ok,checkpoints/ablation_mnv2_ema0999/best.pt,4.58,0.5417,0.0489,0.1354,0.0017,0.2843,,,gnm_closed_loop,0.2,0.0489,False,0,,isaac_physics_smoke_20260708,,mnv2_ema0999,,,,,,,False,hospital_fresh_short_F,1.3317,True,0.5417,0.0489,0.2,0.0489,True,armed,False,
physeval_ema_F_20260708_172828,203,13.100001,1783528112.59022,1.828328,0.499862,-0.0,-3.141199,0.2,0.0489,0.199865,-0.002798,camera_link,13.100001,gnm_closed_loop,,nominal,,True,ok,checkpoints/ablation_mnv2_ema0999/best.pt,4.58,0.5417,0.0489,0.1354,0.0017,0.2843,,,gnm_closed_loop,0.2,0.0489,False,0,,isaac_physics_smoke_20260708,,mnv2_ema0999,,,,,,,False,hospital_fresh_short_F,1.3283,True,0.5417,0.0489,0.2,0.0489,True,armed,False,
physeval_ema_F_20260708_172828,204,13.116667,1783528112.612129,1.825004,0.499861,-0.0,-3.141197,0.2,0.0409,0.199859,-0.002545,camera_link,13.116667,gnm_closed_loop,,nominal,,True,ok,checkpoints/ablation_mnv2_ema0999/best.pt,4.96,0.5813,0.0409,0.1453,0.0015,0.2817,,,gnm_closed_loop,0.2,0.0409,False,0,,isaac_physics_smoke_20260708,,mnv2_ema0999,,,,,,,False,hospital_fresh_short_F,1.325,True,0.5813,0.0409,0.2,0.0409,True,armed,False,
physeval_ema_F_20260708_172828,205,13.133334,1783528112.614763,1.821679,0.499859,-0.0,-3.141196,0.2,0.0409,0.199859,-0.002545,camera_link,13.133334,gnm_closed_loop,,nominal,,True,ok,checkpoints/ablation_mnv2_ema0999/best.pt,4.96,0.5813,0.0409,0.1453,0.0015,0.2817,,,gnm_closed_loop,0.2,0.0409,False,0,,isaac_physics_smoke_20260708,,mnv2_ema0999,,,,,,,False,hospital_fresh_short_F,1.3217,True,0.5813,0.0409,0.2,0.0409,True,armed,False,
physeval_ema_F_20260708_172828,206,13.150001,1783528112.616704,1.818355,0.499858,-0.0,-3.141194,0.2,0.0409,0.199859,-0.002545,camera_link,13.150001,gnm_closed_loop,,nominal,,True,ok,checkpoints/ablation_mnv2_ema0999/best.pt,4.96,0.5813,0.0409,0.1453,0.0015,0.2817,,,gnm_closed_loop,0.2,0.0409,False,0,,isaac_physics_smoke_20260708,,mnv2_ema0999,,,,,,,False,hospital_fresh_short_F,1.3184,True,0.5813,0.0409,0.2,0.0409,True,armed,False,
physeval_ema_F_20260708_172828,207,13.166667,1783528112.635192,1.815031,0.499857,-0.0,-3.141193,0.2,0.043,0.199864,-0.002278,camera_link,13.166667,gnm_closed_loop,,nominal,,True,ok,checkpoints/ablation_mnv2_ema0999/best.pt,4.87,0.581,0.043,0.1452,0.0016,0.2815,,,gnm_closed_loop,0.2,0.043,False,0,,isaac_physics_smoke_20260708,,mnv2_ema0999,,,,,,,False,hospital_fresh_short_F,1.315,True,0.581,0.043,0.2,0.043,True,armed,False,
physeval_ema_F_20260708_172828,208,13.183334,1783528112.637517,1.811706,0.499855,-0.0,-3.141191,0.2,0.043,0.199864,-0.002278,camera_link,13.183334,gnm_closed_loop,,nominal,,True,ok,checkpoints/ablation_mnv2_ema0999/best.pt,4.87,0.581,0.043,0.1452,0.0016,0.2815,,,gnm_closed_loop,0.2,0.043,False,0,,isaac_physics_smoke_20260708,,mnv2_ema0999,,,,,,,False,hospital_fresh_short_F,1.3117,True,0.581,0.043,0.2,0.043,True,armed,False,
physeval_ema_F_20260708_172828,209,13.200001,1783528112.639544,1.808381,0.499854,-0.0,-3.14119,0.2,0.043,0.199864,-0.002278,camera_link,13.200001,gnm_closed_loop,,nominal,,True,ok,checkpoints/ablation_mnv2_ema0999/best.pt,4.87,0.581,0.043,0.1452,0.0016,0.2815,,,gnm_closed_loop,0.2,0.043,False,0,,isaac_physics_smoke_20260708,,mnv2_ema0999,,,,,,,False,hospital_fresh_short_F,1.3084,True,0.581,0.043,0.2,0.043,True,armed,False,
physeval_ema_F_20260708_172828,210,13.216667,1783528112.655625,1.805056,0.499853,-0.0,-3.141188,0.2,0.0423,0.199867,-0.002235,camera_link,13.216667,gnm_closed_loop,,nominal,,True,ok,checkpoints/ablation_mnv2_ema0999/best.pt,4.84,0.5693,0.0423,0.1423,0.0015,0.2865,,,gnm_closed_loop,0.2,0.0423,False,0,,isaac_physics_smoke_20260708,,mnv2_ema0999,,,,,,,False,hospital_fresh_short_F,1.3051,True,0.5693,0.0423,0.2,0.0423,True,armed,False,
physeval_ema_F_20260708_172828,211,13.233334,1783528112.65824,1.801732,0.499852,-0.0,-3.141187,0.2,0.0423,0.199867,-0.002235,camera_link,13.233334,gnm_closed_loop,,nominal,,True,ok,checkpoints/ablation_mnv2_ema0999/best.pt,4.84,0.5693,0.0423,0.1423,0.0015,0.2865,,,gnm_closed_loop,0.2,0.0423,False,0,,isaac_physics_smoke_20260708,,mnv2_ema0999,,,,,,,False,hospital_fresh_short_F,1.3017,True,0.5693,0.0423,0.2,0.0423,True,armed,False,
physeval_ema_F_20260708_172828,212,13.250001,1783528112.66033,1.798407,0.499851,-0.0,-3.141185,0.2,0.0423,0.199867,-0.002235,camera_link,13.250001,gnm_closed_loop,,nominal,,True,ok,checkpoints/ablation_mnv2_ema0999/best.pt,4.84,0.5693,0.0423,0.1423,0.0015,0.2865,,,gnm_closed_loop,0.2,0.0423,False,0,,isaac_physics_smoke_20260708,,mnv2_ema0999,,,,,,,False,hospital_fresh_short_F,1.2984,True,0.5693,0.0423,0.2,0.0423,True,armed,False,
physeval_ema_F_20260708_172828,213,13.266667,1783528112.685793,1.795083,0.499849,-0.0,-3.141183,0.2,0.049,0.199847,-0.002088,camera_link,13.266667,gnm_closed_loop,,nominal,,True,ok,checkpoints/ablation_mnv2_ema0999/best.pt,10.28,0.5427,0.049,0.1357,0.0017,0.2865,,,gnm_closed_loop,0.2,0.049,False,0,,isaac_physics_smoke_20260708,,mnv2_ema0999,,,,,,,False,hospital_fresh_short_F,1.2951,True,0.5427,0.049,0.2,0.049,True,armed,False,
physeval_ema_F_20260708_172828,214,13.283334,1783528112.688455,1.791758,0.499848,-0.0,-3.141181,0.2,0.049,0.199847,-0.002088,camera_link,13.283334,gnm_closed_loop,,nominal,,True,ok,checkpoints/ablation_mnv2_ema0999/best.pt,10.28,0.5427,0.049,0.1357,0.0017,0.2865,,,gnm_closed_loop,0.2,0.049,False,0,,isaac_physics_smoke_20260708,,mnv2_ema0999,,,,,,,False,hospital_fresh_short_F,1.2918,True,0.5427,0.049,0.2,0.049,True,armed,False,
physeval_ema_F_20260708_172828,215,13.300001,1783528112.691723,1.788434,0.499847,-0.0,-3.14118,0.2,0.049,0.199847,-0.002088,camera_link,13.300001,gnm_closed_loop,,nominal,,True,ok,checkpoints/ablation_mnv2_ema0999/best.pt,10.28,0.5427,0.049,0.1357,0.0017,0.2865,,,gnm_closed_loop,0.2,0.049,False,0,,isaac_physics_smoke_20260708,,mnv2_ema0999,,,,,,,False,hospital_fresh_short_F,1.2884,True,0.5427,0.049,0.2,0.049,True,armed,False,
physeval_ema_F_20260708_172828,216,13.316667,1783528112.712323,1.785109,0.499845,-0.0,-3.141178,0.2,0.0516,0.199871,-0.002454,camera_link,13.316667,gnm_closed_loop,,nominal,,True,ok,checkpoints/ablation_mnv2_ema0999/best.pt,5.03,0.5337,0.0516,0.1334,0.0017,0.2788,,,gnm_closed_loop,0.2,0.0516,False,0,,isaac_physics_smoke_20260708,,mnv2_ema0999,,,,,,,False,hospital_fresh_short_F,1.2851,True,0.5337,0.0516,0.2,0.0516,True,armed,False,
physeval_ema_F_20260708_172828,217,13.333334,1783528112.715086,1.781784,0.499844,-0.0,-3.141176,0.2,0.0516,0.199871,-0.002454,camera_link,13.333334,gnm_closed_loop,,nominal,,True,ok,checkpoints/ablation_mnv2_ema0999/best.pt,5.03,0.5337,0.0516,0.1334,0.0017,0.2788,,,gnm_closed_loop,0.2,0.0516,False,0,,isaac_physics_smoke_20260708,,mnv2_ema0999,,,,,,,False,hospital_fresh_short_F,1.2818,True,0.5337,0.0516,0.2,0.0516,True,armed,False,
physeval_ema_F_20260708_172828,218,13.350001,1783528112.71848,1.778459,0.499843,-0.0,-3.141175,0.2,0.0516,0.199871,-0.002454,camera_link,13.350001,gnm_closed_loop,,nominal,,True,ok,checkpoints/ablation_mnv2_ema0999/best.pt,5.03,0.5337,0.0516,0.1334,0.0017,0.2788,,,gnm_closed_loop,0.2,0.0516,False,0,,isaac_physics_smoke_20260708,,mnv2_ema0999,,,,,,,False,hospital_fresh_short_F,1.2785,True,0.5337,0.0516,0.2,0.0516,True,armed,False,
physeval_ema_F_20260708_172828,219,13.366667,1783528112.738337,1.775135,0.499841,-0.0,-3.141173,0.2,0.0561,0.199862,-0.002353,camera_link,13.366667,gnm_closed_loop,,nominal,,True,ok,checkpoints/ablation_mnv2_ema0999/best.pt,4.98,0.5206,0.0561,0.1302,0.0018,0.2731,,,gnm_closed_loop,0.2,0.0561,False,0,,isaac_physics_smoke_20260708,,mnv2_ema0999,,,,,,,False,hospital_fresh_short_F,1.2751,True,0.5206,0.0561,0.2,0.0561,True,armed,False,
physeval_ema_F_20260708_172828,220,13.383334,1783528112.742485,1.77181,0.49984,-0.0,-3.141171,0.2,0.0561,0.199862,-0.002353,camera_link,13.383334,gnm_closed_loop,,nominal,,True,ok,checkpoints/ablation_mnv2_ema0999/best.pt,4.98,0.5206,0.0561,0.1302,0.0018,0.2731,,,gnm_closed_loop,0.2,0.0561,False,0,,isaac_physics_smoke_20260708,,mnv2_ema0999,,,,,,,False,hospital_fresh_short_F,1.2718,True,0.5206,0.0561,0.2,0.0561,True,armed,False,
physeval_ema_F_20260708_172828,221,13.400001,1783528112.745481,1.768486,0.499839,-0.0,-3.141169,0.2,0.0561,0.199862,-0.002353,camera_link,13.400001,gnm_closed_loop,,nominal,,True,ok,checkpoints/ablation_mnv2_ema0999/best.pt,4.98,0.5206,0.0561,0.1302,0.0018,0.2731,,,gnm_closed_loop,0.2,0.0561,False,0,,isaac_physics_smoke_20260708,,mnv2_ema0999,,,,,,,False,hospital_fresh_short_F,1.2685,True,0.5206,0.0561,0.2,0.0561,True,armed,False,
physeval_ema_F_20260708_172828,222,13.416667,1783528112.76276,1.765161,0.499837,-0.0,-3.141167,0.2,0.0603,0.19986,-0.002515,camera_link,13.416667,gnm_closed_loop,,nominal,,True,ok,checkpoints/ablation_mnv2_ema0999/best.pt,3.94,0.5044,0.0603,0.1261,0.0019,0.2705,,,gnm_closed_loop,0.2,0.0603,False,0,,isaac_physics_smoke_20260708,,mnv2_ema0999,,,,,,,False,hospital_fresh_short_F,1.2652,True,0.5044,0.0603,0.2,0.0603,True,armed,False,
physeval_ema_F_20260708_172828,223,13.433334,1783528112.765267,1.761836,0.499836,-0.0,-3.141165,0.2,0.0603,0.19986,-0.002515,camera_link,13.433334,gnm_closed_loop,,nominal,,True,ok,checkpoints/ablation_mnv2_ema0999/best.pt,3.94,0.5044,0.0603,0.1261,0.0019,0.2705,,,gnm_closed_loop,0.2,0.0603,False,0,,isaac_physics_smoke_20260708,,mnv2_ema0999,,,,,,,False,hospital_fresh_short_F,1.2618,True,0.5044,0.0603,0.2,0.0603,True,armed,False,
physeval_ema_F_20260708_172828,224,13.450001,1783528112.767277,1.758511,0.499835,-0.0,-3.141163,0.2,0.0603,0.19986,-0.002515,camera_link,13.450001,gnm_closed_loop,,nominal,,True,ok,checkpoints/ablation_mnv2_ema0999/best.pt,3.94,0.5044,0.0603,0.1261,0.0019,0.2705,,,gnm_closed_loop,0.2,0.0603,False,0,,isaac_physics_smoke_20260708,,mnv2_ema0999,,,,,,,False,hospital_fresh_short_F,1.2585,True,0.5044,0.0603,0.2,0.0603,True,armed,False,
physeval_ema_F_20260708_172828,225,13.466667,1783528112.785148,1.755187,0.499833,-0.0,-3.141161,0.2,0.0708,0.199882,-0.003494,camera_link,13.466667,gnm_closed_loop,,nominal,,True,ok,checkpoints/ablation_mnv2_ema0999/best.pt,5.6,0.4715,0.0708,0.1179,0.0021,0.2731,,,gnm_closed_loop,0.2,0.0708,False,0,,isaac_physics_smoke_20260708,,mnv2_ema0999,,,,,,,False,hospital_fresh_short_F,1.2552,True,0.4715,0.0708,0.2,0.0708,True,armed,False,
physeval_ema_F_20260708_172828,226,13.483334,1783528112.787884,1.751862,0.499832,-0.0,-3.141158,0.2,0.0708,0.199882,-0.003494,camera_link,13.483334,gnm_closed_loop,,nominal,,True,ok,checkpoints/ablation_mnv2_ema0999/best.pt,5.6,0.4715,0.0708,0.1179,0.0021,0.2731,,,gnm_closed_loop,0.2,0.0708,False,0,,isaac_physics_smoke_20260708,,mnv2_ema0999,,,,,,,False,hospital_fresh_short_F,1.2519,True,0.4715,0.0708,0.2,0.0708,True,armed,False,
physeval_ema_F_20260708_172828,227,13.500001,1783528112.790001,1.748537,0.499831,-0.0,-3.141155,0.2,0.0708,0.199882,-0.003494,camera_link,13.500001,gnm_closed_loop,,nominal,,True,ok,checkpoints/ablation_mnv2_ema0999/best.pt,5.6,0.4715,0.0708,0.1179,0.0021,0.2731,,,gnm_closed_loop,0.2,0.0708,False,0,,isaac_physics_smoke_20260708,,mnv2_ema0999,,,,,,,False,hospital_fresh_short_F,1.2485,True,0.4715,0.0708,0.2,0.0708,True,armed,False,
physeval_ema_F_20260708_172828,228,13.516667,1783528112.807031,1.745212,0.499829,-0.0,-3.141152,0.2,0.0724,0.199869,-0.004173,camera_link,13.516667,gnm_closed_loop,,nominal,,True,ok,checkpoints/ablation_mnv2_ema0999/best.pt,5.2,0.4691,0.0724,0.1173,0.0021,0.2708,,,gnm_closed_loop,0.2,0.0724,False,0,,isaac_physics_smoke_20260708,,mnv2_ema0999,,,,,,,False,hospital_fresh_short_F,1.2452,True,0.4691,0.0724,0.2,0.0724,True,armed,False,
physeval_ema_F_20260708_172828,229,13.533334,1783528112.809747,1.741888,0.499828,-0.0,-3.14115,0.2,0.0724,0.199869,-0.004173,camera_link,13.533334,gnm_closed_loop,,nominal,,True,ok,checkpoints/ablation_mnv2_ema0999/best.pt,5.2,0.4691,0.0724,0.1173,0.0021,0.2708,,,gnm_closed_loop,0.2,0.0724,False,0,,isaac_physics_smoke_20260708,,mnv2_ema0999,,,,,,,False,hospital_fresh_short_F,1.2419,True,0.4691,0.0724,0.2,0.0724,True,armed,False,
physeval_ema_F_20260708_172828,230,13.550001,1783528112.811918,1.738563,0.499827,-0.0,-3.141147,0.2,0.0724,0.199869,-0.004173,camera_link,13.550001,gnm_closed_loop,,nominal,,True,ok,checkpoints/ablation_mnv2_ema0999/best.pt,5.2,0.4691,0.0724,0.1173,0.0021,0.2708,,,gnm_closed_loop,0.2,0.0724,False,0,,isaac_physics_smoke_20260708,,mnv2_ema0999,,,,,,,False,hospital_fresh_short_F,1.2386,True,0.4691,0.0724,0.2,0.0724,True,armed,False,
physeval_ema_F_20260708_172828,231,13.566667,1783528112.828194,1.735238,0.499825,-0.0,-3.141144,0.2,0.0661,0.199896,-0.003865,camera_link,13.566667,gnm_closed_loop,,nominal,,True,ok,checkpoints/ablation_mnv2_ema0999/best.pt,4.9,0.4917,0.0661,0.1229,0.002,0.2646,,,gnm_closed_loop,0.2,0.0661,False,0,,isaac_physics_smoke_20260708,,mnv2_ema0999,,,,,,,False,hospital_fresh_short_F,1.2352,True,0.4917,0.0661,0.2,0.0661,True,armed,False,
physeval_ema_F_20260708_172828,232,13.583334,1783528112.831332,1.731913,0.499824,-0.0,-3.141142,0.2,0.0661,0.199896,-0.003865,camera_link,13.583334,gnm_closed_loop,,nominal,,True,ok,checkpoints/ablation_mnv2_ema0999/best.pt,4.9,0.4917,0.0661,0.1229,0.002,0.2646,,,gnm_closed_loop,0.2,0.0661,False,0,,isaac_physics_smoke_20260708,,mnv2_ema0999,,,,,,,False,hospital_fresh_short_F,1.2319,True,0.4917,0.0661,0.2,0.0661,True,armed,False,
physeval_ema_F_20260708_172828,233,13.600001,1783528112.833534,1.728589,0.499823,-0.0,-3.14114,0.2,0.0661,0.199896,-0.003865,camera_link,13.600001,gnm_closed_loop,,nominal,,True,ok,checkpoints/ablation_mnv2_ema0999/best.pt,4.9,0.4917,0.0661,0.1229,0.002,0.2646,,,gnm_closed_loop,0.2,0.0661,False,0,,isaac_physics_smoke_20260708,,mnv2_ema0999,,,,,,,False,hospital_fresh_short_F,1.2286,True,0.4917,0.0661,0.2,0.0661,True,armed,False,
physeval_ema_F_20260708_172828,234,13.616667,1783528112.853952,1.725264,0.499821,-0.0,-3.141137,0.2,0.0584,0.199883,-0.003729,camera_link,13.616667,gnm_closed_loop,,nominal,,True,ok,checkpoints/ablation_mnv2_ema0999/best.pt,5.3,0.5198,0.0584,0.13,0.0019,0.2584,,,gnm_closed_loop,0.2,0.0584,False,0,,isaac_physics_smoke_20260708,,mnv2_ema0999,,,,,,,False,hospital_fresh_short_F,1.2253,True,0.5198,0.0584,0.2,0.0584,True,armed,False,
physeval_ema_F_20260708_172828,235,13.633334,1783528112.856844,1.721939,0.49982,-0.0,-3.141135,0.2,0.0584,0.199883,-0.003729,camera_link,13.633334,gnm_closed_loop,,nominal,,True,ok,checkpoints/ablation_mnv2_ema0999/best.pt,5.3,0.5198,0.0584,0.13,0.0019,0.2584,,,gnm_closed_loop,0.2,0.0584,False,0,,isaac_physics_smoke_20260708,,mnv2_ema0999,,,,,,,False,hospital_fresh_short_F,1.2219,True,0.5198,0.0584,0.2,0.0584,True,armed,False,
physeval_ema_F_20260708_172828,236,13.650001,1783528112.858958,1.718614,0.499818,-0.0,-3.141133,0.2,0.0584,0.199883,-0.003729,camera_link,13.650001,gnm_closed_loop,,nominal,,True,ok,checkpoints/ablation_mnv2_ema0999/best.pt,5.3,0.5198,0.0584,0.13,0.0019,0.2584,,,gnm_closed_loop,0.2,0.0584,False,0,,isaac_physics_smoke_20260708,,mnv2_ema0999,,,,,,,False,hospital_fresh_short_F,1.2186,True,0.5198,0.0584,0.2,0.0584,True,armed,False,
physeval_ema_F_20260708_172828,237,13.666667,1783528112.879836,1.71529,0.499817,-0.0,-3.141131,0.2,0.0475,0.199871,-0.003234,camera_link,13.666667,gnm_closed_loop,,nominal,,True,ok,checkpoints/ablation_mnv2_ema0999/best.pt,4.63,0.5496,0.0475,0.1374,0.0016,0.2565,,,gnm_closed_loop,0.2,0.0475,False,0,,isaac_physics_smoke_20260708,,mnv2_ema0999,,,,,,,False,hospital_fresh_short_F,1.2153,True,0.5496,0.0475,0.2,0.0475,True,armed,False,
physeval_ema_F_20260708_172828,238,13.683334,1783528112.882566,1.711965,0.499815,-0.0,-3.141129,0.2,0.0475,0.199871,-0.003234,camera_link,13.683334,gnm_closed_loop,,nominal,,True,ok,checkpoints/ablation_mnv2_ema0999/best.pt,4.63,0.5496,0.0475,0.1374,0.0016,0.2565,,,gnm_closed_loop,0.2,0.0475,False,0,,isaac_physics_smoke_20260708,,mnv2_ema0999,,,,,,,False,hospital_fresh_short_F,1.212,True,0.5496,0.0475,0.2,0.0475,True,armed,False,
physeval_ema_F_20260708_172828,239,13.700001,1783528112.884616,1.70864,0.499814,-0.0,-3.141128,0.2,0.0475,0.199871,-0.003234,camera_link,13.700001,gnm_closed_loop,,nominal,,True,ok,checkpoints/ablation_mnv2_ema0999/best.pt,4.63,0.5496,0.0475,0.1374,0.0016,0.2565,,,gnm_closed_loop,0.2,0.0475,False,0,,isaac_physics_smoke_20260708,,mnv2_ema0999,,,,,,,False,hospital_fresh_short_F,1.2086,True,0.5496,0.0475,0.2,0.0475,True,armed,False,
physeval_ema_F_20260708_172828,240,13.716667,1783528112.900794,1.705315,0.499812,-0.0,-3.141126,0.2,0.0453,0.199862,-0.002192,camera_link,13.716667,gnm_closed_loop,,nominal,,True,ok,checkpoints/ablation_mnv2_ema0999/best.pt,4.41,0.5663,0.0453,0.1416,0.0016,0.2578,,,gnm_closed_loop,0.2,0.0453,False,0,,isaac_physics_smoke_20260708,,mnv2_ema0999,,,,,,,False,hospital_fresh_short_F,1.2053,True,0.5663,0.0453,0.2,0.0453,True,armed,False,
physeval_ema_F_20260708_172828,241,13.733334,1783528112.904278,1.701991,0.499811,-0.0,-3.141125,0.2,0.0453,0.199862,-0.002192,camera_link,13.733334,gnm_closed_loop,,nominal,,True,ok,checkpoints/ablation_mnv2_ema0999/best.pt,4.41,0.5663,0.0453,0.1416,0.0016,0.2578,,,gnm_closed_loop,0.2,0.0453,False,0,,isaac_physics_smoke_20260708,,mnv2_ema0999,,,,,,,False,hospital_fresh_short_F,1.202,True,0.5663,0.0453,0.2,0.0453,True,armed,False,
physeval_ema_F_20260708_172828,242,13.750001,1783528112.906333,1.698666,0.499809,-0.0,-3.141123,0.2,0.0453,0.199862,-0.002192,camera_link,13.750001,gnm_closed_loop,,nominal,,True,ok,checkpoints/ablation_mnv2_ema0999/best.pt,4.41,0.5663,0.0453,0.1416,0.0016,0.2578,,,gnm_closed_loop,0.2,0.0453,False,0,,isaac_physics_smoke_20260708,,mnv2_ema0999,,,,,,,False,hospital_fresh_short_F,1.1987,True,0.5663,0.0453,0.2,0.0453,True,armed,False,
physeval_ema_F_20260708_172828,243,13.766667,1783528112.921852,1.695342,0.499808,-0.0,-3.141121,0.2,0.0419,0.19988,-0.002942,camera_link,13.766667,gnm_closed_loop,,nominal,,True,ok,checkpoints/ablation_mnv2_ema0999/best.pt,4.88,0.571,0.0419,0.1427,0.0015,0.2595,,,gnm_closed_loop,0.2,0.0419,False,0,,isaac_physics_smoke_20260708,,mnv2_ema0999,,,,,,,False,hospital_fresh_short_F,1.1953,True,0.571,0.0419,0.2,0.0419,True,armed,False,
physeval_ema_F_20260708_172828,244,13.783334,1783528112.924494,1.692017,0.499806,-0.0,-3.141119,0.2,0.0419,0.19988,-0.002942,camera_link,13.783334,gnm_closed_loop,,nominal,,True,ok,checkpoints/ablation_mnv2_ema0999/best.pt,4.88,0.571,0.0419,0.1427,0.0015,0.2595,,,gnm_closed_loop,0.2,0.0419,False,0,,isaac_physics_smoke_20260708,,mnv2_ema0999,,,,,,,False,hospital_fresh_short_F,1.192,True,0.571,0.0419,0.2,0.0419,True,armed,False,
physeval_ema_F_20260708_172828,245,13.800001,1783528112.92684,1.688692,0.499805,-0.0,-3.141118,0.2,0.0419,0.19988,-0.002942,camera_link,13.800001,gnm_closed_loop,,nominal,,True,ok,checkpoints/ablation_mnv2_ema0999/best.pt,4.88,0.571,0.0419,0.1427,0.0015,0.2595,,,gnm_closed_loop,0.2,0.0419,False,0,,isaac_physics_smoke_20260708,,mnv2_ema0999,,,,,,,False,hospital_fresh_short_F,1.1887,True,0.571,0.0419,0.2,0.0419,True,armed,False,
physeval_ema_F_20260708_172828,246,13.816667,1783528112.947565,1.685367,0.499803,-0.0,-3.141116,0.2,0.0372,0.199863,-0.002396,camera_link,13.816667,gnm_closed_loop,,nominal,,True,ok,checkpoints/ablation_mnv2_ema0999/best.pt,5.8,0.5695,0.0372,0.1424,0.0013,0.2632,,,gnm_closed_loop,0.2,0.0372,False,0,,isaac_physics_smoke_20260708,,mnv2_ema0999,,,,,,,False,hospital_fresh_short_F,1.1854,True,0.5695,0.0372,0.2,0.0372,True,armed,False,
physeval_ema_F_20260708_172828,247,13.833334,1783528112.950365,1.682043,0.499802,-0.0,-3.141115,0.2,0.0372,0.199863,-0.002396,camera_link,13.833334,gnm_closed_loop,,nominal,,True,ok,checkpoints/ablation_mnv2_ema0999/best.pt,5.8,0.5695,0.0372,0.1424,0.0013,0.2632,,,gnm_closed_loop,0.2,0.0372,False,0,,isaac_physics_smoke_20260708,,mnv2_ema0999,,,,,,,False,hospital_fresh_short_F,1.182,True,0.5695,0.0372,0.2,0.0372,True,armed,False,
physeval_ema_F_20260708_172828,248,13.850001,1783528112.952332,1.678718,0.4998,-0.0,-3.141114,0.2,0.0372,0.199863,-0.002396,camera_link,13.850001,gnm_closed_loop,,nominal,,True,ok,checkpoints/ablation_mnv2_ema0999/best.pt,5.8,0.5695,0.0372,0.1424,0.0013,0.2632,,,gnm_closed_loop,0.2,0.0372,False,0,,isaac_physics_smoke_20260708,,mnv2_ema0999,,,,,,,False,hospital_fresh_short_F,1.1787,True,0.5695,0.0372,0.2,0.0372,True,armed,False,
physeval_ema_F_20260708_172828,249,13.866667,1783528112.971792,1.675393,0.499799,-0.0,-3.141112,0.2,0.0542,0.199856,-0.002364,camera_link,13.866667,gnm_closed_loop,,nominal,,True,ok,checkpoints/ablation_mnv2_ema0999/best.pt,5.19,0.5261,0.0542,0.1315,0.0018,0.2685,,,gnm_closed_loop,0.2,0.0542,False,0,,isaac_physics_smoke_20260708,,mnv2_ema0999,,,,,,,False,hospital_fresh_short_F,1.1754,True,0.5261,0.0542,0.2,0.0542,True,armed,False,
physeval_ema_F_20260708_172828,250,13.883334,1783528112.974067,1.672069,0.499797,-0.0,-3.14111,0.2,0.0542,0.199856,-0.002364,camera_link,13.883334,gnm_closed_loop,,nominal,,True,ok,checkpoints/ablation_mnv2_ema0999/best.pt,5.19,0.5261,0.0542,0.1315,0.0018,0.2685,,,gnm_closed_loop,0.2,0.0542,False,0,,isaac_physics_smoke_20260708,,mnv2_ema0999,,,,,,,False,hospital_fresh_short_F,1.1721,True,0.5261,0.0542,0.2,0.0542,True,armed,False,
physeval_ema_F_20260708_172828,251,13.900001,1783528112.976028,1.668744,0.499795,-0.0,-3.141109,0.2,0.0542,0.199856,-0.002364,camera_link,13.900001,gnm_closed_loop,,nominal,,True,ok,checkpoints/ablation_mnv2_ema0999/best.pt,5.19,0.5261,0.0542,0.1315,0.0018,0.2685,,,gnm_closed_loop,0.2,0.0542,False,0,,isaac_physics_smoke_20260708,,mnv2_ema0999,,,,,,,False,hospital_fresh_short_F,1.1687,True,0.5261,0.0542,0.2,0.0542,True,armed,False,
physeval_ema_F_20260708_172828,252,13.916667,1783528112.994935,1.66542,0.499794,-0.0,-3.141106,0.2,0.0648,0.199881,-0.003105,camera_link,13.916667,gnm_closed_loop,,nominal,,True,ok,checkpoints/ablation_mnv2_ema0999/best.pt,5.41,0.484,0.0648,0.121,0.002,0.2703,,,gnm_closed_loop,0.2,0.0648,False,0,,isaac_physics_smoke_20260708,,mnv2_ema0999,,,,,,,False,hospital_fresh_short_F,1.1654,True,0.484,0.0648,0.2,0.0648,True,armed,False,
physeval_ema_F_20260708_172828,253,13.933334,1783528112.997221,1.662095,0.499792,-0.0,-3.141104,0.2,0.0648,0.199881,-0.003105,camera_link,13.933334,gnm_closed_loop,,nominal,,True,ok,checkpoints/ablation_mnv2_ema0999/best.pt,5.41,0.484,0.0648,0.121,0.002,0.2703,,,gnm_closed_loop,0.2,0.0648,False,0,,isaac_physics_smoke_20260708,,mnv2_ema0999,,,,,,,False,hospital_fresh_short_F,1.1621,True,0.484,0.0648,0.2,0.0648,True,armed,False,
physeval_ema_F_20260708_172828,254,13.950001,1783528112.999084,1.65877,0.499791,-0.0,-3.141101,0.2,0.0648,0.199881,-0.003105,camera_link,13.950001,gnm_closed_loop,,nominal,,True,ok,checkpoints/ablation_mnv2_ema0999/best.pt,5.41,0.484,0.0648,0.121,0.002,0.2703,,,gnm_closed_loop,0.2,0.0648,False,0,,isaac_physics_smoke_20260708,,mnv2_ema0999,,,,,,,False,hospital_fresh_short_F,1.1588,True,0.484,0.0648,0.2,0.0648,True,armed,False,
physeval_ema_F_20260708_172828,255,13.966667,1783528113.018833,1.655445,0.499789,-0.0,-3.141099,0.2,0.0689,0.19989,-0.003609,camera_link,13.966667,gnm_closed_loop,,nominal,,True,ok,checkpoints/ablation_mnv2_ema0999/best.pt,4.95,0.4445,0.0689,0.1111,0.0019,0.2716,,,gnm_closed_loop,0.2,0.0689,False,0,,isaac_physics_smoke_20260708,,mnv2_ema0999,,,,,,,False,hospital_fresh_short_F,1.1554,True,0.4445,0.0689,0.2,0.0689,True,armed,False,
physeval_ema_F_20260708_172828,256,13.983334,1783528113.022625,1.65212,0.499788,-0.0,-3.141097,0.2,0.0689,0.19989,-0.003609,camera_link,13.983334,gnm_closed_loop,,nominal,,True,ok,checkpoints/ablation_mnv2_ema0999/best.pt,4.95,0.4445,0.0689,0.1111,0.0019,0.2716,,,gnm_closed_loop,0.2,0.0689,False,0,,isaac_physics_smoke_20260708,,mnv2_ema0999,,,,,,,False,hospital_fresh_short_F,1.1521,True,0.4445,0.0689,0.2,0.0689,True,armed,False,
physeval_ema_F_20260708_172828,257,14.000001,1783528113.025288,1.648796,0.499786,-0.0,-3.141095,0.2,0.0689,0.19989,-0.003609,camera_link,14.000001,gnm_closed_loop,,nominal,,True,ok,checkpoints/ablation_mnv2_ema0999/best.pt,4.95,0.4445,0.0689,0.1111,0.0019,0.2716,,,gnm_closed_loop,0.2,0.0689,False,0,,isaac_physics_smoke_20260708,,mnv2_ema0999,,,,,,,False,hospital_fresh_short_F,1.1488,True,0.4445,0.0689,0.2,0.0689,True,armed,False,
physeval_ema_F_20260708_172828,258,14.016667,1783528113.050561,1.645471,0.499785,-0.0,-3.141093,0.2,0.0704,0.199854,-0.003525,camera_link,14.016667,gnm_closed_loop,,nominal,,True,ok,checkpoints/ablation_mnv2_ema0999/best.pt,5.93,0.4097,0.0704,0.1024,0.0018,0.2707,,,gnm_closed_loop,0.2,0.0704,False,0,,isaac_physics_smoke_20260708,,mnv2_ema0999,,,,,,,False,hospital_fresh_short_F,1.1455,True,0.4097,0.0704,0.2,0.0704,True,armed,False,
physeval_ema_F_20260708_172828,259,14.033334,1783528113.05315,1.642147,0.499783,-0.0,-3.14109,0.2,0.0704,0.199854,-0.003525,camera_link,14.033334,gnm_closed_loop,,nominal,,True,ok,checkpoints/ablation_mnv2_ema0999/best.pt,5.93,0.4097,0.0704,0.1024,0.0018,0.2707,,,gnm_closed_loop,0.2,0.0704,False,0,,isaac_physics_smoke_20260708,,mnv2_ema0999,,,,,,,False,hospital_fresh_short_F,1.1421,True,0.4097,0.0704,0.2,0.0704,True,armed,False,
physeval_ema_F_20260708_172828,260,14.050001,1783528113.055069,1.638822,0.499782,-0.0,-3.141087,0.2,0.0704,0.199854,-0.003525,camera_link,14.050001,gnm_closed_loop,,nominal,,True,ok,checkpoints/ablation_mnv2_ema0999/best.pt,5.93,0.4097,0.0704,0.1024,0.0018,0.2707,,,gnm_closed_loop,0.2,0.0704,False,0,,isaac_physics_smoke_20260708,,mnv2_ema0999,,,,,,,False,hospital_fresh_short_F,1.1388,True,0.4097,0.0704,0.2,0.0704,True,armed,False,
physeval_ema_F_20260708_172828,261,14.066667,1783528113.071975,1.635498,0.49978,-0.0,-3.141085,0.2,0.0721,0.199891,-0.003964,camera_link,14.066667,gnm_closed_loop,,nominal,,True,ok,checkpoints/ablation_mnv2_ema0999/best.pt,4.6,0.3961,0.0721,0.099,0.0018,0.2702,,,gnm_closed_loop,0.2,0.0721,False,0,,isaac_physics_smoke_20260708,,mnv2_ema0999,,,,,,,False,hospital_fresh_short_F,1.1355,True,0.3961,0.0721,0.2,0.0721,True,armed,False,
physeval_ema_F_20260708_172828,262,14.083334,1783528113.074826,1.632173,0.499778,-0.0,-3.141082,0.2,0.0721,0.199891,-0.003964,camera_link,14.083334,gnm_closed_loop,,nominal,,True,ok,checkpoints/ablation_mnv2_ema0999/best.pt,4.6,0.3961,0.0721,0.099,0.0018,0.2702,,,gnm_closed_loop,0.2,0.0721,False,0,,isaac_physics_smoke_20260708,,mnv2_ema0999,,,,,,,False,hospital_fresh_short_F,1.1322,True,0.3961,0.0721,0.2,0.0721,True,armed,False,
physeval_ema_F_20260708_172828,263,14.100001,1783528113.076807,1.628847,0.499777,-0.0,-3.14108,0.2,0.0721,0.199891,-0.003964,camera_link,14.100001,gnm_closed_loop,,nominal,,True,ok,checkpoints/ablation_mnv2_ema0999/best.pt,4.6,0.3961,0.0721,0.099,0.0018,0.2702,,,gnm_closed_loop,0.2,0.0721,False,0,,isaac_physics_smoke_20260708,,mnv2_ema0999,,,,,,,False,hospital_fresh_short_F,1.1288,True,0.3961,0.0721,0.2,0.0721,True,armed,False,
physeval_ema_F_20260708_172828,264,14.116667,1783528113.093316,1.625522,0.499775,-0.0,-3.141077,0.2,0.0696,0.199875,-0.004013,camera_link,14.116667,gnm_closed_loop,,nominal,,True,ok,checkpoints/ablation_mnv2_ema0999/best.pt,4.32,0.3907,0.0696,0.0977,0.0017,0.2717,,,gnm_closed_loop,0.2,0.0696,False,0,,isaac_physics_smoke_20260708,,mnv2_ema0999,,,,,,,False,hospital_fresh_short_F,1.1255,True,0.3907,0.0696,0.2,0.0696,True,armed,False,
physeval_ema_F_20260708_172828,265,14.133334,1783528113.09591,1.622198,0.499773,-0.0,-3.141075,0.2,0.0696,0.199875,-0.004013,camera_link,14.133334,gnm_closed_loop,,nominal,,True,ok,checkpoints/ablation_mnv2_ema0999/best.pt,4.32,0.3907,0.0696,0.0977,0.0017,0.2717,,,gnm_closed_loop,0.2,0.0696,False,0,,isaac_physics_smoke_20260708,,mnv2_ema0999,,,,,,,False,hospital_fresh_short_F,1.1222,True,0.3907,0.0696,0.2,0.0696,True,armed,False,
physeval_ema_F_20260708_172828,266,14.150001,1783528113.097848,1.618874,0.499772,-0.0,-3.141073,0.2,0.0696,0.199875,-0.004013,camera_link,14.150001,gnm_closed_loop,,nominal,,True,ok,checkpoints/ablation_mnv2_ema0999/best.pt,4.32,0.3907,0.0696,0.0977,0.0017,0.2717,,,gnm_closed_loop,0.2,0.0696,False,0,,isaac_physics_smoke_20260708,,mnv2_ema0999,,,,,,,False,hospital_fresh_short_F,1.1189,True,0.3907,0.0696,0.2,0.0696,True,armed,False,
physeval_ema_F_20260708_172828,267,14.166667,1783528113.115087,1.615549,0.49977,-0.0,-3.14107,0.2,0.0704,0.199874,-0.004148,camera_link,14.166667,gnm_closed_loop,,nominal,,True,ok,checkpoints/ablation_mnv2_ema0999/best.pt,4.53,0.3698,0.0704,0.0925,0.0016,0.2713,,,gnm_closed_loop,0.2,0.0704,False,0,,isaac_physics_smoke_20260708,,mnv2_ema0999,,,,,,,False,hospital_fresh_short_F,1.1155,True,0.3698,0.0704,0.2,0.0704,True,armed,False,
physeval_ema_F_20260708_172828,268,14.183334,1783528113.117651,1.612224,0.499768,-0.0,-3.141067,0.2,0.0704,0.199874,-0.004148,camera_link,14.183334,gnm_closed_loop,,nominal,,True,ok,checkpoints/ablation_mnv2_ema0999/best.pt,4.53,0.3698,0.0704,0.0925,0.0016,0.2713,,,gnm_closed_loop,0.2,0.0704,False,0,,isaac_physics_smoke_20260708,,mnv2_ema0999,,,,,,,False,hospital_fresh_short_F,1.1122,True,0.3698,0.0704,0.2,0.0704,True,armed,False,
physeval_ema_F_20260708_172828,269,14.200001,1783528113.120053,1.608899,0.499767,-0.0,-3.141065,0.2,0.0704,0.199874,-0.004148,camera_link,14.200001,gnm_closed_loop,,nominal,,True,ok,checkpoints/ablation_mnv2_ema0999/best.pt,4.53,0.3698,0.0704,0.0925,0.0016,0.2713,,,gnm_closed_loop,0.2,0.0704,False,0,,isaac_physics_smoke_20260708,,mnv2_ema0999,,,,,,,False,hospital_fresh_short_F,1.1089,True,0.3698,0.0704,0.2,0.0704,True,armed,False,
physeval_ema_F_20260708_172828,270,14.216667,1783528113.14192,1.605575,0.499765,-0.0,-3.141062,0.2,0.0659,0.199868,-0.003844,camera_link,14.216667,gnm_closed_loop,,nominal,,True,ok,checkpoints/ablation_mnv2_ema0999/best.pt,4.55,0.3911,0.0659,0.0978,0.0016,0.273,,,gnm_closed_loop,0.2,0.0659,False,0,,isaac_physics_smoke_20260708,,mnv2_ema0999,,,,,,,False,hospital_fresh_short_F,1.1056,True,0.3911,0.0659,0.2,0.0659,True,armed,False,
physeval_ema_F_20260708_172828,271,14.233334,1783528113.144876,1.60225,0.499763,-0.0,-3.14106,0.2,0.0659,0.199868,-0.003844,camera_link,14.233334,gnm_closed_loop,,nominal,,True,ok,checkpoints/ablation_mnv2_ema0999/best.pt,4.55,0.3911,0.0659,0.0978,0.0016,0.273,,,gnm_closed_loop,0.2,0.0659,False,0,,isaac_physics_smoke_20260708,,mnv2_ema0999,,,,,,,False,hospital_fresh_short_F,1.1023,True,0.3911,0.0659,0.2,0.0659,True,armed,False,
physeval_ema_F_20260708_172828,272,14.250001,1783528113.147911,1.598925,0.499762,-0.0,-3.141057,0.2,0.0659,0.199868,-0.003844,camera_link,14.250001,gnm_closed_loop,,nominal,,True,ok,checkpoints/ablation_mnv2_ema0999/best.pt,4.55,0.3911,0.0659,0.0978,0.0016,0.273,,,gnm_closed_loop,0.2,0.0659,False,0,,isaac_physics_smoke_20260708,,mnv2_ema0999,,,,,,,False,hospital_fresh_short_F,1.0989,True,0.3911,0.0659,0.2,0.0659,True,armed,False,
physeval_ema_F_20260708_172828,273,14.266667,1783528113.16675,1.5956,0.49976,-0.0,-3.141055,0.2,0.0664,0.199881,-0.00412,camera_link,14.266667,gnm_closed_loop,,nominal,,True,ok,checkpoints/ablation_mnv2_ema0999/best.pt,5.71,0.3828,0.0664,0.0957,0.0016,0.2691,,,gnm_closed_loop,0.2,0.0664,False,0,,isaac_physics_smoke_20260708,,mnv2_ema0999,,,,,,,False,hospital_fresh_short_F,1.0956,True,0.3828,0.0664,0.2,0.0664,True,armed,False,
physeval_ema_F_20260708_172828,274,14.283334,1783528113.169525,1.592275,0.499758,-0.0,-3.141052,0.2,0.0664,0.199881,-0.00412,camera_link,14.283334,gnm_closed_loop,,nominal,,True,ok,checkpoints/ablation_mnv2_ema0999/best.pt,5.71,0.3828,0.0664,0.0957,0.0016,0.2691,,,gnm_closed_loop,0.2,0.0664,False,0,,isaac_physics_smoke_20260708,,mnv2_ema0999,,,,,,,False,hospital_fresh_short_F,1.0923,True,0.3828,0.0664,0.2,0.0664,True,armed,False,
physeval_ema_F_20260708_172828,275,14.300001,1783528113.172721,1.58895,0.499757,-0.0,-3.14105,0.2,0.0664,0.199881,-0.00412,camera_link,14.300001,gnm_closed_loop,,nominal,,True,ok,checkpoints/ablation_mnv2_ema0999/best.pt,5.71,0.3828,0.0664,0.0957,0.0016,0.2691,,,gnm_closed_loop,0.2,0.0664,False,0,,isaac_physics_smoke_20260708,,mnv2_ema0999,,,,,,,False,hospital_fresh_short_F,1.0889,True,0.3828,0.0664,0.2,0.0664,True,armed,False,
physeval_ema_F_20260708_172828,276,14.316667,1783528113.193027,1.585625,0.499755,-0.0,-3.141047,0.2,0.0659,0.199858,-0.003811,camera_link,14.316667,gnm_closed_loop,,nominal,,True,ok,checkpoints/ablation_mnv2_ema0999/best.pt,5.02,0.3905,0.0659,0.0976,0.0016,0.265,,,gnm_closed_loop,0.2,0.0659,False,0,,isaac_physics_smoke_20260708,,mnv2_ema0999,,,,,,,False,hospital_fresh_short_F,1.0856,True,0.3905,0.0659,0.2,0.0659,True,armed,False,
physeval_ema_F_20260708_172828,277,14.333334,1783528113.195283,1.582301,0.499753,-0.0,-3.141045,0.2,0.0659,0.199858,-0.003811,camera_link,14.333334,gnm_closed_loop,,nominal,,True,ok,checkpoints/ablation_mnv2_ema0999/best.pt,5.02,0.3905,0.0659,0.0976,0.0016,0.265,,,gnm_closed_loop,0.2,0.0659,False,0,,isaac_physics_smoke_20260708,,mnv2_ema0999,,,,,,,False,hospital_fresh_short_F,1.0823,True,0.3905,0.0659,0.2,0.0659,True,armed,False,
physeval_ema_F_20260708_172828,278,14.350001,1783528113.197137,1.578976,0.499751,-0.0,-3.141043,0.2,0.0659,0.199858,-0.003811,camera_link,14.350001,gnm_closed_loop,,nominal,,True,ok,checkpoints/ablation_mnv2_ema0999/best.pt,5.02,0.3905,0.0659,0.0976,0.0016,0.265,,,gnm_closed_loop,0.2,0.0659,False,0,,isaac_physics_smoke_20260708,,mnv2_ema0999,,,,,,,False,hospital_fresh_short_F,1.079,True,0.3905,0.0659,0.2,0.0659,True,armed,False,
physeval_ema_F_20260708_172828,279,14.366667,1783528113.21446,1.575651,0.49975,-0.0,-3.14104,0.2,0.0699,0.199863,-0.002942,camera_link,14.366667,gnm_closed_loop,,nominal,,True,ok,checkpoints/ablation_mnv2_ema0999/best.pt,5.8,0.4038,0.0699,0.1009,0.0018,0.2653,,,gnm_closed_loop,0.2,0.0699,False,0,,isaac_physics_smoke_20260708,,mnv2_ema0999,,,,,,,False,hospital_fresh_short_F,1.0757,True,0.4038,0.0699,0.2,0.0699,True,armed,False,
physeval_ema_F_20260708_172828,280,14.383334,1783528113.217132,1.572326,0.499748,-0.0,-3.141038,0.2,0.0699,0.199863,-0.002942,camera_link,14.383334,gnm_closed_loop,,nominal,,True,ok,checkpoints/ablation_mnv2_ema0999/best.pt,5.8,0.4038,0.0699,0.1009,0.0018,0.2653,,,gnm_closed_loop,0.2,0.0699,False,0,,isaac_physics_smoke_20260708,,mnv2_ema0999,,,,,,,False,hospital_fresh_short_F,1.0723,True,0.4038,0.0699,0.2,0.0699,True,armed,False,
physeval_ema_F_20260708_172828,281,14.400001,1783528113.219188,1.569002,0.499746,-0.0,-3.141036,0.2,0.0699,0.199863,-0.002942,camera_link,14.400001,gnm_closed_loop,,nominal,,True,ok,checkpoints/ablation_mnv2_ema0999/best.pt,5.8,0.4038,0.0699,0.1009,0.0018,0.2653,,,gnm_closed_loop,0.2,0.0699,False,0,,isaac_physics_smoke_20260708,,mnv2_ema0999,,,,,,,False,hospital_fresh_short_F,1.069,True,0.4038,0.0699,0.2,0.0699,True,armed,False,
physeval_ema_F_20260708_172828,282,14.416667,1783528113.23708,1.565677,0.499744,-0.0,-3.141033,0.2,0.0716,0.199881,-0.003913,camera_link,14.416667,gnm_closed_loop,,nominal,,True,ok,checkpoints/ablation_mnv2_ema0999/best.pt,5.03,0.4152,0.0716,0.1038,0.0019,0.2718,,,gnm_closed_loop,0.2,0.0716,False,0,,isaac_physics_smoke_20260708,,mnv2_ema0999,,,,,,,False,hospital_fresh_short_F,1.0657,True,0.4152,0.0716,0.2,0.0716,True,armed,False,
physeval_ema_F_20260708_172828,283,14.433334,1783528113.239478,1.562353,0.499743,-0.0,-3.141031,0.2,0.0716,0.199881,-0.003913,camera_link,14.433334,gnm_closed_loop,,nominal,,True,ok,checkpoints/ablation_mnv2_ema0999/best.pt,5.03,0.4152,0.0716,0.1038,0.0019,0.2718,,,gnm_closed_loop,0.2,0.0716,False,0,,isaac_physics_smoke_20260708,,mnv2_ema0999,,,,,,,False,hospital_fresh_short_F,1.0624,True,0.4152,0.0716,0.2,0.0716,True,armed,False,
physeval_ema_F_20260708_172828,284,14.450001,1783528113.242002,1.559028,0.499741,-0.0,-3.141028,0.2,0.0716,0.199881,-0.003913,camera_link,14.450001,gnm_closed_loop,,nominal,,True,ok,checkpoints/ablation_mnv2_ema0999/best.pt,5.03,0.4152,0.0716,0.1038,0.0019,0.2718,,,gnm_closed_loop,0.2,0.0716,False,0,,isaac_physics_smoke_20260708,,mnv2_ema0999,,,,,,,False,hospital_fresh_short_F,1.059,True,0.4152,0.0716,0.2,0.0716,True,armed,False,
physeval_ema_F_20260708_172828,285,14.466667,1783528113.258313,1.555703,0.499739,-0.0,-3.141026,0.2,0.069,0.199869,-0.004468,camera_link,14.466667,gnm_closed_loop,,nominal,,True,ok,checkpoints/ablation_mnv2_ema0999/best.pt,4.11,0.4289,0.069,0.1072,0.0018,0.276,,,gnm_closed_loop,0.2,0.069,False,0,,isaac_physics_smoke_20260708,,mnv2_ema0999,,,,,,,False,hospital_fresh_short_F,1.0557,True,0.4289,0.069,0.2,0.069,True,armed,False,
physeval_ema_F_20260708_172828,286,14.483334,1783528113.260514,1.552379,0.499737,-0.0,-3.141023,0.2,0.069,0.199869,-0.004468,camera_link,14.483334,gnm_closed_loop,,nominal,,True,ok,checkpoints/ablation_mnv2_ema0999/best.pt,4.11,0.4289,0.069,0.1072,0.0018,0.276,,,gnm_closed_loop,0.2,0.069,False,0,,isaac_physics_smoke_20260708,,mnv2_ema0999,,,,,,,False,hospital_fresh_short_F,1.0524,True,0.4289,0.069,0.2,0.069,True,armed,False,
physeval_ema_F_20260708_172828,287,14.500001,1783528113.262499,1.549054,0.499735,-0.0,-3.141021,0.2,0.069,0.199869,-0.004468,camera_link,14.500001,gnm_closed_loop,,nominal,,True,ok,checkpoints/ablation_mnv2_ema0999/best.pt,4.11,0.4289,0.069,0.1072,0.0018,0.276,,,gnm_closed_loop,0.2,0.069,False,0,,isaac_physics_smoke_20260708,,mnv2_ema0999,,,,,,,False,hospital_fresh_short_F,1.0491,True,0.4289,0.069,0.2,0.069,True,armed,False,
physeval_ema_F_20260708_172828,288,14.516667,1783528113.277852,1.545729,0.499734,-0.0,-3.141019,0.2,0.0671,0.199866,-0.003519,camera_link,14.516667,gnm_closed_loop,,nominal,,True,ok,checkpoints/ablation_mnv2_ema0999/best.pt,4.76,0.4385,0.0671,0.1096,0.0018,0.2757,,,gnm_closed_loop,0.2,0.0671,False,0,,isaac_physics_smoke_20260708,,mnv2_ema0999,,,,,,,False,hospital_fresh_short_F,1.0457,True,0.4385,0.0671,0.2,0.0671,True,armed,False,
physeval_ema_F_20260708_172828,289,14.533334,1783528113.280407,1.542404,0.499732,-0.0,-3.141016,0.2,0.0671,0.199866,-0.003519,camera_link,14.533334,gnm_closed_loop,,nominal,,True,ok,checkpoints/ablation_mnv2_ema0999/best.pt,4.76,0.4385,0.0671,0.1096,0.0018,0.2757,,,gnm_closed_loop,0.2,0.0671,False,0,,isaac_physics_smoke_20260708,,mnv2_ema0999,,,,,,,False,hospital_fresh_short_F,1.0424,True,0.4385,0.0671,0.2,0.0671,True,armed,False,
physeval_ema_F_20260708_172828,290,14.550001,1783528113.28227,1.53908,0.49973,-0.0,-3.141014,0.2,0.0671,0.199866,-0.003519,camera_link,14.550001,gnm_closed_loop,,nominal,,True,ok,checkpoints/ablation_mnv2_ema0999/best.pt,4.76,0.4385,0.0671,0.1096,0.0018,0.2757,,,gnm_closed_loop,0.2,0.0671,False,0,,isaac_physics_smoke_20260708,,mnv2_ema0999,,,,,,,False,hospital_fresh_short_F,1.0391,True,0.4385,0.0671,0.2,0.0671,True,armed,False,
physeval_ema_F_20260708_172828,291,14.566667,1783528113.298783,1.535755,0.499728,-0.0,-3.141011,0.2,0.0654,0.199889,-0.003646,camera_link,14.566667,gnm_closed_loop,,nominal,,True,ok,checkpoints/ablation_mnv2_ema0999/best.pt,4.64,0.4505,0.0654,0.1126,0.0018,0.2725,,,gnm_closed_loop,0.2,0.0654,False,0,,isaac_physics_smoke_20260708,,mnv2_ema0999,,,,,,,False,hospital_fresh_short_F,1.0358,True,0.4505,0.0654,0.2,0.0654,True,armed,False,
physeval_ema_F_20260708_172828,292,14.583334,1783528113.302595,1.53243,0.499726,-0.0,-3.141009,0.2,0.0654,0.199889,-0.003646,camera_link,14.583334,gnm_closed_loop,,nominal,,True,ok,checkpoints/ablation_mnv2_ema0999/best.pt,4.64,0.4505,0.0654,0.1126,0.0018,0.2725,,,gnm_closed_loop,0.2,0.0654,False,0,,isaac_physics_smoke_20260708,,mnv2_ema0999,,,,,,,False,hospital_fresh_short_F,1.0324,True,0.4505,0.0654,0.2,0.0654,True,armed,False,
physeval_ema_F_20260708_172828,293,14.600001,1783528113.306226,1.529105,0.499724,-0.0,-3.141007,0.2,0.0654,0.199889,-0.003646,camera_link,14.600001,gnm_closed_loop,,nominal,,True,ok,checkpoints/ablation_mnv2_ema0999/best.pt,4.64,0.4505,0.0654,0.1126,0.0018,0.2725,,,gnm_closed_loop,0.2,0.0654,False,0,,isaac_physics_smoke_20260708,,mnv2_ema0999,,,,,,,False,hospital_fresh_short_F,1.0291,True,0.4505,0.0654,0.2,0.0654,True,armed,False,
physeval_ema_F_20260708_172828,294,14.616667,1783528113.324174,1.52578,0.499723,-0.0,-3.141004,0.2,0.0684,0.199887,-0.003774,camera_link,14.616667,gnm_closed_loop,,nominal,,True,ok,checkpoints/ablation_mnv2_ema0999/best.pt,5.42,0.4459,0.0684,0.1115,0.0019,0.2753,,,gnm_closed_loop,0.2,0.0684,False,0,,isaac_physics_smoke_20260708,,mnv2_ema0999,,,,,,,False,hospital_fresh_short_F,1.0258,True,0.4459,0.0684,0.2,0.0684,True,armed,False,
physeval_ema_F_20260708_172828,295,14.633334,1783528113.327363,1.522456,0.499721,-0.0,-3.141002,0.2,0.0684,0.199887,-0.003774,camera_link,14.633334,gnm_closed_loop,,nominal,,True,ok,checkpoints/ablation_mnv2_ema0999/best.pt,5.42,0.4459,0.0684,0.1115,0.0019,0.2753,,,gnm_closed_loop,0.2,0.0684,False,0,,isaac_physics_smoke_20260708,,mnv2_ema0999,,,,,,,False,hospital_fresh_short_F,1.0225,True,0.4459,0.0684,0.2,0.0684,True,armed,False,
physeval_ema_F_20260708_172828,296,14.650001,1783528113.329322,1.519131,0.499719,-0.0,-3.140999,0.2,0.0684,0.199887,-0.003774,camera_link,14.650001,gnm_closed_loop,,nominal,,True,ok,checkpoints/ablation_mnv2_ema0999/best.pt,5.42,0.4459,0.0684,0.1115,0.0019,0.2753,,,gnm_closed_loop,0.2,0.0684,False,0,,isaac_physics_smoke_20260708,,mnv2_ema0999,,,,,,,False,hospital_fresh_short_F,1.0191,True,0.4459,0.0684,0.2,0.0684,True,armed,False,
physeval_ema_F_20260708_172828,297,14.666667,1783528113.355629,1.515806,0.499717,-0.0,-3.140997,0.2,0.0677,0.199868,-0.00372,camera_link,14.666667,gnm_closed_loop,,nominal,,True,ok,checkpoints/ablation_mnv2_ema0999/best.pt,10.69,0.458,0.0677,0.1145,0.0019,0.2793,,,gnm_closed_loop,0.2,0.0677,False,0,,isaac_physics_smoke_20260708,,mnv2_ema0999,,,,,,,False,hospital_fresh_short_F,1.0158,True,0.458,0.0677,0.2,0.0677,True,armed,False,
physeval_ema_F_20260708_172828,298,14.683334,1783528113.357928,1.512482,0.499715,-0.0,-3.140994,0.2,0.0677,0.199868,-0.00372,camera_link,14.683334,gnm_closed_loop,,nominal,,True,ok,checkpoints/ablation_mnv2_ema0999/best.pt,10.69,0.458,0.0677,0.1145,0.0019,0.2793,,,gnm_closed_loop,0.2,0.0677,False,0,,isaac_physics_smoke_20260708,,mnv2_ema0999,,,,,,,False,hospital_fresh_short_F,1.0125,True,0.458,0.0677,0.2,0.0677,True,armed,False,
physeval_ema_F_20260708_172828,299,14.700001,1783528113.361133,1.509157,0.499713,-0.0,-3.140991,0.2,0.0677,0.199868,-0.00372,camera_link,14.700001,gnm_closed_loop,,nominal,,True,ok,checkpoints/ablation_mnv2_ema0999/best.pt,10.69,0.458,0.0677,0.1145,0.0019,0.2793,,,gnm_closed_loop,0.2,0.0677,False,0,,isaac_physics_smoke_20260708,,mnv2_ema0999,,,,,,,False,hospital_fresh_short_F,1.0092,True,0.458,0.0677,0.2,0.0677,True,armed,False,
physeval_ema_F_20260708_172828,300,14.716667,1783528113.379865,1.505832,0.499711,-0.0,-3.140989,0.2,0.0645,0.199864,-0.003599,camera_link,14.716667,gnm_closed_loop,,nominal,,True,ok,checkpoints/ablation_mnv2_ema0999/best.pt,4.56,0.4654,0.0645,0.1164,0.0019,0.2789,,,gnm_closed_loop,0.2,0.0645,False,0,,isaac_physics_smoke_20260708,,mnv2_ema0999,,,,,,,False,hospital_fresh_short_F,1.0058,True,0.4654,0.0645,0.2,0.0645,True,armed,False,
physeval_ema_F_20260708_172828,301,14.733334,1783528113.382301,1.502508,0.499709,-0.0,-3.140987,0.2,0.0645,0.199864,-0.003599,camera_link,14.733334,gnm_closed_loop,,nominal,,True,ok,checkpoints/ablation_mnv2_ema0999/best.pt,4.56,0.4654,0.0645,0.1164,0.0019,0.2789,,,gnm_closed_loop,0.2,0.0645,False,0,,isaac_physics_smoke_20260708,,mnv2_ema0999,,,,,,,False,hospital_fresh_short_F,1.0025,True,0.4654,0.0645,0.2,0.0645,True,armed,False,
physeval_ema_F_20260708_172828,302,14.750001,1783528113.384428,1.499184,0.499707,-0.0,-3.140984,0.2,0.0645,0.199864,-0.003599,camera_link,14.750001,gnm_closed_loop,,nominal,,True,ok,checkpoints/ablation_mnv2_ema0999/best.pt,4.56,0.4654,0.0645,0.1164,0.0019,0.2789,,,gnm_closed_loop,0.2,0.0645,False,0,,isaac_physics_smoke_20260708,,mnv2_ema0999,,,,,,,False,hospital_fresh_short_F,0.9992,True,0.4654,0.0645,0.2,0.0645,True,armed,False,
physeval_ema_F_20260708_172828,303,14.766667,1783528113.399735,1.495859,0.499705,-0.0,-3.140982,0.2,0.068,0.199866,-0.003758,camera_link,14.766667,gnm_closed_loop,,nominal,,True,ok,checkpoints/ablation_mnv2_ema0999/best.pt,4.49,0.4711,0.068,0.1178,0.002,0.2778,,,gnm_closed_loop,0.2,0.068,False,0,,isaac_physics_smoke_20260708,,mnv2_ema0999,,,,,,,False,hospital_fresh_short_F,0.9959,True,0.4711,0.068,0.2,0.068,True,armed,False,
physeval_ema_F_20260708_172828,304,14.783334,1783528113.401973,1.492535,0.499703,-0.0,-3.140979,0.2,0.068,0.199866,-0.003758,camera_link,14.783334,gnm_closed_loop,,nominal,,True,ok,checkpoints/ablation_mnv2_ema0999/best.pt,4.49,0.4711,0.068,0.1178,0.002,0.2778,,,gnm_closed_loop,0.2,0.068,False,0,,isaac_physics_smoke_20260708,,mnv2_ema0999,,,,,,,False,hospital_fresh_short_F,0.9925,True,0.4711,0.068,0.2,0.068,True,armed,False,
physeval_ema_F_20260708_172828,305,14.800001,1783528113.404433,1.48921,0.499701,-0.0,-3.140976,0.2,0.068,0.199866,-0.003758,camera_link,14.800001,gnm_closed_loop,,nominal,,True,ok,checkpoints/ablation_mnv2_ema0999/best.pt,4.49,0.4711,0.068,0.1178,0.002,0.2778,,,gnm_closed_loop,0.2,0.068,False,0,,isaac_physics_smoke_20260708,,mnv2_ema0999,,,,,,,False,hospital_fresh_short_F,0.9892,True,0.4711,0.068,0.2,0.068,True,armed,False,
physeval_ema_F_20260708_172828,306,14.816667,1783528113.426659,1.485885,0.499699,-0.0,-3.140974,0.2,0.0687,0.199883,-0.004098,camera_link,14.816667,gnm_closed_loop,,nominal,,True,ok,checkpoints/ablation_mnv2_ema0999/best.pt,6.95,0.4882,0.0687,0.122,0.0021,0.2776,,,gnm_closed_loop,0.2,0.0687,False,0,,isaac_physics_smoke_20260708,,mnv2_ema0999,,,,,,,False,hospital_fresh_short_F,0.9859,True,0.4882,0.0687,0.2,0.0687,True,armed,False,
physeval_ema_F_20260708_172828,307,14.833334,1783528113.430256,1.482561,0.499697,-0.0,-3.140971,0.2,0.0687,0.199883,-0.004098,camera_link,14.833334,gnm_closed_loop,,nominal,,True,ok,checkpoints/ablation_mnv2_ema0999/best.pt,6.95,0.4882,0.0687,0.122,0.0021,0.2776,,,gnm_closed_loop,0.2,0.0687,False,0,,isaac_physics_smoke_20260708,,mnv2_ema0999,,,,,,,False,hospital_fresh_short_F,0.9826,True,0.4882,0.0687,0.2,0.0687,True,armed,False,
physeval_ema_F_20260708_172828,308,14.850001,1783528113.433442,1.479236,0.499696,-0.0,-3.140969,0.2,0.0687,0.199883,-0.004098,camera_link,14.850001,gnm_closed_loop,,nominal,,True,ok,checkpoints/ablation_mnv2_ema0999/best.pt,6.95,0.4882,0.0687,0.122,0.0021,0.2776,,,gnm_closed_loop,0.2,0.0687,False,0,,isaac_physics_smoke_20260708,,mnv2_ema0999,,,,,,,False,hospital_fresh_short_F,0.9792,True,0.4882,0.0687,0.2,0.0687,True,armed,False,
physeval_ema_F_20260708_172828,309,14.866667,1783528113.460348,1.475911,0.499694,-0.0,-3.140966,0.2,0.0757,0.199874,-0.003487,camera_link,14.866667,gnm_closed_loop,,nominal,,True,ok,checkpoints/ablation_mnv2_ema0999/best.pt,7.06,0.4733,0.0757,0.1183,0.0022,0.2809,,,gnm_closed_loop,0.2,0.0757,False,0,,isaac_physics_smoke_20260708,,mnv2_ema0999,,,,,,,False,hospital_fresh_short_F,0.9759,True,0.4733,0.0757,0.2,0.0757,True,armed,False,
physeval_ema_F_20260708_172828,310,14.883334,1783528113.463045,1.472587,0.499692,-0.0,-3.140964,0.2,0.0757,0.199874,-0.003487,camera_link,14.883334,gnm_closed_loop,,nominal,,True,ok,checkpoints/ablation_mnv2_ema0999/best.pt,7.06,0.4733,0.0757,0.1183,0.0022,0.2809,,,gnm_closed_loop,0.2,0.0757,False,0,,isaac_physics_smoke_20260708,,mnv2_ema0999,,,,,,,False,hospital_fresh_short_F,0.9726,True,0.4733,0.0757,0.2,0.0757,True,armed,False,
physeval_ema_F_20260708_172828,311,14.900001,1783528113.465186,1.469262,0.49969,-0.0,-3.140961,0.2,0.0757,0.199874,-0.003487,camera_link,14.900001,gnm_closed_loop,,nominal,,True,ok,checkpoints/ablation_mnv2_ema0999/best.pt,7.06,0.4733,0.0757,0.1183,0.0022,0.2809,,,gnm_closed_loop,0.2,0.0757,False,0,,isaac_physics_smoke_20260708,,mnv2_ema0999,,,,,,,False,hospital_fresh_short_F,0.9693,True,0.4733,0.0757,0.2,0.0757,True,armed,False,
physeval_ema_F_20260708_172828,312,14.916667,1783528113.484979,1.465938,0.499688,-0.0,-3.140958,0.2,0.0791,0.199879,-0.004509,camera_link,14.916667,gnm_closed_loop,,nominal,,True,ok,checkpoints/ablation_mnv2_ema0999/best.pt,5.75,0.445,0.0791,0.1112,0.0022,0.2812,,,gnm_closed_loop,0.2,0.0791,False,0,,isaac_physics_smoke_20260708,,mnv2_ema0999,,,,,,,False,hospital_fresh_short_F,0.9659,True,0.445,0.0791,0.2,0.0791,True,armed,False,
physeval_ema_F_20260708_172828,313,14.933334,1783528113.48743,1.462613,0.499686,-0.0,-3.140955,0.2,0.0791,0.199879,-0.004509,camera_link,14.933334,gnm_closed_loop,,nominal,,True,ok,checkpoints/ablation_mnv2_ema0999/best.pt,5.75,0.445,0.0791,0.1112,0.0022,0.2812,,,gnm_closed_loop,0.2,0.0791,False,0,,isaac_physics_smoke_20260708,,mnv2_ema0999,,,,,,,False,hospital_fresh_short_F,0.9626,True,0.445,0.0791,0.2,0.0791,True,armed,False,
physeval_ema_F_20260708_172828,314,14.950001,1783528113.489293,1.459289,0.499684,-0.0,-3.140952,0.2,0.0791,0.199879,-0.004509,camera_link,14.950001,gnm_closed_loop,,nominal,,True,ok,checkpoints/ablation_mnv2_ema0999/best.pt,5.75,0.445,0.0791,0.1112,0.0022,0.2812,,,gnm_closed_loop,0.2,0.0791,False,0,,isaac_physics_smoke_20260708,,mnv2_ema0999,,,,,,,False,hospital_fresh_short_F,0.9593,True,0.445,0.0791,0.2,0.0791,True,armed,False,
physeval_ema_F_20260708_172828,315,14.966667,1783528113.510083,1.455964,0.499682,-0.0,-3.140949,0.2,0.0718,0.199894,-0.00438,camera_link,14.966667,gnm_closed_loop,,nominal,,True,ok,checkpoints/ablation_mnv2_ema0999/best.pt,5.5,0.4589,0.0718,0.1147,0.0021,0.2756,,,gnm_closed_loop,0.2,0.0718,False,0,,isaac_physics_smoke_20260708,,mnv2_ema0999,,,,,,,False,hospital_fresh_short_F,0.956,True,0.4589,0.0718,0.2,0.0718,True,armed,False,
physeval_ema_F_20260708_172828,316,14.983334,1783528113.512338,1.452639,0.49968,-0.0,-3.140947,0.2,0.0718,0.199894,-0.00438,camera_link,14.983334,gnm_closed_loop,,nominal,,True,ok,checkpoints/ablation_mnv2_ema0999/best.pt,5.5,0.4589,0.0718,0.1147,0.0021,0.2756,,,gnm_closed_loop,0.2,0.0718,False,0,,isaac_physics_smoke_20260708,,mnv2_ema0999,,,,,,,False,hospital_fresh_short_F,0.9526,True,0.4589,0.0718,0.2,0.0718,True,armed,False,
physeval_ema_F_20260708_172828,317,15.000001,1783528113.514361,1.449314,0.499678,-0.0,-3.140944,0.2,0.0718,0.199894,-0.00438,camera_link,15.000001,gnm_closed_loop,,nominal,,True,ok,checkpoints/ablation_mnv2_ema0999/best.pt,5.5,0.4589,0.0718,0.1147,0.0021,0.2756,,,gnm_closed_loop,0.2,0.0718,False,0,,isaac_physics_smoke_20260708,,mnv2_ema0999,,,,,,,False,hospital_fresh_short_F,0.9493,True,0.4589,0.0718,0.2,0.0718,True,armed,False,
physeval_ema_F_20260708_172828,318,15.016667,1783528113.53292,1.44599,0.499676,-0.0,-3.140941,0.2,0.0747,0.199875,-0.004225,camera_link,15.016667,gnm_closed_loop,,nominal,,True,ok,checkpoints/ablation_mnv2_ema0999/best.pt,5.15,0.4448,0.0747,0.1112,0.0021,0.273,,,gnm_closed_loop,0.2,0.0747,False,0,,isaac_physics_smoke_20260708,,mnv2_ema0999,,,,,,,False,hospital_fresh_short_F,0.946,True,0.4448,0.0747,0.2,0.0747,True,armed,False,
physeval_ema_F_20260708_172828,319,15.033334,1783528113.535346,1.442665,0.499674,-0.0,-3.140938,0.2,0.0747,0.199875,-0.004225,camera_link,15.033334,gnm_closed_loop,,nominal,,True,ok,checkpoints/ablation_mnv2_ema0999/best.pt,5.15,0.4448,0.0747,0.1112,0.0021,0.273,,,gnm_closed_loop,0.2,0.0747,False,0,,isaac_physics_smoke_20260708,,mnv2_ema0999,,,,,,,False,hospital_fresh_short_F,0.9427,True,0.4448,0.0747,0.2,0.0747,True,armed,False,
physeval_ema_F_20260708_172828,320,15.050001,1783528113.537279,1.439341,0.499671,-0.0,-3.140936,0.2,0.0747,0.199875,-0.004225,camera_link,15.050001,gnm_closed_loop,,nominal,,True,ok,checkpoints/ablation_mnv2_ema0999/best.pt,5.15,0.4448,0.0747,0.1112,0.0021,0.273,,,gnm_closed_loop,0.2,0.0747,False,0,,isaac_physics_smoke_20260708,,mnv2_ema0999,,,,,,,False,hospital_fresh_short_F,0.9393,True,0.4448,0.0747,0.2,0.0747,True,armed,False,
physeval_ema_F_20260708_172828,321,15.066667,1783528113.554438,1.436016,0.499669,-0.0,-3.140933,0.2,0.086,0.199894,-0.003843,camera_link,15.066667,gnm_closed_loop,,nominal,,True,ok,checkpoints/ablation_mnv2_ema0999/best.pt,4.39,0.401,0.086,0.1003,0.0022,0.273,,,gnm_closed_loop,0.2,0.086,False,0,,isaac_physics_smoke_20260708,,mnv2_ema0999,,,,,,,False,hospital_fresh_short_F,0.936,True,0.401,0.086,0.2,0.086,True,armed,False,
physeval_ema_F_20260708_172828,322,15.083334,1783528113.557525,1.432691,0.499667,-0.0,-3.14093,0.2,0.086,0.199894,-0.003843,camera_link,15.083334,gnm_closed_loop,,nominal,,True,ok,checkpoints/ablation_mnv2_ema0999/best.pt,4.39,0.401,0.086,0.1003,0.0022,0.273,,,gnm_closed_loop,0.2,0.086,False,0,,isaac_physics_smoke_20260708,,mnv2_ema0999,,,,,,,False,hospital_fresh_short_F,0.9327,True,0.401,0.086,0.2,0.086,True,armed,False,
physeval_ema_F_20260708_172828,323,15.100001,1783528113.559797,1.429366,0.499665,-0.0,-3.140926,0.2,0.086,0.199894,-0.003843,camera_link,15.100001,gnm_closed_loop,,nominal,,True,ok,checkpoints/ablation_mnv2_ema0999/best.pt,4.39,0.401,0.086,0.1003,0.0022,0.273,,,gnm_closed_loop,0.2,0.086,False,0,,isaac_physics_smoke_20260708,,mnv2_ema0999,,,,,,,False,hospital_fresh_short_F,0.9294,True,0.401,0.086,0.2,0.086,True,armed,False,
physeval_ema_F_20260708_172828,324,15.116667,1783528113.578573,1.426042,0.499663,-0.0,-3.140923,0.2,0.083,0.199897,-0.004822,camera_link,15.116667,gnm_closed_loop,,nominal,,True,ok,checkpoints/ablation_mnv2_ema0999/best.pt,5.5,0.4008,0.083,0.1002,0.0021,0.2748,,,gnm_closed_loop,0.2,0.083,False,0,,isaac_physics_smoke_20260708,,mnv2_ema0999,,,,,,,False,hospital_fresh_short_F,0.926,True,0.4008,0.083,0.2,0.083,True,armed,False,
physeval_ema_F_20260708_172828,325,15.133334,1783528113.580894,1.422717,0.499661,-0.0,-3.140919,0.2,0.083,0.199897,-0.004822,camera_link,15.133334,gnm_closed_loop,,nominal,,True,ok,checkpoints/ablation_mnv2_ema0999/best.pt,5.5,0.4008,0.083,0.1002,0.0021,0.2748,,,gnm_closed_loop,0.2,0.083,False,0,,isaac_physics_smoke_20260708,,mnv2_ema0999,,,,,,,False,hospital_fresh_short_F,0.9227,True,0.4008,0.083,0.2,0.083,True,armed,False,
physeval_ema_F_20260708_172828,326,15.150001,1783528113.582991,1.419392,0.499659,-0.0,-3.140916,0.2,0.083,0.199897,-0.004822,camera_link,15.150001,gnm_closed_loop,,nominal,,True,ok,checkpoints/ablation_mnv2_ema0999/best.pt,5.5,0.4008,0.083,0.1002,0.0021,0.2748,,,gnm_closed_loop,0.2,0.083,False,0,,isaac_physics_smoke_20260708,,mnv2_ema0999,,,,,,,False,hospital_fresh_short_F,0.9194,True,0.4008,0.083,0.2,0.083,True,armed,False,
physeval_ema_F_20260708_172828,327,15.166667,1783528113.597883,1.416068,0.499657,-0.0,-3.140913,0.2,0.0809,0.199881,-0.005055,camera_link,15.166667,gnm_closed_loop,,nominal,,True,ok,checkpoints/ablation_mnv2_ema0999/best.pt,4.7,0.4077,0.0809,0.1019,0.0021,0.2778,,,gnm_closed_loop,0.2,0.0809,False,0,,isaac_physics_smoke_20260708,,mnv2_ema0999,,,,,,,False,hospital_fresh_short_F,0.9161,True,0.4077,0.0809,0.2,0.0809,True,armed,False,
physeval_ema_F_20260708_172828,328,15.183334,1783528113.600428,1.412743,0.499655,-0.0,-3.14091,0.2,0.0809,0.199881,-0.005055,camera_link,15.183334,gnm_closed_loop,,nominal,,True,ok,checkpoints/ablation_mnv2_ema0999/best.pt,4.7,0.4077,0.0809,0.1019,0.0021,0.2778,,,gnm_closed_loop,0.2,0.0809,False,0,,isaac_physics_smoke_20260708,,mnv2_ema0999,,,,,,,False,hospital_fresh_short_F,0.9127,True,0.4077,0.0809,0.2,0.0809,True,armed,False,
physeval_ema_F_20260708_172828,329,15.200001,1783528113.60307,1.409418,0.499653,-0.0,-3.140908,0.2,0.0809,0.199881,-0.005055,camera_link,15.200001,gnm_closed_loop,,nominal,,True,ok,checkpoints/ablation_mnv2_ema0999/best.pt,4.7,0.4077,0.0809,0.1019,0.0021,0.2778,,,gnm_closed_loop,0.2,0.0809,False,0,,isaac_physics_smoke_20260708,,mnv2_ema0999,,,,,,,False,hospital_fresh_short_F,0.9094,True,0.4077,0.0809,0.2,0.0809,True,armed,False,
physeval_ema_F_20260708_172828,330,15.216667,1783528113.621258,1.406094,0.499651,-0.0,-3.140905,0.2,0.0752,0.199903,-0.004672,camera_link,15.216667,gnm_closed_loop,,nominal,,True,ok,checkpoints/ablation_mnv2_ema0999/best.pt,5.8,0.4445,0.0752,0.1111,0.0021,0.2789,,,gnm_closed_loop,0.2,0.0752,False,0,,isaac_physics_smoke_20260708,,mnv2_ema0999,,,,,,,False,hospital_fresh_short_F,0.9061,True,0.4445,0.0752,0.2,0.0752,True,armed,False,
physeval_ema_F_20260708_172828,331,15.233334,1783528113.624237,1.402769,0.499648,-0.0,-3.140902,0.2,0.0752,0.199903,-0.004672,camera_link,15.233334,gnm_closed_loop,,nominal,,True,ok,checkpoints/ablation_mnv2_ema0999/best.pt,5.8,0.4445,0.0752,0.1111,0.0021,0.2789,,,gnm_closed_loop,0.2,0.0752,False,0,,isaac_physics_smoke_20260708,,mnv2_ema0999,,,,,,,False,hospital_fresh_short_F,0.9028,True,0.4445,0.0752,0.2,0.0752,True,armed,False,
physeval_ema_F_20260708_172828,332,15.250001,1783528113.626364,1.399444,0.499646,-0.0,-3.140899,0.2,0.0752,0.199903,-0.004672,camera_link,15.250001,gnm_closed_loop,,nominal,,True,ok,checkpoints/ablation_mnv2_ema0999/best.pt,5.8,0.4445,0.0752,0.1111,0.0021,0.2789,,,gnm_closed_loop,0.2,0.0752,False,0,,isaac_physics_smoke_20260708,,mnv2_ema0999,,,,,,,False,hospital_fresh_short_F,0.8994,True,0.4445,0.0752,0.2,0.0752,True,armed,False,
physeval_ema_F_20260708_172828,333,15.266667,1783528113.641449,1.39612,0.499644,-0.0,-3.140896,0.2,0.0793,0.199876,-0.004379,camera_link,15.266667,gnm_closed_loop,,nominal,,True,ok,checkpoints/ablation_mnv2_ema0999/best.pt,4.6,0.4423,0.0793,0.1106,0.0022,0.2802,,,gnm_closed_loop,0.2,0.0793,False,0,,isaac_physics_smoke_20260708,,mnv2_ema0999,,,,,,,False,hospital_fresh_short_F,0.8961,True,0.4423,0.0793,0.2,0.0793,True,armed,False,
physeval_ema_F_20260708_172828,334,15.283334,1783528113.644378,1.392795,0.499642,-0.0,-3.140894,0.2,0.0793,0.199876,-0.004379,camera_link,15.283334,gnm_closed_loop,,nominal,,True,ok,checkpoints/ablation_mnv2_ema0999/best.pt,4.6,0.4423,0.0793,0.1106,0.0022,0.2802,,,gnm_closed_loop,0.2,0.0793,False,0,,isaac_physics_smoke_20260708,,mnv2_ema0999,,,,,,,False,hospital_fresh_short_F,0.8928,True,0.4423,0.0793,0.2,0.0793,True,armed,False,
physeval_ema_F_20260708_172828,335,15.300001,1783528113.64693,1.38947,0.49964,-0.0,-3.140891,0.2,0.0793,0.199876,-0.004379,camera_link,15.300001,gnm_closed_loop,,nominal,,True,ok,checkpoints/ablation_mnv2_ema0999/best.pt,4.6,0.4423,0.0793,0.1106,0.0022,0.2802,,,gnm_closed_loop,0.2,0.0793,False,0,,isaac_physics_smoke_20260708,,mnv2_ema0999,,,,,,,False,hospital_fresh_short_F,0.8895,True,0.4423,0.0793,0.2,0.0793,True,armed,False,
physeval_ema_F_20260708_172828,336,15.316667,1783528113.662842,1.386146,0.499638,-0.0,-3.140888,0.2,0.0877,0.199873,-0.004221,camera_link,15.316667,gnm_closed_loop,,nominal,,True,ok,checkpoints/ablation_mnv2_ema0999/best.pt,4.46,0.4295,0.0877,0.1074,0.0024,0.2821,,,gnm_closed_loop,0.2,0.0877,False,0,,isaac_physics_smoke_20260708,,mnv2_ema0999,,,,,,,False,hospital_fresh_short_F,0.8861,True,0.4295,0.0877,0.2,0.0877,True,armed,False,
physeval_ema_F_20260708_172828,337,15.333334,1783528113.665635,1.382821,0.499635,-0.0,-3.140884,0.2,0.0877,0.199873,-0.004221,camera_link,15.333334,gnm_closed_loop,,nominal,,True,ok,checkpoints/ablation_mnv2_ema0999/best.pt,4.46,0.4295,0.0877,0.1074,0.0024,0.2821,,,gnm_closed_loop,0.2,0.0877,False,0,,isaac_physics_smoke_20260708,,mnv2_ema0999,,,,,,,False,hospital_fresh_short_F,0.8828,True,0.4295,0.0877,0.2,0.0877,True,armed,False,
physeval_ema_F_20260708_172828,338,15.350001,1783528113.668207,1.379496,0.499633,-0.0,-3.140881,0.2,0.0877,0.199873,-0.004221,camera_link,15.350001,gnm_closed_loop,,nominal,,True,ok,checkpoints/ablation_mnv2_ema0999/best.pt,4.46,0.4295,0.0877,0.1074,0.0024,0.2821,,,gnm_closed_loop,0.2,0.0877,False,0,,isaac_physics_smoke_20260708,,mnv2_ema0999,,,,,,,False,hospital_fresh_short_F,0.8795,True,0.4295,0.0877,0.2,0.0877,True,armed,False,
physeval_ema_F_20260708_172828,339,15.366667,1783528113.685858,1.376172,0.499631,-0.0,-3.140877,0.2,0.0968,0.199884,-0.004956,camera_link,15.366667,gnm_closed_loop,,nominal,,True,ok,checkpoints/ablation_mnv2_ema0999/best.pt,4.6,0.4235,0.0968,0.1059,0.0026,0.2819,,,gnm_closed_loop,0.2,0.0968,False,0,,isaac_physics_smoke_20260708,,mnv2_ema0999,,,,,,,False,hospital_fresh_short_F,0.8762,True,0.4235,0.0968,0.2,0.0968,True,armed,False,
physeval_ema_F_20260708_172828,340,15.383334,1783528113.688548,1.372847,0.499629,-0.0,-3.140874,0.2,0.0968,0.199884,-0.004956,camera_link,15.383334,gnm_closed_loop,,nominal,,True,ok,checkpoints/ablation_mnv2_ema0999/best.pt,4.6,0.4235,0.0968,0.1059,0.0026,0.2819,,,gnm_closed_loop,0.2,0.0968,False,0,,isaac_physics_smoke_20260708,,mnv2_ema0999,,,,,,,False,hospital_fresh_short_F,0.8728,True,0.4235,0.0968,0.2,0.0968,True,armed,False,
physeval_ema_F_20260708_172828,341,15.400001,1783528113.690588,1.369522,0.499626,-0.0,-3.14087,0.2,0.0968,0.199884,-0.004956,camera_link,15.400001,gnm_closed_loop,,nominal,,True,ok,checkpoints/ablation_mnv2_ema0999/best.pt,4.6,0.4235,0.0968,0.1059,0.0026,0.2819,,,gnm_closed_loop,0.2,0.0968,False,0,,isaac_physics_smoke_20260708,,mnv2_ema0999,,,,,,,False,hospital_fresh_short_F,0.8695,True,0.4235,0.0968,0.2,0.0968,True,armed,False,
physeval_ema_F_20260708_172828,342,15.416667,1783528113.707884,1.366198,0.499624,-0.0,-3.140866,0.2,0.1059,0.199902,-0.006574,camera_link,15.416667,gnm_closed_loop,,nominal,,True,ok,checkpoints/ablation_mnv2_ema0999/best.pt,5.04,0.4093,0.1059,0.1023,0.0027,0.2812,,,gnm_closed_loop,0.2,0.1059,False,0,,isaac_physics_smoke_20260708,,mnv2_ema0999,,,,,,,False,hospital_fresh_short_F,0.8662,True,0.4093,0.1059,0.2,0.1059,True,armed,False,
physeval_ema_F_20260708_172828,343,15.433334,1783528113.710542,1.362873,0.499622,-0.0,-3.140862,0.2,0.1059,0.199902,-0.006574,camera_link,15.433334,gnm_closed_loop,,nominal,,True,ok,checkpoints/ablation_mnv2_ema0999/best.pt,5.04,0.4093,0.1059,0.1023,0.0027,0.2812,,,gnm_closed_loop,0.2,0.1059,False,0,,isaac_physics_smoke_20260708,,mnv2_ema0999,,,,,,,False,hospital_fresh_short_F,0.8629,True,0.4093,0.1059,0.2,0.1059,True,armed,False,
physeval_ema_F_20260708_172828,344,15.450001,1783528113.712502,1.359548,0.49962,-0.0,-3.140858,0.2,0.1059,0.199902,-0.006574,camera_link,15.450001,gnm_closed_loop,,nominal,,True,ok,checkpoints/ablation_mnv2_ema0999/best.pt,5.04,0.4093,0.1059,0.1023,0.0027,0.2812,,,gnm_closed_loop,0.2,0.1059,False,0,,isaac_physics_smoke_20260708,,mnv2_ema0999,,,,,,,False,hospital_fresh_short_F,0.8595,True,0.4093,0.1059,0.2,0.1059,True,armed,False,
physeval_ema_F_20260708_172828,345,15.466667,1783528113.729539,1.356223,0.499618,-0.0,-3.140854,0.2,0.1083,0.19988,-0.005919,camera_link,15.466667,gnm_closed_loop,,nominal,,True,ok,checkpoints/ablation_mnv2_ema0999/best.pt,5.01,0.4059,0.1083,0.1015,0.0027,0.2815,,,gnm_closed_loop,0.2,0.1083,False,0,,isaac_physics_smoke_20260708,,mnv2_ema0999,,,,,,,False,hospital_fresh_short_F,0.8562,True,0.4059,0.1083,0.2,0.1083,True,armed,False,
physeval_ema_F_20260708_172828,346,15.483334,1783528113.732234,1.352898,0.499615,-0.0,-3.140849,0.2,0.1083,0.19988,-0.005919,camera_link,15.483334,gnm_closed_loop,,nominal,,True,ok,checkpoints/ablation_mnv2_ema0999/best.pt,5.01,0.4059,0.1083,0.1015,0.0027,0.2815,,,gnm_closed_loop,0.2,0.1083,False,0,,isaac_physics_smoke_20260708,,mnv2_ema0999,,,,,,,False,hospital_fresh_short_F,0.8529,True,0.4059,0.1083,0.2,0.1083,True,armed,False,
physeval_ema_F_20260708_172828,347,15.500001,1783528113.734243,1.349573,0.499613,-0.0,-3.140843,0.2,0.1083,0.19988,-0.005919,camera_link,15.500001,gnm_closed_loop,,nominal,,True,ok,checkpoints/ablation_mnv2_ema0999/best.pt,5.01,0.4059,0.1083,0.1015,0.0027,0.2815,,,gnm_closed_loop,0.2,0.1083,False,0,,isaac_physics_smoke_20260708,,mnv2_ema0999,,,,,,,False,hospital_fresh_short_F,0.8496,True,0.4059,0.1083,0.2,0.1083,True,armed,False,
physeval_ema_F_20260708_172828,348,15.516667,1783528113.749711,1.346249,0.499611,-0.0,-3.140838,0.2,0.1104,0.199893,-0.006277,camera_link,15.516667,gnm_closed_loop,,nominal,,True,ok,checkpoints/ablation_mnv2_ema0999/best.pt,4.56,0.3959,0.1104,0.099,0.0027,0.2817,,,gnm_closed_loop,0.2,0.1104,False,0,,isaac_physics_smoke_20260708,,mnv2_ema0999,,,,,,,False,hospital_fresh_short_F,0.8462,True,0.3959,0.1104,0.2,0.1104,True,armed,False,
physeval_ema_F_20260708_172828,349,15.533334,1783528113.75201,1.342924,0.499609,-0.0,-3.140833,0.2,0.1104,0.199893,-0.006277,camera_link,15.533334,gnm_closed_loop,,nominal,,True,ok,checkpoints/ablation_mnv2_ema0999/best.pt,4.56,0.3959,0.1104,0.099,0.0027,0.2817,,,gnm_closed_loop,0.2,0.1104,False,0,,isaac_physics_smoke_20260708,,mnv2_ema0999,,,,,,,False,hospital_fresh_short_F,0.8429,True,0.3959,0.1104,0.2,0.1104,True,armed,False,
physeval_ema_F_20260708_172828,350,15.550001,1783528113.753922,1.339599,0.499606,-0.0,-3.140828,0.2,0.1104,0.199893,-0.006277,camera_link,15.550001,gnm_closed_loop,,nominal,,True,ok,checkpoints/ablation_mnv2_ema0999/best.pt,4.56,0.3959,0.1104,0.099,0.0027,0.2817,,,gnm_closed_loop,0.2,0.1104,False,0,,isaac_physics_smoke_20260708,,mnv2_ema0999,,,,,,,False,hospital_fresh_short_F,0.8396,True,0.3959,0.1104,0.2,0.1104,True,armed,False,
physeval_ema_F_20260708_172828,351,15.566667,1783528113.77015,1.336274,0.499604,-0.0,-3.140823,0.2,0.1026,0.199894,-0.00742,camera_link,15.566667,gnm_closed_loop,,nominal,,True,ok,checkpoints/ablation_mnv2_ema0999/best.pt,4.85,0.4104,0.1026,0.1026,0.0026,0.2805,,,gnm_closed_loop,0.2,0.1026,False,0,,isaac_physics_smoke_20260708,,mnv2_ema0999,,,,,,,False,hospital_fresh_short_F,0.8363,True,0.4104,0.1026,0.2,0.1026,True,armed,False,
physeval_ema_F_20260708_172828,352,15.583334,1783528113.77251,1.33295,0.499602,-0.0,-3.140819,0.2,0.1026,0.199894,-0.00742,camera_link,15.583334,gnm_closed_loop,,nominal,,True,ok,checkpoints/ablation_mnv2_ema0999/best.pt,4.85,0.4104,0.1026,0.1026,0.0026,0.2805,,,gnm_closed_loop,0.2,0.1026,False,0,,isaac_physics_smoke_20260708,,mnv2_ema0999,,,,,,,False,hospital_fresh_short_F,0.8329,True,0.4104,0.1026,0.2,0.1026,True,armed,False,
physeval_ema_F_20260708_172828,353,15.600001,1783528113.774435,1.329625,0.499599,-0.0,-3.140815,0.2,0.1026,0.199894,-0.00742,camera_link,15.600001,gnm_closed_loop,,nominal,,True,ok,checkpoints/ablation_mnv2_ema0999/best.pt,4.85,0.4104,0.1026,0.1026,0.0026,0.2805,,,gnm_closed_loop,0.2,0.1026,False,0,,isaac_physics_smoke_20260708,,mnv2_ema0999,,,,,,,False,hospital_fresh_short_F,0.8296,True,0.4104,0.1026,0.2,0.1026,True,armed,False,
physeval_ema_F_20260708_172828,354,15.616667,1783528113.791442,1.3263,0.499597,-0.0,-3.14081,0.2,0.0872,0.199913,-0.005832,camera_link,15.616667,gnm_closed_loop,,nominal,,True,ok,checkpoints/ablation_mnv2_ema0999/best.pt,5.34,0.4672,0.0872,0.1168,0.0025,0.2759,,,gnm_closed_loop,0.2,0.0872,False,0,,isaac_physics_smoke_20260708,,mnv2_ema0999,,,,,,,False,hospital_fresh_short_F,0.8263,True,0.4672,0.0872,0.2,0.0872,True,armed,False,
physeval_ema_F_20260708_172828,355,15.633334,1783528113.793686,1.322975,0.499595,-0.0,-3.140807,0.2,0.0872,0.199913,-0.005832,camera_link,15.633334,gnm_closed_loop,,nominal,,True,ok,checkpoints/ablation_mnv2_ema0999/best.pt,5.34,0.4672,0.0872,0.1168,0.0025,0.2759,,,gnm_closed_loop,0.2,0.0872,False,0,,isaac_physics_smoke_20260708,,mnv2_ema0999,,,,,,,False,hospital_fresh_short_F,0.823,True,0.4672,0.0872,0.2,0.0872,True,armed,False,
physeval_ema_F_20260708_172828,356,15.650001,1783528113.795545,1.31965,0.499592,-0.0,-3.140803,0.2,0.0872,0.199913,-0.005832,camera_link,15.650001,gnm_closed_loop,,nominal,,True,ok,checkpoints/ablation_mnv2_ema0999/best.pt,5.34,0.4672,0.0872,0.1168,0.0025,0.2759,,,gnm_closed_loop,0.2,0.0872,False,0,,isaac_physics_smoke_20260708,,mnv2_ema0999,,,,,,,False,hospital_fresh_short_F,0.8197,True,0.4672,0.0872,0.2,0.0872,True,armed,False,
physeval_ema_F_20260708_172828,357,15.666667,1783528113.812084,1.316325,0.49959,-0.0,-3.1408,0.2,0.0704,0.199898,-0.005355,camera_link,15.666667,gnm_closed_loop,,nominal,,True,ok,checkpoints/ablation_mnv2_ema0999/best.pt,5.15,0.5211,0.0704,0.1303,0.0023,0.2719,,,gnm_closed_loop,0.2,0.0704,False,0,,isaac_physics_smoke_20260708,,mnv2_ema0999,,,,,,,False,hospital_fresh_short_F,0.8163,True,0.5211,0.0704,0.2,0.0704,True,armed,False,
physeval_ema_F_20260708_172828,358,15.683334,1783528113.814555,1.313001,0.499587,-0.0,-3.140797,0.2,0.0704,0.199898,-0.005355,camera_link,15.683334,gnm_closed_loop,,nominal,,True,ok,checkpoints/ablation_mnv2_ema0999/best.pt,5.15,0.5211,0.0704,0.1303,0.0023,0.2719,,,gnm_closed_loop,0.2,0.0704,False,0,,isaac_physics_smoke_20260708,,mnv2_ema0999,,,,,,,False,hospital_fresh_short_F,0.813,True,0.5211,0.0704,0.2,0.0704,True,armed,False,
physeval_ema_F_20260708_172828,359,15.700001,1783528113.816822,1.309677,0.499585,-0.0,-3.140795,0.2,0.0704,0.199898,-0.005355,camera_link,15.700001,gnm_closed_loop,,nominal,,True,ok,checkpoints/ablation_mnv2_ema0999/best.pt,5.15,0.5211,0.0704,0.1303,0.0023,0.2719,,,gnm_closed_loop,0.2,0.0704,False,0,,isaac_physics_smoke_20260708,,mnv2_ema0999,,,,,,,False,hospital_fresh_short_F,0.8097,True,0.5211,0.0704,0.2,0.0704,True,armed,False,
physeval_ema_F_20260708_172828,360,15.716667,1783528113.83666,1.306352,0.499582,-0.0,-3.140793,0.2,0.0806,0.199851,-0.004004,camera_link,15.716667,gnm_closed_loop,,nominal,,True,ok,checkpoints/ablation_mnv2_ema0999/best.pt,4.22,0.4845,0.0806,0.1211,0.0024,0.2721,,,gnm_closed_loop,0.2,0.0806,False,0,,isaac_physics_smoke_20260708,,mnv2_ema0999,,,,,,,False,hospital_fresh_short_F,0.8064,True,0.4845,0.0806,0.2,0.0806,True,armed,False,
physeval_ema_F_20260708_172828,361,15.733334,1783528113.838949,1.303027,0.49958,-0.0,-3.14079,0.2,0.0806,0.199851,-0.004004,camera_link,15.733334,gnm_closed_loop,,nominal,,True,ok,checkpoints/ablation_mnv2_ema0999/best.pt,4.22,0.4845,0.0806,0.1211,0.0024,0.2721,,,gnm_closed_loop,0.2,0.0806,False,0,,isaac_physics_smoke_20260708,,mnv2_ema0999,,,,,,,False,hospital_fresh_short_F,0.803,True,0.4845,0.0806,0.2,0.0806,True,armed,False,
physeval_ema_F_20260708_172828,362,15.750001,1783528113.840901,1.299702,0.499577,-0.0,-3.140787,0.2,0.0806,0.199851,-0.004004,camera_link,15.750001,gnm_closed_loop,,nominal,,True,ok,checkpoints/ablation_mnv2_ema0999/best.pt,4.22,0.4845,0.0806,0.1211,0.0024,0.2721,,,gnm_closed_loop,0.2,0.0806,False,0,,isaac_physics_smoke_20260708,,mnv2_ema0999,,,,,,,False,hospital_fresh_short_F,0.7997,True,0.4845,0.0806,0.2,0.0806,True,armed,False,
physeval_ema_F_20260708_172828,363,15.766667,1783528113.856563,1.296378,0.499575,-0.0,-3.140784,0.2,0.0791,0.19988,-0.004481,camera_link,15.766667,gnm_closed_loop,,nominal,,True,ok,checkpoints/ablation_mnv2_ema0999/best.pt,4.69,0.487,0.0791,0.1218,0.0024,0.269,,,gnm_closed_loop,0.2,0.0791,False,0,,isaac_physics_smoke_20260708,,mnv2_ema0999,,,,,,,False,hospital_fresh_short_F,0.7964,True,0.487,0.0791,0.2,0.0791,True,armed,False,
physeval_ema_F_20260708_172828,364,15.783334,1783528113.859027,1.293053,0.499572,-0.0,-3.140781,0.2,0.0791,0.19988,-0.004481,camera_link,15.783334,gnm_closed_loop,,nominal,,True,ok,checkpoints/ablation_mnv2_ema0999/best.pt,4.69,0.487,0.0791,0.1218,0.0024,0.269,,,gnm_closed_loop,0.2,0.0791,False,0,,isaac_physics_smoke_20260708,,mnv2_ema0999,,,,,,,False,hospital_fresh_short_F,0.7931,True,0.487,0.0791,0.2,0.0791,True,armed,False,
physeval_ema_F_20260708_172828,365,15.800001,1783528113.86105,1.289728,0.499569,-0.0,-3.140778,0.2,0.0791,0.19988,-0.004481,camera_link,15.800001,gnm_closed_loop,,nominal,,True,ok,checkpoints/ablation_mnv2_ema0999/best.pt,4.69,0.487,0.0791,0.1218,0.0024,0.269,,,gnm_closed_loop,0.2,0.0791,False,0,,isaac_physics_smoke_20260708,,mnv2_ema0999,,,,,,,False,hospital_fresh_short_F,0.7897,True,0.487,0.0791,0.2,0.0791,True,armed,False,
physeval_ema_F_20260708_172828,366,15.816667,1783528113.87634,1.286404,0.499567,-0.0,-3.140775,0.2,0.0757,0.199882,-0.004967,camera_link,15.816667,gnm_closed_loop,,nominal,,True,ok,checkpoints/ablation_mnv2_ema0999/best.pt,4.66,0.5011,0.0757,0.1253,0.0024,0.2681,,,gnm_closed_loop,0.2,0.0757,False,0,,isaac_physics_smoke_20260708,,mnv2_ema0999,,,,,,,False,hospital_fresh_short_F,0.7864,True,0.5011,0.0757,0.2,0.0757,True,armed,False,
physeval_ema_F_20260708_172828,367,15.833334,1783528113.878849,1.283079,0.499564,-0.0,-3.140772,0.2,0.0757,0.199882,-0.004967,camera_link,15.833334,gnm_closed_loop,,nominal,,True,ok,checkpoints/ablation_mnv2_ema0999/best.pt,4.66,0.5011,0.0757,0.1253,0.0024,0.2681,,,gnm_closed_loop,0.2,0.0757,False,0,,isaac_physics_smoke_20260708,,mnv2_ema0999,,,,,,,False,hospital_fresh_short_F,0.7831,True,0.5011,0.0757,0.2,0.0757,True,armed,False,
physeval_ema_F_20260708_172828,368,15.850001,1783528113.880791,1.279754,0.499562,-0.0,-3.140769,0.2,0.0757,0.199882,-0.004967,camera_link,15.850001,gnm_closed_loop,,nominal,,True,ok,checkpoints/ablation_mnv2_ema0999/best.pt,4.66,0.5011,0.0757,0.1253,0.0024,0.2681,,,gnm_closed_loop,0.2,0.0757,False,0,,isaac_physics_smoke_20260708,,mnv2_ema0999,,,,,,,False,hospital_fresh_short_F,0.7798,True,0.5011,0.0757,0.2,0.0757,True,armed,False,
physeval_ema_F_20260708_172828,369,15.866667,1783528113.90034,1.27643,0.499559,-0.0,-3.140767,0.2,0.0737,0.199871,-0.004146,camera_link,15.866667,gnm_closed_loop,,nominal,,True,ok,checkpoints/ablation_mnv2_ema0999/best.pt,4.68,0.5018,0.0737,0.1255,0.0023,0.2681,,,gnm_closed_loop,0.2,0.0737,False,0,,isaac_physics_smoke_20260708,,mnv2_ema0999,,,,,,,False,hospital_fresh_short_F,0.7764,True,0.5018,0.0737,0.2,0.0737,True,armed,False,
physeval_ema_F_20260708_172828,370,15.883334,1783528113.902685,1.273105,0.499556,-0.0,-3.140764,0.2,0.0737,0.199871,-0.004146,camera_link,15.883334,gnm_closed_loop,,nominal,,True,ok,checkpoints/ablation_mnv2_ema0999/best.pt,4.68,0.5018,0.0737,0.1255,0.0023,0.2681,,,gnm_closed_loop,0.2,0.0737,False,0,,isaac_physics_smoke_20260708,,mnv2_ema0999,,,,,,,False,hospital_fresh_short_F,0.7731,True,0.5018,0.0737,0.2,0.0737,True,armed,False,
physeval_ema_F_20260708_172828,371,15.900001,1783528113.904782,1.269781,0.499554,-0.0,-3.140761,0.2,0.0737,0.199871,-0.004146,camera_link,15.900001,gnm_closed_loop,,nominal,,True,ok,checkpoints/ablation_mnv2_ema0999/best.pt,4.68,0.5018,0.0737,0.1255,0.0023,0.2681,,,gnm_closed_loop,0.2,0.0737,False,0,,isaac_physics_smoke_20260708,,mnv2_ema0999,,,,,,,False,hospital_fresh_short_F,0.7698,True,0.5018,0.0737,0.2,0.0737,True,armed,False,
physeval_ema_F_20260708_172828,372,15.916667,1783528113.920282,1.266456,0.499551,-0.0,-3.140759,0.2,0.0774,0.199891,-0.004423,camera_link,15.916667,gnm_closed_loop,,nominal,,True,ok,checkpoints/ablation_mnv2_ema0999/best.pt,4.14,0.4603,0.0774,0.1151,0.0022,0.271,,,gnm_closed_loop,0.2,0.0774,False,0,,isaac_physics_smoke_20260708,,mnv2_ema0999,,,,,,,False,hospital_fresh_short_F,0.7665,True,0.4603,0.0774,0.2,0.0774,True,armed,False,
physeval_ema_F_20260708_172828,373,15.933334,1783528113.922945,1.263131,0.499548,-0.0,-3.140756,0.2,0.0774,0.199891,-0.004423,camera_link,15.933334,gnm_closed_loop,,nominal,,True,ok,checkpoints/ablation_mnv2_ema0999/best.pt,4.14,0.4603,0.0774,0.1151,0.0022,0.271,,,gnm_closed_loop,0.2,0.0774,False,0,,isaac_physics_smoke_20260708,,mnv2_ema0999,,,,,,,False,hospital_fresh_short_F,0.7631,True,0.4603,0.0774,0.2,0.0774,True,armed,False,
physeval_ema_F_20260708_172828,374,15.950001,1783528113.924865,1.259806,0.499546,-0.0,-3.140753,0.2,0.0774,0.199891,-0.004423,camera_link,15.950001,gnm_closed_loop,,nominal,,True,ok,checkpoints/ablation_mnv2_ema0999/best.pt,4.14,0.4603,0.0774,0.1151,0.0022,0.271,,,gnm_closed_loop,0.2,0.0774,False,0,,isaac_physics_smoke_20260708,,mnv2_ema0999,,,,,,,False,hospital_fresh_short_F,0.7598,True,0.4603,0.0774,0.2,0.0774,True,armed,False,
physeval_ema_F_20260708_172828,375,15.966667,1783528113.939241,1.256482,0.499543,-0.0,-3.14075,0.2,0.0914,0.199885,-0.0045,camera_link,15.966667,gnm_closed_loop,,nominal,,True,ok,checkpoints/ablation_mnv2_ema0999/best.pt,4.39,0.377,0.0914,0.0943,0.0022,0.2831,,,gnm_closed_loop,0.2,0.0914,False,0,,isaac_physics_smoke_20260708,,mnv2_ema0999,,,,,,,False,hospital_fresh_short_F,0.7565,True,0.377,0.0914,0.2,0.0914,True,armed,False,
physeval_ema_F_20260708_172828,376,15.983334,1783528113.941854,1.253157,0.49954,-0.0,-3.140747,0.2,0.0914,0.199885,-0.0045,camera_link,15.983334,gnm_closed_loop,,nominal,,True,ok,checkpoints/ablation_mnv2_ema0999/best.pt,4.39,0.377,0.0914,0.0943,0.0022,0.2831,,,gnm_closed_loop,0.2,0.0914,False,0,,isaac_physics_smoke_20260708,,mnv2_ema0999,,,,,,,False,hospital_fresh_short_F,0.7532,True,0.377,0.0914,0.2,0.0914,True,armed,False,
physeval_ema_F_20260708_172828,377,16.000001,1783528113.943956,1.249832,0.499538,-0.0,-3.140744,0.2,0.0914,0.199885,-0.0045,camera_link,16.000001,gnm_closed_loop,,nominal,,True,ok,checkpoints/ablation_mnv2_ema0999/best.pt,4.39,0.377,0.0914,0.0943,0.0022,0.2831,,,gnm_closed_loop,0.2,0.0914,False,0,,isaac_physics_smoke_20260708,,mnv2_ema0999,,,,,,,False,hospital_fresh_short_F,0.7498,True,0.377,0.0914,0.2,0.0914,True,armed,False,
physeval_ema_F_20260708_172828,378,16.016668,1783528113.96033,1.246507,0.499535,-0.0,-3.14074,0.2,0.0836,0.199883,-0.004962,camera_link,16.016668,gnm_closed_loop,,nominal,,True,ok,checkpoints/ablation_mnv2_ema0999/best.pt,4.93,0.3595,0.0836,0.0899,0.0019,0.2882,,,gnm_closed_loop,0.2,0.0836,False,0,,isaac_physics_smoke_20260708,,mnv2_ema0999,,,,,,,False,hospital_fresh_short_F,0.7465,True,0.3595,0.0836,0.2,0.0836,True,armed,False,
physeval_ema_F_20260708_172828,379,16.033334,1783528113.962779,1.243183,0.499532,-0.0,-3.140737,0.2,0.0836,0.199883,-0.004962,camera_link,16.033334,gnm_closed_loop,,nominal,,True,ok,checkpoints/ablation_mnv2_ema0999/best.pt,4.93,0.3595,0.0836,0.0899,0.0019,0.2882,,,gnm_closed_loop,0.2,0.0836,False,0,,isaac_physics_smoke_20260708,,mnv2_ema0999,,,,,,,False,hospital_fresh_short_F,0.7432,True,0.3595,0.0836,0.2,0.0836,True,armed,False,
physeval_ema_F_20260708_172828,380,16.050001,1783528113.964781,1.239858,0.49953,-0.0,-3.140734,0.2,0.0836,0.199883,-0.004962,camera_link,16.050001,gnm_closed_loop,,nominal,,True,ok,checkpoints/ablation_mnv2_ema0999/best.pt,4.93,0.3595,0.0836,0.0899,0.0019,0.2882,,,gnm_closed_loop,0.2,0.0836,False,0,,isaac_physics_smoke_20260708,,mnv2_ema0999,,,,,,,False,hospital_fresh_short_F,0.7399,True,0.3595,0.0836,0.2,0.0836,True,armed,False,
physeval_ema_F_20260708_172828,381,16.066668,1783528113.981514,1.236534,0.499527,-0.0,-3.140731,0.2,0.0827,0.199871,-0.004666,camera_link,16.066668,gnm_closed_loop,,nominal,,True,ok,checkpoints/ablation_mnv2_ema0999/best.pt,4.41,0.3598,0.0827,0.09,0.0019,0.2904,,,gnm_closed_loop,0.2,0.0827,False,0,,isaac_physics_smoke_20260708,,mnv2_ema0999,,,,,,,False,hospital_fresh_short_F,0.7365,True,0.3598,0.0827,0.2,0.0827,True,armed,False,
physeval_ema_F_20260708_172828,382,16.083334,1783528113.983859,1.233209,0.499524,-0.0,-3.140727,0.2,0.0827,0.199871,-0.004666,camera_link,16.083334,gnm_closed_loop,,nominal,,True,ok,checkpoints/ablation_mnv2_ema0999/best.pt,4.41,0.3598,0.0827,0.09,0.0019,0.2904,,,gnm_closed_loop,0.2,0.0827,False,0,,isaac_physics_smoke_20260708,,mnv2_ema0999,,,,,,,False,hospital_fresh_short_F,0.7332,True,0.3598,0.0827,0.2,0.0827,True,armed,False,
physeval_ema_F_20260708_172828,383,16.100001,1783528113.985811,1.229885,0.499522,-0.0,-3.140725,0.2,0.0827,0.199871,-0.004666,camera_link,16.100001,gnm_closed_loop,,nominal,,True,ok,checkpoints/ablation_mnv2_ema0999/best.pt,4.41,0.3598,0.0827,0.09,0.0019,0.2904,,,gnm_closed_loop,0.2,0.0827,False,0,,isaac_physics_smoke_20260708,,mnv2_ema0999,,,,,,,False,hospital_fresh_short_F,0.7299,True,0.3598,0.0827,0.2,0.0827,True,armed,False,
physeval_ema_F_20260708_172828,384,16.116668,1783528114.003577,1.22656,0.499519,-0.0,-3.140721,0.2,0.0855,0.199878,-0.005022,camera_link,16.116668,gnm_closed_loop,,nominal,,True,ok,checkpoints/ablation_mnv2_ema0999/best.pt,5.52,0.3583,0.0855,0.0896,0.0019,0.2978,,,gnm_closed_loop,0.2,0.0855,False,0,,isaac_physics_smoke_20260708,,mnv2_ema0999,,,,,,,False,hospital_fresh_short_F,0.7266,True,0.3583,0.0855,0.2,0.0855,True,armed,False,
physeval_ema_F_20260708_172828,385,16.133334,1783528114.007383,1.223235,0.499516,-0.0,-3.140718,0.2,0.0855,0.199878,-0.005022,camera_link,16.133334,gnm_closed_loop,,nominal,,True,ok,checkpoints/ablation_mnv2_ema0999/best.pt,5.52,0.3583,0.0855,0.0896,0.0019,0.2978,,,gnm_closed_loop,0.2,0.0855,False,0,,isaac_physics_smoke_20260708,,mnv2_ema0999,,,,,,,False,hospital_fresh_short_F,0.7232,True,0.3583,0.0855,0.2,0.0855,True,armed,False,
physeval_ema_F_20260708_172828,386,16.150001,1783528114.009512,1.21991,0.499513,-0.0,-3.140714,0.2,0.0855,0.199878,-0.005022,camera_link,16.150001,gnm_closed_loop,,nominal,,True,ok,checkpoints/ablation_mnv2_ema0999/best.pt,5.52,0.3583,0.0855,0.0896,0.0019,0.2978,,,gnm_closed_loop,0.2,0.0855,False,0,,isaac_physics_smoke_20260708,,mnv2_ema0999,,,,,,,False,hospital_fresh_short_F,0.7199,True,0.3583,0.0855,0.2,0.0855,True,armed,False,
physeval_ema_F_20260708_172828,387,16.166668,1783528114.027669,1.216586,0.499511,-0.0,-3.140712,0.2,0.0934,0.199868,-0.004554,camera_link,16.166668,gnm_closed_loop,,nominal,,True,ok,checkpoints/ablation_mnv2_ema0999/best.pt,4.78,0.3419,0.0934,0.0855,0.002,0.3019,,,gnm_closed_loop,0.2,0.0934,False,0,,isaac_physics_smoke_20260708,,mnv2_ema0999,,,,,,,False,hospital_fresh_short_F,0.7166,True,0.3419,0.0934,0.2,0.0934,True,armed,False,
physeval_ema_F_20260708_172828,388,16.183334,1783528114.0303,1.213261,0.499508,-0.0,-3.140708,0.2,0.0934,0.199868,-0.004554,camera_link,16.183334,gnm_closed_loop,,nominal,,True,ok,checkpoints/ablation_mnv2_ema0999/best.pt,4.78,0.3419,0.0934,0.0855,0.002,0.3019,,,gnm_closed_loop,0.2,0.0934,False,0,,isaac_physics_smoke_20260708,,mnv2_ema0999,,,,,,,False,hospital_fresh_short_F,0.7133,True,0.3419,0.0934,0.2,0.0934,True,armed,False,
physeval_ema_F_20260708_172828,389,16.200001,1783528114.033117,1.209936,0.499505,-0.0,-3.140703,0.2,0.0934,0.199868,-0.004554,camera_link,16.200001,gnm_closed_loop,,nominal,,True,ok,checkpoints/ablation_mnv2_ema0999/best.pt,4.78,0.3419,0.0934,0.0855,0.002,0.3019,,,gnm_closed_loop,0.2,0.0934,False,0,,isaac_physics_smoke_20260708,,mnv2_ema0999,,,,,,,False,hospital_fresh_short_F,0.7099,True,0.3419,0.0934,0.2,0.0934,True,armed,False,
physeval_ema_F_20260708_172828,390,16.216668,1783528114.050623,1.206611,0.499503,-0.0,-3.1407,0.2,0.0937,0.199878,-0.005865,camera_link,16.216668,gnm_closed_loop,,nominal,,True,ok,checkpoints/ablation_mnv2_ema0999/best.pt,4.69,0.3389,0.0937,0.0847,0.002,0.3028,,,gnm_closed_loop,0.2,0.0937,False,0,,isaac_physics_smoke_20260708,,mnv2_ema0999,,,,,,,False,hospital_fresh_short_F,0.7066,True,0.3389,0.0937,0.2,0.0937,True,armed,False,
physeval_ema_F_20260708_172828,391,16.233334,1783528114.053651,1.203287,0.4995,-0.0,-3.140696,0.2,0.0937,0.199878,-0.005865,camera_link,16.233334,gnm_closed_loop,,nominal,,True,ok,checkpoints/ablation_mnv2_ema0999/best.pt,4.69,0.3389,0.0937,0.0847,0.002,0.3028,,,gnm_closed_loop,0.2,0.0937,False,0,,isaac_physics_smoke_20260708,,mnv2_ema0999,,,,,,,False,hospital_fresh_short_F,0.7033,True,0.3389,0.0937,0.2,0.0937,True,armed,False,
physeval_ema_F_20260708_172828,392,16.250001,1783528114.055735,1.199962,0.499497,-0.0,-3.140693,0.2,0.0937,0.199878,-0.005865,camera_link,16.250001,gnm_closed_loop,,nominal,,True,ok,checkpoints/ablation_mnv2_ema0999/best.pt,4.69,0.3389,0.0937,0.0847,0.002,0.3028,,,gnm_closed_loop,0.2,0.0937,False,0,,isaac_physics_smoke_20260708,,mnv2_ema0999,,,,,,,False,hospital_fresh_short_F,0.7,True,0.3389,0.0937,0.2,0.0937,True,armed,False,
physeval_ema_F_20260708_172828,393,16.266668,1783528114.070952,1.196638,0.499494,-0.0,-3.14069,0.2,0.0972,0.199887,-0.006506,camera_link,16.266668,gnm_closed_loop,,nominal,,True,ok,checkpoints/ablation_mnv2_ema0999/best.pt,4.55,0.3381,0.0972,0.0845,0.0021,0.302,,,gnm_closed_loop,0.2,0.0972,False,0,,isaac_physics_smoke_20260708,,mnv2_ema0999,,,,,,,False,hospital_fresh_short_F,0.6966,True,0.3381,0.0972,0.2,0.0972,True,armed,False,
physeval_ema_F_20260708_172828,394,16.283334,1783528114.073657,1.193313,0.499491,-0.0,-3.140685,0.2,0.0972,0.199887,-0.006506,camera_link,16.283334,gnm_closed_loop,,nominal,,True,ok,checkpoints/ablation_mnv2_ema0999/best.pt,4.55,0.3381,0.0972,0.0845,0.0021,0.302,,,gnm_closed_loop,0.2,0.0972,False,0,,isaac_physics_smoke_20260708,,mnv2_ema0999,,,,,,,False,hospital_fresh_short_F,0.6933,True,0.3381,0.0972,0.2,0.0972,True,armed,False,
physeval_ema_F_20260708_172828,395,16.300001,1783528114.075697,1.189988,0.499488,-0.0,-3.140681,0.2,0.0972,0.199887,-0.006506,camera_link,16.300001,gnm_closed_loop,,nominal,,True,ok,checkpoints/ablation_mnv2_ema0999/best.pt,4.55,0.3381,0.0972,0.0845,0.0021,0.302,,,gnm_closed_loop,0.2,0.0972,False,0,,isaac_physics_smoke_20260708,,mnv2_ema0999,,,,,,,False,hospital_fresh_short_F,0.69,True,0.3381,0.0972,0.2,0.0972,True,armed,False,
physeval_ema_F_20260708_172828,396,16.316668,1783528114.091598,1.186663,0.499486,-0.0,-3.140677,0.2,0.106,0.199891,-0.006108,camera_link,16.316668,gnm_closed_loop,,nominal,,True,ok,checkpoints/ablation_mnv2_ema0999/best.pt,4.93,0.3196,0.106,0.0799,0.0021,0.2984,,,gnm_closed_loop,0.2,0.106,False,0,,isaac_physics_smoke_20260708,,mnv2_ema0999,,,,,,,False,hospital_fresh_short_F,0.6867,True,0.3196,0.106,0.2,0.106,True,armed,False,
physeval_ema_F_20260708_172828,397,16.333334,1783528114.094345,1.183338,0.499483,-0.0,-3.140673,0.2,0.106,0.199891,-0.006108,camera_link,16.333334,gnm_closed_loop,,nominal,,True,ok,checkpoints/ablation_mnv2_ema0999/best.pt,4.93,0.3196,0.106,0.0799,0.0021,0.2984,,,gnm_closed_loop,0.2,0.106,False,0,,isaac_physics_smoke_20260708,,mnv2_ema0999,,,,,,,False,hospital_fresh_short_F,0.6833,True,0.3196,0.106,0.2,0.106,True,armed,False,
physeval_ema_F_20260708_172828,398,16.350001,1783528114.096466,1.180014,0.49948,-0.0,-3.140668,0.2,0.106,0.199891,-0.006108,camera_link,16.350001,gnm_closed_loop,,nominal,,True,ok,checkpoints/ablation_mnv2_ema0999/best.pt,4.93,0.3196,0.106,0.0799,0.0021,0.2984,,,gnm_closed_loop,0.2,0.106,False,0,,isaac_physics_smoke_20260708,,mnv2_ema0999,,,,,,,False,hospital_fresh_short_F,0.68,True,0.3196,0.106,0.2,0.106,True,armed,False,
physeval_ema_F_20260708_172828,399,16.366668,1783528114.111881,1.176689,0.499477,-0.0,-3.140663,0.2,0.108,0.199885,-0.006771,camera_link,16.366668,gnm_closed_loop,,nominal,,True,ok,checkpoints/ablation_mnv2_ema0999/best.pt,4.56,0.3118,0.108,0.078,0.0021,0.291,,,gnm_closed_loop,0.2,0.108,False,0,,isaac_physics_smoke_20260708,,mnv2_ema0999,,,,,,,False,hospital_fresh_short_F,0.6767,True,0.3118,0.108,0.2,0.108,True,armed,False,
physeval_ema_F_20260708_172828,400,16.383334,1783528114.114518,1.173364,0.499474,-0.0,-3.140658,0.2,0.108,0.199885,-0.006771,camera_link,16.383334,gnm_closed_loop,,nominal,,True,ok,checkpoints/ablation_mnv2_ema0999/best.pt,4.56,0.3118,0.108,0.078,0.0021,0.291,,,gnm_closed_loop,0.2,0.108,False,0,,isaac_physics_smoke_20260708,,mnv2_ema0999,,,,,,,False,hospital_fresh_short_F,0.6734,True,0.3118,0.108,0.2,0.108,True,armed,False,
physeval_ema_F_20260708_172828,401,16.400001,1783528114.116707,1.170039,0.499471,-0.0,-3.140653,0.2,0.108,0.199885,-0.006771,camera_link,16.400001,gnm_closed_loop,,nominal,,True,ok,checkpoints/ablation_mnv2_ema0999/best.pt,4.56,0.3118,0.108,0.078,0.0021,0.291,,,gnm_closed_loop,0.2,0.108,False,0,,isaac_physics_smoke_20260708,,mnv2_ema0999,,,,,,,False,hospital_fresh_short_F,0.67,True,0.3118,0.108,0.2,0.108,True,armed,False,
physeval_ema_F_20260708_172828,402,16.416668,1783528114.133631,1.166714,0.499468,-0.0,-3.140648,0.2,0.0997,0.199908,-0.006638,camera_link,16.416668,gnm_closed_loop,,nominal,,True,ok,checkpoints/ablation_mnv2_ema0999/best.pt,4.6,0.3436,0.0997,0.0859,0.0021,0.282,,,gnm_closed_loop,0.2,0.0997,False,0,,isaac_physics_smoke_20260708,,mnv2_ema0999,,,,,,,False,hospital_fresh_short_F,0.6667,True,0.3436,0.0997,0.2,0.0997,True,armed,False,
physeval_ema_F_20260708_172828,403,16.433334,1783528114.136003,1.163389,0.499465,-0.0,-3.140644,0.2,0.0997,0.199908,-0.006638,camera_link,16.433334,gnm_closed_loop,,nominal,,True,ok,checkpoints/ablation_mnv2_ema0999/best.pt,4.6,0.3436,0.0997,0.0859,0.0021,0.282,,,gnm_closed_loop,0.2,0.0997,False,0,,isaac_physics_smoke_20260708,,mnv2_ema0999,,,,,,,False,hospital_fresh_short_F,0.6634,True,0.3436,0.0997,0.2,0.0997,True,armed,False,
physeval_ema_F_20260708_172828,404,16.450001,1783528114.137968,1.160064,0.499462,-0.0,-3.14064,0.2,0.0997,0.199908,-0.006638,camera_link,16.450001,gnm_closed_loop,,nominal,,True,ok,checkpoints/ablation_mnv2_ema0999/best.pt,4.6,0.3436,0.0997,0.0859,0.0021,0.282,,,gnm_closed_loop,0.2,0.0997,False,0,,isaac_physics_smoke_20260708,,mnv2_ema0999,,,,,,,False,hospital_fresh_short_F,0.6601,True,0.3436,0.0997,0.2,0.0997,True,armed,False,
physeval_ema_F_20260708_172828,405,16.466668,1783528114.152575,1.156739,0.499459,-0.0,-3.140636,0.2,0.105,0.199892,-0.006234,camera_link,16.466668,gnm_closed_loop,,nominal,,True,ok,checkpoints/ablation_mnv2_ema0999/best.pt,4.2,0.331,0.105,0.0827,0.0022,0.2776,,,gnm_closed_loop,0.2,0.105,False,0,,isaac_physics_smoke_20260708,,mnv2_ema0999,,,,,,,False,hospital_fresh_short_F,0.6567,True,0.331,0.105,0.2,0.105,True,armed,False,
physeval_ema_F_20260708_172828,406,16.483334,1783528114.155228,1.153415,0.499456,-0.0,-3.140631,0.2,0.105,0.199892,-0.006234,camera_link,16.483334,gnm_closed_loop,,nominal,,True,ok,checkpoints/ablation_mnv2_ema0999/best.pt,4.2,0.331,0.105,0.0827,0.0022,0.2776,,,gnm_closed_loop,0.2,0.105,False,0,,isaac_physics_smoke_20260708,,mnv2_ema0999,,,,,,,False,hospital_fresh_short_F,0.6534,True,0.331,0.105,0.2,0.105,True,armed,False,
physeval_ema_F_20260708_172828,407,16.500001,1783528114.157188,1.15009,0.499453,-0.0,-3.140627,0.2,0.105,0.199892,-0.006234,camera_link,16.500001,gnm_closed_loop,,nominal,,True,ok,checkpoints/ablation_mnv2_ema0999/best.pt,4.2,0.331,0.105,0.0827,0.0022,0.2776,,,gnm_closed_loop,0.2,0.105,False,0,,isaac_physics_smoke_20260708,,mnv2_ema0999,,,,,,,False,hospital_fresh_short_F,0.6501,True,0.331,0.105,0.2,0.105,True,armed,False,
physeval_ema_F_20260708_172828,408,16.516668,1783528114.17253,1.146765,0.49945,-0.0,-3.140622,0.2,0.0967,0.199908,-0.006726,camera_link,16.516668,gnm_closed_loop,,nominal,,True,ok,checkpoints/ablation_mnv2_ema0999/best.pt,4.98,0.3267,0.0967,0.0817,0.002,0.2826,,,gnm_closed_loop,0.2,0.0967,False,0,,isaac_physics_smoke_20260708,,mnv2_ema0999,,,,,,,False,hospital_fresh_short_F,0.6468,True,0.3267,0.0967,0.2,0.0967,True,armed,False,
physeval_ema_F_20260708_172828,409,16.533334,1783528114.174879,1.14344,0.499447,-0.0,-3.140618,0.2,0.0967,0.199908,-0.006726,camera_link,16.533334,gnm_closed_loop,,nominal,,True,ok,checkpoints/ablation_mnv2_ema0999/best.pt,4.98,0.3267,0.0967,0.0817,0.002,0.2826,,,gnm_closed_loop,0.2,0.0967,False,0,,isaac_physics_smoke_20260708,,mnv2_ema0999,,,,,,,False,hospital_fresh_short_F,0.6434,True,0.3267,0.0967,0.2,0.0967,True,armed,False,
physeval_ema_F_20260708_172828,410,16.550001,1783528114.176873,1.140115,0.499444,-0.0,-3.140614,0.2,0.0967,0.199908,-0.006726,camera_link,16.550001,gnm_closed_loop,,nominal,,True,ok,checkpoints/ablation_mnv2_ema0999/best.pt,4.98,0.3267,0.0967,0.0817,0.002,0.2826,,,gnm_closed_loop,0.2,0.0967,False,0,,isaac_physics_smoke_20260708,,mnv2_ema0999,,,,,,,False,hospital_fresh_short_F,0.6401,True,0.3267,0.0967,0.2,0.0967,True,armed,False,
physeval_ema_F_20260708_172828,411,16.566668,1783528114.191375,1.13679,0.499441,-0.0,-3.14061,0.2,0.0959,0.199905,-0.005686,camera_link,16.566668,gnm_closed_loop,,nominal,,True,ok,checkpoints/ablation_mnv2_ema0999/best.pt,4.75,0.326,0.0959,0.0815,0.002,0.2834,,,gnm_closed_loop,0.2,0.0959,False,0,,isaac_physics_smoke_20260708,,mnv2_ema0999,,,,,,,False,hospital_fresh_short_F,0.6368,True,0.326,0.0959,0.2,0.0959,True,armed,False,
physeval_ema_F_20260708_172828,412,16.583334,1783528114.193967,1.133465,0.499438,-0.0,-3.140606,0.2,0.0959,0.199905,-0.005686,camera_link,16.583334,gnm_closed_loop,,nominal,,True,ok,checkpoints/ablation_mnv2_ema0999/best.pt,4.75,0.326,0.0959,0.0815,0.002,0.2834,,,gnm_closed_loop,0.2,0.0959,False,0,,isaac_physics_smoke_20260708,,mnv2_ema0999,,,,,,,False,hospital_fresh_short_F,0.6335,True,0.326,0.0959,0.2,0.0959,True,armed,False,
physeval_ema_F_20260708_172828,413,16.600001,1783528114.195974,1.13014,0.499435,-0.0,-3.140602,0.2,0.0959,0.199905,-0.005686,camera_link,16.600001,gnm_closed_loop,,nominal,,True,ok,checkpoints/ablation_mnv2_ema0999/best.pt,4.75,0.326,0.0959,0.0815,0.002,0.2834,,,gnm_closed_loop,0.2,0.0959,False,0,,isaac_physics_smoke_20260708,,mnv2_ema0999,,,,,,,False,hospital_fresh_short_F,0.6301,True,0.326,0.0959,0.2,0.0959,True,armed,False,
physeval_ema_F_20260708_172828,414,16.616668,1783528114.213396,1.126815,0.499432,-0.0,-3.140599,0.2,0.0786,0.199899,-0.005814,camera_link,16.616668,gnm_closed_loop,,nominal,,True,ok,checkpoints/ablation_mnv2_ema0999/best.pt,4.95,0.3842,0.0786,0.0961,0.0019,0.2812,,,gnm_closed_loop,0.2,0.0786,False,0,,isaac_physics_smoke_20260708,,mnv2_ema0999,,,,,,,False,hospital_fresh_short_F,0.6268,True,0.3842,0.0786,0.2,0.0786,True,armed,False,
physeval_ema_F_20260708_172828,415,16.633334,1783528114.215852,1.12349,0.499428,-0.0,-3.140595,0.2,0.0786,0.199899,-0.005814,camera_link,16.633334,gnm_closed_loop,,nominal,,True,ok,checkpoints/ablation_mnv2_ema0999/best.pt,4.95,0.3842,0.0786,0.0961,0.0019,0.2812,,,gnm_closed_loop,0.2,0.0786,False,0,,isaac_physics_smoke_20260708,,mnv2_ema0999,,,,,,,False,hospital_fresh_short_F,0.6235,True,0.3842,0.0786,0.2,0.0786,True,armed,False,
physeval_ema_F_20260708_172828,416,16.650001,1783528114.217773,1.120165,0.499425,-0.0,-3.140592,0.2,0.0786,0.199899,-0.005814,camera_link,16.650001,gnm_closed_loop,,nominal,,True,ok,checkpoints/ablation_mnv2_ema0999/best.pt,4.95,0.3842,0.0786,0.0961,0.0019,0.2812,,,gnm_closed_loop,0.2,0.0786,False,0,,isaac_physics_smoke_20260708,,mnv2_ema0999,,,,,,,False,hospital_fresh_short_F,0.6202,True,0.3842,0.0786,0.2,0.0786,True,armed,False,
physeval_ema_F_20260708_172828,417,16.666668,1783528114.233815,1.116841,0.499422,-0.0,-3.140589,0.2,0.0639,0.19988,-0.003993,camera_link,16.666668,gnm_closed_loop,,nominal,,True,ok,checkpoints/ablation_mnv2_ema0999/best.pt,4.89,0.4478,0.0639,0.112,0.0018,0.2718,,,gnm_closed_loop,0.2,0.0639,False,0,,isaac_physics_smoke_20260708,,mnv2_ema0999,,,,,,,False,hospital_fresh_short_F,0.6168,True,0.4478,0.0639,0.2,0.0639,True,armed,False,
physeval_ema_F_20260708_172828,418,16.683334,1783528114.23656,1.113516,0.499419,-0.0,-3.140587,0.2,0.0639,0.19988,-0.003993,camera_link,16.683334,gnm_closed_loop,,nominal,,True,ok,checkpoints/ablation_mnv2_ema0999/best.pt,4.89,0.4478,0.0639,0.112,0.0018,0.2718,,,gnm_closed_loop,0.2,0.0639,False,0,,isaac_physics_smoke_20260708,,mnv2_ema0999,,,,,,,False,hospital_fresh_short_F,0.6135,True,0.4478,0.0639,0.2,0.0639,True,armed,False,
physeval_ema_F_20260708_172828,419,16.700001,1783528114.238639,1.110192,0.499416,-0.0,-3.140585,0.2,0.0639,0.19988,-0.003993,camera_link,16.700001,gnm_closed_loop,,nominal,,True,ok,checkpoints/ablation_mnv2_ema0999/best.pt,4.89,0.4478,0.0639,0.112,0.0018,0.2718,,,gnm_closed_loop,0.2,0.0639,False,0,,isaac_physics_smoke_20260708,,mnv2_ema0999,,,,,,,False,hospital_fresh_short_F,0.6102,True,0.4478,0.0639,0.2,0.0639,True,armed,False,
physeval_ema_F_20260708_172828,420,16.716668,1783528114.256346,1.106867,0.499413,-0.0,-3.140583,0.2,0.0493,0.199895,-0.003653,camera_link,16.716668,gnm_closed_loop,,nominal,,True,ok,checkpoints/ablation_mnv2_ema0999/best.pt,4.14,0.5082,0.0493,0.1271,0.0016,0.274,,,gnm_closed_loop,0.2,0.0493,False,0,,isaac_physics_smoke_20260708,,mnv2_ema0999,,,,,,,False,hospital_fresh_short_F,0.6069,True,0.5082,0.0493,0.2,0.0493,True,armed,False,
physeval_ema_F_20260708_172828,421,16.733334,1783528114.258626,1.103542,0.499409,-0.0,-3.140581,0.2,0.0493,0.199895,-0.003653,camera_link,16.733334,gnm_closed_loop,,nominal,,True,ok,checkpoints/ablation_mnv2_ema0999/best.pt,4.14,0.5082,0.0493,0.1271,0.0016,0.274,,,gnm_closed_loop,0.2,0.0493,False,0,,isaac_physics_smoke_20260708,,mnv2_ema0999,,,,,,,False,hospital_fresh_short_F,0.6035,True,0.5082,0.0493,0.2,0.0493,True,armed,False,
physeval_ema_F_20260708_172828,422,16.750001,1783528114.260494,1.100218,0.499406,-0.0,-3.14058,0.2,0.0493,0.199895,-0.003653,camera_link,16.750001,gnm_closed_loop,,nominal,,True,ok,checkpoints/ablation_mnv2_ema0999/best.pt,4.14,0.5082,0.0493,0.1271,0.0016,0.274,,,gnm_closed_loop,0.2,0.0493,False,0,,isaac_physics_smoke_20260708,,mnv2_ema0999,,,,,,,False,hospital_fresh_short_F,0.6002,True,0.5082,0.0493,0.2,0.0493,True,armed,False,
physeval_ema_F_20260708_172828,423,16.766668,1783528114.278809,1.096893,0.499403,-0.0,-3.140577,0.2,0.0446,0.199858,-0.002947,camera_link,16.766668,gnm_closed_loop,,nominal,,True,ok,checkpoints/ablation_mnv2_ema0999/best.pt,5.63,0.523,0.0446,0.1307,0.0015,0.2709,,,gnm_closed_loop,0.2,0.0446,False,0,,isaac_physics_smoke_20260708,,mnv2_ema0999,,,,,,,False,hospital_fresh_short_F,0.5969,True,0.523,0.0446,0.2,0.0446,True,armed,False,
physeval_ema_F_20260708_172828,424,16.783334,1783528114.282043,1.093569,0.499399,-0.0,-3.140576,0.2,0.0446,0.199858,-0.002947,camera_link,16.783334,gnm_closed_loop,,nominal,,True,ok,checkpoints/ablation_mnv2_ema0999/best.pt,5.63,0.523,0.0446,0.1307,0.0015,0.2709,,,gnm_closed_loop,0.2,0.0446,False,0,,isaac_physics_smoke_20260708,,mnv2_ema0999,,,,,,,False,hospital_fresh_short_F,0.5936,True,0.523,0.0446,0.2,0.0446,True,armed,False,
physeval_ema_F_20260708_172828,425,16.800001,1783528114.2845,1.090244,0.499396,-0.0,-3.140574,0.2,0.0446,0.199858,-0.002947,camera_link,16.800001,gnm_closed_loop,,nominal,,True,ok,checkpoints/ablation_mnv2_ema0999/best.pt,5.63,0.523,0.0446,0.1307,0.0015,0.2709,,,gnm_closed_loop,0.2,0.0446,False,0,,isaac_physics_smoke_20260708,,mnv2_ema0999,,,,,,,False,hospital_fresh_short_F,0.5902,True,0.523,0.0446,0.2,0.0446,True,armed,False,
physeval_ema_F_20260708_172828,426,16.816668,1783528114.300031,1.086919,0.499393,-0.0,-3.140572,0.2,0.0386,0.199846,-0.002543,camera_link,16.816668,gnm_closed_loop,,nominal,,True,ok,checkpoints/ablation_mnv2_ema0999/best.pt,4.05,0.5493,0.0386,0.1373,0.0013,0.2684,,,gnm_closed_loop,0.2,0.0386,False,0,,isaac_physics_smoke_20260708,,mnv2_ema0999,,,,,,,False,hospital_fresh_short_F,0.5869,True,0.5493,0.0386,0.2,0.0386,True,armed,False,
physeval_ema_F_20260708_172828,427,16.833334,1783528114.302249,1.083595,0.49939,-0.0,-3.140571,0.2,0.0386,0.199846,-0.002543,camera_link,16.833334,gnm_closed_loop,,nominal,,True,ok,checkpoints/ablation_mnv2_ema0999/best.pt,4.05,0.5493,0.0386,0.1373,0.0013,0.2684,,,gnm_closed_loop,0.2,0.0386,False,0,,isaac_physics_smoke_20260708,,mnv2_ema0999,,,,,,,False,hospital_fresh_short_F,0.5836,True,0.5493,0.0386,0.2,0.0386,True,armed,False,
physeval_ema_F_20260708_172828,428,16.850001,1783528114.304007,1.08027,0.499386,-0.0,-3.140569,0.2,0.0386,0.199846,-0.002543,camera_link,16.850001,gnm_closed_loop,,nominal,,True,ok,checkpoints/ablation_mnv2_ema0999/best.pt,4.05,0.5493,0.0386,0.1373,0.0013,0.2684,,,gnm_closed_loop,0.2,0.0386,False,0,,isaac_physics_smoke_20260708,,mnv2_ema0999,,,,,,,False,hospital_fresh_short_F,0.5803,True,0.5493,0.0386,0.2,0.0386,True,armed,False,
physeval_ema_F_20260708_172828,429,16.866668,1783528114.32054,1.076946,0.499383,-0.0,-3.140568,0.2,0.0351,0.199856,-0.001703,camera_link,16.866668,gnm_closed_loop,,nominal,,True,ok,checkpoints/ablation_mnv2_ema0999/best.pt,5.1,0.559,0.0351,0.1398,0.0012,0.2702,,,gnm_closed_loop,0.2,0.0351,False,0,,isaac_physics_smoke_20260708,,mnv2_ema0999,,,,,,,False,hospital_fresh_short_F,0.5769,True,0.559,0.0351,0.2,0.0351,True,armed,False,
physeval_ema_F_20260708_172828,430,16.883334,1783528114.322785,1.073621,0.499379,-0.0,-3.140567,0.2,0.0351,0.199856,-0.001703,camera_link,16.883334,gnm_closed_loop,,nominal,,True,ok,checkpoints/ablation_mnv2_ema0999/best.pt,5.1,0.559,0.0351,0.1398,0.0012,0.2702,,,gnm_closed_loop,0.2,0.0351,False,0,,isaac_physics_smoke_20260708,,mnv2_ema0999,,,,,,,False,hospital_fresh_short_F,0.5736,True,0.559,0.0351,0.2,0.0351,True,armed,False,
physeval_ema_F_20260708_172828,431,16.900001,1783528114.324683,1.070296,0.499376,-0.0,-3.140566,0.2,0.0351,0.199856,-0.001703,camera_link,16.900001,gnm_closed_loop,,nominal,,True,ok,checkpoints/ablation_mnv2_ema0999/best.pt,5.1,0.559,0.0351,0.1398,0.0012,0.2702,,,gnm_closed_loop,0.2,0.0351,False,0,,isaac_physics_smoke_20260708,,mnv2_ema0999,,,,,,,False,hospital_fresh_short_F,0.5703,True,0.559,0.0351,0.2,0.0351,True,armed,False,
physeval_ema_F_20260708_172828,432,16.916668,1783528114.343294,1.066972,0.499373,-0.0,-3.140565,0.2,0.0389,0.199849,-0.001826,camera_link,16.916668,gnm_closed_loop,,nominal,,True,ok,checkpoints/ablation_mnv2_ema0999/best.pt,6.19,0.5507,0.0389,0.1377,0.0013,0.2724,,,gnm_closed_loop,0.2,0.0389,False,0,,isaac_physics_smoke_20260708,,mnv2_ema0999,,,,,,,False,hospital_fresh_short_F,0.567,True,0.5507,0.0389,0.2,0.0389,True,armed,False,
physeval_ema_F_20260708_172828,433,16.933334,1783528114.345702,1.063647,0.499369,-0.0,-3.140563,0.2,0.0389,0.199849,-0.001826,camera_link,16.933334,gnm_closed_loop,,nominal,,True,ok,checkpoints/ablation_mnv2_ema0999/best.pt,6.19,0.5507,0.0389,0.1377,0.0013,0.2724,,,gnm_closed_loop,0.2,0.0389,False,0,,isaac_physics_smoke_20260708,,mnv2_ema0999,,,,,,,False,hospital_fresh_short_F,0.5636,True,0.5507,0.0389,0.2,0.0389,True,armed,False,
physeval_ema_F_20260708_172828,434,16.950001,1783528114.34766,1.060323,0.499366,-0.0,-3.140562,0.2,0.0389,0.199849,-0.001826,camera_link,16.950001,gnm_closed_loop,,nominal,,True,ok,checkpoints/ablation_mnv2_ema0999/best.pt,6.19,0.5507,0.0389,0.1377,0.0013,0.2724,,,gnm_closed_loop,0.2,0.0389,False,0,,isaac_physics_smoke_20260708,,mnv2_ema0999,,,,,,,False,hospital_fresh_short_F,0.5603,True,0.5507,0.0389,0.2,0.0389,True,armed,False,
physeval_ema_F_20260708_172828,435,16.966668,1783528114.365102,1.056998,0.499363,-0.0,-3.14056,0.2,0.0459,0.199854,-0.002529,camera_link,16.966668,gnm_closed_loop,,nominal,,True,ok,checkpoints/ablation_mnv2_ema0999/best.pt,5.42,0.5428,0.0459,0.1357,0.0016,0.2767,,,gnm_closed_loop,0.2,0.0459,False,0,,isaac_physics_smoke_20260708,,mnv2_ema0999,,,,,,,False,hospital_fresh_short_F,0.557,True,0.5428,0.0459,0.2,0.0459,True,armed,False,
physeval_ema_F_20260708_172828,436,16.983334,1783528114.368975,1.053673,0.499359,-0.0,-3.140558,0.2,0.0459,0.199854,-0.002529,camera_link,16.983334,gnm_closed_loop,,nominal,,True,ok,checkpoints/ablation_mnv2_ema0999/best.pt,5.42,0.5428,0.0459,0.1357,0.0016,0.2767,,,gnm_closed_loop,0.2,0.0459,False,0,,isaac_physics_smoke_20260708,,mnv2_ema0999,,,,,,,False,hospital_fresh_short_F,0.5537,True,0.5428,0.0459,0.2,0.0459,True,armed,False,
physeval_ema_F_20260708_172828,437,17.000001,1783528114.371361,1.050349,0.499356,-0.0,-3.140556,0.2,0.0459,0.199854,-0.002529,camera_link,17.000001,gnm_closed_loop,,nominal,,True,ok,checkpoints/ablation_mnv2_ema0999/best.pt,5.42,0.5428,0.0459,0.1357,0.0016,0.2767,,,gnm_closed_loop,0.2,0.0459,False,0,,isaac_physics_smoke_20260708,,mnv2_ema0999,,,,,,,False,hospital_fresh_short_F,0.5503,True,0.5428,0.0459,0.2,0.0459,True,armed,False,
physeval_ema_F_20260708_172828,438,17.016668,1783528114.391025,1.047024,0.499353,-0.0,-3.140555,0.2,0.0463,0.199845,-0.002467,camera_link,17.016668,gnm_closed_loop,,nominal,,True,ok,checkpoints/ablation_mnv2_ema0999/best.pt,4.91,0.5436,0.0463,0.1359,0.0016,0.2778,,,gnm_closed_loop,0.2,0.0463,False,0,,isaac_physics_smoke_20260708,,mnv2_ema0999,,,,,,,False,hospital_fresh_short_F,0.547,True,0.5436,0.0463,0.2,0.0463,True,armed,False,
physeval_ema_F_20260708_172828,439,17.033334,1783528114.393608,1.0437,0.499349,-0.0,-3.140553,0.2,0.0463,0.199845,-0.002467,camera_link,17.033334,gnm_closed_loop,,nominal,,True,ok,checkpoints/ablation_mnv2_ema0999/best.pt,4.91,0.5436,0.0463,0.1359,0.0016,0.2778,,,gnm_closed_loop,0.2,0.0463,False,0,,isaac_physics_smoke_20260708,,mnv2_ema0999,,,,,,,False,hospital_fresh_short_F,0.5437,True,0.5436,0.0463,0.2,0.0463,True,armed,False,
physeval_ema_F_20260708_172828,440,17.050001,1783528114.395537,1.040375,0.499346,-0.0,-3.140551,0.2,0.0463,0.199845,-0.002467,camera_link,17.050001,gnm_closed_loop,,nominal,,True,ok,checkpoints/ablation_mnv2_ema0999/best.pt,4.91,0.5436,0.0463,0.1359,0.0016,0.2778,,,gnm_closed_loop,0.2,0.0463,False,0,,isaac_physics_smoke_20260708,,mnv2_ema0999,,,,,,,False,hospital_fresh_short_F,0.5404,True,0.5436,0.0463,0.2,0.0463,True,armed,False,
physeval_ema_F_20260708_172828,441,17.066668,1783528114.412853,1.037051,0.499342,-0.0,-3.14055,0.2,0.047,0.19986,-0.001946,camera_link,17.066668,gnm_closed_loop,,nominal,,True,ok,checkpoints/ablation_mnv2_ema0999/best.pt,5.29,0.5433,0.047,0.1358,0.0016,0.2748,,,gnm_closed_loop,0.2,0.047,False,0,,isaac_physics_smoke_20260708,,mnv2_ema0999,,,,,,,False,hospital_fresh_short_F,0.5371,True,0.5433,0.047,0.2,0.047,True,armed,False,
physeval_ema_F_20260708_172828,442,17.083334,1783528114.415386,1.033726,0.499339,-0.0,-3.140548,0.2,0.047,0.19986,-0.001946,camera_link,17.083334,gnm_closed_loop,,nominal,,True,ok,checkpoints/ablation_mnv2_ema0999/best.pt,5.29,0.5433,0.047,0.1358,0.0016,0.2748,,,gnm_closed_loop,0.2,0.047,False,0,,isaac_physics_smoke_20260708,,mnv2_ema0999,,,,,,,False,hospital_fresh_short_F,0.5337,True,0.5433,0.047,0.2,0.047,True,armed,False,
physeval_ema_F_20260708_172828,443,17.100001,1783528114.417768,1.030402,0.499336,-0.0,-3.140546,0.2,0.047,0.19986,-0.001946,camera_link,17.100001,gnm_closed_loop,,nominal,,True,ok,checkpoints/ablation_mnv2_ema0999/best.pt,5.29,0.5433,0.047,0.1358,0.0016,0.2748,,,gnm_closed_loop,0.2,0.047,False,0,,isaac_physics_smoke_20260708,,mnv2_ema0999,,,,,,,False,hospital_fresh_short_F,0.5304,True,0.5433,0.047,0.2,0.047,True,armed,False,
physeval_ema_F_20260708_172828,444,17.116668,1783528114.436112,1.027077,0.499332,-0.0,-3.140545,0.2,0.056,0.199859,-0.002411,camera_link,17.116668,gnm_closed_loop,,nominal,,True,ok,checkpoints/ablation_mnv2_ema0999/best.pt,5.63,0.5336,0.056,0.1334,0.0019,0.2719,,,gnm_closed_loop,0.2,0.056,False,0,,isaac_physics_smoke_20260708,,mnv2_ema0999,,,,,,,False,hospital_fresh_short_F,0.5271,True,0.5336,0.056,0.2,0.056,True,armed,False,
physeval_ema_F_20260708_172828,445,17.133334,1783528114.438438,1.023753,0.499329,-0.0,-3.140543,0.2,0.056,0.199859,-0.002411,camera_link,17.133334,gnm_closed_loop,,nominal,,True,ok,checkpoints/ablation_mnv2_ema0999/best.pt,5.63,0.5336,0.056,0.1334,0.0019,0.2719,,,gnm_closed_loop,0.2,0.056,False,0,,isaac_physics_smoke_20260708,,mnv2_ema0999,,,,,,,False,hospital_fresh_short_F,0.5238,True,0.5336,0.056,0.2,0.056,True,armed,False,
physeval_ema_F_20260708_172828,446,17.150001,1783528114.440337,1.020428,0.499325,-0.0,-3.14054,0.2,0.056,0.199859,-0.002411,camera_link,17.150001,gnm_closed_loop,,nominal,,True,ok,checkpoints/ablation_mnv2_ema0999/best.pt,5.63,0.5336,0.056,0.1334,0.0019,0.2719,,,gnm_closed_loop,0.2,0.056,False,0,,isaac_physics_smoke_20260708,,mnv2_ema0999,,,,,,,False,hospital_fresh_short_F,0.5204,True,0.5336,0.056,0.2,0.056,True,armed,False,
physeval_ema_F_20260708_172828,447,17.166668,1783528114.457484,1.017103,0.499322,-0.0,-3.140538,0.2,0.0558,0.19987,-0.003273,camera_link,17.166668,gnm_closed_loop,,nominal,,True,ok,checkpoints/ablation_mnv2_ema0999/best.pt,5.56,0.5533,0.0558,0.1383,0.0019,0.2749,,,gnm_closed_loop,0.2,0.0558,False,0,,isaac_physics_smoke_20260708,,mnv2_ema0999,,,,,,,False,hospital_fresh_short_F,0.5171,True,0.5533,0.0558,0.2,0.0558,True,armed,False,
physeval_ema_F_20260708_172828,448,17.183334,1783528114.460101,1.013779,0.499319,-0.0,-3.140536,0.2,0.0558,0.19987,-0.003273,camera_link,17.183334,gnm_closed_loop,,nominal,,True,ok,checkpoints/ablation_mnv2_ema0999/best.pt,5.56,0.5533,0.0558,0.1383,0.0019,0.2749,,,gnm_closed_loop,0.2,0.0558,False,0,,isaac_physics_smoke_20260708,,mnv2_ema0999,,,,,,,False,hospital_fresh_short_F,0.5138,True,0.5533,0.0558,0.2,0.0558,True,armed,False,
physeval_ema_F_20260708_172828,449,17.200001,1783528114.462123,1.010454,0.499315,-0.0,-3.140534,0.2,0.0558,0.19987,-0.003273,camera_link,17.200001,gnm_closed_loop,,nominal,,True,ok,checkpoints/ablation_mnv2_ema0999/best.pt,5.56,0.5533,0.0558,0.1383,0.0019,0.2749,,,gnm_closed_loop,0.2,0.0558,False,0,,isaac_physics_smoke_20260708,,mnv2_ema0999,,,,,,,False,hospital_fresh_short_F,0.5105,True,0.5533,0.0558,0.2,0.0558,True,armed,False,
physeval_ema_F_20260708_172828,450,17.216668,1783528114.479444,1.00713,0.499312,-0.0,-3.140532,0.2,0.0466,0.199874,-0.002902,camera_link,17.216668,gnm_closed_loop,,nominal,,True,ok,checkpoints/ablation_mnv2_ema0999/best.pt,4.26,0.5906,0.0466,0.1477,0.0017,0.2745,,,gnm_closed_loop,0.2,0.0466,False,0,,isaac_physics_smoke_20260708,,mnv2_ema0999,,,,,,,False,hospital_fresh_short_F,0.5071,True,0.5906,0.0466,0.2,0.0466,True,armed,False,
physeval_ema_F_20260708_172828,451,17.233334,1783528114.481674,1.003805,0.499308,-0.0,-3.140531,0.2,0.0466,0.199874,-0.002902,camera_link,17.233334,gnm_closed_loop,,nominal,,True,ok,checkpoints/ablation_mnv2_ema0999/best.pt,4.26,0.5906,0.0466,0.1477,0.0017,0.2745,,,gnm_closed_loop,0.2,0.0466,False,0,,isaac_physics_smoke_20260708,,mnv2_ema0999,,,,,,,False,hospital_fresh_short_F,0.5038,True,0.5906,0.0466,0.2,0.0466,True,armed,False,
physeval_ema_F_20260708_172828,452,17.250001,1783528114.484013,1.00048,0.499305,-0.0,-3.140529,0.2,0.0466,0.199874,-0.002902,camera_link,17.250001,gnm_closed_loop,,nominal,,True,ok,checkpoints/ablation_mnv2_ema0999/best.pt,4.26,0.5906,0.0466,0.1477,0.0017,0.2745,,,gnm_closed_loop,0.2,0.0466,False,0,,isaac_physics_smoke_20260708,,mnv2_ema0999,,,,,,,False,hospital_fresh_short_F,0.5005,True,0.5906,0.0466,0.2,0.0466,True,armed,False,
physeval_ema_F_20260708_172828,453,17.266668,1783528114.498651,0.997156,0.499301,-0.0,-3.140528,0.2,0.0482,0.19988,-0.002327,camera_link,17.266668,gnm_closed_loop,,nominal,,True,ok,checkpoints/ablation_mnv2_ema0999/best.pt,4.49,0.5954,0.0482,0.1489,0.0018,0.2696,,,gnm_closed_loop,0.2,0.0482,False,0,,isaac_physics_smoke_20260708,,mnv2_ema0999,,,,,,,False,hospital_fresh_short_F,0.4972,True,0.5954,0.0482,0.2,0.0482,True,armed,False,
physeval_ema_F_20260708_172828,454,17.283334,1783528114.501441,0.993831,0.499298,-0.0,-3.140526,0.2,0.0482,0.19988,-0.002327,camera_link,17.283334,gnm_closed_loop,,nominal,,True,ok,checkpoints/ablation_mnv2_ema0999/best.pt,4.49,0.5954,0.0482,0.1489,0.0018,0.2696,,,gnm_closed_loop,0.2,0.0482,False,0,,isaac_physics_smoke_20260708,,mnv2_ema0999,,,,,,,False,hospital_fresh_short_F,0.4938,True,0.5954,0.0482,0.2,0.0482,True,armed,False,
physeval_ema_F_20260708_172828,455,17.300001,1783528114.503444,0.990506,0.499294,-0.0,-3.140525,0.2,0.0482,0.19988,-0.002327,camera_link,17.300001,gnm_closed_loop,,nominal,,True,ok,checkpoints/ablation_mnv2_ema0999/best.pt,4.49,0.5954,0.0482,0.1489,0.0018,0.2696,,,gnm_closed_loop,0.2,0.0482,False,0,,isaac_physics_smoke_20260708,,mnv2_ema0999,,,,,,,False,hospital_fresh_short_F,0.4905,True,0.5954,0.0482,0.2,0.0482,True,armed,False,
physeval_ema_F_20260708_172828,456,17.316668,1783528114.518197,0.987181,0.499291,-0.0,-3.140523,0.2,0.0512,0.199872,-0.002348,camera_link,17.316668,gnm_closed_loop,,nominal,,True,ok,checkpoints/ablation_mnv2_ema0999/best.pt,4.59,0.5916,0.0512,0.1479,0.0019,0.2689,,,gnm_closed_loop,0.2,0.0512,False,0,,isaac_physics_smoke_20260708,,mnv2_ema0999,,,,,,,False,hospital_fresh_short_F,0.4872,True,0.5916,0.0512,0.2,0.0512,True,armed,False,
physeval_ema_F_20260708_172828,457,17.333334,1783528114.520393,0.983857,0.499287,-0.0,-3.140522,0.2,0.0512,0.199872,-0.002348,camera_link,17.333334,gnm_closed_loop,,nominal,,True,ok,checkpoints/ablation_mnv2_ema0999/best.pt,4.59,0.5916,0.0512,0.1479,0.0019,0.2689,,,gnm_closed_loop,0.2,0.0512,False,0,,isaac_physics_smoke_20260708,,mnv2_ema0999,,,,,,,False,hospital_fresh_short_F,0.4839,True,0.5916,0.0512,0.2,0.0512,True,armed,False,
physeval_ema_F_20260708_172828,458,17.350001,1783528114.522581,0.980532,0.499284,-0.0,-3.14052,0.2,0.0512,0.199872,-0.002348,camera_link,17.350001,gnm_closed_loop,,nominal,,True,ok,checkpoints/ablation_mnv2_ema0999/best.pt,4.59,0.5916,0.0512,0.1479,0.0019,0.2689,,,gnm_closed_loop,0.2,0.0512,False,0,,isaac_physics_smoke_20260708,,mnv2_ema0999,,,,,,,False,hospital_fresh_short_F,0.4805,True,0.5916,0.0512,0.2,0.0512,True,armed,False,
physeval_ema_F_20260708_172828,459,17.366668,1783528114.540851,0.977207,0.49928,-0.0,-3.140518,0.2,0.0729,0.199878,-0.003193,camera_link,17.366668,gnm_closed_loop,,nominal,,True,ok,checkpoints/ablation_mnv2_ema0999/best.pt,5.23,0.5285,0.0729,0.1321,0.0024,0.2761,,,gnm_closed_loop,0.2,0.0729,False,0,,isaac_physics_smoke_20260708,,mnv2_ema0999,,,,,,,False,hospital_fresh_short_F,0.4772,True,0.5285,0.0729,0.2,0.0729,True,armed,False,
physeval_ema_F_20260708_172828,460,17.383334,1783528114.543735,0.973882,0.499276,-0.0,-3.140515,0.2,0.0729,0.199878,-0.003193,camera_link,17.383334,gnm_closed_loop,,nominal,,True,ok,checkpoints/ablation_mnv2_ema0999/best.pt,5.23,0.5285,0.0729,0.1321,0.0024,0.2761,,,gnm_closed_loop,0.2,0.0729,False,0,,isaac_physics_smoke_20260708,,mnv2_ema0999,,,,,,,False,hospital_fresh_short_F,0.4739,True,0.5285,0.0729,0.2,0.0729,True,armed,False,
physeval_ema_F_20260708_172828,461,17.400001,1783528114.546152,0.970557,0.499273,-0.0,-3.140513,0.2,0.0729,0.199878,-0.003193,camera_link,17.400001,gnm_closed_loop,,nominal,,True,ok,checkpoints/ablation_mnv2_ema0999/best.pt,5.23,0.5285,0.0729,0.1321,0.0024,0.2761,,,gnm_closed_loop,0.2,0.0729,False,0,,isaac_physics_smoke_20260708,,mnv2_ema0999,,,,,,,False,hospital_fresh_short_F,0.4706,True,0.5285,0.0729,0.2,0.0729,True,armed,False,
physeval_ema_F_20260708_172828,462,17.416668,1783528114.563287,0.967233,0.499269,-0.0,-3.14051,0.2,0.0903,0.199894,-0.004239,camera_link,17.416668,gnm_closed_loop,,nominal,,True,ok,checkpoints/ablation_mnv2_ema0999/best.pt,4.35,0.4869,0.0903,0.1217,0.0027,0.2702,,,gnm_closed_loop,0.2,0.0903,False,0,,isaac_physics_smoke_20260708,,mnv2_ema0999,,,,,,,False,hospital_fresh_short_F,0.4672,True,0.4869,0.0903,0.2,0.0903,True,armed,False,
physeval_ema_F_20260708_172828,463,17.433334,1783528114.565572,0.963908,0.499266,-0.0,-3.140506,0.2,0.0903,0.199894,-0.004239,camera_link,17.433334,gnm_closed_loop,,nominal,,True,ok,checkpoints/ablation_mnv2_ema0999/best.pt,4.35,0.4869,0.0903,0.1217,0.0027,0.2702,,,gnm_closed_loop,0.2,0.0903,False,0,,isaac_physics_smoke_20260708,,mnv2_ema0999,,,,,,,False,hospital_fresh_short_F,0.4639,True,0.4869,0.0903,0.2,0.0903,True,armed,False,
physeval_ema_F_20260708_172828,464,17.450001,1783528114.567497,0.960583,0.499263,-0.0,-3.140503,0.2,0.0903,0.199894,-0.004239,camera_link,17.450001,gnm_closed_loop,,nominal,,True,ok,checkpoints/ablation_mnv2_ema0999/best.pt,4.35,0.4869,0.0903,0.1217,0.0027,0.2702,,,gnm_closed_loop,0.2,0.0903,False,0,,isaac_physics_smoke_20260708,,mnv2_ema0999,,,,,,,False,hospital_fresh_short_F,0.4606,True,0.4869,0.0903,0.2,0.0903,True,armed,False,
physeval_ema_F_20260708_172828,465,17.466668,1783528114.585238,0.957258,0.499259,-0.0,-3.1405,0.2,0.0818,0.199905,-0.005714,camera_link,17.466668,gnm_closed_loop,,nominal,,True,ok,checkpoints/ablation_mnv2_ema0999/best.pt,5.51,0.5278,0.0818,0.132,0.0027,0.2678,,,gnm_closed_loop,0.2,0.0818,False,0,,isaac_physics_smoke_20260708,,mnv2_ema0999,,,,,,,False,hospital_fresh_short_F,0.4573,True,0.5278,0.0818,0.2,0.0818,True,armed,False,
physeval_ema_F_20260708_172828,466,17.483334,1783528114.587519,0.953933,0.499256,-0.0,-3.140497,0.2,0.0818,0.199905,-0.005714,camera_link,17.483334,gnm_closed_loop,,nominal,,True,ok,checkpoints/ablation_mnv2_ema0999/best.pt,5.51,0.5278,0.0818,0.132,0.0027,0.2678,,,gnm_closed_loop,0.2,0.0818,False,0,,isaac_physics_smoke_20260708,,mnv2_ema0999,,,,,,,False,hospital_fresh_short_F,0.4539,True,0.5278,0.0818,0.2,0.0818,True,armed,False,
physeval_ema_F_20260708_172828,467,17.500001,1783528114.590542,0.950608,0.499252,-0.0,-3.140494,0.2,0.0818,0.199905,-0.005714,camera_link,17.500001,gnm_closed_loop,,nominal,,True,ok,checkpoints/ablation_mnv2_ema0999/best.pt,5.51,0.5278,0.0818,0.132,0.0027,0.2678,,,gnm_closed_loop,0.2,0.0818,False,0,,isaac_physics_smoke_20260708,,mnv2_ema0999,,,,,,,False,hospital_fresh_short_F,0.4506,True,0.5278,0.0818,0.2,0.0818,True,armed,False,
physeval_ema_F_20260708_172828,468,17.516668,1783528114.607654,0.947283,0.499249,-0.0,-3.140491,0.2,0.08,0.199903,-0.004574,camera_link,17.516668,gnm_closed_loop,,nominal,,True,ok,checkpoints/ablation_mnv2_ema0999/best.pt,5.34,0.5448,0.08,0.1362,0.0027,0.2688,,,gnm_closed_loop,0.2,0.08,False,0,,isaac_physics_smoke_20260708,,mnv2_ema0999,,,,,,,False,hospital_fresh_short_F,0.4473,True,0.5448,0.08,0.2,0.08,True,armed,False,
physeval_ema_F_20260708_172828,469,17.533334,1783528114.6099,0.943958,0.499245,-0.0,-3.140488,0.2,0.08,0.199903,-0.004574,camera_link,17.533334,gnm_closed_loop,,nominal,,True,ok,checkpoints/ablation_mnv2_ema0999/best.pt,5.34,0.5448,0.08,0.1362,0.0027,0.2688,,,gnm_closed_loop,0.2,0.08,False,0,,isaac_physics_smoke_20260708,,mnv2_ema0999,,,,,,,False,hospital_fresh_short_F,0.444,True,0.5448,0.08,0.2,0.08,True,armed,False,
physeval_ema_F_20260708_172828,470,17.550001,1783528114.611809,0.940633,0.499241,-0.0,-3.140485,0.2,0.08,0.199903,-0.004574,camera_link,17.550001,gnm_closed_loop,,nominal,,True,ok,checkpoints/ablation_mnv2_ema0999/best.pt,5.34,0.5448,0.08,0.1362,0.0027,0.2688,,,gnm_closed_loop,0.2,0.08,False,0,,isaac_physics_smoke_20260708,,mnv2_ema0999,,,,,,,False,hospital_fresh_short_F,0.4406,True,0.5448,0.08,0.2,0.08,True,armed,False,
physeval_ema_F_20260708_172828,471,17.566668,1783528114.628568,0.937309,0.499238,-0.0,-3.140482,0.2,0.085,0.199887,-0.004142,camera_link,17.566668,gnm_closed_loop,,nominal,,True,ok,checkpoints/ablation_mnv2_ema0999/best.pt,4.72,0.5313,0.085,0.1328,0.0028,0.2725,,,gnm_closed_loop,0.2,0.085,False,0,,isaac_physics_smoke_20260708,,mnv2_ema0999,,,,,,,False,hospital_fresh_short_F,0.4373,True,0.5313,0.085,0.2,0.085,True,armed,False,
physeval_ema_F_20260708_172828,472,17.583334,1783528114.631351,0.933984,0.499234,-0.0,-3.140479,0.2,0.085,0.199887,-0.004142,camera_link,17.583334,gnm_closed_loop,,nominal,,True,ok,checkpoints/ablation_mnv2_ema0999/best.pt,4.72,0.5313,0.085,0.1328,0.0028,0.2725,,,gnm_closed_loop,0.2,0.085,False,0,,isaac_physics_smoke_20260708,,mnv2_ema0999,,,,,,,False,hospital_fresh_short_F,0.434,True,0.5313,0.085,0.2,0.085,True,armed,False,
physeval_ema_F_20260708_172828,473,17.600001,1783528114.633224,0.930659,0.499231,-0.0,-3.140476,0.2,0.085,0.199887,-0.004142,camera_link,17.600001,gnm_closed_loop,,nominal,,True,ok,checkpoints/ablation_mnv2_ema0999/best.pt,4.72,0.5313,0.085,0.1328,0.0028,0.2725,,,gnm_closed_loop,0.2,0.085,False,0,,isaac_physics_smoke_20260708,,mnv2_ema0999,,,,,,,False,hospital_fresh_short_F,0.4307,True,0.5313,0.085,0.2,0.085,True,armed,False,
physeval_ema_F_20260708_172828,474,17.616668,1783528114.654382,0.927334,0.499227,-0.0,-3.140472,0.2,0.0969,0.199886,-0.004333,camera_link,17.616668,gnm_closed_loop,,nominal,,True,ok,checkpoints/ablation_mnv2_ema0999/best.pt,6.37,0.4758,0.0969,0.1189,0.0029,0.2692,,,gnm_closed_loop,0.2,0.0969,False,0,,isaac_physics_smoke_20260708,,mnv2_ema0999,,,,,,,False,hospital_fresh_short_F,0.4273,True,0.4758,0.0969,0.2,0.0969,True,armed,False,
physeval_ema_F_20260708_172828,475,17.633334,1783528114.657351,0.924009,0.499224,-0.0,-3.140469,0.2,0.0969,0.199886,-0.004333,camera_link,17.633334,gnm_closed_loop,,nominal,,True,ok,checkpoints/ablation_mnv2_ema0999/best.pt,6.37,0.4758,0.0969,0.1189,0.0029,0.2692,,,gnm_closed_loop,0.2,0.0969,False,0,,isaac_physics_smoke_20260708,,mnv2_ema0999,,,,,,,False,hospital_fresh_short_F,0.424,True,0.4758,0.0969,0.2,0.0969,True,armed,False,
physeval_ema_F_20260708_172828,476,17.650001,1783528114.659467,0.920684,0.49922,-0.0,-3.140464,0.2,0.0969,0.199886,-0.004333,camera_link,17.650001,gnm_closed_loop,,nominal,,True,ok,checkpoints/ablation_mnv2_ema0999/best.pt,6.37,0.4758,0.0969,0.1189,0.0029,0.2692,,,gnm_closed_loop,0.2,0.0969,False,0,,isaac_physics_smoke_20260708,,mnv2_ema0999,,,,,,,False,hospital_fresh_short_F,0.4207,True,0.4758,0.0969,0.2,0.0969,True,armed,False,
physeval_ema_F_20260708_172828,477,17.666668,1783528114.675806,0.917359,0.499216,-0.0,-3.14046,0.2,0.1034,0.199918,-0.005249,camera_link,17.666668,gnm_closed_loop,,nominal,,True,ok,checkpoints/ablation_mnv2_ema0999/best.pt,4.36,0.4376,0.1034,0.1094,0.0028,0.2675,,,gnm_closed_loop,0.2,0.1034,False,0,,isaac_physics_smoke_20260708,,mnv2_ema0999,,,,,,,False,hospital_fresh_short_F,0.4174,True,0.4376,0.1034,0.2,0.1034,True,armed,False,
physeval_ema_F_20260708_172828,478,17.683334,1783528114.678338,0.914034,0.499213,-0.0,-3.140455,0.2,0.1034,0.199918,-0.005249,camera_link,17.683334,gnm_closed_loop,,nominal,,True,ok,checkpoints/ablation_mnv2_ema0999/best.pt,4.36,0.4376,0.1034,0.1094,0.0028,0.2675,,,gnm_closed_loop,0.2,0.1034,False,0,,isaac_physics_smoke_20260708,,mnv2_ema0999,,,,,,,False,hospital_fresh_short_F,0.414,True,0.4376,0.1034,0.2,0.1034,True,armed,False,
physeval_ema_F_20260708_172828,479,17.700001,1783528114.680402,0.910709,0.499209,-0.0,-3.140451,0.2,0.1034,0.199918,-0.005249,camera_link,17.700001,gnm_closed_loop,,nominal,,True,ok,checkpoints/ablation_mnv2_ema0999/best.pt,4.36,0.4376,0.1034,0.1094,0.0028,0.2675,,,gnm_closed_loop,0.2,0.1034,False,0,,isaac_physics_smoke_20260708,,mnv2_ema0999,,,,,,,False,hospital_fresh_short_F,0.4107,True,0.4376,0.1034,0.2,0.1034,True,armed,False,
physeval_ema_F_20260708_172828,480,17.716668,1783528114.695497,0.907384,0.499206,-0.0,-3.140447,0.2,0.101,0.199914,-0.006018,camera_link,17.716668,gnm_closed_loop,,nominal,,True,ok,checkpoints/ablation_mnv2_ema0999/best.pt,4.63,0.437,0.101,0.1092,0.0028,0.2685,,,gnm_closed_loop,0.2,0.101,False,0,,isaac_physics_smoke_20260708,,mnv2_ema0999,,,,,,,False,hospital_fresh_short_F,0.4074,True,0.437,0.101,0.2,0.101,True,armed,False,
physeval_ema_F_20260708_172828,481,17.733334,1783528114.697889,0.904059,0.499202,-0.0,-3.140443,0.2,0.101,0.199914,-0.006018,camera_link,17.733334,gnm_closed_loop,,nominal,,True,ok,checkpoints/ablation_mnv2_ema0999/best.pt,4.63,0.437,0.101,0.1092,0.0028,0.2685,,,gnm_closed_loop,0.2,0.101,False,0,,isaac_physics_smoke_20260708,,mnv2_ema0999,,,,,,,False,hospital_fresh_short_F,0.4041,True,0.437,0.101,0.2,0.101,True,armed,False,
physeval_ema_F_20260708_172828,482,17.750001,1783528114.69984,0.900734,0.499198,-0.0,-3.140439,0.2,0.101,0.199914,-0.006018,camera_link,17.750001,gnm_closed_loop,,nominal,,True,ok,checkpoints/ablation_mnv2_ema0999/best.pt,4.63,0.437,0.101,0.1092,0.0028,0.2685,,,gnm_closed_loop,0.2,0.101,False,0,,isaac_physics_smoke_20260708,,mnv2_ema0999,,,,,,,False,hospital_fresh_short_F,0.4007,True,0.437,0.101,0.2,0.101,True,armed,False,
physeval_ema_F_20260708_172828,483,17.766668,1783528114.719117,0.897409,0.499195,-0.0,-3.140434,0.2,0.1022,0.199916,-0.005509,camera_link,17.766668,gnm_closed_loop,,nominal,,True,ok,checkpoints/ablation_mnv2_ema0999/best.pt,5.4,0.438,0.1022,0.1095,0.0028,0.2688,,,gnm_closed_loop,0.2,0.1022,False,0,,isaac_physics_smoke_20260708,,mnv2_ema0999,,,,,,,False,hospital_fresh_short_F,0.3974,True,0.438,0.1022,0.2,0.1022,True,armed,False,
physeval_ema_F_20260708_172828,484,17.783334,1783528114.7215,0.894085,0.499191,-0.0,-3.14043,0.2,0.1022,0.199916,-0.005509,camera_link,17.783334,gnm_closed_loop,,nominal,,True,ok,checkpoints/ablation_mnv2_ema0999/best.pt,5.4,0.438,0.1022,0.1095,0.0028,0.2688,,,gnm_closed_loop,0.2,0.1022,False,0,,isaac_physics_smoke_20260708,,mnv2_ema0999,,,,,,,False,hospital_fresh_short_F,0.3941,True,0.438,0.1022,0.2,0.1022,True,armed,False,
physeval_ema_F_20260708_172828,485,17.800001,1783528114.724332,0.89076,0.499188,-0.0,-3.140427,0.2,0.1022,0.199916,-0.005509,camera_link,17.800001,gnm_closed_loop,,nominal,,True,ok,checkpoints/ablation_mnv2_ema0999/best.pt,5.4,0.438,0.1022,0.1095,0.0028,0.2688,,,gnm_closed_loop,0.2,0.1022,False,0,,isaac_physics_smoke_20260708,,mnv2_ema0999,,,,,,,False,hospital_fresh_short_F,0.3908,True,0.438,0.1022,0.2,0.1022,True,armed,False,
physeval_ema_F_20260708_172828,486,17.816668,1783528114.741472,0.887435,0.499184,-0.0,-3.140423,0.2,0.0906,0.199939,-0.005917,camera_link,17.816668,gnm_closed_loop,,nominal,,True,ok,checkpoints/ablation_mnv2_ema0999/best.pt,4.66,0.464,0.0906,0.116,0.0026,0.268,,,gnm_closed_loop,0.2,0.0906,False,0,,isaac_physics_smoke_20260708,,mnv2_ema0999,,,,,,,False,hospital_fresh_short_F,0.3874,True,0.464,0.0906,0.2,0.0906,True,armed,False,
physeval_ema_F_20260708_172828,487,17.833334,1783528114.744401,0.88411,0.49918,-0.0,-3.140419,0.2,0.0906,0.199939,-0.005917,camera_link,17.833334,gnm_closed_loop,,nominal,,True,ok,checkpoints/ablation_mnv2_ema0999/best.pt,4.66,0.464,0.0906,0.116,0.0026,0.268,,,gnm_closed_loop,0.2,0.0906,False,0,,isaac_physics_smoke_20260708,,mnv2_ema0999,,,,,,,False,hospital_fresh_short_F,0.3841,True,0.464,0.0906,0.2,0.0906,True,armed,False,
physeval_ema_F_20260708_172828,488,17.850001,1783528114.74651,0.880785,0.499176,-0.0,-3.140415,0.2,0.0906,0.199939,-0.005917,camera_link,17.850001,gnm_closed_loop,,nominal,,True,ok,checkpoints/ablation_mnv2_ema0999/best.pt,4.66,0.464,0.0906,0.116,0.0026,0.268,,,gnm_closed_loop,0.2,0.0906,False,0,,isaac_physics_smoke_20260708,,mnv2_ema0999,,,,,,,False,hospital_fresh_short_F,0.3808,True,0.464,0.0906,0.2,0.0906,True,armed,False,
physeval_ema_F_20260708_172828,489,17.866668,1783528114.774357,0.87746,0.499173,-0.0,-3.140411,0.2,0.0873,0.199886,-0.005389,camera_link,17.866668,gnm_closed_loop,,nominal,,True,ok,checkpoints/ablation_mnv2_ema0999/best.pt,10.83,0.4738,0.0873,0.1185,0.0026,0.2578,,,gnm_closed_loop,0.2,0.0873,False,0,,isaac_physics_smoke_20260708,,mnv2_ema0999,,,,,,,False,hospital_fresh_short_F,0.3775,True,0.4738,0.0873,0.2,0.0873,True,armed,False,
physeval_ema_F_20260708_172828,490,17.883334,1783528114.77675,0.874136,0.499169,-0.0,-3.140408,0.2,0.0873,0.199886,-0.005389,camera_link,17.883334,gnm_closed_loop,,nominal,,True,ok,checkpoints/ablation_mnv2_ema0999/best.pt,10.83,0.4738,0.0873,0.1185,0.0026,0.2578,,,gnm_closed_loop,0.2,0.0873,False,0,,isaac_physics_smoke_20260708,,mnv2_ema0999,,,,,,,False,hospital_fresh_short_F,0.3741,True,0.4738,0.0873,0.2,0.0873,True,armed,False,
physeval_ema_F_20260708_172828,491,17.900001,1783528114.778573,0.870811,0.499165,-0.0,-3.140404,0.2,0.0873,0.199886,-0.005389,camera_link,17.900001,gnm_closed_loop,,nominal,,True,ok,checkpoints/ablation_mnv2_ema0999/best.pt,10.83,0.4738,0.0873,0.1185,0.0026,0.2578,,,gnm_closed_loop,0.2,0.0873,False,0,,isaac_physics_smoke_20260708,,mnv2_ema0999,,,,,,,False,hospital_fresh_short_F,0.3708,True,0.4738,0.0873,0.2,0.0873,True,armed,False,
physeval_ema_F_20260708_172828,492,17.916668,1783528114.802663,0.867486,0.499161,-0.0,-3.140401,0.2,0.0961,0.199898,-0.005078,camera_link,17.916668,gnm_closed_loop,,nominal,,True,ok,checkpoints/ablation_mnv2_ema0999/best.pt,5.8,0.4341,0.0961,0.1085,0.0026,0.2532,,,gnm_closed_loop,0.2,0.0961,False,0,,isaac_physics_smoke_20260708,,mnv2_ema0999,,,,,,,False,hospital_fresh_short_F,0.3675,True,0.4341,0.0961,0.2,0.0961,True,armed,False,
physeval_ema_F_20260708_172828,493,17.933334,1783528114.80532,0.864162,0.499157,-0.0,-3.140397,0.2,0.0961,0.199898,-0.005078,camera_link,17.933334,gnm_closed_loop,,nominal,,True,ok,checkpoints/ablation_mnv2_ema0999/best.pt,5.8,0.4341,0.0961,0.1085,0.0026,0.2532,,,gnm_closed_loop,0.2,0.0961,False,0,,isaac_physics_smoke_20260708,,mnv2_ema0999,,,,,,,False,hospital_fresh_short_F,0.3642,True,0.4341,0.0961,0.2,0.0961,True,armed,False,
physeval_ema_F_20260708_172828,494,17.950001,1783528114.808059,0.860837,0.499154,-0.0,-3.140393,0.2,0.0961,0.199898,-0.005078,camera_link,17.950001,gnm_closed_loop,,nominal,,True,ok,checkpoints/ablation_mnv2_ema0999/best.pt,5.8,0.4341,0.0961,0.1085,0.0026,0.2532,,,gnm_closed_loop,0.2,0.0961,False,0,,isaac_physics_smoke_20260708,,mnv2_ema0999,,,,,,,False,hospital_fresh_short_F,0.3608,True,0.4341,0.0961,0.2,0.0961,True,armed,False,
physeval_ema_F_20260708_172828,495,17.966668,1783528114.834267,0.857512,0.49915,-0.0,-3.140389,0.2,0.1084,0.1999,-0.005998,camera_link,17.966668,gnm_closed_loop,,nominal,,True,ok,checkpoints/ablation_mnv2_ema0999/best.pt,8.99,0.3974,0.1084,0.0993,0.0027,0.2561,,,gnm_closed_loop,0.2,0.1084,False,0,,isaac_physics_smoke_20260708,,mnv2_ema0999,,,,,,,False,hospital_fresh_short_F,0.3575,True,0.3974,0.1084,0.2,0.1084,True,armed,False,
physeval_ema_F_20260708_172828,496,17.983334,1783528114.837991,0.854187,0.499146,-0.0,-3.140384,0.2,0.1084,0.1999,-0.005998,camera_link,17.983334,gnm_closed_loop,,nominal,,True,ok,checkpoints/ablation_mnv2_ema0999/best.pt,8.99,0.3974,0.1084,0.0993,0.0027,0.2561,,,gnm_closed_loop,0.2,0.1084,False,0,,isaac_physics_smoke_20260708,,mnv2_ema0999,,,,,,,False,hospital_fresh_short_F,0.3542,True,0.3974,0.1084,0.2,0.1084,True,armed,False,
physeval_ema_F_20260708_172828,497,18.000001,1783528114.841868,0.850863,0.499142,0.0,-3.140379,0.2,0.1084,0.1999,-0.005998,camera_link,18.000001,gnm_closed_loop,,nominal,,True,ok,checkpoints/ablation_mnv2_ema0999/best.pt,8.99,0.3974,0.1084,0.0993,0.0027,0.2561,,,gnm_closed_loop,0.2,0.1084,False,0,,isaac_physics_smoke_20260708,,mnv2_ema0999,,,,,,,False,hospital_fresh_short_F,0.3509,True,0.3974,0.1084,0.2,0.1084,True,armed,False,
physeval_ema_F_20260708_172828,498,18.016668,1783528114.868735,0.847538,0.499139,0.0,-3.140375,0.2,0.1232,0.199858,-0.007523,camera_link,18.016668,gnm_closed_loop,,nominal,,True,ok,checkpoints/ablation_mnv2_ema0999/best.pt,5.02,0.3709,0.1232,0.0927,0.0029,0.2598,,,gnm_closed_loop,0.2,0.1232,False,0,,isaac_physics_smoke_20260708,,mnv2_ema0999,,,,,,,False,hospital_fresh_short_F,0.3475,True,0.3709,0.1232,0.2,0.1232,True,armed,False,
physeval_ema_F_20260708_172828,499,18.033334,1783528114.87141,0.844213,0.499135,0.0,-3.140368,0.2,0.1232,0.199858,-0.007523,camera_link,18.033334,gnm_closed_loop,,nominal,,True,ok,checkpoints/ablation_mnv2_ema0999/best.pt,5.02,0.3709,0.1232,0.0927,0.0029,0.2598,,,gnm_closed_loop,0.2,0.1232,False,0,,isaac_physics_smoke_20260708,,mnv2_ema0999,,,,,,,False,hospital_fresh_short_F,0.3442,True,0.3709,0.1232,0.2,0.1232,True,armed,False,
physeval_ema_F_20260708_172828,500,18.050001,1783528114.873604,0.840888,0.499131,0.0,-3.140363,0.2,0.1232,0.199858,-0.007523,camera_link,18.050001,gnm_closed_loop,,nominal,,True,ok,checkpoints/ablation_mnv2_ema0999/best.pt,5.02,0.3709,0.1232,0.0927,0.0029,0.2598,,,gnm_closed_loop,0.2,0.1232,False,0,,isaac_physics_smoke_20260708,,mnv2_ema0999,,,,,,,False,hospital_fresh_short_F,0.3409,True,0.3709,0.1232,0.2,0.1232,True,armed,False,
physeval_ema_F_20260708_172828,501,18.066668,1783528114.898943,0.837563,0.499127,0.0,-3.140357,0.2,0.1345,0.19992,-0.008314,camera_link,18.066668,gnm_closed_loop,,nominal,,True,ok,checkpoints/ablation_mnv2_ema0999/best.pt,12.54,0.3569,0.1345,0.0892,0.003,0.2672,,,gnm_closed_loop,0.2,0.1345,False,0,,isaac_physics_smoke_20260708,,mnv2_ema0999,,,,,,,False,hospital_fresh_short_F,0.3376,True,0.3569,0.1345,0.2,0.1345,True,armed,False,
physeval_ema_F_20260708_172828,502,18.083334,1783528114.901564,0.834238,0.499124,0.0,-3.14035,0.2,0.1345,0.19992,-0.008314,camera_link,18.083334,gnm_closed_loop,,nominal,,True,ok,checkpoints/ablation_mnv2_ema0999/best.pt,12.54,0.3569,0.1345,0.0892,0.003,0.2672,,,gnm_closed_loop,0.2,0.1345,False,0,,isaac_physics_smoke_20260708,,mnv2_ema0999,,,,,,,False,hospital_fresh_short_F,0.3342,True,0.3569,0.1345,0.2,0.1345,True,armed,False,
physeval_ema_F_20260708_172828,503,18.100001,1783528114.904762,0.830913,0.49912,0.0,-3.140342,0.2,0.1345,0.19992,-0.008314,camera_link,18.100001,gnm_closed_loop,,nominal,,True,ok,checkpoints/ablation_mnv2_ema0999/best.pt,12.54,0.3569,0.1345,0.0892,0.003,0.2672,,,gnm_closed_loop,0.2,0.1345,False,0,,isaac_physics_smoke_20260708,,mnv2_ema0999,,,,,,,False,hospital_fresh_short_F,0.3309,True,0.3569,0.1345,0.2,0.1345,True,armed,False,
physeval_ema_F_20260708_172828,504,18.116668,1783528114.925307,0.827588,0.499116,0.0,-3.140335,0.2,0.1433,0.199947,-0.009778,camera_link,18.116668,gnm_closed_loop,,nominal,,True,ok,checkpoints/ablation_mnv2_ema0999/best.pt,5.99,0.3542,0.1433,0.0886,0.0032,0.2703,,,gnm_closed_loop,0.2,0.1433,False,0,,isaac_physics_smoke_20260708,,mnv2_ema0999,,,,,,,False,hospital_fresh_short_F,0.3276,True,0.3542,0.1433,0.2,0.1433,True,armed,False,
physeval_ema_F_20260708_172828,505,18.133334,1783528114.927881,0.824263,0.499113,0.0,-3.140327,0.2,0.1433,0.199947,-0.009778,camera_link,18.133334,gnm_closed_loop,,nominal,,True,ok,checkpoints/ablation_mnv2_ema0999/best.pt,5.99,0.3542,0.1433,0.0886,0.0032,0.2703,,,gnm_closed_loop,0.2,0.1433,False,0,,isaac_physics_smoke_20260708,,mnv2_ema0999,,,,,,,False,hospital_fresh_short_F,0.3243,True,0.3542,0.1433,0.2,0.1433,True,armed,False,
physeval_ema_F_20260708_172828,506,18.150001,1783528114.929849,0.820938,0.499109,0.0,-3.140319,0.2,0.1433,0.199947,-0.009778,camera_link,18.150001,gnm_closed_loop,,nominal,,True,ok,checkpoints/ablation_mnv2_ema0999/best.pt,5.99,0.3542,0.1433,0.0886,0.0032,0.2703,,,gnm_closed_loop,0.2,0.1433,False,0,,isaac_physics_smoke_20260708,,mnv2_ema0999,,,,,,,False,hospital_fresh_short_F,0.3209,True,0.3542,0.1433,0.2,0.1433,True,armed,False,
physeval_ema_F_20260708_172828,507,18.166668,1783528114.949348,0.817613,0.499105,0.0,-3.140312,0.2,0.1504,0.199944,-0.011087,camera_link,18.166668,gnm_closed_loop,,nominal,,True,ok,checkpoints/ablation_mnv2_ema0999/best.pt,4.99,0.3535,0.1504,0.0884,0.0033,0.2677,,,gnm_closed_loop,0.2,0.1504,False,0,,isaac_physics_smoke_20260708,,mnv2_ema0999,,,,,,,False,hospital_fresh_short_F,0.3176,True,0.3535,0.1504,0.2,0.1504,True,armed,False,
physeval_ema_F_20260708_172828,508,18.183334,1783528114.951575,0.814288,0.499101,0.0,-3.140303,0.2,0.1504,0.199944,-0.011087,camera_link,18.183334,gnm_closed_loop,,nominal,,True,ok,checkpoints/ablation_mnv2_ema0999/best.pt,4.99,0.3535,0.1504,0.0884,0.0033,0.2677,,,gnm_closed_loop,0.2,0.1504,False,0,,isaac_physics_smoke_20260708,,mnv2_ema0999,,,,,,,False,hospital_fresh_short_F,0.3143,True,0.3535,0.1504,0.2,0.1504,True,armed,False,
physeval_ema_F_20260708_172828,509,18.200001,1783528114.95443,0.810963,0.499097,0.0,-3.140295,0.2,0.1504,0.199944,-0.011087,camera_link,18.200001,gnm_closed_loop,,nominal,,True,ok,checkpoints/ablation_mnv2_ema0999/best.pt,4.99,0.3535,0.1504,0.0884,0.0033,0.2677,,,gnm_closed_loop,0.2,0.1504,False,0,,isaac_physics_smoke_20260708,,mnv2_ema0999,,,,,,,False,hospital_fresh_short_F,0.311,True,0.3535,0.1504,0.2,0.1504,True,armed,False,
physeval_ema_F_20260708_172828,510,18.216668,1783528114.97295,0.807638,0.499093,0.0,-3.140286,0.2,0.1418,0.199889,-0.012139,camera_link,18.216668,gnm_closed_loop,,nominal,,True,ok,checkpoints/ablation_mnv2_ema0999/best.pt,5.64,0.3709,0.1418,0.0927,0.0033,0.2626,,,gnm_closed_loop,0.2,0.1418,False,0,,isaac_physics_smoke_20260708,,mnv2_ema0999,,,,,,,False,hospital_fresh_short_F,0.3076,True,0.3709,0.1418,0.2,0.1418,True,armed,False,
physeval_ema_F_20260708_172828,511,18.233334,1783528114.975252,0.804312,0.49909,0.0,-3.140278,0.2,0.1418,0.199889,-0.012139,camera_link,18.233334,gnm_closed_loop,,nominal,,True,ok,checkpoints/ablation_mnv2_ema0999/best.pt,5.64,0.3709,0.1418,0.0927,0.0033,0.2626,,,gnm_closed_loop,0.2,0.1418,False,0,,isaac_physics_smoke_20260708,,mnv2_ema0999,,,,,,,False,hospital_fresh_short_F,0.3043,True,0.3709,0.1418,0.2,0.1418,True,armed,False,
physeval_ema_F_20260708_172828,512,18.250001,1783528114.977211,0.800987,0.499086,0.0,-3.140271,0.2,0.1418,0.199889,-0.012139,camera_link,18.250001,gnm_closed_loop,,nominal,,True,ok,checkpoints/ablation_mnv2_ema0999/best.pt,5.64,0.3709,0.1418,0.0927,0.0033,0.2626,,,gnm_closed_loop,0.2,0.1418,False,0,,isaac_physics_smoke_20260708,,mnv2_ema0999,,,,,,,False,hospital_fresh_short_F,0.301,True,0.3709,0.1418,0.2,0.1418,True,armed,False,
physeval_ema_F_20260708_172828,513,18.266668,1783528114.9938,0.797662,0.499082,0.0,-3.140263,0.2,0.1291,0.199949,-0.010313,camera_link,18.266668,gnm_closed_loop,,nominal,,True,ok,checkpoints/ablation_mnv2_ema0999/best.pt,4.52,0.3687,0.1291,0.0922,0.003,0.2579,,,gnm_closed_loop,0.2,0.1291,False,0,,isaac_physics_smoke_20260708,,mnv2_ema0999,,,,,,,False,hospital_fresh_short_F,0.2977,True,0.3687,0.1291,0.2,0.1291,True,armed,False,
physeval_ema_F_20260708_172828,514,18.283334,1783528114.996203,0.794337,0.499078,-0.0,-3.140257,0.2,0.1291,0.199949,-0.010313,camera_link,18.283334,gnm_closed_loop,,nominal,,True,ok,checkpoints/ablation_mnv2_ema0999/best.pt,4.52,0.3687,0.1291,0.0922,0.003,0.2579,,,gnm_closed_loop,0.2,0.1291,False,0,,isaac_physics_smoke_20260708,,mnv2_ema0999,,,,,,,False,hospital_fresh_short_F,0.2943,True,0.3687,0.1291,0.2,0.1291,True,armed,False,
physeval_ema_F_20260708_172828,515,18.300001,1783528114.999161,0.791012,0.499074,0.0,-3.140251,0.2,0.1291,0.199949,-0.010313,camera_link,18.300001,gnm_closed_loop,,nominal,,True,ok,checkpoints/ablation_mnv2_ema0999/best.pt,4.52,0.3687,0.1291,0.0922,0.003,0.2579,,,gnm_closed_loop,0.2,0.1291,False,0,,isaac_physics_smoke_20260708,,mnv2_ema0999,,,,,,,False,hospital_fresh_short_F,0.291,True,0.3687,0.1291,0.2,0.1291,True,armed,False,
physeval_ema_F_20260708_172828,516,18.316668,1783528115.016018,0.787687,0.49907,0.0,-3.140244,0.2,0.1168,0.199952,-0.008739,camera_link,18.316668,gnm_closed_loop,,nominal,,True,ok,checkpoints/ablation_mnv2_ema0999/best.pt,4.45,0.3952,0.1168,0.0988,0.0029,0.2535,,,gnm_closed_loop,0.2,0.1168,False,0,,isaac_physics_smoke_20260708,,mnv2_ema0999,,,,,,,False,hospital_fresh_short_F,0.2877,True,0.3952,0.1168,0.2,0.1168,True,armed,False,
physeval_ema_F_20260708_172828,517,18.333334,1783528115.019078,0.784361,0.499065,0.0,-3.140238,0.2,0.1168,0.199952,-0.008739,camera_link,18.333334,gnm_closed_loop,,nominal,,True,ok,checkpoints/ablation_mnv2_ema0999/best.pt,4.45,0.3952,0.1168,0.0988,0.0029,0.2535,,,gnm_closed_loop,0.2,0.1168,False,0,,isaac_physics_smoke_20260708,,mnv2_ema0999,,,,,,,False,hospital_fresh_short_F,0.2844,True,0.3952,0.1168,0.2,0.1168,True,armed,False,
physeval_ema_F_20260708_172828,518,18.350001,1783528115.021727,0.781036,0.499061,0.0,-3.140233,0.2,0.1168,0.199952,-0.008739,camera_link,18.350001,gnm_closed_loop,,nominal,,True,ok,checkpoints/ablation_mnv2_ema0999/best.pt,4.45,0.3952,0.1168,0.0988,0.0029,0.2535,,,gnm_closed_loop,0.2,0.1168,False,0,,isaac_physics_smoke_20260708,,mnv2_ema0999,,,,,,,False,hospital_fresh_short_F,0.281,True,0.3952,0.1168,0.2,0.1168,True,armed,False,
physeval_ema_F_20260708_172828,519,18.366668,1783528115.044475,0.777711,0.499057,0.0,-3.140227,0.2,0.1183,0.199946,-0.007606,camera_link,18.366668,gnm_closed_loop,,nominal,,True,ok,checkpoints/ablation_mnv2_ema0999/best.pt,4.8,0.3895,0.1183,0.0974,0.0029,0.2597,,,gnm_closed_loop,0.2,0.1183,False,0,,isaac_physics_smoke_20260708,,mnv2_ema0999,,,,,,,False,hospital_fresh_short_F,0.2777,True,0.3895,0.1183,0.2,0.1183,True,armed,False,
physeval_ema_F_20260708_172828,520,18.383334,1783528115.04685,0.774386,0.499052,0.0,-3.140222,0.2,0.1183,0.199946,-0.007606,camera_link,18.383334,gnm_closed_loop,,nominal,,True,ok,checkpoints/ablation_mnv2_ema0999/best.pt,4.8,0.3895,0.1183,0.0974,0.0029,0.2597,,,gnm_closed_loop,0.2,0.1183,False,0,,isaac_physics_smoke_20260708,,mnv2_ema0999,,,,,,,False,hospital_fresh_short_F,0.2744,True,0.3895,0.1183,0.2,0.1183,True,armed,False,
physeval_ema_F_20260708_172828,521,18.400001,1783528115.048775,0.771061,0.499048,0.0,-3.140217,0.2,0.1183,0.199946,-0.007606,camera_link,18.400001,gnm_closed_loop,,nominal,,True,ok,checkpoints/ablation_mnv2_ema0999/best.pt,4.8,0.3895,0.1183,0.0974,0.0029,0.2597,,,gnm_closed_loop,0.2,0.1183,False,0,,isaac_physics_smoke_20260708,,mnv2_ema0999,,,,,,,False,hospital_fresh_short_F,0.2711,True,0.3895,0.1183,0.2,0.1183,True,armed,False,
physeval_ema_F_20260708_172828,522,18.416668,1783528115.063716,0.767736,0.499043,0.0,-3.140212,0.2,0.1097,0.199896,-0.008137,camera_link,18.416668,gnm_closed_loop,,nominal,,True,ok,checkpoints/ablation_mnv2_ema0999/best.pt,4.92,0.4062,0.1097,0.1015,0.0028,0.2581,,,gnm_closed_loop,0.2,0.1097,False,0,,isaac_physics_smoke_20260708,,mnv2_ema0999,,,,,,,False,hospital_fresh_short_F,0.2677,True,0.4062,0.1097,0.2,0.1097,True,armed,False,
physeval_ema_F_20260708_172828,523,18.433334,1783528115.066573,0.764411,0.499039,0.0,-3.140207,0.2,0.1097,0.199896,-0.008137,camera_link,18.433334,gnm_closed_loop,,nominal,,True,ok,checkpoints/ablation_mnv2_ema0999/best.pt,4.92,0.4062,0.1097,0.1015,0.0028,0.2581,,,gnm_closed_loop,0.2,0.1097,False,0,,isaac_physics_smoke_20260708,,mnv2_ema0999,,,,,,,False,hospital_fresh_short_F,0.2644,True,0.4062,0.1097,0.2,0.1097,True,armed,False,
physeval_ema_F_20260708_172828,524,18.450001,1783528115.068549,0.761086,0.499035,0.0,-3.140202,0.2,0.1097,0.199896,-0.008137,camera_link,18.450001,gnm_closed_loop,,nominal,,True,ok,checkpoints/ablation_mnv2_ema0999/best.pt,4.92,0.4062,0.1097,0.1015,0.0028,0.2581,,,gnm_closed_loop,0.2,0.1097,False,0,,isaac_physics_smoke_20260708,,mnv2_ema0999,,,,,,,False,hospital_fresh_short_F,0.2611,True,0.4062,0.1097,0.2,0.1097,True,armed,False,
physeval_ema_F_20260708_172828,525,18.466668,1783528115.084355,0.757761,0.49903,0.0,-3.140198,0.2,0.1032,0.199926,-0.006217,camera_link,18.466668,gnm_closed_loop,,nominal,,True,ok,checkpoints/ablation_mnv2_ema0999/best.pt,4.1,0.4391,0.1032,0.1098,0.0028,0.2514,,,gnm_closed_loop,0.2,0.1032,False,0,,isaac_physics_smoke_20260708,,mnv2_ema0999,,,,,,,False,hospital_fresh_short_F,0.2578,True,0.4391,0.1032,0.2,0.1032,True,armed,False,
physeval_ema_F_20260708_172828,526,18.483334,1783528115.086701,0.754436,0.499026,-0.0,-3.140194,0.2,0.1032,0.199926,-0.006217,camera_link,18.483334,gnm_closed_loop,,nominal,,True,ok,checkpoints/ablation_mnv2_ema0999/best.pt,4.1,0.4391,0.1032,0.1098,0.0028,0.2514,,,gnm_closed_loop,0.2,0.1032,False,0,,isaac_physics_smoke_20260708,,mnv2_ema0999,,,,,,,False,hospital_fresh_short_F,0.2544,True,0.4391,0.1032,0.2,0.1032,True,armed,False,
physeval_ema_F_20260708_172828,527,18.500001,1783528115.089768,0.751112,0.499022,-0.0,-3.14019,0.2,0.1032,0.199926,-0.006217,camera_link,18.500001,gnm_closed_loop,,nominal,,True,ok,checkpoints/ablation_mnv2_ema0999/best.pt,4.1,0.4391,0.1032,0.1098,0.0028,0.2514,,,gnm_closed_loop,0.2,0.1032,False,0,,isaac_physics_smoke_20260708,,mnv2_ema0999,,,,,,,False,hospital_fresh_short_F,0.2511,True,0.4391,0.1032,0.2,0.1032,True,armed,False,
physeval_ema_F_20260708_172828,528,18.516668,1783528115.115978,0.747787,0.499017,-0.0,-3.140186,0.2,0.1022,0.199922,-0.005704,camera_link,18.516668,gnm_closed_loop,,nominal,,True,ok,checkpoints/ablation_mnv2_ema0999/best.pt,11.03,0.4708,0.1022,0.1177,0.003,0.2481,,,gnm_closed_loop,0.2,0.1022,False,0,,isaac_physics_smoke_20260708,,mnv2_ema0999,,,,,,,False,hospital_fresh_short_F,0.2478,True,0.4708,0.1022,0.2,0.1022,True,armed,False,
physeval_ema_F_20260708_172828,529,18.533334,1783528115.118619,0.744462,0.499013,-0.0,-3.140182,0.2,0.1022,0.199922,-0.005704,camera_link,18.533334,gnm_closed_loop,,nominal,,True,ok,checkpoints/ablation_mnv2_ema0999/best.pt,11.03,0.4708,0.1022,0.1177,0.003,0.2481,,,gnm_closed_loop,0.2,0.1022,False,0,,isaac_physics_smoke_20260708,,mnv2_ema0999,,,,,,,False,hospital_fresh_short_F,0.2445,True,0.4708,0.1022,0.2,0.1022,True,armed,False,
physeval_ema_F_20260708_172828,530,18.550001,1783528115.120605,0.741137,0.499009,-0.0,-3.140178,0.2,0.1022,0.199922,-0.005704,camera_link,18.550001,gnm_closed_loop,,nominal,,True,ok,checkpoints/ablation_mnv2_ema0999/best.pt,11.03,0.4708,0.1022,0.1177,0.003,0.2481,,,gnm_closed_loop,0.2,0.1022,False,0,,isaac_physics_smoke_20260708,,mnv2_ema0999,,,,,,,False,hospital_fresh_short_F,0.2411,True,0.4708,0.1022,0.2,0.1022,True,armed,False,
physeval_ema_F_20260708_172828,531,18.566668,1783528115.136436,0.737812,0.499004,-0.0,-3.140174,0.2,0.0914,0.199914,-0.0056,camera_link,18.566668,gnm_closed_loop,,nominal,,True,ok,checkpoints/ablation_mnv2_ema0999/best.pt,4.85,0.4685,0.0914,0.1171,0.0027,0.2525,,,gnm_closed_loop,0.2,0.0914,False,0,,isaac_physics_smoke_20260708,,mnv2_ema0999,,,,,,,False,hospital_fresh_short_F,0.2378,True,0.4685,0.0914,0.2,0.0914,True,armed,False,
physeval_ema_F_20260708_172828,532,18.583334,1783528115.139718,0.734487,0.499,-0.0,-3.14017,0.2,0.0914,0.199914,-0.0056,camera_link,18.583334,gnm_closed_loop,,nominal,,True,ok,checkpoints/ablation_mnv2_ema0999/best.pt,4.85,0.4685,0.0914,0.1171,0.0027,0.2525,,,gnm_closed_loop,0.2,0.0914,False,0,,isaac_physics_smoke_20260708,,mnv2_ema0999,,,,,,,False,hospital_fresh_short_F,0.2345,True,0.4685,0.0914,0.2,0.0914,True,armed,False,
physeval_ema_F_20260708_172828,533,18.600001,1783528115.141659,0.731162,0.498995,-0.0,-3.140166,0.2,0.0914,0.199914,-0.0056,camera_link,18.600001,gnm_closed_loop,,nominal,,True,ok,checkpoints/ablation_mnv2_ema0999/best.pt,4.85,0.4685,0.0914,0.1171,0.0027,0.2525,,,gnm_closed_loop,0.2,0.0914,False,0,,isaac_physics_smoke_20260708,,mnv2_ema0999,,,,,,,False,hospital_fresh_short_F,0.2312,True,0.4685,0.0914,0.2,0.0914,True,armed,False,
physeval_ema_F_20260708_172828,534,18.616668,1783528115.159509,0.727838,0.498991,-0.0,-3.140162,0.2,0.09,0.199897,-0.005748,camera_link,18.616668,gnm_closed_loop,,nominal,,True,ok,checkpoints/ablation_mnv2_ema0999/best.pt,4.41,0.4853,0.09,0.1213,0.0027,0.2637,,,gnm_closed_loop,0.2,0.09,False,0,,isaac_physics_smoke_20260708,,mnv2_ema0999,,,,,,,False,hospital_fresh_short_F,0.2278,True,0.4853,0.09,0.2,0.09,True,armed,False,
physeval_ema_F_20260708_172828,535,18.633334,1783528115.161822,0.724513,0.498986,-0.0,-3.140159,0.2,0.09,0.199897,-0.005748,camera_link,18.633334,gnm_closed_loop,,nominal,,True,ok,checkpoints/ablation_mnv2_ema0999/best.pt,4.41,0.4853,0.09,0.1213,0.0027,0.2637,,,gnm_closed_loop,0.2,0.09,False,0,,isaac_physics_smoke_20260708,,mnv2_ema0999,,,,,,,False,hospital_fresh_short_F,0.2245,True,0.4853,0.09,0.2,0.09,True,armed,False,
physeval_ema_F_20260708_172828,536,18.650001,1783528115.163715,0.721188,0.498981,-0.0,-3.140156,0.2,0.09,0.199897,-0.005748,camera_link,18.650001,gnm_closed_loop,,nominal,,True,ok,checkpoints/ablation_mnv2_ema0999/best.pt,4.41,0.4853,0.09,0.1213,0.0027,0.2637,,,gnm_closed_loop,0.2,0.09,False,0,,isaac_physics_smoke_20260708,,mnv2_ema0999,,,,,,,False,hospital_fresh_short_F,0.2212,True,0.4853,0.09,0.2,0.09,True,armed,False,
physeval_ema_F_20260708_172828,537,18.666668,1783528115.180415,0.717863,0.498977,-0.0,-3.140152,0.2,0.0906,0.199889,-0.005288,camera_link,18.666668,gnm_closed_loop,,nominal,,True,ok,checkpoints/ablation_mnv2_ema0999/best.pt,4.62,0.4799,0.0906,0.12,0.0027,0.2709,,,gnm_closed_loop,0.2,0.0906,False,0,,isaac_physics_smoke_20260708,,mnv2_ema0999,,,,,,,False,hospital_fresh_short_F,0.2179,True,0.4799,0.0906,0.2,0.0906,True,armed,False,
physeval_ema_F_20260708_172828,538,18.683334,1783528115.183412,0.714539,0.498972,-0.0,-3.140148,0.2,0.0906,0.199889,-0.005288,camera_link,18.683334,gnm_closed_loop,,nominal,,True,ok,checkpoints/ablation_mnv2_ema0999/best.pt,4.62,0.4799,0.0906,0.12,0.0027,0.2709,,,gnm_closed_loop,0.2,0.0906,False,0,,isaac_physics_smoke_20260708,,mnv2_ema0999,,,,,,,False,hospital_fresh_short_F,0.2145,True,0.4799,0.0906,0.2,0.0906,True,armed,False,
physeval_ema_F_20260708_172828,539,18.700001,1783528115.185708,0.711214,0.498968,-0.0,-3.140145,0.2,0.0906,0.199889,-0.005288,camera_link,18.700001,gnm_closed_loop,,nominal,,True,ok,checkpoints/ablation_mnv2_ema0999/best.pt,4.62,0.4799,0.0906,0.12,0.0027,0.2709,,,gnm_closed_loop,0.2,0.0906,False,0,,isaac_physics_smoke_20260708,,mnv2_ema0999,,,,,,,False,hospital_fresh_short_F,0.2112,True,0.4799,0.0906,0.2,0.0906,True,armed,False,
physeval_ema_F_20260708_172828,540,18.716668,1783528115.211485,0.707889,0.498963,-0.0,-3.140141,0.2,0.0925,0.199894,-0.004908,camera_link,18.716668,gnm_closed_loop,,nominal,,True,ok,checkpoints/ablation_mnv2_ema0999/best.pt,9.32,0.4769,0.0925,0.1192,0.0028,0.2725,,,gnm_closed_loop,0.2,0.0925,False,0,,isaac_physics_smoke_20260708,,mnv2_ema0999,,,,,,,False,hospital_fresh_short_F,0.2079,True,0.4769,0.0925,0.2,0.0925,True,armed,False,
physeval_ema_F_20260708_172828,541,18.733334,1783528115.213878,0.704564,0.498958,-0.0,-3.140138,0.2,0.0925,0.199894,-0.004908,camera_link,18.733334,gnm_closed_loop,,nominal,,True,ok,checkpoints/ablation_mnv2_ema0999/best.pt,9.32,0.4769,0.0925,0.1192,0.0028,0.2725,,,gnm_closed_loop,0.2,0.0925,False,0,,isaac_physics_smoke_20260708,,mnv2_ema0999,,,,,,,False,hospital_fresh_short_F,0.2046,True,0.4769,0.0925,0.2,0.0925,True,armed,False,
physeval_ema_F_20260708_172828,542,18.750001,1783528115.215891,0.701239,0.498954,-0.0,-3.140134,0.2,0.0925,0.199894,-0.004908,camera_link,18.750001,gnm_closed_loop,,nominal,,True,ok,checkpoints/ablation_mnv2_ema0999/best.pt,9.32,0.4769,0.0925,0.1192,0.0028,0.2725,,,gnm_closed_loop,0.2,0.0925,False,0,,isaac_physics_smoke_20260708,,mnv2_ema0999,,,,,,,False,hospital_fresh_short_F,0.2012,True,0.4769,0.0925,0.2,0.0925,True,armed,False,
physeval_ema_F_20260708_172828,543,18.766668,1783528115.239914,0.697915,0.498949,-0.0,-3.14013,0.2,0.0873,0.199907,-0.006013,camera_link,18.766668,gnm_closed_loop,,nominal,,True,ok,checkpoints/ablation_mnv2_ema0999/best.pt,7.37,0.4874,0.0873,0.1219,0.0027,0.2739,,,gnm_closed_loop,0.2,0.0873,False,0,,isaac_physics_smoke_20260708,,mnv2_ema0999,,,,,,,False,hospital_fresh_short_F,0.1979,True,0.4874,0.0873,0.2,0.0873,True,armed,False,
physeval_ema_F_20260708_172828,544,18.783334,1783528115.242252,0.69459,0.498944,-0.0,-3.140127,0.2,0.0873,0.199907,-0.006013,camera_link,18.783334,gnm_closed_loop,,nominal,,True,ok,checkpoints/ablation_mnv2_ema0999/best.pt,7.37,0.4874,0.0873,0.1219,0.0027,0.2739,,,gnm_closed_loop,0.2,0.0873,False,0,,isaac_physics_smoke_20260708,,mnv2_ema0999,,,,,,,False,hospital_fresh_short_F,0.1946,True,0.4874,0.0873,0.2,0.0873,True,armed,False,
physeval_ema_F_20260708_172828,545,18.800001,1783528115.244545,0.691265,0.49894,-0.0,-3.140124,0.2,0.0873,0.199907,-0.006013,camera_link,18.800001,gnm_closed_loop,,nominal,,True,ok,checkpoints/ablation_mnv2_ema0999/best.pt,7.37,0.4874,0.0873,0.1219,0.0027,0.2739,,,gnm_closed_loop,0.2,0.0873,False,0,,isaac_physics_smoke_20260708,,mnv2_ema0999,,,,,,,False,hospital_fresh_short_F,0.1913,True,0.4874,0.0873,0.2,0.0873,True,armed,False,
physeval_ema_F_20260708_172828,546,18.816668,1783528115.262797,0.68794,0.498935,-0.0,-3.140121,0.2,0.0829,0.199877,-0.005061,camera_link,18.816668,gnm_closed_loop,,nominal,,True,ok,checkpoints/ablation_mnv2_ema0999/best.pt,4.53,0.495,0.0829,0.1237,0.0026,0.2758,,,gnm_closed_loop,0.2,0.0829,False,0,,isaac_physics_smoke_20260708,,mnv2_ema0999,,,,,,,False,hospital_fresh_short_F,0.1879,True,0.495,0.0829,0.2,0.0829,True,armed,False,
physeval_ema_F_20260708_172828,547,18.833334,1783528115.265217,0.684615,0.49893,-0.0,-3.140118,0.2,0.0829,0.199877,-0.005061,camera_link,18.833334,gnm_closed_loop,,nominal,,True,ok,checkpoints/ablation_mnv2_ema0999/best.pt,4.53,0.495,0.0829,0.1237,0.0026,0.2758,,,gnm_closed_loop,0.2,0.0829,False,0,,isaac_physics_smoke_20260708,,mnv2_ema0999,,,,,,,False,hospital_fresh_short_F,0.1846,True,0.495,0.0829,0.2,0.0829,True,armed,False,
physeval_ema_F_20260708_172828,548,18.850001,1783528115.267218,0.68129,0.498925,-0.0,-3.140115,0.2,0.0829,0.199877,-0.005061,camera_link,18.850001,gnm_closed_loop,,nominal,,True,ok,checkpoints/ablation_mnv2_ema0999/best.pt,4.53,0.495,0.0829,0.1237,0.0026,0.2758,,,gnm_closed_loop,0.2,0.0829,False,0,,isaac_physics_smoke_20260708,,mnv2_ema0999,,,,,,,False,hospital_fresh_short_F,0.1813,True,0.495,0.0829,0.2,0.0829,True,armed,False,
physeval_ema_F_20260708_172828,549,18.866668,1783528115.283245,0.677966,0.498921,-0.0,-3.140112,0.2,0.0801,0.199882,-0.00466,camera_link,18.866668,gnm_closed_loop,,nominal,,True,ok,checkpoints/ablation_mnv2_ema0999/best.pt,4.82,0.502,0.0801,0.1255,0.0025,0.2795,,,gnm_closed_loop,0.2,0.0801,False,0,,isaac_physics_smoke_20260708,,mnv2_ema0999,,,,,,,False,hospital_fresh_short_F,0.178,True,0.502,0.0801,0.2,0.0801,True,armed,False,
physeval_ema_F_20260708_172828,550,18.883334,1783528115.285828,0.674641,0.498916,-0.0,-3.140109,0.2,0.0801,0.199882,-0.00466,camera_link,18.883334,gnm_closed_loop,,nominal,,True,ok,checkpoints/ablation_mnv2_ema0999/best.pt,4.82,0.502,0.0801,0.1255,0.0025,0.2795,,,gnm_closed_loop,0.2,0.0801,False,0,,isaac_physics_smoke_20260708,,mnv2_ema0999,,,,,,,False,hospital_fresh_short_F,0.1746,True,0.502,0.0801,0.2,0.0801,True,armed,False,
physeval_ema_F_20260708_172828,551,18.900001,1783528115.287765,0.671316,0.498911,-0.0,-3.140106,0.2,0.0801,0.199882,-0.00466,camera_link,18.900001,gnm_closed_loop,,nominal,,True,ok,checkpoints/ablation_mnv2_ema0999/best.pt,4.82,0.502,0.0801,0.1255,0.0025,0.2795,,,gnm_closed_loop,0.2,0.0801,False,0,,isaac_physics_smoke_20260708,,mnv2_ema0999,,,,,,,False,hospital_fresh_short_F,0.1713,True,0.502,0.0801,0.2,0.0801,True,armed,False,
physeval_ema_F_20260708_172828,552,18.916668,1783528115.302356,0.66799,0.498906,-0.0,-3.140103,0.2,0.0788,0.199865,-0.004364,camera_link,18.916668,gnm_closed_loop,,nominal,,True,ok,checkpoints/ablation_mnv2_ema0999/best.pt,4.61,0.5129,0.0788,0.1282,0.0025,0.2863,,,gnm_closed_loop,0.2,0.0788,False,0,,isaac_physics_smoke_20260708,,mnv2_ema0999,,,,,,,False,hospital_fresh_short_F,0.168,True,0.5129,0.0788,0.2,0.0788,True,armed,False,
physeval_ema_F_20260708_172828,553,18.933334,1783528115.304866,0.664666,0.498901,-0.0,-3.1401,0.2,0.0788,0.199865,-0.004364,camera_link,18.933334,gnm_closed_loop,,nominal,,True,ok,checkpoints/ablation_mnv2_ema0999/best.pt,4.61,0.5129,0.0788,0.1282,0.0025,0.2863,,,gnm_closed_loop,0.2,0.0788,False,0,,isaac_physics_smoke_20260708,,mnv2_ema0999,,,,,,,False,hospital_fresh_short_F,0.1647,True,0.5129,0.0788,0.2,0.0788,True,armed,False,
physeval_ema_F_20260708_172828,554,18.950001,1783528115.307245,0.661341,0.498897,-0.0,-3.140097,0.2,0.0788,0.199865,-0.004364,camera_link,18.950001,gnm_closed_loop,,nominal,,True,ok,checkpoints/ablation_mnv2_ema0999/best.pt,4.61,0.5129,0.0788,0.1282,0.0025,0.2863,,,gnm_closed_loop,0.2,0.0788,False,0,,isaac_physics_smoke_20260708,,mnv2_ema0999,,,,,,,False,hospital_fresh_short_F,0.1613,True,0.5129,0.0788,0.2,0.0788,True,armed,False,
physeval_ema_F_20260708_172828,555,18.966668,1783528115.331158,0.658016,0.498892,-0.0,-3.140094,0.2,0.0892,0.19986,-0.00397,camera_link,18.966668,gnm_closed_loop,,nominal,,True,ok,checkpoints/ablation_mnv2_ema0999/best.pt,7.46,0.4892,0.0892,0.1223,0.0027,0.2869,,,gnm_closed_loop,0.2,0.0892,False,0,,isaac_physics_smoke_20260708,,mnv2_ema0999,,,,,,,False,hospital_fresh_short_F,0.158,True,0.4892,0.0892,0.2,0.0892,True,armed,False,
physeval_ema_F_20260708_172828,556,18.983334,1783528115.336396,0.654691,0.498887,-0.0,-3.140091,0.2,0.0892,0.19986,-0.00397,camera_link,18.983334,gnm_closed_loop,,nominal,,True,ok,checkpoints/ablation_mnv2_ema0999/best.pt,7.46,0.4892,0.0892,0.1223,0.0027,0.2869,,,gnm_closed_loop,0.2,0.0892,False,0,,isaac_physics_smoke_20260708,,mnv2_ema0999,,,,,,,False,hospital_fresh_short_F,0.1547,True,0.4892,0.0892,0.2,0.0892,True,armed,False,
physeval_ema_F_20260708_172828,557,19.000001,1783528115.339953,0.651366,0.498882,-0.0,-3.140087,0.2,0.0892,0.19986,-0.00397,camera_link,19.000001,gnm_closed_loop,,nominal,,True,ok,checkpoints/ablation_mnv2_ema0999/best.pt,7.46,0.4892,0.0892,0.1223,0.0027,0.2869,,,gnm_closed_loop,0.2,0.0892,False,0,,isaac_physics_smoke_20260708,,mnv2_ema0999,,,,,,,False,hospital_fresh_short_F,0.1514,True,0.4892,0.0892,0.2,0.0892,True,armed,False,
physeval_ema_F_20260708_172828,558,19.016668,1783528115.368839,0.648041,0.498877,-0.0,-3.140084,0.2,0.104,0.19989,-0.00526,camera_link,19.016668,gnm_closed_loop,,nominal,,True,ok,checkpoints/ablation_mnv2_ema0999/best.pt,8.64,0.4579,0.104,0.1145,0.003,0.2865,,,gnm_closed_loop,0.2,0.104,False,0,,isaac_physics_smoke_20260708,,mnv2_ema0999,,,,,,,False,hospital_fresh_short_F,0.148,True,0.4579,0.104,0.2,0.104,True,armed,False,
physeval_ema_F_20260708_172828,559,19.033334,1783528115.372319,0.644715,0.498872,-0.0,-3.14008,0.2,0.104,0.19989,-0.00526,camera_link,19.033334,gnm_closed_loop,,nominal,,True,ok,checkpoints/ablation_mnv2_ema0999/best.pt,8.64,0.4579,0.104,0.1145,0.003,0.2865,,,gnm_closed_loop,0.2,0.104,False,0,,isaac_physics_smoke_20260708,,mnv2_ema0999,,,,,,,False,hospital_fresh_short_F,0.1447,True,0.4579,0.104,0.2,0.104,True,armed,False,
physeval_ema_F_20260708_172828,560,19.050001,1783528115.374662,0.64139,0.498867,-0.0,-3.140076,0.2,0.104,0.19989,-0.00526,camera_link,19.050001,gnm_closed_loop,,nominal,,True,ok,checkpoints/ablation_mnv2_ema0999/best.pt,8.64,0.4579,0.104,0.1145,0.003,0.2865,,,gnm_closed_loop,0.2,0.104,False,0,,isaac_physics_smoke_20260708,,mnv2_ema0999,,,,,,,False,hospital_fresh_short_F,0.1414,True,0.4579,0.104,0.2,0.104,True,armed,False,
physeval_ema_F_20260708_172828,561,19.066668,1783528115.39009,0.638066,0.498862,-0.0,-3.140073,0.2,0.1062,0.199895,-0.005991,camera_link,19.066668,gnm_closed_loop,,nominal,,True,ok,checkpoints/ablation_mnv2_ema0999/best.pt,4.5,0.4511,0.1062,0.1128,0.003,0.2793,,,gnm_closed_loop,0.2,0.1062,False,0,,isaac_physics_smoke_20260708,,mnv2_ema0999,,,,,,,False,hospital_fresh_short_F,0.1381,True,0.4511,0.1062,0.2,0.1062,True,armed,False,
physeval_ema_F_20260708_172828,562,19.083334,1783528115.392689,0.63474,0.498857,-0.0,-3.140069,0.2,0.1062,0.199895,-0.005991,camera_link,19.083334,gnm_closed_loop,,nominal,,True,ok,checkpoints/ablation_mnv2_ema0999/best.pt,4.5,0.4511,0.1062,0.1128,0.003,0.2793,,,gnm_closed_loop,0.2,0.1062,False,0,,isaac_physics_smoke_20260708,,mnv2_ema0999,,,,,,,False,hospital_fresh_short_F,0.1347,True,0.4511,0.1062,0.2,0.1062,True,armed,False,
physeval_ema_F_20260708_172828,563,19.100001,1783528115.394675,0.631415,0.498852,-0.0,-3.140065,0.2,0.1062,0.199895,-0.005991,camera_link,19.100001,gnm_closed_loop,,nominal,,True,ok,checkpoints/ablation_mnv2_ema0999/best.pt,4.5,0.4511,0.1062,0.1128,0.003,0.2793,,,gnm_closed_loop,0.2,0.1062,False,0,,isaac_physics_smoke_20260708,,mnv2_ema0999,,,,,,,False,hospital_fresh_short_F,0.1314,True,0.4511,0.1062,0.2,0.1062,True,armed,False,
physeval_ema_F_20260708_172828,564,19.116668,1783528115.416979,0.628091,0.498847,-0.0,-3.140061,0.2,0.1122,0.199857,-0.005816,camera_link,19.116668,gnm_closed_loop,,nominal,,True,ok,checkpoints/ablation_mnv2_ema0999/best.pt,6.76,0.436,0.1122,0.109,0.0031,0.2706,,,gnm_closed_loop,0.2,0.1122,False,0,,isaac_physics_smoke_20260708,,mnv2_ema0999,,,,,,,False,hospital_fresh_short_F,0.1281,True,0.436,0.1122,0.2,0.1122,True,armed,False,
physeval_ema_F_20260708_172828,565,19.133334,1783528115.420119,0.624766,0.498843,-0.0,-3.140056,0.2,0.1122,0.199857,-0.005816,camera_link,19.133334,gnm_closed_loop,,nominal,,True,ok,checkpoints/ablation_mnv2_ema0999/best.pt,6.76,0.436,0.1122,0.109,0.0031,0.2706,,,gnm_closed_loop,0.2,0.1122,False,0,,isaac_physics_smoke_20260708,,mnv2_ema0999,,,,,,,False,hospital_fresh_short_F,0.1248,True,0.436,0.1122,0.2,0.1122,True,armed,False,
physeval_ema_F_20260708_172828,566,19.150001,1783528115.42334,0.621441,0.498838,-0.0,-3.140052,0.2,0.1122,0.199857,-0.005816,camera_link,19.150001,gnm_closed_loop,,nominal,,True,ok,checkpoints/ablation_mnv2_ema0999/best.pt,6.76,0.436,0.1122,0.109,0.0031,0.2706,,,gnm_closed_loop,0.2,0.1122,False,0,,isaac_physics_smoke_20260708,,mnv2_ema0999,,,,,,,False,hospital_fresh_short_F,0.1214,True,0.436,0.1122,0.2,0.1122,True,armed,False,
physeval_ema_F_20260708_172828,567,19.166668,1783528115.446479,0.618116,0.498833,-0.0,-3.140047,0.2,0.1218,0.199904,-0.006558,camera_link,19.166668,gnm_closed_loop,,nominal,,True,ok,checkpoints/ablation_mnv2_ema0999/best.pt,5.12,0.4164,0.1218,0.1041,0.0032,0.2653,,,gnm_closed_loop,0.2,0.1218,False,0,,isaac_physics_smoke_20260708,,mnv2_ema0999,,,,,,,False,hospital_fresh_short_F,0.1181,True,0.4164,0.1218,0.2,0.1218,True,armed,False,
physeval_ema_F_20260708_172828,568,19.183334,1783528115.448774,0.614791,0.498828,-0.0,-3.140043,0.2,0.1218,0.199904,-0.006558,camera_link,19.183334,gnm_closed_loop,,nominal,,True,ok,checkpoints/ablation_mnv2_ema0999/best.pt,5.12,0.4164,0.1218,0.1041,0.0032,0.2653,,,gnm_closed_loop,0.2,0.1218,False,0,,isaac_physics_smoke_20260708,,mnv2_ema0999,,,,,,,False,hospital_fresh_short_F,0.1148,True,0.4164,0.1218,0.2,0.1218,True,armed,False,
physeval_ema_F_20260708_172828,569,19.200001,1783528115.45061,0.611466,0.498823,-0.0,-3.140038,0.2,0.1218,0.199904,-0.006558,camera_link,19.200001,gnm_closed_loop,,nominal,,True,ok,checkpoints/ablation_mnv2_ema0999/best.pt,5.12,0.4164,0.1218,0.1041,0.0032,0.2653,,,gnm_closed_loop,0.2,0.1218,False,0,,isaac_physics_smoke_20260708,,mnv2_ema0999,,,,,,,False,hospital_fresh_short_F,0.1115,True,0.4164,0.1218,0.2,0.1218,True,armed,False,
physeval_ema_F_20260708_172828,570,19.216668,1783528115.470436,0.608141,0.498818,-0.0,-3.140033,0.2,0.1214,0.199867,-0.006665,camera_link,19.216668,gnm_closed_loop,,nominal,,True,ok,checkpoints/ablation_mnv2_ema0999/best.pt,5.34,0.4164,0.1214,0.1041,0.0032,0.2678,,,gnm_closed_loop,0.2,0.1214,False,0,,isaac_physics_smoke_20260708,,mnv2_ema0999,,,,,,,False,hospital_fresh_short_F,0.1081,True,0.4164,0.1214,0.2,0.1214,True,armed,False,
physeval_ema_F_20260708_172828,571,19.233334,1783528115.472647,0.604816,0.498813,-0.0,-3.140029,0.2,0.1214,0.199867,-0.006665,camera_link,19.233334,gnm_closed_loop,,nominal,,True,ok,checkpoints/ablation_mnv2_ema0999/best.pt,5.34,0.4164,0.1214,0.1041,0.0032,0.2678,,,gnm_closed_loop,0.2,0.1214,False,0,,isaac_physics_smoke_20260708,,mnv2_ema0999,,,,,,,False,hospital_fresh_short_F,0.1048,True,0.4164,0.1214,0.2,0.1214,True,armed,False,
physeval_ema_F_20260708_172828,572,19.250001,1783528115.474546,0.601491,0.498808,-0.0,-3.140024,0.2,0.1214,0.199867,-0.006665,camera_link,19.250001,gnm_closed_loop,,nominal,,True,ok,checkpoints/ablation_mnv2_ema0999/best.pt,5.34,0.4164,0.1214,0.1041,0.0032,0.2678,,,gnm_closed_loop,0.2,0.1214,False,0,,isaac_physics_smoke_20260708,,mnv2_ema0999,,,,,,,False,hospital_fresh_short_F,0.1015,True,0.4164,0.1214,0.2,0.1214,True,armed,False,
physeval_ema_F_20260708_172828,573,19.266668,1783528115.491735,0.598166,0.498803,-0.0,-3.14002,0.2,0.1587,0.199861,-0.006888,camera_link,19.266668,gnm_closed_loop,,nominal,,True,ok,checkpoints/ablation_mnv2_ema0999/best.pt,4.12,0.3738,0.1587,0.0934,0.0037,0.2771,,,gnm_closed_loop,0.2,0.1587,False,0,,isaac_physics_smoke_20260708,,mnv2_ema0999,,,,,,,False,hospital_fresh_short_F,0.0982,True,0.3738,0.1587,0.2,0.1587,True,armed,False,
physeval_ema_F_20260708_172828,574,19.283334,1783528115.494796,0.59484,0.498798,-0.0,-3.140014,0.2,0.1587,0.199861,-0.006888,camera_link,19.283334,gnm_closed_loop,,nominal,,True,ok,checkpoints/ablation_mnv2_ema0999/best.pt,4.12,0.3738,0.1587,0.0934,0.0037,0.2771,,,gnm_closed_loop,0.2,0.1587,False,0,,isaac_physics_smoke_20260708,,mnv2_ema0999,,,,,,,False,hospital_fresh_short_F,0.0948,True,0.3738,0.1587,0.2,0.1587,True,armed,False,
physeval_ema_F_20260708_172828,575,19.300001,1783528115.497663,0.591515,0.498793,-0.0,-3.140008,0.2,0.1587,0.199861,-0.006888,camera_link,19.300001,gnm_closed_loop,,nominal,,True,ok,checkpoints/ablation_mnv2_ema0999/best.pt,4.12,0.3738,0.1587,0.0934,0.0037,0.2771,,,gnm_closed_loop,0.2,0.1587,False,0,,isaac_physics_smoke_20260708,,mnv2_ema0999,,,,,,,False,hospital_fresh_short_F,0.0915,True,0.3738,0.1587,0.2,0.1587,True,armed,False,
physeval_ema_F_20260708_172828,576,19.316668,1783528115.516688,0.58819,0.498787,-0.0,-3.140002,0.2,0.1716,0.199892,-0.008786,camera_link,19.316668,gnm_closed_loop,,nominal,,True,ok,checkpoints/ablation_mnv2_ema0999/best.pt,4.41,0.3373,0.1716,0.0843,0.0036,0.2827,,,gnm_closed_loop,0.2,0.1716,False,0,,isaac_physics_smoke_20260708,,mnv2_ema0999,,,,,,,False,hospital_fresh_short_F,0.0882,True,0.3373,0.1716,0.2,0.1716,True,armed,False,
physeval_ema_F_20260708_172828,577,19.333334,1783528115.518997,0.584865,0.498782,-0.0,-3.139996,0.2,0.1716,0.199892,-0.008786,camera_link,19.333334,gnm_closed_loop,,nominal,,True,ok,checkpoints/ablation_mnv2_ema0999/best.pt,4.41,0.3373,0.1716,0.0843,0.0036,0.2827,,,gnm_closed_loop,0.2,0.1716,False,0,,isaac_physics_smoke_20260708,,mnv2_ema0999,,,,,,,False,hospital_fresh_short_F,0.0849,True,0.3373,0.1716,0.2,0.1716,True,armed,False,
physeval_ema_F_20260708_172828,578,19.350001,1783528115.521566,0.58154,0.498777,-0.0,-3.139989,0.2,0.1716,0.199892,-0.008786,camera_link,19.350001,gnm_closed_loop,,nominal,,True,ok,checkpoints/ablation_mnv2_ema0999/best.pt,4.41,0.3373,0.1716,0.0843,0.0036,0.2827,,,gnm_closed_loop,0.2,0.1716,False,0,,isaac_physics_smoke_20260708,,mnv2_ema0999,,,,,,,False,hospital_fresh_short_F,0.0815,True,0.3373,0.1716,0.2,0.1716,True,armed,False,
physeval_ema_F_20260708_172828,579,19.366668,1783528115.539738,0.578214,0.498772,-0.0,-3.139983,0.2,0.1634,0.199896,-0.009289,camera_link,19.366668,gnm_closed_loop,,nominal,,True,ok,checkpoints/ablation_mnv2_ema0999/best.pt,4.84,0.3475,0.1634,0.0869,0.0036,0.2803,,,gnm_closed_loop,0.2,0.1634,False,0,,isaac_physics_smoke_20260708,,mnv2_ema0999,,,,,,,False,hospital_fresh_short_F,0.0782,True,0.3475,0.1634,0.2,0.1634,True,armed,False,
physeval_ema_F_20260708_172828,580,19.383334,1783528115.542348,0.574889,0.498767,-0.0,-3.139977,0.2,0.1634,0.199896,-0.009289,camera_link,19.383334,gnm_closed_loop,,nominal,,True,ok,checkpoints/ablation_mnv2_ema0999/best.pt,4.84,0.3475,0.1634,0.0869,0.0036,0.2803,,,gnm_closed_loop,0.2,0.1634,False,0,,isaac_physics_smoke_20260708,,mnv2_ema0999,,,,,,,False,hospital_fresh_short_F,0.0749,True,0.3475,0.1634,0.2,0.1634,True,armed,False,
physeval_ema_F_20260708_172828,581,19.400001,1783528115.544348,0.571564,0.498762,0.0,-3.139971,0.2,0.1634,0.199896,-0.009289,camera_link,19.400001,gnm_closed_loop,,nominal,,True,ok,checkpoints/ablation_mnv2_ema0999/best.pt,4.84,0.3475,0.1634,0.0869,0.0036,0.2803,,,gnm_closed_loop,0.2,0.1634,False,0,,isaac_physics_smoke_20260708,,mnv2_ema0999,,,,,,,False,hospital_fresh_short_F,0.0716,True,0.3475,0.1634,0.2,0.1634,True,armed,False,
physeval_ema_F_20260708_172828,582,19.416668,1783528115.564331,0.568239,0.498757,-0.0,-3.139964,0.2,0.1366,0.199897,-0.009482,camera_link,19.416668,gnm_closed_loop,,nominal,,True,ok,checkpoints/ablation_mnv2_ema0999/best.pt,4.89,0.3865,0.1366,0.0966,0.0033,0.2757,,,gnm_closed_loop,0.2,0.1366,False,0,,isaac_physics_smoke_20260708,,mnv2_ema0999,,,,,,,False,hospital_fresh_short_F,0.0683,True,0.3865,0.1366,0.2,0.1366,True,armed,False,
physeval_ema_F_20260708_172828,583,19.433334,1783528115.567943,0.564914,0.498751,-0.0,-3.139959,0.2,0.1366,0.199897,-0.009482,camera_link,19.433334,gnm_closed_loop,,nominal,,True,ok,checkpoints/ablation_mnv2_ema0999/best.pt,4.89,0.3865,0.1366,0.0966,0.0033,0.2757,,,gnm_closed_loop,0.2,0.1366,False,0,,isaac_physics_smoke_20260708,,mnv2_ema0999,,,,,,,False,hospital_fresh_short_F,0.0649,True,0.3865,0.1366,0.2,0.1366,True,armed,False,
physeval_ema_F_20260708_172828,584,19.450001,1783528115.571006,0.561588,0.498746,-0.0,-3.139954,0.2,0.1366,0.199897,-0.009482,camera_link,19.450001,gnm_closed_loop,,nominal,,True,ok,checkpoints/ablation_mnv2_ema0999/best.pt,4.89,0.3865,0.1366,0.0966,0.0033,0.2757,,,gnm_closed_loop,0.2,0.1366,False,0,,isaac_physics_smoke_20260708,,mnv2_ema0999,,,,,,,False,hospital_fresh_short_F,0.0616,True,0.3865,0.1366,0.2,0.1366,True,armed,False,
physeval_ema_F_20260708_172828,585,19.466668,1783528115.589556,0.558263,0.498741,-0.0,-3.139949,0.2,0.1256,0.199881,-0.007466,camera_link,19.466668,gnm_closed_loop,,nominal,,True,ok,checkpoints/ablation_mnv2_ema0999/best.pt,4.62,0.4075,0.1256,0.1019,0.0032,0.2679,,,gnm_closed_loop,0.2,0.1256,False,0,,isaac_physics_smoke_20260708,,mnv2_ema0999,,,,,,,False,hospital_fresh_short_F,0.0583,True,0.4075,0.1256,0.2,0.1256,True,armed,False,
physeval_ema_F_20260708_172828,586,19.483334,1783528115.592632,0.554938,0.498736,-0.0,-3.139945,0.2,0.1256,0.199881,-0.007466,camera_link,19.483334,gnm_closed_loop,,nominal,,True,ok,checkpoints/ablation_mnv2_ema0999/best.pt,4.62,0.4075,0.1256,0.1019,0.0032,0.2679,,,gnm_closed_loop,0.2,0.1256,False,0,,isaac_physics_smoke_20260708,,mnv2_ema0999,,,,,,,False,hospital_fresh_short_F,0.055,True,0.4075,0.1256,0.2,0.1256,True,armed,False,
physeval_ema_F_20260708_172828,587,19.500001,1783528115.595345,0.551613,0.49873,0.0,-3.139938,0.2,0.1256,0.199881,-0.007466,camera_link,19.500001,gnm_closed_loop,,nominal,,True,ok,checkpoints/ablation_mnv2_ema0999/best.pt,4.62,0.4075,0.1256,0.1019,0.0032,0.2679,,,gnm_closed_loop,0.2,0.1256,False,0,,isaac_physics_smoke_20260708,,mnv2_ema0999,,,,,,,False,hospital_fresh_short_F,0.0516,True,0.4075,0.1256,0.2,0.1256,True,armed,False,
physeval_ema_F_20260708_172828,588,19.516668,1783528115.61464,0.548288,0.498725,0.0,-3.139932,0.2,0.1249,0.199894,-0.008577,camera_link,19.516668,gnm_closed_loop,,nominal,,True,ok,checkpoints/ablation_mnv2_ema0999/best.pt,4.24,0.3999,0.1249,0.1,0.0031,0.2635,,,gnm_closed_loop,0.2,0.1249,False,0,,isaac_physics_smoke_20260708,,mnv2_ema0999,,,,,,,False,hospital_fresh_short_F,0.0483,True,0.3999,0.1249,0.2,0.1249,True,armed,False,
physeval_ema_F_20260708_172828,589,19.533334,1783528115.617581,0.544962,0.49872,0.0,-3.139926,0.2,0.1249,0.199894,-0.008577,camera_link,19.533334,gnm_closed_loop,,nominal,,True,ok,checkpoints/ablation_mnv2_ema0999/best.pt,4.24,0.3999,0.1249,0.1,0.0031,0.2635,,,gnm_closed_loop,0.2,0.1249,False,0,,isaac_physics_smoke_20260708,,mnv2_ema0999,,,,,,,False,hospital_fresh_short_F,0.045,True,0.3999,0.1249,0.2,0.1249,True,armed,False,
physeval_ema_F_20260708_172828,590,19.550001,1783528115.619839,0.541637,0.498715,-0.0,-3.139921,0.2,0.1249,0.199894,-0.008577,camera_link,19.550001,gnm_closed_loop,,nominal,,True,ok,checkpoints/ablation_mnv2_ema0999/best.pt,4.24,0.3999,0.1249,0.1,0.0031,0.2635,,,gnm_closed_loop,0.2,0.1249,False,0,,isaac_physics_smoke_20260708,,mnv2_ema0999,,,,,,,False,hospital_fresh_short_F,0.0417,True,0.3999,0.1249,0.2,0.1249,True,armed,False,
physeval_ema_F_20260708_172828,591,19.566668,1783528115.639098,0.538312,0.498709,-0.0,-3.139916,0.2,0.132,0.199885,-0.007328,camera_link,19.566668,gnm_closed_loop,,nominal,,True,ok,checkpoints/ablation_mnv2_ema0999/best.pt,5.75,0.3794,0.132,0.0949,0.0031,0.2602,,,gnm_closed_loop,0.2,0.132,False,0,,isaac_physics_smoke_20260708,,mnv2_ema0999,,,,,,,False,hospital_fresh_short_F,0.0383,True,0.3794,0.132,0.2,0.132,True,armed,False,
physeval_ema_F_20260708_172828,592,19.583334,1783528115.641637,0.534987,0.498704,-0.0,-3.139911,0.2,0.132,0.199885,-0.007328,camera_link,19.583334,gnm_closed_loop,,nominal,,True,ok,checkpoints/ablation_mnv2_ema0999/best.pt,5.75,0.3794,0.132,0.0949,0.0031,0.2602,,,gnm_closed_loop,0.2,0.132,False,0,,isaac_physics_smoke_20260708,,mnv2_ema0999,,,,,,,False,hospital_fresh_short_F,0.035,True,0.3794,0.132,0.2,0.132,True,armed,False,
physeval_ema_F_20260708_172828,593,19.600001,1783528115.643614,0.531663,0.498699,0.0,-3.139904,0.2,0.132,0.199885,-0.007328,camera_link,19.600001,gnm_closed_loop,,nominal,,True,ok,checkpoints/ablation_mnv2_ema0999/best.pt,5.75,0.3794,0.132,0.0949,0.0031,0.2602,,,gnm_closed_loop,0.2,0.132,False,0,,isaac_physics_smoke_20260708,,mnv2_ema0999,,,,,,,False,hospital_fresh_short_F,0.0317,True,0.3794,0.132,0.2,0.132,True,armed,False,
physeval_ema_F_20260708_172828,594,19.616668,1783528115.660976,0.528338,0.498693,0.0,-3.139897,0.2,0.1294,0.199936,-0.009965,camera_link,19.616668,gnm_closed_loop,,nominal,,True,ok,checkpoints/ablation_mnv2_ema0999/best.pt,4.41,0.3823,0.1294,0.0956,0.0031,0.2565,,,gnm_closed_loop,0.2,0.1294,False,0,,isaac_physics_smoke_20260708,,mnv2_ema0999,,,,,,,False,hospital_fresh_short_F,0.0284,True,0.3823,0.1294,0.2,0.1294,True,armed,False,
physeval_ema_F_20260708_172828,595,19.633334,1783528115.663483,0.525013,0.498688,0.0,-3.13989,0.2,0.1294,0.199936,-0.009965,camera_link,19.633334,gnm_closed_loop,,nominal,,True,ok,checkpoints/ablation_mnv2_ema0999/best.pt,4.41,0.3823,0.1294,0.0956,0.0031,0.2565,,,gnm_closed_loop,0.2,0.1294,False,0,,isaac_physics_smoke_20260708,,mnv2_ema0999,,,,,,,False,hospital_fresh_short_F,0.025,True,0.3823,0.1294,0.2,0.1294,True,armed,False,
physeval_ema_F_20260708_172828,596,19.650001,1783528115.665407,0.521688,0.498683,0.0,-3.139884,0.2,0.1294,0.199936,-0.009965,camera_link,19.650001,gnm_closed_loop,,nominal,,True,ok,checkpoints/ablation_mnv2_ema0999/best.pt,4.41,0.3823,0.1294,0.0956,0.0031,0.2565,,,gnm_closed_loop,0.2,0.1294,False,0,,isaac_physics_smoke_20260708,,mnv2_ema0999,,,,,,,False,hospital_fresh_short_F,0.0217,True,0.3823,0.1294,0.2,0.1294,True,armed,False,
physeval_ema_F_20260708_172828,597,19.666668,1783528115.682925,0.518362,0.498677,0.0,-3.139878,0.2,0.1256,0.199903,-0.008382,camera_link,19.666668,gnm_closed_loop,,nominal,,True,ok,checkpoints/ablation_mnv2_ema0999/best.pt,4.8,0.3979,0.1256,0.0995,0.0031,0.2557,,,gnm_closed_loop,0.2,0.1256,False,0,,isaac_physics_smoke_20260708,,mnv2_ema0999,,,,,,,False,hospital_fresh_short_F,0.0184,True,0.3979,0.1256,0.2,0.1256,True,armed,False,
physeval_ema_F_20260708_172828,598,19.683334,1783528115.685372,0.515037,0.498672,0.0,-3.139872,0.2,0.1256,0.199903,-0.008382,camera_link,19.683334,gnm_closed_loop,,nominal,,True,ok,checkpoints/ablation_mnv2_ema0999/best.pt,4.8,0.3979,0.1256,0.0995,0.0031,0.2557,,,gnm_closed_loop,0.2,0.1256,False,0,,isaac_physics_smoke_20260708,,mnv2_ema0999,,,,,,,False,hospital_fresh_short_F,0.0151,True,0.3979,0.1256,0.2,0.1256,True,armed,False,
physeval_ema_F_20260708_172828,599,19.700001,1783528115.688387,0.511711,0.498667,0.0,-3.139866,0.2,0.1256,0.199903,-0.008382,camera_link,19.700001,gnm_closed_loop,,nominal,,True,ok,checkpoints/ablation_mnv2_ema0999/best.pt,4.8,0.3979,0.1256,0.0995,0.0031,0.2557,,,gnm_closed_loop,0.2,0.1256,False,0,,isaac_physics_smoke_20260708,,mnv2_ema0999,,,,,,,False,hospital_fresh_short_F,0.0118,True,0.3979,0.1256,0.2,0.1256,True,armed,False,
physeval_ema_F_20260708_172828,600,19.716668,1783528115.705735,0.508386,0.498661,0.0,-3.13986,0.2,0.1132,0.199887,-0.008149,camera_link,19.716668,gnm_closed_loop,,nominal,,True,ok,checkpoints/ablation_mnv2_ema0999/best.pt,5.22,0.4415,0.1132,0.1104,0.0031,0.2536,,,gnm_closed_loop,0.2,0.1132,False,0,,isaac_physics_smoke_20260708,,mnv2_ema0999,,,,,,,False,hospital_fresh_short_F,0.0085,True,0.4415,0.1132,0.2,0.1132,True,armed,False,
physeval_ema_F_20260708_172828,601,19.733334,1783528115.709644,0.505061,0.498656,0.0,-3.139855,0.2,0.1132,0.199887,-0.008149,camera_link,19.733334,gnm_closed_loop,,nominal,,True,ok,checkpoints/ablation_mnv2_ema0999/best.pt,5.22,0.4415,0.1132,0.1104,0.0031,0.2536,,,gnm_closed_loop,0.2,0.1132,False,0,,isaac_physics_smoke_20260708,,mnv2_ema0999,,,,,,,False,hospital_fresh_short_F,0.0052,True,0.4415,0.1132,0.2,0.1132,True,armed,False,
physeval_ema_F_20260708_172828,602,19.750001,1783528115.712893,0.501736,0.49865,0.0,-3.13985,0.2,0.1132,0.199887,-0.008149,camera_link,19.750001,gnm_closed_loop,,nominal,,True,ok,checkpoints/ablation_mnv2_ema0999/best.pt,5.22,0.4415,0.1132,0.1104,0.0031,0.2536,,,gnm_closed_loop,0.2,0.1132,False,0,,isaac_physics_smoke_20260708,,mnv2_ema0999,,,,,,,False,hospital_fresh_short_F,0.0022,True,0.4415,0.1132,0.2,0.1132,True,armed,False,
physeval_ema_F_20260708_172828,603,19.766668,1783528115.730981,0.498411,0.498644,0.0,-3.139846,0.2,0.1048,0.199863,-0.006408,camera_link,19.766668,gnm_closed_loop,,nominal,,True,ok,checkpoints/ablation_mnv2_ema0999/best.pt,5.39,0.4695,0.1048,0.1174,0.0031,0.2598,,,gnm_closed_loop,0.2,0.1048,False,0,,isaac_physics_smoke_20260708,,mnv2_ema0999,,,,,,,False,hospital_fresh_short_F,0.0021,True,0.4695,0.1048,0.2,0.1048,True,armed,False,
physeval_ema_F_20260708_172828,604,19.783334,1783528115.733275,0.495086,0.498639,0.0,-3.139842,0.2,0.1048,0.199863,-0.006408,camera_link,19.783334,gnm_closed_loop,,nominal,,True,ok,checkpoints/ablation_mnv2_ema0999/best.pt,5.39,0.4695,0.1048,0.1174,0.0031,0.2598,,,gnm_closed_loop,0.2,0.1048,False,0,,isaac_physics_smoke_20260708,,mnv2_ema0999,,,,,,,False,hospital_fresh_short_F,0.0051,True,0.4695,0.1048,0.2,0.1048,True,armed,False,
physeval_ema_F_20260708_172828,605,19.800001,1783528115.735344,0.491761,0.498633,0.0,-3.139837,0.2,0.1048,0.199863,-0.006408,camera_link,19.800001,gnm_closed_loop,,nominal,,True,ok,checkpoints/ablation_mnv2_ema0999/best.pt,5.39,0.4695,0.1048,0.1174,0.0031,0.2598,,,gnm_closed_loop,0.2,0.1048,False,0,,isaac_physics_smoke_20260708,,mnv2_ema0999,,,,,,,False,hospital_fresh_short_F,0.0084,True,0.4695,0.1048,0.2,0.1048,True,armed,False,
physeval_ema_F_20260708_172828,606,19.816668,1783528115.750547,0.488437,0.498628,-0.0,-3.139833,0.2,0.0837,0.199884,-0.005206,camera_link,19.816668,gnm_closed_loop,,nominal,,True,ok,checkpoints/ablation_mnv2_ema0999/best.pt,4.51,0.5185,0.0837,0.1296,0.0027,0.2717,,,gnm_closed_loop,0.2,0.0837,False,0,,isaac_physics_smoke_20260708,,mnv2_ema0999,,,,,,,False,hospital_fresh_short_F,0.0116,True,0.5185,0.0837,0.2,0.0837,True,armed,False,
physeval_ema_F_20260708_172828,607,19.833334,1783528115.752817,0.485112,0.498622,-0.0,-3.139831,0.2,0.0837,0.199884,-0.005206,camera_link,19.833334,gnm_closed_loop,,nominal,,True,ok,checkpoints/ablation_mnv2_ema0999/best.pt,4.51,0.5185,0.0837,0.1296,0.0027,0.2717,,,gnm_closed_loop,0.2,0.0837,False,0,,isaac_physics_smoke_20260708,,mnv2_ema0999,,,,,,,False,hospital_fresh_short_F,0.015,True,0.5185,0.0837,0.2,0.0837,True,armed,False,
physeval_ema_F_20260708_172828,608,19.850001,1783528115.754625,0.481787,0.498616,-0.0,-3.139828,0.2,0.0837,0.199884,-0.005206,camera_link,19.850001,gnm_closed_loop,,nominal,,True,ok,checkpoints/ablation_mnv2_ema0999/best.pt,4.51,0.5185,0.0837,0.1296,0.0027,0.2717,,,gnm_closed_loop,0.2,0.0837,False,0,,isaac_physics_smoke_20260708,,mnv2_ema0999,,,,,,,False,hospital_fresh_short_F,0.0183,True,0.5185,0.0837,0.2,0.0837,True,armed,False,
physeval_ema_F_20260708_172828,609,19.866668,1783528115.771275,0.478462,0.498611,-0.0,-3.139824,0.2,0.074,0.199882,-0.005022,camera_link,19.866668,gnm_closed_loop,,nominal,,True,ok,checkpoints/ablation_mnv2_ema0999/best.pt,4.56,0.5414,0.074,0.1353,0.0025,0.2791,,,gnm_closed_loop,0.2,0.074,False,0,,isaac_physics_smoke_20260708,,mnv2_ema0999,,,,,,,False,hospital_fresh_short_F,0.0216,True,0.5414,0.074,0.2,0.074,True,armed,False,
physeval_ema_F_20260708_172828,610,19.883334,1783528115.773592,0.475137,0.498605,-0.0,-3.139821,0.2,0.074,0.199882,-0.005022,camera_link,19.883334,gnm_closed_loop,,nominal,,True,ok,checkpoints/ablation_mnv2_ema0999/best.pt,4.56,0.5414,0.074,0.1353,0.0025,0.2791,,,gnm_closed_loop,0.2,0.074,False,0,,isaac_physics_smoke_20260708,,mnv2_ema0999,,,,,,,False,hospital_fresh_short_F,0.0249,True,0.5414,0.074,0.2,0.074,True,armed,False,
physeval_ema_F_20260708_172828,611,19.900001,1783528115.77544,0.471812,0.498599,-0.0,-3.139819,0.2,0.074,0.199882,-0.005022,camera_link,19.900001,gnm_closed_loop,,nominal,,True,ok,checkpoints/ablation_mnv2_ema0999/best.pt,4.56,0.5414,0.074,0.1353,0.0025,0.2791,,,gnm_closed_loop,0.2,0.074,False,0,,isaac_physics_smoke_20260708,,mnv2_ema0999,,,,,,,False,hospital_fresh_short_F,0.0282,True,0.5414,0.074,0.2,0.074,True,armed,False,
physeval_ema_F_20260708_172828,612,19.916668,1783528115.79573,0.468487,0.498593,-0.0,-3.139816,0.2,0.0712,0.19986,-0.003881,camera_link,19.916668,gnm_closed_loop,,nominal,,True,ok,checkpoints/ablation_mnv2_ema0999/best.pt,5.86,0.5457,0.0712,0.1364,0.0024,0.2855,,,gnm_closed_loop,0.2,0.0712,False,0,,isaac_physics_smoke_20260708,,mnv2_ema0999,,,,,,,False,hospital_fresh_short_F,0.0315,True,0.5457,0.0712,0.2,0.0712,True,armed,False,
physeval_ema_F_20260708_172828,613,19.933334,1783528115.800143,0.465162,0.498588,-0.0,-3.139814,0.2,0.0712,0.19986,-0.003881,camera_link,19.933334,gnm_closed_loop,,nominal,,True,ok,checkpoints/ablation_mnv2_ema0999/best.pt,5.86,0.5457,0.0712,0.1364,0.0024,0.2855,,,gnm_closed_loop,0.2,0.0712,False,0,,isaac_physics_smoke_20260708,,mnv2_ema0999,,,,,,,False,hospital_fresh_short_F,0.0349,True,0.5457,0.0712,0.2,0.0712,True,armed,False,
physeval_ema_F_20260708_172828,614,19.950001,1783528115.805507,0.461837,0.498582,-0.0,-3.139811,0.2,0.0712,0.19986,-0.003881,camera_link,19.950001,gnm_closed_loop,,nominal,,True,ok,checkpoints/ablation_mnv2_ema0999/best.pt,5.86,0.5457,0.0712,0.1364,0.0024,0.2855,,,gnm_closed_loop,0.2,0.0712,False,0,,isaac_physics_smoke_20260708,,mnv2_ema0999,,,,,,,False,hospital_fresh_short_F,0.0382,True,0.5457,0.0712,0.2,0.0712,True,armed,False,
physeval_ema_F_20260708_172828,615,19.966668,1783528115.82972,0.458512,0.498576,-0.0,-3.139809,0.2,0.0728,0.199905,-0.0042,camera_link,19.966668,gnm_closed_loop,,nominal,,True,ok,checkpoints/ablation_mnv2_ema0999/best.pt,5.89,0.5363,0.0728,0.1341,0.0024,0.2906,,,gnm_closed_loop,0.2,0.0728,False,0,,isaac_physics_smoke_20260708,,mnv2_ema0999,,,,,,,False,hospital_fresh_short_F,0.0415,True,0.5363,0.0728,0.2,0.0728,True,armed,False,
physeval_ema_F_20260708_172828,616,19.983334,1783528115.832094,0.455187,0.49857,-0.0,-3.139806,0.2,0.0728,0.199905,-0.0042,camera_link,19.983334,gnm_closed_loop,,nominal,,True,ok,checkpoints/ablation_mnv2_ema0999/best.pt,5.89,0.5363,0.0728,0.1341,0.0024,0.2906,,,gnm_closed_loop,0.2,0.0728,False,0,,isaac_physics_smoke_20260708,,mnv2_ema0999,,,,,,,False,hospital_fresh_short_F,0.0448,True,0.5363,0.0728,0.2,0.0728,True,armed,False,
physeval_ema_F_20260708_172828,617,20.000001,1783528115.833999,0.451862,0.498564,-0.0,-3.139803,0.2,0.0728,0.199905,-0.0042,camera_link,20.000001,gnm_closed_loop,,nominal,,True,ok,checkpoints/ablation_mnv2_ema0999/best.pt,5.89,0.5363,0.0728,0.1341,0.0024,0.2906,,,gnm_closed_loop,0.2,0.0728,False,0,,isaac_physics_smoke_20260708,,mnv2_ema0999,,,,,,,False,hospital_fresh_short_F,0.0482,True,0.5363,0.0728,0.2,0.0728,True,armed,False,
physeval_ema_F_20260708_172828,618,20.016668,1783528115.853279,0.448537,0.498558,-0.0,-3.139801,0.2,0.0717,0.199885,-0.003071,camera_link,20.016668,gnm_closed_loop,,nominal,,True,ok,checkpoints/ablation_mnv2_ema0999/best.pt,4.64,0.5324,0.0717,0.1331,0.0024,0.2893,,,gnm_closed_loop,0.2,0.0717,False,0,,isaac_physics_smoke_20260708,,mnv2_ema0999,,,,,,,False,hospital_fresh_short_F,0.0515,True,0.5324,0.0717,0.2,0.0717,True,armed,False,
physeval_ema_F_20260708_172828,619,20.033334,1783528115.856097,0.445212,0.498553,-0.0,-3.139798,0.2,0.0717,0.199885,-0.003071,camera_link,20.033334,gnm_closed_loop,,nominal,,True,ok,checkpoints/ablation_mnv2_ema0999/best.pt,4.64,0.5324,0.0717,0.1331,0.0024,0.2893,,,gnm_closed_loop,0.2,0.0717,False,0,,isaac_physics_smoke_20260708,,mnv2_ema0999,,,,,,,False,hospital_fresh_short_F,0.0548,True,0.5324,0.0717,0.2,0.0717,True,armed,False,
physeval_ema_F_20260708_172828,620,20.050001,1783528115.859374,0.441887,0.498547,-0.0,-3.139796,0.2,0.0717,0.199885,-0.003071,camera_link,20.050001,gnm_closed_loop,,nominal,,True,ok,checkpoints/ablation_mnv2_ema0999/best.pt,4.64,0.5324,0.0717,0.1331,0.0024,0.2893,,,gnm_closed_loop,0.2,0.0717,False,0,,isaac_physics_smoke_20260708,,mnv2_ema0999,,,,,,,False,hospital_fresh_short_F,0.0581,True,0.5324,0.0717,0.2,0.0717,True,armed,False,
physeval_ema_F_20260708_172828,621,20.066668,1783528115.876888,0.438562,0.498541,-0.0,-3.139793,0.2,0.0752,0.199894,-0.004163,camera_link,20.066668,gnm_closed_loop,,nominal,,True,ok,checkpoints/ablation_mnv2_ema0999/best.pt,4.94,0.5085,0.0752,0.1271,0.0024,0.2839,,,gnm_closed_loop,0.2,0.0752,False,0,,isaac_physics_smoke_20260708,,mnv2_ema0999,,,,,,,False,hospital_fresh_short_F,0.0615,True,0.5085,0.0752,0.2,0.0752,True,armed,False,
physeval_ema_F_20260708_172828,622,20.083334,1783528115.880313,0.435237,0.498535,-0.0,-3.13979,0.2,0.0752,0.199894,-0.004163,camera_link,20.083334,gnm_closed_loop,,nominal,,True,ok,checkpoints/ablation_mnv2_ema0999/best.pt,4.94,0.5085,0.0752,0.1271,0.0024,0.2839,,,gnm_closed_loop,0.2,0.0752,False,0,,isaac_physics_smoke_20260708,,mnv2_ema0999,,,,,,,False,hospital_fresh_short_F,0.0648,True,0.5085,0.0752,0.2,0.0752,True,armed,False,
physeval_ema_F_20260708_172828,623,20.100001,1783528115.883173,0.431912,0.498529,-0.0,-3.139788,0.2,0.0752,0.199894,-0.004163,camera_link,20.100001,gnm_closed_loop,,nominal,,True,ok,checkpoints/ablation_mnv2_ema0999/best.pt,4.94,0.5085,0.0752,0.1271,0.0024,0.2839,,,gnm_closed_loop,0.2,0.0752,False,0,,isaac_physics_smoke_20260708,,mnv2_ema0999,,,,,,,False,hospital_fresh_short_F,0.0681,True,0.5085,0.0752,0.2,0.0752,True,armed,False,
physeval_ema_F_20260708_172828,624,20.116668,1783528115.9015,0.428587,0.498523,-0.0,-3.139785,0.2,0.0763,0.19989,-0.003991,camera_link,20.116668,gnm_closed_loop,,nominal,,True,ok,checkpoints/ablation_mnv2_ema0999/best.pt,4.24,0.4938,0.0763,0.1234,0.0024,0.276,,,gnm_closed_loop,0.2,0.0763,False,0,,isaac_physics_smoke_20260708,,mnv2_ema0999,,,,,,,False,hospital_fresh_short_F,0.0714,True,0.4938,0.0763,0.2,0.0763,True,armed,False,
physeval_ema_F_20260708_172828,625,20.133334,1783528115.90414,0.425262,0.498517,-0.0,-3.139782,0.2,0.0763,0.19989,-0.003991,camera_link,20.133334,gnm_closed_loop,,nominal,,True,ok,checkpoints/ablation_mnv2_ema0999/best.pt,4.24,0.4938,0.0763,0.1234,0.0024,0.276,,,gnm_closed_loop,0.2,0.0763,False,0,,isaac_physics_smoke_20260708,,mnv2_ema0999,,,,,,,False,hospital_fresh_short_F,0.0748,True,0.4938,0.0763,0.2,0.0763,True,armed,False,
physeval_ema_F_20260708_172828,626,20.150001,1783528115.906301,0.421937,0.498511,-0.0,-3.139779,0.2,0.0763,0.19989,-0.003991,camera_link,20.150001,gnm_closed_loop,,nominal,,True,ok,checkpoints/ablation_mnv2_ema0999/best.pt,4.24,0.4938,0.0763,0.1234,0.0024,0.276,,,gnm_closed_loop,0.2,0.0763,False,0,,isaac_physics_smoke_20260708,,mnv2_ema0999,,,,,,,False,hospital_fresh_short_F,0.0781,True,0.4938,0.0763,0.2,0.0763,True,armed,False,
physeval_ema_F_20260708_172828,627,20.166668,1783528115.925912,0.418612,0.498505,-0.0,-3.139776,0.2,0.0767,0.19989,-0.003849,camera_link,20.166668,gnm_closed_loop,,nominal,,True,ok,checkpoints/ablation_mnv2_ema0999/best.pt,5.21,0.491,0.0767,0.1227,0.0024,0.2684,,,gnm_closed_loop,0.2,0.0767,False,0,,isaac_physics_smoke_20260708,,mnv2_ema0999,,,,,,,False,hospital_fresh_short_F,0.0814,True,0.491,0.0767,0.2,0.0767,True,armed,False,
physeval_ema_F_20260708_172828,628,20.183334,1783528115.928216,0.415287,0.4985,-0.0,-3.139773,0.2,0.0767,0.19989,-0.003849,camera_link,20.183334,gnm_closed_loop,,nominal,,True,ok,checkpoints/ablation_mnv2_ema0999/best.pt,5.21,0.491,0.0767,0.1227,0.0024,0.2684,,,gnm_closed_loop,0.2,0.0767,False,0,,isaac_physics_smoke_20260708,,mnv2_ema0999,,,,,,,False,hospital_fresh_short_F,0.0847,True,0.491,0.0767,0.2,0.0767,True,armed,False,
physeval_ema_F_20260708_172828,629,20.200001,1783528115.930771,0.411962,0.498493,-0.0,-3.13977,0.2,0.0767,0.19989,-0.003849,camera_link,20.200001,gnm_closed_loop,,nominal,,True,ok,checkpoints/ablation_mnv2_ema0999/best.pt,5.21,0.491,0.0767,0.1227,0.0024,0.2684,,,gnm_closed_loop,0.2,0.0767,False,0,,isaac_physics_smoke_20260708,,mnv2_ema0999,,,,,,,False,hospital_fresh_short_F,0.0881,True,0.491,0.0767,0.2,0.0767,True,armed,False,
physeval_ema_F_20260708_172828,630,20.216668,1783528115.949575,0.408637,0.498488,-0.0,-3.139768,0.2,0.0782,0.199908,-0.004162,camera_link,20.216668,gnm_closed_loop,,nominal,,True,ok,checkpoints/ablation_mnv2_ema0999/best.pt,4.95,0.4948,0.0782,0.1237,0.0024,0.2625,,,gnm_closed_loop,0.2,0.0782,False,0,,isaac_physics_smoke_20260708,,mnv2_ema0999,,,,,,,False,hospital_fresh_short_F,0.0914,True,0.4948,0.0782,0.2,0.0782,True,armed,False,
physeval_ema_F_20260708_172828,631,20.233334,1783528115.951885,0.405312,0.498482,-0.0,-3.139765,0.2,0.0782,0.199908,-0.004162,camera_link,20.233334,gnm_closed_loop,,nominal,,True,ok,checkpoints/ablation_mnv2_ema0999/best.pt,4.95,0.4948,0.0782,0.1237,0.0024,0.2625,,,gnm_closed_loop,0.2,0.0782,False,0,,isaac_physics_smoke_20260708,,mnv2_ema0999,,,,,,,False,hospital_fresh_short_F,0.0947,True,0.4948,0.0782,0.2,0.0782,True,armed,False,
physeval_ema_F_20260708_172828,632,20.250001,1783528115.953798,0.401988,0.498476,-0.0,-3.139762,0.2,0.0782,0.199908,-0.004162,camera_link,20.250001,gnm_closed_loop,,nominal,,True,ok,checkpoints/ablation_mnv2_ema0999/best.pt,4.95,0.4948,0.0782,0.1237,0.0024,0.2625,,,gnm_closed_loop,0.2,0.0782,False,0,,isaac_physics_smoke_20260708,,mnv2_ema0999,,,,,,,False,hospital_fresh_short_F,0.098,True,0.4948,0.0782,0.2,0.0782,True,armed,False,
physeval_ema_F_20260708_172828,633,20.266668,1783528115.968993,0.398663,0.49847,-0.0,-3.139759,0.2,0.0803,0.199917,-0.004876,camera_link,20.266668,gnm_closed_loop,,nominal,,True,ok,checkpoints/ablation_mnv2_ema0999/best.pt,4.41,0.4737,0.0803,0.1184,0.0024,0.2582,,,gnm_closed_loop,0.2,0.0803,False,0,,isaac_physics_smoke_20260708,,mnv2_ema0999,,,,,,,False,hospital_fresh_short_F,0.1013,True,0.4737,0.0803,0.2,0.0803,True,armed,False,
physeval_ema_F_20260708_172828,634,20.283334,1783528115.971342,0.395338,0.498464,-0.0,-3.139756,0.2,0.0803,0.199917,-0.004876,camera_link,20.283334,gnm_closed_loop,,nominal,,True,ok,checkpoints/ablation_mnv2_ema0999/best.pt,4.41,0.4737,0.0803,0.1184,0.0024,0.2582,,,gnm_closed_loop,0.2,0.0803,False,0,,isaac_physics_smoke_20260708,,mnv2_ema0999,,,,,,,False,hospital_fresh_short_F,0.1047,True,0.4737,0.0803,0.2,0.0803,True,armed,False,
physeval_ema_F_20260708_172828,635,20.300001,1783528115.973242,0.392013,0.498458,-0.0,-3.139753,0.2,0.0803,0.199917,-0.004876,camera_link,20.300001,gnm_closed_loop,,nominal,,True,ok,checkpoints/ablation_mnv2_ema0999/best.pt,4.41,0.4737,0.0803,0.1184,0.0024,0.2582,,,gnm_closed_loop,0.2,0.0803,False,0,,isaac_physics_smoke_20260708,,mnv2_ema0999,,,,,,,False,hospital_fresh_short_F,0.108,True,0.4737,0.0803,0.2,0.0803,True,armed,False,
physeval_ema_F_20260708_172828,636,20.316668,1783528115.987799,0.388688,0.498452,-0.0,-3.13975,0.2,0.095,0.199901,-0.004064,camera_link,20.316668,gnm_closed_loop,,nominal,,True,ok,checkpoints/ablation_mnv2_ema0999/best.pt,4.55,0.4355,0.095,0.1089,0.0026,0.2641,,,gnm_closed_loop,0.2,0.095,False,0,,isaac_physics_smoke_20260708,,mnv2_ema0999,,,,,,,False,hospital_fresh_short_F,0.1113,True,0.4355,0.095,0.2,0.095,True,armed,False,
physeval_ema_F_20260708_172828,637,20.333334,1783528115.990101,0.385363,0.498446,-0.0,-3.139746,0.2,0.095,0.199901,-0.004064,camera_link,20.333334,gnm_closed_loop,,nominal,,True,ok,checkpoints/ablation_mnv2_ema0999/best.pt,4.55,0.4355,0.095,0.1089,0.0026,0.2641,,,gnm_closed_loop,0.2,0.095,False,0,,isaac_physics_smoke_20260708,,mnv2_ema0999,,,,,,,False,hospital_fresh_short_F,0.1146,True,0.4355,0.095,0.2,0.095,True,armed,False,
physeval_ema_F_20260708_172828,638,20.350001,1783528115.99264,0.382038,0.49844,-0.0,-3.139742,0.2,0.095,0.199901,-0.004064,camera_link,20.350001,gnm_closed_loop,,nominal,,True,ok,checkpoints/ablation_mnv2_ema0999/best.pt,4.55,0.4355,0.095,0.1089,0.0026,0.2641,,,gnm_closed_loop,0.2,0.095,False,0,,isaac_physics_smoke_20260708,,mnv2_ema0999,,,,,,,False,hospital_fresh_short_F,0.118,True,0.4355,0.095,0.2,0.095,True,armed,False,
physeval_ema_F_20260708_172828,639,20.366668,1783528116.009884,0.378712,0.498434,-0.0,-3.139739,0.2,0.0986,0.199913,-0.005461,camera_link,20.366668,gnm_closed_loop,,nominal,,True,ok,checkpoints/ablation_mnv2_ema0999/best.pt,4.88,0.427,0.0986,0.1067,0.0026,0.2646,,,gnm_closed_loop,0.2,0.0986,False,0,,isaac_physics_smoke_20260708,,mnv2_ema0999,,,,,,,False,hospital_fresh_short_F,0.1213,True,0.427,0.0986,0.2,0.0986,True,armed,False,
physeval_ema_F_20260708_172828,640,20.383334,1783528116.012925,0.375387,0.498428,-0.0,-3.139735,0.2,0.0986,0.199913,-0.005461,camera_link,20.383334,gnm_closed_loop,,nominal,,True,ok,checkpoints/ablation_mnv2_ema0999/best.pt,4.88,0.427,0.0986,0.1067,0.0026,0.2646,,,gnm_closed_loop,0.2,0.0986,False,0,,isaac_physics_smoke_20260708,,mnv2_ema0999,,,,,,,False,hospital_fresh_short_F,0.1246,True,0.427,0.0986,0.2,0.0986,True,armed,False,
physeval_ema_F_20260708_172828,641,20.400001,1783528116.015294,0.372063,0.498422,-0.0,-3.139731,0.2,0.0986,0.199913,-0.005461,camera_link,20.400001,gnm_closed_loop,,nominal,,True,ok,checkpoints/ablation_mnv2_ema0999/best.pt,4.88,0.427,0.0986,0.1067,0.0026,0.2646,,,gnm_closed_loop,0.2,0.0986,False,0,,isaac_physics_smoke_20260708,,mnv2_ema0999,,,,,,,False,hospital_fresh_short_F,0.1279,True,0.427,0.0986,0.2,0.0986,True,armed,False,
physeval_ema_F_20260708_172828,642,20.416668,1783528116.032275,0.368738,0.498416,-0.0,-3.139727,0.2,0.1078,0.199908,-0.005952,camera_link,20.416668,gnm_closed_loop,,nominal,,True,ok,checkpoints/ablation_mnv2_ema0999/best.pt,4.43,0.4182,0.1078,0.1045,0.0028,0.2645,,,gnm_closed_loop,0.2,0.1078,False,0,,isaac_physics_smoke_20260708,,mnv2_ema0999,,,,,,,False,hospital_fresh_short_F,0.1313,True,0.4182,0.1078,0.2,0.1078,True,armed,False,
physeval_ema_F_20260708_172828,643,20.433334,1783528116.034751,0.365413,0.49841,-0.0,-3.139723,0.2,0.1078,0.199908,-0.005952,camera_link,20.433334,gnm_closed_loop,,nominal,,True,ok,checkpoints/ablation_mnv2_ema0999/best.pt,4.43,0.4182,0.1078,0.1045,0.0028,0.2645,,,gnm_closed_loop,0.2,0.1078,False,0,,isaac_physics_smoke_20260708,,mnv2_ema0999,,,,,,,False,hospital_fresh_short_F,0.1346,True,0.4182,0.1078,0.2,0.1078,True,armed,False,
physeval_ema_F_20260708_172828,644,20.450001,1783528116.036742,0.362088,0.498404,-0.0,-3.139718,0.2,0.1078,0.199908,-0.005952,camera_link,20.450001,gnm_closed_loop,,nominal,,True,ok,checkpoints/ablation_mnv2_ema0999/best.pt,4.43,0.4182,0.1078,0.1045,0.0028,0.2645,,,gnm_closed_loop,0.2,0.1078,False,0,,isaac_physics_smoke_20260708,,mnv2_ema0999,,,,,,,False,hospital_fresh_short_F,0.1379,True,0.4182,0.1078,0.2,0.1078,True,armed,False,
physeval_ema_F_20260708_172828,645,20.466668,1783528116.052984,0.358763,0.498398,-0.0,-3.139714,0.2,0.1118,0.199948,-0.006665,camera_link,20.466668,gnm_closed_loop,,nominal,,True,ok,checkpoints/ablation_mnv2_ema0999/best.pt,5.29,0.4157,0.1118,0.1039,0.0029,0.2663,,,gnm_closed_loop,0.2,0.1118,False,0,,isaac_physics_smoke_20260708,,mnv2_ema0999,,,,,,,False,hospital_fresh_short_F,0.1412,True,0.4157,0.1118,0.2,0.1118,True,armed,False,
physeval_ema_F_20260708_172828,646,20.483334,1783528116.055698,0.355438,0.498392,-0.0,-3.139709,0.2,0.1118,0.199948,-0.006665,camera_link,20.483334,gnm_closed_loop,,nominal,,True,ok,checkpoints/ablation_mnv2_ema0999/best.pt,5.29,0.4157,0.1118,0.1039,0.0029,0.2663,,,gnm_closed_loop,0.2,0.1118,False,0,,isaac_physics_smoke_20260708,,mnv2_ema0999,,,,,,,False,hospital_fresh_short_F,0.1446,True,0.4157,0.1118,0.2,0.1118,True,armed,False,
physeval_ema_F_20260708_172828,647,20.500001,1783528116.0576,0.352113,0.498386,0.0,-3.139704,0.2,0.1118,0.199948,-0.006665,camera_link,20.500001,gnm_closed_loop,,nominal,,True,ok,checkpoints/ablation_mnv2_ema0999/best.pt,5.29,0.4157,0.1118,0.1039,0.0029,0.2663,,,gnm_closed_loop,0.2,0.1118,False,0,,isaac_physics_smoke_20260708,,mnv2_ema0999,,,,,,,False,hospital_fresh_short_F,0.1479,True,0.4157,0.1118,0.2,0.1118,True,armed,False,
physeval_ema_F_20260708_172828,648,20.516668,1783528116.073535,0.348788,0.49838,0.0,-3.1397,0.2,0.1166,0.199908,-0.006503,camera_link,20.516668,gnm_closed_loop,,nominal,,True,ok,checkpoints/ablation_mnv2_ema0999/best.pt,4.95,0.411,0.1166,0.1028,0.003,0.2759,,,gnm_closed_loop,0.2,0.1166,False,0,,isaac_physics_smoke_20260708,,mnv2_ema0999,,,,,,,False,hospital_fresh_short_F,0.1512,True,0.411,0.1166,0.2,0.1166,True,armed,False,
physeval_ema_F_20260708_172828,649,20.533334,1783528116.075797,0.345464,0.498374,-0.0,-3.139694,0.2,0.1166,0.199908,-0.006503,camera_link,20.533334,gnm_closed_loop,,nominal,,True,ok,checkpoints/ablation_mnv2_ema0999/best.pt,4.95,0.411,0.1166,0.1028,0.003,0.2759,,,gnm_closed_loop,0.2,0.1166,False,0,,isaac_physics_smoke_20260708,,mnv2_ema0999,,,,,,,False,hospital_fresh_short_F,0.1545,True,0.411,0.1166,0.2,0.1166,True,armed,False,
physeval_ema_F_20260708_172828,650,20.550001,1783528116.078357,0.342139,0.498368,0.0,-3.13969,0.2,0.1166,0.199908,-0.006503,camera_link,20.550001,gnm_closed_loop,,nominal,,True,ok,checkpoints/ablation_mnv2_ema0999/best.pt,4.95,0.411,0.1166,0.1028,0.003,0.2759,,,gnm_closed_loop,0.2,0.1166,False,0,,isaac_physics_smoke_20260708,,mnv2_ema0999,,,,,,,False,hospital_fresh_short_F,0.1579,True,0.411,0.1166,0.2,0.1166,True,armed,False,
physeval_ema_F_20260708_172828,651,20.566668,1783528116.094031,0.338814,0.498362,-0.0,-3.139685,0.2,0.1107,0.199906,-0.007373,camera_link,20.566668,gnm_closed_loop,,nominal,,True,ok,checkpoints/ablation_mnv2_ema0999/best.pt,4.32,0.4287,0.1107,0.1072,0.003,0.2791,,,gnm_closed_loop,0.2,0.1107,False,0,,isaac_physics_smoke_20260708,,mnv2_ema0999,,,,,,,False,hospital_fresh_short_F,0.1612,True,0.4287,0.1107,0.2,0.1107,True,armed,False,
physeval_ema_F_20260708_172828,652,20.583334,1783528116.097327,0.335488,0.498356,0.0,-3.139679,0.2,0.1107,0.199906,-0.007373,camera_link,20.583334,gnm_closed_loop,,nominal,,True,ok,checkpoints/ablation_mnv2_ema0999/best.pt,4.32,0.4287,0.1107,0.1072,0.003,0.2791,,,gnm_closed_loop,0.2,0.1107,False,0,,isaac_physics_smoke_20260708,,mnv2_ema0999,,,,,,,False,hospital_fresh_short_F,0.1645,True,0.4287,0.1107,0.2,0.1107,True,armed,False,
physeval_ema_F_20260708_172828,653,20.600001,1783528116.099383,0.332163,0.49835,-0.0,-3.139675,0.2,0.1107,0.199906,-0.007373,camera_link,20.600001,gnm_closed_loop,,nominal,,True,ok,checkpoints/ablation_mnv2_ema0999/best.pt,4.32,0.4287,0.1107,0.1072,0.003,0.2791,,,gnm_closed_loop,0.2,0.1107,False,0,,isaac_physics_smoke_20260708,,mnv2_ema0999,,,,,,,False,hospital_fresh_short_F,0.1678,True,0.4287,0.1107,0.2,0.1107,True,armed,False,
physeval_ema_F_20260708_172828,654,20.616668,1783528116.113882,0.328839,0.498343,0.0,-3.13967,0.2,0.1164,0.199911,-0.007025,camera_link,20.616668,gnm_closed_loop,,nominal,,True,ok,checkpoints/ablation_mnv2_ema0999/best.pt,4.76,0.4398,0.1164,0.1099,0.0032,0.2857,,,gnm_closed_loop,0.2,0.1164,False,0,,isaac_physics_smoke_20260708,,mnv2_ema0999,,,,,,,False,hospital_fresh_short_F,0.1712,True,0.4398,0.1164,0.2,0.1164,True,armed,False,
physeval_ema_F_20260708_172828,655,20.633334,1783528116.11647,0.325514,0.498337,0.0,-3.139665,0.2,0.1164,0.199911,-0.007025,camera_link,20.633334,gnm_closed_loop,,nominal,,True,ok,checkpoints/ablation_mnv2_ema0999/best.pt,4.76,0.4398,0.1164,0.1099,0.0032,0.2857,,,gnm_closed_loop,0.2,0.1164,False,0,,isaac_physics_smoke_20260708,,mnv2_ema0999,,,,,,,False,hospital_fresh_short_F,0.1745,True,0.4398,0.1164,0.2,0.1164,True,armed,False,
physeval_ema_F_20260708_172828,656,20.650001,1783528116.118428,0.322189,0.498331,0.0,-3.139659,0.2,0.1164,0.199911,-0.007025,camera_link,20.650001,gnm_closed_loop,,nominal,,True,ok,checkpoints/ablation_mnv2_ema0999/best.pt,4.76,0.4398,0.1164,0.1099,0.0032,0.2857,,,gnm_closed_loop,0.2,0.1164,False,0,,isaac_physics_smoke_20260708,,mnv2_ema0999,,,,,,,False,hospital_fresh_short_F,0.1778,True,0.4398,0.1164,0.2,0.1164,True,armed,False,
physeval_ema_F_20260708_172828,657,20.666668,1783528116.134036,0.318864,0.498325,0.0,-3.139654,0.2,0.1226,0.199908,-0.007303,camera_link,20.666668,gnm_closed_loop,,nominal,,True,ok,checkpoints/ablation_mnv2_ema0999/best.pt,4.74,0.4426,0.1226,0.1107,0.0034,0.2891,,,gnm_closed_loop,0.2,0.1226,False,0,,isaac_physics_smoke_20260708,,mnv2_ema0999,,,,,,,False,hospital_fresh_short_F,0.1811,True,0.4426,0.1226,0.2,0.1226,True,armed,False,
physeval_ema_F_20260708_172828,658,20.683334,1783528116.136537,0.315539,0.498319,0.0,-3.139648,0.2,0.1226,0.199908,-0.007303,camera_link,20.683334,gnm_closed_loop,,nominal,,True,ok,checkpoints/ablation_mnv2_ema0999/best.pt,4.74,0.4426,0.1226,0.1107,0.0034,0.2891,,,gnm_closed_loop,0.2,0.1226,False,0,,isaac_physics_smoke_20260708,,mnv2_ema0999,,,,,,,False,hospital_fresh_short_F,0.1845,True,0.4426,0.1226,0.2,0.1226,True,armed,False,
physeval_ema_F_20260708_172828,659,20.700001,1783528116.139049,0.312213,0.498312,0.0,-3.139642,0.2,0.1226,0.199908,-0.007303,camera_link,20.700001,gnm_closed_loop,,nominal,,True,ok,checkpoints/ablation_mnv2_ema0999/best.pt,4.74,0.4426,0.1226,0.1107,0.0034,0.2891,,,gnm_closed_loop,0.2,0.1226,False,0,,isaac_physics_smoke_20260708,,mnv2_ema0999,,,,,,,False,hospital_fresh_short_F,0.1878,True,0.4426,0.1226,0.2,0.1226,True,armed,False,
physeval_ema_F_20260708_172828,660,20.716668,1783528116.153727,0.308888,0.498306,0.0,-3.139637,0.2,0.1187,0.199911,-0.007941,camera_link,20.716668,gnm_closed_loop,,nominal,,True,ok,checkpoints/ablation_mnv2_ema0999/best.pt,4.69,0.4555,0.1187,0.1139,0.0034,0.2871,,,gnm_closed_loop,0.2,0.1187,False,0,,isaac_physics_smoke_20260708,,mnv2_ema0999,,,,,,,False,hospital_fresh_short_F,0.1911,True,0.4555,0.1187,0.2,0.1187,True,armed,False,
physeval_ema_F_20260708_172828,661,20.733334,1783528116.156363,0.305563,0.4983,0.0,-3.139631,0.2,0.1187,0.199911,-0.007941,camera_link,20.733334,gnm_closed_loop,,nominal,,True,ok,checkpoints/ablation_mnv2_ema0999/best.pt,4.69,0.4555,0.1187,0.1139,0.0034,0.2871,,,gnm_closed_loop,0.2,0.1187,False,0,,isaac_physics_smoke_20260708,,mnv2_ema0999,,,,,,,False,hospital_fresh_short_F,0.1944,True,0.4555,0.1187,0.2,0.1187,True,armed,False,
physeval_ema_F_20260708_172828,662,20.750001,1783528116.158943,0.302238,0.498294,0.0,-3.139625,0.2,0.1187,0.199911,-0.007941,camera_link,20.750001,gnm_closed_loop,,nominal,,True,ok,checkpoints/ablation_mnv2_ema0999/best.pt,4.69,0.4555,0.1187,0.1139,0.0034,0.2871,,,gnm_closed_loop,0.2,0.1187,False,0,,isaac_physics_smoke_20260708,,mnv2_ema0999,,,,,,,False,hospital_fresh_short_F,0.1978,True,0.4555,0.1187,0.2,0.1187,True,armed,False,
physeval_ema_F_20260708_172828,663,20.766668,1783528116.174829,0.298913,0.498287,0.0,-3.13962,0.2,0.1095,0.199917,-0.007235,camera_link,20.766668,gnm_closed_loop,,nominal,,True,ok,checkpoints/ablation_mnv2_ema0999/best.pt,4.07,0.4727,0.1095,0.1182,0.0032,0.2862,,,gnm_closed_loop,0.2,0.1095,False,0,,isaac_physics_smoke_20260708,,mnv2_ema0999,,,,,,,False,hospital_fresh_short_F,0.2011,True,0.4727,0.1095,0.2,0.1095,True,armed,False,
physeval_ema_F_20260708_172828,664,20.783334,1783528116.177501,0.295588,0.498281,0.0,-3.139615,0.2,0.1095,0.199917,-0.007235,camera_link,20.783334,gnm_closed_loop,,nominal,,True,ok,checkpoints/ablation_mnv2_ema0999/best.pt,4.07,0.4727,0.1095,0.1182,0.0032,0.2862,,,gnm_closed_loop,0.2,0.1095,False,0,,isaac_physics_smoke_20260708,,mnv2_ema0999,,,,,,,False,hospital_fresh_short_F,0.2044,True,0.4727,0.1095,0.2,0.1095,True,armed,False,
physeval_ema_F_20260708_172828,665,20.800001,1783528116.179471,0.292264,0.498275,0.0,-3.139611,0.2,0.1095,0.199917,-0.007235,camera_link,20.800001,gnm_closed_loop,,nominal,,True,ok,checkpoints/ablation_mnv2_ema0999/best.pt,4.07,0.4727,0.1095,0.1182,0.0032,0.2862,,,gnm_closed_loop,0.2,0.1095,False,0,,isaac_physics_smoke_20260708,,mnv2_ema0999,,,,,,,False,hospital_fresh_short_F,0.2077,True,0.4727,0.1095,0.2,0.1095,True,armed,False,
physeval_ema_F_20260708_172828,666,20.816668,1783528116.195745,0.288939,0.498268,0.0,-3.139606,0.2,0.1014,0.19991,-0.006457,camera_link,20.816668,gnm_closed_loop,,nominal,,True,ok,checkpoints/ablation_mnv2_ema0999/best.pt,4.94,0.4862,0.1014,0.1215,0.0031,0.2783,,,gnm_closed_loop,0.2,0.1014,False,0,,isaac_physics_smoke_20260708,,mnv2_ema0999,,,,,,,False,hospital_fresh_short_F,0.2111,True,0.4862,0.1014,0.2,0.1014,True,armed,False,
physeval_ema_F_20260708_172828,667,20.833334,1783528116.198438,0.285614,0.498262,0.0,-3.139602,0.2,0.1014,0.19991,-0.006457,camera_link,20.833334,gnm_closed_loop,,nominal,,True,ok,checkpoints/ablation_mnv2_ema0999/best.pt,4.94,0.4862,0.1014,0.1215,0.0031,0.2783,,,gnm_closed_loop,0.2,0.1014,False,0,,isaac_physics_smoke_20260708,,mnv2_ema0999,,,,,,,False,hospital_fresh_short_F,0.2144,True,0.4862,0.1014,0.2,0.1014,True,armed,False,
physeval_ema_F_20260708_172828,668,20.850001,1783528116.200372,0.282289,0.498255,0.0,-3.139598,0.2,0.1014,0.19991,-0.006457,camera_link,20.850001,gnm_closed_loop,,nominal,,True,ok,checkpoints/ablation_mnv2_ema0999/best.pt,4.94,0.4862,0.1014,0.1215,0.0031,0.2783,,,gnm_closed_loop,0.2,0.1014,False,0,,isaac_physics_smoke_20260708,,mnv2_ema0999,,,,,,,False,hospital_fresh_short_F,0.2177,True,0.4862,0.1014,0.2,0.1014,True,armed,False,
physeval_ema_F_20260708_172828,669,20.866668,1783528116.21671,0.278964,0.498249,0.0,-3.139594,0.2,0.0955,0.199918,-0.006343,camera_link,20.866668,gnm_closed_loop,,nominal,,True,ok,checkpoints/ablation_mnv2_ema0999/best.pt,4.58,0.4769,0.0955,0.1192,0.0028,0.2776,,,gnm_closed_loop,0.2,0.0955,False,0,,isaac_physics_smoke_20260708,,mnv2_ema0999,,,,,,,False,hospital_fresh_short_F,0.221,True,0.4769,0.0955,0.2,0.0955,True,armed,False,
physeval_ema_F_20260708_172828,670,20.883334,1783528116.218947,0.275639,0.498243,0.0,-3.13959,0.2,0.0955,0.199918,-0.006343,camera_link,20.883334,gnm_closed_loop,,nominal,,True,ok,checkpoints/ablation_mnv2_ema0999/best.pt,4.58,0.4769,0.0955,0.1192,0.0028,0.2776,,,gnm_closed_loop,0.2,0.0955,False,0,,isaac_physics_smoke_20260708,,mnv2_ema0999,,,,,,,False,hospital_fresh_short_F,0.2244,True,0.4769,0.0955,0.2,0.0955,True,armed,False,
physeval_ema_F_20260708_172828,671,20.900001,1783528116.220967,0.272314,0.498236,0.0,-3.139586,0.2,0.0955,0.199918,-0.006343,camera_link,20.900001,gnm_closed_loop,,nominal,,True,ok,checkpoints/ablation_mnv2_ema0999/best.pt,4.58,0.4769,0.0955,0.1192,0.0028,0.2776,,,gnm_closed_loop,0.2,0.0955,False,0,,isaac_physics_smoke_20260708,,mnv2_ema0999,,,,,,,False,hospital_fresh_short_F,0.2277,True,0.4769,0.0955,0.2,0.0955,True,armed,False,
physeval_ema_F_20260708_172828,672,20.916668,1783528116.23502,0.26899,0.49823,0.0,-3.139582,0.2,0.0853,0.199915,-0.005907,camera_link,20.916668,gnm_closed_loop,,nominal,,True,ok,checkpoints/ablation_mnv2_ema0999/best.pt,4.51,0.4859,0.0853,0.1215,0.0026,0.2755,,,gnm_closed_loop,0.2,0.0853,False,0,,isaac_physics_smoke_20260708,,mnv2_ema0999,,,,,,,False,hospital_fresh_short_F,0.231,True,0.4859,0.0853,0.2,0.0853,True,armed,False,
physeval_ema_F_20260708_172828,673,20.933334,1783528116.237768,0.265665,0.498223,0.0,-3.139579,0.2,0.0853,0.199915,-0.005907,camera_link,20.933334,gnm_closed_loop,,nominal,,True,ok,checkpoints/ablation_mnv2_ema0999/best.pt,4.51,0.4859,0.0853,0.1215,0.0026,0.2755,,,gnm_closed_loop,0.2,0.0853,False,0,,isaac_physics_smoke_20260708,,mnv2_ema0999,,,,,,,False,hospital_fresh_short_F,0.2343,True,0.4859,0.0853,0.2,0.0853,True,armed,False,
physeval_ema_F_20260708_172828,674,20.950001,1783528116.239793,0.26234,0.498217,0.0,-3.139576,0.2,0.0853,0.199915,-0.005907,camera_link,20.950001,gnm_closed_loop,,nominal,,True,ok,checkpoints/ablation_mnv2_ema0999/best.pt,4.51,0.4859,0.0853,0.1215,0.0026,0.2755,,,gnm_closed_loop,0.2,0.0853,False,0,,isaac_physics_smoke_20260708,,mnv2_ema0999,,,,,,,False,hospital_fresh_short_F,0.2377,True,0.4859,0.0853,0.2,0.0853,True,armed,False,
physeval_ema_F_20260708_172828,675,20.966668,1783528116.258029,0.259015,0.49821,0.0,-3.139572,0.2,0.0941,0.199906,-0.005307,camera_link,20.966668,gnm_closed_loop,,nominal,,True,ok,checkpoints/ablation_mnv2_ema0999/best.pt,4.32,0.4718,0.0941,0.118,0.0028,0.2787,,,gnm_closed_loop,0.2,0.0941,False,0,,isaac_physics_smoke_20260708,,mnv2_ema0999,,,,,,,False,hospital_fresh_short_F,0.241,True,0.4718,0.0941,0.2,0.0941,True,armed,False,
physeval_ema_F_20260708_172828,676,20.983334,1783528116.261034,0.255691,0.498204,0.0,-3.139568,0.2,0.0941,0.199906,-0.005307,camera_link,20.983334,gnm_closed_loop,,nominal,,True,ok,checkpoints/ablation_mnv2_ema0999/best.pt,4.32,0.4718,0.0941,0.118,0.0028,0.2787,,,gnm_closed_loop,0.2,0.0941,False,0,,isaac_physics_smoke_20260708,,mnv2_ema0999,,,,,,,False,hospital_fresh_short_F,0.2443,True,0.4718,0.0941,0.2,0.0941,True,armed,False,
physeval_ema_F_20260708_172828,677,21.000001,1783528116.263006,0.252366,0.498197,0.0,-3.139565,0.2,0.0941,0.199906,-0.005307,camera_link,21.000001,gnm_closed_loop,,nominal,,True,ok,checkpoints/ablation_mnv2_ema0999/best.pt,4.32,0.4718,0.0941,0.118,0.0028,0.2787,,,gnm_closed_loop,0.2,0.0941,False,0,,isaac_physics_smoke_20260708,,mnv2_ema0999,,,,,,,False,hospital_fresh_short_F,0.2476,True,0.4718,0.0941,0.2,0.0941,True,armed,False,
physeval_ema_F_20260708_172828,678,21.016668,1783528116.279271,0.249041,0.49819,0.0,-3.139561,0.2,0.1013,0.199903,-0.005501,camera_link,21.016668,gnm_closed_loop,,nominal,,True,ok,checkpoints/ablation_mnv2_ema0999/best.pt,5.45,0.4423,0.1013,0.1106,0.0028,0.276,,,gnm_closed_loop,0.2,0.1013,False,0,,isaac_physics_smoke_20260708,,mnv2_ema0999,,,,,,,False,hospital_fresh_short_F,0.251,True,0.4423,0.1013,0.2,0.1013,True,armed,False,
physeval_ema_F_20260708_172828,679,21.033334,1783528116.281609,0.245717,0.498184,0.0,-3.139557,0.2,0.1013,0.199903,-0.005501,camera_link,21.033334,gnm_closed_loop,,nominal,,True,ok,checkpoints/ablation_mnv2_ema0999/best.pt,5.45,0.4423,0.1013,0.1106,0.0028,0.276,,,gnm_closed_loop,0.2,0.1013,False,0,,isaac_physics_smoke_20260708,,mnv2_ema0999,,,,,,,False,hospital_fresh_short_F,0.2543,True,0.4423,0.1013,0.2,0.1013,True,armed,False,
physeval_ema_F_20260708_172828,680,21.050001,1783528116.283522,0.242392,0.498177,0.0,-3.139553,0.2,0.1013,0.199903,-0.005501,camera_link,21.050001,gnm_closed_loop,,nominal,,True,ok,checkpoints/ablation_mnv2_ema0999/best.pt,5.45,0.4423,0.1013,0.1106,0.0028,0.276,,,gnm_closed_loop,0.2,0.1013,False,0,,isaac_physics_smoke_20260708,,mnv2_ema0999,,,,,,,False,hospital_fresh_short_F,0.2576,True,0.4423,0.1013,0.2,0.1013,True,armed,False,
physeval_ema_F_20260708_172828,681,21.066668,1783528116.298547,0.239067,0.498171,0.0,-3.139549,0.2,0.1064,0.199913,-0.006106,camera_link,21.066668,gnm_closed_loop,,nominal,,True,ok,checkpoints/ablation_mnv2_ema0999/best.pt,4.5,0.4219,0.1064,0.1055,0.0028,0.2739,,,gnm_closed_loop,0.2,0.1064,False,0,,isaac_physics_smoke_20260708,,mnv2_ema0999,,,,,,,False,hospital_fresh_short_F,0.2609,True,0.4219,0.1064,0.2,0.1064,True,armed,False,
physeval_ema_F_20260708_172828,682,21.083334,1783528116.300941,0.235742,0.498164,0.0,-3.139545,0.2,0.1064,0.199913,-0.006106,camera_link,21.083334,gnm_closed_loop,,nominal,,True,ok,checkpoints/ablation_mnv2_ema0999/best.pt,4.5,0.4219,0.1064,0.1055,0.0028,0.2739,,,gnm_closed_loop,0.2,0.1064,False,0,,isaac_physics_smoke_20260708,,mnv2_ema0999,,,,,,,False,hospital_fresh_short_F,0.2643,True,0.4219,0.1064,0.2,0.1064,True,armed,False,
physeval_ema_F_20260708_172828,683,21.100001,1783528116.303522,0.232417,0.498157,0.0,-3.13954,0.2,0.1064,0.199913,-0.006106,camera_link,21.100001,gnm_closed_loop,,nominal,,True,ok,checkpoints/ablation_mnv2_ema0999/best.pt,4.5,0.4219,0.1064,0.1055,0.0028,0.2739,,,gnm_closed_loop,0.2,0.1064,False,0,,isaac_physics_smoke_20260708,,mnv2_ema0999,,,,,,,False,hospital_fresh_short_F,0.2676,True,0.4219,0.1064,0.2,0.1064,True,armed,False,
physeval_ema_F_20260708_172828,684,21.116668,1783528116.319459,0.229093,0.498151,0.0,-3.139536,0.2,0.0964,0.199915,-0.006218,camera_link,21.116668,gnm_closed_loop,,nominal,,True,ok,checkpoints/ablation_mnv2_ema0999/best.pt,4.61,0.4343,0.0964,0.1086,0.0026,0.2744,,,gnm_closed_loop,0.2,0.0964,False,0,,isaac_physics_smoke_20260708,,mnv2_ema0999,,,,,,,False,hospital_fresh_short_F,0.2709,True,0.4343,0.0964,0.2,0.0964,True,armed,False,
physeval_ema_F_20260708_172828,685,21.133334,1783528116.322213,0.225768,0.498144,0.0,-3.139532,0.2,0.0964,0.199915,-0.006218,camera_link,21.133334,gnm_closed_loop,,nominal,,True,ok,checkpoints/ablation_mnv2_ema0999/best.pt,4.61,0.4343,0.0964,0.1086,0.0026,0.2744,,,gnm_closed_loop,0.2,0.0964,False,0,,isaac_physics_smoke_20260708,,mnv2_ema0999,,,,,,,False,hospital_fresh_short_F,0.2742,True,0.4343,0.0964,0.2,0.0964,True,armed,False,
physeval_ema_F_20260708_172828,686,21.150001,1783528116.324107,0.222443,0.498137,0.0,-3.139528,0.2,0.0964,0.199915,-0.006218,camera_link,21.150001,gnm_closed_loop,,nominal,,True,ok,checkpoints/ablation_mnv2_ema0999/best.pt,4.61,0.4343,0.0964,0.1086,0.0026,0.2744,,,gnm_closed_loop,0.2,0.0964,False,0,,isaac_physics_smoke_20260708,,mnv2_ema0999,,,,,,,False,hospital_fresh_short_F,0.2776,True,0.4343,0.0964,0.2,0.0964,True,armed,False,
physeval_ema_F_20260708_172828,687,21.166668,1783528116.338701,0.219118,0.498131,0.0,-3.139525,0.2,0.0906,0.199906,-0.005686,camera_link,21.166668,gnm_closed_loop,,nominal,,True,ok,checkpoints/ablation_mnv2_ema0999/best.pt,4.32,0.4675,0.0906,0.1169,0.0026,0.2759,,,gnm_closed_loop,0.2,0.0906,False,0,,isaac_physics_smoke_20260708,,mnv2_ema0999,,,,,,,False,hospital_fresh_short_F,0.2809,True,0.4675,0.0906,0.2,0.0906,True,armed,False,
physeval_ema_F_20260708_172828,688,21.183334,1783528116.340944,0.215793,0.498124,0.0,-3.139521,0.2,0.0906,0.199906,-0.005686,camera_link,21.183334,gnm_closed_loop,,nominal,,True,ok,checkpoints/ablation_mnv2_ema0999/best.pt,4.32,0.4675,0.0906,0.1169,0.0026,0.2759,,,gnm_closed_loop,0.2,0.0906,False,0,,isaac_physics_smoke_20260708,,mnv2_ema0999,,,,,,,False,hospital_fresh_short_F,0.2842,True,0.4675,0.0906,0.2,0.0906,True,armed,False,
physeval_ema_F_20260708_172828,689,21.200001,1783528116.343034,0.212469,0.498117,0.0,-3.139517,0.2,0.0906,0.199906,-0.005686,camera_link,21.200001,gnm_closed_loop,,nominal,,True,ok,checkpoints/ablation_mnv2_ema0999/best.pt,4.32,0.4675,0.0906,0.1169,0.0026,0.2759,,,gnm_closed_loop,0.2,0.0906,False,0,,isaac_physics_smoke_20260708,,mnv2_ema0999,,,,,,,False,hospital_fresh_short_F,0.2875,True,0.4675,0.0906,0.2,0.0906,True,armed,False,
physeval_ema_F_20260708_172828,690,21.216668,1783528116.359274,0.209144,0.498111,0.0,-3.139514,0.2,0.0858,0.199895,-0.00546,camera_link,21.216668,gnm_closed_loop,,nominal,,True,ok,checkpoints/ablation_mnv2_ema0999/best.pt,5.76,0.4936,0.0858,0.1234,0.0026,0.2795,,,gnm_closed_loop,0.2,0.0858,False,0,,isaac_physics_smoke_20260708,,mnv2_ema0999,,,,,,,False,hospital_fresh_short_F,0.2909,True,0.4936,0.0858,0.2,0.0858,True,armed,False,
physeval_ema_F_20260708_172828,691,21.233334,1783528116.361727,0.205819,0.498104,0.0,-3.13951,0.2,0.0858,0.199895,-0.00546,camera_link,21.233334,gnm_closed_loop,,nominal,,True,ok,checkpoints/ablation_mnv2_ema0999/best.pt,5.76,0.4936,0.0858,0.1234,0.0026,0.2795,,,gnm_closed_loop,0.2,0.0858,False,0,,isaac_physics_smoke_20260708,,mnv2_ema0999,,,,,,,False,hospital_fresh_short_F,0.2942,True,0.4936,0.0858,0.2,0.0858,True,armed,False,
physeval_ema_F_20260708_172828,692,21.250001,1783528116.363661,0.202494,0.498097,0.0,-3.139508,0.2,0.0858,0.199895,-0.00546,camera_link,21.250001,gnm_closed_loop,,nominal,,True,ok,checkpoints/ablation_mnv2_ema0999/best.pt,5.76,0.4936,0.0858,0.1234,0.0026,0.2795,,,gnm_closed_loop,0.2,0.0858,False,0,,isaac_physics_smoke_20260708,,mnv2_ema0999,,,,,,,False,hospital_fresh_short_F,0.2975,True,0.4936,0.0858,0.2,0.0858,True,armed,False,
physeval_ema_F_20260708_172828,693,21.266668,1783528116.378894,0.19917,0.498091,0.0,-3.139504,0.2,0.0731,0.199893,-0.004908,camera_link,21.266668,gnm_closed_loop,,nominal,,True,ok,checkpoints/ablation_mnv2_ema0999/best.pt,4.79,0.51,0.0731,0.1275,0.0023,0.2842,,,gnm_closed_loop,0.2,0.0731,False,0,,isaac_physics_smoke_20260708,,mnv2_ema0999,,,,,,,False,hospital_fresh_short_F,0.3008,True,0.51,0.0731,0.2,0.0731,True,armed,False,
physeval_ema_F_20260708_172828,694,21.283334,1783528116.382532,0.195845,0.498084,0.0,-3.139502,0.2,0.0731,0.199893,-0.004908,camera_link,21.283334,gnm_closed_loop,,nominal,,True,ok,checkpoints/ablation_mnv2_ema0999/best.pt,4.79,0.51,0.0731,0.1275,0.0023,0.2842,,,gnm_closed_loop,0.2,0.0731,False,0,,isaac_physics_smoke_20260708,,mnv2_ema0999,,,,,,,False,hospital_fresh_short_F,0.3042,True,0.51,0.0731,0.2,0.0731,True,armed,False,
physeval_ema_F_20260708_172828,695,21.300001,1783528116.384567,0.19252,0.498077,0.0,-3.139499,0.2,0.0731,0.199893,-0.004908,camera_link,21.300001,gnm_closed_loop,,nominal,,True,ok,checkpoints/ablation_mnv2_ema0999/best.pt,4.79,0.51,0.0731,0.1275,0.0023,0.2842,,,gnm_closed_loop,0.2,0.0731,False,0,,isaac_physics_smoke_20260708,,mnv2_ema0999,,,,,,,False,hospital_fresh_short_F,0.3075,True,0.51,0.0731,0.2,0.0731,True,armed,False,
physeval_ema_F_20260708_172828,696,21.316668,1783528116.404195,0.189195,0.49807,0.0,-3.139497,0.2,0.0803,0.199895,-0.003776,camera_link,21.316668,gnm_closed_loop,,nominal,,True,ok,checkpoints/ablation_mnv2_ema0999/best.pt,5.36,0.4854,0.0803,0.1213,0.0024,0.286,,,gnm_closed_loop,0.2,0.0803,False,0,,isaac_physics_smoke_20260708,,mnv2_ema0999,,,,,,,False,hospital_fresh_short_F,0.3108,True,0.4854,0.0803,0.2,0.0803,True,armed,False,
physeval_ema_F_20260708_172828,697,21.333334,1783528116.406823,0.18587,0.498063,0.0,-3.139494,0.2,0.0803,0.199895,-0.003776,camera_link,21.333334,gnm_closed_loop,,nominal,,True,ok,checkpoints/ablation_mnv2_ema0999/best.pt,5.36,0.4854,0.0803,0.1213,0.0024,0.286,,,gnm_closed_loop,0.2,0.0803,False,0,,isaac_physics_smoke_20260708,,mnv2_ema0999,,,,,,,False,hospital_fresh_short_F,0.3141,True,0.4854,0.0803,0.2,0.0803,True,armed,False,
physeval_ema_F_20260708_172828,698,21.350001,1783528116.40874,0.182546,0.498056,0.0,-3.139491,0.2,0.0803,0.199895,-0.003776,camera_link,21.350001,gnm_closed_loop,,nominal,,True,ok,checkpoints/ablation_mnv2_ema0999/best.pt,5.36,0.4854,0.0803,0.1213,0.0024,0.286,,,gnm_closed_loop,0.2,0.0803,False,0,,isaac_physics_smoke_20260708,,mnv2_ema0999,,,,,,,False,hospital_fresh_short_F,0.3175,True,0.4854,0.0803,0.2,0.0803,True,armed,False,
physeval_ema_F_20260708_172828,699,21.366668,1783528116.427865,0.179221,0.49805,0.0,-3.139488,0.2,0.0815,0.199905,-0.004971,camera_link,21.366668,gnm_closed_loop,,nominal,,True,ok,checkpoints/ablation_mnv2_ema0999/best.pt,6.45,0.4756,0.0815,0.1189,0.0024,0.2834,,,gnm_closed_loop,0.2,0.0815,False,0,,isaac_physics_smoke_20260708,,mnv2_ema0999,,,,,,,False,hospital_fresh_short_F,0.3208,True,0.4756,0.0815,0.2,0.0815,True,armed,False,
physeval_ema_F_20260708_172828,700,21.383334,1783528116.431075,0.175896,0.498043,0.0,-3.139485,0.2,0.0815,0.199905,-0.004971,camera_link,21.383334,gnm_closed_loop,,nominal,,True,ok,checkpoints/ablation_mnv2_ema0999/best.pt,6.45,0.4756,0.0815,0.1189,0.0024,0.2834,,,gnm_closed_loop,0.2,0.0815,False,0,,isaac_physics_smoke_20260708,,mnv2_ema0999,,,,,,,False,hospital_fresh_short_F,0.3241,True,0.4756,0.0815,0.2,0.0815,True,armed,False,
physeval_ema_F_20260708_172828,701,21.400001,1783528116.433115,0.172571,0.498036,0.0,-3.139482,0.2,0.0815,0.199905,-0.004971,camera_link,21.400001,gnm_closed_loop,,nominal,,True,ok,checkpoints/ablation_mnv2_ema0999/best.pt,6.45,0.4756,0.0815,0.1189,0.0024,0.2834,,,gnm_closed_loop,0.2,0.0815,False,0,,isaac_physics_smoke_20260708,,mnv2_ema0999,,,,,,,False,hospital_fresh_short_F,0.3274,True,0.4756,0.0815,0.2,0.0815,True,armed,False,
physeval_ema_F_20260708_172828,702,21.416668,1783528116.451541,0.169246,0.498029,0.0,-3.139479,0.2,0.0722,0.199896,-0.004909,camera_link,21.416668,gnm_closed_loop,,nominal,,True,ok,checkpoints/ablation_mnv2_ema0999/best.pt,5.04,0.5115,0.0722,0.1279,0.0023,0.2772,,,gnm_closed_loop,0.2,0.0722,False,0,,isaac_physics_smoke_20260708,,mnv2_ema0999,,,,,,,False,hospital_fresh_short_F,0.3308,True,0.5115,0.0722,0.2,0.0722,True,armed,False,
physeval_ema_F_20260708_172828,703,21.433334,1783528116.454062,0.165922,0.498022,0.0,-3.139476,0.2,0.0722,0.199896,-0.004909,camera_link,21.433334,gnm_closed_loop,,nominal,,True,ok,checkpoints/ablation_mnv2_ema0999/best.pt,5.04,0.5115,0.0722,0.1279,0.0023,0.2772,,,gnm_closed_loop,0.2,0.0722,False,0,,isaac_physics_smoke_20260708,,mnv2_ema0999,,,,,,,False,hospital_fresh_short_F,0.3341,True,0.5115,0.0722,0.2,0.0722,True,armed,False,
physeval_ema_F_20260708_172828,704,21.450001,1783528116.456091,0.162597,0.498015,-0.0,-3.139473,0.2,0.0722,0.199896,-0.004909,camera_link,21.450001,gnm_closed_loop,,nominal,,True,ok,checkpoints/ablation_mnv2_ema0999/best.pt,5.04,0.5115,0.0722,0.1279,0.0023,0.2772,,,gnm_closed_loop,0.2,0.0722,False,0,,isaac_physics_smoke_20260708,,mnv2_ema0999,,,,,,,False,hospital_fresh_short_F,0.3374,True,0.5115,0.0722,0.2,0.0722,True,armed,False,
physeval_ema_F_20260708_172828,705,21.466668,1783528116.4743,0.159272,0.498008,-0.0,-3.139471,0.2,0.0839,0.199895,-0.004522,camera_link,21.466668,gnm_closed_loop,,nominal,,True,ok,checkpoints/ablation_mnv2_ema0999/best.pt,4.51,0.457,0.0839,0.1142,0.0024,0.2721,,,gnm_closed_loop,0.2,0.0839,False,0,,isaac_physics_smoke_20260708,,mnv2_ema0999,,,,,,,False,hospital_fresh_short_F,0.3407,True,0.457,0.0839,0.2,0.0839,True,armed,False,
physeval_ema_F_20260708_172828,706,21.483334,1783528116.478216,0.155947,0.498002,-0.0,-3.139468,0.2,0.0839,0.199895,-0.004522,camera_link,21.483334,gnm_closed_loop,,nominal,,True,ok,checkpoints/ablation_mnv2_ema0999/best.pt,4.51,0.457,0.0839,0.1142,0.0024,0.2721,,,gnm_closed_loop,0.2,0.0839,False,0,,isaac_physics_smoke_20260708,,mnv2_ema0999,,,,,,,False,hospital_fresh_short_F,0.3441,True,0.457,0.0839,0.2,0.0839,True,armed,False,
physeval_ema_F_20260708_172828,707,21.500001,1783528116.481453,0.152623,0.497995,-0.0,-3.139465,0.2,0.0839,0.199895,-0.004522,camera_link,21.500001,gnm_closed_loop,,nominal,,True,ok,checkpoints/ablation_mnv2_ema0999/best.pt,4.51,0.457,0.0839,0.1142,0.0024,0.2721,,,gnm_closed_loop,0.2,0.0839,False,0,,isaac_physics_smoke_20260708,,mnv2_ema0999,,,,,,,False,hospital_fresh_short_F,0.3474,True,0.457,0.0839,0.2,0.0839,True,armed,False,
physeval_ema_F_20260708_172828,708,21.516668,1783528116.498591,0.149298,0.497988,0.0,-3.139461,0.2,0.0995,0.199886,-0.00421,camera_link,21.516668,gnm_closed_loop,,nominal,,True,ok,checkpoints/ablation_mnv2_ema0999/best.pt,4.54,0.4273,0.0995,0.1068,0.0027,0.2704,,,gnm_closed_loop,0.2,0.0995,False,0,,isaac_physics_smoke_20260708,,mnv2_ema0999,,,,,,,False,hospital_fresh_short_F,0.3507,True,0.4273,0.0995,0.2,0.0995,True,armed,False,
physeval_ema_F_20260708_172828,709,21.533334,1783528116.501556,0.145973,0.497981,-0.0,-3.139457,0.2,0.0995,0.199886,-0.00421,camera_link,21.533334,gnm_closed_loop,,nominal,,True,ok,checkpoints/ablation_mnv2_ema0999/best.pt,4.54,0.4273,0.0995,0.1068,0.0027,0.2704,,,gnm_closed_loop,0.2,0.0995,False,0,,isaac_physics_smoke_20260708,,mnv2_ema0999,,,,,,,False,hospital_fresh_short_F,0.354,True,0.4273,0.0995,0.2,0.0995,True,armed,False,
physeval_ema_F_20260708_172828,710,21.550001,1783528116.503857,0.142648,0.497974,0.0,-3.139454,0.2,0.0995,0.199886,-0.00421,camera_link,21.550001,gnm_closed_loop,,nominal,,True,ok,checkpoints/ablation_mnv2_ema0999/best.pt,4.54,0.4273,0.0995,0.1068,0.0027,0.2704,,,gnm_closed_loop,0.2,0.0995,False,0,,isaac_physics_smoke_20260708,,mnv2_ema0999,,,,,,,False,hospital_fresh_short_F,0.3574,True,0.4273,0.0995,0.2,0.0995,True,armed,False,
physeval_ema_F_20260708_172828,711,21.566668,1783528116.520525,0.139323,0.497967,0.0,-3.139449,0.2,0.1129,0.199938,-0.006169,camera_link,21.566668,gnm_closed_loop,,nominal,,True,ok,checkpoints/ablation_mnv2_ema0999/best.pt,4.23,0.4229,0.1129,0.1057,0.003,0.2719,,,gnm_closed_loop,0.2,0.1129,False,0,,isaac_physics_smoke_20260708,,mnv2_ema0999,,,,,,,False,hospital_fresh_short_F,0.3607,True,0.4229,0.1129,0.2,0.1129,True,armed,False,
physeval_ema_F_20260708_172828,712,21.583334,1783528116.52364,0.135999,0.49796,0.0,-3.139444,0.2,0.1129,0.199938,-0.006169,camera_link,21.583334,gnm_closed_loop,,nominal,,True,ok,checkpoints/ablation_mnv2_ema0999/best.pt,4.23,0.4229,0.1129,0.1057,0.003,0.2719,,,gnm_closed_loop,0.2,0.1129,False,0,,isaac_physics_smoke_20260708,,mnv2_ema0999,,,,,,,False,hospital_fresh_short_F,0.364,True,0.4229,0.1129,0.2,0.1129,True,armed,False,
physeval_ema_F_20260708_172828,713,21.600001,1783528116.525785,0.132674,0.497953,0.0,-3.13944,0.2,0.1129,0.199938,-0.006169,camera_link,21.600001,gnm_closed_loop,,nominal,,True,ok,checkpoints/ablation_mnv2_ema0999/best.pt,4.23,0.4229,0.1129,0.1057,0.003,0.2719,,,gnm_closed_loop,0.2,0.1129,False,0,,isaac_physics_smoke_20260708,,mnv2_ema0999,,,,,,,False,hospital_fresh_short_F,0.3673,True,0.4229,0.1129,0.2,0.1129,True,armed,False,
physeval_ema_F_20260708_172828,714,21.616668,1783528116.541441,0.129349,0.497946,0.0,-3.139434,0.2,0.1189,0.1999,-0.006611,camera_link,21.616668,gnm_closed_loop,,nominal,,True,ok,checkpoints/ablation_mnv2_ema0999/best.pt,4.47,0.4343,0.1189,0.1086,0.0032,0.2717,,,gnm_closed_loop,0.2,0.1189,False,0,,isaac_physics_smoke_20260708,,mnv2_ema0999,,,,,,,False,hospital_fresh_short_F,0.3707,True,0.4343,0.1189,0.2,0.1189,True,armed,False,
physeval_ema_F_20260708_172828,715,21.633334,1783528116.54412,0.126024,0.497939,0.0,-3.139429,0.2,0.1189,0.1999,-0.006611,camera_link,21.633334,gnm_closed_loop,,nominal,,True,ok,checkpoints/ablation_mnv2_ema0999/best.pt,4.47,0.4343,0.1189,0.1086,0.0032,0.2717,,,gnm_closed_loop,0.2,0.1189,False,0,,isaac_physics_smoke_20260708,,mnv2_ema0999,,,,,,,False,hospital_fresh_short_F,0.374,True,0.4343,0.1189,0.2,0.1189,True,armed,False,
physeval_ema_F_20260708_172828,716,21.650001,1783528116.5462,0.122699,0.497932,0.0,-3.139424,0.2,0.1189,0.1999,-0.006611,camera_link,21.650001,gnm_closed_loop,,nominal,,True,ok,checkpoints/ablation_mnv2_ema0999/best.pt,4.47,0.4343,0.1189,0.1086,0.0032,0.2717,,,gnm_closed_loop,0.2,0.1189,False,0,,isaac_physics_smoke_20260708,,mnv2_ema0999,,,,,,,False,hospital_fresh_short_F,0.3773,True,0.4343,0.1189,0.2,0.1189,True,armed,False,
physeval_ema_F_20260708_172828,717,21.666668,1783528116.561821,0.119374,0.497925,0.0,-3.139418,0.2,0.1486,0.199948,-0.007655,camera_link,21.666668,gnm_closed_loop,,nominal,,True,ok,checkpoints/ablation_mnv2_ema0999/best.pt,4.48,0.3821,0.1486,0.0955,0.0036,0.2711,,,gnm_closed_loop,0.2,0.1486,False,0,,isaac_physics_smoke_20260708,,mnv2_ema0999,,,,,,,False,hospital_fresh_short_F,0.3806,True,0.3821,0.1486,0.2,0.1486,True,armed,False,
physeval_ema_F_20260708_172828,718,21.683334,1783528116.564394,0.116048,0.497918,0.0,-3.139411,0.2,0.1486,0.199948,-0.007655,camera_link,21.683334,gnm_closed_loop,,nominal,,True,ok,checkpoints/ablation_mnv2_ema0999/best.pt,4.48,0.3821,0.1486,0.0955,0.0036,0.2711,,,gnm_closed_loop,0.2,0.1486,False,0,,isaac_physics_smoke_20260708,,mnv2_ema0999,,,,,,,False,hospital_fresh_short_F,0.384,True,0.3821,0.1486,0.2,0.1486,True,armed,False,
physeval_ema_F_20260708_172828,719,21.700001,1783528116.566448,0.112723,0.497911,0.0,-3.139403,0.2,0.1486,0.199948,-0.007655,camera_link,21.700001,gnm_closed_loop,,nominal,,True,ok,checkpoints/ablation_mnv2_ema0999/best.pt,4.48,0.3821,0.1486,0.0955,0.0036,0.2711,,,gnm_closed_loop,0.2,0.1486,False,0,,isaac_physics_smoke_20260708,,mnv2_ema0999,,,,,,,False,hospital_fresh_short_F,0.3873,True,0.3821,0.1486,0.2,0.1486,True,armed,False,
physeval_ema_F_20260708_172828,720,21.716668,1783528116.582339,0.109398,0.497905,0.0,-3.139395,0.2,0.1412,0.199947,-0.010795,camera_link,21.716668,gnm_closed_loop,,nominal,,True,ok,checkpoints/ablation_mnv2_ema0999/best.pt,4.76,0.3936,0.1412,0.0984,0.0035,0.2787,,,gnm_closed_loop,0.2,0.1412,False,0,,isaac_physics_smoke_20260708,,mnv2_ema0999,,,,,,,False,hospital_fresh_short_F,0.3906,True,0.3936,0.1412,0.2,0.1412,True,armed,False,
physeval_ema_F_20260708_172828,721,21.733334,1783528116.584909,0.106073,0.497898,0.0,-3.139388,0.2,0.1412,0.199947,-0.010795,camera_link,21.733334,gnm_closed_loop,,nominal,,True,ok,checkpoints/ablation_mnv2_ema0999/best.pt,4.76,0.3936,0.1412,0.0984,0.0035,0.2787,,,gnm_closed_loop,0.2,0.1412,False,0,,isaac_physics_smoke_20260708,,mnv2_ema0999,,,,,,,False,hospital_fresh_short_F,0.3939,True,0.3936,0.1412,0.2,0.1412,True,armed,False,
physeval_ema_F_20260708_172828,722,21.750001,1783528116.586923,0.102747,0.497891,0.0,-3.13938,0.2,0.1412,0.199947,-0.010795,camera_link,21.750001,gnm_closed_loop,,nominal,,True,ok,checkpoints/ablation_mnv2_ema0999/best.pt,4.76,0.3936,0.1412,0.0984,0.0035,0.2787,,,gnm_closed_loop,0.2,0.1412,False,0,,isaac_physics_smoke_20260708,,mnv2_ema0999,,,,,,,False,hospital_fresh_short_F,0.3973,True,0.3936,0.1412,0.2,0.1412,True,armed,False,
physeval_ema_F_20260708_172828,723,21.766668,1783528116.602677,0.099422,0.497883,0.0,-3.139374,0.2,0.1164,0.199909,-0.008763,camera_link,21.766668,gnm_closed_loop,,nominal,,True,ok,checkpoints/ablation_mnv2_ema0999/best.pt,4.5,0.4379,0.1164,0.1095,0.0032,0.2852,,,gnm_closed_loop,0.2,0.1164,False,0,,isaac_physics_smoke_20260708,,mnv2_ema0999,,,,,,,False,hospital_fresh_short_F,0.4006,True,0.4379,0.1164,0.2,0.1164,True,armed,False,
physeval_ema_F_20260708_172828,724,21.783334,1783528116.605435,0.096097,0.497876,0.0,-3.139368,0.2,0.1164,0.199909,-0.008763,camera_link,21.783334,gnm_closed_loop,,nominal,,True,ok,checkpoints/ablation_mnv2_ema0999/best.pt,4.5,0.4379,0.1164,0.1095,0.0032,0.2852,,,gnm_closed_loop,0.2,0.1164,False,0,,isaac_physics_smoke_20260708,,mnv2_ema0999,,,,,,,False,hospital_fresh_short_F,0.4039,True,0.4379,0.1164,0.2,0.1164,True,armed,False,
physeval_ema_F_20260708_172828,725,21.800001,1783528116.607562,0.092771,0.497869,0.0,-3.139363,0.2,0.1164,0.199909,-0.008763,camera_link,21.800001,gnm_closed_loop,,nominal,,True,ok,checkpoints/ablation_mnv2_ema0999/best.pt,4.5,0.4379,0.1164,0.1095,0.0032,0.2852,,,gnm_closed_loop,0.2,0.1164,False,0,,isaac_physics_smoke_20260708,,mnv2_ema0999,,,,,,,False,hospital_fresh_short_F,0.4072,True,0.4379,0.1164,0.2,0.1164,True,armed,False,
physeval_ema_F_20260708_172828,726,21.816668,1783528116.623177,0.089446,0.497862,0.0,-3.139357,0.2,0.107,0.199872,-0.006895,camera_link,21.816668,gnm_closed_loop,,nominal,,True,ok,checkpoints/ablation_mnv2_ema0999/best.pt,4.52,0.4578,0.107,0.1144,0.0031,0.2899,,,gnm_closed_loop,0.2,0.107,False,0,,isaac_physics_smoke_20260708,,mnv2_ema0999,,,,,,,False,hospital_fresh_short_F,0.4106,True,0.4578,0.107,0.2,0.107,True,armed,False,
physeval_ema_F_20260708_172828,727,21.833334,1783528116.625775,0.086121,0.497855,0.0,-3.139353,0.2,0.107,0.199872,-0.006895,camera_link,21.833334,gnm_closed_loop,,nominal,,True,ok,checkpoints/ablation_mnv2_ema0999/best.pt,4.52,0.4578,0.107,0.1144,0.0031,0.2899,,,gnm_closed_loop,0.2,0.107,False,0,,isaac_physics_smoke_20260708,,mnv2_ema0999,,,,,,,False,hospital_fresh_short_F,0.4139,True,0.4578,0.107,0.2,0.107,True,armed,False,
physeval_ema_F_20260708_172828,728,21.850001,1783528116.627975,0.082796,0.497848,0.0,-3.139348,0.2,0.107,0.199872,-0.006895,camera_link,21.850001,gnm_closed_loop,,nominal,,True,ok,checkpoints/ablation_mnv2_ema0999/best.pt,4.52,0.4578,0.107,0.1144,0.0031,0.2899,,,gnm_closed_loop,0.2,0.107,False,0,,isaac_physics_smoke_20260708,,mnv2_ema0999,,,,,,,False,hospital_fresh_short_F,0.4172,True,0.4578,0.107,0.2,0.107,True,armed,False,
physeval_ema_F_20260708_172828,729,21.866668,1783528116.643594,0.079471,0.497841,0.0,-3.139344,0.2,0.112,0.199906,-0.005929,camera_link,21.866668,gnm_closed_loop,,nominal,,True,ok,checkpoints/ablation_mnv2_ema0999/best.pt,4.62,0.4398,0.112,0.11,0.0031,0.2882,,,gnm_closed_loop,0.2,0.112,False,0,,isaac_physics_smoke_20260708,,mnv2_ema0999,,,,,,,False,hospital_fresh_short_F,0.4205,True,0.4398,0.112,0.2,0.112,True,armed,False,
physeval_ema_F_20260708_172828,730,21.883334,1783528116.64622,0.076146,0.497833,0.0,-3.13934,0.2,0.112,0.199906,-0.005929,camera_link,21.883334,gnm_closed_loop,,nominal,,True,ok,checkpoints/ablation_mnv2_ema0999/best.pt,4.62,0.4398,0.112,0.11,0.0031,0.2882,,,gnm_closed_loop,0.2,0.112,False,0,,isaac_physics_smoke_20260708,,mnv2_ema0999,,,,,,,False,hospital_fresh_short_F,0.4239,True,0.4398,0.112,0.2,0.112,True,armed,False,
physeval_ema_F_20260708_172828,731,21.900001,1783528116.648233,0.072821,0.497826,0.0,-3.139336,0.2,0.112,0.199906,-0.005929,camera_link,21.900001,gnm_closed_loop,,nominal,,True,ok,checkpoints/ablation_mnv2_ema0999/best.pt,4.62,0.4398,0.112,0.11,0.0031,0.2882,,,gnm_closed_loop,0.2,0.112,False,0,,isaac_physics_smoke_20260708,,mnv2_ema0999,,,,,,,False,hospital_fresh_short_F,0.4272,True,0.4398,0.112,0.2,0.112,True,armed,False,
physeval_ema_F_20260708_172828,732,21.916668,1783528116.663729,0.069496,0.497819,0.0,-3.139331,0.2,0.1304,0.1999,-0.006352,camera_link,21.916668,gnm_closed_loop,,nominal,,True,ok,checkpoints/ablation_mnv2_ema0999/best.pt,4.43,0.402,0.1304,0.1005,0.0033,0.2807,,,gnm_closed_loop,0.2,0.1304,False,0,,isaac_physics_smoke_20260708,,mnv2_ema0999,,,,,,,False,hospital_fresh_short_F,0.4305,True,0.402,0.1304,0.2,0.1304,True,armed,False,
physeval_ema_F_20260708_172828,733,21.933334,1783528116.667669,0.066171,0.497811,0.0,-3.139325,0.2,0.1304,0.1999,-0.006352,camera_link,21.933334,gnm_closed_loop,,nominal,,True,ok,checkpoints/ablation_mnv2_ema0999/best.pt,4.43,0.402,0.1304,0.1005,0.0033,0.2807,,,gnm_closed_loop,0.2,0.1304,False,0,,isaac_physics_smoke_20260708,,mnv2_ema0999,,,,,,,False,hospital_fresh_short_F,0.4338,True,0.402,0.1304,0.2,0.1304,True,armed,False,
physeval_ema_F_20260708_172828,734,21.950001,1783528116.670042,0.062845,0.497804,0.0,-3.139318,0.2,0.1304,0.1999,-0.006352,camera_link,21.950001,gnm_closed_loop,,nominal,,True,ok,checkpoints/ablation_mnv2_ema0999/best.pt,4.43,0.402,0.1304,0.1005,0.0033,0.2807,,,gnm_closed_loop,0.2,0.1304,False,0,,isaac_physics_smoke_20260708,,mnv2_ema0999,,,,,,,False,hospital_fresh_short_F,0.4372,True,0.402,0.1304,0.2,0.1304,True,armed,False,
physeval_ema_F_20260708_172828,735,21.966668,1783528116.687237,0.05952,0.497797,0.0,-3.139312,0.2,0.1473,0.199908,-0.008149,camera_link,21.966668,gnm_closed_loop,,nominal,,True,ok,checkpoints/ablation_mnv2_ema0999/best.pt,4.59,0.3656,0.1473,0.0914,0.0034,0.2763,,,gnm_closed_loop,0.2,0.1473,False,0,,isaac_physics_smoke_20260708,,mnv2_ema0999,,,,,,,False,hospital_fresh_short_F,0.4405,True,0.3656,0.1473,0.2,0.1473,True,armed,False,
physeval_ema_F_20260708_172828,736,21.983334,1783528116.690032,0.056194,0.497789,0.0,-3.139305,0.2,0.1473,0.199908,-0.008149,camera_link,21.983334,gnm_closed_loop,,nominal,,True,ok,checkpoints/ablation_mnv2_ema0999/best.pt,4.59,0.3656,0.1473,0.0914,0.0034,0.2763,,,gnm_closed_loop,0.2,0.1473,False,0,,isaac_physics_smoke_20260708,,mnv2_ema0999,,,,,,,False,hospital_fresh_short_F,0.4438,True,0.3656,0.1473,0.2,0.1473,True,armed,False,
physeval_ema_F_20260708_172828,737,22.000001,1783528116.69214,0.052868,0.497782,0.0,-3.139298,0.2,0.1473,0.199908,-0.008149,camera_link,22.000001,gnm_closed_loop,,nominal,,True,ok,checkpoints/ablation_mnv2_ema0999/best.pt,4.59,0.3656,0.1473,0.0914,0.0034,0.2763,,,gnm_closed_loop,0.2,0.1473,False,0,,isaac_physics_smoke_20260708,,mnv2_ema0999,,,,,,,False,hospital_fresh_short_F,0.4471,True,0.3656,0.1473,0.2,0.1473,True,armed,False,
physeval_ema_F_20260708_172828,738,22.016668,1783528116.707823,0.049543,0.497775,0.0,-3.139291,0.2,0.1553,0.199975,-0.009157,camera_link,22.016668,gnm_closed_loop,,nominal,,True,ok,checkpoints/ablation_mnv2_ema0999/best.pt,4.81,0.3462,0.1553,0.0866,0.0034,0.2684,,,gnm_closed_loop,0.2,0.1553,False,0,,isaac_physics_smoke_20260708,,mnv2_ema0999,,,,,,,False,hospital_fresh_short_F,0.4505,True,0.3462,0.1553,0.2,0.1553,True,armed,False,
physeval_ema_F_20260708_172828,739,22.033334,1783528116.710518,0.046217,0.497767,0.0,-3.139282,0.2,0.1553,0.199975,-0.009157,camera_link,22.033334,gnm_closed_loop,,nominal,,True,ok,checkpoints/ablation_mnv2_ema0999/best.pt,4.81,0.3462,0.1553,0.0866,0.0034,0.2684,,,gnm_closed_loop,0.2,0.1553,False,0,,isaac_physics_smoke_20260708,,mnv2_ema0999,,,,,,,False,hospital_fresh_short_F,0.4538,True,0.3462,0.1553,0.2,0.1553,True,armed,False,
physeval_ema_F_20260708_172828,740,22.050001,1783528116.712713,0.042892,0.49776,0.0,-3.139273,0.2,0.1553,0.199975,-0.009157,camera_link,22.050001,gnm_closed_loop,,nominal,,True,ok,checkpoints/ablation_mnv2_ema0999/best.pt,4.81,0.3462,0.1553,0.0866,0.0034,0.2684,,,gnm_closed_loop,0.2,0.1553,False,0,,isaac_physics_smoke_20260708,,mnv2_ema0999,,,,,,,False,hospital_fresh_short_F,0.4571,True,0.3462,0.1553,0.2,0.1553,True,armed,False,
physeval_ema_F_20260708_172828,741,22.066668,1783528116.728551,0.039566,0.497753,0.0,-3.139265,0.2,0.1669,0.199862,-0.01028,camera_link,22.066668,gnm_closed_loop,,nominal,,True,ok,checkpoints/ablation_mnv2_ema0999/best.pt,4.57,0.3248,0.1669,0.0812,0.0034,0.2615,,,gnm_closed_loop,0.2,0.1669,False,0,,isaac_physics_smoke_20260708,,mnv2_ema0999,,,,,,,False,hospital_fresh_short_F,0.4604,True,0.3248,0.1669,0.2,0.1669,True,armed,False,
physeval_ema_F_20260708_172828,742,22.083334,1783528116.731928,0.036242,0.497746,0.0,-3.139257,0.2,0.1669,0.199862,-0.01028,camera_link,22.083334,gnm_closed_loop,,nominal,,True,ok,checkpoints/ablation_mnv2_ema0999/best.pt,4.57,0.3248,0.1669,0.0812,0.0034,0.2615,,,gnm_closed_loop,0.2,0.1669,False,0,,isaac_physics_smoke_20260708,,mnv2_ema0999,,,,,,,False,hospital_fresh_short_F,0.4638,True,0.3248,0.1669,0.2,0.1669,True,armed,False,
physeval_ema_F_20260708_172828,743,22.100001,1783528116.734083,0.032917,0.497738,0.0,-3.139249,0.2,0.1669,0.199862,-0.01028,camera_link,22.100001,gnm_closed_loop,,nominal,,True,ok,checkpoints/ablation_mnv2_ema0999/best.pt,4.57,0.3248,0.1669,0.0812,0.0034,0.2615,,,gnm_closed_loop,0.2,0.1669,False,0,,isaac_physics_smoke_20260708,,mnv2_ema0999,,,,,,,False,hospital_fresh_short_F,0.4671,True,0.3248,0.1669,0.2,0.1669,True,armed,False,
physeval_ema_F_20260708_172828,744,22.116668,1783528116.749822,0.029592,0.497731,0.0,-3.139241,0.2,0.1766,0.199857,-0.010304,camera_link,22.116668,gnm_closed_loop,,nominal,,True,ok,checkpoints/ablation_mnv2_ema0999/best.pt,4.52,0.3037,0.1766,0.0759,0.0034,0.2582,,,gnm_closed_loop,0.2,0.1766,False,0,,isaac_physics_smoke_20260708,,mnv2_ema0999,,,,,,,False,hospital_fresh_short_F,0.4704,True,0.3037,0.1766,0.2,0.1766,True,armed,False,
physeval_ema_F_20260708_172828,745,22.133334,1783528116.75232,0.026267,0.497724,0.0,-3.139232,0.2,0.1766,0.199857,-0.010304,camera_link,22.133334,gnm_closed_loop,,nominal,,True,ok,checkpoints/ablation_mnv2_ema0999/best.pt,4.52,0.3037,0.1766,0.0759,0.0034,0.2582,,,gnm_closed_loop,0.2,0.1766,False,0,,isaac_physics_smoke_20260708,,mnv2_ema0999,,,,,,,False,hospital_fresh_short_F,0.4737,True,0.3037,0.1766,0.2,0.1766,True,armed,False,
physeval_ema_F_20260708_172828,746,22.150001,1783528116.754341,0.022942,0.497717,0.0,-3.139223,0.2,0.1766,0.199857,-0.010304,camera_link,22.150001,gnm_closed_loop,,nominal,,True,ok,checkpoints/ablation_mnv2_ema0999/best.pt,4.52,0.3037,0.1766,0.0759,0.0034,0.2582,,,gnm_closed_loop,0.2,0.1766,False,0,,isaac_physics_smoke_20260708,,mnv2_ema0999,,,,,,,False,hospital_fresh_short_F,0.4771,True,0.3037,0.1766,0.2,0.1766,True,armed,False,
physeval_ema_F_20260708_172828,747,22.166668,1783528116.7726,0.019617,0.49771,0.0,-3.139213,0.2,0.1816,0.199936,-0.011395,camera_link,22.166668,gnm_closed_loop,,nominal,,True,ok,checkpoints/ablation_mnv2_ema0999/best.pt,4.59,0.2962,0.1816,0.074,0.0034,0.26,,,gnm_closed_loop,0.2,0.1816,False,0,,isaac_physics_smoke_20260708,,mnv2_ema0999,,,,,,,False,hospital_fresh_short_F,0.4804,True,0.2962,0.1816,0.2,0.1816,True,armed,False,
physeval_ema_F_20260708_172828,748,22.183334,1783528116.775257,0.016292,0.497703,0.0,-3.139204,0.2,0.1816,0.199936,-0.011395,camera_link,22.183334,gnm_closed_loop,,nominal,,True,ok,checkpoints/ablation_mnv2_ema0999/best.pt,4.59,0.2962,0.1816,0.074,0.0034,0.26,,,gnm_closed_loop,0.2,0.1816,False,0,,isaac_physics_smoke_20260708,,mnv2_ema0999,,,,,,,False,hospital_fresh_short_F,0.4837,True,0.2962,0.1816,0.2,0.1816,True,armed,False,
physeval_ema_F_20260708_172828,749,22.200001,1783528116.777757,0.012967,0.497695,0.0,-3.139195,0.2,0.1816,0.199936,-0.011395,camera_link,22.200001,gnm_closed_loop,,nominal,,True,ok,checkpoints/ablation_mnv2_ema0999/best.pt,4.59,0.2962,0.1816,0.074,0.0034,0.26,,,gnm_closed_loop,0.2,0.1816,False,0,,isaac_physics_smoke_20260708,,mnv2_ema0999,,,,,,,False,hospital_fresh_short_F,0.487,True,0.2962,0.1816,0.2,0.1816,True,armed,False,
physeval_ema_F_20260708_172828,750,22.216668,1783528116.793518,0.009642,0.497688,0.0,-3.139186,0.2,0.1727,0.199952,-0.01158,camera_link,22.216668,gnm_closed_loop,,nominal,,True,ok,checkpoints/ablation_mnv2_ema0999/best.pt,4.61,0.3006,0.1727,0.0752,0.0032,0.2597,,,gnm_closed_loop,0.2,0.1727,False,0,,isaac_physics_smoke_20260708,,mnv2_ema0999,,,,,,,False,hospital_fresh_short_F,0.4904,True,0.3006,0.1727,0.2,0.1727,True,armed,False,
physeval_ema_F_20260708_172828,751,22.233334,1783528116.796341,0.006317,0.49768,0.0,-3.139177,0.2,0.1727,0.199952,-0.01158,camera_link,22.233334,gnm_closed_loop,,nominal,,True,ok,checkpoints/ablation_mnv2_ema0999/best.pt,4.61,0.3006,0.1727,0.0752,0.0032,0.2597,,,gnm_closed_loop,0.2,0.1727,False,0,,isaac_physics_smoke_20260708,,mnv2_ema0999,,,,,,,False,hospital_fresh_short_F,0.4937,True,0.3006,0.1727,0.2,0.1727,True,armed,False,
physeval_ema_F_20260708_172828,752,22.250001,1783528116.798597,0.002992,0.497673,0.0,-3.139168,0.2,0.1727,0.199952,-0.01158,camera_link,22.250001,gnm_closed_loop,,nominal,,True,ok,checkpoints/ablation_mnv2_ema0999/best.pt,4.61,0.3006,0.1727,0.0752,0.0032,0.2597,,,gnm_closed_loop,0.2,0.1727,False,0,,isaac_physics_smoke_20260708,,mnv2_ema0999,,,,,,,False,hospital_fresh_short_F,0.497,True,0.3006,0.1727,0.2,0.1727,True,armed,False,
physeval_ema_F_20260708_172828,753,22.266668,1783528116.81459,-0.000333,0.497666,0.0,-3.13916,0.2,0.173,0.199918,-0.011495,camera_link,22.266668,gnm_closed_loop,,nominal,,True,ok,checkpoints/ablation_mnv2_ema0999/best.pt,4.32,0.2978,0.173,0.0744,0.0032,0.262,,,gnm_closed_loop,0.2,0.173,False,0,,isaac_physics_smoke_20260708,,mnv2_ema0999,,,,,,,False,hospital_fresh_short_F,0.5003,True,0.2978,0.173,0.2,0.173,True,armed,False,
physeval_ema_F_20260708_172828,754,22.283334,1783528116.818245,-0.003658,0.497658,0.0,-3.139151,0.2,0.173,0.199918,-0.011495,camera_link,22.283334,gnm_closed_loop,,nominal,,True,ok,checkpoints/ablation_mnv2_ema0999/best.pt,4.32,0.2978,0.173,0.0744,0.0032,0.262,,,gnm_closed_loop,0.2,0.173,False,0,,isaac_physics_smoke_20260708,,mnv2_ema0999,,,,,,,False,hospital_fresh_short_F,0.5037,True,0.2978,0.173,0.2,0.173,True,armed,False,
physeval_ema_F_20260708_172828,755,22.300001,1783528116.820617,-0.006983,0.497651,0.0,-3.139143,0.2,0.173,0.199918,-0.011495,camera_link,22.300001,gnm_closed_loop,,nominal,,True,ok,checkpoints/ablation_mnv2_ema0999/best.pt,4.32,0.2978,0.173,0.0744,0.0032,0.262,,,gnm_closed_loop,0.2,0.173,False,0,,isaac_physics_smoke_20260708,,mnv2_ema0999,,,,,,,False,hospital_fresh_short_F,0.507,True,0.2978,0.173,0.2,0.173,True,armed,False,
physeval_ema_F_20260708_172828,756,22.316668,1783528116.836886,-0.010307,0.497643,0.0,-3.139134,0.2,0.1645,0.199908,-0.011009,camera_link,22.316668,gnm_closed_loop,,nominal,,True,ok,checkpoints/ablation_mnv2_ema0999/best.pt,4.92,0.3076,0.1645,0.0769,0.0032,0.2591,,,gnm_closed_loop,0.2,0.1645,False,0,,isaac_physics_smoke_20260708,,mnv2_ema0999,,,,,,,False,hospital_fresh_short_F,0.5103,True,0.3076,0.1645,0.2,0.1645,True,armed,False,
physeval_ema_F_20260708_172828,757,22.333334,1783528116.839762,-0.013632,0.497636,0.0,-3.139126,0.2,0.1645,0.199908,-0.011009,camera_link,22.333334,gnm_closed_loop,,nominal,,True,ok,checkpoints/ablation_mnv2_ema0999/best.pt,4.92,0.3076,0.1645,0.0769,0.0032,0.2591,,,gnm_closed_loop,0.2,0.1645,False,0,,isaac_physics_smoke_20260708,,mnv2_ema0999,,,,,,,False,hospital_fresh_short_F,0.5136,True,0.3076,0.1645,0.2,0.1645,True,armed,False,
physeval_ema_F_20260708_172828,758,22.350001,1783528116.841991,-0.016957,0.497628,0.0,-3.139118,0.2,0.1645,0.199908,-0.011009,camera_link,22.350001,gnm_closed_loop,,nominal,,True,ok,checkpoints/ablation_mnv2_ema0999/best.pt,4.92,0.3076,0.1645,0.0769,0.0032,0.2591,,,gnm_closed_loop,0.2,0.1645,False,0,,isaac_physics_smoke_20260708,,mnv2_ema0999,,,,,,,False,hospital_fresh_short_F,0.517,True,0.3076,0.1645,0.2,0.1645,True,armed,False,
physeval_ema_F_20260708_172828,759,22.366668,1783528116.857555,-0.020282,0.497621,0.0,-3.13911,0.2,0.167,0.199845,-0.010612,camera_link,22.366668,gnm_closed_loop,,nominal,,True,ok,checkpoints/ablation_mnv2_ema0999/best.pt,4.55,0.2971,0.167,0.0743,0.0031,0.2563,,,gnm_closed_loop,0.2,0.167,False,0,,isaac_physics_smoke_20260708,,mnv2_ema0999,,,,,,,False,hospital_fresh_short_F,0.5203,True,0.2971,0.167,0.2,0.167,True,armed,False,
physeval_ema_F_20260708_172828,760,22.383335,1783528116.8612,-0.023606,0.497613,0.0,-3.139102,0.2,0.167,0.199845,-0.010612,camera_link,22.383335,gnm_closed_loop,,nominal,,True,ok,checkpoints/ablation_mnv2_ema0999/best.pt,4.55,0.2971,0.167,0.0743,0.0031,0.2563,,,gnm_closed_loop,0.2,0.167,False,0,,isaac_physics_smoke_20260708,,mnv2_ema0999,,,,,,,False,hospital_fresh_short_F,0.5236,True,0.2971,0.167,0.2,0.167,True,armed,False,
physeval_ema_F_20260708_172828,761,22.400001,1783528116.863526,-0.026931,0.497606,0.0,-3.139094,0.2,0.167,0.199845,-0.010612,camera_link,22.400001,gnm_closed_loop,,nominal,,True,ok,checkpoints/ablation_mnv2_ema0999/best.pt,4.55,0.2971,0.167,0.0743,0.0031,0.2563,,,gnm_closed_loop,0.2,0.167,False,0,,isaac_physics_smoke_20260708,,mnv2_ema0999,,,,,,,False,hospital_fresh_short_F,0.5269,True,0.2971,0.167,0.2,0.167,True,armed,False,
physeval_ema_F_20260708_172828,762,22.416668,1783528116.881712,-0.030256,0.497598,0.0,-3.139086,0.2,0.1576,0.199855,-0.010653,camera_link,22.416668,gnm_closed_loop,,nominal,,True,ok,checkpoints/ablation_mnv2_ema0999/best.pt,4.15,0.3088,0.1576,0.0772,0.003,0.2565,,,gnm_closed_loop,0.2,0.1576,False,0,,isaac_physics_smoke_20260708,,mnv2_ema0999,,,,,,,False,hospital_fresh_short_F,0.5303,True,0.3088,0.1576,0.2,0.1576,True,armed,False,
physeval_ema_F_20260708_172828,763,22.433335,1783528116.885017,-0.03358,0.49759,0.0,-3.139079,0.2,0.1576,0.199855,-0.010653,camera_link,22.433335,gnm_closed_loop,,nominal,,True,ok,checkpoints/ablation_mnv2_ema0999/best.pt,4.15,0.3088,0.1576,0.0772,0.003,0.2565,,,gnm_closed_loop,0.2,0.1576,False,0,,isaac_physics_smoke_20260708,,mnv2_ema0999,,,,,,,False,hospital_fresh_short_F,0.5336,True,0.3088,0.1576,0.2,0.1576,True,armed,False,
physeval_ema_F_20260708_172828,764,22.450001,1783528116.887423,-0.036904,0.497582,0.0,-3.139071,0.2,0.1576,0.199855,-0.010653,camera_link,22.450001,gnm_closed_loop,,nominal,,True,ok,checkpoints/ablation_mnv2_ema0999/best.pt,4.15,0.3088,0.1576,0.0772,0.003,0.2565,,,gnm_closed_loop,0.2,0.1576,False,0,,isaac_physics_smoke_20260708,,mnv2_ema0999,,,,,,,False,hospital_fresh_short_F,0.5369,True,0.3088,0.1576,0.2,0.1576,True,armed,False,
physeval_ema_F_20260708_172828,765,22.466668,1783528116.911243,-0.040228,0.497574,0.0,-3.139063,0.2,0.1559,0.199889,-0.010835,camera_link,22.466668,gnm_closed_loop,,nominal,,True,ok,checkpoints/ablation_mnv2_ema0999/best.pt,10.44,0.3148,0.1559,0.0787,0.0031,0.2562,,,gnm_closed_loop,0.2,0.1559,False,0,,isaac_physics_smoke_20260708,,mnv2_ema0999,,,,,,,False,hospital_fresh_short_F,0.5402,True,0.3148,0.1559,0.2,0.1559,True,armed,False,
physeval_ema_F_20260708_172828,766,22.483335,1783528116.913938,-0.043552,0.497567,0.0,-3.139055,0.2,0.1559,0.199889,-0.010835,camera_link,22.483335,gnm_closed_loop,,nominal,,True,ok,checkpoints/ablation_mnv2_ema0999/best.pt,10.44,0.3148,0.1559,0.0787,0.0031,0.2562,,,gnm_closed_loop,0.2,0.1559,False,0,,isaac_physics_smoke_20260708,,mnv2_ema0999,,,,,,,False,hospital_fresh_short_F,0.5436,True,0.3148,0.1559,0.2,0.1559,True,armed,False,
physeval_ema_F_20260708_172828,767,22.500001,1783528116.915979,-0.046877,0.497559,0.0,-3.139049,0.2,0.1559,0.199889,-0.010835,camera_link,22.500001,gnm_closed_loop,,nominal,,True,ok,checkpoints/ablation_mnv2_ema0999/best.pt,10.44,0.3148,0.1559,0.0787,0.0031,0.2562,,,gnm_closed_loop,0.2,0.1559,False,0,,isaac_physics_smoke_20260708,,mnv2_ema0999,,,,,,,False,hospital_fresh_short_F,0.5469,True,0.3148,0.1559,0.2,0.1559,True,armed,False,
physeval_ema_F_20260708_172828,768,22.516668,1783528116.934338,-0.050201,0.497551,0.0,-3.139041,0.2,0.1638,0.199902,-0.010078,camera_link,22.516668,gnm_closed_loop,,nominal,,True,ok,checkpoints/ablation_mnv2_ema0999/best.pt,4.73,0.3048,0.1638,0.0762,0.0031,0.2567,,,gnm_closed_loop,0.2,0.1638,False,0,,isaac_physics_smoke_20260708,,mnv2_ema0999,,,,,,,False,hospital_fresh_short_F,0.5502,True,0.3048,0.1638,0.2,0.1638,True,armed,False,
physeval_ema_F_20260708_172828,769,22.533335,1783528116.936895,-0.053526,0.497543,0.0,-3.139034,0.2,0.1638,0.199902,-0.010078,camera_link,22.533335,gnm_closed_loop,,nominal,,True,ok,checkpoints/ablation_mnv2_ema0999/best.pt,4.73,0.3048,0.1638,0.0762,0.0031,0.2567,,,gnm_closed_loop,0.2,0.1638,False,0,,isaac_physics_smoke_20260708,,mnv2_ema0999,,,,,,,False,hospital_fresh_short_F,0.5535,True,0.3048,0.1638,0.2,0.1638,True,armed,False,
physeval_ema_F_20260708_172828,770,22.550001,1783528116.938958,-0.056849,0.497535,0.0,-3.139026,0.2,0.1638,0.199902,-0.010078,camera_link,22.550001,gnm_closed_loop,,nominal,,True,ok,checkpoints/ablation_mnv2_ema0999/best.pt,4.73,0.3048,0.1638,0.0762,0.0031,0.2567,,,gnm_closed_loop,0.2,0.1638,False,0,,isaac_physics_smoke_20260708,,mnv2_ema0999,,,,,,,False,hospital_fresh_short_F,0.5569,True,0.3048,0.1638,0.2,0.1638,True,armed,False,
physeval_ema_F_20260708_172828,771,22.566668,1783528116.954731,-0.060174,0.497527,0.0,-3.139018,0.2,0.1813,0.199857,-0.00956,camera_link,22.566668,gnm_closed_loop,,nominal,,True,ok,checkpoints/ablation_mnv2_ema0999/best.pt,4.29,0.2843,0.1813,0.0711,0.0032,0.2558,,,gnm_closed_loop,0.2,0.1813,False,0,,isaac_physics_smoke_20260708,,mnv2_ema0999,,,,,,,False,hospital_fresh_short_F,0.5602,True,0.2843,0.1813,0.2,0.1813,True,armed,False,
physeval_ema_F_20260708_172828,772,22.583335,1783528116.957415,-0.063498,0.497519,0.0,-3.13901,0.2,0.1813,0.199857,-0.00956,camera_link,22.583335,gnm_closed_loop,,nominal,,True,ok,checkpoints/ablation_mnv2_ema0999/best.pt,4.29,0.2843,0.1813,0.0711,0.0032,0.2558,,,gnm_closed_loop,0.2,0.1813,False,0,,isaac_physics_smoke_20260708,,mnv2_ema0999,,,,,,,False,hospital_fresh_short_F,0.5635,True,0.2843,0.1813,0.2,0.1813,True,armed,False,
physeval_ema_F_20260708_172828,773,22.600001,1783528116.959428,-0.066823,0.497511,0.0,-3.139001,0.2,0.1813,0.199857,-0.00956,camera_link,22.600001,gnm_closed_loop,,nominal,,True,ok,checkpoints/ablation_mnv2_ema0999/best.pt,4.29,0.2843,0.1813,0.0711,0.0032,0.2558,,,gnm_closed_loop,0.2,0.1813,False,0,,isaac_physics_smoke_20260708,,mnv2_ema0999,,,,,,,False,hospital_fresh_short_F,0.5668,True,0.2843,0.1813,0.2,0.1813,True,armed,False,
physeval_ema_F_20260708_172828,774,22.616668,1783528116.975709,-0.070147,0.497503,0.0,-3.138991,0.2,0.1865,0.199945,-0.011001,camera_link,22.616668,gnm_closed_loop,,nominal,,True,ok,checkpoints/ablation_mnv2_ema0999/best.pt,4.33,0.2872,0.1865,0.0718,0.0033,0.2523,,,gnm_closed_loop,0.2,0.1865,False,0,,isaac_physics_smoke_20260708,,mnv2_ema0999,,,,,,,False,hospital_fresh_short_F,0.5702,True,0.2872,0.1865,0.2,0.1865,True,armed,False,
physeval_ema_F_20260708_172828,775,22.633335,1783528116.978353,-0.073472,0.497495,0.0,-3.138982,0.2,0.1865,0.199945,-0.011001,camera_link,22.633335,gnm_closed_loop,,nominal,,True,ok,checkpoints/ablation_mnv2_ema0999/best.pt,4.33,0.2872,0.1865,0.0718,0.0033,0.2523,,,gnm_closed_loop,0.2,0.1865,False,0,,isaac_physics_smoke_20260708,,mnv2_ema0999,,,,,,,False,hospital_fresh_short_F,0.5735,True,0.2872,0.1865,0.2,0.1865,True,armed,False,
physeval_ema_F_20260708_172828,776,22.650001,1783528116.980322,-0.076797,0.497487,0.0,-3.138973,0.2,0.1865,0.199945,-0.011001,camera_link,22.650001,gnm_closed_loop,,nominal,,True,ok,checkpoints/ablation_mnv2_ema0999/best.pt,4.33,0.2872,0.1865,0.0718,0.0033,0.2523,,,gnm_closed_loop,0.2,0.1865,False,0,,isaac_physics_smoke_20260708,,mnv2_ema0999,,,,,,,False,hospital_fresh_short_F,0.5768,True,0.2872,0.1865,0.2,0.1865,True,armed,False,
physeval_ema_F_20260708_172828,777,22.666668,1783528116.998599,-0.080121,0.497479,0.0,-3.138963,0.2,0.1666,0.199866,-0.010812,camera_link,22.666668,gnm_closed_loop,,nominal,,True,ok,checkpoints/ablation_mnv2_ema0999/best.pt,5.52,0.3261,0.1666,0.0815,0.0034,0.2451,,,gnm_closed_loop,0.2,0.1666,False,0,,isaac_physics_smoke_20260708,,mnv2_ema0999,,,,,,,False,hospital_fresh_short_F,0.5801,True,0.3261,0.1666,0.2,0.1666,True,armed,False,
physeval_ema_F_20260708_172828,778,22.683335,1783528117.001084,-0.083445,0.497471,0.0,-3.138955,0.2,0.1666,0.199866,-0.010812,camera_link,22.683335,gnm_closed_loop,,nominal,,True,ok,checkpoints/ablation_mnv2_ema0999/best.pt,5.52,0.3261,0.1666,0.0815,0.0034,0.2451,,,gnm_closed_loop,0.2,0.1666,False,0,,isaac_physics_smoke_20260708,,mnv2_ema0999,,,,,,,False,hospital_fresh_short_F,0.5835,True,0.3261,0.1666,0.2,0.1666,True,armed,False,
physeval_ema_F_20260708_172828,779,22.700001,1783528117.003238,-0.08677,0.497463,0.0,-3.138947,0.2,0.1666,0.199866,-0.010812,camera_link,22.700001,gnm_closed_loop,,nominal,,True,ok,checkpoints/ablation_mnv2_ema0999/best.pt,5.52,0.3261,0.1666,0.0815,0.0034,0.2451,,,gnm_closed_loop,0.2,0.1666,False,0,,isaac_physics_smoke_20260708,,mnv2_ema0999,,,,,,,False,hospital_fresh_short_F,0.5868,True,0.3261,0.1666,0.2,0.1666,True,armed,False,
physeval_ema_F_20260708_172828,780,22.716668,1783528117.020946,-0.090095,0.497454,0.0,-3.138939,0.2,0.1666,0.199846,-0.010893,camera_link,22.716668,gnm_closed_loop,,nominal,,True,ok,checkpoints/ablation_mnv2_ema0999/best.pt,5.48,0.3451,0.1666,0.0863,0.0036,0.2368,,,gnm_closed_loop,0.2,0.1666,False,0,,isaac_physics_smoke_20260708,,mnv2_ema0999,,,,,,,False,hospital_fresh_short_F,0.5901,True,0.3451,0.1666,0.2,0.1666,True,armed,False,
physeval_ema_F_20260708_172828,781,22.733335,1783528117.023697,-0.093419,0.497446,0.0,-3.138931,0.2,0.1666,0.199846,-0.010893,camera_link,22.733335,gnm_closed_loop,,nominal,,True,ok,checkpoints/ablation_mnv2_ema0999/best.pt,5.48,0.3451,0.1666,0.0863,0.0036,0.2368,,,gnm_closed_loop,0.2,0.1666,False,0,,isaac_physics_smoke_20260708,,mnv2_ema0999,,,,,,,False,hospital_fresh_short_F,0.5934,True,0.3451,0.1666,0.2,0.1666,True,armed,False,
physeval_ema_F_20260708_172828,782,22.750001,1783528117.025787,-0.096743,0.497438,0.0,-3.138923,0.2,0.1666,0.199846,-0.010893,camera_link,22.750001,gnm_closed_loop,,nominal,,True,ok,checkpoints/ablation_mnv2_ema0999/best.pt,5.48,0.3451,0.1666,0.0863,0.0036,0.2368,,,gnm_closed_loop,0.2,0.1666,False,0,,isaac_physics_smoke_20260708,,mnv2_ema0999,,,,,,,False,hospital_fresh_short_F,0.5967,True,0.3451,0.1666,0.2,0.1666,True,armed,False,
physeval_ema_F_20260708_172828,783,22.766668,1783528117.042565,-0.100068,0.497429,0.0,-3.138915,0.2,0.1712,0.199863,-0.010256,camera_link,22.766668,gnm_closed_loop,,nominal,,True,ok,checkpoints/ablation_mnv2_ema0999/best.pt,4.43,0.3476,0.1712,0.0869,0.0037,0.2422,,,gnm_closed_loop,0.2,0.1712,False,0,,isaac_physics_smoke_20260708,,mnv2_ema0999,,,,,,,False,hospital_fresh_short_F,0.6001,True,0.3476,0.1712,0.2,0.1712,True,armed,False,
physeval_ema_F_20260708_172828,784,22.783335,1783528117.045104,-0.103392,0.497421,0.0,-3.138907,0.2,0.1712,0.199863,-0.010256,camera_link,22.783335,gnm_closed_loop,,nominal,,True,ok,checkpoints/ablation_mnv2_ema0999/best.pt,4.43,0.3476,0.1712,0.0869,0.0037,0.2422,,,gnm_closed_loop,0.2,0.1712,False,0,,isaac_physics_smoke_20260708,,mnv2_ema0999,,,,,,,False,hospital_fresh_short_F,0.6034,True,0.3476,0.1712,0.2,0.1712,True,armed,False,
physeval_ema_F_20260708_172828,785,22.800001,1783528117.047088,-0.106717,0.497413,0.0,-3.138898,0.2,0.1712,0.199863,-0.010256,camera_link,22.800001,gnm_closed_loop,,nominal,,True,ok,checkpoints/ablation_mnv2_ema0999/best.pt,4.43,0.3476,0.1712,0.0869,0.0037,0.2422,,,gnm_closed_loop,0.2,0.1712,False,0,,isaac_physics_smoke_20260708,,mnv2_ema0999,,,,,,,False,hospital_fresh_short_F,0.6067,True,0.3476,0.1712,0.2,0.1712,True,armed,False,
physeval_ema_F_20260708_172828,786,22.816668,1783528117.065806,-0.110042,0.497404,0.0,-3.13889,0.2,0.1631,0.199904,-0.010567,camera_link,22.816668,gnm_closed_loop,,nominal,,True,ok,checkpoints/ablation_mnv2_ema0999/best.pt,4.97,0.3641,0.1631,0.091,0.0037,0.2475,,,gnm_closed_loop,0.2,0.1631,False,0,,isaac_physics_smoke_20260708,,mnv2_ema0999,,,,,,,False,hospital_fresh_short_F,0.61,True,0.3641,0.1631,0.2,0.1631,True,armed,False,
physeval_ema_F_20260708_172828,787,22.833335,1783528117.068285,-0.113367,0.497396,0.0,-3.138882,0.2,0.1631,0.199904,-0.010567,camera_link,22.833335,gnm_closed_loop,,nominal,,True,ok,checkpoints/ablation_mnv2_ema0999/best.pt,4.97,0.3641,0.1631,0.091,0.0037,0.2475,,,gnm_closed_loop,0.2,0.1631,False,0,,isaac_physics_smoke_20260708,,mnv2_ema0999,,,,,,,False,hospital_fresh_short_F,0.6134,True,0.3641,0.1631,0.2,0.1631,True,armed,False,
physeval_ema_F_20260708_172828,788,22.850001,1783528117.070207,-0.116691,0.497388,0.0,-3.138875,0.2,0.1631,0.199904,-0.010567,camera_link,22.850001,gnm_closed_loop,,nominal,,True,ok,checkpoints/ablation_mnv2_ema0999/best.pt,4.97,0.3641,0.1631,0.091,0.0037,0.2475,,,gnm_closed_loop,0.2,0.1631,False,0,,isaac_physics_smoke_20260708,,mnv2_ema0999,,,,,,,False,hospital_fresh_short_F,0.6167,True,0.3641,0.1631,0.2,0.1631,True,armed,False,
physeval_ema_F_20260708_172828,789,22.866668,1783528117.086394,-0.120017,0.497379,0.0,-3.138868,0.2,0.1657,0.199951,-0.009973,camera_link,22.866668,gnm_closed_loop,,nominal,,True,ok,checkpoints/ablation_mnv2_ema0999/best.pt,4.69,0.3548,0.1657,0.0887,0.0037,0.25,,,gnm_closed_loop,0.2,0.1657,False,0,,isaac_physics_smoke_20260708,,mnv2_ema0999,,,,,,,False,hospital_fresh_short_F,0.62,True,0.3548,0.1657,0.2,0.1657,True,armed,False,
physeval_ema_F_20260708_172828,790,22.883335,1783528117.08901,-0.123343,0.49737,0.0,-3.138859,0.2,0.1657,0.199951,-0.009973,camera_link,22.883335,gnm_closed_loop,,nominal,,True,ok,checkpoints/ablation_mnv2_ema0999/best.pt,4.69,0.3548,0.1657,0.0887,0.0037,0.25,,,gnm_closed_loop,0.2,0.1657,False,0,,isaac_physics_smoke_20260708,,mnv2_ema0999,,,,,,,False,hospital_fresh_short_F,0.6233,True,0.3548,0.1657,0.2,0.1657,True,armed,False,
physeval_ema_F_20260708_172828,791,22.900001,1783528117.091022,-0.126668,0.497362,0.0,-3.138851,0.2,0.1657,0.199951,-0.009973,camera_link,22.900001,gnm_closed_loop,,nominal,,True,ok,checkpoints/ablation_mnv2_ema0999/best.pt,4.69,0.3548,0.1657,0.0887,0.0037,0.25,,,gnm_closed_loop,0.2,0.1657,False,0,,isaac_physics_smoke_20260708,,mnv2_ema0999,,,,,,,False,hospital_fresh_short_F,0.6267,True,0.3548,0.1657,0.2,0.1657,True,armed,False,
physeval_ema_F_20260708_172828,792,22.916668,1783528117.108056,-0.129993,0.497353,0.0,-3.138841,0.2,0.2126,0.199916,-0.012361,camera_link,22.916668,gnm_closed_loop,,nominal,,True,ok,checkpoints/ablation_mnv2_ema0999/best.pt,4.46,0.2703,0.2126,0.0676,0.0036,0.2582,,,gnm_closed_loop,0.2,0.2126,False,0,,isaac_physics_smoke_20260708,,mnv2_ema0999,,,,,,,False,hospital_fresh_short_F,0.63,True,0.2703,0.2126,0.2,0.2126,True,armed,False,
physeval_ema_F_20260708_172828,793,22.933335,1783528117.112036,-0.133318,0.497344,0.0,-3.138829,0.2,0.2126,0.199916,-0.012361,camera_link,22.933335,gnm_closed_loop,,nominal,,True,ok,checkpoints/ablation_mnv2_ema0999/best.pt,4.46,0.2703,0.2126,0.0676,0.0036,0.2582,,,gnm_closed_loop,0.2,0.2126,False,0,,isaac_physics_smoke_20260708,,mnv2_ema0999,,,,,,,False,hospital_fresh_short_F,0.6333,True,0.2703,0.2126,0.2,0.2126,True,armed,False,
physeval_ema_F_20260708_172828,794,22.950001,1783528117.114086,-0.136643,0.497336,0.0,-3.138817,0.2,0.2126,0.199916,-0.012361,camera_link,22.950001,gnm_closed_loop,,nominal,,True,ok,checkpoints/ablation_mnv2_ema0999/best.pt,4.46,0.2703,0.2126,0.0676,0.0036,0.2582,,,gnm_closed_loop,0.2,0.2126,False,0,,isaac_physics_smoke_20260708,,mnv2_ema0999,,,,,,,False,hospital_fresh_short_F,0.6366,True,0.2703,0.2126,0.2,0.2126,True,armed,False,
physeval_ema_F_20260708_172828,795,22.966668,1783528117.132416,-0.139968,0.497327,0.0,-3.138806,0.2,0.1913,0.199892,-0.01625,camera_link,22.966668,gnm_closed_loop,,nominal,,True,ok,checkpoints/ablation_mnv2_ema0999/best.pt,4.99,0.2919,0.1913,0.073,0.0035,0.261,,,gnm_closed_loop,0.2,0.1913,False,0,,isaac_physics_smoke_20260708,,mnv2_ema0999,,,,,,,False,hospital_fresh_short_F,0.64,True,0.2919,0.1913,0.2,0.1913,True,armed,False,
physeval_ema_F_20260708_172828,796,22.983335,1783528117.135363,-0.143293,0.497319,0.0,-3.138795,0.2,0.1913,0.199892,-0.01625,camera_link,22.983335,gnm_closed_loop,,nominal,,True,ok,checkpoints/ablation_mnv2_ema0999/best.pt,4.99,0.2919,0.1913,0.073,0.0035,0.261,,,gnm_closed_loop,0.2,0.1913,False,0,,isaac_physics_smoke_20260708,,mnv2_ema0999,,,,,,,False,hospital_fresh_short_F,0.6433,True,0.2919,0.1913,0.2,0.1913,True,armed,False,
physeval_ema_F_20260708_172828,797,23.000001,1783528117.137522,-0.146618,0.49731,0.0,-3.138784,0.2,0.1913,0.199892,-0.01625,camera_link,23.000001,gnm_closed_loop,,nominal,,True,ok,checkpoints/ablation_mnv2_ema0999/best.pt,4.99,0.2919,0.1913,0.073,0.0035,0.261,,,gnm_closed_loop,0.2,0.1913,False,0,,isaac_physics_smoke_20260708,,mnv2_ema0999,,,,,,,False,hospital_fresh_short_F,0.6466,True,0.2919,0.1913,0.2,0.1913,True,armed,False,
physeval_ema_F_20260708_172828,798,23.016668,1783528117.158197,-0.149943,0.497301,0.0,-3.138773,0.2,0.1608,0.19986,-0.014621,camera_link,23.016668,gnm_closed_loop,,nominal,,True,ok,checkpoints/ablation_mnv2_ema0999/best.pt,6.04,0.3331,0.1608,0.0833,0.0034,0.2633,,,gnm_closed_loop,0.2,0.1608,False,0,,isaac_physics_smoke_20260708,,mnv2_ema0999,,,,,,,False,hospital_fresh_short_F,0.6499,True,0.3331,0.1608,0.2,0.1608,True,armed,False,
physeval_ema_F_20260708_172828,799,23.033335,1783528117.16172,-0.153268,0.497292,0.0,-3.138764,0.2,0.1608,0.19986,-0.014621,camera_link,23.033335,gnm_closed_loop,,nominal,,True,ok,checkpoints/ablation_mnv2_ema0999/best.pt,6.04,0.3331,0.1608,0.0833,0.0034,0.2633,,,gnm_closed_loop,0.2,0.1608,False,0,,isaac_physics_smoke_20260708,,mnv2_ema0999,,,,,,,False,hospital_fresh_short_F,0.6533,True,0.3331,0.1608,0.2,0.1608,True,armed,False,
physeval_ema_F_20260708_172828,800,23.050001,1783528117.163854,-0.156593,0.497283,0.0,-3.138756,0.2,0.1608,0.19986,-0.014621,camera_link,23.050001,gnm_closed_loop,,nominal,,True,ok,checkpoints/ablation_mnv2_ema0999/best.pt,6.04,0.3331,0.1608,0.0833,0.0034,0.2633,,,gnm_closed_loop,0.2,0.1608,False,0,,isaac_physics_smoke_20260708,,mnv2_ema0999,,,,,,,False,hospital_fresh_short_F,0.6566,True,0.3331,0.1608,0.2,0.1608,True,armed,False,
physeval_ema_F_20260708_172828,801,23.066668,1783528117.181,-0.159918,0.497275,0.0,-3.138746,0.2,0.1474,0.199945,-0.012412,camera_link,23.066668,gnm_closed_loop,,nominal,,True,ok,checkpoints/ablation_mnv2_ema0999/best.pt,4.57,0.3534,0.1474,0.0884,0.0033,0.2614,,,gnm_closed_loop,0.2,0.1474,False,0,,isaac_physics_smoke_20260708,,mnv2_ema0999,,,,,,,False,hospital_fresh_short_F,0.6599,True,0.3534,0.1474,0.2,0.1474,True,armed,False,
physeval_ema_F_20260708_172828,802,23.083335,1783528117.183435,-0.163243,0.497266,0.0,-3.138738,0.2,0.1474,0.199945,-0.012412,camera_link,23.083335,gnm_closed_loop,,nominal,,True,ok,checkpoints/ablation_mnv2_ema0999/best.pt,4.57,0.3534,0.1474,0.0884,0.0033,0.2614,,,gnm_closed_loop,0.2,0.1474,False,0,,isaac_physics_smoke_20260708,,mnv2_ema0999,,,,,,,False,hospital_fresh_short_F,0.6632,True,0.3534,0.1474,0.2,0.1474,True,armed,False,
physeval_ema_F_20260708_172828,803,23.100001,1783528117.185407,-0.166568,0.497256,0.0,-3.138731,0.2,0.1474,0.199945,-0.012412,camera_link,23.100001,gnm_closed_loop,,nominal,,True,ok,checkpoints/ablation_mnv2_ema0999/best.pt,4.57,0.3534,0.1474,0.0884,0.0033,0.2614,,,gnm_closed_loop,0.2,0.1474,False,0,,isaac_physics_smoke_20260708,,mnv2_ema0999,,,,,,,False,hospital_fresh_short_F,0.6666,True,0.3534,0.1474,0.2,0.1474,True,armed,False,
physeval_ema_F_20260708_172828,804,23.116668,1783528117.200516,-0.169894,0.497247,0.0,-3.138723,0.2,0.1375,0.19997,-0.009901,camera_link,23.116668,gnm_closed_loop,,nominal,,True,ok,checkpoints/ablation_mnv2_ema0999/best.pt,4.7,0.3598,0.1375,0.0899,0.0031,0.2587,,,gnm_closed_loop,0.2,0.1375,False,0,,isaac_physics_smoke_20260708,,mnv2_ema0999,,,,,,,False,hospital_fresh_short_F,0.6699,True,0.3598,0.1375,0.2,0.1375,True,armed,False,
physeval_ema_F_20260708_172828,805,23.133335,1783528117.202832,-0.173219,0.497238,0.0,-3.138716,0.2,0.1375,0.19997,-0.009901,camera_link,23.133335,gnm_closed_loop,,nominal,,True,ok,checkpoints/ablation_mnv2_ema0999/best.pt,4.7,0.3598,0.1375,0.0899,0.0031,0.2587,,,gnm_closed_loop,0.2,0.1375,False,0,,isaac_physics_smoke_20260708,,mnv2_ema0999,,,,,,,False,hospital_fresh_short_F,0.6732,True,0.3598,0.1375,0.2,0.1375,True,armed,False,
physeval_ema_F_20260708_172828,806,23.150001,1783528117.204835,-0.176545,0.497229,0.0,-3.13871,0.2,0.1375,0.19997,-0.009901,camera_link,23.150001,gnm_closed_loop,,nominal,,True,ok,checkpoints/ablation_mnv2_ema0999/best.pt,4.7,0.3598,0.1375,0.0899,0.0031,0.2587,,,gnm_closed_loop,0.2,0.1375,False,0,,isaac_physics_smoke_20260708,,mnv2_ema0999,,,,,,,False,hospital_fresh_short_F,0.6766,True,0.3598,0.1375,0.2,0.1375,True,armed,False,
physeval_ema_F_20260708_172828,807,23.166668,1783528117.219429,-0.17987,0.49722,0.0,-3.138702,0.2,0.1338,0.199932,-0.00997,camera_link,23.166668,gnm_closed_loop,,nominal,,True,ok,checkpoints/ablation_mnv2_ema0999/best.pt,4.65,0.3661,0.1338,0.0915,0.0031,0.2557,,,gnm_closed_loop,0.2,0.1338,False,0,,isaac_physics_smoke_20260708,,mnv2_ema0999,,,,,,,False,hospital_fresh_short_F,0.6799,True,0.3661,0.1338,0.2,0.1338,True,armed,False,
physeval_ema_F_20260708_172828,808,23.183335,1783528117.222126,-0.183196,0.49721,0.0,-3.138696,0.2,0.1338,0.199932,-0.00997,camera_link,23.183335,gnm_closed_loop,,nominal,,True,ok,checkpoints/ablation_mnv2_ema0999/best.pt,4.65,0.3661,0.1338,0.0915,0.0031,0.2557,,,gnm_closed_loop,0.2,0.1338,False,0,,isaac_physics_smoke_20260708,,mnv2_ema0999,,,,,,,False,hospital_fresh_short_F,0.6832,True,0.3661,0.1338,0.2,0.1338,True,armed,False,
physeval_ema_F_20260708_172828,809,23.200001,1783528117.224168,-0.186521,0.497201,0.0,-3.138689,0.2,0.1338,0.199932,-0.00997,camera_link,23.200001,gnm_closed_loop,,nominal,,True,ok,checkpoints/ablation_mnv2_ema0999/best.pt,4.65,0.3661,0.1338,0.0915,0.0031,0.2557,,,gnm_closed_loop,0.2,0.1338,False,0,,isaac_physics_smoke_20260708,,mnv2_ema0999,,,,,,,False,hospital_fresh_short_F,0.6865,True,0.3661,0.1338,0.2,0.1338,True,armed,False,
physeval_ema_F_20260708_172828,810,23.216668,1783528117.239887,-0.189846,0.497192,0.0,-3.138683,0.2,0.1392,0.199935,-0.008865,camera_link,23.216668,gnm_closed_loop,,nominal,,True,ok,checkpoints/ablation_mnv2_ema0999/best.pt,5.09,0.3648,0.1392,0.0912,0.0032,0.2499,,,gnm_closed_loop,0.2,0.1392,False,0,,isaac_physics_smoke_20260708,,mnv2_ema0999,,,,,,,False,hospital_fresh_short_F,0.6899,True,0.3648,0.1392,0.2,0.1392,True,armed,False,
physeval_ema_F_20260708_172828,811,23.233335,1783528117.242423,-0.193171,0.497182,0.0,-3.138675,0.2,0.1392,0.199935,-0.008865,camera_link,23.233335,gnm_closed_loop,,nominal,,True,ok,checkpoints/ablation_mnv2_ema0999/best.pt,5.09,0.3648,0.1392,0.0912,0.0032,0.2499,,,gnm_closed_loop,0.2,0.1392,False,0,,isaac_physics_smoke_20260708,,mnv2_ema0999,,,,,,,False,hospital_fresh_short_F,0.6932,True,0.3648,0.1392,0.2,0.1392,True,armed,False,
physeval_ema_F_20260708_172828,812,23.250001,1783528117.245089,-0.196497,0.497173,0.0,-3.138668,0.2,0.1392,0.199935,-0.008865,camera_link,23.250001,gnm_closed_loop,,nominal,,True,ok,checkpoints/ablation_mnv2_ema0999/best.pt,5.09,0.3648,0.1392,0.0912,0.0032,0.2499,,,gnm_closed_loop,0.2,0.1392,False,0,,isaac_physics_smoke_20260708,,mnv2_ema0999,,,,,,,False,hospital_fresh_short_F,0.6965,True,0.3648,0.1392,0.2,0.1392,True,armed,False,
physeval_ema_F_20260708_172828,813,23.266668,1783528117.260535,-0.199822,0.497164,0.0,-3.138661,0.2,0.2065,0.199942,-0.009178,camera_link,23.266668,gnm_closed_loop,,nominal,,True,ok,checkpoints/ablation_mnv2_ema0999/best.pt,3.96,0.2945,0.2065,0.0736,0.0038,0.2606,,,gnm_closed_loop,0.2,0.2065,False,0,,isaac_physics_smoke_20260708,,mnv2_ema0999,,,,,,,False,hospital_fresh_short_F,0.6998,True,0.2945,0.2065,0.2,0.2065,True,armed,False,
physeval_ema_F_20260708_172828,814,23.283335,1783528117.263091,-0.203148,0.497154,0.0,-3.13865,0.2,0.2065,0.199942,-0.009178,camera_link,23.283335,gnm_closed_loop,,nominal,,True,ok,checkpoints/ablation_mnv2_ema0999/best.pt,3.96,0.2945,0.2065,0.0736,0.0038,0.2606,,,gnm_closed_loop,0.2,0.2065,False,0,,isaac_physics_smoke_20260708,,mnv2_ema0999,,,,,,,False,hospital_fresh_short_F,0.7032,True,0.2945,0.2065,0.2,0.2065,True,armed,False,
physeval_ema_F_20260708_172828,815,23.300001,1783528117.2651,-0.206473,0.497145,0.0,-3.138639,0.2,0.2065,0.199942,-0.009178,camera_link,23.300001,gnm_closed_loop,,nominal,,True,ok,checkpoints/ablation_mnv2_ema0999/best.pt,3.96,0.2945,0.2065,0.0736,0.0038,0.2606,,,gnm_closed_loop,0.2,0.2065,False,0,,isaac_physics_smoke_20260708,,mnv2_ema0999,,,,,,,False,hospital_fresh_short_F,0.7065,True,0.2945,0.2065,0.2,0.2065,True,armed,False,
physeval_ema_F_20260708_172828,816,23.316668,1783528117.283511,-0.209798,0.497136,0.0,-3.138628,0.2,0.2235,0.199884,-0.015184,camera_link,23.316668,gnm_closed_loop,,nominal,,True,ok,checkpoints/ablation_mnv2_ema0999/best.pt,5.43,0.2843,0.2235,0.0711,0.004,0.2478,,,gnm_closed_loop,0.2,0.2235,False,0,,isaac_physics_smoke_20260708,,mnv2_ema0999,,,,,,,False,hospital_fresh_short_F,0.7098,True,0.2843,0.2235,0.2,0.2235,True,armed,False,
physeval_ema_F_20260708_172828,817,23.333335,1783528117.286566,-0.213123,0.497127,0.0,-3.138616,0.2,0.2235,0.199884,-0.015184,camera_link,23.333335,gnm_closed_loop,,nominal,,True,ok,checkpoints/ablation_mnv2_ema0999/best.pt,5.43,0.2843,0.2235,0.0711,0.004,0.2478,,,gnm_closed_loop,0.2,0.2235,False,0,,isaac_physics_smoke_20260708,,mnv2_ema0999,,,,,,,False,hospital_fresh_short_F,0.7131,True,0.2843,0.2235,0.2,0.2235,True,armed,False,
physeval_ema_F_20260708_172828,818,23.350001,1783528117.288811,-0.216448,0.497117,0.0,-3.138603,0.2,0.2235,0.199884,-0.015184,camera_link,23.350001,gnm_closed_loop,,nominal,,True,ok,checkpoints/ablation_mnv2_ema0999/best.pt,5.43,0.2843,0.2235,0.0711,0.004,0.2478,,,gnm_closed_loop,0.2,0.2235,False,0,,isaac_physics_smoke_20260708,,mnv2_ema0999,,,,,,,False,hospital_fresh_short_F,0.7165,True,0.2843,0.2235,0.2,0.2235,True,armed,False,
physeval_ema_F_20260708_172828,819,23.366668,1783528117.307731,-0.219773,0.497108,0.0,-3.138591,0.2,0.2837,0.199857,-0.016267,camera_link,23.366668,gnm_closed_loop,,nominal,,True,ok,checkpoints/ablation_mnv2_ema0999/best.pt,5.37,0.2336,0.2837,0.0584,0.0041,0.2408,,,gnm_closed_loop,0.2,0.2837,False,0,,isaac_physics_smoke_20260708,,mnv2_ema0999,,,,,,,False,hospital_fresh_short_F,0.7198,True,0.2336,0.2837,0.2,0.2837,True,armed,False,
physeval_ema_F_20260708_172828,820,23.383335,1783528117.310344,-0.223099,0.497099,0.0,-3.138574,0.2,0.2837,0.199857,-0.016267,camera_link,23.383335,gnm_closed_loop,,nominal,,True,ok,checkpoints/ablation_mnv2_ema0999/best.pt,5.37,0.2336,0.2837,0.0584,0.0041,0.2408,,,gnm_closed_loop,0.2,0.2837,False,0,,isaac_physics_smoke_20260708,,mnv2_ema0999,,,,,,,False,hospital_fresh_short_F,0.7231,True,0.2336,0.2837,0.2,0.2837,True,armed,False,
physeval_ema_F_20260708_172828,821,23.400001,1783528117.312433,-0.226427,0.49709,0.0,-3.138556,0.2,0.2837,0.199857,-0.016267,camera_link,23.400001,gnm_closed_loop,,nominal,,True,ok,checkpoints/ablation_mnv2_ema0999/best.pt,5.37,0.2336,0.2837,0.0584,0.0041,0.2408,,,gnm_closed_loop,0.2,0.2837,False,0,,isaac_physics_smoke_20260708,,mnv2_ema0999,,,,,,,False,hospital_fresh_short_F,0.7264,True,0.2336,0.2837,0.2,0.2837,True,armed,False,
physeval_ema_F_20260708_172828,822,23.416668,1783528117.331172,-0.229755,0.497081,0.0,-3.138539,0.2,0.2138,0.200132,-0.011455,camera_link,23.416668,gnm_closed_loop,,nominal,,True,ok,checkpoints/ablation_mnv2_ema0999/best.pt,5.79,0.2796,0.2138,0.0699,0.0037,0.2381,,,gnm_closed_loop,0.2,0.2138,False,0,,isaac_physics_smoke_20260708,,mnv2_ema0999,,,,,,,False,hospital_fresh_short_F,0.7298,True,0.2796,0.2138,0.2,0.2138,True,armed,False,
physeval_ema_F_20260708_172828,823,23.433335,1783528117.333542,-0.233083,0.497071,0.0,-3.138527,0.2,0.2138,0.200132,-0.011455,camera_link,23.433335,gnm_closed_loop,,nominal,,True,ok,checkpoints/ablation_mnv2_ema0999/best.pt,5.79,0.2796,0.2138,0.0699,0.0037,0.2381,,,gnm_closed_loop,0.2,0.2138,False,0,,isaac_physics_smoke_20260708,,mnv2_ema0999,,,,,,,False,hospital_fresh_short_F,0.7331,True,0.2796,0.2138,0.2,0.2138,True,armed,False,
physeval_ema_F_20260708_172828,824,23.450001,1783528117.335452,-0.236409,0.497062,0.0,-3.138515,0.2,0.2138,0.200132,-0.011455,camera_link,23.450001,gnm_closed_loop,,nominal,,True,ok,checkpoints/ablation_mnv2_ema0999/best.pt,5.79,0.2796,0.2138,0.0699,0.0037,0.2381,,,gnm_closed_loop,0.2,0.2138,False,0,,isaac_physics_smoke_20260708,,mnv2_ema0999,,,,,,,False,hospital_fresh_short_F,0.7364,True,0.2796,0.2138,0.2,0.2138,True,armed,False,
physeval_ema_F_20260708_172828,825,23.466668,1783528117.352082,-0.239735,0.497052,0.0,-3.138503,0.2,0.1764,0.199867,-0.015911,camera_link,23.466668,gnm_closed_loop,,nominal,,True,ok,checkpoints/ablation_mnv2_ema0999/best.pt,4.54,0.3282,0.1764,0.0821,0.0036,0.2439,,,gnm_closed_loop,0.2,0.1764,False,0,,isaac_physics_smoke_20260708,,mnv2_ema0999,,,,,,,False,hospital_fresh_short_F,0.7397,True,0.3282,0.1764,0.2,0.1764,True,armed,False,
physeval_ema_F_20260708_172828,826,23.483335,1783528117.354484,-0.24306,0.497043,0.0,-3.138493,0.2,0.1764,0.199867,-0.015911,camera_link,23.483335,gnm_closed_loop,,nominal,,True,ok,checkpoints/ablation_mnv2_ema0999/best.pt,4.54,0.3282,0.1764,0.0821,0.0036,0.2439,,,gnm_closed_loop,0.2,0.1764,False,0,,isaac_physics_smoke_20260708,,mnv2_ema0999,,,,,,,False,hospital_fresh_short_F,0.7431,True,0.3282,0.1764,0.2,0.1764,True,armed,False,
physeval_ema_F_20260708_172828,827,23.500001,1783528117.356426,-0.246385,0.497033,0.0,-3.138483,0.2,0.1764,0.199867,-0.015911,camera_link,23.500001,gnm_closed_loop,,nominal,,True,ok,checkpoints/ablation_mnv2_ema0999/best.pt,4.54,0.3282,0.1764,0.0821,0.0036,0.2439,,,gnm_closed_loop,0.2,0.1764,False,0,,isaac_physics_smoke_20260708,,mnv2_ema0999,,,,,,,False,hospital_fresh_short_F,0.7464,True,0.3282,0.1764,0.2,0.1764,True,armed,False,
physeval_ema_F_20260708_172828,828,23.516668,1783528117.376919,-0.24971,0.497023,0.0,-3.138473,0.2,0.1756,0.199927,-0.013152,camera_link,23.516668,gnm_closed_loop,,nominal,,True,ok,checkpoints/ablation_mnv2_ema0999/best.pt,6.08,0.3376,0.1756,0.0844,0.0037,0.2488,,,gnm_closed_loop,0.2,0.1756,False,0,,isaac_physics_smoke_20260708,,mnv2_ema0999,,,,,,,False,hospital_fresh_short_F,0.7497,True,0.3376,0.1756,0.2,0.1756,True,armed,False,
physeval_ema_F_20260708_172828,829,23.533335,1783528117.379764,-0.253035,0.497013,0.0,-3.138463,0.2,0.1756,0.199927,-0.013152,camera_link,23.533335,gnm_closed_loop,,nominal,,True,ok,checkpoints/ablation_mnv2_ema0999/best.pt,6.08,0.3376,0.1756,0.0844,0.0037,0.2488,,,gnm_closed_loop,0.2,0.1756,False,0,,isaac_physics_smoke_20260708,,mnv2_ema0999,,,,,,,False,hospital_fresh_short_F,0.753,True,0.3376,0.1756,0.2,0.1756,True,armed,False,
physeval_ema_F_20260708_172828,830,23.550001,1783528117.38181,-0.256361,0.497003,0.0,-3.138454,0.2,0.1756,0.199927,-0.013152,camera_link,23.550001,gnm_closed_loop,,nominal,,True,ok,checkpoints/ablation_mnv2_ema0999/best.pt,6.08,0.3376,0.1756,0.0844,0.0037,0.2488,,,gnm_closed_loop,0.2,0.1756,False,0,,isaac_physics_smoke_20260708,,mnv2_ema0999,,,,,,,False,hospital_fresh_short_F,0.7564,True,0.3376,0.1756,0.2,0.1756,True,armed,False,
physeval_ema_F_20260708_172828,831,23.566668,1783528117.403595,-0.259686,0.496993,0.0,-3.138443,0.2,0.1778,0.199923,-0.01278,camera_link,23.566668,gnm_closed_loop,,nominal,,True,ok,checkpoints/ablation_mnv2_ema0999/best.pt,6.32,0.3345,0.1778,0.0836,0.0037,0.2477,,,gnm_closed_loop,0.2,0.1778,False,0,,isaac_physics_smoke_20260708,,mnv2_ema0999,,,,,,,False,hospital_fresh_short_F,0.7597,True,0.3345,0.1778,0.2,0.1778,True,armed,False,
physeval_ema_F_20260708_172828,832,23.583335,1783528117.406508,-0.263011,0.496983,0.0,-3.138433,0.2,0.1778,0.199923,-0.01278,camera_link,23.583335,gnm_closed_loop,,nominal,,True,ok,checkpoints/ablation_mnv2_ema0999/best.pt,6.32,0.3345,0.1778,0.0836,0.0037,0.2477,,,gnm_closed_loop,0.2,0.1778,False,0,,isaac_physics_smoke_20260708,,mnv2_ema0999,,,,,,,False,hospital_fresh_short_F,0.763,True,0.3345,0.1778,0.2,0.1778,True,armed,False,
physeval_ema_F_20260708_172828,833,23.600001,1783528117.408613,-0.266337,0.496973,0.0,-3.138423,0.2,0.1778,0.199923,-0.01278,camera_link,23.600001,gnm_closed_loop,,nominal,,True,ok,checkpoints/ablation_mnv2_ema0999/best.pt,6.32,0.3345,0.1778,0.0836,0.0037,0.2477,,,gnm_closed_loop,0.2,0.1778,False,0,,isaac_physics_smoke_20260708,,mnv2_ema0999,,,,,,,False,hospital_fresh_short_F,0.7663,True,0.3345,0.1778,0.2,0.1778,True,armed,False,
physeval_ema_F_20260708_172828,834,23.616668,1783528117.431257,-0.269662,0.496963,0.0,-3.138413,0.2,0.1814,0.199827,-0.013611,camera_link,23.616668,gnm_closed_loop,,nominal,,True,ok,checkpoints/ablation_mnv2_ema0999/best.pt,7.5,0.3277,0.1814,0.0819,0.0037,0.2447,,,gnm_closed_loop,0.2,0.1814,False,0,,isaac_physics_smoke_20260708,,mnv2_ema0999,,,,,,,False,hospital_fresh_short_F,0.7697,True,0.3277,0.1814,0.2,0.1814,True,armed,False,
physeval_ema_F_20260708_172828,835,23.633335,1783528117.436166,-0.272987,0.496953,0.0,-3.138403,0.2,0.1814,0.199827,-0.013611,camera_link,23.633335,gnm_closed_loop,,nominal,,True,ok,checkpoints/ablation_mnv2_ema0999/best.pt,7.5,0.3277,0.1814,0.0819,0.0037,0.2447,,,gnm_closed_loop,0.2,0.1814,False,0,,isaac_physics_smoke_20260708,,mnv2_ema0999,,,,,,,False,hospital_fresh_short_F,0.773,True,0.3277,0.1814,0.2,0.1814,True,armed,False,
physeval_ema_F_20260708_172828,836,23.650001,1783528117.43866,-0.276312,0.496943,0.0,-3.138393,0.2,0.1814,0.199827,-0.013611,camera_link,23.650001,gnm_closed_loop,,nominal,,True,ok,checkpoints/ablation_mnv2_ema0999/best.pt,7.5,0.3277,0.1814,0.0819,0.0037,0.2447,,,gnm_closed_loop,0.2,0.1814,False,0,,isaac_physics_smoke_20260708,,mnv2_ema0999,,,,,,,False,hospital_fresh_short_F,0.7763,True,0.3277,0.1814,0.2,0.1814,True,armed,False,
physeval_ema_F_20260708_172828,837,23.666668,1783528117.459385,-0.279636,0.496933,0.0,-3.138383,0.2,0.1894,0.199889,-0.014245,camera_link,23.666668,gnm_closed_loop,,nominal,,True,ok,checkpoints/ablation_mnv2_ema0999/best.pt,5.46,0.3109,0.1894,0.0777,0.0037,0.2388,,,gnm_closed_loop,0.2,0.1894,False,0,,isaac_physics_smoke_20260708,,mnv2_ema0999,,,,,,,False,hospital_fresh_short_F,0.7796,True,0.3109,0.1894,0.2,0.1894,True,armed,False,
physeval_ema_F_20260708_172828,838,23.683335,1783528117.461957,-0.282961,0.496923,0.0,-3.138372,0.2,0.1894,0.199889,-0.014245,camera_link,23.683335,gnm_closed_loop,,nominal,,True,ok,checkpoints/ablation_mnv2_ema0999/best.pt,5.46,0.3109,0.1894,0.0777,0.0037,0.2388,,,gnm_closed_loop,0.2,0.1894,False,0,,isaac_physics_smoke_20260708,,mnv2_ema0999,,,,,,,False,hospital_fresh_short_F,0.783,True,0.3109,0.1894,0.2,0.1894,True,armed,False,
physeval_ema_F_20260708_172828,839,23.700001,1783528117.463907,-0.286286,0.496913,0.0,-3.138361,0.2,0.1894,0.199889,-0.014245,camera_link,23.700001,gnm_closed_loop,,nominal,,True,ok,checkpoints/ablation_mnv2_ema0999/best.pt,5.46,0.3109,0.1894,0.0777,0.0037,0.2388,,,gnm_closed_loop,0.2,0.1894,False,0,,isaac_physics_smoke_20260708,,mnv2_ema0999,,,,,,,False,hospital_fresh_short_F,0.7863,True,0.3109,0.1894,0.2,0.1894,True,armed,False,
physeval_ema_F_20260708_172828,840,23.716668,1783528117.486018,-0.289611,0.496903,0.0,-3.138351,0.2,0.1828,0.199911,-0.015049,camera_link,23.716668,gnm_closed_loop,,nominal,,True,ok,checkpoints/ablation_mnv2_ema0999/best.pt,5.69,0.3219,0.1828,0.0805,0.0037,0.2351,,,gnm_closed_loop,0.2,0.1828,False,0,,isaac_physics_smoke_20260708,,mnv2_ema0999,,,,,,,False,hospital_fresh_short_F,0.7896,True,0.3219,0.1828,0.2,0.1828,True,armed,False,
physeval_ema_F_20260708_172828,841,23.733335,1783528117.488474,-0.292937,0.496892,0.0,-3.13834,0.2,0.1828,0.199911,-0.015049,camera_link,23.733335,gnm_closed_loop,,nominal,,True,ok,checkpoints/ablation_mnv2_ema0999/best.pt,5.69,0.3219,0.1828,0.0805,0.0037,0.2351,,,gnm_closed_loop,0.2,0.1828,False,0,,isaac_physics_smoke_20260708,,mnv2_ema0999,,,,,,,False,hospital_fresh_short_F,0.7929,True,0.3219,0.1828,0.2,0.1828,True,armed,False,
physeval_ema_F_20260708_172828,842,23.750001,1783528117.490561,-0.296261,0.496882,0.0,-3.13833,0.2,0.1828,0.199911,-0.015049,camera_link,23.750001,gnm_closed_loop,,nominal,,True,ok,checkpoints/ablation_mnv2_ema0999/best.pt,5.69,0.3219,0.1828,0.0805,0.0037,0.2351,,,gnm_closed_loop,0.2,0.1828,False,0,,isaac_physics_smoke_20260708,,mnv2_ema0999,,,,,,,False,hospital_fresh_short_F,0.7963,True,0.3219,0.1828,0.2,0.1828,True,armed,False,
physeval_ema_F_20260708_172828,843,23.766668,1783528117.508551,-0.299586,0.496872,0.0,-3.138319,0.2,0.2504,0.199848,-0.014017,camera_link,23.766668,gnm_closed_loop,,nominal,,True,ok,checkpoints/ablation_mnv2_ema0999/best.pt,5.14,0.2423,0.2504,0.0606,0.0038,0.2402,,,gnm_closed_loop,0.2,0.2504,False,0,,isaac_physics_smoke_20260708,,mnv2_ema0999,,,,,,,False,hospital_fresh_short_F,0.7996,True,0.2423,0.2504,0.2,0.2504,True,armed,False,
physeval_ema_F_20260708_172828,844,23.783335,1783528117.511207,-0.302913,0.496862,0.0,-3.138302,0.2,0.2504,0.199848,-0.014017,camera_link,23.783335,gnm_closed_loop,,nominal,,True,ok,checkpoints/ablation_mnv2_ema0999/best.pt,5.14,0.2423,0.2504,0.0606,0.0038,0.2402,,,gnm_closed_loop,0.2,0.2504,False,0,,isaac_physics_smoke_20260708,,mnv2_ema0999,,,,,,,False,hospital_fresh_short_F,0.8029,True,0.2423,0.2504,0.2,0.2504,True,armed,False,
physeval_ema_F_20260708_172828,845,23.800001,1783528117.513205,-0.30624,0.496852,0.0,-3.138285,0.2,0.2504,0.199848,-0.014017,camera_link,23.800001,gnm_closed_loop,,nominal,,True,ok,checkpoints/ablation_mnv2_ema0999/best.pt,5.14,0.2423,0.2504,0.0606,0.0038,0.2402,,,gnm_closed_loop,0.2,0.2504,False,0,,isaac_physics_smoke_20260708,,mnv2_ema0999,,,,,,,False,hospital_fresh_short_F,0.8062,True,0.2423,0.2504,0.2,0.2504,True,armed,False,
physeval_ema_F_20260708_172828,846,23.816668,1783528117.532016,-0.309566,0.496843,0.0,-3.138268,0.2,0.2156,0.199731,-0.019592,camera_link,23.816668,gnm_closed_loop,,nominal,,True,ok,checkpoints/ablation_mnv2_ema0999/best.pt,5.28,0.2688,0.2156,0.0672,0.0036,0.2353,,,gnm_closed_loop,0.2,0.2156,False,0,,isaac_physics_smoke_20260708,,mnv2_ema0999,,,,,,,False,hospital_fresh_short_F,0.8096,True,0.2688,0.2156,0.2,0.2156,True,armed,False,
physeval_ema_F_20260708_172828,847,23.833335,1783528117.534442,-0.312891,0.496833,0.0,-3.138254,0.2,0.2156,0.199731,-0.019592,camera_link,23.833335,gnm_closed_loop,,nominal,,True,ok,checkpoints/ablation_mnv2_ema0999/best.pt,5.28,0.2688,0.2156,0.0672,0.0036,0.2353,,,gnm_closed_loop,0.2,0.2156,False,0,,isaac_physics_smoke_20260708,,mnv2_ema0999,,,,,,,False,hospital_fresh_short_F,0.8129,True,0.2688,0.2156,0.2,0.2156,True,armed,False,
physeval_ema_F_20260708_172828,848,23.850001,1783528117.536313,-0.316217,0.496823,0.0,-3.13824,0.2,0.2156,0.199731,-0.019592,camera_link,23.850001,gnm_closed_loop,,nominal,,True,ok,checkpoints/ablation_mnv2_ema0999/best.pt,5.28,0.2688,0.2156,0.0672,0.0036,0.2353,,,gnm_closed_loop,0.2,0.2156,False,0,,isaac_physics_smoke_20260708,,mnv2_ema0999,,,,,,,False,hospital_fresh_short_F,0.8162,True,0.2688,0.2156,0.2,0.2156,True,armed,False,
physeval_ema_F_20260708_172828,849,23.866668,1783528117.55209,-0.319543,0.496813,0.0,-3.138226,0.2,0.1592,0.199816,-0.015545,camera_link,23.866668,gnm_closed_loop,,nominal,,True,ok,checkpoints/ablation_mnv2_ema0999/best.pt,4.56,0.3406,0.1592,0.0852,0.0034,0.2318,,,gnm_closed_loop,0.2,0.1592,False,0,,isaac_physics_smoke_20260708,,mnv2_ema0999,,,,,,,False,hospital_fresh_short_F,0.8195,True,0.3406,0.1592,0.2,0.1592,True,armed,False,
physeval_ema_F_20260708_172828,850,23.883335,1783528117.55451,-0.322869,0.496802,0.0,-3.138218,0.2,0.1592,0.199816,-0.015545,camera_link,23.883335,gnm_closed_loop,,nominal,,True,ok,checkpoints/ablation_mnv2_ema0999/best.pt,4.56,0.3406,0.1592,0.0852,0.0034,0.2318,,,gnm_closed_loop,0.2,0.1592,False,0,,isaac_physics_smoke_20260708,,mnv2_ema0999,,,,,,,False,hospital_fresh_short_F,0.8229,True,0.3406,0.1592,0.2,0.1592,True,armed,False,
physeval_ema_F_20260708_172828,851,23.900001,1783528117.556395,-0.326193,0.496792,0.0,-3.138209,0.2,0.1592,0.199816,-0.015545,camera_link,23.900001,gnm_closed_loop,,nominal,,True,ok,checkpoints/ablation_mnv2_ema0999/best.pt,4.56,0.3406,0.1592,0.0852,0.0034,0.2318,,,gnm_closed_loop,0.2,0.1592,False,0,,isaac_physics_smoke_20260708,,mnv2_ema0999,,,,,,,False,hospital_fresh_short_F,0.8262,True,0.3406,0.1592,0.2,0.1592,True,armed,False,
physeval_ema_F_20260708_172828,852,23.916668,1783528117.572212,-0.329519,0.496781,0.0,-3.138201,0.2,0.1049,0.199834,-0.010426,camera_link,23.916668,gnm_closed_loop,,nominal,,True,ok,checkpoints/ablation_mnv2_ema0999/best.pt,4.67,0.4234,0.1049,0.1058,0.0028,0.2363,,,gnm_closed_loop,0.2,0.1049,False,0,,isaac_physics_smoke_20260708,,mnv2_ema0999,,,,,,,False,hospital_fresh_short_F,0.8295,True,0.4234,0.1049,0.2,0.1049,True,armed,False,
physeval_ema_F_20260708_172828,853,23.933335,1783528117.574605,-0.332843,0.49677,0.0,-3.138197,0.2,0.1049,0.199834,-0.010426,camera_link,23.933335,gnm_closed_loop,,nominal,,True,ok,checkpoints/ablation_mnv2_ema0999/best.pt,4.67,0.4234,0.1049,0.1058,0.0028,0.2363,,,gnm_closed_loop,0.2,0.1049,False,0,,isaac_physics_smoke_20260708,,mnv2_ema0999,,,,,,,False,hospital_fresh_short_F,0.8328,True,0.4234,0.1049,0.2,0.1049,True,armed,False,
physeval_ema_F_20260708_172828,854,23.950001,1783528117.576616,-0.336168,0.496759,0.0,-3.138192,0.2,0.1049,0.199834,-0.010426,camera_link,23.950001,gnm_closed_loop,,nominal,,True,ok,checkpoints/ablation_mnv2_ema0999/best.pt,4.67,0.4234,0.1049,0.1058,0.0028,0.2363,,,gnm_closed_loop,0.2,0.1049,False,0,,isaac_physics_smoke_20260708,,mnv2_ema0999,,,,,,,False,hospital_fresh_short_F,0.8362,True,0.4234,0.1049,0.2,0.1049,True,armed,False,
physeval_ema_F_20260708_172828,855,23.966668,1783528117.593662,-0.339493,0.496748,0.0,-3.138188,0.2,0.0879,0.1999,-0.006334,camera_link,23.966668,gnm_closed_loop,,nominal,,True,ok,checkpoints/ablation_mnv2_ema0999/best.pt,4.0,0.4528,0.0879,0.1132,0.0025,0.2415,,,gnm_closed_loop,0.2,0.0879,False,0,,isaac_physics_smoke_20260708,,mnv2_ema0999,,,,,,,False,hospital_fresh_short_F,0.8395,True,0.4528,0.0879,0.2,0.0879,True,armed,False,
physeval_ema_F_20260708_172828,856,23.983335,1783528117.596207,-0.342818,0.496737,0.0,-3.138185,0.2,0.0879,0.1999,-0.006334,camera_link,23.983335,gnm_closed_loop,,nominal,,True,ok,checkpoints/ablation_mnv2_ema0999/best.pt,4.0,0.4528,0.0879,0.1132,0.0025,0.2415,,,gnm_closed_loop,0.2,0.0879,False,0,,isaac_physics_smoke_20260708,,mnv2_ema0999,,,,,,,False,hospital_fresh_short_F,0.8428,True,0.4528,0.0879,0.2,0.0879,True,armed,False,
physeval_ema_F_20260708_172828,857,24.000001,1783528117.598556,-0.346143,0.496726,0.0,-3.138182,0.2,0.0879,0.1999,-0.006334,camera_link,24.000001,gnm_closed_loop,,nominal,,True,ok,checkpoints/ablation_mnv2_ema0999/best.pt,4.0,0.4528,0.0879,0.1132,0.0025,0.2415,,,gnm_closed_loop,0.2,0.0879,False,0,,isaac_physics_smoke_20260708,,mnv2_ema0999,,,,,,,False,hospital_fresh_short_F,0.8461,True,0.4528,0.0879,0.2,0.0879,True,armed,False,
physeval_ema_F_20260708_172828,858,24.016668,1783528117.618478,-0.349468,0.496714,0.0,-3.138179,0.2,0.0933,0.199874,-0.004564,camera_link,24.016668,gnm_closed_loop,,nominal,,True,ok,checkpoints/ablation_mnv2_ema0999/best.pt,6.08,0.4577,0.0933,0.1144,0.0027,0.2429,,,gnm_closed_loop,0.2,0.0933,False,0,,isaac_physics_smoke_20260708,,mnv2_ema0999,,,,,,,False,hospital_fresh_short_F,0.8495,True,0.4577,0.0933,0.2,0.0933,True,armed,False,
physeval_ema_F_20260708_172828,859,24.033335,1783528117.623254,-0.352793,0.496703,0.0,-3.138175,0.2,0.0933,0.199874,-0.004564,camera_link,24.033335,gnm_closed_loop,,nominal,,True,ok,checkpoints/ablation_mnv2_ema0999/best.pt,6.08,0.4577,0.0933,0.1144,0.0027,0.2429,,,gnm_closed_loop,0.2,0.0933,False,0,,isaac_physics_smoke_20260708,,mnv2_ema0999,,,,,,,False,hospital_fresh_short_F,0.8528,True,0.4577,0.0933,0.2,0.0933,True,armed,False,
physeval_ema_F_20260708_172828,860,24.050001,1783528117.627868,-0.356118,0.496692,0.0,-3.138172,0.2,0.0933,0.199874,-0.004564,camera_link,24.050001,gnm_closed_loop,,nominal,,True,ok,checkpoints/ablation_mnv2_ema0999/best.pt,6.08,0.4577,0.0933,0.1144,0.0027,0.2429,,,gnm_closed_loop,0.2,0.0933,False,0,,isaac_physics_smoke_20260708,,mnv2_ema0999,,,,,,,False,hospital_fresh_short_F,0.8561,True,0.4577,0.0933,0.2,0.0933,True,armed,False,
physeval_ema_F_20260708_172828,861,24.066668,1783528117.654901,-0.359443,0.496681,0.0,-3.138168,0.2,0.1109,0.199883,-0.004296,camera_link,24.066668,gnm_closed_loop,,nominal,,True,ok,checkpoints/ablation_mnv2_ema0999/best.pt,7.2,0.431,0.1109,0.1077,0.003,0.2401,,,gnm_closed_loop,0.2,0.1109,False,0,,isaac_physics_smoke_20260708,,mnv2_ema0999,,,,,,,False,hospital_fresh_short_F,0.8594,True,0.431,0.1109,0.2,0.1109,True,armed,False,
physeval_ema_F_20260708_172828,862,24.083335,1783528117.659321,-0.362768,0.49667,0.0,-3.138164,0.2,0.1109,0.199883,-0.004296,camera_link,24.083335,gnm_closed_loop,,nominal,,True,ok,checkpoints/ablation_mnv2_ema0999/best.pt,7.2,0.431,0.1109,0.1077,0.003,0.2401,,,gnm_closed_loop,0.2,0.1109,False,0,,isaac_physics_smoke_20260708,,mnv2_ema0999,,,,,,,False,hospital_fresh_short_F,0.8628,True,0.431,0.1109,0.2,0.1109,True,armed,False,
physeval_ema_F_20260708_172828,863,24.100001,1783528117.663984,-0.366093,0.496658,0.0,-3.13816,0.2,0.1109,0.199883,-0.004296,camera_link,24.100001,gnm_closed_loop,,nominal,,True,ok,checkpoints/ablation_mnv2_ema0999/best.pt,7.2,0.431,0.1109,0.1077,0.003,0.2401,,,gnm_closed_loop,0.2,0.1109,False,0,,isaac_physics_smoke_20260708,,mnv2_ema0999,,,,,,,False,hospital_fresh_short_F,0.8661,True,0.431,0.1109,0.2,0.1109,True,armed,False,
physeval_ema_F_20260708_172828,864,24.116668,1783528117.685624,-0.369418,0.496647,0.0,-3.138154,0.2,0.1401,0.199886,-0.006809,camera_link,24.116668,gnm_closed_loop,,nominal,,True,ok,checkpoints/ablation_mnv2_ema0999/best.pt,4.54,0.3731,0.1401,0.0933,0.0033,0.2377,,,gnm_closed_loop,0.2,0.1401,False,0,,isaac_physics_smoke_20260708,,mnv2_ema0999,,,,,,,False,hospital_fresh_short_F,0.8694,True,0.3731,0.1401,0.2,0.1401,True,armed,False,
physeval_ema_F_20260708_172828,865,24.133335,1783528117.688565,-0.372743,0.496636,0.0,-3.138148,0.2,0.1401,0.199886,-0.006809,camera_link,24.133335,gnm_closed_loop,,nominal,,True,ok,checkpoints/ablation_mnv2_ema0999/best.pt,4.54,0.3731,0.1401,0.0933,0.0033,0.2377,,,gnm_closed_loop,0.2,0.1401,False,0,,isaac_physics_smoke_20260708,,mnv2_ema0999,,,,,,,False,hospital_fresh_short_F,0.8727,True,0.3731,0.1401,0.2,0.1401,True,armed,False,
physeval_ema_F_20260708_172828,866,24.150001,1783528117.690604,-0.376068,0.496625,0.0,-3.138142,0.2,0.1401,0.199886,-0.006809,camera_link,24.150001,gnm_closed_loop,,nominal,,True,ok,checkpoints/ablation_mnv2_ema0999/best.pt,4.54,0.3731,0.1401,0.0933,0.0033,0.2377,,,gnm_closed_loop,0.2,0.1401,False,0,,isaac_physics_smoke_20260708,,mnv2_ema0999,,,,,,,False,hospital_fresh_short_F,0.8761,True,0.3731,0.1401,0.2,0.1401,True,armed,False,
physeval_ema_F_20260708_172828,867,24.166668,1783528117.707371,-0.379394,0.496613,0.0,-3.138136,0.2,0.1346,0.199913,-0.008996,camera_link,24.166668,gnm_closed_loop,,nominal,,True,ok,checkpoints/ablation_mnv2_ema0999/best.pt,5.85,0.3619,0.1346,0.0905,0.003,0.2298,,,gnm_closed_loop,0.2,0.1346,False,0,,isaac_physics_smoke_20260708,,mnv2_ema0999,,,,,,,False,hospital_fresh_short_F,0.8794,True,0.3619,0.1346,0.2,0.1346,True,armed,False,
physeval_ema_F_20260708_172828,868,24.183335,1783528117.709872,-0.382719,0.496602,0.0,-3.138129,0.2,0.1346,0.199913,-0.008996,camera_link,24.183335,gnm_closed_loop,,nominal,,True,ok,checkpoints/ablation_mnv2_ema0999/best.pt,5.85,0.3619,0.1346,0.0905,0.003,0.2298,,,gnm_closed_loop,0.2,0.1346,False,0,,isaac_physics_smoke_20260708,,mnv2_ema0999,,,,,,,False,hospital_fresh_short_F,0.8827,True,0.3619,0.1346,0.2,0.1346,True,armed,False,
physeval_ema_F_20260708_172828,869,24.200001,1783528117.711853,-0.386044,0.496591,0.0,-3.138123,0.2,0.1346,0.199913,-0.008996,camera_link,24.200001,gnm_closed_loop,,nominal,,True,ok,checkpoints/ablation_mnv2_ema0999/best.pt,5.85,0.3619,0.1346,0.0905,0.003,0.2298,,,gnm_closed_loop,0.2,0.1346,False,0,,isaac_physics_smoke_20260708,,mnv2_ema0999,,,,,,,False,hospital_fresh_short_F,0.8861,True,0.3619,0.1346,0.2,0.1346,True,armed,False,
physeval_ema_F_20260708_172828,870,24.216668,1783528117.728174,-0.38937,0.49658,0.0,-3.138116,0.2,0.114,0.19993,-0.008944,camera_link,24.216668,gnm_closed_loop,,nominal,,True,ok,checkpoints/ablation_mnv2_ema0999/best.pt,4.88,0.3939,0.114,0.0985,0.0028,0.2347,,,gnm_closed_loop,0.2,0.114,False,0,,isaac_physics_smoke_20260708,,mnv2_ema0999,,,,,,,False,hospital_fresh_short_F,0.8894,True,0.3939,0.114,0.2,0.114,True,armed,False,
physeval_ema_F_20260708_172828,871,24.233335,1783528117.730628,-0.392695,0.496568,0.0,-3.138111,0.2,0.114,0.19993,-0.008944,camera_link,24.233335,gnm_closed_loop,,nominal,,True,ok,checkpoints/ablation_mnv2_ema0999/best.pt,4.88,0.3939,0.114,0.0985,0.0028,0.2347,,,gnm_closed_loop,0.2,0.114,False,0,,isaac_physics_smoke_20260708,,mnv2_ema0999,,,,,,,False,hospital_fresh_short_F,0.8927,True,0.3939,0.114,0.2,0.114,True,armed,False,
physeval_ema_F_20260708_172828,872,24.250001,1783528117.733212,-0.396021,0.496557,0.0,-3.138106,0.2,0.114,0.19993,-0.008944,camera_link,24.250001,gnm_closed_loop,,nominal,,True,ok,checkpoints/ablation_mnv2_ema0999/best.pt,4.88,0.3939,0.114,0.0985,0.0028,0.2347,,,gnm_closed_loop,0.2,0.114,False,0,,isaac_physics_smoke_20260708,,mnv2_ema0999,,,,,,,False,hospital_fresh_short_F,0.896,True,0.3939,0.114,0.2,0.114,True,armed,False,
physeval_ema_F_20260708_172828,873,24.266668,1783528117.753417,-0.399345,0.496545,0.0,-3.1381,0.2,0.1104,0.199896,-0.007183,camera_link,24.266668,gnm_closed_loop,,nominal,,True,ok,checkpoints/ablation_mnv2_ema0999/best.pt,6.26,0.4118,0.1104,0.103,0.0028,0.2335,,,gnm_closed_loop,0.2,0.1104,False,0,,isaac_physics_smoke_20260708,,mnv2_ema0999,,,,,,,False,hospital_fresh_short_F,0.8994,True,0.4118,0.1104,0.2,0.1104,True,armed,False,
physeval_ema_F_20260708_172828,874,24.283335,1783528117.756149,-0.402671,0.496534,0.0,-3.138096,0.2,0.1104,0.199896,-0.007183,camera_link,24.283335,gnm_closed_loop,,nominal,,True,ok,checkpoints/ablation_mnv2_ema0999/best.pt,6.26,0.4118,0.1104,0.103,0.0028,0.2335,,,gnm_closed_loop,0.2,0.1104,False,0,,isaac_physics_smoke_20260708,,mnv2_ema0999,,,,,,,False,hospital_fresh_short_F,0.9027,True,0.4118,0.1104,0.2,0.1104,True,armed,False,
physeval_ema_F_20260708_172828,875,24.300001,1783528117.758091,-0.405996,0.496522,0.0,-3.138092,0.2,0.1104,0.199896,-0.007183,camera_link,24.300001,gnm_closed_loop,,nominal,,True,ok,checkpoints/ablation_mnv2_ema0999/best.pt,6.26,0.4118,0.1104,0.103,0.0028,0.2335,,,gnm_closed_loop,0.2,0.1104,False,0,,isaac_physics_smoke_20260708,,mnv2_ema0999,,,,,,,False,hospital_fresh_short_F,0.906,True,0.4118,0.1104,0.2,0.1104,True,armed,False,
physeval_ema_F_20260708_172828,876,24.316668,1783528117.779876,-0.409321,0.496511,0.0,-3.138087,0.2,0.1145,0.199876,-0.00614,camera_link,24.316668,gnm_closed_loop,,nominal,,True,ok,checkpoints/ablation_mnv2_ema0999/best.pt,7.96,0.406,0.1145,0.1015,0.0029,0.2328,,,gnm_closed_loop,0.2,0.1145,False,0,,isaac_physics_smoke_20260708,,mnv2_ema0999,,,,,,,False,hospital_fresh_short_F,0.9093,True,0.406,0.1145,0.2,0.1145,True,armed,False,
physeval_ema_F_20260708_172828,877,24.333335,1783528117.782676,-0.412646,0.4965,0.0,-3.138082,0.2,0.1145,0.199876,-0.00614,camera_link,24.333335,gnm_closed_loop,,nominal,,True,ok,checkpoints/ablation_mnv2_ema0999/best.pt,7.96,0.406,0.1145,0.1015,0.0029,0.2328,,,gnm_closed_loop,0.2,0.1145,False,0,,isaac_physics_smoke_20260708,,mnv2_ema0999,,,,,,,False,hospital_fresh_short_F,0.9127,True,0.406,0.1145,0.2,0.1145,True,armed,False,
physeval_ema_F_20260708_172828,878,24.350001,1783528117.78482,-0.415971,0.496488,0.0,-3.138078,0.2,0.1145,0.199876,-0.00614,camera_link,24.350001,gnm_closed_loop,,nominal,,True,ok,checkpoints/ablation_mnv2_ema0999/best.pt,7.96,0.406,0.1145,0.1015,0.0029,0.2328,,,gnm_closed_loop,0.2,0.1145,False,0,,isaac_physics_smoke_20260708,,mnv2_ema0999,,,,,,,False,hospital_fresh_short_F,0.916,True,0.406,0.1145,0.2,0.1145,True,armed,False,
physeval_ema_F_20260708_172828,879,24.366668,1783528117.80483,-0.419296,0.496477,0.0,-3.138073,0.2,0.1112,0.199897,-0.006937,camera_link,24.366668,gnm_closed_loop,,nominal,,True,ok,checkpoints/ablation_mnv2_ema0999/best.pt,5.09,0.4051,0.1112,0.1013,0.0028,0.2356,,,gnm_closed_loop,0.2,0.1112,False,0,,isaac_physics_smoke_20260708,,mnv2_ema0999,,,,,,,False,hospital_fresh_short_F,0.9193,True,0.4051,0.1112,0.2,0.1112,True,armed,False,
physeval_ema_F_20260708_172828,880,24.383335,1783528117.807482,-0.422621,0.496465,0.0,-3.138068,0.2,0.1112,0.199897,-0.006937,camera_link,24.383335,gnm_closed_loop,,nominal,,True,ok,checkpoints/ablation_mnv2_ema0999/best.pt,5.09,0.4051,0.1112,0.1013,0.0028,0.2356,,,gnm_closed_loop,0.2,0.1112,False,0,,isaac_physics_smoke_20260708,,mnv2_ema0999,,,,,,,False,hospital_fresh_short_F,0.9226,True,0.4051,0.1112,0.2,0.1112,True,armed,False,
physeval_ema_F_20260708_172828,881,24.400001,1783528117.809555,-0.425946,0.496453,0.0,-3.138064,0.2,0.1112,0.199897,-0.006937,camera_link,24.400001,gnm_closed_loop,,nominal,,True,ok,checkpoints/ablation_mnv2_ema0999/best.pt,5.09,0.4051,0.1112,0.1013,0.0028,0.2356,,,gnm_closed_loop,0.2,0.1112,False,0,,isaac_physics_smoke_20260708,,mnv2_ema0999,,,,,,,False,hospital_fresh_short_F,0.926,True,0.4051,0.1112,0.2,0.1112,True,armed,False,
physeval_ema_F_20260708_172828,882,24.416668,1783528117.825502,-0.429271,0.496442,0.0,-3.138059,0.2,0.1134,0.199897,-0.007279,camera_link,24.416668,gnm_closed_loop,,nominal,,True,ok,checkpoints/ablation_mnv2_ema0999/best.pt,5.4,0.3991,0.1134,0.0998,0.0028,0.2365,,,gnm_closed_loop,0.2,0.1134,False,0,,isaac_physics_smoke_20260708,,mnv2_ema0999,,,,,,,False,hospital_fresh_short_F,0.9293,True,0.3991,0.1134,0.2,0.1134,True,armed,False,
physeval_ema_F_20260708_172828,883,24.433335,1783528117.828657,-0.432596,0.49643,0.0,-3.138054,0.2,0.1134,0.199897,-0.007279,camera_link,24.433335,gnm_closed_loop,,nominal,,True,ok,checkpoints/ablation_mnv2_ema0999/best.pt,5.4,0.3991,0.1134,0.0998,0.0028,0.2365,,,gnm_closed_loop,0.2,0.1134,False,0,,isaac_physics_smoke_20260708,,mnv2_ema0999,,,,,,,False,hospital_fresh_short_F,0.9326,True,0.3991,0.1134,0.2,0.1134,True,armed,False,
physeval_ema_F_20260708_172828,884,24.450001,1783528117.830691,-0.435922,0.496419,0.0,-3.138049,0.2,0.1134,0.199897,-0.007279,camera_link,24.450001,gnm_closed_loop,,nominal,,True,ok,checkpoints/ablation_mnv2_ema0999/best.pt,5.4,0.3991,0.1134,0.0998,0.0028,0.2365,,,gnm_closed_loop,0.2,0.1134,False,0,,isaac_physics_smoke_20260708,,mnv2_ema0999,,,,,,,False,hospital_fresh_short_F,0.9359,True,0.3991,0.1134,0.2,0.1134,True,armed,False,
physeval_ema_F_20260708_172828,885,24.466668,1783528117.849013,-0.439247,0.496407,0.0,-3.138043,0.2,0.1273,0.199921,-0.007188,camera_link,24.466668,gnm_closed_loop,,nominal,,True,ok,checkpoints/ablation_mnv2_ema0999/best.pt,5.52,0.374,0.1273,0.0935,0.003,0.2363,,,gnm_closed_loop,0.2,0.1273,False,0,,isaac_physics_smoke_20260708,,mnv2_ema0999,,,,,,,False,hospital_fresh_short_F,0.9393,True,0.374,0.1273,0.2,0.1273,True,armed,False,
physeval_ema_F_20260708_172828,886,24.483335,1783528117.851765,-0.442572,0.496395,0.0,-3.138037,0.2,0.1273,0.199921,-0.007188,camera_link,24.483335,gnm_closed_loop,,nominal,,True,ok,checkpoints/ablation_mnv2_ema0999/best.pt,5.52,0.374,0.1273,0.0935,0.003,0.2363,,,gnm_closed_loop,0.2,0.1273,False,0,,isaac_physics_smoke_20260708,,mnv2_ema0999,,,,,,,False,hospital_fresh_short_F,0.9426,True,0.374,0.1273,0.2,0.1273,True,armed,False,
physeval_ema_F_20260708_172828,887,24.500001,1783528117.854036,-0.445897,0.496384,0.0,-3.138031,0.2,0.1273,0.199921,-0.007188,camera_link,24.500001,gnm_closed_loop,,nominal,,True,ok,checkpoints/ablation_mnv2_ema0999/best.pt,5.52,0.374,0.1273,0.0935,0.003,0.2363,,,gnm_closed_loop,0.2,0.1273,False,0,,isaac_physics_smoke_20260708,,mnv2_ema0999,,,,,,,False,hospital_fresh_short_F,0.9459,True,0.374,0.1273,0.2,0.1273,True,armed,False,
physeval_ema_F_20260708_172828,888,24.516668,1783528117.873874,-0.449223,0.496372,0.0,-3.138024,0.2,0.1312,0.199948,-0.008378,camera_link,24.516668,gnm_closed_loop,,nominal,,True,ok,checkpoints/ablation_mnv2_ema0999/best.pt,6.17,0.3642,0.1312,0.0911,0.003,0.2384,,,gnm_closed_loop,0.2,0.1312,False,0,,isaac_physics_smoke_20260708,,mnv2_ema0999,,,,,,,False,hospital_fresh_short_F,0.9492,True,0.3642,0.1312,0.2,0.1312,True,armed,False,
physeval_ema_F_20260708_172828,889,24.533335,1783528117.876469,-0.452548,0.49636,0.0,-3.138018,0.2,0.1312,0.199948,-0.008378,camera_link,24.533335,gnm_closed_loop,,nominal,,True,ok,checkpoints/ablation_mnv2_ema0999/best.pt,6.17,0.3642,0.1312,0.0911,0.003,0.2384,,,gnm_closed_loop,0.2,0.1312,False,0,,isaac_physics_smoke_20260708,,mnv2_ema0999,,,,,,,False,hospital_fresh_short_F,0.9526,True,0.3642,0.1312,0.2,0.1312,True,armed,False,
physeval_ema_F_20260708_172828,890,24.550001,1783528117.879306,-0.455874,0.496349,0.0,-3.138011,0.2,0.1312,0.199948,-0.008378,camera_link,24.550001,gnm_closed_loop,,nominal,,True,ok,checkpoints/ablation_mnv2_ema0999/best.pt,6.17,0.3642,0.1312,0.0911,0.003,0.2384,,,gnm_closed_loop,0.2,0.1312,False,0,,isaac_physics_smoke_20260708,,mnv2_ema0999,,,,,,,False,hospital_fresh_short_F,0.9559,True,0.3642,0.1312,0.2,0.1312,True,armed,False,
physeval_ema_F_20260708_172828,891,24.566668,1783528117.898115,-0.459199,0.496337,0.0,-3.138005,0.2,0.1533,0.199955,-0.008068,camera_link,24.566668,gnm_closed_loop,,nominal,,True,ok,checkpoints/ablation_mnv2_ema0999/best.pt,4.82,0.3247,0.1533,0.0812,0.0031,0.2427,,,gnm_closed_loop,0.2,0.1533,False,0,,isaac_physics_smoke_20260708,,mnv2_ema0999,,,,,,,False,hospital_fresh_short_F,0.9592,True,0.3247,0.1533,0.2,0.1533,True,armed,False,
physeval_ema_F_20260708_172828,892,24.583335,1783528117.901622,-0.462524,0.496325,0.0,-3.137997,0.2,0.1533,0.199955,-0.008068,camera_link,24.583335,gnm_closed_loop,,nominal,,True,ok,checkpoints/ablation_mnv2_ema0999/best.pt,4.82,0.3247,0.1533,0.0812,0.0031,0.2427,,,gnm_closed_loop,0.2,0.1533,False,0,,isaac_physics_smoke_20260708,,mnv2_ema0999,,,,,,,False,hospital_fresh_short_F,0.9625,True,0.3247,0.1533,0.2,0.1533,True,armed,False,
physeval_ema_F_20260708_172828,893,24.600001,1783528117.903471,-0.46585,0.496314,0.0,-3.137991,0.2,0.1533,0.199955,-0.008068,camera_link,24.600001,gnm_closed_loop,,nominal,,True,ok,checkpoints/ablation_mnv2_ema0999/best.pt,4.82,0.3247,0.1533,0.0812,0.0031,0.2427,,,gnm_closed_loop,0.2,0.1533,False,0,,isaac_physics_smoke_20260708,,mnv2_ema0999,,,,,,,False,hospital_fresh_short_F,0.9659,True,0.3247,0.1533,0.2,0.1533,True,armed,False,
physeval_ema_F_20260708_172828,894,24.616668,1783528117.919358,-0.469176,0.496302,0.0,-3.137984,0.2,0.1601,0.199935,-0.009233,camera_link,24.616668,gnm_closed_loop,,nominal,,True,ok,checkpoints/ablation_mnv2_ema0999/best.pt,4.82,0.3081,0.1601,0.077,0.0031,0.2457,,,gnm_closed_loop,0.2,0.1601,False,0,,isaac_physics_smoke_20260708,,mnv2_ema0999,,,,,,,False,hospital_fresh_short_F,0.9692,True,0.3081,0.1601,0.2,0.1601,True,armed,False,
physeval_ema_F_20260708_172828,895,24.633335,1783528117.921717,-0.472501,0.49629,0.0,-3.137977,0.2,0.1601,0.199935,-0.009233,camera_link,24.633335,gnm_closed_loop,,nominal,,True,ok,checkpoints/ablation_mnv2_ema0999/best.pt,4.82,0.3081,0.1601,0.077,0.0031,0.2457,,,gnm_closed_loop,0.2,0.1601,False,0,,isaac_physics_smoke_20260708,,mnv2_ema0999,,,,,,,False,hospital_fresh_short_F,0.9725,True,0.3081,0.1601,0.2,0.1601,True,armed,False,
physeval_ema_F_20260708_172828,896,24.650001,1783528117.9238,-0.475827,0.496278,0.0,-3.13797,0.2,0.1601,0.199935,-0.009233,camera_link,24.650001,gnm_closed_loop,,nominal,,True,ok,checkpoints/ablation_mnv2_ema0999/best.pt,4.82,0.3081,0.1601,0.077,0.0031,0.2457,,,gnm_closed_loop,0.2,0.1601,False,0,,isaac_physics_smoke_20260708,,mnv2_ema0999,,,,,,,False,hospital_fresh_short_F,0.9758,True,0.3081,0.1601,0.2,0.1601,True,armed,False,
physeval_ema_F_20260708_172828,897,24.666668,1783528117.938822,-0.479153,0.496266,0.0,-3.137963,0.2,0.1442,0.199895,-0.009782,camera_link,24.666668,gnm_closed_loop,,nominal,,True,ok,checkpoints/ablation_mnv2_ema0999/best.pt,4.6,0.3199,0.1442,0.08,0.0029,0.2495,,,gnm_closed_loop,0.2,0.1442,False,0,,isaac_physics_smoke_20260708,,mnv2_ema0999,,,,,,,False,hospital_fresh_short_F,0.9792,True,0.3199,0.1442,0.2,0.1442,True,armed,False,
physeval_ema_F_20260708_172828,898,24.683335,1783528117.94154,-0.482479,0.496255,0.0,-3.137956,0.2,0.1442,0.199895,-0.009782,camera_link,24.683335,gnm_closed_loop,,nominal,,True,ok,checkpoints/ablation_mnv2_ema0999/best.pt,4.6,0.3199,0.1442,0.08,0.0029,0.2495,,,gnm_closed_loop,0.2,0.1442,False,0,,isaac_physics_smoke_20260708,,mnv2_ema0999,,,,,,,False,hospital_fresh_short_F,0.9825,True,0.3199,0.1442,0.2,0.1442,True,armed,False,
physeval_ema_F_20260708_172828,899,24.700001,1783528117.943531,-0.485804,0.496242,0.0,-3.13795,0.2,0.1442,0.199895,-0.009782,camera_link,24.700001,gnm_closed_loop,,nominal,,True,ok,checkpoints/ablation_mnv2_ema0999/best.pt,4.6,0.3199,0.1442,0.08,0.0029,0.2495,,,gnm_closed_loop,0.2,0.1442,False,0,,isaac_physics_smoke_20260708,,mnv2_ema0999,,,,,,,False,hospital_fresh_short_F,0.9858,True,0.3199,0.1442,0.2,0.1442,True,armed,False,
physeval_ema_F_20260708_172828,900,24.716668,1783528117.953377,-0.487762,0.496234,7e-06,-3.138016,0.0,0.0,0.08542,-0.005218,camera_link,24.716668,gnm_closed_loop,,nominal,post-episode zero hold,True,ok,checkpoints/ablation_mnv2_ema0999/best.pt,4.6,0.3199,0.1442,0.08,0.0029,0.2495,,,gnm_closed_loop,0.0,0.0,False,0,,isaac_physics_smoke_20260708,,mnv2_ema0999,,,,,,,False,hospital_fresh_short_F,0.9878,True,,,0.0,0.0,False,zeroed_hold,False,
physeval_ema_F_20260708_172828,901,24.733335,1783528117.955439,-0.488456,0.49623,-0.0,-3.138033,0.0,0.0,0.08542,-0.005218,camera_link,24.733335,gnm_closed_loop,,nominal,post-episode zero hold,True,ok,checkpoints/ablation_mnv2_ema0999/best.pt,4.6,0.3199,0.1442,0.08,0.0029,0.2495,,,gnm_closed_loop,0.0,0.0,False,0,,isaac_physics_smoke_20260708,,mnv2_ema0999,,,,,,,False,hospital_fresh_short_F,0.9885,True,,,0.0,0.0,False,zeroed_hold,False,
physeval_ema_F_20260708_172828,902,24.750001,1783528117.958134,-0.488605,0.49623,-0.0,-3.138033,0.0,0.0,0.08542,-0.005218,camera_link,24.750001,gnm_closed_loop,,nominal,post-episode zero hold,True,ok,checkpoints/ablation_mnv2_ema0999/best.pt,4.6,0.3199,0.1442,0.08,0.0029,0.2495,,,gnm_closed_loop,0.0,0.0,False,0,,isaac_physics_smoke_20260708,,mnv2_ema0999,,,,,,,False,hospital_fresh_short_F,0.9886,True,,,0.0,0.0,False,zeroed_hold,False,
physeval_ema_F_20260708_172828,903,24.766668,1783528117.967547,-0.488617,0.49623,0.0,-3.138033,0.0,0.0,0.000236,0.000125,camera_link,24.766668,gnm_closed_loop,,nominal,post-episode zero hold,True,ok,checkpoints/ablation_mnv2_ema0999/best.pt,4.6,0.3199,0.1442,0.08,0.0029,0.2495,,,gnm_closed_loop,0.0,0.0,False,0,,isaac_physics_smoke_20260708,,mnv2_ema0999,,,,,,,False,hospital_fresh_short_F,0.9886,True,,,0.0,0.0,False,zeroed_hold,False,
physeval_ema_F_20260708_172828,904,24.783335,1783528117.969494,-0.48861,0.49623,0.0,-3.138033,0.0,0.0,0.000236,0.000125,camera_link,24.783335,gnm_closed_loop,,nominal,post-episode zero hold,True,ok,checkpoints/ablation_mnv2_ema0999/best.pt,4.6,0.3199,0.1442,0.08,0.0029,0.2495,,,gnm_closed_loop,0.0,0.0,False,0,,isaac_physics_smoke_20260708,,mnv2_ema0999,,,,,,,False,hospital_fresh_short_F,0.9886,True,,,0.0,0.0,False,zeroed_hold,False,
physeval_ema_F_20260708_172828,905,24.800001,1783528117.97121,-0.488602,0.49623,0.0,-3.138033,0.0,0.0,0.000236,0.000125,camera_link,24.800001,gnm_closed_loop,,nominal,post-episode zero hold,True,ok,checkpoints/ablation_mnv2_ema0999/best.pt,4.6,0.3199,0.1442,0.08,0.0029,0.2495,,,gnm_closed_loop,0.0,0.0,False,0,,isaac_physics_smoke_20260708,,mnv2_ema0999,,,,,,,False,hospital_fresh_short_F,0.9886,True,,,0.0,0.0,False,zeroed_hold,False,
physeval_ema_F_20260708_172828,906,24.816668,1783528117.980906,-0.488593,0.49623,0.0,-3.138033,0.0,0.0,-0.000158,9e-05,camera_link,24.816668,gnm_closed_loop,,nominal,post-episode zero hold,True,ok,checkpoints/ablation_mnv2_ema0999/best.pt,4.6,0.3199,0.1442,0.08,0.0029,0.2495,,,gnm_closed_loop,0.0,0.0,False,0,,isaac_physics_smoke_20260708,,mnv2_ema0999,,,,,,,False,hospital_fresh_short_F,0.9886,True,,,0.0,0.0,False,zeroed_hold,False,
physeval_ema_F_20260708_172828,907,24.833335,1783528117.984186,-0.488585,0.49623,0.0,-3.138034,0.0,0.0,-0.000158,9e-05,camera_link,24.833335,gnm_closed_loop,,nominal,post-episode zero hold,True,ok,checkpoints/ablation_mnv2_ema0999/best.pt,4.6,0.3199,0.1442,0.08,0.0029,0.2495,,,gnm_closed_loop,0.0,0.0,False,0,,isaac_physics_smoke_20260708,,mnv2_ema0999,,,,,,,False,hospital_fresh_short_F,0.9886,True,,,0.0,0.0,False,zeroed_hold,False,
physeval_ema_F_20260708_172828,908,24.850001,1783528117.986017,-0.488576,0.49623,0.0,-3.138033,0.0,0.0,-0.000158,9e-05,camera_link,24.850001,gnm_closed_loop,,nominal,post-episode zero hold,True,ok,checkpoints/ablation_mnv2_ema0999/best.pt,4.6,0.3199,0.1442,0.08,0.0029,0.2495,,,gnm_closed_loop,0.0,0.0,False,0,,isaac_physics_smoke_20260708,,mnv2_ema0999,,,,,,,False,hospital_fresh_short_F,0.9886,True,,,0.0,0.0,False,zeroed_hold,False,
physeval_ema_F_20260708_172828,909,24.866668,1783528117.996443,-0.488568,0.49623,0.0,-3.138033,0.0,0.0,-0.00014,4.4e-05,camera_link,24.866668,gnm_closed_loop,,nominal,post-episode zero hold,True,ok,checkpoints/ablation_mnv2_ema0999/best.pt,4.6,0.3199,0.1442,0.08,0.0029,0.2495,,,gnm_closed_loop,0.0,0.0,False,0,,isaac_physics_smoke_20260708,,mnv2_ema0999,,,,,,,False,hospital_fresh_short_F,0.9886,True,,,0.0,0.0,False,zeroed_hold,False,
physeval_ema_F_20260708_172828,910,24.883335,1783528117.998478,-0.488559,0.49623,0.0,-3.138033,0.0,0.0,-0.00014,4.4e-05,camera_link,24.883335,gnm_closed_loop,,nominal,post-episode zero hold,True,ok,checkpoints/ablation_mnv2_ema0999/best.pt,4.6,0.3199,0.1442,0.08,0.0029,0.2495,,,gnm_closed_loop,0.0,0.0,False,0,,isaac_physics_smoke_20260708,,mnv2_ema0999,,,,,,,False,hospital_fresh_short_F,0.9886,True,,,0.0,0.0,False,zeroed_hold,False,
physeval_ema_F_20260708_172828,911,24.900001,1783528118.000247,-0.48855,0.49623,0.0,-3.138033,0.0,0.0,-0.00014,4.4e-05,camera_link,24.900001,gnm_closed_loop,,nominal,post-episode zero hold,True,ok,checkpoints/ablation_mnv2_ema0999/best.pt,4.6,0.3199,0.1442,0.08,0.0029,0.2495,,,gnm_closed_loop,0.0,0.0,False,0,,isaac_physics_smoke_20260708,,mnv2_ema0999,,,,,,,False,hospital_fresh_short_F,0.9886,True,,,0.0,0.0,False,zeroed_hold,False,
physeval_ema_F_20260708_172828,912,24.916668,1783528118.010668,-0.488542,0.49623,0.0,-3.138033,0.0,0.0,-0.000159,-0.000246,camera_link,24.916668,gnm_closed_loop,,nominal,post-episode zero hold,True,ok,checkpoints/ablation_mnv2_ema0999/best.pt,4.6,0.3199,0.1442,0.08,0.0029,0.2495,,,gnm_closed_loop,0.0,0.0,False,0,,isaac_physics_smoke_20260708,,mnv2_ema0999,,,,,,,False,hospital_fresh_short_F,0.9885,True,,,0.0,0.0,False,zeroed_hold,False,
physeval_ema_F_20260708_172828,913,24.933335,1783528118.012815,-0.488533,0.49623,0.0,-3.138033,0.0,0.0,-0.000159,-0.000246,camera_link,24.933335,gnm_closed_loop,,nominal,post-episode zero hold,True,ok,checkpoints/ablation_mnv2_ema0999/best.pt,4.6,0.3199,0.1442,0.08,0.0029,0.2495,,,gnm_closed_loop,0.0,0.0,False,0,,isaac_physics_smoke_20260708,,mnv2_ema0999,,,,,,,False,hospital_fresh_short_F,0.9885,True,,,0.0,0.0,False,zeroed_hold,False,
physeval_ema_F_20260708_172828,914,24.950001,1783528118.014635,-0.488524,0.49623,0.0,-3.138033,0.0,0.0,-0.000159,-0.000246,camera_link,24.950001,gnm_closed_loop,,nominal,post-episode zero hold,True,ok,checkpoints/ablation_mnv2_ema0999/best.pt,4.6,0.3199,0.1442,0.08,0.0029,0.2495,,,gnm_closed_loop,0.0,0.0,False,0,,isaac_physics_smoke_20260708,,mnv2_ema0999,,,,,,,False,hospital_fresh_short_F,0.9885,True,,,0.0,0.0,False,zeroed_hold,False,
physeval_ema_F_20260708_172828,915,24.966668,1783528118.024769,-0.488516,0.49623,0.0,-3.138033,0.0,0.0,-0.000152,9.9e-05,camera_link,24.966668,gnm_closed_loop,,nominal,post-episode zero hold,True,ok,checkpoints/ablation_mnv2_ema0999/best.pt,4.6,0.3199,0.1442,0.08,0.0029,0.2495,,,gnm_closed_loop,0.0,0.0,False,0,,isaac_physics_smoke_20260708,,mnv2_ema0999,,,,,,,False,hospital_fresh_short_F,0.9885,True,,,0.0,0.0,False,zeroed_hold,False,
physeval_ema_F_20260708_172828,916,24.983335,1783528118.02697,-0.488507,0.49623,0.0,-3.138033,0.0,0.0,-0.000152,9.9e-05,camera_link,24.983335,gnm_closed_loop,,nominal,post-episode zero hold,True,ok,checkpoints/ablation_mnv2_ema0999/best.pt,4.6,0.3199,0.1442,0.08,0.0029,0.2495,,,gnm_closed_loop,0.0,0.0,False,0,,isaac_physics_smoke_20260708,,mnv2_ema0999,,,,,,,False,hospital_fresh_short_F,0.9885,True,,,0.0,0.0,False,zeroed_hold,False,
physeval_ema_F_20260708_172828,917,25.000001,1783528118.028727,-0.488498,0.49623,0.0,-3.138033,0.0,0.0,-0.000152,9.9e-05,camera_link,25.000001,gnm_closed_loop,,nominal,post-episode zero hold,True,ok,checkpoints/ablation_mnv2_ema0999/best.pt,4.6,0.3199,0.1442,0.08,0.0029,0.2495,,,gnm_closed_loop,0.0,0.0,False,0,,isaac_physics_smoke_20260708,,mnv2_ema0999,,,,,,,False,hospital_fresh_short_F,0.9885,True,,,0.0,0.0,False,zeroed_hold,False,
physeval_ema_F_20260708_172828,918,25.016668,1783528118.03824,-0.48849,0.49623,0.0,-3.138033,0.0,0.0,-0.000151,0.000171,camera_link,25.016668,gnm_closed_loop,,nominal,post-episode zero hold,True,ok,checkpoints/ablation_mnv2_ema0999/best.pt,4.6,0.3199,0.1442,0.08,0.0029,0.2495,,,gnm_closed_loop,0.0,0.0,False,0,,isaac_physics_smoke_20260708,,mnv2_ema0999,,,,,,,False,hospital_fresh_short_F,0.9885,True,,,0.0,0.0,False,zeroed_hold,False,
physeval_ema_F_20260708_172828,919,25.033335,1783528118.04021,-0.488481,0.49623,0.0,-3.138033,0.0,0.0,-0.000151,0.000171,camera_link,25.033335,gnm_closed_loop,,nominal,post-episode zero hold,True,ok,checkpoints/ablation_mnv2_ema0999/best.pt,4.6,0.3199,0.1442,0.08,0.0029,0.2495,,,gnm_closed_loop,0.0,0.0,False,0,,isaac_physics_smoke_20260708,,mnv2_ema0999,,,,,,,False,hospital_fresh_short_F,0.9885,True,,,0.0,0.0,False,zeroed_hold,False,
physeval_ema_F_20260708_172828,920,25.050001,1783528118.042013,-0.488473,0.49623,0.0,-3.138034,0.0,0.0,-0.000151,0.000171,camera_link,25.050001,gnm_closed_loop,,nominal,post-episode zero hold,True,ok,checkpoints/ablation_mnv2_ema0999/best.pt,4.6,0.3199,0.1442,0.08,0.0029,0.2495,,,gnm_closed_loop,0.0,0.0,False,0,,isaac_physics_smoke_20260708,,mnv2_ema0999,,,,,,,False,hospital_fresh_short_F,0.9885,True,,,0.0,0.0,False,zeroed_hold,False,
physeval_ema_F_20260708_172828,921,25.066668,1783528118.052358,-0.488464,0.49623,0.0,-3.138033,0.0,0.0,-0.000167,-0.000389,camera_link,25.066668,gnm_closed_loop,,nominal,post-episode zero hold,True,ok,checkpoints/ablation_mnv2_ema0999/best.pt,4.6,0.3199,0.1442,0.08,0.0029,0.2495,,,gnm_closed_loop,0.0,0.0,False,0,,isaac_physics_smoke_20260708,,mnv2_ema0999,,,,,,,False,hospital_fresh_short_F,0.9885,True,,,0.0,0.0,False,zeroed_hold,False,
physeval_ema_F_20260708_172828,922,25.083335,1783528118.055253,-0.488455,0.49623,0.0,-3.138033,0.0,0.0,-0.000167,-0.000389,camera_link,25.083335,gnm_closed_loop,,nominal,post-episode zero hold,True,ok,checkpoints/ablation_mnv2_ema0999/best.pt,4.6,0.3199,0.1442,0.08,0.0029,0.2495,,,gnm_closed_loop,0.0,0.0,False,0,,isaac_physics_smoke_20260708,,mnv2_ema0999,,,,,,,False,hospital_fresh_short_F,0.9885,True,,,0.0,0.0,False,zeroed_hold,False,
physeval_ema_F_20260708_172828,923,25.100001,1783528118.057033,-0.488446,0.49623,0.0,-3.138033,0.0,0.0,-0.000167,-0.000389,camera_link,25.100001,gnm_closed_loop,,nominal,post-episode zero hold,True,ok,checkpoints/ablation_mnv2_ema0999/best.pt,4.6,0.3199,0.1442,0.08,0.0029,0.2495,,,gnm_closed_loop,0.0,0.0,False,0,,isaac_physics_smoke_20260708,,mnv2_ema0999,,,,,,,False,hospital_fresh_short_F,0.9885,True,,,0.0,0.0,False,zeroed_hold,False,
physeval_ema_F_20260708_172828,924,25.116668,1783528118.066493,-0.488437,0.49623,0.0,-3.138033,0.0,0.0,-0.000158,0.000639,camera_link,25.116668,gnm_closed_loop,,nominal,post-episode zero hold,True,ok,checkpoints/ablation_mnv2_ema0999/best.pt,4.6,0.3199,0.1442,0.08,0.0029,0.2495,,,gnm_closed_loop,0.0,0.0,False,0,,isaac_physics_smoke_20260708,,mnv2_ema0999,,,,,,,False,hospital_fresh_short_F,0.9884,True,,,0.0,0.0,False,zeroed_hold,False,
physeval_ema_F_20260708_172828,925,25.133335,1783528118.068111,-0.488437,0.49623,0.0,-3.138033,0.0,0.0,-0.000158,0.000639,camera_link,25.133335,gnm_closed_loop,,nominal,post-episode zero hold,True,ok,checkpoints/ablation_mnv2_ema0999/best.pt,4.6,0.3199,0.1442,0.08,0.0029,0.2495,,,gnm_closed_loop,0.0,0.0,False,0,,isaac_physics_smoke_20260708,,mnv2_ema0999,,,,,,,False,hospital_fresh_short_F,0.9884,True,,,0.0,0.0,False,zeroed_hold,False,
physeval_ema_F_20260708_172828,926,25.150001,1783528118.069281,-0.488437,0.49623,0.0,-3.138033,0.0,0.0,-0.000158,0.000639,camera_link,25.150001,gnm_closed_loop,,nominal,post-episode zero hold,True,ok,checkpoints/ablation_mnv2_ema0999/best.pt,4.6,0.3199,0.1442,0.08,0.0029,0.2495,,,gnm_closed_loop,0.0,0.0,False,0,,isaac_physics_smoke_20260708,,mnv2_ema0999,,,,,,,False,hospital_fresh_short_F,0.9884,True,,,0.0,0.0,False,zeroed_hold,False,
physeval_ema_F_20260708_172828,927,25.166668,1783528118.077618,-0.488437,0.49623,0.0,-3.138033,0.0,0.0,-0.000158,0.000639,camera_link,25.166668,gnm_closed_loop,,nominal,post-episode zero hold,True,ok,checkpoints/ablation_mnv2_ema0999/best.pt,4.6,0.3199,0.1442,0.08,0.0029,0.2495,,,gnm_closed_loop,0.0,0.0,False,0,,isaac_physics_smoke_20260708,,mnv2_ema0999,,,,,,,False,hospital_fresh_short_F,0.9884,True,,,0.0,0.0,False,zeroed_hold,False,
physeval_ema_F_20260708_172828,928,25.183335,1783528118.078754,-0.488437,0.49623,0.0,-3.138033,0.0,0.0,-0.000158,0.000639,camera_link,25.183335,gnm_closed_loop,,nominal,post-episode zero hold,True,ok,checkpoints/ablation_mnv2_ema0999/best.pt,4.6,0.3199,0.1442,0.08,0.0029,0.2495,,,gnm_closed_loop,0.0,0.0,False,0,,isaac_physics_smoke_20260708,,mnv2_ema0999,,,,,,,False,hospital_fresh_short_F,0.9884,True,,,0.0,0.0,False,zeroed_hold,False,
physeval_ema_F_20260708_172828,929,25.200001,1783528118.080145,-0.488437,0.49623,0.0,-3.138033,0.0,0.0,-0.000158,0.000639,camera_link,25.200001,gnm_closed_loop,,nominal,post-episode zero hold,True,ok,checkpoints/ablation_mnv2_ema0999/best.pt,4.6,0.3199,0.1442,0.08,0.0029,0.2495,,,gnm_closed_loop,0.0,0.0,False,0,,isaac_physics_smoke_20260708,,mnv2_ema0999,,,,,,,False,hospital_fresh_short_F,0.9884,True,,,0.0,0.0,False,zeroed_hold,False,
physeval_ema_F_20260708_172828,930,25.216668,1783528118.090387,-0.488437,0.49623,0.0,-3.138033,0.0,0.0,-0.000158,0.000639,camera_link,25.216668,gnm_closed_loop,,nominal,post-episode zero hold,True,ok,checkpoints/ablation_mnv2_ema0999/best.pt,4.6,0.3199,0.1442,0.08,0.0029,0.2495,,,gnm_closed_loop,0.0,0.0,False,0,,isaac_physics_smoke_20260708,,mnv2_ema0999,,,,,,,False,hospital_fresh_short_F,0.9884,True,,,0.0,0.0,False,zeroed_hold,False,
physeval_ema_F_20260708_172828,931,25.233335,1783528118.09173,-0.488437,0.49623,0.0,-3.138033,0.0,0.0,-0.000158,0.000639,camera_link,25.233335,gnm_closed_loop,,nominal,post-episode zero hold,True,ok,checkpoints/ablation_mnv2_ema0999/best.pt,4.6,0.3199,0.1442,0.08,0.0029,0.2495,,,gnm_closed_loop,0.0,0.0,False,0,,isaac_physics_smoke_20260708,,mnv2_ema0999,,,,,,,False,hospital_fresh_short_F,0.9884,True,,,0.0,0.0,False,zeroed_hold,False,
physeval_ema_F_20260708_172828,932,25.250001,1783528118.09271,-0.488437,0.49623,0.0,-3.138033,0.0,0.0,-0.000158,0.000639,camera_link,25.250001,gnm_closed_loop,,nominal,post-episode zero hold,True,ok,checkpoints/ablation_mnv2_ema0999/best.pt,4.6,0.3199,0.1442,0.08,0.0029,0.2495,,,gnm_closed_loop,0.0,0.0,False,0,,isaac_physics_smoke_20260708,,mnv2_ema0999,,,,,,,False,hospital_fresh_short_F,0.9884,True,,,0.0,0.0,False,zeroed_hold,False,
physeval_ema_F_20260708_172828,933,25.266668,1783528118.101148,-0.488437,0.49623,0.0,-3.138033,0.0,0.0,-0.000158,0.000639,camera_link,25.266668,gnm_closed_loop,,nominal,post-episode zero hold,True,ok,checkpoints/ablation_mnv2_ema0999/best.pt,4.6,0.3199,0.1442,0.08,0.0029,0.2495,,,gnm_closed_loop,0.0,0.0,False,0,,isaac_physics_smoke_20260708,,mnv2_ema0999,,,,,,,False,hospital_fresh_short_F,0.9884,True,,,0.0,0.0,False,zeroed_hold,False,
physeval_ema_F_20260708_172828,934,25.283335,1783528118.102465,-0.488437,0.49623,0.0,-3.138033,0.0,0.0,-0.000158,0.000639,camera_link,25.283335,gnm_closed_loop,,nominal,post-episode zero hold,True,ok,checkpoints/ablation_mnv2_ema0999/best.pt,4.6,0.3199,0.1442,0.08,0.0029,0.2495,,,gnm_closed_loop,0.0,0.0,False,0,,isaac_physics_smoke_20260708,,mnv2_ema0999,,,,,,,False,hospital_fresh_short_F,0.9884,True,,,0.0,0.0,False,zeroed_hold,False,
physeval_ema_F_20260708_172828,935,25.300001,1783528118.103549,-0.488437,0.49623,0.0,-3.138033,0.0,0.0,-0.000158,0.000639,camera_link,25.300001,gnm_closed_loop,,nominal,post-episode zero hold,True,ok,checkpoints/ablation_mnv2_ema0999/best.pt,4.6,0.3199,0.1442,0.08,0.0029,0.2495,,,gnm_closed_loop,0.0,0.0,False,0,,isaac_physics_smoke_20260708,,mnv2_ema0999,,,,,,,False,hospital_fresh_short_F,0.9884,True,,,0.0,0.0,False,zeroed_hold,False,
physeval_ema_F_20260708_172828,936,25.316668,1783528118.113871,-0.488437,0.49623,0.0,-3.138033,0.0,0.0,-0.000158,0.000639,camera_link,25.316668,gnm_closed_loop,,nominal,post-episode zero hold,True,ok,checkpoints/ablation_mnv2_ema0999/best.pt,4.6,0.3199,0.1442,0.08,0.0029,0.2495,,,gnm_closed_loop,0.0,0.0,False,0,,isaac_physics_smoke_20260708,,mnv2_ema0999,,,,,,,False,hospital_fresh_short_F,0.9884,True,,,0.0,0.0,False,zeroed_hold,False,
physeval_ema_F_20260708_172828,937,25.333335,1783528118.115031,-0.488437,0.49623,0.0,-3.138033,0.0,0.0,-0.000158,0.000639,camera_link,25.333335,gnm_closed_loop,,nominal,post-episode zero hold,True,ok,checkpoints/ablation_mnv2_ema0999/best.pt,4.6,0.3199,0.1442,0.08,0.0029,0.2495,,,gnm_closed_loop,0.0,0.0,False,0,,isaac_physics_smoke_20260708,,mnv2_ema0999,,,,,,,False,hospital_fresh_short_F,0.9884,True,,,0.0,0.0,False,zeroed_hold,False,
physeval_ema_F_20260708_172828,938,25.350001,1783528118.11599,-0.488437,0.49623,0.0,-3.138033,0.0,0.0,-0.000158,0.000639,camera_link,25.350001,gnm_closed_loop,,nominal,post-episode zero hold,True,ok,checkpoints/ablation_mnv2_ema0999/best.pt,4.6,0.3199,0.1442,0.08,0.0029,0.2495,,,gnm_closed_loop,0.0,0.0,False,0,,isaac_physics_smoke_20260708,,mnv2_ema0999,,,,,,,False,hospital_fresh_short_F,0.9884,True,,,0.0,0.0,False,zeroed_hold,False,
physeval_ema_F_20260708_172828,939,25.366668,1783528118.124653,-0.488437,0.49623,0.0,-3.138033,0.0,0.0,-0.000158,0.000639,camera_link,25.366668,gnm_closed_loop,,nominal,post-episode zero hold,True,ok,checkpoints/ablation_mnv2_ema0999/best.pt,4.6,0.3199,0.1442,0.08,0.0029,0.2495,,,gnm_closed_loop,0.0,0.0,False,0,,isaac_physics_smoke_20260708,,mnv2_ema0999,,,,,,,False,hospital_fresh_short_F,0.9884,True,,,0.0,0.0,False,zeroed_hold,False,
physeval_ema_F_20260708_172828,940,25.383335,1783528118.125998,-0.488437,0.49623,0.0,-3.138033,0.0,0.0,-0.000158,0.000639,camera_link,25.383335,gnm_closed_loop,,nominal,post-episode zero hold,True,ok,checkpoints/ablation_mnv2_ema0999/best.pt,4.6,0.3199,0.1442,0.08,0.0029,0.2495,,,gnm_closed_loop,0.0,0.0,False,0,,isaac_physics_smoke_20260708,,mnv2_ema0999,,,,,,,False,hospital_fresh_short_F,0.9884,True,,,0.0,0.0,False,zeroed_hold,False,
physeval_ema_F_20260708_172828,941,25.400001,1783528118.127084,-0.488437,0.49623,0.0,-3.138033,0.0,0.0,-0.000158,0.000639,camera_link,25.400001,gnm_closed_loop,,nominal,post-episode zero hold,True,ok,checkpoints/ablation_mnv2_ema0999/best.pt,4.6,0.3199,0.1442,0.08,0.0029,0.2495,,,gnm_closed_loop,0.0,0.0,False,0,,isaac_physics_smoke_20260708,,mnv2_ema0999,,,,,,,False,hospital_fresh_short_F,0.9884,True,,,0.0,0.0,False,zeroed_hold,False,
physeval_ema_F_20260708_172828,942,25.416668,1783528118.135155,-0.488437,0.49623,0.0,-3.138033,0.0,0.0,-0.000158,0.000639,camera_link,25.416668,gnm_closed_loop,,nominal,post-episode zero hold,True,ok,checkpoints/ablation_mnv2_ema0999/best.pt,4.6,0.3199,0.1442,0.08,0.0029,0.2495,,,gnm_closed_loop,0.0,0.0,False,0,,isaac_physics_smoke_20260708,,mnv2_ema0999,,,,,,,False,hospital_fresh_short_F,0.9884,True,,,0.0,0.0,False,zeroed_hold,False,
physeval_ema_F_20260708_172828,943,25.433335,1783528118.136327,-0.488437,0.49623,0.0,-3.138033,0.0,0.0,-0.000158,0.000639,camera_link,25.433335,gnm_closed_loop,,nominal,post-episode zero hold,True,ok,checkpoints/ablation_mnv2_ema0999/best.pt,4.6,0.3199,0.1442,0.08,0.0029,0.2495,,,gnm_closed_loop,0.0,0.0,False,0,,isaac_physics_smoke_20260708,,mnv2_ema0999,,,,,,,False,hospital_fresh_short_F,0.9884,True,,,0.0,0.0,False,zeroed_hold,False,
physeval_ema_F_20260708_172828,944,25.450001,1783528118.137313,-0.488437,0.49623,0.0,-3.138033,0.0,0.0,-0.000158,0.000639,camera_link,25.450001,gnm_closed_loop,,nominal,post-episode zero hold,True,ok,checkpoints/ablation_mnv2_ema0999/best.pt,4.6,0.3199,0.1442,0.08,0.0029,0.2495,,,gnm_closed_loop,0.0,0.0,False,0,,isaac_physics_smoke_20260708,,mnv2_ema0999,,,,,,,False,hospital_fresh_short_F,0.9884,True,,,0.0,0.0,False,zeroed_hold,False,
physeval_ema_F_20260708_172828,945,25.466668,1783528118.14597,-0.488437,0.49623,0.0,-3.138033,0.0,0.0,-0.000158,0.000639,camera_link,25.466668,gnm_closed_loop,,nominal,post-episode zero hold,True,ok,checkpoints/ablation_mnv2_ema0999/best.pt,4.6,0.3199,0.1442,0.08,0.0029,0.2495,,,gnm_closed_loop,0.0,0.0,False,0,,isaac_physics_smoke_20260708,,mnv2_ema0999,,,,,,,False,hospital_fresh_short_F,0.9884,True,,,0.0,0.0,False,zeroed_hold,False,
physeval_ema_F_20260708_172828,946,25.483335,1783528118.147119,-0.488437,0.49623,0.0,-3.138033,0.0,0.0,-0.000158,0.000639,camera_link,25.483335,gnm_closed_loop,,nominal,post-episode zero hold,True,ok,checkpoints/ablation_mnv2_ema0999/best.pt,4.6,0.3199,0.1442,0.08,0.0029,0.2495,,,gnm_closed_loop,0.0,0.0,False,0,,isaac_physics_smoke_20260708,,mnv2_ema0999,,,,,,,False,hospital_fresh_short_F,0.9884,True,,,0.0,0.0,False,zeroed_hold,False,
physeval_ema_F_20260708_172828,947,25.500001,1783528118.148135,-0.488437,0.49623,0.0,-3.138033,0.0,0.0,-0.000158,0.000639,camera_link,25.500001,gnm_closed_loop,,nominal,post-episode zero hold,True,ok,checkpoints/ablation_mnv2_ema0999/best.pt,4.6,0.3199,0.1442,0.08,0.0029,0.2495,,,gnm_closed_loop,0.0,0.0,False,0,,isaac_physics_smoke_20260708,,mnv2_ema0999,,,,,,,False,hospital_fresh_short_F,0.9884,True,,,0.0,0.0,False,zeroed_hold,False,
physeval_ema_F_20260708_172828,948,25.516668,1783528118.158311,-0.488437,0.49623,0.0,-3.138033,0.0,0.0,-0.000158,0.000639,camera_link,25.516668,gnm_closed_loop,,nominal,post-episode zero hold,True,ok,checkpoints/ablation_mnv2_ema0999/best.pt,4.6,0.3199,0.1442,0.08,0.0029,0.2495,,,gnm_closed_loop,0.0,0.0,False,0,,isaac_physics_smoke_20260708,,mnv2_ema0999,,,,,,,False,hospital_fresh_short_F,0.9884,True,,,0.0,0.0,False,zeroed_hold,False,
physeval_ema_F_20260708_172828,949,25.533335,1783528118.159461,-0.488437,0.49623,0.0,-3.138033,0.0,0.0,-0.000158,0.000639,camera_link,25.533335,gnm_closed_loop,,nominal,post-episode zero hold,True,ok,checkpoints/ablation_mnv2_ema0999/best.pt,4.6,0.3199,0.1442,0.08,0.0029,0.2495,,,gnm_closed_loop,0.0,0.0,False,0,,isaac_physics_smoke_20260708,,mnv2_ema0999,,,,,,,False,hospital_fresh_short_F,0.9884,True,,,0.0,0.0,False,zeroed_hold,False,
physeval_ema_F_20260708_172828,950,25.550001,1783528118.160465,-0.488437,0.49623,0.0,-3.138033,0.0,0.0,-0.000158,0.000639,camera_link,25.550001,gnm_closed_loop,,nominal,post-episode zero hold,True,ok,checkpoints/ablation_mnv2_ema0999/best.pt,4.6,0.3199,0.1442,0.08,0.0029,0.2495,,,gnm_closed_loop,0.0,0.0,False,0,,isaac_physics_smoke_20260708,,mnv2_ema0999,,,,,,,False,hospital_fresh_short_F,0.9884,True,,,0.0,0.0,False,zeroed_hold,False,
physeval_ema_F_20260708_172828,951,25.566668,1783528118.168713,-0.488437,0.49623,0.0,-3.138033,0.0,0.0,-0.000158,0.000639,camera_link,25.566668,gnm_closed_loop,,nominal,post-episode zero hold,True,ok,checkpoints/ablation_mnv2_ema0999/best.pt,4.6,0.3199,0.1442,0.08,0.0029,0.2495,,,gnm_closed_loop,0.0,0.0,False,0,,isaac_physics_smoke_20260708,,mnv2_ema0999,,,,,,,False,hospital_fresh_short_F,0.9884,True,,,0.0,0.0,False,zeroed_hold,False,
physeval_ema_F_20260708_172828,952,25.583335,1783528118.170237,-0.488437,0.49623,0.0,-3.138033,0.0,0.0,-0.000158,0.000639,camera_link,25.583335,gnm_closed_loop,,nominal,post-episode zero hold,True,ok,checkpoints/ablation_mnv2_ema0999/best.pt,4.6,0.3199,0.1442,0.08,0.0029,0.2495,,,gnm_closed_loop,0.0,0.0,False,0,,isaac_physics_smoke_20260708,,mnv2_ema0999,,,,,,,False,hospital_fresh_short_F,0.9884,True,,,0.0,0.0,False,zeroed_hold,False,
physeval_ema_F_20260708_172828,953,25.600001,1783528118.171486,-0.488437,0.49623,0.0,-3.138033,0.0,0.0,-0.000158,0.000639,camera_link,25.600001,gnm_closed_loop,,nominal,post-episode zero hold,True,ok,checkpoints/ablation_mnv2_ema0999/best.pt,4.6,0.3199,0.1442,0.08,0.0029,0.2495,,,gnm_closed_loop,0.0,0.0,False,0,,isaac_physics_smoke_20260708,,mnv2_ema0999,,,,,,,False,hospital_fresh_short_F,0.9884,True,,,0.0,0.0,False,zeroed_hold,False,
physeval_ema_F_20260708_172828,954,25.616668,1783528118.180353,-0.488437,0.49623,0.0,-3.138033,0.0,0.0,-0.000158,0.000639,camera_link,25.616668,gnm_closed_loop,,nominal,post-episode zero hold,True,ok,checkpoints/ablation_mnv2_ema0999/best.pt,4.6,0.3199,0.1442,0.08,0.0029,0.2495,,,gnm_closed_loop,0.0,0.0,False,0,,isaac_physics_smoke_20260708,,mnv2_ema0999,,,,,,,False,hospital_fresh_short_F,0.9884,True,,,0.0,0.0,False,zeroed_hold,False,
physeval_ema_F_20260708_172828,955,25.633335,1783528118.181573,-0.488437,0.49623,0.0,-3.138033,0.0,0.0,-0.000158,0.000639,camera_link,25.633335,gnm_closed_loop,,nominal,post-episode zero hold,True,ok,checkpoints/ablation_mnv2_ema0999/best.pt,4.6,0.3199,0.1442,0.08,0.0029,0.2495,,,gnm_closed_loop,0.0,0.0,False,0,,isaac_physics_smoke_20260708,,mnv2_ema0999,,,,,,,False,hospital_fresh_short_F,0.9884,True,,,0.0,0.0,False,zeroed_hold,False,
physeval_ema_F_20260708_172828,956,25.650001,1783528118.183123,-0.488437,0.49623,0.0,-3.138033,0.0,0.0,-0.000158,0.000639,camera_link,25.650001,gnm_closed_loop,,nominal,post-episode zero hold,True,ok,checkpoints/ablation_mnv2_ema0999/best.pt,4.6,0.3199,0.1442,0.08,0.0029,0.2495,,,gnm_closed_loop,0.0,0.0,False,0,,isaac_physics_smoke_20260708,,mnv2_ema0999,,,,,,,False,hospital_fresh_short_F,0.9884,True,,,0.0,0.0,False,zeroed_hold,False,
physeval_ema_F_20260708_172828,957,25.666668,1783528118.192097,-0.488437,0.49623,0.0,-3.138033,0.0,0.0,-0.000158,0.000639,camera_link,25.666668,gnm_closed_loop,,nominal,post-episode zero hold,True,ok,checkpoints/ablation_mnv2_ema0999/best.pt,4.6,0.3199,0.1442,0.08,0.0029,0.2495,,,gnm_closed_loop,0.0,0.0,False,0,,isaac_physics_smoke_20260708,,mnv2_ema0999,,,,,,,False,hospital_fresh_short_F,0.9884,True,,,0.0,0.0,False,zeroed_hold,False,
physeval_ema_F_20260708_172828,958,25.683335,1783528118.193766,-0.488437,0.49623,0.0,-3.138033,0.0,0.0,-0.000158,0.000639,camera_link,25.683335,gnm_closed_loop,,nominal,post-episode zero hold,True,ok,checkpoints/ablation_mnv2_ema0999/best.pt,4.6,0.3199,0.1442,0.08,0.0029,0.2495,,,gnm_closed_loop,0.0,0.0,False,0,,isaac_physics_smoke_20260708,,mnv2_ema0999,,,,,,,False,hospital_fresh_short_F,0.9884,True,,,0.0,0.0,False,zeroed_hold,False,
physeval_ema_F_20260708_172828,959,25.700001,1783528118.195049,-0.488437,0.49623,0.0,-3.138033,0.0,0.0,-0.000158,0.000639,camera_link,25.700001,gnm_closed_loop,,nominal,post-episode zero hold,True,ok,checkpoints/ablation_mnv2_ema0999/best.pt,4.6,0.3199,0.1442,0.08,0.0029,0.2495,,,gnm_closed_loop,0.0,0.0,False,0,,isaac_physics_smoke_20260708,,mnv2_ema0999,,,,,,,False,hospital_fresh_short_F,0.9884,True,,,0.0,0.0,False,zeroed_hold,False,
physeval_ema_F_20260708_172828,960,25.716668,1783528118.203444,-0.488437,0.49623,0.0,-3.138033,0.0,0.0,-0.000158,0.000639,camera_link,25.716668,gnm_closed_loop,,nominal,post-episode zero hold,True,ok,checkpoints/ablation_mnv2_ema0999/best.pt,4.6,0.3199,0.1442,0.08,0.0029,0.2495,,,gnm_closed_loop,0.0,0.0,False,0,,isaac_physics_smoke_20260708,,mnv2_ema0999,,,,,,,False,hospital_fresh_short_F,0.9884,True,,,0.0,0.0,False,zeroed_hold,False,
physeval_ema_F_20260708_172828,961,25.733335,1783528118.2051,-0.488437,0.49623,0.0,-3.138033,0.0,0.0,-0.000158,0.000639,camera_link,25.733335,gnm_closed_loop,,nominal,post-episode zero hold,True,ok,checkpoints/ablation_mnv2_ema0999/best.pt,4.6,0.3199,0.1442,0.08,0.0029,0.2495,,,gnm_closed_loop,0.0,0.0,False,0,,isaac_physics_smoke_20260708,,mnv2_ema0999,,,,,,,False,hospital_fresh_short_F,0.9884,True,,,0.0,0.0,False,zeroed_hold,False,
physeval_ema_F_20260708_172828,962,25.750001,1783528118.206116,-0.488437,0.49623,0.0,-3.138033,0.0,0.0,-0.000158,0.000639,camera_link,25.750001,gnm_closed_loop,,nominal,post-episode zero hold,True,ok,checkpoints/ablation_mnv2_ema0999/best.pt,4.6,0.3199,0.1442,0.08,0.0029,0.2495,,,gnm_closed_loop,0.0,0.0,False,0,,isaac_physics_smoke_20260708,,mnv2_ema0999,,,,,,,False,hospital_fresh_short_F,0.9884,True,,,0.0,0.0,False,zeroed_hold,False,
physeval_ema_F_20260708_172828,963,25.766668,1783528118.215614,-0.488437,0.49623,0.0,-3.138033,0.0,0.0,-0.000158,0.000639,camera_link,25.766668,gnm_closed_loop,,nominal,post-episode zero hold,True,ok,checkpoints/ablation_mnv2_ema0999/best.pt,4.6,0.3199,0.1442,0.08,0.0029,0.2495,,,gnm_closed_loop,0.0,0.0,False,0,,isaac_physics_smoke_20260708,,mnv2_ema0999,,,,,,,False,hospital_fresh_short_F,0.9884,True,,,0.0,0.0,False,zeroed_hold,False,
physeval_ema_F_20260708_172828,964,25.783335,1783528118.216823,-0.488437,0.49623,0.0,-3.138033,0.0,0.0,-0.000158,0.000639,camera_link,25.783335,gnm_closed_loop,,nominal,post-episode zero hold,True,ok,checkpoints/ablation_mnv2_ema0999/best.pt,4.6,0.3199,0.1442,0.08,0.0029,0.2495,,,gnm_closed_loop,0.0,0.0,False,0,,isaac_physics_smoke_20260708,,mnv2_ema0999,,,,,,,False,hospital_fresh_short_F,0.9884,True,,,0.0,0.0,False,zeroed_hold,False,
physeval_ema_F_20260708_172828,965,25.800001,1783528118.217947,-0.488437,0.49623,0.0,-3.138033,0.0,0.0,-0.000158,0.000639,camera_link,25.800001,gnm_closed_loop,,nominal,post-episode zero hold,True,ok,checkpoints/ablation_mnv2_ema0999/best.pt,4.6,0.3199,0.1442,0.08,0.0029,0.2495,,,gnm_closed_loop,0.0,0.0,False,0,,isaac_physics_smoke_20260708,,mnv2_ema0999,,,,,,,False,hospital_fresh_short_F,0.9884,True,,,0.0,0.0,False,zeroed_hold,False,
physeval_ema_F_20260708_172828,966,25.816668,1783528118.226768,-0.488437,0.49623,0.0,-3.138033,0.0,0.0,-0.000158,0.000639,camera_link,25.816668,gnm_closed_loop,,nominal,post-episode zero hold,True,ok,checkpoints/ablation_mnv2_ema0999/best.pt,4.6,0.3199,0.1442,0.08,0.0029,0.2495,,,gnm_closed_loop,0.0,0.0,False,0,,isaac_physics_smoke_20260708,,mnv2_ema0999,,,,,,,False,hospital_fresh_short_F,0.9884,True,,,0.0,0.0,False,zeroed_hold,False,
physeval_ema_F_20260708_172828,967,25.833335,1783528118.228041,-0.488437,0.49623,0.0,-3.138033,0.0,0.0,-0.000158,0.000639,camera_link,25.833335,gnm_closed_loop,,nominal,post-episode zero hold,True,ok,checkpoints/ablation_mnv2_ema0999/best.pt,4.6,0.3199,0.1442,0.08,0.0029,0.2495,,,gnm_closed_loop,0.0,0.0,False,0,,isaac_physics_smoke_20260708,,mnv2_ema0999,,,,,,,False,hospital_fresh_short_F,0.9884,True,,,0.0,0.0,False,zeroed_hold,False,
physeval_ema_F_20260708_172828,968,25.850001,1783528118.228991,-0.488437,0.49623,0.0,-3.138033,0.0,0.0,-0.000158,0.000639,camera_link,25.850001,gnm_closed_loop,,nominal,post-episode zero hold,True,ok,checkpoints/ablation_mnv2_ema0999/best.pt,4.6,0.3199,0.1442,0.08,0.0029,0.2495,,,gnm_closed_loop,0.0,0.0,False,0,,isaac_physics_smoke_20260708,,mnv2_ema0999,,,,,,,False,hospital_fresh_short_F,0.9884,True,,,0.0,0.0,False,zeroed_hold,False,
physeval_ema_F_20260708_172828,969,25.866668,1783528118.236483,-0.488437,0.49623,0.0,-3.138033,0.0,0.0,-0.000158,0.000639,camera_link,25.866668,gnm_closed_loop,,nominal,post-episode zero hold,True,ok,checkpoints/ablation_mnv2_ema0999/best.pt,4.6,0.3199,0.1442,0.08,0.0029,0.2495,,,gnm_closed_loop,0.0,0.0,False,0,,isaac_physics_smoke_20260708,,mnv2_ema0999,,,,,,,False,hospital_fresh_short_F,0.9884,True,,,0.0,0.0,False,zeroed_hold,False,
physeval_ema_F_20260708_172828,970,25.883335,1783528118.237694,-0.488437,0.49623,0.0,-3.138033,0.0,0.0,-0.000158,0.000639,camera_link,25.883335,gnm_closed_loop,,nominal,post-episode zero hold,True,ok,checkpoints/ablation_mnv2_ema0999/best.pt,4.6,0.3199,0.1442,0.08,0.0029,0.2495,,,gnm_closed_loop,0.0,0.0,False,0,,isaac_physics_smoke_20260708,,mnv2_ema0999,,,,,,,False,hospital_fresh_short_F,0.9884,True,,,0.0,0.0,False,zeroed_hold,False,
physeval_ema_F_20260708_172828,971,25.900001,1783528118.238798,-0.488437,0.49623,0.0,-3.138033,0.0,0.0,-0.000158,0.000639,camera_link,25.900001,gnm_closed_loop,,nominal,post-episode zero hold,True,ok,checkpoints/ablation_mnv2_ema0999/best.pt,4.6,0.3199,0.1442,0.08,0.0029,0.2495,,,gnm_closed_loop,0.0,0.0,False,0,,isaac_physics_smoke_20260708,,mnv2_ema0999,,,,,,,False,hospital_fresh_short_F,0.9884,True,,,0.0,0.0,False,zeroed_hold,False,
physeval_ema_F_20260708_172828,972,25.916668,1783528118.248557,-0.488437,0.49623,0.0,-3.138033,0.0,0.0,-0.000158,0.000639,camera_link,25.916668,gnm_closed_loop,,nominal,post-episode zero hold,True,ok,checkpoints/ablation_mnv2_ema0999/best.pt,4.6,0.3199,0.1442,0.08,0.0029,0.2495,,,gnm_closed_loop,0.0,0.0,False,0,,isaac_physics_smoke_20260708,,mnv2_ema0999,,,,,,,False,hospital_fresh_short_F,0.9884,True,,,0.0,0.0,False,zeroed_hold,False,
physeval_ema_F_20260708_172828,973,25.933335,1783528118.249668,-0.488437,0.49623,0.0,-3.138033,0.0,0.0,-0.000158,0.000639,camera_link,25.933335,gnm_closed_loop,,nominal,post-episode zero hold,True,ok,checkpoints/ablation_mnv2_ema0999/best.pt,4.6,0.3199,0.1442,0.08,0.0029,0.2495,,,gnm_closed_loop,0.0,0.0,False,0,,isaac_physics_smoke_20260708,,mnv2_ema0999,,,,,,,False,hospital_fresh_short_F,0.9884,True,,,0.0,0.0,False,zeroed_hold,False,
physeval_ema_F_20260708_172828,974,25.950001,1783528118.250781,-0.488437,0.49623,0.0,-3.138033,0.0,0.0,-0.000158,0.000639,camera_link,25.950001,gnm_closed_loop,,nominal,post-episode zero hold,True,ok,checkpoints/ablation_mnv2_ema0999/best.pt,4.6,0.3199,0.1442,0.08,0.0029,0.2495,,,gnm_closed_loop,0.0,0.0,False,0,,isaac_physics_smoke_20260708,,mnv2_ema0999,,,,,,,False,hospital_fresh_short_F,0.9884,True,,,0.0,0.0,False,zeroed_hold,False,
physeval_ema_F_20260708_172828,975,25.966668,1783528118.26058,-0.488437,0.49623,0.0,-3.138033,0.0,0.0,-0.000158,0.000639,camera_link,25.966668,gnm_closed_loop,,nominal,post-episode zero hold,True,ok,checkpoints/ablation_mnv2_ema0999/best.pt,4.6,0.3199,0.1442,0.08,0.0029,0.2495,,,gnm_closed_loop,0.0,0.0,False,0,,isaac_physics_smoke_20260708,,mnv2_ema0999,,,,,,,False,hospital_fresh_short_F,0.9884,True,,,0.0,0.0,False,zeroed_hold,False,
physeval_ema_F_20260708_172828,976,25.983335,1783528118.262295,-0.488437,0.49623,0.0,-3.138033,0.0,0.0,-0.000158,0.000639,camera_link,25.983335,gnm_closed_loop,,nominal,post-episode zero hold,True,ok,checkpoints/ablation_mnv2_ema0999/best.pt,4.6,0.3199,0.1442,0.08,0.0029,0.2495,,,gnm_closed_loop,0.0,0.0,False,0,,isaac_physics_smoke_20260708,,mnv2_ema0999,,,,,,,False,hospital_fresh_short_F,0.9884,True,,,0.0,0.0,False,zeroed_hold,False,
physeval_ema_F_20260708_172828,977,26.000001,1783528118.26338,-0.488437,0.49623,0.0,-3.138033,0.0,0.0,-0.000158,0.000639,camera_link,26.000001,gnm_closed_loop,,nominal,post-episode zero hold,True,ok,checkpoints/ablation_mnv2_ema0999/best.pt,4.6,0.3199,0.1442,0.08,0.0029,0.2495,,,gnm_closed_loop,0.0,0.0,False,0,,isaac_physics_smoke_20260708,,mnv2_ema0999,,,,,,,False,hospital_fresh_short_F,0.9884,True,,,0.0,0.0,False,zeroed_hold,False,
physeval_ema_F_20260708_172828,978,26.016668,1783528118.274078,-0.488437,0.49623,0.0,-3.138033,0.0,0.0,-0.000158,0.000639,camera_link,26.016668,gnm_closed_loop,,nominal,post-episode zero hold,True,ok,checkpoints/ablation_mnv2_ema0999/best.pt,4.6,0.3199,0.1442,0.08,0.0029,0.2495,,,gnm_closed_loop,0.0,0.0,False,0,,isaac_physics_smoke_20260708,,mnv2_ema0999,,,,,,,False,hospital_fresh_short_F,0.9884,True,,,0.0,0.0,False,zeroed_hold,False,
physeval_ema_F_20260708_172828,979,26.033335,1783528118.275438,-0.488437,0.49623,0.0,-3.138033,0.0,0.0,-0.000158,0.000639,camera_link,26.033335,gnm_closed_loop,,nominal,post-episode zero hold,True,ok,checkpoints/ablation_mnv2_ema0999/best.pt,4.6,0.3199,0.1442,0.08,0.0029,0.2495,,,gnm_closed_loop,0.0,0.0,False,0,,isaac_physics_smoke_20260708,,mnv2_ema0999,,,,,,,False,hospital_fresh_short_F,0.9884,True,,,0.0,0.0,False,zeroed_hold,False,
physeval_ema_F_20260708_172828,980,26.050001,1783528118.276574,-0.488437,0.49623,0.0,-3.138033,0.0,0.0,-0.000158,0.000639,camera_link,26.050001,gnm_closed_loop,,nominal,post-episode zero hold,True,ok,checkpoints/ablation_mnv2_ema0999/best.pt,4.6,0.3199,0.1442,0.08,0.0029,0.2495,,,gnm_closed_loop,0.0,0.0,False,0,,isaac_physics_smoke_20260708,,mnv2_ema0999,,,,,,,False,hospital_fresh_short_F,0.9884,True,,,0.0,0.0,False,zeroed_hold,False,
physeval_ema_F_20260708_172828,981,26.066668,1783528118.285785,-0.488437,0.49623,0.0,-3.138033,0.0,0.0,-0.000158,0.000639,camera_link,26.066668,gnm_closed_loop,,nominal,post-episode zero hold,True,ok,checkpoints/ablation_mnv2_ema0999/best.pt,4.6,0.3199,0.1442,0.08,0.0029,0.2495,,,gnm_closed_loop,0.0,0.0,False,0,,isaac_physics_smoke_20260708,,mnv2_ema0999,,,,,,,False,hospital_fresh_short_F,0.9884,True,,,0.0,0.0,False,zeroed_hold,False,
physeval_ema_F_20260708_172828,982,26.083335,1783528118.287758,-0.488437,0.49623,0.0,-3.138033,0.0,0.0,-0.000158,0.000639,camera_link,26.083335,gnm_closed_loop,,nominal,post-episode zero hold,True,ok,checkpoints/ablation_mnv2_ema0999/best.pt,4.6,0.3199,0.1442,0.08,0.0029,0.2495,,,gnm_closed_loop,0.0,0.0,False,0,,isaac_physics_smoke_20260708,,mnv2_ema0999,,,,,,,False,hospital_fresh_short_F,0.9884,True,,,0.0,0.0,False,zeroed_hold,False,
physeval_ema_F_20260708_172828,983,26.100001,1783528118.289298,-0.488437,0.49623,0.0,-3.138033,0.0,0.0,-0.000158,0.000639,camera_link,26.100001,gnm_closed_loop,,nominal,post-episode zero hold,True,ok,checkpoints/ablation_mnv2_ema0999/best.pt,4.6,0.3199,0.1442,0.08,0.0029,0.2495,,,gnm_closed_loop,0.0,0.0,False,0,,isaac_physics_smoke_20260708,,mnv2_ema0999,,,,,,,False,hospital_fresh_short_F,0.9884,True,,,0.0,0.0,False,zeroed_hold,False,
physeval_ema_F_20260708_172828,984,26.116668,1783528118.299287,-0.488437,0.49623,0.0,-3.138033,0.0,0.0,-0.000158,0.000639,camera_link,26.116668,gnm_closed_loop,,nominal,post-episode zero hold,True,ok,checkpoints/ablation_mnv2_ema0999/best.pt,4.6,0.3199,0.1442,0.08,0.0029,0.2495,,,gnm_closed_loop,0.0,0.0,False,0,,isaac_physics_smoke_20260708,,mnv2_ema0999,,,,,,,False,hospital_fresh_short_F,0.9884,True,,,0.0,0.0,False,zeroed_hold,False,
physeval_ema_F_20260708_172828,985,26.133335,1783528118.300889,-0.488437,0.49623,0.0,-3.138033,0.0,0.0,-0.000158,0.000639,camera_link,26.133335,gnm_closed_loop,,nominal,post-episode zero hold,True,ok,checkpoints/ablation_mnv2_ema0999/best.pt,4.6,0.3199,0.1442,0.08,0.0029,0.2495,,,gnm_closed_loop,0.0,0.0,False,0,,isaac_physics_smoke_20260708,,mnv2_ema0999,,,,,,,False,hospital_fresh_short_F,0.9884,True,,,0.0,0.0,False,zeroed_hold,False,
physeval_ema_F_20260708_172828,986,26.150001,1783528118.302002,-0.488437,0.49623,0.0,-3.138033,0.0,0.0,-0.000158,0.000639,camera_link,26.150001,gnm_closed_loop,,nominal,post-episode zero hold,True,ok,checkpoints/ablation_mnv2_ema0999/best.pt,4.6,0.3199,0.1442,0.08,0.0029,0.2495,,,gnm_closed_loop,0.0,0.0,False,0,,isaac_physics_smoke_20260708,,mnv2_ema0999,,,,,,,False,hospital_fresh_short_F,0.9884,True,,,0.0,0.0,False,zeroed_hold,False,
physeval_ema_F_20260708_172828,987,26.166668,1783528118.310892,-0.488437,0.49623,0.0,-3.138033,0.0,0.0,-0.000158,0.000639,camera_link,26.166668,gnm_closed_loop,,nominal,post-episode zero hold,True,ok,checkpoints/ablation_mnv2_ema0999/best.pt,4.6,0.3199,0.1442,0.08,0.0029,0.2495,,,gnm_closed_loop,0.0,0.0,False,0,,isaac_physics_smoke_20260708,,mnv2_ema0999,,,,,,,False,hospital_fresh_short_F,0.9884,True,,,0.0,0.0,False,zeroed_hold,False,
physeval_ema_F_20260708_172828,988,26.183335,1783528118.312612,-0.488437,0.49623,0.0,-3.138033,0.0,0.0,-0.000158,0.000639,camera_link,26.183335,gnm_closed_loop,,nominal,post-episode zero hold,True,ok,checkpoints/ablation_mnv2_ema0999/best.pt,4.6,0.3199,0.1442,0.08,0.0029,0.2495,,,gnm_closed_loop,0.0,0.0,False,0,,isaac_physics_smoke_20260708,,mnv2_ema0999,,,,,,,False,hospital_fresh_short_F,0.9884,True,,,0.0,0.0,False,zeroed_hold,False,
physeval_ema_F_20260708_172828,989,26.200001,1783528118.313802,-0.488437,0.49623,0.0,-3.138033,0.0,0.0,-0.000158,0.000639,camera_link,26.200001,gnm_closed_loop,,nominal,post-episode zero hold,True,ok,checkpoints/ablation_mnv2_ema0999/best.pt,4.6,0.3199,0.1442,0.08,0.0029,0.2495,,,gnm_closed_loop,0.0,0.0,False,0,,isaac_physics_smoke_20260708,,mnv2_ema0999,,,,,,,False,hospital_fresh_short_F,0.9884,True,,,0.0,0.0,False,zeroed_hold,False,
physeval_ema_F_20260708_172828,990,26.216668,1783528118.322583,-0.488437,0.49623,0.0,-3.138033,0.0,0.0,-0.000158,0.000639,camera_link,26.216668,gnm_closed_loop,,nominal,post-episode zero hold,True,ok,checkpoints/ablation_mnv2_ema0999/best.pt,4.6,0.3199,0.1442,0.08,0.0029,0.2495,,,gnm_closed_loop,0.0,0.0,False,0,,isaac_physics_smoke_20260708,,mnv2_ema0999,,,,,,,False,hospital_fresh_short_F,0.9884,True,,,0.0,0.0,False,zeroed_hold,False,
physeval_ema_F_20260708_172828,991,26.233335,1783528118.324521,-0.488437,0.49623,0.0,-3.138033,0.0,0.0,-0.000158,0.000639,camera_link,26.233335,gnm_closed_loop,,nominal,post-episode zero hold,True,ok,checkpoints/ablation_mnv2_ema0999/best.pt,4.6,0.3199,0.1442,0.08,0.0029,0.2495,,,gnm_closed_loop,0.0,0.0,False,0,,isaac_physics_smoke_20260708,,mnv2_ema0999,,,,,,,False,hospital_fresh_short_F,0.9884,True,,,0.0,0.0,False,zeroed_hold,False,
physeval_ema_F_20260708_172828,992,26.250001,1783528118.325974,-0.488437,0.49623,0.0,-3.138033,0.0,0.0,-0.000158,0.000639,camera_link,26.250001,gnm_closed_loop,,nominal,post-episode zero hold,True,ok,checkpoints/ablation_mnv2_ema0999/best.pt,4.6,0.3199,0.1442,0.08,0.0029,0.2495,,,gnm_closed_loop,0.0,0.0,False,0,,isaac_physics_smoke_20260708,,mnv2_ema0999,,,,,,,False,hospital_fresh_short_F,0.9884,True,,,0.0,0.0,False,zeroed_hold,False,
physeval_ema_F_20260708_172828,993,26.266668,1783528118.338176,-0.488437,0.49623,0.0,-3.138033,0.0,0.0,-0.000158,0.000639,camera_link,26.266668,gnm_closed_loop,,nominal,post-episode zero hold,True,ok,checkpoints/ablation_mnv2_ema0999/best.pt,4.6,0.3199,0.1442,0.08,0.0029,0.2495,,,gnm_closed_loop,0.0,0.0,False,0,,isaac_physics_smoke_20260708,,mnv2_ema0999,,,,,,,False,hospital_fresh_short_F,0.9884,True,,,0.0,0.0,False,zeroed_hold,False,
physeval_ema_F_20260708_172828,994,26.283335,1783528118.339868,-0.488437,0.49623,0.0,-3.138033,0.0,0.0,-0.000158,0.000639,camera_link,26.283335,gnm_closed_loop,,nominal,post-episode zero hold,True,ok,checkpoints/ablation_mnv2_ema0999/best.pt,4.6,0.3199,0.1442,0.08,0.0029,0.2495,,,gnm_closed_loop,0.0,0.0,False,0,,isaac_physics_smoke_20260708,,mnv2_ema0999,,,,,,,False,hospital_fresh_short_F,0.9884,True,,,0.0,0.0,False,zeroed_hold,False,
physeval_ema_F_20260708_172828,995,26.300001,1783528118.342349,-0.488437,0.49623,0.0,-3.138033,0.0,0.0,-0.000158,0.000639,camera_link,26.300001,gnm_closed_loop,,nominal,post-episode zero hold,True,ok,checkpoints/ablation_mnv2_ema0999/best.pt,4.6,0.3199,0.1442,0.08,0.0029,0.2495,,,gnm_closed_loop,0.0,0.0,False,0,,isaac_physics_smoke_20260708,,mnv2_ema0999,,,,,,,False,hospital_fresh_short_F,0.9884,True,,,0.0,0.0,False,zeroed_hold,False,
physeval_ema_F_20260708_172828,996,26.316668,1783528118.35462,-0.488437,0.49623,0.0,-3.138033,0.0,0.0,-0.000158,0.000639,camera_link,26.316668,gnm_closed_loop,,nominal,post-episode zero hold,True,ok,checkpoints/ablation_mnv2_ema0999/best.pt,4.6,0.3199,0.1442,0.08,0.0029,0.2495,,,gnm_closed_loop,0.0,0.0,False,0,,isaac_physics_smoke_20260708,,mnv2_ema0999,,,,,,,False,hospital_fresh_short_F,0.9884,True,,,0.0,0.0,False,zeroed_hold,False,
physeval_ema_F_20260708_172828,997,26.333335,1783528118.355866,-0.488437,0.49623,0.0,-3.138033,0.0,0.0,-0.000158,0.000639,camera_link,26.333335,gnm_closed_loop,,nominal,post-episode zero hold,True,ok,checkpoints/ablation_mnv2_ema0999/best.pt,4.6,0.3199,0.1442,0.08,0.0029,0.2495,,,gnm_closed_loop,0.0,0.0,False,0,,isaac_physics_smoke_20260708,,mnv2_ema0999,,,,,,,False,hospital_fresh_short_F,0.9884,True,,,0.0,0.0,False,zeroed_hold,False,
physeval_ema_F_20260708_172828,998,26.350001,1783528118.357339,-0.488437,0.49623,0.0,-3.138033,0.0,0.0,-0.000158,0.000639,camera_link,26.350001,gnm_closed_loop,,nominal,post-episode zero hold,True,ok,checkpoints/ablation_mnv2_ema0999/best.pt,4.6,0.3199,0.1442,0.08,0.0029,0.2495,,,gnm_closed_loop,0.0,0.0,False,0,,isaac_physics_smoke_20260708,,mnv2_ema0999,,,,,,,False,hospital_fresh_short_F,0.9884,True,,,0.0,0.0,False,zeroed_hold,False,
physeval_ema_F_20260708_172828,999,26.366668,1783528118.367006,-0.488437,0.49623,0.0,-3.138033,0.0,0.0,-0.000158,0.000639,camera_link,26.366668,gnm_closed_loop,,nominal,post-episode zero hold,True,ok,checkpoints/ablation_mnv2_ema0999/best.pt,4.6,0.3199,0.1442,0.08,0.0029,0.2495,,,gnm_closed_loop,0.0,0.0,False,0,,isaac_physics_smoke_20260708,,mnv2_ema0999,,,,,,,False,hospital_fresh_short_F,0.9884,True,,,0.0,0.0,False,zeroed_hold,False,
physeval_ema_F_20260708_172828,1000,26.383335,1783528118.368284,-0.488437,0.49623,0.0,-3.138033,0.0,0.0,-0.000158,0.000639,camera_link,26.383335,gnm_closed_loop,,nominal,post-episode zero hold,True,ok,checkpoints/ablation_mnv2_ema0999/best.pt,4.6,0.3199,0.1442,0.08,0.0029,0.2495,,,gnm_closed_loop,0.0,0.0,False,0,,isaac_physics_smoke_20260708,,mnv2_ema0999,,,,,,,False,hospital_fresh_short_F,0.9884,True,,,0.0,0.0,False,zeroed_hold,False,
physeval_ema_F_20260708_172828,1001,26.400001,1783528118.369993,-0.488437,0.49623,0.0,-3.138033,0.0,0.0,-0.000158,0.000639,camera_link,26.400001,gnm_closed_loop,,nominal,post-episode zero hold,True,ok,checkpoints/ablation_mnv2_ema0999/best.pt,4.6,0.3199,0.1442,0.08,0.0029,0.2495,,,gnm_closed_loop,0.0,0.0,False,0,,isaac_physics_smoke_20260708,,mnv2_ema0999,,,,,,,False,hospital_fresh_short_F,0.9884,True,,,0.0,0.0,False,zeroed_hold,False,
physeval_ema_F_20260708_172828,1002,26.416668,1783528118.380542,-0.488437,0.49623,0.0,-3.138033,0.0,0.0,-0.000158,0.000639,camera_link,26.416668,gnm_closed_loop,,nominal,post-episode zero hold,True,ok,checkpoints/ablation_mnv2_ema0999/best.pt,4.6,0.3199,0.1442,0.08,0.0029,0.2495,,,gnm_closed_loop,0.0,0.0,False,0,,isaac_physics_smoke_20260708,,mnv2_ema0999,,,,,,,False,hospital_fresh_short_F,0.9884,True,,,0.0,0.0,False,zeroed_hold,False,
physeval_ema_F_20260708_172828,1003,26.433335,1783528118.382154,-0.488437,0.49623,0.0,-3.138033,0.0,0.0,-0.000158,0.000639,camera_link,26.433335,gnm_closed_loop,,nominal,post-episode zero hold,True,ok,checkpoints/ablation_mnv2_ema0999/best.pt,4.6,0.3199,0.1442,0.08,0.0029,0.2495,,,gnm_closed_loop,0.0,0.0,False,0,,isaac_physics_smoke_20260708,,mnv2_ema0999,,,,,,,False,hospital_fresh_short_F,0.9884,True,,,0.0,0.0,False,zeroed_hold,False,
physeval_ema_F_20260708_172828,1004,26.450001,1783528118.383265,-0.488437,0.49623,0.0,-3.138033,0.0,0.0,-0.000158,0.000639,camera_link,26.450001,gnm_closed_loop,,nominal,post-episode zero hold,True,ok,checkpoints/ablation_mnv2_ema0999/best.pt,4.6,0.3199,0.1442,0.08,0.0029,0.2495,,,gnm_closed_loop,0.0,0.0,False,0,,isaac_physics_smoke_20260708,,mnv2_ema0999,,,,,,,False,hospital_fresh_short_F,0.9884,True,,,0.0,0.0,False,zeroed_hold,False,
physeval_ema_F_20260708_172828,1005,26.466668,1783528118.392981,-0.488437,0.49623,0.0,-3.138033,0.0,0.0,-0.000158,0.000639,camera_link,26.466668,gnm_closed_loop,,nominal,post-episode zero hold,True,ok,checkpoints/ablation_mnv2_ema0999/best.pt,4.6,0.3199,0.1442,0.08,0.0029,0.2495,,,gnm_closed_loop,0.0,0.0,False,0,,isaac_physics_smoke_20260708,,mnv2_ema0999,,,,,,,False,hospital_fresh_short_F,0.9884,True,,,0.0,0.0,False,zeroed_hold,False,
physeval_ema_F_20260708_172828,1006,26.483335,1783528118.394888,-0.488437,0.49623,0.0,-3.138033,0.0,0.0,-0.000158,0.000639,camera_link,26.483335,gnm_closed_loop,,nominal,post-episode zero hold,True,ok,checkpoints/ablation_mnv2_ema0999/best.pt,4.6,0.3199,0.1442,0.08,0.0029,0.2495,,,gnm_closed_loop,0.0,0.0,False,0,,isaac_physics_smoke_20260708,,mnv2_ema0999,,,,,,,False,hospital_fresh_short_F,0.9884,True,,,0.0,0.0,False,zeroed_hold,False,
physeval_ema_F_20260708_172828,1007,26.500001,1783528118.396373,-0.488437,0.49623,0.0,-3.138033,0.0,0.0,-0.000158,0.000639,camera_link,26.500001,gnm_closed_loop,,nominal,post-episode zero hold,True,ok,checkpoints/ablation_mnv2_ema0999/best.pt,4.6,0.3199,0.1442,0.08,0.0029,0.2495,,,gnm_closed_loop,0.0,0.0,False,0,,isaac_physics_smoke_20260708,,mnv2_ema0999,,,,,,,False,hospital_fresh_short_F,0.9884,True,,,0.0,0.0,False,zeroed_hold,False,
physeval_ema_F_20260708_172828,1008,26.516668,1783528118.408036,-0.488437,0.49623,0.0,-3.138033,0.0,0.0,-0.000158,0.000639,camera_link,26.516668,gnm_closed_loop,,nominal,post-episode zero hold,True,ok,checkpoints/ablation_mnv2_ema0999/best.pt,4.6,0.3199,0.1442,0.08,0.0029,0.2495,,,gnm_closed_loop,0.0,0.0,False,0,,isaac_physics_smoke_20260708,,mnv2_ema0999,,,,,,,False,hospital_fresh_short_F,0.9884,True,,,0.0,0.0,False,zeroed_hold,False,
physeval_ema_F_20260708_172828,1009,26.533335,1783528118.409965,-0.488437,0.49623,0.0,-3.138033,0.0,0.0,-0.000158,0.000639,camera_link,26.533335,gnm_closed_loop,,nominal,post-episode zero hold,True,ok,checkpoints/ablation_mnv2_ema0999/best.pt,4.6,0.3199,0.1442,0.08,0.0029,0.2495,,,gnm_closed_loop,0.0,0.0,False,0,,isaac_physics_smoke_20260708,,mnv2_ema0999,,,,,,,False,hospital_fresh_short_F,0.9884,True,,,0.0,0.0,False,zeroed_hold,False,
physeval_ema_F_20260708_172828,1010,26.550001,1783528118.411529,-0.488437,0.49623,0.0,-3.138033,0.0,0.0,-0.000158,0.000639,camera_link,26.550001,gnm_closed_loop,,nominal,post-episode zero hold,True,ok,checkpoints/ablation_mnv2_ema0999/best.pt,4.6,0.3199,0.1442,0.08,0.0029,0.2495,,,gnm_closed_loop,0.0,0.0,False,0,,isaac_physics_smoke_20260708,,mnv2_ema0999,,,,,,,False,hospital_fresh_short_F,0.9884,True,,,0.0,0.0,False,zeroed_hold,False,
physeval_ema_F_20260708_172828,1011,26.566668,1783528118.421582,-0.488437,0.49623,0.0,-3.138033,0.0,0.0,-0.000158,0.000639,camera_link,26.566668,gnm_closed_loop,,nominal,post-episode zero hold,True,ok,checkpoints/ablation_mnv2_ema0999/best.pt,4.6,0.3199,0.1442,0.08,0.0029,0.2495,,,gnm_closed_loop,0.0,0.0,False,0,,isaac_physics_smoke_20260708,,mnv2_ema0999,,,,,,,False,hospital_fresh_short_F,0.9884,True,,,0.0,0.0,False,zeroed_hold,False,
physeval_ema_F_20260708_172828,1012,26.583335,1783528118.422836,-0.488437,0.49623,0.0,-3.138033,0.0,0.0,-0.000158,0.000639,camera_link,26.583335,gnm_closed_loop,,nominal,post-episode zero hold,True,ok,checkpoints/ablation_mnv2_ema0999/best.pt,4.6,0.3199,0.1442,0.08,0.0029,0.2495,,,gnm_closed_loop,0.0,0.0,False,0,,isaac_physics_smoke_20260708,,mnv2_ema0999,,,,,,,False,hospital_fresh_short_F,0.9884,True,,,0.0,0.0,False,zeroed_hold,False,
physeval_ema_F_20260708_172828,1013,26.600001,1783528118.423938,-0.488437,0.49623,0.0,-3.138033,0.0,0.0,-0.000158,0.000639,camera_link,26.600001,gnm_closed_loop,,nominal,post-episode zero hold,True,ok,checkpoints/ablation_mnv2_ema0999/best.pt,4.6,0.3199,0.1442,0.08,0.0029,0.2495,,,gnm_closed_loop,0.0,0.0,False,0,,isaac_physics_smoke_20260708,,mnv2_ema0999,,,,,,,False,hospital_fresh_short_F,0.9884,True,,,0.0,0.0,False,zeroed_hold,False,
physeval_ema_F_20260708_172828,1014,26.616668,1783528118.434397,-0.488437,0.49623,0.0,-3.138033,0.0,0.0,-0.000158,0.000639,camera_link,26.616668,gnm_closed_loop,,nominal,post-episode zero hold,True,ok,checkpoints/ablation_mnv2_ema0999/best.pt,4.6,0.3199,0.1442,0.08,0.0029,0.2495,,,gnm_closed_loop,0.0,0.0,False,0,,isaac_physics_smoke_20260708,,mnv2_ema0999,,,,,,,False,hospital_fresh_short_F,0.9884,True,,,0.0,0.0,False,zeroed_hold,False,
physeval_ema_F_20260708_172828,1015,26.633335,1783528118.436617,-0.488437,0.49623,0.0,-3.138033,0.0,0.0,-0.000158,0.000639,camera_link,26.633335,gnm_closed_loop,,nominal,post-episode zero hold,True,ok,checkpoints/ablation_mnv2_ema0999/best.pt,4.6,0.3199,0.1442,0.08,0.0029,0.2495,,,gnm_closed_loop,0.0,0.0,False,0,,isaac_physics_smoke_20260708,,mnv2_ema0999,,,,,,,False,hospital_fresh_short_F,0.9884,True,,,0.0,0.0,False,zeroed_hold,False,
physeval_ema_F_20260708_172828,1016,26.650001,1783528118.438328,-0.488437,0.49623,0.0,-3.138033,0.0,0.0,-0.000158,0.000639,camera_link,26.650001,gnm_closed_loop,,nominal,post-episode zero hold,True,ok,checkpoints/ablation_mnv2_ema0999/best.pt,4.6,0.3199,0.1442,0.08,0.0029,0.2495,,,gnm_closed_loop,0.0,0.0,False,0,,isaac_physics_smoke_20260708,,mnv2_ema0999,,,,,,,False,hospital_fresh_short_F,0.9884,True,,,0.0,0.0,False,zeroed_hold,False,
physeval_ema_F_20260708_172828,1017,26.666668,1783528118.45637,-0.488437,0.49623,0.0,-3.138033,0.0,0.0,-0.000158,0.000639,camera_link,26.666668,gnm_closed_loop,,nominal,post-episode zero hold,True,ok,checkpoints/ablation_mnv2_ema0999/best.pt,4.6,0.3199,0.1442,0.08,0.0029,0.2495,,,gnm_closed_loop,0.0,0.0,False,0,,isaac_physics_smoke_20260708,,mnv2_ema0999,,,,,,,False,hospital_fresh_short_F,0.9884,True,,,0.0,0.0,False,zeroed_hold,False,
physeval_ema_F_20260708_172828,1018,26.683335,1783528118.458279,-0.488437,0.49623,0.0,-3.138033,0.0,0.0,-0.000158,0.000639,camera_link,26.683335,gnm_closed_loop,,nominal,post-episode zero hold,True,ok,checkpoints/ablation_mnv2_ema0999/best.pt,4.6,0.3199,0.1442,0.08,0.0029,0.2495,,,gnm_closed_loop,0.0,0.0,False,0,,isaac_physics_smoke_20260708,,mnv2_ema0999,,,,,,,False,hospital_fresh_short_F,0.9884,True,,,0.0,0.0,False,zeroed_hold,False,
physeval_ema_F_20260708_172828,1019,26.700001,1783528118.459852,-0.488437,0.49623,0.0,-3.138033,0.0,0.0,-0.000158,0.000639,camera_link,26.700001,gnm_closed_loop,,nominal,post-episode zero hold,True,ok,checkpoints/ablation_mnv2_ema0999/best.pt,4.6,0.3199,0.1442,0.08,0.0029,0.2495,,,gnm_closed_loop,0.0,0.0,False,0,,isaac_physics_smoke_20260708,,mnv2_ema0999,,,,,,,False,hospital_fresh_short_F,0.9884,True,,,0.0,0.0,False,zeroed_hold,False,
