episode_id,step_idx,sim_time,wall_time,robot_position_x,robot_position_y,robot_position_z,robot_yaw,linear_velocity_cmd,angular_velocity_cmd,odom_linear_velocity,odom_angular_velocity,camera_frame_id,image_timestamp,policy_mode,stop_signal,safety_state,notes,shadow_gnm_enabled,shadow_gnm_status,shadow_gnm_model_path,shadow_gnm_latency_ms,shadow_gnm_candidate_linear_velocity,shadow_gnm_candidate_angular_velocity,shadow_gnm_candidate_waypoint_x,shadow_gnm_candidate_waypoint_y,shadow_gnm_goal_distance,shadow_gnm_confidence,shadow_gnm_error,actual_controller,actual_linear_velocity_cmd,actual_angular_velocity_cmd,collision_detected,collision_count_so_far,collision_body,experiment_id,pair_id,condition,stop_rule_name,stop_rule_threshold,stop_rule_k,stop_rule_ratio,initial_predicted_distance,normalized_predicted_distance,stop_triggered,goal_id,distance_to_goal_m,gnm_control_enabled,gnm_action_raw_linear_velocity,gnm_action_raw_angular_velocity,gnm_action_clipped_linear_velocity,gnm_action_clipped_angular_velocity,action_clipped,watchdog_state,emergency_stop_triggered,stop_reason
h2_td_I_r_20260709_193556,0,9.716667,1783622853.353197,2.272096,2.489673,0.041084,-3.117782,0.2,-0.0959,-0.000164,0.00038,camera_link,9.716667,gnm_closed_loop,,nominal,,True,ok,checkpoints/scene_holdout_mnv2_baseline/best.pt,4.42,0.9591,-0.0959,0.2398,-0.0057,0.5983,,,gnm_closed_loop,0.2,-0.0959,False,0,,hospital_h2_collection,,collector=topdown_incumbent_diagnostic;difficulty=occluded_corridor,,,,,,,False,h2_corridor_I,6.2721,True,0.9591,-0.0959,0.2,-0.0959,True,armed,False,
h2_td_I_r_20260709_193556,1,9.733334,1783622853.355882,2.270646,2.489621,0.041094,-3.117633,0.2,-0.0959,-0.000164,0.00038,camera_link,9.733334,gnm_closed_loop,,nominal,,True,ok,checkpoints/scene_holdout_mnv2_baseline/best.pt,4.42,0.9591,-0.0959,0.2398,-0.0057,0.5983,,,gnm_closed_loop,0.2,-0.0959,True,2,/World/Hospital/SM_ReceptionDesk_01a_46/SM_ReceptionDesk_01a,hospital_h2_collection,,collector=topdown_incumbent_diagnostic;difficulty=occluded_corridor,,,,,,,False,h2_corridor_I,6.2707,True,0.9591,-0.0959,0.2,-0.0959,True,armed,False,
h2_td_I_r_20260709_193556,2,9.750001,1783622853.357864,2.268072,2.489557,0.041128,-3.117643,0.2,-0.0959,-0.000164,0.00038,camera_link,9.750001,gnm_closed_loop,,nominal,,True,ok,checkpoints/scene_holdout_mnv2_baseline/best.pt,4.42,0.9591,-0.0959,0.2398,-0.0057,0.5983,,,gnm_closed_loop,0.2,-0.0959,True,4,/World/Hospital/SM_ReceptionDesk_01a_46/SM_ReceptionDesk_01a,hospital_h2_collection,,collector=topdown_incumbent_diagnostic;difficulty=occluded_corridor,,,,,,,False,h2_corridor_I,6.2681,True,0.9591,-0.0959,0.2,-0.0959,True,armed,False,
h2_td_I_r_20260709_193556,3,9.766667,1783622856.423526,2.264926,2.489481,0.041114,-3.117651,0.2,-0.0959,0.195445,0.007579,camera_link,9.766667,gnm_closed_loop,,nominal,,True,ok,checkpoints/scene_holdout_mnv2_baseline/best.pt,4.07,0.9591,-0.0959,0.2398,-0.0057,0.5983,,,gnm_closed_loop,0.2,-0.0959,True,6,/World/Hospital/SM_ReceptionDesk_01a_46/SM_ReceptionDesk_01a,hospital_h2_collection,,collector=topdown_incumbent_diagnostic;difficulty=occluded_corridor,,,,,,,False,h2_corridor_I,6.2649,True,0.9591,-0.0959,0.2,-0.0959,True,armed,False,
h2_td_I_r_20260709_193556,4,9.783334,1783622856.425953,2.261625,2.489402,0.041095,-3.117657,0.2,-0.0959,0.195445,0.007579,camera_link,9.783334,gnm_closed_loop,,nominal,,True,ok,checkpoints/scene_holdout_mnv2_baseline/best.pt,4.07,0.9591,-0.0959,0.2398,-0.0057,0.5983,,,gnm_closed_loop,0.2,-0.0959,True,8,/World/Hospital/SM_ReceptionDesk_01a_46/SM_ReceptionDesk_01a,hospital_h2_collection,,collector=topdown_incumbent_diagnostic;difficulty=occluded_corridor,,,,,,,False,h2_corridor_I,6.2616,True,0.9591,-0.0959,0.2,-0.0959,True,armed,False,
h2_td_I_r_20260709_193556,5,9.800001,1783622856.427975,2.258307,2.489323,0.041087,-3.11767,0.2,-0.0959,0.195445,0.007579,camera_link,9.800001,gnm_closed_loop,,nominal,,True,ok,checkpoints/scene_holdout_mnv2_baseline/best.pt,4.07,0.9591,-0.0959,0.2398,-0.0057,0.5983,,,gnm_closed_loop,0.2,-0.0959,True,10,/World/Hospital/SM_ReceptionDesk_01a_46/SM_ReceptionDesk_01a,hospital_h2_collection,,collector=topdown_incumbent_diagnostic;difficulty=occluded_corridor,,,,,,,False,h2_corridor_I,6.2583,True,0.9591,-0.0959,0.2,-0.0959,True,armed,False,
h2_td_I_r_20260709_193556,6,9.816667,1783622856.443028,2.255007,2.489245,0.041108,-3.117672,0.2,-0.0959,0.199327,0.005493,camera_link,9.816667,gnm_closed_loop,,nominal,,True,ok,checkpoints/scene_holdout_mnv2_baseline/best.pt,4.08,0.9591,-0.0959,0.2398,-0.0057,0.5983,,,gnm_closed_loop,0.2,-0.0959,True,12,/World/Hospital/SM_ReceptionDesk_01a_46/SM_ReceptionDesk_01a,hospital_h2_collection,,collector=topdown_incumbent_diagnostic;difficulty=occluded_corridor,,,,,,,False,h2_corridor_I,6.255,True,0.9591,-0.0959,0.2,-0.0959,True,armed,False,
h2_td_I_r_20260709_193556,7,9.833334,1783622856.445255,2.251708,2.489166,0.041139,-3.117679,0.2,-0.0959,0.199327,0.005493,camera_link,9.833334,gnm_closed_loop,,nominal,,True,ok,checkpoints/scene_holdout_mnv2_baseline/best.pt,4.08,0.9591,-0.0959,0.2398,-0.0057,0.5983,,,gnm_closed_loop,0.2,-0.0959,True,14,/World/Hospital/SM_ReceptionDesk_01a_46/SM_ReceptionDesk_01a,hospital_h2_collection,,collector=topdown_incumbent_diagnostic;difficulty=occluded_corridor,,,,,,,False,h2_corridor_I,6.2517,True,0.9591,-0.0959,0.2,-0.0959,True,armed,False,
h2_td_I_r_20260709_193556,8,9.850001,1783622856.447155,2.248402,2.489087,0.041134,-3.117683,0.2,-0.0959,0.199327,0.005493,camera_link,9.850001,gnm_closed_loop,,nominal,,True,ok,checkpoints/scene_holdout_mnv2_baseline/best.pt,4.08,0.9591,-0.0959,0.2398,-0.0057,0.5983,,,gnm_closed_loop,0.2,-0.0959,True,16,/World/Hospital/SM_ReceptionDesk_01a_46/SM_ReceptionDesk_01a,hospital_h2_collection,,collector=topdown_incumbent_diagnostic;difficulty=occluded_corridor,,,,,,,False,h2_corridor_I,6.2484,True,0.9591,-0.0959,0.2,-0.0959,True,armed,False,
h2_td_I_r_20260709_193556,9,9.866667,1783622862.566676,2.245091,2.489007,0.041118,-3.117686,0.2,-0.0959,0.199181,0.005822,camera_link,9.866667,gnm_closed_loop,,nominal,,True,ok,checkpoints/scene_holdout_mnv2_baseline/best.pt,4.18,0.9591,-0.0959,0.2398,-0.0057,0.5983,,,gnm_closed_loop,0.2,-0.0959,True,18,/World/Hospital/SM_ReceptionDesk_01a_46/SM_ReceptionDesk_01a,hospital_h2_collection,,collector=topdown_incumbent_diagnostic;difficulty=occluded_corridor,,,,,,,False,h2_corridor_I,6.2451,True,0.9591,-0.0959,0.2,-0.0959,True,armed,False,
h2_td_I_r_20260709_193556,10,9.883334,1783622862.569111,2.241772,2.488929,0.041114,-3.117688,0.2,-0.0959,0.199181,0.005822,camera_link,9.883334,gnm_closed_loop,,nominal,,True,ok,checkpoints/scene_holdout_mnv2_baseline/best.pt,4.18,0.9591,-0.0959,0.2398,-0.0057,0.5983,,,gnm_closed_loop,0.2,-0.0959,True,20,/World/Hospital/SM_ReceptionDesk_01a_46/SM_ReceptionDesk_01a,hospital_h2_collection,,collector=topdown_incumbent_diagnostic;difficulty=occluded_corridor,,,,,,,False,h2_corridor_I,6.2418,True,0.9591,-0.0959,0.2,-0.0959,True,armed,False,
h2_td_I_r_20260709_193556,11,9.900001,1783622862.571003,2.238459,2.488849,0.041118,-3.117691,0.2,-0.0959,0.199181,0.005822,camera_link,9.900001,gnm_closed_loop,,nominal,,True,ok,checkpoints/scene_holdout_mnv2_baseline/best.pt,4.18,0.9591,-0.0959,0.2398,-0.0057,0.5983,,,gnm_closed_loop,0.2,-0.0959,True,22,/World/Hospital/SM_ReceptionDesk_01a_46/SM_ReceptionDesk_01a,hospital_h2_collection,,collector=topdown_incumbent_diagnostic;difficulty=occluded_corridor,,,,,,,False,h2_corridor_I,6.2385,True,0.9591,-0.0959,0.2,-0.0959,True,armed,False,
h2_td_I_r_20260709_193556,12,9.916667,1783622868.707879,2.235133,2.488768,0.041103,-3.117685,0.2,-0.0959,0.198827,-0.001051,camera_link,9.916667,gnm_closed_loop,,nominal,,True,ok,checkpoints/scene_holdout_mnv2_baseline/best.pt,4.69,0.9591,-0.0959,0.2398,-0.0057,0.5983,,,gnm_closed_loop,0.2,-0.0959,True,24,/World/Hospital/SM_ReceptionDesk_01a_46/SM_ReceptionDesk_01a,hospital_h2_collection,,collector=topdown_incumbent_diagnostic;difficulty=occluded_corridor,,,,,,,False,h2_corridor_I,6.2351,True,0.9591,-0.0959,0.2,-0.0959,True,armed,False,
h2_td_I_r_20260709_193556,13,9.933334,1783622868.710222,2.231849,2.488684,0.041131,-3.117728,0.2,-0.0959,0.198827,-0.001051,camera_link,9.933334,gnm_closed_loop,,nominal,,True,ok,checkpoints/scene_holdout_mnv2_baseline/best.pt,4.69,0.9591,-0.0959,0.2398,-0.0057,0.5983,,,gnm_closed_loop,0.2,-0.0959,True,26,/World/Hospital/SM_ReceptionDesk_01a_46/SM_ReceptionDesk_01a,hospital_h2_collection,,collector=topdown_incumbent_diagnostic;difficulty=occluded_corridor,,,,,,,False,h2_corridor_I,6.2319,True,0.9591,-0.0959,0.2,-0.0959,True,armed,False,
h2_td_I_r_20260709_193556,14,9.950001,1783622868.712221,2.230475,2.487825,0.04111,-3.128401,0.2,-0.0959,0.198827,-0.001051,camera_link,9.950001,gnm_closed_loop,,nominal,,True,ok,checkpoints/scene_holdout_mnv2_baseline/best.pt,4.69,0.9591,-0.0959,0.2398,-0.0057,0.5983,,,gnm_closed_loop,0.2,-0.0959,True,28,/World/Hospital/SM_ReceptionDesk_01a_46/SM_ReceptionDesk_01a,hospital_h2_collection,,collector=topdown_incumbent_diagnostic;difficulty=occluded_corridor,,,,,,,False,h2_corridor_I,6.2305,True,0.9591,-0.0959,0.2,-0.0959,True,armed,False,
h2_td_I_r_20260709_193556,15,9.966667,1783622874.854415,2.229323,2.487065,0.04114,-3.138234,0.2,-0.0959,0.08048,-0.684075,camera_link,9.966667,gnm_closed_loop,,nominal,,True,ok,checkpoints/scene_holdout_mnv2_baseline/best.pt,4.21,0.9591,-0.0959,0.2398,-0.0057,0.5983,,,gnm_closed_loop,0.2,-0.0959,True,30,/World/Hospital/SM_ReceptionDesk_01a_46/SM_ReceptionDesk_01a,hospital_h2_collection,,collector=topdown_incumbent_diagnostic;difficulty=occluded_corridor,,,,,,,False,h2_corridor_I,6.2293,True,0.9591,-0.0959,0.2,-0.0959,True,armed,False,
h2_td_I_r_20260709_193556,16,9.983334,1783622874.857612,2.22893,2.486616,0.041112,3.141588,0.2,-0.0959,0.08048,-0.684075,camera_link,9.983334,gnm_closed_loop,,nominal,,True,ok,checkpoints/scene_holdout_mnv2_baseline/best.pt,4.21,0.9591,-0.0959,0.2398,-0.0057,0.5983,,,gnm_closed_loop,0.2,-0.0959,True,32,/World/Hospital/SM_ReceptionDesk_01a_46/SM_ReceptionDesk_01a,hospital_h2_collection,,collector=topdown_incumbent_diagnostic;difficulty=occluded_corridor,,,,,,,False,h2_corridor_I,6.2289,True,0.9591,-0.0959,0.2,-0.0959,True,armed,False,
h2_td_I_r_20260709_193556,17,10.000001,1783622874.859658,2.22893,2.486616,0.041096,-3.141592,0.2,-0.0959,0.08048,-0.684075,camera_link,10.000001,gnm_closed_loop,,nominal,,True,ok,checkpoints/scene_holdout_mnv2_baseline/best.pt,4.21,0.9591,-0.0959,0.2398,-0.0057,0.5983,,,gnm_closed_loop,0.2,-0.0959,True,34,/World/Hospital/SM_ReceptionDesk_01a_46/SM_ReceptionDesk_01a,hospital_h2_collection,,collector=topdown_incumbent_diagnostic;difficulty=occluded_corridor,,,,,,,False,h2_corridor_I,6.2289,True,0.9591,-0.0959,0.2,-0.0959,True,armed,False,
h2_td_I_r_20260709_193556,18,10.016667,1783622887.140717,2.228923,2.486614,0.041104,-3.141589,0.2,-0.0959,-0.000927,0.006315,camera_link,10.016667,gnm_closed_loop,,nominal,,True,ok,checkpoints/scene_holdout_mnv2_baseline/best.pt,4.18,0.9591,-0.0959,0.2398,-0.0057,0.5983,,,gnm_closed_loop,0.2,-0.0959,True,36,/World/Hospital/SM_ReceptionDesk_01a_46/SM_ReceptionDesk_01a,hospital_h2_collection,,collector=topdown_incumbent_diagnostic;difficulty=occluded_corridor,,,,,,,False,h2_corridor_I,6.2289,True,0.9591,-0.0959,0.2,-0.0959,True,armed,False,
h2_td_I_r_20260709_193556,19,10.033334,1783622887.143063,2.228938,2.486595,0.041114,3.141589,0.2,-0.0959,-0.000927,0.006315,camera_link,10.033334,gnm_closed_loop,,nominal,,True,ok,checkpoints/scene_holdout_mnv2_baseline/best.pt,4.18,0.9591,-0.0959,0.2398,-0.0057,0.5983,,,gnm_closed_loop,0.2,-0.0959,True,38,/World/Hospital/SM_ReceptionDesk_01a_46/SM_ReceptionDesk_01a,hospital_h2_collection,,collector=topdown_incumbent_diagnostic;difficulty=occluded_corridor,,,,,,,False,h2_corridor_I,6.229,True,0.9591,-0.0959,0.2,-0.0959,True,armed,False,
h2_td_I_r_20260709_193556,20,10.050001,1783622887.145098,2.228934,2.486615,0.041088,-3.141581,0.2,-0.0959,-0.000927,0.006315,camera_link,10.050001,gnm_closed_loop,,nominal,,True,ok,checkpoints/scene_holdout_mnv2_baseline/best.pt,4.18,0.9591,-0.0959,0.2398,-0.0057,0.5983,,,gnm_closed_loop,0.2,-0.0959,True,40,/World/Hospital/SM_ReceptionDesk_01a_46/SM_ReceptionDesk_01a,hospital_h2_collection,,collector=topdown_incumbent_diagnostic;difficulty=occluded_corridor,,,,,,,False,h2_corridor_I,6.2289,True,0.9591,-0.0959,0.2,-0.0959,True,armed,False,
h2_td_I_r_20260709_193556,21,10.066667,1783622890.214364,2.228935,2.486611,0.041094,-3.141588,0.2,-0.0959,0.000751,-0.00326,camera_link,10.066667,gnm_closed_loop,,nominal,,True,ok,checkpoints/scene_holdout_mnv2_baseline/best.pt,4.41,0.9591,-0.0959,0.2398,-0.0057,0.5983,,,gnm_closed_loop,0.2,-0.0959,True,42,/World/Hospital/SM_ReceptionDesk_01a_46/SM_ReceptionDesk_01a,hospital_h2_collection,,collector=topdown_incumbent_diagnostic;difficulty=occluded_corridor,,,,,,,False,h2_corridor_I,6.2289,True,0.9591,-0.0959,0.2,-0.0959,True,armed,False,
h2_td_I_r_20260709_193556,22,10.083334,1783622890.216992,2.228935,2.486604,0.041089,3.141583,0.2,-0.0959,0.000751,-0.00326,camera_link,10.083334,gnm_closed_loop,,nominal,,True,ok,checkpoints/scene_holdout_mnv2_baseline/best.pt,4.41,0.9591,-0.0959,0.2398,-0.0057,0.5983,,,gnm_closed_loop,0.2,-0.0959,True,44,/World/Hospital/SM_ReceptionDesk_01a_46/SM_ReceptionDesk_01a,hospital_h2_collection,,collector=topdown_incumbent_diagnostic;difficulty=occluded_corridor,,,,,,,False,h2_corridor_I,6.2289,True,0.9591,-0.0959,0.2,-0.0959,True,armed,False,
h2_td_I_r_20260709_193556,23,10.100001,1783622890.219011,2.22893,2.486598,0.041099,3.141587,0.2,-0.0959,0.000751,-0.00326,camera_link,10.100001,gnm_closed_loop,,nominal,,True,ok,checkpoints/scene_holdout_mnv2_baseline/best.pt,4.41,0.9591,-0.0959,0.2398,-0.0057,0.5983,,,gnm_closed_loop,0.2,-0.0959,True,46,/World/Hospital/SM_ReceptionDesk_01a_46/SM_ReceptionDesk_01a,hospital_h2_collection,,collector=topdown_incumbent_diagnostic;difficulty=occluded_corridor,,,,,,,False,h2_corridor_I,6.2289,True,0.9591,-0.0959,0.2,-0.0959,True,armed,False,
h2_td_I_r_20260709_193556,24,10.116667,1783622890.237634,2.228933,2.486604,0.041094,-3.141592,0.2,-0.0959,-0.000397,0.002714,camera_link,10.116667,gnm_closed_loop,,nominal,,True,ok,checkpoints/scene_holdout_mnv2_baseline/best.pt,4.03,0.9591,-0.0959,0.2398,-0.0057,0.5983,,,gnm_closed_loop,0.2,-0.0959,True,48,/World/Hospital/SM_ReceptionDesk_01a_46/SM_ReceptionDesk_01a,hospital_h2_collection,,collector=topdown_incumbent_diagnostic;difficulty=occluded_corridor,,,,,,,False,h2_corridor_I,6.2289,True,0.9591,-0.0959,0.2,-0.0959,True,armed,False,
h2_td_I_r_20260709_193556,25,10.133334,1783622890.240192,2.228932,2.486611,0.041087,-3.141575,0.2,-0.0959,-0.000397,0.002714,camera_link,10.133334,gnm_closed_loop,,nominal,,True,ok,checkpoints/scene_holdout_mnv2_baseline/best.pt,4.03,0.9591,-0.0959,0.2398,-0.0057,0.5983,,,gnm_closed_loop,0.2,-0.0959,True,50,/World/Hospital/SM_ReceptionDesk_01a_46/SM_ReceptionDesk_01a,hospital_h2_collection,,collector=topdown_incumbent_diagnostic;difficulty=occluded_corridor,,,,,,,False,h2_corridor_I,6.2289,True,0.9591,-0.0959,0.2,-0.0959,True,armed,False,
h2_td_I_r_20260709_193556,26,10.150001,1783622890.242747,2.228933,2.486608,0.041088,-3.141591,0.2,-0.0959,-0.000397,0.002714,camera_link,10.150001,gnm_closed_loop,,nominal,,True,ok,checkpoints/scene_holdout_mnv2_baseline/best.pt,4.03,0.9591,-0.0959,0.2398,-0.0057,0.5983,,,gnm_closed_loop,0.2,-0.0959,True,52,/World/Hospital/SM_ReceptionDesk_01a_46/SM_ReceptionDesk_01a,hospital_h2_collection,,collector=topdown_incumbent_diagnostic;difficulty=occluded_corridor,,,,,,,False,h2_corridor_I,6.2289,True,0.9591,-0.0959,0.2,-0.0959,True,armed,False,
h2_td_I_r_20260709_193556,27,10.166667,1783622896.358237,2.228928,2.486605,0.0411,3.141579,0.2,-0.0959,-0.003709,0.004447,camera_link,10.166667,gnm_closed_loop,,nominal,,True,ok,checkpoints/scene_holdout_mnv2_baseline/best.pt,3.88,0.9591,-0.0959,0.2398,-0.0057,0.5983,,,gnm_closed_loop,0.2,-0.0959,True,54,/World/Hospital/SM_ReceptionDesk_01a_46/SM_ReceptionDesk_01a,hospital_h2_collection,,collector=topdown_incumbent_diagnostic;difficulty=occluded_corridor,,,,,,,False,h2_corridor_I,6.2289,True,0.9591,-0.0959,0.2,-0.0959,True,armed,False,
h2_td_I_r_20260709_193556,28,10.183334,1783622896.361915,2.228925,2.486603,0.041104,3.141575,0.2,-0.0959,-0.003709,0.004447,camera_link,10.183334,gnm_closed_loop,,nominal,,True,ok,checkpoints/scene_holdout_mnv2_baseline/best.pt,3.88,0.9591,-0.0959,0.2398,-0.0057,0.5983,,,gnm_closed_loop,0.2,-0.0959,True,56,/World/Hospital/SM_ReceptionDesk_01a_46/SM_ReceptionDesk_01a,hospital_h2_collection,,collector=topdown_incumbent_diagnostic;difficulty=occluded_corridor,,,,,,,False,h2_corridor_I,6.2289,True,0.9591,-0.0959,0.2,-0.0959,True,armed,False,
h2_td_I_r_20260709_193556,29,10.200001,1783622896.363914,2.228926,2.486607,0.041111,-3.141588,0.2,-0.0959,-0.003709,0.004447,camera_link,10.200001,gnm_closed_loop,,nominal,,True,ok,checkpoints/scene_holdout_mnv2_baseline/best.pt,3.88,0.9591,-0.0959,0.2398,-0.0057,0.5983,,,gnm_closed_loop,0.2,-0.0959,True,58,/World/Hospital/SM_ReceptionDesk_01a_46/SM_ReceptionDesk_01a,hospital_h2_collection,,collector=topdown_incumbent_diagnostic;difficulty=occluded_corridor,,,,,,,False,h2_corridor_I,6.2289,True,0.9591,-0.0959,0.2,-0.0959,True,armed,False,
h2_td_I_r_20260709_193556,30,10.216667,1783622896.382043,2.228916,2.486609,0.0411,3.141581,0.2,-0.0959,-0.003926,-0.007562,camera_link,10.216667,gnm_closed_loop,,nominal,,True,ok,checkpoints/scene_holdout_mnv2_baseline/best.pt,4.59,0.9591,-0.0959,0.2398,-0.0057,0.5983,,,gnm_closed_loop,0.2,-0.0959,True,60,/World/Hospital/SM_ReceptionDesk_01a_46/SM_ReceptionDesk_01a,hospital_h2_collection,,collector=topdown_incumbent_diagnostic;difficulty=occluded_corridor,,,,,,,False,h2_corridor_I,6.2289,True,0.9591,-0.0959,0.2,-0.0959,True,armed,False,
h2_td_I_r_20260709_193556,31,10.233334,1783622896.384474,2.228925,2.486609,0.041108,-3.141586,0.2,-0.0959,-0.003926,-0.007562,camera_link,10.233334,gnm_closed_loop,,nominal,,True,ok,checkpoints/scene_holdout_mnv2_baseline/best.pt,4.59,0.9591,-0.0959,0.2398,-0.0057,0.5983,,,gnm_closed_loop,0.2,-0.0959,True,62,/World/Hospital/SM_ReceptionDesk_01a_46/SM_ReceptionDesk_01a,hospital_h2_collection,,collector=topdown_incumbent_diagnostic;difficulty=occluded_corridor,,,,,,,False,h2_corridor_I,6.2289,True,0.9591,-0.0959,0.2,-0.0959,True,armed,False,
h2_td_I_r_20260709_193556,32,10.250001,1783622896.386369,2.228931,2.486611,0.0411,-3.141589,0.2,-0.0959,-0.003926,-0.007562,camera_link,10.250001,gnm_closed_loop,,nominal,,True,ok,checkpoints/scene_holdout_mnv2_baseline/best.pt,4.59,0.9591,-0.0959,0.2398,-0.0057,0.5983,,,gnm_closed_loop,0.2,-0.0959,True,64,/World/Hospital/SM_ReceptionDesk_01a_46/SM_ReceptionDesk_01a,hospital_h2_collection,,collector=topdown_incumbent_diagnostic;difficulty=occluded_corridor,,,,,,,False,h2_corridor_I,6.2289,True,0.9591,-0.0959,0.2,-0.0959,True,armed,False,
h2_td_I_r_20260709_193556,33,10.266667,1783622905.572393,2.228925,2.486607,0.041101,-3.141589,0.2,-0.0959,-0.000359,0.003058,camera_link,10.266667,gnm_closed_loop,,nominal,,True,ok,checkpoints/scene_holdout_mnv2_baseline/best.pt,4.33,0.9591,-0.0959,0.2398,-0.0057,0.5983,,,gnm_closed_loop,0.2,-0.0959,True,66,/World/Hospital/SM_ReceptionDesk_01a_46/SM_ReceptionDesk_01a,hospital_h2_collection,,collector=topdown_incumbent_diagnostic;difficulty=occluded_corridor,,,,,,,False,h2_corridor_I,6.2289,True,0.9591,-0.0959,0.2,-0.0959,True,armed,False,
h2_td_I_r_20260709_193556,34,10.283334,1783622905.574766,2.22892,2.486608,0.041107,-3.141588,0.2,-0.0959,-0.000359,0.003058,camera_link,10.283334,gnm_closed_loop,,nominal,,True,ok,checkpoints/scene_holdout_mnv2_baseline/best.pt,4.33,0.9591,-0.0959,0.2398,-0.0057,0.5983,,,gnm_closed_loop,0.2,-0.0959,True,68,/World/Hospital/SM_ReceptionDesk_01a_46/SM_ReceptionDesk_01a,hospital_h2_collection,,collector=topdown_incumbent_diagnostic;difficulty=occluded_corridor,,,,,,,False,h2_corridor_I,6.2289,True,0.9591,-0.0959,0.2,-0.0959,True,armed,False,
h2_td_I_r_20260709_193556,35,10.300001,1783622905.577901,2.228919,2.48661,0.04111,-3.141587,0.2,-0.0959,-0.000359,0.003058,camera_link,10.300001,gnm_closed_loop,,nominal,,True,ok,checkpoints/scene_holdout_mnv2_baseline/best.pt,4.33,0.9591,-0.0959,0.2398,-0.0057,0.5983,,,gnm_closed_loop,0.2,-0.0959,True,70,/World/Hospital/SM_ReceptionDesk_01a_46/SM_ReceptionDesk_01a,hospital_h2_collection,,collector=topdown_incumbent_diagnostic;difficulty=occluded_corridor,,,,,,,False,h2_corridor_I,6.2289,True,0.9591,-0.0959,0.2,-0.0959,True,armed,False,
h2_td_I_r_20260709_193556,36,10.316667,1783622917.861624,2.228925,2.486607,0.041118,-3.141592,0.2,-0.0959,-0.001019,-0.002532,camera_link,10.316667,gnm_closed_loop,,nominal,,True,ok,checkpoints/scene_holdout_mnv2_baseline/best.pt,4.28,0.9591,-0.0959,0.2398,-0.0057,0.5983,,,gnm_closed_loop,0.2,-0.0959,True,72,/World/Hospital/SM_ReceptionDesk_01a_46/SM_ReceptionDesk_01a,hospital_h2_collection,,collector=topdown_incumbent_diagnostic;difficulty=occluded_corridor,,,,,,,False,h2_corridor_I,6.2289,True,0.9591,-0.0959,0.2,-0.0959,True,armed,False,
h2_td_I_r_20260709_193556,37,10.333334,1783622917.864132,2.228921,2.486612,0.041111,-3.141579,0.2,-0.0959,-0.001019,-0.002532,camera_link,10.333334,gnm_closed_loop,,nominal,,True,ok,checkpoints/scene_holdout_mnv2_baseline/best.pt,4.28,0.9591,-0.0959,0.2398,-0.0057,0.5983,,,gnm_closed_loop,0.2,-0.0959,True,74,/World/Hospital/SM_ReceptionDesk_01a_46/SM_ReceptionDesk_01a,hospital_h2_collection,,collector=topdown_incumbent_diagnostic;difficulty=occluded_corridor,,,,,,,False,h2_corridor_I,6.2289,True,0.9591,-0.0959,0.2,-0.0959,True,armed,False,
h2_td_I_r_20260709_193556,38,10.350001,1783622917.866058,2.228921,2.486609,0.041111,-3.14159,0.2,-0.0959,-0.001019,-0.002532,camera_link,10.350001,gnm_closed_loop,,nominal,,True,ok,checkpoints/scene_holdout_mnv2_baseline/best.pt,4.28,0.9591,-0.0959,0.2398,-0.0057,0.5983,,,gnm_closed_loop,0.2,-0.0959,True,76,/World/Hospital/SM_ReceptionDesk_01a_46/SM_ReceptionDesk_01a,hospital_h2_collection,,collector=topdown_incumbent_diagnostic;difficulty=occluded_corridor,,,,,,,False,h2_corridor_I,6.2289,True,0.9591,-0.0959,0.2,-0.0959,True,armed,False,
h2_td_I_r_20260709_193556,39,10.366667,1783622939.391695,2.22892,2.486614,0.04111,-3.141577,0.2,-0.0959,-0.004167,0.00505,camera_link,10.366667,gnm_closed_loop,,nominal,,True,ok,checkpoints/scene_holdout_mnv2_baseline/best.pt,3.94,0.9591,-0.0959,0.2398,-0.0057,0.5983,,,gnm_closed_loop,0.2,-0.0959,True,78,/World/Hospital/SM_ReceptionDesk_01a_46/SM_ReceptionDesk_01a,hospital_h2_collection,,collector=topdown_incumbent_diagnostic;difficulty=occluded_corridor,,,,,,,False,h2_corridor_I,6.2289,True,0.9591,-0.0959,0.2,-0.0959,True,armed,False,
h2_td_I_r_20260709_193556,40,10.383334,1783622939.394149,2.228919,2.486602,0.041105,3.14158,0.2,-0.0959,-0.004167,0.00505,camera_link,10.383334,gnm_closed_loop,,nominal,,True,ok,checkpoints/scene_holdout_mnv2_baseline/best.pt,3.94,0.9591,-0.0959,0.2398,-0.0057,0.5983,,,gnm_closed_loop,0.2,-0.0959,True,80,/World/Hospital/SM_ReceptionDesk_01a_46/SM_ReceptionDesk_01a,hospital_h2_collection,,collector=topdown_incumbent_diagnostic;difficulty=occluded_corridor,,,,,,,False,h2_corridor_I,6.2289,True,0.9591,-0.0959,0.2,-0.0959,True,armed,False,
h2_td_I_r_20260709_193556,41,10.400001,1783622939.396589,2.228921,2.486611,0.04111,-3.141573,0.2,-0.0959,-0.004167,0.00505,camera_link,10.400001,gnm_closed_loop,,nominal,,True,ok,checkpoints/scene_holdout_mnv2_baseline/best.pt,3.94,0.9591,-0.0959,0.2398,-0.0057,0.5983,,,gnm_closed_loop,0.2,-0.0959,True,82,/World/Hospital/SM_ReceptionDesk_01a_46/SM_ReceptionDesk_01a,hospital_h2_collection,,collector=topdown_incumbent_diagnostic;difficulty=occluded_corridor,,,,,,,False,h2_corridor_I,6.2289,True,0.9591,-0.0959,0.2,-0.0959,True,armed,False,
h2_td_I_r_20260709_193556,42,10.416667,1783622948.580781,2.228919,2.486606,0.041107,3.141589,0.2,-0.0959,-0.000768,-0.005289,camera_link,10.416667,gnm_closed_loop,,nominal,,True,ok,checkpoints/scene_holdout_mnv2_baseline/best.pt,4.19,0.9591,-0.0959,0.2398,-0.0057,0.5983,,,gnm_closed_loop,0.2,-0.0959,True,84,/World/Hospital/SM_ReceptionDesk_01a_46/SM_ReceptionDesk_01a,hospital_h2_collection,,collector=topdown_incumbent_diagnostic;difficulty=occluded_corridor,,,,,,,False,h2_corridor_I,6.2289,True,0.9591,-0.0959,0.2,-0.0959,True,armed,False,
h2_td_I_r_20260709_193556,43,10.433334,1783622948.583185,2.22892,2.486612,0.041112,-3.141583,0.2,-0.0959,-0.000768,-0.005289,camera_link,10.433334,gnm_closed_loop,,nominal,,True,ok,checkpoints/scene_holdout_mnv2_baseline/best.pt,4.19,0.9591,-0.0959,0.2398,-0.0057,0.5983,,,gnm_closed_loop,0.2,-0.0959,True,86,/World/Hospital/SM_ReceptionDesk_01a_46/SM_ReceptionDesk_01a,hospital_h2_collection,,collector=topdown_incumbent_diagnostic;difficulty=occluded_corridor,,,,,,,False,h2_corridor_I,6.2289,True,0.9591,-0.0959,0.2,-0.0959,True,armed,False,
h2_td_I_r_20260709_193556,44,10.450001,1783622948.585127,2.228921,2.48661,0.041112,-3.141583,0.2,-0.0959,-0.000768,-0.005289,camera_link,10.450001,gnm_closed_loop,,nominal,,True,ok,checkpoints/scene_holdout_mnv2_baseline/best.pt,4.19,0.9591,-0.0959,0.2398,-0.0057,0.5983,,,gnm_closed_loop,0.2,-0.0959,True,88,/World/Hospital/SM_ReceptionDesk_01a_46/SM_ReceptionDesk_01a,hospital_h2_collection,,collector=topdown_incumbent_diagnostic;difficulty=occluded_corridor,,,,,,,False,h2_corridor_I,6.2289,True,0.9591,-0.0959,0.2,-0.0959,True,armed,False,
h2_td_I_r_20260709_193556,45,10.466667,1783622948.608842,2.228924,2.486611,0.041113,-3.141577,0.2,-0.0959,-0.001087,-0.003722,camera_link,10.466667,gnm_closed_loop,,nominal,,True,ok,checkpoints/scene_holdout_mnv2_baseline/best.pt,9.16,0.9591,-0.0959,0.2398,-0.0057,0.5983,,,gnm_closed_loop,0.2,-0.0959,True,90,/World/Hospital/SM_ReceptionDesk_01a_46/SM_ReceptionDesk_01a,hospital_h2_collection,,collector=topdown_incumbent_diagnostic;difficulty=occluded_corridor,,,,,,,False,h2_corridor_I,6.2289,True,0.9591,-0.0959,0.2,-0.0959,True,armed,False,
h2_td_I_r_20260709_193556,46,10.483334,1783622948.611523,2.228923,2.486609,0.04111,-3.141588,0.2,-0.0959,-0.001087,-0.003722,camera_link,10.483334,gnm_closed_loop,,nominal,,True,ok,checkpoints/scene_holdout_mnv2_baseline/best.pt,9.16,0.9591,-0.0959,0.2398,-0.0057,0.5983,,,gnm_closed_loop,0.2,-0.0959,True,92,/World/Hospital/SM_ReceptionDesk_01a_46/SM_ReceptionDesk_01a,hospital_h2_collection,,collector=topdown_incumbent_diagnostic;difficulty=occluded_corridor,,,,,,,False,h2_corridor_I,6.2289,True,0.9591,-0.0959,0.2,-0.0959,True,armed,False,
h2_td_I_r_20260709_193556,47,10.500001,1783622948.6139,2.228917,2.486611,0.041102,3.141591,0.2,-0.0959,-0.001087,-0.003722,camera_link,10.500001,gnm_closed_loop,,nominal,,True,ok,checkpoints/scene_holdout_mnv2_baseline/best.pt,9.16,0.9591,-0.0959,0.2398,-0.0057,0.5983,,,gnm_closed_loop,0.2,-0.0959,True,94,/World/Hospital/SM_ReceptionDesk_01a_46/SM_ReceptionDesk_01a,hospital_h2_collection,,collector=topdown_incumbent_diagnostic;difficulty=occluded_corridor,,,,,,,False,h2_corridor_I,6.2289,True,0.9591,-0.0959,0.2,-0.0959,True,armed,False,
h2_td_I_r_20260709_193556,48,10.516667,1783622954.726343,2.228918,2.486615,0.041113,3.141592,0.2,-0.0959,-0.004249,0.005229,camera_link,10.516667,gnm_closed_loop,,nominal,,True,ok,checkpoints/scene_holdout_mnv2_baseline/best.pt,3.91,0.9591,-0.0959,0.2398,-0.0057,0.5983,,,gnm_closed_loop,0.2,-0.0959,True,96,/World/Hospital/SM_ReceptionDesk_01a_46/SM_ReceptionDesk_01a,hospital_h2_collection,,collector=topdown_incumbent_diagnostic;difficulty=occluded_corridor,,,,,,,False,h2_corridor_I,6.2289,True,0.9591,-0.0959,0.2,-0.0959,True,armed,False,
h2_td_I_r_20260709_193556,49,10.533334,1783622954.728738,2.228931,2.486613,0.041101,3.141592,0.2,-0.0959,-0.004249,0.005229,camera_link,10.533334,gnm_closed_loop,,nominal,,True,ok,checkpoints/scene_holdout_mnv2_baseline/best.pt,3.91,0.9591,-0.0959,0.2398,-0.0057,0.5983,,,gnm_closed_loop,0.2,-0.0959,True,98,/World/Hospital/SM_ReceptionDesk_01a_46/SM_ReceptionDesk_01a,hospital_h2_collection,,collector=topdown_incumbent_diagnostic;difficulty=occluded_corridor,,,,,,,False,h2_corridor_I,6.2289,True,0.9591,-0.0959,0.2,-0.0959,True,armed,False,
h2_td_I_r_20260709_193556,50,10.550001,1783622954.730652,2.228931,2.486613,0.041103,3.141589,0.2,-0.0959,-0.004249,0.005229,camera_link,10.550001,gnm_closed_loop,,nominal,,True,ok,checkpoints/scene_holdout_mnv2_baseline/best.pt,3.91,0.9591,-0.0959,0.2398,-0.0057,0.5983,,,gnm_closed_loop,0.2,-0.0959,True,100,/World/Hospital/SM_ReceptionDesk_01a_46/SM_ReceptionDesk_01a,hospital_h2_collection,,collector=topdown_incumbent_diagnostic;difficulty=occluded_corridor,,,,,,,False,h2_corridor_I,6.2289,True,0.9591,-0.0959,0.2,-0.0959,True,armed,False,
h2_td_I_r_20260709_193556,51,10.566667,1783622957.796358,2.228932,2.486603,0.041104,3.141572,0.2,-0.0959,-0.000266,-0.005672,camera_link,10.566667,gnm_closed_loop,,nominal,,True,ok,checkpoints/scene_holdout_mnv2_baseline/best.pt,4.29,0.9591,-0.0959,0.2398,-0.0057,0.5983,,,gnm_closed_loop,0.2,-0.0959,True,102,/World/Hospital/SM_ReceptionDesk_01a_46/SM_ReceptionDesk_01a,hospital_h2_collection,,collector=topdown_incumbent_diagnostic;difficulty=occluded_corridor,,,,,,,False,h2_corridor_I,6.2289,True,0.9591,-0.0959,0.2,-0.0959,True,armed,False,
h2_td_I_r_20260709_193556,52,10.583334,1783622957.798882,2.228928,2.486601,0.041106,3.141585,0.2,-0.0959,-0.000266,-0.005672,camera_link,10.583334,gnm_closed_loop,,nominal,,True,ok,checkpoints/scene_holdout_mnv2_baseline/best.pt,4.29,0.9591,-0.0959,0.2398,-0.0057,0.5983,,,gnm_closed_loop,0.2,-0.0959,True,104,/World/Hospital/SM_ReceptionDesk_01a_46/SM_ReceptionDesk_01a,hospital_h2_collection,,collector=topdown_incumbent_diagnostic;difficulty=occluded_corridor,,,,,,,False,h2_corridor_I,6.2289,True,0.9591,-0.0959,0.2,-0.0959,True,armed,False,
h2_td_I_r_20260709_193556,53,10.600001,1783622957.800968,2.228928,2.486603,0.041106,-3.141579,0.2,-0.0959,-0.000266,-0.005672,camera_link,10.600001,gnm_closed_loop,,nominal,,True,ok,checkpoints/scene_holdout_mnv2_baseline/best.pt,4.29,0.9591,-0.0959,0.2398,-0.0057,0.5983,,,gnm_closed_loop,0.2,-0.0959,True,106,/World/Hospital/SM_ReceptionDesk_01a_46/SM_ReceptionDesk_01a,hospital_h2_collection,,collector=topdown_incumbent_diagnostic;difficulty=occluded_corridor,,,,,,,False,h2_corridor_I,6.2289,True,0.9591,-0.0959,0.2,-0.0959,True,armed,False,
h2_td_I_r_20260709_193556,54,10.616667,1783622960.876634,2.228934,2.486613,0.041096,-3.141579,0.2,-0.0959,-0.000395,-0.003644,camera_link,10.616667,gnm_closed_loop,,nominal,,True,ok,checkpoints/scene_holdout_mnv2_baseline/best.pt,10.01,0.9591,-0.0959,0.2398,-0.0057,0.5983,,,gnm_closed_loop,0.2,-0.0959,True,108,/World/Hospital/SM_ReceptionDesk_01a_46/SM_ReceptionDesk_01a,hospital_h2_collection,,collector=topdown_incumbent_diagnostic;difficulty=occluded_corridor,,,,,,,False,h2_corridor_I,6.2289,True,0.9591,-0.0959,0.2,-0.0959,True,armed,False,
h2_td_I_r_20260709_193556,55,10.633334,1783622960.879006,2.228931,2.4866,0.041088,-3.141592,0.2,-0.0959,-0.000395,-0.003644,camera_link,10.633334,gnm_closed_loop,,nominal,,True,ok,checkpoints/scene_holdout_mnv2_baseline/best.pt,10.01,0.9591,-0.0959,0.2398,-0.0057,0.5983,,,gnm_closed_loop,0.2,-0.0959,True,110,/World/Hospital/SM_ReceptionDesk_01a_46/SM_ReceptionDesk_01a,hospital_h2_collection,,collector=topdown_incumbent_diagnostic;difficulty=occluded_corridor,,,,,,,False,h2_corridor_I,6.2289,True,0.9591,-0.0959,0.2,-0.0959,True,armed,False,
h2_td_I_r_20260709_193556,56,10.650001,1783622960.882027,2.228931,2.486597,0.041085,-3.141592,0.2,-0.0959,-0.000395,-0.003644,camera_link,10.650001,gnm_closed_loop,,nominal,,True,ok,checkpoints/scene_holdout_mnv2_baseline/best.pt,10.01,0.9591,-0.0959,0.2398,-0.0057,0.5983,,,gnm_closed_loop,0.2,-0.0959,True,112,/World/Hospital/SM_ReceptionDesk_01a_46/SM_ReceptionDesk_01a,hospital_h2_collection,,collector=topdown_incumbent_diagnostic;difficulty=occluded_corridor,,,,,,,False,h2_corridor_I,6.2289,True,0.9591,-0.0959,0.2,-0.0959,True,armed,False,
h2_td_I_r_20260709_193556,57,10.666667,1783622960.91291,2.228935,2.486604,0.041091,-3.141566,0.2,-0.0959,-0.000214,0.000712,camera_link,10.666667,gnm_closed_loop,,nominal,,True,ok,checkpoints/scene_holdout_mnv2_baseline/best.pt,8.34,0.9591,-0.0959,0.2398,-0.0057,0.5983,,,gnm_closed_loop,0.2,-0.0959,True,114,/World/Hospital/SM_ReceptionDesk_01a_46/SM_ReceptionDesk_01a,hospital_h2_collection,,collector=topdown_incumbent_diagnostic;difficulty=occluded_corridor,,,,,,,False,h2_corridor_I,6.2289,True,0.9591,-0.0959,0.2,-0.0959,True,armed,False,
h2_td_I_r_20260709_193556,58,10.683334,1783622960.917962,2.22893,2.486597,0.041085,-3.141592,0.2,-0.0959,-0.000214,0.000712,camera_link,10.683334,gnm_closed_loop,,nominal,,True,ok,checkpoints/scene_holdout_mnv2_baseline/best.pt,8.34,0.9591,-0.0959,0.2398,-0.0057,0.5983,,,gnm_closed_loop,0.2,-0.0959,True,116,/World/Hospital/SM_ReceptionDesk_01a_46/SM_ReceptionDesk_01a,hospital_h2_collection,,collector=topdown_incumbent_diagnostic;difficulty=occluded_corridor,,,,,,,False,h2_corridor_I,6.2289,True,0.9591,-0.0959,0.2,-0.0959,True,armed,False,
h2_td_I_r_20260709_193556,59,10.700001,1783622960.923343,2.228928,2.486598,0.041101,3.141586,0.2,-0.0959,-0.000214,0.000712,camera_link,10.700001,gnm_closed_loop,,nominal,,True,ok,checkpoints/scene_holdout_mnv2_baseline/best.pt,8.34,0.9591,-0.0959,0.2398,-0.0057,0.5983,,,gnm_closed_loop,0.2,-0.0959,True,118,/World/Hospital/SM_ReceptionDesk_01a_46/SM_ReceptionDesk_01a,hospital_h2_collection,,collector=topdown_incumbent_diagnostic;difficulty=occluded_corridor,,,,,,,False,h2_corridor_I,6.2289,True,0.9591,-0.0959,0.2,-0.0959,True,armed,False,
h2_td_I_r_20260709_193556,60,10.716667,1783622963.944146,2.228932,2.486603,0.041101,-3.14159,0.2,-0.0959,-0.000656,0.003663,camera_link,10.716667,gnm_closed_loop,,nominal,,True,ok,checkpoints/scene_holdout_mnv2_baseline/best.pt,4.34,0.9591,-0.0959,0.2398,-0.0057,0.5983,,,gnm_closed_loop,0.2,-0.0959,True,120,/World/Hospital/SM_ReceptionDesk_01a_46/SM_ReceptionDesk_01a,hospital_h2_collection,,collector=topdown_incumbent_diagnostic;difficulty=occluded_corridor,,,,,,,False,h2_corridor_I,6.2289,True,0.9591,-0.0959,0.2,-0.0959,True,armed,False,
h2_td_I_r_20260709_193556,61,10.733334,1783622963.94673,2.228925,2.486601,0.041103,-3.141589,0.2,-0.0959,-0.000656,0.003663,camera_link,10.733334,gnm_closed_loop,,nominal,,True,ok,checkpoints/scene_holdout_mnv2_baseline/best.pt,4.34,0.9591,-0.0959,0.2398,-0.0057,0.5983,,,gnm_closed_loop,0.2,-0.0959,True,122,/World/Hospital/SM_ReceptionDesk_01a_46/SM_ReceptionDesk_01a,hospital_h2_collection,,collector=topdown_incumbent_diagnostic;difficulty=occluded_corridor,,,,,,,False,h2_corridor_I,6.2289,True,0.9591,-0.0959,0.2,-0.0959,True,armed,False,
h2_td_I_r_20260709_193556,62,10.750001,1783622963.948761,2.228917,2.486602,0.0411,-3.141579,0.2,-0.0959,-0.000656,0.003663,camera_link,10.750001,gnm_closed_loop,,nominal,,True,ok,checkpoints/scene_holdout_mnv2_baseline/best.pt,4.34,0.9591,-0.0959,0.2398,-0.0057,0.5983,,,gnm_closed_loop,0.2,-0.0959,True,124,/World/Hospital/SM_ReceptionDesk_01a_46/SM_ReceptionDesk_01a,hospital_h2_collection,,collector=topdown_incumbent_diagnostic;difficulty=occluded_corridor,,,,,,,False,h2_corridor_I,6.2289,True,0.9591,-0.0959,0.2,-0.0959,True,armed,False,
h2_td_I_r_20260709_193556,63,10.766667,1783622967.012339,2.228925,2.486601,0.041113,-3.141579,0.2,-0.0959,-0.000419,-0.006429,camera_link,10.766667,gnm_closed_loop,,nominal,,True,ok,checkpoints/scene_holdout_mnv2_baseline/best.pt,4.29,0.9591,-0.0959,0.2398,-0.0057,0.5983,,,gnm_closed_loop,0.2,-0.0959,True,126,/World/Hospital/SM_ReceptionDesk_01a_46/SM_ReceptionDesk_01a,hospital_h2_collection,,collector=topdown_incumbent_diagnostic;difficulty=occluded_corridor,,,,,,,False,h2_corridor_I,6.2289,True,0.9591,-0.0959,0.2,-0.0959,True,armed,False,
h2_td_I_r_20260709_193556,64,10.783334,1783622967.014696,2.228919,2.486601,0.0411,-3.141591,0.2,-0.0959,-0.000419,-0.006429,camera_link,10.783334,gnm_closed_loop,,nominal,,True,ok,checkpoints/scene_holdout_mnv2_baseline/best.pt,4.29,0.9591,-0.0959,0.2398,-0.0057,0.5983,,,gnm_closed_loop,0.2,-0.0959,True,128,/World/Hospital/SM_ReceptionDesk_01a_46/SM_ReceptionDesk_01a,hospital_h2_collection,,collector=topdown_incumbent_diagnostic;difficulty=occluded_corridor,,,,,,,False,h2_corridor_I,6.2289,True,0.9591,-0.0959,0.2,-0.0959,True,armed,False,
h2_td_I_r_20260709_193556,65,10.800001,1783622967.016604,2.228924,2.486599,0.041119,-3.141592,0.2,-0.0959,-0.000419,-0.006429,camera_link,10.800001,gnm_closed_loop,,nominal,,True,ok,checkpoints/scene_holdout_mnv2_baseline/best.pt,4.29,0.9591,-0.0959,0.2398,-0.0057,0.5983,,,gnm_closed_loop,0.2,-0.0959,True,130,/World/Hospital/SM_ReceptionDesk_01a_46/SM_ReceptionDesk_01a,hospital_h2_collection,,collector=topdown_incumbent_diagnostic;difficulty=occluded_corridor,,,,,,,False,h2_corridor_I,6.2289,True,0.9591,-0.0959,0.2,-0.0959,True,armed,False,
h2_td_I_r_20260709_193556,66,10.816667,1783622967.033993,2.22892,2.486599,0.041107,-3.141591,0.2,-0.0959,-0.000511,-0.004813,camera_link,10.816667,gnm_closed_loop,,nominal,,True,ok,checkpoints/scene_holdout_mnv2_baseline/best.pt,4.6,0.9591,-0.0959,0.2398,-0.0057,0.5983,,,gnm_closed_loop,0.2,-0.0959,True,132,/World/Hospital/SM_ReceptionDesk_01a_46/SM_ReceptionDesk_01a,hospital_h2_collection,,collector=topdown_incumbent_diagnostic;difficulty=occluded_corridor,,,,,,,False,h2_corridor_I,6.2289,True,0.9591,-0.0959,0.2,-0.0959,True,armed,False,
h2_td_I_r_20260709_193556,67,10.833334,1783622967.036428,2.228921,2.486604,0.041112,-3.14158,0.2,-0.0959,-0.000511,-0.004813,camera_link,10.833334,gnm_closed_loop,,nominal,,True,ok,checkpoints/scene_holdout_mnv2_baseline/best.pt,4.6,0.9591,-0.0959,0.2398,-0.0057,0.5983,,,gnm_closed_loop,0.2,-0.0959,True,134,/World/Hospital/SM_ReceptionDesk_01a_46/SM_ReceptionDesk_01a,hospital_h2_collection,,collector=topdown_incumbent_diagnostic;difficulty=occluded_corridor,,,,,,,False,h2_corridor_I,6.2289,True,0.9591,-0.0959,0.2,-0.0959,True,armed,False,
h2_td_I_r_20260709_193556,68,10.850001,1783622967.038422,2.228916,2.4866,0.041102,3.141585,0.2,-0.0959,-0.000511,-0.004813,camera_link,10.850001,gnm_closed_loop,,nominal,,True,ok,checkpoints/scene_holdout_mnv2_baseline/best.pt,4.6,0.9591,-0.0959,0.2398,-0.0057,0.5983,,,gnm_closed_loop,0.2,-0.0959,True,136,/World/Hospital/SM_ReceptionDesk_01a_46/SM_ReceptionDesk_01a,hospital_h2_collection,,collector=topdown_incumbent_diagnostic;difficulty=occluded_corridor,,,,,,,False,h2_corridor_I,6.2289,True,0.9591,-0.0959,0.2,-0.0959,True,armed,False,
h2_td_I_r_20260709_193556,69,10.866667,1783622976.233049,2.228915,2.486609,0.041108,-3.141592,0.2,-0.0959,-0.005338,0.003672,camera_link,10.866667,gnm_closed_loop,,nominal,,True,ok,checkpoints/scene_holdout_mnv2_baseline/best.pt,5.55,0.9591,-0.0959,0.2398,-0.0057,0.5983,,,gnm_closed_loop,0.2,-0.0959,True,138,/World/Hospital/SM_ReceptionDesk_01a_46/SM_ReceptionDesk_01a,hospital_h2_collection,,collector=topdown_incumbent_diagnostic;difficulty=occluded_corridor,,,,,,,False,h2_corridor_I,6.2289,True,0.9591,-0.0959,0.2,-0.0959,True,armed,False,
h2_td_I_r_20260709_193556,70,10.883334,1783622976.236196,2.228931,2.4866,0.041088,3.141589,0.2,-0.0959,-0.005338,0.003672,camera_link,10.883334,gnm_closed_loop,,nominal,,True,ok,checkpoints/scene_holdout_mnv2_baseline/best.pt,5.55,0.9591,-0.0959,0.2398,-0.0057,0.5983,,,gnm_closed_loop,0.2,-0.0959,True,140,/World/Hospital/SM_ReceptionDesk_01a_46/SM_ReceptionDesk_01a,hospital_h2_collection,,collector=topdown_incumbent_diagnostic;difficulty=occluded_corridor,,,,,,,False,h2_corridor_I,6.2289,True,0.9591,-0.0959,0.2,-0.0959,True,armed,False,
h2_td_I_r_20260709_193556,71,10.900001,1783622976.238157,2.22893,2.486608,0.041125,-3.14159,0.2,-0.0959,-0.005338,0.003672,camera_link,10.900001,gnm_closed_loop,,nominal,,True,ok,checkpoints/scene_holdout_mnv2_baseline/best.pt,5.55,0.9591,-0.0959,0.2398,-0.0057,0.5983,,,gnm_closed_loop,0.2,-0.0959,True,142,/World/Hospital/SM_ReceptionDesk_01a_46/SM_ReceptionDesk_01a,hospital_h2_collection,,collector=topdown_incumbent_diagnostic;difficulty=occluded_corridor,,,,,,,False,h2_corridor_I,6.2289,True,0.9591,-0.0959,0.2,-0.0959,True,armed,False,
h2_td_I_r_20260709_193556,72,10.916667,1783623006.97164,2.228916,2.486611,0.041112,3.141588,0.2,-0.0959,-0.001723,0.00092,camera_link,10.916667,gnm_closed_loop,,nominal,,True,ok,checkpoints/scene_holdout_mnv2_baseline/best.pt,3.91,0.9591,-0.0959,0.2398,-0.0057,0.5983,,,gnm_closed_loop,0.2,-0.0959,True,144,/World/Hospital/SM_ReceptionDesk_01a_46/SM_ReceptionDesk_01a,hospital_h2_collection,,collector=topdown_incumbent_diagnostic;difficulty=occluded_corridor,,,,,,,False,h2_corridor_I,6.2289,True,0.9591,-0.0959,0.2,-0.0959,True,armed,False,
h2_td_I_r_20260709_193556,73,10.933334,1783623006.973964,2.228919,2.486598,0.041109,3.141567,0.2,-0.0959,-0.001723,0.00092,camera_link,10.933334,gnm_closed_loop,,nominal,,True,ok,checkpoints/scene_holdout_mnv2_baseline/best.pt,3.91,0.9591,-0.0959,0.2398,-0.0057,0.5983,,,gnm_closed_loop,0.2,-0.0959,True,146,/World/Hospital/SM_ReceptionDesk_01a_46/SM_ReceptionDesk_01a,hospital_h2_collection,,collector=topdown_incumbent_diagnostic;difficulty=occluded_corridor,,,,,,,False,h2_corridor_I,6.2289,True,0.9591,-0.0959,0.2,-0.0959,True,armed,False,
h2_td_I_r_20260709_193556,74,10.950001,1783623006.976137,2.228916,2.486601,0.041105,3.14159,0.2,-0.0959,-0.001723,0.00092,camera_link,10.950001,gnm_closed_loop,,nominal,,True,ok,checkpoints/scene_holdout_mnv2_baseline/best.pt,3.91,0.9591,-0.0959,0.2398,-0.0057,0.5983,,,gnm_closed_loop,0.2,-0.0959,True,148,/World/Hospital/SM_ReceptionDesk_01a_46/SM_ReceptionDesk_01a,hospital_h2_collection,,collector=topdown_incumbent_diagnostic;difficulty=occluded_corridor,,,,,,,False,h2_corridor_I,6.2289,True,0.9591,-0.0959,0.2,-0.0959,True,armed,False,
h2_td_I_r_20260709_193556,75,10.966667,1783623016.165145,2.228918,2.486597,0.041109,3.141583,0.2,-0.0959,9.1e-05,-0.008546,camera_link,10.966667,gnm_closed_loop,,nominal,,True,ok,checkpoints/scene_holdout_mnv2_baseline/best.pt,4.37,0.9591,-0.0959,0.2398,-0.0057,0.5983,,,gnm_closed_loop,0.2,-0.0959,True,150,/World/Hospital/SM_ReceptionDesk_01a_46/SM_ReceptionDesk_01a,hospital_h2_collection,,collector=topdown_incumbent_diagnostic;difficulty=occluded_corridor,,,,,,,False,h2_corridor_I,6.2289,True,0.9591,-0.0959,0.2,-0.0959,True,armed,False,
h2_td_I_r_20260709_193556,76,10.983334,1783623016.167712,2.228915,2.486604,0.041107,-3.141579,0.2,-0.0959,9.1e-05,-0.008546,camera_link,10.983334,gnm_closed_loop,,nominal,,True,ok,checkpoints/scene_holdout_mnv2_baseline/best.pt,4.37,0.9591,-0.0959,0.2398,-0.0057,0.5983,,,gnm_closed_loop,0.2,-0.0959,True,152,/World/Hospital/SM_ReceptionDesk_01a_46/SM_ReceptionDesk_01a,hospital_h2_collection,,collector=topdown_incumbent_diagnostic;difficulty=occluded_corridor,,,,,,,False,h2_corridor_I,6.2289,True,0.9591,-0.0959,0.2,-0.0959,True,armed,False,
h2_td_I_r_20260709_193556,77,11.000001,1783623016.169777,2.228931,2.486609,0.041099,-3.141592,0.2,-0.0959,9.1e-05,-0.008546,camera_link,11.000001,gnm_closed_loop,,nominal,,True,ok,checkpoints/scene_holdout_mnv2_baseline/best.pt,4.37,0.9591,-0.0959,0.2398,-0.0057,0.5983,,,gnm_closed_loop,0.2,-0.0959,True,154,/World/Hospital/SM_ReceptionDesk_01a_46/SM_ReceptionDesk_01a,hospital_h2_collection,,collector=topdown_incumbent_diagnostic;difficulty=occluded_corridor,,,,,,,False,h2_corridor_I,6.2289,True,0.9591,-0.0959,0.2,-0.0959,True,armed,False,
h2_td_I_r_20260709_193556,78,11.016667,1783623025.380803,2.228927,2.486608,0.04111,-3.141588,0.2,-0.0959,-0.000414,0.008658,camera_link,11.016667,gnm_closed_loop,,nominal,,True,ok,checkpoints/scene_holdout_mnv2_baseline/best.pt,4.19,0.9591,-0.0959,0.2398,-0.0057,0.5983,,,gnm_closed_loop,0.2,-0.0959,True,156,/World/Hospital/SM_ReceptionDesk_01a_46/SM_ReceptionDesk_01a,hospital_h2_collection,,collector=topdown_incumbent_diagnostic;difficulty=occluded_corridor,,,,,,,False,h2_corridor_I,6.2289,True,0.9591,-0.0959,0.2,-0.0959,True,armed,False,
h2_td_I_r_20260709_193556,79,11.033334,1783623025.383236,2.228917,2.486598,0.041101,3.141568,0.2,-0.0959,-0.000414,0.008658,camera_link,11.033334,gnm_closed_loop,,nominal,,True,ok,checkpoints/scene_holdout_mnv2_baseline/best.pt,4.19,0.9591,-0.0959,0.2398,-0.0057,0.5983,,,gnm_closed_loop,0.2,-0.0959,True,158,/World/Hospital/SM_ReceptionDesk_01a_46/SM_ReceptionDesk_01a,hospital_h2_collection,,collector=topdown_incumbent_diagnostic;difficulty=occluded_corridor,,,,,,,False,h2_corridor_I,6.2289,True,0.9591,-0.0959,0.2,-0.0959,True,armed,False,
h2_td_I_r_20260709_193556,80,11.050001,1783623025.385233,2.228934,2.486578,0.041114,3.141583,0.2,-0.0959,-0.000414,0.008658,camera_link,11.050001,gnm_closed_loop,,nominal,,True,ok,checkpoints/scene_holdout_mnv2_baseline/best.pt,4.19,0.9591,-0.0959,0.2398,-0.0057,0.5983,,,gnm_closed_loop,0.2,-0.0959,True,160,/World/Hospital/SM_ReceptionDesk_01a_46/SM_ReceptionDesk_01a,hospital_h2_collection,,collector=topdown_incumbent_diagnostic;difficulty=occluded_corridor,,,,,,,False,h2_corridor_I,6.2289,True,0.9591,-0.0959,0.2,-0.0959,True,armed,False,
h2_td_I_r_20260709_193556,81,11.066667,1783623040.739423,2.228938,2.486589,0.041117,-3.141582,0.2,-0.0959,0.001962,0.006001,camera_link,11.066667,gnm_closed_loop,,nominal,,True,ok,checkpoints/scene_holdout_mnv2_baseline/best.pt,4.24,0.9591,-0.0959,0.2398,-0.0057,0.5983,,,gnm_closed_loop,0.2,-0.0959,True,162,/World/Hospital/SM_ReceptionDesk_01a_46/SM_ReceptionDesk_01a,hospital_h2_collection,,collector=topdown_incumbent_diagnostic;difficulty=occluded_corridor,,,,,,,False,h2_corridor_I,6.229,True,0.9591,-0.0959,0.2,-0.0959,True,armed,False,
h2_td_I_r_20260709_193556,82,11.083334,1783623040.741848,2.228935,2.486595,0.041116,-3.141558,0.2,-0.0959,0.001962,0.006001,camera_link,11.083334,gnm_closed_loop,,nominal,,True,ok,checkpoints/scene_holdout_mnv2_baseline/best.pt,4.24,0.9591,-0.0959,0.2398,-0.0057,0.5983,,,gnm_closed_loop,0.2,-0.0959,True,164,/World/Hospital/SM_ReceptionDesk_01a_46/SM_ReceptionDesk_01a,hospital_h2_collection,,collector=topdown_incumbent_diagnostic;difficulty=occluded_corridor,,,,,,,False,h2_corridor_I,6.2289,True,0.9591,-0.0959,0.2,-0.0959,True,armed,False,
h2_td_I_r_20260709_193556,83,11.100001,1783623040.743712,2.22893,2.486593,0.04111,-3.141571,0.2,-0.0959,0.001962,0.006001,camera_link,11.100001,gnm_closed_loop,,nominal,,True,ok,checkpoints/scene_holdout_mnv2_baseline/best.pt,4.24,0.9591,-0.0959,0.2398,-0.0057,0.5983,,,gnm_closed_loop,0.2,-0.0959,True,166,/World/Hospital/SM_ReceptionDesk_01a_46/SM_ReceptionDesk_01a,hospital_h2_collection,,collector=topdown_incumbent_diagnostic;difficulty=occluded_corridor,,,,,,,False,h2_corridor_I,6.2289,True,0.9591,-0.0959,0.2,-0.0959,True,armed,False,
h2_td_I_r_20260709_193556,84,11.116667,1783623049.958542,2.228943,2.486583,0.041129,3.141583,0.2,-0.0959,-0.001095,-0.012864,camera_link,11.116667,gnm_closed_loop,,nominal,,True,ok,checkpoints/scene_holdout_mnv2_baseline/best.pt,4.58,0.9591,-0.0959,0.2398,-0.0057,0.5983,,,gnm_closed_loop,0.2,-0.0959,True,168,/World/Hospital/SM_ReceptionDesk_01a_46/SM_ReceptionDesk_01a,hospital_h2_collection,,collector=topdown_incumbent_diagnostic;difficulty=occluded_corridor,,,,,,,False,h2_corridor_I,6.229,True,0.9591,-0.0959,0.2,-0.0959,True,armed,False,
h2_td_I_r_20260709_193556,85,11.133334,1783623049.960972,2.228926,2.486592,0.041104,-3.141584,0.2,-0.0959,-0.001095,-0.012864,camera_link,11.133334,gnm_closed_loop,,nominal,,True,ok,checkpoints/scene_holdout_mnv2_baseline/best.pt,4.58,0.9591,-0.0959,0.2398,-0.0057,0.5983,,,gnm_closed_loop,0.2,-0.0959,True,170,/World/Hospital/SM_ReceptionDesk_01a_46/SM_ReceptionDesk_01a,hospital_h2_collection,,collector=topdown_incumbent_diagnostic;difficulty=occluded_corridor,,,,,,,False,h2_corridor_I,6.2289,True,0.9591,-0.0959,0.2,-0.0959,True,armed,False,
h2_td_I_r_20260709_193556,86,11.150001,1783623049.962842,2.22893,2.486593,0.041112,-3.141581,0.2,-0.0959,-0.001095,-0.012864,camera_link,11.150001,gnm_closed_loop,,nominal,,True,ok,checkpoints/scene_holdout_mnv2_baseline/best.pt,4.58,0.9591,-0.0959,0.2398,-0.0057,0.5983,,,gnm_closed_loop,0.2,-0.0959,True,172,/World/Hospital/SM_ReceptionDesk_01a_46/SM_ReceptionDesk_01a,hospital_h2_collection,,collector=topdown_incumbent_diagnostic;difficulty=occluded_corridor,,,,,,,False,h2_corridor_I,6.2289,True,0.9591,-0.0959,0.2,-0.0959,True,armed,False,
h2_td_I_r_20260709_193556,87,11.166667,1783623056.102101,2.228929,2.486598,0.04111,-3.14157,0.2,-0.0959,0.000316,-0.003521,camera_link,11.166667,gnm_closed_loop,,nominal,,True,ok,checkpoints/scene_holdout_mnv2_baseline/best.pt,4.25,0.9591,-0.0959,0.2398,-0.0057,0.5983,,,gnm_closed_loop,0.2,-0.0959,True,174,/World/Hospital/SM_ReceptionDesk_01a_46/SM_ReceptionDesk_01a,hospital_h2_collection,,collector=topdown_incumbent_diagnostic;difficulty=occluded_corridor,,,,,,,False,h2_corridor_I,6.2289,True,0.9591,-0.0959,0.2,-0.0959,True,armed,False,
h2_td_I_r_20260709_193556,88,11.183334,1783623056.104532,2.22893,2.4866,0.041114,-3.141567,0.2,-0.0959,0.000316,-0.003521,camera_link,11.183334,gnm_closed_loop,,nominal,,True,ok,checkpoints/scene_holdout_mnv2_baseline/best.pt,4.25,0.9591,-0.0959,0.2398,-0.0057,0.5983,,,gnm_closed_loop,0.2,-0.0959,True,176,/World/Hospital/SM_ReceptionDesk_01a_46/SM_ReceptionDesk_01a,hospital_h2_collection,,collector=topdown_incumbent_diagnostic;difficulty=occluded_corridor,,,,,,,False,h2_corridor_I,6.2289,True,0.9591,-0.0959,0.2,-0.0959,True,armed,False,
h2_td_I_r_20260709_193556,89,11.200001,1783623056.106455,2.228927,2.486596,0.041104,-3.141583,0.2,-0.0959,0.000316,-0.003521,camera_link,11.200001,gnm_closed_loop,,nominal,,True,ok,checkpoints/scene_holdout_mnv2_baseline/best.pt,4.25,0.9591,-0.0959,0.2398,-0.0057,0.5983,,,gnm_closed_loop,0.2,-0.0959,True,178,/World/Hospital/SM_ReceptionDesk_01a_46/SM_ReceptionDesk_01a,hospital_h2_collection,,collector=topdown_incumbent_diagnostic;difficulty=occluded_corridor,,,,,,,False,h2_corridor_I,6.2289,True,0.9591,-0.0959,0.2,-0.0959,True,armed,False,
h2_td_I_r_20260709_193556,90,11.216667,1783623056.12257,2.228931,2.486599,0.041117,-3.141576,0.2,-0.0959,1.5e-05,0.003192,camera_link,11.216667,gnm_closed_loop,,nominal,,True,ok,checkpoints/scene_holdout_mnv2_baseline/best.pt,4.47,0.9591,-0.0959,0.2398,-0.0057,0.5983,,,gnm_closed_loop,0.2,-0.0959,True,180,/World/Hospital/SM_ReceptionDesk_01a_46/SM_ReceptionDesk_01a,hospital_h2_collection,,collector=topdown_incumbent_diagnostic;difficulty=occluded_corridor,,,,,,,False,h2_corridor_I,6.2289,True,0.9591,-0.0959,0.2,-0.0959,True,armed,False,
h2_td_I_r_20260709_193556,91,11.233334,1783623056.124851,2.228926,2.486597,0.041106,-3.141572,0.2,-0.0959,1.5e-05,0.003192,camera_link,11.233334,gnm_closed_loop,,nominal,,True,ok,checkpoints/scene_holdout_mnv2_baseline/best.pt,4.47,0.9591,-0.0959,0.2398,-0.0057,0.5983,,,gnm_closed_loop,0.2,-0.0959,True,182,/World/Hospital/SM_ReceptionDesk_01a_46/SM_ReceptionDesk_01a,hospital_h2_collection,,collector=topdown_incumbent_diagnostic;difficulty=occluded_corridor,,,,,,,False,h2_corridor_I,6.2289,True,0.9591,-0.0959,0.2,-0.0959,True,armed,False,
h2_td_I_r_20260709_193556,92,11.250001,1783623056.126691,2.228929,2.486597,0.041111,-3.141573,0.2,-0.0959,1.5e-05,0.003192,camera_link,11.250001,gnm_closed_loop,,nominal,,True,ok,checkpoints/scene_holdout_mnv2_baseline/best.pt,4.47,0.9591,-0.0959,0.2398,-0.0057,0.5983,,,gnm_closed_loop,0.2,-0.0959,True,184,/World/Hospital/SM_ReceptionDesk_01a_46/SM_ReceptionDesk_01a,hospital_h2_collection,,collector=topdown_incumbent_diagnostic;difficulty=occluded_corridor,,,,,,,False,h2_corridor_I,6.2289,True,0.9591,-0.0959,0.2,-0.0959,True,armed,False,
h2_td_I_r_20260709_193556,93,11.266667,1783623065.317342,2.228927,2.486597,0.041104,-3.141582,0.2,-0.0959,0.001856,0.013966,camera_link,11.266667,gnm_closed_loop,,nominal,,True,ok,checkpoints/scene_holdout_mnv2_baseline/best.pt,4.51,0.9591,-0.0959,0.2398,-0.0057,0.5983,,,gnm_closed_loop,0.2,-0.0959,True,186,/World/Hospital/SM_ReceptionDesk_01a_46/SM_ReceptionDesk_01a,hospital_h2_collection,,collector=topdown_incumbent_diagnostic;difficulty=occluded_corridor,,,,,,,False,h2_corridor_I,6.2289,True,0.9591,-0.0959,0.2,-0.0959,True,armed,False,
h2_td_I_r_20260709_193556,94,11.283334,1783623065.319739,2.22893,2.486602,0.041088,-3.141589,0.2,-0.0959,0.001856,0.013966,camera_link,11.283334,gnm_closed_loop,,nominal,,True,ok,checkpoints/scene_holdout_mnv2_baseline/best.pt,4.51,0.9591,-0.0959,0.2398,-0.0057,0.5983,,,gnm_closed_loop,0.2,-0.0959,True,188,/World/Hospital/SM_ReceptionDesk_01a_46/SM_ReceptionDesk_01a,hospital_h2_collection,,collector=topdown_incumbent_diagnostic;difficulty=occluded_corridor,,,,,,,False,h2_corridor_I,6.2289,True,0.9591,-0.0959,0.2,-0.0959,True,armed,False,
h2_td_I_r_20260709_193556,95,11.300001,1783623065.321644,2.228932,2.486601,0.041105,-3.141589,0.2,-0.0959,0.001856,0.013966,camera_link,11.300001,gnm_closed_loop,,nominal,,True,ok,checkpoints/scene_holdout_mnv2_baseline/best.pt,4.51,0.9591,-0.0959,0.2398,-0.0057,0.5983,,,gnm_closed_loop,0.2,-0.0959,True,190,/World/Hospital/SM_ReceptionDesk_01a_46/SM_ReceptionDesk_01a,hospital_h2_collection,,collector=topdown_incumbent_diagnostic;difficulty=occluded_corridor,,,,,,,False,h2_corridor_I,6.2289,True,0.9591,-0.0959,0.2,-0.0959,True,armed,False,
h2_td_I_r_20260709_193556,96,11.316667,1783623071.460707,2.228924,2.486596,0.041099,3.141588,0.2,-0.0959,2.3e-05,-0.008918,camera_link,11.316667,gnm_closed_loop,,nominal,,True,ok,checkpoints/scene_holdout_mnv2_baseline/best.pt,4.22,0.9591,-0.0959,0.2398,-0.0057,0.5983,,,gnm_closed_loop,0.2,-0.0959,True,192,/World/Hospital/SM_ReceptionDesk_01a_46/SM_ReceptionDesk_01a,hospital_h2_collection,,collector=topdown_incumbent_diagnostic;difficulty=occluded_corridor,,,,,,,False,h2_corridor_I,6.2289,True,0.9591,-0.0959,0.2,-0.0959,True,armed,False,
h2_td_I_r_20260709_193556,97,11.333334,1783623071.463264,2.22892,2.486603,0.041109,-3.141589,0.2,-0.0959,2.3e-05,-0.008918,camera_link,11.333334,gnm_closed_loop,,nominal,,True,ok,checkpoints/scene_holdout_mnv2_baseline/best.pt,4.22,0.9591,-0.0959,0.2398,-0.0057,0.5983,,,gnm_closed_loop,0.2,-0.0959,True,194,/World/Hospital/SM_ReceptionDesk_01a_46/SM_ReceptionDesk_01a,hospital_h2_collection,,collector=topdown_incumbent_diagnostic;difficulty=occluded_corridor,,,,,,,False,h2_corridor_I,6.2289,True,0.9591,-0.0959,0.2,-0.0959,True,armed,False,
h2_td_I_r_20260709_193556,98,11.350001,1783623071.466346,2.22892,2.486598,0.0411,3.141583,0.2,-0.0959,2.3e-05,-0.008918,camera_link,11.350001,gnm_closed_loop,,nominal,,True,ok,checkpoints/scene_holdout_mnv2_baseline/best.pt,4.22,0.9591,-0.0959,0.2398,-0.0057,0.5983,,,gnm_closed_loop,0.2,-0.0959,True,196,/World/Hospital/SM_ReceptionDesk_01a_46/SM_ReceptionDesk_01a,hospital_h2_collection,,collector=topdown_incumbent_diagnostic;difficulty=occluded_corridor,,,,,,,False,h2_corridor_I,6.2289,True,0.9591,-0.0959,0.2,-0.0959,True,armed,False,
h2_td_I_r_20260709_193556,99,11.366667,1783623086.819843,2.228931,2.486604,0.041099,-3.14159,0.2,-0.0959,-0.00024,0.001438,camera_link,11.366667,gnm_closed_loop,,nominal,,True,ok,checkpoints/scene_holdout_mnv2_baseline/best.pt,4.32,0.9591,-0.0959,0.2398,-0.0057,0.5983,,,gnm_closed_loop,0.2,-0.0959,True,198,/World/Hospital/SM_ReceptionDesk_01a_46/SM_ReceptionDesk_01a,hospital_h2_collection,,collector=topdown_incumbent_diagnostic;difficulty=occluded_corridor,,,,,,,False,h2_corridor_I,6.2289,True,0.9591,-0.0959,0.2,-0.0959,True,armed,False,
h2_td_I_r_20260709_193556,100,11.383334,1783623086.822288,2.228927,2.486603,0.041105,-3.141591,0.2,-0.0959,-0.00024,0.001438,camera_link,11.383334,gnm_closed_loop,,nominal,,True,ok,checkpoints/scene_holdout_mnv2_baseline/best.pt,4.32,0.9591,-0.0959,0.2398,-0.0057,0.5983,,,gnm_closed_loop,0.2,-0.0959,True,200,/World/Hospital/SM_ReceptionDesk_01a_46/SM_ReceptionDesk_01a,hospital_h2_collection,,collector=topdown_incumbent_diagnostic;difficulty=occluded_corridor,,,,,,,False,h2_corridor_I,6.2289,True,0.9591,-0.0959,0.2,-0.0959,True,armed,False,
h2_td_I_r_20260709_193556,101,11.400001,1783623086.8243,2.22892,2.486598,0.041105,3.141567,0.2,-0.0959,-0.00024,0.001438,camera_link,11.400001,gnm_closed_loop,,nominal,,True,ok,checkpoints/scene_holdout_mnv2_baseline/best.pt,4.32,0.9591,-0.0959,0.2398,-0.0057,0.5983,,,gnm_closed_loop,0.2,-0.0959,True,202,/World/Hospital/SM_ReceptionDesk_01a_46/SM_ReceptionDesk_01a,hospital_h2_collection,,collector=topdown_incumbent_diagnostic;difficulty=occluded_corridor,,,,,,,False,h2_corridor_I,6.2289,True,0.9591,-0.0959,0.2,-0.0959,True,armed,False,
h2_td_I_r_20260709_193556,102,11.416667,1783623099.10944,2.22893,2.486602,0.041087,-3.141589,0.2,-0.0959,5.5e-05,0.00014,camera_link,11.416667,gnm_closed_loop,,nominal,,True,ok,checkpoints/scene_holdout_mnv2_baseline/best.pt,4.55,0.9591,-0.0959,0.2398,-0.0057,0.5983,,,gnm_closed_loop,0.2,-0.0959,True,204,/World/Hospital/SM_ReceptionDesk_01a_46/SM_ReceptionDesk_01a,hospital_h2_collection,,collector=topdown_incumbent_diagnostic;difficulty=occluded_corridor,,,,,,,False,h2_corridor_I,6.2289,True,0.9591,-0.0959,0.2,-0.0959,True,armed,False,
h2_td_I_r_20260709_193556,103,11.433334,1783623099.111948,2.228933,2.486607,0.041091,-3.141578,0.2,-0.0959,5.5e-05,0.00014,camera_link,11.433334,gnm_closed_loop,,nominal,,True,ok,checkpoints/scene_holdout_mnv2_baseline/best.pt,4.55,0.9591,-0.0959,0.2398,-0.0057,0.5983,,,gnm_closed_loop,0.2,-0.0959,True,206,/World/Hospital/SM_ReceptionDesk_01a_46/SM_ReceptionDesk_01a,hospital_h2_collection,,collector=topdown_incumbent_diagnostic;difficulty=occluded_corridor,,,,,,,False,h2_corridor_I,6.2289,True,0.9591,-0.0959,0.2,-0.0959,True,armed,False,
h2_td_I_r_20260709_193556,104,11.450001,1783623099.113952,2.228932,2.486599,0.041103,3.141582,0.2,-0.0959,5.5e-05,0.00014,camera_link,11.450001,gnm_closed_loop,,nominal,,True,ok,checkpoints/scene_holdout_mnv2_baseline/best.pt,4.55,0.9591,-0.0959,0.2398,-0.0057,0.5983,,,gnm_closed_loop,0.2,-0.0959,True,208,/World/Hospital/SM_ReceptionDesk_01a_46/SM_ReceptionDesk_01a,hospital_h2_collection,,collector=topdown_incumbent_diagnostic;difficulty=occluded_corridor,,,,,,,False,h2_corridor_I,6.2289,True,0.9591,-0.0959,0.2,-0.0959,True,armed,False,
h2_td_I_r_20260709_193556,105,11.466667,1783623099.129556,2.228933,2.486609,0.041095,-3.14158,0.2,-0.0959,-0.000843,0.005584,camera_link,11.466667,gnm_closed_loop,,nominal,,True,ok,checkpoints/scene_holdout_mnv2_baseline/best.pt,4.31,0.9591,-0.0959,0.2398,-0.0057,0.5983,,,gnm_closed_loop,0.2,-0.0959,True,210,/World/Hospital/SM_ReceptionDesk_01a_46/SM_ReceptionDesk_01a,hospital_h2_collection,,collector=topdown_incumbent_diagnostic;difficulty=occluded_corridor,,,,,,,False,h2_corridor_I,6.2289,True,0.9591,-0.0959,0.2,-0.0959,True,armed,False,
h2_td_I_r_20260709_193556,106,11.483334,1783623099.132075,2.228922,2.486601,0.041097,3.141591,0.2,-0.0959,-0.000843,0.005584,camera_link,11.483334,gnm_closed_loop,,nominal,,True,ok,checkpoints/scene_holdout_mnv2_baseline/best.pt,4.31,0.9591,-0.0959,0.2398,-0.0057,0.5983,,,gnm_closed_loop,0.2,-0.0959,True,212,/World/Hospital/SM_ReceptionDesk_01a_46/SM_ReceptionDesk_01a,hospital_h2_collection,,collector=topdown_incumbent_diagnostic;difficulty=occluded_corridor,,,,,,,False,h2_corridor_I,6.2289,True,0.9591,-0.0959,0.2,-0.0959,True,armed,False,
h2_td_I_r_20260709_193556,107,11.500001,1783623099.134224,2.228931,2.486599,0.041089,-3.141587,0.2,-0.0959,-0.000843,0.005584,camera_link,11.500001,gnm_closed_loop,,nominal,,True,ok,checkpoints/scene_holdout_mnv2_baseline/best.pt,4.31,0.9591,-0.0959,0.2398,-0.0057,0.5983,,,gnm_closed_loop,0.2,-0.0959,True,214,/World/Hospital/SM_ReceptionDesk_01a_46/SM_ReceptionDesk_01a,hospital_h2_collection,,collector=topdown_incumbent_diagnostic;difficulty=occluded_corridor,,,,,,,False,h2_corridor_I,6.2289,True,0.9591,-0.0959,0.2,-0.0959,True,armed,False,
h2_td_I_r_20260709_193556,108,11.516667,1783623099.149632,2.228933,2.486609,0.04109,-3.141579,0.2,-0.0959,-0.001204,0.000152,camera_link,11.516667,gnm_closed_loop,,nominal,,True,ok,checkpoints/scene_holdout_mnv2_baseline/best.pt,4.42,0.9591,-0.0959,0.2398,-0.0057,0.5983,,,gnm_closed_loop,0.2,-0.0959,True,216,/World/Hospital/SM_ReceptionDesk_01a_46/SM_ReceptionDesk_01a,hospital_h2_collection,,collector=topdown_incumbent_diagnostic;difficulty=occluded_corridor,,,,,,,False,h2_corridor_I,6.2289,True,0.9591,-0.0959,0.2,-0.0959,True,armed,False,
h2_td_I_r_20260709_193556,109,11.533334,1783623099.151997,2.228936,2.486603,0.041096,-3.141586,0.2,-0.0959,-0.001204,0.000152,camera_link,11.533334,gnm_closed_loop,,nominal,,True,ok,checkpoints/scene_holdout_mnv2_baseline/best.pt,4.42,0.9591,-0.0959,0.2398,-0.0057,0.5983,,,gnm_closed_loop,0.2,-0.0959,True,218,/World/Hospital/SM_ReceptionDesk_01a_46/SM_ReceptionDesk_01a,hospital_h2_collection,,collector=topdown_incumbent_diagnostic;difficulty=occluded_corridor,,,,,,,False,h2_corridor_I,6.229,True,0.9591,-0.0959,0.2,-0.0959,True,armed,False,
h2_td_I_r_20260709_193556,110,11.550001,1783623099.153876,2.228936,2.486602,0.041096,3.141584,0.2,-0.0959,-0.001204,0.000152,camera_link,11.550001,gnm_closed_loop,,nominal,,True,ok,checkpoints/scene_holdout_mnv2_baseline/best.pt,4.42,0.9591,-0.0959,0.2398,-0.0057,0.5983,,,gnm_closed_loop,0.2,-0.0959,True,220,/World/Hospital/SM_ReceptionDesk_01a_46/SM_ReceptionDesk_01a,hospital_h2_collection,,collector=topdown_incumbent_diagnostic;difficulty=occluded_corridor,,,,,,,False,h2_corridor_I,6.229,True,0.9591,-0.0959,0.2,-0.0959,True,armed,False,
h2_td_I_r_20260709_193556,111,11.566667,1783623102.183357,2.228928,2.486593,0.041101,-3.141592,0.2,-0.0959,0.000259,2.4e-05,camera_link,11.566667,gnm_closed_loop,,nominal,,True,ok,checkpoints/scene_holdout_mnv2_baseline/best.pt,4.45,0.9591,-0.0959,0.2398,-0.0057,0.5983,,,gnm_closed_loop,0.2,-0.0959,True,222,/World/Hospital/SM_ReceptionDesk_01a_46/SM_ReceptionDesk_01a,hospital_h2_collection,,collector=topdown_incumbent_diagnostic;difficulty=occluded_corridor,,,,,,,False,h2_corridor_I,6.2289,True,0.9591,-0.0959,0.2,-0.0959,True,armed,False,
h2_td_I_r_20260709_193556,112,11.583334,1783623102.185747,2.228926,2.486594,0.041104,-3.141584,0.2,-0.0959,0.000259,2.4e-05,camera_link,11.583334,gnm_closed_loop,,nominal,,True,ok,checkpoints/scene_holdout_mnv2_baseline/best.pt,4.45,0.9591,-0.0959,0.2398,-0.0057,0.5983,,,gnm_closed_loop,0.2,-0.0959,True,224,/World/Hospital/SM_ReceptionDesk_01a_46/SM_ReceptionDesk_01a,hospital_h2_collection,,collector=topdown_incumbent_diagnostic;difficulty=occluded_corridor,,,,,,,False,h2_corridor_I,6.2289,True,0.9591,-0.0959,0.2,-0.0959,True,armed,False,
h2_td_I_r_20260709_193556,113,11.600001,1783623102.187732,2.228932,2.486601,0.0411,-3.141588,0.2,-0.0959,0.000259,2.4e-05,camera_link,11.600001,gnm_closed_loop,,nominal,,True,ok,checkpoints/scene_holdout_mnv2_baseline/best.pt,4.45,0.9591,-0.0959,0.2398,-0.0057,0.5983,,,gnm_closed_loop,0.2,-0.0959,True,226,/World/Hospital/SM_ReceptionDesk_01a_46/SM_ReceptionDesk_01a,hospital_h2_collection,,collector=topdown_incumbent_diagnostic;difficulty=occluded_corridor,,,,,,,False,h2_corridor_I,6.2289,True,0.9591,-0.0959,0.2,-0.0959,True,armed,False,
h2_td_I_r_20260709_193556,114,11.616667,1783623105.255501,2.228932,2.486607,0.041093,-3.141581,0.2,-0.0959,0.000149,0.006688,camera_link,11.616667,gnm_closed_loop,,nominal,,True,ok,checkpoints/scene_holdout_mnv2_baseline/best.pt,4.14,0.9591,-0.0959,0.2398,-0.0057,0.5983,,,gnm_closed_loop,0.2,-0.0959,True,228,/World/Hospital/SM_ReceptionDesk_01a_46/SM_ReceptionDesk_01a,hospital_h2_collection,,collector=topdown_incumbent_diagnostic;difficulty=occluded_corridor,,,,,,,False,h2_corridor_I,6.2289,True,0.9591,-0.0959,0.2,-0.0959,True,armed,False,
h2_td_I_r_20260709_193556,115,11.633334,1783623105.257793,2.228926,2.486604,0.041108,-3.141583,0.2,-0.0959,0.000149,0.006688,camera_link,11.633334,gnm_closed_loop,,nominal,,True,ok,checkpoints/scene_holdout_mnv2_baseline/best.pt,4.14,0.9591,-0.0959,0.2398,-0.0057,0.5983,,,gnm_closed_loop,0.2,-0.0959,True,230,/World/Hospital/SM_ReceptionDesk_01a_46/SM_ReceptionDesk_01a,hospital_h2_collection,,collector=topdown_incumbent_diagnostic;difficulty=occluded_corridor,,,,,,,False,h2_corridor_I,6.2289,True,0.9591,-0.0959,0.2,-0.0959,True,armed,False,
h2_td_I_r_20260709_193556,116,11.650001,1783623105.259796,2.22893,2.486606,0.041095,-3.141592,0.2,-0.0959,0.000149,0.006688,camera_link,11.650001,gnm_closed_loop,,nominal,,True,ok,checkpoints/scene_holdout_mnv2_baseline/best.pt,4.14,0.9591,-0.0959,0.2398,-0.0057,0.5983,,,gnm_closed_loop,0.2,-0.0959,True,232,/World/Hospital/SM_ReceptionDesk_01a_46/SM_ReceptionDesk_01a,hospital_h2_collection,,collector=topdown_incumbent_diagnostic;difficulty=occluded_corridor,,,,,,,False,h2_corridor_I,6.2289,True,0.9591,-0.0959,0.2,-0.0959,True,armed,False,
h2_td_I_r_20260709_193556,117,11.666667,1783623108.328301,2.228931,2.486596,0.041089,3.141591,0.2,-0.0959,-0.000189,-0.001389,camera_link,11.666667,gnm_closed_loop,,nominal,,True,ok,checkpoints/scene_holdout_mnv2_baseline/best.pt,4.14,0.9591,-0.0959,0.2398,-0.0057,0.5983,,,gnm_closed_loop,0.2,-0.0959,True,234,/World/Hospital/SM_ReceptionDesk_01a_46/SM_ReceptionDesk_01a,hospital_h2_collection,,collector=topdown_incumbent_diagnostic;difficulty=occluded_corridor,,,,,,,False,h2_corridor_I,6.2289,True,0.9591,-0.0959,0.2,-0.0959,True,armed,False,
h2_td_I_r_20260709_193556,118,11.683334,1783623108.331443,2.22893,2.486595,0.041087,3.141588,0.2,-0.0959,-0.000189,-0.001389,camera_link,11.683334,gnm_closed_loop,,nominal,,True,ok,checkpoints/scene_holdout_mnv2_baseline/best.pt,4.14,0.9591,-0.0959,0.2398,-0.0057,0.5983,,,gnm_closed_loop,0.2,-0.0959,True,236,/World/Hospital/SM_ReceptionDesk_01a_46/SM_ReceptionDesk_01a,hospital_h2_collection,,collector=topdown_incumbent_diagnostic;difficulty=occluded_corridor,,,,,,,False,h2_corridor_I,6.2289,True,0.9591,-0.0959,0.2,-0.0959,True,armed,False,
h2_td_I_r_20260709_193556,119,11.700001,1783623108.333508,2.228931,2.486587,0.041089,3.141581,0.2,-0.0959,-0.000189,-0.001389,camera_link,11.700001,gnm_closed_loop,,nominal,,True,ok,checkpoints/scene_holdout_mnv2_baseline/best.pt,4.14,0.9591,-0.0959,0.2398,-0.0057,0.5983,,,gnm_closed_loop,0.2,-0.0959,True,238,/World/Hospital/SM_ReceptionDesk_01a_46/SM_ReceptionDesk_01a,hospital_h2_collection,,collector=topdown_incumbent_diagnostic;difficulty=occluded_corridor,,,,,,,False,h2_corridor_I,6.2289,True,0.9591,-0.0959,0.2,-0.0959,True,armed,False,
h2_td_I_r_20260709_193556,120,11.716667,1783623108.349806,2.228931,2.486583,0.041102,3.141581,0.2,-0.0959,-0.001773,-0.002996,camera_link,11.716667,gnm_closed_loop,,nominal,,True,ok,checkpoints/scene_holdout_mnv2_baseline/best.pt,4.6,0.9591,-0.0959,0.2398,-0.0057,0.5983,,,gnm_closed_loop,0.2,-0.0959,True,240,/World/Hospital/SM_ReceptionDesk_01a_46/SM_ReceptionDesk_01a,hospital_h2_collection,,collector=topdown_incumbent_diagnostic;difficulty=occluded_corridor,,,,,,,False,h2_corridor_I,6.2289,True,0.9591,-0.0959,0.2,-0.0959,True,armed,False,
h2_td_I_r_20260709_193556,121,11.733334,1783623108.352896,2.228937,2.486592,0.041092,-3.141586,0.2,-0.0959,-0.001773,-0.002996,camera_link,11.733334,gnm_closed_loop,,nominal,,True,ok,checkpoints/scene_holdout_mnv2_baseline/best.pt,4.6,0.9591,-0.0959,0.2398,-0.0057,0.5983,,,gnm_closed_loop,0.2,-0.0959,True,242,/World/Hospital/SM_ReceptionDesk_01a_46/SM_ReceptionDesk_01a,hospital_h2_collection,,collector=topdown_incumbent_diagnostic;difficulty=occluded_corridor,,,,,,,False,h2_corridor_I,6.229,True,0.9591,-0.0959,0.2,-0.0959,True,armed,False,
h2_td_I_r_20260709_193556,122,11.750001,1783623108.354817,2.228938,2.486591,0.041092,-3.141591,0.2,-0.0959,-0.001773,-0.002996,camera_link,11.750001,gnm_closed_loop,,nominal,,True,ok,checkpoints/scene_holdout_mnv2_baseline/best.pt,4.6,0.9591,-0.0959,0.2398,-0.0057,0.5983,,,gnm_closed_loop,0.2,-0.0959,True,244,/World/Hospital/SM_ReceptionDesk_01a_46/SM_ReceptionDesk_01a,hospital_h2_collection,,collector=topdown_incumbent_diagnostic;difficulty=occluded_corridor,,,,,,,False,h2_corridor_I,6.229,True,0.9591,-0.0959,0.2,-0.0959,True,armed,False,
h2_td_I_r_20260709_193556,123,11.766667,1783623114.469009,2.22893,2.486592,0.041085,3.141592,0.2,-0.0959,9e-06,9.3e-05,camera_link,11.766667,gnm_closed_loop,,nominal,,True,ok,checkpoints/scene_holdout_mnv2_baseline/best.pt,4.05,0.9591,-0.0959,0.2398,-0.0057,0.5983,,,gnm_closed_loop,0.2,-0.0959,True,246,/World/Hospital/SM_ReceptionDesk_01a_46/SM_ReceptionDesk_01a,hospital_h2_collection,,collector=topdown_incumbent_diagnostic;difficulty=occluded_corridor,,,,,,,False,h2_corridor_I,6.2289,True,0.9591,-0.0959,0.2,-0.0959,True,armed,False,
h2_td_I_r_20260709_193556,124,11.783334,1783623114.471669,2.228933,2.486593,0.041086,-3.141592,0.2,-0.0959,9e-06,9.3e-05,camera_link,11.783334,gnm_closed_loop,,nominal,,True,ok,checkpoints/scene_holdout_mnv2_baseline/best.pt,4.05,0.9591,-0.0959,0.2398,-0.0057,0.5983,,,gnm_closed_loop,0.2,-0.0959,True,248,/World/Hospital/SM_ReceptionDesk_01a_46/SM_ReceptionDesk_01a,hospital_h2_collection,,collector=topdown_incumbent_diagnostic;difficulty=occluded_corridor,,,,,,,False,h2_corridor_I,6.2289,True,0.9591,-0.0959,0.2,-0.0959,True,armed,False,
h2_td_I_r_20260709_193556,125,11.800001,1783623114.47352,2.228934,2.486587,0.041105,3.141582,0.2,-0.0959,9e-06,9.3e-05,camera_link,11.800001,gnm_closed_loop,,nominal,,True,ok,checkpoints/scene_holdout_mnv2_baseline/best.pt,4.05,0.9591,-0.0959,0.2398,-0.0057,0.5983,,,gnm_closed_loop,0.2,-0.0959,True,250,/World/Hospital/SM_ReceptionDesk_01a_46/SM_ReceptionDesk_01a,hospital_h2_collection,,collector=topdown_incumbent_diagnostic;difficulty=occluded_corridor,,,,,,,False,h2_corridor_I,6.2289,True,0.9591,-0.0959,0.2,-0.0959,True,armed,False,
h2_td_I_r_20260709_193556,126,11.816667,1783623114.489896,2.228932,2.486591,0.041093,-3.141587,0.2,-0.0959,0.000132,-0.001335,camera_link,11.816667,gnm_closed_loop,,nominal,,True,ok,checkpoints/scene_holdout_mnv2_baseline/best.pt,4.74,0.9591,-0.0959,0.2398,-0.0057,0.5983,,,gnm_closed_loop,0.2,-0.0959,True,252,/World/Hospital/SM_ReceptionDesk_01a_46/SM_ReceptionDesk_01a,hospital_h2_collection,,collector=topdown_incumbent_diagnostic;difficulty=occluded_corridor,,,,,,,False,h2_corridor_I,6.2289,True,0.9591,-0.0959,0.2,-0.0959,True,armed,False,
h2_td_I_r_20260709_193556,127,11.833334,1783623114.492387,2.228933,2.486589,0.041111,3.14159,0.2,-0.0959,0.000132,-0.001335,camera_link,11.833334,gnm_closed_loop,,nominal,,True,ok,checkpoints/scene_holdout_mnv2_baseline/best.pt,4.74,0.9591,-0.0959,0.2398,-0.0057,0.5983,,,gnm_closed_loop,0.2,-0.0959,True,254,/World/Hospital/SM_ReceptionDesk_01a_46/SM_ReceptionDesk_01a,hospital_h2_collection,,collector=topdown_incumbent_diagnostic;difficulty=occluded_corridor,,,,,,,False,h2_corridor_I,6.2289,True,0.9591,-0.0959,0.2,-0.0959,True,armed,False,
h2_td_I_r_20260709_193556,128,11.850001,1783623114.494364,2.228931,2.486591,0.041094,-3.141592,0.2,-0.0959,0.000132,-0.001335,camera_link,11.850001,gnm_closed_loop,,nominal,,True,ok,checkpoints/scene_holdout_mnv2_baseline/best.pt,4.74,0.9591,-0.0959,0.2398,-0.0057,0.5983,,,gnm_closed_loop,0.2,-0.0959,True,256,/World/Hospital/SM_ReceptionDesk_01a_46/SM_ReceptionDesk_01a,hospital_h2_collection,,collector=topdown_incumbent_diagnostic;difficulty=occluded_corridor,,,,,,,False,h2_corridor_I,6.2289,True,0.9591,-0.0959,0.2,-0.0959,True,armed,False,
h2_td_I_r_20260709_193556,129,11.866667,1783623123.685097,2.228934,2.486595,0.041098,-3.141589,0.2,-0.0959,-2e-06,0.003329,camera_link,11.866667,gnm_closed_loop,,nominal,,True,ok,checkpoints/scene_holdout_mnv2_baseline/best.pt,4.45,0.9591,-0.0959,0.2398,-0.0057,0.5983,,,gnm_closed_loop,0.2,-0.0959,True,258,/World/Hospital/SM_ReceptionDesk_01a_46/SM_ReceptionDesk_01a,hospital_h2_collection,,collector=topdown_incumbent_diagnostic;difficulty=occluded_corridor,,,,,,,False,h2_corridor_I,6.2289,True,0.9591,-0.0959,0.2,-0.0959,True,armed,False,
h2_td_I_r_20260709_193556,130,11.883334,1783623123.68784,2.228935,2.486593,0.041105,-3.141589,0.2,-0.0959,-2e-06,0.003329,camera_link,11.883334,gnm_closed_loop,,nominal,,True,ok,checkpoints/scene_holdout_mnv2_baseline/best.pt,4.45,0.9591,-0.0959,0.2398,-0.0057,0.5983,,,gnm_closed_loop,0.2,-0.0959,True,260,/World/Hospital/SM_ReceptionDesk_01a_46/SM_ReceptionDesk_01a,hospital_h2_collection,,collector=topdown_incumbent_diagnostic;difficulty=occluded_corridor,,,,,,,False,h2_corridor_I,6.2289,True,0.9591,-0.0959,0.2,-0.0959,True,armed,False,
h2_td_I_r_20260709_193556,131,11.900001,1783623123.689877,2.228935,2.48659,0.041105,3.141577,0.2,-0.0959,-2e-06,0.003329,camera_link,11.900001,gnm_closed_loop,,nominal,,True,ok,checkpoints/scene_holdout_mnv2_baseline/best.pt,4.45,0.9591,-0.0959,0.2398,-0.0057,0.5983,,,gnm_closed_loop,0.2,-0.0959,True,262,/World/Hospital/SM_ReceptionDesk_01a_46/SM_ReceptionDesk_01a,hospital_h2_collection,,collector=topdown_incumbent_diagnostic;difficulty=occluded_corridor,,,,,,,False,h2_corridor_I,6.2289,True,0.9591,-0.0959,0.2,-0.0959,True,armed,False,
h2_td_I_r_20260709_193556,132,11.916667,1783623126.756267,2.228931,2.486587,0.041084,-3.141591,0.2,-0.0959,0.000352,-0.000174,camera_link,11.916667,gnm_closed_loop,,nominal,,True,ok,checkpoints/scene_holdout_mnv2_baseline/best.pt,4.27,0.9591,-0.0959,0.2398,-0.0057,0.5983,,,gnm_closed_loop,0.2,-0.0959,True,264,/World/Hospital/SM_ReceptionDesk_01a_46/SM_ReceptionDesk_01a,hospital_h2_collection,,collector=topdown_incumbent_diagnostic;difficulty=occluded_corridor,,,,,,,False,h2_corridor_I,6.2289,True,0.9591,-0.0959,0.2,-0.0959,True,armed,False,
h2_td_I_r_20260709_193556,133,11.933334,1783623126.759236,2.228938,2.48659,0.041091,-3.14158,0.2,-0.0959,0.000352,-0.000174,camera_link,11.933334,gnm_closed_loop,,nominal,,True,ok,checkpoints/scene_holdout_mnv2_baseline/best.pt,4.27,0.9591,-0.0959,0.2398,-0.0057,0.5983,,,gnm_closed_loop,0.2,-0.0959,True,266,/World/Hospital/SM_ReceptionDesk_01a_46/SM_ReceptionDesk_01a,hospital_h2_collection,,collector=topdown_incumbent_diagnostic;difficulty=occluded_corridor,,,,,,,False,h2_corridor_I,6.229,True,0.9591,-0.0959,0.2,-0.0959,True,armed,False,
h2_td_I_r_20260709_193556,134,11.950001,1783623126.761924,2.228937,2.486587,0.041092,-3.141585,0.2,-0.0959,0.000352,-0.000174,camera_link,11.950001,gnm_closed_loop,,nominal,,True,ok,checkpoints/scene_holdout_mnv2_baseline/best.pt,4.27,0.9591,-0.0959,0.2398,-0.0057,0.5983,,,gnm_closed_loop,0.2,-0.0959,True,268,/World/Hospital/SM_ReceptionDesk_01a_46/SM_ReceptionDesk_01a,hospital_h2_collection,,collector=topdown_incumbent_diagnostic;difficulty=occluded_corridor,,,,,,,False,h2_corridor_I,6.229,True,0.9591,-0.0959,0.2,-0.0959,True,armed,False,
h2_td_I_r_20260709_193556,135,11.966667,1783623126.779555,2.228933,2.486581,0.041107,-3.141592,0.2,-0.0959,-0.000345,0.002156,camera_link,11.966667,gnm_closed_loop,,nominal,,True,ok,checkpoints/scene_holdout_mnv2_baseline/best.pt,3.92,0.9591,-0.0959,0.2398,-0.0057,0.5983,,,gnm_closed_loop,0.2,-0.0959,True,270,/World/Hospital/SM_ReceptionDesk_01a_46/SM_ReceptionDesk_01a,hospital_h2_collection,,collector=topdown_incumbent_diagnostic;difficulty=occluded_corridor,,,,,,,False,h2_corridor_I,6.2289,True,0.9591,-0.0959,0.2,-0.0959,True,armed,False,
h2_td_I_r_20260709_193556,136,11.983334,1783623126.782001,2.228931,2.486587,0.041086,-3.14159,0.2,-0.0959,-0.000345,0.002156,camera_link,11.983334,gnm_closed_loop,,nominal,,True,ok,checkpoints/scene_holdout_mnv2_baseline/best.pt,3.92,0.9591,-0.0959,0.2398,-0.0057,0.5983,,,gnm_closed_loop,0.2,-0.0959,True,272,/World/Hospital/SM_ReceptionDesk_01a_46/SM_ReceptionDesk_01a,hospital_h2_collection,,collector=topdown_incumbent_diagnostic;difficulty=occluded_corridor,,,,,,,False,h2_corridor_I,6.2289,True,0.9591,-0.0959,0.2,-0.0959,True,armed,False,
h2_td_I_r_20260709_193556,137,12.000001,1783623126.783855,2.228932,2.486583,0.041106,3.141585,0.2,-0.0959,-0.000345,0.002156,camera_link,12.000001,gnm_closed_loop,,nominal,,True,ok,checkpoints/scene_holdout_mnv2_baseline/best.pt,3.92,0.9591,-0.0959,0.2398,-0.0057,0.5983,,,gnm_closed_loop,0.2,-0.0959,True,274,/World/Hospital/SM_ReceptionDesk_01a_46/SM_ReceptionDesk_01a,hospital_h2_collection,,collector=topdown_incumbent_diagnostic;difficulty=occluded_corridor,,,,,,,False,h2_corridor_I,6.2289,True,0.9591,-0.0959,0.2,-0.0959,True,armed,False,
h2_td_I_r_20260709_193556,138,12.016667,1783623126.799841,2.22893,2.486585,0.041085,-3.141592,0.2,-0.0959,-9.6e-05,0.001037,camera_link,12.016667,gnm_closed_loop,,nominal,,True,ok,checkpoints/scene_holdout_mnv2_baseline/best.pt,4.61,0.9591,-0.0959,0.2398,-0.0057,0.5983,,,gnm_closed_loop,0.2,-0.0959,True,276,/World/Hospital/SM_ReceptionDesk_01a_46/SM_ReceptionDesk_01a,hospital_h2_collection,,collector=topdown_incumbent_diagnostic;difficulty=occluded_corridor,,,,,,,False,h2_corridor_I,6.2289,True,0.9591,-0.0959,0.2,-0.0959,True,armed,False,
h2_td_I_r_20260709_193556,139,12.033334,1783623126.802232,2.228933,2.486585,0.041085,-3.141592,0.2,-0.0959,-9.6e-05,0.001037,camera_link,12.033334,gnm_closed_loop,,nominal,,True,ok,checkpoints/scene_holdout_mnv2_baseline/best.pt,4.61,0.9591,-0.0959,0.2398,-0.0057,0.5983,,,gnm_closed_loop,0.2,-0.0959,True,278,/World/Hospital/SM_ReceptionDesk_01a_46/SM_ReceptionDesk_01a,hospital_h2_collection,,collector=topdown_incumbent_diagnostic;difficulty=occluded_corridor,,,,,,,False,h2_corridor_I,6.2289,True,0.9591,-0.0959,0.2,-0.0959,True,armed,False,
h2_td_I_r_20260709_193556,140,12.050001,1783623126.804127,2.228938,2.486585,0.041091,-3.141586,0.2,-0.0959,-9.6e-05,0.001037,camera_link,12.050001,gnm_closed_loop,,nominal,,True,ok,checkpoints/scene_holdout_mnv2_baseline/best.pt,4.61,0.9591,-0.0959,0.2398,-0.0057,0.5983,,,gnm_closed_loop,0.2,-0.0959,True,280,/World/Hospital/SM_ReceptionDesk_01a_46/SM_ReceptionDesk_01a,hospital_h2_collection,,collector=topdown_incumbent_diagnostic;difficulty=occluded_corridor,,,,,,,False,h2_corridor_I,6.229,True,0.9591,-0.0959,0.2,-0.0959,True,armed,False,
h2_td_I_r_20260709_193556,141,12.066667,1783623132.901379,2.228932,2.486581,0.041102,3.141577,0.2,-0.0959,-0.000684,0.002005,camera_link,12.066667,gnm_closed_loop,,nominal,,True,ok,checkpoints/scene_holdout_mnv2_baseline/best.pt,4.24,0.9591,-0.0959,0.2398,-0.0057,0.5983,,,gnm_closed_loop,0.2,-0.0959,True,282,/World/Hospital/SM_ReceptionDesk_01a_46/SM_ReceptionDesk_01a,hospital_h2_collection,,collector=topdown_incumbent_diagnostic;difficulty=occluded_corridor,,,,,,,False,h2_corridor_I,6.2289,True,0.9591,-0.0959,0.2,-0.0959,True,armed,False,
h2_td_I_r_20260709_193556,142,12.083334,1783623132.903847,2.228932,2.48659,0.041091,-3.141583,0.2,-0.0959,-0.000684,0.002005,camera_link,12.083334,gnm_closed_loop,,nominal,,True,ok,checkpoints/scene_holdout_mnv2_baseline/best.pt,4.24,0.9591,-0.0959,0.2398,-0.0057,0.5983,,,gnm_closed_loop,0.2,-0.0959,True,284,/World/Hospital/SM_ReceptionDesk_01a_46/SM_ReceptionDesk_01a,hospital_h2_collection,,collector=topdown_incumbent_diagnostic;difficulty=occluded_corridor,,,,,,,False,h2_corridor_I,6.2289,True,0.9591,-0.0959,0.2,-0.0959,True,armed,False,
h2_td_I_r_20260709_193556,143,12.100001,1783623132.905742,2.228934,2.48658,0.04109,-3.141589,0.2,-0.0959,-0.000684,0.002005,camera_link,12.100001,gnm_closed_loop,,nominal,,True,ok,checkpoints/scene_holdout_mnv2_baseline/best.pt,4.24,0.9591,-0.0959,0.2398,-0.0057,0.5983,,,gnm_closed_loop,0.2,-0.0959,True,286,/World/Hospital/SM_ReceptionDesk_01a_46/SM_ReceptionDesk_01a,hospital_h2_collection,,collector=topdown_incumbent_diagnostic;difficulty=occluded_corridor,,,,,,,False,h2_corridor_I,6.2289,True,0.9591,-0.0959,0.2,-0.0959,True,armed,False,
h2_td_I_r_20260709_193556,144,12.116667,1783623132.922494,2.228939,2.486582,0.041092,3.141587,0.2,-0.0959,0.002705,0.003664,camera_link,12.116667,gnm_closed_loop,,nominal,,True,ok,checkpoints/scene_holdout_mnv2_baseline/best.pt,4.39,0.9591,-0.0959,0.2398,-0.0057,0.5983,,,gnm_closed_loop,0.2,-0.0959,True,288,/World/Hospital/SM_ReceptionDesk_01a_46/SM_ReceptionDesk_01a,hospital_h2_collection,,collector=topdown_incumbent_diagnostic;difficulty=occluded_corridor,,,,,,,False,h2_corridor_I,6.229,True,0.9591,-0.0959,0.2,-0.0959,True,armed,False,
h2_td_I_r_20260709_193556,145,12.133334,1783623132.9253,2.228933,2.486576,0.041089,3.141588,0.2,-0.0959,0.002705,0.003664,camera_link,12.133334,gnm_closed_loop,,nominal,,True,ok,checkpoints/scene_holdout_mnv2_baseline/best.pt,4.39,0.9591,-0.0959,0.2398,-0.0057,0.5983,,,gnm_closed_loop,0.2,-0.0959,True,290,/World/Hospital/SM_ReceptionDesk_01a_46/SM_ReceptionDesk_01a,hospital_h2_collection,,collector=topdown_incumbent_diagnostic;difficulty=occluded_corridor,,,,,,,False,h2_corridor_I,6.2289,True,0.9591,-0.0959,0.2,-0.0959,True,armed,False,
h2_td_I_r_20260709_193556,146,12.150001,1783623132.928359,2.228933,2.486574,0.0411,3.141584,0.2,-0.0959,0.002705,0.003664,camera_link,12.150001,gnm_closed_loop,,nominal,,True,ok,checkpoints/scene_holdout_mnv2_baseline/best.pt,4.39,0.9591,-0.0959,0.2398,-0.0057,0.5983,,,gnm_closed_loop,0.2,-0.0959,True,292,/World/Hospital/SM_ReceptionDesk_01a_46/SM_ReceptionDesk_01a,hospital_h2_collection,,collector=topdown_incumbent_diagnostic;difficulty=occluded_corridor,,,,,,,False,h2_corridor_I,6.2289,True,0.9591,-0.0959,0.2,-0.0959,True,armed,False,
h2_td_I_r_20260709_193556,147,12.166667,1783623132.946651,2.228932,2.486573,0.041105,-3.141592,0.2,-0.0959,-0.002917,-0.001687,camera_link,12.166667,gnm_closed_loop,,nominal,,True,ok,checkpoints/scene_holdout_mnv2_baseline/best.pt,4.21,0.9591,-0.0959,0.2398,-0.0057,0.5983,,,gnm_closed_loop,0.2,-0.0959,True,294,/World/Hospital/SM_ReceptionDesk_01a_46/SM_ReceptionDesk_01a,hospital_h2_collection,,collector=topdown_incumbent_diagnostic;difficulty=occluded_corridor,,,,,,,False,h2_corridor_I,6.2289,True,0.9591,-0.0959,0.2,-0.0959,True,armed,False,
h2_td_I_r_20260709_193556,148,12.183334,1783623132.949102,2.228932,2.486576,0.04111,-3.141583,0.2,-0.0959,-0.002917,-0.001687,camera_link,12.183334,gnm_closed_loop,,nominal,,True,ok,checkpoints/scene_holdout_mnv2_baseline/best.pt,4.21,0.9591,-0.0959,0.2398,-0.0057,0.5983,,,gnm_closed_loop,0.2,-0.0959,True,296,/World/Hospital/SM_ReceptionDesk_01a_46/SM_ReceptionDesk_01a,hospital_h2_collection,,collector=topdown_incumbent_diagnostic;difficulty=occluded_corridor,,,,,,,False,h2_corridor_I,6.2289,True,0.9591,-0.0959,0.2,-0.0959,True,armed,False,
h2_td_I_r_20260709_193556,149,12.200001,1783623132.951202,2.228932,2.486583,0.041086,-3.141579,0.2,-0.0959,-0.002917,-0.001687,camera_link,12.200001,gnm_closed_loop,,nominal,,True,ok,checkpoints/scene_holdout_mnv2_baseline/best.pt,4.21,0.9591,-0.0959,0.2398,-0.0057,0.5983,,,gnm_closed_loop,0.2,-0.0959,True,298,/World/Hospital/SM_ReceptionDesk_01a_46/SM_ReceptionDesk_01a,hospital_h2_collection,,collector=topdown_incumbent_diagnostic;difficulty=occluded_corridor,,,,,,,False,h2_corridor_I,6.2289,True,0.9591,-0.0959,0.2,-0.0959,True,armed,False,
h2_td_I_r_20260709_193556,150,12.216667,1783623139.045257,2.228935,2.486577,0.041089,-3.141584,0.2,-0.0959,0.000705,0.004177,camera_link,12.216667,gnm_closed_loop,,nominal,,True,ok,checkpoints/scene_holdout_mnv2_baseline/best.pt,4.23,0.9591,-0.0959,0.2398,-0.0057,0.5983,,,gnm_closed_loop,0.2,-0.0959,True,300,/World/Hospital/SM_ReceptionDesk_01a_46/SM_ReceptionDesk_01a,hospital_h2_collection,,collector=topdown_incumbent_diagnostic;difficulty=occluded_corridor,,,,,,,False,h2_corridor_I,6.2289,True,0.9591,-0.0959,0.2,-0.0959,True,armed,False,
h2_td_I_r_20260709_193556,151,12.233334,1783623139.047644,2.228935,2.486577,0.041101,-3.141583,0.2,-0.0959,0.000705,0.004177,camera_link,12.233334,gnm_closed_loop,,nominal,,True,ok,checkpoints/scene_holdout_mnv2_baseline/best.pt,4.23,0.9591,-0.0959,0.2398,-0.0057,0.5983,,,gnm_closed_loop,0.2,-0.0959,True,302,/World/Hospital/SM_ReceptionDesk_01a_46/SM_ReceptionDesk_01a,hospital_h2_collection,,collector=topdown_incumbent_diagnostic;difficulty=occluded_corridor,,,,,,,False,h2_corridor_I,6.2289,True,0.9591,-0.0959,0.2,-0.0959,True,armed,False,
h2_td_I_r_20260709_193556,152,12.250001,1783623139.049465,2.228926,2.486573,0.041099,3.141582,0.2,-0.0959,0.000705,0.004177,camera_link,12.250001,gnm_closed_loop,,nominal,,True,ok,checkpoints/scene_holdout_mnv2_baseline/best.pt,4.23,0.9591,-0.0959,0.2398,-0.0057,0.5983,,,gnm_closed_loop,0.2,-0.0959,True,304,/World/Hospital/SM_ReceptionDesk_01a_46/SM_ReceptionDesk_01a,hospital_h2_collection,,collector=topdown_incumbent_diagnostic;difficulty=occluded_corridor,,,,,,,False,h2_corridor_I,6.2289,True,0.9591,-0.0959,0.2,-0.0959,True,armed,False,
h2_td_I_r_20260709_193556,153,12.266667,1783623139.069233,2.22893,2.486575,0.041107,-3.141592,0.2,-0.0959,-0.001832,-0.004877,camera_link,12.266667,gnm_closed_loop,,nominal,,True,ok,checkpoints/scene_holdout_mnv2_baseline/best.pt,4.85,0.9591,-0.0959,0.2398,-0.0057,0.5983,,,gnm_closed_loop,0.2,-0.0959,True,306,/World/Hospital/SM_ReceptionDesk_01a_46/SM_ReceptionDesk_01a,hospital_h2_collection,,collector=topdown_incumbent_diagnostic;difficulty=occluded_corridor,,,,,,,False,h2_corridor_I,6.2289,True,0.9591,-0.0959,0.2,-0.0959,True,armed,False,
h2_td_I_r_20260709_193556,154,12.283334,1783623139.072181,2.228916,2.486586,0.041103,-3.141585,0.2,-0.0959,-0.001832,-0.004877,camera_link,12.283334,gnm_closed_loop,,nominal,,True,ok,checkpoints/scene_holdout_mnv2_baseline/best.pt,4.85,0.9591,-0.0959,0.2398,-0.0057,0.5983,,,gnm_closed_loop,0.2,-0.0959,True,308,/World/Hospital/SM_ReceptionDesk_01a_46/SM_ReceptionDesk_01a,hospital_h2_collection,,collector=topdown_incumbent_diagnostic;difficulty=occluded_corridor,,,,,,,False,h2_corridor_I,6.2289,True,0.9591,-0.0959,0.2,-0.0959,True,armed,False,
h2_td_I_r_20260709_193556,155,12.300001,1783623139.074298,2.228931,2.486592,0.041103,-3.141592,0.2,-0.0959,-0.001832,-0.004877,camera_link,12.300001,gnm_closed_loop,,nominal,,True,ok,checkpoints/scene_holdout_mnv2_baseline/best.pt,4.85,0.9591,-0.0959,0.2398,-0.0057,0.5983,,,gnm_closed_loop,0.2,-0.0959,True,310,/World/Hospital/SM_ReceptionDesk_01a_46/SM_ReceptionDesk_01a,hospital_h2_collection,,collector=topdown_incumbent_diagnostic;difficulty=occluded_corridor,,,,,,,False,h2_corridor_I,6.2289,True,0.9591,-0.0959,0.2,-0.0959,True,armed,False,
h2_td_I_r_20260709_193556,156,12.316667,1783623145.189232,2.228931,2.486595,0.041099,3.14159,0.2,-0.0959,-0.000108,0.006087,camera_link,12.316667,gnm_closed_loop,,nominal,,True,ok,checkpoints/scene_holdout_mnv2_baseline/best.pt,4.51,0.9591,-0.0959,0.2398,-0.0057,0.5983,,,gnm_closed_loop,0.2,-0.0959,True,312,/World/Hospital/SM_ReceptionDesk_01a_46/SM_ReceptionDesk_01a,hospital_h2_collection,,collector=topdown_incumbent_diagnostic;difficulty=occluded_corridor,,,,,,,False,h2_corridor_I,6.2289,True,0.9591,-0.0959,0.2,-0.0959,True,armed,False,
h2_td_I_r_20260709_193556,157,12.333334,1783623145.191722,2.228931,2.486581,0.041088,3.14159,0.2,-0.0959,-0.000108,0.006087,camera_link,12.333334,gnm_closed_loop,,nominal,,True,ok,checkpoints/scene_holdout_mnv2_baseline/best.pt,4.51,0.9591,-0.0959,0.2398,-0.0057,0.5983,,,gnm_closed_loop,0.2,-0.0959,True,314,/World/Hospital/SM_ReceptionDesk_01a_46/SM_ReceptionDesk_01a,hospital_h2_collection,,collector=topdown_incumbent_diagnostic;difficulty=occluded_corridor,,,,,,,False,h2_corridor_I,6.2289,True,0.9591,-0.0959,0.2,-0.0959,True,armed,False,
h2_td_I_r_20260709_193556,158,12.350001,1783623145.193645,2.228928,2.486578,0.041102,3.141569,0.2,-0.0959,-0.000108,0.006087,camera_link,12.350001,gnm_closed_loop,,nominal,,True,ok,checkpoints/scene_holdout_mnv2_baseline/best.pt,4.51,0.9591,-0.0959,0.2398,-0.0057,0.5983,,,gnm_closed_loop,0.2,-0.0959,True,316,/World/Hospital/SM_ReceptionDesk_01a_46/SM_ReceptionDesk_01a,hospital_h2_collection,,collector=topdown_incumbent_diagnostic;difficulty=occluded_corridor,,,,,,,False,h2_corridor_I,6.2289,True,0.9591,-0.0959,0.2,-0.0959,True,armed,False,
h2_td_I_r_20260709_193556,159,12.366667,1783623145.209313,2.228919,2.486581,0.041098,3.141572,0.2,-0.0959,-0.002206,0.006617,camera_link,12.366667,gnm_closed_loop,,nominal,,True,ok,checkpoints/scene_holdout_mnv2_baseline/best.pt,4.08,0.9591,-0.0959,0.2398,-0.0057,0.5983,,,gnm_closed_loop,0.2,-0.0959,True,318,/World/Hospital/SM_ReceptionDesk_01a_46/SM_ReceptionDesk_01a,hospital_h2_collection,,collector=topdown_incumbent_diagnostic;difficulty=occluded_corridor,,,,,,,False,h2_corridor_I,6.2289,True,0.9591,-0.0959,0.2,-0.0959,True,armed,False,
h2_td_I_r_20260709_193556,160,12.383334,1783623145.211589,2.228931,2.486577,0.041089,-3.141592,0.2,-0.0959,-0.002206,0.006617,camera_link,12.383334,gnm_closed_loop,,nominal,,True,ok,checkpoints/scene_holdout_mnv2_baseline/best.pt,4.08,0.9591,-0.0959,0.2398,-0.0057,0.5983,,,gnm_closed_loop,0.2,-0.0959,True,320,/World/Hospital/SM_ReceptionDesk_01a_46/SM_ReceptionDesk_01a,hospital_h2_collection,,collector=topdown_incumbent_diagnostic;difficulty=occluded_corridor,,,,,,,False,h2_corridor_I,6.2289,True,0.9591,-0.0959,0.2,-0.0959,True,armed,False,
h2_td_I_r_20260709_193556,161,12.400001,1783623145.213505,2.228933,2.486573,0.041104,3.141591,0.2,-0.0959,-0.002206,0.006617,camera_link,12.400001,gnm_closed_loop,,nominal,,True,ok,checkpoints/scene_holdout_mnv2_baseline/best.pt,4.08,0.9591,-0.0959,0.2398,-0.0057,0.5983,,,gnm_closed_loop,0.2,-0.0959,True,322,/World/Hospital/SM_ReceptionDesk_01a_46/SM_ReceptionDesk_01a,hospital_h2_collection,,collector=topdown_incumbent_diagnostic;difficulty=occluded_corridor,,,,,,,False,h2_corridor_I,6.2289,True,0.9591,-0.0959,0.2,-0.0959,True,armed,False,
h2_td_I_r_20260709_193556,162,12.416667,1783623148.263377,2.228934,2.486585,0.041091,-3.141572,0.2,-0.0959,0.000261,0.002057,camera_link,12.416667,gnm_closed_loop,,nominal,,True,ok,checkpoints/scene_holdout_mnv2_baseline/best.pt,4.29,0.9591,-0.0959,0.2398,-0.0057,0.5983,,,gnm_closed_loop,0.2,-0.0959,True,324,/World/Hospital/SM_ReceptionDesk_01a_46/SM_ReceptionDesk_01a,hospital_h2_collection,,collector=topdown_incumbent_diagnostic;difficulty=occluded_corridor,,,,,,,False,h2_corridor_I,6.2289,True,0.9591,-0.0959,0.2,-0.0959,True,armed,False,
h2_td_I_r_20260709_193556,163,12.433334,1783623148.266995,2.228927,2.486577,0.041095,-3.141584,0.2,-0.0959,0.000261,0.002057,camera_link,12.433334,gnm_closed_loop,,nominal,,True,ok,checkpoints/scene_holdout_mnv2_baseline/best.pt,4.29,0.9591,-0.0959,0.2398,-0.0057,0.5983,,,gnm_closed_loop,0.2,-0.0959,True,326,/World/Hospital/SM_ReceptionDesk_01a_46/SM_ReceptionDesk_01a,hospital_h2_collection,,collector=topdown_incumbent_diagnostic;difficulty=occluded_corridor,,,,,,,False,h2_corridor_I,6.2289,True,0.9591,-0.0959,0.2,-0.0959,True,armed,False,
h2_td_I_r_20260709_193556,164,12.450001,1783623148.269076,2.228929,2.48658,0.041089,-3.141584,0.2,-0.0959,0.000261,0.002057,camera_link,12.450001,gnm_closed_loop,,nominal,,True,ok,checkpoints/scene_holdout_mnv2_baseline/best.pt,4.29,0.9591,-0.0959,0.2398,-0.0057,0.5983,,,gnm_closed_loop,0.2,-0.0959,True,328,/World/Hospital/SM_ReceptionDesk_01a_46/SM_ReceptionDesk_01a,hospital_h2_collection,,collector=topdown_incumbent_diagnostic;difficulty=occluded_corridor,,,,,,,False,h2_corridor_I,6.2289,True,0.9591,-0.0959,0.2,-0.0959,True,armed,False,
h2_td_I_r_20260709_193556,165,12.466667,1783623148.290209,2.228925,2.486577,0.041099,-3.141583,0.2,-0.0959,-0.00182,-0.018997,camera_link,12.466667,gnm_closed_loop,,nominal,,True,ok,checkpoints/scene_holdout_mnv2_baseline/best.pt,5.49,0.9591,-0.0959,0.2398,-0.0057,0.5983,,,gnm_closed_loop,0.2,-0.0959,True,330,/World/Hospital/SM_ReceptionDesk_01a_46/SM_ReceptionDesk_01a,hospital_h2_collection,,collector=topdown_incumbent_diagnostic;difficulty=occluded_corridor,,,,,,,False,h2_corridor_I,6.2289,True,0.9591,-0.0959,0.2,-0.0959,True,armed,False,
h2_td_I_r_20260709_193556,166,12.483334,1783623148.292626,2.228931,2.486579,0.041108,-3.14157,0.2,-0.0959,-0.00182,-0.018997,camera_link,12.483334,gnm_closed_loop,,nominal,,True,ok,checkpoints/scene_holdout_mnv2_baseline/best.pt,5.49,0.9591,-0.0959,0.2398,-0.0057,0.5983,,,gnm_closed_loop,0.2,-0.0959,True,332,/World/Hospital/SM_ReceptionDesk_01a_46/SM_ReceptionDesk_01a,hospital_h2_collection,,collector=topdown_incumbent_diagnostic;difficulty=occluded_corridor,,,,,,,False,h2_corridor_I,6.2289,True,0.9591,-0.0959,0.2,-0.0959,True,armed,False,
h2_td_I_r_20260709_193556,167,12.500001,1783623148.295817,2.228926,2.486579,0.041107,-3.141575,0.2,-0.0959,-0.00182,-0.018997,camera_link,12.500001,gnm_closed_loop,,nominal,,True,ok,checkpoints/scene_holdout_mnv2_baseline/best.pt,5.49,0.9591,-0.0959,0.2398,-0.0057,0.5983,,,gnm_closed_loop,0.2,-0.0959,True,334,/World/Hospital/SM_ReceptionDesk_01a_46/SM_ReceptionDesk_01a,hospital_h2_collection,,collector=topdown_incumbent_diagnostic;difficulty=occluded_corridor,,,,,,,False,h2_corridor_I,6.2289,True,0.9591,-0.0959,0.2,-0.0959,True,armed,False,
h2_td_I_r_20260709_193556,168,12.516667,1783623160.549043,2.228931,2.486581,0.041114,-3.141572,0.2,-0.0959,0.000198,-0.008907,camera_link,12.516667,gnm_closed_loop,,nominal,,True,ok,checkpoints/scene_holdout_mnv2_baseline/best.pt,4.33,0.9591,-0.0959,0.2398,-0.0057,0.5983,,,gnm_closed_loop,0.2,-0.0959,True,336,/World/Hospital/SM_ReceptionDesk_01a_46/SM_ReceptionDesk_01a,hospital_h2_collection,,collector=topdown_incumbent_diagnostic;difficulty=occluded_corridor,,,,,,,False,h2_corridor_I,6.2289,True,0.9591,-0.0959,0.2,-0.0959,True,armed,False,
h2_td_I_r_20260709_193556,169,12.533334,1783623160.55138,2.228928,2.48658,0.041109,-3.141578,0.2,-0.0959,0.000198,-0.008907,camera_link,12.533334,gnm_closed_loop,,nominal,,True,ok,checkpoints/scene_holdout_mnv2_baseline/best.pt,4.33,0.9591,-0.0959,0.2398,-0.0057,0.5983,,,gnm_closed_loop,0.2,-0.0959,True,338,/World/Hospital/SM_ReceptionDesk_01a_46/SM_ReceptionDesk_01a,hospital_h2_collection,,collector=topdown_incumbent_diagnostic;difficulty=occluded_corridor,,,,,,,False,h2_corridor_I,6.2289,True,0.9591,-0.0959,0.2,-0.0959,True,armed,False,
h2_td_I_r_20260709_193556,170,12.550001,1783623160.554034,2.228933,2.48659,0.041092,-3.141578,0.2,-0.0959,0.000198,-0.008907,camera_link,12.550001,gnm_closed_loop,,nominal,,True,ok,checkpoints/scene_holdout_mnv2_baseline/best.pt,4.33,0.9591,-0.0959,0.2398,-0.0057,0.5983,,,gnm_closed_loop,0.2,-0.0959,True,340,/World/Hospital/SM_ReceptionDesk_01a_46/SM_ReceptionDesk_01a,hospital_h2_collection,,collector=topdown_incumbent_diagnostic;difficulty=occluded_corridor,,,,,,,False,h2_corridor_I,6.2289,True,0.9591,-0.0959,0.2,-0.0959,True,armed,False,
h2_td_I_r_20260709_193556,171,12.566667,1783623163.622372,2.228928,2.486587,0.041106,-3.141587,0.2,-0.0959,-0.001058,-0.008623,camera_link,12.566667,gnm_closed_loop,,nominal,,True,ok,checkpoints/scene_holdout_mnv2_baseline/best.pt,4.25,0.9591,-0.0959,0.2398,-0.0057,0.5983,,,gnm_closed_loop,0.2,-0.0959,True,342,/World/Hospital/SM_ReceptionDesk_01a_46/SM_ReceptionDesk_01a,hospital_h2_collection,,collector=topdown_incumbent_diagnostic;difficulty=occluded_corridor,,,,,,,False,h2_corridor_I,6.2289,True,0.9591,-0.0959,0.2,-0.0959,True,armed,False,
h2_td_I_r_20260709_193556,172,12.583334,1783623163.62478,2.22893,2.486583,0.041087,3.141589,0.2,-0.0959,-0.001058,-0.008623,camera_link,12.583334,gnm_closed_loop,,nominal,,True,ok,checkpoints/scene_holdout_mnv2_baseline/best.pt,4.25,0.9591,-0.0959,0.2398,-0.0057,0.5983,,,gnm_closed_loop,0.2,-0.0959,True,344,/World/Hospital/SM_ReceptionDesk_01a_46/SM_ReceptionDesk_01a,hospital_h2_collection,,collector=topdown_incumbent_diagnostic;difficulty=occluded_corridor,,,,,,,False,h2_corridor_I,6.2289,True,0.9591,-0.0959,0.2,-0.0959,True,armed,False,
h2_td_I_r_20260709_193556,173,12.600001,1783623163.627164,2.228922,2.486578,0.041092,3.141569,0.2,-0.0959,-0.001058,-0.008623,camera_link,12.600001,gnm_closed_loop,,nominal,,True,ok,checkpoints/scene_holdout_mnv2_baseline/best.pt,4.25,0.9591,-0.0959,0.2398,-0.0057,0.5983,,,gnm_closed_loop,0.2,-0.0959,True,346,/World/Hospital/SM_ReceptionDesk_01a_46/SM_ReceptionDesk_01a,hospital_h2_collection,,collector=topdown_incumbent_diagnostic;difficulty=occluded_corridor,,,,,,,False,h2_corridor_I,6.2289,True,0.9591,-0.0959,0.2,-0.0959,True,armed,False,
h2_td_I_r_20260709_193556,174,12.616667,1783623163.64424,2.228921,2.486577,0.041099,3.141583,0.2,-0.0959,-0.000393,-0.008497,camera_link,12.616667,gnm_closed_loop,,nominal,,True,ok,checkpoints/scene_holdout_mnv2_baseline/best.pt,4.9,0.9591,-0.0959,0.2398,-0.0057,0.5983,,,gnm_closed_loop,0.2,-0.0959,True,348,/World/Hospital/SM_ReceptionDesk_01a_46/SM_ReceptionDesk_01a,hospital_h2_collection,,collector=topdown_incumbent_diagnostic;difficulty=occluded_corridor,,,,,,,False,h2_corridor_I,6.2289,True,0.9591,-0.0959,0.2,-0.0959,True,armed,False,
h2_td_I_r_20260709_193556,175,12.633334,1783623163.64678,2.22893,2.486584,0.041099,-3.141591,0.2,-0.0959,-0.000393,-0.008497,camera_link,12.633334,gnm_closed_loop,,nominal,,True,ok,checkpoints/scene_holdout_mnv2_baseline/best.pt,4.9,0.9591,-0.0959,0.2398,-0.0057,0.5983,,,gnm_closed_loop,0.2,-0.0959,True,350,/World/Hospital/SM_ReceptionDesk_01a_46/SM_ReceptionDesk_01a,hospital_h2_collection,,collector=topdown_incumbent_diagnostic;difficulty=occluded_corridor,,,,,,,False,h2_corridor_I,6.2289,True,0.9591,-0.0959,0.2,-0.0959,True,armed,False,
h2_td_I_r_20260709_193556,176,12.650001,1783623163.648794,2.228933,2.486591,0.041096,-3.141579,0.2,-0.0959,-0.000393,-0.008497,camera_link,12.650001,gnm_closed_loop,,nominal,,True,ok,checkpoints/scene_holdout_mnv2_baseline/best.pt,4.9,0.9591,-0.0959,0.2398,-0.0057,0.5983,,,gnm_closed_loop,0.2,-0.0959,True,352,/World/Hospital/SM_ReceptionDesk_01a_46/SM_ReceptionDesk_01a,hospital_h2_collection,,collector=topdown_incumbent_diagnostic;difficulty=occluded_corridor,,,,,,,False,h2_corridor_I,6.2289,True,0.9591,-0.0959,0.2,-0.0959,True,armed,False,
h2_td_I_r_20260709_193556,177,12.666667,1783623163.668585,2.228933,2.486587,0.041097,-3.141592,0.2,-0.0959,0.000143,0.000464,camera_link,12.666667,gnm_closed_loop,,nominal,,True,ok,checkpoints/scene_holdout_mnv2_baseline/best.pt,4.24,0.9591,-0.0959,0.2398,-0.0057,0.5983,,,gnm_closed_loop,0.2,-0.0959,True,354,/World/Hospital/SM_ReceptionDesk_01a_46/SM_ReceptionDesk_01a,hospital_h2_collection,,collector=topdown_incumbent_diagnostic;difficulty=occluded_corridor,,,,,,,False,h2_corridor_I,6.2289,True,0.9591,-0.0959,0.2,-0.0959,True,armed,False,
h2_td_I_r_20260709_193556,178,12.683334,1783623163.671156,2.228932,2.486586,0.041097,-3.141592,0.2,-0.0959,0.000143,0.000464,camera_link,12.683334,gnm_closed_loop,,nominal,,True,ok,checkpoints/scene_holdout_mnv2_baseline/best.pt,4.24,0.9591,-0.0959,0.2398,-0.0057,0.5983,,,gnm_closed_loop,0.2,-0.0959,True,356,/World/Hospital/SM_ReceptionDesk_01a_46/SM_ReceptionDesk_01a,hospital_h2_collection,,collector=topdown_incumbent_diagnostic;difficulty=occluded_corridor,,,,,,,False,h2_corridor_I,6.2289,True,0.9591,-0.0959,0.2,-0.0959,True,armed,False,
h2_td_I_r_20260709_193556,179,12.700001,1783623163.67378,2.228928,2.486585,0.041109,-3.141589,0.2,-0.0959,0.000143,0.000464,camera_link,12.700001,gnm_closed_loop,,nominal,,True,ok,checkpoints/scene_holdout_mnv2_baseline/best.pt,4.24,0.9591,-0.0959,0.2398,-0.0057,0.5983,,,gnm_closed_loop,0.2,-0.0959,True,358,/World/Hospital/SM_ReceptionDesk_01a_46/SM_ReceptionDesk_01a,hospital_h2_collection,,collector=topdown_incumbent_diagnostic;difficulty=occluded_corridor,,,,,,,False,h2_corridor_I,6.2289,True,0.9591,-0.0959,0.2,-0.0959,True,armed,False,
h2_td_I_r_20260709_193556,180,12.716667,1783623172.836329,2.22893,2.486581,0.0411,3.141591,0.2,-0.0959,4.1e-05,0.003025,camera_link,12.716667,gnm_closed_loop,,nominal,,True,ok,checkpoints/scene_holdout_mnv2_baseline/best.pt,4.19,0.9591,-0.0959,0.2398,-0.0057,0.5983,,,gnm_closed_loop,0.2,-0.0959,True,360,/World/Hospital/SM_ReceptionDesk_01a_46/SM_ReceptionDesk_01a,hospital_h2_collection,,collector=topdown_incumbent_diagnostic;difficulty=occluded_corridor,,,,,,,False,h2_corridor_I,6.2289,True,0.9591,-0.0959,0.2,-0.0959,True,armed,False,
h2_td_I_r_20260709_193556,181,12.733334,1783623172.839438,2.22892,2.486579,0.041104,3.14157,0.2,-0.0959,4.1e-05,0.003025,camera_link,12.733334,gnm_closed_loop,,nominal,,True,ok,checkpoints/scene_holdout_mnv2_baseline/best.pt,4.19,0.9591,-0.0959,0.2398,-0.0057,0.5983,,,gnm_closed_loop,0.2,-0.0959,True,362,/World/Hospital/SM_ReceptionDesk_01a_46/SM_ReceptionDesk_01a,hospital_h2_collection,,collector=topdown_incumbent_diagnostic;difficulty=occluded_corridor,,,,,,,False,h2_corridor_I,6.2289,True,0.9591,-0.0959,0.2,-0.0959,True,armed,False,
h2_td_I_r_20260709_193556,182,12.750001,1783623172.841379,2.22893,2.486577,0.041087,-3.141587,0.2,-0.0959,4.1e-05,0.003025,camera_link,12.750001,gnm_closed_loop,,nominal,,True,ok,checkpoints/scene_holdout_mnv2_baseline/best.pt,4.19,0.9591,-0.0959,0.2398,-0.0057,0.5983,,,gnm_closed_loop,0.2,-0.0959,True,364,/World/Hospital/SM_ReceptionDesk_01a_46/SM_ReceptionDesk_01a,hospital_h2_collection,,collector=topdown_incumbent_diagnostic;difficulty=occluded_corridor,,,,,,,False,h2_corridor_I,6.2289,True,0.9591,-0.0959,0.2,-0.0959,True,armed,False,
h2_td_I_r_20260709_193556,183,12.766667,1783623172.857717,2.228931,2.48657,0.041087,3.141587,0.2,-0.0959,0.00014,0.00637,camera_link,12.766667,gnm_closed_loop,,nominal,,True,ok,checkpoints/scene_holdout_mnv2_baseline/best.pt,4.62,0.9591,-0.0959,0.2398,-0.0057,0.5983,,,gnm_closed_loop,0.2,-0.0959,True,366,/World/Hospital/SM_ReceptionDesk_01a_46/SM_ReceptionDesk_01a,hospital_h2_collection,,collector=topdown_incumbent_diagnostic;difficulty=occluded_corridor,,,,,,,False,h2_corridor_I,6.2289,True,0.9591,-0.0959,0.2,-0.0959,True,armed,False,
h2_td_I_r_20260709_193556,184,12.783334,1783623172.860085,2.228939,2.486572,0.041098,3.141588,0.2,-0.0959,0.00014,0.00637,camera_link,12.783334,gnm_closed_loop,,nominal,,True,ok,checkpoints/scene_holdout_mnv2_baseline/best.pt,4.62,0.9591,-0.0959,0.2398,-0.0057,0.5983,,,gnm_closed_loop,0.2,-0.0959,True,368,/World/Hospital/SM_ReceptionDesk_01a_46/SM_ReceptionDesk_01a,hospital_h2_collection,,collector=topdown_incumbent_diagnostic;difficulty=occluded_corridor,,,,,,,False,h2_corridor_I,6.229,True,0.9591,-0.0959,0.2,-0.0959,True,armed,False,
h2_td_I_r_20260709_193556,185,12.800001,1783623174.077955,2.228933,2.486568,0.041105,3.141587,0.2,-0.0959,0.00014,0.00637,camera_link,12.800001,gnm_closed_loop,,nominal,,True,ok,checkpoints/scene_holdout_mnv2_baseline/best.pt,4.62,0.9591,-0.0959,0.2398,-0.0057,0.5983,,,gnm_closed_loop,0.2,-0.0959,True,370,/World/Hospital/SM_ReceptionDesk_01a_46/SM_ReceptionDesk_01a,hospital_h2_collection,,collector=topdown_incumbent_diagnostic;difficulty=occluded_corridor,,,,,,,False,h2_corridor_I,6.2289,True,0.9591,-0.0959,0.2,-0.0959,True,armed,False,
h2_td_I_r_20260709_193556,186,12.816667,1783623174.123789,2.228935,2.486578,0.041091,-3.141575,0.2,-0.0959,-0.000486,0.001624,camera_link,12.816667,gnm_closed_loop,,nominal,,True,ok,checkpoints/scene_holdout_mnv2_baseline/best.pt,5.1,0.9591,-0.0959,0.2398,-0.0057,0.5983,,,gnm_closed_loop,0.2,-0.0959,True,372,/World/Hospital/SM_ReceptionDesk_01a_46/SM_ReceptionDesk_01a,hospital_h2_collection,,collector=topdown_incumbent_diagnostic;difficulty=occluded_corridor,,,,,,,False,h2_corridor_I,6.2289,True,0.9591,-0.0959,0.2,-0.0959,True,armed,False,
h2_td_I_r_20260709_193556,187,12.833334,1783623174.126257,2.228936,2.486574,0.041095,-3.141589,0.2,-0.0959,-0.000486,0.001624,camera_link,12.833334,gnm_closed_loop,,nominal,,True,ok,checkpoints/scene_holdout_mnv2_baseline/best.pt,5.1,0.9591,-0.0959,0.2398,-0.0057,0.5983,,,gnm_closed_loop,0.2,-0.0959,True,374,/World/Hospital/SM_ReceptionDesk_01a_46/SM_ReceptionDesk_01a,hospital_h2_collection,,collector=topdown_incumbent_diagnostic;difficulty=occluded_corridor,,,,,,,False,h2_corridor_I,6.229,True,0.9591,-0.0959,0.2,-0.0959,True,armed,False,
h2_td_I_r_20260709_193556,188,12.850001,1783623174.128433,2.228927,2.486569,0.041096,-3.141589,0.2,-0.0959,-0.000486,0.001624,camera_link,12.850001,gnm_closed_loop,,nominal,,True,ok,checkpoints/scene_holdout_mnv2_baseline/best.pt,5.1,0.9591,-0.0959,0.2398,-0.0057,0.5983,,,gnm_closed_loop,0.2,-0.0959,True,376,/World/Hospital/SM_ReceptionDesk_01a_46/SM_ReceptionDesk_01a,hospital_h2_collection,,collector=topdown_incumbent_diagnostic;difficulty=occluded_corridor,,,,,,,False,h2_corridor_I,6.2289,True,0.9591,-0.0959,0.2,-0.0959,True,armed,False,
h2_td_I_r_20260709_193556,189,12.866667,1783623174.145427,2.228932,2.486576,0.041091,-3.141584,0.2,-0.0959,-0.000166,0.005388,camera_link,12.866667,gnm_closed_loop,,nominal,,True,ok,checkpoints/scene_holdout_mnv2_baseline/best.pt,4.29,0.9591,-0.0959,0.2398,-0.0057,0.5983,,,gnm_closed_loop,0.2,-0.0959,True,378,/World/Hospital/SM_ReceptionDesk_01a_46/SM_ReceptionDesk_01a,hospital_h2_collection,,collector=topdown_incumbent_diagnostic;difficulty=occluded_corridor,,,,,,,False,h2_corridor_I,6.2289,True,0.9591,-0.0959,0.2,-0.0959,True,armed,False,
h2_td_I_r_20260709_193556,190,12.883334,1783623174.147818,2.228924,2.486572,0.041097,-3.141582,0.2,-0.0959,-0.000166,0.005388,camera_link,12.883334,gnm_closed_loop,,nominal,,True,ok,checkpoints/scene_holdout_mnv2_baseline/best.pt,4.29,0.9591,-0.0959,0.2398,-0.0057,0.5983,,,gnm_closed_loop,0.2,-0.0959,True,380,/World/Hospital/SM_ReceptionDesk_01a_46/SM_ReceptionDesk_01a,hospital_h2_collection,,collector=topdown_incumbent_diagnostic;difficulty=occluded_corridor,,,,,,,False,h2_corridor_I,6.2289,True,0.9591,-0.0959,0.2,-0.0959,True,armed,False,
h2_td_I_r_20260709_193556,191,12.900001,1783623174.150501,2.228931,2.486578,0.041096,-3.14159,0.2,-0.0959,-0.000166,0.005388,camera_link,12.900001,gnm_closed_loop,,nominal,,True,ok,checkpoints/scene_holdout_mnv2_baseline/best.pt,4.29,0.9591,-0.0959,0.2398,-0.0057,0.5983,,,gnm_closed_loop,0.2,-0.0959,True,382,/World/Hospital/SM_ReceptionDesk_01a_46/SM_ReceptionDesk_01a,hospital_h2_collection,,collector=topdown_incumbent_diagnostic;difficulty=occluded_corridor,,,,,,,False,h2_corridor_I,6.2289,True,0.9591,-0.0959,0.2,-0.0959,True,armed,False,
h2_td_I_r_20260709_193556,192,12.916667,1783623178.981294,2.228925,2.486578,0.041106,-3.141589,0.2,-0.0959,0.001107,-0.006531,camera_link,12.916667,gnm_closed_loop,,nominal,,True,ok,checkpoints/scene_holdout_mnv2_baseline/best.pt,4.5,0.9591,-0.0959,0.2398,-0.0057,0.5983,,,gnm_closed_loop,0.2,-0.0959,True,384,/World/Hospital/SM_ReceptionDesk_01a_46/SM_ReceptionDesk_01a,hospital_h2_collection,,collector=topdown_incumbent_diagnostic;difficulty=occluded_corridor,,,,,,,False,h2_corridor_I,6.2289,True,0.9591,-0.0959,0.2,-0.0959,True,armed,False,
h2_td_I_r_20260709_193556,193,12.933334,1783623178.983826,2.228919,2.486575,0.041111,3.14158,0.2,-0.0959,0.001107,-0.006531,camera_link,12.933334,gnm_closed_loop,,nominal,,True,ok,checkpoints/scene_holdout_mnv2_baseline/best.pt,4.5,0.9591,-0.0959,0.2398,-0.0057,0.5983,,,gnm_closed_loop,0.2,-0.0959,True,386,/World/Hospital/SM_ReceptionDesk_01a_46/SM_ReceptionDesk_01a,hospital_h2_collection,,collector=topdown_incumbent_diagnostic;difficulty=occluded_corridor,,,,,,,False,h2_corridor_I,6.2289,True,0.9591,-0.0959,0.2,-0.0959,True,armed,False,
h2_td_I_r_20260709_193556,194,12.950001,1783623178.986907,2.228917,2.486576,0.041111,3.141585,0.2,-0.0959,0.001107,-0.006531,camera_link,12.950001,gnm_closed_loop,,nominal,,True,ok,checkpoints/scene_holdout_mnv2_baseline/best.pt,4.5,0.9591,-0.0959,0.2398,-0.0057,0.5983,,,gnm_closed_loop,0.2,-0.0959,True,388,/World/Hospital/SM_ReceptionDesk_01a_46/SM_ReceptionDesk_01a,hospital_h2_collection,,collector=topdown_incumbent_diagnostic;difficulty=occluded_corridor,,,,,,,False,h2_corridor_I,6.2289,True,0.9591,-0.0959,0.2,-0.0959,True,armed,False,
h2_td_I_r_20260709_193556,195,12.966667,1783623188.197842,2.228923,2.486565,0.041097,3.141583,0.2,-0.0959,0.000863,-0.002549,camera_link,12.966667,gnm_closed_loop,,nominal,,True,ok,checkpoints/scene_holdout_mnv2_baseline/best.pt,4.16,0.9591,-0.0959,0.2398,-0.0057,0.5983,,,gnm_closed_loop,0.2,-0.0959,True,390,/World/Hospital/SM_ReceptionDesk_01a_46/SM_ReceptionDesk_01a,hospital_h2_collection,,collector=topdown_incumbent_diagnostic;difficulty=occluded_corridor,,,,,,,False,h2_corridor_I,6.2289,True,0.9591,-0.0959,0.2,-0.0959,True,armed,False,
h2_td_I_r_20260709_193556,196,12.983334,1783623188.200408,2.228921,2.486566,0.04111,3.141579,0.2,-0.0959,0.000863,-0.002549,camera_link,12.983334,gnm_closed_loop,,nominal,,True,ok,checkpoints/scene_holdout_mnv2_baseline/best.pt,4.16,0.9591,-0.0959,0.2398,-0.0057,0.5983,,,gnm_closed_loop,0.2,-0.0959,True,392,/World/Hospital/SM_ReceptionDesk_01a_46/SM_ReceptionDesk_01a,hospital_h2_collection,,collector=topdown_incumbent_diagnostic;difficulty=occluded_corridor,,,,,,,False,h2_corridor_I,6.2289,True,0.9591,-0.0959,0.2,-0.0959,True,armed,False,
h2_td_I_r_20260709_193556,197,13.000001,1783623188.20243,2.228931,2.486558,0.041098,-3.141592,0.2,-0.0959,0.000863,-0.002549,camera_link,13.000001,gnm_closed_loop,,nominal,,True,ok,checkpoints/scene_holdout_mnv2_baseline/best.pt,4.16,0.9591,-0.0959,0.2398,-0.0057,0.5983,,,gnm_closed_loop,0.2,-0.0959,True,394,/World/Hospital/SM_ReceptionDesk_01a_46/SM_ReceptionDesk_01a,hospital_h2_collection,,collector=topdown_incumbent_diagnostic;difficulty=occluded_corridor,,,,,,,False,h2_corridor_I,6.2289,True,0.9591,-0.0959,0.2,-0.0959,True,armed,False,
h2_td_I_r_20260709_193556,198,13.016667,1783623188.222159,2.228933,2.486567,0.041086,-3.141574,0.2,-0.0959,-0.00024,-0.001756,camera_link,13.016667,gnm_closed_loop,,nominal,,True,ok,checkpoints/scene_holdout_mnv2_baseline/best.pt,4.38,0.9591,-0.0959,0.2398,-0.0057,0.5983,,,gnm_closed_loop,0.2,-0.0959,True,396,/World/Hospital/SM_ReceptionDesk_01a_46/SM_ReceptionDesk_01a,hospital_h2_collection,,collector=topdown_incumbent_diagnostic;difficulty=occluded_corridor,,,,,,,False,h2_corridor_I,6.2289,True,0.9591,-0.0959,0.2,-0.0959,True,armed,False,
h2_td_I_r_20260709_193556,199,13.033334,1783623188.2246,2.228931,2.48656,0.041096,3.141585,0.2,-0.0959,-0.00024,-0.001756,camera_link,13.033334,gnm_closed_loop,,nominal,,True,ok,checkpoints/scene_holdout_mnv2_baseline/best.pt,4.38,0.9591,-0.0959,0.2398,-0.0057,0.5983,,,gnm_closed_loop,0.2,-0.0959,True,398,/World/Hospital/SM_ReceptionDesk_01a_46/SM_ReceptionDesk_01a,hospital_h2_collection,,collector=topdown_incumbent_diagnostic;difficulty=occluded_corridor,,,,,,,False,h2_corridor_I,6.2289,True,0.9591,-0.0959,0.2,-0.0959,True,armed,False,
h2_td_I_r_20260709_193556,200,13.050001,1783623188.226544,2.228933,2.48657,0.041092,-3.141583,0.2,-0.0959,-0.00024,-0.001756,camera_link,13.050001,gnm_closed_loop,,nominal,,True,ok,checkpoints/scene_holdout_mnv2_baseline/best.pt,4.38,0.9591,-0.0959,0.2398,-0.0057,0.5983,,,gnm_closed_loop,0.2,-0.0959,True,400,/World/Hospital/SM_ReceptionDesk_01a_46/SM_ReceptionDesk_01a,hospital_h2_collection,,collector=topdown_incumbent_diagnostic;difficulty=occluded_corridor,,,,,,,False,h2_corridor_I,6.2289,True,0.9591,-0.0959,0.2,-0.0959,True,armed,False,
h2_td_I_r_20260709_193556,201,13.066667,1783623191.271806,2.228925,2.486569,0.041102,-3.14159,0.2,-0.0959,-0.0043,-0.005701,camera_link,13.066667,gnm_closed_loop,,nominal,,True,ok,checkpoints/scene_holdout_mnv2_baseline/best.pt,4.62,0.9591,-0.0959,0.2398,-0.0057,0.5983,,,gnm_closed_loop,0.2,-0.0959,True,402,/World/Hospital/SM_ReceptionDesk_01a_46/SM_ReceptionDesk_01a,hospital_h2_collection,,collector=topdown_incumbent_diagnostic;difficulty=occluded_corridor,,,,,,,False,h2_corridor_I,6.2289,True,0.9591,-0.0959,0.2,-0.0959,True,armed,False,
h2_td_I_r_20260709_193556,202,13.083334,1783623191.274109,2.22893,2.486561,0.041087,-3.14159,0.2,-0.0959,-0.0043,-0.005701,camera_link,13.083334,gnm_closed_loop,,nominal,,True,ok,checkpoints/scene_holdout_mnv2_baseline/best.pt,4.62,0.9591,-0.0959,0.2398,-0.0057,0.5983,,,gnm_closed_loop,0.2,-0.0959,True,404,/World/Hospital/SM_ReceptionDesk_01a_46/SM_ReceptionDesk_01a,hospital_h2_collection,,collector=topdown_incumbent_diagnostic;difficulty=occluded_corridor,,,,,,,False,h2_corridor_I,6.2289,True,0.9591,-0.0959,0.2,-0.0959,True,armed,False,
h2_td_I_r_20260709_193556,203,13.100001,1783623191.275955,2.228931,2.486554,0.041087,3.141587,0.2,-0.0959,-0.0043,-0.005701,camera_link,13.100001,gnm_closed_loop,,nominal,,True,ok,checkpoints/scene_holdout_mnv2_baseline/best.pt,4.62,0.9591,-0.0959,0.2398,-0.0057,0.5983,,,gnm_closed_loop,0.2,-0.0959,True,406,/World/Hospital/SM_ReceptionDesk_01a_46/SM_ReceptionDesk_01a,hospital_h2_collection,,collector=topdown_incumbent_diagnostic;difficulty=occluded_corridor,,,,,,,False,h2_corridor_I,6.2289,True,0.9591,-0.0959,0.2,-0.0959,True,armed,False,
h2_td_I_r_20260709_193556,204,13.116667,1783623191.295327,2.228932,2.486559,0.041088,-3.141585,0.2,-0.0959,0.000273,0.007601,camera_link,13.116667,gnm_closed_loop,,nominal,,True,ok,checkpoints/scene_holdout_mnv2_baseline/best.pt,4.62,0.9591,-0.0959,0.2398,-0.0057,0.5983,,,gnm_closed_loop,0.2,-0.0959,True,408,/World/Hospital/SM_ReceptionDesk_01a_46/SM_ReceptionDesk_01a,hospital_h2_collection,,collector=topdown_incumbent_diagnostic;difficulty=occluded_corridor,,,,,,,False,h2_corridor_I,6.2289,True,0.9591,-0.0959,0.2,-0.0959,True,armed,False,
h2_td_I_r_20260709_193556,205,13.133334,1783623191.29919,2.22893,2.486556,0.04109,-3.141588,0.2,-0.0959,0.000273,0.007601,camera_link,13.133334,gnm_closed_loop,,nominal,,True,ok,checkpoints/scene_holdout_mnv2_baseline/best.pt,4.62,0.9591,-0.0959,0.2398,-0.0057,0.5983,,,gnm_closed_loop,0.2,-0.0959,True,410,/World/Hospital/SM_ReceptionDesk_01a_46/SM_ReceptionDesk_01a,hospital_h2_collection,,collector=topdown_incumbent_diagnostic;difficulty=occluded_corridor,,,,,,,False,h2_corridor_I,6.2289,True,0.9591,-0.0959,0.2,-0.0959,True,armed,False,
h2_td_I_r_20260709_193556,206,13.150001,1783623191.303657,2.228932,2.486561,0.041087,-3.141591,0.2,-0.0959,0.000273,0.007601,camera_link,13.150001,gnm_closed_loop,,nominal,,True,ok,checkpoints/scene_holdout_mnv2_baseline/best.pt,4.62,0.9591,-0.0959,0.2398,-0.0057,0.5983,,,gnm_closed_loop,0.2,-0.0959,True,412,/World/Hospital/SM_ReceptionDesk_01a_46/SM_ReceptionDesk_01a,hospital_h2_collection,,collector=topdown_incumbent_diagnostic;difficulty=occluded_corridor,,,,,,,False,h2_corridor_I,6.2289,True,0.9591,-0.0959,0.2,-0.0959,True,armed,False,
h2_td_I_r_20260709_193556,207,13.166667,1783623200.484613,2.228939,2.486562,0.041093,-3.141581,0.2,-0.0959,0.001411,0.005159,camera_link,13.166667,gnm_closed_loop,,nominal,,True,ok,checkpoints/scene_holdout_mnv2_baseline/best.pt,4.01,0.9591,-0.0959,0.2398,-0.0057,0.5983,,,gnm_closed_loop,0.2,-0.0959,True,414,/World/Hospital/SM_ReceptionDesk_01a_46/SM_ReceptionDesk_01a,hospital_h2_collection,,collector=topdown_incumbent_diagnostic;difficulty=occluded_corridor,,,,,,,False,h2_corridor_I,6.229,True,0.9591,-0.0959,0.2,-0.0959,True,armed,False,
h2_td_I_r_20260709_193556,208,13.183334,1783623200.487027,2.228937,2.486557,0.041091,3.14159,0.2,-0.0959,0.001411,0.005159,camera_link,13.183334,gnm_closed_loop,,nominal,,True,ok,checkpoints/scene_holdout_mnv2_baseline/best.pt,4.01,0.9591,-0.0959,0.2398,-0.0057,0.5983,,,gnm_closed_loop,0.2,-0.0959,True,416,/World/Hospital/SM_ReceptionDesk_01a_46/SM_ReceptionDesk_01a,hospital_h2_collection,,collector=topdown_incumbent_diagnostic;difficulty=occluded_corridor,,,,,,,False,h2_corridor_I,6.229,True,0.9591,-0.0959,0.2,-0.0959,True,armed,False,
h2_td_I_r_20260709_193556,209,13.200001,1783623200.49017,2.228939,2.486557,0.041092,3.141592,0.2,-0.0959,0.001411,0.005159,camera_link,13.200001,gnm_closed_loop,,nominal,,True,ok,checkpoints/scene_holdout_mnv2_baseline/best.pt,4.01,0.9591,-0.0959,0.2398,-0.0057,0.5983,,,gnm_closed_loop,0.2,-0.0959,True,418,/World/Hospital/SM_ReceptionDesk_01a_46/SM_ReceptionDesk_01a,hospital_h2_collection,,collector=topdown_incumbent_diagnostic;difficulty=occluded_corridor,,,,,,,False,h2_corridor_I,6.229,True,0.9591,-0.0959,0.2,-0.0959,True,armed,False,
h2_td_I_r_20260709_193556,210,13.216667,1783623206.628983,2.228932,2.486552,0.041088,3.141589,0.2,-0.0959,-0.000771,-0.002301,camera_link,13.216667,gnm_closed_loop,,nominal,,True,ok,checkpoints/scene_holdout_mnv2_baseline/best.pt,4.47,0.9591,-0.0959,0.2398,-0.0057,0.5983,,,gnm_closed_loop,0.2,-0.0959,True,420,/World/Hospital/SM_ReceptionDesk_01a_46/SM_ReceptionDesk_01a,hospital_h2_collection,,collector=topdown_incumbent_diagnostic;difficulty=occluded_corridor,,,,,,,False,h2_corridor_I,6.2289,True,0.9591,-0.0959,0.2,-0.0959,True,armed,False,
h2_td_I_r_20260709_193556,211,13.233334,1783623206.631454,2.228934,2.486563,0.041091,-3.141591,0.2,-0.0959,-0.000771,-0.002301,camera_link,13.233334,gnm_closed_loop,,nominal,,True,ok,checkpoints/scene_holdout_mnv2_baseline/best.pt,4.47,0.9591,-0.0959,0.2398,-0.0057,0.5983,,,gnm_closed_loop,0.2,-0.0959,True,422,/World/Hospital/SM_ReceptionDesk_01a_46/SM_ReceptionDesk_01a,hospital_h2_collection,,collector=topdown_incumbent_diagnostic;difficulty=occluded_corridor,,,,,,,False,h2_corridor_I,6.2289,True,0.9591,-0.0959,0.2,-0.0959,True,armed,False,
h2_td_I_r_20260709_193556,212,13.250001,1783623206.633442,2.228936,2.486561,0.041099,3.141589,0.2,-0.0959,-0.000771,-0.002301,camera_link,13.250001,gnm_closed_loop,,nominal,,True,ok,checkpoints/scene_holdout_mnv2_baseline/best.pt,4.47,0.9591,-0.0959,0.2398,-0.0057,0.5983,,,gnm_closed_loop,0.2,-0.0959,True,424,/World/Hospital/SM_ReceptionDesk_01a_46/SM_ReceptionDesk_01a,hospital_h2_collection,,collector=topdown_incumbent_diagnostic;difficulty=occluded_corridor,,,,,,,False,h2_corridor_I,6.229,True,0.9591,-0.0959,0.2,-0.0959,True,armed,False,
h2_td_I_r_20260709_193556,213,13.266667,1783623209.700363,2.228924,2.486557,0.041094,-3.141591,0.2,-0.0959,-0.000171,0.00433,camera_link,13.266667,gnm_closed_loop,,nominal,,True,ok,checkpoints/scene_holdout_mnv2_baseline/best.pt,4.4,0.9591,-0.0959,0.2398,-0.0057,0.5983,,,gnm_closed_loop,0.2,-0.0959,True,426,/World/Hospital/SM_ReceptionDesk_01a_46/SM_ReceptionDesk_01a,hospital_h2_collection,,collector=topdown_incumbent_diagnostic;difficulty=occluded_corridor,,,,,,,False,h2_corridor_I,6.2289,True,0.9591,-0.0959,0.2,-0.0959,True,armed,False,
h2_td_I_r_20260709_193556,214,13.283334,1783623209.70331,2.228931,2.486562,0.0411,-3.141593,0.2,-0.0959,-0.000171,0.00433,camera_link,13.283334,gnm_closed_loop,,nominal,,True,ok,checkpoints/scene_holdout_mnv2_baseline/best.pt,4.4,0.9591,-0.0959,0.2398,-0.0057,0.5983,,,gnm_closed_loop,0.2,-0.0959,True,428,/World/Hospital/SM_ReceptionDesk_01a_46/SM_ReceptionDesk_01a,hospital_h2_collection,,collector=topdown_incumbent_diagnostic;difficulty=occluded_corridor,,,,,,,False,h2_corridor_I,6.2289,True,0.9591,-0.0959,0.2,-0.0959,True,armed,False,
h2_td_I_r_20260709_193556,215,13.300001,1783623209.706016,2.22893,2.486557,0.041087,-3.141592,0.2,-0.0959,-0.000171,0.00433,camera_link,13.300001,gnm_closed_loop,,nominal,,True,ok,checkpoints/scene_holdout_mnv2_baseline/best.pt,4.4,0.9591,-0.0959,0.2398,-0.0057,0.5983,,,gnm_closed_loop,0.2,-0.0959,True,430,/World/Hospital/SM_ReceptionDesk_01a_46/SM_ReceptionDesk_01a,hospital_h2_collection,,collector=topdown_incumbent_diagnostic;difficulty=occluded_corridor,,,,,,,False,h2_corridor_I,6.2289,True,0.9591,-0.0959,0.2,-0.0959,True,armed,False,
h2_td_I_r_20260709_193556,216,13.316667,1783623221.988807,2.228932,2.486547,0.041087,3.141583,0.2,-0.0959,-0.000984,-0.001474,camera_link,13.316667,gnm_closed_loop,,nominal,,True,ok,checkpoints/scene_holdout_mnv2_baseline/best.pt,4.33,0.9591,-0.0959,0.2398,-0.0057,0.5983,,,gnm_closed_loop,0.2,-0.0959,True,432,/World/Hospital/SM_ReceptionDesk_01a_46/SM_ReceptionDesk_01a,hospital_h2_collection,,collector=topdown_incumbent_diagnostic;difficulty=occluded_corridor,,,,,,,False,h2_corridor_I,6.2289,True,0.9591,-0.0959,0.2,-0.0959,True,armed,False,
h2_td_I_r_20260709_193556,217,13.333334,1783623221.992521,2.228937,2.486546,0.041105,3.141584,0.2,-0.0959,-0.000984,-0.001474,camera_link,13.333334,gnm_closed_loop,,nominal,,True,ok,checkpoints/scene_holdout_mnv2_baseline/best.pt,4.33,0.9591,-0.0959,0.2398,-0.0057,0.5983,,,gnm_closed_loop,0.2,-0.0959,True,434,/World/Hospital/SM_ReceptionDesk_01a_46/SM_ReceptionDesk_01a,hospital_h2_collection,,collector=topdown_incumbent_diagnostic;difficulty=occluded_corridor,,,,,,,False,h2_corridor_I,6.229,True,0.9591,-0.0959,0.2,-0.0959,True,armed,False,
h2_td_I_r_20260709_193556,218,13.350001,1783623221.995053,2.228926,2.486545,0.0411,3.141583,0.2,-0.0959,-0.000984,-0.001474,camera_link,13.350001,gnm_closed_loop,,nominal,,True,ok,checkpoints/scene_holdout_mnv2_baseline/best.pt,4.33,0.9591,-0.0959,0.2398,-0.0057,0.5983,,,gnm_closed_loop,0.2,-0.0959,True,436,/World/Hospital/SM_ReceptionDesk_01a_46/SM_ReceptionDesk_01a,hospital_h2_collection,,collector=topdown_incumbent_diagnostic;difficulty=occluded_corridor,,,,,,,False,h2_corridor_I,6.2289,True,0.9591,-0.0959,0.2,-0.0959,True,armed,False,
h2_td_I_r_20260709_193556,219,13.366667,1783623228.134287,2.228932,2.486558,0.041091,-3.141586,0.2,-0.0959,-0.001053,-0.002707,camera_link,13.366667,gnm_closed_loop,,nominal,,True,ok,checkpoints/scene_holdout_mnv2_baseline/best.pt,4.56,0.9591,-0.0959,0.2398,-0.0057,0.5983,,,gnm_closed_loop,0.2,-0.0959,True,438,/World/Hospital/SM_ReceptionDesk_01a_46/SM_ReceptionDesk_01a,hospital_h2_collection,,collector=topdown_incumbent_diagnostic;difficulty=occluded_corridor,,,,,,,False,h2_corridor_I,6.2289,True,0.9591,-0.0959,0.2,-0.0959,True,armed,False,
h2_td_I_r_20260709_193556,220,13.383334,1783623228.136734,2.228928,2.486553,0.041102,-3.141591,0.2,-0.0959,-0.001053,-0.002707,camera_link,13.383334,gnm_closed_loop,,nominal,,True,ok,checkpoints/scene_holdout_mnv2_baseline/best.pt,4.56,0.9591,-0.0959,0.2398,-0.0057,0.5983,,,gnm_closed_loop,0.2,-0.0959,True,440,/World/Hospital/SM_ReceptionDesk_01a_46/SM_ReceptionDesk_01a,hospital_h2_collection,,collector=topdown_incumbent_diagnostic;difficulty=occluded_corridor,,,,,,,False,h2_corridor_I,6.2289,True,0.9591,-0.0959,0.2,-0.0959,True,armed,False,
h2_td_I_r_20260709_193556,221,13.400001,1783623228.139089,2.22893,2.486552,0.041085,-3.141592,0.2,-0.0959,-0.001053,-0.002707,camera_link,13.400001,gnm_closed_loop,,nominal,,True,ok,checkpoints/scene_holdout_mnv2_baseline/best.pt,4.56,0.9591,-0.0959,0.2398,-0.0057,0.5983,,,gnm_closed_loop,0.2,-0.0959,True,442,/World/Hospital/SM_ReceptionDesk_01a_46/SM_ReceptionDesk_01a,hospital_h2_collection,,collector=topdown_incumbent_diagnostic;difficulty=occluded_corridor,,,,,,,False,h2_corridor_I,6.2289,True,0.9591,-0.0959,0.2,-0.0959,True,armed,False,
h2_td_I_r_20260709_193556,222,13.416667,1783623237.352623,2.228927,2.486548,0.041094,3.141587,0.2,-0.0959,-0.001935,-0.002962,camera_link,13.416667,gnm_closed_loop,,nominal,,True,ok,checkpoints/scene_holdout_mnv2_baseline/best.pt,4.02,0.9591,-0.0959,0.2398,-0.0057,0.5983,,,gnm_closed_loop,0.2,-0.0959,True,444,/World/Hospital/SM_ReceptionDesk_01a_46/SM_ReceptionDesk_01a,hospital_h2_collection,,collector=topdown_incumbent_diagnostic;difficulty=occluded_corridor,,,,,,,False,h2_corridor_I,6.2289,True,0.9591,-0.0959,0.2,-0.0959,True,armed,False,
h2_td_I_r_20260709_193556,223,13.433334,1783623237.355655,2.228934,2.486558,0.041093,-3.14158,0.2,-0.0959,-0.001935,-0.002962,camera_link,13.433334,gnm_closed_loop,,nominal,,True,ok,checkpoints/scene_holdout_mnv2_baseline/best.pt,4.02,0.9591,-0.0959,0.2398,-0.0057,0.5983,,,gnm_closed_loop,0.2,-0.0959,True,446,/World/Hospital/SM_ReceptionDesk_01a_46/SM_ReceptionDesk_01a,hospital_h2_collection,,collector=topdown_incumbent_diagnostic;difficulty=occluded_corridor,,,,,,,False,h2_corridor_I,6.2289,True,0.9591,-0.0959,0.2,-0.0959,True,armed,False,
h2_td_I_r_20260709_193556,224,13.450001,1783623237.357534,2.228931,2.486545,0.041085,-3.141591,0.2,-0.0959,-0.001935,-0.002962,camera_link,13.450001,gnm_closed_loop,,nominal,,True,ok,checkpoints/scene_holdout_mnv2_baseline/best.pt,4.02,0.9591,-0.0959,0.2398,-0.0057,0.5983,,,gnm_closed_loop,0.2,-0.0959,True,448,/World/Hospital/SM_ReceptionDesk_01a_46/SM_ReceptionDesk_01a,hospital_h2_collection,,collector=topdown_incumbent_diagnostic;difficulty=occluded_corridor,,,,,,,False,h2_corridor_I,6.2289,True,0.9591,-0.0959,0.2,-0.0959,True,armed,False,
h2_td_I_r_20260709_193556,225,13.466667,1783623237.375338,2.228934,2.486544,0.041088,-3.141592,0.2,-0.0959,-0.000325,-0.003622,camera_link,13.466667,gnm_closed_loop,,nominal,,True,ok,checkpoints/scene_holdout_mnv2_baseline/best.pt,4.01,0.9591,-0.0959,0.2398,-0.0057,0.5983,,,gnm_closed_loop,0.2,-0.0959,True,450,/World/Hospital/SM_ReceptionDesk_01a_46/SM_ReceptionDesk_01a,hospital_h2_collection,,collector=topdown_incumbent_diagnostic;difficulty=occluded_corridor,,,,,,,False,h2_corridor_I,6.2289,True,0.9591,-0.0959,0.2,-0.0959,True,armed,False,
h2_td_I_r_20260709_193556,226,13.483334,1783623237.378978,2.228946,2.486533,0.041121,-3.141585,0.2,-0.0959,-0.000325,-0.003622,camera_link,13.483334,gnm_closed_loop,,nominal,,True,ok,checkpoints/scene_holdout_mnv2_baseline/best.pt,4.01,0.9591,-0.0959,0.2398,-0.0057,0.5983,,,gnm_closed_loop,0.2,-0.0959,True,452,/World/Hospital/SM_ReceptionDesk_01a_46/SM_ReceptionDesk_01a,hospital_h2_collection,,collector=topdown_incumbent_diagnostic;difficulty=occluded_corridor,,,,,,,False,h2_corridor_I,6.229,True,0.9591,-0.0959,0.2,-0.0959,True,armed,False,
h2_td_I_r_20260709_193556,227,13.500001,1783623237.38199,2.228941,2.486547,0.041096,-3.141591,0.2,-0.0959,-0.000325,-0.003622,camera_link,13.500001,gnm_closed_loop,,nominal,,True,ok,checkpoints/scene_holdout_mnv2_baseline/best.pt,4.01,0.9591,-0.0959,0.2398,-0.0057,0.5983,,,gnm_closed_loop,0.2,-0.0959,True,454,/World/Hospital/SM_ReceptionDesk_01a_46/SM_ReceptionDesk_01a,hospital_h2_collection,,collector=topdown_incumbent_diagnostic;difficulty=occluded_corridor,,,,,,,False,h2_corridor_I,6.229,True,0.9591,-0.0959,0.2,-0.0959,True,armed,False,
h2_td_I_r_20260709_193556,228,13.516667,1783623240.423464,2.228933,2.486542,0.0411,-3.141591,0.2,-0.0959,0.000103,-0.003242,camera_link,13.516667,gnm_closed_loop,,nominal,,True,ok,checkpoints/scene_holdout_mnv2_baseline/best.pt,4.56,0.9591,-0.0959,0.2398,-0.0057,0.5983,,,gnm_closed_loop,0.2,-0.0959,True,456,/World/Hospital/SM_ReceptionDesk_01a_46/SM_ReceptionDesk_01a,hospital_h2_collection,,collector=topdown_incumbent_diagnostic;difficulty=occluded_corridor,,,,,,,False,h2_corridor_I,6.2289,True,0.9591,-0.0959,0.2,-0.0959,True,armed,False,
h2_td_I_r_20260709_193556,229,13.533334,1783623240.42575,2.228926,2.486538,0.041099,-3.141589,0.2,-0.0959,0.000103,-0.003242,camera_link,13.533334,gnm_closed_loop,,nominal,,True,ok,checkpoints/scene_holdout_mnv2_baseline/best.pt,4.56,0.9591,-0.0959,0.2398,-0.0057,0.5983,,,gnm_closed_loop,0.2,-0.0959,True,458,/World/Hospital/SM_ReceptionDesk_01a_46/SM_ReceptionDesk_01a,hospital_h2_collection,,collector=topdown_incumbent_diagnostic;difficulty=occluded_corridor,,,,,,,False,h2_corridor_I,6.2289,True,0.9591,-0.0959,0.2,-0.0959,True,armed,False,
h2_td_I_r_20260709_193556,230,13.550001,1783623240.428246,2.228934,2.48655,0.041093,-3.141579,0.2,-0.0959,0.000103,-0.003242,camera_link,13.550001,gnm_closed_loop,,nominal,,True,ok,checkpoints/scene_holdout_mnv2_baseline/best.pt,4.56,0.9591,-0.0959,0.2398,-0.0057,0.5983,,,gnm_closed_loop,0.2,-0.0959,True,460,/World/Hospital/SM_ReceptionDesk_01a_46/SM_ReceptionDesk_01a,hospital_h2_collection,,collector=topdown_incumbent_diagnostic;difficulty=occluded_corridor,,,,,,,False,h2_corridor_I,6.2289,True,0.9591,-0.0959,0.2,-0.0959,True,armed,False,
h2_td_I_r_20260709_193556,231,13.566667,1783623246.564918,2.228944,2.486542,0.041113,3.141587,0.2,-0.0959,-0.000309,0.001621,camera_link,13.566667,gnm_closed_loop,,nominal,,True,ok,checkpoints/scene_holdout_mnv2_baseline/best.pt,4.15,0.9591,-0.0959,0.2398,-0.0057,0.5983,,,gnm_closed_loop,0.2,-0.0959,True,462,/World/Hospital/SM_ReceptionDesk_01a_46/SM_ReceptionDesk_01a,hospital_h2_collection,,collector=topdown_incumbent_diagnostic;difficulty=occluded_corridor,,,,,,,False,h2_corridor_I,6.229,True,0.9591,-0.0959,0.2,-0.0959,True,armed,False,
