episode_id,step_idx,sim_time,wall_time,robot_position_x,robot_position_y,robot_position_z,robot_yaw,linear_velocity_cmd,angular_velocity_cmd,odom_linear_velocity,odom_angular_velocity,camera_frame_id,image_timestamp,policy_mode,stop_signal,safety_state,notes,shadow_gnm_enabled,shadow_gnm_status,shadow_gnm_model_path,shadow_gnm_latency_ms,shadow_gnm_candidate_linear_velocity,shadow_gnm_candidate_angular_velocity,shadow_gnm_candidate_waypoint_x,shadow_gnm_candidate_waypoint_y,shadow_gnm_goal_distance,shadow_gnm_confidence,shadow_gnm_error,actual_controller,actual_linear_velocity_cmd,actual_angular_velocity_cmd,collision_detected,collision_count_so_far,collision_body,experiment_id,pair_id,condition,stop_rule_name,stop_rule_threshold,stop_rule_k,stop_rule_ratio,initial_predicted_distance,normalized_predicted_distance,stop_triggered,goal_id,distance_to_goal_m,gnm_control_enabled,gnm_action_raw_linear_velocity,gnm_action_raw_angular_velocity,gnm_action_clipped_linear_velocity,gnm_action_clipped_angular_velocity,action_clipped,watchdog_state,emergency_stop_triggered,stop_reason
livefinal_low_curvature_20260708_180949,0,9.716667,1783530591.917378,2.000264,-2.000266,-0.0,2.355988,0.2,-0.0334,-0.000187,0.005598,camera_link,9.716667,gnm_closed_loop,,nominal,,True,ok,checkpoints/ablation_mnv2_baseline/best.pt,4.35,0.4368,-0.0334,0.1092,-0.0009,0.3319,,,gnm_closed_loop,0.2,-0.0334,False,0,,isaac_live_final_20260708,,selected_baseline_live,,,,,,,False,hospital_goal_C,3.0245,True,0.4368,-0.0334,0.2,-0.0334,True,armed,False,
livefinal_low_curvature_20260708_180949,1,9.733334,1783530591.920064,1.999237,-1.99925,0.0,2.356493,0.2,-0.0334,-0.000187,0.005598,camera_link,9.733334,gnm_closed_loop,,nominal,,True,ok,checkpoints/ablation_mnv2_baseline/best.pt,4.35,0.4368,-0.0334,0.1092,-0.0009,0.3319,,,gnm_closed_loop,0.2,-0.0334,False,0,,isaac_live_final_20260708,,selected_baseline_live,,,,,,,False,hospital_goal_C,3.0231,True,0.4368,-0.0334,0.2,-0.0334,True,armed,False,
livefinal_low_curvature_20260708_180949,2,9.750001,1783530591.922091,1.997383,-1.997402,1e-06,2.35649,0.2,-0.0334,-0.000187,0.005598,camera_link,9.750001,gnm_closed_loop,,nominal,,True,ok,checkpoints/ablation_mnv2_baseline/best.pt,4.35,0.4368,-0.0334,0.1092,-0.0009,0.3319,,,gnm_closed_loop,0.2,-0.0334,False,0,,isaac_live_final_20260708,,selected_baseline_live,,,,,,,False,hospital_goal_C,3.0205,True,0.4368,-0.0334,0.2,-0.0334,True,armed,False,
livefinal_low_curvature_20260708_180949,3,9.766667,1783530591.939118,1.995129,-1.99515,-0.0,2.35649,0.2,-0.0334,0.197245,0.001161,camera_link,9.766667,gnm_closed_loop,,nominal,,True,ok,checkpoints/ablation_mnv2_baseline/best.pt,4.75,0.4314,-0.0334,0.1079,-0.0009,0.3303,,,gnm_closed_loop,0.2,-0.0334,False,0,,isaac_live_final_20260708,,selected_baseline_live,,,,,,,False,hospital_goal_C,3.0174,True,0.4314,-0.0334,0.2,-0.0334,True,armed,False,
livefinal_low_curvature_20260708_180949,4,9.783334,1783530591.941477,1.992791,-1.992813,-0.0,2.356488,0.2,-0.0334,0.197245,0.001161,camera_link,9.783334,gnm_closed_loop,,nominal,,True,ok,checkpoints/ablation_mnv2_baseline/best.pt,4.75,0.4314,-0.0334,0.1079,-0.0009,0.3303,,,gnm_closed_loop,0.2,-0.0334,False,0,,isaac_live_final_20260708,,selected_baseline_live,,,,,,,False,hospital_goal_C,3.0141,True,0.4314,-0.0334,0.2,-0.0334,True,armed,False,
livefinal_low_curvature_20260708_180949,5,9.800001,1783530591.943479,1.990441,-1.990464,-0.0,2.356488,0.2,-0.0334,0.197245,0.001161,camera_link,9.800001,gnm_closed_loop,,nominal,,True,ok,checkpoints/ablation_mnv2_baseline/best.pt,4.75,0.4314,-0.0334,0.1079,-0.0009,0.3303,,,gnm_closed_loop,0.2,-0.0334,False,0,,isaac_live_final_20260708,,selected_baseline_live,,,,,,,False,hospital_goal_C,3.0108,True,0.4314,-0.0334,0.2,-0.0334,True,armed,False,
livefinal_low_curvature_20260708_180949,6,9.816667,1783530591.959093,1.988089,-1.988114,-0.0,2.356486,0.2,-0.0325,0.199801,0.001738,camera_link,9.816667,gnm_closed_loop,,nominal,,True,ok,checkpoints/ablation_mnv2_baseline/best.pt,4.21,0.4368,-0.0325,0.1092,-0.0009,0.3328,,,gnm_closed_loop,0.2,-0.0325,False,0,,isaac_live_final_20260708,,selected_baseline_live,,,,,,,False,hospital_goal_C,3.0075,True,0.4368,-0.0325,0.2,-0.0325,True,armed,False,
livefinal_low_curvature_20260708_180949,7,9.833334,1783530591.961343,1.985738,-1.985764,-0.0,2.356485,0.2,-0.0325,0.199801,0.001738,camera_link,9.833334,gnm_closed_loop,,nominal,,True,ok,checkpoints/ablation_mnv2_baseline/best.pt,4.21,0.4368,-0.0325,0.1092,-0.0009,0.3328,,,gnm_closed_loop,0.2,-0.0325,False,0,,isaac_live_final_20260708,,selected_baseline_live,,,,,,,False,hospital_goal_C,3.0042,True,0.4368,-0.0325,0.2,-0.0325,True,armed,False,
livefinal_low_curvature_20260708_180949,8,9.850001,1783530591.96393,1.983386,-1.983414,-0.0,2.356485,0.2,-0.0325,0.199801,0.001738,camera_link,9.850001,gnm_closed_loop,,nominal,,True,ok,checkpoints/ablation_mnv2_baseline/best.pt,4.21,0.4368,-0.0325,0.1092,-0.0009,0.3328,,,gnm_closed_loop,0.2,-0.0325,False,0,,isaac_live_final_20260708,,selected_baseline_live,,,,,,,False,hospital_goal_C,3.0009,True,0.4368,-0.0325,0.2,-0.0325,True,armed,False,
livefinal_low_curvature_20260708_180949,9,9.866667,1783530591.979016,1.981035,-1.981064,-0.0,2.356483,0.2,-0.0331,0.199808,0.001725,camera_link,9.866667,gnm_closed_loop,,nominal,,True,ok,checkpoints/ablation_mnv2_baseline/best.pt,4.57,0.4485,-0.0331,0.1121,-0.0009,0.3357,,,gnm_closed_loop,0.2,-0.0331,False,0,,isaac_live_final_20260708,,selected_baseline_live,,,,,,,False,hospital_goal_C,2.9976,True,0.4485,-0.0331,0.2,-0.0331,True,armed,False,
livefinal_low_curvature_20260708_180949,10,9.883334,1783530591.982827,1.978683,-1.978714,-0.0,2.356482,0.2,-0.0331,0.199808,0.001725,camera_link,9.883334,gnm_closed_loop,,nominal,,True,ok,checkpoints/ablation_mnv2_baseline/best.pt,4.57,0.4485,-0.0331,0.1121,-0.0009,0.3357,,,gnm_closed_loop,0.2,-0.0331,False,0,,isaac_live_final_20260708,,selected_baseline_live,,,,,,,False,hospital_goal_C,2.9943,True,0.4485,-0.0331,0.2,-0.0331,True,armed,False,
livefinal_low_curvature_20260708_180949,11,9.900001,1783530591.98482,1.976332,-1.976364,-0.0,2.356481,0.2,-0.0331,0.199808,0.001725,camera_link,9.900001,gnm_closed_loop,,nominal,,True,ok,checkpoints/ablation_mnv2_baseline/best.pt,4.57,0.4485,-0.0331,0.1121,-0.0009,0.3357,,,gnm_closed_loop,0.2,-0.0331,False,0,,isaac_live_final_20260708,,selected_baseline_live,,,,,,,False,hospital_goal_C,2.991,True,0.4485,-0.0331,0.2,-0.0331,True,armed,False,
livefinal_low_curvature_20260708_180949,12,9.916667,1783530592.000277,1.97398,-1.974014,-0.0,2.35648,0.2,-0.0328,0.1998,0.002197,camera_link,9.916667,gnm_closed_loop,,nominal,,True,ok,checkpoints/ablation_mnv2_baseline/best.pt,4.43,0.4616,-0.0328,0.1154,-0.0009,0.3323,,,gnm_closed_loop,0.2,-0.0328,False,0,,isaac_live_final_20260708,,selected_baseline_live,,,,,,,False,hospital_goal_C,2.9877,True,0.4616,-0.0328,0.2,-0.0328,True,armed,False,
livefinal_low_curvature_20260708_180949,13,9.933334,1783530592.002558,1.971628,-1.971664,-0.0,2.356478,0.2,-0.0328,0.1998,0.002197,camera_link,9.933334,gnm_closed_loop,,nominal,,True,ok,checkpoints/ablation_mnv2_baseline/best.pt,4.43,0.4616,-0.0328,0.1154,-0.0009,0.3323,,,gnm_closed_loop,0.2,-0.0328,False,0,,isaac_live_final_20260708,,selected_baseline_live,,,,,,,False,hospital_goal_C,2.9844,True,0.4616,-0.0328,0.2,-0.0328,True,armed,False,
livefinal_low_curvature_20260708_180949,14,9.950001,1783530592.004521,1.969277,-1.969315,-0.0,2.356477,0.2,-0.0328,0.1998,0.002197,camera_link,9.950001,gnm_closed_loop,,nominal,,True,ok,checkpoints/ablation_mnv2_baseline/best.pt,4.43,0.4616,-0.0328,0.1154,-0.0009,0.3323,,,gnm_closed_loop,0.2,-0.0328,False,0,,isaac_live_final_20260708,,selected_baseline_live,,,,,,,False,hospital_goal_C,2.9811,True,0.4616,-0.0328,0.2,-0.0328,True,armed,False,
livefinal_low_curvature_20260708_180949,15,9.966667,1783530592.020863,1.966926,-1.966965,-0.0,2.356475,0.2,-0.0308,0.19982,0.000373,camera_link,9.966667,gnm_closed_loop,,nominal,,True,ok,checkpoints/ablation_mnv2_baseline/best.pt,4.51,0.4645,-0.0308,0.1161,-0.0009,0.3287,,,gnm_closed_loop,0.2,-0.0308,False,0,,isaac_live_final_20260708,,selected_baseline_live,,,,,,,False,hospital_goal_C,2.9778,True,0.4645,-0.0308,0.2,-0.0308,True,armed,False,
livefinal_low_curvature_20260708_180949,16,9.983334,1783530592.023483,1.964574,-1.964615,-0.0,2.356474,0.2,-0.0308,0.19982,0.000373,camera_link,9.983334,gnm_closed_loop,,nominal,,True,ok,checkpoints/ablation_mnv2_baseline/best.pt,4.51,0.4645,-0.0308,0.1161,-0.0009,0.3287,,,gnm_closed_loop,0.2,-0.0308,False,0,,isaac_live_final_20260708,,selected_baseline_live,,,,,,,False,hospital_goal_C,2.9745,True,0.4645,-0.0308,0.2,-0.0308,True,armed,False,
livefinal_low_curvature_20260708_180949,17,10.000001,1783530592.025673,1.962223,-1.962265,-0.0,2.356473,0.2,-0.0308,0.19982,0.000373,camera_link,10.000001,gnm_closed_loop,,nominal,,True,ok,checkpoints/ablation_mnv2_baseline/best.pt,4.51,0.4645,-0.0308,0.1161,-0.0009,0.3287,,,gnm_closed_loop,0.2,-0.0308,False,0,,isaac_live_final_20260708,,selected_baseline_live,,,,,,,False,hospital_goal_C,2.9712,True,0.4645,-0.0308,0.2,-0.0308,True,armed,False,
livefinal_low_curvature_20260708_180949,18,10.016667,1783530592.04161,1.959872,-1.959915,-0.0,2.356471,0.2,-0.0263,0.199856,0.002387,camera_link,10.016667,gnm_closed_loop,,nominal,,True,ok,checkpoints/ablation_mnv2_baseline/best.pt,4.05,0.4639,-0.0263,0.116,-0.0008,0.3267,,,gnm_closed_loop,0.2,-0.0263,False,0,,isaac_live_final_20260708,,selected_baseline_live,,,,,,,False,hospital_goal_C,2.9679,True,0.4639,-0.0263,0.2,-0.0263,True,armed,False,
livefinal_low_curvature_20260708_180949,19,10.033334,1783530592.044121,1.95752,-1.957565,-0.0,2.35647,0.2,-0.0263,0.199856,0.002387,camera_link,10.033334,gnm_closed_loop,,nominal,,True,ok,checkpoints/ablation_mnv2_baseline/best.pt,4.05,0.4639,-0.0263,0.116,-0.0008,0.3267,,,gnm_closed_loop,0.2,-0.0263,False,0,,isaac_live_final_20260708,,selected_baseline_live,,,,,,,False,hospital_goal_C,2.9646,True,0.4639,-0.0263,0.2,-0.0263,True,armed,False,
livefinal_low_curvature_20260708_180949,20,10.050001,1783530592.046047,1.955168,-1.955214,-0.0,2.356469,0.2,-0.0263,0.199856,0.002387,camera_link,10.050001,gnm_closed_loop,,nominal,,True,ok,checkpoints/ablation_mnv2_baseline/best.pt,4.05,0.4639,-0.0263,0.116,-0.0008,0.3267,,,gnm_closed_loop,0.2,-0.0263,False,0,,isaac_live_final_20260708,,selected_baseline_live,,,,,,,False,hospital_goal_C,2.9614,True,0.4639,-0.0263,0.2,-0.0263,True,armed,False,
livefinal_low_curvature_20260708_180949,21,10.066667,1783530592.061758,1.952816,-1.952864,-0.0,2.356467,0.2,-0.0252,0.199862,0.001746,camera_link,10.066667,gnm_closed_loop,,nominal,,True,ok,checkpoints/ablation_mnv2_baseline/best.pt,4.18,0.463,-0.0252,0.1157,-0.0007,0.3258,,,gnm_closed_loop,0.2,-0.0252,False,0,,isaac_live_final_20260708,,selected_baseline_live,,,,,,,False,hospital_goal_C,2.9581,True,0.463,-0.0252,0.2,-0.0252,True,armed,False,
livefinal_low_curvature_20260708_180949,22,10.083334,1783530592.064131,1.950464,-1.950514,-0.0,2.356466,0.2,-0.0252,0.199862,0.001746,camera_link,10.083334,gnm_closed_loop,,nominal,,True,ok,checkpoints/ablation_mnv2_baseline/best.pt,4.18,0.463,-0.0252,0.1157,-0.0007,0.3258,,,gnm_closed_loop,0.2,-0.0252,False,0,,isaac_live_final_20260708,,selected_baseline_live,,,,,,,False,hospital_goal_C,2.9548,True,0.463,-0.0252,0.2,-0.0252,True,armed,False,
livefinal_low_curvature_20260708_180949,23,10.100001,1783530592.066067,1.948111,-1.948164,-0.0,2.356465,0.2,-0.0252,0.199862,0.001746,camera_link,10.100001,gnm_closed_loop,,nominal,,True,ok,checkpoints/ablation_mnv2_baseline/best.pt,4.18,0.463,-0.0252,0.1157,-0.0007,0.3258,,,gnm_closed_loop,0.2,-0.0252,False,0,,isaac_live_final_20260708,,selected_baseline_live,,,,,,,False,hospital_goal_C,2.9515,True,0.463,-0.0252,0.2,-0.0252,True,armed,False,
livefinal_low_curvature_20260708_180949,24,10.116667,1783530592.087793,1.94576,-1.945813,-0.0,2.356464,0.2,-0.0275,0.199841,0.001227,camera_link,10.116667,gnm_closed_loop,,nominal,,True,ok,checkpoints/ablation_mnv2_baseline/best.pt,6.83,0.4589,-0.0275,0.1147,-0.0008,0.3247,,,gnm_closed_loop,0.2,-0.0275,False,0,,isaac_live_final_20260708,,selected_baseline_live,,,,,,,False,hospital_goal_C,2.9482,True,0.4589,-0.0275,0.2,-0.0275,True,armed,False,
livefinal_low_curvature_20260708_180949,25,10.133334,1783530592.091409,1.943408,-1.943463,-0.0,2.356463,0.2,-0.0275,0.199841,0.001227,camera_link,10.133334,gnm_closed_loop,,nominal,,True,ok,checkpoints/ablation_mnv2_baseline/best.pt,6.83,0.4589,-0.0275,0.1147,-0.0008,0.3247,,,gnm_closed_loop,0.2,-0.0275,False,0,,isaac_live_final_20260708,,selected_baseline_live,,,,,,,False,hospital_goal_C,2.9449,True,0.4589,-0.0275,0.2,-0.0275,True,armed,False,
livefinal_low_curvature_20260708_180949,26,10.150001,1783530592.094243,1.941057,-1.941113,-0.0,2.356463,0.2,-0.0275,0.199841,0.001227,camera_link,10.150001,gnm_closed_loop,,nominal,,True,ok,checkpoints/ablation_mnv2_baseline/best.pt,6.83,0.4589,-0.0275,0.1147,-0.0008,0.3247,,,gnm_closed_loop,0.2,-0.0275,False,0,,isaac_live_final_20260708,,selected_baseline_live,,,,,,,False,hospital_goal_C,2.9416,True,0.4589,-0.0275,0.2,-0.0275,True,armed,False,
livefinal_low_curvature_20260708_180949,27,10.166667,1783530592.112952,1.938706,-1.938763,-0.0,2.356462,0.2,-0.029,0.199821,0.001559,camera_link,10.166667,gnm_closed_loop,,nominal,,True,ok,checkpoints/ablation_mnv2_baseline/best.pt,5.76,0.4758,-0.029,0.1189,-0.0009,0.3254,,,gnm_closed_loop,0.2,-0.029,False,0,,isaac_live_final_20260708,,selected_baseline_live,,,,,,,False,hospital_goal_C,2.9383,True,0.4758,-0.029,0.2,-0.029,True,armed,False,
livefinal_low_curvature_20260708_180949,28,10.183334,1783530592.115763,1.936355,-1.936413,-0.0,2.356461,0.2,-0.029,0.199821,0.001559,camera_link,10.183334,gnm_closed_loop,,nominal,,True,ok,checkpoints/ablation_mnv2_baseline/best.pt,5.76,0.4758,-0.029,0.1189,-0.0009,0.3254,,,gnm_closed_loop,0.2,-0.029,False,0,,isaac_live_final_20260708,,selected_baseline_live,,,,,,,False,hospital_goal_C,2.935,True,0.4758,-0.029,0.2,-0.029,True,armed,False,
livefinal_low_curvature_20260708_180949,29,10.200001,1783530592.117868,1.934004,-1.934063,-0.0,2.35646,0.2,-0.029,0.199821,0.001559,camera_link,10.200001,gnm_closed_loop,,nominal,,True,ok,checkpoints/ablation_mnv2_baseline/best.pt,5.76,0.4758,-0.029,0.1189,-0.0009,0.3254,,,gnm_closed_loop,0.2,-0.029,False,0,,isaac_live_final_20260708,,selected_baseline_live,,,,,,,False,hospital_goal_C,2.9317,True,0.4758,-0.029,0.2,-0.029,True,armed,False,
livefinal_low_curvature_20260708_180949,30,10.216667,1783530592.136444,1.931652,-1.931713,-0.0,2.356459,0.2,-0.0302,0.199823,0.00149,camera_link,10.216667,gnm_closed_loop,,nominal,,True,ok,checkpoints/ablation_mnv2_baseline/best.pt,5.88,0.4772,-0.0302,0.1193,-0.0009,0.3282,,,gnm_closed_loop,0.2,-0.0302,False,0,,isaac_live_final_20260708,,selected_baseline_live,,,,,,,False,hospital_goal_C,2.9284,True,0.4772,-0.0302,0.2,-0.0302,True,armed,False,
livefinal_low_curvature_20260708_180949,31,10.233334,1783530592.138986,1.929301,-1.929363,-0.0,2.356458,0.2,-0.0302,0.199823,0.00149,camera_link,10.233334,gnm_closed_loop,,nominal,,True,ok,checkpoints/ablation_mnv2_baseline/best.pt,5.88,0.4772,-0.0302,0.1193,-0.0009,0.3282,,,gnm_closed_loop,0.2,-0.0302,False,0,,isaac_live_final_20260708,,selected_baseline_live,,,,,,,False,hospital_goal_C,2.9251,True,0.4772,-0.0302,0.2,-0.0302,True,armed,False,
livefinal_low_curvature_20260708_180949,32,10.250001,1783530592.140895,1.92695,-1.927013,-0.0,2.356456,0.2,-0.0302,0.199823,0.00149,camera_link,10.250001,gnm_closed_loop,,nominal,,True,ok,checkpoints/ablation_mnv2_baseline/best.pt,5.88,0.4772,-0.0302,0.1193,-0.0009,0.3282,,,gnm_closed_loop,0.2,-0.0302,False,0,,isaac_live_final_20260708,,selected_baseline_live,,,,,,,False,hospital_goal_C,2.9218,True,0.4772,-0.0302,0.2,-0.0302,True,armed,False,
livefinal_low_curvature_20260708_180949,33,10.266667,1783530592.161827,1.924599,-1.924663,-0.0,2.356455,0.2,-0.0334,0.19987,0.001584,camera_link,10.266667,gnm_closed_loop,,nominal,,True,ok,checkpoints/ablation_mnv2_baseline/best.pt,5.89,0.4825,-0.0334,0.1206,-0.001,0.3316,,,gnm_closed_loop,0.2,-0.0334,False,0,,isaac_live_final_20260708,,selected_baseline_live,,,,,,,False,hospital_goal_C,2.9185,True,0.4825,-0.0334,0.2,-0.0334,True,armed,False,
livefinal_low_curvature_20260708_180949,34,10.283334,1783530592.165736,1.922248,-1.922313,-0.0,2.356454,0.2,-0.0334,0.19987,0.001584,camera_link,10.283334,gnm_closed_loop,,nominal,,True,ok,checkpoints/ablation_mnv2_baseline/best.pt,5.89,0.4825,-0.0334,0.1206,-0.001,0.3316,,,gnm_closed_loop,0.2,-0.0334,False,0,,isaac_live_final_20260708,,selected_baseline_live,,,,,,,False,hospital_goal_C,2.9152,True,0.4825,-0.0334,0.2,-0.0334,True,armed,False,
livefinal_low_curvature_20260708_180949,35,10.300001,1783530592.168478,1.919896,-1.919963,-0.0,2.356453,0.2,-0.0334,0.19987,0.001584,camera_link,10.300001,gnm_closed_loop,,nominal,,True,ok,checkpoints/ablation_mnv2_baseline/best.pt,5.89,0.4825,-0.0334,0.1206,-0.001,0.3316,,,gnm_closed_loop,0.2,-0.0334,False,0,,isaac_live_final_20260708,,selected_baseline_live,,,,,,,False,hospital_goal_C,2.9119,True,0.4825,-0.0334,0.2,-0.0334,True,armed,False,
livefinal_low_curvature_20260708_180949,36,10.316667,1783530592.191492,1.917545,-1.917614,-0.0,2.35645,0.2,-0.033,0.199784,0.001309,camera_link,10.316667,gnm_closed_loop,,nominal,,True,ok,checkpoints/ablation_mnv2_baseline/best.pt,5.22,0.4781,-0.033,0.1195,-0.001,0.3304,,,gnm_closed_loop,0.2,-0.033,False,0,,isaac_live_final_20260708,,selected_baseline_live,,,,,,,False,hospital_goal_C,2.9086,True,0.4781,-0.033,0.2,-0.033,True,armed,False,
livefinal_low_curvature_20260708_180949,37,10.333334,1783530592.193799,1.915194,-1.915264,-0.0,2.356449,0.2,-0.033,0.199784,0.001309,camera_link,10.333334,gnm_closed_loop,,nominal,,True,ok,checkpoints/ablation_mnv2_baseline/best.pt,5.22,0.4781,-0.033,0.1195,-0.001,0.3304,,,gnm_closed_loop,0.2,-0.033,False,0,,isaac_live_final_20260708,,selected_baseline_live,,,,,,,False,hospital_goal_C,2.9054,True,0.4781,-0.033,0.2,-0.033,True,armed,False,
livefinal_low_curvature_20260708_180949,38,10.350001,1783530592.196157,1.912843,-1.912914,-0.0,2.356448,0.2,-0.033,0.199784,0.001309,camera_link,10.350001,gnm_closed_loop,,nominal,,True,ok,checkpoints/ablation_mnv2_baseline/best.pt,5.22,0.4781,-0.033,0.1195,-0.001,0.3304,,,gnm_closed_loop,0.2,-0.033,False,0,,isaac_live_final_20260708,,selected_baseline_live,,,,,,,False,hospital_goal_C,2.9021,True,0.4781,-0.033,0.2,-0.033,True,armed,False,
livefinal_low_curvature_20260708_180949,39,10.366667,1783530592.212665,1.910492,-1.910564,-0.0,2.356447,0.2,-0.0326,0.199833,0.001591,camera_link,10.366667,gnm_closed_loop,,nominal,,True,ok,checkpoints/ablation_mnv2_baseline/best.pt,4.15,0.4704,-0.0326,0.1176,-0.001,0.3291,,,gnm_closed_loop,0.2,-0.0326,False,0,,isaac_live_final_20260708,,selected_baseline_live,,,,,,,False,hospital_goal_C,2.8988,True,0.4704,-0.0326,0.2,-0.0326,True,armed,False,
livefinal_low_curvature_20260708_180949,40,10.383334,1783530592.214966,1.908141,-1.908214,-0.0,2.356447,0.2,-0.0326,0.199833,0.001591,camera_link,10.383334,gnm_closed_loop,,nominal,,True,ok,checkpoints/ablation_mnv2_baseline/best.pt,4.15,0.4704,-0.0326,0.1176,-0.001,0.3291,,,gnm_closed_loop,0.2,-0.0326,False,0,,isaac_live_final_20260708,,selected_baseline_live,,,,,,,False,hospital_goal_C,2.8955,True,0.4704,-0.0326,0.2,-0.0326,True,armed,False,
livefinal_low_curvature_20260708_180949,41,10.400001,1783530592.216869,1.90579,-1.905864,-0.0,2.356445,0.2,-0.0326,0.199833,0.001591,camera_link,10.400001,gnm_closed_loop,,nominal,,True,ok,checkpoints/ablation_mnv2_baseline/best.pt,4.15,0.4704,-0.0326,0.1176,-0.001,0.3291,,,gnm_closed_loop,0.2,-0.0326,False,0,,isaac_live_final_20260708,,selected_baseline_live,,,,,,,False,hospital_goal_C,2.8922,True,0.4704,-0.0326,0.2,-0.0326,True,armed,False,
livefinal_low_curvature_20260708_180949,42,10.416667,1783530592.231099,1.903438,-1.903514,-0.0,2.356444,0.2,-0.0319,0.199818,0.001448,camera_link,10.416667,gnm_closed_loop,,nominal,,True,ok,checkpoints/ablation_mnv2_baseline/best.pt,4.57,0.4577,-0.0319,0.1144,-0.0009,0.3314,,,gnm_closed_loop,0.2,-0.0319,False,0,,isaac_live_final_20260708,,selected_baseline_live,,,,,,,False,hospital_goal_C,2.8889,True,0.4577,-0.0319,0.2,-0.0319,True,armed,False,
livefinal_low_curvature_20260708_180949,43,10.433334,1783530592.233608,1.901087,-1.901165,-0.0,2.356442,0.2,-0.0319,0.199818,0.001448,camera_link,10.433334,gnm_closed_loop,,nominal,,True,ok,checkpoints/ablation_mnv2_baseline/best.pt,4.57,0.4577,-0.0319,0.1144,-0.0009,0.3314,,,gnm_closed_loop,0.2,-0.0319,False,0,,isaac_live_final_20260708,,selected_baseline_live,,,,,,,False,hospital_goal_C,2.8856,True,0.4577,-0.0319,0.2,-0.0319,True,armed,False,
livefinal_low_curvature_20260708_180949,44,10.450001,1783530592.235599,1.898736,-1.898815,-0.0,2.356441,0.2,-0.0319,0.199818,0.001448,camera_link,10.450001,gnm_closed_loop,,nominal,,True,ok,checkpoints/ablation_mnv2_baseline/best.pt,4.57,0.4577,-0.0319,0.1144,-0.0009,0.3314,,,gnm_closed_loop,0.2,-0.0319,False,0,,isaac_live_final_20260708,,selected_baseline_live,,,,,,,False,hospital_goal_C,2.8823,True,0.4577,-0.0319,0.2,-0.0319,True,armed,False,
livefinal_low_curvature_20260708_180949,45,10.466667,1783530592.25081,1.896385,-1.896465,-0.0,2.356439,0.2,-0.0343,0.199807,0.001794,camera_link,10.466667,gnm_closed_loop,,nominal,,True,ok,checkpoints/ablation_mnv2_baseline/best.pt,4.69,0.4609,-0.0343,0.1152,-0.001,0.3354,,,gnm_closed_loop,0.2,-0.0343,False,0,,isaac_live_final_20260708,,selected_baseline_live,,,,,,,False,hospital_goal_C,2.879,True,0.4609,-0.0343,0.2,-0.0343,True,armed,False,
livefinal_low_curvature_20260708_180949,46,10.483334,1783530592.25489,1.894035,-1.894115,-0.0,2.356438,0.2,-0.0343,0.199807,0.001794,camera_link,10.483334,gnm_closed_loop,,nominal,,True,ok,checkpoints/ablation_mnv2_baseline/best.pt,4.69,0.4609,-0.0343,0.1152,-0.001,0.3354,,,gnm_closed_loop,0.2,-0.0343,False,0,,isaac_live_final_20260708,,selected_baseline_live,,,,,,,False,hospital_goal_C,2.8757,True,0.4609,-0.0343,0.2,-0.0343,True,armed,False,
livefinal_low_curvature_20260708_180949,47,10.500001,1783530592.25806,1.891683,-1.891765,-0.0,2.356438,0.2,-0.0343,0.199807,0.001794,camera_link,10.500001,gnm_closed_loop,,nominal,,True,ok,checkpoints/ablation_mnv2_baseline/best.pt,4.69,0.4609,-0.0343,0.1152,-0.001,0.3354,,,gnm_closed_loop,0.2,-0.0343,False,0,,isaac_live_final_20260708,,selected_baseline_live,,,,,,,False,hospital_goal_C,2.8724,True,0.4609,-0.0343,0.2,-0.0343,True,armed,False,
livefinal_low_curvature_20260708_180949,48,10.516667,1783530592.27882,1.889332,-1.889415,-0.0,2.356436,0.2,-0.0314,0.199819,0.001746,camera_link,10.516667,gnm_closed_loop,,nominal,,True,ok,checkpoints/ablation_mnv2_baseline/best.pt,5.01,0.4826,-0.0314,0.1207,-0.0009,0.3381,,,gnm_closed_loop,0.2,-0.0314,False,0,,isaac_live_final_20260708,,selected_baseline_live,,,,,,,False,hospital_goal_C,2.8691,True,0.4826,-0.0314,0.2,-0.0314,True,armed,False,
livefinal_low_curvature_20260708_180949,49,10.533334,1783530592.281468,1.886981,-1.887065,-0.0,2.356434,0.2,-0.0314,0.199819,0.001746,camera_link,10.533334,gnm_closed_loop,,nominal,,True,ok,checkpoints/ablation_mnv2_baseline/best.pt,5.01,0.4826,-0.0314,0.1207,-0.0009,0.3381,,,gnm_closed_loop,0.2,-0.0314,False,0,,isaac_live_final_20260708,,selected_baseline_live,,,,,,,False,hospital_goal_C,2.8658,True,0.4826,-0.0314,0.2,-0.0314,True,armed,False,
livefinal_low_curvature_20260708_180949,50,10.550001,1783530592.283943,1.88463,-1.884715,-0.0,2.356434,0.2,-0.0314,0.199819,0.001746,camera_link,10.550001,gnm_closed_loop,,nominal,,True,ok,checkpoints/ablation_mnv2_baseline/best.pt,5.01,0.4826,-0.0314,0.1207,-0.0009,0.3381,,,gnm_closed_loop,0.2,-0.0314,False,0,,isaac_live_final_20260708,,selected_baseline_live,,,,,,,False,hospital_goal_C,2.8625,True,0.4826,-0.0314,0.2,-0.0314,True,armed,False,
livefinal_low_curvature_20260708_180949,51,10.566667,1783530592.303922,1.882279,-1.882365,-0.0,2.356432,0.2,-0.0299,0.19985,0.000779,camera_link,10.566667,gnm_closed_loop,,nominal,,True,ok,checkpoints/ablation_mnv2_baseline/best.pt,4.71,0.4756,-0.0299,0.1189,-0.0009,0.3453,,,gnm_closed_loop,0.2,-0.0299,False,0,,isaac_live_final_20260708,,selected_baseline_live,,,,,,,False,hospital_goal_C,2.8593,True,0.4756,-0.0299,0.2,-0.0299,True,armed,False,
livefinal_low_curvature_20260708_180949,52,10.583334,1783530592.30696,1.879928,-1.880015,-0.0,2.356432,0.2,-0.0299,0.19985,0.000779,camera_link,10.583334,gnm_closed_loop,,nominal,,True,ok,checkpoints/ablation_mnv2_baseline/best.pt,4.71,0.4756,-0.0299,0.1189,-0.0009,0.3453,,,gnm_closed_loop,0.2,-0.0299,False,0,,isaac_live_final_20260708,,selected_baseline_live,,,,,,,False,hospital_goal_C,2.856,True,0.4756,-0.0299,0.2,-0.0299,True,armed,False,
livefinal_low_curvature_20260708_180949,53,10.600001,1783530592.309218,1.877577,-1.877665,-0.0,2.356431,0.2,-0.0299,0.19985,0.000779,camera_link,10.600001,gnm_closed_loop,,nominal,,True,ok,checkpoints/ablation_mnv2_baseline/best.pt,4.71,0.4756,-0.0299,0.1189,-0.0009,0.3453,,,gnm_closed_loop,0.2,-0.0299,False,0,,isaac_live_final_20260708,,selected_baseline_live,,,,,,,False,hospital_goal_C,2.8527,True,0.4756,-0.0299,0.2,-0.0299,True,armed,False,
livefinal_low_curvature_20260708_180949,54,10.616667,1783530592.324924,1.875226,-1.875316,-0.0,2.356429,0.2,-0.0251,0.199828,0.001836,camera_link,10.616667,gnm_closed_loop,,nominal,,True,ok,checkpoints/ablation_mnv2_baseline/best.pt,4.63,0.4807,-0.0251,0.1202,-0.0008,0.3474,,,gnm_closed_loop,0.2,-0.0251,False,0,,isaac_live_final_20260708,,selected_baseline_live,,,,,,,False,hospital_goal_C,2.8494,True,0.4807,-0.0251,0.2,-0.0251,True,armed,False,
livefinal_low_curvature_20260708_180949,55,10.633334,1783530592.32733,1.872874,-1.872965,-0.0,2.356429,0.2,-0.0251,0.199828,0.001836,camera_link,10.633334,gnm_closed_loop,,nominal,,True,ok,checkpoints/ablation_mnv2_baseline/best.pt,4.63,0.4807,-0.0251,0.1202,-0.0008,0.3474,,,gnm_closed_loop,0.2,-0.0251,False,0,,isaac_live_final_20260708,,selected_baseline_live,,,,,,,False,hospital_goal_C,2.8461,True,0.4807,-0.0251,0.2,-0.0251,True,armed,False,
livefinal_low_curvature_20260708_180949,56,10.650001,1783530592.329862,1.870523,-1.870615,-0.0,2.356428,0.2,-0.0251,0.199828,0.001836,camera_link,10.650001,gnm_closed_loop,,nominal,,True,ok,checkpoints/ablation_mnv2_baseline/best.pt,4.63,0.4807,-0.0251,0.1202,-0.0008,0.3474,,,gnm_closed_loop,0.2,-0.0251,False,0,,isaac_live_final_20260708,,selected_baseline_live,,,,,,,False,hospital_goal_C,2.8428,True,0.4807,-0.0251,0.2,-0.0251,True,armed,False,
livefinal_low_curvature_20260708_180949,57,10.666667,1783530592.347669,1.868172,-1.868266,-0.0,2.356428,0.2,-0.0226,0.199814,0.001038,camera_link,10.666667,gnm_closed_loop,,nominal,,True,ok,checkpoints/ablation_mnv2_baseline/best.pt,5.13,0.4728,-0.0226,0.1182,-0.0007,0.3428,,,gnm_closed_loop,0.2,-0.0226,False,0,,isaac_live_final_20260708,,selected_baseline_live,,,,,,,False,hospital_goal_C,2.8395,True,0.4728,-0.0226,0.2,-0.0226,True,armed,False,
livefinal_low_curvature_20260708_180949,58,10.683334,1783530592.350256,1.865821,-1.865915,-0.0,2.356427,0.2,-0.0226,0.199814,0.001038,camera_link,10.683334,gnm_closed_loop,,nominal,,True,ok,checkpoints/ablation_mnv2_baseline/best.pt,5.13,0.4728,-0.0226,0.1182,-0.0007,0.3428,,,gnm_closed_loop,0.2,-0.0226,False,0,,isaac_live_final_20260708,,selected_baseline_live,,,,,,,False,hospital_goal_C,2.8362,True,0.4728,-0.0226,0.2,-0.0226,True,armed,False,
livefinal_low_curvature_20260708_180949,59,10.700001,1783530592.352185,1.86347,-1.863566,-0.0,2.356426,0.2,-0.0226,0.199814,0.001038,camera_link,10.700001,gnm_closed_loop,,nominal,,True,ok,checkpoints/ablation_mnv2_baseline/best.pt,5.13,0.4728,-0.0226,0.1182,-0.0007,0.3428,,,gnm_closed_loop,0.2,-0.0226,False,0,,isaac_live_final_20260708,,selected_baseline_live,,,,,,,False,hospital_goal_C,2.8329,True,0.4728,-0.0226,0.2,-0.0226,True,armed,False,
livefinal_low_curvature_20260708_180949,60,10.716667,1783530592.370299,1.861119,-1.861216,-0.0,2.356425,0.2,-0.0256,0.19984,0.001545,camera_link,10.716667,gnm_closed_loop,,nominal,,True,ok,checkpoints/ablation_mnv2_baseline/best.pt,4.53,0.4753,-0.0256,0.1188,-0.0008,0.3446,,,gnm_closed_loop,0.2,-0.0256,False,0,,isaac_live_final_20260708,,selected_baseline_live,,,,,,,False,hospital_goal_C,2.8296,True,0.4753,-0.0256,0.2,-0.0256,True,armed,False,
livefinal_low_curvature_20260708_180949,61,10.733334,1783530592.374019,1.858767,-1.858866,-0.0,2.356424,0.2,-0.0256,0.19984,0.001545,camera_link,10.733334,gnm_closed_loop,,nominal,,True,ok,checkpoints/ablation_mnv2_baseline/best.pt,4.53,0.4753,-0.0256,0.1188,-0.0008,0.3446,,,gnm_closed_loop,0.2,-0.0256,False,0,,isaac_live_final_20260708,,selected_baseline_live,,,,,,,False,hospital_goal_C,2.8263,True,0.4753,-0.0256,0.2,-0.0256,True,armed,False,
livefinal_low_curvature_20260708_180949,62,10.750001,1783530592.376515,1.856416,-1.856516,-0.0,2.356424,0.2,-0.0256,0.19984,0.001545,camera_link,10.750001,gnm_closed_loop,,nominal,,True,ok,checkpoints/ablation_mnv2_baseline/best.pt,4.53,0.4753,-0.0256,0.1188,-0.0008,0.3446,,,gnm_closed_loop,0.2,-0.0256,False,0,,isaac_live_final_20260708,,selected_baseline_live,,,,,,,False,hospital_goal_C,2.823,True,0.4753,-0.0256,0.2,-0.0256,True,armed,False,
livefinal_low_curvature_20260708_180949,63,10.766667,1783530592.405183,1.854065,-1.854166,-0.0,2.356423,0.2,-0.0296,0.199847,0.001446,camera_link,10.766667,gnm_closed_loop,,nominal,,True,ok,checkpoints/ablation_mnv2_baseline/best.pt,7.09,0.4579,-0.0296,0.1145,-0.0008,0.3435,,,gnm_closed_loop,0.2,-0.0296,False,0,,isaac_live_final_20260708,,selected_baseline_live,,,,,,,False,hospital_goal_C,2.8198,True,0.4579,-0.0296,0.2,-0.0296,True,armed,False,
livefinal_low_curvature_20260708_180949,64,10.783334,1783530592.408103,1.851714,-1.851817,-0.0,2.356422,0.2,-0.0296,0.199847,0.001446,camera_link,10.783334,gnm_closed_loop,,nominal,,True,ok,checkpoints/ablation_mnv2_baseline/best.pt,7.09,0.4579,-0.0296,0.1145,-0.0008,0.3435,,,gnm_closed_loop,0.2,-0.0296,False,0,,isaac_live_final_20260708,,selected_baseline_live,,,,,,,False,hospital_goal_C,2.8165,True,0.4579,-0.0296,0.2,-0.0296,True,armed,False,
livefinal_low_curvature_20260708_180949,65,10.800001,1783530592.410771,1.849363,-1.849466,-0.0,2.356421,0.2,-0.0296,0.199847,0.001446,camera_link,10.800001,gnm_closed_loop,,nominal,,True,ok,checkpoints/ablation_mnv2_baseline/best.pt,7.09,0.4579,-0.0296,0.1145,-0.0008,0.3435,,,gnm_closed_loop,0.2,-0.0296,False,0,,isaac_live_final_20260708,,selected_baseline_live,,,,,,,False,hospital_goal_C,2.8132,True,0.4579,-0.0296,0.2,-0.0296,True,armed,False,
livefinal_low_curvature_20260708_180949,66,10.816667,1783530592.432455,1.847012,-1.847117,-0.0,2.356421,0.2,-0.029,0.19981,0.001426,camera_link,10.816667,gnm_closed_loop,,nominal,,True,ok,checkpoints/ablation_mnv2_baseline/best.pt,5.67,0.4586,-0.029,0.1146,-0.0008,0.342,,,gnm_closed_loop,0.2,-0.029,False,0,,isaac_live_final_20260708,,selected_baseline_live,,,,,,,False,hospital_goal_C,2.8099,True,0.4586,-0.029,0.2,-0.029,True,armed,False,
livefinal_low_curvature_20260708_180949,67,10.833334,1783530592.434939,1.844661,-1.844767,-0.0,2.356419,0.2,-0.029,0.19981,0.001426,camera_link,10.833334,gnm_closed_loop,,nominal,,True,ok,checkpoints/ablation_mnv2_baseline/best.pt,5.67,0.4586,-0.029,0.1146,-0.0008,0.342,,,gnm_closed_loop,0.2,-0.029,False,0,,isaac_live_final_20260708,,selected_baseline_live,,,,,,,False,hospital_goal_C,2.8066,True,0.4586,-0.029,0.2,-0.029,True,armed,False,
livefinal_low_curvature_20260708_180949,68,10.850001,1783530592.436909,1.84231,-1.842417,-0.0,2.356418,0.2,-0.029,0.19981,0.001426,camera_link,10.850001,gnm_closed_loop,,nominal,,True,ok,checkpoints/ablation_mnv2_baseline/best.pt,5.67,0.4586,-0.029,0.1146,-0.0008,0.342,,,gnm_closed_loop,0.2,-0.029,False,0,,isaac_live_final_20260708,,selected_baseline_live,,,,,,,False,hospital_goal_C,2.8033,True,0.4586,-0.029,0.2,-0.029,True,armed,False,
livefinal_low_curvature_20260708_180949,69,10.866667,1783530592.454111,1.839959,-1.840066,-0.0,2.356417,0.2,-0.0299,0.199811,0.001303,camera_link,10.866667,gnm_closed_loop,,nominal,,True,ok,checkpoints/ablation_mnv2_baseline/best.pt,4.18,0.4577,-0.0299,0.1144,-0.0009,0.3387,,,gnm_closed_loop,0.2,-0.0299,False,0,,isaac_live_final_20260708,,selected_baseline_live,,,,,,,False,hospital_goal_C,2.8,True,0.4577,-0.0299,0.2,-0.0299,True,armed,False,
livefinal_low_curvature_20260708_180949,70,10.883334,1783530592.456565,1.837609,-1.837717,-0.0,2.356416,0.2,-0.0299,0.199811,0.001303,camera_link,10.883334,gnm_closed_loop,,nominal,,True,ok,checkpoints/ablation_mnv2_baseline/best.pt,4.18,0.4577,-0.0299,0.1144,-0.0009,0.3387,,,gnm_closed_loop,0.2,-0.0299,False,0,,isaac_live_final_20260708,,selected_baseline_live,,,,,,,False,hospital_goal_C,2.7967,True,0.4577,-0.0299,0.2,-0.0299,True,armed,False,
livefinal_low_curvature_20260708_180949,71,10.900001,1783530592.458553,1.835257,-1.835367,-0.0,2.356415,0.2,-0.0299,0.199811,0.001303,camera_link,10.900001,gnm_closed_loop,,nominal,,True,ok,checkpoints/ablation_mnv2_baseline/best.pt,4.18,0.4577,-0.0299,0.1144,-0.0009,0.3387,,,gnm_closed_loop,0.2,-0.0299,False,0,,isaac_live_final_20260708,,selected_baseline_live,,,,,,,False,hospital_goal_C,2.7934,True,0.4577,-0.0299,0.2,-0.0299,True,armed,False,
livefinal_low_curvature_20260708_180949,72,10.916667,1783530592.477543,1.832905,-1.833017,-0.0,2.356414,0.2,-0.0324,0.19983,0.001573,camera_link,10.916667,gnm_closed_loop,,nominal,,True,ok,checkpoints/ablation_mnv2_baseline/best.pt,4.82,0.4648,-0.0324,0.1162,-0.0009,0.3408,,,gnm_closed_loop,0.2,-0.0324,False,0,,isaac_live_final_20260708,,selected_baseline_live,,,,,,,False,hospital_goal_C,2.7901,True,0.4648,-0.0324,0.2,-0.0324,True,armed,False,
livefinal_low_curvature_20260708_180949,73,10.933334,1783530592.480331,1.830555,-1.830667,-0.0,2.356413,0.2,-0.0324,0.19983,0.001573,camera_link,10.933334,gnm_closed_loop,,nominal,,True,ok,checkpoints/ablation_mnv2_baseline/best.pt,4.82,0.4648,-0.0324,0.1162,-0.0009,0.3408,,,gnm_closed_loop,0.2,-0.0324,False,0,,isaac_live_final_20260708,,selected_baseline_live,,,,,,,False,hospital_goal_C,2.7868,True,0.4648,-0.0324,0.2,-0.0324,True,armed,False,
livefinal_low_curvature_20260708_180949,74,10.950001,1783530592.482161,1.828204,-1.828317,-0.0,2.356412,0.2,-0.0324,0.19983,0.001573,camera_link,10.950001,gnm_closed_loop,,nominal,,True,ok,checkpoints/ablation_mnv2_baseline/best.pt,4.82,0.4648,-0.0324,0.1162,-0.0009,0.3408,,,gnm_closed_loop,0.2,-0.0324,False,0,,isaac_live_final_20260708,,selected_baseline_live,,,,,,,False,hospital_goal_C,2.7836,True,0.4648,-0.0324,0.2,-0.0324,True,armed,False,
livefinal_low_curvature_20260708_180949,75,10.966667,1783530592.498284,1.825853,-1.825967,-0.0,2.356411,0.2,-0.0333,0.19981,0.002072,camera_link,10.966667,gnm_closed_loop,,nominal,,True,ok,checkpoints/ablation_mnv2_baseline/best.pt,4.45,0.4624,-0.0333,0.1156,-0.001,0.3446,,,gnm_closed_loop,0.2,-0.0333,False,0,,isaac_live_final_20260708,,selected_baseline_live,,,,,,,False,hospital_goal_C,2.7803,True,0.4624,-0.0333,0.2,-0.0333,True,armed,False,
livefinal_low_curvature_20260708_180949,76,10.983334,1783530592.502234,1.823501,-1.823617,-0.0,2.356409,0.2,-0.0333,0.19981,0.002072,camera_link,10.983334,gnm_closed_loop,,nominal,,True,ok,checkpoints/ablation_mnv2_baseline/best.pt,4.45,0.4624,-0.0333,0.1156,-0.001,0.3446,,,gnm_closed_loop,0.2,-0.0333,False,0,,isaac_live_final_20260708,,selected_baseline_live,,,,,,,False,hospital_goal_C,2.777,True,0.4624,-0.0333,0.2,-0.0333,True,armed,False,
livefinal_low_curvature_20260708_180949,77,11.000001,1783530592.50457,1.821149,-1.821266,-0.0,2.356408,0.2,-0.0333,0.19981,0.002072,camera_link,11.000001,gnm_closed_loop,,nominal,,True,ok,checkpoints/ablation_mnv2_baseline/best.pt,4.45,0.4624,-0.0333,0.1156,-0.001,0.3446,,,gnm_closed_loop,0.2,-0.0333,False,0,,isaac_live_final_20260708,,selected_baseline_live,,,,,,,False,hospital_goal_C,2.7737,True,0.4624,-0.0333,0.2,-0.0333,True,armed,False,
livefinal_low_curvature_20260708_180949,78,11.016667,1783530592.526947,1.818798,-1.818916,-0.0,2.356407,0.2,-0.0334,0.199798,0.001337,camera_link,11.016667,gnm_closed_loop,,nominal,,True,ok,checkpoints/ablation_mnv2_baseline/best.pt,5.15,0.467,-0.0334,0.1167,-0.001,0.3464,,,gnm_closed_loop,0.2,-0.0334,False,0,,isaac_live_final_20260708,,selected_baseline_live,,,,,,,False,hospital_goal_C,2.7704,True,0.467,-0.0334,0.2,-0.0334,True,armed,False,
livefinal_low_curvature_20260708_180949,79,11.033334,1783530592.530374,1.816447,-1.816566,-0.0,2.356407,0.2,-0.0334,0.199798,0.001337,camera_link,11.033334,gnm_closed_loop,,nominal,,True,ok,checkpoints/ablation_mnv2_baseline/best.pt,5.15,0.467,-0.0334,0.1167,-0.001,0.3464,,,gnm_closed_loop,0.2,-0.0334,False,0,,isaac_live_final_20260708,,selected_baseline_live,,,,,,,False,hospital_goal_C,2.7671,True,0.467,-0.0334,0.2,-0.0334,True,armed,False,
livefinal_low_curvature_20260708_180949,80,11.050001,1783530592.533415,1.814095,-1.814215,-0.0,2.356406,0.2,-0.0334,0.199798,0.001337,camera_link,11.050001,gnm_closed_loop,,nominal,,True,ok,checkpoints/ablation_mnv2_baseline/best.pt,5.15,0.467,-0.0334,0.1167,-0.001,0.3464,,,gnm_closed_loop,0.2,-0.0334,False,0,,isaac_live_final_20260708,,selected_baseline_live,,,,,,,False,hospital_goal_C,2.7638,True,0.467,-0.0334,0.2,-0.0334,True,armed,False,
livefinal_low_curvature_20260708_180949,81,11.066667,1783530592.561676,1.811744,-1.811865,-0.0,2.356405,0.2,-0.0339,0.199835,0.002394,camera_link,11.066667,gnm_closed_loop,,nominal,,True,ok,checkpoints/ablation_mnv2_baseline/best.pt,8.88,0.4697,-0.0339,0.1174,-0.001,0.3444,,,gnm_closed_loop,0.2,-0.0339,False,0,,isaac_live_final_20260708,,selected_baseline_live,,,,,,,False,hospital_goal_C,2.7605,True,0.4697,-0.0339,0.2,-0.0339,True,armed,False,
livefinal_low_curvature_20260708_180949,82,11.083334,1783530592.564793,1.809392,-1.809514,-0.0,2.356403,0.2,-0.0339,0.199835,0.002394,camera_link,11.083334,gnm_closed_loop,,nominal,,True,ok,checkpoints/ablation_mnv2_baseline/best.pt,8.88,0.4697,-0.0339,0.1174,-0.001,0.3444,,,gnm_closed_loop,0.2,-0.0339,False,0,,isaac_live_final_20260708,,selected_baseline_live,,,,,,,False,hospital_goal_C,2.7572,True,0.4697,-0.0339,0.2,-0.0339,True,armed,False,
livefinal_low_curvature_20260708_180949,83,11.100001,1783530592.567384,1.807041,-1.807164,-0.0,2.356402,0.2,-0.0339,0.199835,0.002394,camera_link,11.100001,gnm_closed_loop,,nominal,,True,ok,checkpoints/ablation_mnv2_baseline/best.pt,8.88,0.4697,-0.0339,0.1174,-0.001,0.3444,,,gnm_closed_loop,0.2,-0.0339,False,0,,isaac_live_final_20260708,,selected_baseline_live,,,,,,,False,hospital_goal_C,2.7539,True,0.4697,-0.0339,0.2,-0.0339,True,armed,False,
livefinal_low_curvature_20260708_180949,84,11.116667,1783530592.588156,1.804689,-1.804814,-0.0,2.3564,0.2,-0.0298,0.19986,0.002106,camera_link,11.116667,gnm_closed_loop,,nominal,,True,ok,checkpoints/ablation_mnv2_baseline/best.pt,4.53,0.4807,-0.0298,0.1202,-0.0009,0.34,,,gnm_closed_loop,0.2,-0.0298,False,0,,isaac_live_final_20260708,,selected_baseline_live,,,,,,,False,hospital_goal_C,2.7506,True,0.4807,-0.0298,0.2,-0.0298,True,armed,False,
livefinal_low_curvature_20260708_180949,85,11.133334,1783530592.590702,1.802337,-1.802464,-0.0,2.356399,0.2,-0.0298,0.19986,0.002106,camera_link,11.133334,gnm_closed_loop,,nominal,,True,ok,checkpoints/ablation_mnv2_baseline/best.pt,4.53,0.4807,-0.0298,0.1202,-0.0009,0.34,,,gnm_closed_loop,0.2,-0.0298,False,0,,isaac_live_final_20260708,,selected_baseline_live,,,,,,,False,hospital_goal_C,2.7474,True,0.4807,-0.0298,0.2,-0.0298,True,armed,False,
livefinal_low_curvature_20260708_180949,86,11.150001,1783530592.592683,1.799986,-1.800114,-0.0,2.356398,0.2,-0.0298,0.19986,0.002106,camera_link,11.150001,gnm_closed_loop,,nominal,,True,ok,checkpoints/ablation_mnv2_baseline/best.pt,4.53,0.4807,-0.0298,0.1202,-0.0009,0.34,,,gnm_closed_loop,0.2,-0.0298,False,0,,isaac_live_final_20260708,,selected_baseline_live,,,,,,,False,hospital_goal_C,2.7441,True,0.4807,-0.0298,0.2,-0.0298,True,armed,False,
livefinal_low_curvature_20260708_180949,87,11.166667,1783530592.609277,1.797634,-1.797763,-0.0,2.356396,0.2,-0.0288,0.199843,0.001253,camera_link,11.166667,gnm_closed_loop,,nominal,,True,ok,checkpoints/ablation_mnv2_baseline/best.pt,3.83,0.5016,-0.0288,0.1254,-0.0009,0.3375,,,gnm_closed_loop,0.2,-0.0288,False,0,,isaac_live_final_20260708,,selected_baseline_live,,,,,,,False,hospital_goal_C,2.7408,True,0.5016,-0.0288,0.2,-0.0288,True,armed,False,
livefinal_low_curvature_20260708_180949,88,11.183334,1783530592.611751,1.795283,-1.795413,-0.0,2.356395,0.2,-0.0288,0.199843,0.001253,camera_link,11.183334,gnm_closed_loop,,nominal,,True,ok,checkpoints/ablation_mnv2_baseline/best.pt,3.83,0.5016,-0.0288,0.1254,-0.0009,0.3375,,,gnm_closed_loop,0.2,-0.0288,False,0,,isaac_live_final_20260708,,selected_baseline_live,,,,,,,False,hospital_goal_C,2.7375,True,0.5016,-0.0288,0.2,-0.0288,True,armed,False,
livefinal_low_curvature_20260708_180949,89,11.200001,1783530592.613739,1.792932,-1.793063,-0.0,2.356394,0.2,-0.0288,0.199843,0.001253,camera_link,11.200001,gnm_closed_loop,,nominal,,True,ok,checkpoints/ablation_mnv2_baseline/best.pt,3.83,0.5016,-0.0288,0.1254,-0.0009,0.3375,,,gnm_closed_loop,0.2,-0.0288,False,0,,isaac_live_final_20260708,,selected_baseline_live,,,,,,,False,hospital_goal_C,2.7342,True,0.5016,-0.0288,0.2,-0.0288,True,armed,False,
livefinal_low_curvature_20260708_180949,90,11.216667,1783530592.629719,1.790581,-1.790714,-0.0,2.356393,0.2,-0.0296,0.19979,0.001637,camera_link,11.216667,gnm_closed_loop,,nominal,,True,ok,checkpoints/ablation_mnv2_baseline/best.pt,4.76,0.4984,-0.0296,0.1246,-0.0009,0.3414,,,gnm_closed_loop,0.2,-0.0296,False,0,,isaac_live_final_20260708,,selected_baseline_live,,,,,,,False,hospital_goal_C,2.7309,True,0.4984,-0.0296,0.2,-0.0296,True,armed,False,
livefinal_low_curvature_20260708_180949,91,11.233334,1783530592.632438,1.788229,-1.788364,-0.0,2.356392,0.2,-0.0296,0.19979,0.001637,camera_link,11.233334,gnm_closed_loop,,nominal,,True,ok,checkpoints/ablation_mnv2_baseline/best.pt,4.76,0.4984,-0.0296,0.1246,-0.0009,0.3414,,,gnm_closed_loop,0.2,-0.0296,False,0,,isaac_live_final_20260708,,selected_baseline_live,,,,,,,False,hospital_goal_C,2.7276,True,0.4984,-0.0296,0.2,-0.0296,True,armed,False,
livefinal_low_curvature_20260708_180949,92,11.250001,1783530592.63455,1.785878,-1.786013,-0.0,2.356391,0.2,-0.0296,0.19979,0.001637,camera_link,11.250001,gnm_closed_loop,,nominal,,True,ok,checkpoints/ablation_mnv2_baseline/best.pt,4.76,0.4984,-0.0296,0.1246,-0.0009,0.3414,,,gnm_closed_loop,0.2,-0.0296,False,0,,isaac_live_final_20260708,,selected_baseline_live,,,,,,,False,hospital_goal_C,2.7243,True,0.4984,-0.0296,0.2,-0.0296,True,armed,False,
livefinal_low_curvature_20260708_180949,93,11.266667,1783530592.650366,1.783527,-1.783663,-0.0,2.35639,0.2,-0.0289,0.199849,0.001778,camera_link,11.266667,gnm_closed_loop,,nominal,,True,ok,checkpoints/ablation_mnv2_baseline/best.pt,4.27,0.4945,-0.0289,0.1236,-0.0009,0.3405,,,gnm_closed_loop,0.2,-0.0289,False,0,,isaac_live_final_20260708,,selected_baseline_live,,,,,,,False,hospital_goal_C,2.721,True,0.4945,-0.0289,0.2,-0.0289,True,armed,False,
livefinal_low_curvature_20260708_180949,94,11.283334,1783530592.652839,1.781176,-1.781312,-0.0,2.356389,0.2,-0.0289,0.199849,0.001778,camera_link,11.283334,gnm_closed_loop,,nominal,,True,ok,checkpoints/ablation_mnv2_baseline/best.pt,4.27,0.4945,-0.0289,0.1236,-0.0009,0.3405,,,gnm_closed_loop,0.2,-0.0289,False,0,,isaac_live_final_20260708,,selected_baseline_live,,,,,,,False,hospital_goal_C,2.7178,True,0.4945,-0.0289,0.2,-0.0289,True,armed,False,
livefinal_low_curvature_20260708_180949,95,11.300001,1783530592.655277,1.778825,-1.778963,-0.0,2.356388,0.2,-0.0289,0.199849,0.001778,camera_link,11.300001,gnm_closed_loop,,nominal,,True,ok,checkpoints/ablation_mnv2_baseline/best.pt,4.27,0.4945,-0.0289,0.1236,-0.0009,0.3405,,,gnm_closed_loop,0.2,-0.0289,False,0,,isaac_live_final_20260708,,selected_baseline_live,,,,,,,False,hospital_goal_C,2.7145,True,0.4945,-0.0289,0.2,-0.0289,True,armed,False,
livefinal_low_curvature_20260708_180949,96,11.316667,1783530592.670479,1.776474,-1.776612,-0.0,2.356387,0.2,-0.0285,0.199834,0.002757,camera_link,11.316667,gnm_closed_loop,,nominal,,True,ok,checkpoints/ablation_mnv2_baseline/best.pt,4.57,0.493,-0.0285,0.1232,-0.0009,0.3424,,,gnm_closed_loop,0.2,-0.0285,False,0,,isaac_live_final_20260708,,selected_baseline_live,,,,,,,False,hospital_goal_C,2.7112,True,0.493,-0.0285,0.2,-0.0285,True,armed,False,
livefinal_low_curvature_20260708_180949,97,11.333334,1783530592.673684,1.774123,-1.774262,-0.0,2.356385,0.2,-0.0285,0.199834,0.002757,camera_link,11.333334,gnm_closed_loop,,nominal,,True,ok,checkpoints/ablation_mnv2_baseline/best.pt,4.57,0.493,-0.0285,0.1232,-0.0009,0.3424,,,gnm_closed_loop,0.2,-0.0285,False,0,,isaac_live_final_20260708,,selected_baseline_live,,,,,,,False,hospital_goal_C,2.7079,True,0.493,-0.0285,0.2,-0.0285,True,armed,False,
livefinal_low_curvature_20260708_180949,98,11.350001,1783530592.676446,1.771771,-1.771912,-0.0,2.356385,0.2,-0.0285,0.199834,0.002757,camera_link,11.350001,gnm_closed_loop,,nominal,,True,ok,checkpoints/ablation_mnv2_baseline/best.pt,4.57,0.493,-0.0285,0.1232,-0.0009,0.3424,,,gnm_closed_loop,0.2,-0.0285,False,0,,isaac_live_final_20260708,,selected_baseline_live,,,,,,,False,hospital_goal_C,2.7046,True,0.493,-0.0285,0.2,-0.0285,True,armed,False,
livefinal_low_curvature_20260708_180949,99,11.366667,1783530592.693242,1.76942,-1.769562,-0.0,2.356384,0.2,-0.0303,0.199846,0.001208,camera_link,11.366667,gnm_closed_loop,,nominal,,True,ok,checkpoints/ablation_mnv2_baseline/best.pt,4.28,0.4924,-0.0303,0.1231,-0.0009,0.3392,,,gnm_closed_loop,0.2,-0.0303,False,0,,isaac_live_final_20260708,,selected_baseline_live,,,,,,,False,hospital_goal_C,2.7013,True,0.4924,-0.0303,0.2,-0.0303,True,armed,False,
livefinal_low_curvature_20260708_180949,100,11.383334,1783530592.695553,1.767069,-1.767212,-0.0,2.356383,0.2,-0.0303,0.199846,0.001208,camera_link,11.383334,gnm_closed_loop,,nominal,,True,ok,checkpoints/ablation_mnv2_baseline/best.pt,4.28,0.4924,-0.0303,0.1231,-0.0009,0.3392,,,gnm_closed_loop,0.2,-0.0303,False,0,,isaac_live_final_20260708,,selected_baseline_live,,,,,,,False,hospital_goal_C,2.698,True,0.4924,-0.0303,0.2,-0.0303,True,armed,False,
livefinal_low_curvature_20260708_180949,101,11.400001,1783530592.698633,1.764718,-1.764862,-0.0,2.356382,0.2,-0.0303,0.199846,0.001208,camera_link,11.400001,gnm_closed_loop,,nominal,,True,ok,checkpoints/ablation_mnv2_baseline/best.pt,4.28,0.4924,-0.0303,0.1231,-0.0009,0.3392,,,gnm_closed_loop,0.2,-0.0303,False,0,,isaac_live_final_20260708,,selected_baseline_live,,,,,,,False,hospital_goal_C,2.6947,True,0.4924,-0.0303,0.2,-0.0303,True,armed,False,
livefinal_low_curvature_20260708_180949,102,11.416667,1783530592.717265,1.762367,-1.762511,-0.0,2.356381,0.2,-0.0298,0.199835,0.00228,camera_link,11.416667,gnm_closed_loop,,nominal,,True,ok,checkpoints/ablation_mnv2_baseline/best.pt,5.63,0.4871,-0.0298,0.1218,-0.0009,0.337,,,gnm_closed_loop,0.2,-0.0298,False,0,,isaac_live_final_20260708,,selected_baseline_live,,,,,,,False,hospital_goal_C,2.6914,True,0.4871,-0.0298,0.2,-0.0298,True,armed,False,
livefinal_low_curvature_20260708_180949,103,11.433334,1783530592.719584,1.760015,-1.760161,-0.0,2.356379,0.2,-0.0298,0.199835,0.00228,camera_link,11.433334,gnm_closed_loop,,nominal,,True,ok,checkpoints/ablation_mnv2_baseline/best.pt,5.63,0.4871,-0.0298,0.1218,-0.0009,0.337,,,gnm_closed_loop,0.2,-0.0298,False,0,,isaac_live_final_20260708,,selected_baseline_live,,,,,,,False,hospital_goal_C,2.6882,True,0.4871,-0.0298,0.2,-0.0298,True,armed,False,
livefinal_low_curvature_20260708_180949,104,11.450001,1783530592.721458,1.757664,-1.757811,-0.0,2.356378,0.2,-0.0298,0.199835,0.00228,camera_link,11.450001,gnm_closed_loop,,nominal,,True,ok,checkpoints/ablation_mnv2_baseline/best.pt,5.63,0.4871,-0.0298,0.1218,-0.0009,0.337,,,gnm_closed_loop,0.2,-0.0298,False,0,,isaac_live_final_20260708,,selected_baseline_live,,,,,,,False,hospital_goal_C,2.6849,True,0.4871,-0.0298,0.2,-0.0298,True,armed,False,
livefinal_low_curvature_20260708_180949,105,11.466667,1783530592.738378,1.755313,-1.755461,-0.0,2.356377,0.2,-0.0297,0.199844,0.001513,camera_link,11.466667,gnm_closed_loop,,nominal,,True,ok,checkpoints/ablation_mnv2_baseline/best.pt,4.57,0.4889,-0.0297,0.1222,-0.0009,0.3372,,,gnm_closed_loop,0.2,-0.0297,False,0,,isaac_live_final_20260708,,selected_baseline_live,,,,,,,False,hospital_goal_C,2.6816,True,0.4889,-0.0297,0.2,-0.0297,True,armed,False,
livefinal_low_curvature_20260708_180949,106,11.483334,1783530592.740621,1.752962,-1.753111,-0.0,2.356376,0.2,-0.0297,0.199844,0.001513,camera_link,11.483334,gnm_closed_loop,,nominal,,True,ok,checkpoints/ablation_mnv2_baseline/best.pt,4.57,0.4889,-0.0297,0.1222,-0.0009,0.3372,,,gnm_closed_loop,0.2,-0.0297,False,0,,isaac_live_final_20260708,,selected_baseline_live,,,,,,,False,hospital_goal_C,2.6783,True,0.4889,-0.0297,0.2,-0.0297,True,armed,False,
livefinal_low_curvature_20260708_180949,107,11.500001,1783530592.742586,1.750611,-1.750762,-0.0,2.356375,0.2,-0.0297,0.199844,0.001513,camera_link,11.500001,gnm_closed_loop,,nominal,,True,ok,checkpoints/ablation_mnv2_baseline/best.pt,4.57,0.4889,-0.0297,0.1222,-0.0009,0.3372,,,gnm_closed_loop,0.2,-0.0297,False,0,,isaac_live_final_20260708,,selected_baseline_live,,,,,,,False,hospital_goal_C,2.675,True,0.4889,-0.0297,0.2,-0.0297,True,armed,False,
livefinal_low_curvature_20260708_180949,108,11.516667,1783530592.762143,1.748259,-1.74841,-0.0,2.356374,0.2,-0.0317,0.199873,0.001535,camera_link,11.516667,gnm_closed_loop,,nominal,,True,ok,checkpoints/ablation_mnv2_baseline/best.pt,5.58,0.4905,-0.0317,0.1226,-0.001,0.3381,,,gnm_closed_loop,0.2,-0.0317,False,0,,isaac_live_final_20260708,,selected_baseline_live,,,,,,,False,hospital_goal_C,2.6717,True,0.4905,-0.0317,0.2,-0.0317,True,armed,False,
livefinal_low_curvature_20260708_180949,109,11.533334,1783530592.764697,1.745908,-1.74606,-0.0,2.356372,0.2,-0.0317,0.199873,0.001535,camera_link,11.533334,gnm_closed_loop,,nominal,,True,ok,checkpoints/ablation_mnv2_baseline/best.pt,5.58,0.4905,-0.0317,0.1226,-0.001,0.3381,,,gnm_closed_loop,0.2,-0.0317,False,0,,isaac_live_final_20260708,,selected_baseline_live,,,,,,,False,hospital_goal_C,2.6684,True,0.4905,-0.0317,0.2,-0.0317,True,armed,False,
livefinal_low_curvature_20260708_180949,110,11.550001,1783530592.767097,1.743556,-1.74371,-0.0,2.356371,0.2,-0.0317,0.199873,0.001535,camera_link,11.550001,gnm_closed_loop,,nominal,,True,ok,checkpoints/ablation_mnv2_baseline/best.pt,5.58,0.4905,-0.0317,0.1226,-0.001,0.3381,,,gnm_closed_loop,0.2,-0.0317,False,0,,isaac_live_final_20260708,,selected_baseline_live,,,,,,,False,hospital_goal_C,2.6651,True,0.4905,-0.0317,0.2,-0.0317,True,armed,False,
livefinal_low_curvature_20260708_180949,111,11.566667,1783530592.788487,1.741205,-1.741359,-0.0,2.35637,0.2,-0.0341,0.199839,0.002113,camera_link,11.566667,gnm_closed_loop,,nominal,,True,ok,checkpoints/ablation_mnv2_baseline/best.pt,6.58,0.4842,-0.0341,0.121,-0.001,0.3377,,,gnm_closed_loop,0.2,-0.0341,False,0,,isaac_live_final_20260708,,selected_baseline_live,,,,,,,False,hospital_goal_C,2.6619,True,0.4842,-0.0341,0.2,-0.0341,True,armed,False,
livefinal_low_curvature_20260708_180949,112,11.583334,1783530592.791283,1.738854,-1.739009,-0.0,2.356369,0.2,-0.0341,0.199839,0.002113,camera_link,11.583334,gnm_closed_loop,,nominal,,True,ok,checkpoints/ablation_mnv2_baseline/best.pt,6.58,0.4842,-0.0341,0.121,-0.001,0.3377,,,gnm_closed_loop,0.2,-0.0341,False,0,,isaac_live_final_20260708,,selected_baseline_live,,,,,,,False,hospital_goal_C,2.6586,True,0.4842,-0.0341,0.2,-0.0341,True,armed,False,
livefinal_low_curvature_20260708_180949,113,11.600001,1783530592.793219,1.736503,-1.736659,-0.0,2.356367,0.2,-0.0341,0.199839,0.002113,camera_link,11.600001,gnm_closed_loop,,nominal,,True,ok,checkpoints/ablation_mnv2_baseline/best.pt,6.58,0.4842,-0.0341,0.121,-0.001,0.3377,,,gnm_closed_loop,0.2,-0.0341,False,0,,isaac_live_final_20260708,,selected_baseline_live,,,,,,,False,hospital_goal_C,2.6553,True,0.4842,-0.0341,0.2,-0.0341,True,armed,False,
livefinal_low_curvature_20260708_180949,114,11.616667,1783530592.813099,1.734152,-1.734309,-0.0,2.356366,0.2,-0.0368,0.199759,0.001917,camera_link,11.616667,gnm_closed_loop,,nominal,,True,ok,checkpoints/ablation_mnv2_baseline/best.pt,6.34,0.4744,-0.0368,0.1186,-0.0011,0.3371,,,gnm_closed_loop,0.2,-0.0368,False,0,,isaac_live_final_20260708,,selected_baseline_live,,,,,,,False,hospital_goal_C,2.652,True,0.4744,-0.0368,0.2,-0.0368,True,armed,False,
livefinal_low_curvature_20260708_180949,115,11.633334,1783530592.816257,1.731801,-1.731959,-0.0,2.356365,0.2,-0.0368,0.199759,0.001917,camera_link,11.633334,gnm_closed_loop,,nominal,,True,ok,checkpoints/ablation_mnv2_baseline/best.pt,6.34,0.4744,-0.0368,0.1186,-0.0011,0.3371,,,gnm_closed_loop,0.2,-0.0368,False,0,,isaac_live_final_20260708,,selected_baseline_live,,,,,,,False,hospital_goal_C,2.6487,True,0.4744,-0.0368,0.2,-0.0368,True,armed,False,
livefinal_low_curvature_20260708_180949,116,11.650001,1783530592.818911,1.72945,-1.729609,-0.0,2.356364,0.2,-0.0368,0.199759,0.001917,camera_link,11.650001,gnm_closed_loop,,nominal,,True,ok,checkpoints/ablation_mnv2_baseline/best.pt,6.34,0.4744,-0.0368,0.1186,-0.0011,0.3371,,,gnm_closed_loop,0.2,-0.0368,False,0,,isaac_live_final_20260708,,selected_baseline_live,,,,,,,False,hospital_goal_C,2.6454,True,0.4744,-0.0368,0.2,-0.0368,True,armed,False,
livefinal_low_curvature_20260708_180949,117,11.666667,1783530592.839674,1.727098,-1.727258,-0.0,2.356362,0.2,-0.0339,0.199789,0.000818,camera_link,11.666667,gnm_closed_loop,,nominal,,True,ok,checkpoints/ablation_mnv2_baseline/best.pt,6.06,0.4703,-0.0339,0.1176,-0.001,0.3399,,,gnm_closed_loop,0.2,-0.0339,False,0,,isaac_live_final_20260708,,selected_baseline_live,,,,,,,False,hospital_goal_C,2.6421,True,0.4703,-0.0339,0.2,-0.0339,True,armed,False,
livefinal_low_curvature_20260708_180949,118,11.683334,1783530592.842199,1.724747,-1.724908,-0.0,2.356361,0.2,-0.0339,0.199789,0.000818,camera_link,11.683334,gnm_closed_loop,,nominal,,True,ok,checkpoints/ablation_mnv2_baseline/best.pt,6.06,0.4703,-0.0339,0.1176,-0.001,0.3399,,,gnm_closed_loop,0.2,-0.0339,False,0,,isaac_live_final_20260708,,selected_baseline_live,,,,,,,False,hospital_goal_C,2.6388,True,0.4703,-0.0339,0.2,-0.0339,True,armed,False,
livefinal_low_curvature_20260708_180949,119,11.700001,1783530592.844119,1.722396,-1.722557,-0.0,2.35636,0.2,-0.0339,0.199789,0.000818,camera_link,11.700001,gnm_closed_loop,,nominal,,True,ok,checkpoints/ablation_mnv2_baseline/best.pt,6.06,0.4703,-0.0339,0.1176,-0.001,0.3399,,,gnm_closed_loop,0.2,-0.0339,False,0,,isaac_live_final_20260708,,selected_baseline_live,,,,,,,False,hospital_goal_C,2.6356,True,0.4703,-0.0339,0.2,-0.0339,True,armed,False,
livefinal_low_curvature_20260708_180949,120,11.716667,1783530592.862158,1.720045,-1.720207,-0.0,2.356359,0.2,-0.0324,0.199788,0.001774,camera_link,11.716667,gnm_closed_loop,,nominal,,True,ok,checkpoints/ablation_mnv2_baseline/best.pt,4.93,0.4819,-0.0324,0.1205,-0.001,0.3358,,,gnm_closed_loop,0.2,-0.0324,False,0,,isaac_live_final_20260708,,selected_baseline_live,,,,,,,False,hospital_goal_C,2.6323,True,0.4819,-0.0324,0.2,-0.0324,True,armed,False,
livefinal_low_curvature_20260708_180949,121,11.733334,1783530592.864743,1.717695,-1.717857,-0.0,2.356357,0.2,-0.0324,0.199788,0.001774,camera_link,11.733334,gnm_closed_loop,,nominal,,True,ok,checkpoints/ablation_mnv2_baseline/best.pt,4.93,0.4819,-0.0324,0.1205,-0.001,0.3358,,,gnm_closed_loop,0.2,-0.0324,False,0,,isaac_live_final_20260708,,selected_baseline_live,,,,,,,False,hospital_goal_C,2.629,True,0.4819,-0.0324,0.2,-0.0324,True,armed,False,
livefinal_low_curvature_20260708_180949,122,11.750001,1783530592.866791,1.715344,-1.715507,-0.0,2.356356,0.2,-0.0324,0.199788,0.001774,camera_link,11.750001,gnm_closed_loop,,nominal,,True,ok,checkpoints/ablation_mnv2_baseline/best.pt,4.93,0.4819,-0.0324,0.1205,-0.001,0.3358,,,gnm_closed_loop,0.2,-0.0324,False,0,,isaac_live_final_20260708,,selected_baseline_live,,,,,,,False,hospital_goal_C,2.6257,True,0.4819,-0.0324,0.2,-0.0324,True,armed,False,
livefinal_low_curvature_20260708_180949,123,11.766667,1783530592.882934,1.712992,-1.713157,-0.0,2.356355,0.2,-0.0313,0.19981,0.001992,camera_link,11.766667,gnm_closed_loop,,nominal,,True,ok,checkpoints/ablation_mnv2_baseline/best.pt,4.59,0.4571,-0.0313,0.1143,-0.0009,0.3284,,,gnm_closed_loop,0.2,-0.0313,False,0,,isaac_live_final_20260708,,selected_baseline_live,,,,,,,False,hospital_goal_C,2.6224,True,0.4571,-0.0313,0.2,-0.0313,True,armed,False,
livefinal_low_curvature_20260708_180949,124,11.783334,1783530592.88523,1.710641,-1.710807,-0.0,2.356354,0.2,-0.0313,0.19981,0.001992,camera_link,11.783334,gnm_closed_loop,,nominal,,True,ok,checkpoints/ablation_mnv2_baseline/best.pt,4.59,0.4571,-0.0313,0.1143,-0.0009,0.3284,,,gnm_closed_loop,0.2,-0.0313,False,0,,isaac_live_final_20260708,,selected_baseline_live,,,,,,,False,hospital_goal_C,2.6191,True,0.4571,-0.0313,0.2,-0.0313,True,armed,False,
livefinal_low_curvature_20260708_180949,125,11.800001,1783530592.887039,1.70829,-1.708458,-0.0,2.356353,0.2,-0.0313,0.19981,0.001992,camera_link,11.800001,gnm_closed_loop,,nominal,,True,ok,checkpoints/ablation_mnv2_baseline/best.pt,4.59,0.4571,-0.0313,0.1143,-0.0009,0.3284,,,gnm_closed_loop,0.2,-0.0313,False,0,,isaac_live_final_20260708,,selected_baseline_live,,,,,,,False,hospital_goal_C,2.6158,True,0.4571,-0.0313,0.2,-0.0313,True,armed,False,
livefinal_low_curvature_20260708_180949,126,11.816667,1783530592.902723,1.70594,-1.706108,-0.0,2.356351,0.2,-0.0318,0.199814,0.001449,camera_link,11.816667,gnm_closed_loop,,nominal,,True,ok,checkpoints/ablation_mnv2_baseline/best.pt,4.64,0.4709,-0.0318,0.1177,-0.0009,0.3282,,,gnm_closed_loop,0.2,-0.0318,False,0,,isaac_live_final_20260708,,selected_baseline_live,,,,,,,False,hospital_goal_C,2.6126,True,0.4709,-0.0318,0.2,-0.0318,True,armed,False,
livefinal_low_curvature_20260708_180949,127,11.833334,1783530592.905791,1.703588,-1.703758,-0.0,2.356351,0.2,-0.0318,0.199814,0.001449,camera_link,11.833334,gnm_closed_loop,,nominal,,True,ok,checkpoints/ablation_mnv2_baseline/best.pt,4.64,0.4709,-0.0318,0.1177,-0.0009,0.3282,,,gnm_closed_loop,0.2,-0.0318,False,0,,isaac_live_final_20260708,,selected_baseline_live,,,,,,,False,hospital_goal_C,2.6093,True,0.4709,-0.0318,0.2,-0.0318,True,armed,False,
livefinal_low_curvature_20260708_180949,128,11.850001,1783530592.907685,1.701237,-1.701408,-0.0,2.356349,0.2,-0.0318,0.199814,0.001449,camera_link,11.850001,gnm_closed_loop,,nominal,,True,ok,checkpoints/ablation_mnv2_baseline/best.pt,4.64,0.4709,-0.0318,0.1177,-0.0009,0.3282,,,gnm_closed_loop,0.2,-0.0318,False,0,,isaac_live_final_20260708,,selected_baseline_live,,,,,,,False,hospital_goal_C,2.606,True,0.4709,-0.0318,0.2,-0.0318,True,armed,False,
livefinal_low_curvature_20260708_180949,129,11.866667,1783530592.925469,1.698886,-1.699058,-0.0,2.356348,0.2,-0.0315,0.199829,0.00182,camera_link,11.866667,gnm_closed_loop,,nominal,,True,ok,checkpoints/ablation_mnv2_baseline/best.pt,5.51,0.4744,-0.0315,0.1186,-0.0009,0.3319,,,gnm_closed_loop,0.2,-0.0315,False,0,,isaac_live_final_20260708,,selected_baseline_live,,,,,,,False,hospital_goal_C,2.6027,True,0.4744,-0.0315,0.2,-0.0315,True,armed,False,
livefinal_low_curvature_20260708_180949,130,11.883334,1783530592.927954,1.696535,-1.696708,-0.0,2.356347,0.2,-0.0315,0.199829,0.00182,camera_link,11.883334,gnm_closed_loop,,nominal,,True,ok,checkpoints/ablation_mnv2_baseline/best.pt,5.51,0.4744,-0.0315,0.1186,-0.0009,0.3319,,,gnm_closed_loop,0.2,-0.0315,False,0,,isaac_live_final_20260708,,selected_baseline_live,,,,,,,False,hospital_goal_C,2.5994,True,0.4744,-0.0315,0.2,-0.0315,True,armed,False,
livefinal_low_curvature_20260708_180949,131,11.900001,1783530592.930111,1.694184,-1.694357,-0.0,2.356346,0.2,-0.0315,0.199829,0.00182,camera_link,11.900001,gnm_closed_loop,,nominal,,True,ok,checkpoints/ablation_mnv2_baseline/best.pt,5.51,0.4744,-0.0315,0.1186,-0.0009,0.3319,,,gnm_closed_loop,0.2,-0.0315,False,0,,isaac_live_final_20260708,,selected_baseline_live,,,,,,,False,hospital_goal_C,2.5961,True,0.4744,-0.0315,0.2,-0.0315,True,armed,False,
livefinal_low_curvature_20260708_180949,132,11.916667,1783530592.945447,1.691832,-1.692007,-0.0,2.356345,0.2,-0.0314,0.199836,0.002097,camera_link,11.916667,gnm_closed_loop,,nominal,,True,ok,checkpoints/ablation_mnv2_baseline/best.pt,4.39,0.4728,-0.0314,0.1182,-0.0009,0.337,,,gnm_closed_loop,0.2,-0.0314,False,0,,isaac_live_final_20260708,,selected_baseline_live,,,,,,,False,hospital_goal_C,2.5928,True,0.4728,-0.0314,0.2,-0.0314,True,armed,False,
livefinal_low_curvature_20260708_180949,133,11.933334,1783530592.94789,1.689481,-1.689657,-0.0,2.356343,0.2,-0.0314,0.199836,0.002097,camera_link,11.933334,gnm_closed_loop,,nominal,,True,ok,checkpoints/ablation_mnv2_baseline/best.pt,4.39,0.4728,-0.0314,0.1182,-0.0009,0.337,,,gnm_closed_loop,0.2,-0.0314,False,0,,isaac_live_final_20260708,,selected_baseline_live,,,,,,,False,hospital_goal_C,2.5896,True,0.4728,-0.0314,0.2,-0.0314,True,armed,False,
livefinal_low_curvature_20260708_180949,134,11.950001,1783530592.9504,1.68713,-1.687307,-0.0,2.356342,0.2,-0.0314,0.199836,0.002097,camera_link,11.950001,gnm_closed_loop,,nominal,,True,ok,checkpoints/ablation_mnv2_baseline/best.pt,4.39,0.4728,-0.0314,0.1182,-0.0009,0.337,,,gnm_closed_loop,0.2,-0.0314,False,0,,isaac_live_final_20260708,,selected_baseline_live,,,,,,,False,hospital_goal_C,2.5863,True,0.4728,-0.0314,0.2,-0.0314,True,armed,False,
livefinal_low_curvature_20260708_180949,135,11.966667,1783530592.967469,1.684779,-1.684957,-0.0,2.356341,0.2,-0.0334,0.199874,0.001196,camera_link,11.966667,gnm_closed_loop,,nominal,,True,ok,checkpoints/ablation_mnv2_baseline/best.pt,4.75,0.4823,-0.0334,0.1206,-0.001,0.3413,,,gnm_closed_loop,0.2,-0.0334,False,0,,isaac_live_final_20260708,,selected_baseline_live,,,,,,,False,hospital_goal_C,2.583,True,0.4823,-0.0334,0.2,-0.0334,True,armed,False,
livefinal_low_curvature_20260708_180949,136,11.983334,1783530592.969767,1.682428,-1.682606,-0.0,2.35634,0.2,-0.0334,0.199874,0.001196,camera_link,11.983334,gnm_closed_loop,,nominal,,True,ok,checkpoints/ablation_mnv2_baseline/best.pt,4.75,0.4823,-0.0334,0.1206,-0.001,0.3413,,,gnm_closed_loop,0.2,-0.0334,False,0,,isaac_live_final_20260708,,selected_baseline_live,,,,,,,False,hospital_goal_C,2.5797,True,0.4823,-0.0334,0.2,-0.0334,True,armed,False,
livefinal_low_curvature_20260708_180949,137,12.000001,1783530592.971618,1.680077,-1.680256,-0.0,2.356339,0.2,-0.0334,0.199874,0.001196,camera_link,12.000001,gnm_closed_loop,,nominal,,True,ok,checkpoints/ablation_mnv2_baseline/best.pt,4.75,0.4823,-0.0334,0.1206,-0.001,0.3413,,,gnm_closed_loop,0.2,-0.0334,False,0,,isaac_live_final_20260708,,selected_baseline_live,,,,,,,False,hospital_goal_C,2.5764,True,0.4823,-0.0334,0.2,-0.0334,True,armed,False,
livefinal_low_curvature_20260708_180949,138,12.016667,1783530592.989602,1.677726,-1.677906,-0.0,2.356337,0.2,-0.0335,0.199848,0.002371,camera_link,12.016667,gnm_closed_loop,,nominal,,True,ok,checkpoints/ablation_mnv2_baseline/best.pt,4.59,0.4842,-0.0335,0.121,-0.001,0.3428,,,gnm_closed_loop,0.2,-0.0335,False,0,,isaac_live_final_20260708,,selected_baseline_live,,,,,,,False,hospital_goal_C,2.5731,True,0.4842,-0.0335,0.2,-0.0335,True,armed,False,
livefinal_low_curvature_20260708_180949,139,12.033334,1783530592.992237,1.675375,-1.675556,-0.0,2.356336,0.2,-0.0335,0.199848,0.002371,camera_link,12.033334,gnm_closed_loop,,nominal,,True,ok,checkpoints/ablation_mnv2_baseline/best.pt,4.59,0.4842,-0.0335,0.121,-0.001,0.3428,,,gnm_closed_loop,0.2,-0.0335,False,0,,isaac_live_final_20260708,,selected_baseline_live,,,,,,,False,hospital_goal_C,2.5698,True,0.4842,-0.0335,0.2,-0.0335,True,armed,False,
livefinal_low_curvature_20260708_180949,140,12.050001,1783530592.994749,1.673024,-1.673205,-0.0,2.356334,0.2,-0.0335,0.199848,0.002371,camera_link,12.050001,gnm_closed_loop,,nominal,,True,ok,checkpoints/ablation_mnv2_baseline/best.pt,4.59,0.4842,-0.0335,0.121,-0.001,0.3428,,,gnm_closed_loop,0.2,-0.0335,False,0,,isaac_live_final_20260708,,selected_baseline_live,,,,,,,False,hospital_goal_C,2.5666,True,0.4842,-0.0335,0.2,-0.0335,True,armed,False,
livefinal_low_curvature_20260708_180949,141,12.066667,1783530593.010785,1.670673,-1.670855,-0.0,2.356333,0.2,-0.032,0.199841,0.001331,camera_link,12.066667,gnm_closed_loop,,nominal,,True,ok,checkpoints/ablation_mnv2_baseline/best.pt,5.46,0.4825,-0.032,0.1206,-0.001,0.3429,,,gnm_closed_loop,0.2,-0.032,False,0,,isaac_live_final_20260708,,selected_baseline_live,,,,,,,False,hospital_goal_C,2.5633,True,0.4825,-0.032,0.2,-0.032,True,armed,False,
livefinal_low_curvature_20260708_180949,142,12.083334,1783530593.013333,1.668322,-1.668505,-0.0,2.356332,0.2,-0.032,0.199841,0.001331,camera_link,12.083334,gnm_closed_loop,,nominal,,True,ok,checkpoints/ablation_mnv2_baseline/best.pt,5.46,0.4825,-0.032,0.1206,-0.001,0.3429,,,gnm_closed_loop,0.2,-0.032,False,0,,isaac_live_final_20260708,,selected_baseline_live,,,,,,,False,hospital_goal_C,2.56,True,0.4825,-0.032,0.2,-0.032,True,armed,False,
livefinal_low_curvature_20260708_180949,143,12.100001,1783530593.015234,1.665971,-1.666155,-0.0,2.356331,0.2,-0.032,0.199841,0.001331,camera_link,12.100001,gnm_closed_loop,,nominal,,True,ok,checkpoints/ablation_mnv2_baseline/best.pt,5.46,0.4825,-0.032,0.1206,-0.001,0.3429,,,gnm_closed_loop,0.2,-0.032,False,0,,isaac_live_final_20260708,,selected_baseline_live,,,,,,,False,hospital_goal_C,2.5567,True,0.4825,-0.032,0.2,-0.032,True,armed,False,
livefinal_low_curvature_20260708_180949,144,12.116667,1783530593.032784,1.66362,-1.663805,-0.0,2.356329,0.2,-0.0348,0.199823,0.001022,camera_link,12.116667,gnm_closed_loop,,nominal,,True,ok,checkpoints/ablation_mnv2_baseline/best.pt,4.98,0.4836,-0.0348,0.1209,-0.0011,0.3459,,,gnm_closed_loop,0.2,-0.0348,False,0,,isaac_live_final_20260708,,selected_baseline_live,,,,,,,False,hospital_goal_C,2.5534,True,0.4836,-0.0348,0.2,-0.0348,True,armed,False,
livefinal_low_curvature_20260708_180949,145,12.133334,1783530593.03517,1.661269,-1.661455,-0.0,2.356329,0.2,-0.0348,0.199823,0.001022,camera_link,12.133334,gnm_closed_loop,,nominal,,True,ok,checkpoints/ablation_mnv2_baseline/best.pt,4.98,0.4836,-0.0348,0.1209,-0.0011,0.3459,,,gnm_closed_loop,0.2,-0.0348,False,0,,isaac_live_final_20260708,,selected_baseline_live,,,,,,,False,hospital_goal_C,2.5501,True,0.4836,-0.0348,0.2,-0.0348,True,armed,False,
livefinal_low_curvature_20260708_180949,146,12.150001,1783530593.037039,1.658918,-1.659105,-0.0,2.356328,0.2,-0.0348,0.199823,0.001022,camera_link,12.150001,gnm_closed_loop,,nominal,,True,ok,checkpoints/ablation_mnv2_baseline/best.pt,4.98,0.4836,-0.0348,0.1209,-0.0011,0.3459,,,gnm_closed_loop,0.2,-0.0348,False,0,,isaac_live_final_20260708,,selected_baseline_live,,,,,,,False,hospital_goal_C,2.5469,True,0.4836,-0.0348,0.2,-0.0348,True,armed,False,
livefinal_low_curvature_20260708_180949,147,12.166667,1783530593.054281,1.656567,-1.656755,-0.0,2.356327,0.2,-0.0339,0.199843,0.001556,camera_link,12.166667,gnm_closed_loop,,nominal,,True,ok,checkpoints/ablation_mnv2_baseline/best.pt,4.88,0.4971,-0.0339,0.1243,-0.0011,0.3458,,,gnm_closed_loop,0.2,-0.0339,False,0,,isaac_live_final_20260708,,selected_baseline_live,,,,,,,False,hospital_goal_C,2.5436,True,0.4971,-0.0339,0.2,-0.0339,True,armed,False,
livefinal_low_curvature_20260708_180949,148,12.183334,1783530593.057028,1.654217,-1.654405,-0.0,2.356325,0.2,-0.0339,0.199843,0.001556,camera_link,12.183334,gnm_closed_loop,,nominal,,True,ok,checkpoints/ablation_mnv2_baseline/best.pt,4.88,0.4971,-0.0339,0.1243,-0.0011,0.3458,,,gnm_closed_loop,0.2,-0.0339,False,0,,isaac_live_final_20260708,,selected_baseline_live,,,,,,,False,hospital_goal_C,2.5403,True,0.4971,-0.0339,0.2,-0.0339,True,armed,False,
livefinal_low_curvature_20260708_180949,149,12.200001,1783530593.059155,1.651866,-1.652054,-0.0,2.356323,0.2,-0.0339,0.199843,0.001556,camera_link,12.200001,gnm_closed_loop,,nominal,,True,ok,checkpoints/ablation_mnv2_baseline/best.pt,4.88,0.4971,-0.0339,0.1243,-0.0011,0.3458,,,gnm_closed_loop,0.2,-0.0339,False,0,,isaac_live_final_20260708,,selected_baseline_live,,,,,,,False,hospital_goal_C,2.537,True,0.4971,-0.0339,0.2,-0.0339,True,armed,False,
livefinal_low_curvature_20260708_180949,150,12.216667,1783530593.075703,1.649515,-1.649704,-0.0,2.356321,0.2,-0.0333,0.199828,0.001873,camera_link,12.216667,gnm_closed_loop,,nominal,,True,ok,checkpoints/ablation_mnv2_baseline/best.pt,4.86,0.4977,-0.0333,0.1244,-0.001,0.3472,,,gnm_closed_loop,0.2,-0.0333,False,0,,isaac_live_final_20260708,,selected_baseline_live,,,,,,,False,hospital_goal_C,2.5337,True,0.4977,-0.0333,0.2,-0.0333,True,armed,False,
livefinal_low_curvature_20260708_180949,151,12.233334,1783530593.078293,1.647164,-1.647354,-0.0,2.35632,0.2,-0.0333,0.199828,0.001873,camera_link,12.233334,gnm_closed_loop,,nominal,,True,ok,checkpoints/ablation_mnv2_baseline/best.pt,4.86,0.4977,-0.0333,0.1244,-0.001,0.3472,,,gnm_closed_loop,0.2,-0.0333,False,0,,isaac_live_final_20260708,,selected_baseline_live,,,,,,,False,hospital_goal_C,2.5304,True,0.4977,-0.0333,0.2,-0.0333,True,armed,False,
livefinal_low_curvature_20260708_180949,152,12.250001,1783530593.080243,1.644813,-1.645004,-0.0,2.356319,0.2,-0.0333,0.199828,0.001873,camera_link,12.250001,gnm_closed_loop,,nominal,,True,ok,checkpoints/ablation_mnv2_baseline/best.pt,4.86,0.4977,-0.0333,0.1244,-0.001,0.3472,,,gnm_closed_loop,0.2,-0.0333,False,0,,isaac_live_final_20260708,,selected_baseline_live,,,,,,,False,hospital_goal_C,2.5272,True,0.4977,-0.0333,0.2,-0.0333,True,armed,False,
livefinal_low_curvature_20260708_180949,153,12.266667,1783530593.097878,1.642462,-1.642654,-0.0,2.356319,0.2,-0.0344,0.199804,0.001873,camera_link,12.266667,gnm_closed_loop,,nominal,,True,ok,checkpoints/ablation_mnv2_baseline/best.pt,5.16,0.4782,-0.0344,0.1195,-0.001,0.346,,,gnm_closed_loop,0.2,-0.0344,False,0,,isaac_live_final_20260708,,selected_baseline_live,,,,,,,False,hospital_goal_C,2.5239,True,0.4782,-0.0344,0.2,-0.0344,True,armed,False,
livefinal_low_curvature_20260708_180949,154,12.283334,1783530593.100844,1.640111,-1.640303,-0.0,2.356318,0.2,-0.0344,0.199804,0.001873,camera_link,12.283334,gnm_closed_loop,,nominal,,True,ok,checkpoints/ablation_mnv2_baseline/best.pt,5.16,0.4782,-0.0344,0.1195,-0.001,0.346,,,gnm_closed_loop,0.2,-0.0344,False,0,,isaac_live_final_20260708,,selected_baseline_live,,,,,,,False,hospital_goal_C,2.5206,True,0.4782,-0.0344,0.2,-0.0344,True,armed,False,
livefinal_low_curvature_20260708_180949,155,12.300001,1783530593.103862,1.63776,-1.637953,-0.0,2.356316,0.2,-0.0344,0.199804,0.001873,camera_link,12.300001,gnm_closed_loop,,nominal,,True,ok,checkpoints/ablation_mnv2_baseline/best.pt,5.16,0.4782,-0.0344,0.1195,-0.001,0.346,,,gnm_closed_loop,0.2,-0.0344,False,0,,isaac_live_final_20260708,,selected_baseline_live,,,,,,,False,hospital_goal_C,2.5173,True,0.4782,-0.0344,0.2,-0.0344,True,armed,False,
livefinal_low_curvature_20260708_180949,156,12.316667,1783530593.122113,1.635409,-1.635603,-0.0,2.356315,0.2,-0.0412,0.199805,0.001989,camera_link,12.316667,gnm_closed_loop,,nominal,,True,ok,checkpoints/ablation_mnv2_baseline/best.pt,5.44,0.472,-0.0412,0.118,-0.0012,0.3512,,,gnm_closed_loop,0.2,-0.0412,False,0,,isaac_live_final_20260708,,selected_baseline_live,,,,,,,False,hospital_goal_C,2.514,True,0.472,-0.0412,0.2,-0.0412,True,armed,False,
livefinal_low_curvature_20260708_180949,157,12.333334,1783530593.12465,1.633059,-1.633253,-0.0,2.356313,0.2,-0.0412,0.199805,0.001989,camera_link,12.333334,gnm_closed_loop,,nominal,,True,ok,checkpoints/ablation_mnv2_baseline/best.pt,5.44,0.472,-0.0412,0.118,-0.0012,0.3512,,,gnm_closed_loop,0.2,-0.0412,False,0,,isaac_live_final_20260708,,selected_baseline_live,,,,,,,False,hospital_goal_C,2.5107,True,0.472,-0.0412,0.2,-0.0412,True,armed,False,
livefinal_low_curvature_20260708_180949,158,12.350001,1783530593.126581,1.630708,-1.630902,-0.0,2.356312,0.2,-0.0412,0.199805,0.001989,camera_link,12.350001,gnm_closed_loop,,nominal,,True,ok,checkpoints/ablation_mnv2_baseline/best.pt,5.44,0.472,-0.0412,0.118,-0.0012,0.3512,,,gnm_closed_loop,0.2,-0.0412,False,0,,isaac_live_final_20260708,,selected_baseline_live,,,,,,,False,hospital_goal_C,2.5075,True,0.472,-0.0412,0.2,-0.0412,True,armed,False,
livefinal_low_curvature_20260708_180949,159,12.366667,1783530593.144801,1.628357,-1.628552,-0.0,2.356311,0.2,-0.0431,0.199817,0.001409,camera_link,12.366667,gnm_closed_loop,,nominal,,True,ok,checkpoints/ablation_mnv2_baseline/best.pt,4.27,0.4693,-0.0431,0.1173,-0.0013,0.3507,,,gnm_closed_loop,0.2,-0.0431,False,0,,isaac_live_final_20260708,,selected_baseline_live,,,,,,,False,hospital_goal_C,2.5042,True,0.4693,-0.0431,0.2,-0.0431,True,armed,False,
livefinal_low_curvature_20260708_180949,160,12.383334,1783530593.14721,1.626006,-1.626202,-0.0,2.356309,0.2,-0.0431,0.199817,0.001409,camera_link,12.383334,gnm_closed_loop,,nominal,,True,ok,checkpoints/ablation_mnv2_baseline/best.pt,4.27,0.4693,-0.0431,0.1173,-0.0013,0.3507,,,gnm_closed_loop,0.2,-0.0431,False,0,,isaac_live_final_20260708,,selected_baseline_live,,,,,,,False,hospital_goal_C,2.5009,True,0.4693,-0.0431,0.2,-0.0431,True,armed,False,
livefinal_low_curvature_20260708_180949,161,12.400001,1783530593.149134,1.623655,-1.623851,-0.0,2.356308,0.2,-0.0431,0.199817,0.001409,camera_link,12.400001,gnm_closed_loop,,nominal,,True,ok,checkpoints/ablation_mnv2_baseline/best.pt,4.27,0.4693,-0.0431,0.1173,-0.0013,0.3507,,,gnm_closed_loop,0.2,-0.0431,False,0,,isaac_live_final_20260708,,selected_baseline_live,,,,,,,False,hospital_goal_C,2.4976,True,0.4693,-0.0431,0.2,-0.0431,True,armed,False,
livefinal_low_curvature_20260708_180949,162,12.416667,1783530593.164839,1.621304,-1.621501,-0.0,2.356306,0.2,-0.0399,0.199835,0.002051,camera_link,12.416667,gnm_closed_loop,,nominal,,True,ok,checkpoints/ablation_mnv2_baseline/best.pt,4.04,0.47,-0.0399,0.1175,-0.0012,0.3533,,,gnm_closed_loop,0.2,-0.0399,False,0,,isaac_live_final_20260708,,selected_baseline_live,,,,,,,False,hospital_goal_C,2.4943,True,0.47,-0.0399,0.2,-0.0399,True,armed,False,
livefinal_low_curvature_20260708_180949,163,12.433334,1783530593.167209,1.618953,-1.61915,-0.0,2.356305,0.2,-0.0399,0.199835,0.002051,camera_link,12.433334,gnm_closed_loop,,nominal,,True,ok,checkpoints/ablation_mnv2_baseline/best.pt,4.04,0.47,-0.0399,0.1175,-0.0012,0.3533,,,gnm_closed_loop,0.2,-0.0399,False,0,,isaac_live_final_20260708,,selected_baseline_live,,,,,,,False,hospital_goal_C,2.491,True,0.47,-0.0399,0.2,-0.0399,True,armed,False,
livefinal_low_curvature_20260708_180949,164,12.450001,1783530593.169354,1.616602,-1.6168,-0.0,2.356304,0.2,-0.0399,0.199835,0.002051,camera_link,12.450001,gnm_closed_loop,,nominal,,True,ok,checkpoints/ablation_mnv2_baseline/best.pt,4.04,0.47,-0.0399,0.1175,-0.0012,0.3533,,,gnm_closed_loop,0.2,-0.0399,False,0,,isaac_live_final_20260708,,selected_baseline_live,,,,,,,False,hospital_goal_C,2.4878,True,0.47,-0.0399,0.2,-0.0399,True,armed,False,
livefinal_low_curvature_20260708_180949,165,12.466667,1783530593.190974,1.614251,-1.614449,-0.0,2.356302,0.2,-0.0395,0.199793,0.002891,camera_link,12.466667,gnm_closed_loop,,nominal,,True,ok,checkpoints/ablation_mnv2_baseline/best.pt,7.01,0.471,-0.0395,0.1177,-0.0012,0.3524,,,gnm_closed_loop,0.2,-0.0395,False,0,,isaac_live_final_20260708,,selected_baseline_live,,,,,,,False,hospital_goal_C,2.4845,True,0.471,-0.0395,0.2,-0.0395,True,armed,False,
livefinal_low_curvature_20260708_180949,166,12.483334,1783530593.194101,1.6119,-1.612099,-0.0,2.356301,0.2,-0.0395,0.199793,0.002891,camera_link,12.483334,gnm_closed_loop,,nominal,,True,ok,checkpoints/ablation_mnv2_baseline/best.pt,7.01,0.471,-0.0395,0.1177,-0.0012,0.3524,,,gnm_closed_loop,0.2,-0.0395,False,0,,isaac_live_final_20260708,,selected_baseline_live,,,,,,,False,hospital_goal_C,2.4812,True,0.471,-0.0395,0.2,-0.0395,True,armed,False,
livefinal_low_curvature_20260708_180949,167,12.500001,1783530593.196207,1.609548,-1.609748,-0.0,2.3563,0.2,-0.0395,0.199793,0.002891,camera_link,12.500001,gnm_closed_loop,,nominal,,True,ok,checkpoints/ablation_mnv2_baseline/best.pt,7.01,0.471,-0.0395,0.1177,-0.0012,0.3524,,,gnm_closed_loop,0.2,-0.0395,False,0,,isaac_live_final_20260708,,selected_baseline_live,,,,,,,False,hospital_goal_C,2.4779,True,0.471,-0.0395,0.2,-0.0395,True,armed,False,
livefinal_low_curvature_20260708_180949,168,12.516667,1783530593.215323,1.607198,-1.607398,-0.0,2.356298,0.2,-0.039,0.199816,0.00168,camera_link,12.516667,gnm_closed_loop,,nominal,,True,ok,checkpoints/ablation_mnv2_baseline/best.pt,4.08,0.4802,-0.039,0.1201,-0.0012,0.354,,,gnm_closed_loop,0.2,-0.039,False,0,,isaac_live_final_20260708,,selected_baseline_live,,,,,,,False,hospital_goal_C,2.4746,True,0.4802,-0.039,0.2,-0.039,True,armed,False,
livefinal_low_curvature_20260708_180949,169,12.533334,1783530593.218683,1.604847,-1.605048,-0.0,2.356297,0.2,-0.039,0.199816,0.00168,camera_link,12.533334,gnm_closed_loop,,nominal,,True,ok,checkpoints/ablation_mnv2_baseline/best.pt,4.08,0.4802,-0.039,0.1201,-0.0012,0.354,,,gnm_closed_loop,0.2,-0.039,False,0,,isaac_live_final_20260708,,selected_baseline_live,,,,,,,False,hospital_goal_C,2.4714,True,0.4802,-0.039,0.2,-0.039,True,armed,False,
livefinal_low_curvature_20260708_180949,170,12.550001,1783530593.220789,1.602496,-1.602698,-0.0,2.356295,0.2,-0.039,0.199816,0.00168,camera_link,12.550001,gnm_closed_loop,,nominal,,True,ok,checkpoints/ablation_mnv2_baseline/best.pt,4.08,0.4802,-0.039,0.1201,-0.0012,0.354,,,gnm_closed_loop,0.2,-0.039,False,0,,isaac_live_final_20260708,,selected_baseline_live,,,,,,,False,hospital_goal_C,2.4681,True,0.4802,-0.039,0.2,-0.039,True,armed,False,
livefinal_low_curvature_20260708_180949,171,12.566667,1783530593.240538,1.600145,-1.600348,-0.0,2.356294,0.2,-0.0373,0.199809,0.002069,camera_link,12.566667,gnm_closed_loop,,nominal,,True,ok,checkpoints/ablation_mnv2_baseline/best.pt,5.1,0.4771,-0.0373,0.1193,-0.0011,0.3546,,,gnm_closed_loop,0.2,-0.0373,False,0,,isaac_live_final_20260708,,selected_baseline_live,,,,,,,False,hospital_goal_C,2.4648,True,0.4771,-0.0373,0.2,-0.0373,True,armed,False,
livefinal_low_curvature_20260708_180949,172,12.583334,1783530593.243445,1.597795,-1.597997,-0.0,2.356292,0.2,-0.0373,0.199809,0.002069,camera_link,12.583334,gnm_closed_loop,,nominal,,True,ok,checkpoints/ablation_mnv2_baseline/best.pt,5.1,0.4771,-0.0373,0.1193,-0.0011,0.3546,,,gnm_closed_loop,0.2,-0.0373,False,0,,isaac_live_final_20260708,,selected_baseline_live,,,,,,,False,hospital_goal_C,2.4615,True,0.4771,-0.0373,0.2,-0.0373,True,armed,False,
livefinal_low_curvature_20260708_180949,173,12.600001,1783530593.245524,1.595444,-1.595647,-0.0,2.356291,0.2,-0.0373,0.199809,0.002069,camera_link,12.600001,gnm_closed_loop,,nominal,,True,ok,checkpoints/ablation_mnv2_baseline/best.pt,5.1,0.4771,-0.0373,0.1193,-0.0011,0.3546,,,gnm_closed_loop,0.2,-0.0373,False,0,,isaac_live_final_20260708,,selected_baseline_live,,,,,,,False,hospital_goal_C,2.4582,True,0.4771,-0.0373,0.2,-0.0373,True,armed,False,
livefinal_low_curvature_20260708_180949,174,12.616667,1783530593.267169,1.593093,-1.593297,-0.0,2.35629,0.2,-0.0369,0.199824,0.002777,camera_link,12.616667,gnm_closed_loop,,nominal,,True,ok,checkpoints/ablation_mnv2_baseline/best.pt,6.33,0.4811,-0.0369,0.1203,-0.0011,0.3547,,,gnm_closed_loop,0.2,-0.0369,False,0,,isaac_live_final_20260708,,selected_baseline_live,,,,,,,False,hospital_goal_C,2.4549,True,0.4811,-0.0369,0.2,-0.0369,True,armed,False,
livefinal_low_curvature_20260708_180949,175,12.633334,1783530593.270191,1.590742,-1.590947,-0.0,2.356289,0.2,-0.0369,0.199824,0.002777,camera_link,12.633334,gnm_closed_loop,,nominal,,True,ok,checkpoints/ablation_mnv2_baseline/best.pt,6.33,0.4811,-0.0369,0.1203,-0.0011,0.3547,,,gnm_closed_loop,0.2,-0.0369,False,0,,isaac_live_final_20260708,,selected_baseline_live,,,,,,,False,hospital_goal_C,2.4517,True,0.4811,-0.0369,0.2,-0.0369,True,armed,False,
livefinal_low_curvature_20260708_180949,176,12.650001,1783530593.272995,1.588391,-1.588596,-0.0,2.356287,0.2,-0.0369,0.199824,0.002777,camera_link,12.650001,gnm_closed_loop,,nominal,,True,ok,checkpoints/ablation_mnv2_baseline/best.pt,6.33,0.4811,-0.0369,0.1203,-0.0011,0.3547,,,gnm_closed_loop,0.2,-0.0369,False,0,,isaac_live_final_20260708,,selected_baseline_live,,,,,,,False,hospital_goal_C,2.4484,True,0.4811,-0.0369,0.2,-0.0369,True,armed,False,
livefinal_low_curvature_20260708_180949,177,12.666667,1783530593.290119,1.58604,-1.586246,-0.0,2.356285,0.2,-0.0379,0.199857,0.002007,camera_link,12.666667,gnm_closed_loop,,nominal,,True,ok,checkpoints/ablation_mnv2_baseline/best.pt,4.37,0.4704,-0.0379,0.1176,-0.0011,0.3523,,,gnm_closed_loop,0.2,-0.0379,False,0,,isaac_live_final_20260708,,selected_baseline_live,,,,,,,False,hospital_goal_C,2.4451,True,0.4704,-0.0379,0.2,-0.0379,True,armed,False,
livefinal_low_curvature_20260708_180949,178,12.683334,1783530593.292431,1.583688,-1.583895,-0.0,2.356284,0.2,-0.0379,0.199857,0.002007,camera_link,12.683334,gnm_closed_loop,,nominal,,True,ok,checkpoints/ablation_mnv2_baseline/best.pt,4.37,0.4704,-0.0379,0.1176,-0.0011,0.3523,,,gnm_closed_loop,0.2,-0.0379,False,0,,isaac_live_final_20260708,,selected_baseline_live,,,,,,,False,hospital_goal_C,2.4418,True,0.4704,-0.0379,0.2,-0.0379,True,armed,False,
livefinal_low_curvature_20260708_180949,179,12.700001,1783530593.294483,1.581336,-1.581544,-0.0,2.356283,0.2,-0.0379,0.199857,0.002007,camera_link,12.700001,gnm_closed_loop,,nominal,,True,ok,checkpoints/ablation_mnv2_baseline/best.pt,4.37,0.4704,-0.0379,0.1176,-0.0011,0.3523,,,gnm_closed_loop,0.2,-0.0379,False,0,,isaac_live_final_20260708,,selected_baseline_live,,,,,,,False,hospital_goal_C,2.4385,True,0.4704,-0.0379,0.2,-0.0379,True,armed,False,
livefinal_low_curvature_20260708_180949,180,12.716667,1783530593.310913,1.578985,-1.579194,-0.0,2.356282,0.2,-0.0335,0.19978,0.001624,camera_link,12.716667,gnm_closed_loop,,nominal,,True,ok,checkpoints/ablation_mnv2_baseline/best.pt,4.71,0.4649,-0.0335,0.1162,-0.001,0.3527,,,gnm_closed_loop,0.2,-0.0335,False,0,,isaac_live_final_20260708,,selected_baseline_live,,,,,,,False,hospital_goal_C,2.4353,True,0.4649,-0.0335,0.2,-0.0335,True,armed,False,
livefinal_low_curvature_20260708_180949,181,12.733334,1783530593.315022,1.576634,-1.576843,-0.0,2.356281,0.2,-0.0335,0.19978,0.001624,camera_link,12.733334,gnm_closed_loop,,nominal,,True,ok,checkpoints/ablation_mnv2_baseline/best.pt,4.71,0.4649,-0.0335,0.1162,-0.001,0.3527,,,gnm_closed_loop,0.2,-0.0335,False,0,,isaac_live_final_20260708,,selected_baseline_live,,,,,,,False,hospital_goal_C,2.432,True,0.4649,-0.0335,0.2,-0.0335,True,armed,False,
livefinal_low_curvature_20260708_180949,182,12.750001,1783530593.317537,1.574283,-1.574493,-0.0,2.35628,0.2,-0.0335,0.19978,0.001624,camera_link,12.750001,gnm_closed_loop,,nominal,,True,ok,checkpoints/ablation_mnv2_baseline/best.pt,4.71,0.4649,-0.0335,0.1162,-0.001,0.3527,,,gnm_closed_loop,0.2,-0.0335,False,0,,isaac_live_final_20260708,,selected_baseline_live,,,,,,,False,hospital_goal_C,2.4287,True,0.4649,-0.0335,0.2,-0.0335,True,armed,False,
livefinal_low_curvature_20260708_180949,183,12.766667,1783530593.343422,1.571933,-1.572143,-0.0,2.356278,0.2,-0.0292,0.199798,0.002034,camera_link,12.766667,gnm_closed_loop,,nominal,,True,ok,checkpoints/ablation_mnv2_baseline/best.pt,6.58,0.482,-0.0292,0.1205,-0.0009,0.3501,,,gnm_closed_loop,0.2,-0.0292,False,0,,isaac_live_final_20260708,,selected_baseline_live,,,,,,,False,hospital_goal_C,2.4254,True,0.482,-0.0292,0.2,-0.0292,True,armed,False,
livefinal_low_curvature_20260708_180949,184,12.783334,1783530593.346124,1.569582,-1.569793,-0.0,2.356277,0.2,-0.0292,0.199798,0.002034,camera_link,12.783334,gnm_closed_loop,,nominal,,True,ok,checkpoints/ablation_mnv2_baseline/best.pt,6.58,0.482,-0.0292,0.1205,-0.0009,0.3501,,,gnm_closed_loop,0.2,-0.0292,False,0,,isaac_live_final_20260708,,selected_baseline_live,,,,,,,False,hospital_goal_C,2.4221,True,0.482,-0.0292,0.2,-0.0292,True,armed,False,
livefinal_low_curvature_20260708_180949,185,12.800001,1783530593.347991,1.567231,-1.567442,-0.0,2.356276,0.2,-0.0292,0.199798,0.002034,camera_link,12.800001,gnm_closed_loop,,nominal,,True,ok,checkpoints/ablation_mnv2_baseline/best.pt,6.58,0.482,-0.0292,0.1205,-0.0009,0.3501,,,gnm_closed_loop,0.2,-0.0292,False,0,,isaac_live_final_20260708,,selected_baseline_live,,,,,,,False,hospital_goal_C,2.4189,True,0.482,-0.0292,0.2,-0.0292,True,armed,False,
livefinal_low_curvature_20260708_180949,186,12.816667,1783530593.365472,1.56488,-1.565092,-0.0,2.356274,0.2,-0.0285,0.199817,0.001557,camera_link,12.816667,gnm_closed_loop,,nominal,,True,ok,checkpoints/ablation_mnv2_baseline/best.pt,5.44,0.4841,-0.0285,0.121,-0.0009,0.3512,,,gnm_closed_loop,0.2,-0.0285,False,0,,isaac_live_final_20260708,,selected_baseline_live,,,,,,,False,hospital_goal_C,2.4156,True,0.4841,-0.0285,0.2,-0.0285,True,armed,False,
livefinal_low_curvature_20260708_180949,187,12.833334,1783530593.367929,1.562528,-1.562741,-0.0,2.356273,0.2,-0.0285,0.199817,0.001557,camera_link,12.833334,gnm_closed_loop,,nominal,,True,ok,checkpoints/ablation_mnv2_baseline/best.pt,5.44,0.4841,-0.0285,0.121,-0.0009,0.3512,,,gnm_closed_loop,0.2,-0.0285,False,0,,isaac_live_final_20260708,,selected_baseline_live,,,,,,,False,hospital_goal_C,2.4123,True,0.4841,-0.0285,0.2,-0.0285,True,armed,False,
livefinal_low_curvature_20260708_180949,188,12.850001,1783530593.370602,1.560177,-1.560391,-0.0,2.356273,0.2,-0.0285,0.199817,0.001557,camera_link,12.850001,gnm_closed_loop,,nominal,,True,ok,checkpoints/ablation_mnv2_baseline/best.pt,5.44,0.4841,-0.0285,0.121,-0.0009,0.3512,,,gnm_closed_loop,0.2,-0.0285,False,0,,isaac_live_final_20260708,,selected_baseline_live,,,,,,,False,hospital_goal_C,2.409,True,0.4841,-0.0285,0.2,-0.0285,True,armed,False,
livefinal_low_curvature_20260708_180949,189,12.866667,1783530593.385661,1.557826,-1.558041,-0.0,2.356272,0.2,-0.029,0.199832,0.001904,camera_link,12.866667,gnm_closed_loop,,nominal,,True,ok,checkpoints/ablation_mnv2_baseline/best.pt,4.55,0.4926,-0.029,0.1231,-0.0009,0.354,,,gnm_closed_loop,0.2,-0.029,False,0,,isaac_live_final_20260708,,selected_baseline_live,,,,,,,False,hospital_goal_C,2.4057,True,0.4926,-0.029,0.2,-0.029,True,armed,False,
livefinal_low_curvature_20260708_180949,190,12.883334,1783530593.387999,1.555475,-1.55569,-0.0,2.356271,0.2,-0.029,0.199832,0.001904,camera_link,12.883334,gnm_closed_loop,,nominal,,True,ok,checkpoints/ablation_mnv2_baseline/best.pt,4.55,0.4926,-0.029,0.1231,-0.0009,0.354,,,gnm_closed_loop,0.2,-0.029,False,0,,isaac_live_final_20260708,,selected_baseline_live,,,,,,,False,hospital_goal_C,2.4025,True,0.4926,-0.029,0.2,-0.029,True,armed,False,
livefinal_low_curvature_20260708_180949,191,12.900001,1783530593.389858,1.553124,-1.55334,-0.0,2.35627,0.2,-0.029,0.199832,0.001904,camera_link,12.900001,gnm_closed_loop,,nominal,,True,ok,checkpoints/ablation_mnv2_baseline/best.pt,4.55,0.4926,-0.029,0.1231,-0.0009,0.354,,,gnm_closed_loop,0.2,-0.029,False,0,,isaac_live_final_20260708,,selected_baseline_live,,,,,,,False,hospital_goal_C,2.3992,True,0.4926,-0.029,0.2,-0.029,True,armed,False,
livefinal_low_curvature_20260708_180949,192,12.916667,1783530593.413281,1.550773,-1.55099,-0.0,2.35627,0.2,-0.0276,0.199827,0.001307,camera_link,12.916667,gnm_closed_loop,,nominal,,True,ok,checkpoints/ablation_mnv2_baseline/best.pt,7.62,0.5052,-0.0276,0.1263,-0.0009,0.3512,,,gnm_closed_loop,0.2,-0.0276,False,0,,isaac_live_final_20260708,,selected_baseline_live,,,,,,,False,hospital_goal_C,2.3959,True,0.5052,-0.0276,0.2,-0.0276,True,armed,False,
livefinal_low_curvature_20260708_180949,193,12.933334,1783530593.417912,1.548422,-1.548639,-0.0,2.356269,0.2,-0.0276,0.199827,0.001307,camera_link,12.933334,gnm_closed_loop,,nominal,,True,ok,checkpoints/ablation_mnv2_baseline/best.pt,7.62,0.5052,-0.0276,0.1263,-0.0009,0.3512,,,gnm_closed_loop,0.2,-0.0276,False,0,,isaac_live_final_20260708,,selected_baseline_live,,,,,,,False,hospital_goal_C,2.3926,True,0.5052,-0.0276,0.2,-0.0276,True,armed,False,
livefinal_low_curvature_20260708_180949,194,12.950001,1783530593.420856,1.546071,-1.546289,-0.0,2.356268,0.2,-0.0276,0.199827,0.001307,camera_link,12.950001,gnm_closed_loop,,nominal,,True,ok,checkpoints/ablation_mnv2_baseline/best.pt,7.62,0.5052,-0.0276,0.1263,-0.0009,0.3512,,,gnm_closed_loop,0.2,-0.0276,False,0,,isaac_live_final_20260708,,selected_baseline_live,,,,,,,False,hospital_goal_C,2.3893,True,0.5052,-0.0276,0.2,-0.0276,True,armed,False,
livefinal_low_curvature_20260708_180949,195,12.966667,1783530593.439258,1.54372,-1.543938,-0.0,2.356266,0.2,-0.024,0.199822,0.001164,camera_link,12.966667,gnm_closed_loop,,nominal,,True,ok,checkpoints/ablation_mnv2_baseline/best.pt,5.63,0.5031,-0.024,0.1258,-0.0008,0.3511,,,gnm_closed_loop,0.2,-0.024,False,0,,isaac_live_final_20260708,,selected_baseline_live,,,,,,,False,hospital_goal_C,2.3861,True,0.5031,-0.024,0.2,-0.024,True,armed,False,
livefinal_low_curvature_20260708_180949,196,12.983334,1783530593.44206,1.541369,-1.541588,-0.0,2.356266,0.2,-0.024,0.199822,0.001164,camera_link,12.983334,gnm_closed_loop,,nominal,,True,ok,checkpoints/ablation_mnv2_baseline/best.pt,5.63,0.5031,-0.024,0.1258,-0.0008,0.3511,,,gnm_closed_loop,0.2,-0.024,False,0,,isaac_live_final_20260708,,selected_baseline_live,,,,,,,False,hospital_goal_C,2.3828,True,0.5031,-0.024,0.2,-0.024,True,armed,False,
livefinal_low_curvature_20260708_180949,197,13.000001,1783530593.445567,1.539018,-1.539237,-0.0,2.356265,0.2,-0.024,0.199822,0.001164,camera_link,13.000001,gnm_closed_loop,,nominal,,True,ok,checkpoints/ablation_mnv2_baseline/best.pt,5.63,0.5031,-0.024,0.1258,-0.0008,0.3511,,,gnm_closed_loop,0.2,-0.024,False,0,,isaac_live_final_20260708,,selected_baseline_live,,,,,,,False,hospital_goal_C,2.3795,True,0.5031,-0.024,0.2,-0.024,True,armed,False,
livefinal_low_curvature_20260708_180949,198,13.016667,1783530593.468727,1.536667,-1.536887,-0.0,2.356264,0.2,-0.0234,0.199835,0.001319,camera_link,13.016667,gnm_closed_loop,,nominal,,True,ok,checkpoints/ablation_mnv2_baseline/best.pt,4.78,0.5096,-0.0234,0.1274,-0.0007,0.3498,,,gnm_closed_loop,0.2,-0.0234,False,0,,isaac_live_final_20260708,,selected_baseline_live,,,,,,,False,hospital_goal_C,2.3762,True,0.5096,-0.0234,0.2,-0.0234,True,armed,False,
livefinal_low_curvature_20260708_180949,199,13.033334,1783530593.470994,1.534316,-1.534537,-0.0,2.356263,0.2,-0.0234,0.199835,0.001319,camera_link,13.033334,gnm_closed_loop,,nominal,,True,ok,checkpoints/ablation_mnv2_baseline/best.pt,4.78,0.5096,-0.0234,0.1274,-0.0007,0.3498,,,gnm_closed_loop,0.2,-0.0234,False,0,,isaac_live_final_20260708,,selected_baseline_live,,,,,,,False,hospital_goal_C,2.373,True,0.5096,-0.0234,0.2,-0.0234,True,armed,False,
livefinal_low_curvature_20260708_180949,200,13.050001,1783530593.474022,1.531965,-1.532188,-0.0,2.356262,0.2,-0.0234,0.199835,0.001319,camera_link,13.050001,gnm_closed_loop,,nominal,,True,ok,checkpoints/ablation_mnv2_baseline/best.pt,4.78,0.5096,-0.0234,0.1274,-0.0007,0.3498,,,gnm_closed_loop,0.2,-0.0234,False,0,,isaac_live_final_20260708,,selected_baseline_live,,,,,,,False,hospital_goal_C,2.3697,True,0.5096,-0.0234,0.2,-0.0234,True,armed,False,
livefinal_low_curvature_20260708_180949,201,13.066667,1783530593.491995,1.529614,-1.529837,-0.0,2.356262,0.2,-0.0243,0.199853,0.000204,camera_link,13.066667,gnm_closed_loop,,nominal,,True,ok,checkpoints/ablation_mnv2_baseline/best.pt,6.69,0.53,-0.0243,0.1325,-0.0008,0.3538,,,gnm_closed_loop,0.2,-0.0243,False,0,,isaac_live_final_20260708,,selected_baseline_live,,,,,,,False,hospital_goal_C,2.3664,True,0.53,-0.0243,0.2,-0.0243,True,armed,False,
livefinal_low_curvature_20260708_180949,202,13.083334,1783530593.495369,1.527263,-1.527486,-0.0,2.356261,0.2,-0.0243,0.199853,0.000204,camera_link,13.083334,gnm_closed_loop,,nominal,,True,ok,checkpoints/ablation_mnv2_baseline/best.pt,6.69,0.53,-0.0243,0.1325,-0.0008,0.3538,,,gnm_closed_loop,0.2,-0.0243,False,0,,isaac_live_final_20260708,,selected_baseline_live,,,,,,,False,hospital_goal_C,2.3631,True,0.53,-0.0243,0.2,-0.0243,True,armed,False,
livefinal_low_curvature_20260708_180949,203,13.100001,1783530593.497543,1.524912,-1.525136,-0.0,2.356261,0.2,-0.0243,0.199853,0.000204,camera_link,13.100001,gnm_closed_loop,,nominal,,True,ok,checkpoints/ablation_mnv2_baseline/best.pt,6.69,0.53,-0.0243,0.1325,-0.0008,0.3538,,,gnm_closed_loop,0.2,-0.0243,False,0,,isaac_live_final_20260708,,selected_baseline_live,,,,,,,False,hospital_goal_C,2.3598,True,0.53,-0.0243,0.2,-0.0243,True,armed,False,
livefinal_low_curvature_20260708_180949,204,13.116667,1783530593.515274,1.522562,-1.522786,-0.0,2.35626,0.2,-0.0234,0.199825,0.00074,camera_link,13.116667,gnm_closed_loop,,nominal,,True,ok,checkpoints/ablation_mnv2_baseline/best.pt,4.88,0.5323,-0.0234,0.1331,-0.0008,0.3555,,,gnm_closed_loop,0.2,-0.0234,False,0,,isaac_live_final_20260708,,selected_baseline_live,,,,,,,False,hospital_goal_C,2.3566,True,0.5323,-0.0234,0.2,-0.0234,True,armed,False,
livefinal_low_curvature_20260708_180949,205,13.133334,1783530593.518462,1.520211,-1.520435,-0.0,2.356259,0.2,-0.0234,0.199825,0.00074,camera_link,13.133334,gnm_closed_loop,,nominal,,True,ok,checkpoints/ablation_mnv2_baseline/best.pt,4.88,0.5323,-0.0234,0.1331,-0.0008,0.3555,,,gnm_closed_loop,0.2,-0.0234,False,0,,isaac_live_final_20260708,,selected_baseline_live,,,,,,,False,hospital_goal_C,2.3533,True,0.5323,-0.0234,0.2,-0.0234,True,armed,False,
livefinal_low_curvature_20260708_180949,206,13.150001,1783530593.520541,1.51786,-1.518085,-0.0,2.356258,0.2,-0.0234,0.199825,0.00074,camera_link,13.150001,gnm_closed_loop,,nominal,,True,ok,checkpoints/ablation_mnv2_baseline/best.pt,4.88,0.5323,-0.0234,0.1331,-0.0008,0.3555,,,gnm_closed_loop,0.2,-0.0234,False,0,,isaac_live_final_20260708,,selected_baseline_live,,,,,,,False,hospital_goal_C,2.35,True,0.5323,-0.0234,0.2,-0.0234,True,armed,False,
livefinal_low_curvature_20260708_180949,207,13.166667,1783530593.538576,1.515509,-1.515735,-0.0,2.356257,0.2,-0.0249,0.199822,0.000999,camera_link,13.166667,gnm_closed_loop,,nominal,,True,ok,checkpoints/ablation_mnv2_baseline/best.pt,5.83,0.5399,-0.0249,0.135,-0.0008,0.3512,,,gnm_closed_loop,0.2,-0.0249,False,0,,isaac_live_final_20260708,,selected_baseline_live,,,,,,,False,hospital_goal_C,2.3467,True,0.5399,-0.0249,0.2,-0.0249,True,armed,False,
livefinal_low_curvature_20260708_180949,208,13.183334,1783530593.541177,1.513158,-1.513384,-0.0,2.356257,0.2,-0.0249,0.199822,0.000999,camera_link,13.183334,gnm_closed_loop,,nominal,,True,ok,checkpoints/ablation_mnv2_baseline/best.pt,5.83,0.5399,-0.0249,0.135,-0.0008,0.3512,,,gnm_closed_loop,0.2,-0.0249,False,0,,isaac_live_final_20260708,,selected_baseline_live,,,,,,,False,hospital_goal_C,2.3435,True,0.5399,-0.0249,0.2,-0.0249,True,armed,False,
livefinal_low_curvature_20260708_180949,209,13.200001,1783530593.543196,1.510808,-1.511033,-0.0,2.356255,0.2,-0.0249,0.199822,0.000999,camera_link,13.200001,gnm_closed_loop,,nominal,,True,ok,checkpoints/ablation_mnv2_baseline/best.pt,5.83,0.5399,-0.0249,0.135,-0.0008,0.3512,,,gnm_closed_loop,0.2,-0.0249,False,0,,isaac_live_final_20260708,,selected_baseline_live,,,,,,,False,hospital_goal_C,2.3402,True,0.5399,-0.0249,0.2,-0.0249,True,armed,False,
livefinal_low_curvature_20260708_180949,210,13.216667,1783530593.559625,1.508456,-1.508682,-0.0,2.356254,0.2,-0.0285,0.199837,0.00038,camera_link,13.216667,gnm_closed_loop,,nominal,,True,ok,checkpoints/ablation_mnv2_baseline/best.pt,4.46,0.5279,-0.0285,0.132,-0.0009,0.3488,,,gnm_closed_loop,0.2,-0.0285,False,0,,isaac_live_final_20260708,,selected_baseline_live,,,,,,,False,hospital_goal_C,2.3369,True,0.5279,-0.0285,0.2,-0.0285,True,armed,False,
livefinal_low_curvature_20260708_180949,211,13.233334,1783530593.562433,1.506106,-1.506332,-0.0,2.356253,0.2,-0.0285,0.199837,0.00038,camera_link,13.233334,gnm_closed_loop,,nominal,,True,ok,checkpoints/ablation_mnv2_baseline/best.pt,4.46,0.5279,-0.0285,0.132,-0.0009,0.3488,,,gnm_closed_loop,0.2,-0.0285,False,0,,isaac_live_final_20260708,,selected_baseline_live,,,,,,,False,hospital_goal_C,2.3336,True,0.5279,-0.0285,0.2,-0.0285,True,armed,False,
livefinal_low_curvature_20260708_180949,212,13.250001,1783530593.564351,1.503755,-1.503982,-0.0,2.356252,0.2,-0.0285,0.199837,0.00038,camera_link,13.250001,gnm_closed_loop,,nominal,,True,ok,checkpoints/ablation_mnv2_baseline/best.pt,4.46,0.5279,-0.0285,0.132,-0.0009,0.3488,,,gnm_closed_loop,0.2,-0.0285,False,0,,isaac_live_final_20260708,,selected_baseline_live,,,,,,,False,hospital_goal_C,2.3304,True,0.5279,-0.0285,0.2,-0.0285,True,armed,False,
livefinal_low_curvature_20260708_180949,213,13.266667,1783530593.583111,1.501404,-1.501631,-0.0,2.356251,0.2,-0.0268,0.199823,0.001452,camera_link,13.266667,gnm_closed_loop,,nominal,,True,ok,checkpoints/ablation_mnv2_baseline/best.pt,5.89,0.5316,-0.0268,0.1329,-0.0009,0.3434,,,gnm_closed_loop,0.2,-0.0268,False,0,,isaac_live_final_20260708,,selected_baseline_live,,,,,,,False,hospital_goal_C,2.3271,True,0.5316,-0.0268,0.2,-0.0268,True,armed,False,
livefinal_low_curvature_20260708_180949,214,13.283334,1783530593.587098,1.499053,-1.499281,-0.0,2.35625,0.2,-0.0268,0.199823,0.001452,camera_link,13.283334,gnm_closed_loop,,nominal,,True,ok,checkpoints/ablation_mnv2_baseline/best.pt,5.89,0.5316,-0.0268,0.1329,-0.0009,0.3434,,,gnm_closed_loop,0.2,-0.0268,False,0,,isaac_live_final_20260708,,selected_baseline_live,,,,,,,False,hospital_goal_C,2.3238,True,0.5316,-0.0268,0.2,-0.0268,True,armed,False,
livefinal_low_curvature_20260708_180949,215,13.300001,1783530593.774042,1.496703,-1.49693,-0.0,2.356249,0.2,-0.0268,0.199823,0.001452,camera_link,13.300001,gnm_closed_loop,,nominal,,True,ok,checkpoints/ablation_mnv2_baseline/best.pt,5.89,0.5316,-0.0268,0.1329,-0.0009,0.3434,,,gnm_closed_loop,0.2,-0.0268,False,0,,isaac_live_final_20260708,,selected_baseline_live,,,,,,,False,hospital_goal_C,2.3205,True,0.5316,-0.0268,0.2,-0.0268,True,armed,False,
livefinal_low_curvature_20260708_180949,216,13.316667,1783530593.789546,1.494352,-1.49458,-0.0,2.356249,0.2,-0.0237,0.199849,0.00161,camera_link,13.316667,gnm_closed_loop,,nominal,,True,ok,checkpoints/ablation_mnv2_baseline/best.pt,4.77,0.5196,-0.0237,0.1299,-0.0008,0.337,,,gnm_closed_loop,0.2,-0.0237,False,0,,isaac_live_final_20260708,,selected_baseline_live,,,,,,,False,hospital_goal_C,2.3173,True,0.5196,-0.0237,0.2,-0.0237,True,armed,False,
livefinal_low_curvature_20260708_180949,217,13.333334,1783530593.792158,1.492,-1.492229,-0.0,2.356248,0.2,-0.0237,0.199849,0.00161,camera_link,13.333334,gnm_closed_loop,,nominal,,True,ok,checkpoints/ablation_mnv2_baseline/best.pt,4.77,0.5196,-0.0237,0.1299,-0.0008,0.337,,,gnm_closed_loop,0.2,-0.0237,False,0,,isaac_live_final_20260708,,selected_baseline_live,,,,,,,False,hospital_goal_C,2.314,True,0.5196,-0.0237,0.2,-0.0237,True,armed,False,
livefinal_low_curvature_20260708_180949,218,13.350001,1783530593.794099,1.489649,-1.489879,-0.0,2.356247,0.2,-0.0237,0.199849,0.00161,camera_link,13.350001,gnm_closed_loop,,nominal,,True,ok,checkpoints/ablation_mnv2_baseline/best.pt,4.77,0.5196,-0.0237,0.1299,-0.0008,0.337,,,gnm_closed_loop,0.2,-0.0237,False,0,,isaac_live_final_20260708,,selected_baseline_live,,,,,,,False,hospital_goal_C,2.3107,True,0.5196,-0.0237,0.2,-0.0237,True,armed,False,
livefinal_low_curvature_20260708_180949,219,13.366667,1783530593.810659,1.487298,-1.487528,-0.0,2.356246,0.2,-0.0217,0.199832,0.001325,camera_link,13.366667,gnm_closed_loop,,nominal,,True,ok,checkpoints/ablation_mnv2_baseline/best.pt,4.71,0.5035,-0.0217,0.1259,-0.0007,0.3335,,,gnm_closed_loop,0.2,-0.0217,False,0,,isaac_live_final_20260708,,selected_baseline_live,,,,,,,False,hospital_goal_C,2.3074,True,0.5035,-0.0217,0.2,-0.0217,True,armed,False,
livefinal_low_curvature_20260708_180949,220,13.383334,1783530593.812892,1.484948,-1.485177,-0.0,2.356245,0.2,-0.0217,0.199832,0.001325,camera_link,13.383334,gnm_closed_loop,,nominal,,True,ok,checkpoints/ablation_mnv2_baseline/best.pt,4.71,0.5035,-0.0217,0.1259,-0.0007,0.3335,,,gnm_closed_loop,0.2,-0.0217,False,0,,isaac_live_final_20260708,,selected_baseline_live,,,,,,,False,hospital_goal_C,2.3042,True,0.5035,-0.0217,0.2,-0.0217,True,armed,False,
livefinal_low_curvature_20260708_180949,221,13.400001,1783530593.814789,1.482597,-1.482827,-0.0,2.356245,0.2,-0.0217,0.199832,0.001325,camera_link,13.400001,gnm_closed_loop,,nominal,,True,ok,checkpoints/ablation_mnv2_baseline/best.pt,4.71,0.5035,-0.0217,0.1259,-0.0007,0.3335,,,gnm_closed_loop,0.2,-0.0217,False,0,,isaac_live_final_20260708,,selected_baseline_live,,,,,,,False,hospital_goal_C,2.3009,True,0.5035,-0.0217,0.2,-0.0217,True,armed,False,
livefinal_low_curvature_20260708_180949,222,13.416667,1783530593.831334,1.480246,-1.480476,-0.0,2.356244,0.2,-0.0191,0.199825,0.001318,camera_link,13.416667,gnm_closed_loop,,nominal,,True,ok,checkpoints/ablation_mnv2_baseline/best.pt,4.5,0.4971,-0.0191,0.1243,-0.0006,0.3379,,,gnm_closed_loop,0.2,-0.0191,False,0,,isaac_live_final_20260708,,selected_baseline_live,,,,,,,False,hospital_goal_C,2.2976,True,0.4971,-0.0191,0.2,-0.0191,True,armed,False,
livefinal_low_curvature_20260708_180949,223,13.433334,1783530593.833891,1.477896,-1.478125,-0.0,2.356243,0.2,-0.0191,0.199825,0.001318,camera_link,13.433334,gnm_closed_loop,,nominal,,True,ok,checkpoints/ablation_mnv2_baseline/best.pt,4.5,0.4971,-0.0191,0.1243,-0.0006,0.3379,,,gnm_closed_loop,0.2,-0.0191,False,0,,isaac_live_final_20260708,,selected_baseline_live,,,,,,,False,hospital_goal_C,2.2943,True,0.4971,-0.0191,0.2,-0.0191,True,armed,False,
livefinal_low_curvature_20260708_180949,224,13.450001,1783530593.835878,1.475545,-1.475775,-0.0,2.356243,0.2,-0.0191,0.199825,0.001318,camera_link,13.450001,gnm_closed_loop,,nominal,,True,ok,checkpoints/ablation_mnv2_baseline/best.pt,4.5,0.4971,-0.0191,0.1243,-0.0006,0.3379,,,gnm_closed_loop,0.2,-0.0191,False,0,,isaac_live_final_20260708,,selected_baseline_live,,,,,,,False,hospital_goal_C,2.2911,True,0.4971,-0.0191,0.2,-0.0191,True,armed,False,
livefinal_low_curvature_20260708_180949,225,13.466667,1783530593.855214,1.473194,-1.473425,-0.0,2.356243,0.2,-0.0155,0.199836,0.001326,camera_link,13.466667,gnm_closed_loop,,nominal,,True,ok,checkpoints/ablation_mnv2_baseline/best.pt,4.59,0.4836,-0.0155,0.1209,-0.0005,0.3369,,,gnm_closed_loop,0.2,-0.0155,False,0,,isaac_live_final_20260708,,selected_baseline_live,,,,,,,False,hospital_goal_C,2.2878,True,0.4836,-0.0155,0.2,-0.0155,True,armed,False,
livefinal_low_curvature_20260708_180949,226,13.483334,1783530593.857616,1.470843,-1.471074,-0.0,2.356242,0.2,-0.0155,0.199836,0.001326,camera_link,13.483334,gnm_closed_loop,,nominal,,True,ok,checkpoints/ablation_mnv2_baseline/best.pt,4.59,0.4836,-0.0155,0.1209,-0.0005,0.3369,,,gnm_closed_loop,0.2,-0.0155,False,0,,isaac_live_final_20260708,,selected_baseline_live,,,,,,,False,hospital_goal_C,2.2845,True,0.4836,-0.0155,0.2,-0.0155,True,armed,False,
livefinal_low_curvature_20260708_180949,227,13.500001,1783530593.860079,1.468492,-1.468724,-0.0,2.356241,0.2,-0.0155,0.199836,0.001326,camera_link,13.500001,gnm_closed_loop,,nominal,,True,ok,checkpoints/ablation_mnv2_baseline/best.pt,4.59,0.4836,-0.0155,0.1209,-0.0005,0.3369,,,gnm_closed_loop,0.2,-0.0155,False,0,,isaac_live_final_20260708,,selected_baseline_live,,,,,,,False,hospital_goal_C,2.2812,True,0.4836,-0.0155,0.2,-0.0155,True,armed,False,
livefinal_low_curvature_20260708_180949,228,13.516667,1783530593.880975,1.466142,-1.466373,-0.0,2.35624,0.2,-0.0153,0.199831,0.001495,camera_link,13.516667,gnm_closed_loop,,nominal,,True,ok,checkpoints/ablation_mnv2_baseline/best.pt,5.75,0.4817,-0.0153,0.1204,-0.0005,0.3343,,,gnm_closed_loop,0.2,-0.0153,False,0,,isaac_live_final_20260708,,selected_baseline_live,,,,,,,False,hospital_goal_C,2.278,True,0.4817,-0.0153,0.2,-0.0153,True,armed,False,
livefinal_low_curvature_20260708_180949,229,13.533334,1783530593.883875,1.463791,-1.464023,-0.0,2.356239,0.2,-0.0153,0.199831,0.001495,camera_link,13.533334,gnm_closed_loop,,nominal,,True,ok,checkpoints/ablation_mnv2_baseline/best.pt,5.75,0.4817,-0.0153,0.1204,-0.0005,0.3343,,,gnm_closed_loop,0.2,-0.0153,False,0,,isaac_live_final_20260708,,selected_baseline_live,,,,,,,False,hospital_goal_C,2.2747,True,0.4817,-0.0153,0.2,-0.0153,True,armed,False,
livefinal_low_curvature_20260708_180949,230,13.550001,1783530593.885971,1.46144,-1.461673,-0.0,2.356239,0.2,-0.0153,0.199831,0.001495,camera_link,13.550001,gnm_closed_loop,,nominal,,True,ok,checkpoints/ablation_mnv2_baseline/best.pt,5.75,0.4817,-0.0153,0.1204,-0.0005,0.3343,,,gnm_closed_loop,0.2,-0.0153,False,0,,isaac_live_final_20260708,,selected_baseline_live,,,,,,,False,hospital_goal_C,2.2714,True,0.4817,-0.0153,0.2,-0.0153,True,armed,False,
livefinal_low_curvature_20260708_180949,231,13.566667,1783530593.902227,1.459088,-1.459322,-0.0,2.356238,0.2,-0.0178,0.199855,0.000277,camera_link,13.566667,gnm_closed_loop,,nominal,,True,ok,checkpoints/ablation_mnv2_baseline/best.pt,4.6,0.4877,-0.0178,0.1219,-0.0005,0.3359,,,gnm_closed_loop,0.2,-0.0178,False,0,,isaac_live_final_20260708,,selected_baseline_live,,,,,,,False,hospital_goal_C,2.2681,True,0.4877,-0.0178,0.2,-0.0178,True,armed,False,
livefinal_low_curvature_20260708_180949,232,13.583334,1783530593.90482,1.456737,-1.456971,-0.0,2.356238,0.2,-0.0178,0.199855,0.000277,camera_link,13.583334,gnm_closed_loop,,nominal,,True,ok,checkpoints/ablation_mnv2_baseline/best.pt,4.6,0.4877,-0.0178,0.1219,-0.0005,0.3359,,,gnm_closed_loop,0.2,-0.0178,False,0,,isaac_live_final_20260708,,selected_baseline_live,,,,,,,False,hospital_goal_C,2.2649,True,0.4877,-0.0178,0.2,-0.0178,True,armed,False,
livefinal_low_curvature_20260708_180949,233,13.600001,1783530593.90682,1.454386,-1.454621,-0.0,2.356237,0.2,-0.0178,0.199855,0.000277,camera_link,13.600001,gnm_closed_loop,,nominal,,True,ok,checkpoints/ablation_mnv2_baseline/best.pt,4.6,0.4877,-0.0178,0.1219,-0.0005,0.3359,,,gnm_closed_loop,0.2,-0.0178,False,0,,isaac_live_final_20260708,,selected_baseline_live,,,,,,,False,hospital_goal_C,2.2616,True,0.4877,-0.0178,0.2,-0.0178,True,armed,False,
livefinal_low_curvature_20260708_180949,234,13.616667,1783530593.925224,1.452036,-1.45227,-0.0,2.356236,0.2,-0.021,0.199836,0.000777,camera_link,13.616667,gnm_closed_loop,,nominal,,True,ok,checkpoints/ablation_mnv2_baseline/best.pt,5.86,0.4908,-0.021,0.1227,-0.0006,0.337,,,gnm_closed_loop,0.2,-0.021,False,0,,isaac_live_final_20260708,,selected_baseline_live,,,,,,,False,hospital_goal_C,2.2583,True,0.4908,-0.021,0.2,-0.021,True,armed,False,
livefinal_low_curvature_20260708_180949,235,13.633334,1783530593.928603,1.449685,-1.44992,-0.0,2.356236,0.2,-0.021,0.199836,0.000777,camera_link,13.633334,gnm_closed_loop,,nominal,,True,ok,checkpoints/ablation_mnv2_baseline/best.pt,5.86,0.4908,-0.021,0.1227,-0.0006,0.337,,,gnm_closed_loop,0.2,-0.021,False,0,,isaac_live_final_20260708,,selected_baseline_live,,,,,,,False,hospital_goal_C,2.255,True,0.4908,-0.021,0.2,-0.021,True,armed,False,
livefinal_low_curvature_20260708_180949,236,13.650001,1783530593.930481,1.447334,-1.44757,-0.0,2.356235,0.2,-0.021,0.199836,0.000777,camera_link,13.650001,gnm_closed_loop,,nominal,,True,ok,checkpoints/ablation_mnv2_baseline/best.pt,5.86,0.4908,-0.021,0.1227,-0.0006,0.337,,,gnm_closed_loop,0.2,-0.021,False,0,,isaac_live_final_20260708,,selected_baseline_live,,,,,,,False,hospital_goal_C,2.2518,True,0.4908,-0.021,0.2,-0.021,True,armed,False,
livefinal_low_curvature_20260708_180949,237,13.666667,1783530593.95072,1.444983,-1.445219,-0.0,2.356234,0.2,-0.0218,0.199846,0.000229,camera_link,13.666667,gnm_closed_loop,,nominal,,True,ok,checkpoints/ablation_mnv2_baseline/best.pt,6.68,0.4931,-0.0218,0.1233,-0.0007,0.334,,,gnm_closed_loop,0.2,-0.0218,False,0,,isaac_live_final_20260708,,selected_baseline_live,,,,,,,False,hospital_goal_C,2.2485,True,0.4931,-0.0218,0.2,-0.0218,True,armed,False,
livefinal_low_curvature_20260708_180949,238,13.683334,1783530593.95353,1.442633,-1.442869,-0.0,2.356234,0.2,-0.0218,0.199846,0.000229,camera_link,13.683334,gnm_closed_loop,,nominal,,True,ok,checkpoints/ablation_mnv2_baseline/best.pt,6.68,0.4931,-0.0218,0.1233,-0.0007,0.334,,,gnm_closed_loop,0.2,-0.0218,False,0,,isaac_live_final_20260708,,selected_baseline_live,,,,,,,False,hospital_goal_C,2.2452,True,0.4931,-0.0218,0.2,-0.0218,True,armed,False,
livefinal_low_curvature_20260708_180949,239,13.700001,1783530593.956229,1.440282,-1.440518,-0.0,2.356234,0.2,-0.0218,0.199846,0.000229,camera_link,13.700001,gnm_closed_loop,,nominal,,True,ok,checkpoints/ablation_mnv2_baseline/best.pt,6.68,0.4931,-0.0218,0.1233,-0.0007,0.334,,,gnm_closed_loop,0.2,-0.0218,False,0,,isaac_live_final_20260708,,selected_baseline_live,,,,,,,False,hospital_goal_C,2.242,True,0.4931,-0.0218,0.2,-0.0218,True,armed,False,
livefinal_low_curvature_20260708_180949,240,13.716667,1783530593.973578,1.437931,-1.438167,-0.0,2.356233,0.2,-0.0218,0.199832,0.001548,camera_link,13.716667,gnm_closed_loop,,nominal,,True,ok,checkpoints/ablation_mnv2_baseline/best.pt,4.75,0.5023,-0.0218,0.1256,-0.0007,0.3329,,,gnm_closed_loop,0.2,-0.0218,False,0,,isaac_live_final_20260708,,selected_baseline_live,,,,,,,False,hospital_goal_C,2.2387,True,0.5023,-0.0218,0.2,-0.0218,True,armed,False,
livefinal_low_curvature_20260708_180949,241,13.733334,1783530593.975893,1.43558,-1.435817,-0.0,2.356231,0.2,-0.0218,0.199832,0.001548,camera_link,13.733334,gnm_closed_loop,,nominal,,True,ok,checkpoints/ablation_mnv2_baseline/best.pt,4.75,0.5023,-0.0218,0.1256,-0.0007,0.3329,,,gnm_closed_loop,0.2,-0.0218,False,0,,isaac_live_final_20260708,,selected_baseline_live,,,,,,,False,hospital_goal_C,2.2354,True,0.5023,-0.0218,0.2,-0.0218,True,armed,False,
livefinal_low_curvature_20260708_180949,242,13.750001,1783530593.977758,1.433229,-1.433466,-0.0,2.35623,0.2,-0.0218,0.199832,0.001548,camera_link,13.750001,gnm_closed_loop,,nominal,,True,ok,checkpoints/ablation_mnv2_baseline/best.pt,4.75,0.5023,-0.0218,0.1256,-0.0007,0.3329,,,gnm_closed_loop,0.2,-0.0218,False,0,,isaac_live_final_20260708,,selected_baseline_live,,,,,,,False,hospital_goal_C,2.2321,True,0.5023,-0.0218,0.2,-0.0218,True,armed,False,
livefinal_low_curvature_20260708_180949,243,13.766667,1783530593.998916,1.430878,-1.431116,-0.0,2.35623,0.2,-0.016,0.199857,-0.000183,camera_link,13.766667,gnm_closed_loop,,nominal,,True,ok,checkpoints/ablation_mnv2_baseline/best.pt,8.51,0.5209,-0.016,0.1302,-0.0005,0.3337,,,gnm_closed_loop,0.2,-0.016,False,0,,isaac_live_final_20260708,,selected_baseline_live,,,,,,,False,hospital_goal_C,2.2289,True,0.5209,-0.016,0.2,-0.016,True,armed,False,
livefinal_low_curvature_20260708_180949,244,13.783334,1783530594.003265,1.428527,-1.428765,-0.0,2.35623,0.2,-0.016,0.199857,-0.000183,camera_link,13.783334,gnm_closed_loop,,nominal,,True,ok,checkpoints/ablation_mnv2_baseline/best.pt,8.51,0.5209,-0.016,0.1302,-0.0005,0.3337,,,gnm_closed_loop,0.2,-0.016,False,0,,isaac_live_final_20260708,,selected_baseline_live,,,,,,,False,hospital_goal_C,2.2256,True,0.5209,-0.016,0.2,-0.016,True,armed,False,
livefinal_low_curvature_20260708_180949,245,13.800001,1783530594.007918,1.426177,-1.426414,-0.0,2.356229,0.2,-0.016,0.199857,-0.000183,camera_link,13.800001,gnm_closed_loop,,nominal,,True,ok,checkpoints/ablation_mnv2_baseline/best.pt,8.51,0.5209,-0.016,0.1302,-0.0005,0.3337,,,gnm_closed_loop,0.2,-0.016,False,0,,isaac_live_final_20260708,,selected_baseline_live,,,,,,,False,hospital_goal_C,2.2223,True,0.5209,-0.016,0.2,-0.016,True,armed,False,
livefinal_low_curvature_20260708_180949,246,13.816667,1783530594.037474,1.423826,-1.424064,-0.0,2.356228,0.2,-0.0145,0.199871,0.001008,camera_link,13.816667,gnm_closed_loop,,nominal,,True,ok,checkpoints/ablation_mnv2_baseline/best.pt,8.41,0.5372,-0.0145,0.1343,-0.0005,0.3341,,,gnm_closed_loop,0.2,-0.0145,False,0,,isaac_live_final_20260708,,selected_baseline_live,,,,,,,False,hospital_goal_C,2.2191,True,0.5372,-0.0145,0.2,-0.0145,True,armed,False,
livefinal_low_curvature_20260708_180949,247,13.833334,1783530594.041793,1.421475,-1.421713,-0.0,2.356228,0.2,-0.0145,0.199871,0.001008,camera_link,13.833334,gnm_closed_loop,,nominal,,True,ok,checkpoints/ablation_mnv2_baseline/best.pt,8.41,0.5372,-0.0145,0.1343,-0.0005,0.3341,,,gnm_closed_loop,0.2,-0.0145,False,0,,isaac_live_final_20260708,,selected_baseline_live,,,,,,,False,hospital_goal_C,2.2158,True,0.5372,-0.0145,0.2,-0.0145,True,armed,False,
livefinal_low_curvature_20260708_180949,248,13.850001,1783530594.044432,1.419124,-1.419363,-0.0,2.356228,0.2,-0.0145,0.199871,0.001008,camera_link,13.850001,gnm_closed_loop,,nominal,,True,ok,checkpoints/ablation_mnv2_baseline/best.pt,8.41,0.5372,-0.0145,0.1343,-0.0005,0.3341,,,gnm_closed_loop,0.2,-0.0145,False,0,,isaac_live_final_20260708,,selected_baseline_live,,,,,,,False,hospital_goal_C,2.2125,True,0.5372,-0.0145,0.2,-0.0145,True,armed,False,
livefinal_low_curvature_20260708_180949,249,13.866667,1783530594.065687,1.416773,-1.417013,-0.0,2.356227,0.2,-0.0152,0.19983,0.000815,camera_link,13.866667,gnm_closed_loop,,nominal,,True,ok,checkpoints/ablation_mnv2_baseline/best.pt,4.4,0.526,-0.0152,0.1315,-0.0005,0.3342,,,gnm_closed_loop,0.2,-0.0152,False,0,,isaac_live_final_20260708,,selected_baseline_live,,,,,,,False,hospital_goal_C,2.2092,True,0.526,-0.0152,0.2,-0.0152,True,armed,False,
livefinal_low_curvature_20260708_180949,250,13.883334,1783530594.069464,1.414422,-1.414662,-0.0,2.356227,0.2,-0.0152,0.19983,0.000815,camera_link,13.883334,gnm_closed_loop,,nominal,,True,ok,checkpoints/ablation_mnv2_baseline/best.pt,4.4,0.526,-0.0152,0.1315,-0.0005,0.3342,,,gnm_closed_loop,0.2,-0.0152,False,0,,isaac_live_final_20260708,,selected_baseline_live,,,,,,,False,hospital_goal_C,2.206,True,0.526,-0.0152,0.2,-0.0152,True,armed,False,
livefinal_low_curvature_20260708_180949,251,13.900001,1783530594.07328,1.412071,-1.412311,-0.0,2.356226,0.2,-0.0152,0.19983,0.000815,camera_link,13.900001,gnm_closed_loop,,nominal,,True,ok,checkpoints/ablation_mnv2_baseline/best.pt,4.4,0.526,-0.0152,0.1315,-0.0005,0.3342,,,gnm_closed_loop,0.2,-0.0152,False,0,,isaac_live_final_20260708,,selected_baseline_live,,,,,,,False,hospital_goal_C,2.2027,True,0.526,-0.0152,0.2,-0.0152,True,armed,False,
livefinal_low_curvature_20260708_180949,252,13.916667,1783530594.098029,1.40972,-1.40996,-0.0,2.356226,0.2,-0.0158,0.199866,0.000605,camera_link,13.916667,gnm_closed_loop,,nominal,,True,ok,checkpoints/ablation_mnv2_baseline/best.pt,6.48,0.514,-0.0158,0.1285,-0.0005,0.3329,,,gnm_closed_loop,0.2,-0.0158,False,0,,isaac_live_final_20260708,,selected_baseline_live,,,,,,,False,hospital_goal_C,2.1994,True,0.514,-0.0158,0.2,-0.0158,True,armed,False,
livefinal_low_curvature_20260708_180949,253,13.933334,1783530594.100661,1.407369,-1.407609,-0.0,2.356226,0.2,-0.0158,0.199866,0.000605,camera_link,13.933334,gnm_closed_loop,,nominal,,True,ok,checkpoints/ablation_mnv2_baseline/best.pt,6.48,0.514,-0.0158,0.1285,-0.0005,0.3329,,,gnm_closed_loop,0.2,-0.0158,False,0,,isaac_live_final_20260708,,selected_baseline_live,,,,,,,False,hospital_goal_C,2.1962,True,0.514,-0.0158,0.2,-0.0158,True,armed,False,
livefinal_low_curvature_20260708_180949,254,13.950001,1783530594.103196,1.405017,-1.405258,-0.0,2.356225,0.2,-0.0158,0.199866,0.000605,camera_link,13.950001,gnm_closed_loop,,nominal,,True,ok,checkpoints/ablation_mnv2_baseline/best.pt,6.48,0.514,-0.0158,0.1285,-0.0005,0.3329,,,gnm_closed_loop,0.2,-0.0158,False,0,,isaac_live_final_20260708,,selected_baseline_live,,,,,,,False,hospital_goal_C,2.1929,True,0.514,-0.0158,0.2,-0.0158,True,armed,False,
livefinal_low_curvature_20260708_180949,255,13.966667,1783530594.123204,1.402666,-1.402907,-0.0,2.356224,0.2,-0.0175,0.199795,0.001744,camera_link,13.966667,gnm_closed_loop,,nominal,,True,ok,checkpoints/ablation_mnv2_baseline/best.pt,6.07,0.5043,-0.0175,0.1261,-0.0006,0.3327,,,gnm_closed_loop,0.2,-0.0175,False,0,,isaac_live_final_20260708,,selected_baseline_live,,,,,,,False,hospital_goal_C,2.1896,True,0.5043,-0.0175,0.2,-0.0175,True,armed,False,
livefinal_low_curvature_20260708_180949,256,13.983334,1783530594.125661,1.400315,-1.400557,-0.0,2.356223,0.2,-0.0175,0.199795,0.001744,camera_link,13.983334,gnm_closed_loop,,nominal,,True,ok,checkpoints/ablation_mnv2_baseline/best.pt,6.07,0.5043,-0.0175,0.1261,-0.0006,0.3327,,,gnm_closed_loop,0.2,-0.0175,False,0,,isaac_live_final_20260708,,selected_baseline_live,,,,,,,False,hospital_goal_C,2.1863,True,0.5043,-0.0175,0.2,-0.0175,True,armed,False,
livefinal_low_curvature_20260708_180949,257,14.000001,1783530594.127616,1.397964,-1.398207,-0.0,2.356222,0.2,-0.0175,0.199795,0.001744,camera_link,14.000001,gnm_closed_loop,,nominal,,True,ok,checkpoints/ablation_mnv2_baseline/best.pt,6.07,0.5043,-0.0175,0.1261,-0.0006,0.3327,,,gnm_closed_loop,0.2,-0.0175,False,0,,isaac_live_final_20260708,,selected_baseline_live,,,,,,,False,hospital_goal_C,2.1831,True,0.5043,-0.0175,0.2,-0.0175,True,armed,False,
livefinal_low_curvature_20260708_180949,258,14.016667,1783530594.143949,1.395613,-1.395856,-0.0,2.356222,0.2,-0.0211,0.199837,0.001298,camera_link,14.016667,gnm_closed_loop,,nominal,,True,ok,checkpoints/ablation_mnv2_baseline/best.pt,4.55,0.5008,-0.0211,0.1252,-0.0007,0.3379,,,gnm_closed_loop,0.2,-0.0211,False,0,,isaac_live_final_20260708,,selected_baseline_live,,,,,,,False,hospital_goal_C,2.1798,True,0.5008,-0.0211,0.2,-0.0211,True,armed,False,
livefinal_low_curvature_20260708_180949,259,14.033334,1783530594.146203,1.393263,-1.393506,-0.0,2.35622,0.2,-0.0211,0.199837,0.001298,camera_link,14.033334,gnm_closed_loop,,nominal,,True,ok,checkpoints/ablation_mnv2_baseline/best.pt,4.55,0.5008,-0.0211,0.1252,-0.0007,0.3379,,,gnm_closed_loop,0.2,-0.0211,False,0,,isaac_live_final_20260708,,selected_baseline_live,,,,,,,False,hospital_goal_C,2.1765,True,0.5008,-0.0211,0.2,-0.0211,True,armed,False,
livefinal_low_curvature_20260708_180949,260,14.050001,1783530594.148127,1.390911,-1.391155,-0.0,2.35622,0.2,-0.0211,0.199837,0.001298,camera_link,14.050001,gnm_closed_loop,,nominal,,True,ok,checkpoints/ablation_mnv2_baseline/best.pt,4.55,0.5008,-0.0211,0.1252,-0.0007,0.3379,,,gnm_closed_loop,0.2,-0.0211,False,0,,isaac_live_final_20260708,,selected_baseline_live,,,,,,,False,hospital_goal_C,2.1733,True,0.5008,-0.0211,0.2,-0.0211,True,armed,False,
livefinal_low_curvature_20260708_180949,261,14.066667,1783530594.168121,1.388561,-1.388805,-0.0,2.356219,0.2,-0.0154,0.199826,0.000806,camera_link,14.066667,gnm_closed_loop,,nominal,,True,ok,checkpoints/ablation_mnv2_baseline/best.pt,5.26,0.495,-0.0154,0.1238,-0.0005,0.3394,,,gnm_closed_loop,0.2,-0.0154,False,0,,isaac_live_final_20260708,,selected_baseline_live,,,,,,,False,hospital_goal_C,2.17,True,0.495,-0.0154,0.2,-0.0154,True,armed,False,
livefinal_low_curvature_20260708_180949,262,14.083334,1783530594.170905,1.38621,-1.386455,-0.0,2.356219,0.2,-0.0154,0.199826,0.000806,camera_link,14.083334,gnm_closed_loop,,nominal,,True,ok,checkpoints/ablation_mnv2_baseline/best.pt,5.26,0.495,-0.0154,0.1238,-0.0005,0.3394,,,gnm_closed_loop,0.2,-0.0154,False,0,,isaac_live_final_20260708,,selected_baseline_live,,,,,,,False,hospital_goal_C,2.1667,True,0.495,-0.0154,0.2,-0.0154,True,armed,False,
livefinal_low_curvature_20260708_180949,263,14.100001,1783530594.17345,1.383859,-1.384104,-0.0,2.356218,0.2,-0.0154,0.199826,0.000806,camera_link,14.100001,gnm_closed_loop,,nominal,,True,ok,checkpoints/ablation_mnv2_baseline/best.pt,5.26,0.495,-0.0154,0.1238,-0.0005,0.3394,,,gnm_closed_loop,0.2,-0.0154,False,0,,isaac_live_final_20260708,,selected_baseline_live,,,,,,,False,hospital_goal_C,2.1635,True,0.495,-0.0154,0.2,-0.0154,True,armed,False,
livefinal_low_curvature_20260708_180949,264,14.116667,1783530594.191195,1.381508,-1.381753,-0.0,2.356218,0.2,-0.0161,0.199855,0.000763,camera_link,14.116667,gnm_closed_loop,,nominal,,True,ok,checkpoints/ablation_mnv2_baseline/best.pt,5.49,0.5093,-0.0161,0.1273,-0.0005,0.3405,,,gnm_closed_loop,0.2,-0.0161,False,0,,isaac_live_final_20260708,,selected_baseline_live,,,,,,,False,hospital_goal_C,2.1602,True,0.5093,-0.0161,0.2,-0.0161,True,armed,False,
livefinal_low_curvature_20260708_180949,265,14.133334,1783530594.194348,1.379157,-1.379402,-0.0,2.356218,0.2,-0.0161,0.199855,0.000763,camera_link,14.133334,gnm_closed_loop,,nominal,,True,ok,checkpoints/ablation_mnv2_baseline/best.pt,5.49,0.5093,-0.0161,0.1273,-0.0005,0.3405,,,gnm_closed_loop,0.2,-0.0161,False,0,,isaac_live_final_20260708,,selected_baseline_live,,,,,,,False,hospital_goal_C,2.1569,True,0.5093,-0.0161,0.2,-0.0161,True,armed,False,
livefinal_low_curvature_20260708_180949,266,14.150001,1783530594.19618,1.376806,-1.37705,-0.0,2.356217,0.2,-0.0161,0.199855,0.000763,camera_link,14.150001,gnm_closed_loop,,nominal,,True,ok,checkpoints/ablation_mnv2_baseline/best.pt,5.49,0.5093,-0.0161,0.1273,-0.0005,0.3405,,,gnm_closed_loop,0.2,-0.0161,False,0,,isaac_live_final_20260708,,selected_baseline_live,,,,,,,False,hospital_goal_C,2.1537,True,0.5093,-0.0161,0.2,-0.0161,True,armed,False,
livefinal_low_curvature_20260708_180949,267,14.166667,1783530594.216645,1.374455,-1.374701,-0.0,2.356217,0.2,-0.016,0.199835,0.000552,camera_link,14.166667,gnm_closed_loop,,nominal,,True,ok,checkpoints/ablation_mnv2_baseline/best.pt,5.63,0.5021,-0.016,0.1255,-0.0005,0.341,,,gnm_closed_loop,0.2,-0.016,False,0,,isaac_live_final_20260708,,selected_baseline_live,,,,,,,False,hospital_goal_C,2.1504,True,0.5021,-0.016,0.2,-0.016,True,armed,False,
livefinal_low_curvature_20260708_180949,268,14.183334,1783530594.219606,1.372104,-1.37235,-0.0,2.356216,0.2,-0.016,0.199835,0.000552,camera_link,14.183334,gnm_closed_loop,,nominal,,True,ok,checkpoints/ablation_mnv2_baseline/best.pt,5.63,0.5021,-0.016,0.1255,-0.0005,0.341,,,gnm_closed_loop,0.2,-0.016,False,0,,isaac_live_final_20260708,,selected_baseline_live,,,,,,,False,hospital_goal_C,2.1471,True,0.5021,-0.016,0.2,-0.016,True,armed,False,
livefinal_low_curvature_20260708_180949,269,14.200001,1783530594.222264,1.369753,-1.369999,-0.0,2.356215,0.2,-0.016,0.199835,0.000552,camera_link,14.200001,gnm_closed_loop,,nominal,,True,ok,checkpoints/ablation_mnv2_baseline/best.pt,5.63,0.5021,-0.016,0.1255,-0.0005,0.341,,,gnm_closed_loop,0.2,-0.016,False,0,,isaac_live_final_20260708,,selected_baseline_live,,,,,,,False,hospital_goal_C,2.1439,True,0.5021,-0.016,0.2,-0.016,True,armed,False,
livefinal_low_curvature_20260708_180949,270,14.216667,1783530594.240129,1.367402,-1.367648,-0.0,2.356215,0.2,-0.015,0.199824,0.000872,camera_link,14.216667,gnm_closed_loop,,nominal,,True,ok,checkpoints/ablation_mnv2_baseline/best.pt,5.11,0.4902,-0.015,0.1225,-0.0005,0.3437,,,gnm_closed_loop,0.2,-0.015,False,0,,isaac_live_final_20260708,,selected_baseline_live,,,,,,,False,hospital_goal_C,2.1406,True,0.4902,-0.015,0.2,-0.015,True,armed,False,
livefinal_low_curvature_20260708_180949,271,14.233334,1783530594.24265,1.365052,-1.365297,-0.0,2.356214,0.2,-0.015,0.199824,0.000872,camera_link,14.233334,gnm_closed_loop,,nominal,,True,ok,checkpoints/ablation_mnv2_baseline/best.pt,5.11,0.4902,-0.015,0.1225,-0.0005,0.3437,,,gnm_closed_loop,0.2,-0.015,False,0,,isaac_live_final_20260708,,selected_baseline_live,,,,,,,False,hospital_goal_C,2.1373,True,0.4902,-0.015,0.2,-0.015,True,armed,False,
livefinal_low_curvature_20260708_180949,272,14.250001,1783530594.244577,1.362701,-1.362947,-0.0,2.356214,0.2,-0.015,0.199824,0.000872,camera_link,14.250001,gnm_closed_loop,,nominal,,True,ok,checkpoints/ablation_mnv2_baseline/best.pt,5.11,0.4902,-0.015,0.1225,-0.0005,0.3437,,,gnm_closed_loop,0.2,-0.015,False,0,,isaac_live_final_20260708,,selected_baseline_live,,,,,,,False,hospital_goal_C,2.1341,True,0.4902,-0.015,0.2,-0.015,True,armed,False,
livefinal_low_curvature_20260708_180949,273,14.266667,1783530594.264318,1.36035,-1.360596,-0.0,2.356213,0.2,-0.0156,0.199851,0.000438,camera_link,14.266667,gnm_closed_loop,,nominal,,True,ok,checkpoints/ablation_mnv2_baseline/best.pt,4.73,0.4886,-0.0156,0.1221,-0.0005,0.3409,,,gnm_closed_loop,0.2,-0.0156,False,0,,isaac_live_final_20260708,,selected_baseline_live,,,,,,,False,hospital_goal_C,2.1308,True,0.4886,-0.0156,0.2,-0.0156,True,armed,False,
livefinal_low_curvature_20260708_180949,274,14.283334,1783530594.267931,1.358,-1.358246,-0.0,2.356213,0.2,-0.0156,0.199851,0.000438,camera_link,14.283334,gnm_closed_loop,,nominal,,True,ok,checkpoints/ablation_mnv2_baseline/best.pt,4.73,0.4886,-0.0156,0.1221,-0.0005,0.3409,,,gnm_closed_loop,0.2,-0.0156,False,0,,isaac_live_final_20260708,,selected_baseline_live,,,,,,,False,hospital_goal_C,2.1275,True,0.4886,-0.0156,0.2,-0.0156,True,armed,False,
livefinal_low_curvature_20260708_180949,275,14.300001,1783530594.2703,1.355648,-1.355895,-0.0,2.356212,0.2,-0.0156,0.199851,0.000438,camera_link,14.300001,gnm_closed_loop,,nominal,,True,ok,checkpoints/ablation_mnv2_baseline/best.pt,4.73,0.4886,-0.0156,0.1221,-0.0005,0.3409,,,gnm_closed_loop,0.2,-0.0156,False,0,,isaac_live_final_20260708,,selected_baseline_live,,,,,,,False,hospital_goal_C,2.1243,True,0.4886,-0.0156,0.2,-0.0156,True,armed,False,
livefinal_low_curvature_20260708_180949,276,14.316667,1783530594.290497,1.353297,-1.353545,-0.0,2.356211,0.2,-0.021,0.199832,0.00058,camera_link,14.316667,gnm_closed_loop,,nominal,,True,ok,checkpoints/ablation_mnv2_baseline/best.pt,6.12,0.4708,-0.021,0.1177,-0.0006,0.3358,,,gnm_closed_loop,0.2,-0.021,False,0,,isaac_live_final_20260708,,selected_baseline_live,,,,,,,False,hospital_goal_C,2.121,True,0.4708,-0.021,0.2,-0.021,True,armed,False,
livefinal_low_curvature_20260708_180949,277,14.333334,1783530594.293666,1.350947,-1.351194,-0.0,2.356211,0.2,-0.021,0.199832,0.00058,camera_link,14.333334,gnm_closed_loop,,nominal,,True,ok,checkpoints/ablation_mnv2_baseline/best.pt,6.12,0.4708,-0.021,0.1177,-0.0006,0.3358,,,gnm_closed_loop,0.2,-0.021,False,0,,isaac_live_final_20260708,,selected_baseline_live,,,,,,,False,hospital_goal_C,2.1177,True,0.4708,-0.021,0.2,-0.021,True,armed,False,
livefinal_low_curvature_20260708_180949,278,14.350001,1783530594.295969,1.348596,-1.348843,-0.0,2.35621,0.2,-0.021,0.199832,0.00058,camera_link,14.350001,gnm_closed_loop,,nominal,,True,ok,checkpoints/ablation_mnv2_baseline/best.pt,6.12,0.4708,-0.021,0.1177,-0.0006,0.3358,,,gnm_closed_loop,0.2,-0.021,False,0,,isaac_live_final_20260708,,selected_baseline_live,,,,,,,False,hospital_goal_C,2.1145,True,0.4708,-0.021,0.2,-0.021,True,armed,False,
livefinal_low_curvature_20260708_180949,279,14.366667,1783530594.312776,1.346245,-1.346493,-0.0,2.356209,0.2,-0.026,0.199824,0.000732,camera_link,14.366667,gnm_closed_loop,,nominal,,True,ok,checkpoints/ablation_mnv2_baseline/best.pt,4.11,0.4566,-0.026,0.1142,-0.0007,0.3313,,,gnm_closed_loop,0.2,-0.026,False,0,,isaac_live_final_20260708,,selected_baseline_live,,,,,,,False,hospital_goal_C,2.1112,True,0.4566,-0.026,0.2,-0.026,True,armed,False,
livefinal_low_curvature_20260708_180949,280,14.383334,1783530594.315029,1.343895,-1.344143,-0.0,2.356208,0.2,-0.026,0.199824,0.000732,camera_link,14.383334,gnm_closed_loop,,nominal,,True,ok,checkpoints/ablation_mnv2_baseline/best.pt,4.11,0.4566,-0.026,0.1142,-0.0007,0.3313,,,gnm_closed_loop,0.2,-0.026,False,0,,isaac_live_final_20260708,,selected_baseline_live,,,,,,,False,hospital_goal_C,2.1079,True,0.4566,-0.026,0.2,-0.026,True,armed,False,
livefinal_low_curvature_20260708_180949,281,14.400001,1783530594.316923,1.341544,-1.341792,-0.0,2.356207,0.2,-0.026,0.199824,0.000732,camera_link,14.400001,gnm_closed_loop,,nominal,,True,ok,checkpoints/ablation_mnv2_baseline/best.pt,4.11,0.4566,-0.026,0.1142,-0.0007,0.3313,,,gnm_closed_loop,0.2,-0.026,False,0,,isaac_live_final_20260708,,selected_baseline_live,,,,,,,False,hospital_goal_C,2.1047,True,0.4566,-0.026,0.2,-0.026,True,armed,False,
livefinal_low_curvature_20260708_180949,282,14.416667,1783530594.332614,1.339193,-1.339441,-0.0,2.356207,0.2,-0.0249,0.199841,0.001391,camera_link,14.416667,gnm_closed_loop,,nominal,,True,ok,checkpoints/ablation_mnv2_baseline/best.pt,4.54,0.4646,-0.0249,0.1162,-0.0007,0.3291,,,gnm_closed_loop,0.2,-0.0249,False,0,,isaac_live_final_20260708,,selected_baseline_live,,,,,,,False,hospital_goal_C,2.1014,True,0.4646,-0.0249,0.2,-0.0249,True,armed,False,
livefinal_low_curvature_20260708_180949,283,14.433334,1783530594.335575,1.336842,-1.33709,-0.0,2.356206,0.2,-0.0249,0.199841,0.001391,camera_link,14.433334,gnm_closed_loop,,nominal,,True,ok,checkpoints/ablation_mnv2_baseline/best.pt,4.54,0.4646,-0.0249,0.1162,-0.0007,0.3291,,,gnm_closed_loop,0.2,-0.0249,False,0,,isaac_live_final_20260708,,selected_baseline_live,,,,,,,False,hospital_goal_C,2.0981,True,0.4646,-0.0249,0.2,-0.0249,True,armed,False,
livefinal_low_curvature_20260708_180949,284,14.450001,1783530594.33866,1.33449,-1.334739,-0.0,2.356205,0.2,-0.0249,0.199841,0.001391,camera_link,14.450001,gnm_closed_loop,,nominal,,True,ok,checkpoints/ablation_mnv2_baseline/best.pt,4.54,0.4646,-0.0249,0.1162,-0.0007,0.3291,,,gnm_closed_loop,0.2,-0.0249,False,0,,isaac_live_final_20260708,,selected_baseline_live,,,,,,,False,hospital_goal_C,2.0949,True,0.4646,-0.0249,0.2,-0.0249,True,armed,False,
livefinal_low_curvature_20260708_180949,285,14.466667,1783530594.362811,1.33214,-1.332388,-0.0,2.356205,0.2,-0.0249,0.199847,0.000759,camera_link,14.466667,gnm_closed_loop,,nominal,,True,ok,checkpoints/ablation_mnv2_baseline/best.pt,6.71,0.5019,-0.0249,0.1255,-0.0008,0.3328,,,gnm_closed_loop,0.2,-0.0249,False,0,,isaac_live_final_20260708,,selected_baseline_live,,,,,,,False,hospital_goal_C,2.0916,True,0.5019,-0.0249,0.2,-0.0249,True,armed,False,
livefinal_low_curvature_20260708_180949,286,14.483334,1783530594.365196,1.329789,-1.330037,-0.0,2.356204,0.2,-0.0249,0.199847,0.000759,camera_link,14.483334,gnm_closed_loop,,nominal,,True,ok,checkpoints/ablation_mnv2_baseline/best.pt,6.71,0.5019,-0.0249,0.1255,-0.0008,0.3328,,,gnm_closed_loop,0.2,-0.0249,False,0,,isaac_live_final_20260708,,selected_baseline_live,,,,,,,False,hospital_goal_C,2.0883,True,0.5019,-0.0249,0.2,-0.0249,True,armed,False,
livefinal_low_curvature_20260708_180949,287,14.500001,1783530594.367716,1.327439,-1.327687,-0.0,2.356204,0.2,-0.0249,0.199847,0.000759,camera_link,14.500001,gnm_closed_loop,,nominal,,True,ok,checkpoints/ablation_mnv2_baseline/best.pt,6.71,0.5019,-0.0249,0.1255,-0.0008,0.3328,,,gnm_closed_loop,0.2,-0.0249,False,0,,isaac_live_final_20260708,,selected_baseline_live,,,,,,,False,hospital_goal_C,2.0851,True,0.5019,-0.0249,0.2,-0.0249,True,armed,False,
livefinal_low_curvature_20260708_180949,288,14.516667,1783530594.387494,1.325088,-1.325337,-0.0,2.356203,0.2,-0.024,0.199833,0.000899,camera_link,14.516667,gnm_closed_loop,,nominal,,True,ok,checkpoints/ablation_mnv2_baseline/best.pt,5.83,0.5342,-0.024,0.1336,-0.0008,0.333,,,gnm_closed_loop,0.2,-0.024,False,0,,isaac_live_final_20260708,,selected_baseline_live,,,,,,,False,hospital_goal_C,2.0818,True,0.5342,-0.024,0.2,-0.024,True,armed,False,
livefinal_low_curvature_20260708_180949,289,14.533334,1783530594.389928,1.322737,-1.322986,-0.0,2.356203,0.2,-0.024,0.199833,0.000899,camera_link,14.533334,gnm_closed_loop,,nominal,,True,ok,checkpoints/ablation_mnv2_baseline/best.pt,5.83,0.5342,-0.024,0.1336,-0.0008,0.333,,,gnm_closed_loop,0.2,-0.024,False,0,,isaac_live_final_20260708,,selected_baseline_live,,,,,,,False,hospital_goal_C,2.0785,True,0.5342,-0.024,0.2,-0.024,True,armed,False,
livefinal_low_curvature_20260708_180949,290,14.550001,1783530594.39301,1.320387,-1.320636,-0.0,2.356202,0.2,-0.024,0.199833,0.000899,camera_link,14.550001,gnm_closed_loop,,nominal,,True,ok,checkpoints/ablation_mnv2_baseline/best.pt,5.83,0.5342,-0.024,0.1336,-0.0008,0.333,,,gnm_closed_loop,0.2,-0.024,False,0,,isaac_live_final_20260708,,selected_baseline_live,,,,,,,False,hospital_goal_C,2.0753,True,0.5342,-0.024,0.2,-0.024,True,armed,False,
livefinal_low_curvature_20260708_180949,291,14.566667,1783530594.412862,1.318036,-1.318285,-0.0,2.356201,0.2,-0.0197,0.19985,0.000551,camera_link,14.566667,gnm_closed_loop,,nominal,,True,ok,checkpoints/ablation_mnv2_baseline/best.pt,5.96,0.5129,-0.0197,0.1282,-0.0006,0.3317,,,gnm_closed_loop,0.2,-0.0197,False,0,,isaac_live_final_20260708,,selected_baseline_live,,,,,,,False,hospital_goal_C,2.072,True,0.5129,-0.0197,0.2,-0.0197,True,armed,False,
livefinal_low_curvature_20260708_180949,292,14.583334,1783530594.415596,1.315686,-1.315934,-0.0,2.3562,0.2,-0.0197,0.19985,0.000551,camera_link,14.583334,gnm_closed_loop,,nominal,,True,ok,checkpoints/ablation_mnv2_baseline/best.pt,5.96,0.5129,-0.0197,0.1282,-0.0006,0.3317,,,gnm_closed_loop,0.2,-0.0197,False,0,,isaac_live_final_20260708,,selected_baseline_live,,,,,,,False,hospital_goal_C,2.0688,True,0.5129,-0.0197,0.2,-0.0197,True,armed,False,
livefinal_low_curvature_20260708_180949,293,14.600001,1783530594.417651,1.313335,-1.313584,-0.0,2.3562,0.2,-0.0197,0.19985,0.000551,camera_link,14.600001,gnm_closed_loop,,nominal,,True,ok,checkpoints/ablation_mnv2_baseline/best.pt,5.96,0.5129,-0.0197,0.1282,-0.0006,0.3317,,,gnm_closed_loop,0.2,-0.0197,False,0,,isaac_live_final_20260708,,selected_baseline_live,,,,,,,False,hospital_goal_C,2.0655,True,0.5129,-0.0197,0.2,-0.0197,True,armed,False,
livefinal_low_curvature_20260708_180949,294,14.616667,1783530594.433798,1.310984,-1.311233,-0.0,2.356199,0.2,-0.0198,0.19983,0.001526,camera_link,14.616667,gnm_closed_loop,,nominal,,True,ok,checkpoints/ablation_mnv2_baseline/best.pt,4.5,0.5168,-0.0198,0.1292,-0.0006,0.3349,,,gnm_closed_loop,0.2,-0.0198,False,0,,isaac_live_final_20260708,,selected_baseline_live,,,,,,,False,hospital_goal_C,2.0622,True,0.5168,-0.0198,0.2,-0.0198,True,armed,False,
livefinal_low_curvature_20260708_180949,295,14.633334,1783530594.436034,1.308634,-1.308883,-0.0,2.356198,0.2,-0.0198,0.19983,0.001526,camera_link,14.633334,gnm_closed_loop,,nominal,,True,ok,checkpoints/ablation_mnv2_baseline/best.pt,4.5,0.5168,-0.0198,0.1292,-0.0006,0.3349,,,gnm_closed_loop,0.2,-0.0198,False,0,,isaac_live_final_20260708,,selected_baseline_live,,,,,,,False,hospital_goal_C,2.059,True,0.5168,-0.0198,0.2,-0.0198,True,armed,False,
livefinal_low_curvature_20260708_180949,296,14.650001,1783530594.437902,1.306283,-1.306532,-0.0,2.356197,0.2,-0.0198,0.19983,0.001526,camera_link,14.650001,gnm_closed_loop,,nominal,,True,ok,checkpoints/ablation_mnv2_baseline/best.pt,4.5,0.5168,-0.0198,0.1292,-0.0006,0.3349,,,gnm_closed_loop,0.2,-0.0198,False,0,,isaac_live_final_20260708,,selected_baseline_live,,,,,,,False,hospital_goal_C,2.0557,True,0.5168,-0.0198,0.2,-0.0198,True,armed,False,
livefinal_low_curvature_20260708_180949,297,14.666667,1783530594.454259,1.303932,-1.30418,-0.0,2.356196,0.2,-0.0206,0.199874,0.001089,camera_link,14.666667,gnm_closed_loop,,nominal,,True,ok,checkpoints/ablation_mnv2_baseline/best.pt,4.44,0.5366,-0.0206,0.1342,-0.0007,0.3404,,,gnm_closed_loop,0.2,-0.0206,False,0,,isaac_live_final_20260708,,selected_baseline_live,,,,,,,False,hospital_goal_C,2.0524,True,0.5366,-0.0206,0.2,-0.0206,True,armed,False,
livefinal_low_curvature_20260708_180949,298,14.683334,1783530594.456602,1.301581,-1.30183,-0.0,2.356196,0.2,-0.0206,0.199874,0.001089,camera_link,14.683334,gnm_closed_loop,,nominal,,True,ok,checkpoints/ablation_mnv2_baseline/best.pt,4.44,0.5366,-0.0206,0.1342,-0.0007,0.3404,,,gnm_closed_loop,0.2,-0.0206,False,0,,isaac_live_final_20260708,,selected_baseline_live,,,,,,,False,hospital_goal_C,2.0492,True,0.5366,-0.0206,0.2,-0.0206,True,armed,False,
livefinal_low_curvature_20260708_180949,299,14.700001,1783530594.458495,1.29923,-1.299479,-0.0,2.356195,0.2,-0.0206,0.199874,0.001089,camera_link,14.700001,gnm_closed_loop,,nominal,,True,ok,checkpoints/ablation_mnv2_baseline/best.pt,4.44,0.5366,-0.0206,0.1342,-0.0007,0.3404,,,gnm_closed_loop,0.2,-0.0206,False,0,,isaac_live_final_20260708,,selected_baseline_live,,,,,,,False,hospital_goal_C,2.0459,True,0.5366,-0.0206,0.2,-0.0206,True,armed,False,
livefinal_low_curvature_20260708_180949,300,14.716667,1783530594.477628,1.296878,-1.297128,-0.0,2.356194,0.2,-0.019,0.199815,0.000958,camera_link,14.716667,gnm_closed_loop,,nominal,,True,ok,checkpoints/ablation_mnv2_baseline/best.pt,4.77,0.541,-0.019,0.1352,-0.0006,0.3449,,,gnm_closed_loop,0.2,-0.019,False,0,,isaac_live_final_20260708,,selected_baseline_live,,,,,,,False,hospital_goal_C,2.0427,True,0.541,-0.019,0.2,-0.019,True,armed,False,
livefinal_low_curvature_20260708_180949,301,14.733334,1783530594.47987,1.294528,-1.294778,-0.0,2.356193,0.2,-0.019,0.199815,0.000958,camera_link,14.733334,gnm_closed_loop,,nominal,,True,ok,checkpoints/ablation_mnv2_baseline/best.pt,4.77,0.541,-0.019,0.1352,-0.0006,0.3449,,,gnm_closed_loop,0.2,-0.019,False,0,,isaac_live_final_20260708,,selected_baseline_live,,,,,,,False,hospital_goal_C,2.0394,True,0.541,-0.019,0.2,-0.019,True,armed,False,
livefinal_low_curvature_20260708_180949,302,14.750001,1783530594.481797,1.292177,-1.292427,-0.0,2.356193,0.2,-0.019,0.199815,0.000958,camera_link,14.750001,gnm_closed_loop,,nominal,,True,ok,checkpoints/ablation_mnv2_baseline/best.pt,4.77,0.541,-0.019,0.1352,-0.0006,0.3449,,,gnm_closed_loop,0.2,-0.019,False,0,,isaac_live_final_20260708,,selected_baseline_live,,,,,,,False,hospital_goal_C,2.0361,True,0.541,-0.019,0.2,-0.019,True,armed,False,
livefinal_low_curvature_20260708_180949,303,14.766667,1783530594.497409,1.289826,-1.290076,-0.0,2.356192,0.2,-0.0202,0.199842,0.001614,camera_link,14.766667,gnm_closed_loop,,nominal,,True,ok,checkpoints/ablation_mnv2_baseline/best.pt,4.11,0.5221,-0.0202,0.1305,-0.0007,0.3428,,,gnm_closed_loop,0.2,-0.0202,False,0,,isaac_live_final_20260708,,selected_baseline_live,,,,,,,False,hospital_goal_C,2.0329,True,0.5221,-0.0202,0.2,-0.0202,True,armed,False,
livefinal_low_curvature_20260708_180949,304,14.783334,1783530594.501096,1.287475,-1.287725,-0.0,2.35619,0.2,-0.0202,0.199842,0.001614,camera_link,14.783334,gnm_closed_loop,,nominal,,True,ok,checkpoints/ablation_mnv2_baseline/best.pt,4.11,0.5221,-0.0202,0.1305,-0.0007,0.3428,,,gnm_closed_loop,0.2,-0.0202,False,0,,isaac_live_final_20260708,,selected_baseline_live,,,,,,,False,hospital_goal_C,2.0296,True,0.5221,-0.0202,0.2,-0.0202,True,armed,False,
livefinal_low_curvature_20260708_180949,305,14.800001,1783530594.503179,1.285124,-1.285375,-0.0,2.35619,0.2,-0.0202,0.199842,0.001614,camera_link,14.800001,gnm_closed_loop,,nominal,,True,ok,checkpoints/ablation_mnv2_baseline/best.pt,4.11,0.5221,-0.0202,0.1305,-0.0007,0.3428,,,gnm_closed_loop,0.2,-0.0202,False,0,,isaac_live_final_20260708,,selected_baseline_live,,,,,,,False,hospital_goal_C,2.0264,True,0.5221,-0.0202,0.2,-0.0202,True,armed,False,
livefinal_low_curvature_20260708_180949,306,14.816667,1783530594.522964,1.282774,-1.283025,-0.0,2.35619,0.2,-0.0186,0.199834,0.000834,camera_link,14.816667,gnm_closed_loop,,nominal,,True,ok,checkpoints/ablation_mnv2_baseline/best.pt,4.7,0.5331,-0.0186,0.1333,-0.0006,0.3449,,,gnm_closed_loop,0.2,-0.0186,False,0,,isaac_live_final_20260708,,selected_baseline_live,,,,,,,False,hospital_goal_C,2.0231,True,0.5331,-0.0186,0.2,-0.0186,True,armed,False,
livefinal_low_curvature_20260708_180949,307,14.833334,1783530594.525265,1.280423,-1.280674,-0.0,2.356189,0.2,-0.0186,0.199834,0.000834,camera_link,14.833334,gnm_closed_loop,,nominal,,True,ok,checkpoints/ablation_mnv2_baseline/best.pt,4.7,0.5331,-0.0186,0.1333,-0.0006,0.3449,,,gnm_closed_loop,0.2,-0.0186,False,0,,isaac_live_final_20260708,,selected_baseline_live,,,,,,,False,hospital_goal_C,2.0198,True,0.5331,-0.0186,0.2,-0.0186,True,armed,False,
livefinal_low_curvature_20260708_180949,308,14.850001,1783530594.527232,1.278072,-1.278323,-0.0,2.356189,0.2,-0.0186,0.199834,0.000834,camera_link,14.850001,gnm_closed_loop,,nominal,,True,ok,checkpoints/ablation_mnv2_baseline/best.pt,4.7,0.5331,-0.0186,0.1333,-0.0006,0.3449,,,gnm_closed_loop,0.2,-0.0186,False,0,,isaac_live_final_20260708,,selected_baseline_live,,,,,,,False,hospital_goal_C,2.0166,True,0.5331,-0.0186,0.2,-0.0186,True,armed,False,
livefinal_low_curvature_20260708_180949,309,14.866667,1783530594.546638,1.275722,-1.275972,-0.0,2.356188,0.2,-0.0221,0.19983,0.001385,camera_link,14.866667,gnm_closed_loop,,nominal,,True,ok,checkpoints/ablation_mnv2_baseline/best.pt,5.77,0.5329,-0.0221,0.1332,-0.0007,0.3436,,,gnm_closed_loop,0.2,-0.0221,False,0,,isaac_live_final_20260708,,selected_baseline_live,,,,,,,False,hospital_goal_C,2.0133,True,0.5329,-0.0221,0.2,-0.0221,True,armed,False,
livefinal_low_curvature_20260708_180949,310,14.883334,1783530594.549057,1.273371,-1.273621,-0.0,2.356187,0.2,-0.0221,0.19983,0.001385,camera_link,14.883334,gnm_closed_loop,,nominal,,True,ok,checkpoints/ablation_mnv2_baseline/best.pt,5.77,0.5329,-0.0221,0.1332,-0.0007,0.3436,,,gnm_closed_loop,0.2,-0.0221,False,0,,isaac_live_final_20260708,,selected_baseline_live,,,,,,,False,hospital_goal_C,2.0101,True,0.5329,-0.0221,0.2,-0.0221,True,armed,False,
livefinal_low_curvature_20260708_180949,311,14.900001,1783530594.550945,1.271021,-1.271271,-0.0,2.356185,0.2,-0.0221,0.19983,0.001385,camera_link,14.900001,gnm_closed_loop,,nominal,,True,ok,checkpoints/ablation_mnv2_baseline/best.pt,5.77,0.5329,-0.0221,0.1332,-0.0007,0.3436,,,gnm_closed_loop,0.2,-0.0221,False,0,,isaac_live_final_20260708,,selected_baseline_live,,,,,,,False,hospital_goal_C,2.0068,True,0.5329,-0.0221,0.2,-0.0221,True,armed,False,
livefinal_low_curvature_20260708_180949,312,14.916667,1783530594.569358,1.26867,-1.26892,-0.0,2.356184,0.2,-0.0221,0.199852,0.002136,camera_link,14.916667,gnm_closed_loop,,nominal,,True,ok,checkpoints/ablation_mnv2_baseline/best.pt,5.12,0.5265,-0.0221,0.1316,-0.0007,0.3413,,,gnm_closed_loop,0.2,-0.0221,False,0,,isaac_live_final_20260708,,selected_baseline_live,,,,,,,False,hospital_goal_C,2.0035,True,0.5265,-0.0221,0.2,-0.0221,True,armed,False,
livefinal_low_curvature_20260708_180949,313,14.933334,1783530594.571605,1.266319,-1.26657,-0.0,2.356183,0.2,-0.0221,0.199852,0.002136,camera_link,14.933334,gnm_closed_loop,,nominal,,True,ok,checkpoints/ablation_mnv2_baseline/best.pt,5.12,0.5265,-0.0221,0.1316,-0.0007,0.3413,,,gnm_closed_loop,0.2,-0.0221,False,0,,isaac_live_final_20260708,,selected_baseline_live,,,,,,,False,hospital_goal_C,2.0003,True,0.5265,-0.0221,0.2,-0.0221,True,armed,False,
livefinal_low_curvature_20260708_180949,314,14.950001,1783530594.573411,1.263969,-1.264219,-0.0,2.356182,0.2,-0.0221,0.199852,0.002136,camera_link,14.950001,gnm_closed_loop,,nominal,,True,ok,checkpoints/ablation_mnv2_baseline/best.pt,5.12,0.5265,-0.0221,0.1316,-0.0007,0.3413,,,gnm_closed_loop,0.2,-0.0221,False,0,,isaac_live_final_20260708,,selected_baseline_live,,,,,,,False,hospital_goal_C,1.997,True,0.5265,-0.0221,0.2,-0.0221,True,armed,False,
livefinal_low_curvature_20260708_180949,315,14.966667,1783530594.592873,1.261618,-1.261869,-0.0,2.356181,0.2,-0.0193,0.199843,0.00121,camera_link,14.966667,gnm_closed_loop,,nominal,,True,ok,checkpoints/ablation_mnv2_baseline/best.pt,4.85,0.5231,-0.0193,0.1308,-0.0006,0.3423,,,gnm_closed_loop,0.2,-0.0193,False,0,,isaac_live_final_20260708,,selected_baseline_live,,,,,,,False,hospital_goal_C,1.9938,True,0.5231,-0.0193,0.2,-0.0193,True,armed,False,
livefinal_low_curvature_20260708_180949,316,14.983334,1783530594.596441,1.259267,-1.259518,-0.0,2.35618,0.2,-0.0193,0.199843,0.00121,camera_link,14.983334,gnm_closed_loop,,nominal,,True,ok,checkpoints/ablation_mnv2_baseline/best.pt,4.85,0.5231,-0.0193,0.1308,-0.0006,0.3423,,,gnm_closed_loop,0.2,-0.0193,False,0,,isaac_live_final_20260708,,selected_baseline_live,,,,,,,False,hospital_goal_C,1.9905,True,0.5231,-0.0193,0.2,-0.0193,True,armed,False,
livefinal_low_curvature_20260708_180949,317,15.000001,1783530594.598498,1.256916,-1.257168,-0.0,2.356179,0.2,-0.0193,0.199843,0.00121,camera_link,15.000001,gnm_closed_loop,,nominal,,True,ok,checkpoints/ablation_mnv2_baseline/best.pt,4.85,0.5231,-0.0193,0.1308,-0.0006,0.3423,,,gnm_closed_loop,0.2,-0.0193,False,0,,isaac_live_final_20260708,,selected_baseline_live,,,,,,,False,hospital_goal_C,1.9872,True,0.5231,-0.0193,0.2,-0.0193,True,armed,False,
livefinal_low_curvature_20260708_180949,318,15.016667,1783530594.620325,1.254566,-1.254817,-0.0,2.356178,0.2,-0.0215,0.199826,0.000661,camera_link,15.016667,gnm_closed_loop,,nominal,,True,ok,checkpoints/ablation_mnv2_baseline/best.pt,6.98,0.5397,-0.0215,0.1349,-0.0007,0.3411,,,gnm_closed_loop,0.2,-0.0215,False,0,,isaac_live_final_20260708,,selected_baseline_live,,,,,,,False,hospital_goal_C,1.984,True,0.5397,-0.0215,0.2,-0.0215,True,armed,False,
livefinal_low_curvature_20260708_180949,319,15.033334,1783530594.624765,1.252215,-1.252466,-0.0,2.356178,0.2,-0.0215,0.199826,0.000661,camera_link,15.033334,gnm_closed_loop,,nominal,,True,ok,checkpoints/ablation_mnv2_baseline/best.pt,6.98,0.5397,-0.0215,0.1349,-0.0007,0.3411,,,gnm_closed_loop,0.2,-0.0215,False,0,,isaac_live_final_20260708,,selected_baseline_live,,,,,,,False,hospital_goal_C,1.9807,True,0.5397,-0.0215,0.2,-0.0215,True,armed,False,
livefinal_low_curvature_20260708_180949,320,15.050001,1783530594.628981,1.249865,-1.250115,-0.0,2.356177,0.2,-0.0215,0.199826,0.000661,camera_link,15.050001,gnm_closed_loop,,nominal,,True,ok,checkpoints/ablation_mnv2_baseline/best.pt,6.98,0.5397,-0.0215,0.1349,-0.0007,0.3411,,,gnm_closed_loop,0.2,-0.0215,False,0,,isaac_live_final_20260708,,selected_baseline_live,,,,,,,False,hospital_goal_C,1.9775,True,0.5397,-0.0215,0.2,-0.0215,True,armed,False,
livefinal_low_curvature_20260708_180949,321,15.066667,1783530594.661672,1.247514,-1.247765,-0.0,2.356177,0.2,-0.0228,0.199813,0.00123,camera_link,15.066667,gnm_closed_loop,,nominal,,True,ok,checkpoints/ablation_mnv2_baseline/best.pt,11.86,0.5283,-0.0228,0.1321,-0.0008,0.3391,,,gnm_closed_loop,0.2,-0.0228,False,0,,isaac_live_final_20260708,,selected_baseline_live,,,,,,,False,hospital_goal_C,1.9742,True,0.5283,-0.0228,0.2,-0.0228,True,armed,False,
livefinal_low_curvature_20260708_180949,322,15.083334,1783530594.665319,1.245164,-1.245414,-0.0,2.356176,0.2,-0.0228,0.199813,0.00123,camera_link,15.083334,gnm_closed_loop,,nominal,,True,ok,checkpoints/ablation_mnv2_baseline/best.pt,11.86,0.5283,-0.0228,0.1321,-0.0008,0.3391,,,gnm_closed_loop,0.2,-0.0228,False,0,,isaac_live_final_20260708,,selected_baseline_live,,,,,,,False,hospital_goal_C,1.971,True,0.5283,-0.0228,0.2,-0.0228,True,armed,False,
livefinal_low_curvature_20260708_180949,323,15.100001,1783530594.667318,1.242814,-1.243064,-0.0,2.356176,0.2,-0.0228,0.199813,0.00123,camera_link,15.100001,gnm_closed_loop,,nominal,,True,ok,checkpoints/ablation_mnv2_baseline/best.pt,11.86,0.5283,-0.0228,0.1321,-0.0008,0.3391,,,gnm_closed_loop,0.2,-0.0228,False,0,,isaac_live_final_20260708,,selected_baseline_live,,,,,,,False,hospital_goal_C,1.9677,True,0.5283,-0.0228,0.2,-0.0228,True,armed,False,
livefinal_low_curvature_20260708_180949,324,15.116667,1783530594.682399,1.240464,-1.240713,-0.0,2.356175,0.2,-0.0207,0.199866,2.7e-05,camera_link,15.116667,gnm_closed_loop,,nominal,,True,ok,checkpoints/ablation_mnv2_baseline/best.pt,4.88,0.4935,-0.0207,0.1234,-0.0006,0.3345,,,gnm_closed_loop,0.2,-0.0207,False,0,,isaac_live_final_20260708,,selected_baseline_live,,,,,,,False,hospital_goal_C,1.9644,True,0.4935,-0.0207,0.2,-0.0207,True,armed,False,
livefinal_low_curvature_20260708_180949,325,15.133334,1783530594.685077,1.238113,-1.238363,-0.0,2.356175,0.2,-0.0207,0.199866,2.7e-05,camera_link,15.133334,gnm_closed_loop,,nominal,,True,ok,checkpoints/ablation_mnv2_baseline/best.pt,4.88,0.4935,-0.0207,0.1234,-0.0006,0.3345,,,gnm_closed_loop,0.2,-0.0207,False,0,,isaac_live_final_20260708,,selected_baseline_live,,,,,,,False,hospital_goal_C,1.9612,True,0.4935,-0.0207,0.2,-0.0207,True,armed,False,
livefinal_low_curvature_20260708_180949,326,15.150001,1783530594.688225,1.235762,-1.236012,-0.0,2.356174,0.2,-0.0207,0.199866,2.7e-05,camera_link,15.150001,gnm_closed_loop,,nominal,,True,ok,checkpoints/ablation_mnv2_baseline/best.pt,4.88,0.4935,-0.0207,0.1234,-0.0006,0.3345,,,gnm_closed_loop,0.2,-0.0207,False,0,,isaac_live_final_20260708,,selected_baseline_live,,,,,,,False,hospital_goal_C,1.9579,True,0.4935,-0.0207,0.2,-0.0207,True,armed,False,
livefinal_low_curvature_20260708_180949,327,15.166667,1783530594.705068,1.233412,-1.233662,-0.0,2.356174,0.2,-0.0225,0.19984,0.001463,camera_link,15.166667,gnm_closed_loop,,nominal,,True,ok,checkpoints/ablation_mnv2_baseline/best.pt,4.21,0.5091,-0.0225,0.1273,-0.0007,0.3358,,,gnm_closed_loop,0.2,-0.0225,False,0,,isaac_live_final_20260708,,selected_baseline_live,,,,,,,False,hospital_goal_C,1.9547,True,0.5091,-0.0225,0.2,-0.0225,True,armed,False,
livefinal_low_curvature_20260708_180949,328,15.183334,1783530594.707741,1.231061,-1.231311,-0.0,2.356172,0.2,-0.0225,0.19984,0.001463,camera_link,15.183334,gnm_closed_loop,,nominal,,True,ok,checkpoints/ablation_mnv2_baseline/best.pt,4.21,0.5091,-0.0225,0.1273,-0.0007,0.3358,,,gnm_closed_loop,0.2,-0.0225,False,0,,isaac_live_final_20260708,,selected_baseline_live,,,,,,,False,hospital_goal_C,1.9514,True,0.5091,-0.0225,0.2,-0.0225,True,armed,False,
livefinal_low_curvature_20260708_180949,329,15.200001,1783530594.709679,1.228711,-1.22896,-0.0,2.356172,0.2,-0.0225,0.19984,0.001463,camera_link,15.200001,gnm_closed_loop,,nominal,,True,ok,checkpoints/ablation_mnv2_baseline/best.pt,4.21,0.5091,-0.0225,0.1273,-0.0007,0.3358,,,gnm_closed_loop,0.2,-0.0225,False,0,,isaac_live_final_20260708,,selected_baseline_live,,,,,,,False,hospital_goal_C,1.9482,True,0.5091,-0.0225,0.2,-0.0225,True,armed,False,
livefinal_low_curvature_20260708_180949,330,15.216667,1783530594.726777,1.22636,-1.226609,-0.0,2.35617,0.2,-0.0255,0.19988,0.00229,camera_link,15.216667,gnm_closed_loop,,nominal,,True,ok,checkpoints/ablation_mnv2_baseline/best.pt,4.47,0.5235,-0.0255,0.1309,-0.0008,0.3352,,,gnm_closed_loop,0.2,-0.0255,False,0,,isaac_live_final_20260708,,selected_baseline_live,,,,,,,False,hospital_goal_C,1.9449,True,0.5235,-0.0255,0.2,-0.0255,True,armed,False,
livefinal_low_curvature_20260708_180949,331,15.233334,1783530594.7291,1.22401,-1.224258,-0.0,2.356169,0.2,-0.0255,0.19988,0.00229,camera_link,15.233334,gnm_closed_loop,,nominal,,True,ok,checkpoints/ablation_mnv2_baseline/best.pt,4.47,0.5235,-0.0255,0.1309,-0.0008,0.3352,,,gnm_closed_loop,0.2,-0.0255,False,0,,isaac_live_final_20260708,,selected_baseline_live,,,,,,,False,hospital_goal_C,1.9417,True,0.5235,-0.0255,0.2,-0.0255,True,armed,False,
livefinal_low_curvature_20260708_180949,332,15.250001,1783530594.730963,1.221659,-1.221907,-0.0,2.356168,0.2,-0.0255,0.19988,0.00229,camera_link,15.250001,gnm_closed_loop,,nominal,,True,ok,checkpoints/ablation_mnv2_baseline/best.pt,4.47,0.5235,-0.0255,0.1309,-0.0008,0.3352,,,gnm_closed_loop,0.2,-0.0255,False,0,,isaac_live_final_20260708,,selected_baseline_live,,,,,,,False,hospital_goal_C,1.9384,True,0.5235,-0.0255,0.2,-0.0255,True,armed,False,
livefinal_low_curvature_20260708_180949,333,15.266667,1783530594.751261,1.219308,-1.219557,-0.0,2.356167,0.2,-0.0258,0.199821,0.001757,camera_link,15.266667,gnm_closed_loop,,nominal,,True,ok,checkpoints/ablation_mnv2_baseline/best.pt,5.41,0.5298,-0.0258,0.1325,-0.0009,0.331,,,gnm_closed_loop,0.2,-0.0258,False,0,,isaac_live_final_20260708,,selected_baseline_live,,,,,,,False,hospital_goal_C,1.9352,True,0.5298,-0.0258,0.2,-0.0258,True,armed,False,
livefinal_low_curvature_20260708_180949,334,15.283334,1783530594.753824,1.216958,-1.217207,-0.0,2.356166,0.2,-0.0258,0.199821,0.001757,camera_link,15.283334,gnm_closed_loop,,nominal,,True,ok,checkpoints/ablation_mnv2_baseline/best.pt,5.41,0.5298,-0.0258,0.1325,-0.0009,0.331,,,gnm_closed_loop,0.2,-0.0258,False,0,,isaac_live_final_20260708,,selected_baseline_live,,,,,,,False,hospital_goal_C,1.9319,True,0.5298,-0.0258,0.2,-0.0258,True,armed,False,
livefinal_low_curvature_20260708_180949,335,15.300001,1783530594.756737,1.214607,-1.214856,-0.0,2.356165,0.2,-0.0258,0.199821,0.001757,camera_link,15.300001,gnm_closed_loop,,nominal,,True,ok,checkpoints/ablation_mnv2_baseline/best.pt,5.41,0.5298,-0.0258,0.1325,-0.0009,0.331,,,gnm_closed_loop,0.2,-0.0258,False,0,,isaac_live_final_20260708,,selected_baseline_live,,,,,,,False,hospital_goal_C,1.9286,True,0.5298,-0.0258,0.2,-0.0258,True,armed,False,
livefinal_low_curvature_20260708_180949,336,15.316667,1783530594.773245,1.212257,-1.212505,-0.0,2.356165,0.2,-0.0243,0.199827,0.001298,camera_link,15.316667,gnm_closed_loop,,nominal,,True,ok,checkpoints/ablation_mnv2_baseline/best.pt,4.24,0.5268,-0.0243,0.1317,-0.0008,0.3314,,,gnm_closed_loop,0.2,-0.0243,False,0,,isaac_live_final_20260708,,selected_baseline_live,,,,,,,False,hospital_goal_C,1.9254,True,0.5268,-0.0243,0.2,-0.0243,True,armed,False,
livefinal_low_curvature_20260708_180949,337,15.333334,1783530594.775564,1.209906,-1.210154,-0.0,2.356163,0.2,-0.0243,0.199827,0.001298,camera_link,15.333334,gnm_closed_loop,,nominal,,True,ok,checkpoints/ablation_mnv2_baseline/best.pt,4.24,0.5268,-0.0243,0.1317,-0.0008,0.3314,,,gnm_closed_loop,0.2,-0.0243,False,0,,isaac_live_final_20260708,,selected_baseline_live,,,,,,,False,hospital_goal_C,1.9221,True,0.5268,-0.0243,0.2,-0.0243,True,armed,False,
livefinal_low_curvature_20260708_180949,338,15.350001,1783530594.777421,1.207556,-1.207804,-0.0,2.356163,0.2,-0.0243,0.199827,0.001298,camera_link,15.350001,gnm_closed_loop,,nominal,,True,ok,checkpoints/ablation_mnv2_baseline/best.pt,4.24,0.5268,-0.0243,0.1317,-0.0008,0.3314,,,gnm_closed_loop,0.2,-0.0243,False,0,,isaac_live_final_20260708,,selected_baseline_live,,,,,,,False,hospital_goal_C,1.9189,True,0.5268,-0.0243,0.2,-0.0243,True,armed,False,
livefinal_low_curvature_20260708_180949,339,15.366667,1783530594.793927,1.205205,-1.205453,-0.0,2.356162,0.2,-0.0223,0.199853,0.002056,camera_link,15.366667,gnm_closed_loop,,nominal,,True,ok,checkpoints/ablation_mnv2_baseline/best.pt,4.62,0.517,-0.0223,0.1293,-0.0007,0.3345,,,gnm_closed_loop,0.2,-0.0223,False,0,,isaac_live_final_20260708,,selected_baseline_live,,,,,,,False,hospital_goal_C,1.9156,True,0.517,-0.0223,0.2,-0.0223,True,armed,False,
livefinal_low_curvature_20260708_180949,340,15.383334,1783530594.797836,1.202854,-1.203102,-0.0,2.356161,0.2,-0.0223,0.199853,0.002056,camera_link,15.383334,gnm_closed_loop,,nominal,,True,ok,checkpoints/ablation_mnv2_baseline/best.pt,4.62,0.517,-0.0223,0.1293,-0.0007,0.3345,,,gnm_closed_loop,0.2,-0.0223,False,0,,isaac_live_final_20260708,,selected_baseline_live,,,,,,,False,hospital_goal_C,1.9124,True,0.517,-0.0223,0.2,-0.0223,True,armed,False,
livefinal_low_curvature_20260708_180949,341,15.400001,1783530594.800122,1.200503,-1.200751,-0.0,2.356161,0.2,-0.0223,0.199853,0.002056,camera_link,15.400001,gnm_closed_loop,,nominal,,True,ok,checkpoints/ablation_mnv2_baseline/best.pt,4.62,0.517,-0.0223,0.1293,-0.0007,0.3345,,,gnm_closed_loop,0.2,-0.0223,False,0,,isaac_live_final_20260708,,selected_baseline_live,,,,,,,False,hospital_goal_C,1.9091,True,0.517,-0.0223,0.2,-0.0223,True,armed,False,
livefinal_low_curvature_20260708_180949,342,15.416667,1783530594.819202,1.198152,-1.1984,-0.0,2.35616,0.2,-0.0207,0.199878,0.001644,camera_link,15.416667,gnm_closed_loop,,nominal,,True,ok,checkpoints/ablation_mnv2_baseline/best.pt,5.75,0.528,-0.0207,0.132,-0.0007,0.3452,,,gnm_closed_loop,0.2,-0.0207,False,0,,isaac_live_final_20260708,,selected_baseline_live,,,,,,,False,hospital_goal_C,1.9059,True,0.528,-0.0207,0.2,-0.0207,True,armed,False,
livefinal_low_curvature_20260708_180949,343,15.433334,1783530594.821456,1.195802,-1.196049,-0.0,2.356159,0.2,-0.0207,0.199878,0.001644,camera_link,15.433334,gnm_closed_loop,,nominal,,True,ok,checkpoints/ablation_mnv2_baseline/best.pt,5.75,0.528,-0.0207,0.132,-0.0007,0.3452,,,gnm_closed_loop,0.2,-0.0207,False,0,,isaac_live_final_20260708,,selected_baseline_live,,,,,,,False,hospital_goal_C,1.9026,True,0.528,-0.0207,0.2,-0.0207,True,armed,False,
livefinal_low_curvature_20260708_180949,344,15.450001,1783530594.82338,1.193451,-1.193698,-0.0,2.356159,0.2,-0.0207,0.199878,0.001644,camera_link,15.450001,gnm_closed_loop,,nominal,,True,ok,checkpoints/ablation_mnv2_baseline/best.pt,5.75,0.528,-0.0207,0.132,-0.0007,0.3452,,,gnm_closed_loop,0.2,-0.0207,False,0,,isaac_live_final_20260708,,selected_baseline_live,,,,,,,False,hospital_goal_C,1.8994,True,0.528,-0.0207,0.2,-0.0207,True,armed,False,
livefinal_low_curvature_20260708_180949,345,15.466667,1783530594.839912,1.1911,-1.191347,-0.0,2.356158,0.2,-0.0188,0.199868,0.001757,camera_link,15.466667,gnm_closed_loop,,nominal,,True,ok,checkpoints/ablation_mnv2_baseline/best.pt,4.79,0.5389,-0.0188,0.1347,-0.0006,0.3521,,,gnm_closed_loop,0.2,-0.0188,False,0,,isaac_live_final_20260708,,selected_baseline_live,,,,,,,False,hospital_goal_C,1.8961,True,0.5389,-0.0188,0.2,-0.0188,True,armed,False,
livefinal_low_curvature_20260708_180949,346,15.483334,1783530594.842623,1.188749,-1.188996,-0.0,2.356157,0.2,-0.0188,0.199868,0.001757,camera_link,15.483334,gnm_closed_loop,,nominal,,True,ok,checkpoints/ablation_mnv2_baseline/best.pt,4.79,0.5389,-0.0188,0.1347,-0.0006,0.3521,,,gnm_closed_loop,0.2,-0.0188,False,0,,isaac_live_final_20260708,,selected_baseline_live,,,,,,,False,hospital_goal_C,1.8929,True,0.5389,-0.0188,0.2,-0.0188,True,armed,False,
livefinal_low_curvature_20260708_180949,347,15.500001,1783530594.844667,1.186398,-1.186645,-0.0,2.356156,0.2,-0.0188,0.199868,0.001757,camera_link,15.500001,gnm_closed_loop,,nominal,,True,ok,checkpoints/ablation_mnv2_baseline/best.pt,4.79,0.5389,-0.0188,0.1347,-0.0006,0.3521,,,gnm_closed_loop,0.2,-0.0188,False,0,,isaac_live_final_20260708,,selected_baseline_live,,,,,,,False,hospital_goal_C,1.8896,True,0.5389,-0.0188,0.2,-0.0188,True,armed,False,
livefinal_low_curvature_20260708_180949,348,15.516667,1783530594.86536,1.184047,-1.184294,-0.0,2.356156,0.2,-0.0193,0.199815,0.001269,camera_link,15.516667,gnm_closed_loop,,nominal,,True,ok,checkpoints/ablation_mnv2_baseline/best.pt,8.86,0.5485,-0.0193,0.1371,-0.0007,0.3558,,,gnm_closed_loop,0.2,-0.0193,False,0,,isaac_live_final_20260708,,selected_baseline_live,,,,,,,False,hospital_goal_C,1.8864,True,0.5485,-0.0193,0.2,-0.0193,True,armed,False,
livefinal_low_curvature_20260708_180949,349,15.533334,1783530594.867972,1.181697,-1.181944,-0.0,2.356155,0.2,-0.0193,0.199815,0.001269,camera_link,15.533334,gnm_closed_loop,,nominal,,True,ok,checkpoints/ablation_mnv2_baseline/best.pt,8.86,0.5485,-0.0193,0.1371,-0.0007,0.3558,,,gnm_closed_loop,0.2,-0.0193,False,0,,isaac_live_final_20260708,,selected_baseline_live,,,,,,,False,hospital_goal_C,1.8831,True,0.5485,-0.0193,0.2,-0.0193,True,armed,False,
livefinal_low_curvature_20260708_180949,350,15.550001,1783530594.870034,1.179346,-1.179592,-0.0,2.356154,0.2,-0.0193,0.199815,0.001269,camera_link,15.550001,gnm_closed_loop,,nominal,,True,ok,checkpoints/ablation_mnv2_baseline/best.pt,8.86,0.5485,-0.0193,0.1371,-0.0007,0.3558,,,gnm_closed_loop,0.2,-0.0193,False,0,,isaac_live_final_20260708,,selected_baseline_live,,,,,,,False,hospital_goal_C,1.8799,True,0.5485,-0.0193,0.2,-0.0193,True,armed,False,
livefinal_low_curvature_20260708_180949,351,15.566667,1783530594.892988,1.176995,-1.177242,-0.0,2.356153,0.2,-0.0235,0.199834,0.001166,camera_link,15.566667,gnm_closed_loop,,nominal,,True,ok,checkpoints/ablation_mnv2_baseline/best.pt,6.16,0.5635,-0.0235,0.1409,-0.0008,0.3551,,,gnm_closed_loop,0.2,-0.0235,False,0,,isaac_live_final_20260708,,selected_baseline_live,,,,,,,False,hospital_goal_C,1.8766,True,0.5635,-0.0235,0.2,-0.0235,True,armed,False,
livefinal_low_curvature_20260708_180949,352,15.583334,1783530594.89624,1.174644,-1.17489,-0.0,2.356152,0.2,-0.0235,0.199834,0.001166,camera_link,15.583334,gnm_closed_loop,,nominal,,True,ok,checkpoints/ablation_mnv2_baseline/best.pt,6.16,0.5635,-0.0235,0.1409,-0.0008,0.3551,,,gnm_closed_loop,0.2,-0.0235,False,0,,isaac_live_final_20260708,,selected_baseline_live,,,,,,,False,hospital_goal_C,1.8734,True,0.5635,-0.0235,0.2,-0.0235,True,armed,False,
livefinal_low_curvature_20260708_180949,353,15.600001,1783530594.898246,1.172293,-1.17254,-0.0,2.356151,0.2,-0.0235,0.199834,0.001166,camera_link,15.600001,gnm_closed_loop,,nominal,,True,ok,checkpoints/ablation_mnv2_baseline/best.pt,6.16,0.5635,-0.0235,0.1409,-0.0008,0.3551,,,gnm_closed_loop,0.2,-0.0235,False,0,,isaac_live_final_20260708,,selected_baseline_live,,,,,,,False,hospital_goal_C,1.8701,True,0.5635,-0.0235,0.2,-0.0235,True,armed,False,
livefinal_low_curvature_20260708_180949,354,15.616667,1783530594.918113,1.169943,-1.170189,-0.0,2.35615,0.2,-0.0242,0.199864,0.001146,camera_link,15.616667,gnm_closed_loop,,nominal,,True,ok,checkpoints/ablation_mnv2_baseline/best.pt,5.11,0.5282,-0.0242,0.1321,-0.0008,0.3554,,,gnm_closed_loop,0.2,-0.0242,False,0,,isaac_live_final_20260708,,selected_baseline_live,,,,,,,False,hospital_goal_C,1.8669,True,0.5282,-0.0242,0.2,-0.0242,True,armed,False,
livefinal_low_curvature_20260708_180949,355,15.633334,1783530594.920479,1.167593,-1.167838,-0.0,2.35615,0.2,-0.0242,0.199864,0.001146,camera_link,15.633334,gnm_closed_loop,,nominal,,True,ok,checkpoints/ablation_mnv2_baseline/best.pt,5.11,0.5282,-0.0242,0.1321,-0.0008,0.3554,,,gnm_closed_loop,0.2,-0.0242,False,0,,isaac_live_final_20260708,,selected_baseline_live,,,,,,,False,hospital_goal_C,1.8636,True,0.5282,-0.0242,0.2,-0.0242,True,armed,False,
livefinal_low_curvature_20260708_180949,356,15.650001,1783530594.92245,1.165242,-1.165487,-0.0,2.356149,0.2,-0.0242,0.199864,0.001146,camera_link,15.650001,gnm_closed_loop,,nominal,,True,ok,checkpoints/ablation_mnv2_baseline/best.pt,5.11,0.5282,-0.0242,0.1321,-0.0008,0.3554,,,gnm_closed_loop,0.2,-0.0242,False,0,,isaac_live_final_20260708,,selected_baseline_live,,,,,,,False,hospital_goal_C,1.8604,True,0.5282,-0.0242,0.2,-0.0242,True,armed,False,
livefinal_low_curvature_20260708_180949,357,15.666667,1783530594.938959,1.162891,-1.163136,-0.0,2.356148,0.2,-0.0268,0.199864,0.000318,camera_link,15.666667,gnm_closed_loop,,nominal,,True,ok,checkpoints/ablation_mnv2_baseline/best.pt,5.36,0.4773,-0.0268,0.1193,-0.0008,0.3474,,,gnm_closed_loop,0.2,-0.0268,False,0,,isaac_live_final_20260708,,selected_baseline_live,,,,,,,False,hospital_goal_C,1.8571,True,0.4773,-0.0268,0.2,-0.0268,True,armed,False,
livefinal_low_curvature_20260708_180949,358,15.683334,1783530594.941653,1.16054,-1.160786,-0.0,2.356148,0.2,-0.0268,0.199864,0.000318,camera_link,15.683334,gnm_closed_loop,,nominal,,True,ok,checkpoints/ablation_mnv2_baseline/best.pt,5.36,0.4773,-0.0268,0.1193,-0.0008,0.3474,,,gnm_closed_loop,0.2,-0.0268,False,0,,isaac_live_final_20260708,,selected_baseline_live,,,,,,,False,hospital_goal_C,1.8539,True,0.4773,-0.0268,0.2,-0.0268,True,armed,False,
livefinal_low_curvature_20260708_180949,359,15.700001,1783530594.943713,1.158189,-1.158435,-0.0,2.356147,0.2,-0.0268,0.199864,0.000318,camera_link,15.700001,gnm_closed_loop,,nominal,,True,ok,checkpoints/ablation_mnv2_baseline/best.pt,5.36,0.4773,-0.0268,0.1193,-0.0008,0.3474,,,gnm_closed_loop,0.2,-0.0268,False,0,,isaac_live_final_20260708,,selected_baseline_live,,,,,,,False,hospital_goal_C,1.8506,True,0.4773,-0.0268,0.2,-0.0268,True,armed,False,
livefinal_low_curvature_20260708_180949,360,15.716667,1783530594.959986,1.155839,-1.156084,-0.0,2.356146,0.2,-0.0317,0.199855,0.000864,camera_link,15.716667,gnm_closed_loop,,nominal,,True,ok,checkpoints/ablation_mnv2_baseline/best.pt,4.75,0.4463,-0.0317,0.1116,-0.0009,0.3432,,,gnm_closed_loop,0.2,-0.0317,False,0,,isaac_live_final_20260708,,selected_baseline_live,,,,,,,False,hospital_goal_C,1.8474,True,0.4463,-0.0317,0.2,-0.0317,True,armed,False,
livefinal_low_curvature_20260708_180949,361,15.733334,1783530594.962351,1.153488,-1.153733,-0.0,2.356145,0.2,-0.0317,0.199855,0.000864,camera_link,15.733334,gnm_closed_loop,,nominal,,True,ok,checkpoints/ablation_mnv2_baseline/best.pt,4.75,0.4463,-0.0317,0.1116,-0.0009,0.3432,,,gnm_closed_loop,0.2,-0.0317,False,0,,isaac_live_final_20260708,,selected_baseline_live,,,,,,,False,hospital_goal_C,1.8441,True,0.4463,-0.0317,0.2,-0.0317,True,armed,False,
livefinal_low_curvature_20260708_180949,362,15.750001,1783530594.964331,1.151137,-1.151382,-0.0,2.356144,0.2,-0.0317,0.199855,0.000864,camera_link,15.750001,gnm_closed_loop,,nominal,,True,ok,checkpoints/ablation_mnv2_baseline/best.pt,4.75,0.4463,-0.0317,0.1116,-0.0009,0.3432,,,gnm_closed_loop,0.2,-0.0317,False,0,,isaac_live_final_20260708,,selected_baseline_live,,,,,,,False,hospital_goal_C,1.8409,True,0.4463,-0.0317,0.2,-0.0317,True,armed,False,
livefinal_low_curvature_20260708_180949,363,15.766667,1783530594.979624,1.148786,-1.149031,-0.0,2.356142,0.2,-0.0429,0.19985,0.00188,camera_link,15.766667,gnm_closed_loop,,nominal,,True,ok,checkpoints/ablation_mnv2_baseline/best.pt,4.58,0.4011,-0.0429,0.1003,-0.0011,0.34,,,gnm_closed_loop,0.2,-0.0429,False,0,,isaac_live_final_20260708,,selected_baseline_live,,,,,,,False,hospital_goal_C,1.8376,True,0.4011,-0.0429,0.2,-0.0429,True,armed,False,
livefinal_low_curvature_20260708_180949,364,15.783334,1783530594.982705,1.146435,-1.14668,-0.0,2.35614,0.2,-0.0429,0.19985,0.00188,camera_link,15.783334,gnm_closed_loop,,nominal,,True,ok,checkpoints/ablation_mnv2_baseline/best.pt,4.58,0.4011,-0.0429,0.1003,-0.0011,0.34,,,gnm_closed_loop,0.2,-0.0429,False,0,,isaac_live_final_20260708,,selected_baseline_live,,,,,,,False,hospital_goal_C,1.8344,True,0.4011,-0.0429,0.2,-0.0429,True,armed,False,
livefinal_low_curvature_20260708_180949,365,15.800001,1783530594.986167,1.144084,-1.144329,-0.0,2.356139,0.2,-0.0429,0.19985,0.00188,camera_link,15.800001,gnm_closed_loop,,nominal,,True,ok,checkpoints/ablation_mnv2_baseline/best.pt,4.58,0.4011,-0.0429,0.1003,-0.0011,0.34,,,gnm_closed_loop,0.2,-0.0429,False,0,,isaac_live_final_20260708,,selected_baseline_live,,,,,,,False,hospital_goal_C,1.8311,True,0.4011,-0.0429,0.2,-0.0429,True,armed,False,
livefinal_low_curvature_20260708_180949,366,15.816667,1783530595.006764,1.141733,-1.141978,-0.0,2.356137,0.2,-0.0337,0.199816,0.002603,camera_link,15.816667,gnm_closed_loop,,nominal,,True,ok,checkpoints/ablation_mnv2_baseline/best.pt,4.59,0.4475,-0.0337,0.1119,-0.0009,0.3479,,,gnm_closed_loop,0.2,-0.0337,False,0,,isaac_live_final_20260708,,selected_baseline_live,,,,,,,False,hospital_goal_C,1.8279,True,0.4475,-0.0337,0.2,-0.0337,True,armed,False,
livefinal_low_curvature_20260708_180949,367,15.833334,1783530595.010167,1.139382,-1.139627,-0.0,2.356135,0.2,-0.0337,0.199816,0.002603,camera_link,15.833334,gnm_closed_loop,,nominal,,True,ok,checkpoints/ablation_mnv2_baseline/best.pt,4.59,0.4475,-0.0337,0.1119,-0.0009,0.3479,,,gnm_closed_loop,0.2,-0.0337,False,0,,isaac_live_final_20260708,,selected_baseline_live,,,,,,,False,hospital_goal_C,1.8247,True,0.4475,-0.0337,0.2,-0.0337,True,armed,False,
livefinal_low_curvature_20260708_180949,368,15.850001,1783530595.011981,1.137032,-1.137276,-0.0,2.356134,0.2,-0.0337,0.199816,0.002603,camera_link,15.850001,gnm_closed_loop,,nominal,,True,ok,checkpoints/ablation_mnv2_baseline/best.pt,4.59,0.4475,-0.0337,0.1119,-0.0009,0.3479,,,gnm_closed_loop,0.2,-0.0337,False,0,,isaac_live_final_20260708,,selected_baseline_live,,,,,,,False,hospital_goal_C,1.8214,True,0.4475,-0.0337,0.2,-0.0337,True,armed,False,
livefinal_low_curvature_20260708_180949,369,15.866667,1783530595.02762,1.134681,-1.134925,-0.0,2.356133,0.2,-0.0233,0.199834,0.001972,camera_link,15.866667,gnm_closed_loop,,nominal,,True,ok,checkpoints/ablation_mnv2_baseline/best.pt,4.74,0.474,-0.0233,0.1185,-0.0007,0.3523,,,gnm_closed_loop,0.2,-0.0233,False,0,,isaac_live_final_20260708,,selected_baseline_live,,,,,,,False,hospital_goal_C,1.8182,True,0.474,-0.0233,0.2,-0.0233,True,armed,False,
livefinal_low_curvature_20260708_180949,370,15.883334,1783530595.029984,1.132331,-1.132574,-0.0,2.356132,0.2,-0.0233,0.199834,0.001972,camera_link,15.883334,gnm_closed_loop,,nominal,,True,ok,checkpoints/ablation_mnv2_baseline/best.pt,4.74,0.474,-0.0233,0.1185,-0.0007,0.3523,,,gnm_closed_loop,0.2,-0.0233,False,0,,isaac_live_final_20260708,,selected_baseline_live,,,,,,,False,hospital_goal_C,1.8149,True,0.474,-0.0233,0.2,-0.0233,True,armed,False,
livefinal_low_curvature_20260708_180949,371,15.900001,1783530595.031921,1.12998,-1.130223,-0.0,2.356131,0.2,-0.0233,0.199834,0.001972,camera_link,15.900001,gnm_closed_loop,,nominal,,True,ok,checkpoints/ablation_mnv2_baseline/best.pt,4.74,0.474,-0.0233,0.1185,-0.0007,0.3523,,,gnm_closed_loop,0.2,-0.0233,False,0,,isaac_live_final_20260708,,selected_baseline_live,,,,,,,False,hospital_goal_C,1.8117,True,0.474,-0.0233,0.2,-0.0233,True,armed,False,
livefinal_low_curvature_20260708_180949,372,15.916667,1783530595.046614,1.12763,-1.127872,-0.0,2.35613,0.2,-0.0222,0.199841,0.001492,camera_link,15.916667,gnm_closed_loop,,nominal,,True,ok,checkpoints/ablation_mnv2_baseline/best.pt,4.62,0.4873,-0.0222,0.1218,-0.0007,0.3529,,,gnm_closed_loop,0.2,-0.0222,False,0,,isaac_live_final_20260708,,selected_baseline_live,,,,,,,False,hospital_goal_C,1.8084,True,0.4873,-0.0222,0.2,-0.0222,True,armed,False,
livefinal_low_curvature_20260708_180949,373,15.933334,1783530595.049158,1.125279,-1.125521,-0.0,2.35613,0.2,-0.0222,0.199841,0.001492,camera_link,15.933334,gnm_closed_loop,,nominal,,True,ok,checkpoints/ablation_mnv2_baseline/best.pt,4.62,0.4873,-0.0222,0.1218,-0.0007,0.3529,,,gnm_closed_loop,0.2,-0.0222,False,0,,isaac_live_final_20260708,,selected_baseline_live,,,,,,,False,hospital_goal_C,1.8052,True,0.4873,-0.0222,0.2,-0.0222,True,armed,False,
livefinal_low_curvature_20260708_180949,374,15.950001,1783530595.051054,1.122928,-1.12317,-0.0,2.356129,0.2,-0.0222,0.199841,0.001492,camera_link,15.950001,gnm_closed_loop,,nominal,,True,ok,checkpoints/ablation_mnv2_baseline/best.pt,4.62,0.4873,-0.0222,0.1218,-0.0007,0.3529,,,gnm_closed_loop,0.2,-0.0222,False,0,,isaac_live_final_20260708,,selected_baseline_live,,,,,,,False,hospital_goal_C,1.8019,True,0.4873,-0.0222,0.2,-0.0222,True,armed,False,
livefinal_low_curvature_20260708_180949,375,15.966667,1783530595.065701,1.120577,-1.120818,-0.0,2.356129,0.2,-0.0201,0.199869,0.001206,camera_link,15.966667,gnm_closed_loop,,nominal,,True,ok,checkpoints/ablation_mnv2_baseline/best.pt,4.73,0.4885,-0.0201,0.1221,-0.0006,0.353,,,gnm_closed_loop,0.2,-0.0201,False,0,,isaac_live_final_20260708,,selected_baseline_live,,,,,,,False,hospital_goal_C,1.7987,True,0.4885,-0.0201,0.2,-0.0201,True,armed,False,
livefinal_low_curvature_20260708_180949,376,15.983334,1783530595.068384,1.118226,-1.118468,-0.0,2.356128,0.2,-0.0201,0.199869,0.001206,camera_link,15.983334,gnm_closed_loop,,nominal,,True,ok,checkpoints/ablation_mnv2_baseline/best.pt,4.73,0.4885,-0.0201,0.1221,-0.0006,0.353,,,gnm_closed_loop,0.2,-0.0201,False,0,,isaac_live_final_20260708,,selected_baseline_live,,,,,,,False,hospital_goal_C,1.7955,True,0.4885,-0.0201,0.2,-0.0201,True,armed,False,
livefinal_low_curvature_20260708_180949,377,16.000001,1783530595.07039,1.115875,-1.116117,-0.0,2.356127,0.2,-0.0201,0.199869,0.001206,camera_link,16.000001,gnm_closed_loop,,nominal,,True,ok,checkpoints/ablation_mnv2_baseline/best.pt,4.73,0.4885,-0.0201,0.1221,-0.0006,0.353,,,gnm_closed_loop,0.2,-0.0201,False,0,,isaac_live_final_20260708,,selected_baseline_live,,,,,,,False,hospital_goal_C,1.7922,True,0.4885,-0.0201,0.2,-0.0201,True,armed,False,
livefinal_low_curvature_20260708_180949,378,16.016668,1783530595.086429,1.113525,-1.113766,-0.0,2.356127,0.2,-0.021,0.199846,0.000529,camera_link,16.016668,gnm_closed_loop,,nominal,,True,ok,checkpoints/ablation_mnv2_baseline/best.pt,4.95,0.4842,-0.021,0.1211,-0.0006,0.3456,,,gnm_closed_loop,0.2,-0.021,False,0,,isaac_live_final_20260708,,selected_baseline_live,,,,,,,False,hospital_goal_C,1.789,True,0.4842,-0.021,0.2,-0.021,True,armed,False,
livefinal_low_curvature_20260708_180949,379,16.033334,1783530595.089239,1.111174,-1.111415,-0.0,2.356126,0.2,-0.021,0.199846,0.000529,camera_link,16.033334,gnm_closed_loop,,nominal,,True,ok,checkpoints/ablation_mnv2_baseline/best.pt,4.95,0.4842,-0.021,0.1211,-0.0006,0.3456,,,gnm_closed_loop,0.2,-0.021,False,0,,isaac_live_final_20260708,,selected_baseline_live,,,,,,,False,hospital_goal_C,1.7857,True,0.4842,-0.021,0.2,-0.021,True,armed,False,
livefinal_low_curvature_20260708_180949,380,16.050001,1783530595.091192,1.108824,-1.109064,-0.0,2.356126,0.2,-0.021,0.199846,0.000529,camera_link,16.050001,gnm_closed_loop,,nominal,,True,ok,checkpoints/ablation_mnv2_baseline/best.pt,4.95,0.4842,-0.021,0.1211,-0.0006,0.3456,,,gnm_closed_loop,0.2,-0.021,False,0,,isaac_live_final_20260708,,selected_baseline_live,,,,,,,False,hospital_goal_C,1.7825,True,0.4842,-0.021,0.2,-0.021,True,armed,False,
livefinal_low_curvature_20260708_180949,381,16.066668,1783530595.105801,1.106473,-1.106713,-0.0,2.356125,0.2,-0.0284,0.199828,0.001497,camera_link,16.066668,gnm_closed_loop,,nominal,,True,ok,checkpoints/ablation_mnv2_baseline/best.pt,4.58,0.4596,-0.0284,0.1149,-0.0008,0.3406,,,gnm_closed_loop,0.2,-0.0284,False,0,,isaac_live_final_20260708,,selected_baseline_live,,,,,,,False,hospital_goal_C,1.7792,True,0.4596,-0.0284,0.2,-0.0284,True,armed,False,
livefinal_low_curvature_20260708_180949,382,16.083334,1783530595.108108,1.104123,-1.104362,-0.0,2.356123,0.2,-0.0284,0.199828,0.001497,camera_link,16.083334,gnm_closed_loop,,nominal,,True,ok,checkpoints/ablation_mnv2_baseline/best.pt,4.58,0.4596,-0.0284,0.1149,-0.0008,0.3406,,,gnm_closed_loop,0.2,-0.0284,False,0,,isaac_live_final_20260708,,selected_baseline_live,,,,,,,False,hospital_goal_C,1.776,True,0.4596,-0.0284,0.2,-0.0284,True,armed,False,
livefinal_low_curvature_20260708_180949,383,16.100001,1783530595.110066,1.101773,-1.102012,-0.0,2.356122,0.2,-0.0284,0.199828,0.001497,camera_link,16.100001,gnm_closed_loop,,nominal,,True,ok,checkpoints/ablation_mnv2_baseline/best.pt,4.58,0.4596,-0.0284,0.1149,-0.0008,0.3406,,,gnm_closed_loop,0.2,-0.0284,False,0,,isaac_live_final_20260708,,selected_baseline_live,,,,,,,False,hospital_goal_C,1.7728,True,0.4596,-0.0284,0.2,-0.0284,True,armed,False,
livefinal_low_curvature_20260708_180949,384,16.116668,1783530595.126805,1.099421,-1.099661,-0.0,2.356121,0.2,-0.0289,0.199854,0.001377,camera_link,16.116668,gnm_closed_loop,,nominal,,True,ok,checkpoints/ablation_mnv2_baseline/best.pt,4.57,0.4585,-0.0289,0.1146,-0.0008,0.3431,,,gnm_closed_loop,0.2,-0.0289,False,0,,isaac_live_final_20260708,,selected_baseline_live,,,,,,,False,hospital_goal_C,1.7695,True,0.4585,-0.0289,0.2,-0.0289,True,armed,False,
livefinal_low_curvature_20260708_180949,385,16.133334,1783530595.129189,1.097071,-1.097309,-0.0,2.35612,0.2,-0.0289,0.199854,0.001377,camera_link,16.133334,gnm_closed_loop,,nominal,,True,ok,checkpoints/ablation_mnv2_baseline/best.pt,4.57,0.4585,-0.0289,0.1146,-0.0008,0.3431,,,gnm_closed_loop,0.2,-0.0289,False,0,,isaac_live_final_20260708,,selected_baseline_live,,,,,,,False,hospital_goal_C,1.7663,True,0.4585,-0.0289,0.2,-0.0289,True,armed,False,
livefinal_low_curvature_20260708_180949,386,16.150001,1783530595.131091,1.09472,-1.094958,-0.0,2.356119,0.2,-0.0289,0.199854,0.001377,camera_link,16.150001,gnm_closed_loop,,nominal,,True,ok,checkpoints/ablation_mnv2_baseline/best.pt,4.57,0.4585,-0.0289,0.1146,-0.0008,0.3431,,,gnm_closed_loop,0.2,-0.0289,False,0,,isaac_live_final_20260708,,selected_baseline_live,,,,,,,False,hospital_goal_C,1.763,True,0.4585,-0.0289,0.2,-0.0289,True,armed,False,
livefinal_low_curvature_20260708_180949,387,16.166668,1783530595.146383,1.09237,-1.092607,-0.0,2.356118,0.2,-0.0235,0.199797,0.002522,camera_link,16.166668,gnm_closed_loop,,nominal,,True,ok,checkpoints/ablation_mnv2_baseline/best.pt,4.77,0.4756,-0.0235,0.1189,-0.0007,0.3467,,,gnm_closed_loop,0.2,-0.0235,False,0,,isaac_live_final_20260708,,selected_baseline_live,,,,,,,False,hospital_goal_C,1.7598,True,0.4756,-0.0235,0.2,-0.0235,True,armed,False,
livefinal_low_curvature_20260708_180949,388,16.183334,1783530595.148757,1.090019,-1.090256,-0.0,2.356117,0.2,-0.0235,0.199797,0.002522,camera_link,16.183334,gnm_closed_loop,,nominal,,True,ok,checkpoints/ablation_mnv2_baseline/best.pt,4.77,0.4756,-0.0235,0.1189,-0.0007,0.3467,,,gnm_closed_loop,0.2,-0.0235,False,0,,isaac_live_final_20260708,,selected_baseline_live,,,,,,,False,hospital_goal_C,1.7566,True,0.4756,-0.0235,0.2,-0.0235,True,armed,False,
livefinal_low_curvature_20260708_180949,389,16.200001,1783530595.151807,1.087669,-1.087905,-0.0,2.356116,0.2,-0.0235,0.199797,0.002522,camera_link,16.200001,gnm_closed_loop,,nominal,,True,ok,checkpoints/ablation_mnv2_baseline/best.pt,4.77,0.4756,-0.0235,0.1189,-0.0007,0.3467,,,gnm_closed_loop,0.2,-0.0235,False,0,,isaac_live_final_20260708,,selected_baseline_live,,,,,,,False,hospital_goal_C,1.7533,True,0.4756,-0.0235,0.2,-0.0235,True,armed,False,
livefinal_low_curvature_20260708_180949,390,16.216668,1783530595.169475,1.085319,-1.085554,-0.0,2.356116,0.2,-0.0196,0.199821,0.000912,camera_link,16.216668,gnm_closed_loop,,nominal,,True,ok,checkpoints/ablation_mnv2_baseline/best.pt,4.11,0.4879,-0.0196,0.122,-0.0006,0.3474,,,gnm_closed_loop,0.2,-0.0196,False,0,,isaac_live_final_20260708,,selected_baseline_live,,,,,,,False,hospital_goal_C,1.7501,True,0.4879,-0.0196,0.2,-0.0196,True,armed,False,
livefinal_low_curvature_20260708_180949,391,16.233334,1783530595.17185,1.082969,-1.083204,-0.0,2.356115,0.2,-0.0196,0.199821,0.000912,camera_link,16.233334,gnm_closed_loop,,nominal,,True,ok,checkpoints/ablation_mnv2_baseline/best.pt,4.11,0.4879,-0.0196,0.122,-0.0006,0.3474,,,gnm_closed_loop,0.2,-0.0196,False,0,,isaac_live_final_20260708,,selected_baseline_live,,,,,,,False,hospital_goal_C,1.7469,True,0.4879,-0.0196,0.2,-0.0196,True,armed,False,
livefinal_low_curvature_20260708_180949,392,16.250001,1783530595.173756,1.080619,-1.080853,-0.0,2.356114,0.2,-0.0196,0.199821,0.000912,camera_link,16.250001,gnm_closed_loop,,nominal,,True,ok,checkpoints/ablation_mnv2_baseline/best.pt,4.11,0.4879,-0.0196,0.122,-0.0006,0.3474,,,gnm_closed_loop,0.2,-0.0196,False,0,,isaac_live_final_20260708,,selected_baseline_live,,,,,,,False,hospital_goal_C,1.7436,True,0.4879,-0.0196,0.2,-0.0196,True,armed,False,
livefinal_low_curvature_20260708_180949,393,16.266668,1783530595.189113,1.078268,-1.078502,-0.0,2.356114,0.2,-0.0233,0.199861,0.001471,camera_link,16.266668,gnm_closed_loop,,nominal,,True,ok,checkpoints/ablation_mnv2_baseline/best.pt,4.58,0.4872,-0.0233,0.1218,-0.0007,0.3444,,,gnm_closed_loop,0.2,-0.0233,False,0,,isaac_live_final_20260708,,selected_baseline_live,,,,,,,False,hospital_goal_C,1.7404,True,0.4872,-0.0233,0.2,-0.0233,True,armed,False,
livefinal_low_curvature_20260708_180949,394,16.283334,1783530595.191897,1.075918,-1.076151,-0.0,2.356113,0.2,-0.0233,0.199861,0.001471,camera_link,16.283334,gnm_closed_loop,,nominal,,True,ok,checkpoints/ablation_mnv2_baseline/best.pt,4.58,0.4872,-0.0233,0.1218,-0.0007,0.3444,,,gnm_closed_loop,0.2,-0.0233,False,0,,isaac_live_final_20260708,,selected_baseline_live,,,,,,,False,hospital_goal_C,1.7371,True,0.4872,-0.0233,0.2,-0.0233,True,armed,False,
livefinal_low_curvature_20260708_180949,395,16.300001,1783530595.193931,1.073567,-1.073801,-0.0,2.356112,0.2,-0.0233,0.199861,0.001471,camera_link,16.300001,gnm_closed_loop,,nominal,,True,ok,checkpoints/ablation_mnv2_baseline/best.pt,4.58,0.4872,-0.0233,0.1218,-0.0007,0.3444,,,gnm_closed_loop,0.2,-0.0233,False,0,,isaac_live_final_20260708,,selected_baseline_live,,,,,,,False,hospital_goal_C,1.7339,True,0.4872,-0.0233,0.2,-0.0233,True,armed,False,
livefinal_low_curvature_20260708_180949,396,16.316668,1783530595.208566,1.071216,-1.07145,-0.0,2.356111,0.2,-0.0223,0.199845,0.001215,camera_link,16.316668,gnm_closed_loop,,nominal,,True,ok,checkpoints/ablation_mnv2_baseline/best.pt,4.85,0.5006,-0.0223,0.1251,-0.0007,0.3435,,,gnm_closed_loop,0.2,-0.0223,False,0,,isaac_live_final_20260708,,selected_baseline_live,,,,,,,False,hospital_goal_C,1.7307,True,0.5006,-0.0223,0.2,-0.0223,True,armed,False,
livefinal_low_curvature_20260708_180949,397,16.333334,1783530595.212409,1.068865,-1.069099,-0.0,2.35611,0.2,-0.0223,0.199845,0.001215,camera_link,16.333334,gnm_closed_loop,,nominal,,True,ok,checkpoints/ablation_mnv2_baseline/best.pt,4.85,0.5006,-0.0223,0.1251,-0.0007,0.3435,,,gnm_closed_loop,0.2,-0.0223,False,0,,isaac_live_final_20260708,,selected_baseline_live,,,,,,,False,hospital_goal_C,1.7274,True,0.5006,-0.0223,0.2,-0.0223,True,armed,False,
livefinal_low_curvature_20260708_180949,398,16.350001,1783530595.214415,1.066515,-1.066748,-0.0,2.356109,0.2,-0.0223,0.199845,0.001215,camera_link,16.350001,gnm_closed_loop,,nominal,,True,ok,checkpoints/ablation_mnv2_baseline/best.pt,4.85,0.5006,-0.0223,0.1251,-0.0007,0.3435,,,gnm_closed_loop,0.2,-0.0223,False,0,,isaac_live_final_20260708,,selected_baseline_live,,,,,,,False,hospital_goal_C,1.7242,True,0.5006,-0.0223,0.2,-0.0223,True,armed,False,
livefinal_low_curvature_20260708_180949,399,16.366668,1783530595.232113,1.064165,-1.064397,-0.0,2.356109,0.2,-0.0293,0.199818,0.00026,camera_link,16.366668,gnm_closed_loop,,nominal,,True,ok,checkpoints/ablation_mnv2_baseline/best.pt,4.52,0.477,-0.0293,0.1193,-0.0009,0.34,,,gnm_closed_loop,0.2,-0.0293,False,0,,isaac_live_final_20260708,,selected_baseline_live,,,,,,,False,hospital_goal_C,1.721,True,0.477,-0.0293,0.2,-0.0293,True,armed,False,
livefinal_low_curvature_20260708_180949,400,16.383334,1783530595.234498,1.061814,-1.062046,-0.0,2.356108,0.2,-0.0293,0.199818,0.00026,camera_link,16.383334,gnm_closed_loop,,nominal,,True,ok,checkpoints/ablation_mnv2_baseline/best.pt,4.52,0.477,-0.0293,0.1193,-0.0009,0.34,,,gnm_closed_loop,0.2,-0.0293,False,0,,isaac_live_final_20260708,,selected_baseline_live,,,,,,,False,hospital_goal_C,1.7177,True,0.477,-0.0293,0.2,-0.0293,True,armed,False,
livefinal_low_curvature_20260708_180949,401,16.400001,1783530595.236327,1.059464,-1.059695,-0.0,2.356107,0.2,-0.0293,0.199818,0.00026,camera_link,16.400001,gnm_closed_loop,,nominal,,True,ok,checkpoints/ablation_mnv2_baseline/best.pt,4.52,0.477,-0.0293,0.1193,-0.0009,0.34,,,gnm_closed_loop,0.2,-0.0293,False,0,,isaac_live_final_20260708,,selected_baseline_live,,,,,,,False,hospital_goal_C,1.7145,True,0.477,-0.0293,0.2,-0.0293,True,armed,False,
livefinal_low_curvature_20260708_180949,402,16.416668,1783530595.254786,1.057114,-1.057344,-0.0,2.356106,0.2,-0.0356,0.199865,0.001687,camera_link,16.416668,gnm_closed_loop,,nominal,,True,ok,checkpoints/ablation_mnv2_baseline/best.pt,7.94,0.4687,-0.0356,0.1172,-0.001,0.3375,,,gnm_closed_loop,0.2,-0.0356,False,0,,isaac_live_final_20260708,,selected_baseline_live,,,,,,,False,hospital_goal_C,1.7113,True,0.4687,-0.0356,0.2,-0.0356,True,armed,False,
livefinal_low_curvature_20260708_180949,403,16.433334,1783530595.258265,1.054764,-1.054994,-0.0,2.356104,0.2,-0.0356,0.199865,0.001687,camera_link,16.433334,gnm_closed_loop,,nominal,,True,ok,checkpoints/ablation_mnv2_baseline/best.pt,7.94,0.4687,-0.0356,0.1172,-0.001,0.3375,,,gnm_closed_loop,0.2,-0.0356,False,0,,isaac_live_final_20260708,,selected_baseline_live,,,,,,,False,hospital_goal_C,1.708,True,0.4687,-0.0356,0.2,-0.0356,True,armed,False,
livefinal_low_curvature_20260708_180949,404,16.450001,1783530595.26067,1.052413,-1.052643,-0.0,2.356104,0.2,-0.0356,0.199865,0.001687,camera_link,16.450001,gnm_closed_loop,,nominal,,True,ok,checkpoints/ablation_mnv2_baseline/best.pt,7.94,0.4687,-0.0356,0.1172,-0.001,0.3375,,,gnm_closed_loop,0.2,-0.0356,False,0,,isaac_live_final_20260708,,selected_baseline_live,,,,,,,False,hospital_goal_C,1.7048,True,0.4687,-0.0356,0.2,-0.0356,True,armed,False,
livefinal_low_curvature_20260708_180949,405,16.466668,1783530595.275902,1.050063,-1.050292,-0.0,2.356102,0.2,-0.0414,0.199814,0.001808,camera_link,16.466668,gnm_closed_loop,,nominal,,True,ok,checkpoints/ablation_mnv2_baseline/best.pt,4.89,0.4474,-0.0414,0.1119,-0.0012,0.3328,,,gnm_closed_loop,0.2,-0.0414,False,0,,isaac_live_final_20260708,,selected_baseline_live,,,,,,,False,hospital_goal_C,1.7016,True,0.4474,-0.0414,0.2,-0.0414,True,armed,False,
livefinal_low_curvature_20260708_180949,406,16.483334,1783530595.278627,1.047712,-1.047941,-0.0,2.356101,0.2,-0.0414,0.199814,0.001808,camera_link,16.483334,gnm_closed_loop,,nominal,,True,ok,checkpoints/ablation_mnv2_baseline/best.pt,4.89,0.4474,-0.0414,0.1119,-0.0012,0.3328,,,gnm_closed_loop,0.2,-0.0414,False,0,,isaac_live_final_20260708,,selected_baseline_live,,,,,,,False,hospital_goal_C,1.6983,True,0.4474,-0.0414,0.2,-0.0414,True,armed,False,
livefinal_low_curvature_20260708_180949,407,16.500001,1783530595.280828,1.045361,-1.04559,-0.0,2.356099,0.2,-0.0414,0.199814,0.001808,camera_link,16.500001,gnm_closed_loop,,nominal,,True,ok,checkpoints/ablation_mnv2_baseline/best.pt,4.89,0.4474,-0.0414,0.1119,-0.0012,0.3328,,,gnm_closed_loop,0.2,-0.0414,False,0,,isaac_live_final_20260708,,selected_baseline_live,,,,,,,False,hospital_goal_C,1.6951,True,0.4474,-0.0414,0.2,-0.0414,True,armed,False,
livefinal_low_curvature_20260708_180949,408,16.516668,1783530595.296574,1.043011,-1.04324,-0.0,2.356098,0.2,-0.046,0.199821,0.001909,camera_link,16.516668,gnm_closed_loop,,nominal,,True,ok,checkpoints/ablation_mnv2_baseline/best.pt,4.46,0.4441,-0.046,0.111,-0.0013,0.3351,,,gnm_closed_loop,0.2,-0.046,False,0,,isaac_live_final_20260708,,selected_baseline_live,,,,,,,False,hospital_goal_C,1.6919,True,0.4441,-0.046,0.2,-0.046,True,armed,False,
livefinal_low_curvature_20260708_180949,409,16.533334,1783530595.298898,1.040661,-1.040889,-0.0,2.356097,0.2,-0.046,0.199821,0.001909,camera_link,16.533334,gnm_closed_loop,,nominal,,True,ok,checkpoints/ablation_mnv2_baseline/best.pt,4.46,0.4441,-0.046,0.111,-0.0013,0.3351,,,gnm_closed_loop,0.2,-0.046,False,0,,isaac_live_final_20260708,,selected_baseline_live,,,,,,,False,hospital_goal_C,1.6886,True,0.4441,-0.046,0.2,-0.046,True,armed,False,
livefinal_low_curvature_20260708_180949,410,16.550001,1783530595.300813,1.03831,-1.038538,-0.0,2.356095,0.2,-0.046,0.199821,0.001909,camera_link,16.550001,gnm_closed_loop,,nominal,,True,ok,checkpoints/ablation_mnv2_baseline/best.pt,4.46,0.4441,-0.046,0.111,-0.0013,0.3351,,,gnm_closed_loop,0.2,-0.046,False,0,,isaac_live_final_20260708,,selected_baseline_live,,,,,,,False,hospital_goal_C,1.6854,True,0.4441,-0.046,0.2,-0.046,True,armed,False,
livefinal_low_curvature_20260708_180949,411,16.566668,1783530595.315892,1.03596,-1.036187,-0.0,2.356093,0.2,-0.0497,0.19984,0.002681,camera_link,16.566668,gnm_closed_loop,,nominal,,True,ok,checkpoints/ablation_mnv2_baseline/best.pt,4.18,0.4372,-0.0497,0.1093,-0.0014,0.3315,,,gnm_closed_loop,0.2,-0.0497,False,0,,isaac_live_final_20260708,,selected_baseline_live,,,,,,,False,hospital_goal_C,1.6822,True,0.4372,-0.0497,0.2,-0.0497,True,armed,False,
livefinal_low_curvature_20260708_180949,412,16.583334,1783530595.318397,1.033609,-1.033836,-0.0,2.356091,0.2,-0.0497,0.19984,0.002681,camera_link,16.583334,gnm_closed_loop,,nominal,,True,ok,checkpoints/ablation_mnv2_baseline/best.pt,4.18,0.4372,-0.0497,0.1093,-0.0014,0.3315,,,gnm_closed_loop,0.2,-0.0497,False,0,,isaac_live_final_20260708,,selected_baseline_live,,,,,,,False,hospital_goal_C,1.6789,True,0.4372,-0.0497,0.2,-0.0497,True,armed,False,
livefinal_low_curvature_20260708_180949,413,16.600001,1783530595.321516,1.03126,-1.031485,-0.0,2.356089,0.2,-0.0497,0.19984,0.002681,camera_link,16.600001,gnm_closed_loop,,nominal,,True,ok,checkpoints/ablation_mnv2_baseline/best.pt,4.18,0.4372,-0.0497,0.1093,-0.0014,0.3315,,,gnm_closed_loop,0.2,-0.0497,False,0,,isaac_live_final_20260708,,selected_baseline_live,,,,,,,False,hospital_goal_C,1.6757,True,0.4372,-0.0497,0.2,-0.0497,True,armed,False,
livefinal_low_curvature_20260708_180949,414,16.616668,1783530595.337746,1.028909,-1.029135,-0.0,2.356088,0.2,-0.0511,0.199819,0.001643,camera_link,16.616668,gnm_closed_loop,,nominal,,True,ok,checkpoints/ablation_mnv2_baseline/best.pt,4.62,0.4241,-0.0511,0.106,-0.0014,0.3309,,,gnm_closed_loop,0.2,-0.0511,False,0,,isaac_live_final_20260708,,selected_baseline_live,,,,,,,False,hospital_goal_C,1.6725,True,0.4241,-0.0511,0.2,-0.0511,True,armed,False,
livefinal_low_curvature_20260708_180949,415,16.633334,1783530595.340012,1.026559,-1.026784,-0.0,2.356086,0.2,-0.0511,0.199819,0.001643,camera_link,16.633334,gnm_closed_loop,,nominal,,True,ok,checkpoints/ablation_mnv2_baseline/best.pt,4.62,0.4241,-0.0511,0.106,-0.0014,0.3309,,,gnm_closed_loop,0.2,-0.0511,False,0,,isaac_live_final_20260708,,selected_baseline_live,,,,,,,False,hospital_goal_C,1.6692,True,0.4241,-0.0511,0.2,-0.0511,True,armed,False,
livefinal_low_curvature_20260708_180949,416,16.650001,1783530595.34251,1.024209,-1.024433,-0.0,2.356084,0.2,-0.0511,0.199819,0.001643,camera_link,16.650001,gnm_closed_loop,,nominal,,True,ok,checkpoints/ablation_mnv2_baseline/best.pt,4.62,0.4241,-0.0511,0.106,-0.0014,0.3309,,,gnm_closed_loop,0.2,-0.0511,False,0,,isaac_live_final_20260708,,selected_baseline_live,,,,,,,False,hospital_goal_C,1.666,True,0.4241,-0.0511,0.2,-0.0511,True,armed,False,
livefinal_low_curvature_20260708_180949,417,16.666668,1783530595.362419,1.021859,-1.022083,-0.0,2.356083,0.2,-0.0521,0.199822,0.003263,camera_link,16.666668,gnm_closed_loop,,nominal,,True,ok,checkpoints/ablation_mnv2_baseline/best.pt,5.71,0.4296,-0.0521,0.1074,-0.0014,0.3284,,,gnm_closed_loop,0.2,-0.0521,False,0,,isaac_live_final_20260708,,selected_baseline_live,,,,,,,False,hospital_goal_C,1.6628,True,0.4296,-0.0521,0.2,-0.0521,True,armed,False,
livefinal_low_curvature_20260708_180949,418,16.683334,1783530595.365593,1.019509,-1.019732,-0.0,2.35608,0.2,-0.0521,0.199822,0.003263,camera_link,16.683334,gnm_closed_loop,,nominal,,True,ok,checkpoints/ablation_mnv2_baseline/best.pt,5.71,0.4296,-0.0521,0.1074,-0.0014,0.3284,,,gnm_closed_loop,0.2,-0.0521,False,0,,isaac_live_final_20260708,,selected_baseline_live,,,,,,,False,hospital_goal_C,1.6596,True,0.4296,-0.0521,0.2,-0.0521,True,armed,False,
livefinal_low_curvature_20260708_180949,419,16.700001,1783530595.367855,1.017159,-1.017381,-0.0,2.356078,0.2,-0.0521,0.199822,0.003263,camera_link,16.700001,gnm_closed_loop,,nominal,,True,ok,checkpoints/ablation_mnv2_baseline/best.pt,5.71,0.4296,-0.0521,0.1074,-0.0014,0.3284,,,gnm_closed_loop,0.2,-0.0521,False,0,,isaac_live_final_20260708,,selected_baseline_live,,,,,,,False,hospital_goal_C,1.6563,True,0.4296,-0.0521,0.2,-0.0521,True,armed,False,
livefinal_low_curvature_20260708_180949,420,16.716668,1783530595.394233,1.014808,-1.015029,-0.0,2.356076,0.2,-0.0502,0.199858,0.00248,camera_link,16.716668,gnm_closed_loop,,nominal,,True,ok,checkpoints/ablation_mnv2_baseline/best.pt,6.85,0.4277,-0.0502,0.1069,-0.0013,0.3264,,,gnm_closed_loop,0.2,-0.0502,False,0,,isaac_live_final_20260708,,selected_baseline_live,,,,,,,False,hospital_goal_C,1.6531,True,0.4277,-0.0502,0.2,-0.0502,True,armed,False,
livefinal_low_curvature_20260708_180949,421,16.733334,1783530595.396694,1.012458,-1.012678,-0.0,2.356074,0.2,-0.0502,0.199858,0.00248,camera_link,16.733334,gnm_closed_loop,,nominal,,True,ok,checkpoints/ablation_mnv2_baseline/best.pt,6.85,0.4277,-0.0502,0.1069,-0.0013,0.3264,,,gnm_closed_loop,0.2,-0.0502,False,0,,isaac_live_final_20260708,,selected_baseline_live,,,,,,,False,hospital_goal_C,1.6499,True,0.4277,-0.0502,0.2,-0.0502,True,armed,False,
livefinal_low_curvature_20260708_180949,422,16.750001,1783530595.399197,1.010107,-1.010327,-0.0,2.356072,0.2,-0.0502,0.199858,0.00248,camera_link,16.750001,gnm_closed_loop,,nominal,,True,ok,checkpoints/ablation_mnv2_baseline/best.pt,6.85,0.4277,-0.0502,0.1069,-0.0013,0.3264,,,gnm_closed_loop,0.2,-0.0502,False,0,,isaac_live_final_20260708,,selected_baseline_live,,,,,,,False,hospital_goal_C,1.6467,True,0.4277,-0.0502,0.2,-0.0502,True,armed,False,
livefinal_low_curvature_20260708_180949,423,16.766668,1783530595.41651,1.007757,-1.007977,-0.0,2.35607,0.2,-0.055,0.199795,0.001377,camera_link,16.766668,gnm_closed_loop,,nominal,,True,ok,checkpoints/ablation_mnv2_baseline/best.pt,5.09,0.4245,-0.055,0.1061,-0.0015,0.3249,,,gnm_closed_loop,0.2,-0.055,False,0,,isaac_live_final_20260708,,selected_baseline_live,,,,,,,False,hospital_goal_C,1.6434,True,0.4245,-0.055,0.2,-0.055,True,armed,False,
livefinal_low_curvature_20260708_180949,424,16.783334,1783530595.419491,1.005406,-1.005626,-0.0,2.356069,0.2,-0.055,0.199795,0.001377,camera_link,16.783334,gnm_closed_loop,,nominal,,True,ok,checkpoints/ablation_mnv2_baseline/best.pt,5.09,0.4245,-0.055,0.1061,-0.0015,0.3249,,,gnm_closed_loop,0.2,-0.055,False,0,,isaac_live_final_20260708,,selected_baseline_live,,,,,,,False,hospital_goal_C,1.6402,True,0.4245,-0.055,0.2,-0.055,True,armed,False,
livefinal_low_curvature_20260708_180949,425,16.800001,1783530595.421519,1.003057,-1.003275,-0.0,2.356067,0.2,-0.055,0.199795,0.001377,camera_link,16.800001,gnm_closed_loop,,nominal,,True,ok,checkpoints/ablation_mnv2_baseline/best.pt,5.09,0.4245,-0.055,0.1061,-0.0015,0.3249,,,gnm_closed_loop,0.2,-0.055,False,0,,isaac_live_final_20260708,,selected_baseline_live,,,,,,,False,hospital_goal_C,1.637,True,0.4245,-0.055,0.2,-0.055,True,armed,False,
livefinal_low_curvature_20260708_180949,426,16.816668,1783530595.437307,1.000706,-1.000924,-0.0,2.356065,0.2,-0.0504,0.199808,0.002033,camera_link,16.816668,gnm_closed_loop,,nominal,,True,ok,checkpoints/ablation_mnv2_baseline/best.pt,4.35,0.4847,-0.0504,0.1212,-0.0015,0.3277,,,gnm_closed_loop,0.2,-0.0504,False,0,,isaac_live_final_20260708,,selected_baseline_live,,,,,,,False,hospital_goal_C,1.6337,True,0.4847,-0.0504,0.2,-0.0504,True,armed,False,
livefinal_low_curvature_20260708_180949,427,16.833334,1783530595.439935,0.998356,-0.998573,-0.0,2.356063,0.2,-0.0504,0.199808,0.002033,camera_link,16.833334,gnm_closed_loop,,nominal,,True,ok,checkpoints/ablation_mnv2_baseline/best.pt,4.35,0.4847,-0.0504,0.1212,-0.0015,0.3277,,,gnm_closed_loop,0.2,-0.0504,False,0,,isaac_live_final_20260708,,selected_baseline_live,,,,,,,False,hospital_goal_C,1.6305,True,0.4847,-0.0504,0.2,-0.0504,True,armed,False,
livefinal_low_curvature_20260708_180949,428,16.850001,1783530595.441886,0.996006,-0.996223,-0.0,2.356062,0.2,-0.0504,0.199808,0.002033,camera_link,16.850001,gnm_closed_loop,,nominal,,True,ok,checkpoints/ablation_mnv2_baseline/best.pt,4.35,0.4847,-0.0504,0.1212,-0.0015,0.3277,,,gnm_closed_loop,0.2,-0.0504,False,0,,isaac_live_final_20260708,,selected_baseline_live,,,,,,,False,hospital_goal_C,1.6273,True,0.4847,-0.0504,0.2,-0.0504,True,armed,False,
livefinal_low_curvature_20260708_180949,429,16.866668,1783530595.458403,0.993656,-0.993872,-0.0,2.35606,0.2,-0.0513,0.199772,0.002201,camera_link,16.866668,gnm_closed_loop,,nominal,,True,ok,checkpoints/ablation_mnv2_baseline/best.pt,4.25,0.5041,-0.0513,0.126,-0.0016,0.332,,,gnm_closed_loop,0.2,-0.0513,False,0,,isaac_live_final_20260708,,selected_baseline_live,,,,,,,False,hospital_goal_C,1.6241,True,0.5041,-0.0513,0.2,-0.0513,True,armed,False,
livefinal_low_curvature_20260708_180949,430,16.883334,1783530595.461097,0.991305,-0.991521,-0.0,2.356058,0.2,-0.0513,0.199772,0.002201,camera_link,16.883334,gnm_closed_loop,,nominal,,True,ok,checkpoints/ablation_mnv2_baseline/best.pt,4.25,0.5041,-0.0513,0.126,-0.0016,0.332,,,gnm_closed_loop,0.2,-0.0513,False,0,,isaac_live_final_20260708,,selected_baseline_live,,,,,,,False,hospital_goal_C,1.6209,True,0.5041,-0.0513,0.2,-0.0513,True,armed,False,
livefinal_low_curvature_20260708_180949,431,16.900001,1783530595.462978,0.988955,-0.98917,-0.0,2.356056,0.2,-0.0513,0.199772,0.002201,camera_link,16.900001,gnm_closed_loop,,nominal,,True,ok,checkpoints/ablation_mnv2_baseline/best.pt,4.25,0.5041,-0.0513,0.126,-0.0016,0.332,,,gnm_closed_loop,0.2,-0.0513,False,0,,isaac_live_final_20260708,,selected_baseline_live,,,,,,,False,hospital_goal_C,1.6176,True,0.5041,-0.0513,0.2,-0.0513,True,armed,False,
livefinal_low_curvature_20260708_180949,432,16.916668,1783530595.479122,0.986605,-0.98682,-0.0,2.356054,0.2,-0.0538,0.199826,0.00244,camera_link,16.916668,gnm_closed_loop,,nominal,,True,ok,checkpoints/ablation_mnv2_baseline/best.pt,5.13,0.5037,-0.0538,0.1259,-0.0017,0.3384,,,gnm_closed_loop,0.2,-0.0538,False,0,,isaac_live_final_20260708,,selected_baseline_live,,,,,,,False,hospital_goal_C,1.6144,True,0.5037,-0.0538,0.2,-0.0538,True,armed,False,
livefinal_low_curvature_20260708_180949,433,16.933334,1783530595.481489,0.984254,-0.984468,-0.0,2.356053,0.2,-0.0538,0.199826,0.00244,camera_link,16.933334,gnm_closed_loop,,nominal,,True,ok,checkpoints/ablation_mnv2_baseline/best.pt,5.13,0.5037,-0.0538,0.1259,-0.0017,0.3384,,,gnm_closed_loop,0.2,-0.0538,False,0,,isaac_live_final_20260708,,selected_baseline_live,,,,,,,False,hospital_goal_C,1.6112,True,0.5037,-0.0538,0.2,-0.0538,True,armed,False,
livefinal_low_curvature_20260708_180949,434,16.950001,1783530595.483469,0.981904,-0.982117,-0.0,2.356051,0.2,-0.0538,0.199826,0.00244,camera_link,16.950001,gnm_closed_loop,,nominal,,True,ok,checkpoints/ablation_mnv2_baseline/best.pt,5.13,0.5037,-0.0538,0.1259,-0.0017,0.3384,,,gnm_closed_loop,0.2,-0.0538,False,0,,isaac_live_final_20260708,,selected_baseline_live,,,,,,,False,hospital_goal_C,1.608,True,0.5037,-0.0538,0.2,-0.0538,True,armed,False,
livefinal_low_curvature_20260708_180949,435,16.966668,1783530595.498775,0.979553,-0.979767,-0.0,2.356048,0.2,-0.06,0.199787,0.002414,camera_link,16.966668,gnm_closed_loop,,nominal,,True,ok,checkpoints/ablation_mnv2_baseline/best.pt,4.85,0.4839,-0.06,0.121,-0.0018,0.3337,,,gnm_closed_loop,0.2,-0.06,False,0,,isaac_live_final_20260708,,selected_baseline_live,,,,,,,False,hospital_goal_C,1.6047,True,0.4839,-0.06,0.2,-0.06,True,armed,False,
livefinal_low_curvature_20260708_180949,436,16.983334,1783530595.501107,0.977203,-0.977416,-0.0,2.356046,0.2,-0.06,0.199787,0.002414,camera_link,16.983334,gnm_closed_loop,,nominal,,True,ok,checkpoints/ablation_mnv2_baseline/best.pt,4.85,0.4839,-0.06,0.121,-0.0018,0.3337,,,gnm_closed_loop,0.2,-0.06,False,0,,isaac_live_final_20260708,,selected_baseline_live,,,,,,,False,hospital_goal_C,1.6015,True,0.4839,-0.06,0.2,-0.06,True,armed,False,
livefinal_low_curvature_20260708_180949,437,17.000001,1783530595.503268,0.974853,-0.975065,-0.0,2.356044,0.2,-0.06,0.199787,0.002414,camera_link,17.000001,gnm_closed_loop,,nominal,,True,ok,checkpoints/ablation_mnv2_baseline/best.pt,4.85,0.4839,-0.06,0.121,-0.0018,0.3337,,,gnm_closed_loop,0.2,-0.06,False,0,,isaac_live_final_20260708,,selected_baseline_live,,,,,,,False,hospital_goal_C,1.5983,True,0.4839,-0.06,0.2,-0.06,True,armed,False,
livefinal_low_curvature_20260708_180949,438,17.016668,1783530595.519036,0.972503,-0.972714,-0.0,2.356043,0.2,-0.0487,0.199832,0.003153,camera_link,17.016668,gnm_closed_loop,,nominal,,True,ok,checkpoints/ablation_mnv2_baseline/best.pt,4.64,0.4039,-0.0487,0.101,-0.0012,0.3281,,,gnm_closed_loop,0.2,-0.0487,False,0,,isaac_live_final_20260708,,selected_baseline_live,,,,,,,False,hospital_goal_C,1.5951,True,0.4039,-0.0487,0.2,-0.0487,True,armed,False,
livefinal_low_curvature_20260708_180949,439,17.033334,1783530595.521614,0.970153,-0.970363,-0.0,2.356041,0.2,-0.0487,0.199832,0.003153,camera_link,17.033334,gnm_closed_loop,,nominal,,True,ok,checkpoints/ablation_mnv2_baseline/best.pt,4.64,0.4039,-0.0487,0.101,-0.0012,0.3281,,,gnm_closed_loop,0.2,-0.0487,False,0,,isaac_live_final_20260708,,selected_baseline_live,,,,,,,False,hospital_goal_C,1.5919,True,0.4039,-0.0487,0.2,-0.0487,True,armed,False,
livefinal_low_curvature_20260708_180949,440,17.050001,1783530595.523498,0.967802,-0.968012,-0.0,2.35604,0.2,-0.0487,0.199832,0.003153,camera_link,17.050001,gnm_closed_loop,,nominal,,True,ok,checkpoints/ablation_mnv2_baseline/best.pt,4.64,0.4039,-0.0487,0.101,-0.0012,0.3281,,,gnm_closed_loop,0.2,-0.0487,False,0,,isaac_live_final_20260708,,selected_baseline_live,,,,,,,False,hospital_goal_C,1.5886,True,0.4039,-0.0487,0.2,-0.0487,True,armed,False,
livefinal_low_curvature_20260708_180949,441,17.066668,1783530595.540086,0.965452,-0.965661,-0.0,2.356038,0.2,-0.0483,0.199819,0.002145,camera_link,17.066668,gnm_closed_loop,,nominal,,True,ok,checkpoints/ablation_mnv2_baseline/best.pt,5.07,0.4065,-0.0483,0.1016,-0.0012,0.3327,,,gnm_closed_loop,0.2,-0.0483,False,0,,isaac_live_final_20260708,,selected_baseline_live,,,,,,,False,hospital_goal_C,1.5854,True,0.4065,-0.0483,0.2,-0.0483,True,armed,False,
livefinal_low_curvature_20260708_180949,442,17.083334,1783530595.542672,0.963102,-0.96331,-0.0,2.356036,0.2,-0.0483,0.199819,0.002145,camera_link,17.083334,gnm_closed_loop,,nominal,,True,ok,checkpoints/ablation_mnv2_baseline/best.pt,5.07,0.4065,-0.0483,0.1016,-0.0012,0.3327,,,gnm_closed_loop,0.2,-0.0483,False,0,,isaac_live_final_20260708,,selected_baseline_live,,,,,,,False,hospital_goal_C,1.5822,True,0.4065,-0.0483,0.2,-0.0483,True,armed,False,
livefinal_low_curvature_20260708_180949,443,17.100001,1783530595.544592,0.960752,-0.960959,-0.0,2.356035,0.2,-0.0483,0.199819,0.002145,camera_link,17.100001,gnm_closed_loop,,nominal,,True,ok,checkpoints/ablation_mnv2_baseline/best.pt,5.07,0.4065,-0.0483,0.1016,-0.0012,0.3327,,,gnm_closed_loop,0.2,-0.0483,False,0,,isaac_live_final_20260708,,selected_baseline_live,,,,,,,False,hospital_goal_C,1.579,True,0.4065,-0.0483,0.2,-0.0483,True,armed,False,
livefinal_low_curvature_20260708_180949,444,17.116668,1783530595.560275,0.958402,-0.958608,-0.0,2.356033,0.2,-0.0453,0.199818,0.002136,camera_link,17.116668,gnm_closed_loop,,nominal,,True,ok,checkpoints/ablation_mnv2_baseline/best.pt,4.83,0.3743,-0.0453,0.0936,-0.0011,0.3325,,,gnm_closed_loop,0.2,-0.0453,False,0,,isaac_live_final_20260708,,selected_baseline_live,,,,,,,False,hospital_goal_C,1.5758,True,0.3743,-0.0453,0.2,-0.0453,True,armed,False,
livefinal_low_curvature_20260708_180949,445,17.133334,1783530595.562904,0.956051,-0.956257,-0.0,2.356032,0.2,-0.0453,0.199818,0.002136,camera_link,17.133334,gnm_closed_loop,,nominal,,True,ok,checkpoints/ablation_mnv2_baseline/best.pt,4.83,0.3743,-0.0453,0.0936,-0.0011,0.3325,,,gnm_closed_loop,0.2,-0.0453,False,0,,isaac_live_final_20260708,,selected_baseline_live,,,,,,,False,hospital_goal_C,1.5725,True,0.3743,-0.0453,0.2,-0.0453,True,armed,False,
livefinal_low_curvature_20260708_180949,446,17.150001,1783530595.564878,0.953701,-0.953906,-0.0,2.35603,0.2,-0.0453,0.199818,0.002136,camera_link,17.150001,gnm_closed_loop,,nominal,,True,ok,checkpoints/ablation_mnv2_baseline/best.pt,4.83,0.3743,-0.0453,0.0936,-0.0011,0.3325,,,gnm_closed_loop,0.2,-0.0453,False,0,,isaac_live_final_20260708,,selected_baseline_live,,,,,,,False,hospital_goal_C,1.5693,True,0.3743,-0.0453,0.2,-0.0453,True,armed,False,
livefinal_low_curvature_20260708_180949,447,17.166668,1783530595.580767,0.95135,-0.951555,-0.0,2.356029,0.2,-0.049,0.19979,0.002613,camera_link,17.166668,gnm_closed_loop,,nominal,,True,ok,checkpoints/ablation_mnv2_baseline/best.pt,4.73,0.3606,-0.049,0.0902,-0.0011,0.333,,,gnm_closed_loop,0.2,-0.049,False,0,,isaac_live_final_20260708,,selected_baseline_live,,,,,,,False,hospital_goal_C,1.5661,True,0.3606,-0.049,0.2,-0.049,True,armed,False,
livefinal_low_curvature_20260708_180949,448,17.183334,1783530595.58295,0.949,-0.949204,-0.0,2.356028,0.2,-0.049,0.19979,0.002613,camera_link,17.183334,gnm_closed_loop,,nominal,,True,ok,checkpoints/ablation_mnv2_baseline/best.pt,4.73,0.3606,-0.049,0.0902,-0.0011,0.333,,,gnm_closed_loop,0.2,-0.049,False,0,,isaac_live_final_20260708,,selected_baseline_live,,,,,,,False,hospital_goal_C,1.5629,True,0.3606,-0.049,0.2,-0.049,True,armed,False,
livefinal_low_curvature_20260708_180949,449,17.200001,1783530595.5848,0.94665,-0.946853,-0.0,2.356026,0.2,-0.049,0.19979,0.002613,camera_link,17.200001,gnm_closed_loop,,nominal,,True,ok,checkpoints/ablation_mnv2_baseline/best.pt,4.73,0.3606,-0.049,0.0902,-0.0011,0.333,,,gnm_closed_loop,0.2,-0.049,False,0,,isaac_live_final_20260708,,selected_baseline_live,,,,,,,False,hospital_goal_C,1.5597,True,0.3606,-0.049,0.2,-0.049,True,armed,False,
livefinal_low_curvature_20260708_180949,450,17.216668,1783530595.599989,0.944299,-0.944501,-0.0,2.356024,0.2,-0.0518,0.199825,0.002577,camera_link,17.216668,gnm_closed_loop,,nominal,,True,ok,checkpoints/ablation_mnv2_baseline/best.pt,4.96,0.3396,-0.0518,0.0849,-0.0011,0.3289,,,gnm_closed_loop,0.2,-0.0518,False,0,,isaac_live_final_20260708,,selected_baseline_live,,,,,,,False,hospital_goal_C,1.5565,True,0.3396,-0.0518,0.2,-0.0518,True,armed,False,
livefinal_low_curvature_20260708_180949,451,17.233334,1783530595.603677,0.941949,-0.94215,-0.0,2.356022,0.2,-0.0518,0.199825,0.002577,camera_link,17.233334,gnm_closed_loop,,nominal,,True,ok,checkpoints/ablation_mnv2_baseline/best.pt,4.96,0.3396,-0.0518,0.0849,-0.0011,0.3289,,,gnm_closed_loop,0.2,-0.0518,False,0,,isaac_live_final_20260708,,selected_baseline_live,,,,,,,False,hospital_goal_C,1.5532,True,0.3396,-0.0518,0.2,-0.0518,True,armed,False,
livefinal_low_curvature_20260708_180949,452,17.250001,1783530595.606547,0.939598,-0.939799,-0.0,2.35602,0.2,-0.0518,0.199825,0.002577,camera_link,17.250001,gnm_closed_loop,,nominal,,True,ok,checkpoints/ablation_mnv2_baseline/best.pt,4.96,0.3396,-0.0518,0.0849,-0.0011,0.3289,,,gnm_closed_loop,0.2,-0.0518,False,0,,isaac_live_final_20260708,,selected_baseline_live,,,,,,,False,hospital_goal_C,1.55,True,0.3396,-0.0518,0.2,-0.0518,True,armed,False,
livefinal_low_curvature_20260708_180949,453,17.266668,1783530595.622083,0.937248,-0.937448,-0.0,2.356018,0.2,-0.0496,0.199798,0.00283,camera_link,17.266668,gnm_closed_loop,,nominal,,True,ok,checkpoints/ablation_mnv2_baseline/best.pt,4.4,0.3759,-0.0496,0.094,-0.0012,0.3305,,,gnm_closed_loop,0.2,-0.0496,False,0,,isaac_live_final_20260708,,selected_baseline_live,,,,,,,False,hospital_goal_C,1.5468,True,0.3759,-0.0496,0.2,-0.0496,True,armed,False,
livefinal_low_curvature_20260708_180949,454,17.283334,1783530595.624849,0.934898,-0.935097,-0.0,2.356017,0.2,-0.0496,0.199798,0.00283,camera_link,17.283334,gnm_closed_loop,,nominal,,True,ok,checkpoints/ablation_mnv2_baseline/best.pt,4.4,0.3759,-0.0496,0.094,-0.0012,0.3305,,,gnm_closed_loop,0.2,-0.0496,False,0,,isaac_live_final_20260708,,selected_baseline_live,,,,,,,False,hospital_goal_C,1.5436,True,0.3759,-0.0496,0.2,-0.0496,True,armed,False,
livefinal_low_curvature_20260708_180949,455,17.300001,1783530595.626944,0.932547,-0.932746,-0.0,2.356015,0.2,-0.0496,0.199798,0.00283,camera_link,17.300001,gnm_closed_loop,,nominal,,True,ok,checkpoints/ablation_mnv2_baseline/best.pt,4.4,0.3759,-0.0496,0.094,-0.0012,0.3305,,,gnm_closed_loop,0.2,-0.0496,False,0,,isaac_live_final_20260708,,selected_baseline_live,,,,,,,False,hospital_goal_C,1.5404,True,0.3759,-0.0496,0.2,-0.0496,True,armed,False,
livefinal_low_curvature_20260708_180949,456,17.316668,1783530595.641868,0.930196,-0.930394,-0.0,2.356013,0.2,-0.0584,0.199838,0.001947,camera_link,17.316668,gnm_closed_loop,,nominal,,True,ok,checkpoints/ablation_mnv2_baseline/best.pt,4.69,0.3177,-0.0584,0.0794,-0.0012,0.3244,,,gnm_closed_loop,0.2,-0.0584,False,0,,isaac_live_final_20260708,,selected_baseline_live,,,,,,,False,hospital_goal_C,1.5372,True,0.3177,-0.0584,0.2,-0.0584,True,armed,False,
livefinal_low_curvature_20260708_180949,457,17.333334,1783530595.644921,0.927846,-0.928043,-0.0,2.356011,0.2,-0.0584,0.199838,0.001947,camera_link,17.333334,gnm_closed_loop,,nominal,,True,ok,checkpoints/ablation_mnv2_baseline/best.pt,4.69,0.3177,-0.0584,0.0794,-0.0012,0.3244,,,gnm_closed_loop,0.2,-0.0584,False,0,,isaac_live_final_20260708,,selected_baseline_live,,,,,,,False,hospital_goal_C,1.534,True,0.3177,-0.0584,0.2,-0.0584,True,armed,False,
livefinal_low_curvature_20260708_180949,458,17.350001,1783530595.6472,0.925496,-0.925692,-0.0,2.356008,0.2,-0.0584,0.199838,0.001947,camera_link,17.350001,gnm_closed_loop,,nominal,,True,ok,checkpoints/ablation_mnv2_baseline/best.pt,4.69,0.3177,-0.0584,0.0794,-0.0012,0.3244,,,gnm_closed_loop,0.2,-0.0584,False,0,,isaac_live_final_20260708,,selected_baseline_live,,,,,,,False,hospital_goal_C,1.5308,True,0.3177,-0.0584,0.2,-0.0584,True,armed,False,
livefinal_low_curvature_20260708_180949,459,17.366668,1783530595.663962,0.923146,-0.923341,0.0,2.356006,0.2,-0.055,0.199815,0.002833,camera_link,17.366668,gnm_closed_loop,,nominal,,True,ok,checkpoints/ablation_mnv2_baseline/best.pt,4.98,0.3408,-0.055,0.0852,-0.0012,0.3241,,,gnm_closed_loop,0.2,-0.055,False,0,,isaac_live_final_20260708,,selected_baseline_live,,,,,,,False,hospital_goal_C,1.5275,True,0.3408,-0.055,0.2,-0.055,True,armed,False,
livefinal_low_curvature_20260708_180949,460,17.383334,1783530595.66676,0.920796,-0.92099,-0.0,2.356005,0.2,-0.055,0.199815,0.002833,camera_link,17.383334,gnm_closed_loop,,nominal,,True,ok,checkpoints/ablation_mnv2_baseline/best.pt,4.98,0.3408,-0.055,0.0852,-0.0012,0.3241,,,gnm_closed_loop,0.2,-0.055,False,0,,isaac_live_final_20260708,,selected_baseline_live,,,,,,,False,hospital_goal_C,1.5243,True,0.3408,-0.055,0.2,-0.055,True,armed,False,
livefinal_low_curvature_20260708_180949,461,17.400001,1783530595.669967,0.918446,-0.918639,-0.0,2.356003,0.2,-0.055,0.199815,0.002833,camera_link,17.400001,gnm_closed_loop,,nominal,,True,ok,checkpoints/ablation_mnv2_baseline/best.pt,4.98,0.3408,-0.055,0.0852,-0.0012,0.3241,,,gnm_closed_loop,0.2,-0.055,False,0,,isaac_live_final_20260708,,selected_baseline_live,,,,,,,False,hospital_goal_C,1.5211,True,0.3408,-0.055,0.2,-0.055,True,armed,False,
livefinal_low_curvature_20260708_180949,462,17.416668,1783530595.685546,0.916096,-0.916288,-0.0,2.356001,0.2,-0.0575,0.199799,0.003204,camera_link,17.416668,gnm_closed_loop,,nominal,,True,ok,checkpoints/ablation_mnv2_baseline/best.pt,4.55,0.3535,-0.0575,0.0884,-0.0013,0.3267,,,gnm_closed_loop,0.2,-0.0575,False,0,,isaac_live_final_20260708,,selected_baseline_live,,,,,,,False,hospital_goal_C,1.5179,True,0.3535,-0.0575,0.2,-0.0575,True,armed,False,
livefinal_low_curvature_20260708_180949,463,17.433334,1783530595.687915,0.913745,-0.913937,-0.0,2.355999,0.2,-0.0575,0.199799,0.003204,camera_link,17.433334,gnm_closed_loop,,nominal,,True,ok,checkpoints/ablation_mnv2_baseline/best.pt,4.55,0.3535,-0.0575,0.0884,-0.0013,0.3267,,,gnm_closed_loop,0.2,-0.0575,False,0,,isaac_live_final_20260708,,selected_baseline_live,,,,,,,False,hospital_goal_C,1.5147,True,0.3535,-0.0575,0.2,-0.0575,True,armed,False,
livefinal_low_curvature_20260708_180949,464,17.450001,1783530595.690926,0.911395,-0.911586,-0.0,2.355997,0.2,-0.0575,0.199799,0.003204,camera_link,17.450001,gnm_closed_loop,,nominal,,True,ok,checkpoints/ablation_mnv2_baseline/best.pt,4.55,0.3535,-0.0575,0.0884,-0.0013,0.3267,,,gnm_closed_loop,0.2,-0.0575,False,0,,isaac_live_final_20260708,,selected_baseline_live,,,,,,,False,hospital_goal_C,1.5115,True,0.3535,-0.0575,0.2,-0.0575,True,armed,False,
livefinal_low_curvature_20260708_180949,465,17.466668,1783530595.708192,0.909045,-0.909235,-0.0,2.355994,0.2,-0.0571,0.199801,0.002861,camera_link,17.466668,gnm_closed_loop,,nominal,,True,ok,checkpoints/ablation_mnv2_baseline/best.pt,4.46,0.3403,-0.0571,0.0851,-0.0012,0.3219,,,gnm_closed_loop,0.2,-0.0571,False,0,,isaac_live_final_20260708,,selected_baseline_live,,,,,,,False,hospital_goal_C,1.5083,True,0.3403,-0.0571,0.2,-0.0571,True,armed,False,
livefinal_low_curvature_20260708_180949,466,17.483334,1783530595.710571,0.906694,-0.906884,-0.0,2.355993,0.2,-0.0571,0.199801,0.002861,camera_link,17.483334,gnm_closed_loop,,nominal,,True,ok,checkpoints/ablation_mnv2_baseline/best.pt,4.46,0.3403,-0.0571,0.0851,-0.0012,0.3219,,,gnm_closed_loop,0.2,-0.0571,False,0,,isaac_live_final_20260708,,selected_baseline_live,,,,,,,False,hospital_goal_C,1.5051,True,0.3403,-0.0571,0.2,-0.0571,True,armed,False,
livefinal_low_curvature_20260708_180949,467,17.500001,1783530595.712461,0.904344,-0.904532,-0.0,2.355991,0.2,-0.0571,0.199801,0.002861,camera_link,17.500001,gnm_closed_loop,,nominal,,True,ok,checkpoints/ablation_mnv2_baseline/best.pt,4.46,0.3403,-0.0571,0.0851,-0.0012,0.3219,,,gnm_closed_loop,0.2,-0.0571,False,0,,isaac_live_final_20260708,,selected_baseline_live,,,,,,,False,hospital_goal_C,1.5019,True,0.3403,-0.0571,0.2,-0.0571,True,armed,False,
livefinal_low_curvature_20260708_180949,468,17.516668,1783530595.728106,0.901994,-0.902181,-0.0,2.355989,0.2,-0.0601,0.199803,0.003291,camera_link,17.516668,gnm_closed_loop,,nominal,,True,ok,checkpoints/ablation_mnv2_baseline/best.pt,5.04,0.323,-0.0601,0.0808,-0.0012,0.3213,,,gnm_closed_loop,0.2,-0.0601,False,0,,isaac_live_final_20260708,,selected_baseline_live,,,,,,,False,hospital_goal_C,1.4987,True,0.323,-0.0601,0.2,-0.0601,True,armed,False,
livefinal_low_curvature_20260708_180949,469,17.533334,1783530595.730367,0.899644,-0.899831,-0.0,2.355986,0.2,-0.0601,0.199803,0.003291,camera_link,17.533334,gnm_closed_loop,,nominal,,True,ok,checkpoints/ablation_mnv2_baseline/best.pt,5.04,0.323,-0.0601,0.0808,-0.0012,0.3213,,,gnm_closed_loop,0.2,-0.0601,False,0,,isaac_live_final_20260708,,selected_baseline_live,,,,,,,False,hospital_goal_C,1.4955,True,0.323,-0.0601,0.2,-0.0601,True,armed,False,
livefinal_low_curvature_20260708_180949,470,17.550001,1783530595.732299,0.897294,-0.897479,-0.0,2.355984,0.2,-0.0601,0.199803,0.003291,camera_link,17.550001,gnm_closed_loop,,nominal,,True,ok,checkpoints/ablation_mnv2_baseline/best.pt,5.04,0.323,-0.0601,0.0808,-0.0012,0.3213,,,gnm_closed_loop,0.2,-0.0601,False,0,,isaac_live_final_20260708,,selected_baseline_live,,,,,,,False,hospital_goal_C,1.4923,True,0.323,-0.0601,0.2,-0.0601,True,armed,False,
livefinal_low_curvature_20260708_180949,471,17.566668,1783530595.750254,0.894944,-0.895128,-0.0,2.355983,0.2,-0.0609,0.19985,0.002992,camera_link,17.566668,gnm_closed_loop,,nominal,,True,ok,checkpoints/ablation_mnv2_baseline/best.pt,4.45,0.3414,-0.0609,0.0854,-0.0013,0.3188,,,gnm_closed_loop,0.2,-0.0609,False,0,,isaac_live_final_20260708,,selected_baseline_live,,,,,,,False,hospital_goal_C,1.4891,True,0.3414,-0.0609,0.2,-0.0609,True,armed,False,
livefinal_low_curvature_20260708_180949,472,17.583334,1783530595.752802,0.892594,-0.892777,-0.0,2.35598,0.2,-0.0609,0.19985,0.002992,camera_link,17.583334,gnm_closed_loop,,nominal,,True,ok,checkpoints/ablation_mnv2_baseline/best.pt,4.45,0.3414,-0.0609,0.0854,-0.0013,0.3188,,,gnm_closed_loop,0.2,-0.0609,False,0,,isaac_live_final_20260708,,selected_baseline_live,,,,,,,False,hospital_goal_C,1.4859,True,0.3414,-0.0609,0.2,-0.0609,True,armed,False,
livefinal_low_curvature_20260708_180949,473,17.600001,1783530595.755422,0.890244,-0.890426,-0.0,2.355978,0.2,-0.0609,0.19985,0.002992,camera_link,17.600001,gnm_closed_loop,,nominal,,True,ok,checkpoints/ablation_mnv2_baseline/best.pt,4.45,0.3414,-0.0609,0.0854,-0.0013,0.3188,,,gnm_closed_loop,0.2,-0.0609,False,0,,isaac_live_final_20260708,,selected_baseline_live,,,,,,,False,hospital_goal_C,1.4827,True,0.3414,-0.0609,0.2,-0.0609,True,armed,False,
livefinal_low_curvature_20260708_180949,474,17.616668,1783530595.770607,0.887894,-0.888075,-0.0,2.355976,0.2,-0.064,0.199785,0.00322,camera_link,17.616668,gnm_closed_loop,,nominal,,True,ok,checkpoints/ablation_mnv2_baseline/best.pt,4.37,0.3448,-0.064,0.0862,-0.0014,0.3196,,,gnm_closed_loop,0.2,-0.064,False,0,,isaac_live_final_20260708,,selected_baseline_live,,,,,,,False,hospital_goal_C,1.4794,True,0.3448,-0.064,0.2,-0.064,True,armed,False,
livefinal_low_curvature_20260708_180949,475,17.633334,1783530595.772859,0.885544,-0.885724,-0.0,2.355974,0.2,-0.064,0.199785,0.00322,camera_link,17.633334,gnm_closed_loop,,nominal,,True,ok,checkpoints/ablation_mnv2_baseline/best.pt,4.37,0.3448,-0.064,0.0862,-0.0014,0.3196,,,gnm_closed_loop,0.2,-0.064,False,0,,isaac_live_final_20260708,,selected_baseline_live,,,,,,,False,hospital_goal_C,1.4762,True,0.3448,-0.064,0.2,-0.064,True,armed,False,
livefinal_low_curvature_20260708_180949,476,17.650001,1783530595.774744,0.883193,-0.883373,-0.0,2.355972,0.2,-0.064,0.199785,0.00322,camera_link,17.650001,gnm_closed_loop,,nominal,,True,ok,checkpoints/ablation_mnv2_baseline/best.pt,4.37,0.3448,-0.064,0.0862,-0.0014,0.3196,,,gnm_closed_loop,0.2,-0.064,False,0,,isaac_live_final_20260708,,selected_baseline_live,,,,,,,False,hospital_goal_C,1.473,True,0.3448,-0.064,0.2,-0.064,True,armed,False,
livefinal_low_curvature_20260708_180949,477,17.666668,1783530595.789524,0.880843,-0.881022,-0.0,2.355969,0.2,-0.0535,0.19981,0.003175,camera_link,17.666668,gnm_closed_loop,,nominal,,True,ok,checkpoints/ablation_mnv2_baseline/best.pt,5.01,0.3935,-0.0535,0.0984,-0.0013,0.3168,,,gnm_closed_loop,0.2,-0.0535,False,0,,isaac_live_final_20260708,,selected_baseline_live,,,,,,,False,hospital_goal_C,1.4698,True,0.3935,-0.0535,0.2,-0.0535,True,armed,False,
livefinal_low_curvature_20260708_180949,478,17.683334,1783530595.792114,0.878493,-0.878671,-0.0,2.355967,0.2,-0.0535,0.19981,0.003175,camera_link,17.683334,gnm_closed_loop,,nominal,,True,ok,checkpoints/ablation_mnv2_baseline/best.pt,5.01,0.3935,-0.0535,0.0984,-0.0013,0.3168,,,gnm_closed_loop,0.2,-0.0535,False,0,,isaac_live_final_20260708,,selected_baseline_live,,,,,,,False,hospital_goal_C,1.4666,True,0.3935,-0.0535,0.2,-0.0535,True,armed,False,
livefinal_low_curvature_20260708_180949,479,17.700001,1783530595.794087,0.876143,-0.87632,-0.0,2.355966,0.2,-0.0535,0.19981,0.003175,camera_link,17.700001,gnm_closed_loop,,nominal,,True,ok,checkpoints/ablation_mnv2_baseline/best.pt,5.01,0.3935,-0.0535,0.0984,-0.0013,0.3168,,,gnm_closed_loop,0.2,-0.0535,False,0,,isaac_live_final_20260708,,selected_baseline_live,,,,,,,False,hospital_goal_C,1.4634,True,0.3935,-0.0535,0.2,-0.0535,True,armed,False,
livefinal_low_curvature_20260708_180949,480,17.716668,1783530595.810692,0.873793,-0.873969,-0.0,2.355964,0.2,-0.0552,0.199819,0.002485,camera_link,17.716668,gnm_closed_loop,,nominal,,True,ok,checkpoints/ablation_mnv2_baseline/best.pt,4.6,0.4003,-0.0552,0.1001,-0.0014,0.3166,,,gnm_closed_loop,0.2,-0.0552,False,0,,isaac_live_final_20260708,,selected_baseline_live,,,,,,,False,hospital_goal_C,1.4602,True,0.4003,-0.0552,0.2,-0.0552,True,armed,False,
livefinal_low_curvature_20260708_180949,481,17.733334,1783530595.813043,0.871443,-0.871618,-0.0,2.355962,0.2,-0.0552,0.199819,0.002485,camera_link,17.733334,gnm_closed_loop,,nominal,,True,ok,checkpoints/ablation_mnv2_baseline/best.pt,4.6,0.4003,-0.0552,0.1001,-0.0014,0.3166,,,gnm_closed_loop,0.2,-0.0552,False,0,,isaac_live_final_20260708,,selected_baseline_live,,,,,,,False,hospital_goal_C,1.457,True,0.4003,-0.0552,0.2,-0.0552,True,armed,False,
livefinal_low_curvature_20260708_180949,482,17.750001,1783530595.81499,0.869093,-0.869267,-0.0,2.35596,0.2,-0.0552,0.199819,0.002485,camera_link,17.750001,gnm_closed_loop,,nominal,,True,ok,checkpoints/ablation_mnv2_baseline/best.pt,4.6,0.4003,-0.0552,0.1001,-0.0014,0.3166,,,gnm_closed_loop,0.2,-0.0552,False,0,,isaac_live_final_20260708,,selected_baseline_live,,,,,,,False,hospital_goal_C,1.4538,True,0.4003,-0.0552,0.2,-0.0552,True,armed,False,
livefinal_low_curvature_20260708_180949,483,17.766668,1783530595.830387,0.866743,-0.866916,-0.0,2.355958,0.2,-0.0517,0.199832,0.002944,camera_link,17.766668,gnm_closed_loop,,nominal,,True,ok,checkpoints/ablation_mnv2_baseline/best.pt,3.99,0.4616,-0.0517,0.1154,-0.0015,0.3252,,,gnm_closed_loop,0.2,-0.0517,False,0,,isaac_live_final_20260708,,selected_baseline_live,,,,,,,False,hospital_goal_C,1.4506,True,0.4616,-0.0517,0.2,-0.0517,True,armed,False,
livefinal_low_curvature_20260708_180949,484,17.783334,1783530595.832753,0.864393,-0.864565,-0.0,2.355956,0.2,-0.0517,0.199832,0.002944,camera_link,17.783334,gnm_closed_loop,,nominal,,True,ok,checkpoints/ablation_mnv2_baseline/best.pt,3.99,0.4616,-0.0517,0.1154,-0.0015,0.3252,,,gnm_closed_loop,0.2,-0.0517,False,0,,isaac_live_final_20260708,,selected_baseline_live,,,,,,,False,hospital_goal_C,1.4474,True,0.4616,-0.0517,0.2,-0.0517,True,armed,False,
livefinal_low_curvature_20260708_180949,485,17.800001,1783530595.83477,0.862043,-0.862213,-0.0,2.355954,0.2,-0.0517,0.199832,0.002944,camera_link,17.800001,gnm_closed_loop,,nominal,,True,ok,checkpoints/ablation_mnv2_baseline/best.pt,3.99,0.4616,-0.0517,0.1154,-0.0015,0.3252,,,gnm_closed_loop,0.2,-0.0517,False,0,,isaac_live_final_20260708,,selected_baseline_live,,,,,,,False,hospital_goal_C,1.4442,True,0.4616,-0.0517,0.2,-0.0517,True,armed,False,
livefinal_low_curvature_20260708_180949,486,17.816668,1783530595.850575,0.859693,-0.859862,-0.0,2.355953,0.2,-0.0555,0.199842,0.002716,camera_link,17.816668,gnm_closed_loop,,nominal,,True,ok,checkpoints/ablation_mnv2_baseline/best.pt,5.13,0.4611,-0.0555,0.1153,-0.0016,0.3262,,,gnm_closed_loop,0.2,-0.0555,False,0,,isaac_live_final_20260708,,selected_baseline_live,,,,,,,False,hospital_goal_C,1.4411,True,0.4611,-0.0555,0.2,-0.0555,True,armed,False,
livefinal_low_curvature_20260708_180949,487,17.833334,1783530595.853097,0.857343,-0.857511,-0.0,2.355951,0.2,-0.0555,0.199842,0.002716,camera_link,17.833334,gnm_closed_loop,,nominal,,True,ok,checkpoints/ablation_mnv2_baseline/best.pt,5.13,0.4611,-0.0555,0.1153,-0.0016,0.3262,,,gnm_closed_loop,0.2,-0.0555,False,0,,isaac_live_final_20260708,,selected_baseline_live,,,,,,,False,hospital_goal_C,1.4379,True,0.4611,-0.0555,0.2,-0.0555,True,armed,False,
livefinal_low_curvature_20260708_180949,488,17.850001,1783530595.855067,0.854993,-0.855161,-0.0,2.355948,0.2,-0.0555,0.199842,0.002716,camera_link,17.850001,gnm_closed_loop,,nominal,,True,ok,checkpoints/ablation_mnv2_baseline/best.pt,5.13,0.4611,-0.0555,0.1153,-0.0016,0.3262,,,gnm_closed_loop,0.2,-0.0555,False,0,,isaac_live_final_20260708,,selected_baseline_live,,,,,,,False,hospital_goal_C,1.4347,True,0.4611,-0.0555,0.2,-0.0555,True,armed,False,
livefinal_low_curvature_20260708_180949,489,17.866668,1783530595.870268,0.852643,-0.852809,-0.0,2.355946,0.2,-0.0551,0.199839,0.003028,camera_link,17.866668,gnm_closed_loop,,nominal,,True,ok,checkpoints/ablation_mnv2_baseline/best.pt,4.73,0.459,-0.0551,0.1148,-0.0016,0.3222,,,gnm_closed_loop,0.2,-0.0551,False,0,,isaac_live_final_20260708,,selected_baseline_live,,,,,,,False,hospital_goal_C,1.4315,True,0.459,-0.0551,0.2,-0.0551,True,armed,False,
livefinal_low_curvature_20260708_180949,490,17.883334,1783530595.87287,0.850293,-0.850458,-0.0,2.355944,0.2,-0.0551,0.199839,0.003028,camera_link,17.883334,gnm_closed_loop,,nominal,,True,ok,checkpoints/ablation_mnv2_baseline/best.pt,4.73,0.459,-0.0551,0.1148,-0.0016,0.3222,,,gnm_closed_loop,0.2,-0.0551,False,0,,isaac_live_final_20260708,,selected_baseline_live,,,,,,,False,hospital_goal_C,1.4283,True,0.459,-0.0551,0.2,-0.0551,True,armed,False,
livefinal_low_curvature_20260708_180949,491,17.900001,1783530595.874835,0.847943,-0.848108,-0.0,2.355942,0.2,-0.0551,0.199839,0.003028,camera_link,17.900001,gnm_closed_loop,,nominal,,True,ok,checkpoints/ablation_mnv2_baseline/best.pt,4.73,0.459,-0.0551,0.1148,-0.0016,0.3222,,,gnm_closed_loop,0.2,-0.0551,False,0,,isaac_live_final_20260708,,selected_baseline_live,,,,,,,False,hospital_goal_C,1.4251,True,0.459,-0.0551,0.2,-0.0551,True,armed,False,
livefinal_low_curvature_20260708_180949,492,17.916668,1783530595.891301,0.845593,-0.845757,-0.0,2.35594,0.2,-0.0594,0.199814,0.002856,camera_link,17.916668,gnm_closed_loop,,nominal,,True,ok,checkpoints/ablation_mnv2_baseline/best.pt,4.7,0.4775,-0.0594,0.1194,-0.0018,0.3249,,,gnm_closed_loop,0.2,-0.0594,False,0,,isaac_live_final_20260708,,selected_baseline_live,,,,,,,False,hospital_goal_C,1.4219,True,0.4775,-0.0594,0.2,-0.0594,True,armed,False,
livefinal_low_curvature_20260708_180949,493,17.933334,1783530595.894184,0.843243,-0.843405,-0.0,2.355938,0.2,-0.0594,0.199814,0.002856,camera_link,17.933334,gnm_closed_loop,,nominal,,True,ok,checkpoints/ablation_mnv2_baseline/best.pt,4.7,0.4775,-0.0594,0.1194,-0.0018,0.3249,,,gnm_closed_loop,0.2,-0.0594,False,0,,isaac_live_final_20260708,,selected_baseline_live,,,,,,,False,hospital_goal_C,1.4187,True,0.4775,-0.0594,0.2,-0.0594,True,armed,False,
livefinal_low_curvature_20260708_180949,494,17.950001,1783530595.896125,0.840893,-0.841055,-0.0,2.355936,0.2,-0.0594,0.199814,0.002856,camera_link,17.950001,gnm_closed_loop,,nominal,,True,ok,checkpoints/ablation_mnv2_baseline/best.pt,4.7,0.4775,-0.0594,0.1194,-0.0018,0.3249,,,gnm_closed_loop,0.2,-0.0594,False,0,,isaac_live_final_20260708,,selected_baseline_live,,,,,,,False,hospital_goal_C,1.4155,True,0.4775,-0.0594,0.2,-0.0594,True,armed,False,
livefinal_low_curvature_20260708_180949,495,17.966668,1783530595.913853,0.838544,-0.838704,-0.0,2.355933,0.2,-0.0682,0.199831,0.002653,camera_link,17.966668,gnm_closed_loop,,nominal,,True,ok,checkpoints/ablation_mnv2_baseline/best.pt,5.36,0.45,-0.0682,0.1125,-0.0019,0.3205,,,gnm_closed_loop,0.2,-0.0682,False,0,,isaac_live_final_20260708,,selected_baseline_live,,,,,,,False,hospital_goal_C,1.4123,True,0.45,-0.0682,0.2,-0.0682,True,armed,False,
livefinal_low_curvature_20260708_180949,496,17.983334,1783530595.916371,0.836194,-0.836353,-0.0,2.355931,0.2,-0.0682,0.199831,0.002653,camera_link,17.983334,gnm_closed_loop,,nominal,,True,ok,checkpoints/ablation_mnv2_baseline/best.pt,5.36,0.45,-0.0682,0.1125,-0.0019,0.3205,,,gnm_closed_loop,0.2,-0.0682,False,0,,isaac_live_final_20260708,,selected_baseline_live,,,,,,,False,hospital_goal_C,1.4091,True,0.45,-0.0682,0.2,-0.0682,True,armed,False,
livefinal_low_curvature_20260708_180949,497,18.000001,1783530595.919014,0.833844,-0.834002,-0.0,2.355929,0.2,-0.0682,0.199831,0.002653,camera_link,18.000001,gnm_closed_loop,,nominal,,True,ok,checkpoints/ablation_mnv2_baseline/best.pt,5.36,0.45,-0.0682,0.1125,-0.0019,0.3205,,,gnm_closed_loop,0.2,-0.0682,False,0,,isaac_live_final_20260708,,selected_baseline_live,,,,,,,False,hospital_goal_C,1.4059,True,0.45,-0.0682,0.2,-0.0682,True,armed,False,
livefinal_low_curvature_20260708_180949,498,18.016668,1783530595.936669,0.831494,-0.831651,-0.0,2.355926,0.2,-0.074,0.1998,0.003364,camera_link,18.016668,gnm_closed_loop,,nominal,,True,ok,checkpoints/ablation_mnv2_baseline/best.pt,4.69,0.4096,-0.074,0.1024,-0.0019,0.3147,,,gnm_closed_loop,0.2,-0.074,False,0,,isaac_live_final_20260708,,selected_baseline_live,,,,,,,False,hospital_goal_C,1.4027,True,0.4096,-0.074,0.2,-0.074,True,armed,False,
livefinal_low_curvature_20260708_180949,499,18.033334,1783530595.938955,0.829145,-0.8293,-0.0,2.355923,0.2,-0.074,0.1998,0.003364,camera_link,18.033334,gnm_closed_loop,,nominal,,True,ok,checkpoints/ablation_mnv2_baseline/best.pt,4.69,0.4096,-0.074,0.1024,-0.0019,0.3147,,,gnm_closed_loop,0.2,-0.074,False,0,,isaac_live_final_20260708,,selected_baseline_live,,,,,,,False,hospital_goal_C,1.3996,True,0.4096,-0.074,0.2,-0.074,True,armed,False,
livefinal_low_curvature_20260708_180949,500,18.050001,1783530595.94085,0.826795,-0.826949,-0.0,2.355921,0.2,-0.074,0.1998,0.003364,camera_link,18.050001,gnm_closed_loop,,nominal,,True,ok,checkpoints/ablation_mnv2_baseline/best.pt,4.69,0.4096,-0.074,0.1024,-0.0019,0.3147,,,gnm_closed_loop,0.2,-0.074,False,0,,isaac_live_final_20260708,,selected_baseline_live,,,,,,,False,hospital_goal_C,1.3964,True,0.4096,-0.074,0.2,-0.074,True,armed,False,
livefinal_low_curvature_20260708_180949,501,18.066668,1783530595.956687,0.824445,-0.824598,-0.0,2.355918,0.2,-0.0921,0.199815,0.00344,camera_link,18.066668,gnm_closed_loop,,nominal,,True,ok,checkpoints/ablation_mnv2_baseline/best.pt,4.8,0.3414,-0.0921,0.0854,-0.002,0.3117,,,gnm_closed_loop,0.2,-0.0921,False,0,,isaac_live_final_20260708,,selected_baseline_live,,,,,,,False,hospital_goal_C,1.3932,True,0.3414,-0.0921,0.2,-0.0921,True,armed,False,
livefinal_low_curvature_20260708_180949,502,18.083334,1783530595.959092,0.822095,-0.822248,-0.0,2.355915,0.2,-0.0921,0.199815,0.00344,camera_link,18.083334,gnm_closed_loop,,nominal,,True,ok,checkpoints/ablation_mnv2_baseline/best.pt,4.8,0.3414,-0.0921,0.0854,-0.002,0.3117,,,gnm_closed_loop,0.2,-0.0921,False,0,,isaac_live_final_20260708,,selected_baseline_live,,,,,,,False,hospital_goal_C,1.39,True,0.3414,-0.0921,0.2,-0.0921,True,armed,False,
livefinal_low_curvature_20260708_180949,503,18.100001,1783530595.961271,0.819746,-0.819897,-0.0,2.355912,0.2,-0.0921,0.199815,0.00344,camera_link,18.100001,gnm_closed_loop,,nominal,,True,ok,checkpoints/ablation_mnv2_baseline/best.pt,4.8,0.3414,-0.0921,0.0854,-0.002,0.3117,,,gnm_closed_loop,0.2,-0.0921,False,0,,isaac_live_final_20260708,,selected_baseline_live,,,,,,,False,hospital_goal_C,1.3868,True,0.3414,-0.0921,0.2,-0.0921,True,armed,False,
livefinal_low_curvature_20260708_180949,504,18.116668,1783530595.987792,0.817396,-0.817546,-0.0,2.355908,0.2,-0.1069,0.199813,0.004898,camera_link,18.116668,gnm_closed_loop,,nominal,,True,ok,checkpoints/ablation_mnv2_baseline/best.pt,10.31,0.3107,-0.1069,0.0777,-0.0021,0.3117,,,gnm_closed_loop,0.2,-0.1069,False,0,,isaac_live_final_20260708,,selected_baseline_live,,,,,,,False,hospital_goal_C,1.3836,True,0.3107,-0.1069,0.2,-0.1069,True,armed,False,
livefinal_low_curvature_20260708_180949,505,18.133334,1783530595.990962,0.815046,-0.815195,-0.0,2.355904,0.2,-0.1069,0.199813,0.004898,camera_link,18.133334,gnm_closed_loop,,nominal,,True,ok,checkpoints/ablation_mnv2_baseline/best.pt,10.31,0.3107,-0.1069,0.0777,-0.0021,0.3117,,,gnm_closed_loop,0.2,-0.1069,False,0,,isaac_live_final_20260708,,selected_baseline_live,,,,,,,False,hospital_goal_C,1.3804,True,0.3107,-0.1069,0.2,-0.1069,True,armed,False,
livefinal_low_curvature_20260708_180949,506,18.150001,1783530595.994011,0.812697,-0.812844,-0.0,2.3559,0.2,-0.1069,0.199813,0.004898,camera_link,18.150001,gnm_closed_loop,,nominal,,True,ok,checkpoints/ablation_mnv2_baseline/best.pt,10.31,0.3107,-0.1069,0.0777,-0.0021,0.3117,,,gnm_closed_loop,0.2,-0.1069,False,0,,isaac_live_final_20260708,,selected_baseline_live,,,,,,,False,hospital_goal_C,1.3773,True,0.3107,-0.1069,0.2,-0.1069,True,armed,False,
livefinal_low_curvature_20260708_180949,507,18.166668,1783530596.013722,0.810347,-0.810493,-0.0,2.355897,0.2,-0.1034,0.199798,0.005211,camera_link,18.166668,gnm_closed_loop,,nominal,,True,ok,checkpoints/ablation_mnv2_baseline/best.pt,5.33,0.3176,-0.1034,0.0794,-0.0021,0.3149,,,gnm_closed_loop,0.2,-0.1034,False,0,,isaac_live_final_20260708,,selected_baseline_live,,,,,,,False,hospital_goal_C,1.3741,True,0.3176,-0.1034,0.2,-0.1034,True,armed,False,
livefinal_low_curvature_20260708_180949,508,18.183334,1783530596.01601,0.807998,-0.808142,-0.0,2.355893,0.2,-0.1034,0.199798,0.005211,camera_link,18.183334,gnm_closed_loop,,nominal,,True,ok,checkpoints/ablation_mnv2_baseline/best.pt,5.33,0.3176,-0.1034,0.0794,-0.0021,0.3149,,,gnm_closed_loop,0.2,-0.1034,False,0,,isaac_live_final_20260708,,selected_baseline_live,,,,,,,False,hospital_goal_C,1.3709,True,0.3176,-0.1034,0.2,-0.1034,True,armed,False,
livefinal_low_curvature_20260708_180949,509,18.200001,1783530596.018475,0.805648,-0.805792,-0.0,2.355889,0.2,-0.1034,0.199798,0.005211,camera_link,18.200001,gnm_closed_loop,,nominal,,True,ok,checkpoints/ablation_mnv2_baseline/best.pt,5.33,0.3176,-0.1034,0.0794,-0.0021,0.3149,,,gnm_closed_loop,0.2,-0.1034,False,0,,isaac_live_final_20260708,,selected_baseline_live,,,,,,,False,hospital_goal_C,1.3677,True,0.3176,-0.1034,0.2,-0.1034,True,armed,False,
livefinal_low_curvature_20260708_180949,510,18.216668,1783530596.035674,0.803299,-0.803441,-0.0,2.355885,0.2,-0.0678,0.199806,0.005276,camera_link,18.216668,gnm_closed_loop,,nominal,,True,ok,checkpoints/ablation_mnv2_baseline/best.pt,4.52,0.3877,-0.0678,0.0969,-0.0016,0.3162,,,gnm_closed_loop,0.2,-0.0678,False,0,,isaac_live_final_20260708,,selected_baseline_live,,,,,,,False,hospital_goal_C,1.3645,True,0.3877,-0.0678,0.2,-0.0678,True,armed,False,
livefinal_low_curvature_20260708_180949,511,18.233334,1783530596.038255,0.800949,-0.80109,-0.0,2.355883,0.2,-0.0678,0.199806,0.005276,camera_link,18.233334,gnm_closed_loop,,nominal,,True,ok,checkpoints/ablation_mnv2_baseline/best.pt,4.52,0.3877,-0.0678,0.0969,-0.0016,0.3162,,,gnm_closed_loop,0.2,-0.0678,False,0,,isaac_live_final_20260708,,selected_baseline_live,,,,,,,False,hospital_goal_C,1.3614,True,0.3877,-0.0678,0.2,-0.0678,True,armed,False,
livefinal_low_curvature_20260708_180949,512,18.250001,1783530596.040465,0.798599,-0.798739,-0.0,2.35588,0.2,-0.0678,0.199806,0.005276,camera_link,18.250001,gnm_closed_loop,,nominal,,True,ok,checkpoints/ablation_mnv2_baseline/best.pt,4.52,0.3877,-0.0678,0.0969,-0.0016,0.3162,,,gnm_closed_loop,0.2,-0.0678,False,0,,isaac_live_final_20260708,,selected_baseline_live,,,,,,,False,hospital_goal_C,1.3582,True,0.3877,-0.0678,0.2,-0.0678,True,armed,False,
livefinal_low_curvature_20260708_180949,513,18.266668,1783530596.058256,0.796249,-0.796388,-0.0,2.355878,0.2,-0.0641,0.1998,0.003837,camera_link,18.266668,gnm_closed_loop,,nominal,,True,ok,checkpoints/ablation_mnv2_baseline/best.pt,5.52,0.4513,-0.0641,0.1128,-0.0018,0.3212,,,gnm_closed_loop,0.2,-0.0641,False,0,,isaac_live_final_20260708,,selected_baseline_live,,,,,,,False,hospital_goal_C,1.355,True,0.4513,-0.0641,0.2,-0.0641,True,armed,False,
livefinal_low_curvature_20260708_180949,514,18.283334,1783530596.061453,0.7939,-0.794037,-0.0,2.355875,0.2,-0.0641,0.1998,0.003837,camera_link,18.283334,gnm_closed_loop,,nominal,,True,ok,checkpoints/ablation_mnv2_baseline/best.pt,5.52,0.4513,-0.0641,0.1128,-0.0018,0.3212,,,gnm_closed_loop,0.2,-0.0641,False,0,,isaac_live_final_20260708,,selected_baseline_live,,,,,,,False,hospital_goal_C,1.3518,True,0.4513,-0.0641,0.2,-0.0641,True,armed,False,
livefinal_low_curvature_20260708_180949,515,18.300001,1783530596.063933,0.79155,-0.791685,-0.0,2.355873,0.2,-0.0641,0.1998,0.003837,camera_link,18.300001,gnm_closed_loop,,nominal,,True,ok,checkpoints/ablation_mnv2_baseline/best.pt,5.52,0.4513,-0.0641,0.1128,-0.0018,0.3212,,,gnm_closed_loop,0.2,-0.0641,False,0,,isaac_live_final_20260708,,selected_baseline_live,,,,,,,False,hospital_goal_C,1.3486,True,0.4513,-0.0641,0.2,-0.0641,True,armed,False,
livefinal_low_curvature_20260708_180949,516,18.316668,1783530596.079871,0.789201,-0.789334,-0.0,2.35587,0.2,-0.0576,0.199805,0.003089,camera_link,18.316668,gnm_closed_loop,,nominal,,True,ok,checkpoints/ablation_mnv2_baseline/best.pt,4.66,0.5012,-0.0576,0.1253,-0.0018,0.335,,,gnm_closed_loop,0.2,-0.0576,False,0,,isaac_live_final_20260708,,selected_baseline_live,,,,,,,False,hospital_goal_C,1.3455,True,0.5012,-0.0576,0.2,-0.0576,True,armed,False,
livefinal_low_curvature_20260708_180949,517,18.333334,1783530596.082859,0.786851,-0.786984,-0.0,2.355869,0.2,-0.0576,0.199805,0.003089,camera_link,18.333334,gnm_closed_loop,,nominal,,True,ok,checkpoints/ablation_mnv2_baseline/best.pt,4.66,0.5012,-0.0576,0.1253,-0.0018,0.335,,,gnm_closed_loop,0.2,-0.0576,False,0,,isaac_live_final_20260708,,selected_baseline_live,,,,,,,False,hospital_goal_C,1.3423,True,0.5012,-0.0576,0.2,-0.0576,True,armed,False,
livefinal_low_curvature_20260708_180949,518,18.350001,1783530596.084806,0.784501,-0.784632,-0.0,2.355866,0.2,-0.0576,0.199805,0.003089,camera_link,18.350001,gnm_closed_loop,,nominal,,True,ok,checkpoints/ablation_mnv2_baseline/best.pt,4.66,0.5012,-0.0576,0.1253,-0.0018,0.335,,,gnm_closed_loop,0.2,-0.0576,False,0,,isaac_live_final_20260708,,selected_baseline_live,,,,,,,False,hospital_goal_C,1.3391,True,0.5012,-0.0576,0.2,-0.0576,True,armed,False,
livefinal_low_curvature_20260708_180949,519,18.366668,1783530596.106358,0.782151,-0.782281,-0.0,2.355864,0.2,-0.0547,0.199839,0.003164,camera_link,18.366668,gnm_closed_loop,,nominal,,True,ok,checkpoints/ablation_mnv2_baseline/best.pt,5.19,0.4981,-0.0547,0.1245,-0.0017,0.3392,,,gnm_closed_loop,0.2,-0.0547,False,0,,isaac_live_final_20260708,,selected_baseline_live,,,,,,,False,hospital_goal_C,1.3359,True,0.4981,-0.0547,0.2,-0.0547,True,armed,False,
livefinal_low_curvature_20260708_180949,520,18.383334,1783530596.108725,0.779801,-0.77993,-0.0,2.355862,0.2,-0.0547,0.199839,0.003164,camera_link,18.383334,gnm_closed_loop,,nominal,,True,ok,checkpoints/ablation_mnv2_baseline/best.pt,5.19,0.4981,-0.0547,0.1245,-0.0017,0.3392,,,gnm_closed_loop,0.2,-0.0547,False,0,,isaac_live_final_20260708,,selected_baseline_live,,,,,,,False,hospital_goal_C,1.3328,True,0.4981,-0.0547,0.2,-0.0547,True,armed,False,
livefinal_low_curvature_20260708_180949,521,18.400001,1783530596.110549,0.777451,-0.777579,-0.0,2.35586,0.2,-0.0547,0.199839,0.003164,camera_link,18.400001,gnm_closed_loop,,nominal,,True,ok,checkpoints/ablation_mnv2_baseline/best.pt,5.19,0.4981,-0.0547,0.1245,-0.0017,0.3392,,,gnm_closed_loop,0.2,-0.0547,False,0,,isaac_live_final_20260708,,selected_baseline_live,,,,,,,False,hospital_goal_C,1.3296,True,0.4981,-0.0547,0.2,-0.0547,True,armed,False,
livefinal_low_curvature_20260708_180949,522,18.416668,1783530596.125116,0.775101,-0.775227,-0.0,2.355858,0.2,-0.0582,0.199826,0.002732,camera_link,18.416668,gnm_closed_loop,,nominal,,True,ok,checkpoints/ablation_mnv2_baseline/best.pt,4.94,0.4747,-0.0582,0.1187,-0.0017,0.3399,,,gnm_closed_loop,0.2,-0.0582,False,0,,isaac_live_final_20260708,,selected_baseline_live,,,,,,,False,hospital_goal_C,1.3264,True,0.4747,-0.0582,0.2,-0.0582,True,armed,False,
livefinal_low_curvature_20260708_180949,523,18.433334,1783530596.128397,0.772751,-0.772876,-0.0,2.355855,0.2,-0.0582,0.199826,0.002732,camera_link,18.433334,gnm_closed_loop,,nominal,,True,ok,checkpoints/ablation_mnv2_baseline/best.pt,4.94,0.4747,-0.0582,0.1187,-0.0017,0.3399,,,gnm_closed_loop,0.2,-0.0582,False,0,,isaac_live_final_20260708,,selected_baseline_live,,,,,,,False,hospital_goal_C,1.3232,True,0.4747,-0.0582,0.2,-0.0582,True,armed,False,
livefinal_low_curvature_20260708_180949,524,18.450001,1783530596.13158,0.770401,-0.770524,-0.0,2.355853,0.2,-0.0582,0.199826,0.002732,camera_link,18.450001,gnm_closed_loop,,nominal,,True,ok,checkpoints/ablation_mnv2_baseline/best.pt,4.94,0.4747,-0.0582,0.1187,-0.0017,0.3399,,,gnm_closed_loop,0.2,-0.0582,False,0,,isaac_live_final_20260708,,selected_baseline_live,,,,,,,False,hospital_goal_C,1.3201,True,0.4747,-0.0582,0.2,-0.0582,True,armed,False,
livefinal_low_curvature_20260708_180949,525,18.466668,1783530596.152469,0.768051,-0.768173,-0.0,2.355851,0.2,-0.0701,0.199797,0.002556,camera_link,18.466668,gnm_closed_loop,,nominal,,True,ok,checkpoints/ablation_mnv2_baseline/best.pt,4.93,0.4283,-0.0701,0.1071,-0.0019,0.3357,,,gnm_closed_loop,0.2,-0.0701,False,0,,isaac_live_final_20260708,,selected_baseline_live,,,,,,,False,hospital_goal_C,1.3169,True,0.4283,-0.0701,0.2,-0.0701,True,armed,False,
livefinal_low_curvature_20260708_180949,526,18.483334,1783530596.154745,0.765701,-0.765822,-0.0,2.355849,0.2,-0.0701,0.199797,0.002556,camera_link,18.483334,gnm_closed_loop,,nominal,,True,ok,checkpoints/ablation_mnv2_baseline/best.pt,4.93,0.4283,-0.0701,0.1071,-0.0019,0.3357,,,gnm_closed_loop,0.2,-0.0701,False,0,,isaac_live_final_20260708,,selected_baseline_live,,,,,,,False,hospital_goal_C,1.3137,True,0.4283,-0.0701,0.2,-0.0701,True,armed,False,
livefinal_low_curvature_20260708_180949,527,18.500001,1783530596.157106,0.763352,-0.76347,-0.0,2.355847,0.2,-0.0701,0.199797,0.002556,camera_link,18.500001,gnm_closed_loop,,nominal,,True,ok,checkpoints/ablation_mnv2_baseline/best.pt,4.93,0.4283,-0.0701,0.1071,-0.0019,0.3357,,,gnm_closed_loop,0.2,-0.0701,False,0,,isaac_live_final_20260708,,selected_baseline_live,,,,,,,False,hospital_goal_C,1.3106,True,0.4283,-0.0701,0.2,-0.0701,True,armed,False,
livefinal_low_curvature_20260708_180949,528,18.516668,1783530596.177848,0.761002,-0.761119,-0.0,2.355844,0.2,-0.0734,0.19981,0.003195,camera_link,18.516668,gnm_closed_loop,,nominal,,True,ok,checkpoints/ablation_mnv2_baseline/best.pt,6.49,0.4426,-0.0734,0.1106,-0.002,0.3347,,,gnm_closed_loop,0.2,-0.0734,False,0,,isaac_live_final_20260708,,selected_baseline_live,,,,,,,False,hospital_goal_C,1.3074,True,0.4426,-0.0734,0.2,-0.0734,True,armed,False,
livefinal_low_curvature_20260708_180949,529,18.533334,1783530596.180524,0.758652,-0.758767,-0.0,2.355841,0.2,-0.0734,0.19981,0.003195,camera_link,18.533334,gnm_closed_loop,,nominal,,True,ok,checkpoints/ablation_mnv2_baseline/best.pt,6.49,0.4426,-0.0734,0.1106,-0.002,0.3347,,,gnm_closed_loop,0.2,-0.0734,False,0,,isaac_live_final_20260708,,selected_baseline_live,,,,,,,False,hospital_goal_C,1.3042,True,0.4426,-0.0734,0.2,-0.0734,True,armed,False,
livefinal_low_curvature_20260708_180949,530,18.550001,1783530596.182604,0.756302,-0.756416,-0.0,2.355839,0.2,-0.0734,0.19981,0.003195,camera_link,18.550001,gnm_closed_loop,,nominal,,True,ok,checkpoints/ablation_mnv2_baseline/best.pt,6.49,0.4426,-0.0734,0.1106,-0.002,0.3347,,,gnm_closed_loop,0.2,-0.0734,False,0,,isaac_live_final_20260708,,selected_baseline_live,,,,,,,False,hospital_goal_C,1.3011,True,0.4426,-0.0734,0.2,-0.0734,True,armed,False,
livefinal_low_curvature_20260708_180949,531,18.566668,1783530596.200759,0.753952,-0.754064,-0.0,2.355836,0.2,-0.0647,0.199792,0.003651,camera_link,18.566668,gnm_closed_loop,,nominal,,True,ok,checkpoints/ablation_mnv2_baseline/best.pt,5.51,0.477,-0.0647,0.1193,-0.0019,0.3308,,,gnm_closed_loop,0.2,-0.0647,False,0,,isaac_live_final_20260708,,selected_baseline_live,,,,,,,False,hospital_goal_C,1.2979,True,0.477,-0.0647,0.2,-0.0647,True,armed,False,
livefinal_low_curvature_20260708_180949,532,18.583334,1783530596.203018,0.751602,-0.751713,-0.0,2.355833,0.2,-0.0647,0.199792,0.003651,camera_link,18.583334,gnm_closed_loop,,nominal,,True,ok,checkpoints/ablation_mnv2_baseline/best.pt,5.51,0.477,-0.0647,0.1193,-0.0019,0.3308,,,gnm_closed_loop,0.2,-0.0647,False,0,,isaac_live_final_20260708,,selected_baseline_live,,,,,,,False,hospital_goal_C,1.2947,True,0.477,-0.0647,0.2,-0.0647,True,armed,False,
livefinal_low_curvature_20260708_180949,533,18.600001,1783530596.206156,0.749252,-0.749362,-0.0,2.355831,0.2,-0.0647,0.199792,0.003651,camera_link,18.600001,gnm_closed_loop,,nominal,,True,ok,checkpoints/ablation_mnv2_baseline/best.pt,5.51,0.477,-0.0647,0.1193,-0.0019,0.3308,,,gnm_closed_loop,0.2,-0.0647,False,0,,isaac_live_final_20260708,,selected_baseline_live,,,,,,,False,hospital_goal_C,1.2916,True,0.477,-0.0647,0.2,-0.0647,True,armed,False,
livefinal_low_curvature_20260708_180949,534,18.616668,1783530596.22339,0.746903,-0.74701,-0.0,2.355828,0.2,-0.0601,0.199817,0.003076,camera_link,18.616668,gnm_closed_loop,,nominal,,True,ok,checkpoints/ablation_mnv2_baseline/best.pt,4.8,0.4968,-0.0601,0.1242,-0.0019,0.3322,,,gnm_closed_loop,0.2,-0.0601,False,0,,isaac_live_final_20260708,,selected_baseline_live,,,,,,,False,hospital_goal_C,1.2884,True,0.4968,-0.0601,0.2,-0.0601,True,armed,False,
livefinal_low_curvature_20260708_180949,535,18.633334,1783530596.225993,0.744552,-0.744658,-0.0,2.355826,0.2,-0.0601,0.199817,0.003076,camera_link,18.633334,gnm_closed_loop,,nominal,,True,ok,checkpoints/ablation_mnv2_baseline/best.pt,4.8,0.4968,-0.0601,0.1242,-0.0019,0.3322,,,gnm_closed_loop,0.2,-0.0601,False,0,,isaac_live_final_20260708,,selected_baseline_live,,,,,,,False,hospital_goal_C,1.2852,True,0.4968,-0.0601,0.2,-0.0601,True,armed,False,
livefinal_low_curvature_20260708_180949,536,18.650001,1783530596.22952,0.742202,-0.742307,-0.0,2.355824,0.2,-0.0601,0.199817,0.003076,camera_link,18.650001,gnm_closed_loop,,nominal,,True,ok,checkpoints/ablation_mnv2_baseline/best.pt,4.8,0.4968,-0.0601,0.1242,-0.0019,0.3322,,,gnm_closed_loop,0.2,-0.0601,False,0,,isaac_live_final_20260708,,selected_baseline_live,,,,,,,False,hospital_goal_C,1.2821,True,0.4968,-0.0601,0.2,-0.0601,True,armed,False,
livefinal_low_curvature_20260708_180949,537,18.666668,1783530596.254068,0.739852,-0.739955,-0.0,2.355821,0.2,-0.0611,0.199771,0.00294,camera_link,18.666668,gnm_closed_loop,,nominal,,True,ok,checkpoints/ablation_mnv2_baseline/best.pt,5.02,0.4963,-0.0611,0.1241,-0.0019,0.3374,,,gnm_closed_loop,0.2,-0.0611,False,0,,isaac_live_final_20260708,,selected_baseline_live,,,,,,,False,hospital_goal_C,1.2789,True,0.4963,-0.0611,0.2,-0.0611,True,armed,False,
livefinal_low_curvature_20260708_180949,538,18.683334,1783530596.25638,0.737503,-0.737604,-0.0,2.355819,0.2,-0.0611,0.199771,0.00294,camera_link,18.683334,gnm_closed_loop,,nominal,,True,ok,checkpoints/ablation_mnv2_baseline/best.pt,5.02,0.4963,-0.0611,0.1241,-0.0019,0.3374,,,gnm_closed_loop,0.2,-0.0611,False,0,,isaac_live_final_20260708,,selected_baseline_live,,,,,,,False,hospital_goal_C,1.2757,True,0.4963,-0.0611,0.2,-0.0611,True,armed,False,
livefinal_low_curvature_20260708_180949,539,18.700001,1783530596.258183,0.735153,-0.735252,-0.0,2.355817,0.2,-0.0611,0.199771,0.00294,camera_link,18.700001,gnm_closed_loop,,nominal,,True,ok,checkpoints/ablation_mnv2_baseline/best.pt,5.02,0.4963,-0.0611,0.1241,-0.0019,0.3374,,,gnm_closed_loop,0.2,-0.0611,False,0,,isaac_live_final_20260708,,selected_baseline_live,,,,,,,False,hospital_goal_C,1.2726,True,0.4963,-0.0611,0.2,-0.0611,True,armed,False,
livefinal_low_curvature_20260708_180949,540,18.716668,1783530596.274805,0.732803,-0.7329,-0.0,2.355814,0.2,-0.0702,0.199792,0.002832,camera_link,18.716668,gnm_closed_loop,,nominal,,True,ok,checkpoints/ablation_mnv2_baseline/best.pt,4.78,0.4828,-0.0702,0.1207,-0.0021,0.3424,,,gnm_closed_loop,0.2,-0.0702,False,0,,isaac_live_final_20260708,,selected_baseline_live,,,,,,,False,hospital_goal_C,1.2694,True,0.4828,-0.0702,0.2,-0.0702,True,armed,False,
livefinal_low_curvature_20260708_180949,541,18.733334,1783530596.277231,0.730453,-0.730549,-0.0,2.355812,0.2,-0.0702,0.199792,0.002832,camera_link,18.733334,gnm_closed_loop,,nominal,,True,ok,checkpoints/ablation_mnv2_baseline/best.pt,4.78,0.4828,-0.0702,0.1207,-0.0021,0.3424,,,gnm_closed_loop,0.2,-0.0702,False,0,,isaac_live_final_20260708,,selected_baseline_live,,,,,,,False,hospital_goal_C,1.2663,True,0.4828,-0.0702,0.2,-0.0702,True,armed,False,
livefinal_low_curvature_20260708_180949,542,18.750001,1783530596.279709,0.728103,-0.728197,-0.0,2.355809,0.2,-0.0702,0.199792,0.002832,camera_link,18.750001,gnm_closed_loop,,nominal,,True,ok,checkpoints/ablation_mnv2_baseline/best.pt,4.78,0.4828,-0.0702,0.1207,-0.0021,0.3424,,,gnm_closed_loop,0.2,-0.0702,False,0,,isaac_live_final_20260708,,selected_baseline_live,,,,,,,False,hospital_goal_C,1.2631,True,0.4828,-0.0702,0.2,-0.0702,True,armed,False,
livefinal_low_curvature_20260708_180949,543,18.766668,1783530596.294304,0.725753,-0.725846,-0.0,2.355806,0.2,-0.0641,0.199793,0.003625,camera_link,18.766668,gnm_closed_loop,,nominal,,True,ok,checkpoints/ablation_mnv2_baseline/best.pt,4.86,0.5083,-0.0641,0.1271,-0.002,0.3512,,,gnm_closed_loop,0.2,-0.0641,False,0,,isaac_live_final_20260708,,selected_baseline_live,,,,,,,False,hospital_goal_C,1.26,True,0.5083,-0.0641,0.2,-0.0641,True,armed,False,
livefinal_low_curvature_20260708_180949,544,18.783334,1783530596.296905,0.723403,-0.723494,-0.0,2.355804,0.2,-0.0641,0.199793,0.003625,camera_link,18.783334,gnm_closed_loop,,nominal,,True,ok,checkpoints/ablation_mnv2_baseline/best.pt,4.86,0.5083,-0.0641,0.1271,-0.002,0.3512,,,gnm_closed_loop,0.2,-0.0641,False,0,,isaac_live_final_20260708,,selected_baseline_live,,,,,,,False,hospital_goal_C,1.2568,True,0.5083,-0.0641,0.2,-0.0641,True,armed,False,
livefinal_low_curvature_20260708_180949,545,18.800001,1783530596.299015,0.721053,-0.721142,-0.0,2.355803,0.2,-0.0641,0.199793,0.003625,camera_link,18.800001,gnm_closed_loop,,nominal,,True,ok,checkpoints/ablation_mnv2_baseline/best.pt,4.86,0.5083,-0.0641,0.1271,-0.002,0.3512,,,gnm_closed_loop,0.2,-0.0641,False,0,,isaac_live_final_20260708,,selected_baseline_live,,,,,,,False,hospital_goal_C,1.2537,True,0.5083,-0.0641,0.2,-0.0641,True,armed,False,
livefinal_low_curvature_20260708_180949,546,18.816668,1783530596.316451,0.718703,-0.718791,-0.0,2.3558,0.2,-0.0632,0.199816,0.003234,camera_link,18.816668,gnm_closed_loop,,nominal,,True,ok,checkpoints/ablation_mnv2_baseline/best.pt,4.71,0.5209,-0.0632,0.1302,-0.0021,0.356,,,gnm_closed_loop,0.2,-0.0632,False,0,,isaac_live_final_20260708,,selected_baseline_live,,,,,,,False,hospital_goal_C,1.2505,True,0.5209,-0.0632,0.2,-0.0632,True,armed,False,
livefinal_low_curvature_20260708_180949,547,18.833334,1783530596.318795,0.716354,-0.71644,-0.0,2.355798,0.2,-0.0632,0.199816,0.003234,camera_link,18.833334,gnm_closed_loop,,nominal,,True,ok,checkpoints/ablation_mnv2_baseline/best.pt,4.71,0.5209,-0.0632,0.1302,-0.0021,0.356,,,gnm_closed_loop,0.2,-0.0632,False,0,,isaac_live_final_20260708,,selected_baseline_live,,,,,,,False,hospital_goal_C,1.2473,True,0.5209,-0.0632,0.2,-0.0632,True,armed,False,
livefinal_low_curvature_20260708_180949,548,18.850001,1783530596.321297,0.714004,-0.714088,-0.0,2.355796,0.2,-0.0632,0.199816,0.003234,camera_link,18.850001,gnm_closed_loop,,nominal,,True,ok,checkpoints/ablation_mnv2_baseline/best.pt,4.71,0.5209,-0.0632,0.1302,-0.0021,0.356,,,gnm_closed_loop,0.2,-0.0632,False,0,,isaac_live_final_20260708,,selected_baseline_live,,,,,,,False,hospital_goal_C,1.2442,True,0.5209,-0.0632,0.2,-0.0632,True,armed,False,
livefinal_low_curvature_20260708_180949,549,18.866668,1783530596.336895,0.711654,-0.711736,-0.0,2.355794,0.2,-0.0677,0.199838,0.003068,camera_link,18.866668,gnm_closed_loop,,nominal,,True,ok,checkpoints/ablation_mnv2_baseline/best.pt,5.17,0.4601,-0.0677,0.115,-0.0019,0.3486,,,gnm_closed_loop,0.2,-0.0677,False,0,,isaac_live_final_20260708,,selected_baseline_live,,,,,,,False,hospital_goal_C,1.241,True,0.4601,-0.0677,0.2,-0.0677,True,armed,False,
livefinal_low_curvature_20260708_180949,550,18.883334,1783530596.339628,0.709304,-0.709385,-0.0,2.355792,0.2,-0.0677,0.199838,0.003068,camera_link,18.883334,gnm_closed_loop,,nominal,,True,ok,checkpoints/ablation_mnv2_baseline/best.pt,5.17,0.4601,-0.0677,0.115,-0.0019,0.3486,,,gnm_closed_loop,0.2,-0.0677,False,0,,isaac_live_final_20260708,,selected_baseline_live,,,,,,,False,hospital_goal_C,1.2379,True,0.4601,-0.0677,0.2,-0.0677,True,armed,False,
livefinal_low_curvature_20260708_180949,551,18.900001,1783530596.341621,0.706954,-0.707033,-0.0,2.35579,0.2,-0.0677,0.199838,0.003068,camera_link,18.900001,gnm_closed_loop,,nominal,,True,ok,checkpoints/ablation_mnv2_baseline/best.pt,5.17,0.4601,-0.0677,0.115,-0.0019,0.3486,,,gnm_closed_loop,0.2,-0.0677,False,0,,isaac_live_final_20260708,,selected_baseline_live,,,,,,,False,hospital_goal_C,1.2347,True,0.4601,-0.0677,0.2,-0.0677,True,armed,False,
livefinal_low_curvature_20260708_180949,552,18.916668,1783530596.358804,0.704605,-0.704682,-0.0,2.355787,0.2,-0.0664,0.199781,0.003376,camera_link,18.916668,gnm_closed_loop,,nominal,,True,ok,checkpoints/ablation_mnv2_baseline/best.pt,4.61,0.4216,-0.0664,0.1054,-0.0017,0.3409,,,gnm_closed_loop,0.2,-0.0664,False,0,,isaac_live_final_20260708,,selected_baseline_live,,,,,,,False,hospital_goal_C,1.2316,True,0.4216,-0.0664,0.2,-0.0664,True,armed,False,
livefinal_low_curvature_20260708_180949,553,18.933334,1783530596.361585,0.702255,-0.70233,-0.0,2.355785,0.2,-0.0664,0.199781,0.003376,camera_link,18.933334,gnm_closed_loop,,nominal,,True,ok,checkpoints/ablation_mnv2_baseline/best.pt,4.61,0.4216,-0.0664,0.1054,-0.0017,0.3409,,,gnm_closed_loop,0.2,-0.0664,False,0,,isaac_live_final_20260708,,selected_baseline_live,,,,,,,False,hospital_goal_C,1.2284,True,0.4216,-0.0664,0.2,-0.0664,True,armed,False,
livefinal_low_curvature_20260708_180949,554,18.950001,1783530596.363581,0.699905,-0.699978,-0.0,2.355782,0.2,-0.0664,0.199781,0.003376,camera_link,18.950001,gnm_closed_loop,,nominal,,True,ok,checkpoints/ablation_mnv2_baseline/best.pt,4.61,0.4216,-0.0664,0.1054,-0.0017,0.3409,,,gnm_closed_loop,0.2,-0.0664,False,0,,isaac_live_final_20260708,,selected_baseline_live,,,,,,,False,hospital_goal_C,1.2253,True,0.4216,-0.0664,0.2,-0.0664,True,armed,False,
livefinal_low_curvature_20260708_180949,555,18.966668,1783530596.381522,0.697555,-0.697627,-0.0,2.355779,0.2,-0.0843,0.199826,0.00395,camera_link,18.966668,gnm_closed_loop,,nominal,,True,ok,checkpoints/ablation_mnv2_baseline/best.pt,5.26,0.373,-0.0843,0.0932,-0.002,0.3364,,,gnm_closed_loop,0.2,-0.0843,False,0,,isaac_live_final_20260708,,selected_baseline_live,,,,,,,False,hospital_goal_C,1.2222,True,0.373,-0.0843,0.2,-0.0843,True,armed,False,
livefinal_low_curvature_20260708_180949,556,18.983334,1783530596.384531,0.695205,-0.695275,-0.0,2.355776,0.2,-0.0843,0.199826,0.00395,camera_link,18.983334,gnm_closed_loop,,nominal,,True,ok,checkpoints/ablation_mnv2_baseline/best.pt,5.26,0.373,-0.0843,0.0932,-0.002,0.3364,,,gnm_closed_loop,0.2,-0.0843,False,0,,isaac_live_final_20260708,,selected_baseline_live,,,,,,,False,hospital_goal_C,1.219,True,0.373,-0.0843,0.2,-0.0843,True,armed,False,
livefinal_low_curvature_20260708_180949,557,19.000001,1783530596.38653,0.692855,-0.692924,-0.0,2.355773,0.2,-0.0843,0.199826,0.00395,camera_link,19.000001,gnm_closed_loop,,nominal,,True,ok,checkpoints/ablation_mnv2_baseline/best.pt,5.26,0.373,-0.0843,0.0932,-0.002,0.3364,,,gnm_closed_loop,0.2,-0.0843,False,0,,isaac_live_final_20260708,,selected_baseline_live,,,,,,,False,hospital_goal_C,1.2159,True,0.373,-0.0843,0.2,-0.0843,True,armed,False,
livefinal_low_curvature_20260708_180949,558,19.016668,1783530596.406157,0.690505,-0.690572,-0.0,2.355771,0.2,-0.1134,0.199812,0.003763,camera_link,19.016668,gnm_closed_loop,,nominal,,True,ok,checkpoints/ablation_mnv2_baseline/best.pt,6.34,0.3278,-0.1134,0.0819,-0.0023,0.333,,,gnm_closed_loop,0.2,-0.1134,False,0,,isaac_live_final_20260708,,selected_baseline_live,,,,,,,False,hospital_goal_C,1.2127,True,0.3278,-0.1134,0.2,-0.1134,True,armed,False,
livefinal_low_curvature_20260708_180949,559,19.033334,1783530596.408754,0.688156,-0.688221,-0.0,2.355767,0.2,-0.1134,0.199812,0.003763,camera_link,19.033334,gnm_closed_loop,,nominal,,True,ok,checkpoints/ablation_mnv2_baseline/best.pt,6.34,0.3278,-0.1134,0.0819,-0.0023,0.333,,,gnm_closed_loop,0.2,-0.1134,False,0,,isaac_live_final_20260708,,selected_baseline_live,,,,,,,False,hospital_goal_C,1.2096,True,0.3278,-0.1134,0.2,-0.1134,True,armed,False,
livefinal_low_curvature_20260708_180949,560,19.050001,1783530596.410847,0.685806,-0.685869,-0.0,2.355762,0.2,-0.1134,0.199812,0.003763,camera_link,19.050001,gnm_closed_loop,,nominal,,True,ok,checkpoints/ablation_mnv2_baseline/best.pt,6.34,0.3278,-0.1134,0.0819,-0.0023,0.333,,,gnm_closed_loop,0.2,-0.1134,False,0,,isaac_live_final_20260708,,selected_baseline_live,,,,,,,False,hospital_goal_C,1.2064,True,0.3278,-0.1134,0.2,-0.1134,True,armed,False,
livefinal_low_curvature_20260708_180949,561,19.066668,1783530596.428822,0.683457,-0.683518,-0.0,2.355759,0.2,-0.1352,0.199812,0.005395,camera_link,19.066668,gnm_closed_loop,,nominal,,True,ok,checkpoints/ablation_mnv2_baseline/best.pt,5.76,0.2899,-0.1352,0.0725,-0.0025,0.3241,,,gnm_closed_loop,0.2,-0.1352,False,0,,isaac_live_final_20260708,,selected_baseline_live,,,,,,,False,hospital_goal_C,1.2033,True,0.2899,-0.1352,0.2,-0.1352,True,armed,False,
livefinal_low_curvature_20260708_180949,562,19.083334,1783530596.431571,0.681107,-0.681167,-0.0,2.355753,0.2,-0.1352,0.199812,0.005395,camera_link,19.083334,gnm_closed_loop,,nominal,,True,ok,checkpoints/ablation_mnv2_baseline/best.pt,5.76,0.2899,-0.1352,0.0725,-0.0025,0.3241,,,gnm_closed_loop,0.2,-0.1352,False,0,,isaac_live_final_20260708,,selected_baseline_live,,,,,,,False,hospital_goal_C,1.2002,True,0.2899,-0.1352,0.2,-0.1352,True,armed,False,
livefinal_low_curvature_20260708_180949,563,19.100001,1783530596.434702,0.678758,-0.678815,-0.0,2.355748,0.2,-0.1352,0.199812,0.005395,camera_link,19.100001,gnm_closed_loop,,nominal,,True,ok,checkpoints/ablation_mnv2_baseline/best.pt,5.76,0.2899,-0.1352,0.0725,-0.0025,0.3241,,,gnm_closed_loop,0.2,-0.1352,False,0,,isaac_live_final_20260708,,selected_baseline_live,,,,,,,False,hospital_goal_C,1.197,True,0.2899,-0.1352,0.2,-0.1352,True,armed,False,
livefinal_low_curvature_20260708_180949,564,19.116668,1783530596.455557,0.676409,-0.676464,-0.0,2.355743,0.2,-0.1387,0.199777,0.006986,camera_link,19.116668,gnm_closed_loop,,nominal,,True,ok,checkpoints/ablation_mnv2_baseline/best.pt,5.35,0.2701,-0.1387,0.0675,-0.0023,0.3254,,,gnm_closed_loop,0.2,-0.1387,False,0,,isaac_live_final_20260708,,selected_baseline_live,,,,,,,False,hospital_goal_C,1.1939,True,0.2701,-0.1387,0.2,-0.1387,True,armed,False,
livefinal_low_curvature_20260708_180949,565,19.133334,1783530596.458242,0.67406,-0.674113,-0.0,2.355738,0.2,-0.1387,0.199777,0.006986,camera_link,19.133334,gnm_closed_loop,,nominal,,True,ok,checkpoints/ablation_mnv2_baseline/best.pt,5.35,0.2701,-0.1387,0.0675,-0.0023,0.3254,,,gnm_closed_loop,0.2,-0.1387,False,0,,isaac_live_final_20260708,,selected_baseline_live,,,,,,,False,hospital_goal_C,1.1908,True,0.2701,-0.1387,0.2,-0.1387,True,armed,False,
livefinal_low_curvature_20260708_180949,566,19.150001,1783530596.460281,0.67171,-0.671762,-0.0,2.355733,0.2,-0.1387,0.199777,0.006986,camera_link,19.150001,gnm_closed_loop,,nominal,,True,ok,checkpoints/ablation_mnv2_baseline/best.pt,5.35,0.2701,-0.1387,0.0675,-0.0023,0.3254,,,gnm_closed_loop,0.2,-0.1387,False,0,,isaac_live_final_20260708,,selected_baseline_live,,,,,,,False,hospital_goal_C,1.1876,True,0.2701,-0.1387,0.2,-0.1387,True,armed,False,
livefinal_low_curvature_20260708_180949,567,19.166668,1783530596.480283,0.669361,-0.669411,-0.0,2.355727,0.2,-0.1218,0.199793,0.007505,camera_link,19.166668,gnm_closed_loop,,nominal,,True,ok,checkpoints/ablation_mnv2_baseline/best.pt,5.54,0.2958,-0.1218,0.0739,-0.0023,0.3304,,,gnm_closed_loop,0.2,-0.1218,False,0,,isaac_live_final_20260708,,selected_baseline_live,,,,,,,False,hospital_goal_C,1.1845,True,0.2958,-0.1218,0.2,-0.1218,True,armed,False,
livefinal_low_curvature_20260708_180949,568,19.183334,1783530596.482493,0.667012,-0.66706,-0.0,2.355723,0.2,-0.1218,0.199793,0.007505,camera_link,19.183334,gnm_closed_loop,,nominal,,True,ok,checkpoints/ablation_mnv2_baseline/best.pt,5.54,0.2958,-0.1218,0.0739,-0.0023,0.3304,,,gnm_closed_loop,0.2,-0.1218,False,0,,isaac_live_final_20260708,,selected_baseline_live,,,,,,,False,hospital_goal_C,1.1814,True,0.2958,-0.1218,0.2,-0.1218,True,armed,False,
livefinal_low_curvature_20260708_180949,569,19.200001,1783530596.485577,0.664663,-0.664709,-0.0,2.355719,0.2,-0.1218,0.199793,0.007505,camera_link,19.200001,gnm_closed_loop,,nominal,,True,ok,checkpoints/ablation_mnv2_baseline/best.pt,5.54,0.2958,-0.1218,0.0739,-0.0023,0.3304,,,gnm_closed_loop,0.2,-0.1218,False,0,,isaac_live_final_20260708,,selected_baseline_live,,,,,,,False,hospital_goal_C,1.1782,True,0.2958,-0.1218,0.2,-0.1218,True,armed,False,
livefinal_low_curvature_20260708_180949,570,19.216668,1783530596.503364,0.662314,-0.662357,-0.0,2.355714,0.2,-0.1044,0.19979,0.006268,camera_link,19.216668,gnm_closed_loop,,nominal,,True,ok,checkpoints/ablation_mnv2_baseline/best.pt,5.76,0.3312,-0.1044,0.0828,-0.0022,0.3332,,,gnm_closed_loop,0.2,-0.1044,False,0,,isaac_live_final_20260708,,selected_baseline_live,,,,,,,False,hospital_goal_C,1.1751,True,0.3312,-0.1044,0.2,-0.1044,True,armed,False,
livefinal_low_curvature_20260708_180949,571,19.233334,1783530596.505683,0.659964,-0.660006,-0.0,2.35571,0.2,-0.1044,0.19979,0.006268,camera_link,19.233334,gnm_closed_loop,,nominal,,True,ok,checkpoints/ablation_mnv2_baseline/best.pt,5.76,0.3312,-0.1044,0.0828,-0.0022,0.3332,,,gnm_closed_loop,0.2,-0.1044,False,0,,isaac_live_final_20260708,,selected_baseline_live,,,,,,,False,hospital_goal_C,1.172,True,0.3312,-0.1044,0.2,-0.1044,True,armed,False,
livefinal_low_curvature_20260708_180949,572,19.250001,1783530596.507627,0.657614,-0.657654,-0.0,2.355706,0.2,-0.1044,0.19979,0.006268,camera_link,19.250001,gnm_closed_loop,,nominal,,True,ok,checkpoints/ablation_mnv2_baseline/best.pt,5.76,0.3312,-0.1044,0.0828,-0.0022,0.3332,,,gnm_closed_loop,0.2,-0.1044,False,0,,isaac_live_final_20260708,,selected_baseline_live,,,,,,,False,hospital_goal_C,1.1688,True,0.3312,-0.1044,0.2,-0.1044,True,armed,False,
livefinal_low_curvature_20260708_180949,573,19.266668,1783530596.524229,0.655265,-0.655303,-0.0,2.355702,0.2,-0.1002,0.199811,0.005507,camera_link,19.266668,gnm_closed_loop,,nominal,,True,ok,checkpoints/ablation_mnv2_baseline/best.pt,4.67,0.3404,-0.1002,0.0851,-0.0021,0.33,,,gnm_closed_loop,0.2,-0.1002,False,0,,isaac_live_final_20260708,,selected_baseline_live,,,,,,,False,hospital_goal_C,1.1657,True,0.3404,-0.1002,0.2,-0.1002,True,armed,False,
livefinal_low_curvature_20260708_180949,574,19.283334,1783530596.526442,0.652916,-0.652952,-0.0,2.355699,0.2,-0.1002,0.199811,0.005507,camera_link,19.283334,gnm_closed_loop,,nominal,,True,ok,checkpoints/ablation_mnv2_baseline/best.pt,4.67,0.3404,-0.1002,0.0851,-0.0021,0.33,,,gnm_closed_loop,0.2,-0.1002,False,0,,isaac_live_final_20260708,,selected_baseline_live,,,,,,,False,hospital_goal_C,1.1626,True,0.3404,-0.1002,0.2,-0.1002,True,armed,False,
livefinal_low_curvature_20260708_180949,575,19.300001,1783530596.528381,0.650567,-0.6506,-0.0,2.355695,0.2,-0.1002,0.199811,0.005507,camera_link,19.300001,gnm_closed_loop,,nominal,,True,ok,checkpoints/ablation_mnv2_baseline/best.pt,4.67,0.3404,-0.1002,0.0851,-0.0021,0.33,,,gnm_closed_loop,0.2,-0.1002,False,0,,isaac_live_final_20260708,,selected_baseline_live,,,,,,,False,hospital_goal_C,1.1595,True,0.3404,-0.1002,0.2,-0.1002,True,armed,False,
livefinal_low_curvature_20260708_180949,576,19.316668,1783530596.544127,0.648217,-0.648249,-0.0,2.355691,0.2,-0.0971,0.199817,0.004723,camera_link,19.316668,gnm_closed_loop,,nominal,,True,ok,checkpoints/ablation_mnv2_baseline/best.pt,5.07,0.3687,-0.0971,0.0922,-0.0022,0.3263,,,gnm_closed_loop,0.2,-0.0971,False,0,,isaac_live_final_20260708,,selected_baseline_live,,,,,,,False,hospital_goal_C,1.1564,True,0.3687,-0.0971,0.2,-0.0971,True,armed,False,
livefinal_low_curvature_20260708_180949,577,19.333334,1783530596.546383,0.645868,-0.645898,-0.0,2.355688,0.2,-0.0971,0.199817,0.004723,camera_link,19.333334,gnm_closed_loop,,nominal,,True,ok,checkpoints/ablation_mnv2_baseline/best.pt,5.07,0.3687,-0.0971,0.0922,-0.0022,0.3263,,,gnm_closed_loop,0.2,-0.0971,False,0,,isaac_live_final_20260708,,selected_baseline_live,,,,,,,False,hospital_goal_C,1.1532,True,0.3687,-0.0971,0.2,-0.0971,True,armed,False,
livefinal_low_curvature_20260708_180949,578,19.350001,1783530596.548293,0.643519,-0.643546,-0.0,2.355684,0.2,-0.0971,0.199817,0.004723,camera_link,19.350001,gnm_closed_loop,,nominal,,True,ok,checkpoints/ablation_mnv2_baseline/best.pt,5.07,0.3687,-0.0971,0.0922,-0.0022,0.3263,,,gnm_closed_loop,0.2,-0.0971,False,0,,isaac_live_final_20260708,,selected_baseline_live,,,,,,,False,hospital_goal_C,1.1501,True,0.3687,-0.0971,0.2,-0.0971,True,armed,False,
livefinal_low_curvature_20260708_180949,579,19.366668,1783530596.563385,0.64117,-0.641195,-0.0,2.355681,0.2,-0.0998,0.199816,0.004571,camera_link,19.366668,gnm_closed_loop,,nominal,,True,ok,checkpoints/ablation_mnv2_baseline/best.pt,4.51,0.3659,-0.0998,0.0915,-0.0023,0.3271,,,gnm_closed_loop,0.2,-0.0998,False,0,,isaac_live_final_20260708,,selected_baseline_live,,,,,,,False,hospital_goal_C,1.147,True,0.3659,-0.0998,0.2,-0.0998,True,armed,False,
livefinal_low_curvature_20260708_180949,580,19.383334,1783530596.565675,0.638821,-0.638843,-0.0,2.355677,0.2,-0.0998,0.199816,0.004571,camera_link,19.383334,gnm_closed_loop,,nominal,,True,ok,checkpoints/ablation_mnv2_baseline/best.pt,4.51,0.3659,-0.0998,0.0915,-0.0023,0.3271,,,gnm_closed_loop,0.2,-0.0998,False,0,,isaac_live_final_20260708,,selected_baseline_live,,,,,,,False,hospital_goal_C,1.1439,True,0.3659,-0.0998,0.2,-0.0998,True,armed,False,
livefinal_low_curvature_20260708_180949,581,19.400001,1783530596.567609,0.636471,-0.636492,-0.0,2.355674,0.2,-0.0998,0.199816,0.004571,camera_link,19.400001,gnm_closed_loop,,nominal,,True,ok,checkpoints/ablation_mnv2_baseline/best.pt,4.51,0.3659,-0.0998,0.0915,-0.0023,0.3271,,,gnm_closed_loop,0.2,-0.0998,False,0,,isaac_live_final_20260708,,selected_baseline_live,,,,,,,False,hospital_goal_C,1.1408,True,0.3659,-0.0998,0.2,-0.0998,True,armed,False,
livefinal_low_curvature_20260708_180949,582,19.416668,1783530596.584023,0.634122,-0.634141,-0.0,2.35567,0.2,-0.1089,0.199804,0.005312,camera_link,19.416668,gnm_closed_loop,,nominal,,True,ok,checkpoints/ablation_mnv2_baseline/best.pt,4.5,0.3384,-0.1089,0.0846,-0.0023,0.3241,,,gnm_closed_loop,0.2,-0.1089,False,0,,isaac_live_final_20260708,,selected_baseline_live,,,,,,,False,hospital_goal_C,1.1376,True,0.3384,-0.1089,0.2,-0.1089,True,armed,False,
livefinal_low_curvature_20260708_180949,583,19.433334,1783530596.586263,0.631773,-0.631789,-0.0,2.355666,0.2,-0.1089,0.199804,0.005312,camera_link,19.433334,gnm_closed_loop,,nominal,,True,ok,checkpoints/ablation_mnv2_baseline/best.pt,4.5,0.3384,-0.1089,0.0846,-0.0023,0.3241,,,gnm_closed_loop,0.2,-0.1089,False,0,,isaac_live_final_20260708,,selected_baseline_live,,,,,,,False,hospital_goal_C,1.1345,True,0.3384,-0.1089,0.2,-0.1089,True,armed,False,
livefinal_low_curvature_20260708_180949,584,19.450001,1783530596.588236,0.629424,-0.629438,-0.0,2.355662,0.2,-0.1089,0.199804,0.005312,camera_link,19.450001,gnm_closed_loop,,nominal,,True,ok,checkpoints/ablation_mnv2_baseline/best.pt,4.5,0.3384,-0.1089,0.0846,-0.0023,0.3241,,,gnm_closed_loop,0.2,-0.1089,False,0,,isaac_live_final_20260708,,selected_baseline_live,,,,,,,False,hospital_goal_C,1.1314,True,0.3384,-0.1089,0.2,-0.1089,True,armed,False,
livefinal_low_curvature_20260708_180949,585,19.466668,1783530596.612628,0.627075,-0.627086,-0.0,2.355659,0.2,-0.1214,0.199796,0.0049,camera_link,19.466668,gnm_closed_loop,,nominal,,True,ok,checkpoints/ablation_mnv2_baseline/best.pt,5.16,0.3326,-0.1214,0.0832,-0.0025,0.319,,,gnm_closed_loop,0.2,-0.1214,False,0,,isaac_live_final_20260708,,selected_baseline_live,,,,,,,False,hospital_goal_C,1.1283,True,0.3326,-0.1214,0.2,-0.1214,True,armed,False,
livefinal_low_curvature_20260708_180949,586,19.483334,1783530596.615142,0.624726,-0.624735,-0.0,2.355654,0.2,-0.1214,0.199796,0.0049,camera_link,19.483334,gnm_closed_loop,,nominal,,True,ok,checkpoints/ablation_mnv2_baseline/best.pt,5.16,0.3326,-0.1214,0.0832,-0.0025,0.319,,,gnm_closed_loop,0.2,-0.1214,False,0,,isaac_live_final_20260708,,selected_baseline_live,,,,,,,False,hospital_goal_C,1.1252,True,0.3326,-0.1214,0.2,-0.1214,True,armed,False,
livefinal_low_curvature_20260708_180949,587,19.500001,1783530596.617371,0.622377,-0.622384,-0.0,2.35565,0.2,-0.1214,0.199796,0.0049,camera_link,19.500001,gnm_closed_loop,,nominal,,True,ok,checkpoints/ablation_mnv2_baseline/best.pt,5.16,0.3326,-0.1214,0.0832,-0.0025,0.319,,,gnm_closed_loop,0.2,-0.1214,False,0,,isaac_live_final_20260708,,selected_baseline_live,,,,,,,False,hospital_goal_C,1.1221,True,0.3326,-0.1214,0.2,-0.1214,True,armed,False,
livefinal_low_curvature_20260708_180949,588,19.516668,1783530596.633851,0.620027,-0.620032,-0.0,2.355646,0.2,-0.1013,0.199803,0.005931,camera_link,19.516668,gnm_closed_loop,,nominal,,True,ok,checkpoints/ablation_mnv2_baseline/best.pt,5.23,0.3698,-0.1013,0.0925,-0.0023,0.3228,,,gnm_closed_loop,0.2,-0.1013,False,0,,isaac_live_final_20260708,,selected_baseline_live,,,,,,,False,hospital_goal_C,1.119,True,0.3698,-0.1013,0.2,-0.1013,True,armed,False,
livefinal_low_curvature_20260708_180949,589,19.533334,1783530596.637783,0.617678,-0.617681,-0.0,2.355642,0.2,-0.1013,0.199803,0.005931,camera_link,19.533334,gnm_closed_loop,,nominal,,True,ok,checkpoints/ablation_mnv2_baseline/best.pt,5.23,0.3698,-0.1013,0.0925,-0.0023,0.3228,,,gnm_closed_loop,0.2,-0.1013,False,0,,isaac_live_final_20260708,,selected_baseline_live,,,,,,,False,hospital_goal_C,1.1159,True,0.3698,-0.1013,0.2,-0.1013,True,armed,False,
livefinal_low_curvature_20260708_180949,590,19.550001,1783530596.639833,0.615329,-0.615329,-0.0,2.355639,0.2,-0.1013,0.199803,0.005931,camera_link,19.550001,gnm_closed_loop,,nominal,,True,ok,checkpoints/ablation_mnv2_baseline/best.pt,5.23,0.3698,-0.1013,0.0925,-0.0023,0.3228,,,gnm_closed_loop,0.2,-0.1013,False,0,,isaac_live_final_20260708,,selected_baseline_live,,,,,,,False,hospital_goal_C,1.1128,True,0.3698,-0.1013,0.2,-0.1013,True,armed,False,
livefinal_low_curvature_20260708_180949,591,19.566668,1783530596.656822,0.61298,-0.612978,-0.0,2.355635,0.2,-0.0887,0.199799,0.005103,camera_link,19.566668,gnm_closed_loop,,nominal,,True,ok,checkpoints/ablation_mnv2_baseline/best.pt,4.4,0.413,-0.0887,0.1033,-0.0023,0.3358,,,gnm_closed_loop,0.2,-0.0887,False,0,,isaac_live_final_20260708,,selected_baseline_live,,,,,,,False,hospital_goal_C,1.1096,True,0.413,-0.0887,0.2,-0.0887,True,armed,False,
livefinal_low_curvature_20260708_180949,592,19.583334,1783530596.65936,0.610631,-0.610627,-0.0,2.355632,0.2,-0.0887,0.199799,0.005103,camera_link,19.583334,gnm_closed_loop,,nominal,,True,ok,checkpoints/ablation_mnv2_baseline/best.pt,4.4,0.413,-0.0887,0.1033,-0.0023,0.3358,,,gnm_closed_loop,0.2,-0.0887,False,0,,isaac_live_final_20260708,,selected_baseline_live,,,,,,,False,hospital_goal_C,1.1065,True,0.413,-0.0887,0.2,-0.0887,True,armed,False,
livefinal_low_curvature_20260708_180949,593,19.600001,1783530596.661254,0.608282,-0.608275,-0.0,2.355629,0.2,-0.0887,0.199799,0.005103,camera_link,19.600001,gnm_closed_loop,,nominal,,True,ok,checkpoints/ablation_mnv2_baseline/best.pt,4.4,0.413,-0.0887,0.1033,-0.0023,0.3358,,,gnm_closed_loop,0.2,-0.0887,False,0,,isaac_live_final_20260708,,selected_baseline_live,,,,,,,False,hospital_goal_C,1.1034,True,0.413,-0.0887,0.2,-0.0887,True,armed,False,
livefinal_low_curvature_20260708_180949,594,19.616668,1783530596.678459,0.605933,-0.605923,-0.0,2.355626,0.2,-0.0778,0.199833,0.004614,camera_link,19.616668,gnm_closed_loop,,nominal,,True,ok,checkpoints/ablation_mnv2_baseline/best.pt,5.05,0.4532,-0.0778,0.1133,-0.0022,0.3422,,,gnm_closed_loop,0.2,-0.0778,False,0,,isaac_live_final_20260708,,selected_baseline_live,,,,,,,False,hospital_goal_C,1.1003,True,0.4532,-0.0778,0.2,-0.0778,True,armed,False,
livefinal_low_curvature_20260708_180949,595,19.633334,1783530596.680801,0.603584,-0.603572,-0.0,2.355623,0.2,-0.0778,0.199833,0.004614,camera_link,19.633334,gnm_closed_loop,,nominal,,True,ok,checkpoints/ablation_mnv2_baseline/best.pt,5.05,0.4532,-0.0778,0.1133,-0.0022,0.3422,,,gnm_closed_loop,0.2,-0.0778,False,0,,isaac_live_final_20260708,,selected_baseline_live,,,,,,,False,hospital_goal_C,1.0972,True,0.4532,-0.0778,0.2,-0.0778,True,armed,False,
livefinal_low_curvature_20260708_180949,596,19.650001,1783530596.68274,0.601235,-0.60122,-0.0,2.35562,0.2,-0.0778,0.199833,0.004614,camera_link,19.650001,gnm_closed_loop,,nominal,,True,ok,checkpoints/ablation_mnv2_baseline/best.pt,5.05,0.4532,-0.0778,0.1133,-0.0022,0.3422,,,gnm_closed_loop,0.2,-0.0778,False,0,,isaac_live_final_20260708,,selected_baseline_live,,,,,,,False,hospital_goal_C,1.0941,True,0.4532,-0.0778,0.2,-0.0778,True,armed,False,
livefinal_low_curvature_20260708_180949,597,19.666668,1783530596.698459,0.598886,-0.598868,-0.0,2.355617,0.2,-0.0659,0.199797,0.003885,camera_link,19.666668,gnm_closed_loop,,nominal,,True,ok,checkpoints/ablation_mnv2_baseline/best.pt,4.86,0.4935,-0.0659,0.1234,-0.002,0.3456,,,gnm_closed_loop,0.2,-0.0659,False,0,,isaac_live_final_20260708,,selected_baseline_live,,,,,,,False,hospital_goal_C,1.091,True,0.4935,-0.0659,0.2,-0.0659,True,armed,False,
livefinal_low_curvature_20260708_180949,598,19.683334,1783530596.700778,0.596537,-0.596516,-0.0,2.355615,0.2,-0.0659,0.199797,0.003885,camera_link,19.683334,gnm_closed_loop,,nominal,,True,ok,checkpoints/ablation_mnv2_baseline/best.pt,4.86,0.4935,-0.0659,0.1234,-0.002,0.3456,,,gnm_closed_loop,0.2,-0.0659,False,0,,isaac_live_final_20260708,,selected_baseline_live,,,,,,,False,hospital_goal_C,1.0879,True,0.4935,-0.0659,0.2,-0.0659,True,armed,False,
livefinal_low_curvature_20260708_180949,599,19.700001,1783530596.702688,0.594188,-0.594165,-0.0,2.355613,0.2,-0.0659,0.199797,0.003885,camera_link,19.700001,gnm_closed_loop,,nominal,,True,ok,checkpoints/ablation_mnv2_baseline/best.pt,4.86,0.4935,-0.0659,0.1234,-0.002,0.3456,,,gnm_closed_loop,0.2,-0.0659,False,0,,isaac_live_final_20260708,,selected_baseline_live,,,,,,,False,hospital_goal_C,1.0849,True,0.4935,-0.0659,0.2,-0.0659,True,armed,False,
livefinal_low_curvature_20260708_180949,600,19.716668,1783530596.719061,0.591839,-0.591813,-0.0,2.35561,0.2,-0.0714,0.199805,0.003587,camera_link,19.716668,gnm_closed_loop,,nominal,,True,ok,checkpoints/ablation_mnv2_baseline/best.pt,4.64,0.5239,-0.0714,0.131,-0.0023,0.3505,,,gnm_closed_loop,0.2,-0.0714,False,0,,isaac_live_final_20260708,,selected_baseline_live,,,,,,,False,hospital_goal_C,1.0818,True,0.5239,-0.0714,0.2,-0.0714,True,armed,False,
livefinal_low_curvature_20260708_180949,601,19.733334,1783530596.721807,0.58949,-0.589462,-0.0,2.355607,0.2,-0.0714,0.199805,0.003587,camera_link,19.733334,gnm_closed_loop,,nominal,,True,ok,checkpoints/ablation_mnv2_baseline/best.pt,4.64,0.5239,-0.0714,0.131,-0.0023,0.3505,,,gnm_closed_loop,0.2,-0.0714,False,0,,isaac_live_final_20260708,,selected_baseline_live,,,,,,,False,hospital_goal_C,1.0787,True,0.5239,-0.0714,0.2,-0.0714,True,armed,False,
livefinal_low_curvature_20260708_180949,602,19.750001,1783530596.725493,0.587141,-0.58711,-0.0,2.355605,0.2,-0.0714,0.199805,0.003587,camera_link,19.750001,gnm_closed_loop,,nominal,,True,ok,checkpoints/ablation_mnv2_baseline/best.pt,4.64,0.5239,-0.0714,0.131,-0.0023,0.3505,,,gnm_closed_loop,0.2,-0.0714,False,0,,isaac_live_final_20260708,,selected_baseline_live,,,,,,,False,hospital_goal_C,1.0756,True,0.5239,-0.0714,0.2,-0.0714,True,armed,False,
livefinal_low_curvature_20260708_180949,603,19.766668,1783530596.757946,0.584792,-0.584758,-0.0,2.355602,0.2,-0.0642,0.199807,0.004083,camera_link,19.766668,gnm_closed_loop,,nominal,,True,ok,checkpoints/ablation_mnv2_baseline/best.pt,8.24,0.5267,-0.0642,0.1317,-0.0021,0.3477,,,gnm_closed_loop,0.2,-0.0642,False,0,,isaac_live_final_20260708,,selected_baseline_live,,,,,,,False,hospital_goal_C,1.0725,True,0.5267,-0.0642,0.2,-0.0642,True,armed,False,
livefinal_low_curvature_20260708_180949,604,19.783334,1783530596.760583,0.582442,-0.582406,-0.0,2.3556,0.2,-0.0642,0.199807,0.004083,camera_link,19.783334,gnm_closed_loop,,nominal,,True,ok,checkpoints/ablation_mnv2_baseline/best.pt,8.24,0.5267,-0.0642,0.1317,-0.0021,0.3477,,,gnm_closed_loop,0.2,-0.0642,False,0,,isaac_live_final_20260708,,selected_baseline_live,,,,,,,False,hospital_goal_C,1.0694,True,0.5267,-0.0642,0.2,-0.0642,True,armed,False,
livefinal_low_curvature_20260708_180949,605,19.800001,1783530596.76287,0.580093,-0.580055,-0.0,2.355597,0.2,-0.0642,0.199807,0.004083,camera_link,19.800001,gnm_closed_loop,,nominal,,True,ok,checkpoints/ablation_mnv2_baseline/best.pt,8.24,0.5267,-0.0642,0.1317,-0.0021,0.3477,,,gnm_closed_loop,0.2,-0.0642,False,0,,isaac_live_final_20260708,,selected_baseline_live,,,,,,,False,hospital_goal_C,1.0663,True,0.5267,-0.0642,0.2,-0.0642,True,armed,False,
livefinal_low_curvature_20260708_180949,606,19.816668,1783530596.788577,0.577744,-0.577703,-0.0,2.355595,0.2,-0.0532,0.199842,0.003251,camera_link,19.816668,gnm_closed_loop,,nominal,,True,ok,checkpoints/ablation_mnv2_baseline/best.pt,6.99,0.5261,-0.0532,0.1315,-0.0017,0.3401,,,gnm_closed_loop,0.2,-0.0532,False,0,,isaac_live_final_20260708,,selected_baseline_live,,,,,,,False,hospital_goal_C,1.0632,True,0.5261,-0.0532,0.2,-0.0532,True,armed,False,
livefinal_low_curvature_20260708_180949,607,19.833334,1783530596.791,0.575395,-0.575351,-0.0,2.355593,0.2,-0.0532,0.199842,0.003251,camera_link,19.833334,gnm_closed_loop,,nominal,,True,ok,checkpoints/ablation_mnv2_baseline/best.pt,6.99,0.5261,-0.0532,0.1315,-0.0017,0.3401,,,gnm_closed_loop,0.2,-0.0532,False,0,,isaac_live_final_20260708,,selected_baseline_live,,,,,,,False,hospital_goal_C,1.0601,True,0.5261,-0.0532,0.2,-0.0532,True,armed,False,
livefinal_low_curvature_20260708_180949,608,19.850001,1783530596.792858,0.573046,-0.572999,-0.0,2.355591,0.2,-0.0532,0.199842,0.003251,camera_link,19.850001,gnm_closed_loop,,nominal,,True,ok,checkpoints/ablation_mnv2_baseline/best.pt,6.99,0.5261,-0.0532,0.1315,-0.0017,0.3401,,,gnm_closed_loop,0.2,-0.0532,False,0,,isaac_live_final_20260708,,selected_baseline_live,,,,,,,False,hospital_goal_C,1.0571,True,0.5261,-0.0532,0.2,-0.0532,True,armed,False,
livefinal_low_curvature_20260708_180949,609,19.866668,1783530596.810099,0.570697,-0.570647,-0.0,2.355589,0.2,-0.0527,0.199826,0.002659,camera_link,19.866668,gnm_closed_loop,,nominal,,True,ok,checkpoints/ablation_mnv2_baseline/best.pt,4.96,0.5355,-0.0527,0.1339,-0.0018,0.3365,,,gnm_closed_loop,0.2,-0.0527,False,0,,isaac_live_final_20260708,,selected_baseline_live,,,,,,,False,hospital_goal_C,1.054,True,0.5355,-0.0527,0.2,-0.0527,True,armed,False,
livefinal_low_curvature_20260708_180949,610,19.883334,1783530596.81275,0.568348,-0.568296,-0.0,2.355587,0.2,-0.0527,0.199826,0.002659,camera_link,19.883334,gnm_closed_loop,,nominal,,True,ok,checkpoints/ablation_mnv2_baseline/best.pt,4.96,0.5355,-0.0527,0.1339,-0.0018,0.3365,,,gnm_closed_loop,0.2,-0.0527,False,0,,isaac_live_final_20260708,,selected_baseline_live,,,,,,,False,hospital_goal_C,1.0509,True,0.5355,-0.0527,0.2,-0.0527,True,armed,False,
livefinal_low_curvature_20260708_180949,611,19.900001,1783530596.814743,0.565999,-0.565944,-0.0,2.355585,0.2,-0.0527,0.199826,0.002659,camera_link,19.900001,gnm_closed_loop,,nominal,,True,ok,checkpoints/ablation_mnv2_baseline/best.pt,4.96,0.5355,-0.0527,0.1339,-0.0018,0.3365,,,gnm_closed_loop,0.2,-0.0527,False,0,,isaac_live_final_20260708,,selected_baseline_live,,,,,,,False,hospital_goal_C,1.0478,True,0.5355,-0.0527,0.2,-0.0527,True,armed,False,
livefinal_low_curvature_20260708_180949,612,19.916668,1783530596.830534,0.563649,-0.563591,-0.0,2.355584,0.2,-0.0777,0.199816,0.002308,camera_link,19.916668,gnm_closed_loop,,nominal,,True,ok,checkpoints/ablation_mnv2_baseline/best.pt,5.16,0.4436,-0.0777,0.1109,-0.0022,0.3213,,,gnm_closed_loop,0.2,-0.0777,False,0,,isaac_live_final_20260708,,selected_baseline_live,,,,,,,False,hospital_goal_C,1.0448,True,0.4436,-0.0777,0.2,-0.0777,True,armed,False,
livefinal_low_curvature_20260708_180949,613,19.933334,1783530596.832916,0.5613,-0.56124,-0.0,2.355581,0.2,-0.0777,0.199816,0.002308,camera_link,19.933334,gnm_closed_loop,,nominal,,True,ok,checkpoints/ablation_mnv2_baseline/best.pt,5.16,0.4436,-0.0777,0.1109,-0.0022,0.3213,,,gnm_closed_loop,0.2,-0.0777,False,0,,isaac_live_final_20260708,,selected_baseline_live,,,,,,,False,hospital_goal_C,1.0417,True,0.4436,-0.0777,0.2,-0.0777,True,armed,False,
livefinal_low_curvature_20260708_180949,614,19.950001,1783530596.834878,0.558951,-0.558888,-0.0,2.355578,0.2,-0.0777,0.199816,0.002308,camera_link,19.950001,gnm_closed_loop,,nominal,,True,ok,checkpoints/ablation_mnv2_baseline/best.pt,5.16,0.4436,-0.0777,0.1109,-0.0022,0.3213,,,gnm_closed_loop,0.2,-0.0777,False,0,,isaac_live_final_20260708,,selected_baseline_live,,,,,,,False,hospital_goal_C,1.0386,True,0.4436,-0.0777,0.2,-0.0777,True,armed,False,
livefinal_low_curvature_20260708_180949,615,19.966668,1783530596.849546,0.556602,-0.556536,-0.0,2.355575,0.2,-0.0837,0.199805,0.00407,camera_link,19.966668,gnm_closed_loop,,nominal,,True,ok,checkpoints/ablation_mnv2_baseline/best.pt,4.86,0.4212,-0.0837,0.1053,-0.0022,0.3159,,,gnm_closed_loop,0.2,-0.0837,False,0,,isaac_live_final_20260708,,selected_baseline_live,,,,,,,False,hospital_goal_C,1.0355,True,0.4212,-0.0837,0.2,-0.0837,True,armed,False,
livefinal_low_curvature_20260708_180949,616,19.983334,1783530596.853561,0.554253,-0.554185,-0.0,2.355572,0.2,-0.0837,0.199805,0.00407,camera_link,19.983334,gnm_closed_loop,,nominal,,True,ok,checkpoints/ablation_mnv2_baseline/best.pt,4.86,0.4212,-0.0837,0.1053,-0.0022,0.3159,,,gnm_closed_loop,0.2,-0.0837,False,0,,isaac_live_final_20260708,,selected_baseline_live,,,,,,,False,hospital_goal_C,1.0325,True,0.4212,-0.0837,0.2,-0.0837,True,armed,False,
livefinal_low_curvature_20260708_180949,617,20.000001,1783530596.85626,0.551904,-0.551833,-0.0,2.35557,0.2,-0.0837,0.199805,0.00407,camera_link,20.000001,gnm_closed_loop,,nominal,,True,ok,checkpoints/ablation_mnv2_baseline/best.pt,4.86,0.4212,-0.0837,0.1053,-0.0022,0.3159,,,gnm_closed_loop,0.2,-0.0837,False,0,,isaac_live_final_20260708,,selected_baseline_live,,,,,,,False,hospital_goal_C,1.0294,True,0.4212,-0.0837,0.2,-0.0837,True,armed,False,
livefinal_low_curvature_20260708_180949,618,20.016668,1783530596.871544,0.549555,-0.549481,-0.0,2.355567,0.2,-0.073,0.19984,0.004506,camera_link,20.016668,gnm_closed_loop,,nominal,,True,ok,checkpoints/ablation_mnv2_baseline/best.pt,4.97,0.4749,-0.073,0.1187,-0.0022,0.3306,,,gnm_closed_loop,0.2,-0.073,False,0,,isaac_live_final_20260708,,selected_baseline_live,,,,,,,False,hospital_goal_C,1.0263,True,0.4749,-0.073,0.2,-0.073,True,armed,False,
livefinal_low_curvature_20260708_180949,619,20.033334,1783530596.874738,0.547206,-0.547129,-0.0,2.355564,0.2,-0.073,0.19984,0.004506,camera_link,20.033334,gnm_closed_loop,,nominal,,True,ok,checkpoints/ablation_mnv2_baseline/best.pt,4.97,0.4749,-0.073,0.1187,-0.0022,0.3306,,,gnm_closed_loop,0.2,-0.073,False,0,,isaac_live_final_20260708,,selected_baseline_live,,,,,,,False,hospital_goal_C,1.0233,True,0.4749,-0.073,0.2,-0.073,True,armed,False,
livefinal_low_curvature_20260708_180949,620,20.050001,1783530596.876854,0.544856,-0.544777,-0.0,2.355561,0.2,-0.073,0.19984,0.004506,camera_link,20.050001,gnm_closed_loop,,nominal,,True,ok,checkpoints/ablation_mnv2_baseline/best.pt,4.97,0.4749,-0.073,0.1187,-0.0022,0.3306,,,gnm_closed_loop,0.2,-0.073,False,0,,isaac_live_final_20260708,,selected_baseline_live,,,,,,,False,hospital_goal_C,1.0202,True,0.4749,-0.073,0.2,-0.073,True,armed,False,
livefinal_low_curvature_20260708_180949,621,20.066668,1783530596.898542,0.542507,-0.542425,-0.0,2.355559,0.2,-0.0606,0.19979,0.004299,camera_link,20.066668,gnm_closed_loop,,nominal,,True,ok,checkpoints/ablation_mnv2_baseline/best.pt,5.43,0.5349,-0.0606,0.1337,-0.002,0.3377,,,gnm_closed_loop,0.2,-0.0606,False,0,,isaac_live_final_20260708,,selected_baseline_live,,,,,,,False,hospital_goal_C,1.0171,True,0.5349,-0.0606,0.2,-0.0606,True,armed,False,
livefinal_low_curvature_20260708_180949,622,20.083334,1783530596.902366,0.540158,-0.540073,-0.0,2.355556,0.2,-0.0606,0.19979,0.004299,camera_link,20.083334,gnm_closed_loop,,nominal,,True,ok,checkpoints/ablation_mnv2_baseline/best.pt,5.43,0.5349,-0.0606,0.1337,-0.002,0.3377,,,gnm_closed_loop,0.2,-0.0606,False,0,,isaac_live_final_20260708,,selected_baseline_live,,,,,,,False,hospital_goal_C,1.0141,True,0.5349,-0.0606,0.2,-0.0606,True,armed,False,
livefinal_low_curvature_20260708_180949,623,20.100001,1783530596.906362,0.537808,-0.53772,-0.0,2.355554,0.2,-0.0606,0.19979,0.004299,camera_link,20.100001,gnm_closed_loop,,nominal,,True,ok,checkpoints/ablation_mnv2_baseline/best.pt,5.43,0.5349,-0.0606,0.1337,-0.002,0.3377,,,gnm_closed_loop,0.2,-0.0606,False,0,,isaac_live_final_20260708,,selected_baseline_live,,,,,,,False,hospital_goal_C,1.011,True,0.5349,-0.0606,0.2,-0.0606,True,armed,False,
livefinal_low_curvature_20260708_180949,624,20.116668,1783530596.945628,0.535459,-0.535368,-0.0,2.355552,0.2,-0.0613,0.199799,0.003113,camera_link,20.116668,gnm_closed_loop,,nominal,,True,ok,checkpoints/ablation_mnv2_baseline/best.pt,10.26,0.5383,-0.0613,0.1346,-0.0021,0.342,,,gnm_closed_loop,0.2,-0.0613,False,0,,isaac_live_final_20260708,,selected_baseline_live,,,,,,,False,hospital_goal_C,1.008,True,0.5383,-0.0613,0.2,-0.0613,True,armed,False,
livefinal_low_curvature_20260708_180949,625,20.133334,1783530596.954231,0.53311,-0.533016,-0.0,2.355549,0.2,-0.0613,0.199799,0.003113,camera_link,20.133334,gnm_closed_loop,,nominal,,True,ok,checkpoints/ablation_mnv2_baseline/best.pt,10.26,0.5383,-0.0613,0.1346,-0.0021,0.342,,,gnm_closed_loop,0.2,-0.0613,False,0,,isaac_live_final_20260708,,selected_baseline_live,,,,,,,False,hospital_goal_C,1.0049,True,0.5383,-0.0613,0.2,-0.0613,True,armed,False,
livefinal_low_curvature_20260708_180949,626,20.150001,1783530596.962317,0.53076,-0.530663,-0.0,2.355547,0.2,-0.0613,0.199799,0.003113,camera_link,20.150001,gnm_closed_loop,,nominal,,True,ok,checkpoints/ablation_mnv2_baseline/best.pt,10.26,0.5383,-0.0613,0.1346,-0.0021,0.342,,,gnm_closed_loop,0.2,-0.0613,False,0,,isaac_live_final_20260708,,selected_baseline_live,,,,,,,False,hospital_goal_C,1.0019,True,0.5383,-0.0613,0.2,-0.0613,True,armed,False,
livefinal_low_curvature_20260708_180949,627,20.166668,1783530597.002271,0.528411,-0.528311,-0.0,2.355545,0.2,-0.0681,0.199825,0.002908,camera_link,20.166668,gnm_closed_loop,,nominal,,True,ok,checkpoints/ablation_mnv2_baseline/best.pt,6.05,0.5244,-0.0681,0.1311,-0.0022,0.3388,,,gnm_closed_loop,0.2,-0.0681,False,0,,isaac_live_final_20260708,,selected_baseline_live,,,,,,,False,hospital_goal_C,0.9988,True,0.5244,-0.0681,0.2,-0.0681,True,armed,False,
livefinal_low_curvature_20260708_180949,628,20.183334,1783530597.005306,0.526062,-0.525959,-0.0,2.355543,0.2,-0.0681,0.199825,0.002908,camera_link,20.183334,gnm_closed_loop,,nominal,,True,ok,checkpoints/ablation_mnv2_baseline/best.pt,6.05,0.5244,-0.0681,0.1311,-0.0022,0.3388,,,gnm_closed_loop,0.2,-0.0681,False,0,,isaac_live_final_20260708,,selected_baseline_live,,,,,,,False,hospital_goal_C,0.9957,True,0.5244,-0.0681,0.2,-0.0681,True,armed,False,
livefinal_low_curvature_20260708_180949,629,20.200001,1783530597.008244,0.523713,-0.523607,-0.0,2.35554,0.2,-0.0681,0.199825,0.002908,camera_link,20.200001,gnm_closed_loop,,nominal,,True,ok,checkpoints/ablation_mnv2_baseline/best.pt,6.05,0.5244,-0.0681,0.1311,-0.0022,0.3388,,,gnm_closed_loop,0.2,-0.0681,False,0,,isaac_live_final_20260708,,selected_baseline_live,,,,,,,False,hospital_goal_C,0.9927,True,0.5244,-0.0681,0.2,-0.0681,True,armed,False,
livefinal_low_curvature_20260708_180949,630,20.216668,1783530597.043237,0.521363,-0.521254,-0.0,2.355538,0.2,-0.0706,0.199844,0.003637,camera_link,20.216668,gnm_closed_loop,,nominal,,True,ok,checkpoints/ablation_mnv2_baseline/best.pt,7.98,0.5028,-0.0706,0.1257,-0.0022,0.3342,,,gnm_closed_loop,0.2,-0.0706,False,0,,isaac_live_final_20260708,,selected_baseline_live,,,,,,,False,hospital_goal_C,0.9897,True,0.5028,-0.0706,0.2,-0.0706,True,armed,False,
livefinal_low_curvature_20260708_180949,631,20.233334,1783530597.046444,0.519014,-0.518902,-0.0,2.355536,0.2,-0.0706,0.199844,0.003637,camera_link,20.233334,gnm_closed_loop,,nominal,,True,ok,checkpoints/ablation_mnv2_baseline/best.pt,7.98,0.5028,-0.0706,0.1257,-0.0022,0.3342,,,gnm_closed_loop,0.2,-0.0706,False,0,,isaac_live_final_20260708,,selected_baseline_live,,,,,,,False,hospital_goal_C,0.9866,True,0.5028,-0.0706,0.2,-0.0706,True,armed,False,
livefinal_low_curvature_20260708_180949,632,20.250001,1783530597.048665,0.516665,-0.51655,-0.0,2.355533,0.2,-0.0706,0.199844,0.003637,camera_link,20.250001,gnm_closed_loop,,nominal,,True,ok,checkpoints/ablation_mnv2_baseline/best.pt,7.98,0.5028,-0.0706,0.1257,-0.0022,0.3342,,,gnm_closed_loop,0.2,-0.0706,False,0,,isaac_live_final_20260708,,selected_baseline_live,,,,,,,False,hospital_goal_C,0.9836,True,0.5028,-0.0706,0.2,-0.0706,True,armed,False,
livefinal_low_curvature_20260708_180949,633,20.266668,1783530597.071063,0.514316,-0.514198,-0.0,2.35553,0.2,-0.0697,0.199778,0.00301,camera_link,20.266668,gnm_closed_loop,,nominal,,True,ok,checkpoints/ablation_mnv2_baseline/best.pt,6.66,0.4919,-0.0697,0.123,-0.0021,0.3381,,,gnm_closed_loop,0.2,-0.0697,False,0,,isaac_live_final_20260708,,selected_baseline_live,,,,,,,False,hospital_goal_C,0.9805,True,0.4919,-0.0697,0.2,-0.0697,True,armed,False,
livefinal_low_curvature_20260708_180949,634,20.283334,1783530597.073654,0.511967,-0.511846,-0.0,2.355528,0.2,-0.0697,0.199778,0.00301,camera_link,20.283334,gnm_closed_loop,,nominal,,True,ok,checkpoints/ablation_mnv2_baseline/best.pt,6.66,0.4919,-0.0697,0.123,-0.0021,0.3381,,,gnm_closed_loop,0.2,-0.0697,False,0,,isaac_live_final_20260708,,selected_baseline_live,,,,,,,False,hospital_goal_C,0.9775,True,0.4919,-0.0697,0.2,-0.0697,True,armed,False,
livefinal_low_curvature_20260708_180949,635,20.300001,1783530597.075637,0.509617,-0.509493,-0.0,2.355525,0.2,-0.0697,0.199778,0.00301,camera_link,20.300001,gnm_closed_loop,,nominal,,True,ok,checkpoints/ablation_mnv2_baseline/best.pt,6.66,0.4919,-0.0697,0.123,-0.0021,0.3381,,,gnm_closed_loop,0.2,-0.0697,False,0,,isaac_live_final_20260708,,selected_baseline_live,,,,,,,False,hospital_goal_C,0.9744,True,0.4919,-0.0697,0.2,-0.0697,True,armed,False,
livefinal_low_curvature_20260708_180949,636,20.316668,1783530597.095596,0.507268,-0.507141,-0.0,2.355522,0.2,-0.0682,0.199803,0.003875,camera_link,20.316668,gnm_closed_loop,,nominal,,True,ok,checkpoints/ablation_mnv2_baseline/best.pt,6.07,0.4965,-0.0682,0.1241,-0.0021,0.3433,,,gnm_closed_loop,0.2,-0.0682,False,0,,isaac_live_final_20260708,,selected_baseline_live,,,,,,,False,hospital_goal_C,0.9714,True,0.4965,-0.0682,0.2,-0.0682,True,armed,False,
livefinal_low_curvature_20260708_180949,637,20.333334,1783530597.097846,0.504919,-0.504789,-0.0,2.355519,0.2,-0.0682,0.199803,0.003875,camera_link,20.333334,gnm_closed_loop,,nominal,,True,ok,checkpoints/ablation_mnv2_baseline/best.pt,6.07,0.4965,-0.0682,0.1241,-0.0021,0.3433,,,gnm_closed_loop,0.2,-0.0682,False,0,,isaac_live_final_20260708,,selected_baseline_live,,,,,,,False,hospital_goal_C,0.9684,True,0.4965,-0.0682,0.2,-0.0682,True,armed,False,
livefinal_low_curvature_20260708_180949,638,20.350001,1783530597.10019,0.502569,-0.502436,-0.0,2.355517,0.2,-0.0682,0.199803,0.003875,camera_link,20.350001,gnm_closed_loop,,nominal,,True,ok,checkpoints/ablation_mnv2_baseline/best.pt,6.07,0.4965,-0.0682,0.1241,-0.0021,0.3433,,,gnm_closed_loop,0.2,-0.0682,False,0,,isaac_live_final_20260708,,selected_baseline_live,,,,,,,False,hospital_goal_C,0.9653,True,0.4965,-0.0682,0.2,-0.0682,True,armed,False,
livefinal_low_curvature_20260708_180949,639,20.366668,1783530597.117855,0.50022,-0.500084,-0.0,2.355514,0.2,-0.1008,0.199791,0.003812,camera_link,20.366668,gnm_closed_loop,,nominal,,True,ok,checkpoints/ablation_mnv2_baseline/best.pt,5.15,0.4166,-0.1008,0.1041,-0.0026,0.3374,,,gnm_closed_loop,0.2,-0.1008,False,0,,isaac_live_final_20260708,,selected_baseline_live,,,,,,,False,hospital_goal_C,0.9623,True,0.4166,-0.1008,0.2,-0.1008,True,armed,False,
livefinal_low_curvature_20260708_180949,640,20.383334,1783530597.121872,0.497871,-0.497732,-0.0,2.355511,0.2,-0.1008,0.199791,0.003812,camera_link,20.383334,gnm_closed_loop,,nominal,,True,ok,checkpoints/ablation_mnv2_baseline/best.pt,5.15,0.4166,-0.1008,0.1041,-0.0026,0.3374,,,gnm_closed_loop,0.2,-0.1008,False,0,,isaac_live_final_20260708,,selected_baseline_live,,,,,,,False,hospital_goal_C,0.9593,True,0.4166,-0.1008,0.2,-0.1008,True,armed,False,
livefinal_low_curvature_20260708_180949,641,20.400001,1783530597.12597,0.495522,-0.49538,-0.0,2.355507,0.2,-0.1008,0.199791,0.003812,camera_link,20.400001,gnm_closed_loop,,nominal,,True,ok,checkpoints/ablation_mnv2_baseline/best.pt,5.15,0.4166,-0.1008,0.1041,-0.0026,0.3374,,,gnm_closed_loop,0.2,-0.1008,False,0,,isaac_live_final_20260708,,selected_baseline_live,,,,,,,False,hospital_goal_C,0.9563,True,0.4166,-0.1008,0.2,-0.1008,True,armed,False,
livefinal_low_curvature_20260708_180949,642,20.416668,1783530597.157609,0.493173,-0.493027,-0.0,2.355503,0.2,-0.1332,0.199745,0.005032,camera_link,20.416668,gnm_closed_loop,,nominal,,True,ok,checkpoints/ablation_mnv2_baseline/best.pt,8.16,0.3124,-0.1332,0.0781,-0.0026,0.3315,,,gnm_closed_loop,0.2,-0.1332,False,0,,isaac_live_final_20260708,,selected_baseline_live,,,,,,,False,hospital_goal_C,0.9532,True,0.3124,-0.1332,0.2,-0.1332,True,armed,False,
livefinal_low_curvature_20260708_180949,643,20.433334,1783530597.160621,0.490824,-0.490675,-0.0,2.355498,0.2,-0.1332,0.199745,0.005032,camera_link,20.433334,gnm_closed_loop,,nominal,,True,ok,checkpoints/ablation_mnv2_baseline/best.pt,8.16,0.3124,-0.1332,0.0781,-0.0026,0.3315,,,gnm_closed_loop,0.2,-0.1332,False,0,,isaac_live_final_20260708,,selected_baseline_live,,,,,,,False,hospital_goal_C,0.9502,True,0.3124,-0.1332,0.2,-0.1332,True,armed,False,
livefinal_low_curvature_20260708_180949,644,20.450001,1783530597.162606,0.488475,-0.488323,-0.0,2.355494,0.2,-0.1332,0.199745,0.005032,camera_link,20.450001,gnm_closed_loop,,nominal,,True,ok,checkpoints/ablation_mnv2_baseline/best.pt,8.16,0.3124,-0.1332,0.0781,-0.0026,0.3315,,,gnm_closed_loop,0.2,-0.1332,False,0,,isaac_live_final_20260708,,selected_baseline_live,,,,,,,False,hospital_goal_C,0.9472,True,0.3124,-0.1332,0.2,-0.1332,True,armed,False,
livefinal_low_curvature_20260708_180949,645,20.466668,1783530597.181177,0.486126,-0.485971,-0.0,2.355489,0.2,-0.1466,0.199796,0.006588,camera_link,20.466668,gnm_closed_loop,,nominal,,True,ok,checkpoints/ablation_mnv2_baseline/best.pt,4.57,0.297,-0.1466,0.0742,-0.0027,0.3287,,,gnm_closed_loop,0.2,-0.1466,False,0,,isaac_live_final_20260708,,selected_baseline_live,,,,,,,False,hospital_goal_C,0.9442,True,0.297,-0.1466,0.2,-0.1466,True,armed,False,
livefinal_low_curvature_20260708_180949,646,20.483334,1783530597.183761,0.483778,-0.483619,-0.0,2.355484,0.2,-0.1466,0.199796,0.006588,camera_link,20.483334,gnm_closed_loop,,nominal,,True,ok,checkpoints/ablation_mnv2_baseline/best.pt,4.57,0.297,-0.1466,0.0742,-0.0027,0.3287,,,gnm_closed_loop,0.2,-0.1466,False,0,,isaac_live_final_20260708,,selected_baseline_live,,,,,,,False,hospital_goal_C,0.9412,True,0.297,-0.1466,0.2,-0.1466,True,armed,False,
livefinal_low_curvature_20260708_180949,647,20.500001,1783530597.185835,0.481429,-0.481268,-0.0,2.355478,0.2,-0.1466,0.199796,0.006588,camera_link,20.500001,gnm_closed_loop,,nominal,,True,ok,checkpoints/ablation_mnv2_baseline/best.pt,4.57,0.297,-0.1466,0.0742,-0.0027,0.3287,,,gnm_closed_loop,0.2,-0.1466,False,0,,isaac_live_final_20260708,,selected_baseline_live,,,,,,,False,hospital_goal_C,0.9382,True,0.297,-0.1466,0.2,-0.1466,True,armed,False,
livefinal_low_curvature_20260708_180949,648,20.516668,1783530597.203279,0.479081,-0.478916,-0.0,2.355473,0.2,-0.1458,0.199752,0.007059,camera_link,20.516668,gnm_closed_loop,,nominal,,True,ok,checkpoints/ablation_mnv2_baseline/best.pt,5.62,0.3138,-0.1458,0.0785,-0.0029,0.3336,,,gnm_closed_loop,0.2,-0.1458,False,0,,isaac_live_final_20260708,,selected_baseline_live,,,,,,,False,hospital_goal_C,0.9351,True,0.3138,-0.1458,0.2,-0.1458,True,armed,False,
livefinal_low_curvature_20260708_180949,649,20.533334,1783530597.206395,0.476732,-0.476565,-0.0,2.355467,0.2,-0.1458,0.199752,0.007059,camera_link,20.533334,gnm_closed_loop,,nominal,,True,ok,checkpoints/ablation_mnv2_baseline/best.pt,5.62,0.3138,-0.1458,0.0785,-0.0029,0.3336,,,gnm_closed_loop,0.2,-0.1458,False,0,,isaac_live_final_20260708,,selected_baseline_live,,,,,,,False,hospital_goal_C,0.9321,True,0.3138,-0.1458,0.2,-0.1458,True,armed,False,
livefinal_low_curvature_20260708_180949,650,20.550001,1783530597.208748,0.474384,-0.474213,-0.0,2.355462,0.2,-0.1458,0.199752,0.007059,camera_link,20.550001,gnm_closed_loop,,nominal,,True,ok,checkpoints/ablation_mnv2_baseline/best.pt,5.62,0.3138,-0.1458,0.0785,-0.0029,0.3336,,,gnm_closed_loop,0.2,-0.1458,False,0,,isaac_live_final_20260708,,selected_baseline_live,,,,,,,False,hospital_goal_C,0.9291,True,0.3138,-0.1458,0.2,-0.1458,True,armed,False,
livefinal_low_curvature_20260708_180949,651,20.566668,1783530597.231533,0.472035,-0.471861,-0.0,2.355457,0.2,-0.1241,0.199787,0.007616,camera_link,20.566668,gnm_closed_loop,,nominal,,True,ok,checkpoints/ablation_mnv2_baseline/best.pt,5.89,0.3416,-0.1241,0.0854,-0.0026,0.3423,,,gnm_closed_loop,0.2,-0.1241,False,0,,isaac_live_final_20260708,,selected_baseline_live,,,,,,,False,hospital_goal_C,0.9261,True,0.3416,-0.1241,0.2,-0.1241,True,armed,False,
livefinal_low_curvature_20260708_180949,652,20.583334,1783530597.23384,0.469687,-0.469509,-0.0,2.355452,0.2,-0.1241,0.199787,0.007616,camera_link,20.583334,gnm_closed_loop,,nominal,,True,ok,checkpoints/ablation_mnv2_baseline/best.pt,5.89,0.3416,-0.1241,0.0854,-0.0026,0.3423,,,gnm_closed_loop,0.2,-0.1241,False,0,,isaac_live_final_20260708,,selected_baseline_live,,,,,,,False,hospital_goal_C,0.9231,True,0.3416,-0.1241,0.2,-0.1241,True,armed,False,
livefinal_low_curvature_20260708_180949,653,20.600001,1783530597.235737,0.467338,-0.467157,-0.0,2.355448,0.2,-0.1241,0.199787,0.007616,camera_link,20.600001,gnm_closed_loop,,nominal,,True,ok,checkpoints/ablation_mnv2_baseline/best.pt,5.89,0.3416,-0.1241,0.0854,-0.0026,0.3423,,,gnm_closed_loop,0.2,-0.1241,False,0,,isaac_live_final_20260708,,selected_baseline_live,,,,,,,False,hospital_goal_C,0.9201,True,0.3416,-0.1241,0.2,-0.1241,True,armed,False,
livefinal_low_curvature_20260708_180949,654,20.616668,1783530597.253037,0.464989,-0.464805,-0.0,2.355443,0.2,-0.0965,0.199755,0.006393,camera_link,20.616668,gnm_closed_loop,,nominal,,True,ok,checkpoints/ablation_mnv2_baseline/best.pt,4.03,0.3831,-0.0965,0.0958,-0.0023,0.3427,,,gnm_closed_loop,0.2,-0.0965,False,0,,isaac_live_final_20260708,,selected_baseline_live,,,,,,,False,hospital_goal_C,0.9171,True,0.3831,-0.0965,0.2,-0.0965,True,armed,False,
livefinal_low_curvature_20260708_180949,655,20.633334,1783530597.25542,0.462639,-0.462452,-0.0,2.355439,0.2,-0.0965,0.199755,0.006393,camera_link,20.633334,gnm_closed_loop,,nominal,,True,ok,checkpoints/ablation_mnv2_baseline/best.pt,4.03,0.3831,-0.0965,0.0958,-0.0023,0.3427,,,gnm_closed_loop,0.2,-0.0965,False,0,,isaac_live_final_20260708,,selected_baseline_live,,,,,,,False,hospital_goal_C,0.9141,True,0.3831,-0.0965,0.2,-0.0965,True,armed,False,
livefinal_low_curvature_20260708_180949,656,20.650001,1783530597.257861,0.46029,-0.4601,-0.0,2.355436,0.2,-0.0965,0.199755,0.006393,camera_link,20.650001,gnm_closed_loop,,nominal,,True,ok,checkpoints/ablation_mnv2_baseline/best.pt,4.03,0.3831,-0.0965,0.0958,-0.0023,0.3427,,,gnm_closed_loop,0.2,-0.0965,False,0,,isaac_live_final_20260708,,selected_baseline_live,,,,,,,False,hospital_goal_C,0.9111,True,0.3831,-0.0965,0.2,-0.0965,True,armed,False,
livefinal_low_curvature_20260708_180949,657,20.666668,1783530597.272733,0.457941,-0.457748,-0.0,2.355432,0.2,-0.0861,0.199811,0.004968,camera_link,20.666668,gnm_closed_loop,,nominal,,True,ok,checkpoints/ablation_mnv2_baseline/best.pt,5.26,0.4196,-0.0861,0.1049,-0.0023,0.346,,,gnm_closed_loop,0.2,-0.0861,False,0,,isaac_live_final_20260708,,selected_baseline_live,,,,,,,False,hospital_goal_C,0.9081,True,0.4196,-0.0861,0.2,-0.0861,True,armed,False,
livefinal_low_curvature_20260708_180949,658,20.683334,1783530597.275309,0.455593,-0.455395,-0.0,2.355429,0.2,-0.0861,0.199811,0.004968,camera_link,20.683334,gnm_closed_loop,,nominal,,True,ok,checkpoints/ablation_mnv2_baseline/best.pt,5.26,0.4196,-0.0861,0.1049,-0.0023,0.346,,,gnm_closed_loop,0.2,-0.0861,False,0,,isaac_live_final_20260708,,selected_baseline_live,,,,,,,False,hospital_goal_C,0.9052,True,0.4196,-0.0861,0.2,-0.0861,True,armed,False,
livefinal_low_curvature_20260708_180949,659,20.700001,1783530597.278245,0.453244,-0.453043,-0.0,2.355426,0.2,-0.0861,0.199811,0.004968,camera_link,20.700001,gnm_closed_loop,,nominal,,True,ok,checkpoints/ablation_mnv2_baseline/best.pt,5.26,0.4196,-0.0861,0.1049,-0.0023,0.346,,,gnm_closed_loop,0.2,-0.0861,False,0,,isaac_live_final_20260708,,selected_baseline_live,,,,,,,False,hospital_goal_C,0.9022,True,0.4196,-0.0861,0.2,-0.0861,True,armed,False,
livefinal_low_curvature_20260708_180949,660,20.716668,1783530597.293798,0.450895,-0.450691,-0.0,2.355423,0.2,-0.1005,0.199783,0.004351,camera_link,20.716668,gnm_closed_loop,,nominal,,True,ok,checkpoints/ablation_mnv2_baseline/best.pt,4.94,0.4028,-0.1005,0.1007,-0.0025,0.3434,,,gnm_closed_loop,0.2,-0.1005,False,0,,isaac_live_final_20260708,,selected_baseline_live,,,,,,,False,hospital_goal_C,0.8992,True,0.4028,-0.1005,0.2,-0.1005,True,armed,False,
livefinal_low_curvature_20260708_180949,661,20.733334,1783530597.29643,0.448547,-0.448339,-0.0,2.35542,0.2,-0.1005,0.199783,0.004351,camera_link,20.733334,gnm_closed_loop,,nominal,,True,ok,checkpoints/ablation_mnv2_baseline/best.pt,4.94,0.4028,-0.1005,0.1007,-0.0025,0.3434,,,gnm_closed_loop,0.2,-0.1005,False,0,,isaac_live_final_20260708,,selected_baseline_live,,,,,,,False,hospital_goal_C,0.8962,True,0.4028,-0.1005,0.2,-0.1005,True,armed,False,
livefinal_low_curvature_20260708_180949,662,20.750001,1783530597.298397,0.446198,-0.445987,-0.0,2.355416,0.2,-0.1005,0.199783,0.004351,camera_link,20.750001,gnm_closed_loop,,nominal,,True,ok,checkpoints/ablation_mnv2_baseline/best.pt,4.94,0.4028,-0.1005,0.1007,-0.0025,0.3434,,,gnm_closed_loop,0.2,-0.1005,False,0,,isaac_live_final_20260708,,selected_baseline_live,,,,,,,False,hospital_goal_C,0.8932,True,0.4028,-0.1005,0.2,-0.1005,True,armed,False,
livefinal_low_curvature_20260708_180949,663,20.766668,1783530597.317035,0.44385,-0.443635,-0.0,2.355413,0.2,-0.1105,0.199805,0.004567,camera_link,20.766668,gnm_closed_loop,,nominal,,True,ok,checkpoints/ablation_mnv2_baseline/best.pt,5.32,0.3829,-0.1105,0.0957,-0.0026,0.3444,,,gnm_closed_loop,0.2,-0.1105,False,0,,isaac_live_final_20260708,,selected_baseline_live,,,,,,,False,hospital_goal_C,0.8902,True,0.3829,-0.1105,0.2,-0.1105,True,armed,False,
livefinal_low_curvature_20260708_180949,664,20.783334,1783530597.32017,0.441501,-0.441283,-0.0,2.355409,0.2,-0.1105,0.199805,0.004567,camera_link,20.783334,gnm_closed_loop,,nominal,,True,ok,checkpoints/ablation_mnv2_baseline/best.pt,5.32,0.3829,-0.1105,0.0957,-0.0026,0.3444,,,gnm_closed_loop,0.2,-0.1105,False,0,,isaac_live_final_20260708,,selected_baseline_live,,,,,,,False,hospital_goal_C,0.8873,True,0.3829,-0.1105,0.2,-0.1105,True,armed,False,
livefinal_low_curvature_20260708_180949,665,20.800001,1783530597.322368,0.439153,-0.438931,-0.0,2.355405,0.2,-0.1105,0.199805,0.004567,camera_link,20.800001,gnm_closed_loop,,nominal,,True,ok,checkpoints/ablation_mnv2_baseline/best.pt,5.32,0.3829,-0.1105,0.0957,-0.0026,0.3444,,,gnm_closed_loop,0.2,-0.1105,False,0,,isaac_live_final_20260708,,selected_baseline_live,,,,,,,False,hospital_goal_C,0.8843,True,0.3829,-0.1105,0.2,-0.1105,True,armed,False,
livefinal_low_curvature_20260708_180949,666,20.816668,1783530597.34303,0.436804,-0.436579,-0.0,2.355401,0.2,-0.1002,0.19978,0.005505,camera_link,20.816668,gnm_closed_loop,,nominal,,True,ok,checkpoints/ablation_mnv2_baseline/best.pt,6.15,0.3733,-0.1002,0.0933,-0.0023,0.3493,,,gnm_closed_loop,0.2,-0.1002,False,0,,isaac_live_final_20260708,,selected_baseline_live,,,,,,,False,hospital_goal_C,0.8813,True,0.3733,-0.1002,0.2,-0.1002,True,armed,False,
livefinal_low_curvature_20260708_180949,667,20.833334,1783530597.345779,0.434456,-0.434227,-0.0,2.355397,0.2,-0.1002,0.19978,0.005505,camera_link,20.833334,gnm_closed_loop,,nominal,,True,ok,checkpoints/ablation_mnv2_baseline/best.pt,6.15,0.3733,-0.1002,0.0933,-0.0023,0.3493,,,gnm_closed_loop,0.2,-0.1002,False,0,,isaac_live_final_20260708,,selected_baseline_live,,,,,,,False,hospital_goal_C,0.8784,True,0.3733,-0.1002,0.2,-0.1002,True,armed,False,
livefinal_low_curvature_20260708_180949,668,20.850001,1783530597.34778,0.432107,-0.431875,-0.0,2.355394,0.2,-0.1002,0.19978,0.005505,camera_link,20.850001,gnm_closed_loop,,nominal,,True,ok,checkpoints/ablation_mnv2_baseline/best.pt,6.15,0.3733,-0.1002,0.0933,-0.0023,0.3493,,,gnm_closed_loop,0.2,-0.1002,False,0,,isaac_live_final_20260708,,selected_baseline_live,,,,,,,False,hospital_goal_C,0.8754,True,0.3733,-0.1002,0.2,-0.1002,True,armed,False,
livefinal_low_curvature_20260708_180949,669,20.866668,1783530597.366352,0.429759,-0.429522,-0.0,2.35539,0.2,-0.0901,0.199813,0.005095,camera_link,20.866668,gnm_closed_loop,,nominal,,True,ok,checkpoints/ablation_mnv2_baseline/best.pt,5.71,0.3737,-0.0901,0.0934,-0.0021,0.3457,,,gnm_closed_loop,0.2,-0.0901,False,0,,isaac_live_final_20260708,,selected_baseline_live,,,,,,,False,hospital_goal_C,0.8724,True,0.3737,-0.0901,0.2,-0.0901,True,armed,False,
livefinal_low_curvature_20260708_180949,670,20.883334,1783530597.368592,0.42741,-0.42717,-0.0,2.355387,0.2,-0.0901,0.199813,0.005095,camera_link,20.883334,gnm_closed_loop,,nominal,,True,ok,checkpoints/ablation_mnv2_baseline/best.pt,5.71,0.3737,-0.0901,0.0934,-0.0021,0.3457,,,gnm_closed_loop,0.2,-0.0901,False,0,,isaac_live_final_20260708,,selected_baseline_live,,,,,,,False,hospital_goal_C,0.8695,True,0.3737,-0.0901,0.2,-0.0901,True,armed,False,
livefinal_low_curvature_20260708_180949,671,20.900001,1783530597.370553,0.425062,-0.424818,-0.0,2.355384,0.2,-0.0901,0.199813,0.005095,camera_link,20.900001,gnm_closed_loop,,nominal,,True,ok,checkpoints/ablation_mnv2_baseline/best.pt,5.71,0.3737,-0.0901,0.0934,-0.0021,0.3457,,,gnm_closed_loop,0.2,-0.0901,False,0,,isaac_live_final_20260708,,selected_baseline_live,,,,,,,False,hospital_goal_C,0.8665,True,0.3737,-0.0901,0.2,-0.0901,True,armed,False,
livefinal_low_curvature_20260708_180949,672,20.916668,1783530597.390677,0.422713,-0.422466,-0.0,2.355381,0.2,-0.0896,0.199817,0.005241,camera_link,20.916668,gnm_closed_loop,,nominal,,True,ok,checkpoints/ablation_mnv2_baseline/best.pt,5.27,0.3974,-0.0896,0.0994,-0.0022,0.3458,,,gnm_closed_loop,0.2,-0.0896,False,0,,isaac_live_final_20260708,,selected_baseline_live,,,,,,,False,hospital_goal_C,0.8636,True,0.3974,-0.0896,0.2,-0.0896,True,armed,False,
livefinal_low_curvature_20260708_180949,673,20.933334,1783530597.393006,0.420365,-0.420114,-0.0,2.355377,0.2,-0.0896,0.199817,0.005241,camera_link,20.933334,gnm_closed_loop,,nominal,,True,ok,checkpoints/ablation_mnv2_baseline/best.pt,5.27,0.3974,-0.0896,0.0994,-0.0022,0.3458,,,gnm_closed_loop,0.2,-0.0896,False,0,,isaac_live_final_20260708,,selected_baseline_live,,,,,,,False,hospital_goal_C,0.8606,True,0.3974,-0.0896,0.2,-0.0896,True,armed,False,
livefinal_low_curvature_20260708_180949,674,20.950001,1783530597.394903,0.418016,-0.417762,-0.0,2.355374,0.2,-0.0896,0.199817,0.005241,camera_link,20.950001,gnm_closed_loop,,nominal,,True,ok,checkpoints/ablation_mnv2_baseline/best.pt,5.27,0.3974,-0.0896,0.0994,-0.0022,0.3458,,,gnm_closed_loop,0.2,-0.0896,False,0,,isaac_live_final_20260708,,selected_baseline_live,,,,,,,False,hospital_goal_C,0.8577,True,0.3974,-0.0896,0.2,-0.0896,True,armed,False,
livefinal_low_curvature_20260708_180949,675,20.966668,1783530597.410999,0.415668,-0.41541,-0.0,2.35537,0.2,-0.0982,0.199804,0.004602,camera_link,20.966668,gnm_closed_loop,,nominal,,True,ok,checkpoints/ablation_mnv2_baseline/best.pt,4.44,0.3979,-0.0982,0.0995,-0.0024,0.3479,,,gnm_closed_loop,0.2,-0.0982,False,0,,isaac_live_final_20260708,,selected_baseline_live,,,,,,,False,hospital_goal_C,0.8547,True,0.3979,-0.0982,0.2,-0.0982,True,armed,False,
livefinal_low_curvature_20260708_180949,676,20.983334,1783530597.413403,0.413319,-0.413057,-0.0,2.355367,0.2,-0.0982,0.199804,0.004602,camera_link,20.983334,gnm_closed_loop,,nominal,,True,ok,checkpoints/ablation_mnv2_baseline/best.pt,4.44,0.3979,-0.0982,0.0995,-0.0024,0.3479,,,gnm_closed_loop,0.2,-0.0982,False,0,,isaac_live_final_20260708,,selected_baseline_live,,,,,,,False,hospital_goal_C,0.8518,True,0.3979,-0.0982,0.2,-0.0982,True,armed,False,
livefinal_low_curvature_20260708_180949,677,21.000001,1783530597.415289,0.410971,-0.410705,-0.0,2.355363,0.2,-0.0982,0.199804,0.004602,camera_link,21.000001,gnm_closed_loop,,nominal,,True,ok,checkpoints/ablation_mnv2_baseline/best.pt,4.44,0.3979,-0.0982,0.0995,-0.0024,0.3479,,,gnm_closed_loop,0.2,-0.0982,False,0,,isaac_live_final_20260708,,selected_baseline_live,,,,,,,False,hospital_goal_C,0.8488,True,0.3979,-0.0982,0.2,-0.0982,True,armed,False,
livefinal_low_curvature_20260708_180949,678,21.016668,1783530597.432588,0.408623,-0.408353,-0.0,2.355359,0.2,-0.1083,0.1998,0.004559,camera_link,21.016668,gnm_closed_loop,,nominal,,True,ok,checkpoints/ablation_mnv2_baseline/best.pt,4.81,0.3734,-0.1083,0.0934,-0.0025,0.3447,,,gnm_closed_loop,0.2,-0.1083,False,0,,isaac_live_final_20260708,,selected_baseline_live,,,,,,,False,hospital_goal_C,0.8459,True,0.3734,-0.1083,0.2,-0.1083,True,armed,False,
livefinal_low_curvature_20260708_180949,679,21.033334,1783530597.43496,0.406274,-0.406001,-0.0,2.355355,0.2,-0.1083,0.1998,0.004559,camera_link,21.033334,gnm_closed_loop,,nominal,,True,ok,checkpoints/ablation_mnv2_baseline/best.pt,4.81,0.3734,-0.1083,0.0934,-0.0025,0.3447,,,gnm_closed_loop,0.2,-0.1083,False,0,,isaac_live_final_20260708,,selected_baseline_live,,,,,,,False,hospital_goal_C,0.843,True,0.3734,-0.1083,0.2,-0.1083,True,armed,False,
livefinal_low_curvature_20260708_180949,680,21.050001,1783530597.436914,0.403926,-0.403649,-0.0,2.355351,0.2,-0.1083,0.1998,0.004559,camera_link,21.050001,gnm_closed_loop,,nominal,,True,ok,checkpoints/ablation_mnv2_baseline/best.pt,4.81,0.3734,-0.1083,0.0934,-0.0025,0.3447,,,gnm_closed_loop,0.2,-0.1083,False,0,,isaac_live_final_20260708,,selected_baseline_live,,,,,,,False,hospital_goal_C,0.84,True,0.3734,-0.1083,0.2,-0.1083,True,armed,False,
livefinal_low_curvature_20260708_180949,681,21.066668,1783530597.452756,0.401578,-0.401297,-0.0,2.355347,0.2,-0.0896,0.199781,0.005314,camera_link,21.066668,gnm_closed_loop,,nominal,,True,ok,checkpoints/ablation_mnv2_baseline/best.pt,5.24,0.4644,-0.0896,0.1161,-0.0026,0.3521,,,gnm_closed_loop,0.2,-0.0896,False,0,,isaac_live_final_20260708,,selected_baseline_live,,,,,,,False,hospital_goal_C,0.8371,True,0.4644,-0.0896,0.2,-0.0896,True,armed,False,
livefinal_low_curvature_20260708_180949,682,21.083334,1783530597.455597,0.399229,-0.398945,-0.0,2.355344,0.2,-0.0896,0.199781,0.005314,camera_link,21.083334,gnm_closed_loop,,nominal,,True,ok,checkpoints/ablation_mnv2_baseline/best.pt,5.24,0.4644,-0.0896,0.1161,-0.0026,0.3521,,,gnm_closed_loop,0.2,-0.0896,False,0,,isaac_live_final_20260708,,selected_baseline_live,,,,,,,False,hospital_goal_C,0.8342,True,0.4644,-0.0896,0.2,-0.0896,True,armed,False,
livefinal_low_curvature_20260708_180949,683,21.100001,1783530597.458408,0.396881,-0.396592,-0.0,2.355341,0.2,-0.0896,0.199781,0.005314,camera_link,21.100001,gnm_closed_loop,,nominal,,True,ok,checkpoints/ablation_mnv2_baseline/best.pt,5.24,0.4644,-0.0896,0.1161,-0.0026,0.3521,,,gnm_closed_loop,0.2,-0.0896,False,0,,isaac_live_final_20260708,,selected_baseline_live,,,,,,,False,hospital_goal_C,0.8313,True,0.4644,-0.0896,0.2,-0.0896,True,armed,False,
livefinal_low_curvature_20260708_180949,684,21.116668,1783530597.478105,0.394533,-0.39424,-0.0,2.355338,0.2,-0.0973,0.199803,0.004489,camera_link,21.116668,gnm_closed_loop,,nominal,,True,ok,checkpoints/ablation_mnv2_baseline/best.pt,5.72,0.4261,-0.0973,0.1065,-0.0026,0.3473,,,gnm_closed_loop,0.2,-0.0973,False,0,,isaac_live_final_20260708,,selected_baseline_live,,,,,,,False,hospital_goal_C,0.8283,True,0.4261,-0.0973,0.2,-0.0973,True,armed,False,
livefinal_low_curvature_20260708_180949,685,21.133334,1783530597.480356,0.392184,-0.391888,-0.0,2.355334,0.2,-0.0973,0.199803,0.004489,camera_link,21.133334,gnm_closed_loop,,nominal,,True,ok,checkpoints/ablation_mnv2_baseline/best.pt,5.72,0.4261,-0.0973,0.1065,-0.0026,0.3473,,,gnm_closed_loop,0.2,-0.0973,False,0,,isaac_live_final_20260708,,selected_baseline_live,,,,,,,False,hospital_goal_C,0.8254,True,0.4261,-0.0973,0.2,-0.0973,True,armed,False,
livefinal_low_curvature_20260708_180949,686,21.150001,1783530597.482361,0.389836,-0.389536,-0.0,2.355331,0.2,-0.0973,0.199803,0.004489,camera_link,21.150001,gnm_closed_loop,,nominal,,True,ok,checkpoints/ablation_mnv2_baseline/best.pt,5.72,0.4261,-0.0973,0.1065,-0.0026,0.3473,,,gnm_closed_loop,0.2,-0.0973,False,0,,isaac_live_final_20260708,,selected_baseline_live,,,,,,,False,hospital_goal_C,0.8225,True,0.4261,-0.0973,0.2,-0.0973,True,armed,False,
livefinal_low_curvature_20260708_180949,687,21.166668,1783530597.50024,0.387488,-0.387183,-0.0,2.355327,0.2,-0.0925,0.199796,0.00445,camera_link,21.166668,gnm_closed_loop,,nominal,,True,ok,checkpoints/ablation_mnv2_baseline/best.pt,5.08,0.4235,-0.0925,0.1059,-0.0024,0.3452,,,gnm_closed_loop,0.2,-0.0925,False,0,,isaac_live_final_20260708,,selected_baseline_live,,,,,,,False,hospital_goal_C,0.8196,True,0.4235,-0.0925,0.2,-0.0925,True,armed,False,
livefinal_low_curvature_20260708_180949,688,21.183334,1783530597.502601,0.385139,-0.384831,-0.0,2.355324,0.2,-0.0925,0.199796,0.00445,camera_link,21.183334,gnm_closed_loop,,nominal,,True,ok,checkpoints/ablation_mnv2_baseline/best.pt,5.08,0.4235,-0.0925,0.1059,-0.0024,0.3452,,,gnm_closed_loop,0.2,-0.0925,False,0,,isaac_live_final_20260708,,selected_baseline_live,,,,,,,False,hospital_goal_C,0.8167,True,0.4235,-0.0925,0.2,-0.0925,True,armed,False,
livefinal_low_curvature_20260708_180949,689,21.200001,1783530597.505697,0.382791,-0.382479,-0.0,2.355321,0.2,-0.0925,0.199796,0.00445,camera_link,21.200001,gnm_closed_loop,,nominal,,True,ok,checkpoints/ablation_mnv2_baseline/best.pt,5.08,0.4235,-0.0925,0.1059,-0.0024,0.3452,,,gnm_closed_loop,0.2,-0.0925,False,0,,isaac_live_final_20260708,,selected_baseline_live,,,,,,,False,hospital_goal_C,0.8138,True,0.4235,-0.0925,0.2,-0.0925,True,armed,False,
livefinal_low_curvature_20260708_180949,690,21.216668,1783530597.52228,0.380443,-0.380127,-0.0,2.355318,0.2,-0.1029,0.199807,0.004003,camera_link,21.216668,gnm_closed_loop,,nominal,,True,ok,checkpoints/ablation_mnv2_baseline/best.pt,5.03,0.411,-0.1029,0.1027,-0.0026,0.344,,,gnm_closed_loop,0.2,-0.1029,False,0,,isaac_live_final_20260708,,selected_baseline_live,,,,,,,False,hospital_goal_C,0.8109,True,0.411,-0.1029,0.2,-0.1029,True,armed,False,
livefinal_low_curvature_20260708_180949,691,21.233334,1783530597.524909,0.378095,-0.377774,-0.0,2.355314,0.2,-0.1029,0.199807,0.004003,camera_link,21.233334,gnm_closed_loop,,nominal,,True,ok,checkpoints/ablation_mnv2_baseline/best.pt,5.03,0.411,-0.1029,0.1027,-0.0026,0.344,,,gnm_closed_loop,0.2,-0.1029,False,0,,isaac_live_final_20260708,,selected_baseline_live,,,,,,,False,hospital_goal_C,0.808,True,0.411,-0.1029,0.2,-0.1029,True,armed,False,
livefinal_low_curvature_20260708_180949,692,21.250001,1783530597.526913,0.375747,-0.375422,-0.0,2.355311,0.2,-0.1029,0.199807,0.004003,camera_link,21.250001,gnm_closed_loop,,nominal,,True,ok,checkpoints/ablation_mnv2_baseline/best.pt,5.03,0.411,-0.1029,0.1027,-0.0026,0.344,,,gnm_closed_loop,0.2,-0.1029,False,0,,isaac_live_final_20260708,,selected_baseline_live,,,,,,,False,hospital_goal_C,0.8051,True,0.411,-0.1029,0.2,-0.1029,True,armed,False,
livefinal_low_curvature_20260708_180949,693,21.266668,1783530597.5462,0.373398,-0.37307,-0.0,2.355307,0.2,-0.0919,0.199802,0.005486,camera_link,21.266668,gnm_closed_loop,,nominal,,True,ok,checkpoints/ablation_mnv2_baseline/best.pt,5.14,0.4305,-0.0919,0.1076,-0.0025,0.3476,,,gnm_closed_loop,0.2,-0.0919,False,0,,isaac_live_final_20260708,,selected_baseline_live,,,,,,,False,hospital_goal_C,0.8022,True,0.4305,-0.0919,0.2,-0.0919,True,armed,False,
livefinal_low_curvature_20260708_180949,694,21.283334,1783530597.548452,0.37105,-0.370718,-0.0,2.355303,0.2,-0.0919,0.199802,0.005486,camera_link,21.283334,gnm_closed_loop,,nominal,,True,ok,checkpoints/ablation_mnv2_baseline/best.pt,5.14,0.4305,-0.0919,0.1076,-0.0025,0.3476,,,gnm_closed_loop,0.2,-0.0919,False,0,,isaac_live_final_20260708,,selected_baseline_live,,,,,,,False,hospital_goal_C,0.7993,True,0.4305,-0.0919,0.2,-0.0919,True,armed,False,
livefinal_low_curvature_20260708_180949,695,21.300001,1783530597.550538,0.368702,-0.368365,-0.0,2.3553,0.2,-0.0919,0.199802,0.005486,camera_link,21.300001,gnm_closed_loop,,nominal,,True,ok,checkpoints/ablation_mnv2_baseline/best.pt,5.14,0.4305,-0.0919,0.1076,-0.0025,0.3476,,,gnm_closed_loop,0.2,-0.0919,False,0,,isaac_live_final_20260708,,selected_baseline_live,,,,,,,False,hospital_goal_C,0.7964,True,0.4305,-0.0919,0.2,-0.0919,True,armed,False,
livefinal_low_curvature_20260708_180949,696,21.316668,1783530597.568236,0.366354,-0.366013,-0.0,2.355297,0.2,-0.0812,0.199795,0.003984,camera_link,21.316668,gnm_closed_loop,,nominal,,True,ok,checkpoints/ablation_mnv2_baseline/best.pt,4.52,0.4669,-0.0812,0.1167,-0.0024,0.3501,,,gnm_closed_loop,0.2,-0.0812,False,0,,isaac_live_final_20260708,,selected_baseline_live,,,,,,,False,hospital_goal_C,0.7936,True,0.4669,-0.0812,0.2,-0.0812,True,armed,False,
livefinal_low_curvature_20260708_180949,697,21.333334,1783530597.570616,0.364005,-0.36366,-0.0,2.355295,0.2,-0.0812,0.199795,0.003984,camera_link,21.333334,gnm_closed_loop,,nominal,,True,ok,checkpoints/ablation_mnv2_baseline/best.pt,4.52,0.4669,-0.0812,0.1167,-0.0024,0.3501,,,gnm_closed_loop,0.2,-0.0812,False,0,,isaac_live_final_20260708,,selected_baseline_live,,,,,,,False,hospital_goal_C,0.7907,True,0.4669,-0.0812,0.2,-0.0812,True,armed,False,
livefinal_low_curvature_20260708_180949,698,21.350001,1783530597.572645,0.361657,-0.361308,-0.0,2.355292,0.2,-0.0812,0.199795,0.003984,camera_link,21.350001,gnm_closed_loop,,nominal,,True,ok,checkpoints/ablation_mnv2_baseline/best.pt,4.52,0.4669,-0.0812,0.1167,-0.0024,0.3501,,,gnm_closed_loop,0.2,-0.0812,False,0,,isaac_live_final_20260708,,selected_baseline_live,,,,,,,False,hospital_goal_C,0.7878,True,0.4669,-0.0812,0.2,-0.0812,True,armed,False,
livefinal_low_curvature_20260708_180949,699,21.366668,1783530597.590337,0.359309,-0.358956,-0.0,2.355289,0.2,-0.0778,0.199812,0.003921,camera_link,21.366668,gnm_closed_loop,,nominal,,True,ok,checkpoints/ablation_mnv2_baseline/best.pt,4.8,0.5527,-0.0778,0.1382,-0.0027,0.3569,,,gnm_closed_loop,0.2,-0.0778,False,0,,isaac_live_final_20260708,,selected_baseline_live,,,,,,,False,hospital_goal_C,0.7849,True,0.5527,-0.0778,0.2,-0.0778,True,armed,False,
livefinal_low_curvature_20260708_180949,700,21.383334,1783530597.592815,0.35696,-0.356603,-0.0,2.355286,0.2,-0.0778,0.199812,0.003921,camera_link,21.383334,gnm_closed_loop,,nominal,,True,ok,checkpoints/ablation_mnv2_baseline/best.pt,4.8,0.5527,-0.0778,0.1382,-0.0027,0.3569,,,gnm_closed_loop,0.2,-0.0778,False,0,,isaac_live_final_20260708,,selected_baseline_live,,,,,,,False,hospital_goal_C,0.7821,True,0.5527,-0.0778,0.2,-0.0778,True,armed,False,
livefinal_low_curvature_20260708_180949,701,21.400001,1783530597.595955,0.354612,-0.354251,-0.0,2.355283,0.2,-0.0778,0.199812,0.003921,camera_link,21.400001,gnm_closed_loop,,nominal,,True,ok,checkpoints/ablation_mnv2_baseline/best.pt,4.8,0.5527,-0.0778,0.1382,-0.0027,0.3569,,,gnm_closed_loop,0.2,-0.0778,False,0,,isaac_live_final_20260708,,selected_baseline_live,,,,,,,False,hospital_goal_C,0.7792,True,0.5527,-0.0778,0.2,-0.0778,True,armed,False,
livefinal_low_curvature_20260708_180949,702,21.416668,1783530597.618792,0.352264,-0.351898,-0.0,2.35528,0.2,-0.0752,0.199812,0.003756,camera_link,21.416668,gnm_closed_loop,,nominal,,True,ok,checkpoints/ablation_mnv2_baseline/best.pt,6.77,0.545,-0.0752,0.1362,-0.0026,0.3594,,,gnm_closed_loop,0.2,-0.0752,False,0,,isaac_live_final_20260708,,selected_baseline_live,,,,,,,False,hospital_goal_C,0.7764,True,0.545,-0.0752,0.2,-0.0752,True,armed,False,
livefinal_low_curvature_20260708_180949,703,21.433334,1783530597.622383,0.349916,-0.349546,-0.0,2.355278,0.2,-0.0752,0.199812,0.003756,camera_link,21.433334,gnm_closed_loop,,nominal,,True,ok,checkpoints/ablation_mnv2_baseline/best.pt,6.77,0.545,-0.0752,0.1362,-0.0026,0.3594,,,gnm_closed_loop,0.2,-0.0752,False,0,,isaac_live_final_20260708,,selected_baseline_live,,,,,,,False,hospital_goal_C,0.7735,True,0.545,-0.0752,0.2,-0.0752,True,armed,False,
livefinal_low_curvature_20260708_180949,704,21.450001,1783530597.625869,0.347567,-0.347193,-0.0,2.355275,0.2,-0.0752,0.199812,0.003756,camera_link,21.450001,gnm_closed_loop,,nominal,,True,ok,checkpoints/ablation_mnv2_baseline/best.pt,6.77,0.545,-0.0752,0.1362,-0.0026,0.3594,,,gnm_closed_loop,0.2,-0.0752,False,0,,isaac_live_final_20260708,,selected_baseline_live,,,,,,,False,hospital_goal_C,0.7706,True,0.545,-0.0752,0.2,-0.0752,True,armed,False,
livefinal_low_curvature_20260708_180949,705,21.466668,1783530597.644789,0.345219,-0.344841,-0.0,2.355272,0.2,-0.0767,0.19982,0.003784,camera_link,21.466668,gnm_closed_loop,,nominal,,True,ok,checkpoints/ablation_mnv2_baseline/best.pt,5.0,0.5374,-0.0767,0.1343,-0.0026,0.3535,,,gnm_closed_loop,0.2,-0.0767,False,0,,isaac_live_final_20260708,,selected_baseline_live,,,,,,,False,hospital_goal_C,0.7678,True,0.5374,-0.0767,0.2,-0.0767,True,armed,False,
livefinal_low_curvature_20260708_180949,706,21.483334,1783530597.647983,0.34287,-0.342488,-0.0,2.355269,0.2,-0.0767,0.19982,0.003784,camera_link,21.483334,gnm_closed_loop,,nominal,,True,ok,checkpoints/ablation_mnv2_baseline/best.pt,5.0,0.5374,-0.0767,0.1343,-0.0026,0.3535,,,gnm_closed_loop,0.2,-0.0767,False,0,,isaac_live_final_20260708,,selected_baseline_live,,,,,,,False,hospital_goal_C,0.765,True,0.5374,-0.0767,0.2,-0.0767,True,armed,False,
livefinal_low_curvature_20260708_180949,707,21.500001,1783530597.650561,0.340522,-0.340135,-0.0,2.355267,0.2,-0.0767,0.19982,0.003784,camera_link,21.500001,gnm_closed_loop,,nominal,,True,ok,checkpoints/ablation_mnv2_baseline/best.pt,5.0,0.5374,-0.0767,0.1343,-0.0026,0.3535,,,gnm_closed_loop,0.2,-0.0767,False,0,,isaac_live_final_20260708,,selected_baseline_live,,,,,,,False,hospital_goal_C,0.7621,True,0.5374,-0.0767,0.2,-0.0767,True,armed,False,
livefinal_low_curvature_20260708_180949,708,21.516668,1783530597.672979,0.338174,-0.337783,-0.0,2.355264,0.2,-0.0828,0.199817,0.003774,camera_link,21.516668,gnm_closed_loop,,nominal,,True,ok,checkpoints/ablation_mnv2_baseline/best.pt,6.03,0.5097,-0.0828,0.1274,-0.0026,0.3543,,,gnm_closed_loop,0.2,-0.0828,False,0,,isaac_live_final_20260708,,selected_baseline_live,,,,,,,False,hospital_goal_C,0.7593,True,0.5097,-0.0828,0.2,-0.0828,True,armed,False,
livefinal_low_curvature_20260708_180949,709,21.533334,1783530597.675501,0.335826,-0.33543,0.0,2.355261,0.2,-0.0828,0.199817,0.003774,camera_link,21.533334,gnm_closed_loop,,nominal,,True,ok,checkpoints/ablation_mnv2_baseline/best.pt,6.03,0.5097,-0.0828,0.1274,-0.0026,0.3543,,,gnm_closed_loop,0.2,-0.0828,False,0,,isaac_live_final_20260708,,selected_baseline_live,,,,,,,False,hospital_goal_C,0.7564,True,0.5097,-0.0828,0.2,-0.0828,True,armed,False,
livefinal_low_curvature_20260708_180949,710,21.550001,1783530597.677491,0.333477,-0.333078,-0.0,2.355258,0.2,-0.0828,0.199817,0.003774,camera_link,21.550001,gnm_closed_loop,,nominal,,True,ok,checkpoints/ablation_mnv2_baseline/best.pt,6.03,0.5097,-0.0828,0.1274,-0.0026,0.3543,,,gnm_closed_loop,0.2,-0.0828,False,0,,isaac_live_final_20260708,,selected_baseline_live,,,,,,,False,hospital_goal_C,0.7536,True,0.5097,-0.0828,0.2,-0.0828,True,armed,False,
livefinal_low_curvature_20260708_180949,711,21.566668,1783530597.695266,0.331129,-0.330726,-0.0,2.355255,0.2,-0.0976,0.199807,0.004125,camera_link,21.566668,gnm_closed_loop,,nominal,,True,ok,checkpoints/ablation_mnv2_baseline/best.pt,4.43,0.5013,-0.0976,0.1253,-0.0031,0.3531,,,gnm_closed_loop,0.2,-0.0976,False,0,,isaac_live_final_20260708,,selected_baseline_live,,,,,,,False,hospital_goal_C,0.7508,True,0.5013,-0.0976,0.2,-0.0976,True,armed,False,
livefinal_low_curvature_20260708_180949,712,21.583334,1783530597.697844,0.328781,-0.328373,-0.0,2.355252,0.2,-0.0976,0.199807,0.004125,camera_link,21.583334,gnm_closed_loop,,nominal,,True,ok,checkpoints/ablation_mnv2_baseline/best.pt,4.43,0.5013,-0.0976,0.1253,-0.0031,0.3531,,,gnm_closed_loop,0.2,-0.0976,False,0,,isaac_live_final_20260708,,selected_baseline_live,,,,,,,False,hospital_goal_C,0.748,True,0.5013,-0.0976,0.2,-0.0976,True,armed,False,
livefinal_low_curvature_20260708_180949,713,21.600001,1783530597.700607,0.326433,-0.326021,-0.0,2.355249,0.2,-0.0976,0.199807,0.004125,camera_link,21.600001,gnm_closed_loop,,nominal,,True,ok,checkpoints/ablation_mnv2_baseline/best.pt,4.43,0.5013,-0.0976,0.1253,-0.0031,0.3531,,,gnm_closed_loop,0.2,-0.0976,False,0,,isaac_live_final_20260708,,selected_baseline_live,,,,,,,False,hospital_goal_C,0.7452,True,0.5013,-0.0976,0.2,-0.0976,True,armed,False,
livefinal_low_curvature_20260708_180949,714,21.616668,1783530597.718513,0.324085,-0.323668,-0.0,2.355245,0.2,-0.0933,0.199777,0.005041,camera_link,21.616668,gnm_closed_loop,,nominal,,True,ok,checkpoints/ablation_mnv2_baseline/best.pt,4.88,0.4739,-0.0933,0.1185,-0.0028,0.3493,,,gnm_closed_loop,0.2,-0.0933,False,0,,isaac_live_final_20260708,,selected_baseline_live,,,,,,,False,hospital_goal_C,0.7424,True,0.4739,-0.0933,0.2,-0.0933,True,armed,False,
livefinal_low_curvature_20260708_180949,715,21.633334,1783530597.72102,0.321736,-0.321316,-0.0,2.355242,0.2,-0.0933,0.199777,0.005041,camera_link,21.633334,gnm_closed_loop,,nominal,,True,ok,checkpoints/ablation_mnv2_baseline/best.pt,4.88,0.4739,-0.0933,0.1185,-0.0028,0.3493,,,gnm_closed_loop,0.2,-0.0933,False,0,,isaac_live_final_20260708,,selected_baseline_live,,,,,,,False,hospital_goal_C,0.7395,True,0.4739,-0.0933,0.2,-0.0933,True,armed,False,
livefinal_low_curvature_20260708_180949,716,21.650001,1783530597.722924,0.319388,-0.318963,-0.0,2.355238,0.2,-0.0933,0.199777,0.005041,camera_link,21.650001,gnm_closed_loop,,nominal,,True,ok,checkpoints/ablation_mnv2_baseline/best.pt,4.88,0.4739,-0.0933,0.1185,-0.0028,0.3493,,,gnm_closed_loop,0.2,-0.0933,False,0,,isaac_live_final_20260708,,selected_baseline_live,,,,,,,False,hospital_goal_C,0.7367,True,0.4739,-0.0933,0.2,-0.0933,True,armed,False,
livefinal_low_curvature_20260708_180949,717,21.666668,1783530597.739709,0.31704,-0.316611,-0.0,2.355235,0.2,-0.1089,0.199773,0.004447,camera_link,21.666668,gnm_closed_loop,,nominal,,True,ok,checkpoints/ablation_mnv2_baseline/best.pt,4.52,0.4556,-0.1089,0.1139,-0.0031,0.352,,,gnm_closed_loop,0.2,-0.1089,False,0,,isaac_live_final_20260708,,selected_baseline_live,,,,,,,False,hospital_goal_C,0.7339,True,0.4556,-0.1089,0.2,-0.1089,True,armed,False,
livefinal_low_curvature_20260708_180949,718,21.683334,1783530597.741891,0.314692,-0.314258,-0.0,2.355231,0.2,-0.1089,0.199773,0.004447,camera_link,21.683334,gnm_closed_loop,,nominal,,True,ok,checkpoints/ablation_mnv2_baseline/best.pt,4.52,0.4556,-0.1089,0.1139,-0.0031,0.352,,,gnm_closed_loop,0.2,-0.1089,False,0,,isaac_live_final_20260708,,selected_baseline_live,,,,,,,False,hospital_goal_C,0.7312,True,0.4556,-0.1089,0.2,-0.1089,True,armed,False,
livefinal_low_curvature_20260708_180949,719,21.700001,1783530597.74413,0.312344,-0.311906,-0.0,2.355227,0.2,-0.1089,0.199773,0.004447,camera_link,21.700001,gnm_closed_loop,,nominal,,True,ok,checkpoints/ablation_mnv2_baseline/best.pt,4.52,0.4556,-0.1089,0.1139,-0.0031,0.352,,,gnm_closed_loop,0.2,-0.1089,False,0,,isaac_live_final_20260708,,selected_baseline_live,,,,,,,False,hospital_goal_C,0.7284,True,0.4556,-0.1089,0.2,-0.1089,True,armed,False,
livefinal_low_curvature_20260708_180949,720,21.716668,1783530597.760953,0.309996,-0.309553,0.0,2.355223,0.2,-0.1203,0.199779,0.005314,camera_link,21.716668,gnm_closed_loop,,nominal,,True,ok,checkpoints/ablation_mnv2_baseline/best.pt,5.32,0.4087,-0.1203,0.1022,-0.0031,0.345,,,gnm_closed_loop,0.2,-0.1203,False,0,,isaac_live_final_20260708,,selected_baseline_live,,,,,,,False,hospital_goal_C,0.7256,True,0.4087,-0.1203,0.2,-0.1203,True,armed,False,
livefinal_low_curvature_20260708_180949,721,21.733334,1783530597.76355,0.307648,-0.307201,-0.0,2.355219,0.2,-0.1203,0.199779,0.005314,camera_link,21.733334,gnm_closed_loop,,nominal,,True,ok,checkpoints/ablation_mnv2_baseline/best.pt,5.32,0.4087,-0.1203,0.1022,-0.0031,0.345,,,gnm_closed_loop,0.2,-0.1203,False,0,,isaac_live_final_20260708,,selected_baseline_live,,,,,,,False,hospital_goal_C,0.7228,True,0.4087,-0.1203,0.2,-0.1203,True,armed,False,
livefinal_low_curvature_20260708_180949,722,21.750001,1783530597.766024,0.305299,-0.304848,0.0,2.355214,0.2,-0.1203,0.199779,0.005314,camera_link,21.750001,gnm_closed_loop,,nominal,,True,ok,checkpoints/ablation_mnv2_baseline/best.pt,5.32,0.4087,-0.1203,0.1022,-0.0031,0.345,,,gnm_closed_loop,0.2,-0.1203,False,0,,isaac_live_final_20260708,,selected_baseline_live,,,,,,,False,hospital_goal_C,0.72,True,0.4087,-0.1203,0.2,-0.1203,True,armed,False,
livefinal_low_curvature_20260708_180949,723,21.766668,1783530597.784655,0.302951,-0.302495,-0.0,2.355209,0.2,-0.1405,0.199748,0.006142,camera_link,21.766668,gnm_closed_loop,,nominal,,True,ok,checkpoints/ablation_mnv2_baseline/best.pt,4.65,0.3676,-0.1405,0.0919,-0.0032,0.342,,,gnm_closed_loop,0.2,-0.1405,False,0,,isaac_live_final_20260708,,selected_baseline_live,,,,,,,False,hospital_goal_C,0.7172,True,0.3676,-0.1405,0.2,-0.1405,True,armed,False,
livefinal_low_curvature_20260708_180949,724,21.783334,1783530597.78727,0.300602,-0.300142,0.0,2.355204,0.2,-0.1405,0.199748,0.006142,camera_link,21.783334,gnm_closed_loop,,nominal,,True,ok,checkpoints/ablation_mnv2_baseline/best.pt,4.65,0.3676,-0.1405,0.0919,-0.0032,0.342,,,gnm_closed_loop,0.2,-0.1405,False,0,,isaac_live_final_20260708,,selected_baseline_live,,,,,,,False,hospital_goal_C,0.7145,True,0.3676,-0.1405,0.2,-0.1405,True,armed,False,
livefinal_low_curvature_20260708_180949,725,21.800001,1783530597.78927,0.298254,-0.297789,0.0,2.355198,0.2,-0.1405,0.199748,0.006142,camera_link,21.800001,gnm_closed_loop,,nominal,,True,ok,checkpoints/ablation_mnv2_baseline/best.pt,4.65,0.3676,-0.1405,0.0919,-0.0032,0.342,,,gnm_closed_loop,0.2,-0.1405,False,0,,isaac_live_final_20260708,,selected_baseline_live,,,,,,,False,hospital_goal_C,0.7117,True,0.3676,-0.1405,0.2,-0.1405,True,armed,False,
livefinal_low_curvature_20260708_180949,726,21.816668,1783530597.80676,0.295906,-0.295436,-0.0,2.355193,0.2,-0.1551,0.199745,0.007071,camera_link,21.816668,gnm_closed_loop,,nominal,,True,ok,checkpoints/ablation_mnv2_baseline/best.pt,4.88,0.3466,-0.1551,0.0866,-0.0034,0.3435,,,gnm_closed_loop,0.2,-0.1551,False,0,,isaac_live_final_20260708,,selected_baseline_live,,,,,,,False,hospital_goal_C,0.709,True,0.3466,-0.1551,0.2,-0.1551,True,armed,False,
livefinal_low_curvature_20260708_180949,727,21.833334,1783530597.810182,0.293557,-0.293083,-0.0,2.355187,0.2,-0.1551,0.199745,0.007071,camera_link,21.833334,gnm_closed_loop,,nominal,,True,ok,checkpoints/ablation_mnv2_baseline/best.pt,4.88,0.3466,-0.1551,0.0866,-0.0034,0.3435,,,gnm_closed_loop,0.2,-0.1551,False,0,,isaac_live_final_20260708,,selected_baseline_live,,,,,,,False,hospital_goal_C,0.7062,True,0.3466,-0.1551,0.2,-0.1551,True,armed,False,
livefinal_low_curvature_20260708_180949,728,21.850001,1783530597.812167,0.291209,-0.290731,0.0,2.355181,0.2,-0.1551,0.199745,0.007071,camera_link,21.850001,gnm_closed_loop,,nominal,,True,ok,checkpoints/ablation_mnv2_baseline/best.pt,4.88,0.3466,-0.1551,0.0866,-0.0034,0.3435,,,gnm_closed_loop,0.2,-0.1551,False,0,,isaac_live_final_20260708,,selected_baseline_live,,,,,,,False,hospital_goal_C,0.7035,True,0.3466,-0.1551,0.2,-0.1551,True,armed,False,
livefinal_low_curvature_20260708_180949,729,21.866668,1783530597.828419,0.288861,-0.288378,-0.0,2.355175,0.2,-0.1376,0.199683,0.008375,camera_link,21.866668,gnm_closed_loop,,nominal,,True,ok,checkpoints/ablation_mnv2_baseline/best.pt,4.53,0.38,-0.1376,0.095,-0.0033,0.3472,,,gnm_closed_loop,0.2,-0.1376,False,0,,isaac_live_final_20260708,,selected_baseline_live,,,,,,,False,hospital_goal_C,0.7007,True,0.38,-0.1376,0.2,-0.1376,True,armed,False,
livefinal_low_curvature_20260708_180949,730,21.883334,1783530597.831986,0.286513,-0.286025,-0.0,2.35517,0.2,-0.1376,0.199683,0.008375,camera_link,21.883334,gnm_closed_loop,,nominal,,True,ok,checkpoints/ablation_mnv2_baseline/best.pt,4.53,0.38,-0.1376,0.095,-0.0033,0.3472,,,gnm_closed_loop,0.2,-0.1376,False,0,,isaac_live_final_20260708,,selected_baseline_live,,,,,,,False,hospital_goal_C,0.698,True,0.38,-0.1376,0.2,-0.1376,True,armed,False,
livefinal_low_curvature_20260708_180949,731,21.900001,1783530597.833988,0.284165,-0.283673,-0.0,2.355164,0.2,-0.1376,0.199683,0.008375,camera_link,21.900001,gnm_closed_loop,,nominal,,True,ok,checkpoints/ablation_mnv2_baseline/best.pt,4.53,0.38,-0.1376,0.095,-0.0033,0.3472,,,gnm_closed_loop,0.2,-0.1376,False,0,,isaac_live_final_20260708,,selected_baseline_live,,,,,,,False,hospital_goal_C,0.6953,True,0.38,-0.1376,0.2,-0.1376,True,armed,False,
livefinal_low_curvature_20260708_180949,732,21.916668,1783530597.853433,0.281817,-0.28132,-0.0,2.35516,0.2,-0.1225,0.199767,0.006543,camera_link,21.916668,gnm_closed_loop,,nominal,,True,ok,checkpoints/ablation_mnv2_baseline/best.pt,4.91,0.4078,-0.1225,0.1019,-0.0031,0.3503,,,gnm_closed_loop,0.2,-0.1225,False,0,,isaac_live_final_20260708,,selected_baseline_live,,,,,,,False,hospital_goal_C,0.6925,True,0.4078,-0.1225,0.2,-0.1225,True,armed,False,
livefinal_low_curvature_20260708_180949,733,21.933334,1783530597.856938,0.279469,-0.278968,-0.0,2.355155,0.2,-0.1225,0.199767,0.006543,camera_link,21.933334,gnm_closed_loop,,nominal,,True,ok,checkpoints/ablation_mnv2_baseline/best.pt,4.91,0.4078,-0.1225,0.1019,-0.0031,0.3503,,,gnm_closed_loop,0.2,-0.1225,False,0,,isaac_live_final_20260708,,selected_baseline_live,,,,,,,False,hospital_goal_C,0.6898,True,0.4078,-0.1225,0.2,-0.1225,True,armed,False,
livefinal_low_curvature_20260708_180949,734,21.950001,1783530597.859208,0.277121,-0.276615,-0.0,2.355151,0.2,-0.1225,0.199767,0.006543,camera_link,21.950001,gnm_closed_loop,,nominal,,True,ok,checkpoints/ablation_mnv2_baseline/best.pt,4.91,0.4078,-0.1225,0.1019,-0.0031,0.3503,,,gnm_closed_loop,0.2,-0.1225,False,0,,isaac_live_final_20260708,,selected_baseline_live,,,,,,,False,hospital_goal_C,0.6871,True,0.4078,-0.1225,0.2,-0.1225,True,armed,False,
livefinal_low_curvature_20260708_180949,735,21.966668,1783530597.877109,0.274774,-0.274262,-0.0,2.355147,0.2,-0.1176,0.199771,0.006047,camera_link,21.966668,gnm_closed_loop,,nominal,,True,ok,checkpoints/ablation_mnv2_baseline/best.pt,6.18,0.3967,-0.1176,0.0992,-0.0029,0.3495,,,gnm_closed_loop,0.2,-0.1176,False,0,,isaac_live_final_20260708,,selected_baseline_live,,,,,,,False,hospital_goal_C,0.6844,True,0.3967,-0.1176,0.2,-0.1176,True,armed,False,
livefinal_low_curvature_20260708_180949,736,21.983334,1783530597.879828,0.272426,-0.27191,-0.0,2.355143,0.2,-0.1176,0.199771,0.006047,camera_link,21.983334,gnm_closed_loop,,nominal,,True,ok,checkpoints/ablation_mnv2_baseline/best.pt,6.18,0.3967,-0.1176,0.0992,-0.0029,0.3495,,,gnm_closed_loop,0.2,-0.1176,False,0,,isaac_live_final_20260708,,selected_baseline_live,,,,,,,False,hospital_goal_C,0.6817,True,0.3967,-0.1176,0.2,-0.1176,True,armed,False,
livefinal_low_curvature_20260708_180949,737,22.000001,1783530597.881793,0.270078,-0.269557,-0.0,2.355139,0.2,-0.1176,0.199771,0.006047,camera_link,22.000001,gnm_closed_loop,,nominal,,True,ok,checkpoints/ablation_mnv2_baseline/best.pt,6.18,0.3967,-0.1176,0.0992,-0.0029,0.3495,,,gnm_closed_loop,0.2,-0.1176,False,0,,isaac_live_final_20260708,,selected_baseline_live,,,,,,,False,hospital_goal_C,0.679,True,0.3967,-0.1176,0.2,-0.1176,True,armed,False,
livefinal_low_curvature_20260708_180949,738,22.016668,1783530597.899824,0.26773,-0.267205,-0.0,2.355134,0.2,-0.0884,0.199783,0.005288,camera_link,22.016668,gnm_closed_loop,,nominal,,True,ok,checkpoints/ablation_mnv2_baseline/best.pt,5.57,0.4308,-0.0884,0.1077,-0.0024,0.3444,,,gnm_closed_loop,0.2,-0.0884,False,0,,isaac_live_final_20260708,,selected_baseline_live,,,,,,,False,hospital_goal_C,0.6763,True,0.4308,-0.0884,0.2,-0.0884,True,armed,False,
livefinal_low_curvature_20260708_180949,739,22.033334,1783530597.902759,0.265382,-0.264852,-0.0,2.355132,0.2,-0.0884,0.199783,0.005288,camera_link,22.033334,gnm_closed_loop,,nominal,,True,ok,checkpoints/ablation_mnv2_baseline/best.pt,5.57,0.4308,-0.0884,0.1077,-0.0024,0.3444,,,gnm_closed_loop,0.2,-0.0884,False,0,,isaac_live_final_20260708,,selected_baseline_live,,,,,,,False,hospital_goal_C,0.6736,True,0.4308,-0.0884,0.2,-0.0884,True,armed,False,
livefinal_low_curvature_20260708_180949,740,22.050001,1783530597.905104,0.263034,-0.262499,-0.0,2.355129,0.2,-0.0884,0.199783,0.005288,camera_link,22.050001,gnm_closed_loop,,nominal,,True,ok,checkpoints/ablation_mnv2_baseline/best.pt,5.57,0.4308,-0.0884,0.1077,-0.0024,0.3444,,,gnm_closed_loop,0.2,-0.0884,False,0,,isaac_live_final_20260708,,selected_baseline_live,,,,,,,False,hospital_goal_C,0.6709,True,0.4308,-0.0884,0.2,-0.0884,True,armed,False,
livefinal_low_curvature_20260708_180949,741,22.066668,1783530597.92257,0.260686,-0.260146,-0.0,2.355125,0.2,-0.0615,0.199789,0.004436,camera_link,22.066668,gnm_closed_loop,,nominal,,True,ok,checkpoints/ablation_mnv2_baseline/best.pt,5.18,0.5443,-0.0615,0.1361,-0.0021,0.3577,,,gnm_closed_loop,0.2,-0.0615,False,0,,isaac_live_final_20260708,,selected_baseline_live,,,,,,,False,hospital_goal_C,0.6682,True,0.5443,-0.0615,0.2,-0.0615,True,armed,False,
livefinal_low_curvature_20260708_180949,742,22.083334,1783530597.924938,0.258338,-0.257793,-0.0,2.355123,0.2,-0.0615,0.199789,0.004436,camera_link,22.083334,gnm_closed_loop,,nominal,,True,ok,checkpoints/ablation_mnv2_baseline/best.pt,5.18,0.5443,-0.0615,0.1361,-0.0021,0.3577,,,gnm_closed_loop,0.2,-0.0615,False,0,,isaac_live_final_20260708,,selected_baseline_live,,,,,,,False,hospital_goal_C,0.6656,True,0.5443,-0.0615,0.2,-0.0615,True,armed,False,
livefinal_low_curvature_20260708_180949,743,22.100001,1783530597.926751,0.255989,-0.255439,-0.0,2.35512,0.2,-0.0615,0.199789,0.004436,camera_link,22.100001,gnm_closed_loop,,nominal,,True,ok,checkpoints/ablation_mnv2_baseline/best.pt,5.18,0.5443,-0.0615,0.1361,-0.0021,0.3577,,,gnm_closed_loop,0.2,-0.0615,False,0,,isaac_live_final_20260708,,selected_baseline_live,,,,,,,False,hospital_goal_C,0.6629,True,0.5443,-0.0615,0.2,-0.0615,True,armed,False,
livefinal_low_curvature_20260708_180949,744,22.116668,1783530597.942999,0.253641,-0.253086,-0.0,2.355118,0.2,-0.0534,0.199801,0.003037,camera_link,22.116668,gnm_closed_loop,,nominal,,True,ok,checkpoints/ablation_mnv2_baseline/best.pt,5.15,0.6529,-0.0534,0.1632,-0.0022,0.3652,,,gnm_closed_loop,0.2,-0.0534,False,0,,isaac_live_final_20260708,,selected_baseline_live,,,,,,,False,hospital_goal_C,0.6602,True,0.6529,-0.0534,0.2,-0.0534,True,armed,False,
livefinal_low_curvature_20260708_180949,745,22.133334,1783530597.945986,0.251293,-0.250733,-0.0,2.355116,0.2,-0.0534,0.199801,0.003037,camera_link,22.133334,gnm_closed_loop,,nominal,,True,ok,checkpoints/ablation_mnv2_baseline/best.pt,5.15,0.6529,-0.0534,0.1632,-0.0022,0.3652,,,gnm_closed_loop,0.2,-0.0534,False,0,,isaac_live_final_20260708,,selected_baseline_live,,,,,,,False,hospital_goal_C,0.6576,True,0.6529,-0.0534,0.2,-0.0534,True,armed,False,
livefinal_low_curvature_20260708_180949,746,22.150001,1783530597.947813,0.248945,-0.24838,0.0,2.355114,0.2,-0.0534,0.199801,0.003037,camera_link,22.150001,gnm_closed_loop,,nominal,,True,ok,checkpoints/ablation_mnv2_baseline/best.pt,5.15,0.6529,-0.0534,0.1632,-0.0022,0.3652,,,gnm_closed_loop,0.2,-0.0534,False,0,,isaac_live_final_20260708,,selected_baseline_live,,,,,,,False,hospital_goal_C,0.6549,True,0.6529,-0.0534,0.2,-0.0534,True,armed,False,
livefinal_low_curvature_20260708_180949,747,22.166668,1783530597.964948,0.246597,-0.246028,-0.0,2.355112,0.2,-0.0487,0.199824,0.002701,camera_link,22.166668,gnm_closed_loop,,nominal,,True,ok,checkpoints/ablation_mnv2_baseline/best.pt,6.2,0.6341,-0.0487,0.1585,-0.0019,0.3629,,,gnm_closed_loop,0.2,-0.0487,False,0,,isaac_live_final_20260708,,selected_baseline_live,,,,,,,False,hospital_goal_C,0.6523,True,0.6341,-0.0487,0.2,-0.0487,True,armed,False,
livefinal_low_curvature_20260708_180949,748,22.183334,1783530597.967346,0.244249,-0.243675,-0.0,2.355111,0.2,-0.0487,0.199824,0.002701,camera_link,22.183334,gnm_closed_loop,,nominal,,True,ok,checkpoints/ablation_mnv2_baseline/best.pt,6.2,0.6341,-0.0487,0.1585,-0.0019,0.3629,,,gnm_closed_loop,0.2,-0.0487,False,0,,isaac_live_final_20260708,,selected_baseline_live,,,,,,,False,hospital_goal_C,0.6497,True,0.6341,-0.0487,0.2,-0.0487,True,armed,False,
livefinal_low_curvature_20260708_180949,749,22.200001,1783530597.969301,0.241901,-0.241322,-0.0,2.355109,0.2,-0.0487,0.199824,0.002701,camera_link,22.200001,gnm_closed_loop,,nominal,,True,ok,checkpoints/ablation_mnv2_baseline/best.pt,6.2,0.6341,-0.0487,0.1585,-0.0019,0.3629,,,gnm_closed_loop,0.2,-0.0487,False,0,,isaac_live_final_20260708,,selected_baseline_live,,,,,,,False,hospital_goal_C,0.647,True,0.6341,-0.0487,0.2,-0.0487,True,armed,False,
livefinal_low_curvature_20260708_180949,750,22.216668,1783530597.985157,0.239553,-0.238969,-0.0,2.355107,0.2,-0.048,0.199829,0.002647,camera_link,22.216668,gnm_closed_loop,,nominal,,True,ok,checkpoints/ablation_mnv2_baseline/best.pt,5.14,0.6034,-0.048,0.1509,-0.0018,0.3576,,,gnm_closed_loop,0.2,-0.048,False,0,,isaac_live_final_20260708,,selected_baseline_live,,,,,,,False,hospital_goal_C,0.6444,True,0.6034,-0.048,0.2,-0.048,True,armed,False,
livefinal_low_curvature_20260708_180949,751,22.233334,1783530597.987453,0.237205,-0.236616,-0.0,2.355105,0.2,-0.048,0.199829,0.002647,camera_link,22.233334,gnm_closed_loop,,nominal,,True,ok,checkpoints/ablation_mnv2_baseline/best.pt,5.14,0.6034,-0.048,0.1509,-0.0018,0.3576,,,gnm_closed_loop,0.2,-0.048,False,0,,isaac_live_final_20260708,,selected_baseline_live,,,,,,,False,hospital_goal_C,0.6418,True,0.6034,-0.048,0.2,-0.048,True,armed,False,
livefinal_low_curvature_20260708_180949,752,22.250001,1783530597.989572,0.234857,-0.234263,-0.0,2.355103,0.2,-0.048,0.199829,0.002647,camera_link,22.250001,gnm_closed_loop,,nominal,,True,ok,checkpoints/ablation_mnv2_baseline/best.pt,5.14,0.6034,-0.048,0.1509,-0.0018,0.3576,,,gnm_closed_loop,0.2,-0.048,False,0,,isaac_live_final_20260708,,selected_baseline_live,,,,,,,False,hospital_goal_C,0.6392,True,0.6034,-0.048,0.2,-0.048,True,armed,False,
livefinal_low_curvature_20260708_180949,753,22.266668,1783530598.008857,0.232509,-0.23191,-0.0,2.355102,0.2,-0.0474,0.199826,0.002467,camera_link,22.266668,gnm_closed_loop,,nominal,,True,ok,checkpoints/ablation_mnv2_baseline/best.pt,6.39,0.606,-0.0474,0.1515,-0.0018,0.3532,,,gnm_closed_loop,0.2,-0.0474,False,0,,isaac_live_final_20260708,,selected_baseline_live,,,,,,,False,hospital_goal_C,0.6366,True,0.606,-0.0474,0.2,-0.0474,True,armed,False,
livefinal_low_curvature_20260708_180949,754,22.283334,1783530598.011269,0.230161,-0.229557,-0.0,2.3551,0.2,-0.0474,0.199826,0.002467,camera_link,22.283334,gnm_closed_loop,,nominal,,True,ok,checkpoints/ablation_mnv2_baseline/best.pt,6.39,0.606,-0.0474,0.1515,-0.0018,0.3532,,,gnm_closed_loop,0.2,-0.0474,False,0,,isaac_live_final_20260708,,selected_baseline_live,,,,,,,False,hospital_goal_C,0.634,True,0.606,-0.0474,0.2,-0.0474,True,armed,False,
livefinal_low_curvature_20260708_180949,755,22.300001,1783530598.013249,0.227813,-0.227204,-0.0,2.355099,0.2,-0.0474,0.199826,0.002467,camera_link,22.300001,gnm_closed_loop,,nominal,,True,ok,checkpoints/ablation_mnv2_baseline/best.pt,6.39,0.606,-0.0474,0.1515,-0.0018,0.3532,,,gnm_closed_loop,0.2,-0.0474,False,0,,isaac_live_final_20260708,,selected_baseline_live,,,,,,,False,hospital_goal_C,0.6314,True,0.606,-0.0474,0.2,-0.0474,True,armed,False,
livefinal_low_curvature_20260708_180949,756,22.316668,1783530598.03154,0.225465,-0.224851,-0.0,2.355097,0.2,-0.0464,0.19983,0.002228,camera_link,22.316668,gnm_closed_loop,,nominal,,True,ok,checkpoints/ablation_mnv2_baseline/best.pt,5.31,0.6199,-0.0464,0.155,-0.0018,0.356,,,gnm_closed_loop,0.2,-0.0464,False,0,,isaac_live_final_20260708,,selected_baseline_live,,,,,,,False,hospital_goal_C,0.6288,True,0.6199,-0.0464,0.2,-0.0464,True,armed,False,
livefinal_low_curvature_20260708_180949,757,22.333334,1783530598.034164,0.223117,-0.222498,-0.0,2.355095,0.2,-0.0464,0.19983,0.002228,camera_link,22.333334,gnm_closed_loop,,nominal,,True,ok,checkpoints/ablation_mnv2_baseline/best.pt,5.31,0.6199,-0.0464,0.155,-0.0018,0.356,,,gnm_closed_loop,0.2,-0.0464,False,0,,isaac_live_final_20260708,,selected_baseline_live,,,,,,,False,hospital_goal_C,0.6262,True,0.6199,-0.0464,0.2,-0.0464,True,armed,False,
livefinal_low_curvature_20260708_180949,758,22.350001,1783530598.036069,0.220769,-0.220145,-0.0,2.355094,0.2,-0.0464,0.19983,0.002228,camera_link,22.350001,gnm_closed_loop,,nominal,,True,ok,checkpoints/ablation_mnv2_baseline/best.pt,5.31,0.6199,-0.0464,0.155,-0.0018,0.356,,,gnm_closed_loop,0.2,-0.0464,False,0,,isaac_live_final_20260708,,selected_baseline_live,,,,,,,False,hospital_goal_C,0.6237,True,0.6199,-0.0464,0.2,-0.0464,True,armed,False,
livefinal_low_curvature_20260708_180949,759,22.366668,1783530598.052128,0.218421,-0.217792,-0.0,2.355092,0.2,-0.0501,0.199817,0.002202,camera_link,22.366668,gnm_closed_loop,,nominal,,True,ok,checkpoints/ablation_mnv2_baseline/best.pt,4.83,0.6338,-0.0501,0.1584,-0.002,0.3631,,,gnm_closed_loop,0.2,-0.0501,False,0,,isaac_live_final_20260708,,selected_baseline_live,,,,,,,False,hospital_goal_C,0.6211,True,0.6338,-0.0501,0.2,-0.0501,True,armed,False,
livefinal_low_curvature_20260708_180949,760,22.383335,1783530598.054523,0.216074,-0.215439,-0.0,2.355091,0.2,-0.0501,0.199817,0.002202,camera_link,22.383335,gnm_closed_loop,,nominal,,True,ok,checkpoints/ablation_mnv2_baseline/best.pt,4.83,0.6338,-0.0501,0.1584,-0.002,0.3631,,,gnm_closed_loop,0.2,-0.0501,False,0,,isaac_live_final_20260708,,selected_baseline_live,,,,,,,False,hospital_goal_C,0.6186,True,0.6338,-0.0501,0.2,-0.0501,True,armed,False,
livefinal_low_curvature_20260708_180949,761,22.400001,1783530598.056438,0.213726,-0.213086,-0.0,2.355089,0.2,-0.0501,0.199817,0.002202,camera_link,22.400001,gnm_closed_loop,,nominal,,True,ok,checkpoints/ablation_mnv2_baseline/best.pt,4.83,0.6338,-0.0501,0.1584,-0.002,0.3631,,,gnm_closed_loop,0.2,-0.0501,False,0,,isaac_live_final_20260708,,selected_baseline_live,,,,,,,False,hospital_goal_C,0.616,True,0.6338,-0.0501,0.2,-0.0501,True,armed,False,
livefinal_low_curvature_20260708_180949,762,22.416668,1783530598.073042,0.211378,-0.210733,-0.0,2.355087,0.2,-0.0516,0.199811,0.002443,camera_link,22.416668,gnm_closed_loop,,nominal,,True,ok,checkpoints/ablation_mnv2_baseline/best.pt,5.21,0.6123,-0.0516,0.1531,-0.002,0.3588,,,gnm_closed_loop,0.2,-0.0516,False,0,,isaac_live_final_20260708,,selected_baseline_live,,,,,,,False,hospital_goal_C,0.6135,True,0.6123,-0.0516,0.2,-0.0516,True,armed,False,
livefinal_low_curvature_20260708_180949,763,22.433335,1783530598.075853,0.20903,-0.20838,-0.0,2.355085,0.2,-0.0516,0.199811,0.002443,camera_link,22.433335,gnm_closed_loop,,nominal,,True,ok,checkpoints/ablation_mnv2_baseline/best.pt,5.21,0.6123,-0.0516,0.1531,-0.002,0.3588,,,gnm_closed_loop,0.2,-0.0516,False,0,,isaac_live_final_20260708,,selected_baseline_live,,,,,,,False,hospital_goal_C,0.6109,True,0.6123,-0.0516,0.2,-0.0516,True,armed,False,
livefinal_low_curvature_20260708_180949,764,22.450001,1783530598.077862,0.206682,-0.206027,-0.0,2.355083,0.2,-0.0516,0.199811,0.002443,camera_link,22.450001,gnm_closed_loop,,nominal,,True,ok,checkpoints/ablation_mnv2_baseline/best.pt,5.21,0.6123,-0.0516,0.1531,-0.002,0.3588,,,gnm_closed_loop,0.2,-0.0516,False,0,,isaac_live_final_20260708,,selected_baseline_live,,,,,,,False,hospital_goal_C,0.6084,True,0.6123,-0.0516,0.2,-0.0516,True,armed,False,
livefinal_low_curvature_20260708_180949,765,22.466668,1783530598.094409,0.204334,-0.203674,-0.0,2.355081,0.2,-0.0512,0.199816,0.002363,camera_link,22.466668,gnm_closed_loop,,nominal,,True,ok,checkpoints/ablation_mnv2_baseline/best.pt,5.3,0.6064,-0.0512,0.1516,-0.0019,0.3592,,,gnm_closed_loop,0.2,-0.0512,False,0,,isaac_live_final_20260708,,selected_baseline_live,,,,,,,False,hospital_goal_C,0.6059,True,0.6064,-0.0512,0.2,-0.0512,True,armed,False,
livefinal_low_curvature_20260708_180949,766,22.483335,1783530598.096731,0.201986,-0.20132,-0.0,2.35508,0.2,-0.0512,0.199816,0.002363,camera_link,22.483335,gnm_closed_loop,,nominal,,True,ok,checkpoints/ablation_mnv2_baseline/best.pt,5.3,0.6064,-0.0512,0.1516,-0.0019,0.3592,,,gnm_closed_loop,0.2,-0.0512,False,0,,isaac_live_final_20260708,,selected_baseline_live,,,,,,,False,hospital_goal_C,0.6034,True,0.6064,-0.0512,0.2,-0.0512,True,armed,False,
livefinal_low_curvature_20260708_180949,767,22.500001,1783530598.098581,0.199638,-0.198967,-0.0,2.355077,0.2,-0.0512,0.199816,0.002363,camera_link,22.500001,gnm_closed_loop,,nominal,,True,ok,checkpoints/ablation_mnv2_baseline/best.pt,5.3,0.6064,-0.0512,0.1516,-0.0019,0.3592,,,gnm_closed_loop,0.2,-0.0512,False,0,,isaac_live_final_20260708,,selected_baseline_live,,,,,,,False,hospital_goal_C,0.6009,True,0.6064,-0.0512,0.2,-0.0512,True,armed,False,
livefinal_low_curvature_20260708_180949,768,22.516668,1783530598.114499,0.197291,-0.196614,-0.0,2.355076,0.2,-0.0558,0.19982,0.002679,camera_link,22.516668,gnm_closed_loop,,nominal,,True,ok,checkpoints/ablation_mnv2_baseline/best.pt,5.29,0.5716,-0.0558,0.1429,-0.002,0.3576,,,gnm_closed_loop,0.2,-0.0558,False,0,,isaac_live_final_20260708,,selected_baseline_live,,,,,,,False,hospital_goal_C,0.5984,True,0.5716,-0.0558,0.2,-0.0558,True,armed,False,
livefinal_low_curvature_20260708_180949,769,22.533335,1783530598.117079,0.194943,-0.194261,-0.0,2.355074,0.2,-0.0558,0.19982,0.002679,camera_link,22.533335,gnm_closed_loop,,nominal,,True,ok,checkpoints/ablation_mnv2_baseline/best.pt,5.29,0.5716,-0.0558,0.1429,-0.002,0.3576,,,gnm_closed_loop,0.2,-0.0558,False,0,,isaac_live_final_20260708,,selected_baseline_live,,,,,,,False,hospital_goal_C,0.5959,True,0.5716,-0.0558,0.2,-0.0558,True,armed,False,
livefinal_low_curvature_20260708_180949,770,22.550001,1783530598.119252,0.192595,-0.191908,-0.0,2.355071,0.2,-0.0558,0.19982,0.002679,camera_link,22.550001,gnm_closed_loop,,nominal,,True,ok,checkpoints/ablation_mnv2_baseline/best.pt,5.29,0.5716,-0.0558,0.1429,-0.002,0.3576,,,gnm_closed_loop,0.2,-0.0558,False,0,,isaac_live_final_20260708,,selected_baseline_live,,,,,,,False,hospital_goal_C,0.5935,True,0.5716,-0.0558,0.2,-0.0558,True,armed,False,
livefinal_low_curvature_20260708_180949,771,22.566668,1783530598.136378,0.190247,-0.189555,-0.0,2.35507,0.2,-0.0571,0.199805,0.003046,camera_link,22.566668,gnm_closed_loop,,nominal,,True,ok,checkpoints/ablation_mnv2_baseline/best.pt,4.85,0.5963,-0.0571,0.1491,-0.0021,0.3632,,,gnm_closed_loop,0.2,-0.0571,False,0,,isaac_live_final_20260708,,selected_baseline_live,,,,,,,False,hospital_goal_C,0.591,True,0.5963,-0.0571,0.2,-0.0571,True,armed,False,
livefinal_low_curvature_20260708_180949,772,22.583335,1783530598.138679,0.187899,-0.187202,0.0,2.355067,0.2,-0.0571,0.199805,0.003046,camera_link,22.583335,gnm_closed_loop,,nominal,,True,ok,checkpoints/ablation_mnv2_baseline/best.pt,4.85,0.5963,-0.0571,0.1491,-0.0021,0.3632,,,gnm_closed_loop,0.2,-0.0571,False,0,,isaac_live_final_20260708,,selected_baseline_live,,,,,,,False,hospital_goal_C,0.5885,True,0.5963,-0.0571,0.2,-0.0571,True,armed,False,
livefinal_low_curvature_20260708_180949,773,22.600001,1783530598.140823,0.185551,-0.184849,-0.0,2.355065,0.2,-0.0571,0.199805,0.003046,camera_link,22.600001,gnm_closed_loop,,nominal,,True,ok,checkpoints/ablation_mnv2_baseline/best.pt,4.85,0.5963,-0.0571,0.1491,-0.0021,0.3632,,,gnm_closed_loop,0.2,-0.0571,False,0,,isaac_live_final_20260708,,selected_baseline_live,,,,,,,False,hospital_goal_C,0.5861,True,0.5963,-0.0571,0.2,-0.0571,True,armed,False,
livefinal_low_curvature_20260708_180949,774,22.616668,1783530598.156375,0.183204,-0.182496,-0.0,2.355063,0.2,-0.0599,0.199814,0.002584,camera_link,22.616668,gnm_closed_loop,,nominal,,True,ok,checkpoints/ablation_mnv2_baseline/best.pt,5.28,0.5718,-0.0599,0.143,-0.0021,0.3639,,,gnm_closed_loop,0.2,-0.0599,False,0,,isaac_live_final_20260708,,selected_baseline_live,,,,,,,False,hospital_goal_C,0.5836,True,0.5718,-0.0599,0.2,-0.0599,True,armed,False,
livefinal_low_curvature_20260708_180949,775,22.633335,1783530598.159379,0.180856,-0.180143,0.0,2.355061,0.2,-0.0599,0.199814,0.002584,camera_link,22.633335,gnm_closed_loop,,nominal,,True,ok,checkpoints/ablation_mnv2_baseline/best.pt,5.28,0.5718,-0.0599,0.143,-0.0021,0.3639,,,gnm_closed_loop,0.2,-0.0599,False,0,,isaac_live_final_20260708,,selected_baseline_live,,,,,,,False,hospital_goal_C,0.5812,True,0.5718,-0.0599,0.2,-0.0599,True,armed,False,
livefinal_low_curvature_20260708_180949,776,22.650001,1783530598.161373,0.178508,-0.17779,-0.0,2.35506,0.2,-0.0599,0.199814,0.002584,camera_link,22.650001,gnm_closed_loop,,nominal,,True,ok,checkpoints/ablation_mnv2_baseline/best.pt,5.28,0.5718,-0.0599,0.143,-0.0021,0.3639,,,gnm_closed_loop,0.2,-0.0599,False,0,,isaac_live_final_20260708,,selected_baseline_live,,,,,,,False,hospital_goal_C,0.5788,True,0.5718,-0.0599,0.2,-0.0599,True,armed,False,
livefinal_low_curvature_20260708_180949,777,22.666668,1783530598.17822,0.17616,-0.175437,-0.0,2.355057,0.2,-0.0616,0.199817,0.002932,camera_link,22.666668,gnm_closed_loop,,nominal,,True,ok,checkpoints/ablation_mnv2_baseline/best.pt,5.06,0.5308,-0.0616,0.1327,-0.002,0.3587,,,gnm_closed_loop,0.2,-0.0616,False,0,,isaac_live_final_20260708,,selected_baseline_live,,,,,,,False,hospital_goal_C,0.5764,True,0.5308,-0.0616,0.2,-0.0616,True,armed,False,
livefinal_low_curvature_20260708_180949,778,22.683335,1783530598.1809,0.173813,-0.173084,-0.0,2.355055,0.2,-0.0616,0.199817,0.002932,camera_link,22.683335,gnm_closed_loop,,nominal,,True,ok,checkpoints/ablation_mnv2_baseline/best.pt,5.06,0.5308,-0.0616,0.1327,-0.002,0.3587,,,gnm_closed_loop,0.2,-0.0616,False,0,,isaac_live_final_20260708,,selected_baseline_live,,,,,,,False,hospital_goal_C,0.574,True,0.5308,-0.0616,0.2,-0.0616,True,armed,False,
livefinal_low_curvature_20260708_180949,779,22.700001,1783530598.182952,0.171465,-0.170731,-0.0,2.355053,0.2,-0.0616,0.199817,0.002932,camera_link,22.700001,gnm_closed_loop,,nominal,,True,ok,checkpoints/ablation_mnv2_baseline/best.pt,5.06,0.5308,-0.0616,0.1327,-0.002,0.3587,,,gnm_closed_loop,0.2,-0.0616,False,0,,isaac_live_final_20260708,,selected_baseline_live,,,,,,,False,hospital_goal_C,0.5716,True,0.5308,-0.0616,0.2,-0.0616,True,armed,False,
livefinal_low_curvature_20260708_180949,780,22.716668,1783530598.204767,0.169117,-0.168378,0.0,2.355051,0.2,-0.0568,0.199812,0.003029,camera_link,22.716668,gnm_closed_loop,,nominal,,True,ok,checkpoints/ablation_mnv2_baseline/best.pt,5.44,0.524,-0.0568,0.131,-0.0019,0.3602,,,gnm_closed_loop,0.2,-0.0568,False,0,,isaac_live_final_20260708,,selected_baseline_live,,,,,,,False,hospital_goal_C,0.5692,True,0.524,-0.0568,0.2,-0.0568,True,armed,False,
livefinal_low_curvature_20260708_180949,781,22.733335,1783530598.207143,0.166769,-0.166025,-0.0,2.355049,0.2,-0.0568,0.199812,0.003029,camera_link,22.733335,gnm_closed_loop,,nominal,,True,ok,checkpoints/ablation_mnv2_baseline/best.pt,5.44,0.524,-0.0568,0.131,-0.0019,0.3602,,,gnm_closed_loop,0.2,-0.0568,False,0,,isaac_live_final_20260708,,selected_baseline_live,,,,,,,False,hospital_goal_C,0.5668,True,0.524,-0.0568,0.2,-0.0568,True,armed,False,
livefinal_low_curvature_20260708_180949,782,22.750001,1783530598.209047,0.164421,-0.163672,0.0,2.355047,0.2,-0.0568,0.199812,0.003029,camera_link,22.750001,gnm_closed_loop,,nominal,,True,ok,checkpoints/ablation_mnv2_baseline/best.pt,5.44,0.524,-0.0568,0.131,-0.0019,0.3602,,,gnm_closed_loop,0.2,-0.0568,False,0,,isaac_live_final_20260708,,selected_baseline_live,,,,,,,False,hospital_goal_C,0.5644,True,0.524,-0.0568,0.2,-0.0568,True,armed,False,
livefinal_low_curvature_20260708_180949,783,22.766668,1783530598.226523,0.162074,-0.161319,-0.0,2.355045,0.2,-0.0596,0.199825,0.003168,camera_link,22.766668,gnm_closed_loop,,nominal,,True,ok,checkpoints/ablation_mnv2_baseline/best.pt,5.4,0.5115,-0.0596,0.1279,-0.0019,0.3586,,,gnm_closed_loop,0.2,-0.0596,False,0,,isaac_live_final_20260708,,selected_baseline_live,,,,,,,False,hospital_goal_C,0.5621,True,0.5115,-0.0596,0.2,-0.0596,True,armed,False,
livefinal_low_curvature_20260708_180949,784,22.783335,1783530598.228813,0.159726,-0.158966,-0.0,2.355042,0.2,-0.0596,0.199825,0.003168,camera_link,22.783335,gnm_closed_loop,,nominal,,True,ok,checkpoints/ablation_mnv2_baseline/best.pt,5.4,0.5115,-0.0596,0.1279,-0.0019,0.3586,,,gnm_closed_loop,0.2,-0.0596,False,0,,isaac_live_final_20260708,,selected_baseline_live,,,,,,,False,hospital_goal_C,0.5597,True,0.5115,-0.0596,0.2,-0.0596,True,armed,False,
livefinal_low_curvature_20260708_180949,785,22.800001,1783530598.231102,0.157378,-0.156613,-0.0,2.355041,0.2,-0.0596,0.199825,0.003168,camera_link,22.800001,gnm_closed_loop,,nominal,,True,ok,checkpoints/ablation_mnv2_baseline/best.pt,5.4,0.5115,-0.0596,0.1279,-0.0019,0.3586,,,gnm_closed_loop,0.2,-0.0596,False,0,,isaac_live_final_20260708,,selected_baseline_live,,,,,,,False,hospital_goal_C,0.5574,True,0.5115,-0.0596,0.2,-0.0596,True,armed,False,
livefinal_low_curvature_20260708_180949,786,22.816668,1783530598.247027,0.15503,-0.15426,-0.0,2.355038,0.2,-0.0629,0.199817,0.003339,camera_link,22.816668,gnm_closed_loop,,nominal,,True,ok,checkpoints/ablation_mnv2_baseline/best.pt,5.1,0.5047,-0.0629,0.1262,-0.002,0.3562,,,gnm_closed_loop,0.2,-0.0629,False,0,,isaac_live_final_20260708,,selected_baseline_live,,,,,,,False,hospital_goal_C,0.5551,True,0.5047,-0.0629,0.2,-0.0629,True,armed,False,
livefinal_low_curvature_20260708_180949,787,22.833335,1783530598.249432,0.152683,-0.151907,0.0,2.355036,0.2,-0.0629,0.199817,0.003339,camera_link,22.833335,gnm_closed_loop,,nominal,,True,ok,checkpoints/ablation_mnv2_baseline/best.pt,5.1,0.5047,-0.0629,0.1262,-0.002,0.3562,,,gnm_closed_loop,0.2,-0.0629,False,0,,isaac_live_final_20260708,,selected_baseline_live,,,,,,,False,hospital_goal_C,0.5527,True,0.5047,-0.0629,0.2,-0.0629,True,armed,False,
livefinal_low_curvature_20260708_180949,788,22.850001,1783530598.251395,0.150335,-0.149553,-0.0,2.355034,0.2,-0.0629,0.199817,0.003339,camera_link,22.850001,gnm_closed_loop,,nominal,,True,ok,checkpoints/ablation_mnv2_baseline/best.pt,5.1,0.5047,-0.0629,0.1262,-0.002,0.3562,,,gnm_closed_loop,0.2,-0.0629,False,0,,isaac_live_final_20260708,,selected_baseline_live,,,,,,,False,hospital_goal_C,0.5504,True,0.5047,-0.0629,0.2,-0.0629,True,armed,False,
livefinal_low_curvature_20260708_180949,789,22.866668,1783530598.267793,0.147987,-0.1472,-0.0,2.355031,0.2,-0.0664,0.199821,0.002859,camera_link,22.866668,gnm_closed_loop,,nominal,,True,ok,checkpoints/ablation_mnv2_baseline/best.pt,5.05,0.4923,-0.0664,0.1231,-0.002,0.3557,,,gnm_closed_loop,0.2,-0.0664,False,0,,isaac_live_final_20260708,,selected_baseline_live,,,,,,,False,hospital_goal_C,0.5481,True,0.4923,-0.0664,0.2,-0.0664,True,armed,False,
livefinal_low_curvature_20260708_180949,790,22.883335,1783530598.270521,0.145639,-0.144847,-0.0,2.355029,0.2,-0.0664,0.199821,0.002859,camera_link,22.883335,gnm_closed_loop,,nominal,,True,ok,checkpoints/ablation_mnv2_baseline/best.pt,5.05,0.4923,-0.0664,0.1231,-0.002,0.3557,,,gnm_closed_loop,0.2,-0.0664,False,0,,isaac_live_final_20260708,,selected_baseline_live,,,,,,,False,hospital_goal_C,0.5458,True,0.4923,-0.0664,0.2,-0.0664,True,armed,False,
livefinal_low_curvature_20260708_180949,791,22.900001,1783530598.27241,0.143292,-0.142494,-0.0,2.355027,0.2,-0.0664,0.199821,0.002859,camera_link,22.900001,gnm_closed_loop,,nominal,,True,ok,checkpoints/ablation_mnv2_baseline/best.pt,5.05,0.4923,-0.0664,0.1231,-0.002,0.3557,,,gnm_closed_loop,0.2,-0.0664,False,0,,isaac_live_final_20260708,,selected_baseline_live,,,,,,,False,hospital_goal_C,0.5436,True,0.4923,-0.0664,0.2,-0.0664,True,armed,False,
livefinal_low_curvature_20260708_180949,792,22.916668,1783530598.288919,0.140944,-0.140141,-0.0,2.355024,0.2,-0.0656,0.199836,0.00341,camera_link,22.916668,gnm_closed_loop,,nominal,,True,ok,checkpoints/ablation_mnv2_baseline/best.pt,5.31,0.4908,-0.0656,0.1227,-0.002,0.3571,,,gnm_closed_loop,0.2,-0.0656,False,0,,isaac_live_final_20260708,,selected_baseline_live,,,,,,,False,hospital_goal_C,0.5413,True,0.4908,-0.0656,0.2,-0.0656,True,armed,False,
livefinal_low_curvature_20260708_180949,793,22.933335,1783530598.291381,0.138596,-0.137788,-0.0,2.355022,0.2,-0.0656,0.199836,0.00341,camera_link,22.933335,gnm_closed_loop,,nominal,,True,ok,checkpoints/ablation_mnv2_baseline/best.pt,5.31,0.4908,-0.0656,0.1227,-0.002,0.3571,,,gnm_closed_loop,0.2,-0.0656,False,0,,isaac_live_final_20260708,,selected_baseline_live,,,,,,,False,hospital_goal_C,0.5391,True,0.4908,-0.0656,0.2,-0.0656,True,armed,False,
livefinal_low_curvature_20260708_180949,794,22.950001,1783530598.293335,0.136249,-0.135435,-0.0,2.35502,0.2,-0.0656,0.199836,0.00341,camera_link,22.950001,gnm_closed_loop,,nominal,,True,ok,checkpoints/ablation_mnv2_baseline/best.pt,5.31,0.4908,-0.0656,0.1227,-0.002,0.3571,,,gnm_closed_loop,0.2,-0.0656,False,0,,isaac_live_final_20260708,,selected_baseline_live,,,,,,,False,hospital_goal_C,0.5368,True,0.4908,-0.0656,0.2,-0.0656,True,armed,False,
livefinal_low_curvature_20260708_180949,795,22.966668,1783530598.310892,0.133901,-0.133082,-0.0,2.355017,0.2,-0.0737,0.199801,0.002984,camera_link,22.966668,gnm_closed_loop,,nominal,,True,ok,checkpoints/ablation_mnv2_baseline/best.pt,5.28,0.4599,-0.0737,0.115,-0.0021,0.3544,,,gnm_closed_loop,0.2,-0.0737,False,0,,isaac_live_final_20260708,,selected_baseline_live,,,,,,,False,hospital_goal_C,0.5346,True,0.4599,-0.0737,0.2,-0.0737,True,armed,False,
livefinal_low_curvature_20260708_180949,796,22.983335,1783530598.313322,0.131553,-0.130729,-0.0,2.355015,0.2,-0.0737,0.199801,0.002984,camera_link,22.983335,gnm_closed_loop,,nominal,,True,ok,checkpoints/ablation_mnv2_baseline/best.pt,5.28,0.4599,-0.0737,0.115,-0.0021,0.3544,,,gnm_closed_loop,0.2,-0.0737,False,0,,isaac_live_final_20260708,,selected_baseline_live,,,,,,,False,hospital_goal_C,0.5324,True,0.4599,-0.0737,0.2,-0.0737,True,armed,False,
livefinal_low_curvature_20260708_180949,797,23.000001,1783530598.315517,0.129206,-0.128376,-0.0,2.355012,0.2,-0.0737,0.199801,0.002984,camera_link,23.000001,gnm_closed_loop,,nominal,,True,ok,checkpoints/ablation_mnv2_baseline/best.pt,5.28,0.4599,-0.0737,0.115,-0.0021,0.3544,,,gnm_closed_loop,0.2,-0.0737,False,0,,isaac_live_final_20260708,,selected_baseline_live,,,,,,,False,hospital_goal_C,0.5301,True,0.4599,-0.0737,0.2,-0.0737,True,armed,False,
livefinal_low_curvature_20260708_180949,798,23.016668,1783530598.331286,0.126858,-0.126022,-0.0,2.355009,0.2,-0.0765,0.199795,0.003384,camera_link,23.016668,gnm_closed_loop,,nominal,,True,ok,checkpoints/ablation_mnv2_baseline/best.pt,4.35,0.4542,-0.0765,0.1136,-0.0022,0.3524,,,gnm_closed_loop,0.2,-0.0765,False,0,,isaac_live_final_20260708,,selected_baseline_live,,,,,,,False,hospital_goal_C,0.528,True,0.4542,-0.0765,0.2,-0.0765,True,armed,False,
livefinal_low_curvature_20260708_180949,799,23.033335,1783530598.333883,0.12451,-0.123669,-0.0,2.355007,0.2,-0.0765,0.199795,0.003384,camera_link,23.033335,gnm_closed_loop,,nominal,,True,ok,checkpoints/ablation_mnv2_baseline/best.pt,4.35,0.4542,-0.0765,0.1136,-0.0022,0.3524,,,gnm_closed_loop,0.2,-0.0765,False,0,,isaac_live_final_20260708,,selected_baseline_live,,,,,,,False,hospital_goal_C,0.5258,True,0.4542,-0.0765,0.2,-0.0765,True,armed,False,
livefinal_low_curvature_20260708_180949,800,23.050001,1783530598.335865,0.122162,-0.121316,-0.0,2.355004,0.2,-0.0765,0.199795,0.003384,camera_link,23.050001,gnm_closed_loop,,nominal,,True,ok,checkpoints/ablation_mnv2_baseline/best.pt,4.35,0.4542,-0.0765,0.1136,-0.0022,0.3524,,,gnm_closed_loop,0.2,-0.0765,False,0,,isaac_live_final_20260708,,selected_baseline_live,,,,,,,False,hospital_goal_C,0.5236,True,0.4542,-0.0765,0.2,-0.0765,True,armed,False,
livefinal_low_curvature_20260708_180949,801,23.066668,1783530598.351321,0.119814,-0.118962,-0.0,2.355001,0.2,-0.0874,0.199785,0.003732,camera_link,23.066668,gnm_closed_loop,,nominal,,True,ok,checkpoints/ablation_mnv2_baseline/best.pt,5.26,0.4311,-0.0874,0.1078,-0.0024,0.3504,,,gnm_closed_loop,0.2,-0.0874,False,0,,isaac_live_final_20260708,,selected_baseline_live,,,,,,,False,hospital_goal_C,0.5214,True,0.4311,-0.0874,0.2,-0.0874,True,armed,False,
livefinal_low_curvature_20260708_180949,802,23.083335,1783530598.353946,0.117466,-0.116609,-0.0,2.354998,0.2,-0.0874,0.199785,0.003732,camera_link,23.083335,gnm_closed_loop,,nominal,,True,ok,checkpoints/ablation_mnv2_baseline/best.pt,5.26,0.4311,-0.0874,0.1078,-0.0024,0.3504,,,gnm_closed_loop,0.2,-0.0874,False,0,,isaac_live_final_20260708,,selected_baseline_live,,,,,,,False,hospital_goal_C,0.5193,True,0.4311,-0.0874,0.2,-0.0874,True,armed,False,
livefinal_low_curvature_20260708_180949,803,23.100001,1783530598.355906,0.115118,-0.114255,-0.0,2.354994,0.2,-0.0874,0.199785,0.003732,camera_link,23.100001,gnm_closed_loop,,nominal,,True,ok,checkpoints/ablation_mnv2_baseline/best.pt,5.26,0.4311,-0.0874,0.1078,-0.0024,0.3504,,,gnm_closed_loop,0.2,-0.0874,False,0,,isaac_live_final_20260708,,selected_baseline_live,,,,,,,False,hospital_goal_C,0.5171,True,0.4311,-0.0874,0.2,-0.0874,True,armed,False,
livefinal_low_curvature_20260708_180949,804,23.116668,1783530598.371148,0.11277,-0.111902,0.0,2.354991,0.2,-0.0776,0.199797,0.004593,camera_link,23.116668,gnm_closed_loop,,nominal,,True,ok,checkpoints/ablation_mnv2_baseline/best.pt,5.3,0.485,-0.0776,0.1213,-0.0024,0.354,,,gnm_closed_loop,0.2,-0.0776,False,0,,isaac_live_final_20260708,,selected_baseline_live,,,,,,,False,hospital_goal_C,0.515,True,0.485,-0.0776,0.2,-0.0776,True,armed,False,
livefinal_low_curvature_20260708_180949,805,23.133335,1783530598.374376,0.110422,-0.109548,-0.0,2.354988,0.2,-0.0776,0.199797,0.004593,camera_link,23.133335,gnm_closed_loop,,nominal,,True,ok,checkpoints/ablation_mnv2_baseline/best.pt,5.3,0.485,-0.0776,0.1213,-0.0024,0.354,,,gnm_closed_loop,0.2,-0.0776,False,0,,isaac_live_final_20260708,,selected_baseline_live,,,,,,,False,hospital_goal_C,0.5129,True,0.485,-0.0776,0.2,-0.0776,True,armed,False,
livefinal_low_curvature_20260708_180949,806,23.150001,1783530598.376342,0.108074,-0.107194,0.0,2.354985,0.2,-0.0776,0.199797,0.004593,camera_link,23.150001,gnm_closed_loop,,nominal,,True,ok,checkpoints/ablation_mnv2_baseline/best.pt,5.3,0.485,-0.0776,0.1213,-0.0024,0.354,,,gnm_closed_loop,0.2,-0.0776,False,0,,isaac_live_final_20260708,,selected_baseline_live,,,,,,,False,hospital_goal_C,0.5108,True,0.485,-0.0776,0.2,-0.0776,True,armed,False,
livefinal_low_curvature_20260708_180949,807,23.166668,1783530598.391345,0.105726,-0.104841,-0.0,2.354982,0.2,-0.0755,0.199774,0.00364,camera_link,23.166668,gnm_closed_loop,,nominal,,True,ok,checkpoints/ablation_mnv2_baseline/best.pt,5.22,0.49,-0.0755,0.1225,-0.0023,0.35,,,gnm_closed_loop,0.2,-0.0755,False,0,,isaac_live_final_20260708,,selected_baseline_live,,,,,,,False,hospital_goal_C,0.5087,True,0.49,-0.0755,0.2,-0.0755,True,armed,False,
livefinal_low_curvature_20260708_180949,808,23.183335,1783530598.394387,0.103378,-0.102487,-0.0,2.354979,0.2,-0.0755,0.199774,0.00364,camera_link,23.183335,gnm_closed_loop,,nominal,,True,ok,checkpoints/ablation_mnv2_baseline/best.pt,5.22,0.49,-0.0755,0.1225,-0.0023,0.35,,,gnm_closed_loop,0.2,-0.0755,False,0,,isaac_live_final_20260708,,selected_baseline_live,,,,,,,False,hospital_goal_C,0.5067,True,0.49,-0.0755,0.2,-0.0755,True,armed,False,
livefinal_low_curvature_20260708_180949,809,23.200001,1783530598.396419,0.10103,-0.100134,0.0,2.354976,0.2,-0.0755,0.199774,0.00364,camera_link,23.200001,gnm_closed_loop,,nominal,,True,ok,checkpoints/ablation_mnv2_baseline/best.pt,5.22,0.49,-0.0755,0.1225,-0.0023,0.35,,,gnm_closed_loop,0.2,-0.0755,False,0,,isaac_live_final_20260708,,selected_baseline_live,,,,,,,False,hospital_goal_C,0.5046,True,0.49,-0.0755,0.2,-0.0755,True,armed,False,
livefinal_low_curvature_20260708_180949,810,23.216668,1783530598.412839,0.098682,-0.09778,0.0,2.354974,0.2,-0.0891,0.199792,0.003745,camera_link,23.216668,gnm_closed_loop,,nominal,,True,ok,checkpoints/ablation_mnv2_baseline/best.pt,5.31,0.4484,-0.0891,0.1121,-0.0025,0.3423,,,gnm_closed_loop,0.2,-0.0891,False,0,,isaac_live_final_20260708,,selected_baseline_live,,,,,,,False,hospital_goal_C,0.5025,True,0.4484,-0.0891,0.2,-0.0891,True,armed,False,
livefinal_low_curvature_20260708_180949,811,23.233335,1783530598.415197,0.096334,-0.095426,-0.0,2.354971,0.2,-0.0891,0.199792,0.003745,camera_link,23.233335,gnm_closed_loop,,nominal,,True,ok,checkpoints/ablation_mnv2_baseline/best.pt,5.31,0.4484,-0.0891,0.1121,-0.0025,0.3423,,,gnm_closed_loop,0.2,-0.0891,False,0,,isaac_live_final_20260708,,selected_baseline_live,,,,,,,False,hospital_goal_C,0.5005,True,0.4484,-0.0891,0.2,-0.0891,True,armed,False,
livefinal_low_curvature_20260708_180949,812,23.250001,1783530598.418291,0.093986,-0.093073,0.0,2.354968,0.2,-0.0891,0.199792,0.003745,camera_link,23.250001,gnm_closed_loop,,nominal,,True,ok,checkpoints/ablation_mnv2_baseline/best.pt,5.31,0.4484,-0.0891,0.1121,-0.0025,0.3423,,,gnm_closed_loop,0.2,-0.0891,False,0,,isaac_live_final_20260708,,selected_baseline_live,,,,,,,False,hospital_goal_C,0.4985,True,0.4484,-0.0891,0.2,-0.0891,True,armed,False,
livefinal_low_curvature_20260708_180949,813,23.266668,1783530598.435517,0.091637,-0.090719,-0.0,2.354963,0.2,-0.0841,0.199812,0.005648,camera_link,23.266668,gnm_closed_loop,,nominal,,True,ok,checkpoints/ablation_mnv2_baseline/best.pt,5.07,0.4617,-0.0841,0.1154,-0.0024,0.3385,,,gnm_closed_loop,0.2,-0.0841,False,0,,isaac_live_final_20260708,,selected_baseline_live,,,,,,,False,hospital_goal_C,0.4965,True,0.4617,-0.0841,0.2,-0.0841,True,armed,False,
livefinal_low_curvature_20260708_180949,814,23.283335,1783530598.437833,0.08929,-0.088365,-0.0,2.35496,0.2,-0.0841,0.199812,0.005648,camera_link,23.283335,gnm_closed_loop,,nominal,,True,ok,checkpoints/ablation_mnv2_baseline/best.pt,5.07,0.4617,-0.0841,0.1154,-0.0024,0.3385,,,gnm_closed_loop,0.2,-0.0841,False,0,,isaac_live_final_20260708,,selected_baseline_live,,,,,,,False,hospital_goal_C,0.4945,True,0.4617,-0.0841,0.2,-0.0841,True,armed,False,
livefinal_low_curvature_20260708_180949,815,23.300001,1783530598.439724,0.086942,-0.086012,0.0,2.354956,0.2,-0.0841,0.199812,0.005648,camera_link,23.300001,gnm_closed_loop,,nominal,,True,ok,checkpoints/ablation_mnv2_baseline/best.pt,5.07,0.4617,-0.0841,0.1154,-0.0024,0.3385,,,gnm_closed_loop,0.2,-0.0841,False,0,,isaac_live_final_20260708,,selected_baseline_live,,,,,,,False,hospital_goal_C,0.4925,True,0.4617,-0.0841,0.2,-0.0841,True,armed,False,
livefinal_low_curvature_20260708_180949,816,23.316668,1783530598.456222,0.084594,-0.083659,-0.0,2.354953,0.2,-0.0785,0.199787,0.004561,camera_link,23.316668,gnm_closed_loop,,nominal,,True,ok,checkpoints/ablation_mnv2_baseline/best.pt,4.94,0.488,-0.0785,0.122,-0.0024,0.3442,,,gnm_closed_loop,0.2,-0.0785,False,0,,isaac_live_final_20260708,,selected_baseline_live,,,,,,,False,hospital_goal_C,0.4906,True,0.488,-0.0785,0.2,-0.0785,True,armed,False,
livefinal_low_curvature_20260708_180949,817,23.333335,1783530598.458543,0.082246,-0.081305,0.0,2.35495,0.2,-0.0785,0.199787,0.004561,camera_link,23.333335,gnm_closed_loop,,nominal,,True,ok,checkpoints/ablation_mnv2_baseline/best.pt,4.94,0.488,-0.0785,0.122,-0.0024,0.3442,,,gnm_closed_loop,0.2,-0.0785,False,0,,isaac_live_final_20260708,,selected_baseline_live,,,,,,,False,hospital_goal_C,0.4886,True,0.488,-0.0785,0.2,-0.0785,True,armed,False,
livefinal_low_curvature_20260708_180949,818,23.350001,1783530598.460624,0.079898,-0.078951,0.0,2.354946,0.2,-0.0785,0.199787,0.004561,camera_link,23.350001,gnm_closed_loop,,nominal,,True,ok,checkpoints/ablation_mnv2_baseline/best.pt,4.94,0.488,-0.0785,0.122,-0.0024,0.3442,,,gnm_closed_loop,0.2,-0.0785,False,0,,isaac_live_final_20260708,,selected_baseline_live,,,,,,,False,hospital_goal_C,0.4867,True,0.488,-0.0785,0.2,-0.0785,True,armed,False,
livefinal_low_curvature_20260708_180949,819,23.366668,1783530598.481276,0.07755,-0.076597,-0.0,2.354943,0.2,-0.0743,0.199773,0.004402,camera_link,23.366668,gnm_closed_loop,,nominal,,True,ok,checkpoints/ablation_mnv2_baseline/best.pt,5.96,0.52,-0.0743,0.13,-0.0024,0.3488,,,gnm_closed_loop,0.2,-0.0743,False,0,,isaac_live_final_20260708,,selected_baseline_live,,,,,,,False,hospital_goal_C,0.4848,True,0.52,-0.0743,0.2,-0.0743,True,armed,False,
livefinal_low_curvature_20260708_180949,820,23.383335,1783530598.484944,0.075202,-0.074244,-0.0,2.35494,0.2,-0.0743,0.199773,0.004402,camera_link,23.383335,gnm_closed_loop,,nominal,,True,ok,checkpoints/ablation_mnv2_baseline/best.pt,5.96,0.52,-0.0743,0.13,-0.0024,0.3488,,,gnm_closed_loop,0.2,-0.0743,False,0,,isaac_live_final_20260708,,selected_baseline_live,,,,,,,False,hospital_goal_C,0.4829,True,0.52,-0.0743,0.2,-0.0743,True,armed,False,
livefinal_low_curvature_20260708_180949,821,23.400001,1783530598.487283,0.072854,-0.07189,0.0,2.354937,0.2,-0.0743,0.199773,0.004402,camera_link,23.400001,gnm_closed_loop,,nominal,,True,ok,checkpoints/ablation_mnv2_baseline/best.pt,5.96,0.52,-0.0743,0.13,-0.0024,0.3488,,,gnm_closed_loop,0.2,-0.0743,False,0,,isaac_live_final_20260708,,selected_baseline_live,,,,,,,False,hospital_goal_C,0.481,True,0.52,-0.0743,0.2,-0.0743,True,armed,False,
livefinal_low_curvature_20260708_180949,822,23.416668,1783530598.506749,0.070506,-0.069536,-0.0,2.354934,0.2,-0.0658,0.199797,0.003955,camera_link,23.416668,gnm_closed_loop,,nominal,,True,ok,checkpoints/ablation_mnv2_baseline/best.pt,4.86,0.5577,-0.0658,0.1394,-0.0023,0.358,,,gnm_closed_loop,0.2,-0.0658,False,0,,isaac_live_final_20260708,,selected_baseline_live,,,,,,,False,hospital_goal_C,0.4791,True,0.5577,-0.0658,0.2,-0.0658,True,armed,False,
livefinal_low_curvature_20260708_180949,823,23.433335,1783530598.509151,0.068159,-0.067183,0.0,2.354931,0.2,-0.0658,0.199797,0.003955,camera_link,23.433335,gnm_closed_loop,,nominal,,True,ok,checkpoints/ablation_mnv2_baseline/best.pt,4.86,0.5577,-0.0658,0.1394,-0.0023,0.358,,,gnm_closed_loop,0.2,-0.0658,False,0,,isaac_live_final_20260708,,selected_baseline_live,,,,,,,False,hospital_goal_C,0.4773,True,0.5577,-0.0658,0.2,-0.0658,True,armed,False,
livefinal_low_curvature_20260708_180949,824,23.450001,1783530598.51103,0.065811,-0.064829,-0.0,2.354928,0.2,-0.0658,0.199797,0.003955,camera_link,23.450001,gnm_closed_loop,,nominal,,True,ok,checkpoints/ablation_mnv2_baseline/best.pt,4.86,0.5577,-0.0658,0.1394,-0.0023,0.358,,,gnm_closed_loop,0.2,-0.0658,False,0,,isaac_live_final_20260708,,selected_baseline_live,,,,,,,False,hospital_goal_C,0.4754,True,0.5577,-0.0658,0.2,-0.0658,True,armed,False,
livefinal_low_curvature_20260708_180949,825,23.466668,1783530598.526196,0.063463,-0.062476,-0.0,2.354926,0.2,-0.0597,0.19981,0.003533,camera_link,23.466668,gnm_closed_loop,,nominal,,True,ok,checkpoints/ablation_mnv2_baseline/best.pt,5.09,0.6045,-0.0597,0.1511,-0.0023,0.3654,,,gnm_closed_loop,0.2,-0.0597,False,0,,isaac_live_final_20260708,,selected_baseline_live,,,,,,,False,hospital_goal_C,0.4736,True,0.6045,-0.0597,0.2,-0.0597,True,armed,False,
livefinal_low_curvature_20260708_180949,826,23.483335,1783530598.528951,0.061115,-0.060122,-0.0,2.354923,0.2,-0.0597,0.19981,0.003533,camera_link,23.483335,gnm_closed_loop,,nominal,,True,ok,checkpoints/ablation_mnv2_baseline/best.pt,5.09,0.6045,-0.0597,0.1511,-0.0023,0.3654,,,gnm_closed_loop,0.2,-0.0597,False,0,,isaac_live_final_20260708,,selected_baseline_live,,,,,,,False,hospital_goal_C,0.4718,True,0.6045,-0.0597,0.2,-0.0597,True,armed,False,
livefinal_low_curvature_20260708_180949,827,23.500001,1783530598.53091,0.058768,-0.057768,-0.0,2.354921,0.2,-0.0597,0.19981,0.003533,camera_link,23.500001,gnm_closed_loop,,nominal,,True,ok,checkpoints/ablation_mnv2_baseline/best.pt,5.09,0.6045,-0.0597,0.1511,-0.0023,0.3654,,,gnm_closed_loop,0.2,-0.0597,False,0,,isaac_live_final_20260708,,selected_baseline_live,,,,,,,False,hospital_goal_C,0.47,True,0.6045,-0.0597,0.2,-0.0597,True,armed,False,
livefinal_low_curvature_20260708_180949,828,23.516668,1783530598.548983,0.05642,-0.055415,-0.0,2.354918,0.2,-0.0602,0.199794,0.003178,camera_link,23.516668,gnm_closed_loop,,nominal,,True,ok,checkpoints/ablation_mnv2_baseline/best.pt,5.42,0.6226,-0.0602,0.1556,-0.0023,0.3642,,,gnm_closed_loop,0.2,-0.0602,False,0,,isaac_live_final_20260708,,selected_baseline_live,,,,,,,False,hospital_goal_C,0.4682,True,0.6226,-0.0602,0.2,-0.0602,True,armed,False,
livefinal_low_curvature_20260708_180949,829,23.533335,1783530598.551622,0.054072,-0.053061,0.0,2.354916,0.2,-0.0602,0.199794,0.003178,camera_link,23.533335,gnm_closed_loop,,nominal,,True,ok,checkpoints/ablation_mnv2_baseline/best.pt,5.42,0.6226,-0.0602,0.1556,-0.0023,0.3642,,,gnm_closed_loop,0.2,-0.0602,False,0,,isaac_live_final_20260708,,selected_baseline_live,,,,,,,False,hospital_goal_C,0.4665,True,0.6226,-0.0602,0.2,-0.0602,True,armed,False,
livefinal_low_curvature_20260708_180949,830,23.550001,1783530598.55362,0.051725,-0.050707,-0.0,2.354914,0.2,-0.0602,0.199794,0.003178,camera_link,23.550001,gnm_closed_loop,,nominal,,True,ok,checkpoints/ablation_mnv2_baseline/best.pt,5.42,0.6226,-0.0602,0.1556,-0.0023,0.3642,,,gnm_closed_loop,0.2,-0.0602,False,0,,isaac_live_final_20260708,,selected_baseline_live,,,,,,,False,hospital_goal_C,0.4648,True,0.6226,-0.0602,0.2,-0.0602,True,armed,False,
livefinal_low_curvature_20260708_180949,831,23.566668,1783530598.569719,0.049377,-0.048354,0.0,2.354912,0.2,-0.0614,0.199823,0.003077,camera_link,23.566668,gnm_closed_loop,,nominal,,True,ok,checkpoints/ablation_mnv2_baseline/best.pt,5.21,0.6074,-0.0614,0.1518,-0.0023,0.3635,,,gnm_closed_loop,0.2,-0.0614,False,0,,isaac_live_final_20260708,,selected_baseline_live,,,,,,,False,hospital_goal_C,0.463,True,0.6074,-0.0614,0.2,-0.0614,True,armed,False,
livefinal_low_curvature_20260708_180949,832,23.583335,1783530598.571986,0.047029,-0.046,-0.0,2.354909,0.2,-0.0614,0.199823,0.003077,camera_link,23.583335,gnm_closed_loop,,nominal,,True,ok,checkpoints/ablation_mnv2_baseline/best.pt,5.21,0.6074,-0.0614,0.1518,-0.0023,0.3635,,,gnm_closed_loop,0.2,-0.0614,False,0,,isaac_live_final_20260708,,selected_baseline_live,,,,,,,False,hospital_goal_C,0.4613,True,0.6074,-0.0614,0.2,-0.0614,True,armed,False,
livefinal_low_curvature_20260708_180949,833,23.600001,1783530598.573867,0.044682,-0.043647,0.0,2.354907,0.2,-0.0614,0.199823,0.003077,camera_link,23.600001,gnm_closed_loop,,nominal,,True,ok,checkpoints/ablation_mnv2_baseline/best.pt,5.21,0.6074,-0.0614,0.1518,-0.0023,0.3635,,,gnm_closed_loop,0.2,-0.0614,False,0,,isaac_live_final_20260708,,selected_baseline_live,,,,,,,False,hospital_goal_C,0.4597,True,0.6074,-0.0614,0.2,-0.0614,True,armed,False,
livefinal_low_curvature_20260708_180949,834,23.616668,1783530598.589354,0.042334,-0.041293,-0.0,2.354904,0.2,-0.065,0.199799,0.003544,camera_link,23.616668,gnm_closed_loop,,nominal,,True,ok,checkpoints/ablation_mnv2_baseline/best.pt,5.01,0.6021,-0.065,0.1505,-0.0024,0.3578,,,gnm_closed_loop,0.2,-0.065,False,0,,isaac_live_final_20260708,,selected_baseline_live,,,,,,,False,hospital_goal_C,0.458,True,0.6021,-0.065,0.2,-0.065,True,armed,False,
livefinal_low_curvature_20260708_180949,835,23.633335,1783530598.591996,0.039987,-0.03894,-0.0,2.354902,0.2,-0.065,0.199799,0.003544,camera_link,23.633335,gnm_closed_loop,,nominal,,True,ok,checkpoints/ablation_mnv2_baseline/best.pt,5.01,0.6021,-0.065,0.1505,-0.0024,0.3578,,,gnm_closed_loop,0.2,-0.065,False,0,,isaac_live_final_20260708,,selected_baseline_live,,,,,,,False,hospital_goal_C,0.4563,True,0.6021,-0.065,0.2,-0.065,True,armed,False,
livefinal_low_curvature_20260708_180949,836,23.650001,1783530598.595252,0.037639,-0.036586,-0.0,2.354899,0.2,-0.065,0.199799,0.003544,camera_link,23.650001,gnm_closed_loop,,nominal,,True,ok,checkpoints/ablation_mnv2_baseline/best.pt,5.01,0.6021,-0.065,0.1505,-0.0024,0.3578,,,gnm_closed_loop,0.2,-0.065,False,0,,isaac_live_final_20260708,,selected_baseline_live,,,,,,,False,hospital_goal_C,0.4547,True,0.6021,-0.065,0.2,-0.065,True,armed,False,
livefinal_low_curvature_20260708_180949,837,23.666668,1783530598.611455,0.035292,-0.034233,0.0,2.354896,0.2,-0.0631,0.199832,0.003342,camera_link,23.666668,gnm_closed_loop,,nominal,,True,ok,checkpoints/ablation_mnv2_baseline/best.pt,5.28,0.5434,-0.0631,0.1359,-0.0021,0.3566,,,gnm_closed_loop,0.2,-0.0631,False,0,,isaac_live_final_20260708,,selected_baseline_live,,,,,,,False,hospital_goal_C,0.4531,True,0.5434,-0.0631,0.2,-0.0631,True,armed,False,
livefinal_low_curvature_20260708_180949,838,23.683335,1783530598.614054,0.032944,-0.031879,0.0,2.354894,0.2,-0.0631,0.199832,0.003342,camera_link,23.683335,gnm_closed_loop,,nominal,,True,ok,checkpoints/ablation_mnv2_baseline/best.pt,5.28,0.5434,-0.0631,0.1359,-0.0021,0.3566,,,gnm_closed_loop,0.2,-0.0631,False,0,,isaac_live_final_20260708,,selected_baseline_live,,,,,,,False,hospital_goal_C,0.4515,True,0.5434,-0.0631,0.2,-0.0631,True,armed,False,
livefinal_low_curvature_20260708_180949,839,23.700001,1783530598.616054,0.030597,-0.029526,-0.0,2.354891,0.2,-0.0631,0.199832,0.003342,camera_link,23.700001,gnm_closed_loop,,nominal,,True,ok,checkpoints/ablation_mnv2_baseline/best.pt,5.28,0.5434,-0.0631,0.1359,-0.0021,0.3566,,,gnm_closed_loop,0.2,-0.0631,False,0,,isaac_live_final_20260708,,selected_baseline_live,,,,,,,False,hospital_goal_C,0.4499,True,0.5434,-0.0631,0.2,-0.0631,True,armed,False,
livefinal_low_curvature_20260708_180949,840,23.716668,1783530598.634322,0.028249,-0.027172,-0.0,2.354889,0.2,-0.0564,0.199827,0.003302,camera_link,23.716668,gnm_closed_loop,,nominal,,True,ok,checkpoints/ablation_mnv2_baseline/best.pt,5.79,0.5329,-0.0564,0.1332,-0.0019,0.3611,,,gnm_closed_loop,0.2,-0.0564,False,0,,isaac_live_final_20260708,,selected_baseline_live,,,,,,,False,hospital_goal_C,0.4484,True,0.5329,-0.0564,0.2,-0.0564,True,armed,False,
livefinal_low_curvature_20260708_180949,841,23.733335,1783530598.63695,0.025902,-0.024819,-0.0,2.354887,0.2,-0.0564,0.199827,0.003302,camera_link,23.733335,gnm_closed_loop,,nominal,,True,ok,checkpoints/ablation_mnv2_baseline/best.pt,5.79,0.5329,-0.0564,0.1332,-0.0019,0.3611,,,gnm_closed_loop,0.2,-0.0564,False,0,,isaac_live_final_20260708,,selected_baseline_live,,,,,,,False,hospital_goal_C,0.4468,True,0.5329,-0.0564,0.2,-0.0564,True,armed,False,
livefinal_low_curvature_20260708_180949,842,23.750001,1783530598.639119,0.023554,-0.022465,-0.0,2.354885,0.2,-0.0564,0.199827,0.003302,camera_link,23.750001,gnm_closed_loop,,nominal,,True,ok,checkpoints/ablation_mnv2_baseline/best.pt,5.79,0.5329,-0.0564,0.1332,-0.0019,0.3611,,,gnm_closed_loop,0.2,-0.0564,False,0,,isaac_live_final_20260708,,selected_baseline_live,,,,,,,False,hospital_goal_C,0.4453,True,0.5329,-0.0564,0.2,-0.0564,True,armed,False,
livefinal_low_curvature_20260708_180949,843,23.766668,1783530598.655715,0.021207,-0.020112,-0.0,2.354882,0.2,-0.0673,0.199803,0.00331,camera_link,23.766668,gnm_closed_loop,,nominal,,True,ok,checkpoints/ablation_mnv2_baseline/best.pt,4.6,0.5062,-0.0673,0.1266,-0.0021,0.357,,,gnm_closed_loop,0.2,-0.0673,False,0,,isaac_live_final_20260708,,selected_baseline_live,,,,,,,False,hospital_goal_C,0.4438,True,0.5062,-0.0673,0.2,-0.0673,True,armed,False,
livefinal_low_curvature_20260708_180949,844,23.783335,1783530598.658231,0.018859,-0.017758,-0.0,2.354879,0.2,-0.0673,0.199803,0.00331,camera_link,23.783335,gnm_closed_loop,,nominal,,True,ok,checkpoints/ablation_mnv2_baseline/best.pt,4.6,0.5062,-0.0673,0.1266,-0.0021,0.357,,,gnm_closed_loop,0.2,-0.0673,False,0,,isaac_live_final_20260708,,selected_baseline_live,,,,,,,False,hospital_goal_C,0.4424,True,0.5062,-0.0673,0.2,-0.0673,True,armed,False,
livefinal_low_curvature_20260708_180949,845,23.800001,1783530598.660242,0.016512,-0.015405,0.0,2.354876,0.2,-0.0673,0.199803,0.00331,camera_link,23.800001,gnm_closed_loop,,nominal,,True,ok,checkpoints/ablation_mnv2_baseline/best.pt,4.6,0.5062,-0.0673,0.1266,-0.0021,0.357,,,gnm_closed_loop,0.2,-0.0673,False,0,,isaac_live_final_20260708,,selected_baseline_live,,,,,,,False,hospital_goal_C,0.4409,True,0.5062,-0.0673,0.2,-0.0673,True,armed,False,
livefinal_low_curvature_20260708_180949,846,23.816668,1783530598.678437,0.014164,-0.013051,-0.0,2.354874,0.2,-0.0762,0.199804,0.003724,camera_link,23.816668,gnm_closed_loop,,nominal,,True,ok,checkpoints/ablation_mnv2_baseline/best.pt,5.39,0.4791,-0.0762,0.1198,-0.0023,0.355,,,gnm_closed_loop,0.2,-0.0762,False,0,,isaac_live_final_20260708,,selected_baseline_live,,,,,,,False,hospital_goal_C,0.4395,True,0.4791,-0.0762,0.2,-0.0762,True,armed,False,
livefinal_low_curvature_20260708_180949,847,23.833335,1783530598.680904,0.011817,-0.010698,-0.0,2.354871,0.2,-0.0762,0.199804,0.003724,camera_link,23.833335,gnm_closed_loop,,nominal,,True,ok,checkpoints/ablation_mnv2_baseline/best.pt,5.39,0.4791,-0.0762,0.1198,-0.0023,0.355,,,gnm_closed_loop,0.2,-0.0762,False,0,,isaac_live_final_20260708,,selected_baseline_live,,,,,,,False,hospital_goal_C,0.438,True,0.4791,-0.0762,0.2,-0.0762,True,armed,False,
livefinal_low_curvature_20260708_180949,848,23.850001,1783530598.684057,0.009469,-0.008344,-0.0,2.354868,0.2,-0.0762,0.199804,0.003724,camera_link,23.850001,gnm_closed_loop,,nominal,,True,ok,checkpoints/ablation_mnv2_baseline/best.pt,5.39,0.4791,-0.0762,0.1198,-0.0023,0.355,,,gnm_closed_loop,0.2,-0.0762,False,0,,isaac_live_final_20260708,,selected_baseline_live,,,,,,,False,hospital_goal_C,0.4367,True,0.4791,-0.0762,0.2,-0.0762,True,armed,False,
livefinal_low_curvature_20260708_180949,849,23.866668,1783530598.703454,0.007122,-0.005991,-0.0,2.354865,0.2,-0.0727,0.199798,0.004385,camera_link,23.866668,gnm_closed_loop,,nominal,,True,ok,checkpoints/ablation_mnv2_baseline/best.pt,6.31,0.4835,-0.0727,0.1209,-0.0022,0.349,,,gnm_closed_loop,0.2,-0.0727,False,0,,isaac_live_final_20260708,,selected_baseline_live,,,,,,,False,hospital_goal_C,0.4353,True,0.4835,-0.0727,0.2,-0.0727,True,armed,False,
livefinal_low_curvature_20260708_180949,850,23.883335,1783530598.707402,0.004775,-0.003637,-0.0,2.354861,0.2,-0.0727,0.199798,0.004385,camera_link,23.883335,gnm_closed_loop,,nominal,,True,ok,checkpoints/ablation_mnv2_baseline/best.pt,6.31,0.4835,-0.0727,0.1209,-0.0022,0.349,,,gnm_closed_loop,0.2,-0.0727,False,0,,isaac_live_final_20260708,,selected_baseline_live,,,,,,,False,hospital_goal_C,0.4339,True,0.4835,-0.0727,0.2,-0.0727,True,armed,False,
livefinal_low_curvature_20260708_180949,851,23.900001,1783530598.709745,0.002427,-0.001284,-0.0,2.354858,0.2,-0.0727,0.199798,0.004385,camera_link,23.900001,gnm_closed_loop,,nominal,,True,ok,checkpoints/ablation_mnv2_baseline/best.pt,6.31,0.4835,-0.0727,0.1209,-0.0022,0.349,,,gnm_closed_loop,0.2,-0.0727,False,0,,isaac_live_final_20260708,,selected_baseline_live,,,,,,,False,hospital_goal_C,0.4326,True,0.4835,-0.0727,0.2,-0.0727,True,armed,False,
livefinal_low_curvature_20260708_180949,852,23.916668,1783530598.732403,8e-05,0.00107,-0.0,2.354855,0.2,-0.0908,0.199797,0.004085,camera_link,23.916668,gnm_closed_loop,,nominal,,True,ok,checkpoints/ablation_mnv2_baseline/best.pt,5.58,0.4427,-0.0908,0.1107,-0.0025,0.3416,,,gnm_closed_loop,0.2,-0.0908,False,0,,isaac_live_final_20260708,,selected_baseline_live,,,,,,,False,hospital_goal_C,0.4313,True,0.4427,-0.0908,0.2,-0.0908,True,armed,False,
livefinal_low_curvature_20260708_180949,853,23.933335,1783530598.734739,-0.002267,0.003423,-0.0,2.354851,0.2,-0.0908,0.199797,0.004085,camera_link,23.933335,gnm_closed_loop,,nominal,,True,ok,checkpoints/ablation_mnv2_baseline/best.pt,5.58,0.4427,-0.0908,0.1107,-0.0025,0.3416,,,gnm_closed_loop,0.2,-0.0908,False,0,,isaac_live_final_20260708,,selected_baseline_live,,,,,,,False,hospital_goal_C,0.43,True,0.4427,-0.0908,0.2,-0.0908,True,armed,False,
livefinal_low_curvature_20260708_180949,854,23.950001,1783530598.736652,-0.004615,0.005777,-0.0,2.354847,0.2,-0.0908,0.199797,0.004085,camera_link,23.950001,gnm_closed_loop,,nominal,,True,ok,checkpoints/ablation_mnv2_baseline/best.pt,5.58,0.4427,-0.0908,0.1107,-0.0025,0.3416,,,gnm_closed_loop,0.2,-0.0908,False,0,,isaac_live_final_20260708,,selected_baseline_live,,,,,,,False,hospital_goal_C,0.4287,True,0.4427,-0.0908,0.2,-0.0908,True,armed,False,
livefinal_low_curvature_20260708_180949,855,23.966668,1783530598.754289,-0.006962,0.00813,-0.0,2.354843,0.2,-0.1044,0.199816,0.005478,camera_link,23.966668,gnm_closed_loop,,nominal,,True,ok,checkpoints/ablation_mnv2_baseline/best.pt,5.2,0.4202,-0.1044,0.105,-0.0027,0.3356,,,gnm_closed_loop,0.2,-0.1044,False,0,,isaac_live_final_20260708,,selected_baseline_live,,,,,,,False,hospital_goal_C,0.4275,True,0.4202,-0.1044,0.2,-0.1044,True,armed,False,
livefinal_low_curvature_20260708_180949,856,23.983335,1783530598.756692,-0.009309,0.010483,-0.0,2.354838,0.2,-0.1044,0.199816,0.005478,camera_link,23.983335,gnm_closed_loop,,nominal,,True,ok,checkpoints/ablation_mnv2_baseline/best.pt,5.2,0.4202,-0.1044,0.105,-0.0027,0.3356,,,gnm_closed_loop,0.2,-0.1044,False,0,,isaac_live_final_20260708,,selected_baseline_live,,,,,,,False,hospital_goal_C,0.4263,True,0.4202,-0.1044,0.2,-0.1044,True,armed,False,
livefinal_low_curvature_20260708_180949,857,24.000001,1783530598.758602,-0.011656,0.012837,-0.0,2.354834,0.2,-0.1044,0.199816,0.005478,camera_link,24.000001,gnm_closed_loop,,nominal,,True,ok,checkpoints/ablation_mnv2_baseline/best.pt,5.2,0.4202,-0.1044,0.105,-0.0027,0.3356,,,gnm_closed_loop,0.2,-0.1044,False,0,,isaac_live_final_20260708,,selected_baseline_live,,,,,,,False,hospital_goal_C,0.4251,True,0.4202,-0.1044,0.2,-0.1044,True,armed,False,
livefinal_low_curvature_20260708_180949,858,24.016668,1783530598.774973,-0.014004,0.01519,0.0,2.35483,0.2,-0.0926,0.199805,0.0055,camera_link,24.016668,gnm_closed_loop,,nominal,,True,ok,checkpoints/ablation_mnv2_baseline/best.pt,5.21,0.435,-0.0926,0.1088,-0.0025,0.3411,,,gnm_closed_loop,0.2,-0.0926,False,0,,isaac_live_final_20260708,,selected_baseline_live,,,,,,,False,hospital_goal_C,0.4239,True,0.435,-0.0926,0.2,-0.0926,True,armed,False,
livefinal_low_curvature_20260708_180949,859,24.033335,1783530598.777267,-0.016351,0.017543,-0.0,2.354827,0.2,-0.0926,0.199805,0.0055,camera_link,24.033335,gnm_closed_loop,,nominal,,True,ok,checkpoints/ablation_mnv2_baseline/best.pt,5.21,0.435,-0.0926,0.1088,-0.0025,0.3411,,,gnm_closed_loop,0.2,-0.0926,False,0,,isaac_live_final_20260708,,selected_baseline_live,,,,,,,False,hospital_goal_C,0.4227,True,0.435,-0.0926,0.2,-0.0926,True,armed,False,
livefinal_low_curvature_20260708_180949,860,24.050001,1783530598.779292,-0.018698,0.019897,0.0,2.354824,0.2,-0.0926,0.199805,0.0055,camera_link,24.050001,gnm_closed_loop,,nominal,,True,ok,checkpoints/ablation_mnv2_baseline/best.pt,5.21,0.435,-0.0926,0.1088,-0.0025,0.3411,,,gnm_closed_loop,0.2,-0.0926,False,0,,isaac_live_final_20260708,,selected_baseline_live,,,,,,,False,hospital_goal_C,0.4216,True,0.435,-0.0926,0.2,-0.0926,True,armed,False,
livefinal_low_curvature_20260708_180949,861,24.066668,1783530598.80505,-0.021045,0.02225,-0.0,2.354821,0.2,-0.0992,0.199803,0.004519,camera_link,24.066668,gnm_closed_loop,,nominal,,True,ok,checkpoints/ablation_mnv2_baseline/best.pt,8.58,0.4215,-0.0992,0.1054,-0.0026,0.3386,,,gnm_closed_loop,0.2,-0.0992,False,0,,isaac_live_final_20260708,,selected_baseline_live,,,,,,,False,hospital_goal_C,0.4205,True,0.4215,-0.0992,0.2,-0.0992,True,armed,False,
livefinal_low_curvature_20260708_180949,862,24.083335,1783530598.808512,-0.023392,0.024604,0.0,2.354817,0.2,-0.0992,0.199803,0.004519,camera_link,24.083335,gnm_closed_loop,,nominal,,True,ok,checkpoints/ablation_mnv2_baseline/best.pt,8.58,0.4215,-0.0992,0.1054,-0.0026,0.3386,,,gnm_closed_loop,0.2,-0.0992,False,0,,isaac_live_final_20260708,,selected_baseline_live,,,,,,,False,hospital_goal_C,0.4194,True,0.4215,-0.0992,0.2,-0.0992,True,armed,False,
livefinal_low_curvature_20260708_180949,863,24.100001,1783530598.810767,-0.025739,0.026957,0.0,2.354813,0.2,-0.0992,0.199803,0.004519,camera_link,24.100001,gnm_closed_loop,,nominal,,True,ok,checkpoints/ablation_mnv2_baseline/best.pt,8.58,0.4215,-0.0992,0.1054,-0.0026,0.3386,,,gnm_closed_loop,0.2,-0.0992,False,0,,isaac_live_final_20260708,,selected_baseline_live,,,,,,,False,hospital_goal_C,0.4184,True,0.4215,-0.0992,0.2,-0.0992,True,armed,False,
livefinal_low_curvature_20260708_180949,864,24.116668,1783530598.835482,-0.028087,0.029311,-0.0,2.354809,0.2,-0.115,0.199783,0.004873,camera_link,24.116668,gnm_closed_loop,,nominal,,True,ok,checkpoints/ablation_mnv2_baseline/best.pt,5.67,0.4029,-0.115,0.1007,-0.0029,0.3349,,,gnm_closed_loop,0.2,-0.115,False,0,,isaac_live_final_20260708,,selected_baseline_live,,,,,,,False,hospital_goal_C,0.4173,True,0.4029,-0.115,0.2,-0.115,True,armed,False,
livefinal_low_curvature_20260708_180949,865,24.133335,1783530598.837939,-0.030434,0.031665,0.0,2.354805,0.2,-0.115,0.199783,0.004873,camera_link,24.133335,gnm_closed_loop,,nominal,,True,ok,checkpoints/ablation_mnv2_baseline/best.pt,5.67,0.4029,-0.115,0.1007,-0.0029,0.3349,,,gnm_closed_loop,0.2,-0.115,False,0,,isaac_live_final_20260708,,selected_baseline_live,,,,,,,False,hospital_goal_C,0.4163,True,0.4029,-0.115,0.2,-0.115,True,armed,False,
livefinal_low_curvature_20260708_180949,866,24.150001,1783530598.840221,-0.032781,0.034018,-0.0,2.354801,0.2,-0.115,0.199783,0.004873,camera_link,24.150001,gnm_closed_loop,,nominal,,True,ok,checkpoints/ablation_mnv2_baseline/best.pt,5.67,0.4029,-0.115,0.1007,-0.0029,0.3349,,,gnm_closed_loop,0.2,-0.115,False,0,,isaac_live_final_20260708,,selected_baseline_live,,,,,,,False,hospital_goal_C,0.4153,True,0.4029,-0.115,0.2,-0.115,True,armed,False,
livefinal_low_curvature_20260708_180949,867,24.166668,1783530598.860628,-0.035128,0.036372,-0.0,2.354796,0.2,-0.1077,0.199774,0.005479,camera_link,24.166668,gnm_closed_loop,,nominal,,True,ok,checkpoints/ablation_mnv2_baseline/best.pt,5.86,0.4031,-0.1077,0.1008,-0.0027,0.3426,,,gnm_closed_loop,0.2,-0.1077,False,0,,isaac_live_final_20260708,,selected_baseline_live,,,,,,,False,hospital_goal_C,0.4144,True,0.4031,-0.1077,0.2,-0.1077,True,armed,False,
livefinal_low_curvature_20260708_180949,868,24.183335,1783530598.863764,-0.037475,0.038725,0.0,2.354792,0.2,-0.1077,0.199774,0.005479,camera_link,24.183335,gnm_closed_loop,,nominal,,True,ok,checkpoints/ablation_mnv2_baseline/best.pt,5.86,0.4031,-0.1077,0.1008,-0.0027,0.3426,,,gnm_closed_loop,0.2,-0.1077,False,0,,isaac_live_final_20260708,,selected_baseline_live,,,,,,,False,hospital_goal_C,0.4134,True,0.4031,-0.1077,0.2,-0.1077,True,armed,False,
livefinal_low_curvature_20260708_180949,869,24.200001,1783530598.865782,-0.039822,0.041079,0.0,2.354788,0.2,-0.1077,0.199774,0.005479,camera_link,24.200001,gnm_closed_loop,,nominal,,True,ok,checkpoints/ablation_mnv2_baseline/best.pt,5.86,0.4031,-0.1077,0.1008,-0.0027,0.3426,,,gnm_closed_loop,0.2,-0.1077,False,0,,isaac_live_final_20260708,,selected_baseline_live,,,,,,,False,hospital_goal_C,0.4125,True,0.4031,-0.1077,0.2,-0.1077,True,armed,False,
livefinal_low_curvature_20260708_180949,870,24.216668,1783530598.886339,-0.04217,0.043432,0.0,2.354784,0.2,-0.117,0.199788,0.005402,camera_link,24.216668,gnm_closed_loop,,nominal,,True,ok,checkpoints/ablation_mnv2_baseline/best.pt,4.94,0.3739,-0.117,0.0935,-0.0027,0.3449,,,gnm_closed_loop,0.2,-0.117,False,0,,isaac_live_final_20260708,,selected_baseline_live,,,,,,,False,hospital_goal_C,0.4116,True,0.3739,-0.117,0.2,-0.117,True,armed,False,
livefinal_low_curvature_20260708_180949,871,24.233335,1783530598.888913,-0.044517,0.045786,0.0,2.35478,0.2,-0.117,0.199788,0.005402,camera_link,24.233335,gnm_closed_loop,,nominal,,True,ok,checkpoints/ablation_mnv2_baseline/best.pt,4.94,0.3739,-0.117,0.0935,-0.0027,0.3449,,,gnm_closed_loop,0.2,-0.117,False,0,,isaac_live_final_20260708,,selected_baseline_live,,,,,,,False,hospital_goal_C,0.4108,True,0.3739,-0.117,0.2,-0.117,True,armed,False,
livefinal_low_curvature_20260708_180949,872,24.250001,1783530598.890855,-0.046864,0.04814,-0.0,2.354775,0.2,-0.117,0.199788,0.005402,camera_link,24.250001,gnm_closed_loop,,nominal,,True,ok,checkpoints/ablation_mnv2_baseline/best.pt,4.94,0.3739,-0.117,0.0935,-0.0027,0.3449,,,gnm_closed_loop,0.2,-0.117,False,0,,isaac_live_final_20260708,,selected_baseline_live,,,,,,,False,hospital_goal_C,0.4099,True,0.3739,-0.117,0.2,-0.117,True,armed,False,
livefinal_low_curvature_20260708_180949,873,24.266668,1783530598.907049,-0.049211,0.050493,0.0,2.354771,0.2,-0.1109,0.199784,0.005621,camera_link,24.266668,gnm_closed_loop,,nominal,,True,ok,checkpoints/ablation_mnv2_baseline/best.pt,5.47,0.3776,-0.1109,0.0944,-0.0026,0.3477,,,gnm_closed_loop,0.2,-0.1109,False,0,,isaac_live_final_20260708,,selected_baseline_live,,,,,,,False,hospital_goal_C,0.4091,True,0.3776,-0.1109,0.2,-0.1109,True,armed,False,
livefinal_low_curvature_20260708_180949,874,24.283335,1783530598.909436,-0.051558,0.052847,-0.0,2.354767,0.2,-0.1109,0.199784,0.005621,camera_link,24.283335,gnm_closed_loop,,nominal,,True,ok,checkpoints/ablation_mnv2_baseline/best.pt,5.47,0.3776,-0.1109,0.0944,-0.0026,0.3477,,,gnm_closed_loop,0.2,-0.1109,False,0,,isaac_live_final_20260708,,selected_baseline_live,,,,,,,False,hospital_goal_C,0.4083,True,0.3776,-0.1109,0.2,-0.1109,True,armed,False,
livefinal_low_curvature_20260708_180949,875,24.300001,1783530598.911676,-0.053905,0.0552,-0.0,2.354763,0.2,-0.1109,0.199784,0.005621,camera_link,24.300001,gnm_closed_loop,,nominal,,True,ok,checkpoints/ablation_mnv2_baseline/best.pt,5.47,0.3776,-0.1109,0.0944,-0.0026,0.3477,,,gnm_closed_loop,0.2,-0.1109,False,0,,isaac_live_final_20260708,,selected_baseline_live,,,,,,,False,hospital_goal_C,0.4075,True,0.3776,-0.1109,0.2,-0.1109,True,armed,False,
livefinal_low_curvature_20260708_180949,876,24.316668,1783530598.929209,-0.056252,0.057554,0.0,2.354758,0.2,-0.1011,0.199799,0.005744,camera_link,24.316668,gnm_closed_loop,,nominal,,True,ok,checkpoints/ablation_mnv2_baseline/best.pt,5.04,0.4303,-0.1011,0.1076,-0.0027,0.3495,,,gnm_closed_loop,0.2,-0.1011,False,0,,isaac_live_final_20260708,,selected_baseline_live,,,,,,,False,hospital_goal_C,0.4068,True,0.4303,-0.1011,0.2,-0.1011,True,armed,False,
livefinal_low_curvature_20260708_180949,877,24.333335,1783530598.932079,-0.0586,0.059908,-0.0,2.354755,0.2,-0.1011,0.199799,0.005744,camera_link,24.333335,gnm_closed_loop,,nominal,,True,ok,checkpoints/ablation_mnv2_baseline/best.pt,5.04,0.4303,-0.1011,0.1076,-0.0027,0.3495,,,gnm_closed_loop,0.2,-0.1011,False,0,,isaac_live_final_20260708,,selected_baseline_live,,,,,,,False,hospital_goal_C,0.4061,True,0.4303,-0.1011,0.2,-0.1011,True,armed,False,
livefinal_low_curvature_20260708_180949,878,24.350001,1783530598.934196,-0.060947,0.062262,0.0,2.35475,0.2,-0.1011,0.199799,0.005744,camera_link,24.350001,gnm_closed_loop,,nominal,,True,ok,checkpoints/ablation_mnv2_baseline/best.pt,5.04,0.4303,-0.1011,0.1076,-0.0027,0.3495,,,gnm_closed_loop,0.2,-0.1011,False,0,,isaac_live_final_20260708,,selected_baseline_live,,,,,,,False,hospital_goal_C,0.4054,True,0.4303,-0.1011,0.2,-0.1011,True,armed,False,
livefinal_low_curvature_20260708_180949,879,24.366668,1783530598.954923,-0.063294,0.064616,-0.0,2.354747,0.2,-0.0919,0.199786,0.004468,camera_link,24.366668,gnm_closed_loop,,nominal,,True,ok,checkpoints/ablation_mnv2_baseline/best.pt,5.7,0.4631,-0.0919,0.1158,-0.0027,0.355,,,gnm_closed_loop,0.2,-0.0919,False,0,,isaac_live_final_20260708,,selected_baseline_live,,,,,,,False,hospital_goal_C,0.4048,True,0.4631,-0.0919,0.2,-0.0919,True,armed,False,
livefinal_low_curvature_20260708_180949,880,24.383335,1783530598.957258,-0.065641,0.06697,0.0,2.354744,0.2,-0.0919,0.199786,0.004468,camera_link,24.383335,gnm_closed_loop,,nominal,,True,ok,checkpoints/ablation_mnv2_baseline/best.pt,5.7,0.4631,-0.0919,0.1158,-0.0027,0.355,,,gnm_closed_loop,0.2,-0.0919,False,0,,isaac_live_final_20260708,,selected_baseline_live,,,,,,,False,hospital_goal_C,0.4041,True,0.4631,-0.0919,0.2,-0.0919,True,armed,False,
livefinal_low_curvature_20260708_180949,881,24.400001,1783530598.959318,-0.067988,0.069323,-0.0,2.35474,0.2,-0.0919,0.199786,0.004468,camera_link,24.400001,gnm_closed_loop,,nominal,,True,ok,checkpoints/ablation_mnv2_baseline/best.pt,5.7,0.4631,-0.0919,0.1158,-0.0027,0.355,,,gnm_closed_loop,0.2,-0.0919,False,0,,isaac_live_final_20260708,,selected_baseline_live,,,,,,,False,hospital_goal_C,0.4035,True,0.4631,-0.0919,0.2,-0.0919,True,armed,False,
livefinal_low_curvature_20260708_180949,882,24.416668,1783530598.976377,-0.070335,0.071677,-0.0,2.354736,0.2,-0.0965,0.199799,0.004658,camera_link,24.416668,gnm_closed_loop,,nominal,,True,ok,checkpoints/ablation_mnv2_baseline/best.pt,4.82,0.4212,-0.0965,0.1053,-0.0025,0.3537,,,gnm_closed_loop,0.2,-0.0965,False,0,,isaac_live_final_20260708,,selected_baseline_live,,,,,,,False,hospital_goal_C,0.4029,True,0.4212,-0.0965,0.2,-0.0965,True,armed,False,
livefinal_low_curvature_20260708_180949,883,24.433335,1783530598.9787,-0.072683,0.074031,0.0,2.354732,0.2,-0.0965,0.199799,0.004658,camera_link,24.433335,gnm_closed_loop,,nominal,,True,ok,checkpoints/ablation_mnv2_baseline/best.pt,4.82,0.4212,-0.0965,0.1053,-0.0025,0.3537,,,gnm_closed_loop,0.2,-0.0965,False,0,,isaac_live_final_20260708,,selected_baseline_live,,,,,,,False,hospital_goal_C,0.4024,True,0.4212,-0.0965,0.2,-0.0965,True,armed,False,
livefinal_low_curvature_20260708_180949,884,24.450001,1783530598.980701,-0.07503,0.076385,-0.0,2.354729,0.2,-0.0965,0.199799,0.004658,camera_link,24.450001,gnm_closed_loop,,nominal,,True,ok,checkpoints/ablation_mnv2_baseline/best.pt,4.82,0.4212,-0.0965,0.1053,-0.0025,0.3537,,,gnm_closed_loop,0.2,-0.0965,False,0,,isaac_live_final_20260708,,selected_baseline_live,,,,,,,False,hospital_goal_C,0.4018,True,0.4212,-0.0965,0.2,-0.0965,True,armed,False,
livefinal_low_curvature_20260708_180949,885,24.466668,1783530598.997612,-0.077377,0.078739,0.0,2.354725,0.2,-0.1096,0.199796,0.005059,camera_link,24.466668,gnm_closed_loop,,nominal,,True,ok,checkpoints/ablation_mnv2_baseline/best.pt,5.17,0.3754,-0.1096,0.0939,-0.0026,0.3501,,,gnm_closed_loop,0.2,-0.1096,False,0,,isaac_live_final_20260708,,selected_baseline_live,,,,,,,False,hospital_goal_C,0.4013,True,0.3754,-0.1096,0.2,-0.1096,True,armed,False,
livefinal_low_curvature_20260708_180949,886,24.483335,1783530598.999891,-0.079724,0.081093,0.0,2.354721,0.2,-0.1096,0.199796,0.005059,camera_link,24.483335,gnm_closed_loop,,nominal,,True,ok,checkpoints/ablation_mnv2_baseline/best.pt,5.17,0.3754,-0.1096,0.0939,-0.0026,0.3501,,,gnm_closed_loop,0.2,-0.1096,False,0,,isaac_live_final_20260708,,selected_baseline_live,,,,,,,False,hospital_goal_C,0.4009,True,0.3754,-0.1096,0.2,-0.1096,True,armed,False,
livefinal_low_curvature_20260708_180949,887,24.500001,1783530599.001749,-0.082072,0.083447,-0.0,2.354717,0.2,-0.1096,0.199796,0.005059,camera_link,24.500001,gnm_closed_loop,,nominal,,True,ok,checkpoints/ablation_mnv2_baseline/best.pt,5.17,0.3754,-0.1096,0.0939,-0.0026,0.3501,,,gnm_closed_loop,0.2,-0.1096,False,0,,isaac_live_final_20260708,,selected_baseline_live,,,,,,,False,hospital_goal_C,0.4004,True,0.3754,-0.1096,0.2,-0.1096,True,armed,False,
livefinal_low_curvature_20260708_180949,888,24.516668,1783530599.017765,-0.084419,0.085801,-0.0,2.354713,0.2,-0.1479,0.199779,0.005349,camera_link,24.516668,gnm_closed_loop,,nominal,,True,ok,checkpoints/ablation_mnv2_baseline/best.pt,4.51,0.3038,-0.1479,0.076,-0.0028,0.3432,,,gnm_closed_loop,0.2,-0.1479,False,0,,isaac_live_final_20260708,,selected_baseline_live,,,,,,,False,hospital_goal_C,0.4,True,0.3038,-0.1479,0.2,-0.1479,True,armed,False,
livefinal_low_curvature_20260708_180949,889,24.533335,1783530599.020637,-0.086767,0.088156,0.0,2.354708,0.2,-0.1479,0.199779,0.005349,camera_link,24.533335,gnm_closed_loop,,nominal,,True,ok,checkpoints/ablation_mnv2_baseline/best.pt,4.51,0.3038,-0.1479,0.076,-0.0028,0.3432,,,gnm_closed_loop,0.2,-0.1479,False,0,,isaac_live_final_20260708,,selected_baseline_live,,,,,,,False,hospital_goal_C,0.3996,True,0.3038,-0.1479,0.2,-0.1479,True,armed,False,
livefinal_low_curvature_20260708_180949,890,24.550001,1783530599.022608,-0.089114,0.090509,-0.0,2.354702,0.2,-0.1479,0.199779,0.005349,camera_link,24.550001,gnm_closed_loop,,nominal,,True,ok,checkpoints/ablation_mnv2_baseline/best.pt,4.51,0.3038,-0.1479,0.076,-0.0028,0.3432,,,gnm_closed_loop,0.2,-0.1479,False,0,,isaac_live_final_20260708,,selected_baseline_live,,,,,,,False,hospital_goal_C,0.3993,True,0.3038,-0.1479,0.2,-0.1479,True,armed,False,
livefinal_low_curvature_20260708_180949,891,24.566668,1783530599.038887,-0.091461,0.092863,0.0,2.354696,0.2,-0.1447,0.199664,0.007694,camera_link,24.566668,gnm_closed_loop,,nominal,,True,ok,checkpoints/ablation_mnv2_baseline/best.pt,4.88,0.3108,-0.1447,0.0777,-0.0028,0.3439,,,gnm_closed_loop,0.2,-0.1447,False,0,,isaac_live_final_20260708,,selected_baseline_live,,,,,,,False,hospital_goal_C,0.3989,True,0.3108,-0.1447,0.2,-0.1447,True,armed,False,
livefinal_low_curvature_20260708_180949,892,24.583335,1783530599.041559,-0.093808,0.095218,0.0,2.35469,0.2,-0.1447,0.199664,0.007694,camera_link,24.583335,gnm_closed_loop,,nominal,,True,ok,checkpoints/ablation_mnv2_baseline/best.pt,4.88,0.3108,-0.1447,0.0777,-0.0028,0.3439,,,gnm_closed_loop,0.2,-0.1447,False,0,,isaac_live_final_20260708,,selected_baseline_live,,,,,,,False,hospital_goal_C,0.3986,True,0.3108,-0.1447,0.2,-0.1447,True,armed,False,
livefinal_low_curvature_20260708_180949,893,24.600001,1783530599.043694,-0.096155,0.097571,-0.0,2.354684,0.2,-0.1447,0.199664,0.007694,camera_link,24.600001,gnm_closed_loop,,nominal,,True,ok,checkpoints/ablation_mnv2_baseline/best.pt,4.88,0.3108,-0.1447,0.0777,-0.0028,0.3439,,,gnm_closed_loop,0.2,-0.1447,False,0,,isaac_live_final_20260708,,selected_baseline_live,,,,,,,False,hospital_goal_C,0.3983,True,0.3108,-0.1447,0.2,-0.1447,True,armed,False,
livefinal_low_curvature_20260708_180949,894,24.616668,1783530599.065364,-0.098502,0.099925,-0.0,2.354679,0.2,-0.1383,0.199735,0.006824,camera_link,24.616668,gnm_closed_loop,,nominal,,True,ok,checkpoints/ablation_mnv2_baseline/best.pt,9.06,0.3237,-0.1383,0.0809,-0.0028,0.3417,,,gnm_closed_loop,0.2,-0.1383,False,0,,isaac_live_final_20260708,,selected_baseline_live,,,,,,,False,hospital_goal_C,0.3981,True,0.3237,-0.1383,0.2,-0.1383,True,armed,False,
livefinal_low_curvature_20260708_180949,895,24.633335,1783530599.068043,-0.100849,0.102279,0.0,2.354674,0.2,-0.1383,0.199735,0.006824,camera_link,24.633335,gnm_closed_loop,,nominal,,True,ok,checkpoints/ablation_mnv2_baseline/best.pt,9.06,0.3237,-0.1383,0.0809,-0.0028,0.3417,,,gnm_closed_loop,0.2,-0.1383,False,0,,isaac_live_final_20260708,,selected_baseline_live,,,,,,,False,hospital_goal_C,0.3978,True,0.3237,-0.1383,0.2,-0.1383,True,armed,False,
livefinal_low_curvature_20260708_180949,896,24.650001,1783530599.069998,-0.103196,0.104633,0.0,2.354668,0.2,-0.1383,0.199735,0.006824,camera_link,24.650001,gnm_closed_loop,,nominal,,True,ok,checkpoints/ablation_mnv2_baseline/best.pt,9.06,0.3237,-0.1383,0.0809,-0.0028,0.3417,,,gnm_closed_loop,0.2,-0.1383,False,0,,isaac_live_final_20260708,,selected_baseline_live,,,,,,,False,hospital_goal_C,0.3976,True,0.3237,-0.1383,0.2,-0.1383,True,armed,False,
livefinal_low_curvature_20260708_180949,897,24.666668,1783530599.087436,-0.105544,0.106987,0.0,2.354662,0.2,-0.1133,0.199706,0.007631,camera_link,24.666668,gnm_closed_loop,,nominal,,True,ok,checkpoints/ablation_mnv2_baseline/best.pt,4.48,0.3537,-0.1133,0.0884,-0.0025,0.3447,,,gnm_closed_loop,0.2,-0.1133,False,0,,isaac_live_final_20260708,,selected_baseline_live,,,,,,,False,hospital_goal_C,0.3975,True,0.3537,-0.1133,0.2,-0.1133,True,armed,False,
livefinal_low_curvature_20260708_180949,898,24.683335,1783530599.090271,-0.107891,0.109341,0.0,2.354658,0.2,-0.1133,0.199706,0.007631,camera_link,24.683335,gnm_closed_loop,,nominal,,True,ok,checkpoints/ablation_mnv2_baseline/best.pt,4.48,0.3537,-0.1133,0.0884,-0.0025,0.3447,,,gnm_closed_loop,0.2,-0.1133,False,0,,isaac_live_final_20260708,,selected_baseline_live,,,,,,,False,hospital_goal_C,0.3973,True,0.3537,-0.1133,0.2,-0.1133,True,armed,False,
livefinal_low_curvature_20260708_180949,899,24.700001,1783530599.092098,-0.110238,0.111695,0.0,2.354653,0.2,-0.1133,0.199706,0.007631,camera_link,24.700001,gnm_closed_loop,,nominal,,True,ok,checkpoints/ablation_mnv2_baseline/best.pt,4.48,0.3537,-0.1133,0.0884,-0.0025,0.3447,,,gnm_closed_loop,0.2,-0.1133,False,0,,isaac_live_final_20260708,,selected_baseline_live,,,,,,,False,hospital_goal_C,0.3972,True,0.3537,-0.1133,0.2,-0.1133,True,armed,False,
livefinal_low_curvature_20260708_180949,900,24.716668,1783530599.111408,-0.112585,0.11405,0.0,2.354649,0.2,-0.0829,0.199744,0.005439,camera_link,24.716668,gnm_closed_loop,,nominal,,True,ok,checkpoints/ablation_mnv2_baseline/best.pt,6.42,0.4448,-0.0829,0.1112,-0.0023,0.3503,,,gnm_closed_loop,0.2,-0.0829,False,0,,isaac_live_final_20260708,,selected_baseline_live,,,,,,,False,hospital_goal_C,0.3971,True,0.4448,-0.0829,0.2,-0.0829,True,armed,False,
livefinal_low_curvature_20260708_180949,901,24.733335,1783530599.115522,-0.114932,0.116404,-0.0,2.354646,0.2,-0.0829,0.199744,0.005439,camera_link,24.733335,gnm_closed_loop,,nominal,,True,ok,checkpoints/ablation_mnv2_baseline/best.pt,6.42,0.4448,-0.0829,0.1112,-0.0023,0.3503,,,gnm_closed_loop,0.2,-0.0829,False,0,,isaac_live_final_20260708,,selected_baseline_live,,,,,,,False,hospital_goal_C,0.3971,True,0.4448,-0.0829,0.2,-0.0829,True,armed,False,
livefinal_low_curvature_20260708_180949,902,24.750001,1783530599.119325,-0.11728,0.118759,0.0,2.354643,0.2,-0.0829,0.199744,0.005439,camera_link,24.750001,gnm_closed_loop,,nominal,,True,ok,checkpoints/ablation_mnv2_baseline/best.pt,6.42,0.4448,-0.0829,0.1112,-0.0023,0.3503,,,gnm_closed_loop,0.2,-0.0829,False,0,,isaac_live_final_20260708,,selected_baseline_live,,,,,,,False,hospital_goal_C,0.397,True,0.4448,-0.0829,0.2,-0.0829,True,armed,False,
livefinal_low_curvature_20260708_180949,903,24.766668,1783530599.140933,-0.119627,0.121113,0.0,2.354641,0.2,-0.0761,0.199764,0.00338,camera_link,24.766668,gnm_closed_loop,,nominal,,True,ok,checkpoints/ablation_mnv2_baseline/best.pt,7.04,0.4923,-0.0761,0.1231,-0.0023,0.3516,,,gnm_closed_loop,0.2,-0.0761,False,0,,isaac_live_final_20260708,,selected_baseline_live,,,,,,,False,hospital_goal_C,0.397,True,0.4923,-0.0761,0.2,-0.0761,True,armed,False,
livefinal_low_curvature_20260708_180949,904,24.783335,1783530599.144117,-0.121974,0.123467,0.0,2.354638,0.2,-0.0761,0.199764,0.00338,camera_link,24.783335,gnm_closed_loop,,nominal,,True,ok,checkpoints/ablation_mnv2_baseline/best.pt,7.04,0.4923,-0.0761,0.1231,-0.0023,0.3516,,,gnm_closed_loop,0.2,-0.0761,False,0,,isaac_live_final_20260708,,selected_baseline_live,,,,,,,False,hospital_goal_C,0.3971,True,0.4923,-0.0761,0.2,-0.0761,True,armed,False,
livefinal_low_curvature_20260708_180949,905,24.800001,1783530599.146357,-0.124321,0.125822,-0.0,2.354636,0.2,-0.0761,0.199764,0.00338,camera_link,24.800001,gnm_closed_loop,,nominal,,True,ok,checkpoints/ablation_mnv2_baseline/best.pt,7.04,0.4923,-0.0761,0.1231,-0.0023,0.3516,,,gnm_closed_loop,0.2,-0.0761,False,0,,isaac_live_final_20260708,,selected_baseline_live,,,,,,,False,hospital_goal_C,0.3971,True,0.4923,-0.0761,0.2,-0.0761,True,armed,False,
livefinal_low_curvature_20260708_180949,906,24.816668,1783530599.163617,-0.126668,0.128176,-0.0,2.354633,0.2,-0.0786,0.199822,0.00387,camera_link,24.816668,gnm_closed_loop,,nominal,,True,ok,checkpoints/ablation_mnv2_baseline/best.pt,5.41,0.4888,-0.0786,0.1222,-0.0024,0.3508,,,gnm_closed_loop,0.2,-0.0786,False,0,,isaac_live_final_20260708,,selected_baseline_live,,,,,,,False,hospital_goal_C,0.3972,True,0.4888,-0.0786,0.2,-0.0786,True,armed,False,
livefinal_low_curvature_20260708_180949,907,24.833335,1783530599.165995,-0.129015,0.13053,0.0,2.35463,0.2,-0.0786,0.199822,0.00387,camera_link,24.833335,gnm_closed_loop,,nominal,,True,ok,checkpoints/ablation_mnv2_baseline/best.pt,5.41,0.4888,-0.0786,0.1222,-0.0024,0.3508,,,gnm_closed_loop,0.2,-0.0786,False,0,,isaac_live_final_20260708,,selected_baseline_live,,,,,,,False,hospital_goal_C,0.3973,True,0.4888,-0.0786,0.2,-0.0786,True,armed,False,
livefinal_low_curvature_20260708_180949,908,24.850001,1783530599.16952,-0.131362,0.132884,-0.0,2.354627,0.2,-0.0786,0.199822,0.00387,camera_link,24.850001,gnm_closed_loop,,nominal,,True,ok,checkpoints/ablation_mnv2_baseline/best.pt,5.41,0.4888,-0.0786,0.1222,-0.0024,0.3508,,,gnm_closed_loop,0.2,-0.0786,False,0,,isaac_live_final_20260708,,selected_baseline_live,,,,,,,False,hospital_goal_C,0.3974,True,0.4888,-0.0786,0.2,-0.0786,True,armed,False,
livefinal_low_curvature_20260708_180949,909,24.866668,1783530599.20171,-0.13371,0.135239,0.0,2.354625,0.2,-0.0792,0.199763,0.00384,camera_link,24.866668,gnm_closed_loop,,nominal,,True,ok,checkpoints/ablation_mnv2_baseline/best.pt,8.98,0.4996,-0.0792,0.1249,-0.0025,0.3493,,,gnm_closed_loop,0.2,-0.0792,False,0,,isaac_live_final_20260708,,selected_baseline_live,,,,,,,False,hospital_goal_C,0.3976,True,0.4996,-0.0792,0.2,-0.0792,True,armed,False,
livefinal_low_curvature_20260708_180949,910,24.883335,1783530599.205958,-0.136057,0.137594,0.0,2.354621,0.2,-0.0792,0.199763,0.00384,camera_link,24.883335,gnm_closed_loop,,nominal,,True,ok,checkpoints/ablation_mnv2_baseline/best.pt,8.98,0.4996,-0.0792,0.1249,-0.0025,0.3493,,,gnm_closed_loop,0.2,-0.0792,False,0,,isaac_live_final_20260708,,selected_baseline_live,,,,,,,False,hospital_goal_C,0.3978,True,0.4996,-0.0792,0.2,-0.0792,True,armed,False,
livefinal_low_curvature_20260708_180949,911,24.900001,1783530599.20947,-0.138404,0.139948,0.0,2.354619,0.2,-0.0792,0.199763,0.00384,camera_link,24.900001,gnm_closed_loop,,nominal,,True,ok,checkpoints/ablation_mnv2_baseline/best.pt,8.98,0.4996,-0.0792,0.1249,-0.0025,0.3493,,,gnm_closed_loop,0.2,-0.0792,False,0,,isaac_live_final_20260708,,selected_baseline_live,,,,,,,False,hospital_goal_C,0.398,True,0.4996,-0.0792,0.2,-0.0792,True,armed,False,
livefinal_low_curvature_20260708_180949,912,24.916668,1783530599.249077,-0.140751,0.142303,0.0,2.354616,0.2,-0.0798,0.199818,0.003464,camera_link,24.916668,gnm_closed_loop,,nominal,,True,ok,checkpoints/ablation_mnv2_baseline/best.pt,9.77,0.488,-0.0798,0.122,-0.0024,0.3463,,,gnm_closed_loop,0.2,-0.0798,False,0,,isaac_live_final_20260708,,selected_baseline_live,,,,,,,False,hospital_goal_C,0.3982,True,0.488,-0.0798,0.2,-0.0798,True,armed,False,
livefinal_low_curvature_20260708_180949,913,24.933335,1783530599.251813,-0.143099,0.144657,0.0,2.354613,0.2,-0.0798,0.199818,0.003464,camera_link,24.933335,gnm_closed_loop,,nominal,,True,ok,checkpoints/ablation_mnv2_baseline/best.pt,9.77,0.488,-0.0798,0.122,-0.0024,0.3463,,,gnm_closed_loop,0.2,-0.0798,False,0,,isaac_live_final_20260708,,selected_baseline_live,,,,,,,False,hospital_goal_C,0.3985,True,0.488,-0.0798,0.2,-0.0798,True,armed,False,
livefinal_low_curvature_20260708_180949,914,24.950001,1783530599.255,-0.145446,0.147012,0.0,2.354611,0.2,-0.0798,0.199818,0.003464,camera_link,24.950001,gnm_closed_loop,,nominal,,True,ok,checkpoints/ablation_mnv2_baseline/best.pt,9.77,0.488,-0.0798,0.122,-0.0024,0.3463,,,gnm_closed_loop,0.2,-0.0798,False,0,,isaac_live_final_20260708,,selected_baseline_live,,,,,,,False,hospital_goal_C,0.3988,True,0.488,-0.0798,0.2,-0.0798,True,armed,False,
livefinal_low_curvature_20260708_180949,915,24.966668,1783530599.274538,-0.147793,0.149366,-0.0,2.354608,0.2,-0.0954,0.19981,0.003833,camera_link,24.966668,gnm_closed_loop,,nominal,,True,ok,checkpoints/ablation_mnv2_baseline/best.pt,5.46,0.4417,-0.0954,0.1104,-0.0026,0.3436,,,gnm_closed_loop,0.2,-0.0954,False,0,,isaac_live_final_20260708,,selected_baseline_live,,,,,,,False,hospital_goal_C,0.3991,True,0.4417,-0.0954,0.2,-0.0954,True,armed,False,
livefinal_low_curvature_20260708_180949,916,24.983335,1783530599.277977,-0.15014,0.151721,0.0,2.354604,0.2,-0.0954,0.19981,0.003833,camera_link,24.983335,gnm_closed_loop,,nominal,,True,ok,checkpoints/ablation_mnv2_baseline/best.pt,5.46,0.4417,-0.0954,0.1104,-0.0026,0.3436,,,gnm_closed_loop,0.2,-0.0954,False,0,,isaac_live_final_20260708,,selected_baseline_live,,,,,,,False,hospital_goal_C,0.3995,True,0.4417,-0.0954,0.2,-0.0954,True,armed,False,
livefinal_low_curvature_20260708_180949,917,25.000001,1783530599.281021,-0.152488,0.154076,0.0,2.354601,0.2,-0.0954,0.19981,0.003833,camera_link,25.000001,gnm_closed_loop,,nominal,,True,ok,checkpoints/ablation_mnv2_baseline/best.pt,5.46,0.4417,-0.0954,0.1104,-0.0026,0.3436,,,gnm_closed_loop,0.2,-0.0954,False,0,,isaac_live_final_20260708,,selected_baseline_live,,,,,,,False,hospital_goal_C,0.3999,True,0.4417,-0.0954,0.2,-0.0954,True,armed,False,
livefinal_low_curvature_20260708_180949,918,25.016668,1783530599.31395,-0.154835,0.15643,0.0,2.354597,0.2,-0.1145,0.199804,0.004737,camera_link,25.016668,gnm_closed_loop,,nominal,,True,ok,checkpoints/ablation_mnv2_baseline/best.pt,12.31,0.3723,-0.1145,0.0931,-0.0027,0.3438,,,gnm_closed_loop,0.2,-0.1145,False,0,,isaac_live_final_20260708,,selected_baseline_live,,,,,,,False,hospital_goal_C,0.4003,True,0.3723,-0.1145,0.2,-0.1145,True,armed,False,
livefinal_low_curvature_20260708_180949,919,25.033335,1783530599.319622,-0.157182,0.158784,0.0,2.354593,0.2,-0.1145,0.199804,0.004737,camera_link,25.033335,gnm_closed_loop,,nominal,,True,ok,checkpoints/ablation_mnv2_baseline/best.pt,12.31,0.3723,-0.1145,0.0931,-0.0027,0.3438,,,gnm_closed_loop,0.2,-0.1145,False,0,,isaac_live_final_20260708,,selected_baseline_live,,,,,,,False,hospital_goal_C,0.4007,True,0.3723,-0.1145,0.2,-0.1145,True,armed,False,
livefinal_low_curvature_20260708_180949,920,25.050001,1783530599.32314,-0.159529,0.161139,0.0,2.354589,0.2,-0.1145,0.199804,0.004737,camera_link,25.050001,gnm_closed_loop,,nominal,,True,ok,checkpoints/ablation_mnv2_baseline/best.pt,12.31,0.3723,-0.1145,0.0931,-0.0027,0.3438,,,gnm_closed_loop,0.2,-0.1145,False,0,,isaac_live_final_20260708,,selected_baseline_live,,,,,,,False,hospital_goal_C,0.4012,True,0.3723,-0.1145,0.2,-0.1145,True,armed,False,
livefinal_low_curvature_20260708_180949,921,25.066668,1783530599.346645,-0.161876,0.163493,0.0,2.354585,0.2,-0.1172,0.199753,0.005896,camera_link,25.066668,gnm_closed_loop,,nominal,,True,ok,checkpoints/ablation_mnv2_baseline/best.pt,5.25,0.3755,-0.1172,0.0939,-0.0028,0.3457,,,gnm_closed_loop,0.2,-0.1172,False,0,,isaac_live_final_20260708,,selected_baseline_live,,,,,,,False,hospital_goal_C,0.4017,True,0.3755,-0.1172,0.2,-0.1172,True,armed,False,
livefinal_low_curvature_20260708_180949,922,25.083335,1783530599.349796,-0.164223,0.165847,-0.0,2.354581,0.2,-0.1172,0.199753,0.005896,camera_link,25.083335,gnm_closed_loop,,nominal,,True,ok,checkpoints/ablation_mnv2_baseline/best.pt,5.25,0.3755,-0.1172,0.0939,-0.0028,0.3457,,,gnm_closed_loop,0.2,-0.1172,False,0,,isaac_live_final_20260708,,selected_baseline_live,,,,,,,False,hospital_goal_C,0.4022,True,0.3755,-0.1172,0.2,-0.1172,True,armed,False,
livefinal_low_curvature_20260708_180949,923,25.100001,1783530599.35172,-0.16657,0.168202,0.0,2.354576,0.2,-0.1172,0.199753,0.005896,camera_link,25.100001,gnm_closed_loop,,nominal,,True,ok,checkpoints/ablation_mnv2_baseline/best.pt,5.25,0.3755,-0.1172,0.0939,-0.0028,0.3457,,,gnm_closed_loop,0.2,-0.1172,False,0,,isaac_live_final_20260708,,selected_baseline_live,,,,,,,False,hospital_goal_C,0.4027,True,0.3755,-0.1172,0.2,-0.1172,True,armed,False,
livefinal_low_curvature_20260708_180949,924,25.116668,1783530599.368445,-0.168917,0.170557,-0.0,2.354572,0.2,-0.1176,0.19977,0.005341,camera_link,25.116668,gnm_closed_loop,,nominal,,True,ok,checkpoints/ablation_mnv2_baseline/best.pt,4.56,0.372,-0.1176,0.093,-0.0027,0.3445,,,gnm_closed_loop,0.2,-0.1176,False,0,,isaac_live_final_20260708,,selected_baseline_live,,,,,,,False,hospital_goal_C,0.4033,True,0.372,-0.1176,0.2,-0.1176,True,armed,False,
livefinal_low_curvature_20260708_180949,925,25.133335,1783530599.371171,-0.171264,0.172911,0.0,2.354568,0.2,-0.1176,0.19977,0.005341,camera_link,25.133335,gnm_closed_loop,,nominal,,True,ok,checkpoints/ablation_mnv2_baseline/best.pt,4.56,0.372,-0.1176,0.093,-0.0027,0.3445,,,gnm_closed_loop,0.2,-0.1176,False,0,,isaac_live_final_20260708,,selected_baseline_live,,,,,,,False,hospital_goal_C,0.4039,True,0.372,-0.1176,0.2,-0.1176,True,armed,False,
livefinal_low_curvature_20260708_180949,926,25.150001,1783530599.374374,-0.17361,0.175265,0.0,2.354564,0.2,-0.1176,0.19977,0.005341,camera_link,25.150001,gnm_closed_loop,,nominal,,True,ok,checkpoints/ablation_mnv2_baseline/best.pt,4.56,0.372,-0.1176,0.093,-0.0027,0.3445,,,gnm_closed_loop,0.2,-0.1176,False,0,,isaac_live_final_20260708,,selected_baseline_live,,,,,,,False,hospital_goal_C,0.4045,True,0.372,-0.1176,0.2,-0.1176,True,armed,False,
livefinal_low_curvature_20260708_180949,927,25.166668,1783530599.392608,-0.175958,0.17762,0.0,2.35456,0.2,-0.1219,0.199773,0.005134,camera_link,25.166668,gnm_closed_loop,,nominal,,True,ok,checkpoints/ablation_mnv2_baseline/best.pt,5.53,0.3585,-0.1219,0.0896,-0.0027,0.3422,,,gnm_closed_loop,0.2,-0.1219,False,0,,isaac_live_final_20260708,,selected_baseline_live,,,,,,,False,hospital_goal_C,0.4052,True,0.3585,-0.1219,0.2,-0.1219,True,armed,False,
livefinal_low_curvature_20260708_180949,928,25.183335,1783530599.395028,-0.178305,0.179974,-0.0,2.354556,0.2,-0.1219,0.199773,0.005134,camera_link,25.183335,gnm_closed_loop,,nominal,,True,ok,checkpoints/ablation_mnv2_baseline/best.pt,5.53,0.3585,-0.1219,0.0896,-0.0027,0.3422,,,gnm_closed_loop,0.2,-0.1219,False,0,,isaac_live_final_20260708,,selected_baseline_live,,,,,,,False,hospital_goal_C,0.4059,True,0.3585,-0.1219,0.2,-0.1219,True,armed,False,
livefinal_low_curvature_20260708_180949,929,25.200001,1783530599.39734,-0.180651,0.182328,0.0,2.354551,0.2,-0.1219,0.199773,0.005134,camera_link,25.200001,gnm_closed_loop,,nominal,,True,ok,checkpoints/ablation_mnv2_baseline/best.pt,5.53,0.3585,-0.1219,0.0896,-0.0027,0.3422,,,gnm_closed_loop,0.2,-0.1219,False,0,,isaac_live_final_20260708,,selected_baseline_live,,,,,,,False,hospital_goal_C,0.4066,True,0.3585,-0.1219,0.2,-0.1219,True,armed,False,
livefinal_low_curvature_20260708_180949,930,25.216668,1783530599.417878,-0.182998,0.184682,-0.0,2.354547,0.2,-0.1123,0.199772,0.006249,camera_link,25.216668,gnm_closed_loop,,nominal,,True,ok,checkpoints/ablation_mnv2_baseline/best.pt,4.5,0.3646,-0.1123,0.0911,-0.0026,0.3445,,,gnm_closed_loop,0.2,-0.1123,False,0,,isaac_live_final_20260708,,selected_baseline_live,,,,,,,False,hospital_goal_C,0.4073,True,0.3646,-0.1123,0.2,-0.1123,True,armed,False,
livefinal_low_curvature_20260708_180949,931,25.233335,1783530599.42047,-0.185345,0.187037,0.0,2.354543,0.2,-0.1123,0.199772,0.006249,camera_link,25.233335,gnm_closed_loop,,nominal,,True,ok,checkpoints/ablation_mnv2_baseline/best.pt,4.5,0.3646,-0.1123,0.0911,-0.0026,0.3445,,,gnm_closed_loop,0.2,-0.1123,False,0,,isaac_live_final_20260708,,selected_baseline_live,,,,,,,False,hospital_goal_C,0.4081,True,0.3646,-0.1123,0.2,-0.1123,True,armed,False,
livefinal_low_curvature_20260708_180949,932,25.250001,1783530599.422899,-0.187692,0.189391,0.0,2.354538,0.2,-0.1123,0.199772,0.006249,camera_link,25.250001,gnm_closed_loop,,nominal,,True,ok,checkpoints/ablation_mnv2_baseline/best.pt,4.5,0.3646,-0.1123,0.0911,-0.0026,0.3445,,,gnm_closed_loop,0.2,-0.1123,False,0,,isaac_live_final_20260708,,selected_baseline_live,,,,,,,False,hospital_goal_C,0.4088,True,0.3646,-0.1123,0.2,-0.1123,True,armed,False,
livefinal_low_curvature_20260708_180949,933,25.266668,1783530599.443305,-0.190039,0.191746,-0.0,2.354534,0.2,-0.1082,0.199789,0.005859,camera_link,25.266668,gnm_closed_loop,,nominal,,True,ok,checkpoints/ablation_mnv2_baseline/best.pt,6.37,0.3935,-0.1082,0.0984,-0.0027,0.3425,,,gnm_closed_loop,0.2,-0.1082,False,0,,isaac_live_final_20260708,,selected_baseline_live,,,,,,,False,hospital_goal_C,0.4096,True,0.3935,-0.1082,0.2,-0.1082,True,armed,False,
livefinal_low_curvature_20260708_180949,934,25.283335,1783530599.446112,-0.192385,0.1941,0.0,2.35453,0.2,-0.1082,0.199789,0.005859,camera_link,25.283335,gnm_closed_loop,,nominal,,True,ok,checkpoints/ablation_mnv2_baseline/best.pt,6.37,0.3935,-0.1082,0.0984,-0.0027,0.3425,,,gnm_closed_loop,0.2,-0.1082,False,0,,isaac_live_final_20260708,,selected_baseline_live,,,,,,,False,hospital_goal_C,0.4105,True,0.3935,-0.1082,0.2,-0.1082,True,armed,False,
livefinal_low_curvature_20260708_180949,935,25.300001,1783530599.44814,-0.194732,0.196454,0.0,2.354526,0.2,-0.1082,0.199789,0.005859,camera_link,25.300001,gnm_closed_loop,,nominal,,True,ok,checkpoints/ablation_mnv2_baseline/best.pt,6.37,0.3935,-0.1082,0.0984,-0.0027,0.3425,,,gnm_closed_loop,0.2,-0.1082,False,0,,isaac_live_final_20260708,,selected_baseline_live,,,,,,,False,hospital_goal_C,0.4113,True,0.3935,-0.1082,0.2,-0.1082,True,armed,False,
livefinal_low_curvature_20260708_180949,936,25.316668,1783530599.473128,-0.197079,0.198809,0.0,2.354522,0.2,-0.1167,0.199787,0.005301,camera_link,25.316668,gnm_closed_loop,,nominal,,True,ok,checkpoints/ablation_mnv2_baseline/best.pt,8.71,0.3621,-0.1167,0.0905,-0.0026,0.3436,,,gnm_closed_loop,0.2,-0.1167,False,0,,isaac_live_final_20260708,,selected_baseline_live,,,,,,,False,hospital_goal_C,0.4122,True,0.3621,-0.1167,0.2,-0.1167,True,armed,False,
livefinal_low_curvature_20260708_180949,937,25.333335,1783530599.476487,-0.199426,0.201164,0.0,2.354518,0.2,-0.1167,0.199787,0.005301,camera_link,25.333335,gnm_closed_loop,,nominal,,True,ok,checkpoints/ablation_mnv2_baseline/best.pt,8.71,0.3621,-0.1167,0.0905,-0.0026,0.3436,,,gnm_closed_loop,0.2,-0.1167,False,0,,isaac_live_final_20260708,,selected_baseline_live,,,,,,,False,hospital_goal_C,0.4131,True,0.3621,-0.1167,0.2,-0.1167,True,armed,False,
livefinal_low_curvature_20260708_180949,938,25.350001,1783530599.47963,-0.201773,0.203518,-0.0,2.354513,0.2,-0.1167,0.199787,0.005301,camera_link,25.350001,gnm_closed_loop,,nominal,,True,ok,checkpoints/ablation_mnv2_baseline/best.pt,8.71,0.3621,-0.1167,0.0905,-0.0026,0.3436,,,gnm_closed_loop,0.2,-0.1167,False,0,,isaac_live_final_20260708,,selected_baseline_live,,,,,,,False,hospital_goal_C,0.4141,True,0.3621,-0.1167,0.2,-0.1167,True,armed,False,
livefinal_low_curvature_20260708_180949,939,25.366668,1783530599.502024,-0.204119,0.205873,0.0,2.354509,0.2,-0.1714,0.199777,0.005614,camera_link,25.366668,gnm_closed_loop,,nominal,,True,ok,checkpoints/ablation_mnv2_baseline/best.pt,6.35,0.2752,-0.1714,0.0688,-0.003,0.3367,,,gnm_closed_loop,0.2,-0.1714,False,0,,isaac_live_final_20260708,,selected_baseline_live,,,,,,,False,hospital_goal_C,0.415,True,0.2752,-0.1714,0.2,-0.1714,True,armed,False,
livefinal_low_curvature_20260708_180949,940,25.383335,1783530599.504357,-0.206466,0.208227,-0.0,2.354502,0.2,-0.1714,0.199777,0.005614,camera_link,25.383335,gnm_closed_loop,,nominal,,True,ok,checkpoints/ablation_mnv2_baseline/best.pt,6.35,0.2752,-0.1714,0.0688,-0.003,0.3367,,,gnm_closed_loop,0.2,-0.1714,False,0,,isaac_live_final_20260708,,selected_baseline_live,,,,,,,False,hospital_goal_C,0.416,True,0.2752,-0.1714,0.2,-0.1714,True,armed,False,
livefinal_low_curvature_20260708_180949,941,25.400001,1783530599.506401,-0.208812,0.210581,-0.0,2.354496,0.2,-0.1714,0.199777,0.005614,camera_link,25.400001,gnm_closed_loop,,nominal,,True,ok,checkpoints/ablation_mnv2_baseline/best.pt,6.35,0.2752,-0.1714,0.0688,-0.003,0.3367,,,gnm_closed_loop,0.2,-0.1714,False,0,,isaac_live_final_20260708,,selected_baseline_live,,,,,,,False,hospital_goal_C,0.417,True,0.2752,-0.1714,0.2,-0.1714,True,armed,False,
livefinal_low_curvature_20260708_180949,942,25.416668,1783530599.52191,-0.211158,0.212934,0.0,2.354488,0.2,-0.1738,0.199733,0.008506,camera_link,25.416668,gnm_closed_loop,,nominal,,True,ok,checkpoints/ablation_mnv2_baseline/best.pt,4.4,0.2677,-0.1738,0.0669,-0.0029,0.3367,,,gnm_closed_loop,0.2,-0.1738,False,0,,isaac_live_final_20260708,,selected_baseline_live,,,,,,,False,hospital_goal_C,0.418,True,0.2677,-0.1738,0.2,-0.1738,True,armed,False,
livefinal_low_curvature_20260708_180949,943,25.433335,1783530599.525588,-0.213504,0.215288,-0.0,2.354482,0.2,-0.1738,0.199733,0.008506,camera_link,25.433335,gnm_closed_loop,,nominal,,True,ok,checkpoints/ablation_mnv2_baseline/best.pt,4.4,0.2677,-0.1738,0.0669,-0.0029,0.3367,,,gnm_closed_loop,0.2,-0.1738,False,0,,isaac_live_final_20260708,,selected_baseline_live,,,,,,,False,hospital_goal_C,0.4191,True,0.2677,-0.1738,0.2,-0.1738,True,armed,False,
livefinal_low_curvature_20260708_180949,944,25.450001,1783530599.528606,-0.21585,0.217642,0.0,2.354474,0.2,-0.1738,0.199733,0.008506,camera_link,25.450001,gnm_closed_loop,,nominal,,True,ok,checkpoints/ablation_mnv2_baseline/best.pt,4.4,0.2677,-0.1738,0.0669,-0.0029,0.3367,,,gnm_closed_loop,0.2,-0.1738,False,0,,isaac_live_final_20260708,,selected_baseline_live,,,,,,,False,hospital_goal_C,0.4201,True,0.2677,-0.1738,0.2,-0.1738,True,armed,False,
livefinal_low_curvature_20260708_180949,945,25.466668,1783530599.546061,-0.218196,0.219996,-0.0,2.354468,0.2,-0.1913,0.19974,0.008409,camera_link,25.466668,gnm_closed_loop,,nominal,,True,ok,checkpoints/ablation_mnv2_baseline/best.pt,5.2,0.2448,-0.1913,0.0612,-0.0029,0.3339,,,gnm_closed_loop,0.2,-0.1913,False,0,,isaac_live_final_20260708,,selected_baseline_live,,,,,,,False,hospital_goal_C,0.4212,True,0.2448,-0.1913,0.2,-0.1913,True,armed,False,
livefinal_low_curvature_20260708_180949,946,25.483335,1783530599.548338,-0.220541,0.222349,-0.0,2.354459,0.2,-0.1913,0.19974,0.008409,camera_link,25.483335,gnm_closed_loop,,nominal,,True,ok,checkpoints/ablation_mnv2_baseline/best.pt,5.2,0.2448,-0.1913,0.0612,-0.0029,0.3339,,,gnm_closed_loop,0.2,-0.1913,False,0,,isaac_live_final_20260708,,selected_baseline_live,,,,,,,False,hospital_goal_C,0.4224,True,0.2448,-0.1913,0.2,-0.1913,True,armed,False,
livefinal_low_curvature_20260708_180949,947,25.500001,1783530599.550332,-0.222887,0.224702,-0.0,2.35445,0.2,-0.1913,0.19974,0.008409,camera_link,25.500001,gnm_closed_loop,,nominal,,True,ok,checkpoints/ablation_mnv2_baseline/best.pt,5.2,0.2448,-0.1913,0.0612,-0.0029,0.3339,,,gnm_closed_loop,0.2,-0.1913,False,0,,isaac_live_final_20260708,,selected_baseline_live,,,,,,,False,hospital_goal_C,0.4235,True,0.2448,-0.1913,0.2,-0.1913,True,armed,False,
livefinal_low_curvature_20260708_180949,948,25.516668,1783530599.565237,-0.225232,0.227056,-0.0,2.354442,0.2,-0.1972,0.199675,0.009062,camera_link,25.516668,gnm_closed_loop,,nominal,,True,ok,checkpoints/ablation_mnv2_baseline/best.pt,4.85,0.242,-0.1972,0.0605,-0.003,0.3294,,,gnm_closed_loop,0.2,-0.1972,False,0,,isaac_live_final_20260708,,selected_baseline_live,,,,,,,False,hospital_goal_C,0.4247,True,0.242,-0.1972,0.2,-0.1972,True,armed,False,
livefinal_low_curvature_20260708_180949,949,25.533335,1783530599.568371,-0.227578,0.229409,-0.0,2.354433,0.2,-0.1972,0.199675,0.009062,camera_link,25.533335,gnm_closed_loop,,nominal,,True,ok,checkpoints/ablation_mnv2_baseline/best.pt,4.85,0.242,-0.1972,0.0605,-0.003,0.3294,,,gnm_closed_loop,0.2,-0.1972,False,0,,isaac_live_final_20260708,,selected_baseline_live,,,,,,,False,hospital_goal_C,0.4259,True,0.242,-0.1972,0.2,-0.1972,True,armed,False,
livefinal_low_curvature_20260708_180949,950,25.550001,1783530599.570647,-0.229923,0.231762,-0.0,2.354424,0.2,-0.1972,0.199675,0.009062,camera_link,25.550001,gnm_closed_loop,,nominal,,True,ok,checkpoints/ablation_mnv2_baseline/best.pt,4.85,0.242,-0.1972,0.0605,-0.003,0.3294,,,gnm_closed_loop,0.2,-0.1972,False,0,,isaac_live_final_20260708,,selected_baseline_live,,,,,,,False,hospital_goal_C,0.4271,True,0.242,-0.1972,0.2,-0.1972,True,armed,False,
livefinal_low_curvature_20260708_180949,951,25.566668,1783530599.590613,-0.232268,0.234116,-0.0,2.354415,0.2,-0.1959,0.199676,0.009624,camera_link,25.566668,gnm_closed_loop,,nominal,,True,ok,checkpoints/ablation_mnv2_baseline/best.pt,5.77,0.2514,-0.1959,0.0628,-0.0031,0.3259,,,gnm_closed_loop,0.2,-0.1959,False,0,,isaac_live_final_20260708,,selected_baseline_live,,,,,,,False,hospital_goal_C,0.4283,True,0.2514,-0.1959,0.2,-0.1959,True,armed,False,
livefinal_low_curvature_20260708_180949,952,25.583335,1783530599.59284,-0.234614,0.236469,-0.0,2.354407,0.2,-0.1959,0.199676,0.009624,camera_link,25.583335,gnm_closed_loop,,nominal,,True,ok,checkpoints/ablation_mnv2_baseline/best.pt,5.77,0.2514,-0.1959,0.0628,-0.0031,0.3259,,,gnm_closed_loop,0.2,-0.1959,False,0,,isaac_live_final_20260708,,selected_baseline_live,,,,,,,False,hospital_goal_C,0.4296,True,0.2514,-0.1959,0.2,-0.1959,True,armed,False,
livefinal_low_curvature_20260708_180949,953,25.600001,1783530599.594703,-0.236959,0.238822,-0.0,2.354398,0.2,-0.1959,0.199676,0.009624,camera_link,25.600001,gnm_closed_loop,,nominal,,True,ok,checkpoints/ablation_mnv2_baseline/best.pt,5.77,0.2514,-0.1959,0.0628,-0.0031,0.3259,,,gnm_closed_loop,0.2,-0.1959,False,0,,isaac_live_final_20260708,,selected_baseline_live,,,,,,,False,hospital_goal_C,0.4309,True,0.2514,-0.1959,0.2,-0.1959,True,armed,False,
livefinal_low_curvature_20260708_180949,954,25.616668,1783530599.613097,-0.239304,0.241175,-0.0,2.354389,0.2,-0.1955,0.199712,0.009704,camera_link,25.616668,gnm_closed_loop,,nominal,,True,ok,checkpoints/ablation_mnv2_baseline/best.pt,5.47,0.2716,-0.1955,0.0679,-0.0033,0.3226,,,gnm_closed_loop,0.2,-0.1955,False,0,,isaac_live_final_20260708,,selected_baseline_live,,,,,,,False,hospital_goal_C,0.4322,True,0.2716,-0.1955,0.2,-0.1955,True,armed,False,
livefinal_low_curvature_20260708_180949,955,25.633335,1783530599.615695,-0.24165,0.243529,-0.0,2.35438,0.2,-0.1955,0.199712,0.009704,camera_link,25.633335,gnm_closed_loop,,nominal,,True,ok,checkpoints/ablation_mnv2_baseline/best.pt,5.47,0.2716,-0.1955,0.0679,-0.0033,0.3226,,,gnm_closed_loop,0.2,-0.1955,False,0,,isaac_live_final_20260708,,selected_baseline_live,,,,,,,False,hospital_goal_C,0.4335,True,0.2716,-0.1955,0.2,-0.1955,True,armed,False,
livefinal_low_curvature_20260708_180949,956,25.650001,1783530599.618142,-0.243995,0.245882,-0.0,2.354371,0.2,-0.1955,0.199712,0.009704,camera_link,25.650001,gnm_closed_loop,,nominal,,True,ok,checkpoints/ablation_mnv2_baseline/best.pt,5.47,0.2716,-0.1955,0.0679,-0.0033,0.3226,,,gnm_closed_loop,0.2,-0.1955,False,0,,isaac_live_final_20260708,,selected_baseline_live,,,,,,,False,hospital_goal_C,0.4348,True,0.2716,-0.1955,0.2,-0.1955,True,armed,False,
livefinal_low_curvature_20260708_180949,957,25.666668,1783530599.636482,-0.24634,0.248236,-0.0,2.354363,0.2,-0.1955,0.199675,0.009585,camera_link,25.666668,gnm_closed_loop,,nominal,,True,ok,checkpoints/ablation_mnv2_baseline/best.pt,6.15,0.2772,-0.1955,0.0693,-0.0034,0.3196,,,gnm_closed_loop,0.2,-0.1955,False,0,,isaac_live_final_20260708,,selected_baseline_live,,,,,,,False,hospital_goal_C,0.4362,True,0.2772,-0.1955,0.2,-0.1955,True,armed,False,
livefinal_low_curvature_20260708_180949,958,25.683335,1783530599.639332,-0.248685,0.250589,-0.0,2.354354,0.2,-0.1955,0.199675,0.009585,camera_link,25.683335,gnm_closed_loop,,nominal,,True,ok,checkpoints/ablation_mnv2_baseline/best.pt,6.15,0.2772,-0.1955,0.0693,-0.0034,0.3196,,,gnm_closed_loop,0.2,-0.1955,False,0,,isaac_live_final_20260708,,selected_baseline_live,,,,,,,False,hospital_goal_C,0.4376,True,0.2772,-0.1955,0.2,-0.1955,True,armed,False,
livefinal_low_curvature_20260708_180949,959,25.700001,1783530599.641641,-0.25103,0.252943,-0.0,2.354346,0.2,-0.1955,0.199675,0.009585,camera_link,25.700001,gnm_closed_loop,,nominal,,True,ok,checkpoints/ablation_mnv2_baseline/best.pt,6.15,0.2772,-0.1955,0.0693,-0.0034,0.3196,,,gnm_closed_loop,0.2,-0.1955,False,0,,isaac_live_final_20260708,,selected_baseline_live,,,,,,,False,hospital_goal_C,0.439,True,0.2772,-0.1955,0.2,-0.1955,True,armed,False,
livefinal_low_curvature_20260708_180949,960,25.716668,1783530599.659217,-0.253376,0.255297,-0.0,2.354337,0.2,-0.1856,0.199721,0.009569,camera_link,25.716668,gnm_closed_loop,,nominal,,True,ok,checkpoints/ablation_mnv2_baseline/best.pt,5.32,0.298,-0.1856,0.0745,-0.0035,0.3202,,,gnm_closed_loop,0.2,-0.1856,False,0,,isaac_live_final_20260708,,selected_baseline_live,,,,,,,False,hospital_goal_C,0.4404,True,0.298,-0.1856,0.2,-0.1856,True,armed,False,
livefinal_low_curvature_20260708_180949,961,25.733335,1783530599.661723,-0.255721,0.25765,-0.0,2.354329,0.2,-0.1856,0.199721,0.009569,camera_link,25.733335,gnm_closed_loop,,nominal,,True,ok,checkpoints/ablation_mnv2_baseline/best.pt,5.32,0.298,-0.1856,0.0745,-0.0035,0.3202,,,gnm_closed_loop,0.2,-0.1856,False,0,,isaac_live_final_20260708,,selected_baseline_live,,,,,,,False,hospital_goal_C,0.4419,True,0.298,-0.1856,0.2,-0.1856,True,armed,False,
livefinal_low_curvature_20260708_180949,962,25.750001,1783530599.66365,-0.258067,0.260004,-0.0,2.354322,0.2,-0.1856,0.199721,0.009569,camera_link,25.750001,gnm_closed_loop,,nominal,,True,ok,checkpoints/ablation_mnv2_baseline/best.pt,5.32,0.298,-0.1856,0.0745,-0.0035,0.3202,,,gnm_closed_loop,0.2,-0.1856,False,0,,isaac_live_final_20260708,,selected_baseline_live,,,,,,,False,hospital_goal_C,0.4433,True,0.298,-0.1856,0.2,-0.1856,True,armed,False,
livefinal_low_curvature_20260708_180949,963,25.766668,1783530599.681936,-0.260412,0.262359,-0.0,2.354314,0.2,-0.1991,0.199775,0.009259,camera_link,25.766668,gnm_closed_loop,,nominal,,True,ok,checkpoints/ablation_mnv2_baseline/best.pt,5.41,0.2759,-0.1991,0.069,-0.0034,0.3207,,,gnm_closed_loop,0.2,-0.1991,False,0,,isaac_live_final_20260708,,selected_baseline_live,,,,,,,False,hospital_goal_C,0.4448,True,0.2759,-0.1991,0.2,-0.1991,True,armed,False,
livefinal_low_curvature_20260708_180949,964,25.783335,1783530599.684406,-0.262758,0.264712,-0.0,2.354305,0.2,-0.1991,0.199775,0.009259,camera_link,25.783335,gnm_closed_loop,,nominal,,True,ok,checkpoints/ablation_mnv2_baseline/best.pt,5.41,0.2759,-0.1991,0.069,-0.0034,0.3207,,,gnm_closed_loop,0.2,-0.1991,False,0,,isaac_live_final_20260708,,selected_baseline_live,,,,,,,False,hospital_goal_C,0.4463,True,0.2759,-0.1991,0.2,-0.1991,True,armed,False,
livefinal_low_curvature_20260708_180949,965,25.800001,1783530599.686539,-0.265103,0.267066,-0.0,2.354296,0.2,-0.1991,0.199775,0.009259,camera_link,25.800001,gnm_closed_loop,,nominal,,True,ok,checkpoints/ablation_mnv2_baseline/best.pt,5.41,0.2759,-0.1991,0.069,-0.0034,0.3207,,,gnm_closed_loop,0.2,-0.1991,False,0,,isaac_live_final_20260708,,selected_baseline_live,,,,,,,False,hospital_goal_C,0.4479,True,0.2759,-0.1991,0.2,-0.1991,True,armed,False,
livefinal_low_curvature_20260708_180949,966,25.816668,1783530599.704385,-0.267448,0.26942,-0.0,2.354286,0.2,-0.2129,0.199606,0.009281,camera_link,25.816668,gnm_closed_loop,,nominal,,True,ok,checkpoints/ablation_mnv2_baseline/best.pt,5.07,0.2561,-0.2129,0.064,-0.0034,0.3169,,,gnm_closed_loop,0.2,-0.2129,False,0,,isaac_live_final_20260708,,selected_baseline_live,,,,,,,False,hospital_goal_C,0.4494,True,0.2561,-0.2129,0.2,-0.2129,True,armed,False,
livefinal_low_curvature_20260708_180949,967,25.833335,1783530599.707808,-0.269792,0.271773,-0.0,2.354276,0.2,-0.2129,0.199606,0.009281,camera_link,25.833335,gnm_closed_loop,,nominal,,True,ok,checkpoints/ablation_mnv2_baseline/best.pt,5.07,0.2561,-0.2129,0.064,-0.0034,0.3169,,,gnm_closed_loop,0.2,-0.2129,False,0,,isaac_live_final_20260708,,selected_baseline_live,,,,,,,False,hospital_goal_C,0.451,True,0.2561,-0.2129,0.2,-0.2129,True,armed,False,
livefinal_low_curvature_20260708_180949,968,25.850001,1783530599.710573,-0.272137,0.274126,-0.0,2.354266,0.2,-0.2129,0.199606,0.009281,camera_link,25.850001,gnm_closed_loop,,nominal,,True,ok,checkpoints/ablation_mnv2_baseline/best.pt,5.07,0.2561,-0.2129,0.064,-0.0034,0.3169,,,gnm_closed_loop,0.2,-0.2129,False,0,,isaac_live_final_20260708,,selected_baseline_live,,,,,,,False,hospital_goal_C,0.4526,True,0.2561,-0.2129,0.2,-0.2129,True,armed,False,
livefinal_low_curvature_20260708_180949,969,25.866668,1783530599.729409,-0.274481,0.276479,-0.0,2.354255,0.2,-0.2155,0.199528,0.009578,camera_link,25.866668,gnm_closed_loop,,nominal,,True,ok,checkpoints/ablation_mnv2_baseline/best.pt,6.12,0.2416,-0.2155,0.0604,-0.0033,0.3124,,,gnm_closed_loop,0.2,-0.2155,False,0,,isaac_live_final_20260708,,selected_baseline_live,,,,,,,False,hospital_goal_C,0.4542,True,0.2416,-0.2155,0.2,-0.2155,True,armed,False,
livefinal_low_curvature_20260708_180949,970,25.883335,1783530599.732023,-0.276826,0.278832,-0.0,2.354245,0.2,-0.2155,0.199528,0.009578,camera_link,25.883335,gnm_closed_loop,,nominal,,True,ok,checkpoints/ablation_mnv2_baseline/best.pt,6.12,0.2416,-0.2155,0.0604,-0.0033,0.3124,,,gnm_closed_loop,0.2,-0.2155,False,0,,isaac_live_final_20260708,,selected_baseline_live,,,,,,,False,hospital_goal_C,0.4558,True,0.2416,-0.2155,0.2,-0.2155,True,armed,False,
livefinal_low_curvature_20260708_180949,971,25.900001,1783530599.734279,-0.27917,0.281185,-0.0,2.354234,0.2,-0.2155,0.199528,0.009578,camera_link,25.900001,gnm_closed_loop,,nominal,,True,ok,checkpoints/ablation_mnv2_baseline/best.pt,6.12,0.2416,-0.2155,0.0604,-0.0033,0.3124,,,gnm_closed_loop,0.2,-0.2155,False,0,,isaac_live_final_20260708,,selected_baseline_live,,,,,,,False,hospital_goal_C,0.4574,True,0.2416,-0.2155,0.2,-0.2155,True,armed,False,
livefinal_low_curvature_20260708_180949,972,25.916668,1783530599.753333,-0.281514,0.283538,0.0,2.354222,0.2,-0.2189,0.199591,0.011456,camera_link,25.916668,gnm_closed_loop,,nominal,,True,ok,checkpoints/ablation_mnv2_baseline/best.pt,4.85,0.2352,-0.2189,0.0588,-0.0032,0.3111,,,gnm_closed_loop,0.2,-0.2189,False,0,,isaac_live_final_20260708,,selected_baseline_live,,,,,,,False,hospital_goal_C,0.4591,True,0.2352,-0.2189,0.2,-0.2189,True,armed,False,
livefinal_low_curvature_20260708_180949,973,25.933335,1783530599.756002,-0.283858,0.28589,-0.0,2.35421,0.2,-0.2189,0.199591,0.011456,camera_link,25.933335,gnm_closed_loop,,nominal,,True,ok,checkpoints/ablation_mnv2_baseline/best.pt,4.85,0.2352,-0.2189,0.0588,-0.0032,0.3111,,,gnm_closed_loop,0.2,-0.2189,False,0,,isaac_live_final_20260708,,selected_baseline_live,,,,,,,False,hospital_goal_C,0.4608,True,0.2352,-0.2189,0.2,-0.2189,True,armed,False,
livefinal_low_curvature_20260708_180949,974,25.950001,1783530599.759217,-0.286202,0.288243,-0.0,2.354198,0.2,-0.2189,0.199591,0.011456,camera_link,25.950001,gnm_closed_loop,,nominal,,True,ok,checkpoints/ablation_mnv2_baseline/best.pt,4.85,0.2352,-0.2189,0.0588,-0.0032,0.3111,,,gnm_closed_loop,0.2,-0.2189,False,0,,isaac_live_final_20260708,,selected_baseline_live,,,,,,,False,hospital_goal_C,0.4625,True,0.2352,-0.2189,0.2,-0.2189,True,armed,False,
livefinal_low_curvature_20260708_180949,975,25.966668,1783530599.774786,-0.288547,0.290596,-0.0,2.354185,0.2,-0.2199,0.199552,0.01164,camera_link,25.966668,gnm_closed_loop,,nominal,,True,ok,checkpoints/ablation_mnv2_baseline/best.pt,4.78,0.2541,-0.2199,0.0635,-0.0035,0.3194,,,gnm_closed_loop,0.2,-0.2199,False,0,,isaac_live_final_20260708,,selected_baseline_live,,,,,,,False,hospital_goal_C,0.4642,True,0.2541,-0.2199,0.2,-0.2199,True,armed,False,
livefinal_low_curvature_20260708_180949,976,25.983335,1783530599.777556,-0.29089,0.292948,-0.0,2.354173,0.2,-0.2199,0.199552,0.01164,camera_link,25.983335,gnm_closed_loop,,nominal,,True,ok,checkpoints/ablation_mnv2_baseline/best.pt,4.78,0.2541,-0.2199,0.0635,-0.0035,0.3194,,,gnm_closed_loop,0.2,-0.2199,False,0,,isaac_live_final_20260708,,selected_baseline_live,,,,,,,False,hospital_goal_C,0.4659,True,0.2541,-0.2199,0.2,-0.2199,True,armed,False,
livefinal_low_curvature_20260708_180949,977,26.000001,1783530599.779649,-0.293234,0.295301,-0.0,2.354161,0.2,-0.2199,0.199552,0.01164,camera_link,26.000001,gnm_closed_loop,,nominal,,True,ok,checkpoints/ablation_mnv2_baseline/best.pt,4.78,0.2541,-0.2199,0.0635,-0.0035,0.3194,,,gnm_closed_loop,0.2,-0.2199,False,0,,isaac_live_final_20260708,,selected_baseline_live,,,,,,,False,hospital_goal_C,0.4677,True,0.2541,-0.2199,0.2,-0.2199,True,armed,False,
livefinal_low_curvature_20260708_180949,978,26.016668,1783530599.796474,-0.295578,0.297654,-0.0,2.354149,0.2,-0.1414,0.199592,0.011383,camera_link,26.016668,gnm_closed_loop,,nominal,,True,ok,checkpoints/ablation_mnv2_baseline/best.pt,5.19,0.3667,-0.1414,0.0917,-0.0032,0.3462,,,gnm_closed_loop,0.2,-0.1414,False,0,,isaac_live_final_20260708,,selected_baseline_live,,,,,,,False,hospital_goal_C,0.4694,True,0.3667,-0.1414,0.2,-0.1414,True,armed,False,
livefinal_low_curvature_20260708_180949,979,26.033335,1783530599.798743,-0.297923,0.300008,0.0,2.354143,0.2,-0.1414,0.199592,0.011383,camera_link,26.033335,gnm_closed_loop,,nominal,,True,ok,checkpoints/ablation_mnv2_baseline/best.pt,5.19,0.3667,-0.1414,0.0917,-0.0032,0.3462,,,gnm_closed_loop,0.2,-0.1414,False,0,,isaac_live_final_20260708,,selected_baseline_live,,,,,,,False,hospital_goal_C,0.4712,True,0.3667,-0.1414,0.2,-0.1414,True,armed,False,
livefinal_low_curvature_20260708_180949,980,26.050001,1783530599.800787,-0.300268,0.302362,0.0,2.354137,0.2,-0.1414,0.199592,0.011383,camera_link,26.050001,gnm_closed_loop,,nominal,,True,ok,checkpoints/ablation_mnv2_baseline/best.pt,5.19,0.3667,-0.1414,0.0917,-0.0032,0.3462,,,gnm_closed_loop,0.2,-0.1414,False,0,,isaac_live_final_20260708,,selected_baseline_live,,,,,,,False,hospital_goal_C,0.473,True,0.3667,-0.1414,0.2,-0.1414,True,armed,False,
livefinal_low_curvature_20260708_180949,981,26.066668,1783530599.81722,-0.302614,0.304717,-0.0,2.354132,0.2,-0.1152,0.199767,0.006517,camera_link,26.066668,gnm_closed_loop,,nominal,,True,ok,checkpoints/ablation_mnv2_baseline/best.pt,5.54,0.4306,-0.1152,0.1076,-0.0031,0.3512,,,gnm_closed_loop,0.2,-0.1152,False,0,,isaac_live_final_20260708,,selected_baseline_live,,,,,,,False,hospital_goal_C,0.4748,True,0.4306,-0.1152,0.2,-0.1152,True,armed,False,
livefinal_low_curvature_20260708_180949,982,26.083335,1783530599.819482,-0.304959,0.307072,0.0,2.354128,0.2,-0.1152,0.199767,0.006517,camera_link,26.083335,gnm_closed_loop,,nominal,,True,ok,checkpoints/ablation_mnv2_baseline/best.pt,5.54,0.4306,-0.1152,0.1076,-0.0031,0.3512,,,gnm_closed_loop,0.2,-0.1152,False,0,,isaac_live_final_20260708,,selected_baseline_live,,,,,,,False,hospital_goal_C,0.4766,True,0.4306,-0.1152,0.2,-0.1152,True,armed,False,
livefinal_low_curvature_20260708_180949,983,26.100001,1783530599.821311,-0.307305,0.309428,-0.0,2.354124,0.2,-0.1152,0.199767,0.006517,camera_link,26.100001,gnm_closed_loop,,nominal,,True,ok,checkpoints/ablation_mnv2_baseline/best.pt,5.54,0.4306,-0.1152,0.1076,-0.0031,0.3512,,,gnm_closed_loop,0.2,-0.1152,False,0,,isaac_live_final_20260708,,selected_baseline_live,,,,,,,False,hospital_goal_C,0.4785,True,0.4306,-0.1152,0.2,-0.1152,True,armed,False,
livefinal_low_curvature_20260708_180949,984,26.116668,1783530599.839439,-0.309651,0.311783,0.0,2.354119,0.2,-0.1128,0.199771,0.005774,camera_link,26.116668,gnm_closed_loop,,nominal,,True,ok,checkpoints/ablation_mnv2_baseline/best.pt,4.62,0.4395,-0.1128,0.1099,-0.0031,0.3575,,,gnm_closed_loop,0.2,-0.1128,False,0,,isaac_live_final_20260708,,selected_baseline_live,,,,,,,False,hospital_goal_C,0.4804,True,0.4395,-0.1128,0.2,-0.1128,True,armed,False,
livefinal_low_curvature_20260708_180949,985,26.133335,1783530599.841724,-0.311997,0.314138,-0.0,2.354115,0.2,-0.1128,0.199771,0.005774,camera_link,26.133335,gnm_closed_loop,,nominal,,True,ok,checkpoints/ablation_mnv2_baseline/best.pt,4.62,0.4395,-0.1128,0.1099,-0.0031,0.3575,,,gnm_closed_loop,0.2,-0.1128,False,0,,isaac_live_final_20260708,,selected_baseline_live,,,,,,,False,hospital_goal_C,0.4822,True,0.4395,-0.1128,0.2,-0.1128,True,armed,False,
livefinal_low_curvature_20260708_180949,986,26.150001,1783530599.844519,-0.314342,0.316493,0.0,2.354111,0.2,-0.1128,0.199771,0.005774,camera_link,26.150001,gnm_closed_loop,,nominal,,True,ok,checkpoints/ablation_mnv2_baseline/best.pt,4.62,0.4395,-0.1128,0.1099,-0.0031,0.3575,,,gnm_closed_loop,0.2,-0.1128,False,0,,isaac_live_final_20260708,,selected_baseline_live,,,,,,,False,hospital_goal_C,0.4841,True,0.4395,-0.1128,0.2,-0.1128,True,armed,False,
livefinal_low_curvature_20260708_180949,987,26.166668,1783530599.861807,-0.316688,0.318848,0.0,2.354106,0.2,-0.1089,0.199781,0.005293,camera_link,26.166668,gnm_closed_loop,,nominal,,True,ok,checkpoints/ablation_mnv2_baseline/best.pt,5.25,0.4448,-0.1089,0.1112,-0.003,0.3529,,,gnm_closed_loop,0.2,-0.1089,False,0,,isaac_live_final_20260708,,selected_baseline_live,,,,,,,False,hospital_goal_C,0.486,True,0.4448,-0.1089,0.2,-0.1089,True,armed,False,
livefinal_low_curvature_20260708_180949,988,26.183335,1783530599.864563,-0.319034,0.321204,0.0,2.354103,0.2,-0.1089,0.199781,0.005293,camera_link,26.183335,gnm_closed_loop,,nominal,,True,ok,checkpoints/ablation_mnv2_baseline/best.pt,5.25,0.4448,-0.1089,0.1112,-0.003,0.3529,,,gnm_closed_loop,0.2,-0.1089,False,0,,isaac_live_final_20260708,,selected_baseline_live,,,,,,,False,hospital_goal_C,0.488,True,0.4448,-0.1089,0.2,-0.1089,True,armed,False,
livefinal_low_curvature_20260708_180949,989,26.200001,1783530599.86708,-0.32138,0.32356,0.0,2.354099,0.2,-0.1089,0.199781,0.005293,camera_link,26.200001,gnm_closed_loop,,nominal,,True,ok,checkpoints/ablation_mnv2_baseline/best.pt,5.25,0.4448,-0.1089,0.1112,-0.003,0.3529,,,gnm_closed_loop,0.2,-0.1089,False,0,,isaac_live_final_20260708,,selected_baseline_live,,,,,,,False,hospital_goal_C,0.4899,True,0.4448,-0.1089,0.2,-0.1089,True,armed,False,
livefinal_low_curvature_20260708_180949,990,26.216668,1783530599.88424,-0.323726,0.325915,0.0,2.354095,0.2,-0.113,0.199755,0.00537,camera_link,26.216668,gnm_closed_loop,,nominal,,True,ok,checkpoints/ablation_mnv2_baseline/best.pt,5.08,0.4392,-0.113,0.1098,-0.0031,0.3494,,,gnm_closed_loop,0.2,-0.113,False,0,,isaac_live_final_20260708,,selected_baseline_live,,,,,,,False,hospital_goal_C,0.4919,True,0.4392,-0.113,0.2,-0.113,True,armed,False,
livefinal_low_curvature_20260708_180949,991,26.233335,1783530599.886688,-0.326072,0.328271,0.0,2.354091,0.2,-0.113,0.199755,0.00537,camera_link,26.233335,gnm_closed_loop,,nominal,,True,ok,checkpoints/ablation_mnv2_baseline/best.pt,5.08,0.4392,-0.113,0.1098,-0.0031,0.3494,,,gnm_closed_loop,0.2,-0.113,False,0,,isaac_live_final_20260708,,selected_baseline_live,,,,,,,False,hospital_goal_C,0.4938,True,0.4392,-0.113,0.2,-0.113,True,armed,False,
livefinal_low_curvature_20260708_180949,992,26.250001,1783530599.889134,-0.328418,0.330627,0.0,2.354086,0.2,-0.113,0.199755,0.00537,camera_link,26.250001,gnm_closed_loop,,nominal,,True,ok,checkpoints/ablation_mnv2_baseline/best.pt,5.08,0.4392,-0.113,0.1098,-0.0031,0.3494,,,gnm_closed_loop,0.2,-0.113,False,0,,isaac_live_final_20260708,,selected_baseline_live,,,,,,,False,hospital_goal_C,0.4958,True,0.4392,-0.113,0.2,-0.113,True,armed,False,
livefinal_low_curvature_20260708_180949,993,26.266668,1783530599.910472,-0.330764,0.332983,0.0,2.354083,0.2,-0.1238,0.199768,0.005644,camera_link,26.266668,gnm_closed_loop,,nominal,,True,ok,checkpoints/ablation_mnv2_baseline/best.pt,6.65,0.4019,-0.1238,0.1005,-0.0031,0.3472,,,gnm_closed_loop,0.2,-0.1238,False,0,,isaac_live_final_20260708,,selected_baseline_live,,,,,,,False,hospital_goal_C,0.4978,True,0.4019,-0.1238,0.2,-0.1238,True,armed,False,
livefinal_low_curvature_20260708_180949,994,26.283335,1783530599.913863,-0.33311,0.335338,0.0,2.354078,0.2,-0.1238,0.199768,0.005644,camera_link,26.283335,gnm_closed_loop,,nominal,,True,ok,checkpoints/ablation_mnv2_baseline/best.pt,6.65,0.4019,-0.1238,0.1005,-0.0031,0.3472,,,gnm_closed_loop,0.2,-0.1238,False,0,,isaac_live_final_20260708,,selected_baseline_live,,,,,,,False,hospital_goal_C,0.4998,True,0.4019,-0.1238,0.2,-0.1238,True,armed,False,
livefinal_low_curvature_20260708_180949,995,26.300001,1783530599.916638,-0.335456,0.337694,0.0,2.354073,0.2,-0.1238,0.199768,0.005644,camera_link,26.300001,gnm_closed_loop,,nominal,,True,ok,checkpoints/ablation_mnv2_baseline/best.pt,6.65,0.4019,-0.1238,0.1005,-0.0031,0.3472,,,gnm_closed_loop,0.2,-0.1238,False,0,,isaac_live_final_20260708,,selected_baseline_live,,,,,,,False,hospital_goal_C,0.5019,True,0.4019,-0.1238,0.2,-0.1238,True,armed,False,
livefinal_low_curvature_20260708_180949,996,26.316668,1783530599.939747,-0.337801,0.340049,0.0,2.354068,0.2,-0.1585,0.199739,0.006237,camera_link,26.316668,gnm_closed_loop,,nominal,,True,ok,checkpoints/ablation_mnv2_baseline/best.pt,5.1,0.3279,-0.1585,0.082,-0.0032,0.3483,,,gnm_closed_loop,0.2,-0.1585,False,0,,isaac_live_final_20260708,,selected_baseline_live,,,,,,,False,hospital_goal_C,0.5039,True,0.3279,-0.1585,0.2,-0.1585,True,armed,False,
livefinal_low_curvature_20260708_180949,997,26.333335,1783530599.941996,-0.340147,0.342405,0.0,2.354062,0.2,-0.1585,0.199739,0.006237,camera_link,26.333335,gnm_closed_loop,,nominal,,True,ok,checkpoints/ablation_mnv2_baseline/best.pt,5.1,0.3279,-0.1585,0.082,-0.0032,0.3483,,,gnm_closed_loop,0.2,-0.1585,False,0,,isaac_live_final_20260708,,selected_baseline_live,,,,,,,False,hospital_goal_C,0.506,True,0.3279,-0.1585,0.2,-0.1585,True,armed,False,
livefinal_low_curvature_20260708_180949,998,26.350001,1783530599.94383,-0.342492,0.34476,0.0,2.354055,0.2,-0.1585,0.199739,0.006237,camera_link,26.350001,gnm_closed_loop,,nominal,,True,ok,checkpoints/ablation_mnv2_baseline/best.pt,5.1,0.3279,-0.1585,0.082,-0.0032,0.3483,,,gnm_closed_loop,0.2,-0.1585,False,0,,isaac_live_final_20260708,,selected_baseline_live,,,,,,,False,hospital_goal_C,0.508,True,0.3279,-0.1585,0.2,-0.1585,True,armed,False,
livefinal_low_curvature_20260708_180949,999,26.366668,1783530599.962869,-0.344837,0.347115,0.0,2.354049,0.2,-0.1648,0.199746,0.008567,camera_link,26.366668,gnm_closed_loop,,nominal,,True,ok,checkpoints/ablation_mnv2_baseline/best.pt,6.02,0.3266,-0.1648,0.0817,-0.0034,0.3403,,,gnm_closed_loop,0.2,-0.1648,False,0,,isaac_live_final_20260708,,selected_baseline_live,,,,,,,False,hospital_goal_C,0.5101,True,0.3266,-0.1648,0.2,-0.1648,True,armed,False,
livefinal_low_curvature_20260708_180949,1000,26.383335,1783530599.965487,-0.347182,0.34947,0.0,2.354042,0.2,-0.1648,0.199746,0.008567,camera_link,26.383335,gnm_closed_loop,,nominal,,True,ok,checkpoints/ablation_mnv2_baseline/best.pt,6.02,0.3266,-0.1648,0.0817,-0.0034,0.3403,,,gnm_closed_loop,0.2,-0.1648,False,0,,isaac_live_final_20260708,,selected_baseline_live,,,,,,,False,hospital_goal_C,0.5122,True,0.3266,-0.1648,0.2,-0.1648,True,armed,False,
livefinal_low_curvature_20260708_180949,1001,26.400001,1783530599.968923,-0.349527,0.351825,0.0,2.354035,0.2,-0.1648,0.199746,0.008567,camera_link,26.400001,gnm_closed_loop,,nominal,,True,ok,checkpoints/ablation_mnv2_baseline/best.pt,6.02,0.3266,-0.1648,0.0817,-0.0034,0.3403,,,gnm_closed_loop,0.2,-0.1648,False,0,,isaac_live_final_20260708,,selected_baseline_live,,,,,,,False,hospital_goal_C,0.5143,True,0.3266,-0.1648,0.2,-0.1648,True,armed,False,
livefinal_low_curvature_20260708_180949,1002,26.416668,1783530599.992557,-0.351872,0.35418,0.0,2.354028,0.2,-0.1535,0.199763,0.00936,camera_link,26.416668,gnm_closed_loop,,nominal,,True,ok,checkpoints/ablation_mnv2_baseline/best.pt,5.97,0.3435,-0.1535,0.0859,-0.0033,0.3444,,,gnm_closed_loop,0.2,-0.1535,False,0,,isaac_live_final_20260708,,selected_baseline_live,,,,,,,False,hospital_goal_C,0.5164,True,0.3435,-0.1535,0.2,-0.1535,True,armed,False,
livefinal_low_curvature_20260708_180949,1003,26.433335,1783530599.995416,-0.354218,0.356535,0.0,2.354021,0.2,-0.1535,0.199763,0.00936,camera_link,26.433335,gnm_closed_loop,,nominal,,True,ok,checkpoints/ablation_mnv2_baseline/best.pt,5.97,0.3435,-0.1535,0.0859,-0.0033,0.3444,,,gnm_closed_loop,0.2,-0.1535,False,0,,isaac_live_final_20260708,,selected_baseline_live,,,,,,,False,hospital_goal_C,0.5186,True,0.3435,-0.1535,0.2,-0.1535,True,armed,False,
livefinal_low_curvature_20260708_180949,1004,26.450001,1783530599.997449,-0.356563,0.35889,0.0,2.354015,0.2,-0.1535,0.199763,0.00936,camera_link,26.450001,gnm_closed_loop,,nominal,,True,ok,checkpoints/ablation_mnv2_baseline/best.pt,5.97,0.3435,-0.1535,0.0859,-0.0033,0.3444,,,gnm_closed_loop,0.2,-0.1535,False,0,,isaac_live_final_20260708,,selected_baseline_live,,,,,,,False,hospital_goal_C,0.5207,True,0.3435,-0.1535,0.2,-0.1535,True,armed,False,
livefinal_low_curvature_20260708_180949,1005,26.466668,1783530600.021236,-0.358908,0.361245,0.0,2.354009,0.2,-0.1444,0.199744,0.008289,camera_link,26.466668,gnm_closed_loop,,nominal,,True,ok,checkpoints/ablation_mnv2_baseline/best.pt,5.3,0.3711,-0.1444,0.0928,-0.0034,0.3479,,,gnm_closed_loop,0.2,-0.1444,False,0,,isaac_live_final_20260708,,selected_baseline_live,,,,,,,False,hospital_goal_C,0.5229,True,0.3711,-0.1444,0.2,-0.1444,True,armed,False,
livefinal_low_curvature_20260708_180949,1006,26.483335,1783530600.02459,-0.361253,0.3636,0.0,2.354003,0.2,-0.1444,0.199744,0.008289,camera_link,26.483335,gnm_closed_loop,,nominal,,True,ok,checkpoints/ablation_mnv2_baseline/best.pt,5.3,0.3711,-0.1444,0.0928,-0.0034,0.3479,,,gnm_closed_loop,0.2,-0.1444,False,0,,isaac_live_final_20260708,,selected_baseline_live,,,,,,,False,hospital_goal_C,0.525,True,0.3711,-0.1444,0.2,-0.1444,True,armed,False,
livefinal_low_curvature_20260708_180949,1007,26.500001,1783530600.028503,-0.363598,0.365956,0.0,2.353997,0.2,-0.1444,0.199744,0.008289,camera_link,26.500001,gnm_closed_loop,,nominal,,True,ok,checkpoints/ablation_mnv2_baseline/best.pt,5.3,0.3711,-0.1444,0.0928,-0.0034,0.3479,,,gnm_closed_loop,0.2,-0.1444,False,0,,isaac_live_final_20260708,,selected_baseline_live,,,,,,,False,hospital_goal_C,0.5272,True,0.3711,-0.1444,0.2,-0.1444,True,armed,False,
livefinal_low_curvature_20260708_180949,1008,26.516668,1783530600.05603,-0.365943,0.368311,0.0,2.353991,0.2,-0.1323,0.19967,0.007075,camera_link,26.516668,gnm_closed_loop,,nominal,,True,ok,checkpoints/ablation_mnv2_baseline/best.pt,6.01,0.3961,-0.1323,0.099,-0.0033,0.3493,,,gnm_closed_loop,0.2,-0.1323,False,0,,isaac_live_final_20260708,,selected_baseline_live,,,,,,,False,hospital_goal_C,0.5294,True,0.3961,-0.1323,0.2,-0.1323,True,armed,False,
livefinal_low_curvature_20260708_180949,1009,26.533335,1783530600.058376,-0.368289,0.370666,0.0,2.353986,0.2,-0.1323,0.19967,0.007075,camera_link,26.533335,gnm_closed_loop,,nominal,,True,ok,checkpoints/ablation_mnv2_baseline/best.pt,6.01,0.3961,-0.1323,0.099,-0.0033,0.3493,,,gnm_closed_loop,0.2,-0.1323,False,0,,isaac_live_final_20260708,,selected_baseline_live,,,,,,,False,hospital_goal_C,0.5316,True,0.3961,-0.1323,0.2,-0.1323,True,armed,False,
livefinal_low_curvature_20260708_180949,1010,26.550001,1783530600.060313,-0.370634,0.373022,0.0,2.353981,0.2,-0.1323,0.19967,0.007075,camera_link,26.550001,gnm_closed_loop,,nominal,,True,ok,checkpoints/ablation_mnv2_baseline/best.pt,6.01,0.3961,-0.1323,0.099,-0.0033,0.3493,,,gnm_closed_loop,0.2,-0.1323,False,0,,isaac_live_final_20260708,,selected_baseline_live,,,,,,,False,hospital_goal_C,0.5338,True,0.3961,-0.1323,0.2,-0.1323,True,armed,False,
livefinal_low_curvature_20260708_180949,1011,26.566668,1783530600.078516,-0.37298,0.375378,0.0,2.353977,0.2,-0.1287,0.199774,0.006809,camera_link,26.566668,gnm_closed_loop,,nominal,,True,ok,checkpoints/ablation_mnv2_baseline/best.pt,5.01,0.4008,-0.1287,0.1002,-0.0032,0.3495,,,gnm_closed_loop,0.2,-0.1287,False,0,,isaac_live_final_20260708,,selected_baseline_live,,,,,,,False,hospital_goal_C,0.5361,True,0.4008,-0.1287,0.2,-0.1287,True,armed,False,
livefinal_low_curvature_20260708_180949,1012,26.583335,1783530600.081143,-0.375325,0.377733,0.0,2.353972,0.2,-0.1287,0.199774,0.006809,camera_link,26.583335,gnm_closed_loop,,nominal,,True,ok,checkpoints/ablation_mnv2_baseline/best.pt,5.01,0.4008,-0.1287,0.1002,-0.0032,0.3495,,,gnm_closed_loop,0.2,-0.1287,False,0,,isaac_live_final_20260708,,selected_baseline_live,,,,,,,False,hospital_goal_C,0.5383,True,0.4008,-0.1287,0.2,-0.1287,True,armed,False,
livefinal_low_curvature_20260708_180949,1013,26.600001,1783530600.083158,-0.377671,0.38009,0.0,2.353967,0.2,-0.1287,0.199774,0.006809,camera_link,26.600001,gnm_closed_loop,,nominal,,True,ok,checkpoints/ablation_mnv2_baseline/best.pt,5.01,0.4008,-0.1287,0.1002,-0.0032,0.3495,,,gnm_closed_loop,0.2,-0.1287,False,0,,isaac_live_final_20260708,,selected_baseline_live,,,,,,,False,hospital_goal_C,0.5406,True,0.4008,-0.1287,0.2,-0.1287,True,armed,False,
livefinal_low_curvature_20260708_180949,1014,26.616668,1783530600.100185,-0.380016,0.382445,-0.0,2.353962,0.2,-0.1317,0.19978,0.00597,camera_link,26.616668,gnm_closed_loop,,nominal,,True,ok,checkpoints/ablation_mnv2_baseline/best.pt,6.36,0.3919,-0.1317,0.098,-0.0032,0.3499,,,gnm_closed_loop,0.2,-0.1317,False,0,,isaac_live_final_20260708,,selected_baseline_live,,,,,,,False,hospital_goal_C,0.5428,True,0.3919,-0.1317,0.2,-0.1317,True,armed,False,
livefinal_low_curvature_20260708_180949,1015,26.633335,1783530600.102835,-0.382362,0.384801,0.0,2.353957,0.2,-0.1317,0.19978,0.00597,camera_link,26.633335,gnm_closed_loop,,nominal,,True,ok,checkpoints/ablation_mnv2_baseline/best.pt,6.36,0.3919,-0.1317,0.098,-0.0032,0.3499,,,gnm_closed_loop,0.2,-0.1317,False,0,,isaac_live_final_20260708,,selected_baseline_live,,,,,,,False,hospital_goal_C,0.5451,True,0.3919,-0.1317,0.2,-0.1317,True,armed,False,
livefinal_low_curvature_20260708_180949,1016,26.650001,1783530600.10485,-0.384708,0.387157,0.0,2.353952,0.2,-0.1317,0.19978,0.00597,camera_link,26.650001,gnm_closed_loop,,nominal,,True,ok,checkpoints/ablation_mnv2_baseline/best.pt,6.36,0.3919,-0.1317,0.098,-0.0032,0.3499,,,gnm_closed_loop,0.2,-0.1317,False,0,,isaac_live_final_20260708,,selected_baseline_live,,,,,,,False,hospital_goal_C,0.5474,True,0.3919,-0.1317,0.2,-0.1317,True,armed,False,
livefinal_low_curvature_20260708_180949,1017,26.666668,1783530600.125612,-0.387053,0.389513,0.0,2.353948,0.2,-0.1301,0.199804,0.006296,camera_link,26.666668,gnm_closed_loop,,nominal,,True,ok,checkpoints/ablation_mnv2_baseline/best.pt,5.83,0.396,-0.1301,0.099,-0.0032,0.3529,,,gnm_closed_loop,0.2,-0.1301,False,0,,isaac_live_final_20260708,,selected_baseline_live,,,,,,,False,hospital_goal_C,0.5497,True,0.396,-0.1301,0.2,-0.1301,True,armed,False,
livefinal_low_curvature_20260708_180949,1018,26.683335,1783530600.128518,-0.389398,0.391868,0.0,2.353942,0.2,-0.1301,0.199804,0.006296,camera_link,26.683335,gnm_closed_loop,,nominal,,True,ok,checkpoints/ablation_mnv2_baseline/best.pt,5.83,0.396,-0.1301,0.099,-0.0032,0.3529,,,gnm_closed_loop,0.2,-0.1301,False,0,,isaac_live_final_20260708,,selected_baseline_live,,,,,,,False,hospital_goal_C,0.552,True,0.396,-0.1301,0.2,-0.1301,True,armed,False,
livefinal_low_curvature_20260708_180949,1019,26.700001,1783530600.131685,-0.391743,0.394224,0.0,2.353937,0.2,-0.1301,0.199804,0.006296,camera_link,26.700001,gnm_closed_loop,,nominal,,True,ok,checkpoints/ablation_mnv2_baseline/best.pt,5.83,0.396,-0.1301,0.099,-0.0032,0.3529,,,gnm_closed_loop,0.2,-0.1301,False,0,,isaac_live_final_20260708,,selected_baseline_live,,,,,,,False,hospital_goal_C,0.5543,True,0.396,-0.1301,0.2,-0.1301,True,armed,False,
livefinal_low_curvature_20260708_180949,1020,26.716668,1783530600.154867,-0.394089,0.39658,0.0,2.353933,0.2,-0.1049,0.199744,0.007094,camera_link,26.716668,gnm_closed_loop,,nominal,,True,ok,checkpoints/ablation_mnv2_baseline/best.pt,6.02,0.4701,-0.1049,0.1175,-0.0031,0.3589,,,gnm_closed_loop,0.2,-0.1049,False,0,,isaac_live_final_20260708,,selected_baseline_live,,,,,,,False,hospital_goal_C,0.5566,True,0.4701,-0.1049,0.2,-0.1049,True,armed,False,
livefinal_low_curvature_20260708_180949,1021,26.733335,1783530600.157454,-0.396434,0.398935,0.0,2.353929,0.2,-0.1049,0.199744,0.007094,camera_link,26.733335,gnm_closed_loop,,nominal,,True,ok,checkpoints/ablation_mnv2_baseline/best.pt,6.02,0.4701,-0.1049,0.1175,-0.0031,0.3589,,,gnm_closed_loop,0.2,-0.1049,False,0,,isaac_live_final_20260708,,selected_baseline_live,,,,,,,False,hospital_goal_C,0.5589,True,0.4701,-0.1049,0.2,-0.1049,True,armed,False,
livefinal_low_curvature_20260708_180949,1022,26.750001,1783530600.159252,-0.39878,0.401291,0.0,2.353924,0.2,-0.1049,0.199744,0.007094,camera_link,26.750001,gnm_closed_loop,,nominal,,True,ok,checkpoints/ablation_mnv2_baseline/best.pt,6.02,0.4701,-0.1049,0.1175,-0.0031,0.3589,,,gnm_closed_loop,0.2,-0.1049,False,0,,isaac_live_final_20260708,,selected_baseline_live,,,,,,,False,hospital_goal_C,0.5613,True,0.4701,-0.1049,0.2,-0.1049,True,armed,False,
livefinal_low_curvature_20260708_180949,1023,26.766668,1783530600.175891,-0.401125,0.403647,0.0,2.353921,0.2,-0.102,0.199785,0.00536,camera_link,26.766668,gnm_closed_loop,,nominal,,True,ok,checkpoints/ablation_mnv2_baseline/best.pt,5.15,0.4767,-0.102,0.1192,-0.003,0.3561,,,gnm_closed_loop,0.2,-0.102,False,0,,isaac_live_final_20260708,,selected_baseline_live,,,,,,,False,hospital_goal_C,0.5636,True,0.4767,-0.102,0.2,-0.102,True,armed,False,
livefinal_low_curvature_20260708_180949,1024,26.783335,1783530600.17849,-0.40347,0.406002,0.0,2.353917,0.2,-0.102,0.199785,0.00536,camera_link,26.783335,gnm_closed_loop,,nominal,,True,ok,checkpoints/ablation_mnv2_baseline/best.pt,5.15,0.4767,-0.102,0.1192,-0.003,0.3561,,,gnm_closed_loop,0.2,-0.102,False,0,,isaac_live_final_20260708,,selected_baseline_live,,,,,,,False,hospital_goal_C,0.566,True,0.4767,-0.102,0.2,-0.102,True,armed,False,
livefinal_low_curvature_20260708_180949,1025,26.800001,1783530600.181605,-0.405815,0.408358,0.0,2.353913,0.2,-0.102,0.199785,0.00536,camera_link,26.800001,gnm_closed_loop,,nominal,,True,ok,checkpoints/ablation_mnv2_baseline/best.pt,5.15,0.4767,-0.102,0.1192,-0.003,0.3561,,,gnm_closed_loop,0.2,-0.102,False,0,,isaac_live_final_20260708,,selected_baseline_live,,,,,,,False,hospital_goal_C,0.5684,True,0.4767,-0.102,0.2,-0.102,True,armed,False,
livefinal_low_curvature_20260708_180949,1026,26.816668,1783530600.20489,-0.408161,0.410714,0.0,2.353909,0.2,-0.0924,0.19982,0.005457,camera_link,26.816668,gnm_closed_loop,,nominal,,True,ok,checkpoints/ablation_mnv2_baseline/best.pt,7.05,0.5076,-0.0924,0.1269,-0.0029,0.3557,,,gnm_closed_loop,0.2,-0.0924,False,0,,isaac_live_final_20260708,,selected_baseline_live,,,,,,,False,hospital_goal_C,0.5708,True,0.5076,-0.0924,0.2,-0.0924,True,armed,False,
livefinal_low_curvature_20260708_180949,1027,26.833335,1783530600.20996,-0.410506,0.41307,0.0,2.353905,0.2,-0.0924,0.19982,0.005457,camera_link,26.833335,gnm_closed_loop,,nominal,,True,ok,checkpoints/ablation_mnv2_baseline/best.pt,7.05,0.5076,-0.0924,0.1269,-0.0029,0.3557,,,gnm_closed_loop,0.2,-0.0924,False,0,,isaac_live_final_20260708,,selected_baseline_live,,,,,,,False,hospital_goal_C,0.5732,True,0.5076,-0.0924,0.2,-0.0924,True,armed,False,
livefinal_low_curvature_20260708_180949,1028,26.850001,1783530600.213015,-0.412852,0.415427,0.0,2.353902,0.2,-0.0924,0.19982,0.005457,camera_link,26.850001,gnm_closed_loop,,nominal,,True,ok,checkpoints/ablation_mnv2_baseline/best.pt,7.05,0.5076,-0.0924,0.1269,-0.0029,0.3557,,,gnm_closed_loop,0.2,-0.0924,False,0,,isaac_live_final_20260708,,selected_baseline_live,,,,,,,False,hospital_goal_C,0.5756,True,0.5076,-0.0924,0.2,-0.0924,True,armed,False,
livefinal_low_curvature_20260708_180949,1029,26.866668,1783530600.234051,-0.415197,0.417782,0.0,2.353898,0.2,-0.0983,0.199763,0.004851,camera_link,26.866668,gnm_closed_loop,,nominal,,True,ok,checkpoints/ablation_mnv2_baseline/best.pt,5.74,0.4894,-0.0983,0.1223,-0.003,0.3525,,,gnm_closed_loop,0.2,-0.0983,False,0,,isaac_live_final_20260708,,selected_baseline_live,,,,,,,False,hospital_goal_C,0.578,True,0.4894,-0.0983,0.2,-0.0983,True,armed,False,
livefinal_low_curvature_20260708_180949,1030,26.883335,1783530600.236469,-0.417542,0.420138,0.0,2.353894,0.2,-0.0983,0.199763,0.004851,camera_link,26.883335,gnm_closed_loop,,nominal,,True,ok,checkpoints/ablation_mnv2_baseline/best.pt,5.74,0.4894,-0.0983,0.1223,-0.003,0.3525,,,gnm_closed_loop,0.2,-0.0983,False,0,,isaac_live_final_20260708,,selected_baseline_live,,,,,,,False,hospital_goal_C,0.5804,True,0.4894,-0.0983,0.2,-0.0983,True,armed,False,
livefinal_low_curvature_20260708_180949,1031,26.900001,1783530600.238412,-0.419888,0.422494,0.0,2.353891,0.2,-0.0983,0.199763,0.004851,camera_link,26.900001,gnm_closed_loop,,nominal,,True,ok,checkpoints/ablation_mnv2_baseline/best.pt,5.74,0.4894,-0.0983,0.1223,-0.003,0.3525,,,gnm_closed_loop,0.2,-0.0983,False,0,,isaac_live_final_20260708,,selected_baseline_live,,,,,,,False,hospital_goal_C,0.5828,True,0.4894,-0.0983,0.2,-0.0983,True,armed,False,
livefinal_low_curvature_20260708_180949,1032,26.916668,1783530600.259543,-0.422233,0.42485,0.0,2.353887,0.2,-0.1275,0.199787,0.004621,camera_link,26.916668,gnm_closed_loop,,nominal,,True,ok,checkpoints/ablation_mnv2_baseline/best.pt,6.89,0.4175,-0.1275,0.1044,-0.0033,0.3446,,,gnm_closed_loop,0.2,-0.1275,False,0,,isaac_live_final_20260708,,selected_baseline_live,,,,,,,False,hospital_goal_C,0.5853,True,0.4175,-0.1275,0.2,-0.1275,True,armed,False,
livefinal_low_curvature_20260708_180949,1033,26.933335,1783530600.261873,-0.424578,0.427207,0.0,2.353882,0.2,-0.1275,0.199787,0.004621,camera_link,26.933335,gnm_closed_loop,,nominal,,True,ok,checkpoints/ablation_mnv2_baseline/best.pt,6.89,0.4175,-0.1275,0.1044,-0.0033,0.3446,,,gnm_closed_loop,0.2,-0.1275,False,0,,isaac_live_final_20260708,,selected_baseline_live,,,,,,,False,hospital_goal_C,0.5877,True,0.4175,-0.1275,0.2,-0.1275,True,armed,False,
livefinal_low_curvature_20260708_180949,1034,26.950001,1783530600.263784,-0.426923,0.429562,0.0,2.353878,0.2,-0.1275,0.199787,0.004621,camera_link,26.950001,gnm_closed_loop,,nominal,,True,ok,checkpoints/ablation_mnv2_baseline/best.pt,6.89,0.4175,-0.1275,0.1044,-0.0033,0.3446,,,gnm_closed_loop,0.2,-0.1275,False,0,,isaac_live_final_20260708,,selected_baseline_live,,,,,,,False,hospital_goal_C,0.5902,True,0.4175,-0.1275,0.2,-0.1275,True,armed,False,
livefinal_low_curvature_20260708_180949,1035,26.966668,1783530600.281389,-0.429268,0.431918,0.0,2.353872,0.2,-0.1201,0.199758,0.006403,camera_link,26.966668,gnm_closed_loop,,nominal,,True,ok,checkpoints/ablation_mnv2_baseline/best.pt,5.75,0.4398,-0.1201,0.1099,-0.0033,0.3475,,,gnm_closed_loop,0.2,-0.1201,False,0,,isaac_live_final_20260708,,selected_baseline_live,,,,,,,False,hospital_goal_C,0.5926,True,0.4398,-0.1201,0.2,-0.1201,True,armed,False,
livefinal_low_curvature_20260708_180949,1036,26.983335,1783530600.284049,-0.431614,0.434274,0.0,2.353868,0.2,-0.1201,0.199758,0.006403,camera_link,26.983335,gnm_closed_loop,,nominal,,True,ok,checkpoints/ablation_mnv2_baseline/best.pt,5.75,0.4398,-0.1201,0.1099,-0.0033,0.3475,,,gnm_closed_loop,0.2,-0.1201,False,0,,isaac_live_final_20260708,,selected_baseline_live,,,,,,,False,hospital_goal_C,0.5951,True,0.4398,-0.1201,0.2,-0.1201,True,armed,False,
livefinal_low_curvature_20260708_180949,1037,27.000001,1783530600.285979,-0.433959,0.43663,0.0,2.353863,0.2,-0.1201,0.199758,0.006403,camera_link,27.000001,gnm_closed_loop,,nominal,,True,ok,checkpoints/ablation_mnv2_baseline/best.pt,5.75,0.4398,-0.1201,0.1099,-0.0033,0.3475,,,gnm_closed_loop,0.2,-0.1201,False,0,,isaac_live_final_20260708,,selected_baseline_live,,,,,,,False,hospital_goal_C,0.5976,True,0.4398,-0.1201,0.2,-0.1201,True,armed,False,
livefinal_low_curvature_20260708_180949,1038,27.016668,1783530600.302977,-0.436304,0.438986,0.0,2.353859,0.2,-0.1147,0.199758,0.00599,camera_link,27.016668,gnm_closed_loop,,nominal,,True,ok,checkpoints/ablation_mnv2_baseline/best.pt,5.6,0.4442,-0.1147,0.111,-0.0032,0.348,,,gnm_closed_loop,0.2,-0.1147,False,0,,isaac_live_final_20260708,,selected_baseline_live,,,,,,,False,hospital_goal_C,0.6001,True,0.4442,-0.1147,0.2,-0.1147,True,armed,False,
livefinal_low_curvature_20260708_180949,1039,27.033335,1783530600.305639,-0.438649,0.441342,0.0,2.353855,0.2,-0.1147,0.199758,0.00599,camera_link,27.033335,gnm_closed_loop,,nominal,,True,ok,checkpoints/ablation_mnv2_baseline/best.pt,5.6,0.4442,-0.1147,0.111,-0.0032,0.348,,,gnm_closed_loop,0.2,-0.1147,False,0,,isaac_live_final_20260708,,selected_baseline_live,,,,,,,False,hospital_goal_C,0.6026,True,0.4442,-0.1147,0.2,-0.1147,True,armed,False,
livefinal_low_curvature_20260708_180949,1040,27.050001,1783530600.307561,-0.440994,0.443698,0.0,2.35385,0.2,-0.1147,0.199758,0.00599,camera_link,27.050001,gnm_closed_loop,,nominal,,True,ok,checkpoints/ablation_mnv2_baseline/best.pt,5.6,0.4442,-0.1147,0.111,-0.0032,0.348,,,gnm_closed_loop,0.2,-0.1147,False,0,,isaac_live_final_20260708,,selected_baseline_live,,,,,,,False,hospital_goal_C,0.6051,True,0.4442,-0.1147,0.2,-0.1147,True,armed,False,
livefinal_low_curvature_20260708_180949,1041,27.066668,1783530600.324273,-0.443339,0.446054,0.0,2.353846,0.2,-0.1257,0.199772,0.005387,camera_link,27.066668,gnm_closed_loop,,nominal,,True,ok,checkpoints/ablation_mnv2_baseline/best.pt,5.99,0.4065,-0.1257,0.1016,-0.0032,0.3429,,,gnm_closed_loop,0.2,-0.1257,False,0,,isaac_live_final_20260708,,selected_baseline_live,,,,,,,False,hospital_goal_C,0.6076,True,0.4065,-0.1257,0.2,-0.1257,True,armed,False,
livefinal_low_curvature_20260708_180949,1042,27.083335,1783530600.326981,-0.445684,0.44841,0.0,2.353841,0.2,-0.1257,0.199772,0.005387,camera_link,27.083335,gnm_closed_loop,,nominal,,True,ok,checkpoints/ablation_mnv2_baseline/best.pt,5.99,0.4065,-0.1257,0.1016,-0.0032,0.3429,,,gnm_closed_loop,0.2,-0.1257,False,0,,isaac_live_final_20260708,,selected_baseline_live,,,,,,,False,hospital_goal_C,0.6101,True,0.4065,-0.1257,0.2,-0.1257,True,armed,False,
livefinal_low_curvature_20260708_180949,1043,27.100001,1783530600.328956,-0.448029,0.450765,0.0,2.353836,0.2,-0.1257,0.199772,0.005387,camera_link,27.100001,gnm_closed_loop,,nominal,,True,ok,checkpoints/ablation_mnv2_baseline/best.pt,5.99,0.4065,-0.1257,0.1016,-0.0032,0.3429,,,gnm_closed_loop,0.2,-0.1257,False,0,,isaac_live_final_20260708,,selected_baseline_live,,,,,,,False,hospital_goal_C,0.6127,True,0.4065,-0.1257,0.2,-0.1257,True,armed,False,
livefinal_low_curvature_20260708_180949,1044,27.116668,1783530600.346551,-0.450374,0.453122,0.0,2.353831,0.2,-0.1343,0.199771,0.006532,camera_link,27.116668,gnm_closed_loop,,nominal,,True,ok,checkpoints/ablation_mnv2_baseline/best.pt,5.62,0.3929,-0.1343,0.0982,-0.0033,0.3415,,,gnm_closed_loop,0.2,-0.1343,False,0,,isaac_live_final_20260708,,selected_baseline_live,,,,,,,False,hospital_goal_C,0.6152,True,0.3929,-0.1343,0.2,-0.1343,True,armed,False,
livefinal_low_curvature_20260708_180949,1045,27.133335,1783530600.348954,-0.452719,0.455478,0.0,2.353826,0.2,-0.1343,0.199771,0.006532,camera_link,27.133335,gnm_closed_loop,,nominal,,True,ok,checkpoints/ablation_mnv2_baseline/best.pt,5.62,0.3929,-0.1343,0.0982,-0.0033,0.3415,,,gnm_closed_loop,0.2,-0.1343,False,0,,isaac_live_final_20260708,,selected_baseline_live,,,,,,,False,hospital_goal_C,0.6177,True,0.3929,-0.1343,0.2,-0.1343,True,armed,False,
livefinal_low_curvature_20260708_180949,1046,27.150001,1783530600.350945,-0.455064,0.457833,0.0,2.35382,0.2,-0.1343,0.199771,0.006532,camera_link,27.150001,gnm_closed_loop,,nominal,,True,ok,checkpoints/ablation_mnv2_baseline/best.pt,5.62,0.3929,-0.1343,0.0982,-0.0033,0.3415,,,gnm_closed_loop,0.2,-0.1343,False,0,,isaac_live_final_20260708,,selected_baseline_live,,,,,,,False,hospital_goal_C,0.6203,True,0.3929,-0.1343,0.2,-0.1343,True,armed,False,
livefinal_low_curvature_20260708_180949,1047,27.166668,1783530600.367793,-0.457409,0.460189,0.0,2.353815,0.2,-0.1452,0.199779,0.006732,camera_link,27.166668,gnm_closed_loop,,nominal,,True,ok,checkpoints/ablation_mnv2_baseline/best.pt,4.29,0.375,-0.1452,0.0937,-0.0034,0.3357,,,gnm_closed_loop,0.2,-0.1452,False,0,,isaac_live_final_20260708,,selected_baseline_live,,,,,,,False,hospital_goal_C,0.6228,True,0.375,-0.1452,0.2,-0.1452,True,armed,False,
livefinal_low_curvature_20260708_180949,1048,27.183335,1783530600.370125,-0.459754,0.462545,0.0,2.353809,0.2,-0.1452,0.199779,0.006732,camera_link,27.183335,gnm_closed_loop,,nominal,,True,ok,checkpoints/ablation_mnv2_baseline/best.pt,4.29,0.375,-0.1452,0.0937,-0.0034,0.3357,,,gnm_closed_loop,0.2,-0.1452,False,0,,isaac_live_final_20260708,,selected_baseline_live,,,,,,,False,hospital_goal_C,0.6254,True,0.375,-0.1452,0.2,-0.1452,True,armed,False,
livefinal_low_curvature_20260708_180949,1049,27.200001,1783530600.372136,-0.462098,0.4649,0.0,2.353803,0.2,-0.1452,0.199779,0.006732,camera_link,27.200001,gnm_closed_loop,,nominal,,True,ok,checkpoints/ablation_mnv2_baseline/best.pt,4.29,0.375,-0.1452,0.0937,-0.0034,0.3357,,,gnm_closed_loop,0.2,-0.1452,False,0,,isaac_live_final_20260708,,selected_baseline_live,,,,,,,False,hospital_goal_C,0.628,True,0.375,-0.1452,0.2,-0.1452,True,armed,False,
livefinal_low_curvature_20260708_180949,1050,27.216668,1783530600.390741,-0.464443,0.467256,0.0,2.353798,0.2,-0.1437,0.199763,0.007147,camera_link,27.216668,gnm_closed_loop,,nominal,,True,ok,checkpoints/ablation_mnv2_baseline/best.pt,5.3,0.3769,-0.1437,0.0942,-0.0034,0.3375,,,gnm_closed_loop,0.2,-0.1437,False,0,,isaac_live_final_20260708,,selected_baseline_live,,,,,,,False,hospital_goal_C,0.6306,True,0.3769,-0.1437,0.2,-0.1437,True,armed,False,
livefinal_low_curvature_20260708_180949,1051,27.233335,1783530600.393274,-0.466788,0.469612,0.0,2.353792,0.2,-0.1437,0.199763,0.007147,camera_link,27.233335,gnm_closed_loop,,nominal,,True,ok,checkpoints/ablation_mnv2_baseline/best.pt,5.3,0.3769,-0.1437,0.0942,-0.0034,0.3375,,,gnm_closed_loop,0.2,-0.1437,False,0,,isaac_live_final_20260708,,selected_baseline_live,,,,,,,False,hospital_goal_C,0.6331,True,0.3769,-0.1437,0.2,-0.1437,True,armed,False,
livefinal_low_curvature_20260708_180949,1052,27.250001,1783530600.395538,-0.469133,0.471967,0.0,2.353786,0.2,-0.1437,0.199763,0.007147,camera_link,27.250001,gnm_closed_loop,,nominal,,True,ok,checkpoints/ablation_mnv2_baseline/best.pt,5.3,0.3769,-0.1437,0.0942,-0.0034,0.3375,,,gnm_closed_loop,0.2,-0.1437,False,0,,isaac_live_final_20260708,,selected_baseline_live,,,,,,,False,hospital_goal_C,0.6357,True,0.3769,-0.1437,0.2,-0.1437,True,armed,False,
livefinal_low_curvature_20260708_180949,1053,27.266668,1783530600.417359,-0.471477,0.474323,-0.0,2.353781,0.2,-0.152,0.199751,0.00735,camera_link,27.266668,gnm_closed_loop,,nominal,,True,ok,checkpoints/ablation_mnv2_baseline/best.pt,5.88,0.3584,-0.152,0.0896,-0.0034,0.3361,,,gnm_closed_loop,0.2,-0.152,False,0,,isaac_live_final_20260708,,selected_baseline_live,,,,,,,False,hospital_goal_C,0.6383,True,0.3584,-0.152,0.2,-0.152,True,armed,False,
livefinal_low_curvature_20260708_180949,1054,27.283335,1783530600.420277,-0.473822,0.476679,0.0,2.353775,0.2,-0.152,0.199751,0.00735,camera_link,27.283335,gnm_closed_loop,,nominal,,True,ok,checkpoints/ablation_mnv2_baseline/best.pt,5.88,0.3584,-0.152,0.0896,-0.0034,0.3361,,,gnm_closed_loop,0.2,-0.152,False,0,,isaac_live_final_20260708,,selected_baseline_live,,,,,,,False,hospital_goal_C,0.6409,True,0.3584,-0.152,0.2,-0.152,True,armed,False,
livefinal_low_curvature_20260708_180949,1055,27.300001,1783530600.422374,-0.476166,0.479034,0.0,2.353769,0.2,-0.152,0.199751,0.00735,camera_link,27.300001,gnm_closed_loop,,nominal,,True,ok,checkpoints/ablation_mnv2_baseline/best.pt,5.88,0.3584,-0.152,0.0896,-0.0034,0.3361,,,gnm_closed_loop,0.2,-0.152,False,0,,isaac_live_final_20260708,,selected_baseline_live,,,,,,,False,hospital_goal_C,0.6436,True,0.3584,-0.152,0.2,-0.152,True,armed,False,
livefinal_low_curvature_20260708_180949,1056,27.316668,1783530600.442727,-0.478511,0.48139,0.0,2.353763,0.2,-0.1427,0.199748,0.007556,camera_link,27.316668,gnm_closed_loop,,nominal,,True,ok,checkpoints/ablation_mnv2_baseline/best.pt,5.45,0.3725,-0.1427,0.0931,-0.0033,0.3377,,,gnm_closed_loop,0.2,-0.1427,False,0,,isaac_live_final_20260708,,selected_baseline_live,,,,,,,False,hospital_goal_C,0.6462,True,0.3725,-0.1427,0.2,-0.1427,True,armed,False,
livefinal_low_curvature_20260708_180949,1057,27.333335,1783530600.445146,-0.480855,0.483746,0.0,2.353757,0.2,-0.1427,0.199748,0.007556,camera_link,27.333335,gnm_closed_loop,,nominal,,True,ok,checkpoints/ablation_mnv2_baseline/best.pt,5.45,0.3725,-0.1427,0.0931,-0.0033,0.3377,,,gnm_closed_loop,0.2,-0.1427,False,0,,isaac_live_final_20260708,,selected_baseline_live,,,,,,,False,hospital_goal_C,0.6488,True,0.3725,-0.1427,0.2,-0.1427,True,armed,False,
livefinal_low_curvature_20260708_180949,1058,27.350001,1783530600.447173,-0.4832,0.486102,-0.0,2.353752,0.2,-0.1427,0.199748,0.007556,camera_link,27.350001,gnm_closed_loop,,nominal,,True,ok,checkpoints/ablation_mnv2_baseline/best.pt,5.45,0.3725,-0.1427,0.0931,-0.0033,0.3377,,,gnm_closed_loop,0.2,-0.1427,False,0,,isaac_live_final_20260708,,selected_baseline_live,,,,,,,False,hospital_goal_C,0.6514,True,0.3725,-0.1427,0.2,-0.1427,True,armed,False,
livefinal_low_curvature_20260708_180949,1059,27.366668,1783530600.465317,-0.485544,0.488457,0.0,2.353746,0.2,-0.1305,0.199735,0.007572,camera_link,27.366668,gnm_closed_loop,,nominal,,True,ok,checkpoints/ablation_mnv2_baseline/best.pt,5.37,0.3887,-0.1305,0.0972,-0.0032,0.3372,,,gnm_closed_loop,0.2,-0.1305,False,0,,isaac_live_final_20260708,,selected_baseline_live,,,,,,,False,hospital_goal_C,0.6541,True,0.3887,-0.1305,0.2,-0.1305,True,armed,False,
livefinal_low_curvature_20260708_180949,1060,27.383335,1783530600.46803,-0.487889,0.490813,-0.0,2.353741,0.2,-0.1305,0.199735,0.007572,camera_link,27.383335,gnm_closed_loop,,nominal,,True,ok,checkpoints/ablation_mnv2_baseline/best.pt,5.37,0.3887,-0.1305,0.0972,-0.0032,0.3372,,,gnm_closed_loop,0.2,-0.1305,False,0,,isaac_live_final_20260708,,selected_baseline_live,,,,,,,False,hospital_goal_C,0.6567,True,0.3887,-0.1305,0.2,-0.1305,True,armed,False,
livefinal_low_curvature_20260708_180949,1061,27.400001,1783530600.47008,-0.490234,0.493169,0.0,2.353736,0.2,-0.1305,0.199735,0.007572,camera_link,27.400001,gnm_closed_loop,,nominal,,True,ok,checkpoints/ablation_mnv2_baseline/best.pt,5.37,0.3887,-0.1305,0.0972,-0.0032,0.3372,,,gnm_closed_loop,0.2,-0.1305,False,0,,isaac_live_final_20260708,,selected_baseline_live,,,,,,,False,hospital_goal_C,0.6594,True,0.3887,-0.1305,0.2,-0.1305,True,armed,False,
livefinal_low_curvature_20260708_180949,1062,27.416668,1783530600.486058,-0.492578,0.495525,0.0,2.353731,0.2,-0.1364,0.199785,0.006835,camera_link,27.416668,gnm_closed_loop,,nominal,,True,ok,checkpoints/ablation_mnv2_baseline/best.pt,5.58,0.3695,-0.1364,0.0924,-0.0032,0.3389,,,gnm_closed_loop,0.2,-0.1364,False,0,,isaac_live_final_20260708,,selected_baseline_live,,,,,,,False,hospital_goal_C,0.662,True,0.3695,-0.1364,0.2,-0.1364,True,armed,False,
livefinal_low_curvature_20260708_180949,1063,27.433335,1783530600.488306,-0.494924,0.497882,0.0,2.353726,0.2,-0.1364,0.199785,0.006835,camera_link,27.433335,gnm_closed_loop,,nominal,,True,ok,checkpoints/ablation_mnv2_baseline/best.pt,5.58,0.3695,-0.1364,0.0924,-0.0032,0.3389,,,gnm_closed_loop,0.2,-0.1364,False,0,,isaac_live_final_20260708,,selected_baseline_live,,,,,,,False,hospital_goal_C,0.6647,True,0.3695,-0.1364,0.2,-0.1364,True,armed,False,
livefinal_low_curvature_20260708_180949,1064,27.450001,1783530600.490216,-0.497268,0.500238,0.0,2.353721,0.2,-0.1364,0.199785,0.006835,camera_link,27.450001,gnm_closed_loop,,nominal,,True,ok,checkpoints/ablation_mnv2_baseline/best.pt,5.58,0.3695,-0.1364,0.0924,-0.0032,0.3389,,,gnm_closed_loop,0.2,-0.1364,False,0,,isaac_live_final_20260708,,selected_baseline_live,,,,,,,False,hospital_goal_C,0.6674,True,0.3695,-0.1364,0.2,-0.1364,True,armed,False,
livefinal_low_curvature_20260708_180949,1065,27.466668,1783530600.5073,-0.499613,0.502594,0.0,2.353715,0.2,-0.1544,0.199807,0.007553,camera_link,27.466668,gnm_closed_loop,,nominal,,True,ok,checkpoints/ablation_mnv2_baseline/best.pt,5.11,0.3265,-0.1544,0.0816,-0.0032,0.3394,,,gnm_closed_loop,0.2,-0.1544,False,0,,isaac_live_final_20260708,,selected_baseline_live,,,,,,,False,hospital_goal_C,0.67,True,0.3265,-0.1544,0.2,-0.1544,True,armed,False,
livefinal_low_curvature_20260708_180949,1066,27.483335,1783530600.509823,-0.501958,0.504951,0.0,2.353709,0.2,-0.1544,0.199807,0.007553,camera_link,27.483335,gnm_closed_loop,,nominal,,True,ok,checkpoints/ablation_mnv2_baseline/best.pt,5.11,0.3265,-0.1544,0.0816,-0.0032,0.3394,,,gnm_closed_loop,0.2,-0.1544,False,0,,isaac_live_final_20260708,,selected_baseline_live,,,,,,,False,hospital_goal_C,0.6727,True,0.3265,-0.1544,0.2,-0.1544,True,armed,False,
livefinal_low_curvature_20260708_180949,1067,27.500001,1783530600.511754,-0.504303,0.507306,0.0,2.353703,0.2,-0.1544,0.199807,0.007553,camera_link,27.500001,gnm_closed_loop,,nominal,,True,ok,checkpoints/ablation_mnv2_baseline/best.pt,5.11,0.3265,-0.1544,0.0816,-0.0032,0.3394,,,gnm_closed_loop,0.2,-0.1544,False,0,,isaac_live_final_20260708,,selected_baseline_live,,,,,,,False,hospital_goal_C,0.6754,True,0.3265,-0.1544,0.2,-0.1544,True,armed,False,
livefinal_low_curvature_20260708_180949,1068,27.516668,1783530600.530839,-0.506647,0.509662,0.0,2.353697,0.2,-0.1547,0.199743,0.008123,camera_link,27.516668,gnm_closed_loop,,nominal,,True,ok,checkpoints/ablation_mnv2_baseline/best.pt,4.5,0.3307,-0.1547,0.0827,-0.0032,0.3403,,,gnm_closed_loop,0.2,-0.1547,False,0,,isaac_live_final_20260708,,selected_baseline_live,,,,,,,False,hospital_goal_C,0.6781,True,0.3307,-0.1547,0.2,-0.1547,True,armed,False,
livefinal_low_curvature_20260708_180949,1069,27.533335,1783530600.533192,-0.508992,0.512018,0.0,2.353691,0.2,-0.1547,0.199743,0.008123,camera_link,27.533335,gnm_closed_loop,,nominal,,True,ok,checkpoints/ablation_mnv2_baseline/best.pt,4.5,0.3307,-0.1547,0.0827,-0.0032,0.3403,,,gnm_closed_loop,0.2,-0.1547,False,0,,isaac_live_final_20260708,,selected_baseline_live,,,,,,,False,hospital_goal_C,0.6808,True,0.3307,-0.1547,0.2,-0.1547,True,armed,False,
livefinal_low_curvature_20260708_180949,1070,27.550001,1783530600.535186,-0.511336,0.514374,0.0,2.353685,0.2,-0.1547,0.199743,0.008123,camera_link,27.550001,gnm_closed_loop,,nominal,,True,ok,checkpoints/ablation_mnv2_baseline/best.pt,4.5,0.3307,-0.1547,0.0827,-0.0032,0.3403,,,gnm_closed_loop,0.2,-0.1547,False,0,,isaac_live_final_20260708,,selected_baseline_live,,,,,,,False,hospital_goal_C,0.6835,True,0.3307,-0.1547,0.2,-0.1547,True,armed,False,
livefinal_low_curvature_20260708_180949,1071,27.566668,1783530600.553714,-0.51368,0.51673,0.0,2.353679,0.2,-0.157,0.199756,0.008059,camera_link,27.566668,gnm_closed_loop,,nominal,,True,ok,checkpoints/ablation_mnv2_baseline/best.pt,5.87,0.3308,-0.157,0.0827,-0.0032,0.3403,,,gnm_closed_loop,0.2,-0.157,False,0,,isaac_live_final_20260708,,selected_baseline_live,,,,,,,False,hospital_goal_C,0.6862,True,0.3308,-0.157,0.2,-0.157,True,armed,False,
livefinal_low_curvature_20260708_180949,1072,27.583335,1783530600.556196,-0.516025,0.519086,-0.0,2.353673,0.2,-0.157,0.199756,0.008059,camera_link,27.583335,gnm_closed_loop,,nominal,,True,ok,checkpoints/ablation_mnv2_baseline/best.pt,5.87,0.3308,-0.157,0.0827,-0.0032,0.3403,,,gnm_closed_loop,0.2,-0.157,False,0,,isaac_live_final_20260708,,selected_baseline_live,,,,,,,False,hospital_goal_C,0.6889,True,0.3308,-0.157,0.2,-0.157,True,armed,False,
livefinal_low_curvature_20260708_180949,1073,27.600001,1783530600.558146,-0.518369,0.521442,0.0,2.353666,0.2,-0.157,0.199756,0.008059,camera_link,27.600001,gnm_closed_loop,,nominal,,True,ok,checkpoints/ablation_mnv2_baseline/best.pt,5.87,0.3308,-0.157,0.0827,-0.0032,0.3403,,,gnm_closed_loop,0.2,-0.157,False,0,,isaac_live_final_20260708,,selected_baseline_live,,,,,,,False,hospital_goal_C,0.6916,True,0.3308,-0.157,0.2,-0.157,True,armed,False,
livefinal_low_curvature_20260708_180949,1074,27.616668,1783530600.573802,-0.520713,0.523798,0.0,2.35366,0.2,-0.1523,0.199682,0.008071,camera_link,27.616668,gnm_closed_loop,,nominal,,True,ok,checkpoints/ablation_mnv2_baseline/best.pt,4.95,0.3436,-0.1523,0.0859,-0.0033,0.3408,,,gnm_closed_loop,0.2,-0.1523,False,0,,isaac_live_final_20260708,,selected_baseline_live,,,,,,,False,hospital_goal_C,0.6944,True,0.3436,-0.1523,0.2,-0.1523,True,armed,False,
livefinal_low_curvature_20260708_180949,1075,27.633335,1783530600.576514,-0.523058,0.526154,0.0,2.353654,0.2,-0.1523,0.199682,0.008071,camera_link,27.633335,gnm_closed_loop,,nominal,,True,ok,checkpoints/ablation_mnv2_baseline/best.pt,4.95,0.3436,-0.1523,0.0859,-0.0033,0.3408,,,gnm_closed_loop,0.2,-0.1523,False,0,,isaac_live_final_20260708,,selected_baseline_live,,,,,,,False,hospital_goal_C,0.6971,True,0.3436,-0.1523,0.2,-0.1523,True,armed,False,
livefinal_low_curvature_20260708_180949,1076,27.650001,1783530600.57849,-0.525402,0.52851,-0.0,2.353648,0.2,-0.1523,0.199682,0.008071,camera_link,27.650001,gnm_closed_loop,,nominal,,True,ok,checkpoints/ablation_mnv2_baseline/best.pt,4.95,0.3436,-0.1523,0.0859,-0.0033,0.3408,,,gnm_closed_loop,0.2,-0.1523,False,0,,isaac_live_final_20260708,,selected_baseline_live,,,,,,,False,hospital_goal_C,0.6998,True,0.3436,-0.1523,0.2,-0.1523,True,armed,False,
livefinal_low_curvature_20260708_180949,1077,27.666668,1783530600.594965,-0.527746,0.530866,0.0,2.353643,0.2,-0.1382,0.199706,0.007174,camera_link,27.666668,gnm_closed_loop,,nominal,,True,ok,checkpoints/ablation_mnv2_baseline/best.pt,5.26,0.3697,-0.1382,0.0924,-0.0032,0.3424,,,gnm_closed_loop,0.2,-0.1382,False,0,,isaac_live_final_20260708,,selected_baseline_live,,,,,,,False,hospital_goal_C,0.7026,True,0.3697,-0.1382,0.2,-0.1382,True,armed,False,
livefinal_low_curvature_20260708_180949,1078,27.683335,1783530600.59754,-0.530091,0.533222,0.0,2.353637,0.2,-0.1382,0.199706,0.007174,camera_link,27.683335,gnm_closed_loop,,nominal,,True,ok,checkpoints/ablation_mnv2_baseline/best.pt,5.26,0.3697,-0.1382,0.0924,-0.0032,0.3424,,,gnm_closed_loop,0.2,-0.1382,False,0,,isaac_live_final_20260708,,selected_baseline_live,,,,,,,False,hospital_goal_C,0.7053,True,0.3697,-0.1382,0.2,-0.1382,True,armed,False,
livefinal_low_curvature_20260708_180949,1079,27.700001,1783530600.599694,-0.532435,0.535578,0.0,2.353632,0.2,-0.1382,0.199706,0.007174,camera_link,27.700001,gnm_closed_loop,,nominal,,True,ok,checkpoints/ablation_mnv2_baseline/best.pt,5.26,0.3697,-0.1382,0.0924,-0.0032,0.3424,,,gnm_closed_loop,0.2,-0.1382,False,0,,isaac_live_final_20260708,,selected_baseline_live,,,,,,,False,hospital_goal_C,0.7081,True,0.3697,-0.1382,0.2,-0.1382,True,armed,False,
livefinal_low_curvature_20260708_180949,1080,27.716668,1783530600.609636,-0.533778,0.53692,1.7e-05,2.353567,0.0,0.0,0.075132,-0.011909,camera_link,27.716668,gnm_closed_loop,,nominal,post-episode zero hold,True,ok,checkpoints/ablation_mnv2_baseline/best.pt,5.26,0.3697,-0.1382,0.0924,-0.0032,0.3424,,,gnm_closed_loop,0.0,0.0,False,0,,isaac_live_final_20260708,,selected_baseline_live,,,,,,,False,hospital_goal_C,0.7096,True,,,0.0,0.0,False,zeroed_hold,False,
livefinal_low_curvature_20260708_180949,1081,27.733335,1783530600.611663,-0.534225,0.537364,-0.0,2.353519,0.0,0.0,0.075132,-0.011909,camera_link,27.733335,gnm_closed_loop,,nominal,post-episode zero hold,True,ok,checkpoints/ablation_mnv2_baseline/best.pt,5.26,0.3697,-0.1382,0.0924,-0.0032,0.3424,,,gnm_closed_loop,0.0,0.0,False,0,,isaac_live_final_20260708,,selected_baseline_live,,,,,,,False,hospital_goal_C,0.7102,True,,,0.0,0.0,False,zeroed_hold,False,
livefinal_low_curvature_20260708_180949,1082,27.750001,1783530600.613788,-0.534315,0.537454,0.0,2.353518,0.0,0.0,0.075132,-0.011909,camera_link,27.750001,gnm_closed_loop,,nominal,post-episode zero hold,True,ok,checkpoints/ablation_mnv2_baseline/best.pt,5.26,0.3697,-0.1382,0.0924,-0.0032,0.3424,,,gnm_closed_loop,0.0,0.0,False,0,,isaac_live_final_20260708,,selected_baseline_live,,,,,,,False,hospital_goal_C,0.7103,True,,,0.0,0.0,False,zeroed_hold,False,
livefinal_low_curvature_20260708_180949,1083,27.766668,1783530600.626193,-0.534321,0.537461,0.0,2.353511,0.0,0.0,0.000197,0.007926,camera_link,27.766668,gnm_closed_loop,,nominal,post-episode zero hold,True,ok,checkpoints/ablation_mnv2_baseline/best.pt,5.26,0.3697,-0.1382,0.0924,-0.0032,0.3424,,,gnm_closed_loop,0.0,0.0,False,0,,isaac_live_final_20260708,,selected_baseline_live,,,,,,,False,hospital_goal_C,0.7103,True,,,0.0,0.0,False,zeroed_hold,False,
livefinal_low_curvature_20260708_180949,1084,27.783335,1783530600.630569,-0.534316,0.537456,-0.0,2.353517,0.0,0.0,0.000197,0.007926,camera_link,27.783335,gnm_closed_loop,,nominal,post-episode zero hold,True,ok,checkpoints/ablation_mnv2_baseline/best.pt,5.26,0.3697,-0.1382,0.0924,-0.0032,0.3424,,,gnm_closed_loop,0.0,0.0,False,0,,isaac_live_final_20260708,,selected_baseline_live,,,,,,,False,hospital_goal_C,0.7103,True,,,0.0,0.0,False,zeroed_hold,False,
livefinal_low_curvature_20260708_180949,1085,27.800001,1783530600.632974,-0.53431,0.53745,0.0,2.353512,0.0,0.0,0.000197,0.007926,camera_link,27.800001,gnm_closed_loop,,nominal,post-episode zero hold,True,ok,checkpoints/ablation_mnv2_baseline/best.pt,5.26,0.3697,-0.1382,0.0924,-0.0032,0.3424,,,gnm_closed_loop,0.0,0.0,False,0,,isaac_live_final_20260708,,selected_baseline_live,,,,,,,False,hospital_goal_C,0.7103,True,,,0.0,0.0,False,zeroed_hold,False,
livefinal_low_curvature_20260708_180949,1086,27.816668,1783530600.644482,-0.534305,0.537445,0.0,2.353515,0.0,0.0,-0.000142,0.005402,camera_link,27.816668,gnm_closed_loop,,nominal,post-episode zero hold,True,ok,checkpoints/ablation_mnv2_baseline/best.pt,5.26,0.3697,-0.1382,0.0924,-0.0032,0.3424,,,gnm_closed_loop,0.0,0.0,False,0,,isaac_live_final_20260708,,selected_baseline_live,,,,,,,False,hospital_goal_C,0.7103,True,,,0.0,0.0,False,zeroed_hold,False,
livefinal_low_curvature_20260708_180949,1087,27.833335,1783530600.646691,-0.534299,0.537439,0.0,2.353514,0.0,0.0,-0.000142,0.005402,camera_link,27.833335,gnm_closed_loop,,nominal,post-episode zero hold,True,ok,checkpoints/ablation_mnv2_baseline/best.pt,5.26,0.3697,-0.1382,0.0924,-0.0032,0.3424,,,gnm_closed_loop,0.0,0.0,False,0,,isaac_live_final_20260708,,selected_baseline_live,,,,,,,False,hospital_goal_C,0.7103,True,,,0.0,0.0,False,zeroed_hold,False,
livefinal_low_curvature_20260708_180949,1088,27.850001,1783530600.648508,-0.534293,0.537433,0.0,2.353514,0.0,0.0,-0.000142,0.005402,camera_link,27.850001,gnm_closed_loop,,nominal,post-episode zero hold,True,ok,checkpoints/ablation_mnv2_baseline/best.pt,5.26,0.3697,-0.1382,0.0924,-0.0032,0.3424,,,gnm_closed_loop,0.0,0.0,False,0,,isaac_live_final_20260708,,selected_baseline_live,,,,,,,False,hospital_goal_C,0.7102,True,,,0.0,0.0,False,zeroed_hold,False,
livefinal_low_curvature_20260708_180949,1089,27.866668,1783530600.656579,-0.534288,0.537427,0.0,2.353516,0.0,0.0,-0.000187,0.004876,camera_link,27.866668,gnm_closed_loop,,nominal,post-episode zero hold,True,ok,checkpoints/ablation_mnv2_baseline/best.pt,5.26,0.3697,-0.1382,0.0924,-0.0032,0.3424,,,gnm_closed_loop,0.0,0.0,False,0,,isaac_live_final_20260708,,selected_baseline_live,,,,,,,False,hospital_goal_C,0.7102,True,,,0.0,0.0,False,zeroed_hold,False,
livefinal_low_curvature_20260708_180949,1090,27.883335,1783530600.658556,-0.534282,0.537422,0.0,2.353514,0.0,0.0,-0.000187,0.004876,camera_link,27.883335,gnm_closed_loop,,nominal,post-episode zero hold,True,ok,checkpoints/ablation_mnv2_baseline/best.pt,5.26,0.3697,-0.1382,0.0924,-0.0032,0.3424,,,gnm_closed_loop,0.0,0.0,False,0,,isaac_live_final_20260708,,selected_baseline_live,,,,,,,False,hospital_goal_C,0.7102,True,,,0.0,0.0,False,zeroed_hold,False,
livefinal_low_curvature_20260708_180949,1091,27.900001,1783530600.660908,-0.534276,0.537415,0.0,2.353514,0.0,0.0,-0.000187,0.004876,camera_link,27.900001,gnm_closed_loop,,nominal,post-episode zero hold,True,ok,checkpoints/ablation_mnv2_baseline/best.pt,5.26,0.3697,-0.1382,0.0924,-0.0032,0.3424,,,gnm_closed_loop,0.0,0.0,False,0,,isaac_live_final_20260708,,selected_baseline_live,,,,,,,False,hospital_goal_C,0.7102,True,,,0.0,0.0,False,zeroed_hold,False,
livefinal_low_curvature_20260708_180949,1092,27.916668,1783530600.671523,-0.53427,0.537409,0.0,2.353516,0.0,0.0,-0.000169,0.004762,camera_link,27.916668,gnm_closed_loop,,nominal,post-episode zero hold,True,ok,checkpoints/ablation_mnv2_baseline/best.pt,5.26,0.3697,-0.1382,0.0924,-0.0032,0.3424,,,gnm_closed_loop,0.0,0.0,False,0,,isaac_live_final_20260708,,selected_baseline_live,,,,,,,False,hospital_goal_C,0.7102,True,,,0.0,0.0,False,zeroed_hold,False,
livefinal_low_curvature_20260708_180949,1093,27.933335,1783530600.673721,-0.534263,0.537403,0.0,2.353511,0.0,0.0,-0.000169,0.004762,camera_link,27.933335,gnm_closed_loop,,nominal,post-episode zero hold,True,ok,checkpoints/ablation_mnv2_baseline/best.pt,5.26,0.3697,-0.1382,0.0924,-0.0032,0.3424,,,gnm_closed_loop,0.0,0.0,False,0,,isaac_live_final_20260708,,selected_baseline_live,,,,,,,False,hospital_goal_C,0.7102,True,,,0.0,0.0,False,zeroed_hold,False,
livefinal_low_curvature_20260708_180949,1094,27.950001,1783530600.675485,-0.534258,0.537397,0.0,2.353515,0.0,0.0,-0.000169,0.004762,camera_link,27.950001,gnm_closed_loop,,nominal,post-episode zero hold,True,ok,checkpoints/ablation_mnv2_baseline/best.pt,5.26,0.3697,-0.1382,0.0924,-0.0032,0.3424,,,gnm_closed_loop,0.0,0.0,False,0,,isaac_live_final_20260708,,selected_baseline_live,,,,,,,False,hospital_goal_C,0.7102,True,,,0.0,0.0,False,zeroed_hold,False,
livefinal_low_curvature_20260708_180949,1095,27.966668,1783530600.684568,-0.534252,0.537392,-0.0,2.353516,0.0,0.0,-0.000153,0.004703,camera_link,27.966668,gnm_closed_loop,,nominal,post-episode zero hold,True,ok,checkpoints/ablation_mnv2_baseline/best.pt,5.26,0.3697,-0.1382,0.0924,-0.0032,0.3424,,,gnm_closed_loop,0.0,0.0,False,0,,isaac_live_final_20260708,,selected_baseline_live,,,,,,,False,hospital_goal_C,0.7102,True,,,0.0,0.0,False,zeroed_hold,False,
livefinal_low_curvature_20260708_180949,1096,27.983335,1783530600.687181,-0.534246,0.537386,0.0,2.353511,0.0,0.0,-0.000153,0.004703,camera_link,27.983335,gnm_closed_loop,,nominal,post-episode zero hold,True,ok,checkpoints/ablation_mnv2_baseline/best.pt,5.26,0.3697,-0.1382,0.0924,-0.0032,0.3424,,,gnm_closed_loop,0.0,0.0,False,0,,isaac_live_final_20260708,,selected_baseline_live,,,,,,,False,hospital_goal_C,0.7102,True,,,0.0,0.0,False,zeroed_hold,False,
livefinal_low_curvature_20260708_180949,1097,28.000001,1783530600.689467,-0.534241,0.53738,0.0,2.353517,0.0,0.0,-0.000153,0.004703,camera_link,28.000001,gnm_closed_loop,,nominal,post-episode zero hold,True,ok,checkpoints/ablation_mnv2_baseline/best.pt,5.26,0.3697,-0.1382,0.0924,-0.0032,0.3424,,,gnm_closed_loop,0.0,0.0,False,0,,isaac_live_final_20260708,,selected_baseline_live,,,,,,,False,hospital_goal_C,0.7102,True,,,0.0,0.0,False,zeroed_hold,False,
livefinal_low_curvature_20260708_180949,1098,28.016668,1783530600.701291,-0.534235,0.537374,0.0,2.353515,0.0,0.0,-0.000155,0.005776,camera_link,28.016668,gnm_closed_loop,,nominal,post-episode zero hold,True,ok,checkpoints/ablation_mnv2_baseline/best.pt,5.26,0.3697,-0.1382,0.0924,-0.0032,0.3424,,,gnm_closed_loop,0.0,0.0,False,0,,isaac_live_final_20260708,,selected_baseline_live,,,,,,,False,hospital_goal_C,0.7102,True,,,0.0,0.0,False,zeroed_hold,False,
livefinal_low_curvature_20260708_180949,1099,28.033335,1783530600.703586,-0.534229,0.537368,0.0,2.353517,0.0,0.0,-0.000155,0.005776,camera_link,28.033335,gnm_closed_loop,,nominal,post-episode zero hold,True,ok,checkpoints/ablation_mnv2_baseline/best.pt,5.26,0.3697,-0.1382,0.0924,-0.0032,0.3424,,,gnm_closed_loop,0.0,0.0,False,0,,isaac_live_final_20260708,,selected_baseline_live,,,,,,,False,hospital_goal_C,0.7102,True,,,0.0,0.0,False,zeroed_hold,False,
livefinal_low_curvature_20260708_180949,1100,28.050001,1783530600.705316,-0.534223,0.537362,0.0,2.353517,0.0,0.0,-0.000155,0.005776,camera_link,28.050001,gnm_closed_loop,,nominal,post-episode zero hold,True,ok,checkpoints/ablation_mnv2_baseline/best.pt,5.26,0.3697,-0.1382,0.0924,-0.0032,0.3424,,,gnm_closed_loop,0.0,0.0,False,0,,isaac_live_final_20260708,,selected_baseline_live,,,,,,,False,hospital_goal_C,0.7102,True,,,0.0,0.0,False,zeroed_hold,False,
livefinal_low_curvature_20260708_180949,1101,28.066668,1783530600.713754,-0.534217,0.537356,0.0,2.353517,0.0,0.0,-0.000159,0.004118,camera_link,28.066668,gnm_closed_loop,,nominal,post-episode zero hold,True,ok,checkpoints/ablation_mnv2_baseline/best.pt,5.26,0.3697,-0.1382,0.0924,-0.0032,0.3424,,,gnm_closed_loop,0.0,0.0,False,0,,isaac_live_final_20260708,,selected_baseline_live,,,,,,,False,hospital_goal_C,0.7102,True,,,0.0,0.0,False,zeroed_hold,False,
livefinal_low_curvature_20260708_180949,1102,28.083335,1783530600.715615,-0.534211,0.53735,0.0,2.353518,0.0,0.0,-0.000159,0.004118,camera_link,28.083335,gnm_closed_loop,,nominal,post-episode zero hold,True,ok,checkpoints/ablation_mnv2_baseline/best.pt,5.26,0.3697,-0.1382,0.0924,-0.0032,0.3424,,,gnm_closed_loop,0.0,0.0,False,0,,isaac_live_final_20260708,,selected_baseline_live,,,,,,,False,hospital_goal_C,0.7101,True,,,0.0,0.0,False,zeroed_hold,False,
livefinal_low_curvature_20260708_180949,1103,28.100001,1783530600.717309,-0.534205,0.537344,0.0,2.353515,0.0,0.0,-0.000159,0.004118,camera_link,28.100001,gnm_closed_loop,,nominal,post-episode zero hold,True,ok,checkpoints/ablation_mnv2_baseline/best.pt,5.26,0.3697,-0.1382,0.0924,-0.0032,0.3424,,,gnm_closed_loop,0.0,0.0,False,0,,isaac_live_final_20260708,,selected_baseline_live,,,,,,,False,hospital_goal_C,0.7101,True,,,0.0,0.0,False,zeroed_hold,False,
livefinal_low_curvature_20260708_180949,1104,28.116668,1783530600.727517,-0.534199,0.537338,0.0,2.353516,0.0,0.0,-0.000142,0.005887,camera_link,28.116668,gnm_closed_loop,,nominal,post-episode zero hold,True,ok,checkpoints/ablation_mnv2_baseline/best.pt,5.26,0.3697,-0.1382,0.0924,-0.0032,0.3424,,,gnm_closed_loop,0.0,0.0,False,0,,isaac_live_final_20260708,,selected_baseline_live,,,,,,,False,hospital_goal_C,0.7101,True,,,0.0,0.0,False,zeroed_hold,False,
livefinal_low_curvature_20260708_180949,1105,28.133335,1783530600.729169,-0.534199,0.537338,0.0,2.353516,0.0,0.0,-0.000142,0.005887,camera_link,28.133335,gnm_closed_loop,,nominal,post-episode zero hold,True,ok,checkpoints/ablation_mnv2_baseline/best.pt,5.26,0.3697,-0.1382,0.0924,-0.0032,0.3424,,,gnm_closed_loop,0.0,0.0,False,0,,isaac_live_final_20260708,,selected_baseline_live,,,,,,,False,hospital_goal_C,0.7101,True,,,0.0,0.0,False,zeroed_hold,False,
livefinal_low_curvature_20260708_180949,1106,28.150001,1783530600.730227,-0.534199,0.537338,0.0,2.353516,0.0,0.0,-0.000142,0.005887,camera_link,28.150001,gnm_closed_loop,,nominal,post-episode zero hold,True,ok,checkpoints/ablation_mnv2_baseline/best.pt,5.26,0.3697,-0.1382,0.0924,-0.0032,0.3424,,,gnm_closed_loop,0.0,0.0,False,0,,isaac_live_final_20260708,,selected_baseline_live,,,,,,,False,hospital_goal_C,0.7101,True,,,0.0,0.0,False,zeroed_hold,False,
livefinal_low_curvature_20260708_180949,1107,28.166668,1783530600.743261,-0.534199,0.537338,0.0,2.353516,0.0,0.0,-0.000142,0.005887,camera_link,28.166668,gnm_closed_loop,,nominal,post-episode zero hold,True,ok,checkpoints/ablation_mnv2_baseline/best.pt,5.26,0.3697,-0.1382,0.0924,-0.0032,0.3424,,,gnm_closed_loop,0.0,0.0,False,0,,isaac_live_final_20260708,,selected_baseline_live,,,,,,,False,hospital_goal_C,0.7101,True,,,0.0,0.0,False,zeroed_hold,False,
livefinal_low_curvature_20260708_180949,1108,28.183335,1783530600.745265,-0.534199,0.537338,0.0,2.353516,0.0,0.0,-0.000142,0.005887,camera_link,28.183335,gnm_closed_loop,,nominal,post-episode zero hold,True,ok,checkpoints/ablation_mnv2_baseline/best.pt,5.26,0.3697,-0.1382,0.0924,-0.0032,0.3424,,,gnm_closed_loop,0.0,0.0,False,0,,isaac_live_final_20260708,,selected_baseline_live,,,,,,,False,hospital_goal_C,0.7101,True,,,0.0,0.0,False,zeroed_hold,False,
livefinal_low_curvature_20260708_180949,1109,28.200001,1783530600.747093,-0.534199,0.537338,0.0,2.353516,0.0,0.0,-0.000142,0.005887,camera_link,28.200001,gnm_closed_loop,,nominal,post-episode zero hold,True,ok,checkpoints/ablation_mnv2_baseline/best.pt,5.26,0.3697,-0.1382,0.0924,-0.0032,0.3424,,,gnm_closed_loop,0.0,0.0,False,0,,isaac_live_final_20260708,,selected_baseline_live,,,,,,,False,hospital_goal_C,0.7101,True,,,0.0,0.0,False,zeroed_hold,False,
livefinal_low_curvature_20260708_180949,1110,28.216668,1783530600.764624,-0.534199,0.537338,0.0,2.353516,0.0,0.0,-0.000142,0.005887,camera_link,28.216668,gnm_closed_loop,,nominal,post-episode zero hold,True,ok,checkpoints/ablation_mnv2_baseline/best.pt,5.26,0.3697,-0.1382,0.0924,-0.0032,0.3424,,,gnm_closed_loop,0.0,0.0,False,0,,isaac_live_final_20260708,,selected_baseline_live,,,,,,,False,hospital_goal_C,0.7101,True,,,0.0,0.0,False,zeroed_hold,False,
livefinal_low_curvature_20260708_180949,1111,28.233335,1783530600.766941,-0.534199,0.537338,0.0,2.353516,0.0,0.0,-0.000142,0.005887,camera_link,28.233335,gnm_closed_loop,,nominal,post-episode zero hold,True,ok,checkpoints/ablation_mnv2_baseline/best.pt,5.26,0.3697,-0.1382,0.0924,-0.0032,0.3424,,,gnm_closed_loop,0.0,0.0,False,0,,isaac_live_final_20260708,,selected_baseline_live,,,,,,,False,hospital_goal_C,0.7101,True,,,0.0,0.0,False,zeroed_hold,False,
livefinal_low_curvature_20260708_180949,1112,28.250001,1783530600.768747,-0.534199,0.537338,0.0,2.353516,0.0,0.0,-0.000142,0.005887,camera_link,28.250001,gnm_closed_loop,,nominal,post-episode zero hold,True,ok,checkpoints/ablation_mnv2_baseline/best.pt,5.26,0.3697,-0.1382,0.0924,-0.0032,0.3424,,,gnm_closed_loop,0.0,0.0,False,0,,isaac_live_final_20260708,,selected_baseline_live,,,,,,,False,hospital_goal_C,0.7101,True,,,0.0,0.0,False,zeroed_hold,False,
livefinal_low_curvature_20260708_180949,1113,28.266668,1783530600.777821,-0.534199,0.537338,0.0,2.353516,0.0,0.0,-0.000142,0.005887,camera_link,28.266668,gnm_closed_loop,,nominal,post-episode zero hold,True,ok,checkpoints/ablation_mnv2_baseline/best.pt,5.26,0.3697,-0.1382,0.0924,-0.0032,0.3424,,,gnm_closed_loop,0.0,0.0,False,0,,isaac_live_final_20260708,,selected_baseline_live,,,,,,,False,hospital_goal_C,0.7101,True,,,0.0,0.0,False,zeroed_hold,False,
livefinal_low_curvature_20260708_180949,1114,28.283335,1783530600.779018,-0.534199,0.537338,0.0,2.353516,0.0,0.0,-0.000142,0.005887,camera_link,28.283335,gnm_closed_loop,,nominal,post-episode zero hold,True,ok,checkpoints/ablation_mnv2_baseline/best.pt,5.26,0.3697,-0.1382,0.0924,-0.0032,0.3424,,,gnm_closed_loop,0.0,0.0,False,0,,isaac_live_final_20260708,,selected_baseline_live,,,,,,,False,hospital_goal_C,0.7101,True,,,0.0,0.0,False,zeroed_hold,False,
livefinal_low_curvature_20260708_180949,1115,28.300001,1783530600.780125,-0.534199,0.537338,0.0,2.353516,0.0,0.0,-0.000142,0.005887,camera_link,28.300001,gnm_closed_loop,,nominal,post-episode zero hold,True,ok,checkpoints/ablation_mnv2_baseline/best.pt,5.26,0.3697,-0.1382,0.0924,-0.0032,0.3424,,,gnm_closed_loop,0.0,0.0,False,0,,isaac_live_final_20260708,,selected_baseline_live,,,,,,,False,hospital_goal_C,0.7101,True,,,0.0,0.0,False,zeroed_hold,False,
livefinal_low_curvature_20260708_180949,1116,28.316668,1783530600.790525,-0.534199,0.537338,0.0,2.353516,0.0,0.0,-0.000142,0.005887,camera_link,28.316668,gnm_closed_loop,,nominal,post-episode zero hold,True,ok,checkpoints/ablation_mnv2_baseline/best.pt,5.26,0.3697,-0.1382,0.0924,-0.0032,0.3424,,,gnm_closed_loop,0.0,0.0,False,0,,isaac_live_final_20260708,,selected_baseline_live,,,,,,,False,hospital_goal_C,0.7101,True,,,0.0,0.0,False,zeroed_hold,False,
livefinal_low_curvature_20260708_180949,1117,28.333335,1783530600.793108,-0.534199,0.537338,0.0,2.353516,0.0,0.0,-0.000142,0.005887,camera_link,28.333335,gnm_closed_loop,,nominal,post-episode zero hold,True,ok,checkpoints/ablation_mnv2_baseline/best.pt,5.26,0.3697,-0.1382,0.0924,-0.0032,0.3424,,,gnm_closed_loop,0.0,0.0,False,0,,isaac_live_final_20260708,,selected_baseline_live,,,,,,,False,hospital_goal_C,0.7101,True,,,0.0,0.0,False,zeroed_hold,False,
livefinal_low_curvature_20260708_180949,1118,28.350001,1783530600.796056,-0.534199,0.537338,0.0,2.353516,0.0,0.0,-0.000142,0.005887,camera_link,28.350001,gnm_closed_loop,,nominal,post-episode zero hold,True,ok,checkpoints/ablation_mnv2_baseline/best.pt,5.26,0.3697,-0.1382,0.0924,-0.0032,0.3424,,,gnm_closed_loop,0.0,0.0,False,0,,isaac_live_final_20260708,,selected_baseline_live,,,,,,,False,hospital_goal_C,0.7101,True,,,0.0,0.0,False,zeroed_hold,False,
livefinal_low_curvature_20260708_180949,1119,28.366668,1783530600.818556,-0.534199,0.537338,0.0,2.353516,0.0,0.0,-0.000142,0.005887,camera_link,28.366668,gnm_closed_loop,,nominal,post-episode zero hold,True,ok,checkpoints/ablation_mnv2_baseline/best.pt,5.26,0.3697,-0.1382,0.0924,-0.0032,0.3424,,,gnm_closed_loop,0.0,0.0,False,0,,isaac_live_final_20260708,,selected_baseline_live,,,,,,,False,hospital_goal_C,0.7101,True,,,0.0,0.0,False,zeroed_hold,False,
livefinal_low_curvature_20260708_180949,1120,28.383335,1783530600.820735,-0.534199,0.537338,0.0,2.353516,0.0,0.0,-0.000142,0.005887,camera_link,28.383335,gnm_closed_loop,,nominal,post-episode zero hold,True,ok,checkpoints/ablation_mnv2_baseline/best.pt,5.26,0.3697,-0.1382,0.0924,-0.0032,0.3424,,,gnm_closed_loop,0.0,0.0,False,0,,isaac_live_final_20260708,,selected_baseline_live,,,,,,,False,hospital_goal_C,0.7101,True,,,0.0,0.0,False,zeroed_hold,False,
livefinal_low_curvature_20260708_180949,1121,28.400001,1783530600.822524,-0.534199,0.537338,0.0,2.353516,0.0,0.0,-0.000142,0.005887,camera_link,28.400001,gnm_closed_loop,,nominal,post-episode zero hold,True,ok,checkpoints/ablation_mnv2_baseline/best.pt,5.26,0.3697,-0.1382,0.0924,-0.0032,0.3424,,,gnm_closed_loop,0.0,0.0,False,0,,isaac_live_final_20260708,,selected_baseline_live,,,,,,,False,hospital_goal_C,0.7101,True,,,0.0,0.0,False,zeroed_hold,False,
livefinal_low_curvature_20260708_180949,1122,28.416668,1783530600.835764,-0.534199,0.537338,0.0,2.353516,0.0,0.0,-0.000142,0.005887,camera_link,28.416668,gnm_closed_loop,,nominal,post-episode zero hold,True,ok,checkpoints/ablation_mnv2_baseline/best.pt,5.26,0.3697,-0.1382,0.0924,-0.0032,0.3424,,,gnm_closed_loop,0.0,0.0,False,0,,isaac_live_final_20260708,,selected_baseline_live,,,,,,,False,hospital_goal_C,0.7101,True,,,0.0,0.0,False,zeroed_hold,False,
livefinal_low_curvature_20260708_180949,1123,28.433335,1783530600.837794,-0.534199,0.537338,0.0,2.353516,0.0,0.0,-0.000142,0.005887,camera_link,28.433335,gnm_closed_loop,,nominal,post-episode zero hold,True,ok,checkpoints/ablation_mnv2_baseline/best.pt,5.26,0.3697,-0.1382,0.0924,-0.0032,0.3424,,,gnm_closed_loop,0.0,0.0,False,0,,isaac_live_final_20260708,,selected_baseline_live,,,,,,,False,hospital_goal_C,0.7101,True,,,0.0,0.0,False,zeroed_hold,False,
livefinal_low_curvature_20260708_180949,1124,28.450001,1783530600.841509,-0.534199,0.537338,0.0,2.353516,0.0,0.0,-0.000142,0.005887,camera_link,28.450001,gnm_closed_loop,,nominal,post-episode zero hold,True,ok,checkpoints/ablation_mnv2_baseline/best.pt,5.26,0.3697,-0.1382,0.0924,-0.0032,0.3424,,,gnm_closed_loop,0.0,0.0,False,0,,isaac_live_final_20260708,,selected_baseline_live,,,,,,,False,hospital_goal_C,0.7101,True,,,0.0,0.0,False,zeroed_hold,False,
livefinal_low_curvature_20260708_180949,1125,28.466668,1783530600.855932,-0.534199,0.537338,0.0,2.353516,0.0,0.0,-0.000142,0.005887,camera_link,28.466668,gnm_closed_loop,,nominal,post-episode zero hold,True,ok,checkpoints/ablation_mnv2_baseline/best.pt,5.26,0.3697,-0.1382,0.0924,-0.0032,0.3424,,,gnm_closed_loop,0.0,0.0,False,0,,isaac_live_final_20260708,,selected_baseline_live,,,,,,,False,hospital_goal_C,0.7101,True,,,0.0,0.0,False,zeroed_hold,False,
livefinal_low_curvature_20260708_180949,1126,28.483335,1783530600.858305,-0.534199,0.537338,0.0,2.353516,0.0,0.0,-0.000142,0.005887,camera_link,28.483335,gnm_closed_loop,,nominal,post-episode zero hold,True,ok,checkpoints/ablation_mnv2_baseline/best.pt,5.26,0.3697,-0.1382,0.0924,-0.0032,0.3424,,,gnm_closed_loop,0.0,0.0,False,0,,isaac_live_final_20260708,,selected_baseline_live,,,,,,,False,hospital_goal_C,0.7101,True,,,0.0,0.0,False,zeroed_hold,False,
livefinal_low_curvature_20260708_180949,1127,28.500001,1783530600.860924,-0.534199,0.537338,0.0,2.353516,0.0,0.0,-0.000142,0.005887,camera_link,28.500001,gnm_closed_loop,,nominal,post-episode zero hold,True,ok,checkpoints/ablation_mnv2_baseline/best.pt,5.26,0.3697,-0.1382,0.0924,-0.0032,0.3424,,,gnm_closed_loop,0.0,0.0,False,0,,isaac_live_final_20260708,,selected_baseline_live,,,,,,,False,hospital_goal_C,0.7101,True,,,0.0,0.0,False,zeroed_hold,False,
livefinal_low_curvature_20260708_180949,1128,28.516668,1783530600.877658,-0.534199,0.537338,0.0,2.353516,0.0,0.0,-0.000142,0.005887,camera_link,28.516668,gnm_closed_loop,,nominal,post-episode zero hold,True,ok,checkpoints/ablation_mnv2_baseline/best.pt,5.26,0.3697,-0.1382,0.0924,-0.0032,0.3424,,,gnm_closed_loop,0.0,0.0,False,0,,isaac_live_final_20260708,,selected_baseline_live,,,,,,,False,hospital_goal_C,0.7101,True,,,0.0,0.0,False,zeroed_hold,False,
livefinal_low_curvature_20260708_180949,1129,28.533335,1783530600.879419,-0.534199,0.537338,0.0,2.353516,0.0,0.0,-0.000142,0.005887,camera_link,28.533335,gnm_closed_loop,,nominal,post-episode zero hold,True,ok,checkpoints/ablation_mnv2_baseline/best.pt,5.26,0.3697,-0.1382,0.0924,-0.0032,0.3424,,,gnm_closed_loop,0.0,0.0,False,0,,isaac_live_final_20260708,,selected_baseline_live,,,,,,,False,hospital_goal_C,0.7101,True,,,0.0,0.0,False,zeroed_hold,False,
livefinal_low_curvature_20260708_180949,1130,28.550001,1783530600.880906,-0.534199,0.537338,0.0,2.353516,0.0,0.0,-0.000142,0.005887,camera_link,28.550001,gnm_closed_loop,,nominal,post-episode zero hold,True,ok,checkpoints/ablation_mnv2_baseline/best.pt,5.26,0.3697,-0.1382,0.0924,-0.0032,0.3424,,,gnm_closed_loop,0.0,0.0,False,0,,isaac_live_final_20260708,,selected_baseline_live,,,,,,,False,hospital_goal_C,0.7101,True,,,0.0,0.0,False,zeroed_hold,False,
livefinal_low_curvature_20260708_180949,1131,28.566668,1783530600.892191,-0.534199,0.537338,0.0,2.353516,0.0,0.0,-0.000142,0.005887,camera_link,28.566668,gnm_closed_loop,,nominal,post-episode zero hold,True,ok,checkpoints/ablation_mnv2_baseline/best.pt,5.26,0.3697,-0.1382,0.0924,-0.0032,0.3424,,,gnm_closed_loop,0.0,0.0,False,0,,isaac_live_final_20260708,,selected_baseline_live,,,,,,,False,hospital_goal_C,0.7101,True,,,0.0,0.0,False,zeroed_hold,False,
livefinal_low_curvature_20260708_180949,1132,28.583335,1783530600.895492,-0.534199,0.537338,0.0,2.353516,0.0,0.0,-0.000142,0.005887,camera_link,28.583335,gnm_closed_loop,,nominal,post-episode zero hold,True,ok,checkpoints/ablation_mnv2_baseline/best.pt,5.26,0.3697,-0.1382,0.0924,-0.0032,0.3424,,,gnm_closed_loop,0.0,0.0,False,0,,isaac_live_final_20260708,,selected_baseline_live,,,,,,,False,hospital_goal_C,0.7101,True,,,0.0,0.0,False,zeroed_hold,False,
livefinal_low_curvature_20260708_180949,1133,28.600001,1783530600.898276,-0.534199,0.537338,0.0,2.353516,0.0,0.0,-0.000142,0.005887,camera_link,28.600001,gnm_closed_loop,,nominal,post-episode zero hold,True,ok,checkpoints/ablation_mnv2_baseline/best.pt,5.26,0.3697,-0.1382,0.0924,-0.0032,0.3424,,,gnm_closed_loop,0.0,0.0,False,0,,isaac_live_final_20260708,,selected_baseline_live,,,,,,,False,hospital_goal_C,0.7101,True,,,0.0,0.0,False,zeroed_hold,False,
livefinal_low_curvature_20260708_180949,1134,28.616668,1783530600.927536,-0.534199,0.537338,0.0,2.353516,0.0,0.0,-0.000142,0.005887,camera_link,28.616668,gnm_closed_loop,,nominal,post-episode zero hold,True,ok,checkpoints/ablation_mnv2_baseline/best.pt,5.26,0.3697,-0.1382,0.0924,-0.0032,0.3424,,,gnm_closed_loop,0.0,0.0,False,0,,isaac_live_final_20260708,,selected_baseline_live,,,,,,,False,hospital_goal_C,0.7101,True,,,0.0,0.0,False,zeroed_hold,False,
livefinal_low_curvature_20260708_180949,1135,28.633335,1783530600.932375,-0.534199,0.537338,0.0,2.353516,0.0,0.0,-0.000142,0.005887,camera_link,28.633335,gnm_closed_loop,,nominal,post-episode zero hold,True,ok,checkpoints/ablation_mnv2_baseline/best.pt,5.26,0.3697,-0.1382,0.0924,-0.0032,0.3424,,,gnm_closed_loop,0.0,0.0,False,0,,isaac_live_final_20260708,,selected_baseline_live,,,,,,,False,hospital_goal_C,0.7101,True,,,0.0,0.0,False,zeroed_hold,False,
livefinal_low_curvature_20260708_180949,1136,28.650001,1783530600.935811,-0.534199,0.537338,0.0,2.353516,0.0,0.0,-0.000142,0.005887,camera_link,28.650001,gnm_closed_loop,,nominal,post-episode zero hold,True,ok,checkpoints/ablation_mnv2_baseline/best.pt,5.26,0.3697,-0.1382,0.0924,-0.0032,0.3424,,,gnm_closed_loop,0.0,0.0,False,0,,isaac_live_final_20260708,,selected_baseline_live,,,,,,,False,hospital_goal_C,0.7101,True,,,0.0,0.0,False,zeroed_hold,False,
livefinal_low_curvature_20260708_180949,1137,28.666668,1783530600.95072,-0.534199,0.537338,0.0,2.353516,0.0,0.0,-0.000142,0.005887,camera_link,28.666668,gnm_closed_loop,,nominal,post-episode zero hold,True,ok,checkpoints/ablation_mnv2_baseline/best.pt,5.26,0.3697,-0.1382,0.0924,-0.0032,0.3424,,,gnm_closed_loop,0.0,0.0,False,0,,isaac_live_final_20260708,,selected_baseline_live,,,,,,,False,hospital_goal_C,0.7101,True,,,0.0,0.0,False,zeroed_hold,False,
livefinal_low_curvature_20260708_180949,1138,28.683335,1783530600.953171,-0.534199,0.537338,0.0,2.353516,0.0,0.0,-0.000142,0.005887,camera_link,28.683335,gnm_closed_loop,,nominal,post-episode zero hold,True,ok,checkpoints/ablation_mnv2_baseline/best.pt,5.26,0.3697,-0.1382,0.0924,-0.0032,0.3424,,,gnm_closed_loop,0.0,0.0,False,0,,isaac_live_final_20260708,,selected_baseline_live,,,,,,,False,hospital_goal_C,0.7101,True,,,0.0,0.0,False,zeroed_hold,False,
livefinal_low_curvature_20260708_180949,1139,28.700001,1783530600.956146,-0.534199,0.537338,0.0,2.353516,0.0,0.0,-0.000142,0.005887,camera_link,28.700001,gnm_closed_loop,,nominal,post-episode zero hold,True,ok,checkpoints/ablation_mnv2_baseline/best.pt,5.26,0.3697,-0.1382,0.0924,-0.0032,0.3424,,,gnm_closed_loop,0.0,0.0,False,0,,isaac_live_final_20260708,,selected_baseline_live,,,,,,,False,hospital_goal_C,0.7101,True,,,0.0,0.0,False,zeroed_hold,False,
livefinal_low_curvature_20260708_180949,1140,28.716668,1783530600.977217,-0.534199,0.537338,0.0,2.353516,0.0,0.0,-0.000142,0.005887,camera_link,28.716668,gnm_closed_loop,,nominal,post-episode zero hold,True,ok,checkpoints/ablation_mnv2_baseline/best.pt,5.26,0.3697,-0.1382,0.0924,-0.0032,0.3424,,,gnm_closed_loop,0.0,0.0,False,0,,isaac_live_final_20260708,,selected_baseline_live,,,,,,,False,hospital_goal_C,0.7101,True,,,0.0,0.0,False,zeroed_hold,False,
livefinal_low_curvature_20260708_180949,1141,28.733335,1783530600.981268,-0.534199,0.537338,0.0,2.353516,0.0,0.0,-0.000142,0.005887,camera_link,28.733335,gnm_closed_loop,,nominal,post-episode zero hold,True,ok,checkpoints/ablation_mnv2_baseline/best.pt,5.26,0.3697,-0.1382,0.0924,-0.0032,0.3424,,,gnm_closed_loop,0.0,0.0,False,0,,isaac_live_final_20260708,,selected_baseline_live,,,,,,,False,hospital_goal_C,0.7101,True,,,0.0,0.0,False,zeroed_hold,False,
livefinal_low_curvature_20260708_180949,1142,28.750001,1783530600.985684,-0.534199,0.537338,0.0,2.353516,0.0,0.0,-0.000142,0.005887,camera_link,28.750001,gnm_closed_loop,,nominal,post-episode zero hold,True,ok,checkpoints/ablation_mnv2_baseline/best.pt,5.26,0.3697,-0.1382,0.0924,-0.0032,0.3424,,,gnm_closed_loop,0.0,0.0,False,0,,isaac_live_final_20260708,,selected_baseline_live,,,,,,,False,hospital_goal_C,0.7101,True,,,0.0,0.0,False,zeroed_hold,False,
livefinal_low_curvature_20260708_180949,1143,28.766668,1783530601.013761,-0.534199,0.537338,0.0,2.353516,0.0,0.0,-0.000142,0.005887,camera_link,28.766668,gnm_closed_loop,,nominal,post-episode zero hold,True,ok,checkpoints/ablation_mnv2_baseline/best.pt,5.26,0.3697,-0.1382,0.0924,-0.0032,0.3424,,,gnm_closed_loop,0.0,0.0,False,0,,isaac_live_final_20260708,,selected_baseline_live,,,,,,,False,hospital_goal_C,0.7101,True,,,0.0,0.0,False,zeroed_hold,False,
livefinal_low_curvature_20260708_180949,1144,28.783335,1783530601.019701,-0.534199,0.537338,0.0,2.353516,0.0,0.0,-0.000142,0.005887,camera_link,28.783335,gnm_closed_loop,,nominal,post-episode zero hold,True,ok,checkpoints/ablation_mnv2_baseline/best.pt,5.26,0.3697,-0.1382,0.0924,-0.0032,0.3424,,,gnm_closed_loop,0.0,0.0,False,0,,isaac_live_final_20260708,,selected_baseline_live,,,,,,,False,hospital_goal_C,0.7101,True,,,0.0,0.0,False,zeroed_hold,False,
livefinal_low_curvature_20260708_180949,1145,28.800002,1783530601.024827,-0.534199,0.537338,0.0,2.353516,0.0,0.0,-0.000142,0.005887,camera_link,28.800002,gnm_closed_loop,,nominal,post-episode zero hold,True,ok,checkpoints/ablation_mnv2_baseline/best.pt,5.26,0.3697,-0.1382,0.0924,-0.0032,0.3424,,,gnm_closed_loop,0.0,0.0,False,0,,isaac_live_final_20260708,,selected_baseline_live,,,,,,,False,hospital_goal_C,0.7101,True,,,0.0,0.0,False,zeroed_hold,False,
livefinal_low_curvature_20260708_180949,1146,28.816668,1783530601.048435,-0.534199,0.537338,0.0,2.353516,0.0,0.0,-0.000142,0.005887,camera_link,28.816668,gnm_closed_loop,,nominal,post-episode zero hold,True,ok,checkpoints/ablation_mnv2_baseline/best.pt,5.26,0.3697,-0.1382,0.0924,-0.0032,0.3424,,,gnm_closed_loop,0.0,0.0,False,0,,isaac_live_final_20260708,,selected_baseline_live,,,,,,,False,hospital_goal_C,0.7101,True,,,0.0,0.0,False,zeroed_hold,False,
livefinal_low_curvature_20260708_180949,1147,28.833335,1783530601.052768,-0.534199,0.537338,0.0,2.353516,0.0,0.0,-0.000142,0.005887,camera_link,28.833335,gnm_closed_loop,,nominal,post-episode zero hold,True,ok,checkpoints/ablation_mnv2_baseline/best.pt,5.26,0.3697,-0.1382,0.0924,-0.0032,0.3424,,,gnm_closed_loop,0.0,0.0,False,0,,isaac_live_final_20260708,,selected_baseline_live,,,,,,,False,hospital_goal_C,0.7101,True,,,0.0,0.0,False,zeroed_hold,False,
livefinal_low_curvature_20260708_180949,1148,28.850002,1783530601.056838,-0.534199,0.537338,0.0,2.353516,0.0,0.0,-0.000142,0.005887,camera_link,28.850002,gnm_closed_loop,,nominal,post-episode zero hold,True,ok,checkpoints/ablation_mnv2_baseline/best.pt,5.26,0.3697,-0.1382,0.0924,-0.0032,0.3424,,,gnm_closed_loop,0.0,0.0,False,0,,isaac_live_final_20260708,,selected_baseline_live,,,,,,,False,hospital_goal_C,0.7101,True,,,0.0,0.0,False,zeroed_hold,False,
livefinal_low_curvature_20260708_180949,1149,28.866668,1783530601.067573,-0.534199,0.537338,0.0,2.353516,0.0,0.0,-0.000142,0.005887,camera_link,28.866668,gnm_closed_loop,,nominal,post-episode zero hold,True,ok,checkpoints/ablation_mnv2_baseline/best.pt,5.26,0.3697,-0.1382,0.0924,-0.0032,0.3424,,,gnm_closed_loop,0.0,0.0,False,0,,isaac_live_final_20260708,,selected_baseline_live,,,,,,,False,hospital_goal_C,0.7101,True,,,0.0,0.0,False,zeroed_hold,False,
livefinal_low_curvature_20260708_180949,1150,28.883335,1783530601.068672,-0.534199,0.537338,0.0,2.353516,0.0,0.0,-0.000142,0.005887,camera_link,28.883335,gnm_closed_loop,,nominal,post-episode zero hold,True,ok,checkpoints/ablation_mnv2_baseline/best.pt,5.26,0.3697,-0.1382,0.0924,-0.0032,0.3424,,,gnm_closed_loop,0.0,0.0,False,0,,isaac_live_final_20260708,,selected_baseline_live,,,,,,,False,hospital_goal_C,0.7101,True,,,0.0,0.0,False,zeroed_hold,False,
livefinal_low_curvature_20260708_180949,1151,28.900002,1783530601.069667,-0.534199,0.537338,0.0,2.353516,0.0,0.0,-0.000142,0.005887,camera_link,28.900002,gnm_closed_loop,,nominal,post-episode zero hold,True,ok,checkpoints/ablation_mnv2_baseline/best.pt,5.26,0.3697,-0.1382,0.0924,-0.0032,0.3424,,,gnm_closed_loop,0.0,0.0,False,0,,isaac_live_final_20260708,,selected_baseline_live,,,,,,,False,hospital_goal_C,0.7101,True,,,0.0,0.0,False,zeroed_hold,False,
livefinal_low_curvature_20260708_180949,1152,28.916668,1783530601.079486,-0.534199,0.537338,0.0,2.353516,0.0,0.0,-0.000142,0.005887,camera_link,28.916668,gnm_closed_loop,,nominal,post-episode zero hold,True,ok,checkpoints/ablation_mnv2_baseline/best.pt,5.26,0.3697,-0.1382,0.0924,-0.0032,0.3424,,,gnm_closed_loop,0.0,0.0,False,0,,isaac_live_final_20260708,,selected_baseline_live,,,,,,,False,hospital_goal_C,0.7101,True,,,0.0,0.0,False,zeroed_hold,False,
livefinal_low_curvature_20260708_180949,1153,28.933335,1783530601.081288,-0.534199,0.537338,0.0,2.353516,0.0,0.0,-0.000142,0.005887,camera_link,28.933335,gnm_closed_loop,,nominal,post-episode zero hold,True,ok,checkpoints/ablation_mnv2_baseline/best.pt,5.26,0.3697,-0.1382,0.0924,-0.0032,0.3424,,,gnm_closed_loop,0.0,0.0,False,0,,isaac_live_final_20260708,,selected_baseline_live,,,,,,,False,hospital_goal_C,0.7101,True,,,0.0,0.0,False,zeroed_hold,False,
livefinal_low_curvature_20260708_180949,1154,28.950002,1783530601.082629,-0.534199,0.537338,0.0,2.353516,0.0,0.0,-0.000142,0.005887,camera_link,28.950002,gnm_closed_loop,,nominal,post-episode zero hold,True,ok,checkpoints/ablation_mnv2_baseline/best.pt,5.26,0.3697,-0.1382,0.0924,-0.0032,0.3424,,,gnm_closed_loop,0.0,0.0,False,0,,isaac_live_final_20260708,,selected_baseline_live,,,,,,,False,hospital_goal_C,0.7101,True,,,0.0,0.0,False,zeroed_hold,False,
livefinal_low_curvature_20260708_180949,1155,28.966668,1783530601.091588,-0.534199,0.537338,0.0,2.353516,0.0,0.0,-0.000142,0.005887,camera_link,28.966668,gnm_closed_loop,,nominal,post-episode zero hold,True,ok,checkpoints/ablation_mnv2_baseline/best.pt,5.26,0.3697,-0.1382,0.0924,-0.0032,0.3424,,,gnm_closed_loop,0.0,0.0,False,0,,isaac_live_final_20260708,,selected_baseline_live,,,,,,,False,hospital_goal_C,0.7101,True,,,0.0,0.0,False,zeroed_hold,False,
livefinal_low_curvature_20260708_180949,1156,28.983335,1783530601.09278,-0.534199,0.537338,0.0,2.353516,0.0,0.0,-0.000142,0.005887,camera_link,28.983335,gnm_closed_loop,,nominal,post-episode zero hold,True,ok,checkpoints/ablation_mnv2_baseline/best.pt,5.26,0.3697,-0.1382,0.0924,-0.0032,0.3424,,,gnm_closed_loop,0.0,0.0,False,0,,isaac_live_final_20260708,,selected_baseline_live,,,,,,,False,hospital_goal_C,0.7101,True,,,0.0,0.0,False,zeroed_hold,False,
livefinal_low_curvature_20260708_180949,1157,29.000002,1783530601.094227,-0.534199,0.537338,0.0,2.353516,0.0,0.0,-0.000142,0.005887,camera_link,29.000002,gnm_closed_loop,,nominal,post-episode zero hold,True,ok,checkpoints/ablation_mnv2_baseline/best.pt,5.26,0.3697,-0.1382,0.0924,-0.0032,0.3424,,,gnm_closed_loop,0.0,0.0,False,0,,isaac_live_final_20260708,,selected_baseline_live,,,,,,,False,hospital_goal_C,0.7101,True,,,0.0,0.0,False,zeroed_hold,False,
livefinal_low_curvature_20260708_180949,1158,29.016668,1783530601.106337,-0.534199,0.537338,0.0,2.353516,0.0,0.0,-0.000142,0.005887,camera_link,29.016668,gnm_closed_loop,,nominal,post-episode zero hold,True,ok,checkpoints/ablation_mnv2_baseline/best.pt,5.26,0.3697,-0.1382,0.0924,-0.0032,0.3424,,,gnm_closed_loop,0.0,0.0,False,0,,isaac_live_final_20260708,,selected_baseline_live,,,,,,,False,hospital_goal_C,0.7101,True,,,0.0,0.0,False,zeroed_hold,False,
livefinal_low_curvature_20260708_180949,1159,29.033335,1783530601.107979,-0.534199,0.537338,0.0,2.353516,0.0,0.0,-0.000142,0.005887,camera_link,29.033335,gnm_closed_loop,,nominal,post-episode zero hold,True,ok,checkpoints/ablation_mnv2_baseline/best.pt,5.26,0.3697,-0.1382,0.0924,-0.0032,0.3424,,,gnm_closed_loop,0.0,0.0,False,0,,isaac_live_final_20260708,,selected_baseline_live,,,,,,,False,hospital_goal_C,0.7101,True,,,0.0,0.0,False,zeroed_hold,False,
livefinal_low_curvature_20260708_180949,1160,29.050002,1783530601.109223,-0.534199,0.537338,0.0,2.353516,0.0,0.0,-0.000142,0.005887,camera_link,29.050002,gnm_closed_loop,,nominal,post-episode zero hold,True,ok,checkpoints/ablation_mnv2_baseline/best.pt,5.26,0.3697,-0.1382,0.0924,-0.0032,0.3424,,,gnm_closed_loop,0.0,0.0,False,0,,isaac_live_final_20260708,,selected_baseline_live,,,,,,,False,hospital_goal_C,0.7101,True,,,0.0,0.0,False,zeroed_hold,False,
livefinal_low_curvature_20260708_180949,1161,29.066668,1783530601.119836,-0.534199,0.537338,0.0,2.353516,0.0,0.0,-0.000142,0.005887,camera_link,29.066668,gnm_closed_loop,,nominal,post-episode zero hold,True,ok,checkpoints/ablation_mnv2_baseline/best.pt,5.26,0.3697,-0.1382,0.0924,-0.0032,0.3424,,,gnm_closed_loop,0.0,0.0,False,0,,isaac_live_final_20260708,,selected_baseline_live,,,,,,,False,hospital_goal_C,0.7101,True,,,0.0,0.0,False,zeroed_hold,False,
livefinal_low_curvature_20260708_180949,1162,29.083335,1783530601.121446,-0.534199,0.537338,0.0,2.353516,0.0,0.0,-0.000142,0.005887,camera_link,29.083335,gnm_closed_loop,,nominal,post-episode zero hold,True,ok,checkpoints/ablation_mnv2_baseline/best.pt,5.26,0.3697,-0.1382,0.0924,-0.0032,0.3424,,,gnm_closed_loop,0.0,0.0,False,0,,isaac_live_final_20260708,,selected_baseline_live,,,,,,,False,hospital_goal_C,0.7101,True,,,0.0,0.0,False,zeroed_hold,False,
livefinal_low_curvature_20260708_180949,1163,29.100002,1783530601.122552,-0.534199,0.537338,0.0,2.353516,0.0,0.0,-0.000142,0.005887,camera_link,29.100002,gnm_closed_loop,,nominal,post-episode zero hold,True,ok,checkpoints/ablation_mnv2_baseline/best.pt,5.26,0.3697,-0.1382,0.0924,-0.0032,0.3424,,,gnm_closed_loop,0.0,0.0,False,0,,isaac_live_final_20260708,,selected_baseline_live,,,,,,,False,hospital_goal_C,0.7101,True,,,0.0,0.0,False,zeroed_hold,False,
livefinal_low_curvature_20260708_180949,1164,29.116668,1783530601.132355,-0.534199,0.537338,0.0,2.353516,0.0,0.0,-0.000142,0.005887,camera_link,29.116668,gnm_closed_loop,,nominal,post-episode zero hold,True,ok,checkpoints/ablation_mnv2_baseline/best.pt,5.26,0.3697,-0.1382,0.0924,-0.0032,0.3424,,,gnm_closed_loop,0.0,0.0,False,0,,isaac_live_final_20260708,,selected_baseline_live,,,,,,,False,hospital_goal_C,0.7101,True,,,0.0,0.0,False,zeroed_hold,False,
livefinal_low_curvature_20260708_180949,1165,29.133335,1783530601.133985,-0.534199,0.537338,0.0,2.353516,0.0,0.0,-0.000142,0.005887,camera_link,29.133335,gnm_closed_loop,,nominal,post-episode zero hold,True,ok,checkpoints/ablation_mnv2_baseline/best.pt,5.26,0.3697,-0.1382,0.0924,-0.0032,0.3424,,,gnm_closed_loop,0.0,0.0,False,0,,isaac_live_final_20260708,,selected_baseline_live,,,,,,,False,hospital_goal_C,0.7101,True,,,0.0,0.0,False,zeroed_hold,False,
livefinal_low_curvature_20260708_180949,1166,29.150002,1783530601.135357,-0.534199,0.537338,0.0,2.353516,0.0,0.0,-0.000142,0.005887,camera_link,29.150002,gnm_closed_loop,,nominal,post-episode zero hold,True,ok,checkpoints/ablation_mnv2_baseline/best.pt,5.26,0.3697,-0.1382,0.0924,-0.0032,0.3424,,,gnm_closed_loop,0.0,0.0,False,0,,isaac_live_final_20260708,,selected_baseline_live,,,,,,,False,hospital_goal_C,0.7101,True,,,0.0,0.0,False,zeroed_hold,False,
livefinal_low_curvature_20260708_180949,1167,29.166668,1783530601.145377,-0.534199,0.537338,0.0,2.353516,0.0,0.0,-0.000142,0.005887,camera_link,29.166668,gnm_closed_loop,,nominal,post-episode zero hold,True,ok,checkpoints/ablation_mnv2_baseline/best.pt,5.26,0.3697,-0.1382,0.0924,-0.0032,0.3424,,,gnm_closed_loop,0.0,0.0,False,0,,isaac_live_final_20260708,,selected_baseline_live,,,,,,,False,hospital_goal_C,0.7101,True,,,0.0,0.0,False,zeroed_hold,False,
livefinal_low_curvature_20260708_180949,1168,29.183335,1783530601.146906,-0.534199,0.537338,0.0,2.353516,0.0,0.0,-0.000142,0.005887,camera_link,29.183335,gnm_closed_loop,,nominal,post-episode zero hold,True,ok,checkpoints/ablation_mnv2_baseline/best.pt,5.26,0.3697,-0.1382,0.0924,-0.0032,0.3424,,,gnm_closed_loop,0.0,0.0,False,0,,isaac_live_final_20260708,,selected_baseline_live,,,,,,,False,hospital_goal_C,0.7101,True,,,0.0,0.0,False,zeroed_hold,False,
livefinal_low_curvature_20260708_180949,1169,29.200002,1783530601.14929,-0.534199,0.537338,0.0,2.353516,0.0,0.0,-0.000142,0.005887,camera_link,29.200002,gnm_closed_loop,,nominal,post-episode zero hold,True,ok,checkpoints/ablation_mnv2_baseline/best.pt,5.26,0.3697,-0.1382,0.0924,-0.0032,0.3424,,,gnm_closed_loop,0.0,0.0,False,0,,isaac_live_final_20260708,,selected_baseline_live,,,,,,,False,hospital_goal_C,0.7101,True,,,0.0,0.0,False,zeroed_hold,False,
livefinal_low_curvature_20260708_180949,1170,29.216668,1783530601.159116,-0.534199,0.537338,0.0,2.353516,0.0,0.0,-0.000142,0.005887,camera_link,29.216668,gnm_closed_loop,,nominal,post-episode zero hold,True,ok,checkpoints/ablation_mnv2_baseline/best.pt,5.26,0.3697,-0.1382,0.0924,-0.0032,0.3424,,,gnm_closed_loop,0.0,0.0,False,0,,isaac_live_final_20260708,,selected_baseline_live,,,,,,,False,hospital_goal_C,0.7101,True,,,0.0,0.0,False,zeroed_hold,False,
livefinal_low_curvature_20260708_180949,1171,29.233335,1783530601.160356,-0.534199,0.537338,0.0,2.353516,0.0,0.0,-0.000142,0.005887,camera_link,29.233335,gnm_closed_loop,,nominal,post-episode zero hold,True,ok,checkpoints/ablation_mnv2_baseline/best.pt,5.26,0.3697,-0.1382,0.0924,-0.0032,0.3424,,,gnm_closed_loop,0.0,0.0,False,0,,isaac_live_final_20260708,,selected_baseline_live,,,,,,,False,hospital_goal_C,0.7101,True,,,0.0,0.0,False,zeroed_hold,False,
livefinal_low_curvature_20260708_180949,1172,29.250002,1783530601.161352,-0.534199,0.537338,0.0,2.353516,0.0,0.0,-0.000142,0.005887,camera_link,29.250002,gnm_closed_loop,,nominal,post-episode zero hold,True,ok,checkpoints/ablation_mnv2_baseline/best.pt,5.26,0.3697,-0.1382,0.0924,-0.0032,0.3424,,,gnm_closed_loop,0.0,0.0,False,0,,isaac_live_final_20260708,,selected_baseline_live,,,,,,,False,hospital_goal_C,0.7101,True,,,0.0,0.0,False,zeroed_hold,False,
livefinal_low_curvature_20260708_180949,1173,29.266668,1783530601.170124,-0.534199,0.537338,0.0,2.353516,0.0,0.0,-0.000142,0.005887,camera_link,29.266668,gnm_closed_loop,,nominal,post-episode zero hold,True,ok,checkpoints/ablation_mnv2_baseline/best.pt,5.26,0.3697,-0.1382,0.0924,-0.0032,0.3424,,,gnm_closed_loop,0.0,0.0,False,0,,isaac_live_final_20260708,,selected_baseline_live,,,,,,,False,hospital_goal_C,0.7101,True,,,0.0,0.0,False,zeroed_hold,False,
livefinal_low_curvature_20260708_180949,1174,29.283335,1783530601.171257,-0.534199,0.537338,0.0,2.353516,0.0,0.0,-0.000142,0.005887,camera_link,29.283335,gnm_closed_loop,,nominal,post-episode zero hold,True,ok,checkpoints/ablation_mnv2_baseline/best.pt,5.26,0.3697,-0.1382,0.0924,-0.0032,0.3424,,,gnm_closed_loop,0.0,0.0,False,0,,isaac_live_final_20260708,,selected_baseline_live,,,,,,,False,hospital_goal_C,0.7101,True,,,0.0,0.0,False,zeroed_hold,False,
livefinal_low_curvature_20260708_180949,1175,29.300002,1783530601.172727,-0.534199,0.537338,0.0,2.353516,0.0,0.0,-0.000142,0.005887,camera_link,29.300002,gnm_closed_loop,,nominal,post-episode zero hold,True,ok,checkpoints/ablation_mnv2_baseline/best.pt,5.26,0.3697,-0.1382,0.0924,-0.0032,0.3424,,,gnm_closed_loop,0.0,0.0,False,0,,isaac_live_final_20260708,,selected_baseline_live,,,,,,,False,hospital_goal_C,0.7101,True,,,0.0,0.0,False,zeroed_hold,False,
livefinal_low_curvature_20260708_180949,1176,29.316668,1783530601.180619,-0.534199,0.537338,0.0,2.353516,0.0,0.0,-0.000142,0.005887,camera_link,29.316668,gnm_closed_loop,,nominal,post-episode zero hold,True,ok,checkpoints/ablation_mnv2_baseline/best.pt,5.26,0.3697,-0.1382,0.0924,-0.0032,0.3424,,,gnm_closed_loop,0.0,0.0,False,0,,isaac_live_final_20260708,,selected_baseline_live,,,,,,,False,hospital_goal_C,0.7101,True,,,0.0,0.0,False,zeroed_hold,False,
livefinal_low_curvature_20260708_180949,1177,29.333335,1783530601.181923,-0.534199,0.537338,0.0,2.353516,0.0,0.0,-0.000142,0.005887,camera_link,29.333335,gnm_closed_loop,,nominal,post-episode zero hold,True,ok,checkpoints/ablation_mnv2_baseline/best.pt,5.26,0.3697,-0.1382,0.0924,-0.0032,0.3424,,,gnm_closed_loop,0.0,0.0,False,0,,isaac_live_final_20260708,,selected_baseline_live,,,,,,,False,hospital_goal_C,0.7101,True,,,0.0,0.0,False,zeroed_hold,False,
livefinal_low_curvature_20260708_180949,1178,29.350002,1783530601.182884,-0.534199,0.537338,0.0,2.353516,0.0,0.0,-0.000142,0.005887,camera_link,29.350002,gnm_closed_loop,,nominal,post-episode zero hold,True,ok,checkpoints/ablation_mnv2_baseline/best.pt,5.26,0.3697,-0.1382,0.0924,-0.0032,0.3424,,,gnm_closed_loop,0.0,0.0,False,0,,isaac_live_final_20260708,,selected_baseline_live,,,,,,,False,hospital_goal_C,0.7101,True,,,0.0,0.0,False,zeroed_hold,False,
livefinal_low_curvature_20260708_180949,1179,29.366668,1783530601.191304,-0.534199,0.537338,0.0,2.353516,0.0,0.0,-0.000142,0.005887,camera_link,29.366668,gnm_closed_loop,,nominal,post-episode zero hold,True,ok,checkpoints/ablation_mnv2_baseline/best.pt,5.26,0.3697,-0.1382,0.0924,-0.0032,0.3424,,,gnm_closed_loop,0.0,0.0,False,0,,isaac_live_final_20260708,,selected_baseline_live,,,,,,,False,hospital_goal_C,0.7101,True,,,0.0,0.0,False,zeroed_hold,False,
livefinal_low_curvature_20260708_180949,1180,29.383335,1783530601.192972,-0.534199,0.537338,0.0,2.353516,0.0,0.0,-0.000142,0.005887,camera_link,29.383335,gnm_closed_loop,,nominal,post-episode zero hold,True,ok,checkpoints/ablation_mnv2_baseline/best.pt,5.26,0.3697,-0.1382,0.0924,-0.0032,0.3424,,,gnm_closed_loop,0.0,0.0,False,0,,isaac_live_final_20260708,,selected_baseline_live,,,,,,,False,hospital_goal_C,0.7101,True,,,0.0,0.0,False,zeroed_hold,False,
livefinal_low_curvature_20260708_180949,1181,29.400002,1783530601.194079,-0.534199,0.537338,0.0,2.353516,0.0,0.0,-0.000142,0.005887,camera_link,29.400002,gnm_closed_loop,,nominal,post-episode zero hold,True,ok,checkpoints/ablation_mnv2_baseline/best.pt,5.26,0.3697,-0.1382,0.0924,-0.0032,0.3424,,,gnm_closed_loop,0.0,0.0,False,0,,isaac_live_final_20260708,,selected_baseline_live,,,,,,,False,hospital_goal_C,0.7101,True,,,0.0,0.0,False,zeroed_hold,False,
livefinal_low_curvature_20260708_180949,1182,29.416668,1783530601.202187,-0.534199,0.537338,0.0,2.353516,0.0,0.0,-0.000142,0.005887,camera_link,29.416668,gnm_closed_loop,,nominal,post-episode zero hold,True,ok,checkpoints/ablation_mnv2_baseline/best.pt,5.26,0.3697,-0.1382,0.0924,-0.0032,0.3424,,,gnm_closed_loop,0.0,0.0,False,0,,isaac_live_final_20260708,,selected_baseline_live,,,,,,,False,hospital_goal_C,0.7101,True,,,0.0,0.0,False,zeroed_hold,False,
livefinal_low_curvature_20260708_180949,1183,29.433335,1783530601.203239,-0.534199,0.537338,0.0,2.353516,0.0,0.0,-0.000142,0.005887,camera_link,29.433335,gnm_closed_loop,,nominal,post-episode zero hold,True,ok,checkpoints/ablation_mnv2_baseline/best.pt,5.26,0.3697,-0.1382,0.0924,-0.0032,0.3424,,,gnm_closed_loop,0.0,0.0,False,0,,isaac_live_final_20260708,,selected_baseline_live,,,,,,,False,hospital_goal_C,0.7101,True,,,0.0,0.0,False,zeroed_hold,False,
livefinal_low_curvature_20260708_180949,1184,29.450002,1783530601.204314,-0.534199,0.537338,0.0,2.353516,0.0,0.0,-0.000142,0.005887,camera_link,29.450002,gnm_closed_loop,,nominal,post-episode zero hold,True,ok,checkpoints/ablation_mnv2_baseline/best.pt,5.26,0.3697,-0.1382,0.0924,-0.0032,0.3424,,,gnm_closed_loop,0.0,0.0,False,0,,isaac_live_final_20260708,,selected_baseline_live,,,,,,,False,hospital_goal_C,0.7101,True,,,0.0,0.0,False,zeroed_hold,False,
livefinal_low_curvature_20260708_180949,1185,29.466668,1783530601.21424,-0.534199,0.537338,0.0,2.353516,0.0,0.0,-0.000142,0.005887,camera_link,29.466668,gnm_closed_loop,,nominal,post-episode zero hold,True,ok,checkpoints/ablation_mnv2_baseline/best.pt,5.26,0.3697,-0.1382,0.0924,-0.0032,0.3424,,,gnm_closed_loop,0.0,0.0,False,0,,isaac_live_final_20260708,,selected_baseline_live,,,,,,,False,hospital_goal_C,0.7101,True,,,0.0,0.0,False,zeroed_hold,False,
livefinal_low_curvature_20260708_180949,1186,29.483335,1783530601.215439,-0.534199,0.537338,0.0,2.353516,0.0,0.0,-0.000142,0.005887,camera_link,29.483335,gnm_closed_loop,,nominal,post-episode zero hold,True,ok,checkpoints/ablation_mnv2_baseline/best.pt,5.26,0.3697,-0.1382,0.0924,-0.0032,0.3424,,,gnm_closed_loop,0.0,0.0,False,0,,isaac_live_final_20260708,,selected_baseline_live,,,,,,,False,hospital_goal_C,0.7101,True,,,0.0,0.0,False,zeroed_hold,False,
livefinal_low_curvature_20260708_180949,1187,29.500002,1783530601.21686,-0.534199,0.537338,0.0,2.353516,0.0,0.0,-0.000142,0.005887,camera_link,29.500002,gnm_closed_loop,,nominal,post-episode zero hold,True,ok,checkpoints/ablation_mnv2_baseline/best.pt,5.26,0.3697,-0.1382,0.0924,-0.0032,0.3424,,,gnm_closed_loop,0.0,0.0,False,0,,isaac_live_final_20260708,,selected_baseline_live,,,,,,,False,hospital_goal_C,0.7101,True,,,0.0,0.0,False,zeroed_hold,False,
livefinal_low_curvature_20260708_180949,1188,29.516668,1783530601.224537,-0.534199,0.537338,0.0,2.353516,0.0,0.0,-0.000142,0.005887,camera_link,29.516668,gnm_closed_loop,,nominal,post-episode zero hold,True,ok,checkpoints/ablation_mnv2_baseline/best.pt,5.26,0.3697,-0.1382,0.0924,-0.0032,0.3424,,,gnm_closed_loop,0.0,0.0,False,0,,isaac_live_final_20260708,,selected_baseline_live,,,,,,,False,hospital_goal_C,0.7101,True,,,0.0,0.0,False,zeroed_hold,False,
livefinal_low_curvature_20260708_180949,1189,29.533335,1783530601.225534,-0.534199,0.537338,0.0,2.353516,0.0,0.0,-0.000142,0.005887,camera_link,29.533335,gnm_closed_loop,,nominal,post-episode zero hold,True,ok,checkpoints/ablation_mnv2_baseline/best.pt,5.26,0.3697,-0.1382,0.0924,-0.0032,0.3424,,,gnm_closed_loop,0.0,0.0,False,0,,isaac_live_final_20260708,,selected_baseline_live,,,,,,,False,hospital_goal_C,0.7101,True,,,0.0,0.0,False,zeroed_hold,False,
livefinal_low_curvature_20260708_180949,1190,29.550002,1783530601.226627,-0.534199,0.537338,0.0,2.353516,0.0,0.0,-0.000142,0.005887,camera_link,29.550002,gnm_closed_loop,,nominal,post-episode zero hold,True,ok,checkpoints/ablation_mnv2_baseline/best.pt,5.26,0.3697,-0.1382,0.0924,-0.0032,0.3424,,,gnm_closed_loop,0.0,0.0,False,0,,isaac_live_final_20260708,,selected_baseline_live,,,,,,,False,hospital_goal_C,0.7101,True,,,0.0,0.0,False,zeroed_hold,False,
livefinal_low_curvature_20260708_180949,1191,29.566668,1783530601.239448,-0.534199,0.537338,0.0,2.353516,0.0,0.0,-0.000142,0.005887,camera_link,29.566668,gnm_closed_loop,,nominal,post-episode zero hold,True,ok,checkpoints/ablation_mnv2_baseline/best.pt,5.26,0.3697,-0.1382,0.0924,-0.0032,0.3424,,,gnm_closed_loop,0.0,0.0,False,0,,isaac_live_final_20260708,,selected_baseline_live,,,,,,,False,hospital_goal_C,0.7101,True,,,0.0,0.0,False,zeroed_hold,False,
livefinal_low_curvature_20260708_180949,1192,29.583335,1783530601.241124,-0.534199,0.537338,0.0,2.353516,0.0,0.0,-0.000142,0.005887,camera_link,29.583335,gnm_closed_loop,,nominal,post-episode zero hold,True,ok,checkpoints/ablation_mnv2_baseline/best.pt,5.26,0.3697,-0.1382,0.0924,-0.0032,0.3424,,,gnm_closed_loop,0.0,0.0,False,0,,isaac_live_final_20260708,,selected_baseline_live,,,,,,,False,hospital_goal_C,0.7101,True,,,0.0,0.0,False,zeroed_hold,False,
livefinal_low_curvature_20260708_180949,1193,29.600002,1783530601.2422,-0.534199,0.537338,0.0,2.353516,0.0,0.0,-0.000142,0.005887,camera_link,29.600002,gnm_closed_loop,,nominal,post-episode zero hold,True,ok,checkpoints/ablation_mnv2_baseline/best.pt,5.26,0.3697,-0.1382,0.0924,-0.0032,0.3424,,,gnm_closed_loop,0.0,0.0,False,0,,isaac_live_final_20260708,,selected_baseline_live,,,,,,,False,hospital_goal_C,0.7101,True,,,0.0,0.0,False,zeroed_hold,False,
livefinal_low_curvature_20260708_180949,1194,29.616668,1783530601.25207,-0.534199,0.537338,0.0,2.353516,0.0,0.0,-0.000142,0.005887,camera_link,29.616668,gnm_closed_loop,,nominal,post-episode zero hold,True,ok,checkpoints/ablation_mnv2_baseline/best.pt,5.26,0.3697,-0.1382,0.0924,-0.0032,0.3424,,,gnm_closed_loop,0.0,0.0,False,0,,isaac_live_final_20260708,,selected_baseline_live,,,,,,,False,hospital_goal_C,0.7101,True,,,0.0,0.0,False,zeroed_hold,False,
livefinal_low_curvature_20260708_180949,1195,29.633335,1783530601.253655,-0.534199,0.537338,0.0,2.353516,0.0,0.0,-0.000142,0.005887,camera_link,29.633335,gnm_closed_loop,,nominal,post-episode zero hold,True,ok,checkpoints/ablation_mnv2_baseline/best.pt,5.26,0.3697,-0.1382,0.0924,-0.0032,0.3424,,,gnm_closed_loop,0.0,0.0,False,0,,isaac_live_final_20260708,,selected_baseline_live,,,,,,,False,hospital_goal_C,0.7101,True,,,0.0,0.0,False,zeroed_hold,False,
livefinal_low_curvature_20260708_180949,1196,29.650002,1783530601.254722,-0.534199,0.537338,0.0,2.353516,0.0,0.0,-0.000142,0.005887,camera_link,29.650002,gnm_closed_loop,,nominal,post-episode zero hold,True,ok,checkpoints/ablation_mnv2_baseline/best.pt,5.26,0.3697,-0.1382,0.0924,-0.0032,0.3424,,,gnm_closed_loop,0.0,0.0,False,0,,isaac_live_final_20260708,,selected_baseline_live,,,,,,,False,hospital_goal_C,0.7101,True,,,0.0,0.0,False,zeroed_hold,False,
livefinal_low_curvature_20260708_180949,1197,29.666668,1783530601.262915,-0.534199,0.537338,0.0,2.353516,0.0,0.0,-0.000142,0.005887,camera_link,29.666668,gnm_closed_loop,,nominal,post-episode zero hold,True,ok,checkpoints/ablation_mnv2_baseline/best.pt,5.26,0.3697,-0.1382,0.0924,-0.0032,0.3424,,,gnm_closed_loop,0.0,0.0,False,0,,isaac_live_final_20260708,,selected_baseline_live,,,,,,,False,hospital_goal_C,0.7101,True,,,0.0,0.0,False,zeroed_hold,False,
livefinal_low_curvature_20260708_180949,1198,29.683335,1783530601.264024,-0.534199,0.537338,0.0,2.353516,0.0,0.0,-0.000142,0.005887,camera_link,29.683335,gnm_closed_loop,,nominal,post-episode zero hold,True,ok,checkpoints/ablation_mnv2_baseline/best.pt,5.26,0.3697,-0.1382,0.0924,-0.0032,0.3424,,,gnm_closed_loop,0.0,0.0,False,0,,isaac_live_final_20260708,,selected_baseline_live,,,,,,,False,hospital_goal_C,0.7101,True,,,0.0,0.0,False,zeroed_hold,False,
livefinal_low_curvature_20260708_180949,1199,29.700002,1783530601.264973,-0.534199,0.537338,0.0,2.353516,0.0,0.0,-0.000142,0.005887,camera_link,29.700002,gnm_closed_loop,,nominal,post-episode zero hold,True,ok,checkpoints/ablation_mnv2_baseline/best.pt,5.26,0.3697,-0.1382,0.0924,-0.0032,0.3424,,,gnm_closed_loop,0.0,0.0,False,0,,isaac_live_final_20260708,,selected_baseline_live,,,,,,,False,hospital_goal_C,0.7101,True,,,0.0,0.0,False,zeroed_hold,False,
