episode_id,step_idx,sim_time,wall_time,robot_position_x,robot_position_y,robot_position_z,robot_yaw,linear_velocity_cmd,angular_velocity_cmd,odom_linear_velocity,odom_angular_velocity,camera_frame_id,image_timestamp,policy_mode,stop_signal,safety_state,notes,shadow_gnm_enabled,shadow_gnm_status,shadow_gnm_model_path,shadow_gnm_latency_ms,shadow_gnm_candidate_linear_velocity,shadow_gnm_candidate_angular_velocity,shadow_gnm_candidate_waypoint_x,shadow_gnm_candidate_waypoint_y,shadow_gnm_goal_distance,shadow_gnm_confidence,shadow_gnm_error,actual_controller,actual_linear_velocity_cmd,actual_angular_velocity_cmd,collision_detected,collision_count_so_far,collision_body,experiment_id,pair_id,condition,stop_rule_name,stop_rule_threshold,stop_rule_k,stop_rule_ratio,initial_predicted_distance,normalized_predicted_distance,stop_triggered,goal_id,distance_to_goal_m,gnm_control_enabled,gnm_action_raw_linear_velocity,gnm_action_raw_angular_velocity,gnm_action_clipped_linear_velocity,gnm_action_clipped_angular_velocity,action_clipped,watchdog_state,emergency_stop_triggered,stop_reason
livefinal_straight_medium_20260708_180855,0,9.716667,1783530537.739069,2.000264,-2.000266,-0.0,2.355988,0.2,-0.0376,-0.000187,0.005598,camera_link,9.716667,gnm_closed_loop,,nominal,,True,ok,checkpoints/ablation_mnv2_baseline/best.pt,4.33,0.4241,-0.0376,0.106,-0.001,0.3678,,,gnm_closed_loop,0.2,-0.0376,False,0,,isaac_live_final_20260708,,selected_baseline_live,,,,,,,False,hospital_goal_B,4.0026,True,0.4241,-0.0376,0.2,-0.0376,True,armed,False,
livefinal_straight_medium_20260708_180855,1,9.733334,1783530537.741776,1.999237,-1.99925,0.0,2.356491,0.2,-0.0376,-0.000187,0.005598,camera_link,9.733334,gnm_closed_loop,,nominal,,True,ok,checkpoints/ablation_mnv2_baseline/best.pt,4.33,0.4241,-0.0376,0.106,-0.001,0.3678,,,gnm_closed_loop,0.2,-0.0376,False,0,,isaac_live_final_20260708,,selected_baseline_live,,,,,,,False,hospital_goal_B,4.0012,True,0.4241,-0.0376,0.2,-0.0376,True,armed,False,
livefinal_straight_medium_20260708_180855,2,9.750001,1783530537.743698,1.99738,-1.997399,1e-06,2.356489,0.2,-0.0376,-0.000187,0.005598,camera_link,9.750001,gnm_closed_loop,,nominal,,True,ok,checkpoints/ablation_mnv2_baseline/best.pt,4.33,0.4241,-0.0376,0.106,-0.001,0.3678,,,gnm_closed_loop,0.2,-0.0376,False,0,,isaac_live_final_20260708,,selected_baseline_live,,,,,,,False,hospital_goal_B,3.9985,True,0.4241,-0.0376,0.2,-0.0376,True,armed,False,
livefinal_straight_medium_20260708_180855,3,9.766667,1783530537.761421,1.995127,-1.995147,-0.0,2.356489,0.2,-0.0372,0.197264,0.000184,camera_link,9.766667,gnm_closed_loop,,nominal,,True,ok,checkpoints/ablation_mnv2_baseline/best.pt,4.75,0.4225,-0.0372,0.1056,-0.001,0.3675,,,gnm_closed_loop,0.2,-0.0372,False,0,,isaac_live_final_20260708,,selected_baseline_live,,,,,,,False,hospital_goal_B,3.9953,True,0.4225,-0.0372,0.2,-0.0372,True,armed,False,
livefinal_straight_medium_20260708_180855,4,9.783334,1783530537.763766,1.992788,-1.99281,-0.0,2.356488,0.2,-0.0372,0.197264,0.000184,camera_link,9.783334,gnm_closed_loop,,nominal,,True,ok,checkpoints/ablation_mnv2_baseline/best.pt,4.75,0.4225,-0.0372,0.1056,-0.001,0.3675,,,gnm_closed_loop,0.2,-0.0372,False,0,,isaac_live_final_20260708,,selected_baseline_live,,,,,,,False,hospital_goal_B,3.992,True,0.4225,-0.0372,0.2,-0.0372,True,armed,False,
livefinal_straight_medium_20260708_180855,5,9.800001,1783530537.766343,1.990438,-1.990462,-0.0,2.356487,0.2,-0.0372,0.197264,0.000184,camera_link,9.800001,gnm_closed_loop,,nominal,,True,ok,checkpoints/ablation_mnv2_baseline/best.pt,4.75,0.4225,-0.0372,0.1056,-0.001,0.3675,,,gnm_closed_loop,0.2,-0.0372,False,0,,isaac_live_final_20260708,,selected_baseline_live,,,,,,,False,hospital_goal_B,3.9887,True,0.4225,-0.0372,0.2,-0.0372,True,armed,False,
livefinal_straight_medium_20260708_180855,6,9.816667,1783530537.781809,1.988086,-1.988112,-0.0,2.356486,0.2,-0.0374,0.199825,0.002103,camera_link,9.816667,gnm_closed_loop,,nominal,,True,ok,checkpoints/ablation_mnv2_baseline/best.pt,4.11,0.4295,-0.0374,0.1074,-0.001,0.3698,,,gnm_closed_loop,0.2,-0.0374,False,0,,isaac_live_final_20260708,,selected_baseline_live,,,,,,,False,hospital_goal_B,3.9854,True,0.4295,-0.0374,0.2,-0.0374,True,armed,False,
livefinal_straight_medium_20260708_180855,7,9.833334,1783530537.784086,1.985734,-1.985762,-0.0,2.356484,0.2,-0.0374,0.199825,0.002103,camera_link,9.833334,gnm_closed_loop,,nominal,,True,ok,checkpoints/ablation_mnv2_baseline/best.pt,4.11,0.4295,-0.0374,0.1074,-0.001,0.3698,,,gnm_closed_loop,0.2,-0.0374,False,0,,isaac_live_final_20260708,,selected_baseline_live,,,,,,,False,hospital_goal_B,3.9821,True,0.4295,-0.0374,0.2,-0.0374,True,armed,False,
livefinal_straight_medium_20260708_180855,8,9.850001,1783530537.786196,1.983383,-1.983412,-0.0,2.356482,0.2,-0.0374,0.199825,0.002103,camera_link,9.850001,gnm_closed_loop,,nominal,,True,ok,checkpoints/ablation_mnv2_baseline/best.pt,4.11,0.4295,-0.0374,0.1074,-0.001,0.3698,,,gnm_closed_loop,0.2,-0.0374,False,0,,isaac_live_final_20260708,,selected_baseline_live,,,,,,,False,hospital_goal_B,3.9787,True,0.4295,-0.0374,0.2,-0.0374,True,armed,False,
livefinal_straight_medium_20260708_180855,9,9.866667,1783530537.801928,1.981032,-1.981062,-0.0,2.35648,0.2,-0.0379,0.199827,0.001949,camera_link,9.866667,gnm_closed_loop,,nominal,,True,ok,checkpoints/ablation_mnv2_baseline/best.pt,4.59,0.4418,-0.0379,0.1105,-0.001,0.3734,,,gnm_closed_loop,0.2,-0.0379,False,0,,isaac_live_final_20260708,,selected_baseline_live,,,,,,,False,hospital_goal_B,3.9754,True,0.4418,-0.0379,0.2,-0.0379,True,armed,False,
livefinal_straight_medium_20260708_180855,10,9.883334,1783530537.805124,1.97868,-1.978712,-0.0,2.356479,0.2,-0.0379,0.199827,0.001949,camera_link,9.883334,gnm_closed_loop,,nominal,,True,ok,checkpoints/ablation_mnv2_baseline/best.pt,4.59,0.4418,-0.0379,0.1105,-0.001,0.3734,,,gnm_closed_loop,0.2,-0.0379,False,0,,isaac_live_final_20260708,,selected_baseline_live,,,,,,,False,hospital_goal_B,3.9721,True,0.4418,-0.0379,0.2,-0.0379,True,armed,False,
livefinal_straight_medium_20260708_180855,11,9.900001,1783530537.807106,1.976328,-1.976362,-0.0,2.356476,0.2,-0.0379,0.199827,0.001949,camera_link,9.900001,gnm_closed_loop,,nominal,,True,ok,checkpoints/ablation_mnv2_baseline/best.pt,4.59,0.4418,-0.0379,0.1105,-0.001,0.3734,,,gnm_closed_loop,0.2,-0.0379,False,0,,isaac_live_final_20260708,,selected_baseline_live,,,,,,,False,hospital_goal_B,3.9688,True,0.4418,-0.0379,0.2,-0.0379,True,armed,False,
livefinal_straight_medium_20260708_180855,12,9.916667,1783530537.825498,1.973977,-1.974012,-0.0,2.356475,0.2,-0.0368,0.199855,0.002965,camera_link,9.916667,gnm_closed_loop,,nominal,,True,ok,checkpoints/ablation_mnv2_baseline/best.pt,4.3,0.4509,-0.0368,0.1127,-0.001,0.3712,,,gnm_closed_loop,0.2,-0.0368,False,0,,isaac_live_final_20260708,,selected_baseline_live,,,,,,,False,hospital_goal_B,3.9654,True,0.4509,-0.0368,0.2,-0.0368,True,armed,False,
livefinal_straight_medium_20260708_180855,13,9.933334,1783530537.82838,1.971626,-1.971662,-0.0,2.356473,0.2,-0.0368,0.199855,0.002965,camera_link,9.933334,gnm_closed_loop,,nominal,,True,ok,checkpoints/ablation_mnv2_baseline/best.pt,4.3,0.4509,-0.0368,0.1127,-0.001,0.3712,,,gnm_closed_loop,0.2,-0.0368,False,0,,isaac_live_final_20260708,,selected_baseline_live,,,,,,,False,hospital_goal_B,3.9621,True,0.4509,-0.0368,0.2,-0.0368,True,armed,False,
livefinal_straight_medium_20260708_180855,14,9.950001,1783530537.830494,1.969274,-1.969313,-0.0,2.356473,0.2,-0.0368,0.199855,0.002965,camera_link,9.950001,gnm_closed_loop,,nominal,,True,ok,checkpoints/ablation_mnv2_baseline/best.pt,4.3,0.4509,-0.0368,0.1127,-0.001,0.3712,,,gnm_closed_loop,0.2,-0.0368,False,0,,isaac_live_final_20260708,,selected_baseline_live,,,,,,,False,hospital_goal_B,3.9588,True,0.4509,-0.0368,0.2,-0.0368,True,armed,False,
livefinal_straight_medium_20260708_180855,15,9.966667,1783530537.845679,1.966924,-1.966963,-0.0,2.356471,0.2,-0.0347,0.199845,0.003294,camera_link,9.966667,gnm_closed_loop,,nominal,,True,ok,checkpoints/ablation_mnv2_baseline/best.pt,4.61,0.4526,-0.0347,0.1131,-0.001,0.3672,,,gnm_closed_loop,0.2,-0.0347,False,0,,isaac_live_final_20260708,,selected_baseline_live,,,,,,,False,hospital_goal_B,3.9555,True,0.4526,-0.0347,0.2,-0.0347,True,armed,False,
livefinal_straight_medium_20260708_180855,16,9.983334,1783530537.848357,1.964572,-1.964612,-0.0,2.35647,0.2,-0.0347,0.199845,0.003294,camera_link,9.983334,gnm_closed_loop,,nominal,,True,ok,checkpoints/ablation_mnv2_baseline/best.pt,4.61,0.4526,-0.0347,0.1131,-0.001,0.3672,,,gnm_closed_loop,0.2,-0.0347,False,0,,isaac_live_final_20260708,,selected_baseline_live,,,,,,,False,hospital_goal_B,3.9521,True,0.4526,-0.0347,0.2,-0.0347,True,armed,False,
livefinal_straight_medium_20260708_180855,17,10.000001,1783530537.851408,1.96222,-1.962261,-0.0,2.356469,0.2,-0.0347,0.199845,0.003294,camera_link,10.000001,gnm_closed_loop,,nominal,,True,ok,checkpoints/ablation_mnv2_baseline/best.pt,4.61,0.4526,-0.0347,0.1131,-0.001,0.3672,,,gnm_closed_loop,0.2,-0.0347,False,0,,isaac_live_final_20260708,,selected_baseline_live,,,,,,,False,hospital_goal_B,3.9488,True,0.4526,-0.0347,0.2,-0.0347,True,armed,False,
livefinal_straight_medium_20260708_180855,18,10.016667,1783530537.869402,1.959868,-1.959911,-0.0,2.356466,0.2,-0.032,0.199829,0.001652,camera_link,10.016667,gnm_closed_loop,,nominal,,True,ok,checkpoints/ablation_mnv2_baseline/best.pt,4.17,0.4521,-0.032,0.113,-0.0009,0.3627,,,gnm_closed_loop,0.2,-0.032,False,0,,isaac_live_final_20260708,,selected_baseline_live,,,,,,,False,hospital_goal_B,3.9455,True,0.4521,-0.032,0.2,-0.032,True,armed,False,
livefinal_straight_medium_20260708_180855,19,10.033334,1783530537.87261,1.957516,-1.957561,-0.0,2.356465,0.2,-0.032,0.199829,0.001652,camera_link,10.033334,gnm_closed_loop,,nominal,,True,ok,checkpoints/ablation_mnv2_baseline/best.pt,4.17,0.4521,-0.032,0.113,-0.0009,0.3627,,,gnm_closed_loop,0.2,-0.032,False,0,,isaac_live_final_20260708,,selected_baseline_live,,,,,,,False,hospital_goal_B,3.9422,True,0.4521,-0.032,0.2,-0.032,True,armed,False,
livefinal_straight_medium_20260708_180855,20,10.050001,1783530537.874481,1.955165,-1.955211,-0.0,2.356464,0.2,-0.032,0.199829,0.001652,camera_link,10.050001,gnm_closed_loop,,nominal,,True,ok,checkpoints/ablation_mnv2_baseline/best.pt,4.17,0.4521,-0.032,0.113,-0.0009,0.3627,,,gnm_closed_loop,0.2,-0.032,False,0,,isaac_live_final_20260708,,selected_baseline_live,,,,,,,False,hospital_goal_B,3.9389,True,0.4521,-0.032,0.2,-0.032,True,armed,False,
livefinal_straight_medium_20260708_180855,21,10.066667,1783530537.889861,1.952813,-1.952861,-0.0,2.356462,0.2,-0.0306,0.19979,0.000956,camera_link,10.066667,gnm_closed_loop,,nominal,,True,ok,checkpoints/ablation_mnv2_baseline/best.pt,4.37,0.4423,-0.0306,0.1106,-0.0008,0.3613,,,gnm_closed_loop,0.2,-0.0306,False,0,,isaac_live_final_20260708,,selected_baseline_live,,,,,,,False,hospital_goal_B,3.9355,True,0.4423,-0.0306,0.2,-0.0306,True,armed,False,
livefinal_straight_medium_20260708_180855,22,10.083334,1783530537.892123,1.950461,-1.950511,-0.0,2.356462,0.2,-0.0306,0.19979,0.000956,camera_link,10.083334,gnm_closed_loop,,nominal,,True,ok,checkpoints/ablation_mnv2_baseline/best.pt,4.37,0.4423,-0.0306,0.1106,-0.0008,0.3613,,,gnm_closed_loop,0.2,-0.0306,False,0,,isaac_live_final_20260708,,selected_baseline_live,,,,,,,False,hospital_goal_B,3.9322,True,0.4423,-0.0306,0.2,-0.0306,True,armed,False,
livefinal_straight_medium_20260708_180855,23,10.100001,1783530537.893978,1.94811,-1.948161,-0.0,2.35646,0.2,-0.0306,0.19979,0.000956,camera_link,10.100001,gnm_closed_loop,,nominal,,True,ok,checkpoints/ablation_mnv2_baseline/best.pt,4.37,0.4423,-0.0306,0.1106,-0.0008,0.3613,,,gnm_closed_loop,0.2,-0.0306,False,0,,isaac_live_final_20260708,,selected_baseline_live,,,,,,,False,hospital_goal_B,3.9289,True,0.4423,-0.0306,0.2,-0.0306,True,armed,False,
livefinal_straight_medium_20260708_180855,24,10.116667,1783530537.909782,1.945758,-1.945811,-0.0,2.356459,0.2,-0.034,0.19983,0.001099,camera_link,10.116667,gnm_closed_loop,,nominal,,True,ok,checkpoints/ablation_mnv2_baseline/best.pt,4.11,0.435,-0.034,0.1088,-0.0009,0.3601,,,gnm_closed_loop,0.2,-0.034,False,0,,isaac_live_final_20260708,,selected_baseline_live,,,,,,,False,hospital_goal_B,3.9256,True,0.435,-0.034,0.2,-0.034,True,armed,False,
livefinal_straight_medium_20260708_180855,25,10.133334,1783530537.91244,1.943407,-1.943461,-0.0,2.356458,0.2,-0.034,0.19983,0.001099,camera_link,10.133334,gnm_closed_loop,,nominal,,True,ok,checkpoints/ablation_mnv2_baseline/best.pt,4.11,0.435,-0.034,0.1088,-0.0009,0.3601,,,gnm_closed_loop,0.2,-0.034,False,0,,isaac_live_final_20260708,,selected_baseline_live,,,,,,,False,hospital_goal_B,3.9222,True,0.435,-0.034,0.2,-0.034,True,armed,False,
livefinal_straight_medium_20260708_180855,26,10.150001,1783530537.914467,1.941055,-1.941111,-0.0,2.356457,0.2,-0.034,0.19983,0.001099,camera_link,10.150001,gnm_closed_loop,,nominal,,True,ok,checkpoints/ablation_mnv2_baseline/best.pt,4.11,0.435,-0.034,0.1088,-0.0009,0.3601,,,gnm_closed_loop,0.2,-0.034,False,0,,isaac_live_final_20260708,,selected_baseline_live,,,,,,,False,hospital_goal_B,3.9189,True,0.435,-0.034,0.2,-0.034,True,armed,False,
livefinal_straight_medium_20260708_180855,27,10.166667,1783530537.932809,1.938704,-1.938761,-0.0,2.356456,0.2,-0.0352,0.199867,0.001291,camera_link,10.166667,gnm_closed_loop,,nominal,,True,ok,checkpoints/ablation_mnv2_baseline/best.pt,5.66,0.456,-0.0352,0.114,-0.001,0.3612,,,gnm_closed_loop,0.2,-0.0352,False,0,,isaac_live_final_20260708,,selected_baseline_live,,,,,,,False,hospital_goal_B,3.9156,True,0.456,-0.0352,0.2,-0.0352,True,armed,False,
livefinal_straight_medium_20260708_180855,28,10.183334,1783530537.935578,1.936352,-1.93641,-0.0,2.356454,0.2,-0.0352,0.199867,0.001291,camera_link,10.183334,gnm_closed_loop,,nominal,,True,ok,checkpoints/ablation_mnv2_baseline/best.pt,5.66,0.456,-0.0352,0.114,-0.001,0.3612,,,gnm_closed_loop,0.2,-0.0352,False,0,,isaac_live_final_20260708,,selected_baseline_live,,,,,,,False,hospital_goal_B,3.9123,True,0.456,-0.0352,0.2,-0.0352,True,armed,False,
livefinal_straight_medium_20260708_180855,29,10.200001,1783530537.93768,1.934001,-1.93406,-0.0,2.356453,0.2,-0.0352,0.199867,0.001291,camera_link,10.200001,gnm_closed_loop,,nominal,,True,ok,checkpoints/ablation_mnv2_baseline/best.pt,5.66,0.456,-0.0352,0.114,-0.001,0.3612,,,gnm_closed_loop,0.2,-0.0352,False,0,,isaac_live_final_20260708,,selected_baseline_live,,,,,,,False,hospital_goal_B,3.9089,True,0.456,-0.0352,0.2,-0.0352,True,armed,False,
livefinal_straight_medium_20260708_180855,30,10.216667,1783530537.954418,1.93165,-1.93171,-0.0,2.356452,0.2,-0.0345,0.199817,0.002274,camera_link,10.216667,gnm_closed_loop,,nominal,,True,ok,checkpoints/ablation_mnv2_baseline/best.pt,4.92,0.4683,-0.0345,0.1171,-0.001,0.3648,,,gnm_closed_loop,0.2,-0.0345,False,0,,isaac_live_final_20260708,,selected_baseline_live,,,,,,,False,hospital_goal_B,3.9056,True,0.4683,-0.0345,0.2,-0.0345,True,armed,False,
livefinal_straight_medium_20260708_180855,31,10.233334,1783530537.956996,1.929299,-1.92936,-0.0,2.356451,0.2,-0.0345,0.199817,0.002274,camera_link,10.233334,gnm_closed_loop,,nominal,,True,ok,checkpoints/ablation_mnv2_baseline/best.pt,4.92,0.4683,-0.0345,0.1171,-0.001,0.3648,,,gnm_closed_loop,0.2,-0.0345,False,0,,isaac_live_final_20260708,,selected_baseline_live,,,,,,,False,hospital_goal_B,3.9023,True,0.4683,-0.0345,0.2,-0.0345,True,armed,False,
livefinal_straight_medium_20260708_180855,32,10.250001,1783530537.959018,1.926948,-1.92701,-0.0,2.35645,0.2,-0.0345,0.199817,0.002274,camera_link,10.250001,gnm_closed_loop,,nominal,,True,ok,checkpoints/ablation_mnv2_baseline/best.pt,4.92,0.4683,-0.0345,0.1171,-0.001,0.3648,,,gnm_closed_loop,0.2,-0.0345,False,0,,isaac_live_final_20260708,,selected_baseline_live,,,,,,,False,hospital_goal_B,3.899,True,0.4683,-0.0345,0.2,-0.0345,True,armed,False,
livefinal_straight_medium_20260708_180855,33,10.266667,1783530537.975802,1.924596,-1.924659,-0.0,2.356449,0.2,-0.036,0.1998,0.002866,camera_link,10.266667,gnm_closed_loop,,nominal,,True,ok,checkpoints/ablation_mnv2_baseline/best.pt,5.01,0.4764,-0.036,0.1191,-0.0011,0.3654,,,gnm_closed_loop,0.2,-0.036,False,0,,isaac_live_final_20260708,,selected_baseline_live,,,,,,,False,hospital_goal_B,3.8956,True,0.4764,-0.036,0.2,-0.036,True,armed,False,
livefinal_straight_medium_20260708_180855,34,10.283334,1783530537.977962,1.922245,-1.92231,-0.0,2.356447,0.2,-0.036,0.1998,0.002866,camera_link,10.283334,gnm_closed_loop,,nominal,,True,ok,checkpoints/ablation_mnv2_baseline/best.pt,5.01,0.4764,-0.036,0.1191,-0.0011,0.3654,,,gnm_closed_loop,0.2,-0.036,False,0,,isaac_live_final_20260708,,selected_baseline_live,,,,,,,False,hospital_goal_B,3.8923,True,0.4764,-0.036,0.2,-0.036,True,armed,False,
livefinal_straight_medium_20260708_180855,35,10.300001,1783530537.97981,1.919894,-1.919959,-0.0,2.356446,0.2,-0.036,0.1998,0.002866,camera_link,10.300001,gnm_closed_loop,,nominal,,True,ok,checkpoints/ablation_mnv2_baseline/best.pt,5.01,0.4764,-0.036,0.1191,-0.0011,0.3654,,,gnm_closed_loop,0.2,-0.036,False,0,,isaac_live_final_20260708,,selected_baseline_live,,,,,,,False,hospital_goal_B,3.889,True,0.4764,-0.036,0.2,-0.036,True,armed,False,
livefinal_straight_medium_20260708_180855,36,10.316667,1783530537.998454,1.917543,-1.917609,-0.0,2.356445,0.2,-0.0349,0.199805,0.001251,camera_link,10.316667,gnm_closed_loop,,nominal,,True,ok,checkpoints/ablation_mnv2_baseline/best.pt,5.28,0.4683,-0.0349,0.1171,-0.001,0.3636,,,gnm_closed_loop,0.2,-0.0349,False,0,,isaac_live_final_20260708,,selected_baseline_live,,,,,,,False,hospital_goal_B,3.8857,True,0.4683,-0.0349,0.2,-0.0349,True,armed,False,
livefinal_straight_medium_20260708_180855,37,10.333334,1783530538.000736,1.915192,-1.91526,-0.0,2.356444,0.2,-0.0349,0.199805,0.001251,camera_link,10.333334,gnm_closed_loop,,nominal,,True,ok,checkpoints/ablation_mnv2_baseline/best.pt,5.28,0.4683,-0.0349,0.1171,-0.001,0.3636,,,gnm_closed_loop,0.2,-0.0349,False,0,,isaac_live_final_20260708,,selected_baseline_live,,,,,,,False,hospital_goal_B,3.8823,True,0.4683,-0.0349,0.2,-0.0349,True,armed,False,
livefinal_straight_medium_20260708_180855,38,10.350001,1783530538.00275,1.91284,-1.91291,-0.0,2.356442,0.2,-0.0349,0.199805,0.001251,camera_link,10.350001,gnm_closed_loop,,nominal,,True,ok,checkpoints/ablation_mnv2_baseline/best.pt,5.28,0.4683,-0.0349,0.1171,-0.001,0.3636,,,gnm_closed_loop,0.2,-0.0349,False,0,,isaac_live_final_20260708,,selected_baseline_live,,,,,,,False,hospital_goal_B,3.879,True,0.4683,-0.0349,0.2,-0.0349,True,armed,False,
livefinal_straight_medium_20260708_180855,39,10.366667,1783530538.021885,1.91049,-1.91056,-0.0,2.35644,0.2,-0.033,0.199812,0.002743,camera_link,10.366667,gnm_closed_loop,,nominal,,True,ok,checkpoints/ablation_mnv2_baseline/best.pt,5.62,0.4606,-0.033,0.1152,-0.0009,0.3619,,,gnm_closed_loop,0.2,-0.033,False,0,,isaac_live_final_20260708,,selected_baseline_live,,,,,,,False,hospital_goal_B,3.8757,True,0.4606,-0.033,0.2,-0.033,True,armed,False,
livefinal_straight_medium_20260708_180855,40,10.383334,1783530538.024897,1.908139,-1.908209,-0.0,2.356438,0.2,-0.033,0.199812,0.002743,camera_link,10.383334,gnm_closed_loop,,nominal,,True,ok,checkpoints/ablation_mnv2_baseline/best.pt,5.62,0.4606,-0.033,0.1152,-0.0009,0.3619,,,gnm_closed_loop,0.2,-0.033,False,0,,isaac_live_final_20260708,,selected_baseline_live,,,,,,,False,hospital_goal_B,3.8724,True,0.4606,-0.033,0.2,-0.033,True,armed,False,
livefinal_straight_medium_20260708_180855,41,10.400001,1783530538.027429,1.905787,-1.90586,-0.0,2.356437,0.2,-0.033,0.199812,0.002743,camera_link,10.400001,gnm_closed_loop,,nominal,,True,ok,checkpoints/ablation_mnv2_baseline/best.pt,5.62,0.4606,-0.033,0.1152,-0.0009,0.3619,,,gnm_closed_loop,0.2,-0.033,False,0,,isaac_live_final_20260708,,selected_baseline_live,,,,,,,False,hospital_goal_B,3.869,True,0.4606,-0.033,0.2,-0.033,True,armed,False,
livefinal_straight_medium_20260708_180855,42,10.416667,1783530538.047745,1.903436,-1.90351,-0.0,2.356436,0.2,-0.0329,0.199859,0.000678,camera_link,10.416667,gnm_closed_loop,,nominal,,True,ok,checkpoints/ablation_mnv2_baseline/best.pt,5.61,0.4336,-0.0329,0.1084,-0.0009,0.3642,,,gnm_closed_loop,0.2,-0.0329,False,0,,isaac_live_final_20260708,,selected_baseline_live,,,,,,,False,hospital_goal_B,3.8657,True,0.4336,-0.0329,0.2,-0.0329,True,armed,False,
livefinal_straight_medium_20260708_180855,43,10.433334,1783530538.050525,1.901085,-1.90116,-0.0,2.356436,0.2,-0.0329,0.199859,0.000678,camera_link,10.433334,gnm_closed_loop,,nominal,,True,ok,checkpoints/ablation_mnv2_baseline/best.pt,5.61,0.4336,-0.0329,0.1084,-0.0009,0.3642,,,gnm_closed_loop,0.2,-0.0329,False,0,,isaac_live_final_20260708,,selected_baseline_live,,,,,,,False,hospital_goal_B,3.8624,True,0.4336,-0.0329,0.2,-0.0329,True,armed,False,
livefinal_straight_medium_20260708_180855,44,10.450001,1783530538.05252,1.898734,-1.89881,-0.0,2.356435,0.2,-0.0329,0.199859,0.000678,camera_link,10.450001,gnm_closed_loop,,nominal,,True,ok,checkpoints/ablation_mnv2_baseline/best.pt,5.61,0.4336,-0.0329,0.1084,-0.0009,0.3642,,,gnm_closed_loop,0.2,-0.0329,False,0,,isaac_live_final_20260708,,selected_baseline_live,,,,,,,False,hospital_goal_B,3.8591,True,0.4336,-0.0329,0.2,-0.0329,True,armed,False,
livefinal_straight_medium_20260708_180855,45,10.466667,1783530538.072807,1.896383,-1.89646,-0.0,2.356434,0.2,-0.0349,0.199806,0.001502,camera_link,10.466667,gnm_closed_loop,,nominal,,True,ok,checkpoints/ablation_mnv2_baseline/best.pt,4.39,0.4404,-0.0349,0.1101,-0.001,0.3696,,,gnm_closed_loop,0.2,-0.0349,False,0,,isaac_live_final_20260708,,selected_baseline_live,,,,,,,False,hospital_goal_B,3.8557,True,0.4404,-0.0349,0.2,-0.0349,True,armed,False,
livefinal_straight_medium_20260708_180855,46,10.483334,1783530538.075032,1.894032,-1.89411,-0.0,2.356433,0.2,-0.0349,0.199806,0.001502,camera_link,10.483334,gnm_closed_loop,,nominal,,True,ok,checkpoints/ablation_mnv2_baseline/best.pt,4.39,0.4404,-0.0349,0.1101,-0.001,0.3696,,,gnm_closed_loop,0.2,-0.0349,False,0,,isaac_live_final_20260708,,selected_baseline_live,,,,,,,False,hospital_goal_B,3.8524,True,0.4404,-0.0349,0.2,-0.0349,True,armed,False,
livefinal_straight_medium_20260708_180855,47,10.500001,1783530538.076814,1.891681,-1.89176,-0.0,2.356431,0.2,-0.0349,0.199806,0.001502,camera_link,10.500001,gnm_closed_loop,,nominal,,True,ok,checkpoints/ablation_mnv2_baseline/best.pt,4.39,0.4404,-0.0349,0.1101,-0.001,0.3696,,,gnm_closed_loop,0.2,-0.0349,False,0,,isaac_live_final_20260708,,selected_baseline_live,,,,,,,False,hospital_goal_B,3.8491,True,0.4404,-0.0349,0.2,-0.0349,True,armed,False,
livefinal_straight_medium_20260708_180855,48,10.516667,1783530538.0936,1.88933,-1.88941,-0.0,2.356429,0.2,-0.0313,0.199852,0.000717,camera_link,10.516667,gnm_closed_loop,,nominal,,True,ok,checkpoints/ablation_mnv2_baseline/best.pt,5.66,0.4688,-0.0313,0.1172,-0.0009,0.3737,,,gnm_closed_loop,0.2,-0.0313,False,0,,isaac_live_final_20260708,,selected_baseline_live,,,,,,,False,hospital_goal_B,3.8458,True,0.4688,-0.0313,0.2,-0.0313,True,armed,False,
livefinal_straight_medium_20260708_180855,49,10.533334,1783530538.096136,1.886978,-1.88706,-0.0,2.356429,0.2,-0.0313,0.199852,0.000717,camera_link,10.533334,gnm_closed_loop,,nominal,,True,ok,checkpoints/ablation_mnv2_baseline/best.pt,5.66,0.4688,-0.0313,0.1172,-0.0009,0.3737,,,gnm_closed_loop,0.2,-0.0313,False,0,,isaac_live_final_20260708,,selected_baseline_live,,,,,,,False,hospital_goal_B,3.8424,True,0.4688,-0.0313,0.2,-0.0313,True,armed,False,
livefinal_straight_medium_20260708_180855,50,10.550001,1783530538.09836,1.884627,-1.88471,-0.0,2.356427,0.2,-0.0313,0.199852,0.000717,camera_link,10.550001,gnm_closed_loop,,nominal,,True,ok,checkpoints/ablation_mnv2_baseline/best.pt,5.66,0.4688,-0.0313,0.1172,-0.0009,0.3737,,,gnm_closed_loop,0.2,-0.0313,False,0,,isaac_live_final_20260708,,selected_baseline_live,,,,,,,False,hospital_goal_B,3.8391,True,0.4688,-0.0313,0.2,-0.0313,True,armed,False,
livefinal_straight_medium_20260708_180855,51,10.566667,1783530538.114159,1.882276,-1.88236,-0.0,2.356427,0.2,-0.0309,0.199836,0.000887,camera_link,10.566667,gnm_closed_loop,,nominal,,True,ok,checkpoints/ablation_mnv2_baseline/best.pt,4.46,0.4581,-0.0309,0.1145,-0.0009,0.3783,,,gnm_closed_loop,0.2,-0.0309,False,0,,isaac_live_final_20260708,,selected_baseline_live,,,,,,,False,hospital_goal_B,3.8358,True,0.4581,-0.0309,0.2,-0.0309,True,armed,False,
livefinal_straight_medium_20260708_180855,52,10.583334,1783530538.117501,1.879925,-1.88001,-0.0,2.356426,0.2,-0.0309,0.199836,0.000887,camera_link,10.583334,gnm_closed_loop,,nominal,,True,ok,checkpoints/ablation_mnv2_baseline/best.pt,4.46,0.4581,-0.0309,0.1145,-0.0009,0.3783,,,gnm_closed_loop,0.2,-0.0309,False,0,,isaac_live_final_20260708,,selected_baseline_live,,,,,,,False,hospital_goal_B,3.8325,True,0.4581,-0.0309,0.2,-0.0309,True,armed,False,
livefinal_straight_medium_20260708_180855,53,10.600001,1783530538.119404,1.877573,-1.877661,-0.0,2.356424,0.2,-0.0309,0.199836,0.000887,camera_link,10.600001,gnm_closed_loop,,nominal,,True,ok,checkpoints/ablation_mnv2_baseline/best.pt,4.46,0.4581,-0.0309,0.1145,-0.0009,0.3783,,,gnm_closed_loop,0.2,-0.0309,False,0,,isaac_live_final_20260708,,selected_baseline_live,,,,,,,False,hospital_goal_B,3.8291,True,0.4581,-0.0309,0.2,-0.0309,True,armed,False,
livefinal_straight_medium_20260708_180855,54,10.616667,1783530538.137227,1.875222,-1.875311,-0.0,2.356423,0.2,-0.0293,0.19983,0.001537,camera_link,10.616667,gnm_closed_loop,,nominal,,True,ok,checkpoints/ablation_mnv2_baseline/best.pt,4.79,0.4651,-0.0293,0.1163,-0.0009,0.3811,,,gnm_closed_loop,0.2,-0.0293,False,0,,isaac_live_final_20260708,,selected_baseline_live,,,,,,,False,hospital_goal_B,3.8258,True,0.4651,-0.0293,0.2,-0.0293,True,armed,False,
livefinal_straight_medium_20260708_180855,55,10.633334,1783530538.139527,1.872871,-1.872961,-0.0,2.356422,0.2,-0.0293,0.19983,0.001537,camera_link,10.633334,gnm_closed_loop,,nominal,,True,ok,checkpoints/ablation_mnv2_baseline/best.pt,4.79,0.4651,-0.0293,0.1163,-0.0009,0.3811,,,gnm_closed_loop,0.2,-0.0293,False,0,,isaac_live_final_20260708,,selected_baseline_live,,,,,,,False,hospital_goal_B,3.8225,True,0.4651,-0.0293,0.2,-0.0293,True,armed,False,
livefinal_straight_medium_20260708_180855,56,10.650001,1783530538.141327,1.87052,-1.870611,-0.0,2.356421,0.2,-0.0293,0.19983,0.001537,camera_link,10.650001,gnm_closed_loop,,nominal,,True,ok,checkpoints/ablation_mnv2_baseline/best.pt,4.79,0.4651,-0.0293,0.1163,-0.0009,0.3811,,,gnm_closed_loop,0.2,-0.0293,False,0,,isaac_live_final_20260708,,selected_baseline_live,,,,,,,False,hospital_goal_B,3.8192,True,0.4651,-0.0293,0.2,-0.0293,True,armed,False,
livefinal_straight_medium_20260708_180855,57,10.666667,1783530538.160302,1.868168,-1.868261,-0.0,2.35642,0.2,-0.0276,0.199791,0.001224,camera_link,10.666667,gnm_closed_loop,,nominal,,True,ok,checkpoints/ablation_mnv2_baseline/best.pt,4.82,0.4636,-0.0276,0.1159,-0.0008,0.3794,,,gnm_closed_loop,0.2,-0.0276,False,0,,isaac_live_final_20260708,,selected_baseline_live,,,,,,,False,hospital_goal_B,3.8159,True,0.4636,-0.0276,0.2,-0.0276,True,armed,False,
livefinal_straight_medium_20260708_180855,58,10.683334,1783530538.162889,1.865817,-1.865911,-0.0,2.356419,0.2,-0.0276,0.199791,0.001224,camera_link,10.683334,gnm_closed_loop,,nominal,,True,ok,checkpoints/ablation_mnv2_baseline/best.pt,4.82,0.4636,-0.0276,0.1159,-0.0008,0.3794,,,gnm_closed_loop,0.2,-0.0276,False,0,,isaac_live_final_20260708,,selected_baseline_live,,,,,,,False,hospital_goal_B,3.8125,True,0.4636,-0.0276,0.2,-0.0276,True,armed,False,
livefinal_straight_medium_20260708_180855,59,10.700001,1783530538.164913,1.863466,-1.863562,-0.0,2.356418,0.2,-0.0276,0.199791,0.001224,camera_link,10.700001,gnm_closed_loop,,nominal,,True,ok,checkpoints/ablation_mnv2_baseline/best.pt,4.82,0.4636,-0.0276,0.1159,-0.0008,0.3794,,,gnm_closed_loop,0.2,-0.0276,False,0,,isaac_live_final_20260708,,selected_baseline_live,,,,,,,False,hospital_goal_B,3.8092,True,0.4636,-0.0276,0.2,-0.0276,True,armed,False,
livefinal_straight_medium_20260708_180855,60,10.716667,1783530538.187609,1.861115,-1.861212,-0.0,2.356417,0.2,-0.0311,0.199827,0.001352,camera_link,10.716667,gnm_closed_loop,,nominal,,True,ok,checkpoints/ablation_mnv2_baseline/best.pt,6.98,0.4688,-0.0311,0.1172,-0.0009,0.3819,,,gnm_closed_loop,0.2,-0.0311,False,0,,isaac_live_final_20260708,,selected_baseline_live,,,,,,,False,hospital_goal_B,3.8059,True,0.4688,-0.0311,0.2,-0.0311,True,armed,False,
livefinal_straight_medium_20260708_180855,61,10.733334,1783530538.191052,1.858764,-1.858862,-0.0,2.356416,0.2,-0.0311,0.199827,0.001352,camera_link,10.733334,gnm_closed_loop,,nominal,,True,ok,checkpoints/ablation_mnv2_baseline/best.pt,6.98,0.4688,-0.0311,0.1172,-0.0009,0.3819,,,gnm_closed_loop,0.2,-0.0311,False,0,,isaac_live_final_20260708,,selected_baseline_live,,,,,,,False,hospital_goal_B,3.8026,True,0.4688,-0.0311,0.2,-0.0311,True,armed,False,
livefinal_straight_medium_20260708_180855,62,10.750001,1783530538.194374,1.856412,-1.856511,-0.0,2.356415,0.2,-0.0311,0.199827,0.001352,camera_link,10.750001,gnm_closed_loop,,nominal,,True,ok,checkpoints/ablation_mnv2_baseline/best.pt,6.98,0.4688,-0.0311,0.1172,-0.0009,0.3819,,,gnm_closed_loop,0.2,-0.0311,False,0,,isaac_live_final_20260708,,selected_baseline_live,,,,,,,False,hospital_goal_B,3.7992,True,0.4688,-0.0311,0.2,-0.0311,True,armed,False,
livefinal_straight_medium_20260708_180855,63,10.766667,1783530538.225505,1.85406,-1.854161,-0.0,2.356414,0.2,-0.0333,0.199828,0.001518,camera_link,10.766667,gnm_closed_loop,,nominal,,True,ok,checkpoints/ablation_mnv2_baseline/best.pt,4.77,0.4522,-0.0333,0.113,-0.0009,0.3808,,,gnm_closed_loop,0.2,-0.0333,False,0,,isaac_live_final_20260708,,selected_baseline_live,,,,,,,False,hospital_goal_B,3.7959,True,0.4522,-0.0333,0.2,-0.0333,True,armed,False,
livefinal_straight_medium_20260708_180855,64,10.783334,1783530538.228109,1.851709,-1.851811,-0.0,2.356412,0.2,-0.0333,0.199828,0.001518,camera_link,10.783334,gnm_closed_loop,,nominal,,True,ok,checkpoints/ablation_mnv2_baseline/best.pt,4.77,0.4522,-0.0333,0.113,-0.0009,0.3808,,,gnm_closed_loop,0.2,-0.0333,False,0,,isaac_live_final_20260708,,selected_baseline_live,,,,,,,False,hospital_goal_B,3.7926,True,0.4522,-0.0333,0.2,-0.0333,True,armed,False,
livefinal_straight_medium_20260708_180855,65,10.800001,1783530538.230047,1.849358,-1.849462,-0.0,2.356411,0.2,-0.0333,0.199828,0.001518,camera_link,10.800001,gnm_closed_loop,,nominal,,True,ok,checkpoints/ablation_mnv2_baseline/best.pt,4.77,0.4522,-0.0333,0.113,-0.0009,0.3808,,,gnm_closed_loop,0.2,-0.0333,False,0,,isaac_live_final_20260708,,selected_baseline_live,,,,,,,False,hospital_goal_B,3.7893,True,0.4522,-0.0333,0.2,-0.0333,True,armed,False,
livefinal_straight_medium_20260708_180855,66,10.816667,1783530538.245255,1.847007,-1.847112,-0.0,2.35641,0.2,-0.0329,0.199841,0.001647,camera_link,10.816667,gnm_closed_loop,,nominal,,True,ok,checkpoints/ablation_mnv2_baseline/best.pt,4.4,0.4496,-0.0329,0.1124,-0.0009,0.3791,,,gnm_closed_loop,0.2,-0.0329,False,0,,isaac_live_final_20260708,,selected_baseline_live,,,,,,,False,hospital_goal_B,3.7859,True,0.4496,-0.0329,0.2,-0.0329,True,armed,False,
livefinal_straight_medium_20260708_180855,67,10.833334,1783530538.247536,1.844656,-1.844762,-0.0,2.356409,0.2,-0.0329,0.199841,0.001647,camera_link,10.833334,gnm_closed_loop,,nominal,,True,ok,checkpoints/ablation_mnv2_baseline/best.pt,4.4,0.4496,-0.0329,0.1124,-0.0009,0.3791,,,gnm_closed_loop,0.2,-0.0329,False,0,,isaac_live_final_20260708,,selected_baseline_live,,,,,,,False,hospital_goal_B,3.7826,True,0.4496,-0.0329,0.2,-0.0329,True,armed,False,
livefinal_straight_medium_20260708_180855,68,10.850001,1783530538.249893,1.842305,-1.842412,-0.0,2.356408,0.2,-0.0329,0.199841,0.001647,camera_link,10.850001,gnm_closed_loop,,nominal,,True,ok,checkpoints/ablation_mnv2_baseline/best.pt,4.4,0.4496,-0.0329,0.1124,-0.0009,0.3791,,,gnm_closed_loop,0.2,-0.0329,False,0,,isaac_live_final_20260708,,selected_baseline_live,,,,,,,False,hospital_goal_B,3.7793,True,0.4496,-0.0329,0.2,-0.0329,True,armed,False,
livefinal_straight_medium_20260708_180855,69,10.866667,1783530538.266654,1.839953,-1.840062,-0.0,2.356407,0.2,-0.0349,0.199831,0.001313,camera_link,10.866667,gnm_closed_loop,,nominal,,True,ok,checkpoints/ablation_mnv2_baseline/best.pt,5.57,0.4458,-0.0349,0.1114,-0.001,0.3771,,,gnm_closed_loop,0.2,-0.0349,False,0,,isaac_live_final_20260708,,selected_baseline_live,,,,,,,False,hospital_goal_B,3.776,True,0.4458,-0.0349,0.2,-0.0349,True,armed,False,
livefinal_straight_medium_20260708_180855,70,10.883334,1783530538.269162,1.837601,-1.837712,-0.0,2.356405,0.2,-0.0349,0.199831,0.001313,camera_link,10.883334,gnm_closed_loop,,nominal,,True,ok,checkpoints/ablation_mnv2_baseline/best.pt,5.57,0.4458,-0.0349,0.1114,-0.001,0.3771,,,gnm_closed_loop,0.2,-0.0349,False,0,,isaac_live_final_20260708,,selected_baseline_live,,,,,,,False,hospital_goal_B,3.7726,True,0.4458,-0.0349,0.2,-0.0349,True,armed,False,
livefinal_straight_medium_20260708_180855,71,10.900001,1783530538.271335,1.83525,-1.835361,-0.0,2.356404,0.2,-0.0349,0.199831,0.001313,camera_link,10.900001,gnm_closed_loop,,nominal,,True,ok,checkpoints/ablation_mnv2_baseline/best.pt,5.57,0.4458,-0.0349,0.1114,-0.001,0.3771,,,gnm_closed_loop,0.2,-0.0349,False,0,,isaac_live_final_20260708,,selected_baseline_live,,,,,,,False,hospital_goal_B,3.7693,True,0.4458,-0.0349,0.2,-0.0349,True,armed,False,
livefinal_straight_medium_20260708_180855,72,10.916667,1783530538.288248,1.832899,-1.833012,-0.0,2.356404,0.2,-0.0361,0.199836,0.002294,camera_link,10.916667,gnm_closed_loop,,nominal,,True,ok,checkpoints/ablation_mnv2_baseline/best.pt,4.82,0.4504,-0.0361,0.1126,-0.001,0.3793,,,gnm_closed_loop,0.2,-0.0361,False,0,,isaac_live_final_20260708,,selected_baseline_live,,,,,,,False,hospital_goal_B,3.766,True,0.4504,-0.0361,0.2,-0.0361,True,armed,False,
livefinal_straight_medium_20260708_180855,73,10.933334,1783530538.290869,1.830547,-1.830661,-0.0,2.356402,0.2,-0.0361,0.199836,0.002294,camera_link,10.933334,gnm_closed_loop,,nominal,,True,ok,checkpoints/ablation_mnv2_baseline/best.pt,4.82,0.4504,-0.0361,0.1126,-0.001,0.3793,,,gnm_closed_loop,0.2,-0.0361,False,0,,isaac_live_final_20260708,,selected_baseline_live,,,,,,,False,hospital_goal_B,3.7627,True,0.4504,-0.0361,0.2,-0.0361,True,armed,False,
livefinal_straight_medium_20260708_180855,74,10.950001,1783530538.292711,1.828195,-1.828311,-0.0,2.356401,0.2,-0.0361,0.199836,0.002294,camera_link,10.950001,gnm_closed_loop,,nominal,,True,ok,checkpoints/ablation_mnv2_baseline/best.pt,4.82,0.4504,-0.0361,0.1126,-0.001,0.3793,,,gnm_closed_loop,0.2,-0.0361,False,0,,isaac_live_final_20260708,,selected_baseline_live,,,,,,,False,hospital_goal_B,3.7593,True,0.4504,-0.0361,0.2,-0.0361,True,armed,False,
livefinal_straight_medium_20260708_180855,75,10.966667,1783530538.308228,1.825844,-1.825961,-0.0,2.3564,0.2,-0.0369,0.199818,0.002309,camera_link,10.966667,gnm_closed_loop,,nominal,,True,ok,checkpoints/ablation_mnv2_baseline/best.pt,4.39,0.4611,-0.0369,0.1153,-0.0011,0.3845,,,gnm_closed_loop,0.2,-0.0369,False,0,,isaac_live_final_20260708,,selected_baseline_live,,,,,,,False,hospital_goal_B,3.756,True,0.4611,-0.0369,0.2,-0.0369,True,armed,False,
livefinal_straight_medium_20260708_180855,76,10.983334,1783530538.310716,1.823492,-1.82361,-0.0,2.356398,0.2,-0.0369,0.199818,0.002309,camera_link,10.983334,gnm_closed_loop,,nominal,,True,ok,checkpoints/ablation_mnv2_baseline/best.pt,4.39,0.4611,-0.0369,0.1153,-0.0011,0.3845,,,gnm_closed_loop,0.2,-0.0369,False,0,,isaac_live_final_20260708,,selected_baseline_live,,,,,,,False,hospital_goal_B,3.7527,True,0.4611,-0.0369,0.2,-0.0369,True,armed,False,
livefinal_straight_medium_20260708_180855,77,11.000001,1783530538.312584,1.821141,-1.82126,-0.0,2.356397,0.2,-0.0369,0.199818,0.002309,camera_link,11.000001,gnm_closed_loop,,nominal,,True,ok,checkpoints/ablation_mnv2_baseline/best.pt,4.39,0.4611,-0.0369,0.1153,-0.0011,0.3845,,,gnm_closed_loop,0.2,-0.0369,False,0,,isaac_live_final_20260708,,selected_baseline_live,,,,,,,False,hospital_goal_B,3.7494,True,0.4611,-0.0369,0.2,-0.0369,True,armed,False,
livefinal_straight_medium_20260708_180855,78,11.016667,1783530538.329266,1.81879,-1.81891,-0.0,2.356395,0.2,-0.0356,0.199865,0.002353,camera_link,11.016667,gnm_closed_loop,,nominal,,True,ok,checkpoints/ablation_mnv2_baseline/best.pt,4.15,0.4658,-0.0356,0.1164,-0.001,0.387,,,gnm_closed_loop,0.2,-0.0356,False,0,,isaac_live_final_20260708,,selected_baseline_live,,,,,,,False,hospital_goal_B,3.746,True,0.4658,-0.0356,0.2,-0.0356,True,armed,False,
livefinal_straight_medium_20260708_180855,79,11.033334,1783530538.331594,1.816438,-1.81656,-0.0,2.356394,0.2,-0.0356,0.199865,0.002353,camera_link,11.033334,gnm_closed_loop,,nominal,,True,ok,checkpoints/ablation_mnv2_baseline/best.pt,4.15,0.4658,-0.0356,0.1164,-0.001,0.387,,,gnm_closed_loop,0.2,-0.0356,False,0,,isaac_live_final_20260708,,selected_baseline_live,,,,,,,False,hospital_goal_B,3.7427,True,0.4658,-0.0356,0.2,-0.0356,True,armed,False,
livefinal_straight_medium_20260708_180855,80,11.050001,1783530538.333631,1.814086,-1.81421,-0.0,2.356393,0.2,-0.0356,0.199865,0.002353,camera_link,11.050001,gnm_closed_loop,,nominal,,True,ok,checkpoints/ablation_mnv2_baseline/best.pt,4.15,0.4658,-0.0356,0.1164,-0.001,0.387,,,gnm_closed_loop,0.2,-0.0356,False,0,,isaac_live_final_20260708,,selected_baseline_live,,,,,,,False,hospital_goal_B,3.7394,True,0.4658,-0.0356,0.2,-0.0356,True,armed,False,
livefinal_straight_medium_20260708_180855,81,11.066667,1783530538.355138,1.811735,-1.81186,-0.0,2.356392,0.2,-0.0343,0.199837,0.001799,camera_link,11.066667,gnm_closed_loop,,nominal,,True,ok,checkpoints/ablation_mnv2_baseline/best.pt,6.32,0.4672,-0.0343,0.1168,-0.001,0.3852,,,gnm_closed_loop,0.2,-0.0343,False,0,,isaac_live_final_20260708,,selected_baseline_live,,,,,,,False,hospital_goal_B,3.7361,True,0.4672,-0.0343,0.2,-0.0343,True,armed,False,
livefinal_straight_medium_20260708_180855,82,11.083334,1783530538.358601,1.809383,-1.80951,-0.0,2.356391,0.2,-0.0343,0.199837,0.001799,camera_link,11.083334,gnm_closed_loop,,nominal,,True,ok,checkpoints/ablation_mnv2_baseline/best.pt,6.32,0.4672,-0.0343,0.1168,-0.001,0.3852,,,gnm_closed_loop,0.2,-0.0343,False,0,,isaac_live_final_20260708,,selected_baseline_live,,,,,,,False,hospital_goal_B,3.7327,True,0.4672,-0.0343,0.2,-0.0343,True,armed,False,
livefinal_straight_medium_20260708_180855,83,11.100001,1783530538.361055,1.807032,-1.80716,-0.0,2.35639,0.2,-0.0343,0.199837,0.001799,camera_link,11.100001,gnm_closed_loop,,nominal,,True,ok,checkpoints/ablation_mnv2_baseline/best.pt,6.32,0.4672,-0.0343,0.1168,-0.001,0.3852,,,gnm_closed_loop,0.2,-0.0343,False,0,,isaac_live_final_20260708,,selected_baseline_live,,,,,,,False,hospital_goal_B,3.7294,True,0.4672,-0.0343,0.2,-0.0343,True,armed,False,
livefinal_straight_medium_20260708_180855,84,11.116667,1783530538.377484,1.804681,-1.80481,-0.0,2.356388,0.2,-0.0293,0.199838,0.003231,camera_link,11.116667,gnm_closed_loop,,nominal,,True,ok,checkpoints/ablation_mnv2_baseline/best.pt,4.47,0.4779,-0.0293,0.1195,-0.0009,0.3825,,,gnm_closed_loop,0.2,-0.0293,False,0,,isaac_live_final_20260708,,selected_baseline_live,,,,,,,False,hospital_goal_B,3.7261,True,0.4779,-0.0293,0.2,-0.0293,True,armed,False,
livefinal_straight_medium_20260708_180855,85,11.133334,1783530538.379976,1.80233,-1.80246,-0.0,2.356387,0.2,-0.0293,0.199838,0.003231,camera_link,11.133334,gnm_closed_loop,,nominal,,True,ok,checkpoints/ablation_mnv2_baseline/best.pt,4.47,0.4779,-0.0293,0.1195,-0.0009,0.3825,,,gnm_closed_loop,0.2,-0.0293,False,0,,isaac_live_final_20260708,,selected_baseline_live,,,,,,,False,hospital_goal_B,3.7228,True,0.4779,-0.0293,0.2,-0.0293,True,armed,False,
livefinal_straight_medium_20260708_180855,86,11.150001,1783530538.381978,1.799979,-1.80011,-0.0,2.356386,0.2,-0.0293,0.199838,0.003231,camera_link,11.150001,gnm_closed_loop,,nominal,,True,ok,checkpoints/ablation_mnv2_baseline/best.pt,4.47,0.4779,-0.0293,0.1195,-0.0009,0.3825,,,gnm_closed_loop,0.2,-0.0293,False,0,,isaac_live_final_20260708,,selected_baseline_live,,,,,,,False,hospital_goal_B,3.7194,True,0.4779,-0.0293,0.2,-0.0293,True,armed,False,
livefinal_straight_medium_20260708_180855,87,11.166667,1783530538.397892,1.797627,-1.79776,-0.0,2.356386,0.2,-0.0279,0.199854,0.001429,camera_link,11.166667,gnm_closed_loop,,nominal,,True,ok,checkpoints/ablation_mnv2_baseline/best.pt,4.56,0.493,-0.0279,0.1233,-0.0009,0.3784,,,gnm_closed_loop,0.2,-0.0279,False,0,,isaac_live_final_20260708,,selected_baseline_live,,,,,,,False,hospital_goal_B,3.7161,True,0.493,-0.0279,0.2,-0.0279,True,armed,False,
livefinal_straight_medium_20260708_180855,88,11.183334,1783530538.400387,1.795276,-1.795409,-0.0,2.356385,0.2,-0.0279,0.199854,0.001429,camera_link,11.183334,gnm_closed_loop,,nominal,,True,ok,checkpoints/ablation_mnv2_baseline/best.pt,4.56,0.493,-0.0279,0.1233,-0.0009,0.3784,,,gnm_closed_loop,0.2,-0.0279,False,0,,isaac_live_final_20260708,,selected_baseline_live,,,,,,,False,hospital_goal_B,3.7128,True,0.493,-0.0279,0.2,-0.0279,True,armed,False,
livefinal_straight_medium_20260708_180855,89,11.200001,1783530538.402585,1.792924,-1.793059,-0.0,2.356384,0.2,-0.0279,0.199854,0.001429,camera_link,11.200001,gnm_closed_loop,,nominal,,True,ok,checkpoints/ablation_mnv2_baseline/best.pt,4.56,0.493,-0.0279,0.1233,-0.0009,0.3784,,,gnm_closed_loop,0.2,-0.0279,False,0,,isaac_live_final_20260708,,selected_baseline_live,,,,,,,False,hospital_goal_B,3.7095,True,0.493,-0.0279,0.2,-0.0279,True,armed,False,
livefinal_straight_medium_20260708_180855,90,11.216667,1783530538.419848,1.790572,-1.790708,-0.0,2.356383,0.2,-0.0306,0.199839,0.001979,camera_link,11.216667,gnm_closed_loop,,nominal,,True,ok,checkpoints/ablation_mnv2_baseline/best.pt,5.93,0.4893,-0.0306,0.1223,-0.0009,0.378,,,gnm_closed_loop,0.2,-0.0306,False,0,,isaac_live_final_20260708,,selected_baseline_live,,,,,,,False,hospital_goal_B,3.7061,True,0.4893,-0.0306,0.2,-0.0306,True,armed,False,
livefinal_straight_medium_20260708_180855,91,11.233334,1783530538.422819,1.788221,-1.788357,-0.0,2.356382,0.2,-0.0306,0.199839,0.001979,camera_link,11.233334,gnm_closed_loop,,nominal,,True,ok,checkpoints/ablation_mnv2_baseline/best.pt,5.93,0.4893,-0.0306,0.1223,-0.0009,0.378,,,gnm_closed_loop,0.2,-0.0306,False,0,,isaac_live_final_20260708,,selected_baseline_live,,,,,,,False,hospital_goal_B,3.7028,True,0.4893,-0.0306,0.2,-0.0306,True,armed,False,
livefinal_straight_medium_20260708_180855,92,11.250001,1783530538.425421,1.78587,-1.786008,-0.0,2.356381,0.2,-0.0306,0.199839,0.001979,camera_link,11.250001,gnm_closed_loop,,nominal,,True,ok,checkpoints/ablation_mnv2_baseline/best.pt,5.93,0.4893,-0.0306,0.1223,-0.0009,0.378,,,gnm_closed_loop,0.2,-0.0306,False,0,,isaac_live_final_20260708,,selected_baseline_live,,,,,,,False,hospital_goal_B,3.6995,True,0.4893,-0.0306,0.2,-0.0306,True,armed,False,
livefinal_straight_medium_20260708_180855,93,11.266667,1783530538.442343,1.783519,-1.783657,-0.0,2.356379,0.2,-0.0291,0.199812,0.001695,camera_link,11.266667,gnm_closed_loop,,nominal,,True,ok,checkpoints/ablation_mnv2_baseline/best.pt,4.57,0.4681,-0.0291,0.117,-0.0009,0.3762,,,gnm_closed_loop,0.2,-0.0291,False,0,,isaac_live_final_20260708,,selected_baseline_live,,,,,,,False,hospital_goal_B,3.6962,True,0.4681,-0.0291,0.2,-0.0291,True,armed,False,
livefinal_straight_medium_20260708_180855,94,11.283334,1783530538.445436,1.781168,-1.781306,-0.0,2.356379,0.2,-0.0291,0.199812,0.001695,camera_link,11.283334,gnm_closed_loop,,nominal,,True,ok,checkpoints/ablation_mnv2_baseline/best.pt,4.57,0.4681,-0.0291,0.117,-0.0009,0.3762,,,gnm_closed_loop,0.2,-0.0291,False,0,,isaac_live_final_20260708,,selected_baseline_live,,,,,,,False,hospital_goal_B,3.6928,True,0.4681,-0.0291,0.2,-0.0291,True,armed,False,
livefinal_straight_medium_20260708_180855,95,11.300001,1783530538.447437,1.778817,-1.778956,-0.0,2.356377,0.2,-0.0291,0.199812,0.001695,camera_link,11.300001,gnm_closed_loop,,nominal,,True,ok,checkpoints/ablation_mnv2_baseline/best.pt,4.57,0.4681,-0.0291,0.117,-0.0009,0.3762,,,gnm_closed_loop,0.2,-0.0291,False,0,,isaac_live_final_20260708,,selected_baseline_live,,,,,,,False,hospital_goal_B,3.6895,True,0.4681,-0.0291,0.2,-0.0291,True,armed,False,
livefinal_straight_medium_20260708_180855,96,11.316667,1783530538.463225,1.776466,-1.776605,-0.0,2.356376,0.2,-0.0287,0.199826,0.001711,camera_link,11.316667,gnm_closed_loop,,nominal,,True,ok,checkpoints/ablation_mnv2_baseline/best.pt,4.52,0.4702,-0.0287,0.1176,-0.0008,0.376,,,gnm_closed_loop,0.2,-0.0287,False,0,,isaac_live_final_20260708,,selected_baseline_live,,,,,,,False,hospital_goal_B,3.6862,True,0.4702,-0.0287,0.2,-0.0287,True,armed,False,
livefinal_straight_medium_20260708_180855,97,11.333334,1783530538.465868,1.774114,-1.774255,-0.0,2.356375,0.2,-0.0287,0.199826,0.001711,camera_link,11.333334,gnm_closed_loop,,nominal,,True,ok,checkpoints/ablation_mnv2_baseline/best.pt,4.52,0.4702,-0.0287,0.1176,-0.0008,0.376,,,gnm_closed_loop,0.2,-0.0287,False,0,,isaac_live_final_20260708,,selected_baseline_live,,,,,,,False,hospital_goal_B,3.6829,True,0.4702,-0.0287,0.2,-0.0287,True,armed,False,
livefinal_straight_medium_20260708_180855,98,11.350001,1783530538.467877,1.771763,-1.771906,-0.0,2.356375,0.2,-0.0287,0.199826,0.001711,camera_link,11.350001,gnm_closed_loop,,nominal,,True,ok,checkpoints/ablation_mnv2_baseline/best.pt,4.52,0.4702,-0.0287,0.1176,-0.0008,0.376,,,gnm_closed_loop,0.2,-0.0287,False,0,,isaac_live_final_20260708,,selected_baseline_live,,,,,,,False,hospital_goal_B,3.6795,True,0.4702,-0.0287,0.2,-0.0287,True,armed,False,
livefinal_straight_medium_20260708_180855,99,11.366667,1783530538.484668,1.769412,-1.769556,-0.0,2.356374,0.2,-0.0297,0.199827,0.001531,camera_link,11.366667,gnm_closed_loop,,nominal,,True,ok,checkpoints/ablation_mnv2_baseline/best.pt,4.83,0.4637,-0.0297,0.1159,-0.0009,0.3724,,,gnm_closed_loop,0.2,-0.0297,False,0,,isaac_live_final_20260708,,selected_baseline_live,,,,,,,False,hospital_goal_B,3.6762,True,0.4637,-0.0297,0.2,-0.0297,True,armed,False,
livefinal_straight_medium_20260708_180855,100,11.383334,1783530538.486917,1.76706,-1.767206,-0.0,2.356373,0.2,-0.0297,0.199827,0.001531,camera_link,11.383334,gnm_closed_loop,,nominal,,True,ok,checkpoints/ablation_mnv2_baseline/best.pt,4.83,0.4637,-0.0297,0.1159,-0.0009,0.3724,,,gnm_closed_loop,0.2,-0.0297,False,0,,isaac_live_final_20260708,,selected_baseline_live,,,,,,,False,hospital_goal_B,3.6729,True,0.4637,-0.0297,0.2,-0.0297,True,armed,False,
livefinal_straight_medium_20260708_180855,101,11.400001,1783530538.489687,1.764709,-1.764855,-0.0,2.356372,0.2,-0.0297,0.199827,0.001531,camera_link,11.400001,gnm_closed_loop,,nominal,,True,ok,checkpoints/ablation_mnv2_baseline/best.pt,4.83,0.4637,-0.0297,0.1159,-0.0009,0.3724,,,gnm_closed_loop,0.2,-0.0297,False,0,,isaac_live_final_20260708,,selected_baseline_live,,,,,,,False,hospital_goal_B,3.6696,True,0.4637,-0.0297,0.2,-0.0297,True,armed,False,
livefinal_straight_medium_20260708_180855,102,11.416667,1783530538.506053,1.762358,-1.762505,-0.0,2.35637,0.2,-0.0303,0.199866,0.00081,camera_link,11.416667,gnm_closed_loop,,nominal,,True,ok,checkpoints/ablation_mnv2_baseline/best.pt,4.69,0.4608,-0.0303,0.1152,-0.0009,0.3691,,,gnm_closed_loop,0.2,-0.0303,False,0,,isaac_live_final_20260708,,selected_baseline_live,,,,,,,False,hospital_goal_B,3.6663,True,0.4608,-0.0303,0.2,-0.0303,True,armed,False,
livefinal_straight_medium_20260708_180855,103,11.433334,1783530538.50901,1.760006,-1.760154,-0.0,2.35637,0.2,-0.0303,0.199866,0.00081,camera_link,11.433334,gnm_closed_loop,,nominal,,True,ok,checkpoints/ablation_mnv2_baseline/best.pt,4.69,0.4608,-0.0303,0.1152,-0.0009,0.3691,,,gnm_closed_loop,0.2,-0.0303,False,0,,isaac_live_final_20260708,,selected_baseline_live,,,,,,,False,hospital_goal_B,3.6629,True,0.4608,-0.0303,0.2,-0.0303,True,armed,False,
livefinal_straight_medium_20260708_180855,104,11.450001,1783530538.510909,1.757655,-1.757805,-0.0,2.356369,0.2,-0.0303,0.199866,0.00081,camera_link,11.450001,gnm_closed_loop,,nominal,,True,ok,checkpoints/ablation_mnv2_baseline/best.pt,4.69,0.4608,-0.0303,0.1152,-0.0009,0.3691,,,gnm_closed_loop,0.2,-0.0303,False,0,,isaac_live_final_20260708,,selected_baseline_live,,,,,,,False,hospital_goal_B,3.6596,True,0.4608,-0.0303,0.2,-0.0303,True,armed,False,
livefinal_straight_medium_20260708_180855,105,11.466667,1783530538.526829,1.755304,-1.755454,-0.0,2.356368,0.2,-0.0301,0.199838,0.00172,camera_link,11.466667,gnm_closed_loop,,nominal,,True,ok,checkpoints/ablation_mnv2_baseline/best.pt,4.5,0.4601,-0.0301,0.115,-0.0009,0.3704,,,gnm_closed_loop,0.2,-0.0301,False,0,,isaac_live_final_20260708,,selected_baseline_live,,,,,,,False,hospital_goal_B,3.6563,True,0.4601,-0.0301,0.2,-0.0301,True,armed,False,
livefinal_straight_medium_20260708_180855,106,11.483334,1783530538.529448,1.752953,-1.753104,-0.0,2.356368,0.2,-0.0301,0.199838,0.00172,camera_link,11.483334,gnm_closed_loop,,nominal,,True,ok,checkpoints/ablation_mnv2_baseline/best.pt,4.5,0.4601,-0.0301,0.115,-0.0009,0.3704,,,gnm_closed_loop,0.2,-0.0301,False,0,,isaac_live_final_20260708,,selected_baseline_live,,,,,,,False,hospital_goal_B,3.653,True,0.4601,-0.0301,0.2,-0.0301,True,armed,False,
livefinal_straight_medium_20260708_180855,107,11.500001,1783530538.53134,1.750602,-1.750754,-0.0,2.356366,0.2,-0.0301,0.199838,0.00172,camera_link,11.500001,gnm_closed_loop,,nominal,,True,ok,checkpoints/ablation_mnv2_baseline/best.pt,4.5,0.4601,-0.0301,0.115,-0.0009,0.3704,,,gnm_closed_loop,0.2,-0.0301,False,0,,isaac_live_final_20260708,,selected_baseline_live,,,,,,,False,hospital_goal_B,3.6496,True,0.4601,-0.0301,0.2,-0.0301,True,armed,False,
livefinal_straight_medium_20260708_180855,108,11.516667,1783530538.549336,1.748251,-1.748404,-0.0,2.356365,0.2,-0.0345,0.199803,0.001331,camera_link,11.516667,gnm_closed_loop,,nominal,,True,ok,checkpoints/ablation_mnv2_baseline/best.pt,5.69,0.4736,-0.0345,0.1184,-0.001,0.3765,,,gnm_closed_loop,0.2,-0.0345,False,0,,isaac_live_final_20260708,,selected_baseline_live,,,,,,,False,hospital_goal_B,3.6463,True,0.4736,-0.0345,0.2,-0.0345,True,armed,False,
livefinal_straight_medium_20260708_180855,109,11.533334,1783530538.551822,1.7459,-1.746053,-0.0,2.356364,0.2,-0.0345,0.199803,0.001331,camera_link,11.533334,gnm_closed_loop,,nominal,,True,ok,checkpoints/ablation_mnv2_baseline/best.pt,5.69,0.4736,-0.0345,0.1184,-0.001,0.3765,,,gnm_closed_loop,0.2,-0.0345,False,0,,isaac_live_final_20260708,,selected_baseline_live,,,,,,,False,hospital_goal_B,3.643,True,0.4736,-0.0345,0.2,-0.0345,True,armed,False,
livefinal_straight_medium_20260708_180855,110,11.550001,1783530538.554108,1.743549,-1.743704,-0.0,2.356363,0.2,-0.0345,0.199803,0.001331,camera_link,11.550001,gnm_closed_loop,,nominal,,True,ok,checkpoints/ablation_mnv2_baseline/best.pt,5.69,0.4736,-0.0345,0.1184,-0.001,0.3765,,,gnm_closed_loop,0.2,-0.0345,False,0,,isaac_live_final_20260708,,selected_baseline_live,,,,,,,False,hospital_goal_B,3.6397,True,0.4736,-0.0345,0.2,-0.0345,True,armed,False,
livefinal_straight_medium_20260708_180855,111,11.566667,1783530538.573622,1.741197,-1.741353,-0.0,2.356361,0.2,-0.0377,0.199832,0.001713,camera_link,11.566667,gnm_closed_loop,,nominal,,True,ok,checkpoints/ablation_mnv2_baseline/best.pt,4.93,0.4604,-0.0377,0.1151,-0.0011,0.3762,,,gnm_closed_loop,0.2,-0.0377,False,0,,isaac_live_final_20260708,,selected_baseline_live,,,,,,,False,hospital_goal_B,3.6363,True,0.4604,-0.0377,0.2,-0.0377,True,armed,False,
livefinal_straight_medium_20260708_180855,112,11.583334,1783530538.575809,1.738846,-1.739003,-0.0,2.35636,0.2,-0.0377,0.199832,0.001713,camera_link,11.583334,gnm_closed_loop,,nominal,,True,ok,checkpoints/ablation_mnv2_baseline/best.pt,4.93,0.4604,-0.0377,0.1151,-0.0011,0.3762,,,gnm_closed_loop,0.2,-0.0377,False,0,,isaac_live_final_20260708,,selected_baseline_live,,,,,,,False,hospital_goal_B,3.633,True,0.4604,-0.0377,0.2,-0.0377,True,armed,False,
livefinal_straight_medium_20260708_180855,113,11.600001,1783530538.577999,1.736495,-1.736654,-0.0,2.356359,0.2,-0.0377,0.199832,0.001713,camera_link,11.600001,gnm_closed_loop,,nominal,,True,ok,checkpoints/ablation_mnv2_baseline/best.pt,4.93,0.4604,-0.0377,0.1151,-0.0011,0.3762,,,gnm_closed_loop,0.2,-0.0377,False,0,,isaac_live_final_20260708,,selected_baseline_live,,,,,,,False,hospital_goal_B,3.6297,True,0.4604,-0.0377,0.2,-0.0377,True,armed,False,
livefinal_straight_medium_20260708_180855,114,11.616667,1783530538.594059,1.734145,-1.734303,-0.0,2.356358,0.2,-0.0417,0.19984,0.001797,camera_link,11.616667,gnm_closed_loop,,nominal,,True,ok,checkpoints/ablation_mnv2_baseline/best.pt,4.27,0.4485,-0.0417,0.1121,-0.0012,0.3768,,,gnm_closed_loop,0.2,-0.0417,False,0,,isaac_live_final_20260708,,selected_baseline_live,,,,,,,False,hospital_goal_B,3.6264,True,0.4485,-0.0417,0.2,-0.0417,True,armed,False,
livefinal_straight_medium_20260708_180855,115,11.633334,1783530538.597976,1.731794,-1.731954,-0.0,2.356356,0.2,-0.0417,0.19984,0.001797,camera_link,11.633334,gnm_closed_loop,,nominal,,True,ok,checkpoints/ablation_mnv2_baseline/best.pt,4.27,0.4485,-0.0417,0.1121,-0.0012,0.3768,,,gnm_closed_loop,0.2,-0.0417,False,0,,isaac_live_final_20260708,,selected_baseline_live,,,,,,,False,hospital_goal_B,3.623,True,0.4485,-0.0417,0.2,-0.0417,True,armed,False,
livefinal_straight_medium_20260708_180855,116,11.650001,1783530538.600413,1.729443,-1.729604,-0.0,2.356355,0.2,-0.0417,0.19984,0.001797,camera_link,11.650001,gnm_closed_loop,,nominal,,True,ok,checkpoints/ablation_mnv2_baseline/best.pt,4.27,0.4485,-0.0417,0.1121,-0.0012,0.3768,,,gnm_closed_loop,0.2,-0.0417,False,0,,isaac_live_final_20260708,,selected_baseline_live,,,,,,,False,hospital_goal_B,3.6197,True,0.4485,-0.0417,0.2,-0.0417,True,armed,False,
livefinal_straight_medium_20260708_180855,117,11.666667,1783530538.621492,1.727092,-1.727254,-0.0,2.356353,0.2,-0.0417,0.199795,0.002409,camera_link,11.666667,gnm_closed_loop,,nominal,,True,ok,checkpoints/ablation_mnv2_baseline/best.pt,6.24,0.4468,-0.0417,0.1117,-0.0012,0.3804,,,gnm_closed_loop,0.2,-0.0417,False,0,,isaac_live_final_20260708,,selected_baseline_live,,,,,,,False,hospital_goal_B,3.6164,True,0.4468,-0.0417,0.2,-0.0417,True,armed,False,
livefinal_straight_medium_20260708_180855,118,11.683334,1783530538.624304,1.724741,-1.724904,-0.0,2.356351,0.2,-0.0417,0.199795,0.002409,camera_link,11.683334,gnm_closed_loop,,nominal,,True,ok,checkpoints/ablation_mnv2_baseline/best.pt,6.24,0.4468,-0.0417,0.1117,-0.0012,0.3804,,,gnm_closed_loop,0.2,-0.0417,False,0,,isaac_live_final_20260708,,selected_baseline_live,,,,,,,False,hospital_goal_B,3.6131,True,0.4468,-0.0417,0.2,-0.0417,True,armed,False,
livefinal_straight_medium_20260708_180855,119,11.700001,1783530538.626281,1.72239,-1.722554,-0.0,2.35635,0.2,-0.0417,0.199795,0.002409,camera_link,11.700001,gnm_closed_loop,,nominal,,True,ok,checkpoints/ablation_mnv2_baseline/best.pt,6.24,0.4468,-0.0417,0.1117,-0.0012,0.3804,,,gnm_closed_loop,0.2,-0.0417,False,0,,isaac_live_final_20260708,,selected_baseline_live,,,,,,,False,hospital_goal_B,3.6097,True,0.4468,-0.0417,0.2,-0.0417,True,armed,False,
livefinal_straight_medium_20260708_180855,120,11.716667,1783530538.645261,1.720039,-1.720204,-0.0,2.356349,0.2,-0.0407,0.199867,0.002436,camera_link,11.716667,gnm_closed_loop,,nominal,,True,ok,checkpoints/ablation_mnv2_baseline/best.pt,4.69,0.4527,-0.0407,0.1132,-0.0012,0.3759,,,gnm_closed_loop,0.2,-0.0407,False,0,,isaac_live_final_20260708,,selected_baseline_live,,,,,,,False,hospital_goal_B,3.6064,True,0.4527,-0.0407,0.2,-0.0407,True,armed,False,
livefinal_straight_medium_20260708_180855,121,11.733334,1783530538.647451,1.717687,-1.717853,-0.0,2.356348,0.2,-0.0407,0.199867,0.002436,camera_link,11.733334,gnm_closed_loop,,nominal,,True,ok,checkpoints/ablation_mnv2_baseline/best.pt,4.69,0.4527,-0.0407,0.1132,-0.0012,0.3759,,,gnm_closed_loop,0.2,-0.0407,False,0,,isaac_live_final_20260708,,selected_baseline_live,,,,,,,False,hospital_goal_B,3.6031,True,0.4527,-0.0407,0.2,-0.0407,True,armed,False,
livefinal_straight_medium_20260708_180855,122,11.750001,1783530538.649339,1.715337,-1.715503,-0.0,2.356346,0.2,-0.0407,0.199867,0.002436,camera_link,11.750001,gnm_closed_loop,,nominal,,True,ok,checkpoints/ablation_mnv2_baseline/best.pt,4.69,0.4527,-0.0407,0.1132,-0.0012,0.3759,,,gnm_closed_loop,0.2,-0.0407,False,0,,isaac_live_final_20260708,,selected_baseline_live,,,,,,,False,hospital_goal_B,3.5998,True,0.4527,-0.0407,0.2,-0.0407,True,armed,False,
livefinal_straight_medium_20260708_180855,123,11.766667,1783530538.666044,1.712986,-1.713153,-0.0,2.356344,0.2,-0.0409,0.199814,0.002427,camera_link,11.766667,gnm_closed_loop,,nominal,,True,ok,checkpoints/ablation_mnv2_baseline/best.pt,4.85,0.4487,-0.0409,0.1122,-0.0011,0.3697,,,gnm_closed_loop,0.2,-0.0409,False,0,,isaac_live_final_20260708,,selected_baseline_live,,,,,,,False,hospital_goal_B,3.5964,True,0.4487,-0.0409,0.2,-0.0409,True,armed,False,
livefinal_straight_medium_20260708_180855,124,11.783334,1783530538.669074,1.710635,-1.710803,-0.0,2.356343,0.2,-0.0409,0.199814,0.002427,camera_link,11.783334,gnm_closed_loop,,nominal,,True,ok,checkpoints/ablation_mnv2_baseline/best.pt,4.85,0.4487,-0.0409,0.1122,-0.0011,0.3697,,,gnm_closed_loop,0.2,-0.0409,False,0,,isaac_live_final_20260708,,selected_baseline_live,,,,,,,False,hospital_goal_B,3.5931,True,0.4487,-0.0409,0.2,-0.0409,True,armed,False,
livefinal_straight_medium_20260708_180855,125,11.800001,1783530538.671333,1.708284,-1.708453,-0.0,2.356342,0.2,-0.0409,0.199814,0.002427,camera_link,11.800001,gnm_closed_loop,,nominal,,True,ok,checkpoints/ablation_mnv2_baseline/best.pt,4.85,0.4487,-0.0409,0.1122,-0.0011,0.3697,,,gnm_closed_loop,0.2,-0.0409,False,0,,isaac_live_final_20260708,,selected_baseline_live,,,,,,,False,hospital_goal_B,3.5898,True,0.4487,-0.0409,0.2,-0.0409,True,armed,False,
livefinal_straight_medium_20260708_180855,126,11.816667,1783530538.689593,1.705933,-1.706103,-0.0,2.35634,0.2,-0.0368,0.199823,0.002366,camera_link,11.816667,gnm_closed_loop,,nominal,,True,ok,checkpoints/ablation_mnv2_baseline/best.pt,5.71,0.4672,-0.0368,0.1168,-0.0011,0.365,,,gnm_closed_loop,0.2,-0.0368,False,0,,isaac_live_final_20260708,,selected_baseline_live,,,,,,,False,hospital_goal_B,3.5865,True,0.4672,-0.0368,0.2,-0.0368,True,armed,False,
livefinal_straight_medium_20260708_180855,127,11.833334,1783530538.692399,1.703582,-1.703753,-0.0,2.356339,0.2,-0.0368,0.199823,0.002366,camera_link,11.833334,gnm_closed_loop,,nominal,,True,ok,checkpoints/ablation_mnv2_baseline/best.pt,5.71,0.4672,-0.0368,0.1168,-0.0011,0.365,,,gnm_closed_loop,0.2,-0.0368,False,0,,isaac_live_final_20260708,,selected_baseline_live,,,,,,,False,hospital_goal_B,3.5831,True,0.4672,-0.0368,0.2,-0.0368,True,armed,False,
livefinal_straight_medium_20260708_180855,128,11.850001,1783530538.694378,1.701231,-1.701402,-0.0,2.356338,0.2,-0.0368,0.199823,0.002366,camera_link,11.850001,gnm_closed_loop,,nominal,,True,ok,checkpoints/ablation_mnv2_baseline/best.pt,5.71,0.4672,-0.0368,0.1168,-0.0011,0.365,,,gnm_closed_loop,0.2,-0.0368,False,0,,isaac_live_final_20260708,,selected_baseline_live,,,,,,,False,hospital_goal_B,3.5798,True,0.4672,-0.0368,0.2,-0.0368,True,armed,False,
livefinal_straight_medium_20260708_180855,129,11.866667,1783530538.713581,1.69888,-1.699052,-0.0,2.356337,0.2,-0.0366,0.199881,0.001796,camera_link,11.866667,gnm_closed_loop,,nominal,,True,ok,checkpoints/ablation_mnv2_baseline/best.pt,4.63,0.4688,-0.0366,0.1172,-0.0011,0.3681,,,gnm_closed_loop,0.2,-0.0366,False,0,,isaac_live_final_20260708,,selected_baseline_live,,,,,,,False,hospital_goal_B,3.5765,True,0.4688,-0.0366,0.2,-0.0366,True,armed,False,
livefinal_straight_medium_20260708_180855,130,11.883334,1783530538.716303,1.696529,-1.696702,-0.0,2.356336,0.2,-0.0366,0.199881,0.001796,camera_link,11.883334,gnm_closed_loop,,nominal,,True,ok,checkpoints/ablation_mnv2_baseline/best.pt,4.63,0.4688,-0.0366,0.1172,-0.0011,0.3681,,,gnm_closed_loop,0.2,-0.0366,False,0,,isaac_live_final_20260708,,selected_baseline_live,,,,,,,False,hospital_goal_B,3.5732,True,0.4688,-0.0366,0.2,-0.0366,True,armed,False,
livefinal_straight_medium_20260708_180855,131,11.900001,1783530538.718821,1.694178,-1.694352,-0.0,2.356335,0.2,-0.0366,0.199881,0.001796,camera_link,11.900001,gnm_closed_loop,,nominal,,True,ok,checkpoints/ablation_mnv2_baseline/best.pt,4.63,0.4688,-0.0366,0.1172,-0.0011,0.3681,,,gnm_closed_loop,0.2,-0.0366,False,0,,isaac_live_final_20260708,,selected_baseline_live,,,,,,,False,hospital_goal_B,3.5698,True,0.4688,-0.0366,0.2,-0.0366,True,armed,False,
livefinal_straight_medium_20260708_180855,132,11.916667,1783530538.736109,1.691827,-1.692001,-0.0,2.356333,0.2,-0.0379,0.19984,0.002014,camera_link,11.916667,gnm_closed_loop,,nominal,,True,ok,checkpoints/ablation_mnv2_baseline/best.pt,4.52,0.4674,-0.0379,0.1168,-0.0011,0.3732,,,gnm_closed_loop,0.2,-0.0379,False,0,,isaac_live_final_20260708,,selected_baseline_live,,,,,,,False,hospital_goal_B,3.5665,True,0.4674,-0.0379,0.2,-0.0379,True,armed,False,
livefinal_straight_medium_20260708_180855,133,11.933334,1783530538.738788,1.689475,-1.689651,-0.0,2.356332,0.2,-0.0379,0.19984,0.002014,camera_link,11.933334,gnm_closed_loop,,nominal,,True,ok,checkpoints/ablation_mnv2_baseline/best.pt,4.52,0.4674,-0.0379,0.1168,-0.0011,0.3732,,,gnm_closed_loop,0.2,-0.0379,False,0,,isaac_live_final_20260708,,selected_baseline_live,,,,,,,False,hospital_goal_B,3.5632,True,0.4674,-0.0379,0.2,-0.0379,True,armed,False,
livefinal_straight_medium_20260708_180855,134,11.950001,1783530538.741184,1.687124,-1.687301,-0.0,2.356331,0.2,-0.0379,0.19984,0.002014,camera_link,11.950001,gnm_closed_loop,,nominal,,True,ok,checkpoints/ablation_mnv2_baseline/best.pt,4.52,0.4674,-0.0379,0.1168,-0.0011,0.3732,,,gnm_closed_loop,0.2,-0.0379,False,0,,isaac_live_final_20260708,,selected_baseline_live,,,,,,,False,hospital_goal_B,3.5599,True,0.4674,-0.0379,0.2,-0.0379,True,armed,False,
livefinal_straight_medium_20260708_180855,135,11.966667,1783530538.760893,1.684774,-1.684951,-0.0,2.35633,0.2,-0.0369,0.199845,0.001874,camera_link,11.966667,gnm_closed_loop,,nominal,,True,ok,checkpoints/ablation_mnv2_baseline/best.pt,4.32,0.4865,-0.0369,0.1216,-0.0011,0.3763,,,gnm_closed_loop,0.2,-0.0369,False,0,,isaac_live_final_20260708,,selected_baseline_live,,,,,,,False,hospital_goal_B,3.5566,True,0.4865,-0.0369,0.2,-0.0369,True,armed,False,
livefinal_straight_medium_20260708_180855,136,11.983334,1783530538.763832,1.682423,-1.6826,-0.0,2.356329,0.2,-0.0369,0.199845,0.001874,camera_link,11.983334,gnm_closed_loop,,nominal,,True,ok,checkpoints/ablation_mnv2_baseline/best.pt,4.32,0.4865,-0.0369,0.1216,-0.0011,0.3763,,,gnm_closed_loop,0.2,-0.0369,False,0,,isaac_live_final_20260708,,selected_baseline_live,,,,,,,False,hospital_goal_B,3.5532,True,0.4865,-0.0369,0.2,-0.0369,True,armed,False,
livefinal_straight_medium_20260708_180855,137,12.000001,1783530538.76579,1.680072,-1.680251,-0.0,2.356327,0.2,-0.0369,0.199845,0.001874,camera_link,12.000001,gnm_closed_loop,,nominal,,True,ok,checkpoints/ablation_mnv2_baseline/best.pt,4.32,0.4865,-0.0369,0.1216,-0.0011,0.3763,,,gnm_closed_loop,0.2,-0.0369,False,0,,isaac_live_final_20260708,,selected_baseline_live,,,,,,,False,hospital_goal_B,3.5499,True,0.4865,-0.0369,0.2,-0.0369,True,armed,False,
livefinal_straight_medium_20260708_180855,138,12.016667,1783530538.782778,1.677722,-1.6779,-0.0,2.356326,0.2,-0.0388,0.199831,0.002259,camera_link,12.016667,gnm_closed_loop,,nominal,,True,ok,checkpoints/ablation_mnv2_baseline/best.pt,5.38,0.4864,-0.0388,0.1216,-0.0012,0.3808,,,gnm_closed_loop,0.2,-0.0388,False,0,,isaac_live_final_20260708,,selected_baseline_live,,,,,,,False,hospital_goal_B,3.5466,True,0.4864,-0.0388,0.2,-0.0388,True,armed,False,
livefinal_straight_medium_20260708_180855,139,12.033334,1783530538.785059,1.67537,-1.67555,-0.0,2.356324,0.2,-0.0388,0.199831,0.002259,camera_link,12.033334,gnm_closed_loop,,nominal,,True,ok,checkpoints/ablation_mnv2_baseline/best.pt,5.38,0.4864,-0.0388,0.1216,-0.0012,0.3808,,,gnm_closed_loop,0.2,-0.0388,False,0,,isaac_live_final_20260708,,selected_baseline_live,,,,,,,False,hospital_goal_B,3.5433,True,0.4864,-0.0388,0.2,-0.0388,True,armed,False,
livefinal_straight_medium_20260708_180855,140,12.050001,1783530538.787547,1.673019,-1.6732,-0.0,2.356322,0.2,-0.0388,0.199831,0.002259,camera_link,12.050001,gnm_closed_loop,,nominal,,True,ok,checkpoints/ablation_mnv2_baseline/best.pt,5.38,0.4864,-0.0388,0.1216,-0.0012,0.3808,,,gnm_closed_loop,0.2,-0.0388,False,0,,isaac_live_final_20260708,,selected_baseline_live,,,,,,,False,hospital_goal_B,3.5399,True,0.4864,-0.0388,0.2,-0.0388,True,armed,False,
livefinal_straight_medium_20260708_180855,141,12.066667,1783530538.804967,1.670668,-1.67085,-0.0,2.35632,0.2,-0.0394,0.199836,0.003101,camera_link,12.066667,gnm_closed_loop,,nominal,,True,ok,checkpoints/ablation_mnv2_baseline/best.pt,4.71,0.4895,-0.0394,0.1224,-0.0012,0.3806,,,gnm_closed_loop,0.2,-0.0394,False,0,,isaac_live_final_20260708,,selected_baseline_live,,,,,,,False,hospital_goal_B,3.5366,True,0.4895,-0.0394,0.2,-0.0394,True,armed,False,
livefinal_straight_medium_20260708_180855,142,12.083334,1783530538.807136,1.668317,-1.668499,-0.0,2.356318,0.2,-0.0394,0.199836,0.003101,camera_link,12.083334,gnm_closed_loop,,nominal,,True,ok,checkpoints/ablation_mnv2_baseline/best.pt,4.71,0.4895,-0.0394,0.1224,-0.0012,0.3806,,,gnm_closed_loop,0.2,-0.0394,False,0,,isaac_live_final_20260708,,selected_baseline_live,,,,,,,False,hospital_goal_B,3.5333,True,0.4895,-0.0394,0.2,-0.0394,True,armed,False,
livefinal_straight_medium_20260708_180855,143,12.100001,1783530538.809241,1.665967,-1.666149,-0.0,2.356317,0.2,-0.0394,0.199836,0.003101,camera_link,12.100001,gnm_closed_loop,,nominal,,True,ok,checkpoints/ablation_mnv2_baseline/best.pt,4.71,0.4895,-0.0394,0.1224,-0.0012,0.3806,,,gnm_closed_loop,0.2,-0.0394,False,0,,isaac_live_final_20260708,,selected_baseline_live,,,,,,,False,hospital_goal_B,3.53,True,0.4895,-0.0394,0.2,-0.0394,True,armed,False,
livefinal_straight_medium_20260708_180855,144,12.116667,1783530538.827745,1.663616,-1.663799,-0.0,2.356315,0.2,-0.0395,0.199819,0.001803,camera_link,12.116667,gnm_closed_loop,,nominal,,True,ok,checkpoints/ablation_mnv2_baseline/best.pt,5.84,0.4914,-0.0395,0.1228,-0.0012,0.3821,,,gnm_closed_loop,0.2,-0.0395,False,0,,isaac_live_final_20260708,,selected_baseline_live,,,,,,,False,hospital_goal_B,3.5266,True,0.4914,-0.0395,0.2,-0.0395,True,armed,False,
livefinal_straight_medium_20260708_180855,145,12.133334,1783530538.831022,1.661265,-1.661448,-0.0,2.356313,0.2,-0.0395,0.199819,0.001803,camera_link,12.133334,gnm_closed_loop,,nominal,,True,ok,checkpoints/ablation_mnv2_baseline/best.pt,5.84,0.4914,-0.0395,0.1228,-0.0012,0.3821,,,gnm_closed_loop,0.2,-0.0395,False,0,,isaac_live_final_20260708,,selected_baseline_live,,,,,,,False,hospital_goal_B,3.5233,True,0.4914,-0.0395,0.2,-0.0395,True,armed,False,
livefinal_straight_medium_20260708_180855,146,12.150001,1783530538.833347,1.658914,-1.659099,-0.0,2.356312,0.2,-0.0395,0.199819,0.001803,camera_link,12.150001,gnm_closed_loop,,nominal,,True,ok,checkpoints/ablation_mnv2_baseline/best.pt,5.84,0.4914,-0.0395,0.1228,-0.0012,0.3821,,,gnm_closed_loop,0.2,-0.0395,False,0,,isaac_live_final_20260708,,selected_baseline_live,,,,,,,False,hospital_goal_B,3.52,True,0.4914,-0.0395,0.2,-0.0395,True,armed,False,
livefinal_straight_medium_20260708_180855,147,12.166667,1783530538.85266,1.656563,-1.656748,-0.0,2.35631,0.2,-0.038,0.199769,0.001869,camera_link,12.166667,gnm_closed_loop,,nominal,,True,ok,checkpoints/ablation_mnv2_baseline/best.pt,6.31,0.5011,-0.038,0.1253,-0.0012,0.3797,,,gnm_closed_loop,0.2,-0.038,False,0,,isaac_live_final_20260708,,selected_baseline_live,,,,,,,False,hospital_goal_B,3.5167,True,0.5011,-0.038,0.2,-0.038,True,armed,False,
livefinal_straight_medium_20260708_180855,148,12.183334,1783530538.855669,1.654212,-1.654398,-0.0,2.356308,0.2,-0.038,0.199769,0.001869,camera_link,12.183334,gnm_closed_loop,,nominal,,True,ok,checkpoints/ablation_mnv2_baseline/best.pt,6.31,0.5011,-0.038,0.1253,-0.0012,0.3797,,,gnm_closed_loop,0.2,-0.038,False,0,,isaac_live_final_20260708,,selected_baseline_live,,,,,,,False,hospital_goal_B,3.5133,True,0.5011,-0.038,0.2,-0.038,True,armed,False,
livefinal_straight_medium_20260708_180855,149,12.200001,1783530538.857979,1.651861,-1.652048,-0.0,2.356307,0.2,-0.038,0.199769,0.001869,camera_link,12.200001,gnm_closed_loop,,nominal,,True,ok,checkpoints/ablation_mnv2_baseline/best.pt,6.31,0.5011,-0.038,0.1253,-0.0012,0.3797,,,gnm_closed_loop,0.2,-0.038,False,0,,isaac_live_final_20260708,,selected_baseline_live,,,,,,,False,hospital_goal_B,3.51,True,0.5011,-0.038,0.2,-0.038,True,armed,False,
livefinal_straight_medium_20260708_180855,150,12.216667,1783530538.876529,1.649511,-1.649697,-0.0,2.356306,0.2,-0.0372,0.199838,0.002053,camera_link,12.216667,gnm_closed_loop,,nominal,,True,ok,checkpoints/ablation_mnv2_baseline/best.pt,4.95,0.5014,-0.0372,0.1254,-0.0012,0.3816,,,gnm_closed_loop,0.2,-0.0372,False,0,,isaac_live_final_20260708,,selected_baseline_live,,,,,,,False,hospital_goal_B,3.5067,True,0.5014,-0.0372,0.2,-0.0372,True,armed,False,
livefinal_straight_medium_20260708_180855,151,12.233334,1783530538.878699,1.64716,-1.647347,-0.0,2.356304,0.2,-0.0372,0.199838,0.002053,camera_link,12.233334,gnm_closed_loop,,nominal,,True,ok,checkpoints/ablation_mnv2_baseline/best.pt,4.95,0.5014,-0.0372,0.1254,-0.0012,0.3816,,,gnm_closed_loop,0.2,-0.0372,False,0,,isaac_live_final_20260708,,selected_baseline_live,,,,,,,False,hospital_goal_B,3.5034,True,0.5014,-0.0372,0.2,-0.0372,True,armed,False,
livefinal_straight_medium_20260708_180855,152,12.250001,1783530538.880495,1.644809,-1.644996,-0.0,2.356303,0.2,-0.0372,0.199838,0.002053,camera_link,12.250001,gnm_closed_loop,,nominal,,True,ok,checkpoints/ablation_mnv2_baseline/best.pt,4.95,0.5014,-0.0372,0.1254,-0.0012,0.3816,,,gnm_closed_loop,0.2,-0.0372,False,0,,isaac_live_final_20260708,,selected_baseline_live,,,,,,,False,hospital_goal_B,3.5,True,0.5014,-0.0372,0.2,-0.0372,True,armed,False,
livefinal_straight_medium_20260708_180855,153,12.266667,1783530538.895689,1.642458,-1.642646,-0.0,2.356302,0.2,-0.0388,0.19982,0.002124,camera_link,12.266667,gnm_closed_loop,,nominal,,True,ok,checkpoints/ablation_mnv2_baseline/best.pt,4.77,0.4921,-0.0388,0.123,-0.0012,0.3846,,,gnm_closed_loop,0.2,-0.0388,False,0,,isaac_live_final_20260708,,selected_baseline_live,,,,,,,False,hospital_goal_B,3.4967,True,0.4921,-0.0388,0.2,-0.0388,True,armed,False,
livefinal_straight_medium_20260708_180855,154,12.283334,1783530538.898321,1.640107,-1.640296,-0.0,2.3563,0.2,-0.0388,0.19982,0.002124,camera_link,12.283334,gnm_closed_loop,,nominal,,True,ok,checkpoints/ablation_mnv2_baseline/best.pt,4.77,0.4921,-0.0388,0.123,-0.0012,0.3846,,,gnm_closed_loop,0.2,-0.0388,False,0,,isaac_live_final_20260708,,selected_baseline_live,,,,,,,False,hospital_goal_B,3.4934,True,0.4921,-0.0388,0.2,-0.0388,True,armed,False,
livefinal_straight_medium_20260708_180855,155,12.300001,1783530538.901474,1.637757,-1.637946,-0.0,2.356299,0.2,-0.0388,0.19982,0.002124,camera_link,12.300001,gnm_closed_loop,,nominal,,True,ok,checkpoints/ablation_mnv2_baseline/best.pt,4.77,0.4921,-0.0388,0.123,-0.0012,0.3846,,,gnm_closed_loop,0.2,-0.0388,False,0,,isaac_live_final_20260708,,selected_baseline_live,,,,,,,False,hospital_goal_B,3.4901,True,0.4921,-0.0388,0.2,-0.0388,True,armed,False,
livefinal_straight_medium_20260708_180855,156,12.316667,1783530538.920142,1.635406,-1.635595,-0.0,2.356297,0.2,-0.0437,0.199819,0.001728,camera_link,12.316667,gnm_closed_loop,,nominal,,True,ok,checkpoints/ablation_mnv2_baseline/best.pt,4.55,0.4745,-0.0437,0.1186,-0.0013,0.3873,,,gnm_closed_loop,0.2,-0.0437,False,0,,isaac_live_final_20260708,,selected_baseline_live,,,,,,,False,hospital_goal_B,3.4867,True,0.4745,-0.0437,0.2,-0.0437,True,armed,False,
livefinal_straight_medium_20260708_180855,157,12.333334,1783530538.92268,1.633055,-1.633245,-0.0,2.356296,0.2,-0.0437,0.199819,0.001728,camera_link,12.333334,gnm_closed_loop,,nominal,,True,ok,checkpoints/ablation_mnv2_baseline/best.pt,4.55,0.4745,-0.0437,0.1186,-0.0013,0.3873,,,gnm_closed_loop,0.2,-0.0437,False,0,,isaac_live_final_20260708,,selected_baseline_live,,,,,,,False,hospital_goal_B,3.4834,True,0.4745,-0.0437,0.2,-0.0437,True,armed,False,
livefinal_straight_medium_20260708_180855,158,12.350001,1783530538.924679,1.630705,-1.630894,-0.0,2.356294,0.2,-0.0437,0.199819,0.001728,camera_link,12.350001,gnm_closed_loop,,nominal,,True,ok,checkpoints/ablation_mnv2_baseline/best.pt,4.55,0.4745,-0.0437,0.1186,-0.0013,0.3873,,,gnm_closed_loop,0.2,-0.0437,False,0,,isaac_live_final_20260708,,selected_baseline_live,,,,,,,False,hospital_goal_B,3.4801,True,0.4745,-0.0437,0.2,-0.0437,True,armed,False,
livefinal_straight_medium_20260708_180855,159,12.366667,1783530538.941091,1.628354,-1.628544,-0.0,2.356293,0.2,-0.0448,0.19986,0.001634,camera_link,12.366667,gnm_closed_loop,,nominal,,True,ok,checkpoints/ablation_mnv2_baseline/best.pt,5.32,0.4747,-0.0448,0.1187,-0.0013,0.3875,,,gnm_closed_loop,0.2,-0.0448,False,0,,isaac_live_final_20260708,,selected_baseline_live,,,,,,,False,hospital_goal_B,3.4768,True,0.4747,-0.0448,0.2,-0.0448,True,armed,False,
livefinal_straight_medium_20260708_180855,160,12.383334,1783530538.943878,1.626003,-1.626194,-0.0,2.356291,0.2,-0.0448,0.19986,0.001634,camera_link,12.383334,gnm_closed_loop,,nominal,,True,ok,checkpoints/ablation_mnv2_baseline/best.pt,5.32,0.4747,-0.0448,0.1187,-0.0013,0.3875,,,gnm_closed_loop,0.2,-0.0448,False,0,,isaac_live_final_20260708,,selected_baseline_live,,,,,,,False,hospital_goal_B,3.4734,True,0.4747,-0.0448,0.2,-0.0448,True,armed,False,
livefinal_straight_medium_20260708_180855,161,12.400001,1783530538.945967,1.623652,-1.623844,-0.0,2.356289,0.2,-0.0448,0.19986,0.001634,camera_link,12.400001,gnm_closed_loop,,nominal,,True,ok,checkpoints/ablation_mnv2_baseline/best.pt,5.32,0.4747,-0.0448,0.1187,-0.0013,0.3875,,,gnm_closed_loop,0.2,-0.0448,False,0,,isaac_live_final_20260708,,selected_baseline_live,,,,,,,False,hospital_goal_B,3.4701,True,0.4747,-0.0448,0.2,-0.0448,True,armed,False,
livefinal_straight_medium_20260708_180855,162,12.416667,1783530538.963011,1.621301,-1.621493,-0.0,2.356287,0.2,-0.0424,0.199831,0.0023,camera_link,12.416667,gnm_closed_loop,,nominal,,True,ok,checkpoints/ablation_mnv2_baseline/best.pt,5.49,0.4732,-0.0424,0.1183,-0.0013,0.3899,,,gnm_closed_loop,0.2,-0.0424,False,0,,isaac_live_final_20260708,,selected_baseline_live,,,,,,,False,hospital_goal_B,3.4668,True,0.4732,-0.0424,0.2,-0.0424,True,armed,False,
livefinal_straight_medium_20260708_180855,163,12.433334,1783530538.965336,1.61895,-1.619143,-0.0,2.356285,0.2,-0.0424,0.199831,0.0023,camera_link,12.433334,gnm_closed_loop,,nominal,,True,ok,checkpoints/ablation_mnv2_baseline/best.pt,5.49,0.4732,-0.0424,0.1183,-0.0013,0.3899,,,gnm_closed_loop,0.2,-0.0424,False,0,,isaac_live_final_20260708,,selected_baseline_live,,,,,,,False,hospital_goal_B,3.4635,True,0.4732,-0.0424,0.2,-0.0424,True,armed,False,
livefinal_straight_medium_20260708_180855,164,12.450001,1783530538.968432,1.616599,-1.616793,-0.0,2.356284,0.2,-0.0424,0.199831,0.0023,camera_link,12.450001,gnm_closed_loop,,nominal,,True,ok,checkpoints/ablation_mnv2_baseline/best.pt,5.49,0.4732,-0.0424,0.1183,-0.0013,0.3899,,,gnm_closed_loop,0.2,-0.0424,False,0,,isaac_live_final_20260708,,selected_baseline_live,,,,,,,False,hospital_goal_B,3.4602,True,0.4732,-0.0424,0.2,-0.0424,True,armed,False,
livefinal_straight_medium_20260708_180855,165,12.466667,1783530538.986531,1.614249,-1.614442,-0.0,2.356281,0.2,-0.0414,0.199828,0.002734,camera_link,12.466667,gnm_closed_loop,,nominal,,True,ok,checkpoints/ablation_mnv2_baseline/best.pt,5.59,0.4665,-0.0414,0.1166,-0.0012,0.389,,,gnm_closed_loop,0.2,-0.0414,False,0,,isaac_live_final_20260708,,selected_baseline_live,,,,,,,False,hospital_goal_B,3.4568,True,0.4665,-0.0414,0.2,-0.0414,True,armed,False,
livefinal_straight_medium_20260708_180855,166,12.483334,1783530538.989118,1.611897,-1.612092,-0.0,2.35628,0.2,-0.0414,0.199828,0.002734,camera_link,12.483334,gnm_closed_loop,,nominal,,True,ok,checkpoints/ablation_mnv2_baseline/best.pt,5.59,0.4665,-0.0414,0.1166,-0.0012,0.389,,,gnm_closed_loop,0.2,-0.0414,False,0,,isaac_live_final_20260708,,selected_baseline_live,,,,,,,False,hospital_goal_B,3.4535,True,0.4665,-0.0414,0.2,-0.0414,True,armed,False,
livefinal_straight_medium_20260708_180855,167,12.500001,1783530538.99112,1.609546,-1.609742,-0.0,2.356278,0.2,-0.0414,0.199828,0.002734,camera_link,12.500001,gnm_closed_loop,,nominal,,True,ok,checkpoints/ablation_mnv2_baseline/best.pt,5.59,0.4665,-0.0414,0.1166,-0.0012,0.389,,,gnm_closed_loop,0.2,-0.0414,False,0,,isaac_live_final_20260708,,selected_baseline_live,,,,,,,False,hospital_goal_B,3.4502,True,0.4665,-0.0414,0.2,-0.0414,True,armed,False,
livefinal_straight_medium_20260708_180855,168,12.516667,1783530539.00685,1.607195,-1.607391,-0.0,2.356276,0.2,-0.0422,0.199817,0.002152,camera_link,12.516667,gnm_closed_loop,,nominal,,True,ok,checkpoints/ablation_mnv2_baseline/best.pt,4.47,0.476,-0.0422,0.119,-0.0013,0.3898,,,gnm_closed_loop,0.2,-0.0422,False,0,,isaac_live_final_20260708,,selected_baseline_live,,,,,,,False,hospital_goal_B,3.4469,True,0.476,-0.0422,0.2,-0.0422,True,armed,False,
livefinal_straight_medium_20260708_180855,169,12.533334,1783530539.009077,1.604844,-1.605042,-0.0,2.356275,0.2,-0.0422,0.199817,0.002152,camera_link,12.533334,gnm_closed_loop,,nominal,,True,ok,checkpoints/ablation_mnv2_baseline/best.pt,4.47,0.476,-0.0422,0.119,-0.0013,0.3898,,,gnm_closed_loop,0.2,-0.0422,False,0,,isaac_live_final_20260708,,selected_baseline_live,,,,,,,False,hospital_goal_B,3.4435,True,0.476,-0.0422,0.2,-0.0422,True,armed,False,
livefinal_straight_medium_20260708_180855,170,12.550001,1783530539.010976,1.602493,-1.602691,-0.0,2.356273,0.2,-0.0422,0.199817,0.002152,camera_link,12.550001,gnm_closed_loop,,nominal,,True,ok,checkpoints/ablation_mnv2_baseline/best.pt,4.47,0.476,-0.0422,0.119,-0.0013,0.3898,,,gnm_closed_loop,0.2,-0.0422,False,0,,isaac_live_final_20260708,,selected_baseline_live,,,,,,,False,hospital_goal_B,3.4402,True,0.476,-0.0422,0.2,-0.0422,True,armed,False,
livefinal_straight_medium_20260708_180855,171,12.566667,1783530539.026755,1.600142,-1.600341,-0.0,2.356272,0.2,-0.0421,0.199818,0.001834,camera_link,12.566667,gnm_closed_loop,,nominal,,True,ok,checkpoints/ablation_mnv2_baseline/best.pt,4.76,0.4824,-0.0421,0.1206,-0.0013,0.3916,,,gnm_closed_loop,0.2,-0.0421,False,0,,isaac_live_final_20260708,,selected_baseline_live,,,,,,,False,hospital_goal_B,3.4369,True,0.4824,-0.0421,0.2,-0.0421,True,armed,False,
livefinal_straight_medium_20260708_180855,172,12.583334,1783530539.029768,1.597791,-1.597991,-0.0,2.356271,0.2,-0.0421,0.199818,0.001834,camera_link,12.583334,gnm_closed_loop,,nominal,,True,ok,checkpoints/ablation_mnv2_baseline/best.pt,4.76,0.4824,-0.0421,0.1206,-0.0013,0.3916,,,gnm_closed_loop,0.2,-0.0421,False,0,,isaac_live_final_20260708,,selected_baseline_live,,,,,,,False,hospital_goal_B,3.4336,True,0.4824,-0.0421,0.2,-0.0421,True,armed,False,
livefinal_straight_medium_20260708_180855,173,12.600001,1783530539.03171,1.595441,-1.59564,-0.0,2.35627,0.2,-0.0421,0.199818,0.001834,camera_link,12.600001,gnm_closed_loop,,nominal,,True,ok,checkpoints/ablation_mnv2_baseline/best.pt,4.76,0.4824,-0.0421,0.1206,-0.0013,0.3916,,,gnm_closed_loop,0.2,-0.0421,False,0,,isaac_live_final_20260708,,selected_baseline_live,,,,,,,False,hospital_goal_B,3.4302,True,0.4824,-0.0421,0.2,-0.0421,True,armed,False,
livefinal_straight_medium_20260708_180855,174,12.616667,1783530539.047302,1.593089,-1.593289,-0.0,2.356268,0.2,-0.0408,0.199832,0.003314,camera_link,12.616667,gnm_closed_loop,,nominal,,True,ok,checkpoints/ablation_mnv2_baseline/best.pt,4.35,0.4806,-0.0408,0.1202,-0.0012,0.3909,,,gnm_closed_loop,0.2,-0.0408,False,0,,isaac_live_final_20260708,,selected_baseline_live,,,,,,,False,hospital_goal_B,3.4269,True,0.4806,-0.0408,0.2,-0.0408,True,armed,False,
livefinal_straight_medium_20260708_180855,175,12.633334,1783530539.049535,1.590738,-1.590938,-0.0,2.356266,0.2,-0.0408,0.199832,0.003314,camera_link,12.633334,gnm_closed_loop,,nominal,,True,ok,checkpoints/ablation_mnv2_baseline/best.pt,4.35,0.4806,-0.0408,0.1202,-0.0012,0.3909,,,gnm_closed_loop,0.2,-0.0408,False,0,,isaac_live_final_20260708,,selected_baseline_live,,,,,,,False,hospital_goal_B,3.4236,True,0.4806,-0.0408,0.2,-0.0408,True,armed,False,
livefinal_straight_medium_20260708_180855,176,12.650001,1783530539.051427,1.588387,-1.588587,-0.0,2.356265,0.2,-0.0408,0.199832,0.003314,camera_link,12.650001,gnm_closed_loop,,nominal,,True,ok,checkpoints/ablation_mnv2_baseline/best.pt,4.35,0.4806,-0.0408,0.1202,-0.0012,0.3909,,,gnm_closed_loop,0.2,-0.0408,False,0,,isaac_live_final_20260708,,selected_baseline_live,,,,,,,False,hospital_goal_B,3.4203,True,0.4806,-0.0408,0.2,-0.0408,True,armed,False,
livefinal_straight_medium_20260708_180855,177,12.666667,1783530539.067586,1.586035,-1.586237,-0.0,2.356263,0.2,-0.0375,0.199862,0.002645,camera_link,12.666667,gnm_closed_loop,,nominal,,True,ok,checkpoints/ablation_mnv2_baseline/best.pt,4.38,0.4711,-0.0375,0.1178,-0.0011,0.3903,,,gnm_closed_loop,0.2,-0.0375,False,0,,isaac_live_final_20260708,,selected_baseline_live,,,,,,,False,hospital_goal_B,3.4169,True,0.4711,-0.0375,0.2,-0.0375,True,armed,False,
livefinal_straight_medium_20260708_180855,178,12.683334,1783530539.070875,1.583684,-1.583887,-0.0,2.356262,0.2,-0.0375,0.199862,0.002645,camera_link,12.683334,gnm_closed_loop,,nominal,,True,ok,checkpoints/ablation_mnv2_baseline/best.pt,4.38,0.4711,-0.0375,0.1178,-0.0011,0.3903,,,gnm_closed_loop,0.2,-0.0375,False,0,,isaac_live_final_20260708,,selected_baseline_live,,,,,,,False,hospital_goal_B,3.4136,True,0.4711,-0.0375,0.2,-0.0375,True,armed,False,
livefinal_straight_medium_20260708_180855,179,12.700001,1783530539.072907,1.581333,-1.581536,-0.0,2.35626,0.2,-0.0375,0.199862,0.002645,camera_link,12.700001,gnm_closed_loop,,nominal,,True,ok,checkpoints/ablation_mnv2_baseline/best.pt,4.38,0.4711,-0.0375,0.1178,-0.0011,0.3903,,,gnm_closed_loop,0.2,-0.0375,False,0,,isaac_live_final_20260708,,selected_baseline_live,,,,,,,False,hospital_goal_B,3.4103,True,0.4711,-0.0375,0.2,-0.0375,True,armed,False,
livefinal_straight_medium_20260708_180855,180,12.716667,1783530539.092787,1.578982,-1.579185,-0.0,2.356259,0.2,-0.0335,0.199829,0.001909,camera_link,12.716667,gnm_closed_loop,,nominal,,True,ok,checkpoints/ablation_mnv2_baseline/best.pt,5.16,0.4637,-0.0335,0.1159,-0.001,0.3884,,,gnm_closed_loop,0.2,-0.0335,False,0,,isaac_live_final_20260708,,selected_baseline_live,,,,,,,False,hospital_goal_B,3.407,True,0.4637,-0.0335,0.2,-0.0335,True,armed,False,
livefinal_straight_medium_20260708_180855,181,12.733334,1783530539.094988,1.576632,-1.576835,-0.0,2.356258,0.2,-0.0335,0.199829,0.001909,camera_link,12.733334,gnm_closed_loop,,nominal,,True,ok,checkpoints/ablation_mnv2_baseline/best.pt,5.16,0.4637,-0.0335,0.1159,-0.001,0.3884,,,gnm_closed_loop,0.2,-0.0335,False,0,,isaac_live_final_20260708,,selected_baseline_live,,,,,,,False,hospital_goal_B,3.4036,True,0.4637,-0.0335,0.2,-0.0335,True,armed,False,
livefinal_straight_medium_20260708_180855,182,12.750001,1783530539.096788,1.574281,-1.574483,-0.0,2.356257,0.2,-0.0335,0.199829,0.001909,camera_link,12.750001,gnm_closed_loop,,nominal,,True,ok,checkpoints/ablation_mnv2_baseline/best.pt,5.16,0.4637,-0.0335,0.1159,-0.001,0.3884,,,gnm_closed_loop,0.2,-0.0335,False,0,,isaac_live_final_20260708,,selected_baseline_live,,,,,,,False,hospital_goal_B,3.4003,True,0.4637,-0.0335,0.2,-0.0335,True,armed,False,
livefinal_straight_medium_20260708_180855,183,12.766667,1783530539.112107,1.57193,-1.572132,-0.0,2.356256,0.2,-0.0284,0.199838,0.001069,camera_link,12.766667,gnm_closed_loop,,nominal,,True,ok,checkpoints/ablation_mnv2_baseline/best.pt,4.42,0.4793,-0.0284,0.1198,-0.0009,0.3854,,,gnm_closed_loop,0.2,-0.0284,False,0,,isaac_live_final_20260708,,selected_baseline_live,,,,,,,False,hospital_goal_B,3.397,True,0.4793,-0.0284,0.2,-0.0284,True,armed,False,
livefinal_straight_medium_20260708_180855,184,12.783334,1783530539.114485,1.569579,-1.569782,-0.0,2.356256,0.2,-0.0284,0.199838,0.001069,camera_link,12.783334,gnm_closed_loop,,nominal,,True,ok,checkpoints/ablation_mnv2_baseline/best.pt,4.42,0.4793,-0.0284,0.1198,-0.0009,0.3854,,,gnm_closed_loop,0.2,-0.0284,False,0,,isaac_live_final_20260708,,selected_baseline_live,,,,,,,False,hospital_goal_B,3.3937,True,0.4793,-0.0284,0.2,-0.0284,True,armed,False,
livefinal_straight_medium_20260708_180855,185,12.800001,1783530539.116407,1.567228,-1.567431,-0.0,2.356254,0.2,-0.0284,0.199838,0.001069,camera_link,12.800001,gnm_closed_loop,,nominal,,True,ok,checkpoints/ablation_mnv2_baseline/best.pt,4.42,0.4793,-0.0284,0.1198,-0.0009,0.3854,,,gnm_closed_loop,0.2,-0.0284,False,0,,isaac_live_final_20260708,,selected_baseline_live,,,,,,,False,hospital_goal_B,3.3903,True,0.4793,-0.0284,0.2,-0.0284,True,armed,False,
livefinal_straight_medium_20260708_180855,186,12.816667,1783530539.135453,1.564877,-1.565081,-0.0,2.356253,0.2,-0.0258,0.199825,0.001542,camera_link,12.816667,gnm_closed_loop,,nominal,,True,ok,checkpoints/ablation_mnv2_baseline/best.pt,5.62,0.4766,-0.0258,0.1192,-0.0008,0.3877,,,gnm_closed_loop,0.2,-0.0258,False,0,,isaac_live_final_20260708,,selected_baseline_live,,,,,,,False,hospital_goal_B,3.387,True,0.4766,-0.0258,0.2,-0.0258,True,armed,False,
livefinal_straight_medium_20260708_180855,187,12.833334,1783530539.137631,1.562526,-1.562731,-0.0,2.356252,0.2,-0.0258,0.199825,0.001542,camera_link,12.833334,gnm_closed_loop,,nominal,,True,ok,checkpoints/ablation_mnv2_baseline/best.pt,5.62,0.4766,-0.0258,0.1192,-0.0008,0.3877,,,gnm_closed_loop,0.2,-0.0258,False,0,,isaac_live_final_20260708,,selected_baseline_live,,,,,,,False,hospital_goal_B,3.3837,True,0.4766,-0.0258,0.2,-0.0258,True,armed,False,
livefinal_straight_medium_20260708_180855,188,12.850001,1783530539.139641,1.560175,-1.56038,-0.0,2.356251,0.2,-0.0258,0.199825,0.001542,camera_link,12.850001,gnm_closed_loop,,nominal,,True,ok,checkpoints/ablation_mnv2_baseline/best.pt,5.62,0.4766,-0.0258,0.1192,-0.0008,0.3877,,,gnm_closed_loop,0.2,-0.0258,False,0,,isaac_live_final_20260708,,selected_baseline_live,,,,,,,False,hospital_goal_B,3.3804,True,0.4766,-0.0258,0.2,-0.0258,True,armed,False,
livefinal_straight_medium_20260708_180855,189,12.866667,1783530539.155963,1.557824,-1.558029,-0.0,2.356251,0.2,-0.0264,0.199821,0.000854,camera_link,12.866667,gnm_closed_loop,,nominal,,True,ok,checkpoints/ablation_mnv2_baseline/best.pt,4.7,0.4802,-0.0264,0.12,-0.0008,0.3892,,,gnm_closed_loop,0.2,-0.0264,False,0,,isaac_live_final_20260708,,selected_baseline_live,,,,,,,False,hospital_goal_B,3.377,True,0.4802,-0.0264,0.2,-0.0264,True,armed,False,
livefinal_straight_medium_20260708_180855,190,12.883334,1783530539.158212,1.555473,-1.555678,-0.0,2.35625,0.2,-0.0264,0.199821,0.000854,camera_link,12.883334,gnm_closed_loop,,nominal,,True,ok,checkpoints/ablation_mnv2_baseline/best.pt,4.7,0.4802,-0.0264,0.12,-0.0008,0.3892,,,gnm_closed_loop,0.2,-0.0264,False,0,,isaac_live_final_20260708,,selected_baseline_live,,,,,,,False,hospital_goal_B,3.3737,True,0.4802,-0.0264,0.2,-0.0264,True,armed,False,
livefinal_straight_medium_20260708_180855,191,12.900001,1783530539.160089,1.553123,-1.553327,-0.0,2.356249,0.2,-0.0264,0.199821,0.000854,camera_link,12.900001,gnm_closed_loop,,nominal,,True,ok,checkpoints/ablation_mnv2_baseline/best.pt,4.7,0.4802,-0.0264,0.12,-0.0008,0.3892,,,gnm_closed_loop,0.2,-0.0264,False,0,,isaac_live_final_20260708,,selected_baseline_live,,,,,,,False,hospital_goal_B,3.3704,True,0.4802,-0.0264,0.2,-0.0264,True,armed,False,
livefinal_straight_medium_20260708_180855,192,12.916667,1783530539.174623,1.550771,-1.550977,-0.0,2.356248,0.2,-0.0264,0.199843,0.000809,camera_link,12.916667,gnm_closed_loop,,nominal,,True,ok,checkpoints/ablation_mnv2_baseline/best.pt,4.51,0.4924,-0.0264,0.1231,-0.0008,0.3851,,,gnm_closed_loop,0.2,-0.0264,False,0,,isaac_live_final_20260708,,selected_baseline_live,,,,,,,False,hospital_goal_B,3.3671,True,0.4924,-0.0264,0.2,-0.0264,True,armed,False,
livefinal_straight_medium_20260708_180855,193,12.933334,1783530539.177358,1.548421,-1.548626,-0.0,2.356248,0.2,-0.0264,0.199843,0.000809,camera_link,12.933334,gnm_closed_loop,,nominal,,True,ok,checkpoints/ablation_mnv2_baseline/best.pt,4.51,0.4924,-0.0264,0.1231,-0.0008,0.3851,,,gnm_closed_loop,0.2,-0.0264,False,0,,isaac_live_final_20260708,,selected_baseline_live,,,,,,,False,hospital_goal_B,3.3637,True,0.4924,-0.0264,0.2,-0.0264,True,armed,False,
livefinal_straight_medium_20260708_180855,194,12.950001,1783530539.179391,1.54607,-1.546276,-0.0,2.356247,0.2,-0.0264,0.199843,0.000809,camera_link,12.950001,gnm_closed_loop,,nominal,,True,ok,checkpoints/ablation_mnv2_baseline/best.pt,4.51,0.4924,-0.0264,0.1231,-0.0008,0.3851,,,gnm_closed_loop,0.2,-0.0264,False,0,,isaac_live_final_20260708,,selected_baseline_live,,,,,,,False,hospital_goal_B,3.3604,True,0.4924,-0.0264,0.2,-0.0264,True,armed,False,
livefinal_straight_medium_20260708_180855,195,12.966667,1783530539.197939,1.543719,-1.543925,-0.0,2.356246,0.2,-0.022,0.199871,0.002105,camera_link,12.966667,gnm_closed_loop,,nominal,,True,ok,checkpoints/ablation_mnv2_baseline/best.pt,5.08,0.4969,-0.022,0.1242,-0.0007,0.3869,,,gnm_closed_loop,0.2,-0.022,False,0,,isaac_live_final_20260708,,selected_baseline_live,,,,,,,False,hospital_goal_B,3.3571,True,0.4969,-0.022,0.2,-0.022,True,armed,False,
livefinal_straight_medium_20260708_180855,196,12.983334,1783530539.200238,1.541367,-1.541574,-0.0,2.356245,0.2,-0.022,0.199871,0.002105,camera_link,12.983334,gnm_closed_loop,,nominal,,True,ok,checkpoints/ablation_mnv2_baseline/best.pt,5.08,0.4969,-0.022,0.1242,-0.0007,0.3869,,,gnm_closed_loop,0.2,-0.022,False,0,,isaac_live_final_20260708,,selected_baseline_live,,,,,,,False,hospital_goal_B,3.3538,True,0.4969,-0.022,0.2,-0.022,True,armed,False,
livefinal_straight_medium_20260708_180855,197,13.000001,1783530539.202052,1.539016,-1.539224,-0.0,2.356244,0.2,-0.022,0.199871,0.002105,camera_link,13.000001,gnm_closed_loop,,nominal,,True,ok,checkpoints/ablation_mnv2_baseline/best.pt,5.08,0.4969,-0.022,0.1242,-0.0007,0.3869,,,gnm_closed_loop,0.2,-0.022,False,0,,isaac_live_final_20260708,,selected_baseline_live,,,,,,,False,hospital_goal_B,3.3504,True,0.4969,-0.022,0.2,-0.022,True,armed,False,
livefinal_straight_medium_20260708_180855,198,13.016667,1783530539.217636,1.536665,-1.536873,-0.0,2.356243,0.2,-0.0227,0.199837,0.001317,camera_link,13.016667,gnm_closed_loop,,nominal,,True,ok,checkpoints/ablation_mnv2_baseline/best.pt,4.89,0.505,-0.0227,0.1262,-0.0007,0.3881,,,gnm_closed_loop,0.2,-0.0227,False,0,,isaac_live_final_20260708,,selected_baseline_live,,,,,,,False,hospital_goal_B,3.3471,True,0.505,-0.0227,0.2,-0.0227,True,armed,False,
livefinal_straight_medium_20260708_180855,199,13.033334,1783530539.221311,1.534315,-1.534523,-0.0,2.356242,0.2,-0.0227,0.199837,0.001317,camera_link,13.033334,gnm_closed_loop,,nominal,,True,ok,checkpoints/ablation_mnv2_baseline/best.pt,4.89,0.505,-0.0227,0.1262,-0.0007,0.3881,,,gnm_closed_loop,0.2,-0.0227,False,0,,isaac_live_final_20260708,,selected_baseline_live,,,,,,,False,hospital_goal_B,3.3438,True,0.505,-0.0227,0.2,-0.0227,True,armed,False,
livefinal_straight_medium_20260708_180855,200,13.050001,1783530539.223536,1.531964,-1.532172,-0.0,2.356242,0.2,-0.0227,0.199837,0.001317,camera_link,13.050001,gnm_closed_loop,,nominal,,True,ok,checkpoints/ablation_mnv2_baseline/best.pt,4.89,0.505,-0.0227,0.1262,-0.0007,0.3881,,,gnm_closed_loop,0.2,-0.0227,False,0,,isaac_live_final_20260708,,selected_baseline_live,,,,,,,False,hospital_goal_B,3.3405,True,0.505,-0.0227,0.2,-0.0227,True,armed,False,
livefinal_straight_medium_20260708_180855,201,13.066667,1783530539.239443,1.529613,-1.529822,-0.0,2.356241,0.2,-0.0236,0.199853,0.001337,camera_link,13.066667,gnm_closed_loop,,nominal,,True,ok,checkpoints/ablation_mnv2_baseline/best.pt,4.51,0.5227,-0.0236,0.1307,-0.0008,0.391,,,gnm_closed_loop,0.2,-0.0236,False,0,,isaac_live_final_20260708,,selected_baseline_live,,,,,,,False,hospital_goal_B,3.3371,True,0.5227,-0.0236,0.2,-0.0236,True,armed,False,
livefinal_straight_medium_20260708_180855,202,13.083334,1783530539.241879,1.527262,-1.527472,-0.0,2.35624,0.2,-0.0236,0.199853,0.001337,camera_link,13.083334,gnm_closed_loop,,nominal,,True,ok,checkpoints/ablation_mnv2_baseline/best.pt,4.51,0.5227,-0.0236,0.1307,-0.0008,0.391,,,gnm_closed_loop,0.2,-0.0236,False,0,,isaac_live_final_20260708,,selected_baseline_live,,,,,,,False,hospital_goal_B,3.3338,True,0.5227,-0.0236,0.2,-0.0236,True,armed,False,
livefinal_straight_medium_20260708_180855,203,13.100001,1783530539.243637,1.524912,-1.525121,-0.0,2.356239,0.2,-0.0236,0.199853,0.001337,camera_link,13.100001,gnm_closed_loop,,nominal,,True,ok,checkpoints/ablation_mnv2_baseline/best.pt,4.51,0.5227,-0.0236,0.1307,-0.0008,0.391,,,gnm_closed_loop,0.2,-0.0236,False,0,,isaac_live_final_20260708,,selected_baseline_live,,,,,,,False,hospital_goal_B,3.3305,True,0.5227,-0.0236,0.2,-0.0236,True,armed,False,
livefinal_straight_medium_20260708_180855,204,13.116667,1783530539.259236,1.522561,-1.522771,-0.0,2.356238,0.2,-0.0263,0.199824,0.000922,camera_link,13.116667,gnm_closed_loop,,nominal,,True,ok,checkpoints/ablation_mnv2_baseline/best.pt,4.25,0.5243,-0.0263,0.1311,-0.0009,0.3918,,,gnm_closed_loop,0.2,-0.0263,False,0,,isaac_live_final_20260708,,selected_baseline_live,,,,,,,False,hospital_goal_B,3.3272,True,0.5243,-0.0263,0.2,-0.0263,True,armed,False,
livefinal_straight_medium_20260708_180855,205,13.133334,1783530539.261492,1.52021,-1.520421,-0.0,2.356237,0.2,-0.0263,0.199824,0.000922,camera_link,13.133334,gnm_closed_loop,,nominal,,True,ok,checkpoints/ablation_mnv2_baseline/best.pt,4.25,0.5243,-0.0263,0.1311,-0.0009,0.3918,,,gnm_closed_loop,0.2,-0.0263,False,0,,isaac_live_final_20260708,,selected_baseline_live,,,,,,,False,hospital_goal_B,3.3238,True,0.5243,-0.0263,0.2,-0.0263,True,armed,False,
livefinal_straight_medium_20260708_180855,206,13.150001,1783530539.263438,1.517859,-1.51807,-0.0,2.356236,0.2,-0.0263,0.199824,0.000922,camera_link,13.150001,gnm_closed_loop,,nominal,,True,ok,checkpoints/ablation_mnv2_baseline/best.pt,4.25,0.5243,-0.0263,0.1311,-0.0009,0.3918,,,gnm_closed_loop,0.2,-0.0263,False,0,,isaac_live_final_20260708,,selected_baseline_live,,,,,,,False,hospital_goal_B,3.3205,True,0.5243,-0.0263,0.2,-0.0263,True,armed,False,
livefinal_straight_medium_20260708_180855,207,13.166667,1783530539.280665,1.515508,-1.51572,-0.0,2.356235,0.2,-0.0273,0.199821,0.001167,camera_link,13.166667,gnm_closed_loop,,nominal,,True,ok,checkpoints/ablation_mnv2_baseline/best.pt,5.19,0.5314,-0.0273,0.1328,-0.0009,0.3892,,,gnm_closed_loop,0.2,-0.0273,False,0,,isaac_live_final_20260708,,selected_baseline_live,,,,,,,False,hospital_goal_B,3.3172,True,0.5314,-0.0273,0.2,-0.0273,True,armed,False,
livefinal_straight_medium_20260708_180855,208,13.183334,1783530539.283083,1.513157,-1.51337,-0.0,2.356235,0.2,-0.0273,0.199821,0.001167,camera_link,13.183334,gnm_closed_loop,,nominal,,True,ok,checkpoints/ablation_mnv2_baseline/best.pt,5.19,0.5314,-0.0273,0.1328,-0.0009,0.3892,,,gnm_closed_loop,0.2,-0.0273,False,0,,isaac_live_final_20260708,,selected_baseline_live,,,,,,,False,hospital_goal_B,3.3139,True,0.5314,-0.0273,0.2,-0.0273,True,armed,False,
livefinal_straight_medium_20260708_180855,209,13.200001,1783530539.284997,1.510807,-1.51102,-0.0,2.356234,0.2,-0.0273,0.199821,0.001167,camera_link,13.200001,gnm_closed_loop,,nominal,,True,ok,checkpoints/ablation_mnv2_baseline/best.pt,5.19,0.5314,-0.0273,0.1328,-0.0009,0.3892,,,gnm_closed_loop,0.2,-0.0273,False,0,,isaac_live_final_20260708,,selected_baseline_live,,,,,,,False,hospital_goal_B,3.3106,True,0.5314,-0.0273,0.2,-0.0273,True,armed,False,
livefinal_straight_medium_20260708_180855,210,13.216667,1783530539.301018,1.508456,-1.50867,-0.0,2.356233,0.2,-0.0326,0.199827,0.001813,camera_link,13.216667,gnm_closed_loop,,nominal,,True,ok,checkpoints/ablation_mnv2_baseline/best.pt,4.18,0.5155,-0.0326,0.1289,-0.0011,0.3894,,,gnm_closed_loop,0.2,-0.0326,False,0,,isaac_live_final_20260708,,selected_baseline_live,,,,,,,False,hospital_goal_B,3.3072,True,0.5155,-0.0326,0.2,-0.0326,True,armed,False,
livefinal_straight_medium_20260708_180855,211,13.233334,1783530539.303344,1.506105,-1.506319,-0.0,2.356231,0.2,-0.0326,0.199827,0.001813,camera_link,13.233334,gnm_closed_loop,,nominal,,True,ok,checkpoints/ablation_mnv2_baseline/best.pt,4.18,0.5155,-0.0326,0.1289,-0.0011,0.3894,,,gnm_closed_loop,0.2,-0.0326,False,0,,isaac_live_final_20260708,,selected_baseline_live,,,,,,,False,hospital_goal_B,3.3039,True,0.5155,-0.0326,0.2,-0.0326,True,armed,False,
livefinal_straight_medium_20260708_180855,212,13.250001,1783530539.305242,1.503754,-1.503969,-0.0,2.35623,0.2,-0.0326,0.199827,0.001813,camera_link,13.250001,gnm_closed_loop,,nominal,,True,ok,checkpoints/ablation_mnv2_baseline/best.pt,4.18,0.5155,-0.0326,0.1289,-0.0011,0.3894,,,gnm_closed_loop,0.2,-0.0326,False,0,,isaac_live_final_20260708,,selected_baseline_live,,,,,,,False,hospital_goal_B,3.3006,True,0.5155,-0.0326,0.2,-0.0326,True,armed,False,
livefinal_straight_medium_20260708_180855,213,13.266667,1783530539.320936,1.501403,-1.501619,-0.0,2.35623,0.2,-0.0317,0.199843,0.001751,camera_link,13.266667,gnm_closed_loop,,nominal,,True,ok,checkpoints/ablation_mnv2_baseline/best.pt,4.26,0.5168,-0.0317,0.1292,-0.001,0.3847,,,gnm_closed_loop,0.2,-0.0317,False,0,,isaac_live_final_20260708,,selected_baseline_live,,,,,,,False,hospital_goal_B,3.2973,True,0.5168,-0.0317,0.2,-0.0317,True,armed,False,
livefinal_straight_medium_20260708_180855,214,13.283334,1783530539.324318,1.499053,-1.499268,-0.0,2.356228,0.2,-0.0317,0.199843,0.001751,camera_link,13.283334,gnm_closed_loop,,nominal,,True,ok,checkpoints/ablation_mnv2_baseline/best.pt,4.26,0.5168,-0.0317,0.1292,-0.001,0.3847,,,gnm_closed_loop,0.2,-0.0317,False,0,,isaac_live_final_20260708,,selected_baseline_live,,,,,,,False,hospital_goal_B,3.2939,True,0.5168,-0.0317,0.2,-0.0317,True,armed,False,
livefinal_straight_medium_20260708_180855,215,13.300001,1783530539.50088,1.496702,-1.496917,-0.0,2.356227,0.2,-0.0317,0.199843,0.001751,camera_link,13.300001,gnm_closed_loop,,nominal,,True,ok,checkpoints/ablation_mnv2_baseline/best.pt,4.26,0.5168,-0.0317,0.1292,-0.001,0.3847,,,gnm_closed_loop,0.2,-0.0317,False,0,,isaac_live_final_20260708,,selected_baseline_live,,,,,,,False,hospital_goal_B,3.2906,True,0.5168,-0.0317,0.2,-0.0317,True,armed,False,
livefinal_straight_medium_20260708_180855,216,13.316667,1783530539.517007,1.494352,-1.494567,-0.0,2.356226,0.2,-0.0282,0.199821,0.001447,camera_link,13.316667,gnm_closed_loop,,nominal,,True,ok,checkpoints/ablation_mnv2_baseline/best.pt,4.81,0.5083,-0.0282,0.1271,-0.0009,0.3772,,,gnm_closed_loop,0.2,-0.0282,False,0,,isaac_live_final_20260708,,selected_baseline_live,,,,,,,False,hospital_goal_B,3.2873,True,0.5083,-0.0282,0.2,-0.0282,True,armed,False,
livefinal_straight_medium_20260708_180855,217,13.333334,1783530539.519696,1.492,-1.492216,-0.0,2.356225,0.2,-0.0282,0.199821,0.001447,camera_link,13.333334,gnm_closed_loop,,nominal,,True,ok,checkpoints/ablation_mnv2_baseline/best.pt,4.81,0.5083,-0.0282,0.1271,-0.0009,0.3772,,,gnm_closed_loop,0.2,-0.0282,False,0,,isaac_live_final_20260708,,selected_baseline_live,,,,,,,False,hospital_goal_B,3.284,True,0.5083,-0.0282,0.2,-0.0282,True,armed,False,
livefinal_straight_medium_20260708_180855,218,13.350001,1783530539.522303,1.489649,-1.489866,-0.0,2.356224,0.2,-0.0282,0.199821,0.001447,camera_link,13.350001,gnm_closed_loop,,nominal,,True,ok,checkpoints/ablation_mnv2_baseline/best.pt,4.81,0.5083,-0.0282,0.1271,-0.0009,0.3772,,,gnm_closed_loop,0.2,-0.0282,False,0,,isaac_live_final_20260708,,selected_baseline_live,,,,,,,False,hospital_goal_B,3.2806,True,0.5083,-0.0282,0.2,-0.0282,True,armed,False,
livefinal_straight_medium_20260708_180855,219,13.366667,1783530539.537921,1.487299,-1.487516,-0.0,2.356223,0.2,-0.0271,0.199788,0.001187,camera_link,13.366667,gnm_closed_loop,,nominal,,True,ok,checkpoints/ablation_mnv2_baseline/best.pt,4.59,0.4944,-0.0271,0.1236,-0.0008,0.3719,,,gnm_closed_loop,0.2,-0.0271,False,0,,isaac_live_final_20260708,,selected_baseline_live,,,,,,,False,hospital_goal_B,3.2773,True,0.4944,-0.0271,0.2,-0.0271,True,armed,False,
livefinal_straight_medium_20260708_180855,220,13.383334,1783530539.541083,1.484948,-1.485165,-0.0,2.356222,0.2,-0.0271,0.199788,0.001187,camera_link,13.383334,gnm_closed_loop,,nominal,,True,ok,checkpoints/ablation_mnv2_baseline/best.pt,4.59,0.4944,-0.0271,0.1236,-0.0008,0.3719,,,gnm_closed_loop,0.2,-0.0271,False,0,,isaac_live_final_20260708,,selected_baseline_live,,,,,,,False,hospital_goal_B,3.274,True,0.4944,-0.0271,0.2,-0.0271,True,armed,False,
livefinal_straight_medium_20260708_180855,221,13.400001,1783530539.542963,1.482597,-1.482815,-0.0,2.356221,0.2,-0.0271,0.199788,0.001187,camera_link,13.400001,gnm_closed_loop,,nominal,,True,ok,checkpoints/ablation_mnv2_baseline/best.pt,4.59,0.4944,-0.0271,0.1236,-0.0008,0.3719,,,gnm_closed_loop,0.2,-0.0271,False,0,,isaac_live_final_20260708,,selected_baseline_live,,,,,,,False,hospital_goal_B,3.2707,True,0.4944,-0.0271,0.2,-0.0271,True,armed,False,
livefinal_straight_medium_20260708_180855,222,13.416667,1783530539.562374,1.480247,-1.480465,-0.0,2.356221,0.2,-0.0257,0.199853,0.000977,camera_link,13.416667,gnm_closed_loop,,nominal,,True,ok,checkpoints/ablation_mnv2_baseline/best.pt,4.98,0.4881,-0.0257,0.122,-0.0008,0.3771,,,gnm_closed_loop,0.2,-0.0257,False,0,,isaac_live_final_20260708,,selected_baseline_live,,,,,,,False,hospital_goal_B,3.2673,True,0.4881,-0.0257,0.2,-0.0257,True,armed,False,
livefinal_straight_medium_20260708_180855,223,13.433334,1783530539.565199,1.477896,-1.478114,-0.0,2.35622,0.2,-0.0257,0.199853,0.000977,camera_link,13.433334,gnm_closed_loop,,nominal,,True,ok,checkpoints/ablation_mnv2_baseline/best.pt,4.98,0.4881,-0.0257,0.122,-0.0008,0.3771,,,gnm_closed_loop,0.2,-0.0257,False,0,,isaac_live_final_20260708,,selected_baseline_live,,,,,,,False,hospital_goal_B,3.264,True,0.4881,-0.0257,0.2,-0.0257,True,armed,False,
livefinal_straight_medium_20260708_180855,224,13.450001,1783530539.567035,1.475545,-1.475764,-0.0,2.356219,0.2,-0.0257,0.199853,0.000977,camera_link,13.450001,gnm_closed_loop,,nominal,,True,ok,checkpoints/ablation_mnv2_baseline/best.pt,4.98,0.4881,-0.0257,0.122,-0.0008,0.3771,,,gnm_closed_loop,0.2,-0.0257,False,0,,isaac_live_final_20260708,,selected_baseline_live,,,,,,,False,hospital_goal_B,3.2607,True,0.4881,-0.0257,0.2,-0.0257,True,armed,False,
livefinal_straight_medium_20260708_180855,225,13.466667,1783530539.583777,1.473194,-1.473413,-0.0,2.356218,0.2,-0.0214,0.199846,0.001357,camera_link,13.466667,gnm_closed_loop,,nominal,,True,ok,checkpoints/ablation_mnv2_baseline/best.pt,4.53,0.4745,-0.0214,0.1186,-0.0006,0.3772,,,gnm_closed_loop,0.2,-0.0214,False,0,,isaac_live_final_20260708,,selected_baseline_live,,,,,,,False,hospital_goal_B,3.2574,True,0.4745,-0.0214,0.2,-0.0214,True,armed,False,
livefinal_straight_medium_20260708_180855,226,13.483334,1783530539.586487,1.470843,-1.471063,-0.0,2.356217,0.2,-0.0214,0.199846,0.001357,camera_link,13.483334,gnm_closed_loop,,nominal,,True,ok,checkpoints/ablation_mnv2_baseline/best.pt,4.53,0.4745,-0.0214,0.1186,-0.0006,0.3772,,,gnm_closed_loop,0.2,-0.0214,False,0,,isaac_live_final_20260708,,selected_baseline_live,,,,,,,False,hospital_goal_B,3.254,True,0.4745,-0.0214,0.2,-0.0214,True,armed,False,
livefinal_straight_medium_20260708_180855,227,13.500001,1783530539.588504,1.468492,-1.468712,-0.0,2.356216,0.2,-0.0214,0.199846,0.001357,camera_link,13.500001,gnm_closed_loop,,nominal,,True,ok,checkpoints/ablation_mnv2_baseline/best.pt,4.53,0.4745,-0.0214,0.1186,-0.0006,0.3772,,,gnm_closed_loop,0.2,-0.0214,False,0,,isaac_live_final_20260708,,selected_baseline_live,,,,,,,False,hospital_goal_B,3.2507,True,0.4745,-0.0214,0.2,-0.0214,True,armed,False,
livefinal_straight_medium_20260708_180855,228,13.516667,1783530539.61071,1.466142,-1.466362,-0.0,2.356216,0.2,-0.0201,0.199822,0.001242,camera_link,13.516667,gnm_closed_loop,,nominal,,True,ok,checkpoints/ablation_mnv2_baseline/best.pt,8.84,0.4662,-0.0201,0.1166,-0.0006,0.3748,,,gnm_closed_loop,0.2,-0.0201,False,0,,isaac_live_final_20260708,,selected_baseline_live,,,,,,,False,hospital_goal_B,3.2474,True,0.4662,-0.0201,0.2,-0.0201,True,armed,False,
livefinal_straight_medium_20260708_180855,229,13.533334,1783530539.613166,1.463791,-1.464011,-0.0,2.356215,0.2,-0.0201,0.199822,0.001242,camera_link,13.533334,gnm_closed_loop,,nominal,,True,ok,checkpoints/ablation_mnv2_baseline/best.pt,8.84,0.4662,-0.0201,0.1166,-0.0006,0.3748,,,gnm_closed_loop,0.2,-0.0201,False,0,,isaac_live_final_20260708,,selected_baseline_live,,,,,,,False,hospital_goal_B,3.2441,True,0.4662,-0.0201,0.2,-0.0201,True,armed,False,
livefinal_straight_medium_20260708_180855,230,13.550001,1783530539.615322,1.46144,-1.46166,-0.0,2.356214,0.2,-0.0201,0.199822,0.001242,camera_link,13.550001,gnm_closed_loop,,nominal,,True,ok,checkpoints/ablation_mnv2_baseline/best.pt,8.84,0.4662,-0.0201,0.1166,-0.0006,0.3748,,,gnm_closed_loop,0.2,-0.0201,False,0,,isaac_live_final_20260708,,selected_baseline_live,,,,,,,False,hospital_goal_B,3.2407,True,0.4662,-0.0201,0.2,-0.0201,True,armed,False,
livefinal_straight_medium_20260708_180855,231,13.566667,1783530539.634925,1.459088,-1.459309,-0.0,2.356213,0.2,-0.0222,0.199832,0.001028,camera_link,13.566667,gnm_closed_loop,,nominal,,True,ok,checkpoints/ablation_mnv2_baseline/best.pt,4.34,0.4725,-0.0222,0.1181,-0.0007,0.3746,,,gnm_closed_loop,0.2,-0.0222,False,0,,isaac_live_final_20260708,,selected_baseline_live,,,,,,,False,hospital_goal_B,3.2374,True,0.4725,-0.0222,0.2,-0.0222,True,armed,False,
livefinal_straight_medium_20260708_180855,232,13.583334,1783530539.637251,1.456737,-1.456959,-0.0,2.356213,0.2,-0.0222,0.199832,0.001028,camera_link,13.583334,gnm_closed_loop,,nominal,,True,ok,checkpoints/ablation_mnv2_baseline/best.pt,4.34,0.4725,-0.0222,0.1181,-0.0007,0.3746,,,gnm_closed_loop,0.2,-0.0222,False,0,,isaac_live_final_20260708,,selected_baseline_live,,,,,,,False,hospital_goal_B,3.2341,True,0.4725,-0.0222,0.2,-0.0222,True,armed,False,
livefinal_straight_medium_20260708_180855,233,13.600001,1783530539.639018,1.454386,-1.454608,-0.0,2.356212,0.2,-0.0222,0.199832,0.001028,camera_link,13.600001,gnm_closed_loop,,nominal,,True,ok,checkpoints/ablation_mnv2_baseline/best.pt,4.34,0.4725,-0.0222,0.1181,-0.0007,0.3746,,,gnm_closed_loop,0.2,-0.0222,False,0,,isaac_live_final_20260708,,selected_baseline_live,,,,,,,False,hospital_goal_B,3.2308,True,0.4725,-0.0222,0.2,-0.0222,True,armed,False,
livefinal_straight_medium_20260708_180855,234,13.616667,1783530539.654353,1.452036,-1.452258,-0.0,2.356212,0.2,-0.0253,0.199832,0.000719,camera_link,13.616667,gnm_closed_loop,,nominal,,True,ok,checkpoints/ablation_mnv2_baseline/best.pt,4.58,0.4791,-0.0253,0.1198,-0.0008,0.3772,,,gnm_closed_loop,0.2,-0.0253,False,0,,isaac_live_final_20260708,,selected_baseline_live,,,,,,,False,hospital_goal_B,3.2274,True,0.4791,-0.0253,0.2,-0.0253,True,armed,False,
livefinal_straight_medium_20260708_180855,235,13.633334,1783530539.657145,1.449685,-1.449907,-0.0,2.356211,0.2,-0.0253,0.199832,0.000719,camera_link,13.633334,gnm_closed_loop,,nominal,,True,ok,checkpoints/ablation_mnv2_baseline/best.pt,4.58,0.4791,-0.0253,0.1198,-0.0008,0.3772,,,gnm_closed_loop,0.2,-0.0253,False,0,,isaac_live_final_20260708,,selected_baseline_live,,,,,,,False,hospital_goal_B,3.2241,True,0.4791,-0.0253,0.2,-0.0253,True,armed,False,
livefinal_straight_medium_20260708_180855,236,13.650001,1783530539.659009,1.447334,-1.447556,-0.0,2.35621,0.2,-0.0253,0.199832,0.000719,camera_link,13.650001,gnm_closed_loop,,nominal,,True,ok,checkpoints/ablation_mnv2_baseline/best.pt,4.58,0.4791,-0.0253,0.1198,-0.0008,0.3772,,,gnm_closed_loop,0.2,-0.0253,False,0,,isaac_live_final_20260708,,selected_baseline_live,,,,,,,False,hospital_goal_B,3.2208,True,0.4791,-0.0253,0.2,-0.0253,True,armed,False,
livefinal_straight_medium_20260708_180855,237,13.666667,1783530539.674968,1.444984,-1.445205,-0.0,2.356209,0.2,-0.0261,0.199833,0.001274,camera_link,13.666667,gnm_closed_loop,,nominal,,True,ok,checkpoints/ablation_mnv2_baseline/best.pt,4.58,0.4968,-0.0261,0.1242,-0.0008,0.3735,,,gnm_closed_loop,0.2,-0.0261,False,0,,isaac_live_final_20260708,,selected_baseline_live,,,,,,,False,hospital_goal_B,3.2175,True,0.4968,-0.0261,0.2,-0.0261,True,armed,False,
livefinal_straight_medium_20260708_180855,238,13.683334,1783530539.677149,1.442633,-1.442855,-0.0,2.356207,0.2,-0.0261,0.199833,0.001274,camera_link,13.683334,gnm_closed_loop,,nominal,,True,ok,checkpoints/ablation_mnv2_baseline/best.pt,4.58,0.4968,-0.0261,0.1242,-0.0008,0.3735,,,gnm_closed_loop,0.2,-0.0261,False,0,,isaac_live_final_20260708,,selected_baseline_live,,,,,,,False,hospital_goal_B,3.2141,True,0.4968,-0.0261,0.2,-0.0261,True,armed,False,
livefinal_straight_medium_20260708_180855,239,13.700001,1783530539.679122,1.440282,-1.440504,-0.0,2.356207,0.2,-0.0261,0.199833,0.001274,camera_link,13.700001,gnm_closed_loop,,nominal,,True,ok,checkpoints/ablation_mnv2_baseline/best.pt,4.58,0.4968,-0.0261,0.1242,-0.0008,0.3735,,,gnm_closed_loop,0.2,-0.0261,False,0,,isaac_live_final_20260708,,selected_baseline_live,,,,,,,False,hospital_goal_B,3.2108,True,0.4968,-0.0261,0.2,-0.0261,True,armed,False,
livefinal_straight_medium_20260708_180855,240,13.716667,1783530539.694575,1.437931,-1.438154,-0.0,2.356205,0.2,-0.0272,0.199843,0.001606,camera_link,13.716667,gnm_closed_loop,,nominal,,True,ok,checkpoints/ablation_mnv2_baseline/best.pt,4.48,0.5069,-0.0272,0.1267,-0.0009,0.3736,,,gnm_closed_loop,0.2,-0.0272,False,0,,isaac_live_final_20260708,,selected_baseline_live,,,,,,,False,hospital_goal_B,3.2075,True,0.5069,-0.0272,0.2,-0.0272,True,armed,False,
livefinal_straight_medium_20260708_180855,241,13.733334,1783530539.697165,1.43558,-1.435803,-0.0,2.356204,0.2,-0.0272,0.199843,0.001606,camera_link,13.733334,gnm_closed_loop,,nominal,,True,ok,checkpoints/ablation_mnv2_baseline/best.pt,4.48,0.5069,-0.0272,0.1267,-0.0009,0.3736,,,gnm_closed_loop,0.2,-0.0272,False,0,,isaac_live_final_20260708,,selected_baseline_live,,,,,,,False,hospital_goal_B,3.2042,True,0.5069,-0.0272,0.2,-0.0272,True,armed,False,
livefinal_straight_medium_20260708_180855,242,13.750001,1783530539.699382,1.433229,-1.433452,-0.0,2.356202,0.2,-0.0272,0.199843,0.001606,camera_link,13.750001,gnm_closed_loop,,nominal,,True,ok,checkpoints/ablation_mnv2_baseline/best.pt,4.48,0.5069,-0.0272,0.1267,-0.0009,0.3736,,,gnm_closed_loop,0.2,-0.0272,False,0,,isaac_live_final_20260708,,selected_baseline_live,,,,,,,False,hospital_goal_B,3.2008,True,0.5069,-0.0272,0.2,-0.0272,True,armed,False,
livefinal_straight_medium_20260708_180855,243,13.766667,1783530539.714126,1.430878,-1.431102,-0.0,2.356202,0.2,-0.0223,0.199852,0.000194,camera_link,13.766667,gnm_closed_loop,,nominal,,True,ok,checkpoints/ablation_mnv2_baseline/best.pt,4.64,0.5216,-0.0223,0.1304,-0.0007,0.3756,,,gnm_closed_loop,0.2,-0.0223,False,0,,isaac_live_final_20260708,,selected_baseline_live,,,,,,,False,hospital_goal_B,3.1975,True,0.5216,-0.0223,0.2,-0.0223,True,armed,False,
livefinal_straight_medium_20260708_180855,244,13.783334,1783530539.717325,1.428528,-1.428751,-0.0,2.356201,0.2,-0.0223,0.199852,0.000194,camera_link,13.783334,gnm_closed_loop,,nominal,,True,ok,checkpoints/ablation_mnv2_baseline/best.pt,4.64,0.5216,-0.0223,0.1304,-0.0007,0.3756,,,gnm_closed_loop,0.2,-0.0223,False,0,,isaac_live_final_20260708,,selected_baseline_live,,,,,,,False,hospital_goal_B,3.1942,True,0.5216,-0.0223,0.2,-0.0223,True,armed,False,
livefinal_straight_medium_20260708_180855,245,13.800001,1783530539.719285,1.426177,-1.4264,-0.0,2.356201,0.2,-0.0223,0.199852,0.000194,camera_link,13.800001,gnm_closed_loop,,nominal,,True,ok,checkpoints/ablation_mnv2_baseline/best.pt,4.64,0.5216,-0.0223,0.1304,-0.0007,0.3756,,,gnm_closed_loop,0.2,-0.0223,False,0,,isaac_live_final_20260708,,selected_baseline_live,,,,,,,False,hospital_goal_B,3.1909,True,0.5216,-0.0223,0.2,-0.0223,True,armed,False,
livefinal_straight_medium_20260708_180855,246,13.816667,1783530539.734251,1.423826,-1.424049,-0.0,2.3562,0.2,-0.0212,0.199864,0.002314,camera_link,13.816667,gnm_closed_loop,,nominal,,True,ok,checkpoints/ablation_mnv2_baseline/best.pt,4.59,0.5163,-0.0212,0.1291,-0.0007,0.3732,,,gnm_closed_loop,0.2,-0.0212,False,0,,isaac_live_final_20260708,,selected_baseline_live,,,,,,,False,hospital_goal_B,3.1875,True,0.5163,-0.0212,0.2,-0.0212,True,armed,False,
livefinal_straight_medium_20260708_180855,247,13.833334,1783530539.736476,1.421476,-1.421699,-0.0,2.356199,0.2,-0.0212,0.199864,0.002314,camera_link,13.833334,gnm_closed_loop,,nominal,,True,ok,checkpoints/ablation_mnv2_baseline/best.pt,4.59,0.5163,-0.0212,0.1291,-0.0007,0.3732,,,gnm_closed_loop,0.2,-0.0212,False,0,,isaac_live_final_20260708,,selected_baseline_live,,,,,,,False,hospital_goal_B,3.1842,True,0.5163,-0.0212,0.2,-0.0212,True,armed,False,
livefinal_straight_medium_20260708_180855,248,13.850001,1783530539.738384,1.419125,-1.419348,-0.0,2.356198,0.2,-0.0212,0.199864,0.002314,camera_link,13.850001,gnm_closed_loop,,nominal,,True,ok,checkpoints/ablation_mnv2_baseline/best.pt,4.59,0.5163,-0.0212,0.1291,-0.0007,0.3732,,,gnm_closed_loop,0.2,-0.0212,False,0,,isaac_live_final_20260708,,selected_baseline_live,,,,,,,False,hospital_goal_B,3.1809,True,0.5163,-0.0212,0.2,-0.0212,True,armed,False,
livefinal_straight_medium_20260708_180855,249,13.866667,1783530539.753569,1.416774,-1.416997,-0.0,2.356198,0.2,-0.0209,0.199846,0.000558,camera_link,13.866667,gnm_closed_loop,,nominal,,True,ok,checkpoints/ablation_mnv2_baseline/best.pt,4.59,0.5131,-0.0209,0.1283,-0.0007,0.3754,,,gnm_closed_loop,0.2,-0.0209,False,0,,isaac_live_final_20260708,,selected_baseline_live,,,,,,,False,hospital_goal_B,3.1776,True,0.5131,-0.0209,0.2,-0.0209,True,armed,False,
livefinal_straight_medium_20260708_180855,250,13.883334,1783530539.755864,1.414424,-1.414647,-0.0,2.356197,0.2,-0.0209,0.199846,0.000558,camera_link,13.883334,gnm_closed_loop,,nominal,,True,ok,checkpoints/ablation_mnv2_baseline/best.pt,4.59,0.5131,-0.0209,0.1283,-0.0007,0.3754,,,gnm_closed_loop,0.2,-0.0209,False,0,,isaac_live_final_20260708,,selected_baseline_live,,,,,,,False,hospital_goal_B,3.1743,True,0.5131,-0.0209,0.2,-0.0209,True,armed,False,
livefinal_straight_medium_20260708_180855,251,13.900001,1783530539.757736,1.412072,-1.412297,-0.0,2.356196,0.2,-0.0209,0.199846,0.000558,camera_link,13.900001,gnm_closed_loop,,nominal,,True,ok,checkpoints/ablation_mnv2_baseline/best.pt,4.59,0.5131,-0.0209,0.1283,-0.0007,0.3754,,,gnm_closed_loop,0.2,-0.0209,False,0,,isaac_live_final_20260708,,selected_baseline_live,,,,,,,False,hospital_goal_B,3.1709,True,0.5131,-0.0209,0.2,-0.0209,True,armed,False,
livefinal_straight_medium_20260708_180855,252,13.916667,1783530539.773638,1.409722,-1.409946,-0.0,2.356196,0.2,-0.0201,0.199837,0.001024,camera_link,13.916667,gnm_closed_loop,,nominal,,True,ok,checkpoints/ablation_mnv2_baseline/best.pt,4.04,0.5064,-0.0201,0.1266,-0.0006,0.3734,,,gnm_closed_loop,0.2,-0.0201,False,0,,isaac_live_final_20260708,,selected_baseline_live,,,,,,,False,hospital_goal_B,3.1676,True,0.5064,-0.0201,0.2,-0.0201,True,armed,False,
livefinal_straight_medium_20260708_180855,253,13.933334,1783530539.776412,1.407372,-1.407596,-0.0,2.356195,0.2,-0.0201,0.199837,0.001024,camera_link,13.933334,gnm_closed_loop,,nominal,,True,ok,checkpoints/ablation_mnv2_baseline/best.pt,4.04,0.5064,-0.0201,0.1266,-0.0006,0.3734,,,gnm_closed_loop,0.2,-0.0201,False,0,,isaac_live_final_20260708,,selected_baseline_live,,,,,,,False,hospital_goal_B,3.1643,True,0.5064,-0.0201,0.2,-0.0201,True,armed,False,
livefinal_straight_medium_20260708_180855,254,13.950001,1783530539.778428,1.405021,-1.405245,-0.0,2.356195,0.2,-0.0201,0.199837,0.001024,camera_link,13.950001,gnm_closed_loop,,nominal,,True,ok,checkpoints/ablation_mnv2_baseline/best.pt,4.04,0.5064,-0.0201,0.1266,-0.0006,0.3734,,,gnm_closed_loop,0.2,-0.0201,False,0,,isaac_live_final_20260708,,selected_baseline_live,,,,,,,False,hospital_goal_B,3.161,True,0.5064,-0.0201,0.2,-0.0201,True,armed,False,
livefinal_straight_medium_20260708_180855,255,13.966667,1783530539.793327,1.40267,-1.402895,-0.0,2.356194,0.2,-0.0199,0.199827,0.000508,camera_link,13.966667,gnm_closed_loop,,nominal,,True,ok,checkpoints/ablation_mnv2_baseline/best.pt,4.43,0.4842,-0.0199,0.1211,-0.0006,0.3722,,,gnm_closed_loop,0.2,-0.0199,False,0,,isaac_live_final_20260708,,selected_baseline_live,,,,,,,False,hospital_goal_B,3.1576,True,0.4842,-0.0199,0.2,-0.0199,True,armed,False,
livefinal_straight_medium_20260708_180855,256,13.983334,1783530539.795525,1.400319,-1.400544,-0.0,2.356194,0.2,-0.0199,0.199827,0.000508,camera_link,13.983334,gnm_closed_loop,,nominal,,True,ok,checkpoints/ablation_mnv2_baseline/best.pt,4.43,0.4842,-0.0199,0.1211,-0.0006,0.3722,,,gnm_closed_loop,0.2,-0.0199,False,0,,isaac_live_final_20260708,,selected_baseline_live,,,,,,,False,hospital_goal_B,3.1543,True,0.4842,-0.0199,0.2,-0.0199,True,armed,False,
livefinal_straight_medium_20260708_180855,257,14.000001,1783530539.79742,1.397968,-1.398193,-0.0,2.356193,0.2,-0.0199,0.199827,0.000508,camera_link,14.000001,gnm_closed_loop,,nominal,,True,ok,checkpoints/ablation_mnv2_baseline/best.pt,4.43,0.4842,-0.0199,0.1211,-0.0006,0.3722,,,gnm_closed_loop,0.2,-0.0199,False,0,,isaac_live_final_20260708,,selected_baseline_live,,,,,,,False,hospital_goal_B,3.151,True,0.4842,-0.0199,0.2,-0.0199,True,armed,False,
livefinal_straight_medium_20260708_180855,258,14.016667,1783530539.815652,1.395617,-1.395842,-0.0,2.356192,0.2,-0.0216,0.199865,0.001031,camera_link,14.016667,gnm_closed_loop,,nominal,,True,ok,checkpoints/ablation_mnv2_baseline/best.pt,4.55,0.4776,-0.0216,0.1194,-0.0006,0.3763,,,gnm_closed_loop,0.2,-0.0216,False,0,,isaac_live_final_20260708,,selected_baseline_live,,,,,,,False,hospital_goal_B,3.1477,True,0.4776,-0.0216,0.2,-0.0216,True,armed,False,
livefinal_straight_medium_20260708_180855,259,14.033334,1783530539.817922,1.393266,-1.393491,-0.0,2.356192,0.2,-0.0216,0.199865,0.001031,camera_link,14.033334,gnm_closed_loop,,nominal,,True,ok,checkpoints/ablation_mnv2_baseline/best.pt,4.55,0.4776,-0.0216,0.1194,-0.0006,0.3763,,,gnm_closed_loop,0.2,-0.0216,False,0,,isaac_live_final_20260708,,selected_baseline_live,,,,,,,False,hospital_goal_B,3.1443,True,0.4776,-0.0216,0.2,-0.0216,True,armed,False,
livefinal_straight_medium_20260708_180855,260,14.050001,1783530539.819794,1.390915,-1.391139,-0.0,2.356191,0.2,-0.0216,0.199865,0.001031,camera_link,14.050001,gnm_closed_loop,,nominal,,True,ok,checkpoints/ablation_mnv2_baseline/best.pt,4.55,0.4776,-0.0216,0.1194,-0.0006,0.3763,,,gnm_closed_loop,0.2,-0.0216,False,0,,isaac_live_final_20260708,,selected_baseline_live,,,,,,,False,hospital_goal_B,3.141,True,0.4776,-0.0216,0.2,-0.0216,True,armed,False,
livefinal_straight_medium_20260708_180855,261,14.066667,1783530539.835302,1.388564,-1.388788,-0.0,2.356191,0.2,-0.0186,0.199858,0.000814,camera_link,14.066667,gnm_closed_loop,,nominal,,True,ok,checkpoints/ablation_mnv2_baseline/best.pt,4.71,0.4868,-0.0186,0.1217,-0.0006,0.3801,,,gnm_closed_loop,0.2,-0.0186,False,0,,isaac_live_final_20260708,,selected_baseline_live,,,,,,,False,hospital_goal_B,3.1377,True,0.4868,-0.0186,0.2,-0.0186,True,armed,False,
livefinal_straight_medium_20260708_180855,262,14.083334,1783530539.837505,1.386213,-1.386437,-0.0,2.35619,0.2,-0.0186,0.199858,0.000814,camera_link,14.083334,gnm_closed_loop,,nominal,,True,ok,checkpoints/ablation_mnv2_baseline/best.pt,4.71,0.4868,-0.0186,0.1217,-0.0006,0.3801,,,gnm_closed_loop,0.2,-0.0186,False,0,,isaac_live_final_20260708,,selected_baseline_live,,,,,,,False,hospital_goal_B,3.1344,True,0.4868,-0.0186,0.2,-0.0186,True,armed,False,
livefinal_straight_medium_20260708_180855,263,14.100001,1783530539.83947,1.383863,-1.384086,-0.0,2.356189,0.2,-0.0186,0.199858,0.000814,camera_link,14.100001,gnm_closed_loop,,nominal,,True,ok,checkpoints/ablation_mnv2_baseline/best.pt,4.71,0.4868,-0.0186,0.1217,-0.0006,0.3801,,,gnm_closed_loop,0.2,-0.0186,False,0,,isaac_live_final_20260708,,selected_baseline_live,,,,,,,False,hospital_goal_B,3.131,True,0.4868,-0.0186,0.2,-0.0186,True,armed,False,
livefinal_straight_medium_20260708_180855,264,14.116667,1783530539.854436,1.381512,-1.381735,-0.0,2.356189,0.2,-0.0202,0.199834,0.000993,camera_link,14.116667,gnm_closed_loop,,nominal,,True,ok,checkpoints/ablation_mnv2_baseline/best.pt,4.07,0.4899,-0.0202,0.1225,-0.0006,0.3785,,,gnm_closed_loop,0.2,-0.0202,False,0,,isaac_live_final_20260708,,selected_baseline_live,,,,,,,False,hospital_goal_B,3.1277,True,0.4899,-0.0202,0.2,-0.0202,True,armed,False,
livefinal_straight_medium_20260708_180855,265,14.133334,1783530539.856656,1.379161,-1.379384,-0.0,2.356188,0.2,-0.0202,0.199834,0.000993,camera_link,14.133334,gnm_closed_loop,,nominal,,True,ok,checkpoints/ablation_mnv2_baseline/best.pt,4.07,0.4899,-0.0202,0.1225,-0.0006,0.3785,,,gnm_closed_loop,0.2,-0.0202,False,0,,isaac_live_final_20260708,,selected_baseline_live,,,,,,,False,hospital_goal_B,3.1244,True,0.4899,-0.0202,0.2,-0.0202,True,armed,False,
livefinal_straight_medium_20260708_180855,266,14.150001,1783530539.858583,1.37681,-1.377033,-0.0,2.356188,0.2,-0.0202,0.199834,0.000993,camera_link,14.150001,gnm_closed_loop,,nominal,,True,ok,checkpoints/ablation_mnv2_baseline/best.pt,4.07,0.4899,-0.0202,0.1225,-0.0006,0.3785,,,gnm_closed_loop,0.2,-0.0202,False,0,,isaac_live_final_20260708,,selected_baseline_live,,,,,,,False,hospital_goal_B,3.1211,True,0.4899,-0.0202,0.2,-0.0202,True,armed,False,
livefinal_straight_medium_20260708_180855,267,14.166667,1783530539.874876,1.37446,-1.374683,-0.0,2.356187,0.2,-0.0194,0.199852,0.001435,camera_link,14.166667,gnm_closed_loop,,nominal,,True,ok,checkpoints/ablation_mnv2_baseline/best.pt,4.24,0.4767,-0.0194,0.1192,-0.0006,0.3783,,,gnm_closed_loop,0.2,-0.0194,False,0,,isaac_live_final_20260708,,selected_baseline_live,,,,,,,False,hospital_goal_B,3.1177,True,0.4767,-0.0194,0.2,-0.0194,True,armed,False,
livefinal_straight_medium_20260708_180855,268,14.183334,1783530539.877132,1.372109,-1.372332,-0.0,2.356187,0.2,-0.0194,0.199852,0.001435,camera_link,14.183334,gnm_closed_loop,,nominal,,True,ok,checkpoints/ablation_mnv2_baseline/best.pt,4.24,0.4767,-0.0194,0.1192,-0.0006,0.3783,,,gnm_closed_loop,0.2,-0.0194,False,0,,isaac_live_final_20260708,,selected_baseline_live,,,,,,,False,hospital_goal_B,3.1144,True,0.4767,-0.0194,0.2,-0.0194,True,armed,False,
livefinal_straight_medium_20260708_180855,269,14.200001,1783530539.878978,1.369758,-1.36998,-0.0,2.356186,0.2,-0.0194,0.199852,0.001435,camera_link,14.200001,gnm_closed_loop,,nominal,,True,ok,checkpoints/ablation_mnv2_baseline/best.pt,4.24,0.4767,-0.0194,0.1192,-0.0006,0.3783,,,gnm_closed_loop,0.2,-0.0194,False,0,,isaac_live_final_20260708,,selected_baseline_live,,,,,,,False,hospital_goal_B,3.1111,True,0.4767,-0.0194,0.2,-0.0194,True,armed,False,
livefinal_straight_medium_20260708_180855,270,14.216667,1783530539.902776,1.367406,-1.367629,-0.0,2.356186,0.2,-0.0163,0.199845,0.001327,camera_link,14.216667,gnm_closed_loop,,nominal,,True,ok,checkpoints/ablation_mnv2_baseline/best.pt,5.79,0.483,-0.0163,0.1207,-0.0005,0.3833,,,gnm_closed_loop,0.2,-0.0163,False,0,,isaac_live_final_20260708,,selected_baseline_live,,,,,,,False,hospital_goal_B,3.1078,True,0.483,-0.0163,0.2,-0.0163,True,armed,False,
livefinal_straight_medium_20260708_180855,271,14.233334,1783530539.906398,1.365055,-1.365278,-0.0,2.356185,0.2,-0.0163,0.199845,0.001327,camera_link,14.233334,gnm_closed_loop,,nominal,,True,ok,checkpoints/ablation_mnv2_baseline/best.pt,5.79,0.483,-0.0163,0.1207,-0.0005,0.3833,,,gnm_closed_loop,0.2,-0.0163,False,0,,isaac_live_final_20260708,,selected_baseline_live,,,,,,,False,hospital_goal_B,3.1044,True,0.483,-0.0163,0.2,-0.0163,True,armed,False,
livefinal_straight_medium_20260708_180855,272,14.250001,1783530539.910311,1.362704,-1.362927,-0.0,2.356185,0.2,-0.0163,0.199845,0.001327,camera_link,14.250001,gnm_closed_loop,,nominal,,True,ok,checkpoints/ablation_mnv2_baseline/best.pt,5.79,0.483,-0.0163,0.1207,-0.0005,0.3833,,,gnm_closed_loop,0.2,-0.0163,False,0,,isaac_live_final_20260708,,selected_baseline_live,,,,,,,False,hospital_goal_B,3.1011,True,0.483,-0.0163,0.2,-0.0163,True,armed,False,
livefinal_straight_medium_20260708_180855,273,14.266667,1783530539.93322,1.360353,-1.360577,-0.0,2.356184,0.2,-0.0156,0.199826,0.001449,camera_link,14.266667,gnm_closed_loop,,nominal,,True,ok,checkpoints/ablation_mnv2_baseline/best.pt,5.06,0.4937,-0.0156,0.1234,-0.0005,0.383,,,gnm_closed_loop,0.2,-0.0156,False,0,,isaac_live_final_20260708,,selected_baseline_live,,,,,,,False,hospital_goal_B,3.0978,True,0.4937,-0.0156,0.2,-0.0156,True,armed,False,
livefinal_straight_medium_20260708_180855,274,14.283334,1783530539.935564,1.358003,-1.358226,-0.0,2.356183,0.2,-0.0156,0.199826,0.001449,camera_link,14.283334,gnm_closed_loop,,nominal,,True,ok,checkpoints/ablation_mnv2_baseline/best.pt,5.06,0.4937,-0.0156,0.1234,-0.0005,0.383,,,gnm_closed_loop,0.2,-0.0156,False,0,,isaac_live_final_20260708,,selected_baseline_live,,,,,,,False,hospital_goal_B,3.0945,True,0.4937,-0.0156,0.2,-0.0156,True,armed,False,
livefinal_straight_medium_20260708_180855,275,14.300001,1783530539.938051,1.355651,-1.355875,-0.0,2.356183,0.2,-0.0156,0.199826,0.001449,camera_link,14.300001,gnm_closed_loop,,nominal,,True,ok,checkpoints/ablation_mnv2_baseline/best.pt,5.06,0.4937,-0.0156,0.1234,-0.0005,0.383,,,gnm_closed_loop,0.2,-0.0156,False,0,,isaac_live_final_20260708,,selected_baseline_live,,,,,,,False,hospital_goal_B,3.0911,True,0.4937,-0.0156,0.2,-0.0156,True,armed,False,
livefinal_straight_medium_20260708_180855,276,14.316667,1783530539.953283,1.353301,-1.353524,-0.0,2.356182,0.2,-0.0196,0.19985,0.000643,camera_link,14.316667,gnm_closed_loop,,nominal,,True,ok,checkpoints/ablation_mnv2_baseline/best.pt,4.65,0.4864,-0.0196,0.1216,-0.0006,0.3778,,,gnm_closed_loop,0.2,-0.0196,False,0,,isaac_live_final_20260708,,selected_baseline_live,,,,,,,False,hospital_goal_B,3.0878,True,0.4864,-0.0196,0.2,-0.0196,True,armed,False,
livefinal_straight_medium_20260708_180855,277,14.333334,1783530539.955477,1.350951,-1.351174,-0.0,2.356182,0.2,-0.0196,0.19985,0.000643,camera_link,14.333334,gnm_closed_loop,,nominal,,True,ok,checkpoints/ablation_mnv2_baseline/best.pt,4.65,0.4864,-0.0196,0.1216,-0.0006,0.3778,,,gnm_closed_loop,0.2,-0.0196,False,0,,isaac_live_final_20260708,,selected_baseline_live,,,,,,,False,hospital_goal_B,3.0845,True,0.4864,-0.0196,0.2,-0.0196,True,armed,False,
livefinal_straight_medium_20260708_180855,278,14.350001,1783530539.957305,1.3486,-1.348823,-0.0,2.356181,0.2,-0.0196,0.19985,0.000643,camera_link,14.350001,gnm_closed_loop,,nominal,,True,ok,checkpoints/ablation_mnv2_baseline/best.pt,4.65,0.4864,-0.0196,0.1216,-0.0006,0.3778,,,gnm_closed_loop,0.2,-0.0196,False,0,,isaac_live_final_20260708,,selected_baseline_live,,,,,,,False,hospital_goal_B,3.0812,True,0.4864,-0.0196,0.2,-0.0196,True,armed,False,
livefinal_straight_medium_20260708_180855,279,14.366667,1783530539.972637,1.346249,-1.346472,-0.0,2.35618,0.2,-0.0212,0.199822,0.001195,camera_link,14.366667,gnm_closed_loop,,nominal,,True,ok,checkpoints/ablation_mnv2_baseline/best.pt,4.7,0.4462,-0.0212,0.1115,-0.0006,0.3708,,,gnm_closed_loop,0.2,-0.0212,False,0,,isaac_live_final_20260708,,selected_baseline_live,,,,,,,False,hospital_goal_B,3.0778,True,0.4462,-0.0212,0.2,-0.0212,True,armed,False,
livefinal_straight_medium_20260708_180855,280,14.383334,1783530539.976268,1.343899,-1.344122,-0.0,2.356179,0.2,-0.0212,0.199822,0.001195,camera_link,14.383334,gnm_closed_loop,,nominal,,True,ok,checkpoints/ablation_mnv2_baseline/best.pt,4.7,0.4462,-0.0212,0.1115,-0.0006,0.3708,,,gnm_closed_loop,0.2,-0.0212,False,0,,isaac_live_final_20260708,,selected_baseline_live,,,,,,,False,hospital_goal_B,3.0745,True,0.4462,-0.0212,0.2,-0.0212,True,armed,False,
livefinal_straight_medium_20260708_180855,281,14.400001,1783530539.978435,1.341548,-1.341771,-0.0,2.356178,0.2,-0.0212,0.199822,0.001195,camera_link,14.400001,gnm_closed_loop,,nominal,,True,ok,checkpoints/ablation_mnv2_baseline/best.pt,4.7,0.4462,-0.0212,0.1115,-0.0006,0.3708,,,gnm_closed_loop,0.2,-0.0212,False,0,,isaac_live_final_20260708,,selected_baseline_live,,,,,,,False,hospital_goal_B,3.0712,True,0.4462,-0.0212,0.2,-0.0212,True,armed,False,
livefinal_straight_medium_20260708_180855,282,14.416667,1783530539.999277,1.339198,-1.33942,-0.0,2.356178,0.2,-0.0213,0.199843,0.001065,camera_link,14.416667,gnm_closed_loop,,nominal,,True,ok,checkpoints/ablation_mnv2_baseline/best.pt,5.05,0.4526,-0.0213,0.1131,-0.0006,0.3717,,,gnm_closed_loop,0.2,-0.0213,False,0,,isaac_live_final_20260708,,selected_baseline_live,,,,,,,False,hospital_goal_B,3.0679,True,0.4526,-0.0213,0.2,-0.0213,True,armed,False,
livefinal_straight_medium_20260708_180855,283,14.433334,1783530540.001572,1.336848,-1.33707,-0.0,2.356177,0.2,-0.0213,0.199843,0.001065,camera_link,14.433334,gnm_closed_loop,,nominal,,True,ok,checkpoints/ablation_mnv2_baseline/best.pt,5.05,0.4526,-0.0213,0.1131,-0.0006,0.3717,,,gnm_closed_loop,0.2,-0.0213,False,0,,isaac_live_final_20260708,,selected_baseline_live,,,,,,,False,hospital_goal_B,3.0645,True,0.4526,-0.0213,0.2,-0.0213,True,armed,False,
livefinal_straight_medium_20260708_180855,284,14.450001,1783530540.004449,1.334497,-1.334719,-0.0,2.356176,0.2,-0.0213,0.199843,0.001065,camera_link,14.450001,gnm_closed_loop,,nominal,,True,ok,checkpoints/ablation_mnv2_baseline/best.pt,5.05,0.4526,-0.0213,0.1131,-0.0006,0.3717,,,gnm_closed_loop,0.2,-0.0213,False,0,,isaac_live_final_20260708,,selected_baseline_live,,,,,,,False,hospital_goal_B,3.0612,True,0.4526,-0.0213,0.2,-0.0213,True,armed,False,
livefinal_straight_medium_20260708_180855,285,14.466667,1783530540.022993,1.332146,-1.332369,-0.0,2.356176,0.2,-0.0215,0.199792,0.000561,camera_link,14.466667,gnm_closed_loop,,nominal,,True,ok,checkpoints/ablation_mnv2_baseline/best.pt,5.26,0.479,-0.0215,0.1198,-0.0006,0.373,,,gnm_closed_loop,0.2,-0.0215,False,0,,isaac_live_final_20260708,,selected_baseline_live,,,,,,,False,hospital_goal_B,3.0579,True,0.479,-0.0215,0.2,-0.0215,True,armed,False,
livefinal_straight_medium_20260708_180855,286,14.483334,1783530540.025401,1.329795,-1.330019,-0.0,2.356175,0.2,-0.0215,0.199792,0.000561,camera_link,14.483334,gnm_closed_loop,,nominal,,True,ok,checkpoints/ablation_mnv2_baseline/best.pt,5.26,0.479,-0.0215,0.1198,-0.0006,0.373,,,gnm_closed_loop,0.2,-0.0215,False,0,,isaac_live_final_20260708,,selected_baseline_live,,,,,,,False,hospital_goal_B,3.0546,True,0.479,-0.0215,0.2,-0.0215,True,armed,False,
livefinal_straight_medium_20260708_180855,287,14.500001,1783530540.027284,1.327445,-1.327668,-0.0,2.356174,0.2,-0.0215,0.199792,0.000561,camera_link,14.500001,gnm_closed_loop,,nominal,,True,ok,checkpoints/ablation_mnv2_baseline/best.pt,5.26,0.479,-0.0215,0.1198,-0.0006,0.373,,,gnm_closed_loop,0.2,-0.0215,False,0,,isaac_live_final_20260708,,selected_baseline_live,,,,,,,False,hospital_goal_B,3.0512,True,0.479,-0.0215,0.2,-0.0215,True,armed,False,
livefinal_straight_medium_20260708_180855,288,14.516667,1783530540.043396,1.325094,-1.325317,-0.0,2.356173,0.2,-0.0221,0.199814,0.000706,camera_link,14.516667,gnm_closed_loop,,nominal,,True,ok,checkpoints/ablation_mnv2_baseline/best.pt,4.72,0.5289,-0.0221,0.1322,-0.0007,0.3778,,,gnm_closed_loop,0.2,-0.0221,False,0,,isaac_live_final_20260708,,selected_baseline_live,,,,,,,False,hospital_goal_B,3.0479,True,0.5289,-0.0221,0.2,-0.0221,True,armed,False,
livefinal_straight_medium_20260708_180855,289,14.533334,1783530540.045716,1.322743,-1.322966,-0.0,2.356173,0.2,-0.0221,0.199814,0.000706,camera_link,14.533334,gnm_closed_loop,,nominal,,True,ok,checkpoints/ablation_mnv2_baseline/best.pt,4.72,0.5289,-0.0221,0.1322,-0.0007,0.3778,,,gnm_closed_loop,0.2,-0.0221,False,0,,isaac_live_final_20260708,,selected_baseline_live,,,,,,,False,hospital_goal_B,3.0446,True,0.5289,-0.0221,0.2,-0.0221,True,armed,False,
livefinal_straight_medium_20260708_180855,290,14.550001,1783530540.048796,1.320392,-1.320615,-0.0,2.356172,0.2,-0.0221,0.199814,0.000706,camera_link,14.550001,gnm_closed_loop,,nominal,,True,ok,checkpoints/ablation_mnv2_baseline/best.pt,4.72,0.5289,-0.0221,0.1322,-0.0007,0.3778,,,gnm_closed_loop,0.2,-0.0221,False,0,,isaac_live_final_20260708,,selected_baseline_live,,,,,,,False,hospital_goal_B,3.0413,True,0.5289,-0.0221,0.2,-0.0221,True,armed,False,
livefinal_straight_medium_20260708_180855,291,14.566667,1783530540.066752,1.318041,-1.318265,-0.0,2.356171,0.2,-0.0191,0.199833,0.001025,camera_link,14.566667,gnm_closed_loop,,nominal,,True,ok,checkpoints/ablation_mnv2_baseline/best.pt,5.5,0.5106,-0.0191,0.1276,-0.0006,0.3785,,,gnm_closed_loop,0.2,-0.0191,False,0,,isaac_live_final_20260708,,selected_baseline_live,,,,,,,False,hospital_goal_B,3.0379,True,0.5106,-0.0191,0.2,-0.0191,True,armed,False,
livefinal_straight_medium_20260708_180855,292,14.583334,1783530540.069467,1.315691,-1.315914,-0.0,2.356171,0.2,-0.0191,0.199833,0.001025,camera_link,14.583334,gnm_closed_loop,,nominal,,True,ok,checkpoints/ablation_mnv2_baseline/best.pt,5.5,0.5106,-0.0191,0.1276,-0.0006,0.3785,,,gnm_closed_loop,0.2,-0.0191,False,0,,isaac_live_final_20260708,,selected_baseline_live,,,,,,,False,hospital_goal_B,3.0346,True,0.5106,-0.0191,0.2,-0.0191,True,armed,False,
livefinal_straight_medium_20260708_180855,293,14.600001,1783530540.071571,1.31334,-1.313564,-0.0,2.356171,0.2,-0.0191,0.199833,0.001025,camera_link,14.600001,gnm_closed_loop,,nominal,,True,ok,checkpoints/ablation_mnv2_baseline/best.pt,5.5,0.5106,-0.0191,0.1276,-0.0006,0.3785,,,gnm_closed_loop,0.2,-0.0191,False,0,,isaac_live_final_20260708,,selected_baseline_live,,,,,,,False,hospital_goal_B,3.0313,True,0.5106,-0.0191,0.2,-0.0191,True,armed,False,
livefinal_straight_medium_20260708_180855,294,14.616667,1783530540.093558,1.310989,-1.311213,-0.0,2.356169,0.2,-0.0182,0.199869,0.001848,camera_link,14.616667,gnm_closed_loop,,nominal,,True,ok,checkpoints/ablation_mnv2_baseline/best.pt,5.63,0.5067,-0.0182,0.1267,-0.0006,0.382,,,gnm_closed_loop,0.2,-0.0182,False,0,,isaac_live_final_20260708,,selected_baseline_live,,,,,,,False,hospital_goal_B,3.028,True,0.5067,-0.0182,0.2,-0.0182,True,armed,False,
livefinal_straight_medium_20260708_180855,295,14.633334,1783530540.096159,1.308639,-1.308863,-0.0,2.356169,0.2,-0.0182,0.199869,0.001848,camera_link,14.633334,gnm_closed_loop,,nominal,,True,ok,checkpoints/ablation_mnv2_baseline/best.pt,5.63,0.5067,-0.0182,0.1267,-0.0006,0.382,,,gnm_closed_loop,0.2,-0.0182,False,0,,isaac_live_final_20260708,,selected_baseline_live,,,,,,,False,hospital_goal_B,3.0247,True,0.5067,-0.0182,0.2,-0.0182,True,armed,False,
livefinal_straight_medium_20260708_180855,296,14.650001,1783530540.097928,1.306288,-1.306512,-0.0,2.356168,0.2,-0.0182,0.199869,0.001848,camera_link,14.650001,gnm_closed_loop,,nominal,,True,ok,checkpoints/ablation_mnv2_baseline/best.pt,5.63,0.5067,-0.0182,0.1267,-0.0006,0.382,,,gnm_closed_loop,0.2,-0.0182,False,0,,isaac_live_final_20260708,,selected_baseline_live,,,,,,,False,hospital_goal_B,3.0213,True,0.5067,-0.0182,0.2,-0.0182,True,armed,False,
livefinal_straight_medium_20260708_180855,297,14.666667,1783530540.114741,1.303936,-1.304161,-0.0,2.356167,0.2,-0.0202,0.199845,0.000878,camera_link,14.666667,gnm_closed_loop,,nominal,,True,ok,checkpoints/ablation_mnv2_baseline/best.pt,5.46,0.5382,-0.0202,0.1345,-0.0007,0.3854,,,gnm_closed_loop,0.2,-0.0202,False,0,,isaac_live_final_20260708,,selected_baseline_live,,,,,,,False,hospital_goal_B,3.018,True,0.5382,-0.0202,0.2,-0.0202,True,armed,False,
livefinal_straight_medium_20260708_180855,298,14.683334,1783530540.118596,1.301586,-1.30181,-0.0,2.356166,0.2,-0.0202,0.199845,0.000878,camera_link,14.683334,gnm_closed_loop,,nominal,,True,ok,checkpoints/ablation_mnv2_baseline/best.pt,5.46,0.5382,-0.0202,0.1345,-0.0007,0.3854,,,gnm_closed_loop,0.2,-0.0202,False,0,,isaac_live_final_20260708,,selected_baseline_live,,,,,,,False,hospital_goal_B,3.0147,True,0.5382,-0.0202,0.2,-0.0202,True,armed,False,
livefinal_straight_medium_20260708_180855,299,14.700001,1783530540.120446,1.299236,-1.299459,-0.0,2.356165,0.2,-0.0202,0.199845,0.000878,camera_link,14.700001,gnm_closed_loop,,nominal,,True,ok,checkpoints/ablation_mnv2_baseline/best.pt,5.46,0.5382,-0.0202,0.1345,-0.0007,0.3854,,,gnm_closed_loop,0.2,-0.0202,False,0,,isaac_live_final_20260708,,selected_baseline_live,,,,,,,False,hospital_goal_B,3.0114,True,0.5382,-0.0202,0.2,-0.0202,True,armed,False,
livefinal_straight_medium_20260708_180855,300,14.716667,1783530540.136079,1.296885,-1.297109,-0.0,2.356165,0.2,-0.02,0.199854,0.000483,camera_link,14.716667,gnm_closed_loop,,nominal,,True,ok,checkpoints/ablation_mnv2_baseline/best.pt,4.9,0.5317,-0.02,0.1329,-0.0007,0.3872,,,gnm_closed_loop,0.2,-0.02,False,0,,isaac_live_final_20260708,,selected_baseline_live,,,,,,,False,hospital_goal_B,3.008,True,0.5317,-0.02,0.2,-0.02,True,armed,False,
livefinal_straight_medium_20260708_180855,301,14.733334,1783530540.138636,1.294535,-1.294758,-0.0,2.356164,0.2,-0.02,0.199854,0.000483,camera_link,14.733334,gnm_closed_loop,,nominal,,True,ok,checkpoints/ablation_mnv2_baseline/best.pt,4.9,0.5317,-0.02,0.1329,-0.0007,0.3872,,,gnm_closed_loop,0.2,-0.02,False,0,,isaac_live_final_20260708,,selected_baseline_live,,,,,,,False,hospital_goal_B,3.0047,True,0.5317,-0.02,0.2,-0.02,True,armed,False,
livefinal_straight_medium_20260708_180855,302,14.750001,1783530540.140571,1.292184,-1.292408,-0.0,2.356163,0.2,-0.02,0.199854,0.000483,camera_link,14.750001,gnm_closed_loop,,nominal,,True,ok,checkpoints/ablation_mnv2_baseline/best.pt,4.9,0.5317,-0.02,0.1329,-0.0007,0.3872,,,gnm_closed_loop,0.2,-0.02,False,0,,isaac_live_final_20260708,,selected_baseline_live,,,,,,,False,hospital_goal_B,3.0014,True,0.5317,-0.02,0.2,-0.02,True,armed,False,
livefinal_straight_medium_20260708_180855,303,14.766667,1783530540.158059,1.289833,-1.290057,-0.0,2.356162,0.2,-0.0178,0.199829,0.000991,camera_link,14.766667,gnm_closed_loop,,nominal,,True,ok,checkpoints/ablation_mnv2_baseline/best.pt,5.46,0.5209,-0.0178,0.1302,-0.0006,0.3854,,,gnm_closed_loop,0.2,-0.0178,False,0,,isaac_live_final_20260708,,selected_baseline_live,,,,,,,False,hospital_goal_B,2.9981,True,0.5209,-0.0178,0.2,-0.0178,True,armed,False,
livefinal_straight_medium_20260708_180855,304,14.783334,1783530540.160373,1.287482,-1.287706,-0.0,2.356162,0.2,-0.0178,0.199829,0.000991,camera_link,14.783334,gnm_closed_loop,,nominal,,True,ok,checkpoints/ablation_mnv2_baseline/best.pt,5.46,0.5209,-0.0178,0.1302,-0.0006,0.3854,,,gnm_closed_loop,0.2,-0.0178,False,0,,isaac_live_final_20260708,,selected_baseline_live,,,,,,,False,hospital_goal_B,2.9947,True,0.5209,-0.0178,0.2,-0.0178,True,armed,False,
livefinal_straight_medium_20260708_180855,305,14.800001,1783530540.162261,1.285131,-1.285355,-0.0,2.356161,0.2,-0.0178,0.199829,0.000991,camera_link,14.800001,gnm_closed_loop,,nominal,,True,ok,checkpoints/ablation_mnv2_baseline/best.pt,5.46,0.5209,-0.0178,0.1302,-0.0006,0.3854,,,gnm_closed_loop,0.2,-0.0178,False,0,,isaac_live_final_20260708,,selected_baseline_live,,,,,,,False,hospital_goal_B,2.9914,True,0.5209,-0.0178,0.2,-0.0178,True,armed,False,
livefinal_straight_medium_20260708_180855,306,14.816667,1783530540.178056,1.282781,-1.283005,-0.0,2.356161,0.2,-0.0184,0.199851,0.000275,camera_link,14.816667,gnm_closed_loop,,nominal,,True,ok,checkpoints/ablation_mnv2_baseline/best.pt,4.53,0.5203,-0.0184,0.1301,-0.0006,0.3871,,,gnm_closed_loop,0.2,-0.0184,False,0,,isaac_live_final_20260708,,selected_baseline_live,,,,,,,False,hospital_goal_B,2.9881,True,0.5203,-0.0184,0.2,-0.0184,True,armed,False,
livefinal_straight_medium_20260708_180855,307,14.833334,1783530540.180426,1.28043,-1.280653,-0.0,2.35616,0.2,-0.0184,0.199851,0.000275,camera_link,14.833334,gnm_closed_loop,,nominal,,True,ok,checkpoints/ablation_mnv2_baseline/best.pt,4.53,0.5203,-0.0184,0.1301,-0.0006,0.3871,,,gnm_closed_loop,0.2,-0.0184,False,0,,isaac_live_final_20260708,,selected_baseline_live,,,,,,,False,hospital_goal_B,2.9848,True,0.5203,-0.0184,0.2,-0.0184,True,armed,False,
livefinal_straight_medium_20260708_180855,308,14.850001,1783530540.182447,1.278079,-1.278303,-0.0,2.35616,0.2,-0.0184,0.199851,0.000275,camera_link,14.850001,gnm_closed_loop,,nominal,,True,ok,checkpoints/ablation_mnv2_baseline/best.pt,4.53,0.5203,-0.0184,0.1301,-0.0006,0.3871,,,gnm_closed_loop,0.2,-0.0184,False,0,,isaac_live_final_20260708,,selected_baseline_live,,,,,,,False,hospital_goal_B,2.9814,True,0.5203,-0.0184,0.2,-0.0184,True,armed,False,
livefinal_straight_medium_20260708_180855,309,14.866667,1783530540.199453,1.275728,-1.275952,-0.0,2.356159,0.2,-0.0208,0.199824,0.000266,camera_link,14.866667,gnm_closed_loop,,nominal,,True,ok,checkpoints/ablation_mnv2_baseline/best.pt,4.67,0.5207,-0.0208,0.1302,-0.0007,0.3843,,,gnm_closed_loop,0.2,-0.0208,False,0,,isaac_live_final_20260708,,selected_baseline_live,,,,,,,False,hospital_goal_B,2.9781,True,0.5207,-0.0208,0.2,-0.0208,True,armed,False,
livefinal_straight_medium_20260708_180855,310,14.883334,1783530540.20203,1.273378,-1.273601,-0.0,2.356158,0.2,-0.0208,0.199824,0.000266,camera_link,14.883334,gnm_closed_loop,,nominal,,True,ok,checkpoints/ablation_mnv2_baseline/best.pt,4.67,0.5207,-0.0208,0.1302,-0.0007,0.3843,,,gnm_closed_loop,0.2,-0.0208,False,0,,isaac_live_final_20260708,,selected_baseline_live,,,,,,,False,hospital_goal_B,2.9748,True,0.5207,-0.0208,0.2,-0.0208,True,armed,False,
livefinal_straight_medium_20260708_180855,311,14.900001,1783530540.203917,1.271027,-1.27125,-0.0,2.356157,0.2,-0.0208,0.199824,0.000266,camera_link,14.900001,gnm_closed_loop,,nominal,,True,ok,checkpoints/ablation_mnv2_baseline/best.pt,4.67,0.5207,-0.0208,0.1302,-0.0007,0.3843,,,gnm_closed_loop,0.2,-0.0208,False,0,,isaac_live_final_20260708,,selected_baseline_live,,,,,,,False,hospital_goal_B,2.9715,True,0.5207,-0.0208,0.2,-0.0208,True,armed,False,
livefinal_straight_medium_20260708_180855,312,14.916667,1783530540.220173,1.268676,-1.2689,-0.0,2.356157,0.2,-0.0225,0.199849,0.001335,camera_link,14.916667,gnm_closed_loop,,nominal,,True,ok,checkpoints/ablation_mnv2_baseline/best.pt,4.25,0.5006,-0.0225,0.1252,-0.0007,0.3831,,,gnm_closed_loop,0.2,-0.0225,False,0,,isaac_live_final_20260708,,selected_baseline_live,,,,,,,False,hospital_goal_B,2.9681,True,0.5006,-0.0225,0.2,-0.0225,True,armed,False,
livefinal_straight_medium_20260708_180855,313,14.933334,1783530540.222846,1.266326,-1.266549,-0.0,2.356156,0.2,-0.0225,0.199849,0.001335,camera_link,14.933334,gnm_closed_loop,,nominal,,True,ok,checkpoints/ablation_mnv2_baseline/best.pt,4.25,0.5006,-0.0225,0.1252,-0.0007,0.3831,,,gnm_closed_loop,0.2,-0.0225,False,0,,isaac_live_final_20260708,,selected_baseline_live,,,,,,,False,hospital_goal_B,2.9648,True,0.5006,-0.0225,0.2,-0.0225,True,armed,False,
livefinal_straight_medium_20260708_180855,314,14.950001,1783530540.224958,1.263975,-1.264199,-0.0,2.356155,0.2,-0.0225,0.199849,0.001335,camera_link,14.950001,gnm_closed_loop,,nominal,,True,ok,checkpoints/ablation_mnv2_baseline/best.pt,4.25,0.5006,-0.0225,0.1252,-0.0007,0.3831,,,gnm_closed_loop,0.2,-0.0225,False,0,,isaac_live_final_20260708,,selected_baseline_live,,,,,,,False,hospital_goal_B,2.9615,True,0.5006,-0.0225,0.2,-0.0225,True,armed,False,
livefinal_straight_medium_20260708_180855,315,14.966667,1783530540.24319,1.261624,-1.261848,-0.0,2.356154,0.2,-0.0198,0.199837,0.000414,camera_link,14.966667,gnm_closed_loop,,nominal,,True,ok,checkpoints/ablation_mnv2_baseline/best.pt,4.81,0.4925,-0.0198,0.1231,-0.0006,0.3808,,,gnm_closed_loop,0.2,-0.0198,False,0,,isaac_live_final_20260708,,selected_baseline_live,,,,,,,False,hospital_goal_B,2.9582,True,0.4925,-0.0198,0.2,-0.0198,True,armed,False,
livefinal_straight_medium_20260708_180855,316,14.983334,1783530540.245583,1.259274,-1.259497,-0.0,2.356154,0.2,-0.0198,0.199837,0.000414,camera_link,14.983334,gnm_closed_loop,,nominal,,True,ok,checkpoints/ablation_mnv2_baseline/best.pt,4.81,0.4925,-0.0198,0.1231,-0.0006,0.3808,,,gnm_closed_loop,0.2,-0.0198,False,0,,isaac_live_final_20260708,,selected_baseline_live,,,,,,,False,hospital_goal_B,2.9548,True,0.4925,-0.0198,0.2,-0.0198,True,armed,False,
livefinal_straight_medium_20260708_180855,317,15.000001,1783530540.24741,1.256924,-1.257146,-0.0,2.356154,0.2,-0.0198,0.199837,0.000414,camera_link,15.000001,gnm_closed_loop,,nominal,,True,ok,checkpoints/ablation_mnv2_baseline/best.pt,4.81,0.4925,-0.0198,0.1231,-0.0006,0.3808,,,gnm_closed_loop,0.2,-0.0198,False,0,,isaac_live_final_20260708,,selected_baseline_live,,,,,,,False,hospital_goal_B,2.9515,True,0.4925,-0.0198,0.2,-0.0198,True,armed,False,
livefinal_straight_medium_20260708_180855,318,15.016667,1783530540.26305,1.254573,-1.254795,-0.0,2.356153,0.2,-0.0206,0.199842,0.000904,camera_link,15.016667,gnm_closed_loop,,nominal,,True,ok,checkpoints/ablation_mnv2_baseline/best.pt,4.78,0.4908,-0.0206,0.1227,-0.0006,0.3755,,,gnm_closed_loop,0.2,-0.0206,False,0,,isaac_live_final_20260708,,selected_baseline_live,,,,,,,False,hospital_goal_B,2.9482,True,0.4908,-0.0206,0.2,-0.0206,True,armed,False,
livefinal_straight_medium_20260708_180855,319,15.033334,1783530540.265682,1.252222,-1.252444,-0.0,2.356152,0.2,-0.0206,0.199842,0.000904,camera_link,15.033334,gnm_closed_loop,,nominal,,True,ok,checkpoints/ablation_mnv2_baseline/best.pt,4.78,0.4908,-0.0206,0.1227,-0.0006,0.3755,,,gnm_closed_loop,0.2,-0.0206,False,0,,isaac_live_final_20260708,,selected_baseline_live,,,,,,,False,hospital_goal_B,2.9449,True,0.4908,-0.0206,0.2,-0.0206,True,armed,False,
livefinal_straight_medium_20260708_180855,320,15.050001,1783530540.267662,1.249872,-1.250094,-0.0,2.356151,0.2,-0.0206,0.199842,0.000904,camera_link,15.050001,gnm_closed_loop,,nominal,,True,ok,checkpoints/ablation_mnv2_baseline/best.pt,4.78,0.4908,-0.0206,0.1227,-0.0006,0.3755,,,gnm_closed_loop,0.2,-0.0206,False,0,,isaac_live_final_20260708,,selected_baseline_live,,,,,,,False,hospital_goal_B,2.9415,True,0.4908,-0.0206,0.2,-0.0206,True,armed,False,
livefinal_straight_medium_20260708_180855,321,15.066667,1783530540.285889,1.247521,-1.247743,-0.0,2.356151,0.2,-0.0201,0.199846,0.00126,camera_link,15.066667,gnm_closed_loop,,nominal,,True,ok,checkpoints/ablation_mnv2_baseline/best.pt,4.4,0.4935,-0.0201,0.1234,-0.0006,0.3778,,,gnm_closed_loop,0.2,-0.0201,False,0,,isaac_live_final_20260708,,selected_baseline_live,,,,,,,False,hospital_goal_B,2.9382,True,0.4935,-0.0201,0.2,-0.0201,True,armed,False,
livefinal_straight_medium_20260708_180855,322,15.083334,1783530540.28845,1.245171,-1.245392,-0.0,2.35615,0.2,-0.0201,0.199846,0.00126,camera_link,15.083334,gnm_closed_loop,,nominal,,True,ok,checkpoints/ablation_mnv2_baseline/best.pt,4.4,0.4935,-0.0201,0.1234,-0.0006,0.3778,,,gnm_closed_loop,0.2,-0.0201,False,0,,isaac_live_final_20260708,,selected_baseline_live,,,,,,,False,hospital_goal_B,2.9349,True,0.4935,-0.0201,0.2,-0.0201,True,armed,False,
livefinal_straight_medium_20260708_180855,323,15.100001,1783530540.290406,1.24282,-1.243041,-0.0,2.356149,0.2,-0.0201,0.199846,0.00126,camera_link,15.100001,gnm_closed_loop,,nominal,,True,ok,checkpoints/ablation_mnv2_baseline/best.pt,4.4,0.4935,-0.0201,0.1234,-0.0006,0.3778,,,gnm_closed_loop,0.2,-0.0201,False,0,,isaac_live_final_20260708,,selected_baseline_live,,,,,,,False,hospital_goal_B,2.9316,True,0.4935,-0.0201,0.2,-0.0201,True,armed,False,
livefinal_straight_medium_20260708_180855,324,15.116667,1783530540.308107,1.24047,-1.240691,-0.0,2.356148,0.2,-0.0203,0.199804,0.001125,camera_link,15.116667,gnm_closed_loop,,nominal,,True,ok,checkpoints/ablation_mnv2_baseline/best.pt,4.85,0.4763,-0.0203,0.1191,-0.0006,0.3815,,,gnm_closed_loop,0.2,-0.0203,False,0,,isaac_live_final_20260708,,selected_baseline_live,,,,,,,False,hospital_goal_B,2.9282,True,0.4763,-0.0203,0.2,-0.0203,True,armed,False,
livefinal_straight_medium_20260708_180855,325,15.133334,1783530540.31036,1.238119,-1.23834,-0.0,2.356147,0.2,-0.0203,0.199804,0.001125,camera_link,15.133334,gnm_closed_loop,,nominal,,True,ok,checkpoints/ablation_mnv2_baseline/best.pt,4.85,0.4763,-0.0203,0.1191,-0.0006,0.3815,,,gnm_closed_loop,0.2,-0.0203,False,0,,isaac_live_final_20260708,,selected_baseline_live,,,,,,,False,hospital_goal_B,2.9249,True,0.4763,-0.0203,0.2,-0.0203,True,armed,False,
livefinal_straight_medium_20260708_180855,326,15.150001,1783530540.312288,1.235768,-1.235989,-0.0,2.356146,0.2,-0.0203,0.199804,0.001125,camera_link,15.150001,gnm_closed_loop,,nominal,,True,ok,checkpoints/ablation_mnv2_baseline/best.pt,4.85,0.4763,-0.0203,0.1191,-0.0006,0.3815,,,gnm_closed_loop,0.2,-0.0203,False,0,,isaac_live_final_20260708,,selected_baseline_live,,,,,,,False,hospital_goal_B,2.9216,True,0.4763,-0.0203,0.2,-0.0203,True,armed,False,
livefinal_straight_medium_20260708_180855,327,15.166667,1783530540.327923,1.233418,-1.233639,-0.0,2.356146,0.2,-0.0195,0.19982,0.000787,camera_link,15.166667,gnm_closed_loop,,nominal,,True,ok,checkpoints/ablation_mnv2_baseline/best.pt,4.55,0.4851,-0.0195,0.1213,-0.0006,0.3774,,,gnm_closed_loop,0.2,-0.0195,False,0,,isaac_live_final_20260708,,selected_baseline_live,,,,,,,False,hospital_goal_B,2.9183,True,0.4851,-0.0195,0.2,-0.0195,True,armed,False,
livefinal_straight_medium_20260708_180855,328,15.183334,1783530540.330813,1.231067,-1.231288,-0.0,2.356145,0.2,-0.0195,0.19982,0.000787,camera_link,15.183334,gnm_closed_loop,,nominal,,True,ok,checkpoints/ablation_mnv2_baseline/best.pt,4.55,0.4851,-0.0195,0.1213,-0.0006,0.3774,,,gnm_closed_loop,0.2,-0.0195,False,0,,isaac_live_final_20260708,,selected_baseline_live,,,,,,,False,hospital_goal_B,2.9149,True,0.4851,-0.0195,0.2,-0.0195,True,armed,False,
livefinal_straight_medium_20260708_180855,329,15.200001,1783530540.333127,1.228716,-1.228936,-0.0,2.356144,0.2,-0.0195,0.19982,0.000787,camera_link,15.200001,gnm_closed_loop,,nominal,,True,ok,checkpoints/ablation_mnv2_baseline/best.pt,4.55,0.4851,-0.0195,0.1213,-0.0006,0.3774,,,gnm_closed_loop,0.2,-0.0195,False,0,,isaac_live_final_20260708,,selected_baseline_live,,,,,,,False,hospital_goal_B,2.9116,True,0.4851,-0.0195,0.2,-0.0195,True,armed,False,
livefinal_straight_medium_20260708_180855,330,15.216667,1783530540.351901,1.226366,-1.226586,-0.0,2.356144,0.2,-0.0213,0.199828,0.001073,camera_link,15.216667,gnm_closed_loop,,nominal,,True,ok,checkpoints/ablation_mnv2_baseline/best.pt,4.76,0.4882,-0.0213,0.1221,-0.0006,0.3769,,,gnm_closed_loop,0.2,-0.0213,False,0,,isaac_live_final_20260708,,selected_baseline_live,,,,,,,False,hospital_goal_B,2.9083,True,0.4882,-0.0213,0.2,-0.0213,True,armed,False,
livefinal_straight_medium_20260708_180855,331,15.233334,1783530540.35439,1.224015,-1.224235,-0.0,2.356142,0.2,-0.0213,0.199828,0.001073,camera_link,15.233334,gnm_closed_loop,,nominal,,True,ok,checkpoints/ablation_mnv2_baseline/best.pt,4.76,0.4882,-0.0213,0.1221,-0.0006,0.3769,,,gnm_closed_loop,0.2,-0.0213,False,0,,isaac_live_final_20260708,,selected_baseline_live,,,,,,,False,hospital_goal_B,2.905,True,0.4882,-0.0213,0.2,-0.0213,True,armed,False,
livefinal_straight_medium_20260708_180855,332,15.250001,1783530540.356354,1.221664,-1.221884,-0.0,2.356141,0.2,-0.0213,0.199828,0.001073,camera_link,15.250001,gnm_closed_loop,,nominal,,True,ok,checkpoints/ablation_mnv2_baseline/best.pt,4.76,0.4882,-0.0213,0.1221,-0.0006,0.3769,,,gnm_closed_loop,0.2,-0.0213,False,0,,isaac_live_final_20260708,,selected_baseline_live,,,,,,,False,hospital_goal_B,2.9016,True,0.4882,-0.0213,0.2,-0.0213,True,armed,False,
livefinal_straight_medium_20260708_180855,333,15.266667,1783530540.372409,1.219314,-1.219534,-0.0,2.356141,0.2,-0.022,0.199858,0.001276,camera_link,15.266667,gnm_closed_loop,,nominal,,True,ok,checkpoints/ablation_mnv2_baseline/best.pt,4.58,0.5056,-0.022,0.1264,-0.0007,0.3737,,,gnm_closed_loop,0.2,-0.022,False,0,,isaac_live_final_20260708,,selected_baseline_live,,,,,,,False,hospital_goal_B,2.8983,True,0.5056,-0.022,0.2,-0.022,True,armed,False,
livefinal_straight_medium_20260708_180855,334,15.283334,1783530540.374993,1.216963,-1.217183,-0.0,2.35614,0.2,-0.022,0.199858,0.001276,camera_link,15.283334,gnm_closed_loop,,nominal,,True,ok,checkpoints/ablation_mnv2_baseline/best.pt,4.58,0.5056,-0.022,0.1264,-0.0007,0.3737,,,gnm_closed_loop,0.2,-0.022,False,0,,isaac_live_final_20260708,,selected_baseline_live,,,,,,,False,hospital_goal_B,2.895,True,0.5056,-0.022,0.2,-0.022,True,armed,False,
livefinal_straight_medium_20260708_180855,335,15.300001,1783530540.377067,1.214612,-1.214833,-0.0,2.356139,0.2,-0.022,0.199858,0.001276,camera_link,15.300001,gnm_closed_loop,,nominal,,True,ok,checkpoints/ablation_mnv2_baseline/best.pt,4.58,0.5056,-0.022,0.1264,-0.0007,0.3737,,,gnm_closed_loop,0.2,-0.022,False,0,,isaac_live_final_20260708,,selected_baseline_live,,,,,,,False,hospital_goal_B,2.8917,True,0.5056,-0.022,0.2,-0.022,True,armed,False,
livefinal_straight_medium_20260708_180855,336,15.316667,1783530540.393634,1.212262,-1.212482,-0.0,2.356138,0.2,-0.0254,0.199848,0.001332,camera_link,15.316667,gnm_closed_loop,,nominal,,True,ok,checkpoints/ablation_mnv2_baseline/best.pt,4.58,0.5024,-0.0254,0.1256,-0.0008,0.3733,,,gnm_closed_loop,0.2,-0.0254,False,0,,isaac_live_final_20260708,,selected_baseline_live,,,,,,,False,hospital_goal_B,2.8883,True,0.5024,-0.0254,0.2,-0.0254,True,armed,False,
livefinal_straight_medium_20260708_180855,337,15.333334,1783530540.396312,1.20991,-1.21013,-0.0,2.356137,0.2,-0.0254,0.199848,0.001332,camera_link,15.333334,gnm_closed_loop,,nominal,,True,ok,checkpoints/ablation_mnv2_baseline/best.pt,4.58,0.5024,-0.0254,0.1256,-0.0008,0.3733,,,gnm_closed_loop,0.2,-0.0254,False,0,,isaac_live_final_20260708,,selected_baseline_live,,,,,,,False,hospital_goal_B,2.885,True,0.5024,-0.0254,0.2,-0.0254,True,armed,False,
livefinal_straight_medium_20260708_180855,338,15.350001,1783530540.398205,1.20756,-1.207779,-0.0,2.356137,0.2,-0.0254,0.199848,0.001332,camera_link,15.350001,gnm_closed_loop,,nominal,,True,ok,checkpoints/ablation_mnv2_baseline/best.pt,4.58,0.5024,-0.0254,0.1256,-0.0008,0.3733,,,gnm_closed_loop,0.2,-0.0254,False,0,,isaac_live_final_20260708,,selected_baseline_live,,,,,,,False,hospital_goal_B,2.8817,True,0.5024,-0.0254,0.2,-0.0254,True,armed,False,
livefinal_straight_medium_20260708_180855,339,15.366667,1783530540.41395,1.205209,-1.205428,-0.0,2.356136,0.2,-0.0229,0.199844,0.001373,camera_link,15.366667,gnm_closed_loop,,nominal,,True,ok,checkpoints/ablation_mnv2_baseline/best.pt,4.44,0.5062,-0.0229,0.1266,-0.0007,0.3722,,,gnm_closed_loop,0.2,-0.0229,False,0,,isaac_live_final_20260708,,selected_baseline_live,,,,,,,False,hospital_goal_B,2.8784,True,0.5062,-0.0229,0.2,-0.0229,True,armed,False,
livefinal_straight_medium_20260708_180855,340,15.383334,1783530540.416272,1.202858,-1.203077,-0.0,2.356135,0.2,-0.0229,0.199844,0.001373,camera_link,15.383334,gnm_closed_loop,,nominal,,True,ok,checkpoints/ablation_mnv2_baseline/best.pt,4.44,0.5062,-0.0229,0.1266,-0.0007,0.3722,,,gnm_closed_loop,0.2,-0.0229,False,0,,isaac_live_final_20260708,,selected_baseline_live,,,,,,,False,hospital_goal_B,2.8751,True,0.5062,-0.0229,0.2,-0.0229,True,armed,False,
livefinal_straight_medium_20260708_180855,341,15.400001,1783530540.418168,1.200509,-1.200727,-0.0,2.356134,0.2,-0.0229,0.199844,0.001373,camera_link,15.400001,gnm_closed_loop,,nominal,,True,ok,checkpoints/ablation_mnv2_baseline/best.pt,4.44,0.5062,-0.0229,0.1266,-0.0007,0.3722,,,gnm_closed_loop,0.2,-0.0229,False,0,,isaac_live_final_20260708,,selected_baseline_live,,,,,,,False,hospital_goal_B,2.8717,True,0.5062,-0.0229,0.2,-0.0229,True,armed,False,
livefinal_straight_medium_20260708_180855,342,15.416667,1783530540.435515,1.198159,-1.198376,-0.0,2.356133,0.2,-0.0208,0.199833,0.001044,camera_link,15.416667,gnm_closed_loop,,nominal,,True,ok,checkpoints/ablation_mnv2_baseline/best.pt,4.7,0.5271,-0.0208,0.1318,-0.0007,0.3819,,,gnm_closed_loop,0.2,-0.0208,False,0,,isaac_live_final_20260708,,selected_baseline_live,,,,,,,False,hospital_goal_B,2.8684,True,0.5271,-0.0208,0.2,-0.0208,True,armed,False,
livefinal_straight_medium_20260708_180855,343,15.433334,1783530540.437797,1.195808,-1.196025,-0.0,2.356133,0.2,-0.0208,0.199833,0.001044,camera_link,15.433334,gnm_closed_loop,,nominal,,True,ok,checkpoints/ablation_mnv2_baseline/best.pt,4.7,0.5271,-0.0208,0.1318,-0.0007,0.3819,,,gnm_closed_loop,0.2,-0.0208,False,0,,isaac_live_final_20260708,,selected_baseline_live,,,,,,,False,hospital_goal_B,2.8651,True,0.5271,-0.0208,0.2,-0.0208,True,armed,False,
livefinal_straight_medium_20260708_180855,344,15.450001,1783530540.439661,1.193457,-1.193674,-0.0,2.356132,0.2,-0.0208,0.199833,0.001044,camera_link,15.450001,gnm_closed_loop,,nominal,,True,ok,checkpoints/ablation_mnv2_baseline/best.pt,4.7,0.5271,-0.0208,0.1318,-0.0007,0.3819,,,gnm_closed_loop,0.2,-0.0208,False,0,,isaac_live_final_20260708,,selected_baseline_live,,,,,,,False,hospital_goal_B,2.8618,True,0.5271,-0.0208,0.2,-0.0208,True,armed,False,
livefinal_straight_medium_20260708_180855,345,15.466667,1783530540.455937,1.191106,-1.191323,-0.0,2.356131,0.2,-0.0182,0.199853,0.000811,camera_link,15.466667,gnm_closed_loop,,nominal,,True,ok,checkpoints/ablation_mnv2_baseline/best.pt,4.67,0.5492,-0.0182,0.1373,-0.0006,0.3898,,,gnm_closed_loop,0.2,-0.0182,False,0,,isaac_live_final_20260708,,selected_baseline_live,,,,,,,False,hospital_goal_B,2.8584,True,0.5492,-0.0182,0.2,-0.0182,True,armed,False,
livefinal_straight_medium_20260708_180855,346,15.483334,1783530540.458137,1.188756,-1.188972,-0.0,2.356131,0.2,-0.0182,0.199853,0.000811,camera_link,15.483334,gnm_closed_loop,,nominal,,True,ok,checkpoints/ablation_mnv2_baseline/best.pt,4.67,0.5492,-0.0182,0.1373,-0.0006,0.3898,,,gnm_closed_loop,0.2,-0.0182,False,0,,isaac_live_final_20260708,,selected_baseline_live,,,,,,,False,hospital_goal_B,2.8551,True,0.5492,-0.0182,0.2,-0.0182,True,armed,False,
livefinal_straight_medium_20260708_180855,347,15.500001,1783530540.459991,1.186405,-1.186621,-0.0,2.35613,0.2,-0.0182,0.199853,0.000811,camera_link,15.500001,gnm_closed_loop,,nominal,,True,ok,checkpoints/ablation_mnv2_baseline/best.pt,4.67,0.5492,-0.0182,0.1373,-0.0006,0.3898,,,gnm_closed_loop,0.2,-0.0182,False,0,,isaac_live_final_20260708,,selected_baseline_live,,,,,,,False,hospital_goal_B,2.8518,True,0.5492,-0.0182,0.2,-0.0182,True,armed,False,
livefinal_straight_medium_20260708_180855,348,15.516667,1783530540.47498,1.184054,-1.184271,-0.0,2.35613,0.2,-0.0158,0.199811,0.000843,camera_link,15.516667,gnm_closed_loop,,nominal,,True,ok,checkpoints/ablation_mnv2_baseline/best.pt,4.54,0.5513,-0.0158,0.1378,-0.0005,0.3924,,,gnm_closed_loop,0.2,-0.0158,False,0,,isaac_live_final_20260708,,selected_baseline_live,,,,,,,False,hospital_goal_B,2.8485,True,0.5513,-0.0158,0.2,-0.0158,True,armed,False,
livefinal_straight_medium_20260708_180855,349,15.533334,1783530540.477289,1.181704,-1.18192,-0.0,2.356129,0.2,-0.0158,0.199811,0.000843,camera_link,15.533334,gnm_closed_loop,,nominal,,True,ok,checkpoints/ablation_mnv2_baseline/best.pt,4.54,0.5513,-0.0158,0.1378,-0.0005,0.3924,,,gnm_closed_loop,0.2,-0.0158,False,0,,isaac_live_final_20260708,,selected_baseline_live,,,,,,,False,hospital_goal_B,2.8451,True,0.5513,-0.0158,0.2,-0.0158,True,armed,False,
livefinal_straight_medium_20260708_180855,350,15.550001,1783530540.479257,1.179352,-1.179569,-0.0,2.356129,0.2,-0.0158,0.199811,0.000843,camera_link,15.550001,gnm_closed_loop,,nominal,,True,ok,checkpoints/ablation_mnv2_baseline/best.pt,4.54,0.5513,-0.0158,0.1378,-0.0005,0.3924,,,gnm_closed_loop,0.2,-0.0158,False,0,,isaac_live_final_20260708,,selected_baseline_live,,,,,,,False,hospital_goal_B,2.8418,True,0.5513,-0.0158,0.2,-0.0158,True,armed,False,
livefinal_straight_medium_20260708_180855,351,15.566667,1783530540.494833,1.177001,-1.177218,-0.0,2.356128,0.2,-0.0163,0.199796,0.001367,camera_link,15.566667,gnm_closed_loop,,nominal,,True,ok,checkpoints/ablation_mnv2_baseline/best.pt,4.89,0.5643,-0.0163,0.1411,-0.0006,0.3917,,,gnm_closed_loop,0.2,-0.0163,False,0,,isaac_live_final_20260708,,selected_baseline_live,,,,,,,False,hospital_goal_B,2.8385,True,0.5643,-0.0163,0.2,-0.0163,True,armed,False,
livefinal_straight_medium_20260708_180855,352,15.583334,1783530540.497611,1.174651,-1.174868,-0.0,2.356127,0.2,-0.0163,0.199796,0.001367,camera_link,15.583334,gnm_closed_loop,,nominal,,True,ok,checkpoints/ablation_mnv2_baseline/best.pt,4.89,0.5643,-0.0163,0.1411,-0.0006,0.3917,,,gnm_closed_loop,0.2,-0.0163,False,0,,isaac_live_final_20260708,,selected_baseline_live,,,,,,,False,hospital_goal_B,2.8352,True,0.5643,-0.0163,0.2,-0.0163,True,armed,False,
livefinal_straight_medium_20260708_180855,353,15.600001,1783530540.499431,1.1723,-1.172516,-0.0,2.356127,0.2,-0.0163,0.199796,0.001367,camera_link,15.600001,gnm_closed_loop,,nominal,,True,ok,checkpoints/ablation_mnv2_baseline/best.pt,4.89,0.5643,-0.0163,0.1411,-0.0006,0.3917,,,gnm_closed_loop,0.2,-0.0163,False,0,,isaac_live_final_20260708,,selected_baseline_live,,,,,,,False,hospital_goal_B,2.8318,True,0.5643,-0.0163,0.2,-0.0163,True,armed,False,
livefinal_straight_medium_20260708_180855,354,15.616667,1783530540.515587,1.169949,-1.170166,-0.0,2.356126,0.2,-0.0214,0.199831,0.001428,camera_link,15.616667,gnm_closed_loop,,nominal,,True,ok,checkpoints/ablation_mnv2_baseline/best.pt,4.71,0.522,-0.0214,0.1305,-0.0007,0.3916,,,gnm_closed_loop,0.2,-0.0214,False,0,,isaac_live_final_20260708,,selected_baseline_live,,,,,,,False,hospital_goal_B,2.8285,True,0.522,-0.0214,0.2,-0.0214,True,armed,False,
livefinal_straight_medium_20260708_180855,355,15.633334,1783530540.517894,1.167599,-1.167815,-0.0,2.356125,0.2,-0.0214,0.199831,0.001428,camera_link,15.633334,gnm_closed_loop,,nominal,,True,ok,checkpoints/ablation_mnv2_baseline/best.pt,4.71,0.522,-0.0214,0.1305,-0.0007,0.3916,,,gnm_closed_loop,0.2,-0.0214,False,0,,isaac_live_final_20260708,,selected_baseline_live,,,,,,,False,hospital_goal_B,2.8252,True,0.522,-0.0214,0.2,-0.0214,True,armed,False,
livefinal_straight_medium_20260708_180855,356,15.650001,1783530540.519773,1.165248,-1.165464,-0.0,2.356124,0.2,-0.0214,0.199831,0.001428,camera_link,15.650001,gnm_closed_loop,,nominal,,True,ok,checkpoints/ablation_mnv2_baseline/best.pt,4.71,0.522,-0.0214,0.1305,-0.0007,0.3916,,,gnm_closed_loop,0.2,-0.0214,False,0,,isaac_live_final_20260708,,selected_baseline_live,,,,,,,False,hospital_goal_B,2.8219,True,0.522,-0.0214,0.2,-0.0214,True,armed,False,
livefinal_straight_medium_20260708_180855,357,15.666667,1783530540.53533,1.162898,-1.163113,-0.0,2.356124,0.2,-0.0271,0.199849,0.001479,camera_link,15.666667,gnm_closed_loop,,nominal,,True,ok,checkpoints/ablation_mnv2_baseline/best.pt,4.61,0.4744,-0.0271,0.1186,-0.0008,0.3865,,,gnm_closed_loop,0.2,-0.0271,False,0,,isaac_live_final_20260708,,selected_baseline_live,,,,,,,False,hospital_goal_B,2.8185,True,0.4744,-0.0271,0.2,-0.0271,True,armed,False,
livefinal_straight_medium_20260708_180855,358,15.683334,1783530540.537641,1.160547,-1.160762,-0.0,2.356123,0.2,-0.0271,0.199849,0.001479,camera_link,15.683334,gnm_closed_loop,,nominal,,True,ok,checkpoints/ablation_mnv2_baseline/best.pt,4.61,0.4744,-0.0271,0.1186,-0.0008,0.3865,,,gnm_closed_loop,0.2,-0.0271,False,0,,isaac_live_final_20260708,,selected_baseline_live,,,,,,,False,hospital_goal_B,2.8152,True,0.4744,-0.0271,0.2,-0.0271,True,armed,False,
livefinal_straight_medium_20260708_180855,359,15.700001,1783530540.540669,1.158196,-1.15841,-0.0,2.356122,0.2,-0.0271,0.199849,0.001479,camera_link,15.700001,gnm_closed_loop,,nominal,,True,ok,checkpoints/ablation_mnv2_baseline/best.pt,4.61,0.4744,-0.0271,0.1186,-0.0008,0.3865,,,gnm_closed_loop,0.2,-0.0271,False,0,,isaac_live_final_20260708,,selected_baseline_live,,,,,,,False,hospital_goal_B,2.8119,True,0.4744,-0.0271,0.2,-0.0271,True,armed,False,
livefinal_straight_medium_20260708_180855,360,15.716667,1783530540.557287,1.155846,-1.156059,-0.0,2.356121,0.2,-0.0315,0.199861,0.001522,camera_link,15.716667,gnm_closed_loop,,nominal,,True,ok,checkpoints/ablation_mnv2_baseline/best.pt,4.61,0.4456,-0.0315,0.1114,-0.0009,0.3816,,,gnm_closed_loop,0.2,-0.0315,False,0,,isaac_live_final_20260708,,selected_baseline_live,,,,,,,False,hospital_goal_B,2.8086,True,0.4456,-0.0315,0.2,-0.0315,True,armed,False,
livefinal_straight_medium_20260708_180855,361,15.733334,1783530540.559452,1.153495,-1.153708,-0.0,2.356119,0.2,-0.0315,0.199861,0.001522,camera_link,15.733334,gnm_closed_loop,,nominal,,True,ok,checkpoints/ablation_mnv2_baseline/best.pt,4.61,0.4456,-0.0315,0.1114,-0.0009,0.3816,,,gnm_closed_loop,0.2,-0.0315,False,0,,isaac_live_final_20260708,,selected_baseline_live,,,,,,,False,hospital_goal_B,2.8052,True,0.4456,-0.0315,0.2,-0.0315,True,armed,False,
livefinal_straight_medium_20260708_180855,362,15.750001,1783530540.561489,1.151144,-1.151357,-0.0,2.356118,0.2,-0.0315,0.199861,0.001522,camera_link,15.750001,gnm_closed_loop,,nominal,,True,ok,checkpoints/ablation_mnv2_baseline/best.pt,4.61,0.4456,-0.0315,0.1114,-0.0009,0.3816,,,gnm_closed_loop,0.2,-0.0315,False,0,,isaac_live_final_20260708,,selected_baseline_live,,,,,,,False,hospital_goal_B,2.8019,True,0.4456,-0.0315,0.2,-0.0315,True,armed,False,
livefinal_straight_medium_20260708_180855,363,15.766667,1783530540.577558,1.148793,-1.149005,-0.0,2.356116,0.2,-0.0436,0.199816,0.001105,camera_link,15.766667,gnm_closed_loop,,nominal,,True,ok,checkpoints/ablation_mnv2_baseline/best.pt,5.14,0.3964,-0.0436,0.0991,-0.0011,0.3768,,,gnm_closed_loop,0.2,-0.0436,False,0,,isaac_live_final_20260708,,selected_baseline_live,,,,,,,False,hospital_goal_B,2.7986,True,0.3964,-0.0436,0.2,-0.0436,True,armed,False,
livefinal_straight_medium_20260708_180855,364,15.783334,1783530540.580495,1.146443,-1.146654,-0.0,2.356115,0.2,-0.0436,0.199816,0.001105,camera_link,15.783334,gnm_closed_loop,,nominal,,True,ok,checkpoints/ablation_mnv2_baseline/best.pt,5.14,0.3964,-0.0436,0.0991,-0.0011,0.3768,,,gnm_closed_loop,0.2,-0.0436,False,0,,isaac_live_final_20260708,,selected_baseline_live,,,,,,,False,hospital_goal_B,2.7953,True,0.3964,-0.0436,0.2,-0.0436,True,armed,False,
livefinal_straight_medium_20260708_180855,365,15.800001,1783530540.582513,1.144092,-1.144303,-0.0,2.356113,0.2,-0.0436,0.199816,0.001105,camera_link,15.800001,gnm_closed_loop,,nominal,,True,ok,checkpoints/ablation_mnv2_baseline/best.pt,5.14,0.3964,-0.0436,0.0991,-0.0011,0.3768,,,gnm_closed_loop,0.2,-0.0436,False,0,,isaac_live_final_20260708,,selected_baseline_live,,,,,,,False,hospital_goal_B,2.7919,True,0.3964,-0.0436,0.2,-0.0436,True,armed,False,
livefinal_straight_medium_20260708_180855,366,15.816667,1783530540.598103,1.141742,-1.141952,-0.0,2.356112,0.2,-0.0397,0.199807,0.003098,camera_link,15.816667,gnm_closed_loop,,nominal,,True,ok,checkpoints/ablation_mnv2_baseline/best.pt,4.24,0.4357,-0.0397,0.1089,-0.0011,0.3829,,,gnm_closed_loop,0.2,-0.0397,False,0,,isaac_live_final_20260708,,selected_baseline_live,,,,,,,False,hospital_goal_B,2.7886,True,0.4357,-0.0397,0.2,-0.0397,True,armed,False,
livefinal_straight_medium_20260708_180855,367,15.833334,1783530540.601291,1.139391,-1.139601,-0.0,2.35611,0.2,-0.0397,0.199807,0.003098,camera_link,15.833334,gnm_closed_loop,,nominal,,True,ok,checkpoints/ablation_mnv2_baseline/best.pt,4.24,0.4357,-0.0397,0.1089,-0.0011,0.3829,,,gnm_closed_loop,0.2,-0.0397,False,0,,isaac_live_final_20260708,,selected_baseline_live,,,,,,,False,hospital_goal_B,2.7853,True,0.4357,-0.0397,0.2,-0.0397,True,armed,False,
livefinal_straight_medium_20260708_180855,368,15.850001,1783530540.605734,1.137041,-1.13725,-0.0,2.356108,0.2,-0.0397,0.199807,0.003098,camera_link,15.850001,gnm_closed_loop,,nominal,,True,ok,checkpoints/ablation_mnv2_baseline/best.pt,4.24,0.4357,-0.0397,0.1089,-0.0011,0.3829,,,gnm_closed_loop,0.2,-0.0397,False,0,,isaac_live_final_20260708,,selected_baseline_live,,,,,,,False,hospital_goal_B,2.782,True,0.4357,-0.0397,0.2,-0.0397,True,armed,False,
livefinal_straight_medium_20260708_180855,369,15.866667,1783530540.629227,1.13469,-1.134899,-0.0,2.356106,0.2,-0.0272,0.199788,0.002344,camera_link,15.866667,gnm_closed_loop,,nominal,,True,ok,checkpoints/ablation_mnv2_baseline/best.pt,5.85,0.4546,-0.0272,0.1136,-0.0008,0.3882,,,gnm_closed_loop,0.2,-0.0272,False,0,,isaac_live_final_20260708,,selected_baseline_live,,,,,,,False,hospital_goal_B,2.7786,True,0.4546,-0.0272,0.2,-0.0272,True,armed,False,
livefinal_straight_medium_20260708_180855,370,15.883334,1783530540.63176,1.13234,-1.132548,-0.0,2.356105,0.2,-0.0272,0.199788,0.002344,camera_link,15.883334,gnm_closed_loop,,nominal,,True,ok,checkpoints/ablation_mnv2_baseline/best.pt,5.85,0.4546,-0.0272,0.1136,-0.0008,0.3882,,,gnm_closed_loop,0.2,-0.0272,False,0,,isaac_live_final_20260708,,selected_baseline_live,,,,,,,False,hospital_goal_B,2.7753,True,0.4546,-0.0272,0.2,-0.0272,True,armed,False,
livefinal_straight_medium_20260708_180855,371,15.900001,1783530540.633624,1.12999,-1.130198,-0.0,2.356105,0.2,-0.0272,0.199788,0.002344,camera_link,15.900001,gnm_closed_loop,,nominal,,True,ok,checkpoints/ablation_mnv2_baseline/best.pt,5.85,0.4546,-0.0272,0.1136,-0.0008,0.3882,,,gnm_closed_loop,0.2,-0.0272,False,0,,isaac_live_final_20260708,,selected_baseline_live,,,,,,,False,hospital_goal_B,2.772,True,0.4546,-0.0272,0.2,-0.0272,True,armed,False,
livefinal_straight_medium_20260708_180855,372,15.916667,1783530540.64792,1.12764,-1.127847,-0.0,2.356104,0.2,-0.0246,0.199839,0.001246,camera_link,15.916667,gnm_closed_loop,,nominal,,True,ok,checkpoints/ablation_mnv2_baseline/best.pt,4.45,0.4871,-0.0246,0.1218,-0.0007,0.3944,,,gnm_closed_loop,0.2,-0.0246,False,0,,isaac_live_final_20260708,,selected_baseline_live,,,,,,,False,hospital_goal_B,2.7687,True,0.4871,-0.0246,0.2,-0.0246,True,armed,False,
livefinal_straight_medium_20260708_180855,373,15.933334,1783530540.650395,1.125289,-1.125495,-0.0,2.356103,0.2,-0.0246,0.199839,0.001246,camera_link,15.933334,gnm_closed_loop,,nominal,,True,ok,checkpoints/ablation_mnv2_baseline/best.pt,4.45,0.4871,-0.0246,0.1218,-0.0007,0.3944,,,gnm_closed_loop,0.2,-0.0246,False,0,,isaac_live_final_20260708,,selected_baseline_live,,,,,,,False,hospital_goal_B,2.7653,True,0.4871,-0.0246,0.2,-0.0246,True,armed,False,
livefinal_straight_medium_20260708_180855,374,15.950001,1783530540.652255,1.122938,-1.123144,-0.0,2.356102,0.2,-0.0246,0.199839,0.001246,camera_link,15.950001,gnm_closed_loop,,nominal,,True,ok,checkpoints/ablation_mnv2_baseline/best.pt,4.45,0.4871,-0.0246,0.1218,-0.0007,0.3944,,,gnm_closed_loop,0.2,-0.0246,False,0,,isaac_live_final_20260708,,selected_baseline_live,,,,,,,False,hospital_goal_B,2.762,True,0.4871,-0.0246,0.2,-0.0246,True,armed,False,
livefinal_straight_medium_20260708_180855,375,15.966667,1783530540.668307,1.120588,-1.120793,-0.0,2.356101,0.2,-0.0236,0.199815,0.001137,camera_link,15.966667,gnm_closed_loop,,nominal,,True,ok,checkpoints/ablation_mnv2_baseline/best.pt,4.61,0.4866,-0.0236,0.1217,-0.0007,0.3943,,,gnm_closed_loop,0.2,-0.0236,False,0,,isaac_live_final_20260708,,selected_baseline_live,,,,,,,False,hospital_goal_B,2.7587,True,0.4866,-0.0236,0.2,-0.0236,True,armed,False,
livefinal_straight_medium_20260708_180855,376,15.983334,1783530540.670611,1.118238,-1.118442,-0.0,2.3561,0.2,-0.0236,0.199815,0.001137,camera_link,15.983334,gnm_closed_loop,,nominal,,True,ok,checkpoints/ablation_mnv2_baseline/best.pt,4.61,0.4866,-0.0236,0.1217,-0.0007,0.3943,,,gnm_closed_loop,0.2,-0.0236,False,0,,isaac_live_final_20260708,,selected_baseline_live,,,,,,,False,hospital_goal_B,2.7554,True,0.4866,-0.0236,0.2,-0.0236,True,armed,False,
livefinal_straight_medium_20260708_180855,377,16.000001,1783530540.672589,1.115888,-1.116091,-0.0,2.356099,0.2,-0.0236,0.199815,0.001137,camera_link,16.000001,gnm_closed_loop,,nominal,,True,ok,checkpoints/ablation_mnv2_baseline/best.pt,4.61,0.4866,-0.0236,0.1217,-0.0007,0.3943,,,gnm_closed_loop,0.2,-0.0236,False,0,,isaac_live_final_20260708,,selected_baseline_live,,,,,,,False,hospital_goal_B,2.752,True,0.4866,-0.0236,0.2,-0.0236,True,armed,False,
livefinal_straight_medium_20260708_180855,378,16.016668,1783530540.688428,1.113537,-1.11374,-0.0,2.356099,0.2,-0.0224,0.199859,0.000683,camera_link,16.016668,gnm_closed_loop,,nominal,,True,ok,checkpoints/ablation_mnv2_baseline/best.pt,4.58,0.4708,-0.0224,0.1177,-0.0007,0.3867,,,gnm_closed_loop,0.2,-0.0224,False,0,,isaac_live_final_20260708,,selected_baseline_live,,,,,,,False,hospital_goal_B,2.7487,True,0.4708,-0.0224,0.2,-0.0224,True,armed,False,
livefinal_straight_medium_20260708_180855,379,16.033334,1783530540.690836,1.111186,-1.111388,-0.0,2.356098,0.2,-0.0224,0.199859,0.000683,camera_link,16.033334,gnm_closed_loop,,nominal,,True,ok,checkpoints/ablation_mnv2_baseline/best.pt,4.58,0.4708,-0.0224,0.1177,-0.0007,0.3867,,,gnm_closed_loop,0.2,-0.0224,False,0,,isaac_live_final_20260708,,selected_baseline_live,,,,,,,False,hospital_goal_B,2.7454,True,0.4708,-0.0224,0.2,-0.0224,True,armed,False,
livefinal_straight_medium_20260708_180855,380,16.050001,1783530540.693703,1.108835,-1.109037,-0.0,2.356098,0.2,-0.0224,0.199859,0.000683,camera_link,16.050001,gnm_closed_loop,,nominal,,True,ok,checkpoints/ablation_mnv2_baseline/best.pt,4.58,0.4708,-0.0224,0.1177,-0.0007,0.3867,,,gnm_closed_loop,0.2,-0.0224,False,0,,isaac_live_final_20260708,,selected_baseline_live,,,,,,,False,hospital_goal_B,2.7421,True,0.4708,-0.0224,0.2,-0.0224,True,armed,False,
livefinal_straight_medium_20260708_180855,381,16.066668,1783530540.708568,1.106484,-1.106685,-0.0,2.356097,0.2,-0.0286,0.19979,0.000798,camera_link,16.066668,gnm_closed_loop,,nominal,,True,ok,checkpoints/ablation_mnv2_baseline/best.pt,4.48,0.4518,-0.0286,0.1129,-0.0008,0.3807,,,gnm_closed_loop,0.2,-0.0286,False,0,,isaac_live_final_20260708,,selected_baseline_live,,,,,,,False,hospital_goal_B,2.7387,True,0.4518,-0.0286,0.2,-0.0286,True,armed,False,
livefinal_straight_medium_20260708_180855,382,16.083334,1783530540.71109,1.104134,-1.104334,-0.0,2.356096,0.2,-0.0286,0.19979,0.000798,camera_link,16.083334,gnm_closed_loop,,nominal,,True,ok,checkpoints/ablation_mnv2_baseline/best.pt,4.48,0.4518,-0.0286,0.1129,-0.0008,0.3807,,,gnm_closed_loop,0.2,-0.0286,False,0,,isaac_live_final_20260708,,selected_baseline_live,,,,,,,False,hospital_goal_B,2.7354,True,0.4518,-0.0286,0.2,-0.0286,True,armed,False,
livefinal_straight_medium_20260708_180855,383,16.100001,1783530540.713092,1.101783,-1.101982,-0.0,2.356095,0.2,-0.0286,0.19979,0.000798,camera_link,16.100001,gnm_closed_loop,,nominal,,True,ok,checkpoints/ablation_mnv2_baseline/best.pt,4.48,0.4518,-0.0286,0.1129,-0.0008,0.3807,,,gnm_closed_loop,0.2,-0.0286,False,0,,isaac_live_final_20260708,,selected_baseline_live,,,,,,,False,hospital_goal_B,2.7321,True,0.4518,-0.0286,0.2,-0.0286,True,armed,False,
livefinal_straight_medium_20260708_180855,384,16.116668,1783530540.730322,1.099432,-1.099632,-0.0,2.356094,0.2,-0.0264,0.199864,0.001203,camera_link,16.116668,gnm_closed_loop,,nominal,,True,ok,checkpoints/ablation_mnv2_baseline/best.pt,4.5,0.4499,-0.0264,0.1125,-0.0007,0.3817,,,gnm_closed_loop,0.2,-0.0264,False,0,,isaac_live_final_20260708,,selected_baseline_live,,,,,,,False,hospital_goal_B,2.7288,True,0.4499,-0.0264,0.2,-0.0264,True,armed,False,
livefinal_straight_medium_20260708_180855,385,16.133334,1783530540.733762,1.097082,-1.097281,-0.0,2.356093,0.2,-0.0264,0.199864,0.001203,camera_link,16.133334,gnm_closed_loop,,nominal,,True,ok,checkpoints/ablation_mnv2_baseline/best.pt,4.5,0.4499,-0.0264,0.1125,-0.0007,0.3817,,,gnm_closed_loop,0.2,-0.0264,False,0,,isaac_live_final_20260708,,selected_baseline_live,,,,,,,False,hospital_goal_B,2.7254,True,0.4499,-0.0264,0.2,-0.0264,True,armed,False,
livefinal_straight_medium_20260708_180855,386,16.150001,1783530540.735716,1.094731,-1.09493,-0.0,2.356092,0.2,-0.0264,0.199864,0.001203,camera_link,16.150001,gnm_closed_loop,,nominal,,True,ok,checkpoints/ablation_mnv2_baseline/best.pt,4.5,0.4499,-0.0264,0.1125,-0.0007,0.3817,,,gnm_closed_loop,0.2,-0.0264,False,0,,isaac_live_final_20260708,,selected_baseline_live,,,,,,,False,hospital_goal_B,2.7221,True,0.4499,-0.0264,0.2,-0.0264,True,armed,False,
livefinal_straight_medium_20260708_180855,387,16.166668,1783530540.752476,1.092381,-1.092579,-0.0,2.356091,0.2,-0.0214,0.199831,0.002515,camera_link,16.166668,gnm_closed_loop,,nominal,,True,ok,checkpoints/ablation_mnv2_baseline/best.pt,4.32,0.4644,-0.0214,0.1161,-0.0006,0.3852,,,gnm_closed_loop,0.2,-0.0214,False,0,,isaac_live_final_20260708,,selected_baseline_live,,,,,,,False,hospital_goal_B,2.7188,True,0.4644,-0.0214,0.2,-0.0214,True,armed,False,
livefinal_straight_medium_20260708_180855,388,16.183334,1783530540.754903,1.09003,-1.090228,-0.0,2.35609,0.2,-0.0214,0.199831,0.002515,camera_link,16.183334,gnm_closed_loop,,nominal,,True,ok,checkpoints/ablation_mnv2_baseline/best.pt,4.32,0.4644,-0.0214,0.1161,-0.0006,0.3852,,,gnm_closed_loop,0.2,-0.0214,False,0,,isaac_live_final_20260708,,selected_baseline_live,,,,,,,False,hospital_goal_B,2.7155,True,0.4644,-0.0214,0.2,-0.0214,True,armed,False,
livefinal_straight_medium_20260708_180855,389,16.200001,1783530540.758083,1.08768,-1.087877,-0.0,2.356089,0.2,-0.0214,0.199831,0.002515,camera_link,16.200001,gnm_closed_loop,,nominal,,True,ok,checkpoints/ablation_mnv2_baseline/best.pt,4.32,0.4644,-0.0214,0.1161,-0.0006,0.3852,,,gnm_closed_loop,0.2,-0.0214,False,0,,isaac_live_final_20260708,,selected_baseline_live,,,,,,,False,hospital_goal_B,2.7121,True,0.4644,-0.0214,0.2,-0.0214,True,armed,False,
livefinal_straight_medium_20260708_180855,390,16.216668,1783530540.776776,1.085329,-1.085526,-0.0,2.356088,0.2,-0.0178,0.199852,0.001077,camera_link,16.216668,gnm_closed_loop,,nominal,,True,ok,checkpoints/ablation_mnv2_baseline/best.pt,4.73,0.4688,-0.0178,0.1172,-0.0005,0.3854,,,gnm_closed_loop,0.2,-0.0178,False,0,,isaac_live_final_20260708,,selected_baseline_live,,,,,,,False,hospital_goal_B,2.7088,True,0.4688,-0.0178,0.2,-0.0178,True,armed,False,
livefinal_straight_medium_20260708_180855,391,16.233334,1783530540.77919,1.082978,-1.083175,-0.0,2.356087,0.2,-0.0178,0.199852,0.001077,camera_link,16.233334,gnm_closed_loop,,nominal,,True,ok,checkpoints/ablation_mnv2_baseline/best.pt,4.73,0.4688,-0.0178,0.1172,-0.0005,0.3854,,,gnm_closed_loop,0.2,-0.0178,False,0,,isaac_live_final_20260708,,selected_baseline_live,,,,,,,False,hospital_goal_B,2.7055,True,0.4688,-0.0178,0.2,-0.0178,True,armed,False,
livefinal_straight_medium_20260708_180855,392,16.250001,1783530540.781654,1.080627,-1.080824,-0.0,2.356087,0.2,-0.0178,0.199852,0.001077,camera_link,16.250001,gnm_closed_loop,,nominal,,True,ok,checkpoints/ablation_mnv2_baseline/best.pt,4.73,0.4688,-0.0178,0.1172,-0.0005,0.3854,,,gnm_closed_loop,0.2,-0.0178,False,0,,isaac_live_final_20260708,,selected_baseline_live,,,,,,,False,hospital_goal_B,2.7022,True,0.4688,-0.0178,0.2,-0.0178,True,armed,False,
livefinal_straight_medium_20260708_180855,393,16.266668,1783530540.801713,1.078277,-1.078473,-0.0,2.356086,0.2,-0.0219,0.199808,0.001161,camera_link,16.266668,gnm_closed_loop,,nominal,,True,ok,checkpoints/ablation_mnv2_baseline/best.pt,5.94,0.4609,-0.0219,0.1152,-0.0006,0.382,,,gnm_closed_loop,0.2,-0.0219,False,0,,isaac_live_final_20260708,,selected_baseline_live,,,,,,,False,hospital_goal_B,2.6988,True,0.4609,-0.0219,0.2,-0.0219,True,armed,False,
livefinal_straight_medium_20260708_180855,394,16.283334,1783530540.804475,1.075927,-1.076122,-0.0,2.356085,0.2,-0.0219,0.199808,0.001161,camera_link,16.283334,gnm_closed_loop,,nominal,,True,ok,checkpoints/ablation_mnv2_baseline/best.pt,5.94,0.4609,-0.0219,0.1152,-0.0006,0.382,,,gnm_closed_loop,0.2,-0.0219,False,0,,isaac_live_final_20260708,,selected_baseline_live,,,,,,,False,hospital_goal_B,2.6955,True,0.4609,-0.0219,0.2,-0.0219,True,armed,False,
livefinal_straight_medium_20260708_180855,395,16.300001,1783530540.806501,1.073577,-1.073771,-0.0,2.356085,0.2,-0.0219,0.199808,0.001161,camera_link,16.300001,gnm_closed_loop,,nominal,,True,ok,checkpoints/ablation_mnv2_baseline/best.pt,5.94,0.4609,-0.0219,0.1152,-0.0006,0.382,,,gnm_closed_loop,0.2,-0.0219,False,0,,isaac_live_final_20260708,,selected_baseline_live,,,,,,,False,hospital_goal_B,2.6922,True,0.4609,-0.0219,0.2,-0.0219,True,armed,False,
livefinal_straight_medium_20260708_180855,396,16.316668,1783530540.825564,1.071226,-1.07142,-0.0,2.356084,0.2,-0.0217,0.19984,0.001074,camera_link,16.316668,gnm_closed_loop,,nominal,,True,ok,checkpoints/ablation_mnv2_baseline/best.pt,4.97,0.4867,-0.0217,0.1217,-0.0007,0.3819,,,gnm_closed_loop,0.2,-0.0217,False,0,,isaac_live_final_20260708,,selected_baseline_live,,,,,,,False,hospital_goal_B,2.6889,True,0.4867,-0.0217,0.2,-0.0217,True,armed,False,
livefinal_straight_medium_20260708_180855,397,16.333334,1783530540.827786,1.068875,-1.069069,-0.0,2.356083,0.2,-0.0217,0.19984,0.001074,camera_link,16.333334,gnm_closed_loop,,nominal,,True,ok,checkpoints/ablation_mnv2_baseline/best.pt,4.97,0.4867,-0.0217,0.1217,-0.0007,0.3819,,,gnm_closed_loop,0.2,-0.0217,False,0,,isaac_live_final_20260708,,selected_baseline_live,,,,,,,False,hospital_goal_B,2.6856,True,0.4867,-0.0217,0.2,-0.0217,True,armed,False,
livefinal_straight_medium_20260708_180855,398,16.350001,1783530540.830788,1.066525,-1.066718,-0.0,2.356083,0.2,-0.0217,0.19984,0.001074,camera_link,16.350001,gnm_closed_loop,,nominal,,True,ok,checkpoints/ablation_mnv2_baseline/best.pt,4.97,0.4867,-0.0217,0.1217,-0.0007,0.3819,,,gnm_closed_loop,0.2,-0.0217,False,0,,isaac_live_final_20260708,,selected_baseline_live,,,,,,,False,hospital_goal_B,2.6822,True,0.4867,-0.0217,0.2,-0.0217,True,armed,False,
livefinal_straight_medium_20260708_180855,399,16.366668,1783530540.849365,1.064174,-1.064366,-0.0,2.356082,0.2,-0.0303,0.19983,0.000973,camera_link,16.366668,gnm_closed_loop,,nominal,,True,ok,checkpoints/ablation_mnv2_baseline/best.pt,5.84,0.4774,-0.0303,0.1193,-0.0009,0.3808,,,gnm_closed_loop,0.2,-0.0303,False,0,,isaac_live_final_20260708,,selected_baseline_live,,,,,,,False,hospital_goal_B,2.6789,True,0.4774,-0.0303,0.2,-0.0303,True,armed,False,
livefinal_straight_medium_20260708_180855,400,16.383334,1783530540.852676,1.061823,-1.062016,-0.0,2.356081,0.2,-0.0303,0.19983,0.000973,camera_link,16.383334,gnm_closed_loop,,nominal,,True,ok,checkpoints/ablation_mnv2_baseline/best.pt,5.84,0.4774,-0.0303,0.1193,-0.0009,0.3808,,,gnm_closed_loop,0.2,-0.0303,False,0,,isaac_live_final_20260708,,selected_baseline_live,,,,,,,False,hospital_goal_B,2.6756,True,0.4774,-0.0303,0.2,-0.0303,True,armed,False,
livefinal_straight_medium_20260708_180855,401,16.400001,1783530540.85455,1.059473,-1.059665,-0.0,2.35608,0.2,-0.0303,0.19983,0.000973,camera_link,16.400001,gnm_closed_loop,,nominal,,True,ok,checkpoints/ablation_mnv2_baseline/best.pt,5.84,0.4774,-0.0303,0.1193,-0.0009,0.3808,,,gnm_closed_loop,0.2,-0.0303,False,0,,isaac_live_final_20260708,,selected_baseline_live,,,,,,,False,hospital_goal_B,2.6723,True,0.4774,-0.0303,0.2,-0.0303,True,armed,False,
livefinal_straight_medium_20260708_180855,402,16.416668,1783530540.880487,1.057123,-1.057314,-0.0,2.356078,0.2,-0.0372,0.199847,0.002617,camera_link,16.416668,gnm_closed_loop,,nominal,,True,ok,checkpoints/ablation_mnv2_baseline/best.pt,7.19,0.4562,-0.0372,0.114,-0.0011,0.3805,,,gnm_closed_loop,0.2,-0.0372,False,0,,isaac_live_final_20260708,,selected_baseline_live,,,,,,,False,hospital_goal_B,2.6689,True,0.4562,-0.0372,0.2,-0.0372,True,armed,False,
livefinal_straight_medium_20260708_180855,403,16.433334,1783530540.883014,1.054772,-1.054963,-0.0,2.356077,0.2,-0.0372,0.199847,0.002617,camera_link,16.433334,gnm_closed_loop,,nominal,,True,ok,checkpoints/ablation_mnv2_baseline/best.pt,7.19,0.4562,-0.0372,0.114,-0.0011,0.3805,,,gnm_closed_loop,0.2,-0.0372,False,0,,isaac_live_final_20260708,,selected_baseline_live,,,,,,,False,hospital_goal_B,2.6656,True,0.4562,-0.0372,0.2,-0.0372,True,armed,False,
livefinal_straight_medium_20260708_180855,404,16.450001,1783530540.885317,1.052422,-1.052612,-0.0,2.356075,0.2,-0.0372,0.199847,0.002617,camera_link,16.450001,gnm_closed_loop,,nominal,,True,ok,checkpoints/ablation_mnv2_baseline/best.pt,7.19,0.4562,-0.0372,0.114,-0.0011,0.3805,,,gnm_closed_loop,0.2,-0.0372,False,0,,isaac_live_final_20260708,,selected_baseline_live,,,,,,,False,hospital_goal_B,2.6623,True,0.4562,-0.0372,0.2,-0.0372,True,armed,False,
livefinal_straight_medium_20260708_180855,405,16.466668,1783530540.90569,1.050072,-1.050261,-0.0,2.356074,0.2,-0.0477,0.199823,0.001432,camera_link,16.466668,gnm_closed_loop,,nominal,,True,ok,checkpoints/ablation_mnv2_baseline/best.pt,5.53,0.4198,-0.0477,0.105,-0.0013,0.3753,,,gnm_closed_loop,0.2,-0.0477,False,0,,isaac_live_final_20260708,,selected_baseline_live,,,,,,,False,hospital_goal_B,2.659,True,0.4198,-0.0477,0.2,-0.0477,True,armed,False,
livefinal_straight_medium_20260708_180855,406,16.483334,1783530540.907907,1.047721,-1.04791,-0.0,2.356072,0.2,-0.0477,0.199823,0.001432,camera_link,16.483334,gnm_closed_loop,,nominal,,True,ok,checkpoints/ablation_mnv2_baseline/best.pt,5.53,0.4198,-0.0477,0.105,-0.0013,0.3753,,,gnm_closed_loop,0.2,-0.0477,False,0,,isaac_live_final_20260708,,selected_baseline_live,,,,,,,False,hospital_goal_B,2.6556,True,0.4198,-0.0477,0.2,-0.0477,True,armed,False,
livefinal_straight_medium_20260708_180855,407,16.500001,1783530540.909769,1.045371,-1.045559,-0.0,2.35607,0.2,-0.0477,0.199823,0.001432,camera_link,16.500001,gnm_closed_loop,,nominal,,True,ok,checkpoints/ablation_mnv2_baseline/best.pt,5.53,0.4198,-0.0477,0.105,-0.0013,0.3753,,,gnm_closed_loop,0.2,-0.0477,False,0,,isaac_live_final_20260708,,selected_baseline_live,,,,,,,False,hospital_goal_B,2.6523,True,0.4198,-0.0477,0.2,-0.0477,True,armed,False,
livefinal_straight_medium_20260708_180855,408,16.516668,1783530540.929086,1.043021,-1.043208,-0.0,2.356068,0.2,-0.0492,0.199833,0.001807,camera_link,16.516668,gnm_closed_loop,,nominal,,True,ok,checkpoints/ablation_mnv2_baseline/best.pt,6.15,0.4265,-0.0492,0.1066,-0.0013,0.375,,,gnm_closed_loop,0.2,-0.0492,False,0,,isaac_live_final_20260708,,selected_baseline_live,,,,,,,False,hospital_goal_B,2.649,True,0.4265,-0.0492,0.2,-0.0492,True,armed,False,
livefinal_straight_medium_20260708_180855,409,16.533334,1783530540.932825,1.040671,-1.040857,-0.0,2.356067,0.2,-0.0492,0.199833,0.001807,camera_link,16.533334,gnm_closed_loop,,nominal,,True,ok,checkpoints/ablation_mnv2_baseline/best.pt,6.15,0.4265,-0.0492,0.1066,-0.0013,0.375,,,gnm_closed_loop,0.2,-0.0492,False,0,,isaac_live_final_20260708,,selected_baseline_live,,,,,,,False,hospital_goal_B,2.6457,True,0.4265,-0.0492,0.2,-0.0492,True,armed,False,
livefinal_straight_medium_20260708_180855,410,16.550001,1783530540.936284,1.038321,-1.038506,-0.0,2.356065,0.2,-0.0492,0.199833,0.001807,camera_link,16.550001,gnm_closed_loop,,nominal,,True,ok,checkpoints/ablation_mnv2_baseline/best.pt,6.15,0.4265,-0.0492,0.1066,-0.0013,0.375,,,gnm_closed_loop,0.2,-0.0492,False,0,,isaac_live_final_20260708,,selected_baseline_live,,,,,,,False,hospital_goal_B,2.6423,True,0.4265,-0.0492,0.2,-0.0492,True,armed,False,
livefinal_straight_medium_20260708_180855,411,16.566668,1783530540.963944,1.03597,-1.036155,-0.0,2.356062,0.2,-0.0528,0.199828,0.002165,camera_link,16.566668,gnm_closed_loop,,nominal,,True,ok,checkpoints/ablation_mnv2_baseline/best.pt,8.72,0.4203,-0.0528,0.1051,-0.0014,0.3713,,,gnm_closed_loop,0.2,-0.0528,False,0,,isaac_live_final_20260708,,selected_baseline_live,,,,,,,False,hospital_goal_B,2.639,True,0.4203,-0.0528,0.2,-0.0528,True,armed,False,
livefinal_straight_medium_20260708_180855,412,16.583334,1783530540.96825,1.03362,-1.033804,-0.0,2.356061,0.2,-0.0528,0.199828,0.002165,camera_link,16.583334,gnm_closed_loop,,nominal,,True,ok,checkpoints/ablation_mnv2_baseline/best.pt,8.72,0.4203,-0.0528,0.1051,-0.0014,0.3713,,,gnm_closed_loop,0.2,-0.0528,False,0,,isaac_live_final_20260708,,selected_baseline_live,,,,,,,False,hospital_goal_B,2.6357,True,0.4203,-0.0528,0.2,-0.0528,True,armed,False,
livefinal_straight_medium_20260708_180855,413,16.600001,1783530540.970895,1.03127,-1.031453,-0.0,2.356058,0.2,-0.0528,0.199828,0.002165,camera_link,16.600001,gnm_closed_loop,,nominal,,True,ok,checkpoints/ablation_mnv2_baseline/best.pt,8.72,0.4203,-0.0528,0.1051,-0.0014,0.3713,,,gnm_closed_loop,0.2,-0.0528,False,0,,isaac_live_final_20260708,,selected_baseline_live,,,,,,,False,hospital_goal_B,2.6324,True,0.4203,-0.0528,0.2,-0.0528,True,armed,False,
livefinal_straight_medium_20260708_180855,414,16.616668,1783530540.987633,1.028919,-1.029102,-0.0,2.356056,0.2,-0.0566,0.199848,0.002666,camera_link,16.616668,gnm_closed_loop,,nominal,,True,ok,checkpoints/ablation_mnv2_baseline/best.pt,4.94,0.4094,-0.0566,0.1024,-0.0014,0.369,,,gnm_closed_loop,0.2,-0.0566,False,0,,isaac_live_final_20260708,,selected_baseline_live,,,,,,,False,hospital_goal_B,2.629,True,0.4094,-0.0566,0.2,-0.0566,True,armed,False,
livefinal_straight_medium_20260708_180855,415,16.633334,1783530540.990187,1.026569,-1.026751,-0.0,2.356054,0.2,-0.0566,0.199848,0.002666,camera_link,16.633334,gnm_closed_loop,,nominal,,True,ok,checkpoints/ablation_mnv2_baseline/best.pt,4.94,0.4094,-0.0566,0.1024,-0.0014,0.369,,,gnm_closed_loop,0.2,-0.0566,False,0,,isaac_live_final_20260708,,selected_baseline_live,,,,,,,False,hospital_goal_B,2.6257,True,0.4094,-0.0566,0.2,-0.0566,True,armed,False,
livefinal_straight_medium_20260708_180855,416,16.650001,1783530540.99209,1.024219,-1.0244,-0.0,2.356053,0.2,-0.0566,0.199848,0.002666,camera_link,16.650001,gnm_closed_loop,,nominal,,True,ok,checkpoints/ablation_mnv2_baseline/best.pt,4.94,0.4094,-0.0566,0.1024,-0.0014,0.369,,,gnm_closed_loop,0.2,-0.0566,False,0,,isaac_live_final_20260708,,selected_baseline_live,,,,,,,False,hospital_goal_B,2.6224,True,0.4094,-0.0566,0.2,-0.0566,True,armed,False,
livefinal_straight_medium_20260708_180855,417,16.666668,1783530541.009339,1.021868,-1.022049,-0.0,2.35605,0.2,-0.0566,0.199844,0.002466,camera_link,16.666668,gnm_closed_loop,,nominal,,True,ok,checkpoints/ablation_mnv2_baseline/best.pt,5.05,0.4119,-0.0566,0.103,-0.0015,0.3671,,,gnm_closed_loop,0.2,-0.0566,False,0,,isaac_live_final_20260708,,selected_baseline_live,,,,,,,False,hospital_goal_B,2.6191,True,0.4119,-0.0566,0.2,-0.0566,True,armed,False,
livefinal_straight_medium_20260708_180855,418,16.683334,1783530541.011614,1.019518,-1.019698,-0.0,2.356049,0.2,-0.0566,0.199844,0.002466,camera_link,16.683334,gnm_closed_loop,,nominal,,True,ok,checkpoints/ablation_mnv2_baseline/best.pt,5.05,0.4119,-0.0566,0.103,-0.0015,0.3671,,,gnm_closed_loop,0.2,-0.0566,False,0,,isaac_live_final_20260708,,selected_baseline_live,,,,,,,False,hospital_goal_B,2.6157,True,0.4119,-0.0566,0.2,-0.0566,True,armed,False,
livefinal_straight_medium_20260708_180855,419,16.700001,1783530541.013566,1.017168,-1.017346,-0.0,2.356046,0.2,-0.0566,0.199844,0.002466,camera_link,16.700001,gnm_closed_loop,,nominal,,True,ok,checkpoints/ablation_mnv2_baseline/best.pt,5.05,0.4119,-0.0566,0.103,-0.0015,0.3671,,,gnm_closed_loop,0.2,-0.0566,False,0,,isaac_live_final_20260708,,selected_baseline_live,,,,,,,False,hospital_goal_B,2.6124,True,0.4119,-0.0566,0.2,-0.0566,True,armed,False,
livefinal_straight_medium_20260708_180855,420,16.716668,1783530541.029523,1.014818,-1.014996,-0.0,2.356044,0.2,-0.0566,0.199835,0.002918,camera_link,16.716668,gnm_closed_loop,,nominal,,True,ok,checkpoints/ablation_mnv2_baseline/best.pt,4.68,0.4041,-0.0566,0.101,-0.0014,0.3646,,,gnm_closed_loop,0.2,-0.0566,False,0,,isaac_live_final_20260708,,selected_baseline_live,,,,,,,False,hospital_goal_B,2.6091,True,0.4041,-0.0566,0.2,-0.0566,True,armed,False,
livefinal_straight_medium_20260708_180855,421,16.733334,1783530541.031858,1.012468,-1.012644,-0.0,2.356042,0.2,-0.0566,0.199835,0.002918,camera_link,16.733334,gnm_closed_loop,,nominal,,True,ok,checkpoints/ablation_mnv2_baseline/best.pt,4.68,0.4041,-0.0566,0.101,-0.0014,0.3646,,,gnm_closed_loop,0.2,-0.0566,False,0,,isaac_live_final_20260708,,selected_baseline_live,,,,,,,False,hospital_goal_B,2.6058,True,0.4041,-0.0566,0.2,-0.0566,True,armed,False,
livefinal_straight_medium_20260708_180855,422,16.750001,1783530541.033745,1.010118,-1.010294,-0.0,2.35604,0.2,-0.0566,0.199835,0.002918,camera_link,16.750001,gnm_closed_loop,,nominal,,True,ok,checkpoints/ablation_mnv2_baseline/best.pt,4.68,0.4041,-0.0566,0.101,-0.0014,0.3646,,,gnm_closed_loop,0.2,-0.0566,False,0,,isaac_live_final_20260708,,selected_baseline_live,,,,,,,False,hospital_goal_B,2.6024,True,0.4041,-0.0566,0.2,-0.0566,True,armed,False,
livefinal_straight_medium_20260708_180855,423,16.766668,1783530541.048477,1.007768,-1.007942,-0.0,2.356038,0.2,-0.0608,0.199833,0.003028,camera_link,16.766668,gnm_closed_loop,,nominal,,True,ok,checkpoints/ablation_mnv2_baseline/best.pt,4.73,0.3963,-0.0608,0.0991,-0.0015,0.3654,,,gnm_closed_loop,0.2,-0.0608,False,0,,isaac_live_final_20260708,,selected_baseline_live,,,,,,,False,hospital_goal_B,2.5991,True,0.3963,-0.0608,0.2,-0.0608,True,armed,False,
livefinal_straight_medium_20260708_180855,424,16.783334,1783530541.051084,1.005417,-1.005592,-0.0,2.356036,0.2,-0.0608,0.199833,0.003028,camera_link,16.783334,gnm_closed_loop,,nominal,,True,ok,checkpoints/ablation_mnv2_baseline/best.pt,4.73,0.3963,-0.0608,0.0991,-0.0015,0.3654,,,gnm_closed_loop,0.2,-0.0608,False,0,,isaac_live_final_20260708,,selected_baseline_live,,,,,,,False,hospital_goal_B,2.5958,True,0.3963,-0.0608,0.2,-0.0608,True,armed,False,
livefinal_straight_medium_20260708_180855,425,16.800001,1783530541.05309,1.003068,-1.003241,-0.0,2.356033,0.2,-0.0608,0.199833,0.003028,camera_link,16.800001,gnm_closed_loop,,nominal,,True,ok,checkpoints/ablation_mnv2_baseline/best.pt,4.73,0.3963,-0.0608,0.0991,-0.0015,0.3654,,,gnm_closed_loop,0.2,-0.0608,False,0,,isaac_live_final_20260708,,selected_baseline_live,,,,,,,False,hospital_goal_B,2.5925,True,0.3963,-0.0608,0.2,-0.0608,True,armed,False,
livefinal_straight_medium_20260708_180855,426,16.816668,1783530541.068488,1.000718,-1.00089,-0.0,2.356031,0.2,-0.0557,0.199813,0.003694,camera_link,16.816668,gnm_closed_loop,,nominal,,True,ok,checkpoints/ablation_mnv2_baseline/best.pt,4.53,0.4395,-0.0557,0.1099,-0.0015,0.3689,,,gnm_closed_loop,0.2,-0.0557,False,0,,isaac_live_final_20260708,,selected_baseline_live,,,,,,,False,hospital_goal_B,2.5891,True,0.4395,-0.0557,0.2,-0.0557,True,armed,False,
livefinal_straight_medium_20260708_180855,427,16.833334,1783530541.070734,0.998368,-0.998539,-0.0,2.356029,0.2,-0.0557,0.199813,0.003694,camera_link,16.833334,gnm_closed_loop,,nominal,,True,ok,checkpoints/ablation_mnv2_baseline/best.pt,4.53,0.4395,-0.0557,0.1099,-0.0015,0.3689,,,gnm_closed_loop,0.2,-0.0557,False,0,,isaac_live_final_20260708,,selected_baseline_live,,,,,,,False,hospital_goal_B,2.5858,True,0.4395,-0.0557,0.2,-0.0557,True,armed,False,
livefinal_straight_medium_20260708_180855,428,16.850001,1783530541.072554,0.996017,-0.996188,-0.0,2.356025,0.2,-0.0557,0.199813,0.003694,camera_link,16.850001,gnm_closed_loop,,nominal,,True,ok,checkpoints/ablation_mnv2_baseline/best.pt,4.53,0.4395,-0.0557,0.1099,-0.0015,0.3689,,,gnm_closed_loop,0.2,-0.0557,False,0,,isaac_live_final_20260708,,selected_baseline_live,,,,,,,False,hospital_goal_B,2.5825,True,0.4395,-0.0557,0.2,-0.0557,True,armed,False,
livefinal_straight_medium_20260708_180855,429,16.866668,1783530541.087767,0.993667,-0.993837,-0.0,2.356024,0.2,-0.0605,0.199827,0.002322,camera_link,16.866668,gnm_closed_loop,,nominal,,True,ok,checkpoints/ablation_mnv2_baseline/best.pt,4.05,0.4609,-0.0605,0.1152,-0.0017,0.3707,,,gnm_closed_loop,0.2,-0.0605,False,0,,isaac_live_final_20260708,,selected_baseline_live,,,,,,,False,hospital_goal_B,2.5792,True,0.4609,-0.0605,0.2,-0.0605,True,armed,False,
livefinal_straight_medium_20260708_180855,430,16.883334,1783530541.090049,0.991317,-0.991486,-0.0,2.356022,0.2,-0.0605,0.199827,0.002322,camera_link,16.883334,gnm_closed_loop,,nominal,,True,ok,checkpoints/ablation_mnv2_baseline/best.pt,4.05,0.4609,-0.0605,0.1152,-0.0017,0.3707,,,gnm_closed_loop,0.2,-0.0605,False,0,,isaac_live_final_20260708,,selected_baseline_live,,,,,,,False,hospital_goal_B,2.5759,True,0.4609,-0.0605,0.2,-0.0605,True,armed,False,
livefinal_straight_medium_20260708_180855,431,16.900001,1783530541.091925,0.988967,-0.989135,-0.0,2.35602,0.2,-0.0605,0.199827,0.002322,camera_link,16.900001,gnm_closed_loop,,nominal,,True,ok,checkpoints/ablation_mnv2_baseline/best.pt,4.05,0.4609,-0.0605,0.1152,-0.0017,0.3707,,,gnm_closed_loop,0.2,-0.0605,False,0,,isaac_live_final_20260708,,selected_baseline_live,,,,,,,False,hospital_goal_B,2.5725,True,0.4609,-0.0605,0.2,-0.0605,True,armed,False,
livefinal_straight_medium_20260708_180855,432,16.916668,1783530541.108397,0.986616,-0.986784,-0.0,2.356018,0.2,-0.0553,0.199827,0.003233,camera_link,16.916668,gnm_closed_loop,,nominal,,True,ok,checkpoints/ablation_mnv2_baseline/best.pt,4.68,0.4885,-0.0553,0.1221,-0.0017,0.3783,,,gnm_closed_loop,0.2,-0.0553,False,0,,isaac_live_final_20260708,,selected_baseline_live,,,,,,,False,hospital_goal_B,2.5692,True,0.4885,-0.0553,0.2,-0.0553,True,armed,False,
livefinal_straight_medium_20260708_180855,433,16.933334,1783530541.110791,0.984265,-0.984433,-0.0,2.356016,0.2,-0.0553,0.199827,0.003233,camera_link,16.933334,gnm_closed_loop,,nominal,,True,ok,checkpoints/ablation_mnv2_baseline/best.pt,4.68,0.4885,-0.0553,0.1221,-0.0017,0.3783,,,gnm_closed_loop,0.2,-0.0553,False,0,,isaac_live_final_20260708,,selected_baseline_live,,,,,,,False,hospital_goal_B,2.5659,True,0.4885,-0.0553,0.2,-0.0553,True,armed,False,
livefinal_straight_medium_20260708_180855,434,16.950001,1783530541.11291,0.981915,-0.982082,-0.0,2.356015,0.2,-0.0553,0.199827,0.003233,camera_link,16.950001,gnm_closed_loop,,nominal,,True,ok,checkpoints/ablation_mnv2_baseline/best.pt,4.68,0.4885,-0.0553,0.1221,-0.0017,0.3783,,,gnm_closed_loop,0.2,-0.0553,False,0,,isaac_live_final_20260708,,selected_baseline_live,,,,,,,False,hospital_goal_B,2.5626,True,0.4885,-0.0553,0.2,-0.0553,True,armed,False,
livefinal_straight_medium_20260708_180855,435,16.966668,1783530541.132677,0.979565,-0.979731,-0.0,2.356012,0.2,-0.055,0.199848,0.002978,camera_link,16.966668,gnm_closed_loop,,nominal,,True,ok,checkpoints/ablation_mnv2_baseline/best.pt,6.35,0.4768,-0.055,0.1192,-0.0016,0.3761,,,gnm_closed_loop,0.2,-0.055,False,0,,isaac_live_final_20260708,,selected_baseline_live,,,,,,,False,hospital_goal_B,2.5592,True,0.4768,-0.055,0.2,-0.055,True,armed,False,
livefinal_straight_medium_20260708_180855,436,16.983334,1783530541.135115,0.977214,-0.97738,-0.0,2.356011,0.2,-0.055,0.199848,0.002978,camera_link,16.983334,gnm_closed_loop,,nominal,,True,ok,checkpoints/ablation_mnv2_baseline/best.pt,6.35,0.4768,-0.055,0.1192,-0.0016,0.3761,,,gnm_closed_loop,0.2,-0.055,False,0,,isaac_live_final_20260708,,selected_baseline_live,,,,,,,False,hospital_goal_B,2.5559,True,0.4768,-0.055,0.2,-0.055,True,armed,False,
livefinal_straight_medium_20260708_180855,437,17.000001,1783530541.13696,0.974864,-0.975028,-0.0,2.356009,0.2,-0.055,0.199848,0.002978,camera_link,17.000001,gnm_closed_loop,,nominal,,True,ok,checkpoints/ablation_mnv2_baseline/best.pt,6.35,0.4768,-0.055,0.1192,-0.0016,0.3761,,,gnm_closed_loop,0.2,-0.055,False,0,,isaac_live_final_20260708,,selected_baseline_live,,,,,,,False,hospital_goal_B,2.5526,True,0.4768,-0.055,0.2,-0.055,True,armed,False,
livefinal_straight_medium_20260708_180855,438,17.016668,1783530541.157474,0.972513,-0.972677,-0.0,2.356007,0.2,-0.0528,0.199811,0.002539,camera_link,17.016668,gnm_closed_loop,,nominal,,True,ok,checkpoints/ablation_mnv2_baseline/best.pt,6.19,0.4197,-0.0528,0.1049,-0.0014,0.3702,,,gnm_closed_loop,0.2,-0.0528,False,0,,isaac_live_final_20260708,,selected_baseline_live,,,,,,,False,hospital_goal_B,2.5493,True,0.4197,-0.0528,0.2,-0.0528,True,armed,False,
livefinal_straight_medium_20260708_180855,439,17.033334,1783530541.160401,0.970163,-0.970326,-0.0,2.356005,0.2,-0.0528,0.199811,0.002539,camera_link,17.033334,gnm_closed_loop,,nominal,,True,ok,checkpoints/ablation_mnv2_baseline/best.pt,6.19,0.4197,-0.0528,0.1049,-0.0014,0.3702,,,gnm_closed_loop,0.2,-0.0528,False,0,,isaac_live_final_20260708,,selected_baseline_live,,,,,,,False,hospital_goal_B,2.5459,True,0.4197,-0.0528,0.2,-0.0528,True,armed,False,
livefinal_straight_medium_20260708_180855,440,17.050001,1783530541.163897,0.967813,-0.967975,-0.0,2.356004,0.2,-0.0528,0.199811,0.002539,camera_link,17.050001,gnm_closed_loop,,nominal,,True,ok,checkpoints/ablation_mnv2_baseline/best.pt,6.19,0.4197,-0.0528,0.1049,-0.0014,0.3702,,,gnm_closed_loop,0.2,-0.0528,False,0,,isaac_live_final_20260708,,selected_baseline_live,,,,,,,False,hospital_goal_B,2.5426,True,0.4197,-0.0528,0.2,-0.0528,True,armed,False,
livefinal_straight_medium_20260708_180855,441,17.066668,1783530541.197896,0.965463,-0.965624,-0.0,2.356002,0.2,-0.0496,0.199821,0.002122,camera_link,17.066668,gnm_closed_loop,,nominal,,True,ok,checkpoints/ablation_mnv2_baseline/best.pt,13.96,0.4389,-0.0496,0.1097,-0.0014,0.3766,,,gnm_closed_loop,0.2,-0.0496,False,0,,isaac_live_final_20260708,,selected_baseline_live,,,,,,,False,hospital_goal_B,2.5393,True,0.4389,-0.0496,0.2,-0.0496,True,armed,False,
livefinal_straight_medium_20260708_180855,442,17.083334,1783530541.200428,0.963113,-0.963273,-0.0,2.356,0.2,-0.0496,0.199821,0.002122,camera_link,17.083334,gnm_closed_loop,,nominal,,True,ok,checkpoints/ablation_mnv2_baseline/best.pt,13.96,0.4389,-0.0496,0.1097,-0.0014,0.3766,,,gnm_closed_loop,0.2,-0.0496,False,0,,isaac_live_final_20260708,,selected_baseline_live,,,,,,,False,hospital_goal_B,2.536,True,0.4389,-0.0496,0.2,-0.0496,True,armed,False,
livefinal_straight_medium_20260708_180855,443,17.100001,1783530541.202468,0.960763,-0.960922,-0.0,2.355998,0.2,-0.0496,0.199821,0.002122,camera_link,17.100001,gnm_closed_loop,,nominal,,True,ok,checkpoints/ablation_mnv2_baseline/best.pt,13.96,0.4389,-0.0496,0.1097,-0.0014,0.3766,,,gnm_closed_loop,0.2,-0.0496,False,0,,isaac_live_final_20260708,,selected_baseline_live,,,,,,,False,hospital_goal_B,2.5326,True,0.4389,-0.0496,0.2,-0.0496,True,armed,False,
livefinal_straight_medium_20260708_180855,444,17.116668,1783530541.219231,0.958413,-0.958571,-0.0,2.355997,0.2,-0.0497,0.199869,0.002969,camera_link,17.116668,gnm_closed_loop,,nominal,,True,ok,checkpoints/ablation_mnv2_baseline/best.pt,6.06,0.4418,-0.0497,0.1105,-0.0014,0.3783,,,gnm_closed_loop,0.2,-0.0497,False,0,,isaac_live_final_20260708,,selected_baseline_live,,,,,,,False,hospital_goal_B,2.5293,True,0.4418,-0.0497,0.2,-0.0497,True,armed,False,
livefinal_straight_medium_20260708_180855,445,17.133334,1783530541.222034,0.956062,-0.956221,-0.0,2.355995,0.2,-0.0497,0.199869,0.002969,camera_link,17.133334,gnm_closed_loop,,nominal,,True,ok,checkpoints/ablation_mnv2_baseline/best.pt,6.06,0.4418,-0.0497,0.1105,-0.0014,0.3783,,,gnm_closed_loop,0.2,-0.0497,False,0,,isaac_live_final_20260708,,selected_baseline_live,,,,,,,False,hospital_goal_B,2.526,True,0.4418,-0.0497,0.2,-0.0497,True,armed,False,
livefinal_straight_medium_20260708_180855,446,17.150001,1783530541.224061,0.953713,-0.95387,-0.0,2.355993,0.2,-0.0497,0.199869,0.002969,camera_link,17.150001,gnm_closed_loop,,nominal,,True,ok,checkpoints/ablation_mnv2_baseline/best.pt,6.06,0.4418,-0.0497,0.1105,-0.0014,0.3783,,,gnm_closed_loop,0.2,-0.0497,False,0,,isaac_live_final_20260708,,selected_baseline_live,,,,,,,False,hospital_goal_B,2.5227,True,0.4418,-0.0497,0.2,-0.0497,True,armed,False,
livefinal_straight_medium_20260708_180855,447,17.166668,1783530541.247907,0.951363,-0.951519,-0.0,2.355992,0.2,-0.0545,0.199779,0.002037,camera_link,17.166668,gnm_closed_loop,,nominal,,True,ok,checkpoints/ablation_mnv2_baseline/best.pt,7.22,0.3629,-0.0545,0.0907,-0.0012,0.3783,,,gnm_closed_loop,0.2,-0.0545,False,0,,isaac_live_final_20260708,,selected_baseline_live,,,,,,,False,hospital_goal_B,2.5193,True,0.3629,-0.0545,0.2,-0.0545,True,armed,False,
livefinal_straight_medium_20260708_180855,448,17.183334,1783530541.250515,0.949012,-0.949168,-0.0,2.35599,0.2,-0.0545,0.199779,0.002037,camera_link,17.183334,gnm_closed_loop,,nominal,,True,ok,checkpoints/ablation_mnv2_baseline/best.pt,7.22,0.3629,-0.0545,0.0907,-0.0012,0.3783,,,gnm_closed_loop,0.2,-0.0545,False,0,,isaac_live_final_20260708,,selected_baseline_live,,,,,,,False,hospital_goal_B,2.516,True,0.3629,-0.0545,0.2,-0.0545,True,armed,False,
livefinal_straight_medium_20260708_180855,449,17.200001,1783530541.252718,0.946662,-0.946817,-0.0,2.355988,0.2,-0.0545,0.199779,0.002037,camera_link,17.200001,gnm_closed_loop,,nominal,,True,ok,checkpoints/ablation_mnv2_baseline/best.pt,7.22,0.3629,-0.0545,0.0907,-0.0012,0.3783,,,gnm_closed_loop,0.2,-0.0545,False,0,,isaac_live_final_20260708,,selected_baseline_live,,,,,,,False,hospital_goal_B,2.5127,True,0.3629,-0.0545,0.2,-0.0545,True,armed,False,
livefinal_straight_medium_20260708_180855,450,17.216668,1783530541.270554,0.944312,-0.944466,-0.0,2.355986,0.2,-0.0579,0.19981,0.002392,camera_link,17.216668,gnm_closed_loop,,nominal,,True,ok,checkpoints/ablation_mnv2_baseline/best.pt,5.65,0.3304,-0.0579,0.0826,-0.0012,0.3768,,,gnm_closed_loop,0.2,-0.0579,False,0,,isaac_live_final_20260708,,selected_baseline_live,,,,,,,False,hospital_goal_B,2.5094,True,0.3304,-0.0579,0.2,-0.0579,True,armed,False,
livefinal_straight_medium_20260708_180855,451,17.233334,1783530541.272852,0.941962,-0.942114,-0.0,2.355984,0.2,-0.0579,0.19981,0.002392,camera_link,17.233334,gnm_closed_loop,,nominal,,True,ok,checkpoints/ablation_mnv2_baseline/best.pt,5.65,0.3304,-0.0579,0.0826,-0.0012,0.3768,,,gnm_closed_loop,0.2,-0.0579,False,0,,isaac_live_final_20260708,,selected_baseline_live,,,,,,,False,hospital_goal_B,2.506,True,0.3304,-0.0579,0.2,-0.0579,True,armed,False,
livefinal_straight_medium_20260708_180855,452,17.250001,1783530541.274748,0.939611,-0.939764,-0.0,2.355982,0.2,-0.0579,0.19981,0.002392,camera_link,17.250001,gnm_closed_loop,,nominal,,True,ok,checkpoints/ablation_mnv2_baseline/best.pt,5.65,0.3304,-0.0579,0.0826,-0.0012,0.3768,,,gnm_closed_loop,0.2,-0.0579,False,0,,isaac_live_final_20260708,,selected_baseline_live,,,,,,,False,hospital_goal_B,2.5027,True,0.3304,-0.0579,0.2,-0.0579,True,armed,False,
livefinal_straight_medium_20260708_180855,453,17.266668,1783530541.289532,0.937261,-0.937413,-0.0,2.35598,0.2,-0.0522,0.199809,0.002976,camera_link,17.266668,gnm_closed_loop,,nominal,,True,ok,checkpoints/ablation_mnv2_baseline/best.pt,4.15,0.3846,-0.0522,0.0961,-0.0013,0.375,,,gnm_closed_loop,0.2,-0.0522,False,0,,isaac_live_final_20260708,,selected_baseline_live,,,,,,,False,hospital_goal_B,2.4994,True,0.3846,-0.0522,0.2,-0.0522,True,armed,False,
livefinal_straight_medium_20260708_180855,454,17.283334,1783530541.292002,0.934911,-0.935062,-0.0,2.355978,0.2,-0.0522,0.199809,0.002976,camera_link,17.283334,gnm_closed_loop,,nominal,,True,ok,checkpoints/ablation_mnv2_baseline/best.pt,4.15,0.3846,-0.0522,0.0961,-0.0013,0.375,,,gnm_closed_loop,0.2,-0.0522,False,0,,isaac_live_final_20260708,,selected_baseline_live,,,,,,,False,hospital_goal_B,2.4961,True,0.3846,-0.0522,0.2,-0.0522,True,armed,False,
livefinal_straight_medium_20260708_180855,455,17.300001,1783530541.293941,0.932561,-0.932711,-0.0,2.355977,0.2,-0.0522,0.199809,0.002976,camera_link,17.300001,gnm_closed_loop,,nominal,,True,ok,checkpoints/ablation_mnv2_baseline/best.pt,4.15,0.3846,-0.0522,0.0961,-0.0013,0.375,,,gnm_closed_loop,0.2,-0.0522,False,0,,isaac_live_final_20260708,,selected_baseline_live,,,,,,,False,hospital_goal_B,2.4927,True,0.3846,-0.0522,0.2,-0.0522,True,armed,False,
livefinal_straight_medium_20260708_180855,456,17.316668,1783530541.313035,0.930211,-0.93036,-0.0,2.355976,0.2,-0.0619,0.199833,0.00213,camera_link,17.316668,gnm_closed_loop,,nominal,,True,ok,checkpoints/ablation_mnv2_baseline/best.pt,4.3,0.3171,-0.0619,0.0793,-0.0012,0.37,,,gnm_closed_loop,0.2,-0.0619,False,0,,isaac_live_final_20260708,,selected_baseline_live,,,,,,,False,hospital_goal_B,2.4894,True,0.3171,-0.0619,0.2,-0.0619,True,armed,False,
livefinal_straight_medium_20260708_180855,457,17.333334,1783530541.315459,0.927861,-0.928008,-0.0,2.355974,0.2,-0.0619,0.199833,0.00213,camera_link,17.333334,gnm_closed_loop,,nominal,,True,ok,checkpoints/ablation_mnv2_baseline/best.pt,4.3,0.3171,-0.0619,0.0793,-0.0012,0.37,,,gnm_closed_loop,0.2,-0.0619,False,0,,isaac_live_final_20260708,,selected_baseline_live,,,,,,,False,hospital_goal_B,2.4861,True,0.3171,-0.0619,0.2,-0.0619,True,armed,False,
livefinal_straight_medium_20260708_180855,458,17.350001,1783530541.317428,0.925511,-0.925658,-0.0,2.355972,0.2,-0.0619,0.199833,0.00213,camera_link,17.350001,gnm_closed_loop,,nominal,,True,ok,checkpoints/ablation_mnv2_baseline/best.pt,4.3,0.3171,-0.0619,0.0793,-0.0012,0.37,,,gnm_closed_loop,0.2,-0.0619,False,0,,isaac_live_final_20260708,,selected_baseline_live,,,,,,,False,hospital_goal_B,2.4828,True,0.3171,-0.0619,0.2,-0.0619,True,armed,False,
livefinal_straight_medium_20260708_180855,459,17.366668,1783530541.335235,0.923161,-0.923307,-0.0,2.355969,0.2,-0.0701,0.199841,0.00308,camera_link,17.366668,gnm_closed_loop,,nominal,,True,ok,checkpoints/ablation_mnv2_baseline/best.pt,6.51,0.3054,-0.0701,0.0764,-0.0013,0.3678,,,gnm_closed_loop,0.2,-0.0701,False,0,,isaac_live_final_20260708,,selected_baseline_live,,,,,,,False,hospital_goal_B,2.4794,True,0.3054,-0.0701,0.2,-0.0701,True,armed,False,
livefinal_straight_medium_20260708_180855,460,17.383334,1783530541.338383,0.920811,-0.920955,-0.0,2.355967,0.2,-0.0701,0.199841,0.00308,camera_link,17.383334,gnm_closed_loop,,nominal,,True,ok,checkpoints/ablation_mnv2_baseline/best.pt,6.51,0.3054,-0.0701,0.0764,-0.0013,0.3678,,,gnm_closed_loop,0.2,-0.0701,False,0,,isaac_live_final_20260708,,selected_baseline_live,,,,,,,False,hospital_goal_B,2.4761,True,0.3054,-0.0701,0.2,-0.0701,True,armed,False,
livefinal_straight_medium_20260708_180855,461,17.400001,1783530541.340846,0.918461,-0.918604,-0.0,2.355965,0.2,-0.0701,0.199841,0.00308,camera_link,17.400001,gnm_closed_loop,,nominal,,True,ok,checkpoints/ablation_mnv2_baseline/best.pt,6.51,0.3054,-0.0701,0.0764,-0.0013,0.3678,,,gnm_closed_loop,0.2,-0.0701,False,0,,isaac_live_final_20260708,,selected_baseline_live,,,,,,,False,hospital_goal_B,2.4728,True,0.3054,-0.0701,0.2,-0.0701,True,armed,False,
livefinal_straight_medium_20260708_180855,462,17.416668,1783530541.356278,0.916111,-0.916253,-0.0,2.355962,0.2,-0.0676,0.19979,0.003846,camera_link,17.416668,gnm_closed_loop,,nominal,,True,ok,checkpoints/ablation_mnv2_baseline/best.pt,4.61,0.3262,-0.0676,0.0815,-0.0014,0.3687,,,gnm_closed_loop,0.2,-0.0676,False,0,,isaac_live_final_20260708,,selected_baseline_live,,,,,,,False,hospital_goal_B,2.4695,True,0.3262,-0.0676,0.2,-0.0676,True,armed,False,
livefinal_straight_medium_20260708_180855,463,17.433334,1783530541.358506,0.913761,-0.913902,-0.0,2.355959,0.2,-0.0676,0.19979,0.003846,camera_link,17.433334,gnm_closed_loop,,nominal,,True,ok,checkpoints/ablation_mnv2_baseline/best.pt,4.61,0.3262,-0.0676,0.0815,-0.0014,0.3687,,,gnm_closed_loop,0.2,-0.0676,False,0,,isaac_live_final_20260708,,selected_baseline_live,,,,,,,False,hospital_goal_B,2.4662,True,0.3262,-0.0676,0.2,-0.0676,True,armed,False,
livefinal_straight_medium_20260708_180855,464,17.450001,1783530541.360315,0.911411,-0.911551,-0.0,2.355956,0.2,-0.0676,0.19979,0.003846,camera_link,17.450001,gnm_closed_loop,,nominal,,True,ok,checkpoints/ablation_mnv2_baseline/best.pt,4.61,0.3262,-0.0676,0.0815,-0.0014,0.3687,,,gnm_closed_loop,0.2,-0.0676,False,0,,isaac_live_final_20260708,,selected_baseline_live,,,,,,,False,hospital_goal_B,2.4628,True,0.3262,-0.0676,0.2,-0.0676,True,armed,False,
livefinal_straight_medium_20260708_180855,465,17.466668,1783530541.376148,0.909061,-0.9092,-0.0,2.355954,0.2,-0.0718,0.19978,0.003725,camera_link,17.466668,gnm_closed_loop,,nominal,,True,ok,checkpoints/ablation_mnv2_baseline/best.pt,4.7,0.3127,-0.0718,0.0782,-0.0014,0.3678,,,gnm_closed_loop,0.2,-0.0718,False,0,,isaac_live_final_20260708,,selected_baseline_live,,,,,,,False,hospital_goal_B,2.4595,True,0.3127,-0.0718,0.2,-0.0718,True,armed,False,
livefinal_straight_medium_20260708_180855,466,17.483334,1783530541.378551,0.906711,-0.906848,-0.0,2.355951,0.2,-0.0718,0.19978,0.003725,camera_link,17.483334,gnm_closed_loop,,nominal,,True,ok,checkpoints/ablation_mnv2_baseline/best.pt,4.7,0.3127,-0.0718,0.0782,-0.0014,0.3678,,,gnm_closed_loop,0.2,-0.0718,False,0,,isaac_live_final_20260708,,selected_baseline_live,,,,,,,False,hospital_goal_B,2.4562,True,0.3127,-0.0718,0.2,-0.0718,True,armed,False,
livefinal_straight_medium_20260708_180855,467,17.500001,1783530541.381572,0.90436,-0.904497,-0.0,2.355948,0.2,-0.0718,0.19978,0.003725,camera_link,17.500001,gnm_closed_loop,,nominal,,True,ok,checkpoints/ablation_mnv2_baseline/best.pt,4.7,0.3127,-0.0718,0.0782,-0.0014,0.3678,,,gnm_closed_loop,0.2,-0.0718,False,0,,isaac_live_final_20260708,,selected_baseline_live,,,,,,,False,hospital_goal_B,2.4529,True,0.3127,-0.0718,0.2,-0.0718,True,armed,False,
livefinal_straight_medium_20260708_180855,468,17.516668,1783530541.396607,0.90201,-0.902146,-0.0,2.355946,0.2,-0.0691,0.199846,0.003726,camera_link,17.516668,gnm_closed_loop,,nominal,,True,ok,checkpoints/ablation_mnv2_baseline/best.pt,5.12,0.314,-0.0691,0.0785,-0.0014,0.3701,,,gnm_closed_loop,0.2,-0.0691,False,0,,isaac_live_final_20260708,,selected_baseline_live,,,,,,,False,hospital_goal_B,2.4495,True,0.314,-0.0691,0.2,-0.0691,True,armed,False,
livefinal_straight_medium_20260708_180855,469,17.533334,1783530541.400611,0.89966,-0.899794,-0.0,2.355943,0.2,-0.0691,0.199846,0.003726,camera_link,17.533334,gnm_closed_loop,,nominal,,True,ok,checkpoints/ablation_mnv2_baseline/best.pt,5.12,0.314,-0.0691,0.0785,-0.0014,0.3701,,,gnm_closed_loop,0.2,-0.0691,False,0,,isaac_live_final_20260708,,selected_baseline_live,,,,,,,False,hospital_goal_B,2.4462,True,0.314,-0.0691,0.2,-0.0691,True,armed,False,
livefinal_straight_medium_20260708_180855,470,17.550001,1783530541.403084,0.89731,-0.897443,-0.0,2.35594,0.2,-0.0691,0.199846,0.003726,camera_link,17.550001,gnm_closed_loop,,nominal,,True,ok,checkpoints/ablation_mnv2_baseline/best.pt,5.12,0.314,-0.0691,0.0785,-0.0014,0.3701,,,gnm_closed_loop,0.2,-0.0691,False,0,,isaac_live_final_20260708,,selected_baseline_live,,,,,,,False,hospital_goal_B,2.4429,True,0.314,-0.0691,0.2,-0.0691,True,armed,False,
livefinal_straight_medium_20260708_180855,471,17.566668,1783530541.419358,0.89496,-0.895092,-0.0,2.355938,0.2,-0.0676,0.199809,0.003445,camera_link,17.566668,gnm_closed_loop,,nominal,,True,ok,checkpoints/ablation_mnv2_baseline/best.pt,4.71,0.3426,-0.0676,0.0856,-0.0014,0.3674,,,gnm_closed_loop,0.2,-0.0676,False,0,,isaac_live_final_20260708,,selected_baseline_live,,,,,,,False,hospital_goal_B,2.4396,True,0.3426,-0.0676,0.2,-0.0676,True,armed,False,
livefinal_straight_medium_20260708_180855,472,17.583334,1783530541.421656,0.89261,-0.892741,-0.0,2.355936,0.2,-0.0676,0.199809,0.003445,camera_link,17.583334,gnm_closed_loop,,nominal,,True,ok,checkpoints/ablation_mnv2_baseline/best.pt,4.71,0.3426,-0.0676,0.0856,-0.0014,0.3674,,,gnm_closed_loop,0.2,-0.0676,False,0,,isaac_live_final_20260708,,selected_baseline_live,,,,,,,False,hospital_goal_B,2.4362,True,0.3426,-0.0676,0.2,-0.0676,True,armed,False,
livefinal_straight_medium_20260708_180855,473,17.600001,1783530541.424669,0.89026,-0.89039,-0.0,2.355934,0.2,-0.0676,0.199809,0.003445,camera_link,17.600001,gnm_closed_loop,,nominal,,True,ok,checkpoints/ablation_mnv2_baseline/best.pt,4.71,0.3426,-0.0676,0.0856,-0.0014,0.3674,,,gnm_closed_loop,0.2,-0.0676,False,0,,isaac_live_final_20260708,,selected_baseline_live,,,,,,,False,hospital_goal_B,2.4329,True,0.3426,-0.0676,0.2,-0.0676,True,armed,False,
livefinal_straight_medium_20260708_180855,474,17.616668,1783530541.44136,0.88791,-0.888039,-0.0,2.355931,0.2,-0.0704,0.199788,0.003016,camera_link,17.616668,gnm_closed_loop,,nominal,,True,ok,checkpoints/ablation_mnv2_baseline/best.pt,4.7,0.3466,-0.0704,0.0866,-0.0015,0.3659,,,gnm_closed_loop,0.2,-0.0704,False,0,,isaac_live_final_20260708,,selected_baseline_live,,,,,,,False,hospital_goal_B,2.4296,True,0.3466,-0.0704,0.2,-0.0704,True,armed,False,
livefinal_straight_medium_20260708_180855,475,17.633334,1783530541.444472,0.88556,-0.885688,-0.0,2.355928,0.2,-0.0704,0.199788,0.003016,camera_link,17.633334,gnm_closed_loop,,nominal,,True,ok,checkpoints/ablation_mnv2_baseline/best.pt,4.7,0.3466,-0.0704,0.0866,-0.0015,0.3659,,,gnm_closed_loop,0.2,-0.0704,False,0,,isaac_live_final_20260708,,selected_baseline_live,,,,,,,False,hospital_goal_B,2.4263,True,0.3466,-0.0704,0.2,-0.0704,True,armed,False,
livefinal_straight_medium_20260708_180855,476,17.650001,1783530541.446886,0.883211,-0.883337,-0.0,2.355926,0.2,-0.0704,0.199788,0.003016,camera_link,17.650001,gnm_closed_loop,,nominal,,True,ok,checkpoints/ablation_mnv2_baseline/best.pt,4.7,0.3466,-0.0704,0.0866,-0.0015,0.3659,,,gnm_closed_loop,0.2,-0.0704,False,0,,isaac_live_final_20260708,,selected_baseline_live,,,,,,,False,hospital_goal_B,2.4229,True,0.3466,-0.0704,0.2,-0.0704,True,armed,False,
livefinal_straight_medium_20260708_180855,477,17.666668,1783530541.469246,0.880861,-0.880986,-0.0,2.355924,0.2,-0.0622,0.19983,0.003323,camera_link,17.666668,gnm_closed_loop,,nominal,,True,ok,checkpoints/ablation_mnv2_baseline/best.pt,5.48,0.381,-0.0622,0.0952,-0.0015,0.3597,,,gnm_closed_loop,0.2,-0.0622,False,0,,isaac_live_final_20260708,,selected_baseline_live,,,,,,,False,hospital_goal_B,2.4196,True,0.381,-0.0622,0.2,-0.0622,True,armed,False,
livefinal_straight_medium_20260708_180855,478,17.683334,1783530541.471482,0.878511,-0.878635,-0.0,2.355922,0.2,-0.0622,0.19983,0.003323,camera_link,17.683334,gnm_closed_loop,,nominal,,True,ok,checkpoints/ablation_mnv2_baseline/best.pt,5.48,0.381,-0.0622,0.0952,-0.0015,0.3597,,,gnm_closed_loop,0.2,-0.0622,False,0,,isaac_live_final_20260708,,selected_baseline_live,,,,,,,False,hospital_goal_B,2.4163,True,0.381,-0.0622,0.2,-0.0622,True,armed,False,
livefinal_straight_medium_20260708_180855,479,17.700001,1783530541.473348,0.876161,-0.876284,-0.0,2.35592,0.2,-0.0622,0.19983,0.003323,camera_link,17.700001,gnm_closed_loop,,nominal,,True,ok,checkpoints/ablation_mnv2_baseline/best.pt,5.48,0.381,-0.0622,0.0952,-0.0015,0.3597,,,gnm_closed_loop,0.2,-0.0622,False,0,,isaac_live_final_20260708,,selected_baseline_live,,,,,,,False,hospital_goal_B,2.413,True,0.381,-0.0622,0.2,-0.0622,True,armed,False,
livefinal_straight_medium_20260708_180855,480,17.716668,1783530541.48903,0.873811,-0.873933,-0.0,2.355917,0.2,-0.0638,0.199793,0.002542,camera_link,17.716668,gnm_closed_loop,,nominal,,True,ok,checkpoints/ablation_mnv2_baseline/best.pt,4.64,0.392,-0.0638,0.098,-0.0016,0.3582,,,gnm_closed_loop,0.2,-0.0638,False,0,,isaac_live_final_20260708,,selected_baseline_live,,,,,,,False,hospital_goal_B,2.4096,True,0.392,-0.0638,0.2,-0.0638,True,armed,False,
livefinal_straight_medium_20260708_180855,481,17.733334,1783530541.491328,0.871461,-0.871582,-0.0,2.355915,0.2,-0.0638,0.199793,0.002542,camera_link,17.733334,gnm_closed_loop,,nominal,,True,ok,checkpoints/ablation_mnv2_baseline/best.pt,4.64,0.392,-0.0638,0.098,-0.0016,0.3582,,,gnm_closed_loop,0.2,-0.0638,False,0,,isaac_live_final_20260708,,selected_baseline_live,,,,,,,False,hospital_goal_B,2.4063,True,0.392,-0.0638,0.2,-0.0638,True,armed,False,
livefinal_straight_medium_20260708_180855,482,17.750001,1783530541.493134,0.869111,-0.869231,-0.0,2.355913,0.2,-0.0638,0.199793,0.002542,camera_link,17.750001,gnm_closed_loop,,nominal,,True,ok,checkpoints/ablation_mnv2_baseline/best.pt,4.64,0.392,-0.0638,0.098,-0.0016,0.3582,,,gnm_closed_loop,0.2,-0.0638,False,0,,isaac_live_final_20260708,,selected_baseline_live,,,,,,,False,hospital_goal_B,2.403,True,0.392,-0.0638,0.2,-0.0638,True,armed,False,
livefinal_straight_medium_20260708_180855,483,17.766668,1783530541.508218,0.866762,-0.86688,-0.0,2.355911,0.2,-0.0593,0.199793,0.002227,camera_link,17.766668,gnm_closed_loop,,nominal,,True,ok,checkpoints/ablation_mnv2_baseline/best.pt,4.63,0.4349,-0.0593,0.1087,-0.0016,0.3604,,,gnm_closed_loop,0.2,-0.0593,False,0,,isaac_live_final_20260708,,selected_baseline_live,,,,,,,False,hospital_goal_B,2.3997,True,0.4349,-0.0593,0.2,-0.0593,True,armed,False,
livefinal_straight_medium_20260708_180855,484,17.783334,1783530541.510534,0.864412,-0.864529,-0.0,2.355909,0.2,-0.0593,0.199793,0.002227,camera_link,17.783334,gnm_closed_loop,,nominal,,True,ok,checkpoints/ablation_mnv2_baseline/best.pt,4.63,0.4349,-0.0593,0.1087,-0.0016,0.3604,,,gnm_closed_loop,0.2,-0.0593,False,0,,isaac_live_final_20260708,,selected_baseline_live,,,,,,,False,hospital_goal_B,2.3963,True,0.4349,-0.0593,0.2,-0.0593,True,armed,False,
livefinal_straight_medium_20260708_180855,485,17.800001,1783530541.513622,0.862062,-0.862178,-0.0,2.355907,0.2,-0.0593,0.199793,0.002227,camera_link,17.800001,gnm_closed_loop,,nominal,,True,ok,checkpoints/ablation_mnv2_baseline/best.pt,4.63,0.4349,-0.0593,0.1087,-0.0016,0.3604,,,gnm_closed_loop,0.2,-0.0593,False,0,,isaac_live_final_20260708,,selected_baseline_live,,,,,,,False,hospital_goal_B,2.393,True,0.4349,-0.0593,0.2,-0.0593,True,armed,False,
livefinal_straight_medium_20260708_180855,486,17.816668,1783530541.530659,0.859712,-0.859827,-0.0,2.355904,0.2,-0.062,0.199815,0.003146,camera_link,17.816668,gnm_closed_loop,,nominal,,True,ok,checkpoints/ablation_mnv2_baseline/best.pt,5.06,0.4472,-0.062,0.1118,-0.0017,0.3615,,,gnm_closed_loop,0.2,-0.062,False,0,,isaac_live_final_20260708,,selected_baseline_live,,,,,,,False,hospital_goal_B,2.3897,True,0.4472,-0.062,0.2,-0.062,True,armed,False,
livefinal_straight_medium_20260708_180855,487,17.833334,1783530541.534351,0.857362,-0.857476,-0.0,2.355902,0.2,-0.062,0.199815,0.003146,camera_link,17.833334,gnm_closed_loop,,nominal,,True,ok,checkpoints/ablation_mnv2_baseline/best.pt,5.06,0.4472,-0.062,0.1118,-0.0017,0.3615,,,gnm_closed_loop,0.2,-0.062,False,0,,isaac_live_final_20260708,,selected_baseline_live,,,,,,,False,hospital_goal_B,2.3864,True,0.4472,-0.062,0.2,-0.062,True,armed,False,
livefinal_straight_medium_20260708_180855,488,17.850001,1783530541.537393,0.855013,-0.855124,-0.0,2.3559,0.2,-0.062,0.199815,0.003146,camera_link,17.850001,gnm_closed_loop,,nominal,,True,ok,checkpoints/ablation_mnv2_baseline/best.pt,5.06,0.4472,-0.062,0.1118,-0.0017,0.3615,,,gnm_closed_loop,0.2,-0.062,False,0,,isaac_live_final_20260708,,selected_baseline_live,,,,,,,False,hospital_goal_B,2.383,True,0.4472,-0.062,0.2,-0.062,True,armed,False,
livefinal_straight_medium_20260708_180855,489,17.866668,1783530541.558421,0.852663,-0.852773,-0.0,2.355897,0.2,-0.0606,0.199814,0.002935,camera_link,17.866668,gnm_closed_loop,,nominal,,True,ok,checkpoints/ablation_mnv2_baseline/best.pt,6.2,0.4527,-0.0606,0.1132,-0.0017,0.3607,,,gnm_closed_loop,0.2,-0.0606,False,0,,isaac_live_final_20260708,,selected_baseline_live,,,,,,,False,hospital_goal_B,2.3797,True,0.4527,-0.0606,0.2,-0.0606,True,armed,False,
livefinal_straight_medium_20260708_180855,490,17.883334,1783530541.562848,0.850313,-0.850422,-0.0,2.355895,0.2,-0.0606,0.199814,0.002935,camera_link,17.883334,gnm_closed_loop,,nominal,,True,ok,checkpoints/ablation_mnv2_baseline/best.pt,6.2,0.4527,-0.0606,0.1132,-0.0017,0.3607,,,gnm_closed_loop,0.2,-0.0606,False,0,,isaac_live_final_20260708,,selected_baseline_live,,,,,,,False,hospital_goal_B,2.3764,True,0.4527,-0.0606,0.2,-0.0606,True,armed,False,
livefinal_straight_medium_20260708_180855,491,17.900001,1783530541.565697,0.847963,-0.848071,-0.0,2.355893,0.2,-0.0606,0.199814,0.002935,camera_link,17.900001,gnm_closed_loop,,nominal,,True,ok,checkpoints/ablation_mnv2_baseline/best.pt,6.2,0.4527,-0.0606,0.1132,-0.0017,0.3607,,,gnm_closed_loop,0.2,-0.0606,False,0,,isaac_live_final_20260708,,selected_baseline_live,,,,,,,False,hospital_goal_B,2.3731,True,0.4527,-0.0606,0.2,-0.0606,True,armed,False,
livefinal_straight_medium_20260708_180855,492,17.916668,1783530541.583188,0.845613,-0.845721,-0.0,2.355891,0.2,-0.0661,0.199829,0.002858,camera_link,17.916668,gnm_closed_loop,,nominal,,True,ok,checkpoints/ablation_mnv2_baseline/best.pt,5.4,0.4632,-0.0661,0.1158,-0.0019,0.3657,,,gnm_closed_loop,0.2,-0.0661,False,0,,isaac_live_final_20260708,,selected_baseline_live,,,,,,,False,hospital_goal_B,2.3698,True,0.4632,-0.0661,0.2,-0.0661,True,armed,False,
livefinal_straight_medium_20260708_180855,493,17.933334,1783530541.585881,0.843264,-0.843369,-0.0,2.355889,0.2,-0.0661,0.199829,0.002858,camera_link,17.933334,gnm_closed_loop,,nominal,,True,ok,checkpoints/ablation_mnv2_baseline/best.pt,5.4,0.4632,-0.0661,0.1158,-0.0019,0.3657,,,gnm_closed_loop,0.2,-0.0661,False,0,,isaac_live_final_20260708,,selected_baseline_live,,,,,,,False,hospital_goal_B,2.3664,True,0.4632,-0.0661,0.2,-0.0661,True,armed,False,
livefinal_straight_medium_20260708_180855,494,17.950001,1783530541.587842,0.840914,-0.841018,-0.0,2.355886,0.2,-0.0661,0.199829,0.002858,camera_link,17.950001,gnm_closed_loop,,nominal,,True,ok,checkpoints/ablation_mnv2_baseline/best.pt,5.4,0.4632,-0.0661,0.1158,-0.0019,0.3657,,,gnm_closed_loop,0.2,-0.0661,False,0,,isaac_live_final_20260708,,selected_baseline_live,,,,,,,False,hospital_goal_B,2.3631,True,0.4632,-0.0661,0.2,-0.0661,True,armed,False,
livefinal_straight_medium_20260708_180855,495,17.966668,1783530541.614991,0.838565,-0.838667,-0.0,2.355884,0.2,-0.0708,0.199802,0.00361,camera_link,17.966668,gnm_closed_loop,,nominal,,True,ok,checkpoints/ablation_mnv2_baseline/best.pt,8.59,0.4441,-0.0708,0.111,-0.002,0.3647,,,gnm_closed_loop,0.2,-0.0708,False,0,,isaac_live_final_20260708,,selected_baseline_live,,,,,,,False,hospital_goal_B,2.3598,True,0.4441,-0.0708,0.2,-0.0708,True,armed,False,
livefinal_straight_medium_20260708_180855,496,17.983334,1783530541.618747,0.836215,-0.836316,-0.0,2.355881,0.2,-0.0708,0.199802,0.00361,camera_link,17.983334,gnm_closed_loop,,nominal,,True,ok,checkpoints/ablation_mnv2_baseline/best.pt,8.59,0.4441,-0.0708,0.111,-0.002,0.3647,,,gnm_closed_loop,0.2,-0.0708,False,0,,isaac_live_final_20260708,,selected_baseline_live,,,,,,,False,hospital_goal_B,2.3565,True,0.4441,-0.0708,0.2,-0.0708,True,armed,False,
livefinal_straight_medium_20260708_180855,497,18.000001,1783530541.621041,0.833865,-0.833965,-0.0,2.355878,0.2,-0.0708,0.199802,0.00361,camera_link,18.000001,gnm_closed_loop,,nominal,,True,ok,checkpoints/ablation_mnv2_baseline/best.pt,8.59,0.4441,-0.0708,0.111,-0.002,0.3647,,,gnm_closed_loop,0.2,-0.0708,False,0,,isaac_live_final_20260708,,selected_baseline_live,,,,,,,False,hospital_goal_B,2.3531,True,0.4441,-0.0708,0.2,-0.0708,True,armed,False,
livefinal_straight_medium_20260708_180855,498,18.016668,1783530541.636089,0.831515,-0.831614,-0.0,2.355876,0.2,-0.0764,0.199807,0.003396,camera_link,18.016668,gnm_closed_loop,,nominal,,True,ok,checkpoints/ablation_mnv2_baseline/best.pt,4.06,0.4153,-0.0764,0.1038,-0.002,0.3591,,,gnm_closed_loop,0.2,-0.0764,False,0,,isaac_live_final_20260708,,selected_baseline_live,,,,,,,False,hospital_goal_B,2.3498,True,0.4153,-0.0764,0.2,-0.0764,True,armed,False,
livefinal_straight_medium_20260708_180855,499,18.033334,1783530541.638503,0.829166,-0.829263,-0.0,2.355873,0.2,-0.0764,0.199807,0.003396,camera_link,18.033334,gnm_closed_loop,,nominal,,True,ok,checkpoints/ablation_mnv2_baseline/best.pt,4.06,0.4153,-0.0764,0.1038,-0.002,0.3591,,,gnm_closed_loop,0.2,-0.0764,False,0,,isaac_live_final_20260708,,selected_baseline_live,,,,,,,False,hospital_goal_B,2.3465,True,0.4153,-0.0764,0.2,-0.0764,True,armed,False,
livefinal_straight_medium_20260708_180855,500,18.050001,1783530541.640401,0.826816,-0.826912,-0.0,2.35587,0.2,-0.0764,0.199807,0.003396,camera_link,18.050001,gnm_closed_loop,,nominal,,True,ok,checkpoints/ablation_mnv2_baseline/best.pt,4.06,0.4153,-0.0764,0.1038,-0.002,0.3591,,,gnm_closed_loop,0.2,-0.0764,False,0,,isaac_live_final_20260708,,selected_baseline_live,,,,,,,False,hospital_goal_B,2.3432,True,0.4153,-0.0764,0.2,-0.0764,True,armed,False,
livefinal_straight_medium_20260708_180855,501,18.066668,1783530541.658584,0.824466,-0.824561,-0.0,2.355868,0.2,-0.0997,0.19982,0.003749,camera_link,18.066668,gnm_closed_loop,,nominal,,True,ok,checkpoints/ablation_mnv2_baseline/best.pt,5.53,0.3189,-0.0997,0.0797,-0.002,0.3599,,,gnm_closed_loop,0.2,-0.0997,False,0,,isaac_live_final_20260708,,selected_baseline_live,,,,,,,False,hospital_goal_B,2.3398,True,0.3189,-0.0997,0.2,-0.0997,True,armed,False,
livefinal_straight_medium_20260708_180855,502,18.083334,1783530541.662234,0.822117,-0.82221,-0.0,2.355864,0.2,-0.0997,0.19982,0.003749,camera_link,18.083334,gnm_closed_loop,,nominal,,True,ok,checkpoints/ablation_mnv2_baseline/best.pt,5.53,0.3189,-0.0997,0.0797,-0.002,0.3599,,,gnm_closed_loop,0.2,-0.0997,False,0,,isaac_live_final_20260708,,selected_baseline_live,,,,,,,False,hospital_goal_B,2.3365,True,0.3189,-0.0997,0.2,-0.0997,True,armed,False,
livefinal_straight_medium_20260708_180855,503,18.100001,1783530541.665331,0.819767,-0.819859,-0.0,2.355861,0.2,-0.0997,0.19982,0.003749,camera_link,18.100001,gnm_closed_loop,,nominal,,True,ok,checkpoints/ablation_mnv2_baseline/best.pt,5.53,0.3189,-0.0997,0.0797,-0.002,0.3599,,,gnm_closed_loop,0.2,-0.0997,False,0,,isaac_live_final_20260708,,selected_baseline_live,,,,,,,False,hospital_goal_B,2.3332,True,0.3189,-0.0997,0.2,-0.0997,True,armed,False,
livefinal_straight_medium_20260708_180855,504,18.116668,1783530541.694216,0.817417,-0.817508,-0.0,2.355857,0.2,-0.1178,0.199801,0.005145,camera_link,18.116668,gnm_closed_loop,,nominal,,True,ok,checkpoints/ablation_mnv2_baseline/best.pt,8.24,0.2737,-0.1178,0.0684,-0.002,0.3639,,,gnm_closed_loop,0.2,-0.1178,False,0,,isaac_live_final_20260708,,selected_baseline_live,,,,,,,False,hospital_goal_B,2.3299,True,0.2737,-0.1178,0.2,-0.1178,True,armed,False,
livefinal_straight_medium_20260708_180855,505,18.133334,1783530541.699181,0.815068,-0.815157,-0.0,2.355853,0.2,-0.1178,0.199801,0.005145,camera_link,18.133334,gnm_closed_loop,,nominal,,True,ok,checkpoints/ablation_mnv2_baseline/best.pt,8.24,0.2737,-0.1178,0.0684,-0.002,0.3639,,,gnm_closed_loop,0.2,-0.1178,False,0,,isaac_live_final_20260708,,selected_baseline_live,,,,,,,False,hospital_goal_B,2.3265,True,0.2737,-0.1178,0.2,-0.1178,True,armed,False,
livefinal_straight_medium_20260708_180855,506,18.150001,1783530541.702828,0.812718,-0.812806,-0.0,2.355848,0.2,-0.1178,0.199801,0.005145,camera_link,18.150001,gnm_closed_loop,,nominal,,True,ok,checkpoints/ablation_mnv2_baseline/best.pt,8.24,0.2737,-0.1178,0.0684,-0.002,0.3639,,,gnm_closed_loop,0.2,-0.1178,False,0,,isaac_live_final_20260708,,selected_baseline_live,,,,,,,False,hospital_goal_B,2.3232,True,0.2737,-0.1178,0.2,-0.1178,True,armed,False,
livefinal_straight_medium_20260708_180855,507,18.166668,1783530541.72343,0.810369,-0.810455,-0.0,2.355844,0.2,-0.1084,0.19978,0.005657,camera_link,18.166668,gnm_closed_loop,,nominal,,True,ok,checkpoints/ablation_mnv2_baseline/best.pt,5.13,0.2936,-0.1084,0.0734,-0.002,0.3663,,,gnm_closed_loop,0.2,-0.1084,False,0,,isaac_live_final_20260708,,selected_baseline_live,,,,,,,False,hospital_goal_B,2.3199,True,0.2936,-0.1084,0.2,-0.1084,True,armed,False,
livefinal_straight_medium_20260708_180855,508,18.183334,1783530541.725781,0.808019,-0.808104,-0.0,2.35584,0.2,-0.1084,0.19978,0.005657,camera_link,18.183334,gnm_closed_loop,,nominal,,True,ok,checkpoints/ablation_mnv2_baseline/best.pt,5.13,0.2936,-0.1084,0.0734,-0.002,0.3663,,,gnm_closed_loop,0.2,-0.1084,False,0,,isaac_live_final_20260708,,selected_baseline_live,,,,,,,False,hospital_goal_B,2.3166,True,0.2936,-0.1084,0.2,-0.1084,True,armed,False,
livefinal_straight_medium_20260708_180855,509,18.200001,1783530541.728535,0.80567,-0.805753,-0.0,2.355836,0.2,-0.1084,0.19978,0.005657,camera_link,18.200001,gnm_closed_loop,,nominal,,True,ok,checkpoints/ablation_mnv2_baseline/best.pt,5.13,0.2936,-0.1084,0.0734,-0.002,0.3663,,,gnm_closed_loop,0.2,-0.1084,False,0,,isaac_live_final_20260708,,selected_baseline_live,,,,,,,False,hospital_goal_B,2.3132,True,0.2936,-0.1084,0.2,-0.1084,True,armed,False,
livefinal_straight_medium_20260708_180855,510,18.216668,1783530541.747738,0.80332,-0.803402,-0.0,2.355832,0.2,-0.0708,0.199803,0.005045,camera_link,18.216668,gnm_closed_loop,,nominal,,True,ok,checkpoints/ablation_mnv2_baseline/best.pt,4.84,0.409,-0.0708,0.1022,-0.0018,0.3605,,,gnm_closed_loop,0.2,-0.0708,False,0,,isaac_live_final_20260708,,selected_baseline_live,,,,,,,False,hospital_goal_B,2.3099,True,0.409,-0.0708,0.2,-0.0708,True,armed,False,
livefinal_straight_medium_20260708_180855,511,18.233334,1783530541.751084,0.80097,-0.801051,-0.0,2.355829,0.2,-0.0708,0.199803,0.005045,camera_link,18.233334,gnm_closed_loop,,nominal,,True,ok,checkpoints/ablation_mnv2_baseline/best.pt,4.84,0.409,-0.0708,0.1022,-0.0018,0.3605,,,gnm_closed_loop,0.2,-0.0708,False,0,,isaac_live_final_20260708,,selected_baseline_live,,,,,,,False,hospital_goal_B,2.3066,True,0.409,-0.0708,0.2,-0.0708,True,armed,False,
livefinal_straight_medium_20260708_180855,512,18.250001,1783530541.755107,0.798621,-0.798699,-0.0,2.355827,0.2,-0.0708,0.199803,0.005045,camera_link,18.250001,gnm_closed_loop,,nominal,,True,ok,checkpoints/ablation_mnv2_baseline/best.pt,4.84,0.409,-0.0708,0.1022,-0.0018,0.3605,,,gnm_closed_loop,0.2,-0.0708,False,0,,isaac_live_final_20260708,,selected_baseline_live,,,,,,,False,hospital_goal_B,2.3033,True,0.409,-0.0708,0.2,-0.0708,True,armed,False,
livefinal_straight_medium_20260708_180855,513,18.266668,1783530541.77791,0.796271,-0.796348,-0.0,2.355824,0.2,-0.0721,0.199816,0.003488,camera_link,18.266668,gnm_closed_loop,,nominal,,True,ok,checkpoints/ablation_mnv2_baseline/best.pt,5.05,0.4522,-0.0721,0.113,-0.002,0.3649,,,gnm_closed_loop,0.2,-0.0721,False,0,,isaac_live_final_20260708,,selected_baseline_live,,,,,,,False,hospital_goal_B,2.2999,True,0.4522,-0.0721,0.2,-0.0721,True,armed,False,
livefinal_straight_medium_20260708_180855,514,18.283334,1783530541.780471,0.793921,-0.793997,-0.0,2.355821,0.2,-0.0721,0.199816,0.003488,camera_link,18.283334,gnm_closed_loop,,nominal,,True,ok,checkpoints/ablation_mnv2_baseline/best.pt,5.05,0.4522,-0.0721,0.113,-0.002,0.3649,,,gnm_closed_loop,0.2,-0.0721,False,0,,isaac_live_final_20260708,,selected_baseline_live,,,,,,,False,hospital_goal_B,2.2966,True,0.4522,-0.0721,0.2,-0.0721,True,armed,False,
livefinal_straight_medium_20260708_180855,515,18.300001,1783530541.782559,0.791572,-0.791646,-0.0,2.355819,0.2,-0.0721,0.199816,0.003488,camera_link,18.300001,gnm_closed_loop,,nominal,,True,ok,checkpoints/ablation_mnv2_baseline/best.pt,5.05,0.4522,-0.0721,0.113,-0.002,0.3649,,,gnm_closed_loop,0.2,-0.0721,False,0,,isaac_live_final_20260708,,selected_baseline_live,,,,,,,False,hospital_goal_B,2.2933,True,0.4522,-0.0721,0.2,-0.0721,True,armed,False,
livefinal_straight_medium_20260708_180855,516,18.316668,1783530541.799159,0.789222,-0.789295,-0.0,2.355816,0.2,-0.0663,0.199834,0.003288,camera_link,18.316668,gnm_closed_loop,,nominal,,True,ok,checkpoints/ablation_mnv2_baseline/best.pt,4.7,0.4851,-0.0663,0.1213,-0.002,0.3727,,,gnm_closed_loop,0.2,-0.0663,False,0,,isaac_live_final_20260708,,selected_baseline_live,,,,,,,False,hospital_goal_B,2.29,True,0.4851,-0.0663,0.2,-0.0663,True,armed,False,
livefinal_straight_medium_20260708_180855,517,18.333334,1783530541.801752,0.786872,-0.786943,-0.0,2.355814,0.2,-0.0663,0.199834,0.003288,camera_link,18.333334,gnm_closed_loop,,nominal,,True,ok,checkpoints/ablation_mnv2_baseline/best.pt,4.7,0.4851,-0.0663,0.1213,-0.002,0.3727,,,gnm_closed_loop,0.2,-0.0663,False,0,,isaac_live_final_20260708,,selected_baseline_live,,,,,,,False,hospital_goal_B,2.2867,True,0.4851,-0.0663,0.2,-0.0663,True,armed,False,
livefinal_straight_medium_20260708_180855,518,18.350001,1783530541.803757,0.784522,-0.784592,-0.0,2.355812,0.2,-0.0663,0.199834,0.003288,camera_link,18.350001,gnm_closed_loop,,nominal,,True,ok,checkpoints/ablation_mnv2_baseline/best.pt,4.7,0.4851,-0.0663,0.1213,-0.002,0.3727,,,gnm_closed_loop,0.2,-0.0663,False,0,,isaac_live_final_20260708,,selected_baseline_live,,,,,,,False,hospital_goal_B,2.2833,True,0.4851,-0.0663,0.2,-0.0663,True,armed,False,
livefinal_straight_medium_20260708_180855,519,18.366668,1783530541.827157,0.782173,-0.782241,-0.0,2.355809,0.2,-0.0619,0.199815,0.003607,camera_link,18.366668,gnm_closed_loop,,nominal,,True,ok,checkpoints/ablation_mnv2_baseline/best.pt,6.11,0.4914,-0.0619,0.1228,-0.0019,0.3761,,,gnm_closed_loop,0.2,-0.0619,False,0,,isaac_live_final_20260708,,selected_baseline_live,,,,,,,False,hospital_goal_B,2.28,True,0.4914,-0.0619,0.2,-0.0619,True,armed,False,
livefinal_straight_medium_20260708_180855,520,18.383334,1783530541.829484,0.779823,-0.779889,-0.0,2.355807,0.2,-0.0619,0.199815,0.003607,camera_link,18.383334,gnm_closed_loop,,nominal,,True,ok,checkpoints/ablation_mnv2_baseline/best.pt,6.11,0.4914,-0.0619,0.1228,-0.0019,0.3761,,,gnm_closed_loop,0.2,-0.0619,False,0,,isaac_live_final_20260708,,selected_baseline_live,,,,,,,False,hospital_goal_B,2.2767,True,0.4914,-0.0619,0.2,-0.0619,True,armed,False,
livefinal_straight_medium_20260708_180855,521,18.400001,1783530541.831426,0.777474,-0.777538,-0.0,2.355805,0.2,-0.0619,0.199815,0.003607,camera_link,18.400001,gnm_closed_loop,,nominal,,True,ok,checkpoints/ablation_mnv2_baseline/best.pt,6.11,0.4914,-0.0619,0.1228,-0.0019,0.3761,,,gnm_closed_loop,0.2,-0.0619,False,0,,isaac_live_final_20260708,,selected_baseline_live,,,,,,,False,hospital_goal_B,2.2734,True,0.4914,-0.0619,0.2,-0.0619,True,armed,False,
livefinal_straight_medium_20260708_180855,522,18.416668,1783530541.85152,0.775124,-0.775187,-0.0,2.355803,0.2,-0.0689,0.199817,0.002934,camera_link,18.416668,gnm_closed_loop,,nominal,,True,ok,checkpoints/ablation_mnv2_baseline/best.pt,6.03,0.4614,-0.0689,0.1153,-0.002,0.3774,,,gnm_closed_loop,0.2,-0.0689,False,0,,isaac_live_final_20260708,,selected_baseline_live,,,,,,,False,hospital_goal_B,2.27,True,0.4614,-0.0689,0.2,-0.0689,True,armed,False,
livefinal_straight_medium_20260708_180855,523,18.433334,1783530541.853945,0.772775,-0.772835,-0.0,2.3558,0.2,-0.0689,0.199817,0.002934,camera_link,18.433334,gnm_closed_loop,,nominal,,True,ok,checkpoints/ablation_mnv2_baseline/best.pt,6.03,0.4614,-0.0689,0.1153,-0.002,0.3774,,,gnm_closed_loop,0.2,-0.0689,False,0,,isaac_live_final_20260708,,selected_baseline_live,,,,,,,False,hospital_goal_B,2.2667,True,0.4614,-0.0689,0.2,-0.0689,True,armed,False,
livefinal_straight_medium_20260708_180855,524,18.450001,1783530541.855828,0.770425,-0.770484,-0.0,2.355798,0.2,-0.0689,0.199817,0.002934,camera_link,18.450001,gnm_closed_loop,,nominal,,True,ok,checkpoints/ablation_mnv2_baseline/best.pt,6.03,0.4614,-0.0689,0.1153,-0.002,0.3774,,,gnm_closed_loop,0.2,-0.0689,False,0,,isaac_live_final_20260708,,selected_baseline_live,,,,,,,False,hospital_goal_B,2.2634,True,0.4614,-0.0689,0.2,-0.0689,True,armed,False,
livefinal_straight_medium_20260708_180855,525,18.466668,1783530541.878649,0.768076,-0.768133,-0.0,2.355795,0.2,-0.0739,0.199797,0.003914,camera_link,18.466668,gnm_closed_loop,,nominal,,True,ok,checkpoints/ablation_mnv2_baseline/best.pt,8.3,0.4324,-0.0739,0.1081,-0.002,0.3767,,,gnm_closed_loop,0.2,-0.0739,False,0,,isaac_live_final_20260708,,selected_baseline_live,,,,,,,False,hospital_goal_B,2.2601,True,0.4324,-0.0739,0.2,-0.0739,True,armed,False,
livefinal_straight_medium_20260708_180855,526,18.483334,1783530541.880806,0.765726,-0.765782,-0.0,2.355792,0.2,-0.0739,0.199797,0.003914,camera_link,18.483334,gnm_closed_loop,,nominal,,True,ok,checkpoints/ablation_mnv2_baseline/best.pt,8.3,0.4324,-0.0739,0.1081,-0.002,0.3767,,,gnm_closed_loop,0.2,-0.0739,False,0,,isaac_live_final_20260708,,selected_baseline_live,,,,,,,False,hospital_goal_B,2.2567,True,0.4324,-0.0739,0.2,-0.0739,True,armed,False,
livefinal_straight_medium_20260708_180855,527,18.500001,1783530541.882643,0.763377,-0.76343,-0.0,2.35579,0.2,-0.0739,0.199797,0.003914,camera_link,18.500001,gnm_closed_loop,,nominal,,True,ok,checkpoints/ablation_mnv2_baseline/best.pt,8.3,0.4324,-0.0739,0.1081,-0.002,0.3767,,,gnm_closed_loop,0.2,-0.0739,False,0,,isaac_live_final_20260708,,selected_baseline_live,,,,,,,False,hospital_goal_B,2.2534,True,0.4324,-0.0739,0.2,-0.0739,True,armed,False,
livefinal_straight_medium_20260708_180855,528,18.516668,1783530541.904793,0.761027,-0.761079,-0.0,2.355787,0.2,-0.0778,0.199809,0.004163,camera_link,18.516668,gnm_closed_loop,,nominal,,True,ok,checkpoints/ablation_mnv2_baseline/best.pt,6.36,0.4337,-0.0778,0.1084,-0.0021,0.3716,,,gnm_closed_loop,0.2,-0.0778,False,0,,isaac_live_final_20260708,,selected_baseline_live,,,,,,,False,hospital_goal_B,2.2501,True,0.4337,-0.0778,0.2,-0.0778,True,armed,False,
livefinal_straight_medium_20260708_180855,529,18.533334,1783530541.907228,0.758678,-0.758728,-0.0,2.355784,0.2,-0.0778,0.199809,0.004163,camera_link,18.533334,gnm_closed_loop,,nominal,,True,ok,checkpoints/ablation_mnv2_baseline/best.pt,6.36,0.4337,-0.0778,0.1084,-0.0021,0.3716,,,gnm_closed_loop,0.2,-0.0778,False,0,,isaac_live_final_20260708,,selected_baseline_live,,,,,,,False,hospital_goal_B,2.2468,True,0.4337,-0.0778,0.2,-0.0778,True,armed,False,
livefinal_straight_medium_20260708_180855,530,18.550001,1783530541.909141,0.756329,-0.756377,-0.0,2.355781,0.2,-0.0778,0.199809,0.004163,camera_link,18.550001,gnm_closed_loop,,nominal,,True,ok,checkpoints/ablation_mnv2_baseline/best.pt,6.36,0.4337,-0.0778,0.1084,-0.0021,0.3716,,,gnm_closed_loop,0.2,-0.0778,False,0,,isaac_live_final_20260708,,selected_baseline_live,,,,,,,False,hospital_goal_B,2.2434,True,0.4337,-0.0778,0.2,-0.0778,True,armed,False,
livefinal_straight_medium_20260708_180855,531,18.566668,1783530541.928402,0.753979,-0.754025,-0.0,2.355779,0.2,-0.0724,0.199793,0.003925,camera_link,18.566668,gnm_closed_loop,,nominal,,True,ok,checkpoints/ablation_mnv2_baseline/best.pt,6.37,0.4658,-0.0724,0.1164,-0.0021,0.3659,,,gnm_closed_loop,0.2,-0.0724,False,0,,isaac_live_final_20260708,,selected_baseline_live,,,,,,,False,hospital_goal_B,2.2401,True,0.4658,-0.0724,0.2,-0.0724,True,armed,False,
livefinal_straight_medium_20260708_180855,532,18.583334,1783530541.931083,0.75163,-0.751674,-0.0,2.355776,0.2,-0.0724,0.199793,0.003925,camera_link,18.583334,gnm_closed_loop,,nominal,,True,ok,checkpoints/ablation_mnv2_baseline/best.pt,6.37,0.4658,-0.0724,0.1164,-0.0021,0.3659,,,gnm_closed_loop,0.2,-0.0724,False,0,,isaac_live_final_20260708,,selected_baseline_live,,,,,,,False,hospital_goal_B,2.2368,True,0.4658,-0.0724,0.2,-0.0724,True,armed,False,
livefinal_straight_medium_20260708_180855,533,18.600001,1783530541.934304,0.74928,-0.749323,-0.0,2.355773,0.2,-0.0724,0.199793,0.003925,camera_link,18.600001,gnm_closed_loop,,nominal,,True,ok,checkpoints/ablation_mnv2_baseline/best.pt,6.37,0.4658,-0.0724,0.1164,-0.0021,0.3659,,,gnm_closed_loop,0.2,-0.0724,False,0,,isaac_live_final_20260708,,selected_baseline_live,,,,,,,False,hospital_goal_B,2.2335,True,0.4658,-0.0724,0.2,-0.0724,True,armed,False,
livefinal_straight_medium_20260708_180855,534,18.616668,1783530541.960625,0.746931,-0.746971,-0.0,2.355771,0.2,-0.0684,0.199811,0.002978,camera_link,18.616668,gnm_closed_loop,,nominal,,True,ok,checkpoints/ablation_mnv2_baseline/best.pt,7.76,0.4858,-0.0684,0.1214,-0.0021,0.3697,,,gnm_closed_loop,0.2,-0.0684,False,0,,isaac_live_final_20260708,,selected_baseline_live,,,,,,,False,hospital_goal_B,2.2301,True,0.4858,-0.0684,0.2,-0.0684,True,armed,False,
livefinal_straight_medium_20260708_180855,535,18.633334,1783530541.963282,0.744581,-0.744619,-0.0,2.355768,0.2,-0.0684,0.199811,0.002978,camera_link,18.633334,gnm_closed_loop,,nominal,,True,ok,checkpoints/ablation_mnv2_baseline/best.pt,7.76,0.4858,-0.0684,0.1214,-0.0021,0.3697,,,gnm_closed_loop,0.2,-0.0684,False,0,,isaac_live_final_20260708,,selected_baseline_live,,,,,,,False,hospital_goal_B,2.2268,True,0.4858,-0.0684,0.2,-0.0684,True,armed,False,
livefinal_straight_medium_20260708_180855,536,18.650001,1783530541.967172,0.742231,-0.742268,-0.0,2.355766,0.2,-0.0684,0.199811,0.002978,camera_link,18.650001,gnm_closed_loop,,nominal,,True,ok,checkpoints/ablation_mnv2_baseline/best.pt,7.76,0.4858,-0.0684,0.1214,-0.0021,0.3697,,,gnm_closed_loop,0.2,-0.0684,False,0,,isaac_live_final_20260708,,selected_baseline_live,,,,,,,False,hospital_goal_B,2.2235,True,0.4858,-0.0684,0.2,-0.0684,True,armed,False,
livefinal_straight_medium_20260708_180855,537,18.666668,1783530541.991919,0.739882,-0.739916,-0.0,2.355763,0.2,-0.0712,0.19981,0.003866,camera_link,18.666668,gnm_closed_loop,,nominal,,True,ok,checkpoints/ablation_mnv2_baseline/best.pt,5.25,0.4782,-0.0712,0.1195,-0.0021,0.3742,,,gnm_closed_loop,0.2,-0.0712,False,0,,isaac_live_final_20260708,,selected_baseline_live,,,,,,,False,hospital_goal_B,2.2202,True,0.4782,-0.0712,0.2,-0.0712,True,armed,False,
livefinal_straight_medium_20260708_180855,538,18.683334,1783530541.994312,0.737531,-0.737564,-0.0,2.35576,0.2,-0.0712,0.19981,0.003866,camera_link,18.683334,gnm_closed_loop,,nominal,,True,ok,checkpoints/ablation_mnv2_baseline/best.pt,5.25,0.4782,-0.0712,0.1195,-0.0021,0.3742,,,gnm_closed_loop,0.2,-0.0712,False,0,,isaac_live_final_20260708,,selected_baseline_live,,,,,,,False,hospital_goal_B,2.2168,True,0.4782,-0.0712,0.2,-0.0712,True,armed,False,
livefinal_straight_medium_20260708_180855,539,18.700001,1783530541.997349,0.735182,-0.735213,-0.0,2.355758,0.2,-0.0712,0.19981,0.003866,camera_link,18.700001,gnm_closed_loop,,nominal,,True,ok,checkpoints/ablation_mnv2_baseline/best.pt,5.25,0.4782,-0.0712,0.1195,-0.0021,0.3742,,,gnm_closed_loop,0.2,-0.0712,False,0,,isaac_live_final_20260708,,selected_baseline_live,,,,,,,False,hospital_goal_B,2.2135,True,0.4782,-0.0712,0.2,-0.0712,True,armed,False,
livefinal_straight_medium_20260708_180855,540,18.716668,1783530542.016411,0.732832,-0.732861,-0.0,2.355755,0.2,-0.0772,0.199771,0.003479,camera_link,18.716668,gnm_closed_loop,,nominal,,True,ok,checkpoints/ablation_mnv2_baseline/best.pt,6.17,0.4536,-0.0772,0.1134,-0.0022,0.3773,,,gnm_closed_loop,0.2,-0.0772,False,0,,isaac_live_final_20260708,,selected_baseline_live,,,,,,,False,hospital_goal_B,2.2102,True,0.4536,-0.0772,0.2,-0.0772,True,armed,False,
livefinal_straight_medium_20260708_180855,541,18.733334,1783530542.019147,0.730482,-0.730509,-0.0,2.355753,0.2,-0.0772,0.199771,0.003479,camera_link,18.733334,gnm_closed_loop,,nominal,,True,ok,checkpoints/ablation_mnv2_baseline/best.pt,6.17,0.4536,-0.0772,0.1134,-0.0022,0.3773,,,gnm_closed_loop,0.2,-0.0772,False,0,,isaac_live_final_20260708,,selected_baseline_live,,,,,,,False,hospital_goal_B,2.2069,True,0.4536,-0.0772,0.2,-0.0772,True,armed,False,
livefinal_straight_medium_20260708_180855,542,18.750001,1783530542.021039,0.728133,-0.728158,-0.0,2.35575,0.2,-0.0772,0.199771,0.003479,camera_link,18.750001,gnm_closed_loop,,nominal,,True,ok,checkpoints/ablation_mnv2_baseline/best.pt,6.17,0.4536,-0.0772,0.1134,-0.0022,0.3773,,,gnm_closed_loop,0.2,-0.0772,False,0,,isaac_live_final_20260708,,selected_baseline_live,,,,,,,False,hospital_goal_B,2.2036,True,0.4536,-0.0772,0.2,-0.0772,True,armed,False,
livefinal_straight_medium_20260708_180855,543,18.766668,1783530542.037433,0.725783,-0.725806,-0.0,2.355747,0.2,-0.0761,0.199803,0.004014,camera_link,18.766668,gnm_closed_loop,,nominal,,True,ok,checkpoints/ablation_mnv2_baseline/best.pt,4.81,0.4753,-0.0761,0.1188,-0.0023,0.3859,,,gnm_closed_loop,0.2,-0.0761,False,0,,isaac_live_final_20260708,,selected_baseline_live,,,,,,,False,hospital_goal_B,2.2002,True,0.4753,-0.0761,0.2,-0.0761,True,armed,False,
livefinal_straight_medium_20260708_180855,544,18.783334,1783530542.039652,0.723433,-0.723455,-0.0,2.355744,0.2,-0.0761,0.199803,0.004014,camera_link,18.783334,gnm_closed_loop,,nominal,,True,ok,checkpoints/ablation_mnv2_baseline/best.pt,4.81,0.4753,-0.0761,0.1188,-0.0023,0.3859,,,gnm_closed_loop,0.2,-0.0761,False,0,,isaac_live_final_20260708,,selected_baseline_live,,,,,,,False,hospital_goal_B,2.1969,True,0.4753,-0.0761,0.2,-0.0761,True,armed,False,
livefinal_straight_medium_20260708_180855,545,18.800001,1783530542.041586,0.721084,-0.721103,-0.0,2.355741,0.2,-0.0761,0.199803,0.004014,camera_link,18.800001,gnm_closed_loop,,nominal,,True,ok,checkpoints/ablation_mnv2_baseline/best.pt,4.81,0.4753,-0.0761,0.1188,-0.0023,0.3859,,,gnm_closed_loop,0.2,-0.0761,False,0,,isaac_live_final_20260708,,selected_baseline_live,,,,,,,False,hospital_goal_B,2.1936,True,0.4753,-0.0761,0.2,-0.0761,True,armed,False,
livefinal_straight_medium_20260708_180855,546,18.816668,1783530542.058565,0.718735,-0.718752,-0.0,2.355739,0.2,-0.0694,0.199782,0.003582,camera_link,18.816668,gnm_closed_loop,,nominal,,True,ok,checkpoints/ablation_mnv2_baseline/best.pt,4.94,0.5216,-0.0694,0.1304,-0.0023,0.3966,,,gnm_closed_loop,0.2,-0.0694,False,0,,isaac_live_final_20260708,,selected_baseline_live,,,,,,,False,hospital_goal_B,2.1903,True,0.5216,-0.0694,0.2,-0.0694,True,armed,False,
livefinal_straight_medium_20260708_180855,547,18.833334,1783530542.061667,0.716385,-0.716401,-0.0,2.355736,0.2,-0.0694,0.199782,0.003582,camera_link,18.833334,gnm_closed_loop,,nominal,,True,ok,checkpoints/ablation_mnv2_baseline/best.pt,4.94,0.5216,-0.0694,0.1304,-0.0023,0.3966,,,gnm_closed_loop,0.2,-0.0694,False,0,,isaac_live_final_20260708,,selected_baseline_live,,,,,,,False,hospital_goal_B,2.1869,True,0.5216,-0.0694,0.2,-0.0694,True,armed,False,
livefinal_straight_medium_20260708_180855,548,18.850001,1783530542.063552,0.714035,-0.714049,-0.0,2.355734,0.2,-0.0694,0.199782,0.003582,camera_link,18.850001,gnm_closed_loop,,nominal,,True,ok,checkpoints/ablation_mnv2_baseline/best.pt,4.94,0.5216,-0.0694,0.1304,-0.0023,0.3966,,,gnm_closed_loop,0.2,-0.0694,False,0,,isaac_live_final_20260708,,selected_baseline_live,,,,,,,False,hospital_goal_B,2.1836,True,0.5216,-0.0694,0.2,-0.0694,True,armed,False,
livefinal_straight_medium_20260708_180855,549,18.866668,1783530542.079565,0.711686,-0.711698,-0.0,2.355732,0.2,-0.0718,0.199814,0.003096,camera_link,18.866668,gnm_closed_loop,,nominal,,True,ok,checkpoints/ablation_mnv2_baseline/best.pt,5.03,0.4878,-0.0718,0.1219,-0.0022,0.3948,,,gnm_closed_loop,0.2,-0.0718,False,0,,isaac_live_final_20260708,,selected_baseline_live,,,,,,,False,hospital_goal_B,2.1803,True,0.4878,-0.0718,0.2,-0.0718,True,armed,False,
livefinal_straight_medium_20260708_180855,550,18.883334,1783530542.082707,0.709337,-0.709347,-0.0,2.355729,0.2,-0.0718,0.199814,0.003096,camera_link,18.883334,gnm_closed_loop,,nominal,,True,ok,checkpoints/ablation_mnv2_baseline/best.pt,5.03,0.4878,-0.0718,0.1219,-0.0022,0.3948,,,gnm_closed_loop,0.2,-0.0718,False,0,,isaac_live_final_20260708,,selected_baseline_live,,,,,,,False,hospital_goal_B,2.177,True,0.4878,-0.0718,0.2,-0.0718,True,armed,False,
livefinal_straight_medium_20260708_180855,551,18.900001,1783530542.084609,0.706987,-0.706995,-0.0,2.355727,0.2,-0.0718,0.199814,0.003096,camera_link,18.900001,gnm_closed_loop,,nominal,,True,ok,checkpoints/ablation_mnv2_baseline/best.pt,5.03,0.4878,-0.0718,0.1219,-0.0022,0.3948,,,gnm_closed_loop,0.2,-0.0718,False,0,,isaac_live_final_20260708,,selected_baseline_live,,,,,,,False,hospital_goal_B,2.1736,True,0.4878,-0.0718,0.2,-0.0718,True,armed,False,
livefinal_straight_medium_20260708_180855,552,18.916668,1783530542.100879,0.704638,-0.704644,-0.0,2.355724,0.2,-0.0693,0.199778,0.003239,camera_link,18.916668,gnm_closed_loop,,nominal,,True,ok,checkpoints/ablation_mnv2_baseline/best.pt,4.88,0.4353,-0.0693,0.1088,-0.0019,0.3877,,,gnm_closed_loop,0.2,-0.0693,False,0,,isaac_live_final_20260708,,selected_baseline_live,,,,,,,False,hospital_goal_B,2.1703,True,0.4353,-0.0693,0.2,-0.0693,True,armed,False,
livefinal_straight_medium_20260708_180855,553,18.933334,1783530542.10325,0.702288,-0.702292,-0.0,2.355722,0.2,-0.0693,0.199778,0.003239,camera_link,18.933334,gnm_closed_loop,,nominal,,True,ok,checkpoints/ablation_mnv2_baseline/best.pt,4.88,0.4353,-0.0693,0.1088,-0.0019,0.3877,,,gnm_closed_loop,0.2,-0.0693,False,0,,isaac_live_final_20260708,,selected_baseline_live,,,,,,,False,hospital_goal_B,2.167,True,0.4353,-0.0693,0.2,-0.0693,True,armed,False,
livefinal_straight_medium_20260708_180855,554,18.950001,1783530542.105238,0.699939,-0.69994,-0.0,2.355719,0.2,-0.0693,0.199778,0.003239,camera_link,18.950001,gnm_closed_loop,,nominal,,True,ok,checkpoints/ablation_mnv2_baseline/best.pt,4.88,0.4353,-0.0693,0.1088,-0.0019,0.3877,,,gnm_closed_loop,0.2,-0.0693,False,0,,isaac_live_final_20260708,,selected_baseline_live,,,,,,,False,hospital_goal_B,2.1637,True,0.4353,-0.0693,0.2,-0.0693,True,armed,False,
livefinal_straight_medium_20260708_180855,555,18.966668,1783530542.121616,0.697589,-0.697588,-0.0,2.355717,0.2,-0.084,0.199791,0.003222,camera_link,18.966668,gnm_closed_loop,,nominal,,True,ok,checkpoints/ablation_mnv2_baseline/best.pt,4.21,0.3946,-0.084,0.0986,-0.0021,0.3901,,,gnm_closed_loop,0.2,-0.084,False,0,,isaac_live_final_20260708,,selected_baseline_live,,,,,,,False,hospital_goal_B,2.1603,True,0.3946,-0.084,0.2,-0.084,True,armed,False,
livefinal_straight_medium_20260708_180855,556,18.983334,1783530542.12444,0.695239,-0.695237,0.0,2.355714,0.2,-0.084,0.199791,0.003222,camera_link,18.983334,gnm_closed_loop,,nominal,,True,ok,checkpoints/ablation_mnv2_baseline/best.pt,4.21,0.3946,-0.084,0.0986,-0.0021,0.3901,,,gnm_closed_loop,0.2,-0.084,False,0,,isaac_live_final_20260708,,selected_baseline_live,,,,,,,False,hospital_goal_B,2.157,True,0.3946,-0.084,0.2,-0.084,True,armed,False,
livefinal_straight_medium_20260708_180855,557,19.000001,1783530542.126343,0.692889,-0.692884,-0.0,2.355711,0.2,-0.084,0.199791,0.003222,camera_link,19.000001,gnm_closed_loop,,nominal,,True,ok,checkpoints/ablation_mnv2_baseline/best.pt,4.21,0.3946,-0.084,0.0986,-0.0021,0.3901,,,gnm_closed_loop,0.2,-0.084,False,0,,isaac_live_final_20260708,,selected_baseline_live,,,,,,,False,hospital_goal_B,2.1537,True,0.3946,-0.084,0.2,-0.084,True,armed,False,
livefinal_straight_medium_20260708_180855,558,19.016668,1783530542.146384,0.69054,-0.690533,-0.0,2.355708,0.2,-0.1091,0.199796,0.004081,camera_link,19.016668,gnm_closed_loop,,nominal,,True,ok,checkpoints/ablation_mnv2_baseline/best.pt,5.55,0.3386,-0.1091,0.0846,-0.0023,0.3887,,,gnm_closed_loop,0.2,-0.1091,False,0,,isaac_live_final_20260708,,selected_baseline_live,,,,,,,False,hospital_goal_B,2.1504,True,0.3386,-0.1091,0.2,-0.1091,True,armed,False,
livefinal_straight_medium_20260708_180855,559,19.033334,1783530542.149702,0.688191,-0.688181,-0.0,2.355704,0.2,-0.1091,0.199796,0.004081,camera_link,19.033334,gnm_closed_loop,,nominal,,True,ok,checkpoints/ablation_mnv2_baseline/best.pt,5.55,0.3386,-0.1091,0.0846,-0.0023,0.3887,,,gnm_closed_loop,0.2,-0.1091,False,0,,isaac_live_final_20260708,,selected_baseline_live,,,,,,,False,hospital_goal_B,2.147,True,0.3386,-0.1091,0.2,-0.1091,True,armed,False,
livefinal_straight_medium_20260708_180855,560,19.050001,1783530542.152212,0.685841,-0.68583,-0.0,2.3557,0.2,-0.1091,0.199796,0.004081,camera_link,19.050001,gnm_closed_loop,,nominal,,True,ok,checkpoints/ablation_mnv2_baseline/best.pt,5.55,0.3386,-0.1091,0.0846,-0.0023,0.3887,,,gnm_closed_loop,0.2,-0.1091,False,0,,isaac_live_final_20260708,,selected_baseline_live,,,,,,,False,hospital_goal_B,2.1437,True,0.3386,-0.1091,0.2,-0.1091,True,armed,False,
livefinal_straight_medium_20260708_180855,561,19.066668,1783530542.176688,0.683492,-0.683478,-0.0,2.355696,0.2,-0.1367,0.199797,0.005805,camera_link,19.066668,gnm_closed_loop,,nominal,,True,ok,checkpoints/ablation_mnv2_baseline/best.pt,5.75,0.2894,-0.1367,0.0723,-0.0025,0.381,,,gnm_closed_loop,0.2,-0.1367,False,0,,isaac_live_final_20260708,,selected_baseline_live,,,,,,,False,hospital_goal_B,2.1404,True,0.2894,-0.1367,0.2,-0.1367,True,armed,False,
livefinal_straight_medium_20260708_180855,562,19.083334,1783530542.179103,0.681143,-0.681127,-0.0,2.355691,0.2,-0.1367,0.199797,0.005805,camera_link,19.083334,gnm_closed_loop,,nominal,,True,ok,checkpoints/ablation_mnv2_baseline/best.pt,5.75,0.2894,-0.1367,0.0723,-0.0025,0.381,,,gnm_closed_loop,0.2,-0.1367,False,0,,isaac_live_final_20260708,,selected_baseline_live,,,,,,,False,hospital_goal_B,2.1371,True,0.2894,-0.1367,0.2,-0.1367,True,armed,False,
livefinal_straight_medium_20260708_180855,563,19.100001,1783530542.180992,0.678794,-0.678776,-0.0,2.355686,0.2,-0.1367,0.199797,0.005805,camera_link,19.100001,gnm_closed_loop,,nominal,,True,ok,checkpoints/ablation_mnv2_baseline/best.pt,5.75,0.2894,-0.1367,0.0723,-0.0025,0.381,,,gnm_closed_loop,0.2,-0.1367,False,0,,isaac_live_final_20260708,,selected_baseline_live,,,,,,,False,hospital_goal_B,2.1337,True,0.2894,-0.1367,0.2,-0.1367,True,armed,False,
livefinal_straight_medium_20260708_180855,564,19.116668,1783530542.199844,0.676444,-0.676425,-0.0,2.355681,0.2,-0.1407,0.199753,0.006698,camera_link,19.116668,gnm_closed_loop,,nominal,,True,ok,checkpoints/ablation_mnv2_baseline/best.pt,6.0,0.2786,-0.1407,0.0696,-0.0025,0.3836,,,gnm_closed_loop,0.2,-0.1407,False,0,,isaac_live_final_20260708,,selected_baseline_live,,,,,,,False,hospital_goal_B,2.1304,True,0.2786,-0.1407,0.2,-0.1407,True,armed,False,
livefinal_straight_medium_20260708_180855,565,19.133334,1783530542.202111,0.674096,-0.674073,-0.0,2.355676,0.2,-0.1407,0.199753,0.006698,camera_link,19.133334,gnm_closed_loop,,nominal,,True,ok,checkpoints/ablation_mnv2_baseline/best.pt,6.0,0.2786,-0.1407,0.0696,-0.0025,0.3836,,,gnm_closed_loop,0.2,-0.1407,False,0,,isaac_live_final_20260708,,selected_baseline_live,,,,,,,False,hospital_goal_B,2.1271,True,0.2786,-0.1407,0.2,-0.1407,True,armed,False,
livefinal_straight_medium_20260708_180855,566,19.150001,1783530542.20399,0.671746,-0.671722,-0.0,2.35567,0.2,-0.1407,0.199753,0.006698,camera_link,19.150001,gnm_closed_loop,,nominal,,True,ok,checkpoints/ablation_mnv2_baseline/best.pt,6.0,0.2786,-0.1407,0.0696,-0.0025,0.3836,,,gnm_closed_loop,0.2,-0.1407,False,0,,isaac_live_final_20260708,,selected_baseline_live,,,,,,,False,hospital_goal_B,2.1238,True,0.2786,-0.1407,0.2,-0.1407,True,armed,False,
livefinal_straight_medium_20260708_180855,567,19.166668,1783530542.22025,0.669397,-0.669371,-0.0,2.355665,0.2,-0.116,0.199782,0.007475,camera_link,19.166668,gnm_closed_loop,,nominal,,True,ok,checkpoints/ablation_mnv2_baseline/best.pt,5.04,0.307,-0.116,0.0767,-0.0022,0.3874,,,gnm_closed_loop,0.2,-0.116,False,0,,isaac_live_final_20260708,,selected_baseline_live,,,,,,,False,hospital_goal_B,2.1204,True,0.307,-0.116,0.2,-0.116,True,armed,False,
livefinal_straight_medium_20260708_180855,568,19.183334,1783530542.222503,0.667048,-0.667019,-0.0,2.355661,0.2,-0.116,0.199782,0.007475,camera_link,19.183334,gnm_closed_loop,,nominal,,True,ok,checkpoints/ablation_mnv2_baseline/best.pt,5.04,0.307,-0.116,0.0767,-0.0022,0.3874,,,gnm_closed_loop,0.2,-0.116,False,0,,isaac_live_final_20260708,,selected_baseline_live,,,,,,,False,hospital_goal_B,2.1171,True,0.307,-0.116,0.2,-0.116,True,armed,False,
livefinal_straight_medium_20260708_180855,569,19.200001,1783530542.22463,0.664699,-0.664668,-0.0,2.355657,0.2,-0.116,0.199782,0.007475,camera_link,19.200001,gnm_closed_loop,,nominal,,True,ok,checkpoints/ablation_mnv2_baseline/best.pt,5.04,0.307,-0.116,0.0767,-0.0022,0.3874,,,gnm_closed_loop,0.2,-0.116,False,0,,isaac_live_final_20260708,,selected_baseline_live,,,,,,,False,hospital_goal_B,2.1138,True,0.307,-0.116,0.2,-0.116,True,armed,False,
livefinal_straight_medium_20260708_180855,570,19.216668,1783530542.24129,0.66235,-0.662316,-0.0,2.355653,0.2,-0.1119,0.199791,0.005462,camera_link,19.216668,gnm_closed_loop,,nominal,,True,ok,checkpoints/ablation_mnv2_baseline/best.pt,4.36,0.3142,-0.1119,0.0786,-0.0022,0.389,,,gnm_closed_loop,0.2,-0.1119,False,0,,isaac_live_final_20260708,,selected_baseline_live,,,,,,,False,hospital_goal_B,2.1105,True,0.3142,-0.1119,0.2,-0.1119,True,armed,False,
livefinal_straight_medium_20260708_180855,571,19.233334,1783530542.243911,0.660001,-0.659965,-0.0,2.355649,0.2,-0.1119,0.199791,0.005462,camera_link,19.233334,gnm_closed_loop,,nominal,,True,ok,checkpoints/ablation_mnv2_baseline/best.pt,4.36,0.3142,-0.1119,0.0786,-0.0022,0.389,,,gnm_closed_loop,0.2,-0.1119,False,0,,isaac_live_final_20260708,,selected_baseline_live,,,,,,,False,hospital_goal_B,2.1072,True,0.3142,-0.1119,0.2,-0.1119,True,armed,False,
livefinal_straight_medium_20260708_180855,572,19.250001,1783530542.245925,0.657652,-0.657614,-0.0,2.355644,0.2,-0.1119,0.199791,0.005462,camera_link,19.250001,gnm_closed_loop,,nominal,,True,ok,checkpoints/ablation_mnv2_baseline/best.pt,4.36,0.3142,-0.1119,0.0786,-0.0022,0.389,,,gnm_closed_loop,0.2,-0.1119,False,0,,isaac_live_final_20260708,,selected_baseline_live,,,,,,,False,hospital_goal_B,2.1038,True,0.3142,-0.1119,0.2,-0.1119,True,armed,False,
livefinal_straight_medium_20260708_180855,573,19.266668,1783530542.262958,0.655303,-0.655262,-0.0,2.355641,0.2,-0.1066,0.199798,0.00535,camera_link,19.266668,gnm_closed_loop,,nominal,,True,ok,checkpoints/ablation_mnv2_baseline/best.pt,4.52,0.3334,-0.1066,0.0833,-0.0022,0.386,,,gnm_closed_loop,0.2,-0.1066,False,0,,isaac_live_final_20260708,,selected_baseline_live,,,,,,,False,hospital_goal_B,2.1005,True,0.3334,-0.1066,0.2,-0.1066,True,armed,False,
livefinal_straight_medium_20260708_180855,574,19.283334,1783530542.26524,0.652954,-0.65291,-0.0,2.355637,0.2,-0.1066,0.199798,0.00535,camera_link,19.283334,gnm_closed_loop,,nominal,,True,ok,checkpoints/ablation_mnv2_baseline/best.pt,4.52,0.3334,-0.1066,0.0833,-0.0022,0.386,,,gnm_closed_loop,0.2,-0.1066,False,0,,isaac_live_final_20260708,,selected_baseline_live,,,,,,,False,hospital_goal_B,2.0972,True,0.3334,-0.1066,0.2,-0.1066,True,armed,False,
livefinal_straight_medium_20260708_180855,575,19.300001,1783530542.267121,0.650605,-0.650559,-0.0,2.355633,0.2,-0.1066,0.199798,0.00535,camera_link,19.300001,gnm_closed_loop,,nominal,,True,ok,checkpoints/ablation_mnv2_baseline/best.pt,4.52,0.3334,-0.1066,0.0833,-0.0022,0.386,,,gnm_closed_loop,0.2,-0.1066,False,0,,isaac_live_final_20260708,,selected_baseline_live,,,,,,,False,hospital_goal_B,2.0939,True,0.3334,-0.1066,0.2,-0.1066,True,armed,False,
livefinal_straight_medium_20260708_180855,576,19.316668,1783530542.283518,0.648256,-0.648208,-0.0,2.35563,0.2,-0.1037,0.199807,0.005056,camera_link,19.316668,gnm_closed_loop,,nominal,,True,ok,checkpoints/ablation_mnv2_baseline/best.pt,5.03,0.3554,-0.1037,0.0888,-0.0023,0.3807,,,gnm_closed_loop,0.2,-0.1037,False,0,,isaac_live_final_20260708,,selected_baseline_live,,,,,,,False,hospital_goal_B,2.0905,True,0.3554,-0.1037,0.2,-0.1037,True,armed,False,
livefinal_straight_medium_20260708_180855,577,19.333334,1783530542.28578,0.645907,-0.645856,-0.0,2.355626,0.2,-0.1037,0.199807,0.005056,camera_link,19.333334,gnm_closed_loop,,nominal,,True,ok,checkpoints/ablation_mnv2_baseline/best.pt,5.03,0.3554,-0.1037,0.0888,-0.0023,0.3807,,,gnm_closed_loop,0.2,-0.1037,False,0,,isaac_live_final_20260708,,selected_baseline_live,,,,,,,False,hospital_goal_B,2.0872,True,0.3554,-0.1037,0.2,-0.1037,True,armed,False,
livefinal_straight_medium_20260708_180855,578,19.350001,1783530542.288821,0.643558,-0.643505,-0.0,2.355622,0.2,-0.1037,0.199807,0.005056,camera_link,19.350001,gnm_closed_loop,,nominal,,True,ok,checkpoints/ablation_mnv2_baseline/best.pt,5.03,0.3554,-0.1037,0.0888,-0.0023,0.3807,,,gnm_closed_loop,0.2,-0.1037,False,0,,isaac_live_final_20260708,,selected_baseline_live,,,,,,,False,hospital_goal_B,2.0839,True,0.3554,-0.1037,0.2,-0.1037,True,armed,False,
livefinal_straight_medium_20260708_180855,579,19.366668,1783530542.305423,0.641209,-0.641153,-0.0,2.355619,0.2,-0.1023,0.199754,0.00518,camera_link,19.366668,gnm_closed_loop,,nominal,,True,ok,checkpoints/ablation_mnv2_baseline/best.pt,4.9,0.3561,-0.1023,0.089,-0.0023,0.376,,,gnm_closed_loop,0.2,-0.1023,False,0,,isaac_live_final_20260708,,selected_baseline_live,,,,,,,False,hospital_goal_B,2.0806,True,0.3561,-0.1023,0.2,-0.1023,True,armed,False,
livefinal_straight_medium_20260708_180855,580,19.383334,1783530542.309003,0.63886,-0.638802,-0.0,2.355615,0.2,-0.1023,0.199754,0.00518,camera_link,19.383334,gnm_closed_loop,,nominal,,True,ok,checkpoints/ablation_mnv2_baseline/best.pt,4.9,0.3561,-0.1023,0.089,-0.0023,0.376,,,gnm_closed_loop,0.2,-0.1023,False,0,,isaac_live_final_20260708,,selected_baseline_live,,,,,,,False,hospital_goal_B,2.0772,True,0.3561,-0.1023,0.2,-0.1023,True,armed,False,
livefinal_straight_medium_20260708_180855,581,19.400001,1783530542.311273,0.63651,-0.63645,-0.0,2.355611,0.2,-0.1023,0.199754,0.00518,camera_link,19.400001,gnm_closed_loop,,nominal,,True,ok,checkpoints/ablation_mnv2_baseline/best.pt,4.9,0.3561,-0.1023,0.089,-0.0023,0.376,,,gnm_closed_loop,0.2,-0.1023,False,0,,isaac_live_final_20260708,,selected_baseline_live,,,,,,,False,hospital_goal_B,2.0739,True,0.3561,-0.1023,0.2,-0.1023,True,armed,False,
livefinal_straight_medium_20260708_180855,582,19.416668,1783530542.328067,0.634161,-0.634099,-0.0,2.355607,0.2,-0.0997,0.199774,0.005303,camera_link,19.416668,gnm_closed_loop,,nominal,,True,ok,checkpoints/ablation_mnv2_baseline/best.pt,4.44,0.3667,-0.0997,0.0917,-0.0023,0.3706,,,gnm_closed_loop,0.2,-0.0997,False,0,,isaac_live_final_20260708,,selected_baseline_live,,,,,,,False,hospital_goal_B,2.0706,True,0.3667,-0.0997,0.2,-0.0997,True,armed,False,
livefinal_straight_medium_20260708_180855,583,19.433334,1783530542.33061,0.631812,-0.631747,-0.0,2.355604,0.2,-0.0997,0.199774,0.005303,camera_link,19.433334,gnm_closed_loop,,nominal,,True,ok,checkpoints/ablation_mnv2_baseline/best.pt,4.44,0.3667,-0.0997,0.0917,-0.0023,0.3706,,,gnm_closed_loop,0.2,-0.0997,False,0,,isaac_live_final_20260708,,selected_baseline_live,,,,,,,False,hospital_goal_B,2.0673,True,0.3667,-0.0997,0.2,-0.0997,True,armed,False,
livefinal_straight_medium_20260708_180855,584,19.450001,1783530542.332491,0.629463,-0.629396,-0.0,2.3556,0.2,-0.0997,0.199774,0.005303,camera_link,19.450001,gnm_closed_loop,,nominal,,True,ok,checkpoints/ablation_mnv2_baseline/best.pt,4.44,0.3667,-0.0997,0.0917,-0.0023,0.3706,,,gnm_closed_loop,0.2,-0.0997,False,0,,isaac_live_final_20260708,,selected_baseline_live,,,,,,,False,hospital_goal_B,2.0639,True,0.3667,-0.0997,0.2,-0.0997,True,armed,False,
livefinal_straight_medium_20260708_180855,585,19.466668,1783530542.348275,0.627114,-0.627045,-0.0,2.355596,0.2,-0.104,0.199787,0.005247,camera_link,19.466668,gnm_closed_loop,,nominal,,True,ok,checkpoints/ablation_mnv2_baseline/best.pt,4.79,0.3846,-0.104,0.0962,-0.0025,0.3692,,,gnm_closed_loop,0.2,-0.104,False,0,,isaac_live_final_20260708,,selected_baseline_live,,,,,,,False,hospital_goal_B,2.0606,True,0.3846,-0.104,0.2,-0.104,True,armed,False,
livefinal_straight_medium_20260708_180855,586,19.483334,1783530542.350753,0.624765,-0.624693,-0.0,2.355592,0.2,-0.104,0.199787,0.005247,camera_link,19.483334,gnm_closed_loop,,nominal,,True,ok,checkpoints/ablation_mnv2_baseline/best.pt,4.79,0.3846,-0.104,0.0962,-0.0025,0.3692,,,gnm_closed_loop,0.2,-0.104,False,0,,isaac_live_final_20260708,,selected_baseline_live,,,,,,,False,hospital_goal_B,2.0573,True,0.3846,-0.104,0.2,-0.104,True,armed,False,
livefinal_straight_medium_20260708_180855,587,19.500001,1783530542.352704,0.622416,-0.622341,-0.0,2.355588,0.2,-0.104,0.199787,0.005247,camera_link,19.500001,gnm_closed_loop,,nominal,,True,ok,checkpoints/ablation_mnv2_baseline/best.pt,4.79,0.3846,-0.104,0.0962,-0.0025,0.3692,,,gnm_closed_loop,0.2,-0.104,False,0,,isaac_live_final_20260708,,selected_baseline_live,,,,,,,False,hospital_goal_B,2.054,True,0.3846,-0.104,0.2,-0.104,True,armed,False,
livefinal_straight_medium_20260708_180855,588,19.516668,1783530542.369647,0.620068,-0.61999,-0.0,2.355585,0.2,-0.101,0.199814,0.005026,camera_link,19.516668,gnm_closed_loop,,nominal,,True,ok,checkpoints/ablation_mnv2_baseline/best.pt,4.87,0.3879,-0.101,0.097,-0.0024,0.3733,,,gnm_closed_loop,0.2,-0.101,False,0,,isaac_live_final_20260708,,selected_baseline_live,,,,,,,False,hospital_goal_B,2.0507,True,0.3879,-0.101,0.2,-0.101,True,armed,False,
livefinal_straight_medium_20260708_180855,589,19.533334,1783530542.372163,0.617719,-0.617638,-0.0,2.355581,0.2,-0.101,0.199814,0.005026,camera_link,19.533334,gnm_closed_loop,,nominal,,True,ok,checkpoints/ablation_mnv2_baseline/best.pt,4.87,0.3879,-0.101,0.097,-0.0024,0.3733,,,gnm_closed_loop,0.2,-0.101,False,0,,isaac_live_final_20260708,,selected_baseline_live,,,,,,,False,hospital_goal_B,2.0473,True,0.3879,-0.101,0.2,-0.101,True,armed,False,
livefinal_straight_medium_20260708_180855,590,19.550001,1783530542.374249,0.61537,-0.615286,-0.0,2.355577,0.2,-0.101,0.199814,0.005026,camera_link,19.550001,gnm_closed_loop,,nominal,,True,ok,checkpoints/ablation_mnv2_baseline/best.pt,4.87,0.3879,-0.101,0.097,-0.0024,0.3733,,,gnm_closed_loop,0.2,-0.101,False,0,,isaac_live_final_20260708,,selected_baseline_live,,,,,,,False,hospital_goal_B,2.044,True,0.3879,-0.101,0.2,-0.101,True,armed,False,
livefinal_straight_medium_20260708_180855,591,19.566668,1783530542.398025,0.613021,-0.612935,-0.0,2.355574,0.2,-0.0959,0.199795,0.004886,camera_link,19.566668,gnm_closed_loop,,nominal,,True,ok,checkpoints/ablation_mnv2_baseline/best.pt,7.34,0.3986,-0.0959,0.0997,-0.0024,0.3779,,,gnm_closed_loop,0.2,-0.0959,False,0,,isaac_live_final_20260708,,selected_baseline_live,,,,,,,False,hospital_goal_B,2.0407,True,0.3986,-0.0959,0.2,-0.0959,True,armed,False,
livefinal_straight_medium_20260708_180855,592,19.583334,1783530542.400998,0.610672,-0.610583,-0.0,2.355571,0.2,-0.0959,0.199795,0.004886,camera_link,19.583334,gnm_closed_loop,,nominal,,True,ok,checkpoints/ablation_mnv2_baseline/best.pt,7.34,0.3986,-0.0959,0.0997,-0.0024,0.3779,,,gnm_closed_loop,0.2,-0.0959,False,0,,isaac_live_final_20260708,,selected_baseline_live,,,,,,,False,hospital_goal_B,2.0374,True,0.3986,-0.0959,0.2,-0.0959,True,armed,False,
livefinal_straight_medium_20260708_180855,593,19.600001,1783530542.403644,0.608324,-0.608232,-0.0,2.355567,0.2,-0.0959,0.199795,0.004886,camera_link,19.600001,gnm_closed_loop,,nominal,,True,ok,checkpoints/ablation_mnv2_baseline/best.pt,7.34,0.3986,-0.0959,0.0997,-0.0024,0.3779,,,gnm_closed_loop,0.2,-0.0959,False,0,,isaac_live_final_20260708,,selected_baseline_live,,,,,,,False,hospital_goal_B,2.034,True,0.3986,-0.0959,0.2,-0.0959,True,armed,False,
livefinal_straight_medium_20260708_180855,594,19.616668,1783530542.421834,0.605975,-0.60588,-0.0,2.355563,0.2,-0.0879,0.199787,0.004949,camera_link,19.616668,gnm_closed_loop,,nominal,,True,ok,checkpoints/ablation_mnv2_baseline/best.pt,4.37,0.4275,-0.0879,0.1069,-0.0024,0.3834,,,gnm_closed_loop,0.2,-0.0879,False,0,,isaac_live_final_20260708,,selected_baseline_live,,,,,,,False,hospital_goal_B,2.0307,True,0.4275,-0.0879,0.2,-0.0879,True,armed,False,
livefinal_straight_medium_20260708_180855,595,19.633334,1783530542.424193,0.603626,-0.603528,-0.0,2.35556,0.2,-0.0879,0.199787,0.004949,camera_link,19.633334,gnm_closed_loop,,nominal,,True,ok,checkpoints/ablation_mnv2_baseline/best.pt,4.37,0.4275,-0.0879,0.1069,-0.0024,0.3834,,,gnm_closed_loop,0.2,-0.0879,False,0,,isaac_live_final_20260708,,selected_baseline_live,,,,,,,False,hospital_goal_B,2.0274,True,0.4275,-0.0879,0.2,-0.0879,True,armed,False,
livefinal_straight_medium_20260708_180855,596,19.650001,1783530542.426081,0.601277,-0.601177,-0.0,2.355557,0.2,-0.0879,0.199787,0.004949,camera_link,19.650001,gnm_closed_loop,,nominal,,True,ok,checkpoints/ablation_mnv2_baseline/best.pt,4.37,0.4275,-0.0879,0.1069,-0.0024,0.3834,,,gnm_closed_loop,0.2,-0.0879,False,0,,isaac_live_final_20260708,,selected_baseline_live,,,,,,,False,hospital_goal_B,2.0241,True,0.4275,-0.0879,0.2,-0.0879,True,armed,False,
livefinal_straight_medium_20260708_180855,597,19.666668,1783530542.443284,0.598928,-0.598825,-0.0,2.355554,0.2,-0.0794,0.199791,0.004121,camera_link,19.666668,gnm_closed_loop,,nominal,,True,ok,checkpoints/ablation_mnv2_baseline/best.pt,4.93,0.4497,-0.0794,0.1124,-0.0022,0.3834,,,gnm_closed_loop,0.2,-0.0794,False,0,,isaac_live_final_20260708,,selected_baseline_live,,,,,,,False,hospital_goal_B,2.0207,True,0.4497,-0.0794,0.2,-0.0794,True,armed,False,
livefinal_straight_medium_20260708_180855,598,19.683334,1783530542.445548,0.596579,-0.596473,-0.0,2.35555,0.2,-0.0794,0.199791,0.004121,camera_link,19.683334,gnm_closed_loop,,nominal,,True,ok,checkpoints/ablation_mnv2_baseline/best.pt,4.93,0.4497,-0.0794,0.1124,-0.0022,0.3834,,,gnm_closed_loop,0.2,-0.0794,False,0,,isaac_live_final_20260708,,selected_baseline_live,,,,,,,False,hospital_goal_B,2.0174,True,0.4497,-0.0794,0.2,-0.0794,True,armed,False,
livefinal_straight_medium_20260708_180855,599,19.700001,1783530542.447445,0.59423,-0.594122,-0.0,2.355548,0.2,-0.0794,0.199791,0.004121,camera_link,19.700001,gnm_closed_loop,,nominal,,True,ok,checkpoints/ablation_mnv2_baseline/best.pt,4.93,0.4497,-0.0794,0.1124,-0.0022,0.3834,,,gnm_closed_loop,0.2,-0.0794,False,0,,isaac_live_final_20260708,,selected_baseline_live,,,,,,,False,hospital_goal_B,2.0141,True,0.4497,-0.0794,0.2,-0.0794,True,armed,False,
livefinal_straight_medium_20260708_180855,600,19.716668,1783530542.463087,0.591882,-0.59177,-0.0,2.355545,0.2,-0.0742,0.199797,0.004385,camera_link,19.716668,gnm_closed_loop,,nominal,,True,ok,checkpoints/ablation_mnv2_baseline/best.pt,5.0,0.5057,-0.0742,0.1264,-0.0023,0.3885,,,gnm_closed_loop,0.2,-0.0742,False,0,,isaac_live_final_20260708,,selected_baseline_live,,,,,,,False,hospital_goal_B,2.0108,True,0.5057,-0.0742,0.2,-0.0742,True,armed,False,
livefinal_straight_medium_20260708_180855,601,19.733334,1783530542.466465,0.589532,-0.589418,-0.0,2.355542,0.2,-0.0742,0.199797,0.004385,camera_link,19.733334,gnm_closed_loop,,nominal,,True,ok,checkpoints/ablation_mnv2_baseline/best.pt,5.0,0.5057,-0.0742,0.1264,-0.0023,0.3885,,,gnm_closed_loop,0.2,-0.0742,False,0,,isaac_live_final_20260708,,selected_baseline_live,,,,,,,False,hospital_goal_B,2.0074,True,0.5057,-0.0742,0.2,-0.0742,True,armed,False,
livefinal_straight_medium_20260708_180855,602,19.750001,1783530542.46926,0.587183,-0.587067,-0.0,2.355539,0.2,-0.0742,0.199797,0.004385,camera_link,19.750001,gnm_closed_loop,,nominal,,True,ok,checkpoints/ablation_mnv2_baseline/best.pt,5.0,0.5057,-0.0742,0.1264,-0.0023,0.3885,,,gnm_closed_loop,0.2,-0.0742,False,0,,isaac_live_final_20260708,,selected_baseline_live,,,,,,,False,hospital_goal_B,2.0041,True,0.5057,-0.0742,0.2,-0.0742,True,armed,False,
livefinal_straight_medium_20260708_180855,603,19.766668,1783530542.499433,0.584834,-0.584715,-0.0,2.355536,0.2,-0.0729,0.199805,0.003772,camera_link,19.766668,gnm_closed_loop,,nominal,,True,ok,checkpoints/ablation_mnv2_baseline/best.pt,7.01,0.5131,-0.0729,0.1283,-0.0023,0.3832,,,gnm_closed_loop,0.2,-0.0729,False,0,,isaac_live_final_20260708,,selected_baseline_live,,,,,,,False,hospital_goal_B,2.0008,True,0.5131,-0.0729,0.2,-0.0729,True,armed,False,
livefinal_straight_medium_20260708_180855,604,19.783334,1783530542.503084,0.582486,-0.582363,-0.0,2.355534,0.2,-0.0729,0.199805,0.003772,camera_link,19.783334,gnm_closed_loop,,nominal,,True,ok,checkpoints/ablation_mnv2_baseline/best.pt,7.01,0.5131,-0.0729,0.1283,-0.0023,0.3832,,,gnm_closed_loop,0.2,-0.0729,False,0,,isaac_live_final_20260708,,selected_baseline_live,,,,,,,False,hospital_goal_B,1.9975,True,0.5131,-0.0729,0.2,-0.0729,True,armed,False,
livefinal_straight_medium_20260708_180855,605,19.800001,1783530542.509024,0.580137,-0.580011,-0.0,2.355531,0.2,-0.0729,0.199805,0.003772,camera_link,19.800001,gnm_closed_loop,,nominal,,True,ok,checkpoints/ablation_mnv2_baseline/best.pt,7.01,0.5131,-0.0729,0.1283,-0.0023,0.3832,,,gnm_closed_loop,0.2,-0.0729,False,0,,isaac_live_final_20260708,,selected_baseline_live,,,,,,,False,hospital_goal_B,1.9941,True,0.5131,-0.0729,0.2,-0.0729,True,armed,False,
livefinal_straight_medium_20260708_180855,606,19.816668,1783530542.531802,0.577788,-0.577659,-0.0,2.355529,0.2,-0.0635,0.199813,0.004256,camera_link,19.816668,gnm_closed_loop,,nominal,,True,ok,checkpoints/ablation_mnv2_baseline/best.pt,5.69,0.4948,-0.0635,0.1237,-0.002,0.3748,,,gnm_closed_loop,0.2,-0.0635,False,0,,isaac_live_final_20260708,,selected_baseline_live,,,,,,,False,hospital_goal_B,1.9908,True,0.4948,-0.0635,0.2,-0.0635,True,armed,False,
livefinal_straight_medium_20260708_180855,607,19.833334,1783530542.534949,0.575439,-0.575307,-0.0,2.355526,0.2,-0.0635,0.199813,0.004256,camera_link,19.833334,gnm_closed_loop,,nominal,,True,ok,checkpoints/ablation_mnv2_baseline/best.pt,5.69,0.4948,-0.0635,0.1237,-0.002,0.3748,,,gnm_closed_loop,0.2,-0.0635,False,0,,isaac_live_final_20260708,,selected_baseline_live,,,,,,,False,hospital_goal_B,1.9875,True,0.4948,-0.0635,0.2,-0.0635,True,armed,False,
livefinal_straight_medium_20260708_180855,608,19.850001,1783530542.537758,0.57309,-0.572955,-0.0,2.355523,0.2,-0.0635,0.199813,0.004256,camera_link,19.850001,gnm_closed_loop,,nominal,,True,ok,checkpoints/ablation_mnv2_baseline/best.pt,5.69,0.4948,-0.0635,0.1237,-0.002,0.3748,,,gnm_closed_loop,0.2,-0.0635,False,0,,isaac_live_final_20260708,,selected_baseline_live,,,,,,,False,hospital_goal_B,1.9842,True,0.4948,-0.0635,0.2,-0.0635,True,armed,False,
livefinal_straight_medium_20260708_180855,609,19.866668,1783530542.556737,0.570741,-0.570604,-0.0,2.355521,0.2,-0.0666,0.199795,0.002687,camera_link,19.866668,gnm_closed_loop,,nominal,,True,ok,checkpoints/ablation_mnv2_baseline/best.pt,4.72,0.4989,-0.0666,0.1247,-0.0021,0.379,,,gnm_closed_loop,0.2,-0.0666,False,0,,isaac_live_final_20260708,,selected_baseline_live,,,,,,,False,hospital_goal_B,1.9808,True,0.4989,-0.0666,0.2,-0.0666,True,armed,False,
livefinal_straight_medium_20260708_180855,610,19.883334,1783530542.559417,0.568393,-0.568251,-0.0,2.355519,0.2,-0.0666,0.199795,0.002687,camera_link,19.883334,gnm_closed_loop,,nominal,,True,ok,checkpoints/ablation_mnv2_baseline/best.pt,4.72,0.4989,-0.0666,0.1247,-0.0021,0.379,,,gnm_closed_loop,0.2,-0.0666,False,0,,isaac_live_final_20260708,,selected_baseline_live,,,,,,,False,hospital_goal_B,1.9775,True,0.4989,-0.0666,0.2,-0.0666,True,armed,False,
livefinal_straight_medium_20260708_180855,611,19.900001,1783530542.561411,0.566044,-0.5659,-0.0,2.355517,0.2,-0.0666,0.199795,0.002687,camera_link,19.900001,gnm_closed_loop,,nominal,,True,ok,checkpoints/ablation_mnv2_baseline/best.pt,4.72,0.4989,-0.0666,0.1247,-0.0021,0.379,,,gnm_closed_loop,0.2,-0.0666,False,0,,isaac_live_final_20260708,,selected_baseline_live,,,,,,,False,hospital_goal_B,1.9742,True,0.4989,-0.0666,0.2,-0.0666,True,armed,False,
livefinal_straight_medium_20260708_180855,612,19.916668,1783530542.577364,0.563695,-0.563548,-0.0,2.355514,0.2,-0.0756,0.199813,0.003195,camera_link,19.916668,gnm_closed_loop,,nominal,,True,ok,checkpoints/ablation_mnv2_baseline/best.pt,5.07,0.4634,-0.0756,0.1159,-0.0022,0.3674,,,gnm_closed_loop,0.2,-0.0756,False,0,,isaac_live_final_20260708,,selected_baseline_live,,,,,,,False,hospital_goal_B,1.9709,True,0.4634,-0.0756,0.2,-0.0756,True,armed,False,
livefinal_straight_medium_20260708_180855,613,19.933334,1783530542.580986,0.561347,-0.561196,-0.0,2.355512,0.2,-0.0756,0.199813,0.003195,camera_link,19.933334,gnm_closed_loop,,nominal,,True,ok,checkpoints/ablation_mnv2_baseline/best.pt,5.07,0.4634,-0.0756,0.1159,-0.0022,0.3674,,,gnm_closed_loop,0.2,-0.0756,False,0,,isaac_live_final_20260708,,selected_baseline_live,,,,,,,False,hospital_goal_B,1.9676,True,0.4634,-0.0756,0.2,-0.0756,True,armed,False,
livefinal_straight_medium_20260708_180855,614,19.950001,1783530542.582888,0.558998,-0.558844,-0.0,2.355509,0.2,-0.0756,0.199813,0.003195,camera_link,19.950001,gnm_closed_loop,,nominal,,True,ok,checkpoints/ablation_mnv2_baseline/best.pt,5.07,0.4634,-0.0756,0.1159,-0.0022,0.3674,,,gnm_closed_loop,0.2,-0.0756,False,0,,isaac_live_final_20260708,,selected_baseline_live,,,,,,,False,hospital_goal_B,1.9642,True,0.4634,-0.0756,0.2,-0.0756,True,armed,False,
livefinal_straight_medium_20260708_180855,615,19.966668,1783530542.603587,0.556649,-0.556492,-0.0,2.355506,0.2,-0.0825,0.199809,0.004074,camera_link,19.966668,gnm_closed_loop,,nominal,,True,ok,checkpoints/ablation_mnv2_baseline/best.pt,5.02,0.4159,-0.0825,0.104,-0.0021,0.3624,,,gnm_closed_loop,0.2,-0.0825,False,0,,isaac_live_final_20260708,,selected_baseline_live,,,,,,,False,hospital_goal_B,1.9609,True,0.4159,-0.0825,0.2,-0.0825,True,armed,False,
livefinal_straight_medium_20260708_180855,616,19.983334,1783530542.606012,0.5543,-0.55414,-0.0,2.355503,0.2,-0.0825,0.199809,0.004074,camera_link,19.983334,gnm_closed_loop,,nominal,,True,ok,checkpoints/ablation_mnv2_baseline/best.pt,5.02,0.4159,-0.0825,0.104,-0.0021,0.3624,,,gnm_closed_loop,0.2,-0.0825,False,0,,isaac_live_final_20260708,,selected_baseline_live,,,,,,,False,hospital_goal_B,1.9576,True,0.4159,-0.0825,0.2,-0.0825,True,armed,False,
livefinal_straight_medium_20260708_180855,617,20.000001,1783530542.607988,0.551952,-0.551788,-0.0,2.3555,0.2,-0.0825,0.199809,0.004074,camera_link,20.000001,gnm_closed_loop,,nominal,,True,ok,checkpoints/ablation_mnv2_baseline/best.pt,5.02,0.4159,-0.0825,0.104,-0.0021,0.3624,,,gnm_closed_loop,0.2,-0.0825,False,0,,isaac_live_final_20260708,,selected_baseline_live,,,,,,,False,hospital_goal_B,1.9543,True,0.4159,-0.0825,0.2,-0.0825,True,armed,False,
livefinal_straight_medium_20260708_180855,618,20.016668,1783530542.62354,0.549603,-0.549436,-0.0,2.355497,0.2,-0.0795,0.199786,0.004106,camera_link,20.016668,gnm_closed_loop,,nominal,,True,ok,checkpoints/ablation_mnv2_baseline/best.pt,4.73,0.4624,-0.0795,0.1156,-0.0023,0.3751,,,gnm_closed_loop,0.2,-0.0795,False,0,,isaac_live_final_20260708,,selected_baseline_live,,,,,,,False,hospital_goal_B,1.9509,True,0.4624,-0.0795,0.2,-0.0795,True,armed,False,
livefinal_straight_medium_20260708_180855,619,20.033334,1783530542.625808,0.547254,-0.547085,-0.0,2.355494,0.2,-0.0795,0.199786,0.004106,camera_link,20.033334,gnm_closed_loop,,nominal,,True,ok,checkpoints/ablation_mnv2_baseline/best.pt,4.73,0.4624,-0.0795,0.1156,-0.0023,0.3751,,,gnm_closed_loop,0.2,-0.0795,False,0,,isaac_live_final_20260708,,selected_baseline_live,,,,,,,False,hospital_goal_B,1.9476,True,0.4624,-0.0795,0.2,-0.0795,True,armed,False,
livefinal_straight_medium_20260708_180855,620,20.050001,1783530542.628844,0.544905,-0.544733,-0.0,2.355491,0.2,-0.0795,0.199786,0.004106,camera_link,20.050001,gnm_closed_loop,,nominal,,True,ok,checkpoints/ablation_mnv2_baseline/best.pt,4.73,0.4624,-0.0795,0.1156,-0.0023,0.3751,,,gnm_closed_loop,0.2,-0.0795,False,0,,isaac_live_final_20260708,,selected_baseline_live,,,,,,,False,hospital_goal_B,1.9443,True,0.4624,-0.0795,0.2,-0.0795,True,armed,False,
livefinal_straight_medium_20260708_180855,621,20.066668,1783530542.649109,0.542556,-0.542381,-0.0,2.355488,0.2,-0.0695,0.199791,0.004457,camera_link,20.066668,gnm_closed_loop,,nominal,,True,ok,checkpoints/ablation_mnv2_baseline/best.pt,6.46,0.5095,-0.0695,0.1274,-0.0022,0.3783,,,gnm_closed_loop,0.2,-0.0695,False,0,,isaac_live_final_20260708,,selected_baseline_live,,,,,,,False,hospital_goal_B,1.941,True,0.5095,-0.0695,0.2,-0.0695,True,armed,False,
livefinal_straight_medium_20260708_180855,622,20.083334,1783530542.652415,0.540207,-0.540029,-0.0,2.355485,0.2,-0.0695,0.199791,0.004457,camera_link,20.083334,gnm_closed_loop,,nominal,,True,ok,checkpoints/ablation_mnv2_baseline/best.pt,6.46,0.5095,-0.0695,0.1274,-0.0022,0.3783,,,gnm_closed_loop,0.2,-0.0695,False,0,,isaac_live_final_20260708,,selected_baseline_live,,,,,,,False,hospital_goal_B,1.9376,True,0.5095,-0.0695,0.2,-0.0695,True,armed,False,
livefinal_straight_medium_20260708_180855,623,20.100001,1783530542.654511,0.537859,-0.537676,-0.0,2.355483,0.2,-0.0695,0.199791,0.004457,camera_link,20.100001,gnm_closed_loop,,nominal,,True,ok,checkpoints/ablation_mnv2_baseline/best.pt,6.46,0.5095,-0.0695,0.1274,-0.0022,0.3783,,,gnm_closed_loop,0.2,-0.0695,False,0,,isaac_live_final_20260708,,selected_baseline_live,,,,,,,False,hospital_goal_B,1.9343,True,0.5095,-0.0695,0.2,-0.0695,True,armed,False,
livefinal_straight_medium_20260708_180855,624,20.116668,1783530542.672316,0.53551,-0.535324,-0.0,2.35548,0.2,-0.0673,0.19982,0.003531,camera_link,20.116668,gnm_closed_loop,,nominal,,True,ok,checkpoints/ablation_mnv2_baseline/best.pt,4.69,0.5197,-0.0673,0.1299,-0.0022,0.3836,,,gnm_closed_loop,0.2,-0.0673,False,0,,isaac_live_final_20260708,,selected_baseline_live,,,,,,,False,hospital_goal_B,1.931,True,0.5197,-0.0673,0.2,-0.0673,True,armed,False,
livefinal_straight_medium_20260708_180855,625,20.133334,1783530542.674609,0.533161,-0.532973,-0.0,2.355478,0.2,-0.0673,0.19982,0.003531,camera_link,20.133334,gnm_closed_loop,,nominal,,True,ok,checkpoints/ablation_mnv2_baseline/best.pt,4.69,0.5197,-0.0673,0.1299,-0.0022,0.3836,,,gnm_closed_loop,0.2,-0.0673,False,0,,isaac_live_final_20260708,,selected_baseline_live,,,,,,,False,hospital_goal_B,1.9277,True,0.5197,-0.0673,0.2,-0.0673,True,armed,False,
livefinal_straight_medium_20260708_180855,626,20.150001,1783530542.676435,0.530812,-0.53062,-0.0,2.355475,0.2,-0.0673,0.19982,0.003531,camera_link,20.150001,gnm_closed_loop,,nominal,,True,ok,checkpoints/ablation_mnv2_baseline/best.pt,4.69,0.5197,-0.0673,0.1299,-0.0022,0.3836,,,gnm_closed_loop,0.2,-0.0673,False,0,,isaac_live_final_20260708,,selected_baseline_live,,,,,,,False,hospital_goal_B,1.9243,True,0.5197,-0.0673,0.2,-0.0673,True,armed,False,
livefinal_straight_medium_20260708_180855,627,20.166668,1783530542.693647,0.528463,-0.528268,-0.0,2.355473,0.2,-0.0728,0.199793,0.00372,camera_link,20.166668,gnm_closed_loop,,nominal,,True,ok,checkpoints/ablation_mnv2_baseline/best.pt,4.17,0.5125,-0.0728,0.1281,-0.0023,0.3808,,,gnm_closed_loop,0.2,-0.0728,False,0,,isaac_live_final_20260708,,selected_baseline_live,,,,,,,False,hospital_goal_B,1.921,True,0.5125,-0.0728,0.2,-0.0728,True,armed,False,
livefinal_straight_medium_20260708_180855,628,20.183334,1783530542.695969,0.526114,-0.525915,0.0,2.355469,0.2,-0.0728,0.199793,0.00372,camera_link,20.183334,gnm_closed_loop,,nominal,,True,ok,checkpoints/ablation_mnv2_baseline/best.pt,4.17,0.5125,-0.0728,0.1281,-0.0023,0.3808,,,gnm_closed_loop,0.2,-0.0728,False,0,,isaac_live_final_20260708,,selected_baseline_live,,,,,,,False,hospital_goal_B,1.9177,True,0.5125,-0.0728,0.2,-0.0728,True,armed,False,
livefinal_straight_medium_20260708_180855,629,20.200001,1783530542.69794,0.523765,-0.523563,-0.0,2.355467,0.2,-0.0728,0.199793,0.00372,camera_link,20.200001,gnm_closed_loop,,nominal,,True,ok,checkpoints/ablation_mnv2_baseline/best.pt,4.17,0.5125,-0.0728,0.1281,-0.0023,0.3808,,,gnm_closed_loop,0.2,-0.0728,False,0,,isaac_live_final_20260708,,selected_baseline_live,,,,,,,False,hospital_goal_B,1.9144,True,0.5125,-0.0728,0.2,-0.0728,True,armed,False,
livefinal_straight_medium_20260708_180855,630,20.216668,1783530542.71473,0.521416,-0.52121,0.0,2.355464,0.2,-0.0755,0.199825,0.003723,camera_link,20.216668,gnm_closed_loop,,nominal,,True,ok,checkpoints/ablation_mnv2_baseline/best.pt,5.07,0.4951,-0.0755,0.1238,-0.0023,0.376,,,gnm_closed_loop,0.2,-0.0755,False,0,,isaac_live_final_20260708,,selected_baseline_live,,,,,,,False,hospital_goal_B,1.911,True,0.4951,-0.0755,0.2,-0.0755,True,armed,False,
livefinal_straight_medium_20260708_180855,631,20.233334,1783530542.716991,0.519066,-0.518858,-0.0,2.355462,0.2,-0.0755,0.199825,0.003723,camera_link,20.233334,gnm_closed_loop,,nominal,,True,ok,checkpoints/ablation_mnv2_baseline/best.pt,5.07,0.4951,-0.0755,0.1238,-0.0023,0.376,,,gnm_closed_loop,0.2,-0.0755,False,0,,isaac_live_final_20260708,,selected_baseline_live,,,,,,,False,hospital_goal_B,1.9077,True,0.4951,-0.0755,0.2,-0.0755,True,armed,False,
livefinal_straight_medium_20260708_180855,632,20.250001,1783530542.718937,0.516717,-0.516505,-0.0,2.355459,0.2,-0.0755,0.199825,0.003723,camera_link,20.250001,gnm_closed_loop,,nominal,,True,ok,checkpoints/ablation_mnv2_baseline/best.pt,5.07,0.4951,-0.0755,0.1238,-0.0023,0.376,,,gnm_closed_loop,0.2,-0.0755,False,0,,isaac_live_final_20260708,,selected_baseline_live,,,,,,,False,hospital_goal_B,1.9044,True,0.4951,-0.0755,0.2,-0.0755,True,armed,False,
livefinal_straight_medium_20260708_180855,633,20.266668,1783530542.738717,0.514369,-0.514153,-0.0,2.355457,0.2,-0.0742,0.199784,0.003272,camera_link,20.266668,gnm_closed_loop,,nominal,,True,ok,checkpoints/ablation_mnv2_baseline/best.pt,7.08,0.4927,-0.0742,0.1232,-0.0023,0.3813,,,gnm_closed_loop,0.2,-0.0742,False,0,,isaac_live_final_20260708,,selected_baseline_live,,,,,,,False,hospital_goal_B,1.9011,True,0.4927,-0.0742,0.2,-0.0742,True,armed,False,
livefinal_straight_medium_20260708_180855,634,20.283334,1783530542.74193,0.51202,-0.511801,-0.0,2.355454,0.2,-0.0742,0.199784,0.003272,camera_link,20.283334,gnm_closed_loop,,nominal,,True,ok,checkpoints/ablation_mnv2_baseline/best.pt,7.08,0.4927,-0.0742,0.1232,-0.0023,0.3813,,,gnm_closed_loop,0.2,-0.0742,False,0,,isaac_live_final_20260708,,selected_baseline_live,,,,,,,False,hospital_goal_B,1.8977,True,0.4927,-0.0742,0.2,-0.0742,True,armed,False,
livefinal_straight_medium_20260708_180855,635,20.300001,1783530542.744478,0.50967,-0.509448,-0.0,2.355452,0.2,-0.0742,0.199784,0.003272,camera_link,20.300001,gnm_closed_loop,,nominal,,True,ok,checkpoints/ablation_mnv2_baseline/best.pt,7.08,0.4927,-0.0742,0.1232,-0.0023,0.3813,,,gnm_closed_loop,0.2,-0.0742,False,0,,isaac_live_final_20260708,,selected_baseline_live,,,,,,,False,hospital_goal_B,1.8944,True,0.4927,-0.0742,0.2,-0.0742,True,armed,False,
livefinal_straight_medium_20260708_180855,636,20.316668,1783530542.761194,0.507321,-0.507096,-0.0,2.355449,0.2,-0.0698,0.199799,0.003225,camera_link,20.316668,gnm_closed_loop,,nominal,,True,ok,checkpoints/ablation_mnv2_baseline/best.pt,6.02,0.5009,-0.0698,0.1252,-0.0022,0.3877,,,gnm_closed_loop,0.2,-0.0698,False,0,,isaac_live_final_20260708,,selected_baseline_live,,,,,,,False,hospital_goal_B,1.8911,True,0.5009,-0.0698,0.2,-0.0698,True,armed,False,
livefinal_straight_medium_20260708_180855,637,20.333334,1783530542.763885,0.504972,-0.504743,-0.0,2.355447,0.2,-0.0698,0.199799,0.003225,camera_link,20.333334,gnm_closed_loop,,nominal,,True,ok,checkpoints/ablation_mnv2_baseline/best.pt,6.02,0.5009,-0.0698,0.1252,-0.0022,0.3877,,,gnm_closed_loop,0.2,-0.0698,False,0,,isaac_live_final_20260708,,selected_baseline_live,,,,,,,False,hospital_goal_B,1.8878,True,0.5009,-0.0698,0.2,-0.0698,True,armed,False,
livefinal_straight_medium_20260708_180855,638,20.350001,1783530542.765918,0.502623,-0.502391,0.0,2.355445,0.2,-0.0698,0.199799,0.003225,camera_link,20.350001,gnm_closed_loop,,nominal,,True,ok,checkpoints/ablation_mnv2_baseline/best.pt,6.02,0.5009,-0.0698,0.1252,-0.0022,0.3877,,,gnm_closed_loop,0.2,-0.0698,False,0,,isaac_live_final_20260708,,selected_baseline_live,,,,,,,False,hospital_goal_B,1.8844,True,0.5009,-0.0698,0.2,-0.0698,True,armed,False,
livefinal_straight_medium_20260708_180855,639,20.366668,1783530542.78289,0.500274,-0.500038,-0.0,2.355443,0.2,-0.1099,0.199819,0.002894,camera_link,20.366668,gnm_closed_loop,,nominal,,True,ok,checkpoints/ablation_mnv2_baseline/best.pt,4.99,0.4128,-0.1099,0.1032,-0.0028,0.3861,,,gnm_closed_loop,0.2,-0.1099,False,0,,isaac_live_final_20260708,,selected_baseline_live,,,,,,,False,hospital_goal_B,1.8811,True,0.4128,-0.1099,0.2,-0.1099,True,armed,False,
livefinal_straight_medium_20260708_180855,640,20.383334,1783530542.785785,0.497925,-0.497686,0.0,2.355439,0.2,-0.1099,0.199819,0.002894,camera_link,20.383334,gnm_closed_loop,,nominal,,True,ok,checkpoints/ablation_mnv2_baseline/best.pt,4.99,0.4128,-0.1099,0.1032,-0.0028,0.3861,,,gnm_closed_loop,0.2,-0.1099,False,0,,isaac_live_final_20260708,,selected_baseline_live,,,,,,,False,hospital_goal_B,1.8778,True,0.4128,-0.1099,0.2,-0.1099,True,armed,False,
livefinal_straight_medium_20260708_180855,641,20.400001,1783530542.787815,0.495577,-0.495334,-0.0,2.355435,0.2,-0.1099,0.199819,0.002894,camera_link,20.400001,gnm_closed_loop,,nominal,,True,ok,checkpoints/ablation_mnv2_baseline/best.pt,4.99,0.4128,-0.1099,0.1032,-0.0028,0.3861,,,gnm_closed_loop,0.2,-0.1099,False,0,,isaac_live_final_20260708,,selected_baseline_live,,,,,,,False,hospital_goal_B,1.8745,True,0.4128,-0.1099,0.2,-0.1099,True,armed,False,
livefinal_straight_medium_20260708_180855,642,20.416668,1783530542.803229,0.493228,-0.492982,-0.0,2.355431,0.2,-0.1226,0.199803,0.005809,camera_link,20.416668,gnm_closed_loop,,nominal,,True,ok,checkpoints/ablation_mnv2_baseline/best.pt,5.02,0.3218,-0.1226,0.0804,-0.0025,0.3866,,,gnm_closed_loop,0.2,-0.1226,False,0,,isaac_live_final_20260708,,selected_baseline_live,,,,,,,False,hospital_goal_B,1.8712,True,0.3218,-0.1226,0.2,-0.1226,True,armed,False,
livefinal_straight_medium_20260708_180855,643,20.433334,1783530542.805548,0.490879,-0.49063,-0.0,2.355427,0.2,-0.1226,0.199803,0.005809,camera_link,20.433334,gnm_closed_loop,,nominal,,True,ok,checkpoints/ablation_mnv2_baseline/best.pt,5.02,0.3218,-0.1226,0.0804,-0.0025,0.3866,,,gnm_closed_loop,0.2,-0.1226,False,0,,isaac_live_final_20260708,,selected_baseline_live,,,,,,,False,hospital_goal_B,1.8678,True,0.3218,-0.1226,0.2,-0.1226,True,armed,False,
livefinal_straight_medium_20260708_180855,644,20.450001,1783530542.807448,0.488531,-0.488278,-0.0,2.355423,0.2,-0.1226,0.199803,0.005809,camera_link,20.450001,gnm_closed_loop,,nominal,,True,ok,checkpoints/ablation_mnv2_baseline/best.pt,5.02,0.3218,-0.1226,0.0804,-0.0025,0.3866,,,gnm_closed_loop,0.2,-0.1226,False,0,,isaac_live_final_20260708,,selected_baseline_live,,,,,,,False,hospital_goal_B,1.8645,True,0.3218,-0.1226,0.2,-0.1226,True,armed,False,
livefinal_straight_medium_20260708_180855,645,20.466668,1783530542.823422,0.486183,-0.485926,-0.0,2.355418,0.2,-0.1341,0.199764,0.005614,camera_link,20.466668,gnm_closed_loop,,nominal,,True,ok,checkpoints/ablation_mnv2_baseline/best.pt,4.9,0.3144,-0.1341,0.0786,-0.0026,0.3865,,,gnm_closed_loop,0.2,-0.1341,False,0,,isaac_live_final_20260708,,selected_baseline_live,,,,,,,False,hospital_goal_B,1.8612,True,0.3144,-0.1341,0.2,-0.1341,True,armed,False,
livefinal_straight_medium_20260708_180855,646,20.483334,1783530542.8258,0.483834,-0.483574,-0.0,2.355414,0.2,-0.1341,0.199764,0.005614,camera_link,20.483334,gnm_closed_loop,,nominal,,True,ok,checkpoints/ablation_mnv2_baseline/best.pt,4.9,0.3144,-0.1341,0.0786,-0.0026,0.3865,,,gnm_closed_loop,0.2,-0.1341,False,0,,isaac_live_final_20260708,,selected_baseline_live,,,,,,,False,hospital_goal_B,1.8579,True,0.3144,-0.1341,0.2,-0.1341,True,armed,False,
livefinal_straight_medium_20260708_180855,647,20.500001,1783530542.827708,0.481486,-0.481222,-0.0,2.355409,0.2,-0.1341,0.199764,0.005614,camera_link,20.500001,gnm_closed_loop,,nominal,,True,ok,checkpoints/ablation_mnv2_baseline/best.pt,4.9,0.3144,-0.1341,0.0786,-0.0026,0.3865,,,gnm_closed_loop,0.2,-0.1341,False,0,,isaac_live_final_20260708,,selected_baseline_live,,,,,,,False,hospital_goal_B,1.8545,True,0.3144,-0.1341,0.2,-0.1341,True,armed,False,
livefinal_straight_medium_20260708_180855,648,20.516668,1783530542.84575,0.479137,-0.47887,-0.0,2.355404,0.2,-0.1225,0.199784,0.005863,camera_link,20.516668,gnm_closed_loop,,nominal,,True,ok,checkpoints/ablation_mnv2_baseline/best.pt,5.41,0.3379,-0.1225,0.0845,-0.0026,0.3907,,,gnm_closed_loop,0.2,-0.1225,False,0,,isaac_live_final_20260708,,selected_baseline_live,,,,,,,False,hospital_goal_B,1.8512,True,0.3379,-0.1225,0.2,-0.1225,True,armed,False,
livefinal_straight_medium_20260708_180855,649,20.533334,1783530542.848045,0.476789,-0.476518,-0.0,2.355401,0.2,-0.1225,0.199784,0.005863,camera_link,20.533334,gnm_closed_loop,,nominal,,True,ok,checkpoints/ablation_mnv2_baseline/best.pt,5.41,0.3379,-0.1225,0.0845,-0.0026,0.3907,,,gnm_closed_loop,0.2,-0.1225,False,0,,isaac_live_final_20260708,,selected_baseline_live,,,,,,,False,hospital_goal_B,1.8479,True,0.3379,-0.1225,0.2,-0.1225,True,armed,False,
livefinal_straight_medium_20260708_180855,650,20.550001,1783530542.84999,0.47444,-0.474166,-0.0,2.355396,0.2,-0.1225,0.199784,0.005863,camera_link,20.550001,gnm_closed_loop,,nominal,,True,ok,checkpoints/ablation_mnv2_baseline/best.pt,5.41,0.3379,-0.1225,0.0845,-0.0026,0.3907,,,gnm_closed_loop,0.2,-0.1225,False,0,,isaac_live_final_20260708,,selected_baseline_live,,,,,,,False,hospital_goal_B,1.8446,True,0.3379,-0.1225,0.2,-0.1225,True,armed,False,
livefinal_straight_medium_20260708_180855,651,20.566668,1783530542.8706,0.472092,-0.471814,-0.0,2.355391,0.2,-0.1072,0.199756,0.006128,camera_link,20.566668,gnm_closed_loop,,nominal,,True,ok,checkpoints/ablation_mnv2_baseline/best.pt,6.03,0.3578,-0.1072,0.0895,-0.0024,0.3942,,,gnm_closed_loop,0.2,-0.1072,False,0,,isaac_live_final_20260708,,selected_baseline_live,,,,,,,False,hospital_goal_B,1.8412,True,0.3578,-0.1072,0.2,-0.1072,True,armed,False,
livefinal_straight_medium_20260708_180855,652,20.583334,1783530542.873087,0.469744,-0.469462,-0.0,2.355388,0.2,-0.1072,0.199756,0.006128,camera_link,20.583334,gnm_closed_loop,,nominal,,True,ok,checkpoints/ablation_mnv2_baseline/best.pt,6.03,0.3578,-0.1072,0.0895,-0.0024,0.3942,,,gnm_closed_loop,0.2,-0.1072,False,0,,isaac_live_final_20260708,,selected_baseline_live,,,,,,,False,hospital_goal_B,1.8379,True,0.3578,-0.1072,0.2,-0.1072,True,armed,False,
livefinal_straight_medium_20260708_180855,653,20.600001,1783530542.875044,0.467395,-0.46711,-0.0,2.355384,0.2,-0.1072,0.199756,0.006128,camera_link,20.600001,gnm_closed_loop,,nominal,,True,ok,checkpoints/ablation_mnv2_baseline/best.pt,6.03,0.3578,-0.1072,0.0895,-0.0024,0.3942,,,gnm_closed_loop,0.2,-0.1072,False,0,,isaac_live_final_20260708,,selected_baseline_live,,,,,,,False,hospital_goal_B,1.8346,True,0.3578,-0.1072,0.2,-0.1072,True,armed,False,
livefinal_straight_medium_20260708_180855,654,20.616668,1783530542.89523,0.465046,-0.464758,-0.0,2.35538,0.2,-0.093,0.199801,0.005126,camera_link,20.616668,gnm_closed_loop,,nominal,,True,ok,checkpoints/ablation_mnv2_baseline/best.pt,5.02,0.3889,-0.093,0.0972,-0.0023,0.3923,,,gnm_closed_loop,0.2,-0.093,False,0,,isaac_live_final_20260708,,selected_baseline_live,,,,,,,False,hospital_goal_B,1.8313,True,0.3889,-0.093,0.2,-0.093,True,armed,False,
livefinal_straight_medium_20260708_180855,655,20.633334,1783530542.897535,0.462698,-0.462406,-0.0,2.355377,0.2,-0.093,0.199801,0.005126,camera_link,20.633334,gnm_closed_loop,,nominal,,True,ok,checkpoints/ablation_mnv2_baseline/best.pt,5.02,0.3889,-0.093,0.0972,-0.0023,0.3923,,,gnm_closed_loop,0.2,-0.093,False,0,,isaac_live_final_20260708,,selected_baseline_live,,,,,,,False,hospital_goal_B,1.8279,True,0.3889,-0.093,0.2,-0.093,True,armed,False,
livefinal_straight_medium_20260708_180855,656,20.650001,1783530542.89946,0.46035,-0.460053,-0.0,2.355374,0.2,-0.093,0.199801,0.005126,camera_link,20.650001,gnm_closed_loop,,nominal,,True,ok,checkpoints/ablation_mnv2_baseline/best.pt,5.02,0.3889,-0.093,0.0972,-0.0023,0.3923,,,gnm_closed_loop,0.2,-0.093,False,0,,isaac_live_final_20260708,,selected_baseline_live,,,,,,,False,hospital_goal_B,1.8246,True,0.3889,-0.093,0.2,-0.093,True,armed,False,
livefinal_straight_medium_20260708_180855,657,20.666668,1783530542.914994,0.458001,-0.457701,-0.0,2.35537,0.2,-0.0908,0.199803,0.005002,camera_link,20.666668,gnm_closed_loop,,nominal,,True,ok,checkpoints/ablation_mnv2_baseline/best.pt,5.39,0.423,-0.0908,0.1057,-0.0024,0.3982,,,gnm_closed_loop,0.2,-0.0908,False,0,,isaac_live_final_20260708,,selected_baseline_live,,,,,,,False,hospital_goal_B,1.8213,True,0.423,-0.0908,0.2,-0.0908,True,armed,False,
livefinal_straight_medium_20260708_180855,658,20.683334,1783530542.917592,0.455653,-0.455349,-0.0,2.355367,0.2,-0.0908,0.199803,0.005002,camera_link,20.683334,gnm_closed_loop,,nominal,,True,ok,checkpoints/ablation_mnv2_baseline/best.pt,5.39,0.423,-0.0908,0.1057,-0.0024,0.3982,,,gnm_closed_loop,0.2,-0.0908,False,0,,isaac_live_final_20260708,,selected_baseline_live,,,,,,,False,hospital_goal_B,1.818,True,0.423,-0.0908,0.2,-0.0908,True,armed,False,
livefinal_straight_medium_20260708_180855,659,20.700001,1783530542.919544,0.453304,-0.452997,-0.0,2.355363,0.2,-0.0908,0.199803,0.005002,camera_link,20.700001,gnm_closed_loop,,nominal,,True,ok,checkpoints/ablation_mnv2_baseline/best.pt,5.39,0.423,-0.0908,0.1057,-0.0024,0.3982,,,gnm_closed_loop,0.2,-0.0908,False,0,,isaac_live_final_20260708,,selected_baseline_live,,,,,,,False,hospital_goal_B,1.8146,True,0.423,-0.0908,0.2,-0.0908,True,armed,False,
livefinal_straight_medium_20260708_180855,660,20.716668,1783530542.934647,0.450956,-0.450645,-0.0,2.35536,0.2,-0.1101,0.199791,0.004562,camera_link,20.716668,gnm_closed_loop,,nominal,,True,ok,checkpoints/ablation_mnv2_baseline/best.pt,5.03,0.3998,-0.1101,0.1,-0.0028,0.395,,,gnm_closed_loop,0.2,-0.1101,False,0,,isaac_live_final_20260708,,selected_baseline_live,,,,,,,False,hospital_goal_B,1.8113,True,0.3998,-0.1101,0.2,-0.1101,True,armed,False,
livefinal_straight_medium_20260708_180855,661,20.733334,1783530542.937264,0.448607,-0.448293,-0.0,2.355356,0.2,-0.1101,0.199791,0.004562,camera_link,20.733334,gnm_closed_loop,,nominal,,True,ok,checkpoints/ablation_mnv2_baseline/best.pt,5.03,0.3998,-0.1101,0.1,-0.0028,0.395,,,gnm_closed_loop,0.2,-0.1101,False,0,,isaac_live_final_20260708,,selected_baseline_live,,,,,,,False,hospital_goal_B,1.808,True,0.3998,-0.1101,0.2,-0.1101,True,armed,False,
livefinal_straight_medium_20260708_180855,662,20.750001,1783530542.939448,0.446259,-0.44594,-0.0,2.355352,0.2,-0.1101,0.199791,0.004562,camera_link,20.750001,gnm_closed_loop,,nominal,,True,ok,checkpoints/ablation_mnv2_baseline/best.pt,5.03,0.3998,-0.1101,0.1,-0.0028,0.395,,,gnm_closed_loop,0.2,-0.1101,False,0,,isaac_live_final_20260708,,selected_baseline_live,,,,,,,False,hospital_goal_B,1.8047,True,0.3998,-0.1101,0.2,-0.1101,True,armed,False,
livefinal_straight_medium_20260708_180855,663,20.766668,1783530542.958811,0.44391,-0.443588,-0.0,2.355348,0.2,-0.1294,0.199815,0.005933,camera_link,20.766668,gnm_closed_loop,,nominal,,True,ok,checkpoints/ablation_mnv2_baseline/best.pt,5.69,0.3732,-0.1294,0.0933,-0.003,0.4014,,,gnm_closed_loop,0.2,-0.1294,False,0,,isaac_live_final_20260708,,selected_baseline_live,,,,,,,False,hospital_goal_B,1.8014,True,0.3732,-0.1294,0.2,-0.1294,True,armed,False,
livefinal_straight_medium_20260708_180855,664,20.783334,1783530542.96129,0.441562,-0.441236,-0.0,2.355343,0.2,-0.1294,0.199815,0.005933,camera_link,20.783334,gnm_closed_loop,,nominal,,True,ok,checkpoints/ablation_mnv2_baseline/best.pt,5.69,0.3732,-0.1294,0.0933,-0.003,0.4014,,,gnm_closed_loop,0.2,-0.1294,False,0,,isaac_live_final_20260708,,selected_baseline_live,,,,,,,False,hospital_goal_B,1.798,True,0.3732,-0.1294,0.2,-0.1294,True,armed,False,
livefinal_straight_medium_20260708_180855,665,20.800001,1783530542.963269,0.439214,-0.438884,-0.0,2.355339,0.2,-0.1294,0.199815,0.005933,camera_link,20.800001,gnm_closed_loop,,nominal,,True,ok,checkpoints/ablation_mnv2_baseline/best.pt,5.69,0.3732,-0.1294,0.0933,-0.003,0.4014,,,gnm_closed_loop,0.2,-0.1294,False,0,,isaac_live_final_20260708,,selected_baseline_live,,,,,,,False,hospital_goal_B,1.7947,True,0.3732,-0.1294,0.2,-0.1294,True,armed,False,
livefinal_straight_medium_20260708_180855,666,20.816668,1783530542.979611,0.436865,-0.436532,-0.0,2.355334,0.2,-0.1151,0.199796,0.006312,camera_link,20.816668,gnm_closed_loop,,nominal,,True,ok,checkpoints/ablation_mnv2_baseline/best.pt,5.36,0.3811,-0.1151,0.0953,-0.0027,0.4015,,,gnm_closed_loop,0.2,-0.1151,False,0,,isaac_live_final_20260708,,selected_baseline_live,,,,,,,False,hospital_goal_B,1.7914,True,0.3811,-0.1151,0.2,-0.1151,True,armed,False,
livefinal_straight_medium_20260708_180855,667,20.833334,1783530542.981879,0.434517,-0.434179,-0.0,2.35533,0.2,-0.1151,0.199796,0.006312,camera_link,20.833334,gnm_closed_loop,,nominal,,True,ok,checkpoints/ablation_mnv2_baseline/best.pt,5.36,0.3811,-0.1151,0.0953,-0.0027,0.4015,,,gnm_closed_loop,0.2,-0.1151,False,0,,isaac_live_final_20260708,,selected_baseline_live,,,,,,,False,hospital_goal_B,1.7881,True,0.3811,-0.1151,0.2,-0.1151,True,armed,False,
livefinal_straight_medium_20260708_180855,668,20.850001,1783530542.983753,0.432169,-0.431827,-0.0,2.355326,0.2,-0.1151,0.199796,0.006312,camera_link,20.850001,gnm_closed_loop,,nominal,,True,ok,checkpoints/ablation_mnv2_baseline/best.pt,5.36,0.3811,-0.1151,0.0953,-0.0027,0.4015,,,gnm_closed_loop,0.2,-0.1151,False,0,,isaac_live_final_20260708,,selected_baseline_live,,,,,,,False,hospital_goal_B,1.7847,True,0.3811,-0.1151,0.2,-0.1151,True,armed,False,
livefinal_straight_medium_20260708_180855,669,20.866668,1783530543.001939,0.429821,-0.429475,-0.0,2.355322,0.2,-0.0929,0.199783,0.005813,camera_link,20.866668,gnm_closed_loop,,nominal,,True,ok,checkpoints/ablation_mnv2_baseline/best.pt,4.52,0.3826,-0.0929,0.0957,-0.0022,0.3959,,,gnm_closed_loop,0.2,-0.0929,False,0,,isaac_live_final_20260708,,selected_baseline_live,,,,,,,False,hospital_goal_B,1.7814,True,0.3826,-0.0929,0.2,-0.0929,True,armed,False,
livefinal_straight_medium_20260708_180855,670,20.883334,1783530543.004184,0.427472,-0.427123,-0.0,2.355319,0.2,-0.0929,0.199783,0.005813,camera_link,20.883334,gnm_closed_loop,,nominal,,True,ok,checkpoints/ablation_mnv2_baseline/best.pt,4.52,0.3826,-0.0929,0.0957,-0.0022,0.3959,,,gnm_closed_loop,0.2,-0.0929,False,0,,isaac_live_final_20260708,,selected_baseline_live,,,,,,,False,hospital_goal_B,1.7781,True,0.3826,-0.0929,0.2,-0.0929,True,armed,False,
livefinal_straight_medium_20260708_180855,671,20.900001,1783530543.007446,0.425124,-0.424771,-0.0,2.355315,0.2,-0.0929,0.199783,0.005813,camera_link,20.900001,gnm_closed_loop,,nominal,,True,ok,checkpoints/ablation_mnv2_baseline/best.pt,4.52,0.3826,-0.0929,0.0957,-0.0022,0.3959,,,gnm_closed_loop,0.2,-0.0929,False,0,,isaac_live_final_20260708,,selected_baseline_live,,,,,,,False,hospital_goal_B,1.7748,True,0.3826,-0.0929,0.2,-0.0929,True,armed,False,
livefinal_straight_medium_20260708_180855,672,20.916668,1783530543.023508,0.422776,-0.422418,0.0,2.355311,0.2,-0.0873,0.19981,0.004985,camera_link,20.916668,gnm_closed_loop,,nominal,,True,ok,checkpoints/ablation_mnv2_baseline/best.pt,4.96,0.4096,-0.0873,0.1024,-0.0022,0.3977,,,gnm_closed_loop,0.2,-0.0873,False,0,,isaac_live_final_20260708,,selected_baseline_live,,,,,,,False,hospital_goal_B,1.7714,True,0.4096,-0.0873,0.2,-0.0873,True,armed,False,
livefinal_straight_medium_20260708_180855,673,20.933334,1783530543.026134,0.420427,-0.420066,-0.0,2.355308,0.2,-0.0873,0.19981,0.004985,camera_link,20.933334,gnm_closed_loop,,nominal,,True,ok,checkpoints/ablation_mnv2_baseline/best.pt,4.96,0.4096,-0.0873,0.1024,-0.0022,0.3977,,,gnm_closed_loop,0.2,-0.0873,False,0,,isaac_live_final_20260708,,selected_baseline_live,,,,,,,False,hospital_goal_B,1.7681,True,0.4096,-0.0873,0.2,-0.0873,True,armed,False,
livefinal_straight_medium_20260708_180855,674,20.950001,1783530543.028132,0.418079,-0.417714,-0.0,2.355305,0.2,-0.0873,0.19981,0.004985,camera_link,20.950001,gnm_closed_loop,,nominal,,True,ok,checkpoints/ablation_mnv2_baseline/best.pt,4.96,0.4096,-0.0873,0.1024,-0.0022,0.3977,,,gnm_closed_loop,0.2,-0.0873,False,0,,isaac_live_final_20260708,,selected_baseline_live,,,,,,,False,hospital_goal_B,1.7648,True,0.4096,-0.0873,0.2,-0.0873,True,armed,False,
livefinal_straight_medium_20260708_180855,675,20.966668,1783530543.04498,0.415731,-0.415361,-0.0,2.355302,0.2,-0.0952,0.199788,0.004451,camera_link,20.966668,gnm_closed_loop,,nominal,,True,ok,checkpoints/ablation_mnv2_baseline/best.pt,5.06,0.3911,-0.0952,0.0978,-0.0023,0.3963,,,gnm_closed_loop,0.2,-0.0952,False,0,,isaac_live_final_20260708,,selected_baseline_live,,,,,,,False,hospital_goal_B,1.7615,True,0.3911,-0.0952,0.2,-0.0952,True,armed,False,
livefinal_straight_medium_20260708_180855,676,20.983334,1783530543.047582,0.413382,-0.413009,-0.0,2.355298,0.2,-0.0952,0.199788,0.004451,camera_link,20.983334,gnm_closed_loop,,nominal,,True,ok,checkpoints/ablation_mnv2_baseline/best.pt,5.06,0.3911,-0.0952,0.0978,-0.0023,0.3963,,,gnm_closed_loop,0.2,-0.0952,False,0,,isaac_live_final_20260708,,selected_baseline_live,,,,,,,False,hospital_goal_B,1.7581,True,0.3911,-0.0952,0.2,-0.0952,True,armed,False,
livefinal_straight_medium_20260708_180855,677,21.000001,1783530543.049536,0.411034,-0.410656,-0.0,2.355294,0.2,-0.0952,0.199788,0.004451,camera_link,21.000001,gnm_closed_loop,,nominal,,True,ok,checkpoints/ablation_mnv2_baseline/best.pt,5.06,0.3911,-0.0952,0.0978,-0.0023,0.3963,,,gnm_closed_loop,0.2,-0.0952,False,0,,isaac_live_final_20260708,,selected_baseline_live,,,,,,,False,hospital_goal_B,1.7548,True,0.3911,-0.0952,0.2,-0.0952,True,armed,False,
livefinal_straight_medium_20260708_180855,678,21.016668,1783530543.065895,0.408686,-0.408304,-0.0,2.355291,0.2,-0.0974,0.199802,0.004158,camera_link,21.016668,gnm_closed_loop,,nominal,,True,ok,checkpoints/ablation_mnv2_baseline/best.pt,4.85,0.3744,-0.0974,0.0936,-0.0023,0.3961,,,gnm_closed_loop,0.2,-0.0974,False,0,,isaac_live_final_20260708,,selected_baseline_live,,,,,,,False,hospital_goal_B,1.7515,True,0.3744,-0.0974,0.2,-0.0974,True,armed,False,
livefinal_straight_medium_20260708_180855,679,21.033334,1783530543.068271,0.406337,-0.405952,-0.0,2.355288,0.2,-0.0974,0.199802,0.004158,camera_link,21.033334,gnm_closed_loop,,nominal,,True,ok,checkpoints/ablation_mnv2_baseline/best.pt,4.85,0.3744,-0.0974,0.0936,-0.0023,0.3961,,,gnm_closed_loop,0.2,-0.0974,False,0,,isaac_live_final_20260708,,selected_baseline_live,,,,,,,False,hospital_goal_B,1.7482,True,0.3744,-0.0974,0.2,-0.0974,True,armed,False,
livefinal_straight_medium_20260708_180855,680,21.050001,1783530543.070116,0.403989,-0.403599,-0.0,2.355284,0.2,-0.0974,0.199802,0.004158,camera_link,21.050001,gnm_closed_loop,,nominal,,True,ok,checkpoints/ablation_mnv2_baseline/best.pt,4.85,0.3744,-0.0974,0.0936,-0.0023,0.3961,,,gnm_closed_loop,0.2,-0.0974,False,0,,isaac_live_final_20260708,,selected_baseline_live,,,,,,,False,hospital_goal_B,1.7448,True,0.3744,-0.0974,0.2,-0.0974,True,armed,False,
livefinal_straight_medium_20260708_180855,681,21.066668,1783530543.088812,0.401641,-0.401247,-0.0,2.355281,0.2,-0.1036,0.199811,0.004834,camera_link,21.066668,gnm_closed_loop,,nominal,,True,ok,checkpoints/ablation_mnv2_baseline/best.pt,4.73,0.4297,-0.1036,0.1074,-0.0028,0.402,,,gnm_closed_loop,0.2,-0.1036,False,0,,isaac_live_final_20260708,,selected_baseline_live,,,,,,,False,hospital_goal_B,1.7415,True,0.4297,-0.1036,0.2,-0.1036,True,armed,False,
livefinal_straight_medium_20260708_180855,682,21.083334,1783530543.091078,0.399293,-0.398895,-0.0,2.355277,0.2,-0.1036,0.199811,0.004834,camera_link,21.083334,gnm_closed_loop,,nominal,,True,ok,checkpoints/ablation_mnv2_baseline/best.pt,4.73,0.4297,-0.1036,0.1074,-0.0028,0.402,,,gnm_closed_loop,0.2,-0.1036,False,0,,isaac_live_final_20260708,,selected_baseline_live,,,,,,,False,hospital_goal_B,1.7382,True,0.4297,-0.1036,0.2,-0.1036,True,armed,False,
livefinal_straight_medium_20260708_180855,683,21.100001,1783530543.094625,0.396945,-0.396542,-0.0,2.355273,0.2,-0.1036,0.199811,0.004834,camera_link,21.100001,gnm_closed_loop,,nominal,,True,ok,checkpoints/ablation_mnv2_baseline/best.pt,4.73,0.4297,-0.1036,0.1074,-0.0028,0.402,,,gnm_closed_loop,0.2,-0.1036,False,0,,isaac_live_final_20260708,,selected_baseline_live,,,,,,,False,hospital_goal_B,1.7349,True,0.4297,-0.1036,0.2,-0.1036,True,armed,False,
livefinal_straight_medium_20260708_180855,684,21.116668,1783530543.110158,0.394596,-0.39419,-0.0,2.355269,0.2,-0.0971,0.19981,0.004971,camera_link,21.116668,gnm_closed_loop,,nominal,,True,ok,checkpoints/ablation_mnv2_baseline/best.pt,4.9,0.4222,-0.0971,0.1055,-0.0026,0.4016,,,gnm_closed_loop,0.2,-0.0971,False,0,,isaac_live_final_20260708,,selected_baseline_live,,,,,,,False,hospital_goal_B,1.7316,True,0.4222,-0.0971,0.2,-0.0971,True,armed,False,
livefinal_straight_medium_20260708_180855,685,21.133334,1783530543.112834,0.392248,-0.391838,-0.0,2.355266,0.2,-0.0971,0.19981,0.004971,camera_link,21.133334,gnm_closed_loop,,nominal,,True,ok,checkpoints/ablation_mnv2_baseline/best.pt,4.9,0.4222,-0.0971,0.1055,-0.0026,0.4016,,,gnm_closed_loop,0.2,-0.0971,False,0,,isaac_live_final_20260708,,selected_baseline_live,,,,,,,False,hospital_goal_B,1.7282,True,0.4222,-0.0971,0.2,-0.0971,True,armed,False,
livefinal_straight_medium_20260708_180855,686,21.150001,1783530543.114801,0.3899,-0.389485,-0.0,2.355262,0.2,-0.0971,0.19981,0.004971,camera_link,21.150001,gnm_closed_loop,,nominal,,True,ok,checkpoints/ablation_mnv2_baseline/best.pt,4.9,0.4222,-0.0971,0.1055,-0.0026,0.4016,,,gnm_closed_loop,0.2,-0.0971,False,0,,isaac_live_final_20260708,,selected_baseline_live,,,,,,,False,hospital_goal_B,1.7249,True,0.4222,-0.0971,0.2,-0.0971,True,armed,False,
livefinal_straight_medium_20260708_180855,687,21.166668,1783530543.132006,0.387552,-0.387133,-0.0,2.355259,0.2,-0.0921,0.199814,0.005266,camera_link,21.166668,gnm_closed_loop,,nominal,,True,ok,checkpoints/ablation_mnv2_baseline/best.pt,5.47,0.416,-0.0921,0.104,-0.0024,0.3956,,,gnm_closed_loop,0.2,-0.0921,False,0,,isaac_live_final_20260708,,selected_baseline_live,,,,,,,False,hospital_goal_B,1.7216,True,0.416,-0.0921,0.2,-0.0921,True,armed,False,
livefinal_straight_medium_20260708_180855,688,21.183334,1783530543.134202,0.385203,-0.38478,-0.0,2.355255,0.2,-0.0921,0.199814,0.005266,camera_link,21.183334,gnm_closed_loop,,nominal,,True,ok,checkpoints/ablation_mnv2_baseline/best.pt,5.47,0.416,-0.0921,0.104,-0.0024,0.3956,,,gnm_closed_loop,0.2,-0.0921,False,0,,isaac_live_final_20260708,,selected_baseline_live,,,,,,,False,hospital_goal_B,1.7183,True,0.416,-0.0921,0.2,-0.0921,True,armed,False,
livefinal_straight_medium_20260708_180855,689,21.200001,1783530543.136691,0.382855,-0.382428,-0.0,2.355252,0.2,-0.0921,0.199814,0.005266,camera_link,21.200001,gnm_closed_loop,,nominal,,True,ok,checkpoints/ablation_mnv2_baseline/best.pt,5.47,0.416,-0.0921,0.104,-0.0024,0.3956,,,gnm_closed_loop,0.2,-0.0921,False,0,,isaac_live_final_20260708,,selected_baseline_live,,,,,,,False,hospital_goal_B,1.7149,True,0.416,-0.0921,0.2,-0.0921,True,armed,False,
livefinal_straight_medium_20260708_180855,690,21.216668,1783530543.155894,0.380507,-0.380076,-0.0,2.355249,0.2,-0.1021,0.199826,0.005024,camera_link,21.216668,gnm_closed_loop,,nominal,,True,ok,checkpoints/ablation_mnv2_baseline/best.pt,5.52,0.4187,-0.1021,0.1047,-0.0027,0.3969,,,gnm_closed_loop,0.2,-0.1021,False,0,,isaac_live_final_20260708,,selected_baseline_live,,,,,,,False,hospital_goal_B,1.7116,True,0.4187,-0.1021,0.2,-0.1021,True,armed,False,
livefinal_straight_medium_20260708_180855,691,21.233334,1783530543.158176,0.378159,-0.377723,-0.0,2.355245,0.2,-0.1021,0.199826,0.005024,camera_link,21.233334,gnm_closed_loop,,nominal,,True,ok,checkpoints/ablation_mnv2_baseline/best.pt,5.52,0.4187,-0.1021,0.1047,-0.0027,0.3969,,,gnm_closed_loop,0.2,-0.1021,False,0,,isaac_live_final_20260708,,selected_baseline_live,,,,,,,False,hospital_goal_B,1.7083,True,0.4187,-0.1021,0.2,-0.1021,True,armed,False,
livefinal_straight_medium_20260708_180855,692,21.250001,1783530543.160061,0.375811,-0.375371,-0.0,2.355241,0.2,-0.1021,0.199826,0.005024,camera_link,21.250001,gnm_closed_loop,,nominal,,True,ok,checkpoints/ablation_mnv2_baseline/best.pt,5.52,0.4187,-0.1021,0.1047,-0.0027,0.3969,,,gnm_closed_loop,0.2,-0.1021,False,0,,isaac_live_final_20260708,,selected_baseline_live,,,,,,,False,hospital_goal_B,1.705,True,0.4187,-0.1021,0.2,-0.1021,True,armed,False,
livefinal_straight_medium_20260708_180855,693,21.266668,1783530543.179698,0.373462,-0.373018,-0.0,2.355237,0.2,-0.0965,0.199791,0.005218,camera_link,21.266668,gnm_closed_loop,,nominal,,True,ok,checkpoints/ablation_mnv2_baseline/best.pt,5.48,0.4134,-0.0965,0.1034,-0.0025,0.3984,,,gnm_closed_loop,0.2,-0.0965,False,0,,isaac_live_final_20260708,,selected_baseline_live,,,,,,,False,hospital_goal_B,1.7016,True,0.4134,-0.0965,0.2,-0.0965,True,armed,False,
livefinal_straight_medium_20260708_180855,694,21.283334,1783530543.182415,0.371114,-0.370666,-0.0,2.355234,0.2,-0.0965,0.199791,0.005218,camera_link,21.283334,gnm_closed_loop,,nominal,,True,ok,checkpoints/ablation_mnv2_baseline/best.pt,5.48,0.4134,-0.0965,0.1034,-0.0025,0.3984,,,gnm_closed_loop,0.2,-0.0965,False,0,,isaac_live_final_20260708,,selected_baseline_live,,,,,,,False,hospital_goal_B,1.6983,True,0.4134,-0.0965,0.2,-0.0965,True,armed,False,
livefinal_straight_medium_20260708_180855,695,21.300001,1783530543.184438,0.368766,-0.368314,-0.0,2.355231,0.2,-0.0965,0.199791,0.005218,camera_link,21.300001,gnm_closed_loop,,nominal,,True,ok,checkpoints/ablation_mnv2_baseline/best.pt,5.48,0.4134,-0.0965,0.1034,-0.0025,0.3984,,,gnm_closed_loop,0.2,-0.0965,False,0,,isaac_live_final_20260708,,selected_baseline_live,,,,,,,False,hospital_goal_B,1.695,True,0.4134,-0.0965,0.2,-0.0965,True,armed,False,
livefinal_straight_medium_20260708_180855,696,21.316668,1783530543.201371,0.366418,-0.365961,-0.0,2.355227,0.2,-0.0966,0.199796,0.004547,camera_link,21.316668,gnm_closed_loop,,nominal,,True,ok,checkpoints/ablation_mnv2_baseline/best.pt,4.6,0.4295,-0.0966,0.1074,-0.0026,0.3993,,,gnm_closed_loop,0.2,-0.0966,False,0,,isaac_live_final_20260708,,selected_baseline_live,,,,,,,False,hospital_goal_B,1.6917,True,0.4295,-0.0966,0.2,-0.0966,True,armed,False,
livefinal_straight_medium_20260708_180855,697,21.333334,1783530543.203789,0.36407,-0.363609,-0.0,2.355224,0.2,-0.0966,0.199796,0.004547,camera_link,21.333334,gnm_closed_loop,,nominal,,True,ok,checkpoints/ablation_mnv2_baseline/best.pt,4.6,0.4295,-0.0966,0.1074,-0.0026,0.3993,,,gnm_closed_loop,0.2,-0.0966,False,0,,isaac_live_final_20260708,,selected_baseline_live,,,,,,,False,hospital_goal_B,1.6883,True,0.4295,-0.0966,0.2,-0.0966,True,armed,False,
livefinal_straight_medium_20260708_180855,698,21.350001,1783530543.205709,0.361722,-0.361256,-0.0,2.355221,0.2,-0.0966,0.199796,0.004547,camera_link,21.350001,gnm_closed_loop,,nominal,,True,ok,checkpoints/ablation_mnv2_baseline/best.pt,4.6,0.4295,-0.0966,0.1074,-0.0026,0.3993,,,gnm_closed_loop,0.2,-0.0966,False,0,,isaac_live_final_20260708,,selected_baseline_live,,,,,,,False,hospital_goal_B,1.685,True,0.4295,-0.0966,0.2,-0.0966,True,armed,False,
livefinal_straight_medium_20260708_180855,699,21.366668,1783530543.221462,0.359374,-0.358904,-0.0,2.355217,0.2,-0.0801,0.19981,0.005013,camera_link,21.366668,gnm_closed_loop,,nominal,,True,ok,checkpoints/ablation_mnv2_baseline/best.pt,4.81,0.4944,-0.0801,0.1236,-0.0025,0.404,,,gnm_closed_loop,0.2,-0.0801,False,0,,isaac_live_final_20260708,,selected_baseline_live,,,,,,,False,hospital_goal_B,1.6817,True,0.4944,-0.0801,0.2,-0.0801,True,armed,False,
livefinal_straight_medium_20260708_180855,700,21.383334,1783530543.224085,0.357026,-0.356551,-0.0,2.355214,0.2,-0.0801,0.19981,0.005013,camera_link,21.383334,gnm_closed_loop,,nominal,,True,ok,checkpoints/ablation_mnv2_baseline/best.pt,4.81,0.4944,-0.0801,0.1236,-0.0025,0.404,,,gnm_closed_loop,0.2,-0.0801,False,0,,isaac_live_final_20260708,,selected_baseline_live,,,,,,,False,hospital_goal_B,1.6784,True,0.4944,-0.0801,0.2,-0.0801,True,armed,False,
livefinal_straight_medium_20260708_180855,701,21.400001,1783530543.22677,0.354677,-0.354199,-0.0,2.355211,0.2,-0.0801,0.19981,0.005013,camera_link,21.400001,gnm_closed_loop,,nominal,,True,ok,checkpoints/ablation_mnv2_baseline/best.pt,4.81,0.4944,-0.0801,0.1236,-0.0025,0.404,,,gnm_closed_loop,0.2,-0.0801,False,0,,isaac_live_final_20260708,,selected_baseline_live,,,,,,,False,hospital_goal_B,1.675,True,0.4944,-0.0801,0.2,-0.0801,True,armed,False,
livefinal_straight_medium_20260708_180855,702,21.416668,1783530543.242611,0.352329,-0.351846,-0.0,2.355208,0.2,-0.0824,0.199814,0.004146,camera_link,21.416668,gnm_closed_loop,,nominal,,True,ok,checkpoints/ablation_mnv2_baseline/best.pt,5.22,0.4933,-0.0824,0.1233,-0.0025,0.4021,,,gnm_closed_loop,0.2,-0.0824,False,0,,isaac_live_final_20260708,,selected_baseline_live,,,,,,,False,hospital_goal_B,1.6717,True,0.4933,-0.0824,0.2,-0.0824,True,armed,False,
livefinal_straight_medium_20260708_180855,703,21.433334,1783530543.245351,0.349981,-0.349493,-0.0,2.355205,0.2,-0.0824,0.199814,0.004146,camera_link,21.433334,gnm_closed_loop,,nominal,,True,ok,checkpoints/ablation_mnv2_baseline/best.pt,5.22,0.4933,-0.0824,0.1233,-0.0025,0.4021,,,gnm_closed_loop,0.2,-0.0824,False,0,,isaac_live_final_20260708,,selected_baseline_live,,,,,,,False,hospital_goal_B,1.6684,True,0.4933,-0.0824,0.2,-0.0824,True,armed,False,
livefinal_straight_medium_20260708_180855,704,21.450001,1783530543.247753,0.347633,-0.347141,0.0,2.355202,0.2,-0.0824,0.199814,0.004146,camera_link,21.450001,gnm_closed_loop,,nominal,,True,ok,checkpoints/ablation_mnv2_baseline/best.pt,5.22,0.4933,-0.0824,0.1233,-0.0025,0.4021,,,gnm_closed_loop,0.2,-0.0824,False,0,,isaac_live_final_20260708,,selected_baseline_live,,,,,,,False,hospital_goal_B,1.6651,True,0.4933,-0.0824,0.2,-0.0824,True,armed,False,
livefinal_straight_medium_20260708_180855,705,21.466668,1783530543.265926,0.345285,-0.344788,-0.0,2.355199,0.2,-0.0892,0.199798,0.003978,camera_link,21.466668,gnm_closed_loop,,nominal,,True,ok,checkpoints/ablation_mnv2_baseline/best.pt,4.81,0.4738,-0.0892,0.1184,-0.0026,0.3972,,,gnm_closed_loop,0.2,-0.0892,False,0,,isaac_live_final_20260708,,selected_baseline_live,,,,,,,False,hospital_goal_B,1.6618,True,0.4738,-0.0892,0.2,-0.0892,True,armed,False,
livefinal_straight_medium_20260708_180855,706,21.483334,1783530543.268207,0.342937,-0.342436,-0.0,2.355196,0.2,-0.0892,0.199798,0.003978,camera_link,21.483334,gnm_closed_loop,,nominal,,True,ok,checkpoints/ablation_mnv2_baseline/best.pt,4.81,0.4738,-0.0892,0.1184,-0.0026,0.3972,,,gnm_closed_loop,0.2,-0.0892,False,0,,isaac_live_final_20260708,,selected_baseline_live,,,,,,,False,hospital_goal_B,1.6584,True,0.4738,-0.0892,0.2,-0.0892,True,armed,False,
livefinal_straight_medium_20260708_180855,707,21.500001,1783530543.271256,0.340589,-0.340083,-0.0,2.355193,0.2,-0.0892,0.199798,0.003978,camera_link,21.500001,gnm_closed_loop,,nominal,,True,ok,checkpoints/ablation_mnv2_baseline/best.pt,4.81,0.4738,-0.0892,0.1184,-0.0026,0.3972,,,gnm_closed_loop,0.2,-0.0892,False,0,,isaac_live_final_20260708,,selected_baseline_live,,,,,,,False,hospital_goal_B,1.6551,True,0.4738,-0.0892,0.2,-0.0892,True,armed,False,
livefinal_straight_medium_20260708_180855,708,21.516668,1783530543.288701,0.338241,-0.33773,-0.0,2.355189,0.2,-0.1103,0.199796,0.004296,camera_link,21.516668,gnm_closed_loop,,nominal,,True,ok,checkpoints/ablation_mnv2_baseline/best.pt,4.94,0.4384,-0.1103,0.1096,-0.003,0.3995,,,gnm_closed_loop,0.2,-0.1103,False,0,,isaac_live_final_20260708,,selected_baseline_live,,,,,,,False,hospital_goal_B,1.6518,True,0.4384,-0.1103,0.2,-0.1103,True,armed,False,
livefinal_straight_medium_20260708_180855,709,21.533334,1783530543.290946,0.335893,-0.335378,-0.0,2.355186,0.2,-0.1103,0.199796,0.004296,camera_link,21.533334,gnm_closed_loop,,nominal,,True,ok,checkpoints/ablation_mnv2_baseline/best.pt,4.94,0.4384,-0.1103,0.1096,-0.003,0.3995,,,gnm_closed_loop,0.2,-0.1103,False,0,,isaac_live_final_20260708,,selected_baseline_live,,,,,,,False,hospital_goal_B,1.6485,True,0.4384,-0.1103,0.2,-0.1103,True,armed,False,
livefinal_straight_medium_20260708_180855,710,21.550001,1783530543.292995,0.333545,-0.333025,-0.0,2.355182,0.2,-0.1103,0.199796,0.004296,camera_link,21.550001,gnm_closed_loop,,nominal,,True,ok,checkpoints/ablation_mnv2_baseline/best.pt,4.94,0.4384,-0.1103,0.1096,-0.003,0.3995,,,gnm_closed_loop,0.2,-0.1103,False,0,,isaac_live_final_20260708,,selected_baseline_live,,,,,,,False,hospital_goal_B,1.6451,True,0.4384,-0.1103,0.2,-0.1103,True,armed,False,
livefinal_straight_medium_20260708_180855,711,21.566668,1783530543.309474,0.331197,-0.330673,-0.0,2.355178,0.2,-0.1242,0.199778,0.00503,camera_link,21.566668,gnm_closed_loop,,nominal,,True,ok,checkpoints/ablation_mnv2_baseline/best.pt,5.41,0.4361,-0.1242,0.109,-0.0034,0.4061,,,gnm_closed_loop,0.2,-0.1242,False,0,,isaac_live_final_20260708,,selected_baseline_live,,,,,,,False,hospital_goal_B,1.6418,True,0.4361,-0.1242,0.2,-0.1242,True,armed,False,
livefinal_straight_medium_20260708_180855,712,21.583334,1783530543.311685,0.328849,-0.32832,-0.0,2.355173,0.2,-0.1242,0.199778,0.00503,camera_link,21.583334,gnm_closed_loop,,nominal,,True,ok,checkpoints/ablation_mnv2_baseline/best.pt,5.41,0.4361,-0.1242,0.109,-0.0034,0.4061,,,gnm_closed_loop,0.2,-0.1242,False,0,,isaac_live_final_20260708,,selected_baseline_live,,,,,,,False,hospital_goal_B,1.6385,True,0.4361,-0.1242,0.2,-0.1242,True,armed,False,
livefinal_straight_medium_20260708_180855,713,21.600001,1783530543.31382,0.326501,-0.325968,-0.0,2.355169,0.2,-0.1242,0.199778,0.00503,camera_link,21.600001,gnm_closed_loop,,nominal,,True,ok,checkpoints/ablation_mnv2_baseline/best.pt,5.41,0.4361,-0.1242,0.109,-0.0034,0.4061,,,gnm_closed_loop,0.2,-0.1242,False,0,,isaac_live_final_20260708,,selected_baseline_live,,,,,,,False,hospital_goal_B,1.6352,True,0.4361,-0.1242,0.2,-0.1242,True,armed,False,
livefinal_straight_medium_20260708_180855,714,21.616668,1783530543.330091,0.324153,-0.323615,-0.0,2.355165,0.2,-0.115,0.199789,0.006208,camera_link,21.616668,gnm_closed_loop,,nominal,,True,ok,checkpoints/ablation_mnv2_baseline/best.pt,4.9,0.4039,-0.115,0.101,-0.0029,0.3979,,,gnm_closed_loop,0.2,-0.115,False,0,,isaac_live_final_20260708,,selected_baseline_live,,,,,,,False,hospital_goal_B,1.6318,True,0.4039,-0.115,0.2,-0.115,True,armed,False,
livefinal_straight_medium_20260708_180855,715,21.633334,1783530543.332351,0.321805,-0.321263,-0.0,2.355161,0.2,-0.115,0.199789,0.006208,camera_link,21.633334,gnm_closed_loop,,nominal,,True,ok,checkpoints/ablation_mnv2_baseline/best.pt,4.9,0.4039,-0.115,0.101,-0.0029,0.3979,,,gnm_closed_loop,0.2,-0.115,False,0,,isaac_live_final_20260708,,selected_baseline_live,,,,,,,False,hospital_goal_B,1.6285,True,0.4039,-0.115,0.2,-0.115,True,armed,False,
livefinal_straight_medium_20260708_180855,716,21.650001,1783530543.334169,0.319457,-0.31891,-0.0,2.355157,0.2,-0.115,0.199789,0.006208,camera_link,21.650001,gnm_closed_loop,,nominal,,True,ok,checkpoints/ablation_mnv2_baseline/best.pt,4.9,0.4039,-0.115,0.101,-0.0029,0.3979,,,gnm_closed_loop,0.2,-0.115,False,0,,isaac_live_final_20260708,,selected_baseline_live,,,,,,,False,hospital_goal_B,1.6252,True,0.4039,-0.115,0.2,-0.115,True,armed,False,
livefinal_straight_medium_20260708_180855,717,21.666668,1783530543.350751,0.317109,-0.316557,-0.0,2.355153,0.2,-0.1379,0.199776,0.005415,camera_link,21.666668,gnm_closed_loop,,nominal,,True,ok,checkpoints/ablation_mnv2_baseline/best.pt,4.74,0.3818,-0.1379,0.0955,-0.0033,0.4085,,,gnm_closed_loop,0.2,-0.1379,False,0,,isaac_live_final_20260708,,selected_baseline_live,,,,,,,False,hospital_goal_B,1.6219,True,0.3818,-0.1379,0.2,-0.1379,True,armed,False,
livefinal_straight_medium_20260708_180855,718,21.683334,1783530543.353295,0.314762,-0.314205,-0.0,2.355148,0.2,-0.1379,0.199776,0.005415,camera_link,21.683334,gnm_closed_loop,,nominal,,True,ok,checkpoints/ablation_mnv2_baseline/best.pt,4.74,0.3818,-0.1379,0.0955,-0.0033,0.4085,,,gnm_closed_loop,0.2,-0.1379,False,0,,isaac_live_final_20260708,,selected_baseline_live,,,,,,,False,hospital_goal_B,1.6185,True,0.3818,-0.1379,0.2,-0.1379,True,armed,False,
livefinal_straight_medium_20260708_180855,719,21.700001,1783530543.35533,0.312414,-0.311852,-0.0,2.355143,0.2,-0.1379,0.199776,0.005415,camera_link,21.700001,gnm_closed_loop,,nominal,,True,ok,checkpoints/ablation_mnv2_baseline/best.pt,4.74,0.3818,-0.1379,0.0955,-0.0033,0.4085,,,gnm_closed_loop,0.2,-0.1379,False,0,,isaac_live_final_20260708,,selected_baseline_live,,,,,,,False,hospital_goal_B,1.6152,True,0.3818,-0.1379,0.2,-0.1379,True,armed,False,
livefinal_straight_medium_20260708_180855,720,21.716668,1783530543.375024,0.310066,-0.3095,-0.0,2.355138,0.2,-0.1579,0.199753,0.006391,camera_link,21.716668,gnm_closed_loop,,nominal,,True,ok,checkpoints/ablation_mnv2_baseline/best.pt,5.67,0.3316,-0.1579,0.0829,-0.0033,0.4043,,,gnm_closed_loop,0.2,-0.1579,False,0,,isaac_live_final_20260708,,selected_baseline_live,,,,,,,False,hospital_goal_B,1.6119,True,0.3316,-0.1579,0.2,-0.1579,True,armed,False,
livefinal_straight_medium_20260708_180855,721,21.733334,1783530543.378498,0.307718,-0.307147,-0.0,2.355132,0.2,-0.1579,0.199753,0.006391,camera_link,21.733334,gnm_closed_loop,,nominal,,True,ok,checkpoints/ablation_mnv2_baseline/best.pt,5.67,0.3316,-0.1579,0.0829,-0.0033,0.4043,,,gnm_closed_loop,0.2,-0.1579,False,0,,isaac_live_final_20260708,,selected_baseline_live,,,,,,,False,hospital_goal_B,1.6086,True,0.3316,-0.1579,0.2,-0.1579,True,armed,False,
livefinal_straight_medium_20260708_180855,722,21.750001,1783530543.381549,0.305371,-0.304795,-0.0,2.355126,0.2,-0.1579,0.199753,0.006391,camera_link,21.750001,gnm_closed_loop,,nominal,,True,ok,checkpoints/ablation_mnv2_baseline/best.pt,5.67,0.3316,-0.1579,0.0829,-0.0033,0.4043,,,gnm_closed_loop,0.2,-0.1579,False,0,,isaac_live_final_20260708,,selected_baseline_live,,,,,,,False,hospital_goal_B,1.6052,True,0.3316,-0.1579,0.2,-0.1579,True,armed,False,
livefinal_straight_medium_20260708_180855,723,21.766668,1783530543.405535,0.303023,-0.302442,-0.0,2.35512,0.2,-0.1556,0.199733,0.007846,camera_link,21.766668,gnm_closed_loop,,nominal,,True,ok,checkpoints/ablation_mnv2_baseline/best.pt,5.16,0.3291,-0.1556,0.0823,-0.0032,0.4035,,,gnm_closed_loop,0.2,-0.1556,False,0,,isaac_live_final_20260708,,selected_baseline_live,,,,,,,False,hospital_goal_B,1.6019,True,0.3291,-0.1556,0.2,-0.1556,True,armed,False,
livefinal_straight_medium_20260708_180855,724,21.783334,1783530543.407696,0.300675,-0.30009,-0.0,2.355114,0.2,-0.1556,0.199733,0.007846,camera_link,21.783334,gnm_closed_loop,,nominal,,True,ok,checkpoints/ablation_mnv2_baseline/best.pt,5.16,0.3291,-0.1556,0.0823,-0.0032,0.4035,,,gnm_closed_loop,0.2,-0.1556,False,0,,isaac_live_final_20260708,,selected_baseline_live,,,,,,,False,hospital_goal_B,1.5986,True,0.3291,-0.1556,0.2,-0.1556,True,armed,False,
livefinal_straight_medium_20260708_180855,725,21.800001,1783530543.409586,0.298328,-0.297738,-0.0,2.355108,0.2,-0.1556,0.199733,0.007846,camera_link,21.800001,gnm_closed_loop,,nominal,,True,ok,checkpoints/ablation_mnv2_baseline/best.pt,5.16,0.3291,-0.1556,0.0823,-0.0032,0.4035,,,gnm_closed_loop,0.2,-0.1556,False,0,,isaac_live_final_20260708,,selected_baseline_live,,,,,,,False,hospital_goal_B,1.5953,True,0.3291,-0.1556,0.2,-0.1556,True,armed,False,
livefinal_straight_medium_20260708_180855,726,21.816668,1783530543.430191,0.29598,-0.295385,-0.0,2.355102,0.2,-0.1489,0.199748,0.007293,camera_link,21.816668,gnm_closed_loop,,nominal,,True,ok,checkpoints/ablation_mnv2_baseline/best.pt,6.41,0.3356,-0.1489,0.0839,-0.0031,0.4073,,,gnm_closed_loop,0.2,-0.1489,False,0,,isaac_live_final_20260708,,selected_baseline_live,,,,,,,False,hospital_goal_B,1.592,True,0.3356,-0.1489,0.2,-0.1489,True,armed,False,
livefinal_straight_medium_20260708_180855,727,21.833334,1783530543.434531,0.293632,-0.293033,-0.0,2.355097,0.2,-0.1489,0.199748,0.007293,camera_link,21.833334,gnm_closed_loop,,nominal,,True,ok,checkpoints/ablation_mnv2_baseline/best.pt,6.41,0.3356,-0.1489,0.0839,-0.0031,0.4073,,,gnm_closed_loop,0.2,-0.1489,False,0,,isaac_live_final_20260708,,selected_baseline_live,,,,,,,False,hospital_goal_B,1.5886,True,0.3356,-0.1489,0.2,-0.1489,True,armed,False,
livefinal_straight_medium_20260708_180855,728,21.850001,1783530543.43786,0.291285,-0.29068,-0.0,2.355091,0.2,-0.1489,0.199748,0.007293,camera_link,21.850001,gnm_closed_loop,,nominal,,True,ok,checkpoints/ablation_mnv2_baseline/best.pt,6.41,0.3356,-0.1489,0.0839,-0.0031,0.4073,,,gnm_closed_loop,0.2,-0.1489,False,0,,isaac_live_final_20260708,,selected_baseline_live,,,,,,,False,hospital_goal_B,1.5853,True,0.3356,-0.1489,0.2,-0.1489,True,armed,False,
livefinal_straight_medium_20260708_180855,729,21.866668,1783530543.456688,0.288937,-0.288327,-0.0,2.355086,0.2,-0.1344,0.199774,0.007547,camera_link,21.866668,gnm_closed_loop,,nominal,,True,ok,checkpoints/ablation_mnv2_baseline/best.pt,5.22,0.3717,-0.1344,0.0929,-0.0031,0.4126,,,gnm_closed_loop,0.2,-0.1344,False,0,,isaac_live_final_20260708,,selected_baseline_live,,,,,,,False,hospital_goal_B,1.582,True,0.3717,-0.1344,0.2,-0.1344,True,armed,False,
livefinal_straight_medium_20260708_180855,730,21.883334,1783530543.459447,0.286589,-0.285975,-0.0,2.355081,0.2,-0.1344,0.199774,0.007547,camera_link,21.883334,gnm_closed_loop,,nominal,,True,ok,checkpoints/ablation_mnv2_baseline/best.pt,5.22,0.3717,-0.1344,0.0929,-0.0031,0.4126,,,gnm_closed_loop,0.2,-0.1344,False,0,,isaac_live_final_20260708,,selected_baseline_live,,,,,,,False,hospital_goal_B,1.5787,True,0.3717,-0.1344,0.2,-0.1344,True,armed,False,
livefinal_straight_medium_20260708_180855,731,21.900001,1783530543.461898,0.284241,-0.283622,-0.0,2.355076,0.2,-0.1344,0.199774,0.007547,camera_link,21.900001,gnm_closed_loop,,nominal,,True,ok,checkpoints/ablation_mnv2_baseline/best.pt,5.22,0.3717,-0.1344,0.0929,-0.0031,0.4126,,,gnm_closed_loop,0.2,-0.1344,False,0,,isaac_live_final_20260708,,selected_baseline_live,,,,,,,False,hospital_goal_B,1.5753,True,0.3717,-0.1344,0.2,-0.1344,True,armed,False,
livefinal_straight_medium_20260708_180855,732,21.916668,1783530543.477518,0.281894,-0.281269,-0.0,2.355071,0.2,-0.1206,0.199751,0.006784,camera_link,21.916668,gnm_closed_loop,,nominal,,True,ok,checkpoints/ablation_mnv2_baseline/best.pt,5.15,0.4,-0.1206,0.1,-0.003,0.4051,,,gnm_closed_loop,0.2,-0.1206,False,0,,isaac_live_final_20260708,,selected_baseline_live,,,,,,,False,hospital_goal_B,1.572,True,0.4,-0.1206,0.2,-0.1206,True,armed,False,
livefinal_straight_medium_20260708_180855,733,21.933334,1783530543.479718,0.279546,-0.278917,-0.0,2.355067,0.2,-0.1206,0.199751,0.006784,camera_link,21.933334,gnm_closed_loop,,nominal,,True,ok,checkpoints/ablation_mnv2_baseline/best.pt,5.15,0.4,-0.1206,0.1,-0.003,0.4051,,,gnm_closed_loop,0.2,-0.1206,False,0,,isaac_live_final_20260708,,selected_baseline_live,,,,,,,False,hospital_goal_B,1.5687,True,0.4,-0.1206,0.2,-0.1206,True,armed,False,
livefinal_straight_medium_20260708_180855,734,21.950001,1783530543.481634,0.277198,-0.276564,-0.0,2.355063,0.2,-0.1206,0.199751,0.006784,camera_link,21.950001,gnm_closed_loop,,nominal,,True,ok,checkpoints/ablation_mnv2_baseline/best.pt,5.15,0.4,-0.1206,0.1,-0.003,0.4051,,,gnm_closed_loop,0.2,-0.1206,False,0,,isaac_live_final_20260708,,selected_baseline_live,,,,,,,False,hospital_goal_B,1.5654,True,0.4,-0.1206,0.2,-0.1206,True,armed,False,
livefinal_straight_medium_20260708_180855,735,21.966668,1783530543.497871,0.274851,-0.274211,0.0,2.355058,0.2,-0.1124,0.199773,0.005615,camera_link,21.966668,gnm_closed_loop,,nominal,,True,ok,checkpoints/ablation_mnv2_baseline/best.pt,4.41,0.4243,-0.1124,0.1061,-0.003,0.4027,,,gnm_closed_loop,0.2,-0.1124,False,0,,isaac_live_final_20260708,,selected_baseline_live,,,,,,,False,hospital_goal_B,1.562,True,0.4243,-0.1124,0.2,-0.1124,True,armed,False,
livefinal_straight_medium_20260708_180855,736,21.983334,1783530543.50013,0.272503,-0.271858,-0.0,2.355054,0.2,-0.1124,0.199773,0.005615,camera_link,21.983334,gnm_closed_loop,,nominal,,True,ok,checkpoints/ablation_mnv2_baseline/best.pt,4.41,0.4243,-0.1124,0.1061,-0.003,0.4027,,,gnm_closed_loop,0.2,-0.1124,False,0,,isaac_live_final_20260708,,selected_baseline_live,,,,,,,False,hospital_goal_B,1.5587,True,0.4243,-0.1124,0.2,-0.1124,True,armed,False,
livefinal_straight_medium_20260708_180855,737,22.000001,1783530543.501999,0.270155,-0.269505,-0.0,2.35505,0.2,-0.1124,0.199773,0.005615,camera_link,22.000001,gnm_closed_loop,,nominal,,True,ok,checkpoints/ablation_mnv2_baseline/best.pt,4.41,0.4243,-0.1124,0.1061,-0.003,0.4027,,,gnm_closed_loop,0.2,-0.1124,False,0,,isaac_live_final_20260708,,selected_baseline_live,,,,,,,False,hospital_goal_B,1.5554,True,0.4243,-0.1124,0.2,-0.1124,True,armed,False,
livefinal_straight_medium_20260708_180855,738,22.016668,1783530543.519217,0.267807,-0.267151,-0.0,2.355045,0.2,-0.0905,0.199775,0.006149,camera_link,22.016668,gnm_closed_loop,,nominal,,True,ok,checkpoints/ablation_mnv2_baseline/best.pt,5.35,0.4325,-0.0905,0.1081,-0.0024,0.3974,,,gnm_closed_loop,0.2,-0.0905,False,0,,isaac_live_final_20260708,,selected_baseline_live,,,,,,,False,hospital_goal_B,1.5521,True,0.4325,-0.0905,0.2,-0.0905,True,armed,False,
livefinal_straight_medium_20260708_180855,739,22.033334,1783530543.521609,0.265459,-0.264799,-0.0,2.355042,0.2,-0.0905,0.199775,0.006149,camera_link,22.033334,gnm_closed_loop,,nominal,,True,ok,checkpoints/ablation_mnv2_baseline/best.pt,5.35,0.4325,-0.0905,0.1081,-0.0024,0.3974,,,gnm_closed_loop,0.2,-0.0905,False,0,,isaac_live_final_20260708,,selected_baseline_live,,,,,,,False,hospital_goal_B,1.5487,True,0.4325,-0.0905,0.2,-0.0905,True,armed,False,
livefinal_straight_medium_20260708_180855,740,22.050001,1783530543.523544,0.263111,-0.262446,-0.0,2.355039,0.2,-0.0905,0.199775,0.006149,camera_link,22.050001,gnm_closed_loop,,nominal,,True,ok,checkpoints/ablation_mnv2_baseline/best.pt,5.35,0.4325,-0.0905,0.1081,-0.0024,0.3974,,,gnm_closed_loop,0.2,-0.0905,False,0,,isaac_live_final_20260708,,selected_baseline_live,,,,,,,False,hospital_goal_B,1.5454,True,0.4325,-0.0905,0.2,-0.0905,True,armed,False,
livefinal_straight_medium_20260708_180855,741,22.066668,1783530543.54208,0.260763,-0.260093,-0.0,2.355036,0.2,-0.0729,0.199808,0.004358,camera_link,22.066668,gnm_closed_loop,,nominal,,True,ok,checkpoints/ablation_mnv2_baseline/best.pt,4.43,0.5248,-0.0729,0.1312,-0.0024,0.408,,,gnm_closed_loop,0.2,-0.0729,False,0,,isaac_live_final_20260708,,selected_baseline_live,,,,,,,False,hospital_goal_B,1.5421,True,0.5248,-0.0729,0.2,-0.0729,True,armed,False,
livefinal_straight_medium_20260708_180855,742,22.083334,1783530543.544341,0.258415,-0.25774,-0.0,2.355034,0.2,-0.0729,0.199808,0.004358,camera_link,22.083334,gnm_closed_loop,,nominal,,True,ok,checkpoints/ablation_mnv2_baseline/best.pt,4.43,0.5248,-0.0729,0.1312,-0.0024,0.408,,,gnm_closed_loop,0.2,-0.0729,False,0,,isaac_live_final_20260708,,selected_baseline_live,,,,,,,False,hospital_goal_B,1.5388,True,0.5248,-0.0729,0.2,-0.0729,True,armed,False,
livefinal_straight_medium_20260708_180855,743,22.100001,1783530543.546223,0.256068,-0.255387,-0.0,2.355031,0.2,-0.0729,0.199808,0.004358,camera_link,22.100001,gnm_closed_loop,,nominal,,True,ok,checkpoints/ablation_mnv2_baseline/best.pt,4.43,0.5248,-0.0729,0.1312,-0.0024,0.408,,,gnm_closed_loop,0.2,-0.0729,False,0,,isaac_live_final_20260708,,selected_baseline_live,,,,,,,False,hospital_goal_B,1.5355,True,0.5248,-0.0729,0.2,-0.0729,True,armed,False,
livefinal_straight_medium_20260708_180855,744,22.116668,1783530543.56355,0.25372,-0.253033,-0.0,2.355028,0.2,-0.0553,0.199779,0.003279,camera_link,22.116668,gnm_closed_loop,,nominal,,True,ok,checkpoints/ablation_mnv2_baseline/best.pt,5.04,0.6189,-0.0553,0.1547,-0.0021,0.4079,,,gnm_closed_loop,0.2,-0.0553,False,0,,isaac_live_final_20260708,,selected_baseline_live,,,,,,,False,hospital_goal_B,1.5321,True,0.6189,-0.0553,0.2,-0.0553,True,armed,False,
livefinal_straight_medium_20260708_180855,745,22.133334,1783530543.565952,0.251372,-0.25068,-0.0,2.355026,0.2,-0.0553,0.199779,0.003279,camera_link,22.133334,gnm_closed_loop,,nominal,,True,ok,checkpoints/ablation_mnv2_baseline/best.pt,5.04,0.6189,-0.0553,0.1547,-0.0021,0.4079,,,gnm_closed_loop,0.2,-0.0553,False,0,,isaac_live_final_20260708,,selected_baseline_live,,,,,,,False,hospital_goal_B,1.5288,True,0.6189,-0.0553,0.2,-0.0553,True,armed,False,
livefinal_straight_medium_20260708_180855,746,22.150001,1783530543.569024,0.249024,-0.248326,-0.0,2.355024,0.2,-0.0553,0.199779,0.003279,camera_link,22.150001,gnm_closed_loop,,nominal,,True,ok,checkpoints/ablation_mnv2_baseline/best.pt,5.04,0.6189,-0.0553,0.1547,-0.0021,0.4079,,,gnm_closed_loop,0.2,-0.0553,False,0,,isaac_live_final_20260708,,selected_baseline_live,,,,,,,False,hospital_goal_B,1.5255,True,0.6189,-0.0553,0.2,-0.0553,True,armed,False,
livefinal_straight_medium_20260708_180855,747,22.166668,1783530543.587102,0.246676,-0.245973,-0.0,2.355022,0.2,-0.0486,0.199821,0.002158,camera_link,22.166668,gnm_closed_loop,,nominal,,True,ok,checkpoints/ablation_mnv2_baseline/best.pt,5.4,0.6264,-0.0486,0.1566,-0.0019,0.3988,,,gnm_closed_loop,0.2,-0.0486,False,0,,isaac_live_final_20260708,,selected_baseline_live,,,,,,,False,hospital_goal_B,1.5222,True,0.6264,-0.0486,0.2,-0.0486,True,armed,False,
livefinal_straight_medium_20260708_180855,748,22.183334,1783530543.589468,0.244328,-0.24362,-0.0,2.355021,0.2,-0.0486,0.199821,0.002158,camera_link,22.183334,gnm_closed_loop,,nominal,,True,ok,checkpoints/ablation_mnv2_baseline/best.pt,5.4,0.6264,-0.0486,0.1566,-0.0019,0.3988,,,gnm_closed_loop,0.2,-0.0486,False,0,,isaac_live_final_20260708,,selected_baseline_live,,,,,,,False,hospital_goal_B,1.5188,True,0.6264,-0.0486,0.2,-0.0486,True,armed,False,
livefinal_straight_medium_20260708_180855,749,22.200001,1783530543.591515,0.24198,-0.241267,-0.0,2.355019,0.2,-0.0486,0.199821,0.002158,camera_link,22.200001,gnm_closed_loop,,nominal,,True,ok,checkpoints/ablation_mnv2_baseline/best.pt,5.4,0.6264,-0.0486,0.1566,-0.0019,0.3988,,,gnm_closed_loop,0.2,-0.0486,False,0,,isaac_live_final_20260708,,selected_baseline_live,,,,,,,False,hospital_goal_B,1.5155,True,0.6264,-0.0486,0.2,-0.0486,True,armed,False,
livefinal_straight_medium_20260708_180855,750,22.216668,1783530543.613338,0.239633,-0.238914,-0.0,2.355017,0.2,-0.0514,0.19981,0.00266,camera_link,22.216668,gnm_closed_loop,,nominal,,True,ok,checkpoints/ablation_mnv2_baseline/best.pt,6.29,0.6004,-0.0514,0.1501,-0.0019,0.3959,,,gnm_closed_loop,0.2,-0.0514,False,0,,isaac_live_final_20260708,,selected_baseline_live,,,,,,,False,hospital_goal_B,1.5122,True,0.6004,-0.0514,0.2,-0.0514,True,armed,False,
livefinal_straight_medium_20260708_180855,751,22.233334,1783530543.616818,0.237285,-0.23656,-0.0,2.355015,0.2,-0.0514,0.19981,0.00266,camera_link,22.233334,gnm_closed_loop,,nominal,,True,ok,checkpoints/ablation_mnv2_baseline/best.pt,6.29,0.6004,-0.0514,0.1501,-0.0019,0.3959,,,gnm_closed_loop,0.2,-0.0514,False,0,,isaac_live_final_20260708,,selected_baseline_live,,,,,,,False,hospital_goal_B,1.5089,True,0.6004,-0.0514,0.2,-0.0514,True,armed,False,
livefinal_straight_medium_20260708_180855,752,22.250001,1783530543.61973,0.234937,-0.234207,-0.0,2.355013,0.2,-0.0514,0.19981,0.00266,camera_link,22.250001,gnm_closed_loop,,nominal,,True,ok,checkpoints/ablation_mnv2_baseline/best.pt,6.29,0.6004,-0.0514,0.1501,-0.0019,0.3959,,,gnm_closed_loop,0.2,-0.0514,False,0,,isaac_live_final_20260708,,selected_baseline_live,,,,,,,False,hospital_goal_B,1.5055,True,0.6004,-0.0514,0.2,-0.0514,True,armed,False,
livefinal_straight_medium_20260708_180855,753,22.266668,1783530543.638469,0.232589,-0.231854,-0.0,2.355011,0.2,-0.0509,0.199818,0.002904,camera_link,22.266668,gnm_closed_loop,,nominal,,True,ok,checkpoints/ablation_mnv2_baseline/best.pt,4.19,0.5987,-0.0509,0.1497,-0.0019,0.3912,,,gnm_closed_loop,0.2,-0.0509,False,0,,isaac_live_final_20260708,,selected_baseline_live,,,,,,,False,hospital_goal_B,1.5022,True,0.5987,-0.0509,0.2,-0.0509,True,armed,False,
livefinal_straight_medium_20260708_180855,754,22.283334,1783530543.640731,0.230241,-0.229501,-0.0,2.355009,0.2,-0.0509,0.199818,0.002904,camera_link,22.283334,gnm_closed_loop,,nominal,,True,ok,checkpoints/ablation_mnv2_baseline/best.pt,4.19,0.5987,-0.0509,0.1497,-0.0019,0.3912,,,gnm_closed_loop,0.2,-0.0509,False,0,,isaac_live_final_20260708,,selected_baseline_live,,,,,,,False,hospital_goal_B,1.4989,True,0.5987,-0.0509,0.2,-0.0509,True,armed,False,
livefinal_straight_medium_20260708_180855,755,22.300001,1783530543.6427,0.227894,-0.227148,-0.0,2.355008,0.2,-0.0509,0.199818,0.002904,camera_link,22.300001,gnm_closed_loop,,nominal,,True,ok,checkpoints/ablation_mnv2_baseline/best.pt,4.19,0.5987,-0.0509,0.1497,-0.0019,0.3912,,,gnm_closed_loop,0.2,-0.0509,False,0,,isaac_live_final_20260708,,selected_baseline_live,,,,,,,False,hospital_goal_B,1.4956,True,0.5987,-0.0509,0.2,-0.0509,True,armed,False,
livefinal_straight_medium_20260708_180855,756,22.316668,1783530543.657675,0.225546,-0.224795,-0.0,2.355006,0.2,-0.0493,0.199798,0.002531,camera_link,22.316668,gnm_closed_loop,,nominal,,True,ok,checkpoints/ablation_mnv2_baseline/best.pt,5.4,0.619,-0.0493,0.1547,-0.0019,0.3949,,,gnm_closed_loop,0.2,-0.0493,False,0,,isaac_live_final_20260708,,selected_baseline_live,,,,,,,False,hospital_goal_B,1.4922,True,0.619,-0.0493,0.2,-0.0493,True,armed,False,
livefinal_straight_medium_20260708_180855,757,22.333334,1783530543.661618,0.223198,-0.222441,-0.0,2.355004,0.2,-0.0493,0.199798,0.002531,camera_link,22.333334,gnm_closed_loop,,nominal,,True,ok,checkpoints/ablation_mnv2_baseline/best.pt,5.4,0.619,-0.0493,0.1547,-0.0019,0.3949,,,gnm_closed_loop,0.2,-0.0493,False,0,,isaac_live_final_20260708,,selected_baseline_live,,,,,,,False,hospital_goal_B,1.4889,True,0.619,-0.0493,0.2,-0.0493,True,armed,False,
livefinal_straight_medium_20260708_180855,758,22.350001,1783530543.664352,0.220851,-0.220088,-0.0,2.355003,0.2,-0.0493,0.199798,0.002531,camera_link,22.350001,gnm_closed_loop,,nominal,,True,ok,checkpoints/ablation_mnv2_baseline/best.pt,5.4,0.619,-0.0493,0.1547,-0.0019,0.3949,,,gnm_closed_loop,0.2,-0.0493,False,0,,isaac_live_final_20260708,,selected_baseline_live,,,,,,,False,hospital_goal_B,1.4856,True,0.619,-0.0493,0.2,-0.0493,True,armed,False,
livefinal_straight_medium_20260708_180855,759,22.366668,1783530543.68529,0.218503,-0.217735,-0.0,2.355001,0.2,-0.0508,0.199818,0.002641,camera_link,22.366668,gnm_closed_loop,,nominal,,True,ok,checkpoints/ablation_mnv2_baseline/best.pt,5.05,0.6143,-0.0508,0.1536,-0.002,0.3982,,,gnm_closed_loop,0.2,-0.0508,False,0,,isaac_live_final_20260708,,selected_baseline_live,,,,,,,False,hospital_goal_B,1.4823,True,0.6143,-0.0508,0.2,-0.0508,True,armed,False,
livefinal_straight_medium_20260708_180855,760,22.383335,1783530543.68757,0.216155,-0.215382,-0.0,2.354999,0.2,-0.0508,0.199818,0.002641,camera_link,22.383335,gnm_closed_loop,,nominal,,True,ok,checkpoints/ablation_mnv2_baseline/best.pt,5.05,0.6143,-0.0508,0.1536,-0.002,0.3982,,,gnm_closed_loop,0.2,-0.0508,False,0,,isaac_live_final_20260708,,selected_baseline_live,,,,,,,False,hospital_goal_B,1.4789,True,0.6143,-0.0508,0.2,-0.0508,True,armed,False,
livefinal_straight_medium_20260708_180855,761,22.400001,1783530543.689417,0.213808,-0.213029,-0.0,2.354997,0.2,-0.0508,0.199818,0.002641,camera_link,22.400001,gnm_closed_loop,,nominal,,True,ok,checkpoints/ablation_mnv2_baseline/best.pt,5.05,0.6143,-0.0508,0.1536,-0.002,0.3982,,,gnm_closed_loop,0.2,-0.0508,False,0,,isaac_live_final_20260708,,selected_baseline_live,,,,,,,False,hospital_goal_B,1.4756,True,0.6143,-0.0508,0.2,-0.0508,True,armed,False,
livefinal_straight_medium_20260708_180855,762,22.416668,1783530543.704082,0.21146,-0.210675,-0.0,2.354995,0.2,-0.0524,0.199829,0.002501,camera_link,22.416668,gnm_closed_loop,,nominal,,True,ok,checkpoints/ablation_mnv2_baseline/best.pt,5.04,0.6192,-0.0524,0.1548,-0.002,0.4045,,,gnm_closed_loop,0.2,-0.0524,False,0,,isaac_live_final_20260708,,selected_baseline_live,,,,,,,False,hospital_goal_B,1.4723,True,0.6192,-0.0524,0.2,-0.0524,True,armed,False,
livefinal_straight_medium_20260708_180855,763,22.433335,1783530543.70664,0.209112,-0.208322,-0.0,2.354994,0.2,-0.0524,0.199829,0.002501,camera_link,22.433335,gnm_closed_loop,,nominal,,True,ok,checkpoints/ablation_mnv2_baseline/best.pt,5.04,0.6192,-0.0524,0.1548,-0.002,0.4045,,,gnm_closed_loop,0.2,-0.0524,False,0,,isaac_live_final_20260708,,selected_baseline_live,,,,,,,False,hospital_goal_B,1.469,True,0.6192,-0.0524,0.2,-0.0524,True,armed,False,
livefinal_straight_medium_20260708_180855,764,22.450001,1783530543.708885,0.206765,-0.205969,-0.0,2.354992,0.2,-0.0524,0.199829,0.002501,camera_link,22.450001,gnm_closed_loop,,nominal,,True,ok,checkpoints/ablation_mnv2_baseline/best.pt,5.04,0.6192,-0.0524,0.1548,-0.002,0.4045,,,gnm_closed_loop,0.2,-0.0524,False,0,,isaac_live_final_20260708,,selected_baseline_live,,,,,,,False,hospital_goal_B,1.4656,True,0.6192,-0.0524,0.2,-0.0524,True,armed,False,
livefinal_straight_medium_20260708_180855,765,22.466668,1783530543.725759,0.204417,-0.203616,-0.0,2.35499,0.2,-0.0517,0.199825,0.002748,camera_link,22.466668,gnm_closed_loop,,nominal,,True,ok,checkpoints/ablation_mnv2_baseline/best.pt,5.35,0.6219,-0.0517,0.1555,-0.002,0.4035,,,gnm_closed_loop,0.2,-0.0517,False,0,,isaac_live_final_20260708,,selected_baseline_live,,,,,,,False,hospital_goal_B,1.4623,True,0.6219,-0.0517,0.2,-0.0517,True,armed,False,
livefinal_straight_medium_20260708_180855,766,22.483335,1783530543.728402,0.20207,-0.201262,0.0,2.354988,0.2,-0.0517,0.199825,0.002748,camera_link,22.483335,gnm_closed_loop,,nominal,,True,ok,checkpoints/ablation_mnv2_baseline/best.pt,5.35,0.6219,-0.0517,0.1555,-0.002,0.4035,,,gnm_closed_loop,0.2,-0.0517,False,0,,isaac_live_final_20260708,,selected_baseline_live,,,,,,,False,hospital_goal_B,1.459,True,0.6219,-0.0517,0.2,-0.0517,True,armed,False,
livefinal_straight_medium_20260708_180855,767,22.500001,1783530543.730324,0.199722,-0.198909,-0.0,2.354986,0.2,-0.0517,0.199825,0.002748,camera_link,22.500001,gnm_closed_loop,,nominal,,True,ok,checkpoints/ablation_mnv2_baseline/best.pt,5.35,0.6219,-0.0517,0.1555,-0.002,0.4035,,,gnm_closed_loop,0.2,-0.0517,False,0,,isaac_live_final_20260708,,selected_baseline_live,,,,,,,False,hospital_goal_B,1.4557,True,0.6219,-0.0517,0.2,-0.0517,True,armed,False,
livefinal_straight_medium_20260708_180855,768,22.516668,1783530543.746422,0.197374,-0.196556,-0.0,2.354984,0.2,-0.0569,0.19981,0.00306,camera_link,22.516668,gnm_closed_loop,,nominal,,True,ok,checkpoints/ablation_mnv2_baseline/best.pt,4.84,0.5716,-0.0569,0.1429,-0.002,0.4014,,,gnm_closed_loop,0.2,-0.0569,False,0,,isaac_live_final_20260708,,selected_baseline_live,,,,,,,False,hospital_goal_B,1.4523,True,0.5716,-0.0569,0.2,-0.0569,True,armed,False,
livefinal_straight_medium_20260708_180855,769,22.533335,1783530543.748694,0.195027,-0.194203,-0.0,2.354982,0.2,-0.0569,0.19981,0.00306,camera_link,22.533335,gnm_closed_loop,,nominal,,True,ok,checkpoints/ablation_mnv2_baseline/best.pt,4.84,0.5716,-0.0569,0.1429,-0.002,0.4014,,,gnm_closed_loop,0.2,-0.0569,False,0,,isaac_live_final_20260708,,selected_baseline_live,,,,,,,False,hospital_goal_B,1.449,True,0.5716,-0.0569,0.2,-0.0569,True,armed,False,
livefinal_straight_medium_20260708_180855,770,22.550001,1783530543.750612,0.192679,-0.191849,-0.0,2.35498,0.2,-0.0569,0.19981,0.00306,camera_link,22.550001,gnm_closed_loop,,nominal,,True,ok,checkpoints/ablation_mnv2_baseline/best.pt,4.84,0.5716,-0.0569,0.1429,-0.002,0.4014,,,gnm_closed_loop,0.2,-0.0569,False,0,,isaac_live_final_20260708,,selected_baseline_live,,,,,,,False,hospital_goal_B,1.4457,True,0.5716,-0.0569,0.2,-0.0569,True,armed,False,
livefinal_straight_medium_20260708_180855,771,22.566668,1783530543.766555,0.190331,-0.189496,-0.0,2.354977,0.2,-0.0593,0.19981,0.003591,camera_link,22.566668,gnm_closed_loop,,nominal,,True,ok,checkpoints/ablation_mnv2_baseline/best.pt,4.77,0.5516,-0.0593,0.1379,-0.002,0.4027,,,gnm_closed_loop,0.2,-0.0593,False,0,,isaac_live_final_20260708,,selected_baseline_live,,,,,,,False,hospital_goal_B,1.4424,True,0.5516,-0.0593,0.2,-0.0593,True,armed,False,
livefinal_straight_medium_20260708_180855,772,22.583335,1783530543.768872,0.187984,-0.187143,-0.0,2.354975,0.2,-0.0593,0.19981,0.003591,camera_link,22.583335,gnm_closed_loop,,nominal,,True,ok,checkpoints/ablation_mnv2_baseline/best.pt,4.77,0.5516,-0.0593,0.1379,-0.002,0.4027,,,gnm_closed_loop,0.2,-0.0593,False,0,,isaac_live_final_20260708,,selected_baseline_live,,,,,,,False,hospital_goal_B,1.4391,True,0.5516,-0.0593,0.2,-0.0593,True,armed,False,
livefinal_straight_medium_20260708_180855,773,22.600001,1783530543.770759,0.185636,-0.18479,-0.0,2.354973,0.2,-0.0593,0.19981,0.003591,camera_link,22.600001,gnm_closed_loop,,nominal,,True,ok,checkpoints/ablation_mnv2_baseline/best.pt,4.77,0.5516,-0.0593,0.1379,-0.002,0.4027,,,gnm_closed_loop,0.2,-0.0593,False,0,,isaac_live_final_20260708,,selected_baseline_live,,,,,,,False,hospital_goal_B,1.4357,True,0.5516,-0.0593,0.2,-0.0593,True,armed,False,
livefinal_straight_medium_20260708_180855,774,22.616668,1783530543.789545,0.183288,-0.182437,-0.0,2.35497,0.2,-0.0551,0.199813,0.002924,camera_link,22.616668,gnm_closed_loop,,nominal,,True,ok,checkpoints/ablation_mnv2_baseline/best.pt,5.75,0.5753,-0.0551,0.1438,-0.002,0.4026,,,gnm_closed_loop,0.2,-0.0551,False,0,,isaac_live_final_20260708,,selected_baseline_live,,,,,,,False,hospital_goal_B,1.4324,True,0.5753,-0.0551,0.2,-0.0551,True,armed,False,
livefinal_straight_medium_20260708_180855,775,22.633335,1783530543.792219,0.180941,-0.180083,-0.0,2.354969,0.2,-0.0551,0.199813,0.002924,camera_link,22.633335,gnm_closed_loop,,nominal,,True,ok,checkpoints/ablation_mnv2_baseline/best.pt,5.75,0.5753,-0.0551,0.1438,-0.002,0.4026,,,gnm_closed_loop,0.2,-0.0551,False,0,,isaac_live_final_20260708,,selected_baseline_live,,,,,,,False,hospital_goal_B,1.4291,True,0.5753,-0.0551,0.2,-0.0551,True,armed,False,
livefinal_straight_medium_20260708_180855,776,22.650001,1783530543.794171,0.178593,-0.17773,0.0,2.354966,0.2,-0.0551,0.199813,0.002924,camera_link,22.650001,gnm_closed_loop,,nominal,,True,ok,checkpoints/ablation_mnv2_baseline/best.pt,5.75,0.5753,-0.0551,0.1438,-0.002,0.4026,,,gnm_closed_loop,0.2,-0.0551,False,0,,isaac_live_final_20260708,,selected_baseline_live,,,,,,,False,hospital_goal_B,1.4258,True,0.5753,-0.0551,0.2,-0.0551,True,armed,False,
livefinal_straight_medium_20260708_180855,777,22.666668,1783530543.810355,0.176246,-0.175377,-0.0,2.354964,0.2,-0.054,0.199816,0.003176,camera_link,22.666668,gnm_closed_loop,,nominal,,True,ok,checkpoints/ablation_mnv2_baseline/best.pt,5.22,0.5725,-0.054,0.1431,-0.0019,0.4013,,,gnm_closed_loop,0.2,-0.054,False,0,,isaac_live_final_20260708,,selected_baseline_live,,,,,,,False,hospital_goal_B,1.4224,True,0.5725,-0.054,0.2,-0.054,True,armed,False,
livefinal_straight_medium_20260708_180855,778,22.683335,1783530543.813094,0.173898,-0.173024,0.0,2.354962,0.2,-0.054,0.199816,0.003176,camera_link,22.683335,gnm_closed_loop,,nominal,,True,ok,checkpoints/ablation_mnv2_baseline/best.pt,5.22,0.5725,-0.054,0.1431,-0.0019,0.4013,,,gnm_closed_loop,0.2,-0.054,False,0,,isaac_live_final_20260708,,selected_baseline_live,,,,,,,False,hospital_goal_B,1.4191,True,0.5725,-0.054,0.2,-0.054,True,armed,False,
livefinal_straight_medium_20260708_180855,779,22.700001,1783530543.816319,0.171551,-0.17067,-0.0,2.35496,0.2,-0.054,0.199816,0.003176,camera_link,22.700001,gnm_closed_loop,,nominal,,True,ok,checkpoints/ablation_mnv2_baseline/best.pt,5.22,0.5725,-0.054,0.1431,-0.0019,0.4013,,,gnm_closed_loop,0.2,-0.054,False,0,,isaac_live_final_20260708,,selected_baseline_live,,,,,,,False,hospital_goal_B,1.4158,True,0.5725,-0.054,0.2,-0.054,True,armed,False,
livefinal_straight_medium_20260708_180855,780,22.716668,1783530543.833158,0.169203,-0.168317,-0.0,2.354958,0.2,-0.052,0.19981,0.002586,camera_link,22.716668,gnm_closed_loop,,nominal,,True,ok,checkpoints/ablation_mnv2_baseline/best.pt,5.31,0.5596,-0.052,0.1399,-0.0018,0.4056,,,gnm_closed_loop,0.2,-0.052,False,0,,isaac_live_final_20260708,,selected_baseline_live,,,,,,,False,hospital_goal_B,1.4125,True,0.5596,-0.052,0.2,-0.052,True,armed,False,
livefinal_straight_medium_20260708_180855,781,22.733335,1783530543.835563,0.166855,-0.165964,-0.0,2.354956,0.2,-0.052,0.19981,0.002586,camera_link,22.733335,gnm_closed_loop,,nominal,,True,ok,checkpoints/ablation_mnv2_baseline/best.pt,5.31,0.5596,-0.052,0.1399,-0.0018,0.4056,,,gnm_closed_loop,0.2,-0.052,False,0,,isaac_live_final_20260708,,selected_baseline_live,,,,,,,False,hospital_goal_B,1.4091,True,0.5596,-0.052,0.2,-0.052,True,armed,False,
livefinal_straight_medium_20260708_180855,782,22.750001,1783530543.837504,0.164508,-0.16361,-0.0,2.354954,0.2,-0.052,0.19981,0.002586,camera_link,22.750001,gnm_closed_loop,,nominal,,True,ok,checkpoints/ablation_mnv2_baseline/best.pt,5.31,0.5596,-0.052,0.1399,-0.0018,0.4056,,,gnm_closed_loop,0.2,-0.052,False,0,,isaac_live_final_20260708,,selected_baseline_live,,,,,,,False,hospital_goal_B,1.4058,True,0.5596,-0.052,0.2,-0.052,True,armed,False,
livefinal_straight_medium_20260708_180855,783,22.766668,1783530543.854768,0.16216,-0.161257,-0.0,2.354952,0.2,-0.0609,0.199815,0.00285,camera_link,22.766668,gnm_closed_loop,,nominal,,True,ok,checkpoints/ablation_mnv2_baseline/best.pt,5.23,0.5236,-0.0609,0.1309,-0.002,0.4048,,,gnm_closed_loop,0.2,-0.0609,False,0,,isaac_live_final_20260708,,selected_baseline_live,,,,,,,False,hospital_goal_B,1.4025,True,0.5236,-0.0609,0.2,-0.0609,True,armed,False,
livefinal_straight_medium_20260708_180855,784,22.783335,1783530543.857365,0.159813,-0.158904,-0.0,2.35495,0.2,-0.0609,0.199815,0.00285,camera_link,22.783335,gnm_closed_loop,,nominal,,True,ok,checkpoints/ablation_mnv2_baseline/best.pt,5.23,0.5236,-0.0609,0.1309,-0.002,0.4048,,,gnm_closed_loop,0.2,-0.0609,False,0,,isaac_live_final_20260708,,selected_baseline_live,,,,,,,False,hospital_goal_B,1.3992,True,0.5236,-0.0609,0.2,-0.0609,True,armed,False,
livefinal_straight_medium_20260708_180855,785,22.800001,1783530543.860099,0.157465,-0.156551,-0.0,2.354947,0.2,-0.0609,0.199815,0.00285,camera_link,22.800001,gnm_closed_loop,,nominal,,True,ok,checkpoints/ablation_mnv2_baseline/best.pt,5.23,0.5236,-0.0609,0.1309,-0.002,0.4048,,,gnm_closed_loop,0.2,-0.0609,False,0,,isaac_live_final_20260708,,selected_baseline_live,,,,,,,False,hospital_goal_B,1.3958,True,0.5236,-0.0609,0.2,-0.0609,True,armed,False,
livefinal_straight_medium_20260708_180855,786,22.816668,1783530543.875211,0.155118,-0.154197,0.0,2.354945,0.2,-0.0605,0.199793,0.003434,camera_link,22.816668,gnm_closed_loop,,nominal,,True,ok,checkpoints/ablation_mnv2_baseline/best.pt,4.37,0.5419,-0.0605,0.1355,-0.002,0.4039,,,gnm_closed_loop,0.2,-0.0605,False,0,,isaac_live_final_20260708,,selected_baseline_live,,,,,,,False,hospital_goal_B,1.3925,True,0.5419,-0.0605,0.2,-0.0605,True,armed,False,
livefinal_straight_medium_20260708_180855,787,22.833335,1783530543.878029,0.15277,-0.151844,-0.0,2.354943,0.2,-0.0605,0.199793,0.003434,camera_link,22.833335,gnm_closed_loop,,nominal,,True,ok,checkpoints/ablation_mnv2_baseline/best.pt,4.37,0.5419,-0.0605,0.1355,-0.002,0.4039,,,gnm_closed_loop,0.2,-0.0605,False,0,,isaac_live_final_20260708,,selected_baseline_live,,,,,,,False,hospital_goal_B,1.3892,True,0.5419,-0.0605,0.2,-0.0605,True,armed,False,
livefinal_straight_medium_20260708_180855,788,22.850001,1783530543.880046,0.150423,-0.149491,-0.0,2.354941,0.2,-0.0605,0.199793,0.003434,camera_link,22.850001,gnm_closed_loop,,nominal,,True,ok,checkpoints/ablation_mnv2_baseline/best.pt,4.37,0.5419,-0.0605,0.1355,-0.002,0.4039,,,gnm_closed_loop,0.2,-0.0605,False,0,,isaac_live_final_20260708,,selected_baseline_live,,,,,,,False,hospital_goal_B,1.3859,True,0.5419,-0.0605,0.2,-0.0605,True,armed,False,
livefinal_straight_medium_20260708_180855,789,22.866668,1783530543.897232,0.148075,-0.147137,0.0,2.354938,0.2,-0.0669,0.19979,0.002925,camera_link,22.866668,gnm_closed_loop,,nominal,,True,ok,checkpoints/ablation_mnv2_baseline/best.pt,5.14,0.4984,-0.0669,0.1246,-0.0021,0.3984,,,gnm_closed_loop,0.2,-0.0669,False,0,,isaac_live_final_20260708,,selected_baseline_live,,,,,,,False,hospital_goal_B,1.3825,True,0.4984,-0.0669,0.2,-0.0669,True,armed,False,
livefinal_straight_medium_20260708_180855,790,22.883335,1783530543.900036,0.145728,-0.144784,-0.0,2.354936,0.2,-0.0669,0.19979,0.002925,camera_link,22.883335,gnm_closed_loop,,nominal,,True,ok,checkpoints/ablation_mnv2_baseline/best.pt,5.14,0.4984,-0.0669,0.1246,-0.0021,0.3984,,,gnm_closed_loop,0.2,-0.0669,False,0,,isaac_live_final_20260708,,selected_baseline_live,,,,,,,False,hospital_goal_B,1.3792,True,0.4984,-0.0669,0.2,-0.0669,True,armed,False,
livefinal_straight_medium_20260708_180855,791,22.900001,1783530543.902183,0.14338,-0.142431,-0.0,2.354934,0.2,-0.0669,0.19979,0.002925,camera_link,22.900001,gnm_closed_loop,,nominal,,True,ok,checkpoints/ablation_mnv2_baseline/best.pt,5.14,0.4984,-0.0669,0.1246,-0.0021,0.3984,,,gnm_closed_loop,0.2,-0.0669,False,0,,isaac_live_final_20260708,,selected_baseline_live,,,,,,,False,hospital_goal_B,1.3759,True,0.4984,-0.0669,0.2,-0.0669,True,armed,False,
livefinal_straight_medium_20260708_180855,792,22.916668,1783530543.922662,0.141033,-0.140077,-0.0,2.354931,0.2,-0.0686,0.199807,0.003116,camera_link,22.916668,gnm_closed_loop,,nominal,,True,ok,checkpoints/ablation_mnv2_baseline/best.pt,6.57,0.4919,-0.0686,0.123,-0.0021,0.3975,,,gnm_closed_loop,0.2,-0.0686,False,0,,isaac_live_final_20260708,,selected_baseline_live,,,,,,,False,hospital_goal_B,1.3726,True,0.4919,-0.0686,0.2,-0.0686,True,armed,False,
livefinal_straight_medium_20260708_180855,793,22.933335,1783530543.926269,0.138685,-0.137724,-0.0,2.354929,0.2,-0.0686,0.199807,0.003116,camera_link,22.933335,gnm_closed_loop,,nominal,,True,ok,checkpoints/ablation_mnv2_baseline/best.pt,6.57,0.4919,-0.0686,0.123,-0.0021,0.3975,,,gnm_closed_loop,0.2,-0.0686,False,0,,isaac_live_final_20260708,,selected_baseline_live,,,,,,,False,hospital_goal_B,1.3692,True,0.4919,-0.0686,0.2,-0.0686,True,armed,False,
livefinal_straight_medium_20260708_180855,794,22.950001,1783530543.92936,0.136338,-0.135371,0.0,2.354927,0.2,-0.0686,0.199807,0.003116,camera_link,22.950001,gnm_closed_loop,,nominal,,True,ok,checkpoints/ablation_mnv2_baseline/best.pt,6.57,0.4919,-0.0686,0.123,-0.0021,0.3975,,,gnm_closed_loop,0.2,-0.0686,False,0,,isaac_live_final_20260708,,selected_baseline_live,,,,,,,False,hospital_goal_B,1.3659,True,0.4919,-0.0686,0.2,-0.0686,True,armed,False,
livefinal_straight_medium_20260708_180855,795,22.966668,1783530543.952926,0.13399,-0.133017,-0.0,2.354924,0.2,-0.0788,0.199811,0.003401,camera_link,22.966668,gnm_closed_loop,,nominal,,True,ok,checkpoints/ablation_mnv2_baseline/best.pt,6.34,0.4487,-0.0788,0.1122,-0.0022,0.3936,,,gnm_closed_loop,0.2,-0.0788,False,0,,isaac_live_final_20260708,,selected_baseline_live,,,,,,,False,hospital_goal_B,1.3626,True,0.4487,-0.0788,0.2,-0.0788,True,armed,False,
livefinal_straight_medium_20260708_180855,796,22.983335,1783530543.955178,0.131643,-0.130664,0.0,2.354921,0.2,-0.0788,0.199811,0.003401,camera_link,22.983335,gnm_closed_loop,,nominal,,True,ok,checkpoints/ablation_mnv2_baseline/best.pt,6.34,0.4487,-0.0788,0.1122,-0.0022,0.3936,,,gnm_closed_loop,0.2,-0.0788,False,0,,isaac_live_final_20260708,,selected_baseline_live,,,,,,,False,hospital_goal_B,1.3593,True,0.4487,-0.0788,0.2,-0.0788,True,armed,False,
livefinal_straight_medium_20260708_180855,797,23.000001,1783530543.958297,0.129296,-0.128311,-0.0,2.354919,0.2,-0.0788,0.199811,0.003401,camera_link,23.000001,gnm_closed_loop,,nominal,,True,ok,checkpoints/ablation_mnv2_baseline/best.pt,6.34,0.4487,-0.0788,0.1122,-0.0022,0.3936,,,gnm_closed_loop,0.2,-0.0788,False,0,,isaac_live_final_20260708,,selected_baseline_live,,,,,,,False,hospital_goal_B,1.356,True,0.4487,-0.0788,0.2,-0.0788,True,armed,False,
livefinal_straight_medium_20260708_180855,798,23.016668,1783530543.979338,0.126948,-0.125957,-0.0,2.354916,0.2,-0.0848,0.199806,0.004021,camera_link,23.016668,gnm_closed_loop,,nominal,,True,ok,checkpoints/ablation_mnv2_baseline/best.pt,6.19,0.4352,-0.0848,0.1088,-0.0023,0.3959,,,gnm_closed_loop,0.2,-0.0848,False,0,,isaac_live_final_20260708,,selected_baseline_live,,,,,,,False,hospital_goal_B,1.3526,True,0.4352,-0.0848,0.2,-0.0848,True,armed,False,
livefinal_straight_medium_20260708_180855,799,23.033335,1783530543.981566,0.124601,-0.123604,-0.0,2.354913,0.2,-0.0848,0.199806,0.004021,camera_link,23.033335,gnm_closed_loop,,nominal,,True,ok,checkpoints/ablation_mnv2_baseline/best.pt,6.19,0.4352,-0.0848,0.1088,-0.0023,0.3959,,,gnm_closed_loop,0.2,-0.0848,False,0,,isaac_live_final_20260708,,selected_baseline_live,,,,,,,False,hospital_goal_B,1.3493,True,0.4352,-0.0848,0.2,-0.0848,True,armed,False,
livefinal_straight_medium_20260708_180855,800,23.050001,1783530543.983428,0.122253,-0.12125,-0.0,2.35491,0.2,-0.0848,0.199806,0.004021,camera_link,23.050001,gnm_closed_loop,,nominal,,True,ok,checkpoints/ablation_mnv2_baseline/best.pt,6.19,0.4352,-0.0848,0.1088,-0.0023,0.3959,,,gnm_closed_loop,0.2,-0.0848,False,0,,isaac_live_final_20260708,,selected_baseline_live,,,,,,,False,hospital_goal_B,1.346,True,0.4352,-0.0848,0.2,-0.0848,True,armed,False,
livefinal_straight_medium_20260708_180855,801,23.066668,1783530543.999745,0.119905,-0.118897,0.0,2.354906,0.2,-0.0836,0.199764,0.003763,camera_link,23.066668,gnm_closed_loop,,nominal,,True,ok,checkpoints/ablation_mnv2_baseline/best.pt,5.5,0.4349,-0.0836,0.1087,-0.0023,0.3929,,,gnm_closed_loop,0.2,-0.0836,False,0,,isaac_live_final_20260708,,selected_baseline_live,,,,,,,False,hospital_goal_B,1.3427,True,0.4349,-0.0836,0.2,-0.0836,True,armed,False,
livefinal_straight_medium_20260708_180855,802,23.083335,1783530544.001958,0.117558,-0.116544,-0.0,2.354904,0.2,-0.0836,0.199764,0.003763,camera_link,23.083335,gnm_closed_loop,,nominal,,True,ok,checkpoints/ablation_mnv2_baseline/best.pt,5.5,0.4349,-0.0836,0.1087,-0.0023,0.3929,,,gnm_closed_loop,0.2,-0.0836,False,0,,isaac_live_final_20260708,,selected_baseline_live,,,,,,,False,hospital_goal_B,1.3393,True,0.4349,-0.0836,0.2,-0.0836,True,armed,False,
livefinal_straight_medium_20260708_180855,803,23.100001,1783530544.004465,0.115211,-0.11419,-0.0,2.354901,0.2,-0.0836,0.199764,0.003763,camera_link,23.100001,gnm_closed_loop,,nominal,,True,ok,checkpoints/ablation_mnv2_baseline/best.pt,5.5,0.4349,-0.0836,0.1087,-0.0023,0.3929,,,gnm_closed_loop,0.2,-0.0836,False,0,,isaac_live_final_20260708,,selected_baseline_live,,,,,,,False,hospital_goal_B,1.336,True,0.4349,-0.0836,0.2,-0.0836,True,armed,False,
livefinal_straight_medium_20260708_180855,804,23.116668,1783530544.021442,0.112863,-0.111837,-0.0,2.354898,0.2,-0.0794,0.1998,0.004415,camera_link,23.116668,gnm_closed_loop,,nominal,,True,ok,checkpoints/ablation_mnv2_baseline/best.pt,5.08,0.4681,-0.0794,0.117,-0.0023,0.3975,,,gnm_closed_loop,0.2,-0.0794,False,0,,isaac_live_final_20260708,,selected_baseline_live,,,,,,,False,hospital_goal_B,1.3327,True,0.4681,-0.0794,0.2,-0.0794,True,armed,False,
livefinal_straight_medium_20260708_180855,805,23.133335,1783530544.023882,0.110516,-0.109483,0.0,2.354895,0.2,-0.0794,0.1998,0.004415,camera_link,23.133335,gnm_closed_loop,,nominal,,True,ok,checkpoints/ablation_mnv2_baseline/best.pt,5.08,0.4681,-0.0794,0.117,-0.0023,0.3975,,,gnm_closed_loop,0.2,-0.0794,False,0,,isaac_live_final_20260708,,selected_baseline_live,,,,,,,False,hospital_goal_B,1.3294,True,0.4681,-0.0794,0.2,-0.0794,True,armed,False,
livefinal_straight_medium_20260708_180855,806,23.150001,1783530544.025763,0.108168,-0.107129,-0.0,2.354893,0.2,-0.0794,0.1998,0.004415,camera_link,23.150001,gnm_closed_loop,,nominal,,True,ok,checkpoints/ablation_mnv2_baseline/best.pt,5.08,0.4681,-0.0794,0.117,-0.0023,0.3975,,,gnm_closed_loop,0.2,-0.0794,False,0,,isaac_live_final_20260708,,selected_baseline_live,,,,,,,False,hospital_goal_B,1.326,True,0.4681,-0.0794,0.2,-0.0794,True,armed,False,
livefinal_straight_medium_20260708_180855,807,23.166668,1783530544.04293,0.10582,-0.104776,-0.0,2.354889,0.2,-0.0777,0.199821,0.005062,camera_link,23.166668,gnm_closed_loop,,nominal,,True,ok,checkpoints/ablation_mnv2_baseline/best.pt,4.42,0.4922,-0.0777,0.1231,-0.0024,0.3943,,,gnm_closed_loop,0.2,-0.0777,False,0,,isaac_live_final_20260708,,selected_baseline_live,,,,,,,False,hospital_goal_B,1.3227,True,0.4922,-0.0777,0.2,-0.0777,True,armed,False,
livefinal_straight_medium_20260708_180855,808,23.183335,1783530544.046064,0.103472,-0.102421,0.0,2.354884,0.2,-0.0777,0.199821,0.005062,camera_link,23.183335,gnm_closed_loop,,nominal,,True,ok,checkpoints/ablation_mnv2_baseline/best.pt,4.42,0.4922,-0.0777,0.1231,-0.0024,0.3943,,,gnm_closed_loop,0.2,-0.0777,False,0,,isaac_live_final_20260708,,selected_baseline_live,,,,,,,False,hospital_goal_B,1.3194,True,0.4922,-0.0777,0.2,-0.0777,True,armed,False,
livefinal_straight_medium_20260708_180855,809,23.200001,1783530544.048609,0.101124,-0.100068,-0.0,2.354881,0.2,-0.0777,0.199821,0.005062,camera_link,23.200001,gnm_closed_loop,,nominal,,True,ok,checkpoints/ablation_mnv2_baseline/best.pt,4.42,0.4922,-0.0777,0.1231,-0.0024,0.3943,,,gnm_closed_loop,0.2,-0.0777,False,0,,isaac_live_final_20260708,,selected_baseline_live,,,,,,,False,hospital_goal_B,1.3161,True,0.4922,-0.0777,0.2,-0.0777,True,armed,False,
livefinal_straight_medium_20260708_180855,810,23.216668,1783530544.064206,0.098776,-0.097714,-0.0,2.354877,0.2,-0.0821,0.19981,0.004755,camera_link,23.216668,gnm_closed_loop,,nominal,,True,ok,checkpoints/ablation_mnv2_baseline/best.pt,5.38,0.4769,-0.0821,0.1192,-0.0024,0.3885,,,gnm_closed_loop,0.2,-0.0821,False,0,,isaac_live_final_20260708,,selected_baseline_live,,,,,,,False,hospital_goal_B,1.3127,True,0.4769,-0.0821,0.2,-0.0821,True,armed,False,
livefinal_straight_medium_20260708_180855,811,23.233335,1783530544.066774,0.096428,-0.09536,0.0,2.354873,0.2,-0.0821,0.19981,0.004755,camera_link,23.233335,gnm_closed_loop,,nominal,,True,ok,checkpoints/ablation_mnv2_baseline/best.pt,5.38,0.4769,-0.0821,0.1192,-0.0024,0.3885,,,gnm_closed_loop,0.2,-0.0821,False,0,,isaac_live_final_20260708,,selected_baseline_live,,,,,,,False,hospital_goal_B,1.3094,True,0.4769,-0.0821,0.2,-0.0821,True,armed,False,
livefinal_straight_medium_20260708_180855,812,23.250001,1783530544.06902,0.09408,-0.093006,0.0,2.354869,0.2,-0.0821,0.19981,0.004755,camera_link,23.250001,gnm_closed_loop,,nominal,,True,ok,checkpoints/ablation_mnv2_baseline/best.pt,5.38,0.4769,-0.0821,0.1192,-0.0024,0.3885,,,gnm_closed_loop,0.2,-0.0821,False,0,,isaac_live_final_20260708,,selected_baseline_live,,,,,,,False,hospital_goal_B,1.3061,True,0.4769,-0.0821,0.2,-0.0821,True,armed,False,
livefinal_straight_medium_20260708_180855,813,23.266668,1783530544.085696,0.091733,-0.090652,-0.0,2.354865,0.2,-0.0786,0.199803,0.004385,camera_link,23.266668,gnm_closed_loop,,nominal,,True,ok,checkpoints/ablation_mnv2_baseline/best.pt,5.16,0.4929,-0.0786,0.1232,-0.0024,0.3854,,,gnm_closed_loop,0.2,-0.0786,False,0,,isaac_live_final_20260708,,selected_baseline_live,,,,,,,False,hospital_goal_B,1.3028,True,0.4929,-0.0786,0.2,-0.0786,True,armed,False,
livefinal_straight_medium_20260708_180855,814,23.283335,1783530544.088039,0.089385,-0.088299,-0.0,2.354862,0.2,-0.0786,0.199803,0.004385,camera_link,23.283335,gnm_closed_loop,,nominal,,True,ok,checkpoints/ablation_mnv2_baseline/best.pt,5.16,0.4929,-0.0786,0.1232,-0.0024,0.3854,,,gnm_closed_loop,0.2,-0.0786,False,0,,isaac_live_final_20260708,,selected_baseline_live,,,,,,,False,hospital_goal_B,1.2994,True,0.4929,-0.0786,0.2,-0.0786,True,armed,False,
livefinal_straight_medium_20260708_180855,815,23.300001,1783530544.090253,0.087038,-0.085945,-0.0,2.354859,0.2,-0.0786,0.199803,0.004385,camera_link,23.300001,gnm_closed_loop,,nominal,,True,ok,checkpoints/ablation_mnv2_baseline/best.pt,5.16,0.4929,-0.0786,0.1232,-0.0024,0.3854,,,gnm_closed_loop,0.2,-0.0786,False,0,,isaac_live_final_20260708,,selected_baseline_live,,,,,,,False,hospital_goal_B,1.2961,True,0.4929,-0.0786,0.2,-0.0786,True,armed,False,
livefinal_straight_medium_20260708_180855,816,23.316668,1783530544.106088,0.08469,-0.083591,-0.0,2.354856,0.2,-0.0787,0.199797,0.004427,camera_link,23.316668,gnm_closed_loop,,nominal,,True,ok,checkpoints/ablation_mnv2_baseline/best.pt,5.01,0.505,-0.0787,0.1263,-0.0025,0.3854,,,gnm_closed_loop,0.2,-0.0787,False,0,,isaac_live_final_20260708,,selected_baseline_live,,,,,,,False,hospital_goal_B,1.2928,True,0.505,-0.0787,0.2,-0.0787,True,armed,False,
livefinal_straight_medium_20260708_180855,817,23.333335,1783530544.10831,0.082342,-0.081237,-0.0,2.354852,0.2,-0.0787,0.199797,0.004427,camera_link,23.333335,gnm_closed_loop,,nominal,,True,ok,checkpoints/ablation_mnv2_baseline/best.pt,5.01,0.505,-0.0787,0.1263,-0.0025,0.3854,,,gnm_closed_loop,0.2,-0.0787,False,0,,isaac_live_final_20260708,,selected_baseline_live,,,,,,,False,hospital_goal_B,1.2895,True,0.505,-0.0787,0.2,-0.0787,True,armed,False,
livefinal_straight_medium_20260708_180855,818,23.350001,1783530544.111415,0.079995,-0.078883,-0.0,2.354849,0.2,-0.0787,0.199797,0.004427,camera_link,23.350001,gnm_closed_loop,,nominal,,True,ok,checkpoints/ablation_mnv2_baseline/best.pt,5.01,0.505,-0.0787,0.1263,-0.0025,0.3854,,,gnm_closed_loop,0.2,-0.0787,False,0,,isaac_live_final_20260708,,selected_baseline_live,,,,,,,False,hospital_goal_B,1.2861,True,0.505,-0.0787,0.2,-0.0787,True,armed,False,
livefinal_straight_medium_20260708_180855,819,23.366668,1783530544.127353,0.077647,-0.076529,0.0,2.354846,0.2,-0.0753,0.199784,0.004177,camera_link,23.366668,gnm_closed_loop,,nominal,,True,ok,checkpoints/ablation_mnv2_baseline/best.pt,5.41,0.525,-0.0753,0.1313,-0.0025,0.3885,,,gnm_closed_loop,0.2,-0.0753,False,0,,isaac_live_final_20260708,,selected_baseline_live,,,,,,,False,hospital_goal_B,1.2828,True,0.525,-0.0753,0.2,-0.0753,True,armed,False,
livefinal_straight_medium_20260708_180855,820,23.383335,1783530544.130973,0.075299,-0.074175,0.0,2.354842,0.2,-0.0753,0.199784,0.004177,camera_link,23.383335,gnm_closed_loop,,nominal,,True,ok,checkpoints/ablation_mnv2_baseline/best.pt,5.41,0.525,-0.0753,0.1313,-0.0025,0.3885,,,gnm_closed_loop,0.2,-0.0753,False,0,,isaac_live_final_20260708,,selected_baseline_live,,,,,,,False,hospital_goal_B,1.2795,True,0.525,-0.0753,0.2,-0.0753,True,armed,False,
livefinal_straight_medium_20260708_180855,821,23.400001,1783530544.132977,0.072951,-0.071821,0.0,2.354839,0.2,-0.0753,0.199784,0.004177,camera_link,23.400001,gnm_closed_loop,,nominal,,True,ok,checkpoints/ablation_mnv2_baseline/best.pt,5.41,0.525,-0.0753,0.1313,-0.0025,0.3885,,,gnm_closed_loop,0.2,-0.0753,False,0,,isaac_live_final_20260708,,selected_baseline_live,,,,,,,False,hospital_goal_B,1.2762,True,0.525,-0.0753,0.2,-0.0753,True,armed,False,
livefinal_straight_medium_20260708_180855,822,23.416668,1783530544.156227,0.070604,-0.069467,0.0,2.354836,0.2,-0.0678,0.19979,0.004087,camera_link,23.416668,gnm_closed_loop,,nominal,,True,ok,checkpoints/ablation_mnv2_baseline/best.pt,5.48,0.5546,-0.0678,0.1387,-0.0024,0.3965,,,gnm_closed_loop,0.2,-0.0678,False,0,,isaac_live_final_20260708,,selected_baseline_live,,,,,,,False,hospital_goal_B,1.2728,True,0.5546,-0.0678,0.2,-0.0678,True,armed,False,
livefinal_straight_medium_20260708_180855,823,23.433335,1783530544.158452,0.068256,-0.067113,0.0,2.354834,0.2,-0.0678,0.19979,0.004087,camera_link,23.433335,gnm_closed_loop,,nominal,,True,ok,checkpoints/ablation_mnv2_baseline/best.pt,5.48,0.5546,-0.0678,0.1387,-0.0024,0.3965,,,gnm_closed_loop,0.2,-0.0678,False,0,,isaac_live_final_20260708,,selected_baseline_live,,,,,,,False,hospital_goal_B,1.2695,True,0.5546,-0.0678,0.2,-0.0678,True,armed,False,
livefinal_straight_medium_20260708_180855,824,23.450001,1783530544.160256,0.065908,-0.064759,0.0,2.354831,0.2,-0.0678,0.19979,0.004087,camera_link,23.450001,gnm_closed_loop,,nominal,,True,ok,checkpoints/ablation_mnv2_baseline/best.pt,5.48,0.5546,-0.0678,0.1387,-0.0024,0.3965,,,gnm_closed_loop,0.2,-0.0678,False,0,,isaac_live_final_20260708,,selected_baseline_live,,,,,,,False,hospital_goal_B,1.2662,True,0.5546,-0.0678,0.2,-0.0678,True,armed,False,
livefinal_straight_medium_20260708_180855,825,23.466668,1783530544.178603,0.06356,-0.062405,-0.0,2.354828,0.2,-0.0583,0.199802,0.003572,camera_link,23.466668,gnm_closed_loop,,nominal,,True,ok,checkpoints/ablation_mnv2_baseline/best.pt,5.21,0.6334,-0.0583,0.1584,-0.0023,0.4067,,,gnm_closed_loop,0.2,-0.0583,False,0,,isaac_live_final_20260708,,selected_baseline_live,,,,,,,False,hospital_goal_B,1.2629,True,0.6334,-0.0583,0.2,-0.0583,True,armed,False,
livefinal_straight_medium_20260708_180855,826,23.483335,1783530544.181048,0.061213,-0.060051,-0.0,2.354826,0.2,-0.0583,0.199802,0.003572,camera_link,23.483335,gnm_closed_loop,,nominal,,True,ok,checkpoints/ablation_mnv2_baseline/best.pt,5.21,0.6334,-0.0583,0.1584,-0.0023,0.4067,,,gnm_closed_loop,0.2,-0.0583,False,0,,isaac_live_final_20260708,,selected_baseline_live,,,,,,,False,hospital_goal_B,1.2595,True,0.6334,-0.0583,0.2,-0.0583,True,armed,False,
livefinal_straight_medium_20260708_180855,827,23.500001,1783530544.183273,0.058865,-0.057697,-0.0,2.354824,0.2,-0.0583,0.199802,0.003572,camera_link,23.500001,gnm_closed_loop,,nominal,,True,ok,checkpoints/ablation_mnv2_baseline/best.pt,5.21,0.6334,-0.0583,0.1584,-0.0023,0.4067,,,gnm_closed_loop,0.2,-0.0583,False,0,,isaac_live_final_20260708,,selected_baseline_live,,,,,,,False,hospital_goal_B,1.2562,True,0.6334,-0.0583,0.2,-0.0583,True,armed,False,
livefinal_straight_medium_20260708_180855,828,23.516668,1783530544.200951,0.056517,-0.055343,0.0,2.354821,0.2,-0.0599,0.199763,0.003257,camera_link,23.516668,gnm_closed_loop,,nominal,,True,ok,checkpoints/ablation_mnv2_baseline/best.pt,5.46,0.6373,-0.0599,0.1593,-0.0024,0.4058,,,gnm_closed_loop,0.2,-0.0599,False,0,,isaac_live_final_20260708,,selected_baseline_live,,,,,,,False,hospital_goal_B,1.2529,True,0.6373,-0.0599,0.2,-0.0599,True,armed,False,
livefinal_straight_medium_20260708_180855,829,23.533335,1783530544.203213,0.05417,-0.052989,-0.0,2.354819,0.2,-0.0599,0.199763,0.003257,camera_link,23.533335,gnm_closed_loop,,nominal,,True,ok,checkpoints/ablation_mnv2_baseline/best.pt,5.46,0.6373,-0.0599,0.1593,-0.0024,0.4058,,,gnm_closed_loop,0.2,-0.0599,False,0,,isaac_live_final_20260708,,selected_baseline_live,,,,,,,False,hospital_goal_B,1.2496,True,0.6373,-0.0599,0.2,-0.0599,True,armed,False,
livefinal_straight_medium_20260708_180855,830,23.550001,1783530544.206233,0.051822,-0.050635,0.0,2.354817,0.2,-0.0599,0.199763,0.003257,camera_link,23.550001,gnm_closed_loop,,nominal,,True,ok,checkpoints/ablation_mnv2_baseline/best.pt,5.46,0.6373,-0.0599,0.1593,-0.0024,0.4058,,,gnm_closed_loop,0.2,-0.0599,False,0,,isaac_live_final_20260708,,selected_baseline_live,,,,,,,False,hospital_goal_B,1.2462,True,0.6373,-0.0599,0.2,-0.0599,True,armed,False,
livefinal_straight_medium_20260708_180855,831,23.566668,1783530544.22245,0.049475,-0.048281,-0.0,2.354814,0.2,-0.0615,0.199785,0.003124,camera_link,23.566668,gnm_closed_loop,,nominal,,True,ok,checkpoints/ablation_mnv2_baseline/best.pt,5.03,0.6208,-0.0615,0.1552,-0.0024,0.4017,,,gnm_closed_loop,0.2,-0.0615,False,0,,isaac_live_final_20260708,,selected_baseline_live,,,,,,,False,hospital_goal_B,1.2429,True,0.6208,-0.0615,0.2,-0.0615,True,armed,False,
livefinal_straight_medium_20260708_180855,832,23.583335,1783530544.225046,0.047127,-0.045928,0.0,2.354812,0.2,-0.0615,0.199785,0.003124,camera_link,23.583335,gnm_closed_loop,,nominal,,True,ok,checkpoints/ablation_mnv2_baseline/best.pt,5.03,0.6208,-0.0615,0.1552,-0.0024,0.4017,,,gnm_closed_loop,0.2,-0.0615,False,0,,isaac_live_final_20260708,,selected_baseline_live,,,,,,,False,hospital_goal_B,1.2396,True,0.6208,-0.0615,0.2,-0.0615,True,armed,False,
livefinal_straight_medium_20260708_180855,833,23.600001,1783530544.227031,0.04478,-0.043573,-0.0,2.354809,0.2,-0.0615,0.199785,0.003124,camera_link,23.600001,gnm_closed_loop,,nominal,,True,ok,checkpoints/ablation_mnv2_baseline/best.pt,5.03,0.6208,-0.0615,0.1552,-0.0024,0.4017,,,gnm_closed_loop,0.2,-0.0615,False,0,,isaac_live_final_20260708,,selected_baseline_live,,,,,,,False,hospital_goal_B,1.2363,True,0.6208,-0.0615,0.2,-0.0615,True,armed,False,
livefinal_straight_medium_20260708_180855,834,23.616668,1783530544.250297,0.042432,-0.04122,0.0,2.354807,0.2,-0.063,0.199833,0.003477,camera_link,23.616668,gnm_closed_loop,,nominal,,True,ok,checkpoints/ablation_mnv2_baseline/best.pt,8.79,0.5929,-0.063,0.1482,-0.0023,0.397,,,gnm_closed_loop,0.2,-0.063,False,0,,isaac_live_final_20260708,,selected_baseline_live,,,,,,,False,hospital_goal_B,1.2329,True,0.5929,-0.063,0.2,-0.063,True,armed,False,
livefinal_straight_medium_20260708_180855,835,23.633335,1783530544.252873,0.040085,-0.038866,-0.0,2.354804,0.2,-0.063,0.199833,0.003477,camera_link,23.633335,gnm_closed_loop,,nominal,,True,ok,checkpoints/ablation_mnv2_baseline/best.pt,8.79,0.5929,-0.063,0.1482,-0.0023,0.397,,,gnm_closed_loop,0.2,-0.063,False,0,,isaac_live_final_20260708,,selected_baseline_live,,,,,,,False,hospital_goal_B,1.2296,True,0.5929,-0.063,0.2,-0.063,True,armed,False,
livefinal_straight_medium_20260708_180855,836,23.650001,1783530544.254956,0.037738,-0.036512,0.0,2.354802,0.2,-0.063,0.199833,0.003477,camera_link,23.650001,gnm_closed_loop,,nominal,,True,ok,checkpoints/ablation_mnv2_baseline/best.pt,8.79,0.5929,-0.063,0.1482,-0.0023,0.397,,,gnm_closed_loop,0.2,-0.063,False,0,,isaac_live_final_20260708,,selected_baseline_live,,,,,,,False,hospital_goal_B,1.2263,True,0.5929,-0.063,0.2,-0.063,True,armed,False,
livefinal_straight_medium_20260708_180855,837,23.666668,1783530544.276657,0.03539,-0.034158,-0.0,2.3548,0.2,-0.0613,0.199788,0.003001,camera_link,23.666668,gnm_closed_loop,,nominal,,True,ok,checkpoints/ablation_mnv2_baseline/best.pt,4.67,0.5552,-0.0613,0.1388,-0.0021,0.3953,,,gnm_closed_loop,0.2,-0.0613,False,0,,isaac_live_final_20260708,,selected_baseline_live,,,,,,,False,hospital_goal_B,1.223,True,0.5552,-0.0613,0.2,-0.0613,True,armed,False,
livefinal_straight_medium_20260708_180855,838,23.683335,1783530544.279772,0.033043,-0.031805,0.0,2.354797,0.2,-0.0613,0.199788,0.003001,camera_link,23.683335,gnm_closed_loop,,nominal,,True,ok,checkpoints/ablation_mnv2_baseline/best.pt,4.67,0.5552,-0.0613,0.1388,-0.0021,0.3953,,,gnm_closed_loop,0.2,-0.0613,False,0,,isaac_live_final_20260708,,selected_baseline_live,,,,,,,False,hospital_goal_B,1.2197,True,0.5552,-0.0613,0.2,-0.0613,True,armed,False,
livefinal_straight_medium_20260708_180855,839,23.700001,1783530544.282028,0.030696,-0.029451,-0.0,2.354795,0.2,-0.0613,0.199788,0.003001,camera_link,23.700001,gnm_closed_loop,,nominal,,True,ok,checkpoints/ablation_mnv2_baseline/best.pt,4.67,0.5552,-0.0613,0.1388,-0.0021,0.3953,,,gnm_closed_loop,0.2,-0.0613,False,0,,isaac_live_final_20260708,,selected_baseline_live,,,,,,,False,hospital_goal_B,1.2163,True,0.5552,-0.0613,0.2,-0.0613,True,armed,False,
livefinal_straight_medium_20260708_180855,840,23.716668,1783530544.300912,0.028349,-0.027097,0.0,2.354792,0.2,-0.0649,0.199819,0.002732,camera_link,23.716668,gnm_closed_loop,,nominal,,True,ok,checkpoints/ablation_mnv2_baseline/best.pt,4.57,0.5125,-0.0649,0.1281,-0.0021,0.393,,,gnm_closed_loop,0.2,-0.0649,False,0,,isaac_live_final_20260708,,selected_baseline_live,,,,,,,False,hospital_goal_B,1.213,True,0.5125,-0.0649,0.2,-0.0649,True,armed,False,
livefinal_straight_medium_20260708_180855,841,23.733335,1783530544.30355,0.026001,-0.024743,-0.0,2.35479,0.2,-0.0649,0.199819,0.002732,camera_link,23.733335,gnm_closed_loop,,nominal,,True,ok,checkpoints/ablation_mnv2_baseline/best.pt,4.57,0.5125,-0.0649,0.1281,-0.0021,0.393,,,gnm_closed_loop,0.2,-0.0649,False,0,,isaac_live_final_20260708,,selected_baseline_live,,,,,,,False,hospital_goal_B,1.2097,True,0.5125,-0.0649,0.2,-0.0649,True,armed,False,
livefinal_straight_medium_20260708_180855,842,23.750001,1783530544.305673,0.023654,-0.022389,-0.0,2.354787,0.2,-0.0649,0.199819,0.002732,camera_link,23.750001,gnm_closed_loop,,nominal,,True,ok,checkpoints/ablation_mnv2_baseline/best.pt,4.57,0.5125,-0.0649,0.1281,-0.0021,0.393,,,gnm_closed_loop,0.2,-0.0649,False,0,,isaac_live_final_20260708,,selected_baseline_live,,,,,,,False,hospital_goal_B,1.2064,True,0.5125,-0.0649,0.2,-0.0649,True,armed,False,
livefinal_straight_medium_20260708_180855,843,23.766668,1783530544.323102,0.021307,-0.020036,-0.0,2.354784,0.2,-0.0748,0.199796,0.003947,camera_link,23.766668,gnm_closed_loop,,nominal,,True,ok,checkpoints/ablation_mnv2_baseline/best.pt,5.81,0.494,-0.0748,0.1235,-0.0023,0.3915,,,gnm_closed_loop,0.2,-0.0748,False,0,,isaac_live_final_20260708,,selected_baseline_live,,,,,,,False,hospital_goal_B,1.203,True,0.494,-0.0748,0.2,-0.0748,True,armed,False,
livefinal_straight_medium_20260708_180855,844,23.783335,1783530544.327178,0.01896,-0.017682,0.0,2.354781,0.2,-0.0748,0.199796,0.003947,camera_link,23.783335,gnm_closed_loop,,nominal,,True,ok,checkpoints/ablation_mnv2_baseline/best.pt,5.81,0.494,-0.0748,0.1235,-0.0023,0.3915,,,gnm_closed_loop,0.2,-0.0748,False,0,,isaac_live_final_20260708,,selected_baseline_live,,,,,,,False,hospital_goal_B,1.1997,True,0.494,-0.0748,0.2,-0.0748,True,armed,False,
livefinal_straight_medium_20260708_180855,845,23.800001,1783530544.329399,0.016612,-0.015328,-0.0,2.354778,0.2,-0.0748,0.199796,0.003947,camera_link,23.800001,gnm_closed_loop,,nominal,,True,ok,checkpoints/ablation_mnv2_baseline/best.pt,5.81,0.494,-0.0748,0.1235,-0.0023,0.3915,,,gnm_closed_loop,0.2,-0.0748,False,0,,isaac_live_final_20260708,,selected_baseline_live,,,,,,,False,hospital_goal_B,1.1964,True,0.494,-0.0748,0.2,-0.0748,True,armed,False,
livefinal_straight_medium_20260708_180855,846,23.816668,1783530544.353705,0.014265,-0.012975,-0.0,2.354774,0.2,-0.0714,0.199804,0.004658,camera_link,23.816668,gnm_closed_loop,,nominal,,True,ok,checkpoints/ablation_mnv2_baseline/best.pt,10.14,0.5,-0.0714,0.125,-0.0022,0.3922,,,gnm_closed_loop,0.2,-0.0714,False,0,,isaac_live_final_20260708,,selected_baseline_live,,,,,,,False,hospital_goal_B,1.1931,True,0.5,-0.0714,0.2,-0.0714,True,armed,False,
livefinal_straight_medium_20260708_180855,847,23.833335,1783530544.357681,0.011918,-0.010621,-0.0,2.354771,0.2,-0.0714,0.199804,0.004658,camera_link,23.833335,gnm_closed_loop,,nominal,,True,ok,checkpoints/ablation_mnv2_baseline/best.pt,10.14,0.5,-0.0714,0.125,-0.0022,0.3922,,,gnm_closed_loop,0.2,-0.0714,False,0,,isaac_live_final_20260708,,selected_baseline_live,,,,,,,False,hospital_goal_B,1.1897,True,0.5,-0.0714,0.2,-0.0714,True,armed,False,
livefinal_straight_medium_20260708_180855,848,23.850001,1783530544.361316,0.009571,-0.008267,-0.0,2.354769,0.2,-0.0714,0.199804,0.004658,camera_link,23.850001,gnm_closed_loop,,nominal,,True,ok,checkpoints/ablation_mnv2_baseline/best.pt,10.14,0.5,-0.0714,0.125,-0.0022,0.3922,,,gnm_closed_loop,0.2,-0.0714,False,0,,isaac_live_final_20260708,,selected_baseline_live,,,,,,,False,hospital_goal_B,1.1864,True,0.5,-0.0714,0.2,-0.0714,True,armed,False,
livefinal_straight_medium_20260708_180855,849,23.866668,1783530544.389663,0.007224,-0.005914,-0.0,2.354766,0.2,-0.07,0.1998,0.004053,camera_link,23.866668,gnm_closed_loop,,nominal,,True,ok,checkpoints/ablation_mnv2_baseline/best.pt,10.48,0.5171,-0.07,0.1293,-0.0023,0.3886,,,gnm_closed_loop,0.2,-0.07,False,0,,isaac_live_final_20260708,,selected_baseline_live,,,,,,,False,hospital_goal_B,1.1831,True,0.5171,-0.07,0.2,-0.07,True,armed,False,
livefinal_straight_medium_20260708_180855,850,23.883335,1783530544.392256,0.004876,-0.00356,-0.0,2.354763,0.2,-0.07,0.1998,0.004053,camera_link,23.883335,gnm_closed_loop,,nominal,,True,ok,checkpoints/ablation_mnv2_baseline/best.pt,10.48,0.5171,-0.07,0.1293,-0.0023,0.3886,,,gnm_closed_loop,0.2,-0.07,False,0,,isaac_live_final_20260708,,selected_baseline_live,,,,,,,False,hospital_goal_B,1.1798,True,0.5171,-0.07,0.2,-0.07,True,armed,False,
livefinal_straight_medium_20260708_180855,851,23.900001,1783530544.394348,0.002529,-0.001206,-0.0,2.35476,0.2,-0.07,0.1998,0.004053,camera_link,23.900001,gnm_closed_loop,,nominal,,True,ok,checkpoints/ablation_mnv2_baseline/best.pt,10.48,0.5171,-0.07,0.1293,-0.0023,0.3886,,,gnm_closed_loop,0.2,-0.07,False,0,,isaac_live_final_20260708,,selected_baseline_live,,,,,,,False,hospital_goal_B,1.1764,True,0.5171,-0.07,0.2,-0.07,True,armed,False,
livefinal_straight_medium_20260708_180855,852,23.916668,1783530544.412583,0.000182,0.001148,-0.0,2.354757,0.2,-0.0771,0.199807,0.00431,camera_link,23.916668,gnm_closed_loop,,nominal,,True,ok,checkpoints/ablation_mnv2_baseline/best.pt,6.12,0.4943,-0.0771,0.1236,-0.0024,0.3861,,,gnm_closed_loop,0.2,-0.0771,False,0,,isaac_live_final_20260708,,selected_baseline_live,,,,,,,False,hospital_goal_B,1.1731,True,0.4943,-0.0771,0.2,-0.0771,True,armed,False,
livefinal_straight_medium_20260708_180855,853,23.933335,1783530544.415371,-0.002165,0.003501,-0.0,2.354754,0.2,-0.0771,0.199807,0.00431,camera_link,23.933335,gnm_closed_loop,,nominal,,True,ok,checkpoints/ablation_mnv2_baseline/best.pt,6.12,0.4943,-0.0771,0.1236,-0.0024,0.3861,,,gnm_closed_loop,0.2,-0.0771,False,0,,isaac_live_final_20260708,,selected_baseline_live,,,,,,,False,hospital_goal_B,1.1698,True,0.4943,-0.0771,0.2,-0.0771,True,armed,False,
livefinal_straight_medium_20260708_180855,854,23.950001,1783530544.417728,-0.004512,0.005855,0.0,2.354751,0.2,-0.0771,0.199807,0.00431,camera_link,23.950001,gnm_closed_loop,,nominal,,True,ok,checkpoints/ablation_mnv2_baseline/best.pt,6.12,0.4943,-0.0771,0.1236,-0.0024,0.3861,,,gnm_closed_loop,0.2,-0.0771,False,0,,isaac_live_final_20260708,,selected_baseline_live,,,,,,,False,hospital_goal_B,1.1665,True,0.4943,-0.0771,0.2,-0.0771,True,armed,False,
livefinal_straight_medium_20260708_180855,855,23.966668,1783530544.433677,-0.006859,0.008209,-0.0,2.354748,0.2,-0.0858,0.199813,0.003909,camera_link,23.966668,gnm_closed_loop,,nominal,,True,ok,checkpoints/ablation_mnv2_baseline/best.pt,5.38,0.5024,-0.0858,0.1256,-0.0027,0.3809,,,gnm_closed_loop,0.2,-0.0858,False,0,,isaac_live_final_20260708,,selected_baseline_live,,,,,,,False,hospital_goal_B,1.1631,True,0.5024,-0.0858,0.2,-0.0858,True,armed,False,
livefinal_straight_medium_20260708_180855,856,23.983335,1783530544.436278,-0.009206,0.010563,0.0,2.354745,0.2,-0.0858,0.199813,0.003909,camera_link,23.983335,gnm_closed_loop,,nominal,,True,ok,checkpoints/ablation_mnv2_baseline/best.pt,5.38,0.5024,-0.0858,0.1256,-0.0027,0.3809,,,gnm_closed_loop,0.2,-0.0858,False,0,,isaac_live_final_20260708,,selected_baseline_live,,,,,,,False,hospital_goal_B,1.1598,True,0.5024,-0.0858,0.2,-0.0858,True,armed,False,
livefinal_straight_medium_20260708_180855,857,24.000001,1783530544.438669,-0.011553,0.012916,-0.0,2.354742,0.2,-0.0858,0.199813,0.003909,camera_link,24.000001,gnm_closed_loop,,nominal,,True,ok,checkpoints/ablation_mnv2_baseline/best.pt,5.38,0.5024,-0.0858,0.1256,-0.0027,0.3809,,,gnm_closed_loop,0.2,-0.0858,False,0,,isaac_live_final_20260708,,selected_baseline_live,,,,,,,False,hospital_goal_B,1.1565,True,0.5024,-0.0858,0.2,-0.0858,True,armed,False,
livefinal_straight_medium_20260708_180855,858,24.016668,1783530544.455246,-0.0139,0.01527,0.0,2.354738,0.2,-0.0853,0.199786,0.00468,camera_link,24.016668,gnm_closed_loop,,nominal,,True,ok,checkpoints/ablation_mnv2_baseline/best.pt,5.28,0.4723,-0.0853,0.1181,-0.0025,0.3793,,,gnm_closed_loop,0.2,-0.0853,False,0,,isaac_live_final_20260708,,selected_baseline_live,,,,,,,False,hospital_goal_B,1.1532,True,0.4723,-0.0853,0.2,-0.0853,True,armed,False,
livefinal_straight_medium_20260708_180855,859,24.033335,1783530544.45763,-0.016247,0.017624,-0.0,2.354735,0.2,-0.0853,0.199786,0.00468,camera_link,24.033335,gnm_closed_loop,,nominal,,True,ok,checkpoints/ablation_mnv2_baseline/best.pt,5.28,0.4723,-0.0853,0.1181,-0.0025,0.3793,,,gnm_closed_loop,0.2,-0.0853,False,0,,isaac_live_final_20260708,,selected_baseline_live,,,,,,,False,hospital_goal_B,1.1498,True,0.4723,-0.0853,0.2,-0.0853,True,armed,False,
livefinal_straight_medium_20260708_180855,860,24.050001,1783530544.459573,-0.018594,0.019978,-0.0,2.354732,0.2,-0.0853,0.199786,0.00468,camera_link,24.050001,gnm_closed_loop,,nominal,,True,ok,checkpoints/ablation_mnv2_baseline/best.pt,5.28,0.4723,-0.0853,0.1181,-0.0025,0.3793,,,gnm_closed_loop,0.2,-0.0853,False,0,,isaac_live_final_20260708,,selected_baseline_live,,,,,,,False,hospital_goal_B,1.1465,True,0.4723,-0.0853,0.2,-0.0853,True,armed,False,
livefinal_straight_medium_20260708_180855,861,24.066668,1783530544.478202,-0.020941,0.022331,0.0,2.354728,0.2,-0.0911,0.19979,0.004129,camera_link,24.066668,gnm_closed_loop,,nominal,,True,ok,checkpoints/ablation_mnv2_baseline/best.pt,5.59,0.4681,-0.0911,0.117,-0.0027,0.3807,,,gnm_closed_loop,0.2,-0.0911,False,0,,isaac_live_final_20260708,,selected_baseline_live,,,,,,,False,hospital_goal_B,1.1432,True,0.4681,-0.0911,0.2,-0.0911,True,armed,False,
livefinal_straight_medium_20260708_180855,862,24.083335,1783530544.481472,-0.023288,0.024685,-0.0,2.354725,0.2,-0.0911,0.19979,0.004129,camera_link,24.083335,gnm_closed_loop,,nominal,,True,ok,checkpoints/ablation_mnv2_baseline/best.pt,5.59,0.4681,-0.0911,0.117,-0.0027,0.3807,,,gnm_closed_loop,0.2,-0.0911,False,0,,isaac_live_final_20260708,,selected_baseline_live,,,,,,,False,hospital_goal_B,1.1399,True,0.4681,-0.0911,0.2,-0.0911,True,armed,False,
livefinal_straight_medium_20260708_180855,863,24.100001,1783530544.484533,-0.025635,0.027039,0.0,2.354721,0.2,-0.0911,0.19979,0.004129,camera_link,24.100001,gnm_closed_loop,,nominal,,True,ok,checkpoints/ablation_mnv2_baseline/best.pt,5.59,0.4681,-0.0911,0.117,-0.0027,0.3807,,,gnm_closed_loop,0.2,-0.0911,False,0,,isaac_live_final_20260708,,selected_baseline_live,,,,,,,False,hospital_goal_B,1.1366,True,0.4681,-0.0911,0.2,-0.0911,True,armed,False,
livefinal_straight_medium_20260708_180855,864,24.116668,1783530544.499952,-0.027982,0.029393,0.0,2.354718,0.2,-0.0954,0.199789,0.00452,camera_link,24.116668,gnm_closed_loop,,nominal,,True,ok,checkpoints/ablation_mnv2_baseline/best.pt,3.99,0.4804,-0.0954,0.1201,-0.0029,0.386,,,gnm_closed_loop,0.2,-0.0954,False,0,,isaac_live_final_20260708,,selected_baseline_live,,,,,,,False,hospital_goal_B,1.1332,True,0.4804,-0.0954,0.2,-0.0954,True,armed,False,
livefinal_straight_medium_20260708_180855,865,24.133335,1783530544.502817,-0.030329,0.031747,-0.0,2.354714,0.2,-0.0954,0.199789,0.00452,camera_link,24.133335,gnm_closed_loop,,nominal,,True,ok,checkpoints/ablation_mnv2_baseline/best.pt,3.99,0.4804,-0.0954,0.1201,-0.0029,0.386,,,gnm_closed_loop,0.2,-0.0954,False,0,,isaac_live_final_20260708,,selected_baseline_live,,,,,,,False,hospital_goal_B,1.1299,True,0.4804,-0.0954,0.2,-0.0954,True,armed,False,
livefinal_straight_medium_20260708_180855,866,24.150001,1783530544.50557,-0.032676,0.034101,0.0,2.354711,0.2,-0.0954,0.199789,0.00452,camera_link,24.150001,gnm_closed_loop,,nominal,,True,ok,checkpoints/ablation_mnv2_baseline/best.pt,3.99,0.4804,-0.0954,0.1201,-0.0029,0.386,,,gnm_closed_loop,0.2,-0.0954,False,0,,isaac_live_final_20260708,,selected_baseline_live,,,,,,,False,hospital_goal_B,1.1266,True,0.4804,-0.0954,0.2,-0.0954,True,armed,False,
livefinal_straight_medium_20260708_180855,867,24.166668,1783530544.523418,-0.035023,0.036454,0.0,2.354708,0.2,-0.1055,0.199772,0.004984,camera_link,24.166668,gnm_closed_loop,,nominal,,True,ok,checkpoints/ablation_mnv2_baseline/best.pt,5.03,0.4362,-0.1055,0.1091,-0.0029,0.3907,,,gnm_closed_loop,0.2,-0.1055,False,0,,isaac_live_final_20260708,,selected_baseline_live,,,,,,,False,hospital_goal_B,1.1233,True,0.4362,-0.1055,0.2,-0.1055,True,armed,False,
livefinal_straight_medium_20260708_180855,868,24.183335,1783530544.526034,-0.03737,0.038808,0.0,2.354703,0.2,-0.1055,0.199772,0.004984,camera_link,24.183335,gnm_closed_loop,,nominal,,True,ok,checkpoints/ablation_mnv2_baseline/best.pt,5.03,0.4362,-0.1055,0.1091,-0.0029,0.3907,,,gnm_closed_loop,0.2,-0.1055,False,0,,isaac_live_final_20260708,,selected_baseline_live,,,,,,,False,hospital_goal_B,1.1199,True,0.4362,-0.1055,0.2,-0.1055,True,armed,False,
livefinal_straight_medium_20260708_180855,869,24.200001,1783530544.528012,-0.039717,0.041162,0.0,2.3547,0.2,-0.1055,0.199772,0.004984,camera_link,24.200001,gnm_closed_loop,,nominal,,True,ok,checkpoints/ablation_mnv2_baseline/best.pt,5.03,0.4362,-0.1055,0.1091,-0.0029,0.3907,,,gnm_closed_loop,0.2,-0.1055,False,0,,isaac_live_final_20260708,,selected_baseline_live,,,,,,,False,hospital_goal_B,1.1166,True,0.4362,-0.1055,0.2,-0.1055,True,armed,False,
livefinal_straight_medium_20260708_180855,870,24.216668,1783530544.549678,-0.042064,0.043516,-0.0,2.354696,0.2,-0.1188,0.199779,0.005202,camera_link,24.216668,gnm_closed_loop,,nominal,,True,ok,checkpoints/ablation_mnv2_baseline/best.pt,7.66,0.3656,-0.1188,0.0914,-0.0027,0.3918,,,gnm_closed_loop,0.2,-0.1188,False,0,,isaac_live_final_20260708,,selected_baseline_live,,,,,,,False,hospital_goal_B,1.1133,True,0.3656,-0.1188,0.2,-0.1188,True,armed,False,
livefinal_straight_medium_20260708_180855,871,24.233335,1783530544.552341,-0.044411,0.04587,0.0,2.354691,0.2,-0.1188,0.199779,0.005202,camera_link,24.233335,gnm_closed_loop,,nominal,,True,ok,checkpoints/ablation_mnv2_baseline/best.pt,7.66,0.3656,-0.1188,0.0914,-0.0027,0.3918,,,gnm_closed_loop,0.2,-0.1188,False,0,,isaac_live_final_20260708,,selected_baseline_live,,,,,,,False,hospital_goal_B,1.11,True,0.3656,-0.1188,0.2,-0.1188,True,armed,False,
livefinal_straight_medium_20260708_180855,872,24.250001,1783530544.554305,-0.046758,0.048223,0.0,2.354687,0.2,-0.1188,0.199779,0.005202,camera_link,24.250001,gnm_closed_loop,,nominal,,True,ok,checkpoints/ablation_mnv2_baseline/best.pt,7.66,0.3656,-0.1188,0.0914,-0.0027,0.3918,,,gnm_closed_loop,0.2,-0.1188,False,0,,isaac_live_final_20260708,,selected_baseline_live,,,,,,,False,hospital_goal_B,1.1066,True,0.3656,-0.1188,0.2,-0.1188,True,armed,False,
livefinal_straight_medium_20260708_180855,873,24.266668,1783530544.573679,-0.049105,0.050578,0.0,2.354682,0.2,-0.1192,0.199786,0.005751,camera_link,24.266668,gnm_closed_loop,,nominal,,True,ok,checkpoints/ablation_mnv2_baseline/best.pt,4.85,0.3791,-0.1192,0.0948,-0.0028,0.3969,,,gnm_closed_loop,0.2,-0.1192,False,0,,isaac_live_final_20260708,,selected_baseline_live,,,,,,,False,hospital_goal_B,1.1033,True,0.3791,-0.1192,0.2,-0.1192,True,armed,False,
livefinal_straight_medium_20260708_180855,874,24.283335,1783530544.576943,-0.051452,0.052932,-0.0,2.354678,0.2,-0.1192,0.199786,0.005751,camera_link,24.283335,gnm_closed_loop,,nominal,,True,ok,checkpoints/ablation_mnv2_baseline/best.pt,4.85,0.3791,-0.1192,0.0948,-0.0028,0.3969,,,gnm_closed_loop,0.2,-0.1192,False,0,,isaac_live_final_20260708,,selected_baseline_live,,,,,,,False,hospital_goal_B,1.1,True,0.3791,-0.1192,0.2,-0.1192,True,armed,False,
livefinal_straight_medium_20260708_180855,875,24.300001,1783530544.579652,-0.053799,0.055286,0.0,2.354673,0.2,-0.1192,0.199786,0.005751,camera_link,24.300001,gnm_closed_loop,,nominal,,True,ok,checkpoints/ablation_mnv2_baseline/best.pt,4.85,0.3791,-0.1192,0.0948,-0.0028,0.3969,,,gnm_closed_loop,0.2,-0.1192,False,0,,isaac_live_final_20260708,,selected_baseline_live,,,,,,,False,hospital_goal_B,1.0967,True,0.3791,-0.1192,0.2,-0.1192,True,armed,False,
livefinal_straight_medium_20260708_180855,876,24.316668,1783530544.601002,-0.056147,0.05764,0.0,2.354669,0.2,-0.1083,0.19979,0.005588,camera_link,24.316668,gnm_closed_loop,,nominal,,True,ok,checkpoints/ablation_mnv2_baseline/best.pt,6.02,0.4301,-0.1083,0.1075,-0.0029,0.4002,,,gnm_closed_loop,0.2,-0.1083,False,0,,isaac_live_final_20260708,,selected_baseline_live,,,,,,,False,hospital_goal_B,1.0933,True,0.4301,-0.1083,0.2,-0.1083,True,armed,False,
livefinal_straight_medium_20260708_180855,877,24.333335,1783530544.603319,-0.058493,0.059994,0.0,2.354665,0.2,-0.1083,0.19979,0.005588,camera_link,24.333335,gnm_closed_loop,,nominal,,True,ok,checkpoints/ablation_mnv2_baseline/best.pt,6.02,0.4301,-0.1083,0.1075,-0.0029,0.4002,,,gnm_closed_loop,0.2,-0.1083,False,0,,isaac_live_final_20260708,,selected_baseline_live,,,,,,,False,hospital_goal_B,1.09,True,0.4301,-0.1083,0.2,-0.1083,True,armed,False,
livefinal_straight_medium_20260708_180855,878,24.350001,1783530544.606334,-0.06084,0.062348,-0.0,2.354661,0.2,-0.1083,0.19979,0.005588,camera_link,24.350001,gnm_closed_loop,,nominal,,True,ok,checkpoints/ablation_mnv2_baseline/best.pt,6.02,0.4301,-0.1083,0.1075,-0.0029,0.4002,,,gnm_closed_loop,0.2,-0.1083,False,0,,isaac_live_final_20260708,,selected_baseline_live,,,,,,,False,hospital_goal_B,1.0867,True,0.4301,-0.1083,0.2,-0.1083,True,armed,False,
livefinal_straight_medium_20260708_180855,879,24.366668,1783530544.622568,-0.063187,0.064702,0.0,2.354657,0.2,-0.0992,0.199781,0.005296,camera_link,24.366668,gnm_closed_loop,,nominal,,True,ok,checkpoints/ablation_mnv2_baseline/best.pt,5.2,0.4631,-0.0992,0.1158,-0.0029,0.4037,,,gnm_closed_loop,0.2,-0.0992,False,0,,isaac_live_final_20260708,,selected_baseline_live,,,,,,,False,hospital_goal_B,1.0834,True,0.4631,-0.0992,0.2,-0.0992,True,armed,False,
livefinal_straight_medium_20260708_180855,880,24.383335,1783530544.625755,-0.065534,0.067056,0.0,2.354653,0.2,-0.0992,0.199781,0.005296,camera_link,24.383335,gnm_closed_loop,,nominal,,True,ok,checkpoints/ablation_mnv2_baseline/best.pt,5.2,0.4631,-0.0992,0.1158,-0.0029,0.4037,,,gnm_closed_loop,0.2,-0.0992,False,0,,isaac_live_final_20260708,,selected_baseline_live,,,,,,,False,hospital_goal_B,1.08,True,0.4631,-0.0992,0.2,-0.0992,True,armed,False,
livefinal_straight_medium_20260708_180855,881,24.400001,1783530544.6278,-0.067881,0.06941,-0.0,2.35465,0.2,-0.0992,0.199781,0.005296,camera_link,24.400001,gnm_closed_loop,,nominal,,True,ok,checkpoints/ablation_mnv2_baseline/best.pt,5.2,0.4631,-0.0992,0.1158,-0.0029,0.4037,,,gnm_closed_loop,0.2,-0.0992,False,0,,isaac_live_final_20260708,,selected_baseline_live,,,,,,,False,hospital_goal_B,1.0767,True,0.4631,-0.0992,0.2,-0.0992,True,armed,False,
livefinal_straight_medium_20260708_180855,882,24.416668,1783530544.647828,-0.070228,0.071764,0.0,2.354646,0.2,-0.1012,0.199782,0.004753,camera_link,24.416668,gnm_closed_loop,,nominal,,True,ok,checkpoints/ablation_mnv2_baseline/best.pt,5.84,0.4101,-0.1012,0.1025,-0.0026,0.3996,,,gnm_closed_loop,0.2,-0.1012,False,0,,isaac_live_final_20260708,,selected_baseline_live,,,,,,,False,hospital_goal_B,1.0734,True,0.4101,-0.1012,0.2,-0.1012,True,armed,False,
livefinal_straight_medium_20260708_180855,883,24.433335,1783530544.650287,-0.072576,0.074119,-0.0,2.354642,0.2,-0.1012,0.199782,0.004753,camera_link,24.433335,gnm_closed_loop,,nominal,,True,ok,checkpoints/ablation_mnv2_baseline/best.pt,5.84,0.4101,-0.1012,0.1025,-0.0026,0.3996,,,gnm_closed_loop,0.2,-0.1012,False,0,,isaac_live_final_20260708,,selected_baseline_live,,,,,,,False,hospital_goal_B,1.0701,True,0.4101,-0.1012,0.2,-0.1012,True,armed,False,
livefinal_straight_medium_20260708_180855,884,24.450001,1783530544.65295,-0.074923,0.076473,0.0,2.354638,0.2,-0.1012,0.199782,0.004753,camera_link,24.450001,gnm_closed_loop,,nominal,,True,ok,checkpoints/ablation_mnv2_baseline/best.pt,5.84,0.4101,-0.1012,0.1025,-0.0026,0.3996,,,gnm_closed_loop,0.2,-0.1012,False,0,,isaac_live_final_20260708,,selected_baseline_live,,,,,,,False,hospital_goal_B,1.0667,True,0.4101,-0.1012,0.2,-0.1012,True,armed,False,
livefinal_straight_medium_20260708_180855,885,24.466668,1783530544.675153,-0.07727,0.078827,0.0,2.354634,0.2,-0.1116,0.199793,0.005306,camera_link,24.466668,gnm_closed_loop,,nominal,,True,ok,checkpoints/ablation_mnv2_baseline/best.pt,6.42,0.3699,-0.1116,0.0925,-0.0026,0.3942,,,gnm_closed_loop,0.2,-0.1116,False,0,,isaac_live_final_20260708,,selected_baseline_live,,,,,,,False,hospital_goal_B,1.0634,True,0.3699,-0.1116,0.2,-0.1116,True,armed,False,
livefinal_straight_medium_20260708_180855,886,24.483335,1783530544.679351,-0.079617,0.081182,-0.0,2.35463,0.2,-0.1116,0.199793,0.005306,camera_link,24.483335,gnm_closed_loop,,nominal,,True,ok,checkpoints/ablation_mnv2_baseline/best.pt,6.42,0.3699,-0.1116,0.0925,-0.0026,0.3942,,,gnm_closed_loop,0.2,-0.1116,False,0,,isaac_live_final_20260708,,selected_baseline_live,,,,,,,False,hospital_goal_B,1.0601,True,0.3699,-0.1116,0.2,-0.1116,True,armed,False,
livefinal_straight_medium_20260708_180855,887,24.500001,1783530544.68456,-0.081964,0.083536,0.0,2.354626,0.2,-0.1116,0.199793,0.005306,camera_link,24.500001,gnm_closed_loop,,nominal,,True,ok,checkpoints/ablation_mnv2_baseline/best.pt,6.42,0.3699,-0.1116,0.0925,-0.0026,0.3942,,,gnm_closed_loop,0.2,-0.1116,False,0,,isaac_live_final_20260708,,selected_baseline_live,,,,,,,False,hospital_goal_B,1.0568,True,0.3699,-0.1116,0.2,-0.1116,True,armed,False,
livefinal_straight_medium_20260708_180855,888,24.516668,1783530544.710623,-0.084311,0.08589,-0.0,2.354622,0.2,-0.1433,0.199784,0.005645,camera_link,24.516668,gnm_closed_loop,,nominal,,True,ok,checkpoints/ablation_mnv2_baseline/best.pt,6.95,0.3051,-0.1433,0.0763,-0.0027,0.392,,,gnm_closed_loop,0.2,-0.1433,False,0,,isaac_live_final_20260708,,selected_baseline_live,,,,,,,False,hospital_goal_B,1.0534,True,0.3051,-0.1433,0.2,-0.1433,True,armed,False,
livefinal_straight_medium_20260708_180855,889,24.533335,1783530544.713547,-0.086658,0.088244,0.0,2.354616,0.2,-0.1433,0.199784,0.005645,camera_link,24.533335,gnm_closed_loop,,nominal,,True,ok,checkpoints/ablation_mnv2_baseline/best.pt,6.95,0.3051,-0.1433,0.0763,-0.0027,0.392,,,gnm_closed_loop,0.2,-0.1433,False,0,,isaac_live_final_20260708,,selected_baseline_live,,,,,,,False,hospital_goal_B,1.0501,True,0.3051,-0.1433,0.2,-0.1433,True,armed,False,
livefinal_straight_medium_20260708_180855,890,24.550001,1783530544.716406,-0.089005,0.090598,0.0,2.35461,0.2,-0.1433,0.199784,0.005645,camera_link,24.550001,gnm_closed_loop,,nominal,,True,ok,checkpoints/ablation_mnv2_baseline/best.pt,6.95,0.3051,-0.1433,0.0763,-0.0027,0.392,,,gnm_closed_loop,0.2,-0.1433,False,0,,isaac_live_final_20260708,,selected_baseline_live,,,,,,,False,hospital_goal_B,1.0468,True,0.3051,-0.1433,0.2,-0.1433,True,armed,False,
livefinal_straight_medium_20260708_180855,891,24.566668,1783530544.737832,-0.091352,0.092953,0.0,2.354605,0.2,-0.1479,0.19975,0.007255,camera_link,24.566668,gnm_closed_loop,,nominal,,True,ok,checkpoints/ablation_mnv2_baseline/best.pt,5.37,0.307,-0.1479,0.0767,-0.0028,0.3892,,,gnm_closed_loop,0.2,-0.1479,False,0,,isaac_live_final_20260708,,selected_baseline_live,,,,,,,False,hospital_goal_B,1.0435,True,0.307,-0.1479,0.2,-0.1479,True,armed,False,
livefinal_straight_medium_20260708_180855,892,24.583335,1783530544.740034,-0.093699,0.095307,-0.0,2.354599,0.2,-0.1479,0.19975,0.007255,camera_link,24.583335,gnm_closed_loop,,nominal,,True,ok,checkpoints/ablation_mnv2_baseline/best.pt,5.37,0.307,-0.1479,0.0767,-0.0028,0.3892,,,gnm_closed_loop,0.2,-0.1479,False,0,,isaac_live_final_20260708,,selected_baseline_live,,,,,,,False,hospital_goal_B,1.0402,True,0.307,-0.1479,0.2,-0.1479,True,armed,False,
livefinal_straight_medium_20260708_180855,893,24.600001,1783530544.742659,-0.096045,0.097661,-0.0,2.354593,0.2,-0.1479,0.19975,0.007255,camera_link,24.600001,gnm_closed_loop,,nominal,,True,ok,checkpoints/ablation_mnv2_baseline/best.pt,5.37,0.307,-0.1479,0.0767,-0.0028,0.3892,,,gnm_closed_loop,0.2,-0.1479,False,0,,isaac_live_final_20260708,,selected_baseline_live,,,,,,,False,hospital_goal_B,1.0368,True,0.307,-0.1479,0.2,-0.1479,True,armed,False,
livefinal_straight_medium_20260708_180855,894,24.616668,1783530544.760367,-0.098392,0.100014,-0.0,2.354587,0.2,-0.1532,0.199733,0.007061,camera_link,24.616668,gnm_closed_loop,,nominal,,True,ok,checkpoints/ablation_mnv2_baseline/best.pt,5.29,0.3065,-0.1532,0.0766,-0.0029,0.3862,,,gnm_closed_loop,0.2,-0.1532,False,0,,isaac_live_final_20260708,,selected_baseline_live,,,,,,,False,hospital_goal_B,1.0335,True,0.3065,-0.1532,0.2,-0.1532,True,armed,False,
livefinal_straight_medium_20260708_180855,895,24.633335,1783530544.7636,-0.100739,0.102368,-0.0,2.354581,0.2,-0.1532,0.199733,0.007061,camera_link,24.633335,gnm_closed_loop,,nominal,,True,ok,checkpoints/ablation_mnv2_baseline/best.pt,5.29,0.3065,-0.1532,0.0766,-0.0029,0.3862,,,gnm_closed_loop,0.2,-0.1532,False,0,,isaac_live_final_20260708,,selected_baseline_live,,,,,,,False,hospital_goal_B,1.0302,True,0.3065,-0.1532,0.2,-0.1532,True,armed,False,
livefinal_straight_medium_20260708_180855,896,24.650001,1783530544.766452,-0.103085,0.104722,0.0,2.354575,0.2,-0.1532,0.199733,0.007061,camera_link,24.650001,gnm_closed_loop,,nominal,,True,ok,checkpoints/ablation_mnv2_baseline/best.pt,5.29,0.3065,-0.1532,0.0766,-0.0029,0.3862,,,gnm_closed_loop,0.2,-0.1532,False,0,,isaac_live_final_20260708,,selected_baseline_live,,,,,,,False,hospital_goal_B,1.0269,True,0.3065,-0.1532,0.2,-0.1532,True,armed,False,
livefinal_straight_medium_20260708_180855,897,24.666668,1783530544.785134,-0.105432,0.107076,0.0,2.354569,0.2,-0.1332,0.199741,0.007781,camera_link,24.666668,gnm_closed_loop,,nominal,,True,ok,checkpoints/ablation_mnv2_baseline/best.pt,5.29,0.3262,-0.1332,0.0815,-0.0027,0.3882,,,gnm_closed_loop,0.2,-0.1332,False,0,,isaac_live_final_20260708,,selected_baseline_live,,,,,,,False,hospital_goal_B,1.0235,True,0.3262,-0.1332,0.2,-0.1332,True,armed,False,
livefinal_straight_medium_20260708_180855,898,24.683335,1783530544.787501,-0.107778,0.10943,0.0,2.354563,0.2,-0.1332,0.199741,0.007781,camera_link,24.683335,gnm_closed_loop,,nominal,,True,ok,checkpoints/ablation_mnv2_baseline/best.pt,5.29,0.3262,-0.1332,0.0815,-0.0027,0.3882,,,gnm_closed_loop,0.2,-0.1332,False,0,,isaac_live_final_20260708,,selected_baseline_live,,,,,,,False,hospital_goal_B,1.0202,True,0.3262,-0.1332,0.2,-0.1332,True,armed,False,
livefinal_straight_medium_20260708_180855,899,24.700001,1783530544.789451,-0.110125,0.111784,-0.0,2.354558,0.2,-0.1332,0.199741,0.007781,camera_link,24.700001,gnm_closed_loop,,nominal,,True,ok,checkpoints/ablation_mnv2_baseline/best.pt,5.29,0.3262,-0.1332,0.0815,-0.0027,0.3882,,,gnm_closed_loop,0.2,-0.1332,False,0,,isaac_live_final_20260708,,selected_baseline_live,,,,,,,False,hospital_goal_B,1.0169,True,0.3262,-0.1332,0.2,-0.1332,True,armed,False,
livefinal_straight_medium_20260708_180855,900,24.716668,1783530544.808544,-0.112472,0.114139,0.0,2.354553,0.2,-0.1089,0.199727,0.007161,camera_link,24.716668,gnm_closed_loop,,nominal,,True,ok,checkpoints/ablation_mnv2_baseline/best.pt,7.41,0.3815,-0.1089,0.0954,-0.0026,0.3882,,,gnm_closed_loop,0.2,-0.1089,False,0,,isaac_live_final_20260708,,selected_baseline_live,,,,,,,False,hospital_goal_B,1.0136,True,0.3815,-0.1089,0.2,-0.1089,True,armed,False,
livefinal_straight_medium_20260708_180855,901,24.733335,1783530544.811312,-0.114819,0.116493,0.0,2.354548,0.2,-0.1089,0.199727,0.007161,camera_link,24.733335,gnm_closed_loop,,nominal,,True,ok,checkpoints/ablation_mnv2_baseline/best.pt,7.41,0.3815,-0.1089,0.0954,-0.0026,0.3882,,,gnm_closed_loop,0.2,-0.1089,False,0,,isaac_live_final_20260708,,selected_baseline_live,,,,,,,False,hospital_goal_B,1.0102,True,0.3815,-0.1089,0.2,-0.1089,True,armed,False,
livefinal_straight_medium_20260708_180855,902,24.750001,1783530544.81329,-0.117166,0.118848,0.0,2.354544,0.2,-0.1089,0.199727,0.007161,camera_link,24.750001,gnm_closed_loop,,nominal,,True,ok,checkpoints/ablation_mnv2_baseline/best.pt,7.41,0.3815,-0.1089,0.0954,-0.0026,0.3882,,,gnm_closed_loop,0.2,-0.1089,False,0,,isaac_live_final_20260708,,selected_baseline_live,,,,,,,False,hospital_goal_B,1.0069,True,0.3815,-0.1089,0.2,-0.1089,True,armed,False,
livefinal_straight_medium_20260708_180855,903,24.766668,1783530544.832101,-0.119513,0.121202,0.0,2.35454,0.2,-0.0881,0.199794,0.004846,camera_link,24.766668,gnm_closed_loop,,nominal,,True,ok,checkpoints/ablation_mnv2_baseline/best.pt,5.4,0.4718,-0.0881,0.118,-0.0026,0.392,,,gnm_closed_loop,0.2,-0.0881,False,0,,isaac_live_final_20260708,,selected_baseline_live,,,,,,,False,hospital_goal_B,1.0036,True,0.4718,-0.0881,0.2,-0.0881,True,armed,False,
livefinal_straight_medium_20260708_180855,904,24.783335,1783530544.834925,-0.12186,0.123557,0.0,2.354537,0.2,-0.0881,0.199794,0.004846,camera_link,24.783335,gnm_closed_loop,,nominal,,True,ok,checkpoints/ablation_mnv2_baseline/best.pt,5.4,0.4718,-0.0881,0.118,-0.0026,0.392,,,gnm_closed_loop,0.2,-0.0881,False,0,,isaac_live_final_20260708,,selected_baseline_live,,,,,,,False,hospital_goal_B,1.0003,True,0.4718,-0.0881,0.2,-0.0881,True,armed,False,
livefinal_straight_medium_20260708_180855,905,24.800001,1783530544.837069,-0.124207,0.125911,0.0,2.354534,0.2,-0.0881,0.199794,0.004846,camera_link,24.800001,gnm_closed_loop,,nominal,,True,ok,checkpoints/ablation_mnv2_baseline/best.pt,5.4,0.4718,-0.0881,0.118,-0.0026,0.392,,,gnm_closed_loop,0.2,-0.0881,False,0,,isaac_live_final_20260708,,selected_baseline_live,,,,,,,False,hospital_goal_B,0.9969,True,0.4718,-0.0881,0.2,-0.0881,True,armed,False,
livefinal_straight_medium_20260708_180855,906,24.816668,1783530544.856481,-0.126554,0.128266,-0.0,2.354531,0.2,-0.0835,0.19983,0.004501,camera_link,24.816668,gnm_closed_loop,,nominal,,True,ok,checkpoints/ablation_mnv2_baseline/best.pt,5.02,0.491,-0.0835,0.1227,-0.0026,0.3823,,,gnm_closed_loop,0.2,-0.0835,False,0,,isaac_live_final_20260708,,selected_baseline_live,,,,,,,False,hospital_goal_B,0.9936,True,0.491,-0.0835,0.2,-0.0835,True,armed,False,
livefinal_straight_medium_20260708_180855,907,24.833335,1783530544.859077,-0.128901,0.13062,0.0,2.354527,0.2,-0.0835,0.19983,0.004501,camera_link,24.833335,gnm_closed_loop,,nominal,,True,ok,checkpoints/ablation_mnv2_baseline/best.pt,5.02,0.491,-0.0835,0.1227,-0.0026,0.3823,,,gnm_closed_loop,0.2,-0.0835,False,0,,isaac_live_final_20260708,,selected_baseline_live,,,,,,,False,hospital_goal_B,0.9903,True,0.491,-0.0835,0.2,-0.0835,True,armed,False,
livefinal_straight_medium_20260708_180855,908,24.850001,1783530544.861019,-0.131248,0.132975,0.0,2.354524,0.2,-0.0835,0.19983,0.004501,camera_link,24.850001,gnm_closed_loop,,nominal,,True,ok,checkpoints/ablation_mnv2_baseline/best.pt,5.02,0.491,-0.0835,0.1227,-0.0026,0.3823,,,gnm_closed_loop,0.2,-0.0835,False,0,,isaac_live_final_20260708,,selected_baseline_live,,,,,,,False,hospital_goal_B,0.987,True,0.491,-0.0835,0.2,-0.0835,True,armed,False,
livefinal_straight_medium_20260708_180855,909,24.866668,1783530544.877161,-0.133595,0.13533,0.0,2.354521,0.2,-0.0849,0.199782,0.003889,camera_link,24.866668,gnm_closed_loop,,nominal,,True,ok,checkpoints/ablation_mnv2_baseline/best.pt,5.49,0.5029,-0.0849,0.1257,-0.0027,0.3786,,,gnm_closed_loop,0.2,-0.0849,False,0,,isaac_live_final_20260708,,selected_baseline_live,,,,,,,False,hospital_goal_B,0.9836,True,0.5029,-0.0849,0.2,-0.0849,True,armed,False,
livefinal_straight_medium_20260708_180855,910,24.883335,1783530544.879483,-0.135942,0.137685,-0.0,2.354518,0.2,-0.0849,0.199782,0.003889,camera_link,24.883335,gnm_closed_loop,,nominal,,True,ok,checkpoints/ablation_mnv2_baseline/best.pt,5.49,0.5029,-0.0849,0.1257,-0.0027,0.3786,,,gnm_closed_loop,0.2,-0.0849,False,0,,isaac_live_final_20260708,,selected_baseline_live,,,,,,,False,hospital_goal_B,0.9803,True,0.5029,-0.0849,0.2,-0.0849,True,armed,False,
livefinal_straight_medium_20260708_180855,911,24.900001,1783530544.881315,-0.138288,0.140039,-0.0,2.354516,0.2,-0.0849,0.199782,0.003889,camera_link,24.900001,gnm_closed_loop,,nominal,,True,ok,checkpoints/ablation_mnv2_baseline/best.pt,5.49,0.5029,-0.0849,0.1257,-0.0027,0.3786,,,gnm_closed_loop,0.2,-0.0849,False,0,,isaac_live_final_20260708,,selected_baseline_live,,,,,,,False,hospital_goal_B,0.977,True,0.5029,-0.0849,0.2,-0.0849,True,armed,False,
livefinal_straight_medium_20260708_180855,912,24.916668,1783530544.898668,-0.140635,0.142393,0.0,2.354512,0.2,-0.0848,0.199799,0.004413,camera_link,24.916668,gnm_closed_loop,,nominal,,True,ok,checkpoints/ablation_mnv2_baseline/best.pt,4.87,0.4849,-0.0848,0.1212,-0.0026,0.3751,,,gnm_closed_loop,0.2,-0.0848,False,0,,isaac_live_final_20260708,,selected_baseline_live,,,,,,,False,hospital_goal_B,0.9737,True,0.4849,-0.0848,0.2,-0.0848,True,armed,False,
livefinal_straight_medium_20260708_180855,913,24.933335,1783530544.901543,-0.142982,0.144748,-0.0,2.35451,0.2,-0.0848,0.199799,0.004413,camera_link,24.933335,gnm_closed_loop,,nominal,,True,ok,checkpoints/ablation_mnv2_baseline/best.pt,4.87,0.4849,-0.0848,0.1212,-0.0026,0.3751,,,gnm_closed_loop,0.2,-0.0848,False,0,,isaac_live_final_20260708,,selected_baseline_live,,,,,,,False,hospital_goal_B,0.9703,True,0.4849,-0.0848,0.2,-0.0848,True,armed,False,
livefinal_straight_medium_20260708_180855,914,24.950001,1783530544.904328,-0.145329,0.147104,0.0,2.354507,0.2,-0.0848,0.199799,0.004413,camera_link,24.950001,gnm_closed_loop,,nominal,,True,ok,checkpoints/ablation_mnv2_baseline/best.pt,4.87,0.4849,-0.0848,0.1212,-0.0026,0.3751,,,gnm_closed_loop,0.2,-0.0848,False,0,,isaac_live_final_20260708,,selected_baseline_live,,,,,,,False,hospital_goal_B,0.967,True,0.4849,-0.0848,0.2,-0.0848,True,armed,False,
livefinal_straight_medium_20260708_180855,915,24.966668,1783530544.926457,-0.147676,0.149458,-0.0,2.354504,0.2,-0.1064,0.19982,0.004232,camera_link,24.966668,gnm_closed_loop,,nominal,,True,ok,checkpoints/ablation_mnv2_baseline/best.pt,6.85,0.3856,-0.1064,0.0964,-0.0026,0.3714,,,gnm_closed_loop,0.2,-0.1064,False,0,,isaac_live_final_20260708,,selected_baseline_live,,,,,,,False,hospital_goal_B,0.9637,True,0.3856,-0.1064,0.2,-0.1064,True,armed,False,
livefinal_straight_medium_20260708_180855,916,24.983335,1783530544.929111,-0.150023,0.151813,0.0,2.3545,0.2,-0.1064,0.19982,0.004232,camera_link,24.983335,gnm_closed_loop,,nominal,,True,ok,checkpoints/ablation_mnv2_baseline/best.pt,6.85,0.3856,-0.1064,0.0964,-0.0026,0.3714,,,gnm_closed_loop,0.2,-0.1064,False,0,,isaac_live_final_20260708,,selected_baseline_live,,,,,,,False,hospital_goal_B,0.9604,True,0.3856,-0.1064,0.2,-0.1064,True,armed,False,
livefinal_straight_medium_20260708_180855,917,25.000001,1783530544.931171,-0.152369,0.154167,-0.0,2.354496,0.2,-0.1064,0.19982,0.004232,camera_link,25.000001,gnm_closed_loop,,nominal,,True,ok,checkpoints/ablation_mnv2_baseline/best.pt,6.85,0.3856,-0.1064,0.0964,-0.0026,0.3714,,,gnm_closed_loop,0.2,-0.1064,False,0,,isaac_live_final_20260708,,selected_baseline_live,,,,,,,False,hospital_goal_B,0.957,True,0.3856,-0.1064,0.2,-0.1064,True,armed,False,
livefinal_straight_medium_20260708_180855,918,25.016668,1783530544.948607,-0.154716,0.156522,0.0,2.354492,0.2,-0.1203,0.199788,0.005762,camera_link,25.016668,gnm_closed_loop,,nominal,,True,ok,checkpoints/ablation_mnv2_baseline/best.pt,5.34,0.3363,-0.1203,0.0841,-0.0025,0.3759,,,gnm_closed_loop,0.2,-0.1203,False,0,,isaac_live_final_20260708,,selected_baseline_live,,,,,,,False,hospital_goal_B,0.9537,True,0.3363,-0.1203,0.2,-0.1203,True,armed,False,
livefinal_straight_medium_20260708_180855,919,25.033335,1783530544.950861,-0.157063,0.158877,-0.0,2.354488,0.2,-0.1203,0.199788,0.005762,camera_link,25.033335,gnm_closed_loop,,nominal,,True,ok,checkpoints/ablation_mnv2_baseline/best.pt,5.34,0.3363,-0.1203,0.0841,-0.0025,0.3759,,,gnm_closed_loop,0.2,-0.1203,False,0,,isaac_live_final_20260708,,selected_baseline_live,,,,,,,False,hospital_goal_B,0.9504,True,0.3363,-0.1203,0.2,-0.1203,True,armed,False,
livefinal_straight_medium_20260708_180855,920,25.050001,1783530544.952829,-0.15941,0.161231,0.0,2.354483,0.2,-0.1203,0.199788,0.005762,camera_link,25.050001,gnm_closed_loop,,nominal,,True,ok,checkpoints/ablation_mnv2_baseline/best.pt,5.34,0.3363,-0.1203,0.0841,-0.0025,0.3759,,,gnm_closed_loop,0.2,-0.1203,False,0,,isaac_live_final_20260708,,selected_baseline_live,,,,,,,False,hospital_goal_B,0.9471,True,0.3363,-0.1203,0.2,-0.1203,True,armed,False,
livefinal_straight_medium_20260708_180855,921,25.066668,1783530544.968196,-0.161757,0.163586,0.0,2.354479,0.2,-0.1126,0.199773,0.006369,camera_link,25.066668,gnm_closed_loop,,nominal,,True,ok,checkpoints/ablation_mnv2_baseline/best.pt,5.21,0.3693,-0.1126,0.0923,-0.0026,0.3749,,,gnm_closed_loop,0.2,-0.1126,False,0,,isaac_live_final_20260708,,selected_baseline_live,,,,,,,False,hospital_goal_B,0.9437,True,0.3693,-0.1126,0.2,-0.1126,True,armed,False,
livefinal_straight_medium_20260708_180855,922,25.083335,1783530544.970662,-0.164103,0.16594,-0.0,2.354474,0.2,-0.1126,0.199773,0.006369,camera_link,25.083335,gnm_closed_loop,,nominal,,True,ok,checkpoints/ablation_mnv2_baseline/best.pt,5.21,0.3693,-0.1126,0.0923,-0.0026,0.3749,,,gnm_closed_loop,0.2,-0.1126,False,0,,isaac_live_final_20260708,,selected_baseline_live,,,,,,,False,hospital_goal_B,0.9404,True,0.3693,-0.1126,0.2,-0.1126,True,armed,False,
livefinal_straight_medium_20260708_180855,923,25.100001,1783530544.973316,-0.16645,0.168295,0.0,2.35447,0.2,-0.1126,0.199773,0.006369,camera_link,25.100001,gnm_closed_loop,,nominal,,True,ok,checkpoints/ablation_mnv2_baseline/best.pt,5.21,0.3693,-0.1126,0.0923,-0.0026,0.3749,,,gnm_closed_loop,0.2,-0.1126,False,0,,isaac_live_final_20260708,,selected_baseline_live,,,,,,,False,hospital_goal_B,0.9371,True,0.3693,-0.1126,0.2,-0.1126,True,armed,False,
livefinal_straight_medium_20260708_180855,924,25.116668,1783530544.997912,-0.168796,0.170649,0.0,2.354465,0.2,-0.111,0.199805,0.00554,camera_link,25.116668,gnm_closed_loop,,nominal,,True,ok,checkpoints/ablation_mnv2_baseline/best.pt,10.28,0.3805,-0.111,0.0951,-0.0026,0.3774,,,gnm_closed_loop,0.2,-0.111,False,0,,isaac_live_final_20260708,,selected_baseline_live,,,,,,,False,hospital_goal_B,0.9338,True,0.3805,-0.111,0.2,-0.111,True,armed,False,
livefinal_straight_medium_20260708_180855,925,25.133335,1783530545.000369,-0.171143,0.173004,0.0,2.354462,0.2,-0.111,0.199805,0.00554,camera_link,25.133335,gnm_closed_loop,,nominal,,True,ok,checkpoints/ablation_mnv2_baseline/best.pt,10.28,0.3805,-0.111,0.0951,-0.0026,0.3774,,,gnm_closed_loop,0.2,-0.111,False,0,,isaac_live_final_20260708,,selected_baseline_live,,,,,,,False,hospital_goal_B,0.9304,True,0.3805,-0.111,0.2,-0.111,True,armed,False,
livefinal_straight_medium_20260708_180855,926,25.150001,1783530545.003026,-0.17349,0.175358,0.0,2.354458,0.2,-0.111,0.199805,0.00554,camera_link,25.150001,gnm_closed_loop,,nominal,,True,ok,checkpoints/ablation_mnv2_baseline/best.pt,10.28,0.3805,-0.111,0.0951,-0.0026,0.3774,,,gnm_closed_loop,0.2,-0.111,False,0,,isaac_live_final_20260708,,selected_baseline_live,,,,,,,False,hospital_goal_B,0.9271,True,0.3805,-0.111,0.2,-0.111,True,armed,False,
livefinal_straight_medium_20260708_180855,927,25.166668,1783530545.025292,-0.175837,0.177713,-0.0,2.354454,0.2,-0.1147,0.199817,0.005952,camera_link,25.166668,gnm_closed_loop,,nominal,,True,ok,checkpoints/ablation_mnv2_baseline/best.pt,6.81,0.3624,-0.1147,0.0906,-0.0026,0.3801,,,gnm_closed_loop,0.2,-0.1147,False,0,,isaac_live_final_20260708,,selected_baseline_live,,,,,,,False,hospital_goal_B,0.9238,True,0.3624,-0.1147,0.2,-0.1147,True,armed,False,
livefinal_straight_medium_20260708_180855,928,25.183335,1783530545.027904,-0.178183,0.180068,0.0,2.354449,0.2,-0.1147,0.199817,0.005952,camera_link,25.183335,gnm_closed_loop,,nominal,,True,ok,checkpoints/ablation_mnv2_baseline/best.pt,6.81,0.3624,-0.1147,0.0906,-0.0026,0.3801,,,gnm_closed_loop,0.2,-0.1147,False,0,,isaac_live_final_20260708,,selected_baseline_live,,,,,,,False,hospital_goal_B,0.9205,True,0.3624,-0.1147,0.2,-0.1147,True,armed,False,
livefinal_straight_medium_20260708_180855,929,25.200001,1783530545.02986,-0.18053,0.182423,0.0,2.354445,0.2,-0.1147,0.199817,0.005952,camera_link,25.200001,gnm_closed_loop,,nominal,,True,ok,checkpoints/ablation_mnv2_baseline/best.pt,6.81,0.3624,-0.1147,0.0906,-0.0026,0.3801,,,gnm_closed_loop,0.2,-0.1147,False,0,,isaac_live_final_20260708,,selected_baseline_live,,,,,,,False,hospital_goal_B,0.9172,True,0.3624,-0.1147,0.2,-0.1147,True,armed,False,
livefinal_straight_medium_20260708_180855,930,25.216668,1783530545.046176,-0.182877,0.184778,-0.0,2.35444,0.2,-0.1171,0.199836,0.005999,camera_link,25.216668,gnm_closed_loop,,nominal,,True,ok,checkpoints/ablation_mnv2_baseline/best.pt,5.37,0.3351,-0.1171,0.0838,-0.0025,0.3801,,,gnm_closed_loop,0.2,-0.1171,False,0,,isaac_live_final_20260708,,selected_baseline_live,,,,,,,False,hospital_goal_B,0.9138,True,0.3351,-0.1171,0.2,-0.1171,True,armed,False,
livefinal_straight_medium_20260708_180855,931,25.233335,1783530545.048857,-0.185223,0.187132,0.0,2.354436,0.2,-0.1171,0.199836,0.005999,camera_link,25.233335,gnm_closed_loop,,nominal,,True,ok,checkpoints/ablation_mnv2_baseline/best.pt,5.37,0.3351,-0.1171,0.0838,-0.0025,0.3801,,,gnm_closed_loop,0.2,-0.1171,False,0,,isaac_live_final_20260708,,selected_baseline_live,,,,,,,False,hospital_goal_B,0.9105,True,0.3351,-0.1171,0.2,-0.1171,True,armed,False,
livefinal_straight_medium_20260708_180855,932,25.250001,1783530545.050905,-0.18757,0.189487,0.0,2.354431,0.2,-0.1171,0.199836,0.005999,camera_link,25.250001,gnm_closed_loop,,nominal,,True,ok,checkpoints/ablation_mnv2_baseline/best.pt,5.37,0.3351,-0.1171,0.0838,-0.0025,0.3801,,,gnm_closed_loop,0.2,-0.1171,False,0,,isaac_live_final_20260708,,selected_baseline_live,,,,,,,False,hospital_goal_B,0.9072,True,0.3351,-0.1171,0.2,-0.1171,True,armed,False,
livefinal_straight_medium_20260708_180855,933,25.266668,1783530545.067134,-0.189917,0.191842,-0.0,2.354427,0.2,-0.1048,0.199819,0.00601,camera_link,25.266668,gnm_closed_loop,,nominal,,True,ok,checkpoints/ablation_mnv2_baseline/best.pt,5.33,0.3902,-0.1048,0.0976,-0.0026,0.3735,,,gnm_closed_loop,0.2,-0.1048,False,0,,isaac_live_final_20260708,,selected_baseline_live,,,,,,,False,hospital_goal_B,0.9039,True,0.3902,-0.1048,0.2,-0.1048,True,armed,False,
livefinal_straight_medium_20260708_180855,934,25.283335,1783530545.06983,-0.192263,0.194196,-0.0,2.354423,0.2,-0.1048,0.199819,0.00601,camera_link,25.283335,gnm_closed_loop,,nominal,,True,ok,checkpoints/ablation_mnv2_baseline/best.pt,5.33,0.3902,-0.1048,0.0976,-0.0026,0.3735,,,gnm_closed_loop,0.2,-0.1048,False,0,,isaac_live_final_20260708,,selected_baseline_live,,,,,,,False,hospital_goal_B,0.9005,True,0.3902,-0.1048,0.2,-0.1048,True,armed,False,
livefinal_straight_medium_20260708_180855,935,25.300001,1783530545.071959,-0.194609,0.196551,0.0,2.354419,0.2,-0.1048,0.199819,0.00601,camera_link,25.300001,gnm_closed_loop,,nominal,,True,ok,checkpoints/ablation_mnv2_baseline/best.pt,5.33,0.3902,-0.1048,0.0976,-0.0026,0.3735,,,gnm_closed_loop,0.2,-0.1048,False,0,,isaac_live_final_20260708,,selected_baseline_live,,,,,,,False,hospital_goal_B,0.8972,True,0.3902,-0.1048,0.2,-0.1048,True,armed,False,
livefinal_straight_medium_20260708_180855,936,25.316668,1783530545.088362,-0.196956,0.198905,-0.0,2.354415,0.2,-0.1086,0.1998,0.004973,camera_link,25.316668,gnm_closed_loop,,nominal,,True,ok,checkpoints/ablation_mnv2_baseline/best.pt,4.8,0.3633,-0.1086,0.0908,-0.0025,0.3748,,,gnm_closed_loop,0.2,-0.1086,False,0,,isaac_live_final_20260708,,selected_baseline_live,,,,,,,False,hospital_goal_B,0.8939,True,0.3633,-0.1086,0.2,-0.1086,True,armed,False,
livefinal_straight_medium_20260708_180855,937,25.333335,1783530545.091247,-0.199302,0.20126,0.0,2.354411,0.2,-0.1086,0.1998,0.004973,camera_link,25.333335,gnm_closed_loop,,nominal,,True,ok,checkpoints/ablation_mnv2_baseline/best.pt,4.8,0.3633,-0.1086,0.0908,-0.0025,0.3748,,,gnm_closed_loop,0.2,-0.1086,False,0,,isaac_live_final_20260708,,selected_baseline_live,,,,,,,False,hospital_goal_B,0.8906,True,0.3633,-0.1086,0.2,-0.1086,True,armed,False,
livefinal_straight_medium_20260708_180855,938,25.350001,1783530545.093507,-0.201648,0.203614,0.0,2.354407,0.2,-0.1086,0.1998,0.004973,camera_link,25.350001,gnm_closed_loop,,nominal,,True,ok,checkpoints/ablation_mnv2_baseline/best.pt,4.8,0.3633,-0.1086,0.0908,-0.0025,0.3748,,,gnm_closed_loop,0.2,-0.1086,False,0,,isaac_live_final_20260708,,selected_baseline_live,,,,,,,False,hospital_goal_B,0.8872,True,0.3633,-0.1086,0.2,-0.1086,True,armed,False,
livefinal_straight_medium_20260708_180855,939,25.366668,1783530545.112338,-0.203995,0.205969,0.0,2.354404,0.2,-0.1576,0.199815,0.005194,camera_link,25.366668,gnm_closed_loop,,nominal,,True,ok,checkpoints/ablation_mnv2_baseline/best.pt,4.06,0.2889,-0.1576,0.0722,-0.0028,0.3794,,,gnm_closed_loop,0.2,-0.1576,False,0,,isaac_live_final_20260708,,selected_baseline_live,,,,,,,False,hospital_goal_B,0.8839,True,0.2889,-0.1576,0.2,-0.1576,True,armed,False,
livefinal_straight_medium_20260708_180855,940,25.383335,1783530545.114608,-0.206341,0.208324,-0.0,2.354397,0.2,-0.1576,0.199815,0.005194,camera_link,25.383335,gnm_closed_loop,,nominal,,True,ok,checkpoints/ablation_mnv2_baseline/best.pt,4.06,0.2889,-0.1576,0.0722,-0.0028,0.3794,,,gnm_closed_loop,0.2,-0.1576,False,0,,isaac_live_final_20260708,,selected_baseline_live,,,,,,,False,hospital_goal_B,0.8806,True,0.2889,-0.1576,0.2,-0.1576,True,armed,False,
livefinal_straight_medium_20260708_180855,941,25.400001,1783530545.116692,-0.208687,0.210678,0.0,2.354391,0.2,-0.1576,0.199815,0.005194,camera_link,25.400001,gnm_closed_loop,,nominal,,True,ok,checkpoints/ablation_mnv2_baseline/best.pt,4.06,0.2889,-0.1576,0.0722,-0.0028,0.3794,,,gnm_closed_loop,0.2,-0.1576,False,0,,isaac_live_final_20260708,,selected_baseline_live,,,,,,,False,hospital_goal_B,0.8773,True,0.2889,-0.1576,0.2,-0.1576,True,armed,False,
livefinal_straight_medium_20260708_180855,942,25.416668,1783530545.132357,-0.211033,0.213032,0.0,2.354385,0.2,-0.1695,0.19975,0.008177,camera_link,25.416668,gnm_closed_loop,,nominal,,True,ok,checkpoints/ablation_mnv2_baseline/best.pt,5.19,0.2681,-0.1695,0.067,-0.0028,0.3838,,,gnm_closed_loop,0.2,-0.1695,False,0,,isaac_live_final_20260708,,selected_baseline_live,,,,,,,False,hospital_goal_B,0.8739,True,0.2681,-0.1695,0.2,-0.1695,True,armed,False,
livefinal_straight_medium_20260708_180855,943,25.433335,1783530545.134849,-0.213379,0.215386,-0.0,2.354378,0.2,-0.1695,0.19975,0.008177,camera_link,25.433335,gnm_closed_loop,,nominal,,True,ok,checkpoints/ablation_mnv2_baseline/best.pt,5.19,0.2681,-0.1695,0.067,-0.0028,0.3838,,,gnm_closed_loop,0.2,-0.1695,False,0,,isaac_live_final_20260708,,selected_baseline_live,,,,,,,False,hospital_goal_B,0.8706,True,0.2681,-0.1695,0.2,-0.1695,True,armed,False,
livefinal_straight_medium_20260708_180855,944,25.450001,1783530545.137912,-0.215725,0.21774,-0.0,2.354371,0.2,-0.1695,0.19975,0.008177,camera_link,25.450001,gnm_closed_loop,,nominal,,True,ok,checkpoints/ablation_mnv2_baseline/best.pt,5.19,0.2681,-0.1695,0.067,-0.0028,0.3838,,,gnm_closed_loop,0.2,-0.1695,False,0,,isaac_live_final_20260708,,selected_baseline_live,,,,,,,False,hospital_goal_B,0.8673,True,0.2681,-0.1695,0.2,-0.1695,True,armed,False,
livefinal_straight_medium_20260708_180855,945,25.466668,1783530545.154891,-0.218071,0.220094,0.0,2.354364,0.2,-0.1936,0.199737,0.008214,camera_link,25.466668,gnm_closed_loop,,nominal,,True,ok,checkpoints/ablation_mnv2_baseline/best.pt,5.17,0.2366,-0.1936,0.0591,-0.0029,0.3807,,,gnm_closed_loop,0.2,-0.1936,False,0,,isaac_live_final_20260708,,selected_baseline_live,,,,,,,False,hospital_goal_B,0.864,True,0.2366,-0.1936,0.2,-0.1936,True,armed,False,
livefinal_straight_medium_20260708_180855,946,25.483335,1783530545.157255,-0.220416,0.222448,-0.0,2.354356,0.2,-0.1936,0.199737,0.008214,camera_link,25.483335,gnm_closed_loop,,nominal,,True,ok,checkpoints/ablation_mnv2_baseline/best.pt,5.17,0.2366,-0.1936,0.0591,-0.0029,0.3807,,,gnm_closed_loop,0.2,-0.1936,False,0,,isaac_live_final_20260708,,selected_baseline_live,,,,,,,False,hospital_goal_B,0.8606,True,0.2366,-0.1936,0.2,-0.1936,True,armed,False,
livefinal_straight_medium_20260708_180855,947,25.500001,1783530545.160398,-0.222761,0.224802,-0.0,2.354347,0.2,-0.1936,0.199737,0.008214,camera_link,25.500001,gnm_closed_loop,,nominal,,True,ok,checkpoints/ablation_mnv2_baseline/best.pt,5.17,0.2366,-0.1936,0.0591,-0.0029,0.3807,,,gnm_closed_loop,0.2,-0.1936,False,0,,isaac_live_final_20260708,,selected_baseline_live,,,,,,,False,hospital_goal_B,0.8573,True,0.2366,-0.1936,0.2,-0.1936,True,armed,False,
livefinal_straight_medium_20260708_180855,948,25.516668,1783530545.178887,-0.225107,0.227155,-0.0,2.354339,0.2,-0.1967,0.199691,0.009542,camera_link,25.516668,gnm_closed_loop,,nominal,,True,ok,checkpoints/ablation_mnv2_baseline/best.pt,5.15,0.2381,-0.1967,0.0595,-0.0029,0.3862,,,gnm_closed_loop,0.2,-0.1967,False,0,,isaac_live_final_20260708,,selected_baseline_live,,,,,,,False,hospital_goal_B,0.854,True,0.2381,-0.1967,0.2,-0.1967,True,armed,False,
livefinal_straight_medium_20260708_180855,949,25.533335,1783530545.181844,-0.227452,0.229509,-0.0,2.35433,0.2,-0.1967,0.199691,0.009542,camera_link,25.533335,gnm_closed_loop,,nominal,,True,ok,checkpoints/ablation_mnv2_baseline/best.pt,5.15,0.2381,-0.1967,0.0595,-0.0029,0.3862,,,gnm_closed_loop,0.2,-0.1967,False,0,,isaac_live_final_20260708,,selected_baseline_live,,,,,,,False,hospital_goal_B,0.8507,True,0.2381,-0.1967,0.2,-0.1967,True,armed,False,
livefinal_straight_medium_20260708_180855,950,25.550001,1783530545.183765,-0.229797,0.231862,-0.0,2.354322,0.2,-0.1967,0.199691,0.009542,camera_link,25.550001,gnm_closed_loop,,nominal,,True,ok,checkpoints/ablation_mnv2_baseline/best.pt,5.15,0.2381,-0.1967,0.0595,-0.0029,0.3862,,,gnm_closed_loop,0.2,-0.1967,False,0,,isaac_live_final_20260708,,selected_baseline_live,,,,,,,False,hospital_goal_B,0.8474,True,0.2381,-0.1967,0.2,-0.1967,True,armed,False,
livefinal_straight_medium_20260708_180855,951,25.566668,1783530545.201871,-0.232142,0.234216,-0.0,2.354313,0.2,-0.1881,0.199659,0.009374,camera_link,25.566668,gnm_closed_loop,,nominal,,True,ok,checkpoints/ablation_mnv2_baseline/best.pt,5.16,0.2644,-0.1881,0.0661,-0.0031,0.3906,,,gnm_closed_loop,0.2,-0.1881,False,0,,isaac_live_final_20260708,,selected_baseline_live,,,,,,,False,hospital_goal_B,0.844,True,0.2644,-0.1881,0.2,-0.1881,True,armed,False,
livefinal_straight_medium_20260708_180855,952,25.583335,1783530545.204776,-0.234487,0.23657,-0.0,2.354305,0.2,-0.1881,0.199659,0.009374,camera_link,25.583335,gnm_closed_loop,,nominal,,True,ok,checkpoints/ablation_mnv2_baseline/best.pt,5.16,0.2644,-0.1881,0.0661,-0.0031,0.3906,,,gnm_closed_loop,0.2,-0.1881,False,0,,isaac_live_final_20260708,,selected_baseline_live,,,,,,,False,hospital_goal_B,0.8407,True,0.2644,-0.1881,0.2,-0.1881,True,armed,False,
livefinal_straight_medium_20260708_180855,953,25.600001,1783530545.207607,-0.236833,0.238924,-0.0,2.354297,0.2,-0.1881,0.199659,0.009374,camera_link,25.600001,gnm_closed_loop,,nominal,,True,ok,checkpoints/ablation_mnv2_baseline/best.pt,5.16,0.2644,-0.1881,0.0661,-0.0031,0.3906,,,gnm_closed_loop,0.2,-0.1881,False,0,,isaac_live_final_20260708,,selected_baseline_live,,,,,,,False,hospital_goal_B,0.8374,True,0.2644,-0.1881,0.2,-0.1881,True,armed,False,
livefinal_straight_medium_20260708_180855,954,25.616668,1783530545.225091,-0.239178,0.241278,-0.0,2.354289,0.2,-0.1803,0.199739,0.009438,camera_link,25.616668,gnm_closed_loop,,nominal,,True,ok,checkpoints/ablation_mnv2_baseline/best.pt,5.51,0.292,-0.1803,0.073,-0.0033,0.3849,,,gnm_closed_loop,0.2,-0.1803,False,0,,isaac_live_final_20260708,,selected_baseline_live,,,,,,,False,hospital_goal_B,0.8341,True,0.292,-0.1803,0.2,-0.1803,True,armed,False,
livefinal_straight_medium_20260708_180855,955,25.633335,1783530545.228089,-0.241523,0.243632,-0.0,2.354282,0.2,-0.1803,0.199739,0.009438,camera_link,25.633335,gnm_closed_loop,,nominal,,True,ok,checkpoints/ablation_mnv2_baseline/best.pt,5.51,0.292,-0.1803,0.073,-0.0033,0.3849,,,gnm_closed_loop,0.2,-0.1803,False,0,,isaac_live_final_20260708,,selected_baseline_live,,,,,,,False,hospital_goal_B,0.8307,True,0.292,-0.1803,0.2,-0.1803,True,armed,False,
livefinal_straight_medium_20260708_180855,956,25.650001,1783530545.230027,-0.243869,0.245986,-0.0,2.354275,0.2,-0.1803,0.199739,0.009438,camera_link,25.650001,gnm_closed_loop,,nominal,,True,ok,checkpoints/ablation_mnv2_baseline/best.pt,5.51,0.292,-0.1803,0.073,-0.0033,0.3849,,,gnm_closed_loop,0.2,-0.1803,False,0,,isaac_live_final_20260708,,selected_baseline_live,,,,,,,False,hospital_goal_B,0.8274,True,0.292,-0.1803,0.2,-0.1803,True,armed,False,
livefinal_straight_medium_20260708_180855,957,25.666668,1783530545.249048,-0.246215,0.24834,-0.0,2.354268,0.2,-0.1902,0.199757,0.008616,camera_link,25.666668,gnm_closed_loop,,nominal,,True,ok,checkpoints/ablation_mnv2_baseline/best.pt,6.2,0.2833,-0.1902,0.0708,-0.0034,0.38,,,gnm_closed_loop,0.2,-0.1902,False,0,,isaac_live_final_20260708,,selected_baseline_live,,,,,,,False,hospital_goal_B,0.8241,True,0.2833,-0.1902,0.2,-0.1902,True,armed,False,
livefinal_straight_medium_20260708_180855,958,25.683335,1783530545.252814,-0.24856,0.250694,-0.0,2.35426,0.2,-0.1902,0.199757,0.008616,camera_link,25.683335,gnm_closed_loop,,nominal,,True,ok,checkpoints/ablation_mnv2_baseline/best.pt,6.2,0.2833,-0.1902,0.0708,-0.0034,0.38,,,gnm_closed_loop,0.2,-0.1902,False,0,,isaac_live_final_20260708,,selected_baseline_live,,,,,,,False,hospital_goal_B,0.8208,True,0.2833,-0.1902,0.2,-0.1902,True,armed,False,
livefinal_straight_medium_20260708_180855,959,25.700001,1783530545.255121,-0.250905,0.253048,-0.0,2.354251,0.2,-0.1902,0.199757,0.008616,camera_link,25.700001,gnm_closed_loop,,nominal,,True,ok,checkpoints/ablation_mnv2_baseline/best.pt,6.2,0.2833,-0.1902,0.0708,-0.0034,0.38,,,gnm_closed_loop,0.2,-0.1902,False,0,,isaac_live_final_20260708,,selected_baseline_live,,,,,,,False,hospital_goal_B,0.8174,True,0.2833,-0.1902,0.2,-0.1902,True,armed,False,
livefinal_straight_medium_20260708_180855,960,25.716668,1783530545.284436,-0.253251,0.255402,-0.0,2.354243,0.2,-0.1898,0.19969,0.009553,camera_link,25.716668,gnm_closed_loop,,nominal,,True,ok,checkpoints/ablation_mnv2_baseline/best.pt,9.55,0.2844,-0.1898,0.0711,-0.0034,0.3818,,,gnm_closed_loop,0.2,-0.1898,False,0,,isaac_live_final_20260708,,selected_baseline_live,,,,,,,False,hospital_goal_B,0.8141,True,0.2844,-0.1898,0.2,-0.1898,True,armed,False,
livefinal_straight_medium_20260708_180855,961,25.733335,1783530545.288649,-0.255596,0.257756,-0.0,2.354235,0.2,-0.1898,0.19969,0.009553,camera_link,25.733335,gnm_closed_loop,,nominal,,True,ok,checkpoints/ablation_mnv2_baseline/best.pt,9.55,0.2844,-0.1898,0.0711,-0.0034,0.3818,,,gnm_closed_loop,0.2,-0.1898,False,0,,isaac_live_final_20260708,,selected_baseline_live,,,,,,,False,hospital_goal_B,0.8108,True,0.2844,-0.1898,0.2,-0.1898,True,armed,False,
livefinal_straight_medium_20260708_180855,962,25.750001,1783530545.291363,-0.257941,0.26011,-0.0,2.354226,0.2,-0.1898,0.19969,0.009553,camera_link,25.750001,gnm_closed_loop,,nominal,,True,ok,checkpoints/ablation_mnv2_baseline/best.pt,9.55,0.2844,-0.1898,0.0711,-0.0034,0.3818,,,gnm_closed_loop,0.2,-0.1898,False,0,,isaac_live_final_20260708,,selected_baseline_live,,,,,,,False,hospital_goal_B,0.8075,True,0.2844,-0.1898,0.2,-0.1898,True,armed,False,
livefinal_straight_medium_20260708_180855,963,25.766668,1783530545.311516,-0.260286,0.262464,-0.0,2.354218,0.2,-0.1992,0.199739,0.00978,camera_link,25.766668,gnm_closed_loop,,nominal,,True,ok,checkpoints/ablation_mnv2_baseline/best.pt,5.12,0.2671,-0.1992,0.0668,-0.0033,0.3826,,,gnm_closed_loop,0.2,-0.1992,False,0,,isaac_live_final_20260708,,selected_baseline_live,,,,,,,False,hospital_goal_B,0.8042,True,0.2671,-0.1992,0.2,-0.1992,True,armed,False,
livefinal_straight_medium_20260708_180855,964,25.783335,1783530545.31448,-0.262631,0.264818,-0.0,2.354209,0.2,-0.1992,0.199739,0.00978,camera_link,25.783335,gnm_closed_loop,,nominal,,True,ok,checkpoints/ablation_mnv2_baseline/best.pt,5.12,0.2671,-0.1992,0.0668,-0.0033,0.3826,,,gnm_closed_loop,0.2,-0.1992,False,0,,isaac_live_final_20260708,,selected_baseline_live,,,,,,,False,hospital_goal_B,0.8008,True,0.2671,-0.1992,0.2,-0.1992,True,armed,False,
livefinal_straight_medium_20260708_180855,965,25.800001,1783530545.316675,-0.264976,0.267172,-0.0,2.3542,0.2,-0.1992,0.199739,0.00978,camera_link,25.800001,gnm_closed_loop,,nominal,,True,ok,checkpoints/ablation_mnv2_baseline/best.pt,5.12,0.2671,-0.1992,0.0668,-0.0033,0.3826,,,gnm_closed_loop,0.2,-0.1992,False,0,,isaac_live_final_20260708,,selected_baseline_live,,,,,,,False,hospital_goal_B,0.7975,True,0.2671,-0.1992,0.2,-0.1992,True,armed,False,
livefinal_straight_medium_20260708_180855,966,25.816668,1783530545.334162,-0.26732,0.269525,-0.0,2.354191,0.2,-0.2162,0.199691,0.009792,camera_link,25.816668,gnm_closed_loop,,nominal,,True,ok,checkpoints/ablation_mnv2_baseline/best.pt,5.18,0.2429,-0.2162,0.0607,-0.0033,0.3793,,,gnm_closed_loop,0.2,-0.2162,False,0,,isaac_live_final_20260708,,selected_baseline_live,,,,,,,False,hospital_goal_B,0.7942,True,0.2429,-0.2162,0.2,-0.2162,True,armed,False,
livefinal_straight_medium_20260708_180855,967,25.833335,1783530545.336414,-0.269665,0.271879,-0.0,2.354179,0.2,-0.2162,0.199691,0.009792,camera_link,25.833335,gnm_closed_loop,,nominal,,True,ok,checkpoints/ablation_mnv2_baseline/best.pt,5.18,0.2429,-0.2162,0.0607,-0.0033,0.3793,,,gnm_closed_loop,0.2,-0.2162,False,0,,isaac_live_final_20260708,,selected_baseline_live,,,,,,,False,hospital_goal_B,0.7909,True,0.2429,-0.2162,0.2,-0.2162,True,armed,False,
livefinal_straight_medium_20260708_180855,968,25.850001,1783530545.33839,-0.272009,0.274232,-0.0,2.354169,0.2,-0.2162,0.199691,0.009792,camera_link,25.850001,gnm_closed_loop,,nominal,,True,ok,checkpoints/ablation_mnv2_baseline/best.pt,5.18,0.2429,-0.2162,0.0607,-0.0033,0.3793,,,gnm_closed_loop,0.2,-0.2162,False,0,,isaac_live_final_20260708,,selected_baseline_live,,,,,,,False,hospital_goal_B,0.7875,True,0.2429,-0.2162,0.2,-0.2162,True,armed,False,
livefinal_straight_medium_20260708_180855,969,25.866668,1783530545.354157,-0.274353,0.276585,-0.0,2.354158,0.2,-0.2247,0.199673,0.01046,camera_link,25.866668,gnm_closed_loop,,nominal,,True,ok,checkpoints/ablation_mnv2_baseline/best.pt,5.15,0.2216,-0.2247,0.0554,-0.0031,0.3731,,,gnm_closed_loop,0.2,-0.2247,False,0,,isaac_live_final_20260708,,selected_baseline_live,,,,,,,False,hospital_goal_B,0.7842,True,0.2216,-0.2247,0.2,-0.2247,True,armed,False,
livefinal_straight_medium_20260708_180855,970,25.883335,1783530545.356839,-0.276697,0.278938,-0.0,2.354146,0.2,-0.2247,0.199673,0.01046,camera_link,25.883335,gnm_closed_loop,,nominal,,True,ok,checkpoints/ablation_mnv2_baseline/best.pt,5.15,0.2216,-0.2247,0.0554,-0.0031,0.3731,,,gnm_closed_loop,0.2,-0.2247,False,0,,isaac_live_final_20260708,,selected_baseline_live,,,,,,,False,hospital_goal_B,0.7809,True,0.2216,-0.2247,0.2,-0.2247,True,armed,False,
livefinal_straight_medium_20260708_180855,971,25.900001,1783530545.358939,-0.279041,0.281291,-0.0,2.354132,0.2,-0.2247,0.199673,0.01046,camera_link,25.900001,gnm_closed_loop,,nominal,,True,ok,checkpoints/ablation_mnv2_baseline/best.pt,5.15,0.2216,-0.2247,0.0554,-0.0031,0.3731,,,gnm_closed_loop,0.2,-0.2247,False,0,,isaac_live_final_20260708,,selected_baseline_live,,,,,,,False,hospital_goal_B,0.7776,True,0.2216,-0.2247,0.2,-0.2247,True,armed,False,
livefinal_straight_medium_20260708_180855,972,25.916668,1783530545.377786,-0.281386,0.283644,-0.0,2.35412,0.2,-0.2263,0.19969,0.011727,camera_link,25.916668,gnm_closed_loop,,nominal,,True,ok,checkpoints/ablation_mnv2_baseline/best.pt,6.3,0.2288,-0.2263,0.0572,-0.0032,0.3706,,,gnm_closed_loop,0.2,-0.2263,False,0,,isaac_live_final_20260708,,selected_baseline_live,,,,,,,False,hospital_goal_B,0.7743,True,0.2288,-0.2263,0.2,-0.2263,True,armed,False,
livefinal_straight_medium_20260708_180855,973,25.933335,1783530545.380388,-0.28373,0.285997,-0.0,2.354106,0.2,-0.2263,0.19969,0.011727,camera_link,25.933335,gnm_closed_loop,,nominal,,True,ok,checkpoints/ablation_mnv2_baseline/best.pt,6.3,0.2288,-0.2263,0.0572,-0.0032,0.3706,,,gnm_closed_loop,0.2,-0.2263,False,0,,isaac_live_final_20260708,,selected_baseline_live,,,,,,,False,hospital_goal_B,0.7709,True,0.2288,-0.2263,0.2,-0.2263,True,armed,False,
livefinal_straight_medium_20260708_180855,974,25.950001,1783530545.382862,-0.286074,0.288351,-0.0,2.354093,0.2,-0.2263,0.19969,0.011727,camera_link,25.950001,gnm_closed_loop,,nominal,,True,ok,checkpoints/ablation_mnv2_baseline/best.pt,6.3,0.2288,-0.2263,0.0572,-0.0032,0.3706,,,gnm_closed_loop,0.2,-0.2263,False,0,,isaac_live_final_20260708,,selected_baseline_live,,,,,,,False,hospital_goal_B,0.7676,True,0.2288,-0.2263,0.2,-0.2263,True,armed,False,
livefinal_straight_medium_20260708_180855,975,25.966668,1783530545.399949,-0.288418,0.290704,-0.0,2.35408,0.2,-0.1856,0.199695,0.011898,camera_link,25.966668,gnm_closed_loop,,nominal,,True,ok,checkpoints/ablation_mnv2_baseline/best.pt,5.2,0.2759,-0.1856,0.069,-0.0032,0.374,,,gnm_closed_loop,0.2,-0.1856,False,0,,isaac_live_final_20260708,,selected_baseline_live,,,,,,,False,hospital_goal_B,0.7643,True,0.2759,-0.1856,0.2,-0.1856,True,armed,False,
livefinal_straight_medium_20260708_180855,976,25.983335,1783530545.402662,-0.290763,0.293058,0.0,2.354072,0.2,-0.1856,0.199695,0.011898,camera_link,25.983335,gnm_closed_loop,,nominal,,True,ok,checkpoints/ablation_mnv2_baseline/best.pt,5.2,0.2759,-0.1856,0.069,-0.0032,0.374,,,gnm_closed_loop,0.2,-0.1856,False,0,,isaac_live_final_20260708,,selected_baseline_live,,,,,,,False,hospital_goal_B,0.761,True,0.2759,-0.1856,0.2,-0.1856,True,armed,False,
livefinal_straight_medium_20260708_180855,977,26.000001,1783530545.404611,-0.293108,0.295413,0.0,2.354064,0.2,-0.1856,0.199695,0.011898,camera_link,26.000001,gnm_closed_loop,,nominal,,True,ok,checkpoints/ablation_mnv2_baseline/best.pt,5.2,0.2759,-0.1856,0.069,-0.0032,0.374,,,gnm_closed_loop,0.2,-0.1856,False,0,,isaac_live_final_20260708,,selected_baseline_live,,,,,,,False,hospital_goal_B,0.7577,True,0.2759,-0.1856,0.2,-0.1856,True,armed,False,
livefinal_straight_medium_20260708_180855,978,26.016668,1783530545.423114,-0.295453,0.297768,-0.0,2.354056,0.2,-0.1395,0.199714,0.009431,camera_link,26.016668,gnm_closed_loop,,nominal,,True,ok,checkpoints/ablation_mnv2_baseline/best.pt,4.36,0.3425,-0.1395,0.0856,-0.003,0.382,,,gnm_closed_loop,0.2,-0.1395,False,0,,isaac_live_final_20260708,,selected_baseline_live,,,,,,,False,hospital_goal_B,0.7543,True,0.3425,-0.1395,0.2,-0.1395,True,armed,False,
livefinal_straight_medium_20260708_180855,979,26.033335,1783530545.425415,-0.297798,0.300123,-0.0,2.35405,0.2,-0.1395,0.199714,0.009431,camera_link,26.033335,gnm_closed_loop,,nominal,,True,ok,checkpoints/ablation_mnv2_baseline/best.pt,4.36,0.3425,-0.1395,0.0856,-0.003,0.382,,,gnm_closed_loop,0.2,-0.1395,False,0,,isaac_live_final_20260708,,selected_baseline_live,,,,,,,False,hospital_goal_B,0.751,True,0.3425,-0.1395,0.2,-0.1395,True,armed,False,
livefinal_straight_medium_20260708_180855,980,26.050001,1783530545.427305,-0.300144,0.302478,0.0,2.354045,0.2,-0.1395,0.199714,0.009431,camera_link,26.050001,gnm_closed_loop,,nominal,,True,ok,checkpoints/ablation_mnv2_baseline/best.pt,4.36,0.3425,-0.1395,0.0856,-0.003,0.382,,,gnm_closed_loop,0.2,-0.1395,False,0,,isaac_live_final_20260708,,selected_baseline_live,,,,,,,False,hospital_goal_B,0.7477,True,0.3425,-0.1395,0.2,-0.1395,True,armed,False,
livefinal_straight_medium_20260708_180855,981,26.066668,1783530545.44384,-0.302489,0.304833,0.0,2.35404,0.2,-0.1069,0.199789,0.006793,camera_link,26.066668,gnm_closed_loop,,nominal,,True,ok,checkpoints/ablation_mnv2_baseline/best.pt,5.56,0.4326,-0.1069,0.1081,-0.0029,0.3837,,,gnm_closed_loop,0.2,-0.1069,False,0,,isaac_live_final_20260708,,selected_baseline_live,,,,,,,False,hospital_goal_B,0.7444,True,0.4326,-0.1069,0.2,-0.1069,True,armed,False,
livefinal_straight_medium_20260708_180855,982,26.083335,1783530545.447235,-0.304835,0.307188,0.0,2.354036,0.2,-0.1069,0.199789,0.006793,camera_link,26.083335,gnm_closed_loop,,nominal,,True,ok,checkpoints/ablation_mnv2_baseline/best.pt,5.56,0.4326,-0.1069,0.1081,-0.0029,0.3837,,,gnm_closed_loop,0.2,-0.1069,False,0,,isaac_live_final_20260708,,selected_baseline_live,,,,,,,False,hospital_goal_B,0.741,True,0.4326,-0.1069,0.2,-0.1069,True,armed,False,
livefinal_straight_medium_20260708_180855,983,26.100001,1783530545.449342,-0.30718,0.309544,0.0,2.354032,0.2,-0.1069,0.199789,0.006793,camera_link,26.100001,gnm_closed_loop,,nominal,,True,ok,checkpoints/ablation_mnv2_baseline/best.pt,5.56,0.4326,-0.1069,0.1081,-0.0029,0.3837,,,gnm_closed_loop,0.2,-0.1069,False,0,,isaac_live_final_20260708,,selected_baseline_live,,,,,,,False,hospital_goal_B,0.7377,True,0.4326,-0.1069,0.2,-0.1069,True,armed,False,
livefinal_straight_medium_20260708_180855,984,26.116668,1783530545.466184,-0.309526,0.311899,-0.0,2.354028,0.2,-0.1047,0.199807,0.00558,camera_link,26.116668,gnm_closed_loop,,nominal,,True,ok,checkpoints/ablation_mnv2_baseline/best.pt,5.2,0.4439,-0.1047,0.111,-0.0029,0.3777,,,gnm_closed_loop,0.2,-0.1047,False,0,,isaac_live_final_20260708,,selected_baseline_live,,,,,,,False,hospital_goal_B,0.7344,True,0.4439,-0.1047,0.2,-0.1047,True,armed,False,
livefinal_straight_medium_20260708_180855,985,26.133335,1783530545.468868,-0.311871,0.314255,0.0,2.354024,0.2,-0.1047,0.199807,0.00558,camera_link,26.133335,gnm_closed_loop,,nominal,,True,ok,checkpoints/ablation_mnv2_baseline/best.pt,5.2,0.4439,-0.1047,0.111,-0.0029,0.3777,,,gnm_closed_loop,0.2,-0.1047,False,0,,isaac_live_final_20260708,,selected_baseline_live,,,,,,,False,hospital_goal_B,0.7311,True,0.4439,-0.1047,0.2,-0.1047,True,armed,False,
livefinal_straight_medium_20260708_180855,986,26.150001,1783530545.470906,-0.314216,0.31661,0.0,2.35402,0.2,-0.1047,0.199807,0.00558,camera_link,26.150001,gnm_closed_loop,,nominal,,True,ok,checkpoints/ablation_mnv2_baseline/best.pt,5.2,0.4439,-0.1047,0.111,-0.0029,0.3777,,,gnm_closed_loop,0.2,-0.1047,False,0,,isaac_live_final_20260708,,selected_baseline_live,,,,,,,False,hospital_goal_B,0.7277,True,0.4439,-0.1047,0.2,-0.1047,True,armed,False,
livefinal_straight_medium_20260708_180855,987,26.166668,1783530545.491686,-0.316563,0.318966,0.0,2.354016,0.2,-0.097,0.199786,0.005406,camera_link,26.166668,gnm_closed_loop,,nominal,,True,ok,checkpoints/ablation_mnv2_baseline/best.pt,5.8,0.4457,-0.097,0.1114,-0.0027,0.3734,,,gnm_closed_loop,0.2,-0.097,False,0,,isaac_live_final_20260708,,selected_baseline_live,,,,,,,False,hospital_goal_B,0.7244,True,0.4457,-0.097,0.2,-0.097,True,armed,False,
livefinal_straight_medium_20260708_180855,988,26.183335,1783530545.494115,-0.318908,0.321322,0.0,2.354012,0.2,-0.097,0.199786,0.005406,camera_link,26.183335,gnm_closed_loop,,nominal,,True,ok,checkpoints/ablation_mnv2_baseline/best.pt,5.8,0.4457,-0.097,0.1114,-0.0027,0.3734,,,gnm_closed_loop,0.2,-0.097,False,0,,isaac_live_final_20260708,,selected_baseline_live,,,,,,,False,hospital_goal_B,0.7211,True,0.4457,-0.097,0.2,-0.097,True,armed,False,
livefinal_straight_medium_20260708_180855,989,26.200001,1783530545.496134,-0.321254,0.323678,0.0,2.354009,0.2,-0.097,0.199786,0.005406,camera_link,26.200001,gnm_closed_loop,,nominal,,True,ok,checkpoints/ablation_mnv2_baseline/best.pt,5.8,0.4457,-0.097,0.1114,-0.0027,0.3734,,,gnm_closed_loop,0.2,-0.097,False,0,,isaac_live_final_20260708,,selected_baseline_live,,,,,,,False,hospital_goal_B,0.7178,True,0.4457,-0.097,0.2,-0.097,True,armed,False,
livefinal_straight_medium_20260708_180855,990,26.216668,1783530545.512897,-0.3236,0.326034,0.0,2.354005,0.2,-0.108,0.19977,0.004607,camera_link,26.216668,gnm_closed_loop,,nominal,,True,ok,checkpoints/ablation_mnv2_baseline/best.pt,5.4,0.4138,-0.108,0.1034,-0.0028,0.3726,,,gnm_closed_loop,0.2,-0.108,False,0,,isaac_live_final_20260708,,selected_baseline_live,,,,,,,False,hospital_goal_B,0.7144,True,0.4138,-0.108,0.2,-0.108,True,armed,False,
livefinal_straight_medium_20260708_180855,991,26.233335,1783530545.515296,-0.325945,0.328389,0.0,2.354001,0.2,-0.108,0.19977,0.004607,camera_link,26.233335,gnm_closed_loop,,nominal,,True,ok,checkpoints/ablation_mnv2_baseline/best.pt,5.4,0.4138,-0.108,0.1034,-0.0028,0.3726,,,gnm_closed_loop,0.2,-0.108,False,0,,isaac_live_final_20260708,,selected_baseline_live,,,,,,,False,hospital_goal_B,0.7111,True,0.4138,-0.108,0.2,-0.108,True,armed,False,
livefinal_straight_medium_20260708_180855,992,26.250001,1783530545.517317,-0.328291,0.330745,0.0,2.353997,0.2,-0.108,0.19977,0.004607,camera_link,26.250001,gnm_closed_loop,,nominal,,True,ok,checkpoints/ablation_mnv2_baseline/best.pt,5.4,0.4138,-0.108,0.1034,-0.0028,0.3726,,,gnm_closed_loop,0.2,-0.108,False,0,,isaac_live_final_20260708,,selected_baseline_live,,,,,,,False,hospital_goal_B,0.7078,True,0.4138,-0.108,0.2,-0.108,True,armed,False,
livefinal_straight_medium_20260708_180855,993,26.266668,1783530545.533888,-0.330637,0.333102,0.0,2.353993,0.2,-0.1298,0.199784,0.00575,camera_link,26.266668,gnm_closed_loop,,nominal,,True,ok,checkpoints/ablation_mnv2_baseline/best.pt,5.14,0.3619,-0.1298,0.0905,-0.0029,0.377,,,gnm_closed_loop,0.2,-0.1298,False,0,,isaac_live_final_20260708,,selected_baseline_live,,,,,,,False,hospital_goal_B,0.7045,True,0.3619,-0.1298,0.2,-0.1298,True,armed,False,
livefinal_straight_medium_20260708_180855,994,26.283335,1783530545.536277,-0.332982,0.335457,-0.0,2.353988,0.2,-0.1298,0.199784,0.00575,camera_link,26.283335,gnm_closed_loop,,nominal,,True,ok,checkpoints/ablation_mnv2_baseline/best.pt,5.14,0.3619,-0.1298,0.0905,-0.0029,0.377,,,gnm_closed_loop,0.2,-0.1298,False,0,,isaac_live_final_20260708,,selected_baseline_live,,,,,,,False,hospital_goal_B,0.7011,True,0.3619,-0.1298,0.2,-0.1298,True,armed,False,
livefinal_straight_medium_20260708_180855,995,26.300001,1783530545.538784,-0.335328,0.337813,0.0,2.353983,0.2,-0.1298,0.199784,0.00575,camera_link,26.300001,gnm_closed_loop,,nominal,,True,ok,checkpoints/ablation_mnv2_baseline/best.pt,5.14,0.3619,-0.1298,0.0905,-0.0029,0.377,,,gnm_closed_loop,0.2,-0.1298,False,0,,isaac_live_final_20260708,,selected_baseline_live,,,,,,,False,hospital_goal_B,0.6978,True,0.3619,-0.1298,0.2,-0.1298,True,armed,False,
livefinal_straight_medium_20260708_180855,996,26.316668,1783530545.555826,-0.337673,0.340168,0.0,2.353978,0.2,-0.1745,0.199753,0.005783,camera_link,26.316668,gnm_closed_loop,,nominal,,True,ok,checkpoints/ablation_mnv2_baseline/best.pt,4.93,0.2865,-0.1745,0.0716,-0.0031,0.384,,,gnm_closed_loop,0.2,-0.1745,False,0,,isaac_live_final_20260708,,selected_baseline_live,,,,,,,False,hospital_goal_B,0.6945,True,0.2865,-0.1745,0.2,-0.1745,True,armed,False,
livefinal_straight_medium_20260708_180855,997,26.333335,1783530545.558278,-0.340019,0.342524,0.0,2.353972,0.2,-0.1745,0.199753,0.005783,camera_link,26.333335,gnm_closed_loop,,nominal,,True,ok,checkpoints/ablation_mnv2_baseline/best.pt,4.93,0.2865,-0.1745,0.0716,-0.0031,0.384,,,gnm_closed_loop,0.2,-0.1745,False,0,,isaac_live_final_20260708,,selected_baseline_live,,,,,,,False,hospital_goal_B,0.6912,True,0.2865,-0.1745,0.2,-0.1745,True,armed,False,
livefinal_straight_medium_20260708_180855,998,26.350001,1783530545.560214,-0.342364,0.34488,0.0,2.353965,0.2,-0.1745,0.199753,0.005783,camera_link,26.350001,gnm_closed_loop,,nominal,,True,ok,checkpoints/ablation_mnv2_baseline/best.pt,4.93,0.2865,-0.1745,0.0716,-0.0031,0.384,,,gnm_closed_loop,0.2,-0.1745,False,0,,isaac_live_final_20260708,,selected_baseline_live,,,,,,,False,hospital_goal_B,0.6878,True,0.2865,-0.1745,0.2,-0.1745,True,armed,False,
livefinal_straight_medium_20260708_180855,999,26.366668,1783530545.574513,-0.344709,0.347235,0.0,2.353957,0.2,-0.1708,0.199724,0.009833,camera_link,26.366668,gnm_closed_loop,,nominal,,True,ok,checkpoints/ablation_mnv2_baseline/best.pt,4.02,0.2939,-0.1708,0.0735,-0.0031,0.3873,,,gnm_closed_loop,0.2,-0.1708,False,0,,isaac_live_final_20260708,,selected_baseline_live,,,,,,,False,hospital_goal_B,0.6845,True,0.2939,-0.1708,0.2,-0.1708,True,armed,False,
livefinal_straight_medium_20260708_180855,1000,26.383335,1783530545.577151,-0.347053,0.34959,0.0,2.35395,0.2,-0.1708,0.199724,0.009833,camera_link,26.383335,gnm_closed_loop,,nominal,,True,ok,checkpoints/ablation_mnv2_baseline/best.pt,4.02,0.2939,-0.1708,0.0735,-0.0031,0.3873,,,gnm_closed_loop,0.2,-0.1708,False,0,,isaac_live_final_20260708,,selected_baseline_live,,,,,,,False,hospital_goal_B,0.6812,True,0.2939,-0.1708,0.2,-0.1708,True,armed,False,
livefinal_straight_medium_20260708_180855,1001,26.400001,1783530545.579134,-0.349398,0.351944,0.0,2.353943,0.2,-0.1708,0.199724,0.009833,camera_link,26.400001,gnm_closed_loop,,nominal,,True,ok,checkpoints/ablation_mnv2_baseline/best.pt,4.02,0.2939,-0.1708,0.0735,-0.0031,0.3873,,,gnm_closed_loop,0.2,-0.1708,False,0,,isaac_live_final_20260708,,selected_baseline_live,,,,,,,False,hospital_goal_B,0.6779,True,0.2939,-0.1708,0.2,-0.1708,True,armed,False,
livefinal_straight_medium_20260708_180855,1002,26.416668,1783530545.594902,-0.351743,0.354299,0.0,2.353936,0.2,-0.1469,0.199733,0.008924,camera_link,26.416668,gnm_closed_loop,,nominal,,True,ok,checkpoints/ablation_mnv2_baseline/best.pt,5.44,0.343,-0.1469,0.0858,-0.0032,0.3979,,,gnm_closed_loop,0.2,-0.1469,False,0,,isaac_live_final_20260708,,selected_baseline_live,,,,,,,False,hospital_goal_B,0.6746,True,0.343,-0.1469,0.2,-0.1469,True,armed,False,
livefinal_straight_medium_20260708_180855,1003,26.433335,1783530545.597545,-0.354087,0.356655,0.0,2.35393,0.2,-0.1469,0.199733,0.008924,camera_link,26.433335,gnm_closed_loop,,nominal,,True,ok,checkpoints/ablation_mnv2_baseline/best.pt,5.44,0.343,-0.1469,0.0858,-0.0032,0.3979,,,gnm_closed_loop,0.2,-0.1469,False,0,,isaac_live_final_20260708,,selected_baseline_live,,,,,,,False,hospital_goal_B,0.6712,True,0.343,-0.1469,0.2,-0.1469,True,armed,False,
livefinal_straight_medium_20260708_180855,1004,26.450001,1783530545.599547,-0.356432,0.35901,0.0,2.353923,0.2,-0.1469,0.199733,0.008924,camera_link,26.450001,gnm_closed_loop,,nominal,,True,ok,checkpoints/ablation_mnv2_baseline/best.pt,5.44,0.343,-0.1469,0.0858,-0.0032,0.3979,,,gnm_closed_loop,0.2,-0.1469,False,0,,isaac_live_final_20260708,,selected_baseline_live,,,,,,,False,hospital_goal_B,0.6679,True,0.343,-0.1469,0.2,-0.1469,True,armed,False,
livefinal_straight_medium_20260708_180855,1005,26.466668,1783530545.616353,-0.358777,0.361365,0.0,2.353917,0.2,-0.1347,0.19976,0.008188,camera_link,26.466668,gnm_closed_loop,,nominal,,True,ok,checkpoints/ablation_mnv2_baseline/best.pt,5.12,0.3806,-0.1347,0.0952,-0.0032,0.3969,,,gnm_closed_loop,0.2,-0.1347,False,0,,isaac_live_final_20260708,,selected_baseline_live,,,,,,,False,hospital_goal_B,0.6646,True,0.3806,-0.1347,0.2,-0.1347,True,armed,False,
livefinal_straight_medium_20260708_180855,1006,26.483335,1783530545.618635,-0.361122,0.363721,0.0,2.353911,0.2,-0.1347,0.19976,0.008188,camera_link,26.483335,gnm_closed_loop,,nominal,,True,ok,checkpoints/ablation_mnv2_baseline/best.pt,5.12,0.3806,-0.1347,0.0952,-0.0032,0.3969,,,gnm_closed_loop,0.2,-0.1347,False,0,,isaac_live_final_20260708,,selected_baseline_live,,,,,,,False,hospital_goal_B,0.6613,True,0.3806,-0.1347,0.2,-0.1347,True,armed,False,
livefinal_straight_medium_20260708_180855,1007,26.500001,1783530545.620622,-0.363467,0.366076,0.0,2.353906,0.2,-0.1347,0.19976,0.008188,camera_link,26.500001,gnm_closed_loop,,nominal,,True,ok,checkpoints/ablation_mnv2_baseline/best.pt,5.12,0.3806,-0.1347,0.0952,-0.0032,0.3969,,,gnm_closed_loop,0.2,-0.1347,False,0,,isaac_live_final_20260708,,selected_baseline_live,,,,,,,False,hospital_goal_B,0.6579,True,0.3806,-0.1347,0.2,-0.1347,True,armed,False,
livefinal_straight_medium_20260708_180855,1008,26.516668,1783530545.637929,-0.365813,0.368432,0.0,2.353901,0.2,-0.1259,0.199752,0.005958,camera_link,26.516668,gnm_closed_loop,,nominal,,True,ok,checkpoints/ablation_mnv2_baseline/best.pt,4.94,0.4117,-0.1259,0.1029,-0.0032,0.3977,,,gnm_closed_loop,0.2,-0.1259,False,0,,isaac_live_final_20260708,,selected_baseline_live,,,,,,,False,hospital_goal_B,0.6546,True,0.4117,-0.1259,0.2,-0.1259,True,armed,False,
livefinal_straight_medium_20260708_180855,1009,26.533335,1783530545.640808,-0.368158,0.370788,0.0,2.353896,0.2,-0.1259,0.199752,0.005958,camera_link,26.533335,gnm_closed_loop,,nominal,,True,ok,checkpoints/ablation_mnv2_baseline/best.pt,4.94,0.4117,-0.1259,0.1029,-0.0032,0.3977,,,gnm_closed_loop,0.2,-0.1259,False,0,,isaac_live_final_20260708,,selected_baseline_live,,,,,,,False,hospital_goal_B,0.6513,True,0.4117,-0.1259,0.2,-0.1259,True,armed,False,
livefinal_straight_medium_20260708_180855,1010,26.550001,1783530545.642921,-0.370503,0.373144,0.0,2.353892,0.2,-0.1259,0.199752,0.005958,camera_link,26.550001,gnm_closed_loop,,nominal,,True,ok,checkpoints/ablation_mnv2_baseline/best.pt,4.94,0.4117,-0.1259,0.1029,-0.0032,0.3977,,,gnm_closed_loop,0.2,-0.1259,False,0,,isaac_live_final_20260708,,selected_baseline_live,,,,,,,False,hospital_goal_B,0.648,True,0.4117,-0.1259,0.2,-0.1259,True,armed,False,
livefinal_straight_medium_20260708_180855,1011,26.566668,1783530545.66083,-0.372848,0.3755,0.0,2.353887,0.2,-0.1313,0.199783,0.006247,camera_link,26.566668,gnm_closed_loop,,nominal,,True,ok,checkpoints/ablation_mnv2_baseline/best.pt,4.62,0.398,-0.1313,0.0995,-0.0033,0.4016,,,gnm_closed_loop,0.2,-0.1313,False,0,,isaac_live_final_20260708,,selected_baseline_live,,,,,,,False,hospital_goal_B,0.6446,True,0.398,-0.1313,0.2,-0.1313,True,armed,False,
livefinal_straight_medium_20260708_180855,1012,26.583335,1783530545.663318,-0.375194,0.377856,0.0,2.353882,0.2,-0.1313,0.199783,0.006247,camera_link,26.583335,gnm_closed_loop,,nominal,,True,ok,checkpoints/ablation_mnv2_baseline/best.pt,4.62,0.398,-0.1313,0.0995,-0.0033,0.4016,,,gnm_closed_loop,0.2,-0.1313,False,0,,isaac_live_final_20260708,,selected_baseline_live,,,,,,,False,hospital_goal_B,0.6413,True,0.398,-0.1313,0.2,-0.1313,True,armed,False,
livefinal_straight_medium_20260708_180855,1013,26.600001,1783530545.665849,-0.377539,0.380212,0.0,2.353877,0.2,-0.1313,0.199783,0.006247,camera_link,26.600001,gnm_closed_loop,,nominal,,True,ok,checkpoints/ablation_mnv2_baseline/best.pt,4.62,0.398,-0.1313,0.0995,-0.0033,0.4016,,,gnm_closed_loop,0.2,-0.1313,False,0,,isaac_live_final_20260708,,selected_baseline_live,,,,,,,False,hospital_goal_B,0.638,True,0.398,-0.1313,0.2,-0.1313,True,armed,False,
livefinal_straight_medium_20260708_180855,1014,26.616668,1783530545.682307,-0.379884,0.382568,0.0,2.353873,0.2,-0.1374,0.199703,0.006116,camera_link,26.616668,gnm_closed_loop,,nominal,,True,ok,checkpoints/ablation_mnv2_baseline/best.pt,5.32,0.3809,-0.1374,0.0952,-0.0033,0.3998,,,gnm_closed_loop,0.2,-0.1374,False,0,,isaac_live_final_20260708,,selected_baseline_live,,,,,,,False,hospital_goal_B,0.6347,True,0.3809,-0.1374,0.2,-0.1374,True,armed,False,
livefinal_straight_medium_20260708_180855,1015,26.633335,1783530545.685087,-0.38223,0.384924,0.0,2.353868,0.2,-0.1374,0.199703,0.006116,camera_link,26.633335,gnm_closed_loop,,nominal,,True,ok,checkpoints/ablation_mnv2_baseline/best.pt,5.32,0.3809,-0.1374,0.0952,-0.0033,0.3998,,,gnm_closed_loop,0.2,-0.1374,False,0,,isaac_live_final_20260708,,selected_baseline_live,,,,,,,False,hospital_goal_B,0.6313,True,0.3809,-0.1374,0.2,-0.1374,True,armed,False,
livefinal_straight_medium_20260708_180855,1016,26.650001,1783530545.687252,-0.384575,0.38728,0.0,2.353863,0.2,-0.1374,0.199703,0.006116,camera_link,26.650001,gnm_closed_loop,,nominal,,True,ok,checkpoints/ablation_mnv2_baseline/best.pt,5.32,0.3809,-0.1374,0.0952,-0.0033,0.3998,,,gnm_closed_loop,0.2,-0.1374,False,0,,isaac_live_final_20260708,,selected_baseline_live,,,,,,,False,hospital_goal_B,0.628,True,0.3809,-0.1374,0.2,-0.1374,True,armed,False,
livefinal_straight_medium_20260708_180855,1017,26.666668,1783530545.703269,-0.38692,0.389636,0.0,2.353857,0.2,-0.1334,0.199724,0.006761,camera_link,26.666668,gnm_closed_loop,,nominal,,True,ok,checkpoints/ablation_mnv2_baseline/best.pt,4.85,0.3921,-0.1334,0.098,-0.0033,0.3975,,,gnm_closed_loop,0.2,-0.1334,False,0,,isaac_live_final_20260708,,selected_baseline_live,,,,,,,False,hospital_goal_B,0.6247,True,0.3921,-0.1334,0.2,-0.1334,True,armed,False,
livefinal_straight_medium_20260708_180855,1018,26.683335,1783530545.705944,-0.389266,0.391993,0.0,2.353853,0.2,-0.1334,0.199724,0.006761,camera_link,26.683335,gnm_closed_loop,,nominal,,True,ok,checkpoints/ablation_mnv2_baseline/best.pt,4.85,0.3921,-0.1334,0.098,-0.0033,0.3975,,,gnm_closed_loop,0.2,-0.1334,False,0,,isaac_live_final_20260708,,selected_baseline_live,,,,,,,False,hospital_goal_B,0.6214,True,0.3921,-0.1334,0.2,-0.1334,True,armed,False,
livefinal_straight_medium_20260708_180855,1019,26.700001,1783530545.708642,-0.391611,0.394348,0.0,2.353847,0.2,-0.1334,0.199724,0.006761,camera_link,26.700001,gnm_closed_loop,,nominal,,True,ok,checkpoints/ablation_mnv2_baseline/best.pt,4.85,0.3921,-0.1334,0.098,-0.0033,0.3975,,,gnm_closed_loop,0.2,-0.1334,False,0,,isaac_live_final_20260708,,selected_baseline_live,,,,,,,False,hospital_goal_B,0.618,True,0.3921,-0.1334,0.2,-0.1334,True,armed,False,
livefinal_straight_medium_20260708_180855,1020,26.716668,1783530545.725736,-0.393956,0.396704,0.0,2.353842,0.2,-0.1127,0.199765,0.006944,camera_link,26.716668,gnm_closed_loop,,nominal,,True,ok,checkpoints/ablation_mnv2_baseline/best.pt,5.35,0.4471,-0.1127,0.1118,-0.0032,0.3955,,,gnm_closed_loop,0.2,-0.1127,False,0,,isaac_live_final_20260708,,selected_baseline_live,,,,,,,False,hospital_goal_B,0.6147,True,0.4471,-0.1127,0.2,-0.1127,True,armed,False,
livefinal_straight_medium_20260708_180855,1021,26.733335,1783530545.727965,-0.396301,0.39906,0.0,2.353838,0.2,-0.1127,0.199765,0.006944,camera_link,26.733335,gnm_closed_loop,,nominal,,True,ok,checkpoints/ablation_mnv2_baseline/best.pt,5.35,0.4471,-0.1127,0.1118,-0.0032,0.3955,,,gnm_closed_loop,0.2,-0.1127,False,0,,isaac_live_final_20260708,,selected_baseline_live,,,,,,,False,hospital_goal_B,0.6114,True,0.4471,-0.1127,0.2,-0.1127,True,armed,False,
livefinal_straight_medium_20260708_180855,1022,26.750001,1783530545.729891,-0.398646,0.401416,0.0,2.353834,0.2,-0.1127,0.199765,0.006944,camera_link,26.750001,gnm_closed_loop,,nominal,,True,ok,checkpoints/ablation_mnv2_baseline/best.pt,5.35,0.4471,-0.1127,0.1118,-0.0032,0.3955,,,gnm_closed_loop,0.2,-0.1127,False,0,,isaac_live_final_20260708,,selected_baseline_live,,,,,,,False,hospital_goal_B,0.6081,True,0.4471,-0.1127,0.2,-0.1127,True,armed,False,
livefinal_straight_medium_20260708_180855,1023,26.766668,1783530545.745027,-0.400991,0.403772,0.0,2.353829,0.2,-0.1099,0.199816,0.0058,camera_link,26.766668,gnm_closed_loop,,nominal,,True,ok,checkpoints/ablation_mnv2_baseline/best.pt,5.23,0.4537,-0.1099,0.1134,-0.0031,0.3942,,,gnm_closed_loop,0.2,-0.1099,False,0,,isaac_live_final_20260708,,selected_baseline_live,,,,,,,False,hospital_goal_B,0.6047,True,0.4537,-0.1099,0.2,-0.1099,True,armed,False,
livefinal_straight_medium_20260708_180855,1024,26.783335,1783530545.74769,-0.403337,0.406129,0.0,2.353825,0.2,-0.1099,0.199816,0.0058,camera_link,26.783335,gnm_closed_loop,,nominal,,True,ok,checkpoints/ablation_mnv2_baseline/best.pt,5.23,0.4537,-0.1099,0.1134,-0.0031,0.3942,,,gnm_closed_loop,0.2,-0.1099,False,0,,isaac_live_final_20260708,,selected_baseline_live,,,,,,,False,hospital_goal_B,0.6014,True,0.4537,-0.1099,0.2,-0.1099,True,armed,False,
livefinal_straight_medium_20260708_180855,1025,26.800001,1783530545.750633,-0.405682,0.408485,0.0,2.353821,0.2,-0.1099,0.199816,0.0058,camera_link,26.800001,gnm_closed_loop,,nominal,,True,ok,checkpoints/ablation_mnv2_baseline/best.pt,5.23,0.4537,-0.1099,0.1134,-0.0031,0.3942,,,gnm_closed_loop,0.2,-0.1099,False,0,,isaac_live_final_20260708,,selected_baseline_live,,,,,,,False,hospital_goal_B,0.5981,True,0.4537,-0.1099,0.2,-0.1099,True,armed,False,
livefinal_straight_medium_20260708_180855,1026,26.816668,1783530545.769129,-0.408026,0.410841,0.0,2.353817,0.2,-0.1028,0.199761,0.005689,camera_link,26.816668,gnm_closed_loop,,nominal,,True,ok,checkpoints/ablation_mnv2_baseline/best.pt,5.32,0.4783,-0.1028,0.1196,-0.0031,0.3988,,,gnm_closed_loop,0.2,-0.1028,False,0,,isaac_live_final_20260708,,selected_baseline_live,,,,,,,False,hospital_goal_B,0.5948,True,0.4783,-0.1028,0.2,-0.1028,True,armed,False,
livefinal_straight_medium_20260708_180855,1027,26.833335,1783530545.771363,-0.410371,0.413197,0.0,2.353813,0.2,-0.1028,0.199761,0.005689,camera_link,26.833335,gnm_closed_loop,,nominal,,True,ok,checkpoints/ablation_mnv2_baseline/best.pt,5.32,0.4783,-0.1028,0.1196,-0.0031,0.3988,,,gnm_closed_loop,0.2,-0.1028,False,0,,isaac_live_final_20260708,,selected_baseline_live,,,,,,,False,hospital_goal_B,0.5915,True,0.4783,-0.1028,0.2,-0.1028,True,armed,False,
livefinal_straight_medium_20260708_180855,1028,26.850001,1783530545.773363,-0.412717,0.415553,0.0,2.353809,0.2,-0.1028,0.199761,0.005689,camera_link,26.850001,gnm_closed_loop,,nominal,,True,ok,checkpoints/ablation_mnv2_baseline/best.pt,5.32,0.4783,-0.1028,0.1196,-0.0031,0.3988,,,gnm_closed_loop,0.2,-0.1028,False,0,,isaac_live_final_20260708,,selected_baseline_live,,,,,,,False,hospital_goal_B,0.5881,True,0.4783,-0.1028,0.2,-0.1028,True,armed,False,
livefinal_straight_medium_20260708_180855,1029,26.866668,1783530545.790682,-0.415062,0.417909,0.0,2.353805,0.2,-0.1012,0.199779,0.004799,camera_link,26.866668,gnm_closed_loop,,nominal,,True,ok,checkpoints/ablation_mnv2_baseline/best.pt,5.19,0.4936,-0.1012,0.1234,-0.0031,0.392,,,gnm_closed_loop,0.2,-0.1012,False,0,,isaac_live_final_20260708,,selected_baseline_live,,,,,,,False,hospital_goal_B,0.5848,True,0.4936,-0.1012,0.2,-0.1012,True,armed,False,
livefinal_straight_medium_20260708_180855,1030,26.883335,1783530545.792902,-0.417408,0.420265,-0.0,2.353802,0.2,-0.1012,0.199779,0.004799,camera_link,26.883335,gnm_closed_loop,,nominal,,True,ok,checkpoints/ablation_mnv2_baseline/best.pt,5.19,0.4936,-0.1012,0.1234,-0.0031,0.392,,,gnm_closed_loop,0.2,-0.1012,False,0,,isaac_live_final_20260708,,selected_baseline_live,,,,,,,False,hospital_goal_B,0.5815,True,0.4936,-0.1012,0.2,-0.1012,True,armed,False,
livefinal_straight_medium_20260708_180855,1031,26.900001,1783530545.794816,-0.419753,0.422621,0.0,2.353797,0.2,-0.1012,0.199779,0.004799,camera_link,26.900001,gnm_closed_loop,,nominal,,True,ok,checkpoints/ablation_mnv2_baseline/best.pt,5.19,0.4936,-0.1012,0.1234,-0.0031,0.392,,,gnm_closed_loop,0.2,-0.1012,False,0,,isaac_live_final_20260708,,selected_baseline_live,,,,,,,False,hospital_goal_B,0.5782,True,0.4936,-0.1012,0.2,-0.1012,True,armed,False,
livefinal_straight_medium_20260708_180855,1032,26.916668,1783530545.810483,-0.422097,0.424977,-0.0,2.353794,0.2,-0.1076,0.1998,0.005252,camera_link,26.916668,gnm_closed_loop,,nominal,,True,ok,checkpoints/ablation_mnv2_baseline/best.pt,5.39,0.4774,-0.1076,0.1194,-0.0032,0.3865,,,gnm_closed_loop,0.2,-0.1076,False,0,,isaac_live_final_20260708,,selected_baseline_live,,,,,,,False,hospital_goal_B,0.5748,True,0.4774,-0.1076,0.2,-0.1076,True,armed,False,
livefinal_straight_medium_20260708_180855,1033,26.933335,1783530545.812805,-0.424442,0.427333,0.0,2.35379,0.2,-0.1076,0.1998,0.005252,camera_link,26.933335,gnm_closed_loop,,nominal,,True,ok,checkpoints/ablation_mnv2_baseline/best.pt,5.39,0.4774,-0.1076,0.1194,-0.0032,0.3865,,,gnm_closed_loop,0.2,-0.1076,False,0,,isaac_live_final_20260708,,selected_baseline_live,,,,,,,False,hospital_goal_B,0.5715,True,0.4774,-0.1076,0.2,-0.1076,True,armed,False,
livefinal_straight_medium_20260708_180855,1034,26.950001,1783530545.814761,-0.426787,0.429689,0.0,2.353785,0.2,-0.1076,0.1998,0.005252,camera_link,26.950001,gnm_closed_loop,,nominal,,True,ok,checkpoints/ablation_mnv2_baseline/best.pt,5.39,0.4774,-0.1076,0.1194,-0.0032,0.3865,,,gnm_closed_loop,0.2,-0.1076,False,0,,isaac_live_final_20260708,,selected_baseline_live,,,,,,,False,hospital_goal_B,0.5682,True,0.4774,-0.1076,0.2,-0.1076,True,armed,False,
livefinal_straight_medium_20260708_180855,1035,26.966668,1783530545.831456,-0.429132,0.432046,0.0,2.353782,0.2,-0.1055,0.199789,0.005063,camera_link,26.966668,gnm_closed_loop,,nominal,,True,ok,checkpoints/ablation_mnv2_baseline/best.pt,5.5,0.4613,-0.1055,0.1153,-0.003,0.3829,,,gnm_closed_loop,0.2,-0.1055,False,0,,isaac_live_final_20260708,,selected_baseline_live,,,,,,,False,hospital_goal_B,0.5649,True,0.4613,-0.1055,0.2,-0.1055,True,armed,False,
livefinal_straight_medium_20260708_180855,1036,26.983335,1783530545.833656,-0.431477,0.434402,0.0,2.353778,0.2,-0.1055,0.199789,0.005063,camera_link,26.983335,gnm_closed_loop,,nominal,,True,ok,checkpoints/ablation_mnv2_baseline/best.pt,5.5,0.4613,-0.1055,0.1153,-0.003,0.3829,,,gnm_closed_loop,0.2,-0.1055,False,0,,isaac_live_final_20260708,,selected_baseline_live,,,,,,,False,hospital_goal_B,0.5615,True,0.4613,-0.1055,0.2,-0.1055,True,armed,False,
livefinal_straight_medium_20260708_180855,1037,27.000001,1783530545.835485,-0.433822,0.436758,0.0,2.353773,0.2,-0.1055,0.199789,0.005063,camera_link,27.000001,gnm_closed_loop,,nominal,,True,ok,checkpoints/ablation_mnv2_baseline/best.pt,5.5,0.4613,-0.1055,0.1153,-0.003,0.3829,,,gnm_closed_loop,0.2,-0.1055,False,0,,isaac_live_final_20260708,,selected_baseline_live,,,,,,,False,hospital_goal_B,0.5582,True,0.4613,-0.1055,0.2,-0.1055,True,armed,False,
livefinal_straight_medium_20260708_180855,1038,27.016668,1783530545.851543,-0.436167,0.439114,0.0,2.35377,0.2,-0.1119,0.199781,0.004761,camera_link,27.016668,gnm_closed_loop,,nominal,,True,ok,checkpoints/ablation_mnv2_baseline/best.pt,5.48,0.4312,-0.1119,0.1078,-0.003,0.3837,,,gnm_closed_loop,0.2,-0.1119,False,0,,isaac_live_final_20260708,,selected_baseline_live,,,,,,,False,hospital_goal_B,0.5549,True,0.4312,-0.1119,0.2,-0.1119,True,armed,False,
livefinal_straight_medium_20260708_180855,1039,27.033335,1783530545.854202,-0.438511,0.44147,0.0,2.353765,0.2,-0.1119,0.199781,0.004761,camera_link,27.033335,gnm_closed_loop,,nominal,,True,ok,checkpoints/ablation_mnv2_baseline/best.pt,5.48,0.4312,-0.1119,0.1078,-0.003,0.3837,,,gnm_closed_loop,0.2,-0.1119,False,0,,isaac_live_final_20260708,,selected_baseline_live,,,,,,,False,hospital_goal_B,0.5516,True,0.4312,-0.1119,0.2,-0.1119,True,armed,False,
livefinal_straight_medium_20260708_180855,1040,27.050001,1783530545.856872,-0.440856,0.443826,0.0,2.353761,0.2,-0.1119,0.199781,0.004761,camera_link,27.050001,gnm_closed_loop,,nominal,,True,ok,checkpoints/ablation_mnv2_baseline/best.pt,5.48,0.4312,-0.1119,0.1078,-0.003,0.3837,,,gnm_closed_loop,0.2,-0.1119,False,0,,isaac_live_final_20260708,,selected_baseline_live,,,,,,,False,hospital_goal_B,0.5482,True,0.4312,-0.1119,0.2,-0.1119,True,armed,False,
livefinal_straight_medium_20260708_180855,1041,27.066668,1783530545.873181,-0.443201,0.446182,0.0,2.353757,0.2,-0.1302,0.199775,0.005771,camera_link,27.066668,gnm_closed_loop,,nominal,,True,ok,checkpoints/ablation_mnv2_baseline/best.pt,5.65,0.3873,-0.1302,0.0968,-0.0032,0.3885,,,gnm_closed_loop,0.2,-0.1302,False,0,,isaac_live_final_20260708,,selected_baseline_live,,,,,,,False,hospital_goal_B,0.5449,True,0.3873,-0.1302,0.2,-0.1302,True,armed,False,
livefinal_straight_medium_20260708_180855,1042,27.083335,1783530545.875848,-0.445545,0.448538,0.0,2.353752,0.2,-0.1302,0.199775,0.005771,camera_link,27.083335,gnm_closed_loop,,nominal,,True,ok,checkpoints/ablation_mnv2_baseline/best.pt,5.65,0.3873,-0.1302,0.0968,-0.0032,0.3885,,,gnm_closed_loop,0.2,-0.1302,False,0,,isaac_live_final_20260708,,selected_baseline_live,,,,,,,False,hospital_goal_B,0.5416,True,0.3873,-0.1302,0.2,-0.1302,True,armed,False,
livefinal_straight_medium_20260708_180855,1043,27.100001,1783530545.877749,-0.44789,0.450894,-0.0,2.353747,0.2,-0.1302,0.199775,0.005771,camera_link,27.100001,gnm_closed_loop,,nominal,,True,ok,checkpoints/ablation_mnv2_baseline/best.pt,5.65,0.3873,-0.1302,0.0968,-0.0032,0.3885,,,gnm_closed_loop,0.2,-0.1302,False,0,,isaac_live_final_20260708,,selected_baseline_live,,,,,,,False,hospital_goal_B,0.5383,True,0.3873,-0.1302,0.2,-0.1302,True,armed,False,
livefinal_straight_medium_20260708_180855,1044,27.116668,1783530545.896489,-0.450235,0.45325,0.0,2.353742,0.2,-0.1393,0.199764,0.006253,camera_link,27.116668,gnm_closed_loop,,nominal,,True,ok,checkpoints/ablation_mnv2_baseline/best.pt,6.41,0.3751,-0.1393,0.0938,-0.0033,0.3951,,,gnm_closed_loop,0.2,-0.1393,False,0,,isaac_live_final_20260708,,selected_baseline_live,,,,,,,False,hospital_goal_B,0.5349,True,0.3751,-0.1393,0.2,-0.1393,True,armed,False,
livefinal_straight_medium_20260708_180855,1045,27.133335,1783530545.898733,-0.452579,0.455606,0.0,2.353736,0.2,-0.1393,0.199764,0.006253,camera_link,27.133335,gnm_closed_loop,,nominal,,True,ok,checkpoints/ablation_mnv2_baseline/best.pt,6.41,0.3751,-0.1393,0.0938,-0.0033,0.3951,,,gnm_closed_loop,0.2,-0.1393,False,0,,isaac_live_final_20260708,,selected_baseline_live,,,,,,,False,hospital_goal_B,0.5316,True,0.3751,-0.1393,0.2,-0.1393,True,armed,False,
livefinal_straight_medium_20260708_180855,1046,27.150001,1783530545.900636,-0.454924,0.457961,0.0,2.35373,0.2,-0.1393,0.199764,0.006253,camera_link,27.150001,gnm_closed_loop,,nominal,,True,ok,checkpoints/ablation_mnv2_baseline/best.pt,6.41,0.3751,-0.1393,0.0938,-0.0033,0.3951,,,gnm_closed_loop,0.2,-0.1393,False,0,,isaac_live_final_20260708,,selected_baseline_live,,,,,,,False,hospital_goal_B,0.5283,True,0.3751,-0.1393,0.2,-0.1393,True,armed,False,
livefinal_straight_medium_20260708_180855,1047,27.166668,1783530545.916164,-0.457268,0.460317,0.0,2.353725,0.2,-0.1428,0.199776,0.007175,camera_link,27.166668,gnm_closed_loop,,nominal,,True,ok,checkpoints/ablation_mnv2_baseline/best.pt,4.7,0.3646,-0.1428,0.0912,-0.0033,0.396,,,gnm_closed_loop,0.2,-0.1428,False,0,,isaac_live_final_20260708,,selected_baseline_live,,,,,,,False,hospital_goal_B,0.525,True,0.3646,-0.1428,0.2,-0.1428,True,armed,False,
livefinal_straight_medium_20260708_180855,1048,27.183335,1783530545.918838,-0.459613,0.462673,0.0,2.353719,0.2,-0.1428,0.199776,0.007175,camera_link,27.183335,gnm_closed_loop,,nominal,,True,ok,checkpoints/ablation_mnv2_baseline/best.pt,4.7,0.3646,-0.1428,0.0912,-0.0033,0.396,,,gnm_closed_loop,0.2,-0.1428,False,0,,isaac_live_final_20260708,,selected_baseline_live,,,,,,,False,hospital_goal_B,0.5216,True,0.3646,-0.1428,0.2,-0.1428,True,armed,False,
livefinal_straight_medium_20260708_180855,1049,27.200001,1783530545.920953,-0.461957,0.465029,0.0,2.353713,0.2,-0.1428,0.199776,0.007175,camera_link,27.200001,gnm_closed_loop,,nominal,,True,ok,checkpoints/ablation_mnv2_baseline/best.pt,4.7,0.3646,-0.1428,0.0912,-0.0033,0.396,,,gnm_closed_loop,0.2,-0.1428,False,0,,isaac_live_final_20260708,,selected_baseline_live,,,,,,,False,hospital_goal_B,0.5183,True,0.3646,-0.1428,0.2,-0.1428,True,armed,False,
livefinal_straight_medium_20260708_180855,1050,27.216668,1783530545.942927,-0.464302,0.467385,0.0,2.353708,0.2,-0.134,0.199773,0.007185,camera_link,27.216668,gnm_closed_loop,,nominal,,True,ok,checkpoints/ablation_mnv2_baseline/best.pt,6.25,0.3851,-0.134,0.0963,-0.0032,0.3973,,,gnm_closed_loop,0.2,-0.134,False,0,,isaac_live_final_20260708,,selected_baseline_live,,,,,,,False,hospital_goal_B,0.515,True,0.3851,-0.134,0.2,-0.134,True,armed,False,
livefinal_straight_medium_20260708_180855,1051,27.233335,1783530545.946547,-0.466646,0.469741,0.0,2.353703,0.2,-0.134,0.199773,0.007185,camera_link,27.233335,gnm_closed_loop,,nominal,,True,ok,checkpoints/ablation_mnv2_baseline/best.pt,6.25,0.3851,-0.134,0.0963,-0.0032,0.3973,,,gnm_closed_loop,0.2,-0.134,False,0,,isaac_live_final_20260708,,selected_baseline_live,,,,,,,False,hospital_goal_B,0.5117,True,0.3851,-0.134,0.2,-0.134,True,armed,False,
livefinal_straight_medium_20260708_180855,1052,27.250001,1783530545.949699,-0.468991,0.472097,0.0,2.353698,0.2,-0.134,0.199773,0.007185,camera_link,27.250001,gnm_closed_loop,,nominal,,True,ok,checkpoints/ablation_mnv2_baseline/best.pt,6.25,0.3851,-0.134,0.0963,-0.0032,0.3973,,,gnm_closed_loop,0.2,-0.134,False,0,,isaac_live_final_20260708,,selected_baseline_live,,,,,,,False,hospital_goal_B,0.5084,True,0.3851,-0.134,0.2,-0.134,True,armed,False,
livefinal_straight_medium_20260708_180855,1053,27.266668,1783530545.979739,-0.471335,0.474453,0.0,2.353693,0.2,-0.1379,0.199773,0.00724,camera_link,27.266668,gnm_closed_loop,,nominal,,True,ok,checkpoints/ablation_mnv2_baseline/best.pt,7.66,0.3774,-0.1379,0.0943,-0.0033,0.3954,,,gnm_closed_loop,0.2,-0.1379,False,0,,isaac_live_final_20260708,,selected_baseline_live,,,,,,,False,hospital_goal_B,0.505,True,0.3774,-0.1379,0.2,-0.1379,True,armed,False,
livefinal_straight_medium_20260708_180855,1054,27.283335,1783530545.982168,-0.47368,0.476809,-0.0,2.353687,0.2,-0.1379,0.199773,0.00724,camera_link,27.283335,gnm_closed_loop,,nominal,,True,ok,checkpoints/ablation_mnv2_baseline/best.pt,7.66,0.3774,-0.1379,0.0943,-0.0033,0.3954,,,gnm_closed_loop,0.2,-0.1379,False,0,,isaac_live_final_20260708,,selected_baseline_live,,,,,,,False,hospital_goal_B,0.5017,True,0.3774,-0.1379,0.2,-0.1379,True,armed,False,
livefinal_straight_medium_20260708_180855,1055,27.300001,1783530545.984243,-0.476024,0.479165,0.0,2.353681,0.2,-0.1379,0.199773,0.00724,camera_link,27.300001,gnm_closed_loop,,nominal,,True,ok,checkpoints/ablation_mnv2_baseline/best.pt,7.66,0.3774,-0.1379,0.0943,-0.0033,0.3954,,,gnm_closed_loop,0.2,-0.1379,False,0,,isaac_live_final_20260708,,selected_baseline_live,,,,,,,False,hospital_goal_B,0.4984,True,0.3774,-0.1379,0.2,-0.1379,True,armed,False,
livefinal_straight_medium_20260708_180855,1056,27.316668,1783530546.006365,-0.478369,0.481521,0.0,2.353675,0.2,-0.1303,0.199782,0.007263,camera_link,27.316668,gnm_closed_loop,,nominal,,True,ok,checkpoints/ablation_mnv2_baseline/best.pt,6.62,0.3987,-0.1303,0.0997,-0.0032,0.3924,,,gnm_closed_loop,0.2,-0.1303,False,0,,isaac_live_final_20260708,,selected_baseline_live,,,,,,,False,hospital_goal_B,0.4951,True,0.3987,-0.1303,0.2,-0.1303,True,armed,False,
livefinal_straight_medium_20260708_180855,1057,27.333335,1783530546.009084,-0.480713,0.483877,0.0,2.353671,0.2,-0.1303,0.199782,0.007263,camera_link,27.333335,gnm_closed_loop,,nominal,,True,ok,checkpoints/ablation_mnv2_baseline/best.pt,6.62,0.3987,-0.1303,0.0997,-0.0032,0.3924,,,gnm_closed_loop,0.2,-0.1303,False,0,,isaac_live_final_20260708,,selected_baseline_live,,,,,,,False,hospital_goal_B,0.4917,True,0.3987,-0.1303,0.2,-0.1303,True,armed,False,
livefinal_straight_medium_20260708_180855,1058,27.350001,1783530546.011393,-0.483058,0.486233,0.0,2.353665,0.2,-0.1303,0.199782,0.007263,camera_link,27.350001,gnm_closed_loop,,nominal,,True,ok,checkpoints/ablation_mnv2_baseline/best.pt,6.62,0.3987,-0.1303,0.0997,-0.0032,0.3924,,,gnm_closed_loop,0.2,-0.1303,False,0,,isaac_live_final_20260708,,selected_baseline_live,,,,,,,False,hospital_goal_B,0.4884,True,0.3987,-0.1303,0.2,-0.1303,True,armed,False,
livefinal_straight_medium_20260708_180855,1059,27.366668,1783530546.030065,-0.485402,0.488589,0.0,2.35366,0.2,-0.1309,0.199768,0.006455,camera_link,27.366668,gnm_closed_loop,,nominal,,True,ok,checkpoints/ablation_mnv2_baseline/best.pt,6.17,0.3943,-0.1309,0.0986,-0.0032,0.3915,,,gnm_closed_loop,0.2,-0.1309,False,0,,isaac_live_final_20260708,,selected_baseline_live,,,,,,,False,hospital_goal_B,0.4851,True,0.3943,-0.1309,0.2,-0.1309,True,armed,False,
livefinal_straight_medium_20260708_180855,1060,27.383335,1783530546.032956,-0.487747,0.490946,0.0,2.353655,0.2,-0.1309,0.199768,0.006455,camera_link,27.383335,gnm_closed_loop,,nominal,,True,ok,checkpoints/ablation_mnv2_baseline/best.pt,6.17,0.3943,-0.1309,0.0986,-0.0032,0.3915,,,gnm_closed_loop,0.2,-0.1309,False,0,,isaac_live_final_20260708,,selected_baseline_live,,,,,,,False,hospital_goal_B,0.4818,True,0.3943,-0.1309,0.2,-0.1309,True,armed,False,
livefinal_straight_medium_20260708_180855,1061,27.400001,1783530546.035617,-0.490092,0.493302,0.0,2.35365,0.2,-0.1309,0.199768,0.006455,camera_link,27.400001,gnm_closed_loop,,nominal,,True,ok,checkpoints/ablation_mnv2_baseline/best.pt,6.17,0.3943,-0.1309,0.0986,-0.0032,0.3915,,,gnm_closed_loop,0.2,-0.1309,False,0,,isaac_live_final_20260708,,selected_baseline_live,,,,,,,False,hospital_goal_B,0.4784,True,0.3943,-0.1309,0.2,-0.1309,True,armed,False,
livefinal_straight_medium_20260708_180855,1062,27.416668,1783530546.054798,-0.492436,0.495658,0.0,2.353645,0.2,-0.1369,0.19979,0.006821,camera_link,27.416668,gnm_closed_loop,,nominal,,True,ok,checkpoints/ablation_mnv2_baseline/best.pt,5.34,0.3726,-0.1369,0.0931,-0.0032,0.3928,,,gnm_closed_loop,0.2,-0.1369,False,0,,isaac_live_final_20260708,,selected_baseline_live,,,,,,,False,hospital_goal_B,0.4751,True,0.3726,-0.1369,0.2,-0.1369,True,armed,False,
livefinal_straight_medium_20260708_180855,1063,27.433335,1783530546.057396,-0.494781,0.498015,-0.0,2.353641,0.2,-0.1369,0.19979,0.006821,camera_link,27.433335,gnm_closed_loop,,nominal,,True,ok,checkpoints/ablation_mnv2_baseline/best.pt,5.34,0.3726,-0.1369,0.0931,-0.0032,0.3928,,,gnm_closed_loop,0.2,-0.1369,False,0,,isaac_live_final_20260708,,selected_baseline_live,,,,,,,False,hospital_goal_B,0.4718,True,0.3726,-0.1369,0.2,-0.1369,True,armed,False,
livefinal_straight_medium_20260708_180855,1064,27.450001,1783530546.059872,-0.497126,0.500371,0.0,2.353635,0.2,-0.1369,0.19979,0.006821,camera_link,27.450001,gnm_closed_loop,,nominal,,True,ok,checkpoints/ablation_mnv2_baseline/best.pt,5.34,0.3726,-0.1369,0.0931,-0.0032,0.3928,,,gnm_closed_loop,0.2,-0.1369,False,0,,isaac_live_final_20260708,,selected_baseline_live,,,,,,,False,hospital_goal_B,0.4685,True,0.3726,-0.1369,0.2,-0.1369,True,armed,False,
livefinal_straight_medium_20260708_180855,1065,27.466668,1783530546.078141,-0.49947,0.502727,0.0,2.35363,0.2,-0.1458,0.199787,0.007459,camera_link,27.466668,gnm_closed_loop,,nominal,,True,ok,checkpoints/ablation_mnv2_baseline/best.pt,5.3,0.3468,-0.1458,0.0867,-0.0032,0.3954,,,gnm_closed_loop,0.2,-0.1458,False,0,,isaac_live_final_20260708,,selected_baseline_live,,,,,,,False,hospital_goal_B,0.4651,True,0.3468,-0.1458,0.2,-0.1458,True,armed,False,
livefinal_straight_medium_20260708_180855,1066,27.483335,1783530546.081249,-0.501815,0.505084,-0.0,2.353625,0.2,-0.1458,0.199787,0.007459,camera_link,27.483335,gnm_closed_loop,,nominal,,True,ok,checkpoints/ablation_mnv2_baseline/best.pt,5.3,0.3468,-0.1458,0.0867,-0.0032,0.3954,,,gnm_closed_loop,0.2,-0.1458,False,0,,isaac_live_final_20260708,,selected_baseline_live,,,,,,,False,hospital_goal_B,0.4618,True,0.3468,-0.1458,0.2,-0.1458,True,armed,False,
livefinal_straight_medium_20260708_180855,1067,27.500001,1783530546.0836,-0.504159,0.50744,0.0,2.353619,0.2,-0.1458,0.199787,0.007459,camera_link,27.500001,gnm_closed_loop,,nominal,,True,ok,checkpoints/ablation_mnv2_baseline/best.pt,5.3,0.3468,-0.1458,0.0867,-0.0032,0.3954,,,gnm_closed_loop,0.2,-0.1458,False,0,,isaac_live_final_20260708,,selected_baseline_live,,,,,,,False,hospital_goal_B,0.4585,True,0.3468,-0.1458,0.2,-0.1458,True,armed,False,
livefinal_straight_medium_20260708_180855,1068,27.516668,1783530546.10212,-0.506503,0.509796,0.0,2.353613,0.2,-0.1462,0.199793,0.007933,camera_link,27.516668,gnm_closed_loop,,nominal,,True,ok,checkpoints/ablation_mnv2_baseline/best.pt,5.27,0.3468,-0.1462,0.0867,-0.0032,0.3938,,,gnm_closed_loop,0.2,-0.1462,False,0,,isaac_live_final_20260708,,selected_baseline_live,,,,,,,False,hospital_goal_B,0.4552,True,0.3468,-0.1462,0.2,-0.1462,True,armed,False,
livefinal_straight_medium_20260708_180855,1069,27.533335,1783530546.105512,-0.508848,0.512152,-0.0,2.353607,0.2,-0.1462,0.199793,0.007933,camera_link,27.533335,gnm_closed_loop,,nominal,,True,ok,checkpoints/ablation_mnv2_baseline/best.pt,5.27,0.3468,-0.1462,0.0867,-0.0032,0.3938,,,gnm_closed_loop,0.2,-0.1462,False,0,,isaac_live_final_20260708,,selected_baseline_live,,,,,,,False,hospital_goal_B,0.4518,True,0.3468,-0.1462,0.2,-0.1462,True,armed,False,
livefinal_straight_medium_20260708_180855,1070,27.550001,1783530546.107367,-0.511192,0.514508,0.0,2.353601,0.2,-0.1462,0.199793,0.007933,camera_link,27.550001,gnm_closed_loop,,nominal,,True,ok,checkpoints/ablation_mnv2_baseline/best.pt,5.27,0.3468,-0.1462,0.0867,-0.0032,0.3938,,,gnm_closed_loop,0.2,-0.1462,False,0,,isaac_live_final_20260708,,selected_baseline_live,,,,,,,False,hospital_goal_B,0.4485,True,0.3468,-0.1462,0.2,-0.1462,True,armed,False,
livefinal_straight_medium_20260708_180855,1071,27.566668,1783530546.125689,-0.513536,0.516864,0.0,2.353596,0.2,-0.1486,0.19978,0.007775,camera_link,27.566668,gnm_closed_loop,,nominal,,True,ok,checkpoints/ablation_mnv2_baseline/best.pt,5.32,0.3444,-0.1486,0.0861,-0.0032,0.3918,,,gnm_closed_loop,0.2,-0.1486,False,0,,isaac_live_final_20260708,,selected_baseline_live,,,,,,,False,hospital_goal_B,0.4452,True,0.3444,-0.1486,0.2,-0.1486,True,armed,False,
livefinal_straight_medium_20260708_180855,1072,27.583335,1783530546.128335,-0.51588,0.519221,0.0,2.35359,0.2,-0.1486,0.19978,0.007775,camera_link,27.583335,gnm_closed_loop,,nominal,,True,ok,checkpoints/ablation_mnv2_baseline/best.pt,5.32,0.3444,-0.1486,0.0861,-0.0032,0.3918,,,gnm_closed_loop,0.2,-0.1486,False,0,,isaac_live_final_20260708,,selected_baseline_live,,,,,,,False,hospital_goal_B,0.4419,True,0.3444,-0.1486,0.2,-0.1486,True,armed,False,
livefinal_straight_medium_20260708_180855,1073,27.600001,1783530546.130311,-0.518224,0.521577,0.0,2.353584,0.2,-0.1486,0.19978,0.007775,camera_link,27.600001,gnm_closed_loop,,nominal,,True,ok,checkpoints/ablation_mnv2_baseline/best.pt,5.32,0.3444,-0.1486,0.0861,-0.0032,0.3918,,,gnm_closed_loop,0.2,-0.1486,False,0,,isaac_live_final_20260708,,selected_baseline_live,,,,,,,False,hospital_goal_B,0.4386,True,0.3444,-0.1486,0.2,-0.1486,True,armed,False,
livefinal_straight_medium_20260708_180855,1074,27.616668,1783530546.148138,-0.520569,0.523933,0.0,2.353578,0.2,-0.1511,0.199766,0.007765,camera_link,27.616668,gnm_closed_loop,,nominal,,True,ok,checkpoints/ablation_mnv2_baseline/best.pt,5.3,0.3433,-0.1511,0.0858,-0.0032,0.3936,,,gnm_closed_loop,0.2,-0.1511,False,0,,isaac_live_final_20260708,,selected_baseline_live,,,,,,,False,hospital_goal_B,0.4352,True,0.3433,-0.1511,0.2,-0.1511,True,armed,False,
livefinal_straight_medium_20260708_180855,1075,27.633335,1783530546.15041,-0.522913,0.526289,-0.0,2.353572,0.2,-0.1511,0.199766,0.007765,camera_link,27.633335,gnm_closed_loop,,nominal,,True,ok,checkpoints/ablation_mnv2_baseline/best.pt,5.3,0.3433,-0.1511,0.0858,-0.0032,0.3936,,,gnm_closed_loop,0.2,-0.1511,False,0,,isaac_live_final_20260708,,selected_baseline_live,,,,,,,False,hospital_goal_B,0.4319,True,0.3433,-0.1511,0.2,-0.1511,True,armed,False,
livefinal_straight_medium_20260708_180855,1076,27.650001,1783530546.152235,-0.525257,0.528645,0.0,2.353566,0.2,-0.1511,0.199766,0.007765,camera_link,27.650001,gnm_closed_loop,,nominal,,True,ok,checkpoints/ablation_mnv2_baseline/best.pt,5.3,0.3433,-0.1511,0.0858,-0.0032,0.3936,,,gnm_closed_loop,0.2,-0.1511,False,0,,isaac_live_final_20260708,,selected_baseline_live,,,,,,,False,hospital_goal_B,0.4286,True,0.3433,-0.1511,0.2,-0.1511,True,armed,False,
livefinal_straight_medium_20260708_180855,1077,27.666668,1783530546.167646,-0.527601,0.531002,0.0,2.35356,0.2,-0.1448,0.199703,0.006838,camera_link,27.666668,gnm_closed_loop,,nominal,,True,ok,checkpoints/ablation_mnv2_baseline/best.pt,5.14,0.3563,-0.1448,0.0891,-0.0032,0.3956,,,gnm_closed_loop,0.2,-0.1448,False,0,,isaac_live_final_20260708,,selected_baseline_live,,,,,,,False,hospital_goal_B,0.4253,True,0.3563,-0.1448,0.2,-0.1448,True,armed,False,
livefinal_straight_medium_20260708_180855,1078,27.683335,1783530546.170328,-0.529945,0.533358,0.0,2.353555,0.2,-0.1448,0.199703,0.006838,camera_link,27.683335,gnm_closed_loop,,nominal,,True,ok,checkpoints/ablation_mnv2_baseline/best.pt,5.14,0.3563,-0.1448,0.0891,-0.0032,0.3956,,,gnm_closed_loop,0.2,-0.1448,False,0,,isaac_live_final_20260708,,selected_baseline_live,,,,,,,False,hospital_goal_B,0.4219,True,0.3563,-0.1448,0.2,-0.1448,True,armed,False,
livefinal_straight_medium_20260708_180855,1079,27.700001,1783530546.172323,-0.532289,0.535714,0.0,2.35355,0.2,-0.1448,0.199703,0.006838,camera_link,27.700001,gnm_closed_loop,,nominal,,True,ok,checkpoints/ablation_mnv2_baseline/best.pt,5.14,0.3563,-0.1448,0.0891,-0.0032,0.3956,,,gnm_closed_loop,0.2,-0.1448,False,0,,isaac_live_final_20260708,,selected_baseline_live,,,,,,,False,hospital_goal_B,0.4186,True,0.3563,-0.1448,0.2,-0.1448,True,armed,False,
livefinal_straight_medium_20260708_180855,1080,27.716668,1783530546.18892,-0.534633,0.538071,0.0,2.353544,0.2,-0.1378,0.199766,0.007082,camera_link,27.716668,gnm_closed_loop,,nominal,,True,ok,checkpoints/ablation_mnv2_baseline/best.pt,5.66,0.3689,-0.1378,0.0922,-0.0032,0.3966,,,gnm_closed_loop,0.2,-0.1378,False,0,,isaac_live_final_20260708,,selected_baseline_live,,,,,,,False,hospital_goal_B,0.4153,True,0.3689,-0.1378,0.2,-0.1378,True,armed,False,
livefinal_straight_medium_20260708_180855,1081,27.733335,1783530546.191516,-0.536978,0.540428,0.0,2.353538,0.2,-0.1378,0.199766,0.007082,camera_link,27.733335,gnm_closed_loop,,nominal,,True,ok,checkpoints/ablation_mnv2_baseline/best.pt,5.66,0.3689,-0.1378,0.0922,-0.0032,0.3966,,,gnm_closed_loop,0.2,-0.1378,False,0,,isaac_live_final_20260708,,selected_baseline_live,,,,,,,False,hospital_goal_B,0.412,True,0.3689,-0.1378,0.2,-0.1378,True,armed,False,
livefinal_straight_medium_20260708_180855,1082,27.750001,1783530546.194697,-0.539322,0.542784,0.0,2.353532,0.2,-0.1378,0.199766,0.007082,camera_link,27.750001,gnm_closed_loop,,nominal,,True,ok,checkpoints/ablation_mnv2_baseline/best.pt,5.66,0.3689,-0.1378,0.0922,-0.0032,0.3966,,,gnm_closed_loop,0.2,-0.1378,False,0,,isaac_live_final_20260708,,selected_baseline_live,,,,,,,False,hospital_goal_B,0.4086,True,0.3689,-0.1378,0.2,-0.1378,True,armed,False,
livefinal_straight_medium_20260708_180855,1083,27.766668,1783530546.211205,-0.541666,0.545141,0.0,2.353527,0.2,-0.1332,0.199719,0.006348,camera_link,27.766668,gnm_closed_loop,,nominal,,True,ok,checkpoints/ablation_mnv2_baseline/best.pt,4.97,0.3737,-0.1332,0.0934,-0.0031,0.3929,,,gnm_closed_loop,0.2,-0.1332,False,0,,isaac_live_final_20260708,,selected_baseline_live,,,,,,,False,hospital_goal_B,0.4053,True,0.3737,-0.1332,0.2,-0.1332,True,armed,False,
livefinal_straight_medium_20260708_180855,1084,27.783335,1783530546.213907,-0.54401,0.547497,0.0,2.353522,0.2,-0.1332,0.199719,0.006348,camera_link,27.783335,gnm_closed_loop,,nominal,,True,ok,checkpoints/ablation_mnv2_baseline/best.pt,4.97,0.3737,-0.1332,0.0934,-0.0031,0.3929,,,gnm_closed_loop,0.2,-0.1332,False,0,,isaac_live_final_20260708,,selected_baseline_live,,,,,,,False,hospital_goal_B,0.402,True,0.3737,-0.1332,0.2,-0.1332,True,armed,False,
livefinal_straight_medium_20260708_180855,1085,27.800001,1783530546.215918,-0.546355,0.549854,0.0,2.353516,0.2,-0.1332,0.199719,0.006348,camera_link,27.800001,gnm_closed_loop,,nominal,,True,ok,checkpoints/ablation_mnv2_baseline/best.pt,4.97,0.3737,-0.1332,0.0934,-0.0031,0.3929,,,gnm_closed_loop,0.2,-0.1332,False,0,,isaac_live_final_20260708,,selected_baseline_live,,,,,,,False,hospital_goal_B,0.3987,True,0.3737,-0.1332,0.2,-0.1332,True,armed,False,
livefinal_straight_medium_20260708_180855,1086,27.816668,1783530546.231118,-0.548699,0.552211,0.0,2.35351,0.2,-0.1333,0.199787,0.008178,camera_link,27.816668,gnm_closed_loop,,nominal,,True,ok,checkpoints/ablation_mnv2_baseline/best.pt,5.31,0.3737,-0.1333,0.0934,-0.0031,0.3939,,,gnm_closed_loop,0.2,-0.1333,False,0,,isaac_live_final_20260708,,selected_baseline_live,,,,,,,False,hospital_goal_B,0.3953,True,0.3737,-0.1333,0.2,-0.1333,True,armed,False,
livefinal_straight_medium_20260708_180855,1087,27.833335,1783530546.234556,-0.551043,0.554567,0.0,2.353505,0.2,-0.1333,0.199787,0.008178,camera_link,27.833335,gnm_closed_loop,,nominal,,True,ok,checkpoints/ablation_mnv2_baseline/best.pt,5.31,0.3737,-0.1333,0.0934,-0.0031,0.3939,,,gnm_closed_loop,0.2,-0.1333,False,0,,isaac_live_final_20260708,,selected_baseline_live,,,,,,,False,hospital_goal_B,0.392,True,0.3737,-0.1333,0.2,-0.1333,True,armed,False,
livefinal_straight_medium_20260708_180855,1088,27.850001,1783530546.237882,-0.553387,0.556924,0.0,2.3535,0.2,-0.1333,0.199787,0.008178,camera_link,27.850001,gnm_closed_loop,,nominal,,True,ok,checkpoints/ablation_mnv2_baseline/best.pt,5.31,0.3737,-0.1333,0.0934,-0.0031,0.3939,,,gnm_closed_loop,0.2,-0.1333,False,0,,isaac_live_final_20260708,,selected_baseline_live,,,,,,,False,hospital_goal_B,0.3887,True,0.3737,-0.1333,0.2,-0.1333,True,armed,False,
livefinal_straight_medium_20260708_180855,1089,27.866668,1783530546.255345,-0.555731,0.55928,0.0,2.353494,0.2,-0.1428,0.199768,0.006586,camera_link,27.866668,gnm_closed_loop,,nominal,,True,ok,checkpoints/ablation_mnv2_baseline/best.pt,5.67,0.3546,-0.1428,0.0886,-0.0032,0.3938,,,gnm_closed_loop,0.2,-0.1428,False,0,,isaac_live_final_20260708,,selected_baseline_live,,,,,,,False,hospital_goal_B,0.3854,True,0.3546,-0.1428,0.2,-0.1428,True,armed,False,
livefinal_straight_medium_20260708_180855,1090,27.883335,1783530546.258041,-0.558075,0.561637,0.0,2.353489,0.2,-0.1428,0.199768,0.006586,camera_link,27.883335,gnm_closed_loop,,nominal,,True,ok,checkpoints/ablation_mnv2_baseline/best.pt,5.67,0.3546,-0.1428,0.0886,-0.0032,0.3938,,,gnm_closed_loop,0.2,-0.1428,False,0,,isaac_live_final_20260708,,selected_baseline_live,,,,,,,False,hospital_goal_B,0.382,True,0.3546,-0.1428,0.2,-0.1428,True,armed,False,
livefinal_straight_medium_20260708_180855,1091,27.900001,1783530546.261332,-0.560419,0.563994,0.0,2.353483,0.2,-0.1428,0.199768,0.006586,camera_link,27.900001,gnm_closed_loop,,nominal,,True,ok,checkpoints/ablation_mnv2_baseline/best.pt,5.67,0.3546,-0.1428,0.0886,-0.0032,0.3938,,,gnm_closed_loop,0.2,-0.1428,False,0,,isaac_live_final_20260708,,selected_baseline_live,,,,,,,False,hospital_goal_B,0.3787,True,0.3546,-0.1428,0.2,-0.1428,True,armed,False,
livefinal_straight_medium_20260708_180855,1092,27.916668,1783530546.278326,-0.562763,0.56635,0.0,2.353478,0.2,-0.1519,0.199731,0.006902,camera_link,27.916668,gnm_closed_loop,,nominal,,True,ok,checkpoints/ablation_mnv2_baseline/best.pt,5.4,0.3427,-0.1519,0.0857,-0.0033,0.3938,,,gnm_closed_loop,0.2,-0.1519,False,0,,isaac_live_final_20260708,,selected_baseline_live,,,,,,,False,hospital_goal_B,0.3754,True,0.3427,-0.1519,0.2,-0.1519,True,armed,False,
livefinal_straight_medium_20260708_180855,1093,27.933335,1783530546.280979,-0.565107,0.568707,-0.0,2.353472,0.2,-0.1519,0.199731,0.006902,camera_link,27.933335,gnm_closed_loop,,nominal,,True,ok,checkpoints/ablation_mnv2_baseline/best.pt,5.4,0.3427,-0.1519,0.0857,-0.0033,0.3938,,,gnm_closed_loop,0.2,-0.1519,False,0,,isaac_live_final_20260708,,selected_baseline_live,,,,,,,False,hospital_goal_B,0.3721,True,0.3427,-0.1519,0.2,-0.1519,True,armed,False,
livefinal_straight_medium_20260708_180855,1094,27.950001,1783530546.283602,-0.567451,0.571064,0.0,2.353465,0.2,-0.1519,0.199731,0.006902,camera_link,27.950001,gnm_closed_loop,,nominal,,True,ok,checkpoints/ablation_mnv2_baseline/best.pt,5.4,0.3427,-0.1519,0.0857,-0.0033,0.3938,,,gnm_closed_loop,0.2,-0.1519,False,0,,isaac_live_final_20260708,,selected_baseline_live,,,,,,,False,hospital_goal_B,0.3688,True,0.3427,-0.1519,0.2,-0.1519,True,armed,False,
livefinal_straight_medium_20260708_180855,1095,27.966668,1783530546.300168,-0.569795,0.57342,0.0,2.353458,0.2,-0.1565,0.199766,0.008935,camera_link,27.966668,gnm_closed_loop,,nominal,,True,ok,checkpoints/ablation_mnv2_baseline/best.pt,4.74,0.3385,-0.1565,0.0846,-0.0033,0.3901,,,gnm_closed_loop,0.2,-0.1565,False,0,,isaac_live_final_20260708,,selected_baseline_live,,,,,,,False,hospital_goal_B,0.3654,True,0.3385,-0.1565,0.2,-0.1565,True,armed,False,
livefinal_straight_medium_20260708_180855,1096,27.983335,1783530546.302945,-0.572138,0.575776,0.0,2.353451,0.2,-0.1565,0.199766,0.008935,camera_link,27.983335,gnm_closed_loop,,nominal,,True,ok,checkpoints/ablation_mnv2_baseline/best.pt,4.74,0.3385,-0.1565,0.0846,-0.0033,0.3901,,,gnm_closed_loop,0.2,-0.1565,False,0,,isaac_live_final_20260708,,selected_baseline_live,,,,,,,False,hospital_goal_B,0.3621,True,0.3385,-0.1565,0.2,-0.1565,True,armed,False,
livefinal_straight_medium_20260708_180855,1097,28.000001,1783530546.304933,-0.574482,0.578133,0.0,2.353445,0.2,-0.1565,0.199766,0.008935,camera_link,28.000001,gnm_closed_loop,,nominal,,True,ok,checkpoints/ablation_mnv2_baseline/best.pt,4.74,0.3385,-0.1565,0.0846,-0.0033,0.3901,,,gnm_closed_loop,0.2,-0.1565,False,0,,isaac_live_final_20260708,,selected_baseline_live,,,,,,,False,hospital_goal_B,0.3588,True,0.3385,-0.1565,0.2,-0.1565,True,armed,False,
livefinal_straight_medium_20260708_180855,1098,28.016668,1783530546.323062,-0.576825,0.580489,0.0,2.353438,0.2,-0.1611,0.19974,0.008999,camera_link,28.016668,gnm_closed_loop,,nominal,,True,ok,checkpoints/ablation_mnv2_baseline/best.pt,4.97,0.3356,-0.1611,0.0839,-0.0034,0.3898,,,gnm_closed_loop,0.2,-0.1611,False,0,,isaac_live_final_20260708,,selected_baseline_live,,,,,,,False,hospital_goal_B,0.3555,True,0.3356,-0.1611,0.2,-0.1611,True,armed,False,
livefinal_straight_medium_20260708_180855,1099,28.033335,1783530546.325546,-0.579169,0.582845,0.0,2.353431,0.2,-0.1611,0.19974,0.008999,camera_link,28.033335,gnm_closed_loop,,nominal,,True,ok,checkpoints/ablation_mnv2_baseline/best.pt,4.97,0.3356,-0.1611,0.0839,-0.0034,0.3898,,,gnm_closed_loop,0.2,-0.1611,False,0,,isaac_live_final_20260708,,selected_baseline_live,,,,,,,False,hospital_goal_B,0.3521,True,0.3356,-0.1611,0.2,-0.1611,True,armed,False,
livefinal_straight_medium_20260708_180855,1100,28.050001,1783530546.32747,-0.581513,0.585202,0.0,2.353424,0.2,-0.1611,0.19974,0.008999,camera_link,28.050001,gnm_closed_loop,,nominal,,True,ok,checkpoints/ablation_mnv2_baseline/best.pt,4.97,0.3356,-0.1611,0.0839,-0.0034,0.3898,,,gnm_closed_loop,0.2,-0.1611,False,0,,isaac_live_final_20260708,,selected_baseline_live,,,,,,,False,hospital_goal_B,0.3488,True,0.3356,-0.1611,0.2,-0.1611,True,armed,False,
livefinal_straight_medium_20260708_180855,1101,28.066668,1783530546.346019,-0.583857,0.587558,0.0,2.353417,0.2,-0.1572,0.199733,0.00818,camera_link,28.066668,gnm_closed_loop,,nominal,,True,ok,checkpoints/ablation_mnv2_baseline/best.pt,5.2,0.3505,-0.1572,0.0876,-0.0034,0.3925,,,gnm_closed_loop,0.2,-0.1572,False,0,,isaac_live_final_20260708,,selected_baseline_live,,,,,,,False,hospital_goal_B,0.3455,True,0.3505,-0.1572,0.2,-0.1572,True,armed,False,
livefinal_straight_medium_20260708_180855,1102,28.083335,1783530546.348439,-0.5862,0.589915,0.0,2.35341,0.2,-0.1572,0.199733,0.00818,camera_link,28.083335,gnm_closed_loop,,nominal,,True,ok,checkpoints/ablation_mnv2_baseline/best.pt,5.2,0.3505,-0.1572,0.0876,-0.0034,0.3925,,,gnm_closed_loop,0.2,-0.1572,False,0,,isaac_live_final_20260708,,selected_baseline_live,,,,,,,False,hospital_goal_B,0.3422,True,0.3505,-0.1572,0.2,-0.1572,True,armed,False,
livefinal_straight_medium_20260708_180855,1103,28.100001,1783530546.35071,-0.588544,0.592271,0.0,2.353403,0.2,-0.1572,0.199733,0.00818,camera_link,28.100001,gnm_closed_loop,,nominal,,True,ok,checkpoints/ablation_mnv2_baseline/best.pt,5.2,0.3505,-0.1572,0.0876,-0.0034,0.3925,,,gnm_closed_loop,0.2,-0.1572,False,0,,isaac_live_final_20260708,,selected_baseline_live,,,,,,,False,hospital_goal_B,0.3388,True,0.3505,-0.1572,0.2,-0.1572,True,armed,False,
livefinal_straight_medium_20260708_180855,1104,28.116668,1783530546.368141,-0.590888,0.594628,0.0,2.353397,0.2,-0.1585,0.199689,0.007513,camera_link,28.116668,gnm_closed_loop,,nominal,,True,ok,checkpoints/ablation_mnv2_baseline/best.pt,4.57,0.3442,-0.1585,0.0861,-0.0034,0.3947,,,gnm_closed_loop,0.2,-0.1585,False,0,,isaac_live_final_20260708,,selected_baseline_live,,,,,,,False,hospital_goal_B,0.3355,True,0.3442,-0.1585,0.2,-0.1585,True,armed,False,
livefinal_straight_medium_20260708_180855,1105,28.133335,1783530546.370488,-0.593231,0.596984,0.0,2.353391,0.2,-0.1585,0.199689,0.007513,camera_link,28.133335,gnm_closed_loop,,nominal,,True,ok,checkpoints/ablation_mnv2_baseline/best.pt,4.57,0.3442,-0.1585,0.0861,-0.0034,0.3947,,,gnm_closed_loop,0.2,-0.1585,False,0,,isaac_live_final_20260708,,selected_baseline_live,,,,,,,False,hospital_goal_B,0.3322,True,0.3442,-0.1585,0.2,-0.1585,True,armed,False,
livefinal_straight_medium_20260708_180855,1106,28.150001,1783530546.373518,-0.595575,0.599341,0.0,2.353384,0.2,-0.1585,0.199689,0.007513,camera_link,28.150001,gnm_closed_loop,,nominal,,True,ok,checkpoints/ablation_mnv2_baseline/best.pt,4.57,0.3442,-0.1585,0.0861,-0.0034,0.3947,,,gnm_closed_loop,0.2,-0.1585,False,0,,isaac_live_final_20260708,,selected_baseline_live,,,,,,,False,hospital_goal_B,0.3289,True,0.3442,-0.1585,0.2,-0.1585,True,armed,False,
livefinal_straight_medium_20260708_180855,1107,28.166668,1783530546.390052,-0.597919,0.601698,0.0,2.353378,0.2,-0.1662,0.199726,0.007933,camera_link,28.166668,gnm_closed_loop,,nominal,,True,ok,checkpoints/ablation_mnv2_baseline/best.pt,5.48,0.3256,-0.1662,0.0814,-0.0034,0.3926,,,gnm_closed_loop,0.2,-0.1662,False,0,,isaac_live_final_20260708,,selected_baseline_live,,,,,,,False,hospital_goal_B,0.3256,True,0.3256,-0.1662,0.2,-0.1662,True,armed,False,
livefinal_straight_medium_20260708_180855,1108,28.183335,1783530546.393509,-0.600262,0.604054,0.0,2.353371,0.2,-0.1662,0.199726,0.007933,camera_link,28.183335,gnm_closed_loop,,nominal,,True,ok,checkpoints/ablation_mnv2_baseline/best.pt,5.48,0.3256,-0.1662,0.0814,-0.0034,0.3926,,,gnm_closed_loop,0.2,-0.1662,False,0,,isaac_live_final_20260708,,selected_baseline_live,,,,,,,False,hospital_goal_B,0.3222,True,0.3256,-0.1662,0.2,-0.1662,True,armed,False,
livefinal_straight_medium_20260708_180855,1109,28.200001,1783530546.395549,-0.602606,0.606411,0.0,2.353364,0.2,-0.1662,0.199726,0.007933,camera_link,28.200001,gnm_closed_loop,,nominal,,True,ok,checkpoints/ablation_mnv2_baseline/best.pt,5.48,0.3256,-0.1662,0.0814,-0.0034,0.3926,,,gnm_closed_loop,0.2,-0.1662,False,0,,isaac_live_final_20260708,,selected_baseline_live,,,,,,,False,hospital_goal_B,0.3189,True,0.3256,-0.1662,0.2,-0.1662,True,armed,False,
livefinal_straight_medium_20260708_180855,1110,28.216668,1783530546.417722,-0.604949,0.608767,0.0,2.353357,0.2,-0.1682,0.199687,0.008477,camera_link,28.216668,gnm_closed_loop,,nominal,,True,ok,checkpoints/ablation_mnv2_baseline/best.pt,6.24,0.3251,-0.1682,0.0813,-0.0034,0.3944,,,gnm_closed_loop,0.2,-0.1682,False,0,,isaac_live_final_20260708,,selected_baseline_live,,,,,,,False,hospital_goal_B,0.3156,True,0.3251,-0.1682,0.2,-0.1682,True,armed,False,
livefinal_straight_medium_20260708_180855,1111,28.233335,1783530546.420423,-0.607293,0.611124,0.0,2.35335,0.2,-0.1682,0.199687,0.008477,camera_link,28.233335,gnm_closed_loop,,nominal,,True,ok,checkpoints/ablation_mnv2_baseline/best.pt,6.24,0.3251,-0.1682,0.0813,-0.0034,0.3944,,,gnm_closed_loop,0.2,-0.1682,False,0,,isaac_live_final_20260708,,selected_baseline_live,,,,,,,False,hospital_goal_B,0.3123,True,0.3251,-0.1682,0.2,-0.1682,True,armed,False,
livefinal_straight_medium_20260708_180855,1112,28.250001,1783530546.422452,-0.609636,0.61348,0.0,2.353344,0.2,-0.1682,0.199687,0.008477,camera_link,28.250001,gnm_closed_loop,,nominal,,True,ok,checkpoints/ablation_mnv2_baseline/best.pt,6.24,0.3251,-0.1682,0.0813,-0.0034,0.3944,,,gnm_closed_loop,0.2,-0.1682,False,0,,isaac_live_final_20260708,,selected_baseline_live,,,,,,,False,hospital_goal_B,0.3089,True,0.3251,-0.1682,0.2,-0.1682,True,armed,False,
livefinal_straight_medium_20260708_180855,1113,28.266668,1783530546.439163,-0.611979,0.615837,0.0,2.353337,0.2,-0.1719,0.199669,0.008085,camera_link,28.266668,gnm_closed_loop,,nominal,,True,ok,checkpoints/ablation_mnv2_baseline/best.pt,4.52,0.3188,-0.1719,0.0797,-0.0034,0.3917,,,gnm_closed_loop,0.2,-0.1719,False,0,,isaac_live_final_20260708,,selected_baseline_live,,,,,,,False,hospital_goal_B,0.3056,True,0.3188,-0.1719,0.2,-0.1719,True,armed,False,
livefinal_straight_medium_20260708_180855,1114,28.283335,1783530546.441883,-0.614323,0.618193,0.0,2.35333,0.2,-0.1719,0.199669,0.008085,camera_link,28.283335,gnm_closed_loop,,nominal,,True,ok,checkpoints/ablation_mnv2_baseline/best.pt,4.52,0.3188,-0.1719,0.0797,-0.0034,0.3917,,,gnm_closed_loop,0.2,-0.1719,False,0,,isaac_live_final_20260708,,selected_baseline_live,,,,,,,False,hospital_goal_B,0.3023,True,0.3188,-0.1719,0.2,-0.1719,True,armed,False,
livefinal_straight_medium_20260708_180855,1115,28.300001,1783530546.444139,-0.616666,0.620549,0.0,2.353323,0.2,-0.1719,0.199669,0.008085,camera_link,28.300001,gnm_closed_loop,,nominal,,True,ok,checkpoints/ablation_mnv2_baseline/best.pt,4.52,0.3188,-0.1719,0.0797,-0.0034,0.3917,,,gnm_closed_loop,0.2,-0.1719,False,0,,isaac_live_final_20260708,,selected_baseline_live,,,,,,,False,hospital_goal_B,0.299,True,0.3188,-0.1719,0.2,-0.1719,True,armed,False,
livefinal_straight_medium_20260708_180855,1116,28.316668,1783530546.46173,-0.619009,0.622906,0.0,2.353316,0.2,-0.1814,0.199683,0.007915,camera_link,28.316668,gnm_closed_loop,,nominal,,True,ok,checkpoints/ablation_mnv2_baseline/best.pt,5.21,0.305,-0.1814,0.0762,-0.0035,0.3922,,,gnm_closed_loop,0.2,-0.1814,False,0,,isaac_live_final_20260708,,selected_baseline_live,,,,,,,False,hospital_goal_B,0.2956,True,0.305,-0.1814,0.2,-0.1814,True,armed,False,
livefinal_straight_medium_20260708_180855,1117,28.333335,1783530546.464482,-0.621352,0.625262,0.0,2.353309,0.2,-0.1814,0.199683,0.007915,camera_link,28.333335,gnm_closed_loop,,nominal,,True,ok,checkpoints/ablation_mnv2_baseline/best.pt,5.21,0.305,-0.1814,0.0762,-0.0035,0.3922,,,gnm_closed_loop,0.2,-0.1814,False,0,,isaac_live_final_20260708,,selected_baseline_live,,,,,,,False,hospital_goal_B,0.2923,True,0.305,-0.1814,0.2,-0.1814,True,armed,False,
livefinal_straight_medium_20260708_180855,1118,28.350001,1783530546.466419,-0.623696,0.627619,-0.0,2.353301,0.2,-0.1814,0.199683,0.007915,camera_link,28.350001,gnm_closed_loop,,nominal,,True,ok,checkpoints/ablation_mnv2_baseline/best.pt,5.21,0.305,-0.1814,0.0762,-0.0035,0.3922,,,gnm_closed_loop,0.2,-0.1814,False,0,,isaac_live_final_20260708,,selected_baseline_live,,,,,,,False,hospital_goal_B,0.289,True,0.305,-0.1814,0.2,-0.1814,True,armed,False,
livefinal_straight_medium_20260708_180855,1119,28.366668,1783530546.485634,-0.626039,0.629976,0.0,2.353294,0.2,-0.1754,0.199662,0.00805,camera_link,28.366668,gnm_closed_loop,,nominal,,True,ok,checkpoints/ablation_mnv2_baseline/best.pt,4.71,0.3111,-0.1754,0.0778,-0.0034,0.3936,,,gnm_closed_loop,0.2,-0.1754,False,0,,isaac_live_final_20260708,,selected_baseline_live,,,,,,,False,hospital_goal_B,0.2857,True,0.3111,-0.1754,0.2,-0.1754,True,armed,False,
livefinal_straight_medium_20260708_180855,1120,28.383335,1783530546.487839,-0.628382,0.632332,0.0,2.353287,0.2,-0.1754,0.199662,0.00805,camera_link,28.383335,gnm_closed_loop,,nominal,,True,ok,checkpoints/ablation_mnv2_baseline/best.pt,4.71,0.3111,-0.1754,0.0778,-0.0034,0.3936,,,gnm_closed_loop,0.2,-0.1754,False,0,,isaac_live_final_20260708,,selected_baseline_live,,,,,,,False,hospital_goal_B,0.2824,True,0.3111,-0.1754,0.2,-0.1754,True,armed,False,
livefinal_straight_medium_20260708_180855,1121,28.400001,1783530546.489706,-0.630725,0.634689,0.0,2.353279,0.2,-0.1754,0.199662,0.00805,camera_link,28.400001,gnm_closed_loop,,nominal,,True,ok,checkpoints/ablation_mnv2_baseline/best.pt,4.71,0.3111,-0.1754,0.0778,-0.0034,0.3936,,,gnm_closed_loop,0.2,-0.1754,False,0,,isaac_live_final_20260708,,selected_baseline_live,,,,,,,False,hospital_goal_B,0.279,True,0.3111,-0.1754,0.2,-0.1754,True,armed,False,
livefinal_straight_medium_20260708_180855,1122,28.416668,1783530546.504277,-0.633068,0.637045,0.0,2.353273,0.2,-0.1775,0.19975,0.008782,camera_link,28.416668,gnm_closed_loop,,nominal,,True,ok,checkpoints/ablation_mnv2_baseline/best.pt,5.27,0.3086,-0.1775,0.0771,-0.0034,0.3973,,,gnm_closed_loop,0.2,-0.1775,False,0,,isaac_live_final_20260708,,selected_baseline_live,,,,,,,False,hospital_goal_B,0.2757,True,0.3086,-0.1775,0.2,-0.1775,True,armed,False,
livefinal_straight_medium_20260708_180855,1123,28.433335,1783530546.506732,-0.635411,0.639402,-0.0,2.353266,0.2,-0.1775,0.19975,0.008782,camera_link,28.433335,gnm_closed_loop,,nominal,,True,ok,checkpoints/ablation_mnv2_baseline/best.pt,5.27,0.3086,-0.1775,0.0771,-0.0034,0.3973,,,gnm_closed_loop,0.2,-0.1775,False,0,,isaac_live_final_20260708,,selected_baseline_live,,,,,,,False,hospital_goal_B,0.2724,True,0.3086,-0.1775,0.2,-0.1775,True,armed,False,
livefinal_straight_medium_20260708_180855,1124,28.450001,1783530546.508997,-0.637754,0.641759,0.0,2.353259,0.2,-0.1775,0.19975,0.008782,camera_link,28.450001,gnm_closed_loop,,nominal,,True,ok,checkpoints/ablation_mnv2_baseline/best.pt,5.27,0.3086,-0.1775,0.0771,-0.0034,0.3973,,,gnm_closed_loop,0.2,-0.1775,False,0,,isaac_live_final_20260708,,selected_baseline_live,,,,,,,False,hospital_goal_B,0.2691,True,0.3086,-0.1775,0.2,-0.1775,True,armed,False,
livefinal_straight_medium_20260708_180855,1125,28.466668,1783530546.527081,-0.640097,0.644115,0.0,2.353252,0.2,-0.1762,0.199754,0.008254,camera_link,28.466668,gnm_closed_loop,,nominal,,True,ok,checkpoints/ablation_mnv2_baseline/best.pt,5.34,0.3077,-0.1762,0.0769,-0.0034,0.3999,,,gnm_closed_loop,0.2,-0.1762,False,0,,isaac_live_final_20260708,,selected_baseline_live,,,,,,,False,hospital_goal_B,0.2657,True,0.3077,-0.1762,0.2,-0.1762,True,armed,False,
livefinal_straight_medium_20260708_180855,1126,28.483335,1783530546.530496,-0.64244,0.646472,0.0,2.353245,0.2,-0.1762,0.199754,0.008254,camera_link,28.483335,gnm_closed_loop,,nominal,,True,ok,checkpoints/ablation_mnv2_baseline/best.pt,5.34,0.3077,-0.1762,0.0769,-0.0034,0.3999,,,gnm_closed_loop,0.2,-0.1762,False,0,,isaac_live_final_20260708,,selected_baseline_live,,,,,,,False,hospital_goal_B,0.2624,True,0.3077,-0.1762,0.2,-0.1762,True,armed,False,
livefinal_straight_medium_20260708_180855,1127,28.500001,1783530546.532383,-0.644784,0.648828,-0.0,2.353237,0.2,-0.1762,0.199754,0.008254,camera_link,28.500001,gnm_closed_loop,,nominal,,True,ok,checkpoints/ablation_mnv2_baseline/best.pt,5.34,0.3077,-0.1762,0.0769,-0.0034,0.3999,,,gnm_closed_loop,0.2,-0.1762,False,0,,isaac_live_final_20260708,,selected_baseline_live,,,,,,,False,hospital_goal_B,0.2591,True,0.3077,-0.1762,0.2,-0.1762,True,armed,False,
livefinal_straight_medium_20260708_180855,1128,28.516668,1783530546.548862,-0.647127,0.651185,0.0,2.35323,0.2,-0.1611,0.199714,0.008831,camera_link,28.516668,gnm_closed_loop,,nominal,,True,ok,checkpoints/ablation_mnv2_baseline/best.pt,5.11,0.328,-0.1611,0.082,-0.0033,0.4015,,,gnm_closed_loop,0.2,-0.1611,False,0,,isaac_live_final_20260708,,selected_baseline_live,,,,,,,False,hospital_goal_B,0.2558,True,0.328,-0.1611,0.2,-0.1611,True,armed,False,
livefinal_straight_medium_20260708_180855,1129,28.533335,1783530546.55143,-0.64947,0.653542,0.0,2.353223,0.2,-0.1611,0.199714,0.008831,camera_link,28.533335,gnm_closed_loop,,nominal,,True,ok,checkpoints/ablation_mnv2_baseline/best.pt,5.11,0.328,-0.1611,0.082,-0.0033,0.4015,,,gnm_closed_loop,0.2,-0.1611,False,0,,isaac_live_final_20260708,,selected_baseline_live,,,,,,,False,hospital_goal_B,0.2524,True,0.328,-0.1611,0.2,-0.1611,True,armed,False,
livefinal_straight_medium_20260708_180855,1130,28.550001,1783530546.553973,-0.651813,0.655899,0.0,2.353217,0.2,-0.1611,0.199714,0.008831,camera_link,28.550001,gnm_closed_loop,,nominal,,True,ok,checkpoints/ablation_mnv2_baseline/best.pt,5.11,0.328,-0.1611,0.082,-0.0033,0.4015,,,gnm_closed_loop,0.2,-0.1611,False,0,,isaac_live_final_20260708,,selected_baseline_live,,,,,,,False,hospital_goal_B,0.2491,True,0.328,-0.1611,0.2,-0.1611,True,armed,False,
livefinal_straight_medium_20260708_180855,1131,28.566668,1783530546.573344,-0.654156,0.658256,0.0,2.353211,0.2,-0.1582,0.199754,0.008265,camera_link,28.566668,gnm_closed_loop,,nominal,,True,ok,checkpoints/ablation_mnv2_baseline/best.pt,5.67,0.3354,-0.1582,0.0838,-0.0033,0.4003,,,gnm_closed_loop,0.2,-0.1582,False,0,,isaac_live_final_20260708,,selected_baseline_live,,,,,,,False,hospital_goal_B,0.2458,True,0.3354,-0.1582,0.2,-0.1582,True,armed,False,
livefinal_straight_medium_20260708_180855,1132,28.583335,1783530546.575665,-0.656499,0.660613,0.0,2.353204,0.2,-0.1582,0.199754,0.008265,camera_link,28.583335,gnm_closed_loop,,nominal,,True,ok,checkpoints/ablation_mnv2_baseline/best.pt,5.67,0.3354,-0.1582,0.0838,-0.0033,0.4003,,,gnm_closed_loop,0.2,-0.1582,False,0,,isaac_live_final_20260708,,selected_baseline_live,,,,,,,False,hospital_goal_B,0.2425,True,0.3354,-0.1582,0.2,-0.1582,True,armed,False,
livefinal_straight_medium_20260708_180855,1133,28.600001,1783530546.578562,-0.658843,0.662969,0.0,2.353198,0.2,-0.1582,0.199754,0.008265,camera_link,28.600001,gnm_closed_loop,,nominal,,True,ok,checkpoints/ablation_mnv2_baseline/best.pt,5.67,0.3354,-0.1582,0.0838,-0.0033,0.4003,,,gnm_closed_loop,0.2,-0.1582,False,0,,isaac_live_final_20260708,,selected_baseline_live,,,,,,,False,hospital_goal_B,0.2392,True,0.3354,-0.1582,0.2,-0.1582,True,armed,False,
livefinal_straight_medium_20260708_180855,1134,28.616668,1783530546.597667,-0.661186,0.665326,-0.0,2.353192,0.2,-0.1519,0.19976,0.008682,camera_link,28.616668,gnm_closed_loop,,nominal,,True,ok,checkpoints/ablation_mnv2_baseline/best.pt,5.9,0.3504,-0.1519,0.0876,-0.0033,0.3997,,,gnm_closed_loop,0.2,-0.1519,False,0,,isaac_live_final_20260708,,selected_baseline_live,,,,,,,False,hospital_goal_B,0.2358,True,0.3504,-0.1519,0.2,-0.1519,True,armed,False,
livefinal_straight_medium_20260708_180855,1135,28.633335,1783530546.600021,-0.663529,0.667683,0.0,2.353185,0.2,-0.1519,0.19976,0.008682,camera_link,28.633335,gnm_closed_loop,,nominal,,True,ok,checkpoints/ablation_mnv2_baseline/best.pt,5.9,0.3504,-0.1519,0.0876,-0.0033,0.3997,,,gnm_closed_loop,0.2,-0.1519,False,0,,isaac_live_final_20260708,,selected_baseline_live,,,,,,,False,hospital_goal_B,0.2325,True,0.3504,-0.1519,0.2,-0.1519,True,armed,False,
livefinal_straight_medium_20260708_180855,1136,28.650001,1783530546.601941,-0.665872,0.67004,0.0,2.353179,0.2,-0.1519,0.19976,0.008682,camera_link,28.650001,gnm_closed_loop,,nominal,,True,ok,checkpoints/ablation_mnv2_baseline/best.pt,5.9,0.3504,-0.1519,0.0876,-0.0033,0.3997,,,gnm_closed_loop,0.2,-0.1519,False,0,,isaac_live_final_20260708,,selected_baseline_live,,,,,,,False,hospital_goal_B,0.2292,True,0.3504,-0.1519,0.2,-0.1519,True,armed,False,
livefinal_straight_medium_20260708_180855,1137,28.666668,1783530546.617467,-0.668215,0.672397,0.0,2.353174,0.2,-0.1534,0.199778,0.007424,camera_link,28.666668,gnm_closed_loop,,nominal,,True,ok,checkpoints/ablation_mnv2_baseline/best.pt,5.28,0.3546,-0.1534,0.0886,-0.0034,0.3985,,,gnm_closed_loop,0.2,-0.1534,False,0,,isaac_live_final_20260708,,selected_baseline_live,,,,,,,False,hospital_goal_B,0.2259,True,0.3546,-0.1534,0.2,-0.1534,True,armed,False,
livefinal_straight_medium_20260708_180855,1138,28.683335,1783530546.620099,-0.670558,0.674755,0.0,2.353167,0.2,-0.1534,0.199778,0.007424,camera_link,28.683335,gnm_closed_loop,,nominal,,True,ok,checkpoints/ablation_mnv2_baseline/best.pt,5.28,0.3546,-0.1534,0.0886,-0.0034,0.3985,,,gnm_closed_loop,0.2,-0.1534,False,0,,isaac_live_final_20260708,,selected_baseline_live,,,,,,,False,hospital_goal_B,0.2225,True,0.3546,-0.1534,0.2,-0.1534,True,armed,False,
livefinal_straight_medium_20260708_180855,1139,28.700001,1783530546.622117,-0.672902,0.677112,0.0,2.353161,0.2,-0.1534,0.199778,0.007424,camera_link,28.700001,gnm_closed_loop,,nominal,,True,ok,checkpoints/ablation_mnv2_baseline/best.pt,5.28,0.3546,-0.1534,0.0886,-0.0034,0.3985,,,gnm_closed_loop,0.2,-0.1534,False,0,,isaac_live_final_20260708,,selected_baseline_live,,,,,,,False,hospital_goal_B,0.2192,True,0.3546,-0.1534,0.2,-0.1534,True,armed,False,
livefinal_straight_medium_20260708_180855,1140,28.716668,1783530546.645174,-0.675245,0.679469,0.0,2.353155,0.2,-0.1447,0.199773,0.00791,camera_link,28.716668,gnm_closed_loop,,nominal,,True,ok,checkpoints/ablation_mnv2_baseline/best.pt,5.96,0.3756,-0.1447,0.0939,-0.0034,0.3992,,,gnm_closed_loop,0.2,-0.1447,False,0,,isaac_live_final_20260708,,selected_baseline_live,,,,,,,False,hospital_goal_B,0.2159,True,0.3756,-0.1447,0.2,-0.1447,True,armed,False,
livefinal_straight_medium_20260708_180855,1141,28.733335,1783530546.650428,-0.677588,0.681826,0.0,2.353149,0.2,-0.1447,0.199773,0.00791,camera_link,28.733335,gnm_closed_loop,,nominal,,True,ok,checkpoints/ablation_mnv2_baseline/best.pt,5.96,0.3756,-0.1447,0.0939,-0.0034,0.3992,,,gnm_closed_loop,0.2,-0.1447,False,0,,isaac_live_final_20260708,,selected_baseline_live,,,,,,,False,hospital_goal_B,0.2126,True,0.3756,-0.1447,0.2,-0.1447,True,armed,False,
livefinal_straight_medium_20260708_180855,1142,28.750001,1783530546.654812,-0.679931,0.684183,0.0,2.353143,0.2,-0.1447,0.199773,0.00791,camera_link,28.750001,gnm_closed_loop,,nominal,,True,ok,checkpoints/ablation_mnv2_baseline/best.pt,5.96,0.3756,-0.1447,0.0939,-0.0034,0.3992,,,gnm_closed_loop,0.2,-0.1447,False,0,,isaac_live_final_20260708,,selected_baseline_live,,,,,,,False,hospital_goal_B,0.2092,True,0.3756,-0.1447,0.2,-0.1447,True,armed,False,
livefinal_straight_medium_20260708_180855,1143,28.766668,1783530546.685677,-0.682275,0.68654,0.0,2.353138,0.2,-0.1245,0.199778,0.007356,camera_link,28.766668,gnm_closed_loop,,nominal,,True,ok,checkpoints/ablation_mnv2_baseline/best.pt,5.14,0.4274,-0.1245,0.1069,-0.0033,0.4013,,,gnm_closed_loop,0.2,-0.1245,False,0,,isaac_live_final_20260708,,selected_baseline_live,,,,,,,False,hospital_goal_B,0.2059,True,0.4274,-0.1245,0.2,-0.1245,True,armed,False,
livefinal_straight_medium_20260708_180855,1144,28.783335,1783530546.688099,-0.684618,0.688898,0.0,2.353133,0.2,-0.1245,0.199778,0.007356,camera_link,28.783335,gnm_closed_loop,,nominal,,True,ok,checkpoints/ablation_mnv2_baseline/best.pt,5.14,0.4274,-0.1245,0.1069,-0.0033,0.4013,,,gnm_closed_loop,0.2,-0.1245,False,0,,isaac_live_final_20260708,,selected_baseline_live,,,,,,,False,hospital_goal_B,0.2026,True,0.4274,-0.1245,0.2,-0.1245,True,armed,False,
livefinal_straight_medium_20260708_180855,1145,28.800002,1783530546.689984,-0.686961,0.691255,0.0,2.353129,0.2,-0.1245,0.199778,0.007356,camera_link,28.800002,gnm_closed_loop,,nominal,,True,ok,checkpoints/ablation_mnv2_baseline/best.pt,5.14,0.4274,-0.1245,0.1069,-0.0033,0.4013,,,gnm_closed_loop,0.2,-0.1245,False,0,,isaac_live_final_20260708,,selected_baseline_live,,,,,,,False,hospital_goal_B,0.1993,True,0.4274,-0.1245,0.2,-0.1245,True,armed,False,
livefinal_straight_medium_20260708_180855,1146,28.816668,1783530546.706334,-0.689304,0.693613,0.0,2.353124,0.2,-0.1229,0.199766,0.006403,camera_link,28.816668,gnm_closed_loop,,nominal,,True,ok,checkpoints/ablation_mnv2_baseline/best.pt,5.34,0.4195,-0.1229,0.1049,-0.0032,0.3964,,,gnm_closed_loop,0.2,-0.1229,False,0,,isaac_live_final_20260708,,selected_baseline_live,,,,,,,False,hospital_goal_B,0.196,True,0.4195,-0.1229,0.2,-0.1229,True,armed,False,
livefinal_straight_medium_20260708_180855,1147,28.833335,1783530546.708669,-0.691648,0.69597,0.0,2.353119,0.2,-0.1229,0.199766,0.006403,camera_link,28.833335,gnm_closed_loop,,nominal,,True,ok,checkpoints/ablation_mnv2_baseline/best.pt,5.34,0.4195,-0.1229,0.1049,-0.0032,0.3964,,,gnm_closed_loop,0.2,-0.1229,False,0,,isaac_live_final_20260708,,selected_baseline_live,,,,,,,False,hospital_goal_B,0.1926,True,0.4195,-0.1229,0.2,-0.1229,True,armed,False,
livefinal_straight_medium_20260708_180855,1148,28.850002,1783530546.711749,-0.693991,0.698328,0.0,2.353114,0.2,-0.1229,0.199766,0.006403,camera_link,28.850002,gnm_closed_loop,,nominal,,True,ok,checkpoints/ablation_mnv2_baseline/best.pt,5.34,0.4195,-0.1229,0.1049,-0.0032,0.3964,,,gnm_closed_loop,0.2,-0.1229,False,0,,isaac_live_final_20260708,,selected_baseline_live,,,,,,,False,hospital_goal_B,0.1893,True,0.4195,-0.1229,0.2,-0.1229,True,armed,False,
livefinal_straight_medium_20260708_180855,1149,28.866668,1783530546.734648,-0.696334,0.700686,0.0,2.35311,0.2,-0.135,0.199797,0.006325,camera_link,28.866668,gnm_closed_loop,,nominal,,True,ok,checkpoints/ablation_mnv2_baseline/best.pt,6.58,0.3863,-0.135,0.0966,-0.0033,0.3975,,,gnm_closed_loop,0.2,-0.135,False,0,,isaac_live_final_20260708,,selected_baseline_live,,,,,,,False,hospital_goal_B,0.186,True,0.3863,-0.135,0.2,-0.135,True,armed,False,
livefinal_straight_medium_20260708_180855,1150,28.883335,1783530546.737424,-0.698678,0.703043,0.0,2.353105,0.2,-0.135,0.199797,0.006325,camera_link,28.883335,gnm_closed_loop,,nominal,,True,ok,checkpoints/ablation_mnv2_baseline/best.pt,6.58,0.3863,-0.135,0.0966,-0.0033,0.3975,,,gnm_closed_loop,0.2,-0.135,False,0,,isaac_live_final_20260708,,selected_baseline_live,,,,,,,False,hospital_goal_B,0.1827,True,0.3863,-0.135,0.2,-0.135,True,armed,False,
livefinal_straight_medium_20260708_180855,1151,28.900002,1783530546.739341,-0.701021,0.7054,0.0,2.3531,0.2,-0.135,0.199797,0.006325,camera_link,28.900002,gnm_closed_loop,,nominal,,True,ok,checkpoints/ablation_mnv2_baseline/best.pt,6.58,0.3863,-0.135,0.0966,-0.0033,0.3975,,,gnm_closed_loop,0.2,-0.135,False,0,,isaac_live_final_20260708,,selected_baseline_live,,,,,,,False,hospital_goal_B,0.1793,True,0.3863,-0.135,0.2,-0.135,True,armed,False,
livefinal_straight_medium_20260708_180855,1152,28.916668,1783530546.760531,-0.703364,0.707758,0.0,2.353095,0.2,-0.1414,0.199768,0.006511,camera_link,28.916668,gnm_closed_loop,,nominal,,True,ok,checkpoints/ablation_mnv2_baseline/best.pt,5.52,0.3689,-0.1414,0.0922,-0.0033,0.3962,,,gnm_closed_loop,0.2,-0.1414,False,0,,isaac_live_final_20260708,,selected_baseline_live,,,,,,,False,hospital_goal_B,0.176,True,0.3689,-0.1414,0.2,-0.1414,True,armed,False,
livefinal_straight_medium_20260708_180855,1153,28.933335,1783530546.762737,-0.705707,0.710116,0.0,2.35309,0.2,-0.1414,0.199768,0.006511,camera_link,28.933335,gnm_closed_loop,,nominal,,True,ok,checkpoints/ablation_mnv2_baseline/best.pt,5.52,0.3689,-0.1414,0.0922,-0.0033,0.3962,,,gnm_closed_loop,0.2,-0.1414,False,0,,isaac_live_final_20260708,,selected_baseline_live,,,,,,,False,hospital_goal_B,0.1727,True,0.3689,-0.1414,0.2,-0.1414,True,armed,False,
livefinal_straight_medium_20260708_180855,1154,28.950002,1783530546.764627,-0.70805,0.712473,0.0,2.353084,0.2,-0.1414,0.199768,0.006511,camera_link,28.950002,gnm_closed_loop,,nominal,,True,ok,checkpoints/ablation_mnv2_baseline/best.pt,5.52,0.3689,-0.1414,0.0922,-0.0033,0.3962,,,gnm_closed_loop,0.2,-0.1414,False,0,,isaac_live_final_20260708,,selected_baseline_live,,,,,,,False,hospital_goal_B,0.1694,True,0.3689,-0.1414,0.2,-0.1414,True,armed,False,
livefinal_straight_medium_20260708_180855,1155,28.966668,1783530546.780775,-0.710394,0.71483,0.0,2.353078,0.2,-0.1264,0.199793,0.007258,camera_link,28.966668,gnm_closed_loop,,nominal,,True,ok,checkpoints/ablation_mnv2_baseline/best.pt,5.09,0.414,-0.1264,0.1035,-0.0033,0.3979,,,gnm_closed_loop,0.2,-0.1264,False,0,,isaac_live_final_20260708,,selected_baseline_live,,,,,,,False,hospital_goal_B,0.166,True,0.414,-0.1264,0.2,-0.1264,True,armed,False,
livefinal_straight_medium_20260708_180855,1156,28.983335,1783530546.7836,-0.712737,0.717188,0.0,2.353074,0.2,-0.1264,0.199793,0.007258,camera_link,28.983335,gnm_closed_loop,,nominal,,True,ok,checkpoints/ablation_mnv2_baseline/best.pt,5.09,0.414,-0.1264,0.1035,-0.0033,0.3979,,,gnm_closed_loop,0.2,-0.1264,False,0,,isaac_live_final_20260708,,selected_baseline_live,,,,,,,False,hospital_goal_B,0.1627,True,0.414,-0.1264,0.2,-0.1264,True,armed,False,
livefinal_straight_medium_20260708_180855,1157,29.000002,1783530546.786737,-0.71508,0.719546,0.0,2.353069,0.2,-0.1264,0.199793,0.007258,camera_link,29.000002,gnm_closed_loop,,nominal,,True,ok,checkpoints/ablation_mnv2_baseline/best.pt,5.09,0.414,-0.1264,0.1035,-0.0033,0.3979,,,gnm_closed_loop,0.2,-0.1264,False,0,,isaac_live_final_20260708,,selected_baseline_live,,,,,,,False,hospital_goal_B,0.1594,True,0.414,-0.1264,0.2,-0.1264,True,armed,False,
livefinal_straight_medium_20260708_180855,1158,29.016668,1783530546.807148,-0.717423,0.721903,0.0,2.353064,0.2,-0.1169,0.199794,0.006279,camera_link,29.016668,gnm_closed_loop,,nominal,,True,ok,checkpoints/ablation_mnv2_baseline/best.pt,5.56,0.4469,-0.1169,0.1117,-0.0033,0.4016,,,gnm_closed_loop,0.2,-0.1169,False,0,,isaac_live_final_20260708,,selected_baseline_live,,,,,,,False,hospital_goal_B,0.1561,True,0.4469,-0.1169,0.2,-0.1169,True,armed,False,
livefinal_straight_medium_20260708_180855,1159,29.033335,1783530546.810623,-0.719766,0.724261,0.0,2.353059,0.2,-0.1169,0.199794,0.006279,camera_link,29.033335,gnm_closed_loop,,nominal,,True,ok,checkpoints/ablation_mnv2_baseline/best.pt,5.56,0.4469,-0.1169,0.1117,-0.0033,0.4016,,,gnm_closed_loop,0.2,-0.1169,False,0,,isaac_live_final_20260708,,selected_baseline_live,,,,,,,False,hospital_goal_B,0.1527,True,0.4469,-0.1169,0.2,-0.1169,True,armed,False,
livefinal_straight_medium_20260708_180855,1160,29.050002,1783530546.814721,-0.72211,0.726619,0.0,2.353054,0.2,-0.1169,0.199794,0.006279,camera_link,29.050002,gnm_closed_loop,,nominal,,True,ok,checkpoints/ablation_mnv2_baseline/best.pt,5.56,0.4469,-0.1169,0.1117,-0.0033,0.4016,,,gnm_closed_loop,0.2,-0.1169,False,0,,isaac_live_final_20260708,,selected_baseline_live,,,,,,,False,hospital_goal_B,0.1494,True,0.4469,-0.1169,0.2,-0.1169,True,armed,False,
livefinal_straight_medium_20260708_180855,1161,29.066668,1783530546.837055,-0.724453,0.728977,0.0,2.35305,0.2,-0.116,0.199789,0.006239,camera_link,29.066668,gnm_closed_loop,,nominal,,True,ok,checkpoints/ablation_mnv2_baseline/best.pt,4.91,0.4442,-0.116,0.111,-0.0032,0.4017,,,gnm_closed_loop,0.2,-0.116,False,0,,isaac_live_final_20260708,,selected_baseline_live,,,,,,,False,hospital_goal_B,0.1461,True,0.4442,-0.116,0.2,-0.116,True,armed,False,
livefinal_straight_medium_20260708_180855,1162,29.083335,1783530546.839843,-0.726797,0.731335,0.0,2.353046,0.2,-0.116,0.199789,0.006239,camera_link,29.083335,gnm_closed_loop,,nominal,,True,ok,checkpoints/ablation_mnv2_baseline/best.pt,4.91,0.4442,-0.116,0.111,-0.0032,0.4017,,,gnm_closed_loop,0.2,-0.116,False,0,,isaac_live_final_20260708,,selected_baseline_live,,,,,,,False,hospital_goal_B,0.1428,True,0.4442,-0.116,0.2,-0.116,True,armed,False,
livefinal_straight_medium_20260708_180855,1163,29.100002,1783530546.843025,-0.72914,0.733693,0.0,2.353042,0.2,-0.116,0.199789,0.006239,camera_link,29.100002,gnm_closed_loop,,nominal,,True,ok,checkpoints/ablation_mnv2_baseline/best.pt,4.91,0.4442,-0.116,0.111,-0.0032,0.4017,,,gnm_closed_loop,0.2,-0.116,False,0,,isaac_live_final_20260708,,selected_baseline_live,,,,,,,False,hospital_goal_B,0.1395,True,0.4442,-0.116,0.2,-0.116,True,armed,False,
livefinal_straight_medium_20260708_180855,1164,29.116668,1783530546.86192,-0.731483,0.736051,0.0,2.353037,0.2,-0.1106,0.199802,0.006266,camera_link,29.116668,gnm_closed_loop,,nominal,,True,ok,checkpoints/ablation_mnv2_baseline/best.pt,5.94,0.4602,-0.1106,0.115,-0.0032,0.4038,,,gnm_closed_loop,0.2,-0.1106,False,0,,isaac_live_final_20260708,,selected_baseline_live,,,,,,,False,hospital_goal_B,0.1361,True,0.4602,-0.1106,0.2,-0.1106,True,armed,False,
livefinal_straight_medium_20260708_180855,1165,29.133335,1783530546.864701,-0.733827,0.738409,0.0,2.353033,0.2,-0.1106,0.199802,0.006266,camera_link,29.133335,gnm_closed_loop,,nominal,,True,ok,checkpoints/ablation_mnv2_baseline/best.pt,5.94,0.4602,-0.1106,0.115,-0.0032,0.4038,,,gnm_closed_loop,0.2,-0.1106,False,0,,isaac_live_final_20260708,,selected_baseline_live,,,,,,,False,hospital_goal_B,0.1328,True,0.4602,-0.1106,0.2,-0.1106,True,armed,False,
livefinal_straight_medium_20260708_180855,1166,29.150002,1783530546.866773,-0.73617,0.740767,0.0,2.353029,0.2,-0.1106,0.199802,0.006266,camera_link,29.150002,gnm_closed_loop,,nominal,,True,ok,checkpoints/ablation_mnv2_baseline/best.pt,5.94,0.4602,-0.1106,0.115,-0.0032,0.4038,,,gnm_closed_loop,0.2,-0.1106,False,0,,isaac_live_final_20260708,,selected_baseline_live,,,,,,,False,hospital_goal_B,0.1295,True,0.4602,-0.1106,0.2,-0.1106,True,armed,False,
livefinal_straight_medium_20260708_180855,1167,29.166668,1783530546.884669,-0.738513,0.743125,0.0,2.353025,0.2,-0.1179,0.199822,0.005934,camera_link,29.166668,gnm_closed_loop,,nominal,,True,ok,checkpoints/ablation_mnv2_baseline/best.pt,4.96,0.4456,-0.1179,0.1114,-0.0033,0.3991,,,gnm_closed_loop,0.2,-0.1179,False,0,,isaac_live_final_20260708,,selected_baseline_live,,,,,,,False,hospital_goal_B,0.1262,True,0.4456,-0.1179,0.2,-0.1179,True,armed,False,
livefinal_straight_medium_20260708_180855,1168,29.183335,1783530546.887694,-0.740856,0.745483,0.0,2.35302,0.2,-0.1179,0.199822,0.005934,camera_link,29.183335,gnm_closed_loop,,nominal,,True,ok,checkpoints/ablation_mnv2_baseline/best.pt,4.96,0.4456,-0.1179,0.1114,-0.0033,0.3991,,,gnm_closed_loop,0.2,-0.1179,False,0,,isaac_live_final_20260708,,selected_baseline_live,,,,,,,False,hospital_goal_B,0.1228,True,0.4456,-0.1179,0.2,-0.1179,True,armed,False,
livefinal_straight_medium_20260708_180855,1169,29.200002,1783530546.889912,-0.7432,0.747842,0.0,2.353015,0.2,-0.1179,0.199822,0.005934,camera_link,29.200002,gnm_closed_loop,,nominal,,True,ok,checkpoints/ablation_mnv2_baseline/best.pt,4.96,0.4456,-0.1179,0.1114,-0.0033,0.3991,,,gnm_closed_loop,0.2,-0.1179,False,0,,isaac_live_final_20260708,,selected_baseline_live,,,,,,,False,hospital_goal_B,0.1195,True,0.4456,-0.1179,0.2,-0.1179,True,armed,False,
livefinal_straight_medium_20260708_180855,1170,29.216668,1783530546.908119,-0.745543,0.7502,0.0,2.353011,0.2,-0.1329,0.199789,0.006258,camera_link,29.216668,gnm_closed_loop,,nominal,,True,ok,checkpoints/ablation_mnv2_baseline/best.pt,5.38,0.4044,-0.1329,0.1011,-0.0034,0.3943,,,gnm_closed_loop,0.2,-0.1329,False,0,,isaac_live_final_20260708,,selected_baseline_live,,,,,,,False,hospital_goal_B,0.1162,True,0.4044,-0.1329,0.2,-0.1329,True,armed,False,
livefinal_straight_medium_20260708_180855,1171,29.233335,1783530546.910609,-0.747887,0.752558,0.0,2.353006,0.2,-0.1329,0.199789,0.006258,camera_link,29.233335,gnm_closed_loop,,nominal,,True,ok,checkpoints/ablation_mnv2_baseline/best.pt,5.38,0.4044,-0.1329,0.1011,-0.0034,0.3943,,,gnm_closed_loop,0.2,-0.1329,False,0,,isaac_live_final_20260708,,selected_baseline_live,,,,,,,False,hospital_goal_B,0.1129,True,0.4044,-0.1329,0.2,-0.1329,True,armed,False,
livefinal_straight_medium_20260708_180855,1172,29.250002,1783530546.912662,-0.75023,0.754915,0.0,2.353,0.2,-0.1329,0.199789,0.006258,camera_link,29.250002,gnm_closed_loop,,nominal,,True,ok,checkpoints/ablation_mnv2_baseline/best.pt,5.38,0.4044,-0.1329,0.1011,-0.0034,0.3943,,,gnm_closed_loop,0.2,-0.1329,False,0,,isaac_live_final_20260708,,selected_baseline_live,,,,,,,False,hospital_goal_B,0.1095,True,0.4044,-0.1329,0.2,-0.1329,True,armed,False,
livefinal_straight_medium_20260708_180855,1173,29.266668,1783530546.929559,-0.752573,0.757273,0.0,2.352995,0.2,-0.1375,0.199769,0.00638,camera_link,29.266668,gnm_closed_loop,,nominal,,True,ok,checkpoints/ablation_mnv2_baseline/best.pt,5.24,0.383,-0.1375,0.0958,-0.0033,0.3937,,,gnm_closed_loop,0.2,-0.1375,False,0,,isaac_live_final_20260708,,selected_baseline_live,,,,,,,False,hospital_goal_B,0.1062,True,0.383,-0.1375,0.2,-0.1375,True,armed,False,
livefinal_straight_medium_20260708_180855,1174,29.283335,1783530546.931793,-0.754916,0.759631,-0.0,2.35299,0.2,-0.1375,0.199769,0.00638,camera_link,29.283335,gnm_closed_loop,,nominal,,True,ok,checkpoints/ablation_mnv2_baseline/best.pt,5.24,0.383,-0.1375,0.0958,-0.0033,0.3937,,,gnm_closed_loop,0.2,-0.1375,False,0,,isaac_live_final_20260708,,selected_baseline_live,,,,,,,False,hospital_goal_B,0.1029,True,0.383,-0.1375,0.2,-0.1375,True,armed,False,
livefinal_straight_medium_20260708_180855,1175,29.300002,1783530546.933747,-0.757259,0.761989,0.0,2.352985,0.2,-0.1375,0.199769,0.00638,camera_link,29.300002,gnm_closed_loop,,nominal,,True,ok,checkpoints/ablation_mnv2_baseline/best.pt,5.24,0.383,-0.1375,0.0958,-0.0033,0.3937,,,gnm_closed_loop,0.2,-0.1375,False,0,,isaac_live_final_20260708,,selected_baseline_live,,,,,,,False,hospital_goal_B,0.0996,True,0.383,-0.1375,0.2,-0.1375,True,armed,False,
livefinal_straight_medium_20260708_180855,1176,29.316668,1783530546.950253,-0.759602,0.764347,0.0,2.35298,0.2,-0.1259,0.199784,0.006912,camera_link,29.316668,gnm_closed_loop,,nominal,,True,ok,checkpoints/ablation_mnv2_baseline/best.pt,4.87,0.4049,-0.1259,0.1012,-0.0032,0.3914,,,gnm_closed_loop,0.2,-0.1259,False,0,,isaac_live_final_20260708,,selected_baseline_live,,,,,,,False,hospital_goal_B,0.0963,True,0.4049,-0.1259,0.2,-0.1259,True,armed,False,
livefinal_straight_medium_20260708_180855,1177,29.333335,1783530546.952636,-0.761945,0.766705,0.0,2.352975,0.2,-0.1259,0.199784,0.006912,camera_link,29.333335,gnm_closed_loop,,nominal,,True,ok,checkpoints/ablation_mnv2_baseline/best.pt,4.87,0.4049,-0.1259,0.1012,-0.0032,0.3914,,,gnm_closed_loop,0.2,-0.1259,False,0,,isaac_live_final_20260708,,selected_baseline_live,,,,,,,False,hospital_goal_B,0.0929,True,0.4049,-0.1259,0.2,-0.1259,True,armed,False,
livefinal_straight_medium_20260708_180855,1178,29.350002,1783530546.954495,-0.764288,0.769063,0.0,2.352971,0.2,-0.1259,0.199784,0.006912,camera_link,29.350002,gnm_closed_loop,,nominal,,True,ok,checkpoints/ablation_mnv2_baseline/best.pt,4.87,0.4049,-0.1259,0.1012,-0.0032,0.3914,,,gnm_closed_loop,0.2,-0.1259,False,0,,isaac_live_final_20260708,,selected_baseline_live,,,,,,,False,hospital_goal_B,0.0896,True,0.4049,-0.1259,0.2,-0.1259,True,armed,False,
livefinal_straight_medium_20260708_180855,1179,29.366668,1783530546.970655,-0.766631,0.771421,0.0,2.352966,0.2,-0.1149,0.199749,0.005911,camera_link,29.366668,gnm_closed_loop,,nominal,,True,ok,checkpoints/ablation_mnv2_baseline/best.pt,5.35,0.4272,-0.1149,0.1068,-0.0031,0.389,,,gnm_closed_loop,0.2,-0.1149,False,0,,isaac_live_final_20260708,,selected_baseline_live,,,,,,,False,hospital_goal_B,0.0863,True,0.4272,-0.1149,0.2,-0.1149,True,armed,False,
livefinal_straight_medium_20260708_180855,1180,29.383335,1783530546.973037,-0.768974,0.773779,0.0,2.352961,0.2,-0.1149,0.199749,0.005911,camera_link,29.383335,gnm_closed_loop,,nominal,,True,ok,checkpoints/ablation_mnv2_baseline/best.pt,5.35,0.4272,-0.1149,0.1068,-0.0031,0.389,,,gnm_closed_loop,0.2,-0.1149,False,0,,isaac_live_final_20260708,,selected_baseline_live,,,,,,,False,hospital_goal_B,0.083,True,0.4272,-0.1149,0.2,-0.1149,True,armed,False,
livefinal_straight_medium_20260708_180855,1181,29.400002,1783530546.975015,-0.771317,0.776137,0.0,2.352957,0.2,-0.1149,0.199749,0.005911,camera_link,29.400002,gnm_closed_loop,,nominal,,True,ok,checkpoints/ablation_mnv2_baseline/best.pt,5.35,0.4272,-0.1149,0.1068,-0.0031,0.389,,,gnm_closed_loop,0.2,-0.1149,False,0,,isaac_live_final_20260708,,selected_baseline_live,,,,,,,False,hospital_goal_B,0.0797,True,0.4272,-0.1149,0.2,-0.1149,True,armed,False,
livefinal_straight_medium_20260708_180855,1182,29.416668,1783530546.991055,-0.77366,0.778495,0.0,2.352953,0.2,-0.1088,0.199746,0.005645,camera_link,29.416668,gnm_closed_loop,,nominal,,True,ok,checkpoints/ablation_mnv2_baseline/best.pt,5.29,0.4565,-0.1088,0.1141,-0.0031,0.3921,,,gnm_closed_loop,0.2,-0.1088,False,0,,isaac_live_final_20260708,,selected_baseline_live,,,,,,,False,hospital_goal_B,0.0763,True,0.4565,-0.1088,0.2,-0.1088,True,armed,False,
livefinal_straight_medium_20260708_180855,1183,29.433335,1783530546.99349,-0.776003,0.780853,-0.0,2.352949,0.2,-0.1088,0.199746,0.005645,camera_link,29.433335,gnm_closed_loop,,nominal,,True,ok,checkpoints/ablation_mnv2_baseline/best.pt,5.29,0.4565,-0.1088,0.1141,-0.0031,0.3921,,,gnm_closed_loop,0.2,-0.1088,False,0,,isaac_live_final_20260708,,selected_baseline_live,,,,,,,False,hospital_goal_B,0.073,True,0.4565,-0.1088,0.2,-0.1088,True,armed,False,
livefinal_straight_medium_20260708_180855,1184,29.450002,1783530546.995456,-0.778346,0.783211,0.0,2.352945,0.2,-0.1088,0.199746,0.005645,camera_link,29.450002,gnm_closed_loop,,nominal,,True,ok,checkpoints/ablation_mnv2_baseline/best.pt,5.29,0.4565,-0.1088,0.1141,-0.0031,0.3921,,,gnm_closed_loop,0.2,-0.1088,False,0,,isaac_live_final_20260708,,selected_baseline_live,,,,,,,False,hospital_goal_B,0.0697,True,0.4565,-0.1088,0.2,-0.1088,True,armed,False,
livefinal_straight_medium_20260708_180855,1185,29.466668,1783530547.010963,-0.780689,0.785569,0.0,2.352941,0.2,-0.1008,0.199823,0.005258,camera_link,29.466668,gnm_closed_loop,,nominal,,True,ok,checkpoints/ablation_mnv2_baseline/best.pt,5.38,0.5064,-0.1008,0.1266,-0.0032,0.3993,,,gnm_closed_loop,0.2,-0.1008,False,0,,isaac_live_final_20260708,,selected_baseline_live,,,,,,,False,hospital_goal_B,0.0664,True,0.5064,-0.1008,0.2,-0.1008,True,armed,False,
livefinal_straight_medium_20260708_180855,1186,29.483335,1783530547.013347,-0.783031,0.787927,0.0,2.352937,0.2,-0.1008,0.199823,0.005258,camera_link,29.483335,gnm_closed_loop,,nominal,,True,ok,checkpoints/ablation_mnv2_baseline/best.pt,5.38,0.5064,-0.1008,0.1266,-0.0032,0.3993,,,gnm_closed_loop,0.2,-0.1008,False,0,,isaac_live_final_20260708,,selected_baseline_live,,,,,,,False,hospital_goal_B,0.0631,True,0.5064,-0.1008,0.2,-0.1008,True,armed,False,
livefinal_straight_medium_20260708_180855,1187,29.500002,1783530547.015261,-0.785374,0.790285,0.0,2.352933,0.2,-0.1008,0.199823,0.005258,camera_link,29.500002,gnm_closed_loop,,nominal,,True,ok,checkpoints/ablation_mnv2_baseline/best.pt,5.38,0.5064,-0.1008,0.1266,-0.0032,0.3993,,,gnm_closed_loop,0.2,-0.1008,False,0,,isaac_live_final_20260708,,selected_baseline_live,,,,,,,False,hospital_goal_B,0.0597,True,0.5064,-0.1008,0.2,-0.1008,True,armed,False,
livefinal_straight_medium_20260708_180855,1188,29.516668,1783530547.033638,-0.787717,0.792643,0.0,2.352929,0.2,-0.0956,0.199804,0.005005,camera_link,29.516668,gnm_closed_loop,,nominal,,True,ok,checkpoints/ablation_mnv2_baseline/best.pt,7.95,0.5169,-0.0956,0.1292,-0.0031,0.3954,,,gnm_closed_loop,0.2,-0.0956,False,0,,isaac_live_final_20260708,,selected_baseline_live,,,,,,,False,hospital_goal_B,0.0564,True,0.5169,-0.0956,0.2,-0.0956,True,armed,False,
livefinal_straight_medium_20260708_180855,1189,29.533335,1783530547.035959,-0.79006,0.795001,0.0,2.352926,0.2,-0.0956,0.199804,0.005005,camera_link,29.533335,gnm_closed_loop,,nominal,,True,ok,checkpoints/ablation_mnv2_baseline/best.pt,7.95,0.5169,-0.0956,0.1292,-0.0031,0.3954,,,gnm_closed_loop,0.2,-0.0956,False,0,,isaac_live_final_20260708,,selected_baseline_live,,,,,,,False,hospital_goal_B,0.0531,True,0.5169,-0.0956,0.2,-0.0956,True,armed,False,
livefinal_straight_medium_20260708_180855,1190,29.550002,1783530547.037858,-0.792403,0.797359,0.0,2.352922,0.2,-0.0956,0.199804,0.005005,camera_link,29.550002,gnm_closed_loop,,nominal,,True,ok,checkpoints/ablation_mnv2_baseline/best.pt,7.95,0.5169,-0.0956,0.1292,-0.0031,0.3954,,,gnm_closed_loop,0.2,-0.0956,False,0,,isaac_live_final_20260708,,selected_baseline_live,,,,,,,False,hospital_goal_B,0.0498,True,0.5169,-0.0956,0.2,-0.0956,True,armed,False,
livefinal_straight_medium_20260708_180855,1191,29.566668,1783530547.05566,-0.794746,0.799718,0.0,2.352919,0.2,-0.0878,0.199802,0.004435,camera_link,29.566668,gnm_closed_loop,,nominal,,True,ok,checkpoints/ablation_mnv2_baseline/best.pt,5.24,0.544,-0.0878,0.136,-0.003,0.3946,,,gnm_closed_loop,0.2,-0.0878,False,0,,isaac_live_final_20260708,,selected_baseline_live,,,,,,,False,hospital_goal_B,0.0465,True,0.544,-0.0878,0.2,-0.0878,True,armed,False,
livefinal_straight_medium_20260708_180855,1192,29.583335,1783530547.05815,-0.797089,0.802077,0.0,2.352916,0.2,-0.0878,0.199802,0.004435,camera_link,29.583335,gnm_closed_loop,,nominal,,True,ok,checkpoints/ablation_mnv2_baseline/best.pt,5.24,0.544,-0.0878,0.136,-0.003,0.3946,,,gnm_closed_loop,0.2,-0.0878,False,0,,isaac_live_final_20260708,,selected_baseline_live,,,,,,,False,hospital_goal_B,0.0432,True,0.544,-0.0878,0.2,-0.0878,True,armed,False,
livefinal_straight_medium_20260708_180855,1193,29.600002,1783530547.060486,-0.799432,0.804435,0.0,2.352913,0.2,-0.0878,0.199802,0.004435,camera_link,29.600002,gnm_closed_loop,,nominal,,True,ok,checkpoints/ablation_mnv2_baseline/best.pt,5.24,0.544,-0.0878,0.136,-0.003,0.3946,,,gnm_closed_loop,0.2,-0.0878,False,0,,isaac_live_final_20260708,,selected_baseline_live,,,,,,,False,hospital_goal_B,0.0398,True,0.544,-0.0878,0.2,-0.0878,True,armed,False,
livefinal_straight_medium_20260708_180855,1194,29.616668,1783530547.079558,-0.801775,0.806793,0.0,2.35291,0.2,-0.0789,0.199792,0.004227,camera_link,29.616668,gnm_closed_loop,,nominal,,True,ok,checkpoints/ablation_mnv2_baseline/best.pt,5.75,0.6038,-0.0789,0.151,-0.003,0.4034,,,gnm_closed_loop,0.2,-0.0789,False,0,,isaac_live_final_20260708,,selected_baseline_live,,,,,,,False,hospital_goal_B,0.0365,True,0.6038,-0.0789,0.2,-0.0789,True,armed,False,
livefinal_straight_medium_20260708_180855,1195,29.633335,1783530547.082082,-0.804118,0.809151,0.0,2.352907,0.2,-0.0789,0.199792,0.004227,camera_link,29.633335,gnm_closed_loop,,nominal,,True,ok,checkpoints/ablation_mnv2_baseline/best.pt,5.75,0.6038,-0.0789,0.151,-0.003,0.4034,,,gnm_closed_loop,0.2,-0.0789,False,0,,isaac_live_final_20260708,,selected_baseline_live,,,,,,,False,hospital_goal_B,0.0332,True,0.6038,-0.0789,0.2,-0.0789,True,armed,False,
livefinal_straight_medium_20260708_180855,1196,29.650002,1783530547.08403,-0.806462,0.81151,0.0,2.352904,0.2,-0.0789,0.199792,0.004227,camera_link,29.650002,gnm_closed_loop,,nominal,,True,ok,checkpoints/ablation_mnv2_baseline/best.pt,5.75,0.6038,-0.0789,0.151,-0.003,0.4034,,,gnm_closed_loop,0.2,-0.0789,False,0,,isaac_live_final_20260708,,selected_baseline_live,,,,,,,False,hospital_goal_B,0.0299,True,0.6038,-0.0789,0.2,-0.0789,True,armed,False,
livefinal_straight_medium_20260708_180855,1197,29.666668,1783530547.102256,-0.808805,0.813868,0.0,2.352902,0.2,-0.0811,0.199798,0.002994,camera_link,29.666668,gnm_closed_loop,,nominal,,True,ok,checkpoints/ablation_mnv2_baseline/best.pt,5.78,0.5942,-0.0811,0.1485,-0.003,0.402,,,gnm_closed_loop,0.2,-0.0811,False,0,,isaac_live_final_20260708,,selected_baseline_live,,,,,,,False,hospital_goal_B,0.0266,True,0.5942,-0.0811,0.2,-0.0811,True,armed,False,
livefinal_straight_medium_20260708_180855,1198,29.683335,1783530547.104501,-0.811147,0.816226,0.0,2.352899,0.2,-0.0811,0.199798,0.002994,camera_link,29.683335,gnm_closed_loop,,nominal,,True,ok,checkpoints/ablation_mnv2_baseline/best.pt,5.78,0.5942,-0.0811,0.1485,-0.003,0.402,,,gnm_closed_loop,0.2,-0.0811,False,0,,isaac_live_final_20260708,,selected_baseline_live,,,,,,,False,hospital_goal_B,0.0233,True,0.5942,-0.0811,0.2,-0.0811,True,armed,False,
livefinal_straight_medium_20260708_180855,1199,29.700002,1783530547.106372,-0.81349,0.818585,0.0,2.352897,0.2,-0.0811,0.199798,0.002994,camera_link,29.700002,gnm_closed_loop,,nominal,,True,ok,checkpoints/ablation_mnv2_baseline/best.pt,5.78,0.5942,-0.0811,0.1485,-0.003,0.402,,,gnm_closed_loop,0.2,-0.0811,False,0,,isaac_live_final_20260708,,selected_baseline_live,,,,,,,False,hospital_goal_B,0.0201,True,0.5942,-0.0811,0.2,-0.0811,True,armed,False,
livefinal_straight_medium_20260708_180855,1200,29.716668,1783530547.122796,-0.815833,0.820943,0.0,2.352893,0.2,-0.0771,0.199777,0.004034,camera_link,29.716668,gnm_closed_loop,,nominal,,True,ok,checkpoints/ablation_mnv2_baseline/best.pt,4.54,0.6083,-0.0771,0.1521,-0.0029,0.4036,,,gnm_closed_loop,0.2,-0.0771,False,0,,isaac_live_final_20260708,,selected_baseline_live,,,,,,,False,hospital_goal_B,0.0168,True,0.6083,-0.0771,0.2,-0.0771,True,armed,False,
livefinal_straight_medium_20260708_180855,1201,29.733335,1783530547.12498,-0.818175,0.823301,0.0,2.352891,0.2,-0.0771,0.199777,0.004034,camera_link,29.733335,gnm_closed_loop,,nominal,,True,ok,checkpoints/ablation_mnv2_baseline/best.pt,4.54,0.6083,-0.0771,0.1521,-0.0029,0.4036,,,gnm_closed_loop,0.2,-0.0771,False,0,,isaac_live_final_20260708,,selected_baseline_live,,,,,,,False,hospital_goal_B,0.0136,True,0.6083,-0.0771,0.2,-0.0771,True,armed,False,
livefinal_straight_medium_20260708_180855,1202,29.750002,1783530547.126812,-0.820518,0.825659,0.0,2.352888,0.2,-0.0771,0.199777,0.004034,camera_link,29.750002,gnm_closed_loop,,nominal,,True,ok,checkpoints/ablation_mnv2_baseline/best.pt,4.54,0.6083,-0.0771,0.1521,-0.0029,0.4036,,,gnm_closed_loop,0.2,-0.0771,False,0,,isaac_live_final_20260708,,selected_baseline_live,,,,,,,False,hospital_goal_B,0.0104,True,0.6083,-0.0771,0.2,-0.0771,True,armed,False,
livefinal_straight_medium_20260708_180855,1203,29.766668,1783530547.14317,-0.822861,0.828017,0.0,2.352886,0.2,-0.0691,0.199802,0.003515,camera_link,29.766668,gnm_closed_loop,,nominal,,True,ok,checkpoints/ablation_mnv2_baseline/best.pt,5.1,0.6127,-0.0691,0.1532,-0.0026,0.3996,,,gnm_closed_loop,0.2,-0.0691,False,0,,isaac_live_final_20260708,,selected_baseline_live,,,,,,,False,hospital_goal_B,0.0074,True,0.6127,-0.0691,0.2,-0.0691,True,armed,False,
livefinal_straight_medium_20260708_180855,1204,29.783335,1783530547.145428,-0.825204,0.830376,0.0,2.352883,0.2,-0.0691,0.199802,0.003515,camera_link,29.783335,gnm_closed_loop,,nominal,,True,ok,checkpoints/ablation_mnv2_baseline/best.pt,5.1,0.6127,-0.0691,0.1532,-0.0026,0.3996,,,gnm_closed_loop,0.2,-0.0691,False,0,,isaac_live_final_20260708,,selected_baseline_live,,,,,,,False,hospital_goal_B,0.0048,True,0.6127,-0.0691,0.2,-0.0691,True,armed,False,
livefinal_straight_medium_20260708_180855,1205,29.800002,1783530547.147302,-0.827547,0.832734,0.0,2.352881,0.2,-0.0691,0.199802,0.003515,camera_link,29.800002,gnm_closed_loop,,nominal,,True,ok,checkpoints/ablation_mnv2_baseline/best.pt,5.1,0.6127,-0.0691,0.1532,-0.0026,0.3996,,,gnm_closed_loop,0.2,-0.0691,False,0,,isaac_live_final_20260708,,selected_baseline_live,,,,,,,False,hospital_goal_B,0.0037,True,0.6127,-0.0691,0.2,-0.0691,True,armed,False,
livefinal_straight_medium_20260708_180855,1206,29.816668,1783530547.165855,-0.82989,0.835092,0.0,2.352878,0.2,-0.0624,0.199819,0.003171,camera_link,29.816668,gnm_closed_loop,,nominal,,True,ok,checkpoints/ablation_mnv2_baseline/best.pt,6.07,0.6126,-0.0624,0.1531,-0.0024,0.3929,,,gnm_closed_loop,0.2,-0.0624,False,0,,isaac_live_final_20260708,,selected_baseline_live,,,,,,,False,hospital_goal_B,0.0051,True,0.6126,-0.0624,0.2,-0.0624,True,armed,False,
livefinal_straight_medium_20260708_180855,1207,29.833335,1783530547.168364,-0.832232,0.837451,0.0,2.352876,0.2,-0.0624,0.199819,0.003171,camera_link,29.833335,gnm_closed_loop,,nominal,,True,ok,checkpoints/ablation_mnv2_baseline/best.pt,6.07,0.6126,-0.0624,0.1531,-0.0024,0.3929,,,gnm_closed_loop,0.2,-0.0624,False,0,,isaac_live_final_20260708,,selected_baseline_live,,,,,,,False,hospital_goal_B,0.0078,True,0.6126,-0.0624,0.2,-0.0624,True,armed,False,
livefinal_straight_medium_20260708_180855,1208,29.850002,1783530547.170391,-0.834575,0.839809,0.0,2.352873,0.2,-0.0624,0.199819,0.003171,camera_link,29.850002,gnm_closed_loop,,nominal,,True,ok,checkpoints/ablation_mnv2_baseline/best.pt,6.07,0.6126,-0.0624,0.1531,-0.0024,0.3929,,,gnm_closed_loop,0.2,-0.0624,False,0,,isaac_live_final_20260708,,selected_baseline_live,,,,,,,False,hospital_goal_B,0.0108,True,0.6126,-0.0624,0.2,-0.0624,True,armed,False,
livefinal_straight_medium_20260708_180855,1209,29.866668,1783530547.192121,-0.836918,0.842167,0.0,2.352871,0.2,-0.0645,0.199822,0.004,camera_link,29.866668,gnm_closed_loop,,nominal,,True,ok,checkpoints/ablation_mnv2_baseline/best.pt,6.38,0.6079,-0.0645,0.152,-0.0025,0.3923,,,gnm_closed_loop,0.2,-0.0645,False,0,,isaac_live_final_20260708,,selected_baseline_live,,,,,,,False,hospital_goal_B,0.014,True,0.6079,-0.0645,0.2,-0.0645,True,armed,False,
livefinal_straight_medium_20260708_180855,1210,29.883335,1783530547.194796,-0.839261,0.844526,0.0,2.352868,0.2,-0.0645,0.199822,0.004,camera_link,29.883335,gnm_closed_loop,,nominal,,True,ok,checkpoints/ablation_mnv2_baseline/best.pt,6.38,0.6079,-0.0645,0.152,-0.0025,0.3923,,,gnm_closed_loop,0.2,-0.0645,False,0,,isaac_live_final_20260708,,selected_baseline_live,,,,,,,False,hospital_goal_B,0.0172,True,0.6079,-0.0645,0.2,-0.0645,True,armed,False,
livefinal_straight_medium_20260708_180855,1211,29.900002,1783530547.196706,-0.841604,0.846884,0.0,2.352866,0.2,-0.0645,0.199822,0.004,camera_link,29.900002,gnm_closed_loop,,nominal,,True,ok,checkpoints/ablation_mnv2_baseline/best.pt,6.38,0.6079,-0.0645,0.152,-0.0025,0.3923,,,gnm_closed_loop,0.2,-0.0645,False,0,,isaac_live_final_20260708,,selected_baseline_live,,,,,,,False,hospital_goal_B,0.0205,True,0.6079,-0.0645,0.2,-0.0645,True,armed,False,
livefinal_straight_medium_20260708_180855,1212,29.916668,1783530547.219055,-0.843946,0.849242,0.0,2.352864,0.2,-0.0801,0.199833,0.003329,camera_link,29.916668,gnm_closed_loop,,nominal,,True,ok,checkpoints/ablation_mnv2_baseline/best.pt,5.86,0.5607,-0.0801,0.1402,-0.0028,0.3998,,,gnm_closed_loop,0.2,-0.0801,False,0,,isaac_live_final_20260708,,selected_baseline_live,,,,,,,False,hospital_goal_B,0.0238,True,0.5607,-0.0801,0.2,-0.0801,True,armed,False,
livefinal_straight_medium_20260708_180855,1213,29.933335,1783530547.223717,-0.846289,0.851601,0.0,2.352861,0.2,-0.0801,0.199833,0.003329,camera_link,29.933335,gnm_closed_loop,,nominal,,True,ok,checkpoints/ablation_mnv2_baseline/best.pt,5.86,0.5607,-0.0801,0.1402,-0.0028,0.3998,,,gnm_closed_loop,0.2,-0.0801,False,0,,isaac_live_final_20260708,,selected_baseline_live,,,,,,,False,hospital_goal_B,0.0271,True,0.5607,-0.0801,0.2,-0.0801,True,armed,False,
livefinal_straight_medium_20260708_180855,1214,29.950002,1783530547.226469,-0.848633,0.853959,0.0,2.352857,0.2,-0.0801,0.199833,0.003329,camera_link,29.950002,gnm_closed_loop,,nominal,,True,ok,checkpoints/ablation_mnv2_baseline/best.pt,5.86,0.5607,-0.0801,0.1402,-0.0028,0.3998,,,gnm_closed_loop,0.2,-0.0801,False,0,,isaac_live_final_20260708,,selected_baseline_live,,,,,,,False,hospital_goal_B,0.0304,True,0.5607,-0.0801,0.2,-0.0801,True,armed,False,
livefinal_straight_medium_20260708_180855,1215,29.966668,1783530547.248714,-0.850975,0.856318,0.0,2.352855,0.2,-0.1049,0.199803,0.003558,camera_link,29.966668,gnm_closed_loop,,nominal,,True,ok,checkpoints/ablation_mnv2_baseline/best.pt,4.27,0.4891,-0.1049,0.1223,-0.0032,0.4009,,,gnm_closed_loop,0.2,-0.1049,False,0,,isaac_live_final_20260708,,selected_baseline_live,,,,,,,False,hospital_goal_B,0.0337,True,0.4891,-0.1049,0.2,-0.1049,True,armed,False,
livefinal_straight_medium_20260708_180855,1216,29.983335,1783530547.250902,-0.853318,0.858676,0.0,2.352851,0.2,-0.1049,0.199803,0.003558,camera_link,29.983335,gnm_closed_loop,,nominal,,True,ok,checkpoints/ablation_mnv2_baseline/best.pt,4.27,0.4891,-0.1049,0.1223,-0.0032,0.4009,,,gnm_closed_loop,0.2,-0.1049,False,0,,isaac_live_final_20260708,,selected_baseline_live,,,,,,,False,hospital_goal_B,0.037,True,0.4891,-0.1049,0.2,-0.1049,True,armed,False,
livefinal_straight_medium_20260708_180855,1217,30.000002,1783530547.252968,-0.855661,0.861035,0.0,2.352847,0.2,-0.1049,0.199803,0.003558,camera_link,30.000002,gnm_closed_loop,,nominal,,True,ok,checkpoints/ablation_mnv2_baseline/best.pt,4.27,0.4891,-0.1049,0.1223,-0.0032,0.4009,,,gnm_closed_loop,0.2,-0.1049,False,0,,isaac_live_final_20260708,,selected_baseline_live,,,,,,,False,hospital_goal_B,0.0403,True,0.4891,-0.1049,0.2,-0.1049,True,armed,False,
livefinal_straight_medium_20260708_180855,1218,30.016668,1783530547.26954,-0.858003,0.863393,0.0,2.352842,0.2,-0.1128,0.199753,0.005975,camera_link,30.016668,gnm_closed_loop,,nominal,,True,ok,checkpoints/ablation_mnv2_baseline/best.pt,4.65,0.4504,-0.1128,0.1126,-0.0032,0.4015,,,gnm_closed_loop,0.2,-0.1128,False,0,,isaac_live_final_20260708,,selected_baseline_live,,,,,,,False,hospital_goal_B,0.0436,True,0.4504,-0.1128,0.2,-0.1128,True,armed,False,
livefinal_straight_medium_20260708_180855,1219,30.033335,1783530547.271877,-0.860346,0.865751,0.0,2.352838,0.2,-0.1128,0.199753,0.005975,camera_link,30.033335,gnm_closed_loop,,nominal,,True,ok,checkpoints/ablation_mnv2_baseline/best.pt,4.65,0.4504,-0.1128,0.1126,-0.0032,0.4015,,,gnm_closed_loop,0.2,-0.1128,False,0,,isaac_live_final_20260708,,selected_baseline_live,,,,,,,False,hospital_goal_B,0.0469,True,0.4504,-0.1128,0.2,-0.1128,True,armed,False,
livefinal_straight_medium_20260708_180855,1220,30.050002,1783530547.27379,-0.862689,0.868109,0.0,2.352834,0.2,-0.1128,0.199753,0.005975,camera_link,30.050002,gnm_closed_loop,,nominal,,True,ok,checkpoints/ablation_mnv2_baseline/best.pt,4.65,0.4504,-0.1128,0.1126,-0.0032,0.4015,,,gnm_closed_loop,0.2,-0.1128,False,0,,isaac_live_final_20260708,,selected_baseline_live,,,,,,,False,hospital_goal_B,0.0502,True,0.4504,-0.1128,0.2,-0.1128,True,armed,False,
livefinal_straight_medium_20260708_180855,1221,30.066668,1783530547.291081,-0.865032,0.870468,0.0,2.35283,0.2,-0.1212,0.199821,0.005759,camera_link,30.066668,gnm_closed_loop,,nominal,,True,ok,checkpoints/ablation_mnv2_baseline/best.pt,5.01,0.3981,-0.1212,0.0995,-0.003,0.3969,,,gnm_closed_loop,0.2,-0.1212,False,0,,isaac_live_final_20260708,,selected_baseline_live,,,,,,,False,hospital_goal_B,0.0535,True,0.3981,-0.1212,0.2,-0.1212,True,armed,False,
livefinal_straight_medium_20260708_180855,1222,30.083335,1783530547.294104,-0.867374,0.872826,0.0,2.352825,0.2,-0.1212,0.199821,0.005759,camera_link,30.083335,gnm_closed_loop,,nominal,,True,ok,checkpoints/ablation_mnv2_baseline/best.pt,5.01,0.3981,-0.1212,0.0995,-0.003,0.3969,,,gnm_closed_loop,0.2,-0.1212,False,0,,isaac_live_final_20260708,,selected_baseline_live,,,,,,,False,hospital_goal_B,0.0568,True,0.3981,-0.1212,0.2,-0.1212,True,armed,False,
livefinal_straight_medium_20260708_180855,1223,30.100002,1783530547.296746,-0.869717,0.875184,0.0,2.352821,0.2,-0.1212,0.199821,0.005759,camera_link,30.100002,gnm_closed_loop,,nominal,,True,ok,checkpoints/ablation_mnv2_baseline/best.pt,5.01,0.3981,-0.1212,0.0995,-0.003,0.3969,,,gnm_closed_loop,0.2,-0.1212,False,0,,isaac_live_final_20260708,,selected_baseline_live,,,,,,,False,hospital_goal_B,0.0602,True,0.3981,-0.1212,0.2,-0.1212,True,armed,False,
livefinal_straight_medium_20260708_180855,1224,30.116668,1783530547.316984,-0.872059,0.877542,0.0,2.352816,0.2,-0.1174,0.199775,0.006302,camera_link,30.116668,gnm_closed_loop,,nominal,,True,ok,checkpoints/ablation_mnv2_baseline/best.pt,5.55,0.4028,-0.1174,0.1007,-0.003,0.4029,,,gnm_closed_loop,0.2,-0.1174,False,0,,isaac_live_final_20260708,,selected_baseline_live,,,,,,,False,hospital_goal_B,0.0635,True,0.4028,-0.1174,0.2,-0.1174,True,armed,False,
livefinal_straight_medium_20260708_180855,1225,30.133335,1783530547.320511,-0.874402,0.8799,0.0,2.352812,0.2,-0.1174,0.199775,0.006302,camera_link,30.133335,gnm_closed_loop,,nominal,,True,ok,checkpoints/ablation_mnv2_baseline/best.pt,5.55,0.4028,-0.1174,0.1007,-0.003,0.4029,,,gnm_closed_loop,0.2,-0.1174,False,0,,isaac_live_final_20260708,,selected_baseline_live,,,,,,,False,hospital_goal_B,0.0668,True,0.4028,-0.1174,0.2,-0.1174,True,armed,False,
livefinal_straight_medium_20260708_180855,1226,30.150002,1783530547.323465,-0.876744,0.882259,0.0,2.352807,0.2,-0.1174,0.199775,0.006302,camera_link,30.150002,gnm_closed_loop,,nominal,,True,ok,checkpoints/ablation_mnv2_baseline/best.pt,5.55,0.4028,-0.1174,0.1007,-0.003,0.4029,,,gnm_closed_loop,0.2,-0.1174,False,0,,isaac_live_final_20260708,,selected_baseline_live,,,,,,,False,hospital_goal_B,0.0701,True,0.4028,-0.1174,0.2,-0.1174,True,armed,False,
livefinal_straight_medium_20260708_180855,1227,30.166668,1783530547.34333,-0.879087,0.884617,0.0,2.352802,0.2,-0.1071,0.199778,0.005725,camera_link,30.166668,gnm_closed_loop,,nominal,,True,ok,checkpoints/ablation_mnv2_baseline/best.pt,6.26,0.4584,-0.1071,0.1146,-0.0031,0.4069,,,gnm_closed_loop,0.2,-0.1071,False,0,,isaac_live_final_20260708,,selected_baseline_live,,,,,,,False,hospital_goal_B,0.0734,True,0.4584,-0.1071,0.2,-0.1071,True,armed,False,
livefinal_straight_medium_20260708_180855,1228,30.183335,1783530547.345646,-0.881429,0.886975,0.0,2.352798,0.2,-0.1071,0.199778,0.005725,camera_link,30.183335,gnm_closed_loop,,nominal,,True,ok,checkpoints/ablation_mnv2_baseline/best.pt,6.26,0.4584,-0.1071,0.1146,-0.0031,0.4069,,,gnm_closed_loop,0.2,-0.1071,False,0,,isaac_live_final_20260708,,selected_baseline_live,,,,,,,False,hospital_goal_B,0.0768,True,0.4584,-0.1071,0.2,-0.1071,True,armed,False,
livefinal_straight_medium_20260708_180855,1229,30.200002,1783530547.347712,-0.883772,0.889333,0.0,2.352794,0.2,-0.1071,0.199778,0.005725,camera_link,30.200002,gnm_closed_loop,,nominal,,True,ok,checkpoints/ablation_mnv2_baseline/best.pt,6.26,0.4584,-0.1071,0.1146,-0.0031,0.4069,,,gnm_closed_loop,0.2,-0.1071,False,0,,isaac_live_final_20260708,,selected_baseline_live,,,,,,,False,hospital_goal_B,0.0801,True,0.4584,-0.1071,0.2,-0.1071,True,armed,False,
livefinal_straight_medium_20260708_180855,1230,30.216668,1783530547.366364,-0.886114,0.891692,0.0,2.35279,0.2,-0.1146,0.199763,0.005793,camera_link,30.216668,gnm_closed_loop,,nominal,,True,ok,checkpoints/ablation_mnv2_baseline/best.pt,5.97,0.4369,-0.1146,0.1092,-0.0031,0.4019,,,gnm_closed_loop,0.2,-0.1146,False,0,,isaac_live_final_20260708,,selected_baseline_live,,,,,,,False,hospital_goal_B,0.0834,True,0.4369,-0.1146,0.2,-0.1146,True,armed,False,
livefinal_straight_medium_20260708_180855,1231,30.233335,1783530547.368668,-0.888457,0.89405,0.0,2.352786,0.2,-0.1146,0.199763,0.005793,camera_link,30.233335,gnm_closed_loop,,nominal,,True,ok,checkpoints/ablation_mnv2_baseline/best.pt,5.97,0.4369,-0.1146,0.1092,-0.0031,0.4019,,,gnm_closed_loop,0.2,-0.1146,False,0,,isaac_live_final_20260708,,selected_baseline_live,,,,,,,False,hospital_goal_B,0.0867,True,0.4369,-0.1146,0.2,-0.1146,True,armed,False,
livefinal_straight_medium_20260708_180855,1232,30.250002,1783530547.370473,-0.890799,0.896408,0.0,2.352782,0.2,-0.1146,0.199763,0.005793,camera_link,30.250002,gnm_closed_loop,,nominal,,True,ok,checkpoints/ablation_mnv2_baseline/best.pt,5.97,0.4369,-0.1146,0.1092,-0.0031,0.4019,,,gnm_closed_loop,0.2,-0.1146,False,0,,isaac_live_final_20260708,,selected_baseline_live,,,,,,,False,hospital_goal_B,0.09,True,0.4369,-0.1146,0.2,-0.1146,True,armed,False,
livefinal_straight_medium_20260708_180855,1233,30.266668,1783530547.38648,-0.893141,0.898766,0.0,2.352777,0.2,-0.1209,0.19979,0.00537,camera_link,30.266668,gnm_closed_loop,,nominal,,True,ok,checkpoints/ablation_mnv2_baseline/best.pt,5.47,0.4569,-0.1209,0.1142,-0.0035,0.4081,,,gnm_closed_loop,0.2,-0.1209,False,0,,isaac_live_final_20260708,,selected_baseline_live,,,,,,,False,hospital_goal_B,0.0934,True,0.4569,-0.1209,0.2,-0.1209,True,armed,False,
livefinal_straight_medium_20260708_180855,1234,30.283335,1783530547.388731,-0.895484,0.901125,0.0,2.352773,0.2,-0.1209,0.19979,0.00537,camera_link,30.283335,gnm_closed_loop,,nominal,,True,ok,checkpoints/ablation_mnv2_baseline/best.pt,5.47,0.4569,-0.1209,0.1142,-0.0035,0.4081,,,gnm_closed_loop,0.2,-0.1209,False,0,,isaac_live_final_20260708,,selected_baseline_live,,,,,,,False,hospital_goal_B,0.0967,True,0.4569,-0.1209,0.2,-0.1209,True,armed,False,
livefinal_straight_medium_20260708_180855,1235,30.300002,1783530547.390661,-0.897826,0.903483,0.0,2.352768,0.2,-0.1209,0.19979,0.00537,camera_link,30.300002,gnm_closed_loop,,nominal,,True,ok,checkpoints/ablation_mnv2_baseline/best.pt,5.47,0.4569,-0.1209,0.1142,-0.0035,0.4081,,,gnm_closed_loop,0.2,-0.1209,False,0,,isaac_live_final_20260708,,selected_baseline_live,,,,,,,False,hospital_goal_B,0.1,True,0.4569,-0.1209,0.2,-0.1209,True,armed,False,
livefinal_straight_medium_20260708_180855,1236,30.316668,1783530547.409438,-0.900169,0.905841,0.0,2.352763,0.2,-0.1345,0.199785,0.005903,camera_link,30.316668,gnm_closed_loop,,nominal,,True,ok,checkpoints/ablation_mnv2_baseline/best.pt,5.64,0.4197,-0.1345,0.1049,-0.0035,0.4106,,,gnm_closed_loop,0.2,-0.1345,False,0,,isaac_live_final_20260708,,selected_baseline_live,,,,,,,False,hospital_goal_B,0.1033,True,0.4197,-0.1345,0.2,-0.1345,True,armed,False,
livefinal_straight_medium_20260708_180855,1237,30.333335,1783530547.411687,-0.902511,0.9082,0.0,2.352758,0.2,-0.1345,0.199785,0.005903,camera_link,30.333335,gnm_closed_loop,,nominal,,True,ok,checkpoints/ablation_mnv2_baseline/best.pt,5.64,0.4197,-0.1345,0.1049,-0.0035,0.4106,,,gnm_closed_loop,0.2,-0.1345,False,0,,isaac_live_final_20260708,,selected_baseline_live,,,,,,,False,hospital_goal_B,0.1066,True,0.4197,-0.1345,0.2,-0.1345,True,armed,False,
livefinal_straight_medium_20260708_180855,1238,30.350002,1783530547.413512,-0.904853,0.910558,0.0,2.352753,0.2,-0.1345,0.199785,0.005903,camera_link,30.350002,gnm_closed_loop,,nominal,,True,ok,checkpoints/ablation_mnv2_baseline/best.pt,5.64,0.4197,-0.1345,0.1049,-0.0035,0.4106,,,gnm_closed_loop,0.2,-0.1345,False,0,,isaac_live_final_20260708,,selected_baseline_live,,,,,,,False,hospital_goal_B,0.11,True,0.4197,-0.1345,0.2,-0.1345,True,armed,False,
livefinal_straight_medium_20260708_180855,1239,30.366668,1783530547.431936,-0.907196,0.912916,0.0,2.352748,0.2,-0.1338,0.199771,0.006543,camera_link,30.366668,gnm_closed_loop,,nominal,,True,ok,checkpoints/ablation_mnv2_baseline/best.pt,6.2,0.4149,-0.1338,0.1037,-0.0035,0.4089,,,gnm_closed_loop,0.2,-0.1338,False,0,,isaac_live_final_20260708,,selected_baseline_live,,,,,,,False,hospital_goal_B,0.1133,True,0.4149,-0.1338,0.2,-0.1338,True,armed,False,
livefinal_straight_medium_20260708_180855,1240,30.383335,1783530547.434753,-0.909538,0.915274,0.0,2.352743,0.2,-0.1338,0.199771,0.006543,camera_link,30.383335,gnm_closed_loop,,nominal,,True,ok,checkpoints/ablation_mnv2_baseline/best.pt,6.2,0.4149,-0.1338,0.1037,-0.0035,0.4089,,,gnm_closed_loop,0.2,-0.1338,False,0,,isaac_live_final_20260708,,selected_baseline_live,,,,,,,False,hospital_goal_B,0.1166,True,0.4149,-0.1338,0.2,-0.1338,True,armed,False,
livefinal_straight_medium_20260708_180855,1241,30.400002,1783530547.437838,-0.91188,0.917633,0.0,2.352737,0.2,-0.1338,0.199771,0.006543,camera_link,30.400002,gnm_closed_loop,,nominal,,True,ok,checkpoints/ablation_mnv2_baseline/best.pt,6.2,0.4149,-0.1338,0.1037,-0.0035,0.4089,,,gnm_closed_loop,0.2,-0.1338,False,0,,isaac_live_final_20260708,,selected_baseline_live,,,,,,,False,hospital_goal_B,0.1199,True,0.4149,-0.1338,0.2,-0.1338,True,armed,False,
livefinal_straight_medium_20260708_180855,1242,30.416668,1783530547.461108,-0.914223,0.919991,0.0,2.352732,0.2,-0.1398,0.199796,0.005896,camera_link,30.416668,gnm_closed_loop,,nominal,,True,ok,checkpoints/ablation_mnv2_baseline/best.pt,6.87,0.3907,-0.1398,0.0977,-0.0034,0.4048,,,gnm_closed_loop,0.2,-0.1398,False,0,,isaac_live_final_20260708,,selected_baseline_live,,,,,,,False,hospital_goal_B,0.1233,True,0.3907,-0.1398,0.2,-0.1398,True,armed,False,
livefinal_straight_medium_20260708_180855,1243,30.433335,1783530547.463952,-0.916565,0.922349,0.0,2.352727,0.2,-0.1398,0.199796,0.005896,camera_link,30.433335,gnm_closed_loop,,nominal,,True,ok,checkpoints/ablation_mnv2_baseline/best.pt,6.87,0.3907,-0.1398,0.0977,-0.0034,0.4048,,,gnm_closed_loop,0.2,-0.1398,False,0,,isaac_live_final_20260708,,selected_baseline_live,,,,,,,False,hospital_goal_B,0.1266,True,0.3907,-0.1398,0.2,-0.1398,True,armed,False,
livefinal_straight_medium_20260708_180855,1244,30.450002,1783530547.466233,-0.918907,0.924708,0.0,2.352722,0.2,-0.1398,0.199796,0.005896,camera_link,30.450002,gnm_closed_loop,,nominal,,True,ok,checkpoints/ablation_mnv2_baseline/best.pt,6.87,0.3907,-0.1398,0.0977,-0.0034,0.4048,,,gnm_closed_loop,0.2,-0.1398,False,0,,isaac_live_final_20260708,,selected_baseline_live,,,,,,,False,hospital_goal_B,0.1299,True,0.3907,-0.1398,0.2,-0.1398,True,armed,False,
livefinal_straight_medium_20260708_180855,1245,30.466668,1783530547.48704,-0.921249,0.927066,0.0,2.352716,0.2,-0.1315,0.199738,0.007599,camera_link,30.466668,gnm_closed_loop,,nominal,,True,ok,checkpoints/ablation_mnv2_baseline/best.pt,5.39,0.4087,-0.1315,0.1022,-0.0034,0.4029,,,gnm_closed_loop,0.2,-0.1315,False,0,,isaac_live_final_20260708,,selected_baseline_live,,,,,,,False,hospital_goal_B,0.1332,True,0.4087,-0.1315,0.2,-0.1315,True,armed,False,
livefinal_straight_medium_20260708_180855,1246,30.483335,1783530547.489788,-0.923591,0.929424,0.0,2.352711,0.2,-0.1315,0.199738,0.007599,camera_link,30.483335,gnm_closed_loop,,nominal,,True,ok,checkpoints/ablation_mnv2_baseline/best.pt,5.39,0.4087,-0.1315,0.1022,-0.0034,0.4029,,,gnm_closed_loop,0.2,-0.1315,False,0,,isaac_live_final_20260708,,selected_baseline_live,,,,,,,False,hospital_goal_B,0.1365,True,0.4087,-0.1315,0.2,-0.1315,True,armed,False,
livefinal_straight_medium_20260708_180855,1247,30.500002,1783530547.491747,-0.925934,0.931783,0.0,2.352706,0.2,-0.1315,0.199738,0.007599,camera_link,30.500002,gnm_closed_loop,,nominal,,True,ok,checkpoints/ablation_mnv2_baseline/best.pt,5.39,0.4087,-0.1315,0.1022,-0.0034,0.4029,,,gnm_closed_loop,0.2,-0.1315,False,0,,isaac_live_final_20260708,,selected_baseline_live,,,,,,,False,hospital_goal_B,0.1399,True,0.4087,-0.1315,0.2,-0.1315,True,armed,False,
livefinal_straight_medium_20260708_180855,1248,30.516668,1783530547.510597,-0.928276,0.934142,0.0,2.352701,0.2,-0.1361,0.199811,0.006507,camera_link,30.516668,gnm_closed_loop,,nominal,,True,ok,checkpoints/ablation_mnv2_baseline/best.pt,5.79,0.3809,-0.1361,0.0952,-0.0032,0.4052,,,gnm_closed_loop,0.2,-0.1361,False,0,,isaac_live_final_20260708,,selected_baseline_live,,,,,,,False,hospital_goal_B,0.1432,True,0.3809,-0.1361,0.2,-0.1361,True,armed,False,
livefinal_straight_medium_20260708_180855,1249,30.533335,1783530547.514135,-0.930619,0.9365,0.0,2.352695,0.2,-0.1361,0.199811,0.006507,camera_link,30.533335,gnm_closed_loop,,nominal,,True,ok,checkpoints/ablation_mnv2_baseline/best.pt,5.79,0.3809,-0.1361,0.0952,-0.0032,0.4052,,,gnm_closed_loop,0.2,-0.1361,False,0,,isaac_live_final_20260708,,selected_baseline_live,,,,,,,False,hospital_goal_B,0.1465,True,0.3809,-0.1361,0.2,-0.1361,True,armed,False,
livefinal_straight_medium_20260708_180855,1250,30.550002,1783530547.516096,-0.932961,0.938858,0.0,2.35269,0.2,-0.1361,0.199811,0.006507,camera_link,30.550002,gnm_closed_loop,,nominal,,True,ok,checkpoints/ablation_mnv2_baseline/best.pt,5.79,0.3809,-0.1361,0.0952,-0.0032,0.4052,,,gnm_closed_loop,0.2,-0.1361,False,0,,isaac_live_final_20260708,,selected_baseline_live,,,,,,,False,hospital_goal_B,0.1498,True,0.3809,-0.1361,0.2,-0.1361,True,armed,False,
livefinal_straight_medium_20260708_180855,1251,30.566668,1783530547.531557,-0.935303,0.941217,0.0,2.352684,0.2,-0.133,0.199752,0.007194,camera_link,30.566668,gnm_closed_loop,,nominal,,True,ok,checkpoints/ablation_mnv2_baseline/best.pt,3.9,0.3889,-0.133,0.0972,-0.0032,0.4069,,,gnm_closed_loop,0.2,-0.133,False,0,,isaac_live_final_20260708,,selected_baseline_live,,,,,,,False,hospital_goal_B,0.1532,True,0.3889,-0.133,0.2,-0.133,True,armed,False,
livefinal_straight_medium_20260708_180855,1252,30.583335,1783530547.533785,-0.937645,0.943575,0.0,2.352679,0.2,-0.133,0.199752,0.007194,camera_link,30.583335,gnm_closed_loop,,nominal,,True,ok,checkpoints/ablation_mnv2_baseline/best.pt,3.9,0.3889,-0.133,0.0972,-0.0032,0.4069,,,gnm_closed_loop,0.2,-0.133,False,0,,isaac_live_final_20260708,,selected_baseline_live,,,,,,,False,hospital_goal_B,0.1565,True,0.3889,-0.133,0.2,-0.133,True,armed,False,
livefinal_straight_medium_20260708_180855,1253,30.600002,1783530547.535668,-0.939988,0.945934,0.0,2.352674,0.2,-0.133,0.199752,0.007194,camera_link,30.600002,gnm_closed_loop,,nominal,,True,ok,checkpoints/ablation_mnv2_baseline/best.pt,3.9,0.3889,-0.133,0.0972,-0.0032,0.4069,,,gnm_closed_loop,0.2,-0.133,False,0,,isaac_live_final_20260708,,selected_baseline_live,,,,,,,False,hospital_goal_B,0.1598,True,0.3889,-0.133,0.2,-0.133,True,armed,False,
livefinal_straight_medium_20260708_180855,1254,30.616668,1783530547.552264,-0.94233,0.948293,0.0,2.352669,0.2,-0.1272,0.199764,0.006093,camera_link,30.616668,gnm_closed_loop,,nominal,,True,ok,checkpoints/ablation_mnv2_baseline/best.pt,5.43,0.3984,-0.1272,0.0996,-0.0032,0.4085,,,gnm_closed_loop,0.2,-0.1272,False,0,,isaac_live_final_20260708,,selected_baseline_live,,,,,,,False,hospital_goal_B,0.1631,True,0.3984,-0.1272,0.2,-0.1272,True,armed,False,
livefinal_straight_medium_20260708_180855,1255,30.633335,1783530547.554548,-0.944672,0.950652,0.0,2.352665,0.2,-0.1272,0.199764,0.006093,camera_link,30.633335,gnm_closed_loop,,nominal,,True,ok,checkpoints/ablation_mnv2_baseline/best.pt,5.43,0.3984,-0.1272,0.0996,-0.0032,0.4085,,,gnm_closed_loop,0.2,-0.1272,False,0,,isaac_live_final_20260708,,selected_baseline_live,,,,,,,False,hospital_goal_B,0.1665,True,0.3984,-0.1272,0.2,-0.1272,True,armed,False,
livefinal_straight_medium_20260708_180855,1256,30.650002,1783530547.556511,-0.947014,0.95301,0.0,2.35266,0.2,-0.1272,0.199764,0.006093,camera_link,30.650002,gnm_closed_loop,,nominal,,True,ok,checkpoints/ablation_mnv2_baseline/best.pt,5.43,0.3984,-0.1272,0.0996,-0.0032,0.4085,,,gnm_closed_loop,0.2,-0.1272,False,0,,isaac_live_final_20260708,,selected_baseline_live,,,,,,,False,hospital_goal_B,0.1698,True,0.3984,-0.1272,0.2,-0.1272,True,armed,False,
livefinal_straight_medium_20260708_180855,1257,30.666668,1783530547.576185,-0.949357,0.955369,0.0,2.352655,0.2,-0.1295,0.199805,0.005863,camera_link,30.666668,gnm_closed_loop,,nominal,,True,ok,checkpoints/ablation_mnv2_baseline/best.pt,5.36,0.4017,-0.1295,0.1004,-0.0033,0.4099,,,gnm_closed_loop,0.2,-0.1295,False,0,,isaac_live_final_20260708,,selected_baseline_live,,,,,,,False,hospital_goal_B,0.1731,True,0.4017,-0.1295,0.2,-0.1295,True,armed,False,
livefinal_straight_medium_20260708_180855,1258,30.683335,1783530547.579306,-0.951699,0.957728,0.0,2.352651,0.2,-0.1295,0.199805,0.005863,camera_link,30.683335,gnm_closed_loop,,nominal,,True,ok,checkpoints/ablation_mnv2_baseline/best.pt,5.36,0.4017,-0.1295,0.1004,-0.0033,0.4099,,,gnm_closed_loop,0.2,-0.1295,False,0,,isaac_live_final_20260708,,selected_baseline_live,,,,,,,False,hospital_goal_B,0.1764,True,0.4017,-0.1295,0.2,-0.1295,True,armed,False,
livefinal_straight_medium_20260708_180855,1259,30.700002,1783530547.581759,-0.954041,0.960086,0.0,2.352646,0.2,-0.1295,0.199805,0.005863,camera_link,30.700002,gnm_closed_loop,,nominal,,True,ok,checkpoints/ablation_mnv2_baseline/best.pt,5.36,0.4017,-0.1295,0.1004,-0.0033,0.4099,,,gnm_closed_loop,0.2,-0.1295,False,0,,isaac_live_final_20260708,,selected_baseline_live,,,,,,,False,hospital_goal_B,0.1797,True,0.4017,-0.1295,0.2,-0.1295,True,armed,False,
livefinal_straight_medium_20260708_180855,1260,30.716668,1783530547.598061,-0.956383,0.962445,0.0,2.352641,0.2,-0.1184,0.199757,0.006544,camera_link,30.716668,gnm_closed_loop,,nominal,,True,ok,checkpoints/ablation_mnv2_baseline/best.pt,4.27,0.4287,-0.1184,0.1072,-0.0032,0.4084,,,gnm_closed_loop,0.2,-0.1184,False,0,,isaac_live_final_20260708,,selected_baseline_live,,,,,,,False,hospital_goal_B,0.1831,True,0.4287,-0.1184,0.2,-0.1184,True,armed,False,
livefinal_straight_medium_20260708_180855,1261,30.733335,1783530547.600857,-0.958726,0.964804,0.0,2.352637,0.2,-0.1184,0.199757,0.006544,camera_link,30.733335,gnm_closed_loop,,nominal,,True,ok,checkpoints/ablation_mnv2_baseline/best.pt,4.27,0.4287,-0.1184,0.1072,-0.0032,0.4084,,,gnm_closed_loop,0.2,-0.1184,False,0,,isaac_live_final_20260708,,selected_baseline_live,,,,,,,False,hospital_goal_B,0.1864,True,0.4287,-0.1184,0.2,-0.1184,True,armed,False,
livefinal_straight_medium_20260708_180855,1262,30.750002,1783530547.603479,-0.961068,0.967163,0.0,2.352632,0.2,-0.1184,0.199757,0.006544,camera_link,30.750002,gnm_closed_loop,,nominal,,True,ok,checkpoints/ablation_mnv2_baseline/best.pt,4.27,0.4287,-0.1184,0.1072,-0.0032,0.4084,,,gnm_closed_loop,0.2,-0.1184,False,0,,isaac_live_final_20260708,,selected_baseline_live,,,,,,,False,hospital_goal_B,0.1897,True,0.4287,-0.1184,0.2,-0.1184,True,armed,False,
livefinal_straight_medium_20260708_180855,1263,30.766668,1783530547.623302,-0.96341,0.969521,0.0,2.352628,0.2,-0.1224,0.199764,0.005555,camera_link,30.766668,gnm_closed_loop,,nominal,,True,ok,checkpoints/ablation_mnv2_baseline/best.pt,6.0,0.4079,-0.1224,0.102,-0.0031,0.4111,,,gnm_closed_loop,0.2,-0.1224,False,0,,isaac_live_final_20260708,,selected_baseline_live,,,,,,,False,hospital_goal_B,0.193,True,0.4079,-0.1224,0.2,-0.1224,True,armed,False,
livefinal_straight_medium_20260708_180855,1264,30.783335,1783530547.625599,-0.965752,0.971881,0.0,2.352624,0.2,-0.1224,0.199764,0.005555,camera_link,30.783335,gnm_closed_loop,,nominal,,True,ok,checkpoints/ablation_mnv2_baseline/best.pt,6.0,0.4079,-0.1224,0.102,-0.0031,0.4111,,,gnm_closed_loop,0.2,-0.1224,False,0,,isaac_live_final_20260708,,selected_baseline_live,,,,,,,False,hospital_goal_B,0.1964,True,0.4079,-0.1224,0.2,-0.1224,True,armed,False,
livefinal_straight_medium_20260708_180855,1265,30.800002,1783530547.627565,-0.968095,0.97424,0.0,2.352619,0.2,-0.1224,0.199764,0.005555,camera_link,30.800002,gnm_closed_loop,,nominal,,True,ok,checkpoints/ablation_mnv2_baseline/best.pt,6.0,0.4079,-0.1224,0.102,-0.0031,0.4111,,,gnm_closed_loop,0.2,-0.1224,False,0,,isaac_live_final_20260708,,selected_baseline_live,,,,,,,False,hospital_goal_B,0.1997,True,0.4079,-0.1224,0.2,-0.1224,True,armed,False,
livefinal_straight_medium_20260708_180855,1266,30.816668,1783530547.643879,-0.970437,0.976599,0.0,2.352614,0.2,-0.1242,0.199791,0.005271,camera_link,30.816668,gnm_closed_loop,,nominal,,True,ok,checkpoints/ablation_mnv2_baseline/best.pt,4.9,0.393,-0.1242,0.0983,-0.0031,0.4122,,,gnm_closed_loop,0.2,-0.1242,False,0,,isaac_live_final_20260708,,selected_baseline_live,,,,,,,False,hospital_goal_B,0.203,True,0.393,-0.1242,0.2,-0.1242,True,armed,False,
livefinal_straight_medium_20260708_180855,1267,30.833335,1783530547.646439,-0.972779,0.978957,0.0,2.35261,0.2,-0.1242,0.199791,0.005271,camera_link,30.833335,gnm_closed_loop,,nominal,,True,ok,checkpoints/ablation_mnv2_baseline/best.pt,4.9,0.393,-0.1242,0.0983,-0.0031,0.4122,,,gnm_closed_loop,0.2,-0.1242,False,0,,isaac_live_final_20260708,,selected_baseline_live,,,,,,,False,hospital_goal_B,0.2063,True,0.393,-0.1242,0.2,-0.1242,True,armed,False,
livefinal_straight_medium_20260708_180855,1268,30.850002,1783530547.648385,-0.975121,0.981316,0.0,2.352605,0.2,-0.1242,0.199791,0.005271,camera_link,30.850002,gnm_closed_loop,,nominal,,True,ok,checkpoints/ablation_mnv2_baseline/best.pt,4.9,0.393,-0.1242,0.0983,-0.0031,0.4122,,,gnm_closed_loop,0.2,-0.1242,False,0,,isaac_live_final_20260708,,selected_baseline_live,,,,,,,False,hospital_goal_B,0.2097,True,0.393,-0.1242,0.2,-0.1242,True,armed,False,
livefinal_straight_medium_20260708_180855,1269,30.866668,1783530547.66568,-0.977463,0.983675,0.0,2.3526,0.2,-0.1486,0.199768,0.005821,camera_link,30.866668,gnm_closed_loop,,nominal,,True,ok,checkpoints/ablation_mnv2_baseline/best.pt,5.55,0.3518,-0.1486,0.088,-0.0033,0.4129,,,gnm_closed_loop,0.2,-0.1486,False,0,,isaac_live_final_20260708,,selected_baseline_live,,,,,,,False,hospital_goal_B,0.213,True,0.3518,-0.1486,0.2,-0.1486,True,armed,False,
livefinal_straight_medium_20260708_180855,1270,30.883335,1783530547.667908,-0.979805,0.986033,0.0,2.352594,0.2,-0.1486,0.199768,0.005821,camera_link,30.883335,gnm_closed_loop,,nominal,,True,ok,checkpoints/ablation_mnv2_baseline/best.pt,5.55,0.3518,-0.1486,0.088,-0.0033,0.4129,,,gnm_closed_loop,0.2,-0.1486,False,0,,isaac_live_final_20260708,,selected_baseline_live,,,,,,,False,hospital_goal_B,0.2163,True,0.3518,-0.1486,0.2,-0.1486,True,armed,False,
livefinal_straight_medium_20260708_180855,1271,30.900002,1783530547.669797,-0.982147,0.988392,0.0,2.352588,0.2,-0.1486,0.199768,0.005821,camera_link,30.900002,gnm_closed_loop,,nominal,,True,ok,checkpoints/ablation_mnv2_baseline/best.pt,5.55,0.3518,-0.1486,0.088,-0.0033,0.4129,,,gnm_closed_loop,0.2,-0.1486,False,0,,isaac_live_final_20260708,,selected_baseline_live,,,,,,,False,hospital_goal_B,0.2196,True,0.3518,-0.1486,0.2,-0.1486,True,armed,False,
livefinal_straight_medium_20260708_180855,1272,30.916668,1783530547.689877,-0.984489,0.990751,0.0,2.352582,0.2,-0.1597,0.199762,0.007747,camera_link,30.916668,gnm_closed_loop,,nominal,,True,ok,checkpoints/ablation_mnv2_baseline/best.pt,6.41,0.3465,-0.1597,0.0866,-0.0035,0.4117,,,gnm_closed_loop,0.2,-0.1597,False,0,,isaac_live_final_20260708,,selected_baseline_live,,,,,,,False,hospital_goal_B,0.223,True,0.3465,-0.1597,0.2,-0.1597,True,armed,False,
livefinal_straight_medium_20260708_180855,1273,30.933335,1783530547.693398,-0.986831,0.993109,0.0,2.352575,0.2,-0.1597,0.199762,0.007747,camera_link,30.933335,gnm_closed_loop,,nominal,,True,ok,checkpoints/ablation_mnv2_baseline/best.pt,6.41,0.3465,-0.1597,0.0866,-0.0035,0.4117,,,gnm_closed_loop,0.2,-0.1597,False,0,,isaac_live_final_20260708,,selected_baseline_live,,,,,,,False,hospital_goal_B,0.2263,True,0.3465,-0.1597,0.2,-0.1597,True,armed,False,
livefinal_straight_medium_20260708_180855,1274,30.950002,1783530547.696148,-0.989172,0.995468,0.0,2.352569,0.2,-0.1597,0.199762,0.007747,camera_link,30.950002,gnm_closed_loop,,nominal,,True,ok,checkpoints/ablation_mnv2_baseline/best.pt,6.41,0.3465,-0.1597,0.0866,-0.0035,0.4117,,,gnm_closed_loop,0.2,-0.1597,False,0,,isaac_live_final_20260708,,selected_baseline_live,,,,,,,False,hospital_goal_B,0.2296,True,0.3465,-0.1597,0.2,-0.1597,True,armed,False,
livefinal_straight_medium_20260708_180855,1275,30.966668,1783530547.718118,-0.991514,0.997826,0.0,2.352562,0.2,-0.1433,0.199731,0.008868,camera_link,30.966668,gnm_closed_loop,,nominal,,True,ok,checkpoints/ablation_mnv2_baseline/best.pt,4.72,0.381,-0.1433,0.0953,-0.0034,0.4124,,,gnm_closed_loop,0.2,-0.1433,False,0,,isaac_live_final_20260708,,selected_baseline_live,,,,,,,False,hospital_goal_B,0.2329,True,0.381,-0.1433,0.2,-0.1433,True,armed,False,
livefinal_straight_medium_20260708_180855,1276,30.983335,1783530547.720374,-0.993856,1.000185,0.0,2.352556,0.2,-0.1433,0.199731,0.008868,camera_link,30.983335,gnm_closed_loop,,nominal,,True,ok,checkpoints/ablation_mnv2_baseline/best.pt,4.72,0.381,-0.1433,0.0953,-0.0034,0.4124,,,gnm_closed_loop,0.2,-0.1433,False,0,,isaac_live_final_20260708,,selected_baseline_live,,,,,,,False,hospital_goal_B,0.2362,True,0.381,-0.1433,0.2,-0.1433,True,armed,False,
livefinal_straight_medium_20260708_180855,1277,31.000002,1783530547.722422,-0.996198,1.002543,0.0,2.35255,0.2,-0.1433,0.199731,0.008868,camera_link,31.000002,gnm_closed_loop,,nominal,,True,ok,checkpoints/ablation_mnv2_baseline/best.pt,4.72,0.381,-0.1433,0.0953,-0.0034,0.4124,,,gnm_closed_loop,0.2,-0.1433,False,0,,isaac_live_final_20260708,,selected_baseline_live,,,,,,,False,hospital_goal_B,0.2396,True,0.381,-0.1433,0.2,-0.1433,True,armed,False,
livefinal_straight_medium_20260708_180855,1278,31.016668,1783530547.742297,-0.99854,1.004902,0.0,2.352545,0.2,-0.1342,0.199692,0.006454,camera_link,31.016668,gnm_closed_loop,,nominal,,True,ok,checkpoints/ablation_mnv2_baseline/best.pt,6.95,0.4063,-0.1342,0.1016,-0.0034,0.4147,,,gnm_closed_loop,0.2,-0.1342,False,0,,isaac_live_final_20260708,,selected_baseline_live,,,,,,,False,hospital_goal_B,0.2429,True,0.4063,-0.1342,0.2,-0.1342,True,armed,False,
livefinal_straight_medium_20260708_180855,1279,31.033335,1783530547.74529,-1.000881,1.007261,0.0,2.352539,0.2,-0.1342,0.199692,0.006454,camera_link,31.033335,gnm_closed_loop,,nominal,,True,ok,checkpoints/ablation_mnv2_baseline/best.pt,6.95,0.4063,-0.1342,0.1016,-0.0034,0.4147,,,gnm_closed_loop,0.2,-0.1342,False,0,,isaac_live_final_20260708,,selected_baseline_live,,,,,,,False,hospital_goal_B,0.2462,True,0.4063,-0.1342,0.2,-0.1342,True,armed,False,
livefinal_straight_medium_20260708_180855,1280,31.050002,1783530547.748047,-1.003223,1.00962,0.0,2.352535,0.2,-0.1342,0.199692,0.006454,camera_link,31.050002,gnm_closed_loop,,nominal,,True,ok,checkpoints/ablation_mnv2_baseline/best.pt,6.95,0.4063,-0.1342,0.1016,-0.0034,0.4147,,,gnm_closed_loop,0.2,-0.1342,False,0,,isaac_live_final_20260708,,selected_baseline_live,,,,,,,False,hospital_goal_B,0.2495,True,0.4063,-0.1342,0.2,-0.1342,True,armed,False,
livefinal_straight_medium_20260708_180855,1281,31.066668,1783530547.766663,-1.005565,1.011979,0.0,2.352529,0.2,-0.1397,0.199762,0.005385,camera_link,31.066668,gnm_closed_loop,,nominal,,True,ok,checkpoints/ablation_mnv2_baseline/best.pt,5.0,0.387,-0.1397,0.0968,-0.0034,0.4144,,,gnm_closed_loop,0.2,-0.1397,False,0,,isaac_live_final_20260708,,selected_baseline_live,,,,,,,False,hospital_goal_B,0.2529,True,0.387,-0.1397,0.2,-0.1397,True,armed,False,
livefinal_straight_medium_20260708_180855,1282,31.083335,1783530547.768957,-1.007907,1.014338,0.0,2.352525,0.2,-0.1397,0.199762,0.005385,camera_link,31.083335,gnm_closed_loop,,nominal,,True,ok,checkpoints/ablation_mnv2_baseline/best.pt,5.0,0.387,-0.1397,0.0968,-0.0034,0.4144,,,gnm_closed_loop,0.2,-0.1397,False,0,,isaac_live_final_20260708,,selected_baseline_live,,,,,,,False,hospital_goal_B,0.2562,True,0.387,-0.1397,0.2,-0.1397,True,armed,False,
livefinal_straight_medium_20260708_180855,1283,31.100002,1783530547.7708,-1.010249,1.016697,0.0,2.352521,0.2,-0.1397,0.199762,0.005385,camera_link,31.100002,gnm_closed_loop,,nominal,,True,ok,checkpoints/ablation_mnv2_baseline/best.pt,5.0,0.387,-0.1397,0.0968,-0.0034,0.4144,,,gnm_closed_loop,0.2,-0.1397,False,0,,isaac_live_final_20260708,,selected_baseline_live,,,,,,,False,hospital_goal_B,0.2595,True,0.387,-0.1397,0.2,-0.1397,True,armed,False,
livefinal_straight_medium_20260708_180855,1284,31.116668,1783530547.788263,-1.012591,1.019057,0.0,2.352515,0.2,-0.1248,0.199745,0.007763,camera_link,31.116668,gnm_closed_loop,,nominal,,True,ok,checkpoints/ablation_mnv2_baseline/best.pt,5.13,0.4178,-0.1248,0.1045,-0.0033,0.4147,,,gnm_closed_loop,0.2,-0.1248,False,0,,isaac_live_final_20260708,,selected_baseline_live,,,,,,,False,hospital_goal_B,0.2628,True,0.4178,-0.1248,0.2,-0.1248,True,armed,False,
livefinal_straight_medium_20260708_180855,1285,31.133335,1783530547.790661,-1.014933,1.021416,0.0,2.352511,0.2,-0.1248,0.199745,0.007763,camera_link,31.133335,gnm_closed_loop,,nominal,,True,ok,checkpoints/ablation_mnv2_baseline/best.pt,5.13,0.4178,-0.1248,0.1045,-0.0033,0.4147,,,gnm_closed_loop,0.2,-0.1248,False,0,,isaac_live_final_20260708,,selected_baseline_live,,,,,,,False,hospital_goal_B,0.2662,True,0.4178,-0.1248,0.2,-0.1248,True,armed,False,
livefinal_straight_medium_20260708_180855,1286,31.150002,1783530547.792861,-1.017274,1.023775,0.0,2.352506,0.2,-0.1248,0.199745,0.007763,camera_link,31.150002,gnm_closed_loop,,nominal,,True,ok,checkpoints/ablation_mnv2_baseline/best.pt,5.13,0.4178,-0.1248,0.1045,-0.0033,0.4147,,,gnm_closed_loop,0.2,-0.1248,False,0,,isaac_live_final_20260708,,selected_baseline_live,,,,,,,False,hospital_goal_B,0.2695,True,0.4178,-0.1248,0.2,-0.1248,True,armed,False,
livefinal_straight_medium_20260708_180855,1287,31.166668,1783530547.813174,-1.019616,1.026134,0.0,2.3525,0.2,-0.1319,0.199751,0.006245,camera_link,31.166668,gnm_closed_loop,,nominal,,True,ok,checkpoints/ablation_mnv2_baseline/best.pt,6.06,0.3952,-0.1319,0.0988,-0.0033,0.4078,,,gnm_closed_loop,0.2,-0.1319,False,0,,isaac_live_final_20260708,,selected_baseline_live,,,,,,,False,hospital_goal_B,0.2728,True,0.3952,-0.1319,0.2,-0.1319,True,armed,False,
livefinal_straight_medium_20260708_180855,1288,31.183335,1783530547.815619,-1.021958,1.028494,0.0,2.352496,0.2,-0.1319,0.199751,0.006245,camera_link,31.183335,gnm_closed_loop,,nominal,,True,ok,checkpoints/ablation_mnv2_baseline/best.pt,6.06,0.3952,-0.1319,0.0988,-0.0033,0.4078,,,gnm_closed_loop,0.2,-0.1319,False,0,,isaac_live_final_20260708,,selected_baseline_live,,,,,,,False,hospital_goal_B,0.2761,True,0.3952,-0.1319,0.2,-0.1319,True,armed,False,
livefinal_straight_medium_20260708_180855,1289,31.200002,1783530547.817497,-1.0243,1.030852,0.0,2.352491,0.2,-0.1319,0.199751,0.006245,camera_link,31.200002,gnm_closed_loop,,nominal,,True,ok,checkpoints/ablation_mnv2_baseline/best.pt,6.06,0.3952,-0.1319,0.0988,-0.0033,0.4078,,,gnm_closed_loop,0.2,-0.1319,False,0,,isaac_live_final_20260708,,selected_baseline_live,,,,,,,False,hospital_goal_B,0.2795,True,0.3952,-0.1319,0.2,-0.1319,True,armed,False,
livefinal_straight_medium_20260708_180855,1290,31.216668,1783530547.834426,-1.026642,1.033212,0.0,2.352487,0.2,-0.1302,0.199801,0.006503,camera_link,31.216668,gnm_closed_loop,,nominal,,True,ok,checkpoints/ablation_mnv2_baseline/best.pt,4.87,0.4162,-0.1302,0.1041,-0.0034,0.4045,,,gnm_closed_loop,0.2,-0.1302,False,0,,isaac_live_final_20260708,,selected_baseline_live,,,,,,,False,hospital_goal_B,0.2828,True,0.4162,-0.1302,0.2,-0.1302,True,armed,False,
livefinal_straight_medium_20260708_180855,1291,31.233335,1783530547.837662,-1.028983,1.035571,0.0,2.352481,0.2,-0.1302,0.199801,0.006503,camera_link,31.233335,gnm_closed_loop,,nominal,,True,ok,checkpoints/ablation_mnv2_baseline/best.pt,4.87,0.4162,-0.1302,0.1041,-0.0034,0.4045,,,gnm_closed_loop,0.2,-0.1302,False,0,,isaac_live_final_20260708,,selected_baseline_live,,,,,,,False,hospital_goal_B,0.2861,True,0.4162,-0.1302,0.2,-0.1302,True,armed,False,
livefinal_straight_medium_20260708_180855,1292,31.250002,1783530547.839579,-1.031325,1.03793,0.0,2.352476,0.2,-0.1302,0.199801,0.006503,camera_link,31.250002,gnm_closed_loop,,nominal,,True,ok,checkpoints/ablation_mnv2_baseline/best.pt,4.87,0.4162,-0.1302,0.1041,-0.0034,0.4045,,,gnm_closed_loop,0.2,-0.1302,False,0,,isaac_live_final_20260708,,selected_baseline_live,,,,,,,False,hospital_goal_B,0.2894,True,0.4162,-0.1302,0.2,-0.1302,True,armed,False,
livefinal_straight_medium_20260708_180855,1293,31.266668,1783530547.855853,-1.033667,1.040289,0.0,2.352471,0.2,-0.1285,0.19979,0.006378,camera_link,31.266668,gnm_closed_loop,,nominal,,True,ok,checkpoints/ablation_mnv2_baseline/best.pt,5.21,0.4283,-0.1285,0.1071,-0.0034,0.4111,,,gnm_closed_loop,0.2,-0.1285,False,0,,isaac_live_final_20260708,,selected_baseline_live,,,,,,,False,hospital_goal_B,0.2927,True,0.4283,-0.1285,0.2,-0.1285,True,armed,False,
livefinal_straight_medium_20260708_180855,1294,31.283335,1783530547.858114,-1.036009,1.042649,0.0,2.352466,0.2,-0.1285,0.19979,0.006378,camera_link,31.283335,gnm_closed_loop,,nominal,,True,ok,checkpoints/ablation_mnv2_baseline/best.pt,5.21,0.4283,-0.1285,0.1071,-0.0034,0.4111,,,gnm_closed_loop,0.2,-0.1285,False,0,,isaac_live_final_20260708,,selected_baseline_live,,,,,,,False,hospital_goal_B,0.2961,True,0.4283,-0.1285,0.2,-0.1285,True,armed,False,
livefinal_straight_medium_20260708_180855,1295,31.300002,1783530547.860722,-1.038351,1.045009,0.0,2.352461,0.2,-0.1285,0.19979,0.006378,camera_link,31.300002,gnm_closed_loop,,nominal,,True,ok,checkpoints/ablation_mnv2_baseline/best.pt,5.21,0.4283,-0.1285,0.1071,-0.0034,0.4111,,,gnm_closed_loop,0.2,-0.1285,False,0,,isaac_live_final_20260708,,selected_baseline_live,,,,,,,False,hospital_goal_B,0.2994,True,0.4283,-0.1285,0.2,-0.1285,True,armed,False,
livefinal_straight_medium_20260708_180855,1296,31.316668,1783530547.877141,-1.040693,1.047367,0.0,2.352457,0.2,-0.1206,0.199806,0.006142,camera_link,31.316668,gnm_closed_loop,,nominal,,True,ok,checkpoints/ablation_mnv2_baseline/best.pt,5.5,0.4501,-0.1206,0.1125,-0.0034,0.4262,,,gnm_closed_loop,0.2,-0.1206,False,0,,isaac_live_final_20260708,,selected_baseline_live,,,,,,,False,hospital_goal_B,0.3027,True,0.4501,-0.1206,0.2,-0.1206,True,armed,False,
livefinal_straight_medium_20260708_180855,1297,31.333335,1783530547.879293,-1.043035,1.049726,0.0,2.352452,0.2,-0.1206,0.199806,0.006142,camera_link,31.333335,gnm_closed_loop,,nominal,,True,ok,checkpoints/ablation_mnv2_baseline/best.pt,5.5,0.4501,-0.1206,0.1125,-0.0034,0.4262,,,gnm_closed_loop,0.2,-0.1206,False,0,,isaac_live_final_20260708,,selected_baseline_live,,,,,,,False,hospital_goal_B,0.306,True,0.4501,-0.1206,0.2,-0.1206,True,armed,False,
livefinal_straight_medium_20260708_180855,1298,31.350002,1783530547.881273,-1.045376,1.052086,0.0,2.352448,0.2,-0.1206,0.199806,0.006142,camera_link,31.350002,gnm_closed_loop,,nominal,,True,ok,checkpoints/ablation_mnv2_baseline/best.pt,5.5,0.4501,-0.1206,0.1125,-0.0034,0.4262,,,gnm_closed_loop,0.2,-0.1206,False,0,,isaac_live_final_20260708,,selected_baseline_live,,,,,,,False,hospital_goal_B,0.3094,True,0.4501,-0.1206,0.2,-0.1206,True,armed,False,
livefinal_straight_medium_20260708_180855,1299,31.366668,1783530547.898296,-1.047718,1.054445,0.0,2.352443,0.2,-0.1176,0.199772,0.006875,camera_link,31.366668,gnm_closed_loop,,nominal,,True,ok,checkpoints/ablation_mnv2_baseline/best.pt,5.37,0.4466,-0.1176,0.1117,-0.0033,0.4306,,,gnm_closed_loop,0.2,-0.1176,False,0,,isaac_live_final_20260708,,selected_baseline_live,,,,,,,False,hospital_goal_B,0.3127,True,0.4466,-0.1176,0.2,-0.1176,True,armed,False,
livefinal_straight_medium_20260708_180855,1300,31.383335,1783530547.900845,-1.050059,1.056804,0.0,2.352438,0.2,-0.1176,0.199772,0.006875,camera_link,31.383335,gnm_closed_loop,,nominal,,True,ok,checkpoints/ablation_mnv2_baseline/best.pt,5.37,0.4466,-0.1176,0.1117,-0.0033,0.4306,,,gnm_closed_loop,0.2,-0.1176,False,0,,isaac_live_final_20260708,,selected_baseline_live,,,,,,,False,hospital_goal_B,0.316,True,0.4466,-0.1176,0.2,-0.1176,True,armed,False,
livefinal_straight_medium_20260708_180855,1301,31.400002,1783530547.903134,-1.052401,1.059163,0.0,2.352433,0.2,-0.1176,0.199772,0.006875,camera_link,31.400002,gnm_closed_loop,,nominal,,True,ok,checkpoints/ablation_mnv2_baseline/best.pt,5.37,0.4466,-0.1176,0.1117,-0.0033,0.4306,,,gnm_closed_loop,0.2,-0.1176,False,0,,isaac_live_final_20260708,,selected_baseline_live,,,,,,,False,hospital_goal_B,0.3193,True,0.4466,-0.1176,0.2,-0.1176,True,armed,False,
livefinal_straight_medium_20260708_180855,1302,31.416668,1783530547.925659,-1.054742,1.061522,0.0,2.352429,0.2,-0.1132,0.199756,0.005686,camera_link,31.416668,gnm_closed_loop,,nominal,,True,ok,checkpoints/ablation_mnv2_baseline/best.pt,5.77,0.4571,-0.1132,0.1143,-0.0032,0.4311,,,gnm_closed_loop,0.2,-0.1132,False,0,,isaac_live_final_20260708,,selected_baseline_live,,,,,,,False,hospital_goal_B,0.3227,True,0.4571,-0.1132,0.2,-0.1132,True,armed,False,
livefinal_straight_medium_20260708_180855,1303,31.433335,1783530547.928934,-1.057084,1.063882,0.0,2.352425,0.2,-0.1132,0.199756,0.005686,camera_link,31.433335,gnm_closed_loop,,nominal,,True,ok,checkpoints/ablation_mnv2_baseline/best.pt,5.77,0.4571,-0.1132,0.1143,-0.0032,0.4311,,,gnm_closed_loop,0.2,-0.1132,False,0,,isaac_live_final_20260708,,selected_baseline_live,,,,,,,False,hospital_goal_B,0.326,True,0.4571,-0.1132,0.2,-0.1132,True,armed,False,
livefinal_straight_medium_20260708_180855,1304,31.450002,1783530547.93128,-1.059425,1.066241,0.0,2.35242,0.2,-0.1132,0.199756,0.005686,camera_link,31.450002,gnm_closed_loop,,nominal,,True,ok,checkpoints/ablation_mnv2_baseline/best.pt,5.77,0.4571,-0.1132,0.1143,-0.0032,0.4311,,,gnm_closed_loop,0.2,-0.1132,False,0,,isaac_live_final_20260708,,selected_baseline_live,,,,,,,False,hospital_goal_B,0.3293,True,0.4571,-0.1132,0.2,-0.1132,True,armed,False,
livefinal_straight_medium_20260708_180855,1305,31.466668,1783530547.947918,-1.061767,1.0686,0.0,2.352416,0.2,-0.12,0.19979,0.005244,camera_link,31.466668,gnm_closed_loop,,nominal,,True,ok,checkpoints/ablation_mnv2_baseline/best.pt,4.78,0.4324,-0.12,0.1081,-0.0032,0.4328,,,gnm_closed_loop,0.2,-0.12,False,0,,isaac_live_final_20260708,,selected_baseline_live,,,,,,,False,hospital_goal_B,0.3326,True,0.4324,-0.12,0.2,-0.12,True,armed,False,
livefinal_straight_medium_20260708_180855,1306,31.483335,1783530547.950507,-1.064108,1.070959,0.0,2.352413,0.2,-0.12,0.19979,0.005244,camera_link,31.483335,gnm_closed_loop,,nominal,,True,ok,checkpoints/ablation_mnv2_baseline/best.pt,4.78,0.4324,-0.12,0.1081,-0.0032,0.4328,,,gnm_closed_loop,0.2,-0.12,False,0,,isaac_live_final_20260708,,selected_baseline_live,,,,,,,False,hospital_goal_B,0.336,True,0.4324,-0.12,0.2,-0.12,True,armed,False,
livefinal_straight_medium_20260708_180855,1307,31.500002,1783530547.95246,-1.06645,1.073319,0.0,2.352408,0.2,-0.12,0.19979,0.005244,camera_link,31.500002,gnm_closed_loop,,nominal,,True,ok,checkpoints/ablation_mnv2_baseline/best.pt,4.78,0.4324,-0.12,0.1081,-0.0032,0.4328,,,gnm_closed_loop,0.2,-0.12,False,0,,isaac_live_final_20260708,,selected_baseline_live,,,,,,,False,hospital_goal_B,0.3393,True,0.4324,-0.12,0.2,-0.12,True,armed,False,
livefinal_straight_medium_20260708_180855,1308,31.516668,1783530547.96871,-1.068791,1.075678,0.0,2.352403,0.2,-0.1188,0.199747,0.005426,camera_link,31.516668,gnm_closed_loop,,nominal,,True,ok,checkpoints/ablation_mnv2_baseline/best.pt,5.25,0.4243,-0.1188,0.1061,-0.0032,0.4299,,,gnm_closed_loop,0.2,-0.1188,False,0,,isaac_live_final_20260708,,selected_baseline_live,,,,,,,False,hospital_goal_B,0.3426,True,0.4243,-0.1188,0.2,-0.1188,True,armed,False,
livefinal_straight_medium_20260708_180855,1309,31.533335,1783530547.97085,-1.071132,1.078037,0.0,2.352399,0.2,-0.1188,0.199747,0.005426,camera_link,31.533335,gnm_closed_loop,,nominal,,True,ok,checkpoints/ablation_mnv2_baseline/best.pt,5.25,0.4243,-0.1188,0.1061,-0.0032,0.4299,,,gnm_closed_loop,0.2,-0.1188,False,0,,isaac_live_final_20260708,,selected_baseline_live,,,,,,,False,hospital_goal_B,0.3459,True,0.4243,-0.1188,0.2,-0.1188,True,armed,False,
livefinal_straight_medium_20260708_180855,1310,31.550002,1783530547.972741,-1.073474,1.080397,0.0,2.352395,0.2,-0.1188,0.199747,0.005426,camera_link,31.550002,gnm_closed_loop,,nominal,,True,ok,checkpoints/ablation_mnv2_baseline/best.pt,5.25,0.4243,-0.1188,0.1061,-0.0032,0.4299,,,gnm_closed_loop,0.2,-0.1188,False,0,,isaac_live_final_20260708,,selected_baseline_live,,,,,,,False,hospital_goal_B,0.3493,True,0.4243,-0.1188,0.2,-0.1188,True,armed,False,
livefinal_straight_medium_20260708_180855,1311,31.566668,1783530547.989455,-1.075815,1.082756,0.0,2.35239,0.2,-0.1194,0.199758,0.0061,camera_link,31.566668,gnm_closed_loop,,nominal,,True,ok,checkpoints/ablation_mnv2_baseline/best.pt,5.31,0.392,-0.1194,0.098,-0.0029,0.4189,,,gnm_closed_loop,0.2,-0.1194,False,0,,isaac_live_final_20260708,,selected_baseline_live,,,,,,,False,hospital_goal_B,0.3526,True,0.392,-0.1194,0.2,-0.1194,True,armed,False,
livefinal_straight_medium_20260708_180855,1312,31.583335,1783530547.991696,-1.078156,1.085115,0.0,2.352385,0.2,-0.1194,0.199758,0.0061,camera_link,31.583335,gnm_closed_loop,,nominal,,True,ok,checkpoints/ablation_mnv2_baseline/best.pt,5.31,0.392,-0.1194,0.098,-0.0029,0.4189,,,gnm_closed_loop,0.2,-0.1194,False,0,,isaac_live_final_20260708,,selected_baseline_live,,,,,,,False,hospital_goal_B,0.3559,True,0.392,-0.1194,0.2,-0.1194,True,armed,False,
livefinal_straight_medium_20260708_180855,1313,31.600002,1783530547.993597,-1.080498,1.087474,0.0,2.352381,0.2,-0.1194,0.199758,0.0061,camera_link,31.600002,gnm_closed_loop,,nominal,,True,ok,checkpoints/ablation_mnv2_baseline/best.pt,5.31,0.392,-0.1194,0.098,-0.0029,0.4189,,,gnm_closed_loop,0.2,-0.1194,False,0,,isaac_live_final_20260708,,selected_baseline_live,,,,,,,False,hospital_goal_B,0.3592,True,0.392,-0.1194,0.2,-0.1194,True,armed,False,
livefinal_straight_medium_20260708_180855,1314,31.616668,1783530548.009246,-1.082839,1.089833,0.0,2.352376,0.2,-0.1083,0.19978,0.005665,camera_link,31.616668,gnm_closed_loop,,nominal,,True,ok,checkpoints/ablation_mnv2_baseline/best.pt,5.23,0.4185,-0.1083,0.1046,-0.0028,0.4145,,,gnm_closed_loop,0.2,-0.1083,False,0,,isaac_live_final_20260708,,selected_baseline_live,,,,,,,False,hospital_goal_B,0.3625,True,0.4185,-0.1083,0.2,-0.1083,True,armed,False,
livefinal_straight_medium_20260708_180855,1315,31.633335,1783530548.01153,-1.085181,1.092192,0.0,2.352372,0.2,-0.1083,0.19978,0.005665,camera_link,31.633335,gnm_closed_loop,,nominal,,True,ok,checkpoints/ablation_mnv2_baseline/best.pt,5.23,0.4185,-0.1083,0.1046,-0.0028,0.4145,,,gnm_closed_loop,0.2,-0.1083,False,0,,isaac_live_final_20260708,,selected_baseline_live,,,,,,,False,hospital_goal_B,0.3659,True,0.4185,-0.1083,0.2,-0.1083,True,armed,False,
livefinal_straight_medium_20260708_180855,1316,31.650002,1783530548.013418,-1.087522,1.094551,0.0,2.352369,0.2,-0.1083,0.19978,0.005665,camera_link,31.650002,gnm_closed_loop,,nominal,,True,ok,checkpoints/ablation_mnv2_baseline/best.pt,5.23,0.4185,-0.1083,0.1046,-0.0028,0.4145,,,gnm_closed_loop,0.2,-0.1083,False,0,,isaac_live_final_20260708,,selected_baseline_live,,,,,,,False,hospital_goal_B,0.3692,True,0.4185,-0.1083,0.2,-0.1083,True,armed,False,
livefinal_straight_medium_20260708_180855,1317,31.666668,1783530548.029669,-1.089863,1.09691,0.0,2.352364,0.2,-0.0956,0.199785,0.004929,camera_link,31.666668,gnm_closed_loop,,nominal,,True,ok,checkpoints/ablation_mnv2_baseline/best.pt,5.27,0.4548,-0.0956,0.1137,-0.0027,0.406,,,gnm_closed_loop,0.2,-0.0956,False,0,,isaac_live_final_20260708,,selected_baseline_live,,,,,,,False,hospital_goal_B,0.3725,True,0.4548,-0.0956,0.2,-0.0956,True,armed,False,
livefinal_straight_medium_20260708_180855,1318,31.683335,1783530548.032018,-1.092204,1.09927,0.0,2.352361,0.2,-0.0956,0.199785,0.004929,camera_link,31.683335,gnm_closed_loop,,nominal,,True,ok,checkpoints/ablation_mnv2_baseline/best.pt,5.27,0.4548,-0.0956,0.1137,-0.0027,0.406,,,gnm_closed_loop,0.2,-0.0956,False,0,,isaac_live_final_20260708,,selected_baseline_live,,,,,,,False,hospital_goal_B,0.3758,True,0.4548,-0.0956,0.2,-0.0956,True,armed,False,
livefinal_straight_medium_20260708_180855,1319,31.700002,1783530548.034161,-1.094546,1.10163,0.0,2.352358,0.2,-0.0956,0.199785,0.004929,camera_link,31.700002,gnm_closed_loop,,nominal,,True,ok,checkpoints/ablation_mnv2_baseline/best.pt,5.27,0.4548,-0.0956,0.1137,-0.0027,0.406,,,gnm_closed_loop,0.2,-0.0956,False,0,,isaac_live_final_20260708,,selected_baseline_live,,,,,,,False,hospital_goal_B,0.3792,True,0.4548,-0.0956,0.2,-0.0956,True,armed,False,
livefinal_straight_medium_20260708_180855,1320,31.716668,1783530548.053047,-1.096888,1.103989,0.0,2.352354,0.2,-0.0989,0.199791,0.004743,camera_link,31.716668,gnm_closed_loop,,nominal,,True,ok,checkpoints/ablation_mnv2_baseline/best.pt,4.38,0.4396,-0.0989,0.1099,-0.0027,0.4046,,,gnm_closed_loop,0.2,-0.0989,False,0,,isaac_live_final_20260708,,selected_baseline_live,,,,,,,False,hospital_goal_B,0.3825,True,0.4396,-0.0989,0.2,-0.0989,True,armed,False,
livefinal_straight_medium_20260708_180855,1321,31.733335,1783530548.055396,-1.099229,1.106349,0.0,2.35235,0.2,-0.0989,0.199791,0.004743,camera_link,31.733335,gnm_closed_loop,,nominal,,True,ok,checkpoints/ablation_mnv2_baseline/best.pt,4.38,0.4396,-0.0989,0.1099,-0.0027,0.4046,,,gnm_closed_loop,0.2,-0.0989,False,0,,isaac_live_final_20260708,,selected_baseline_live,,,,,,,False,hospital_goal_B,0.3858,True,0.4396,-0.0989,0.2,-0.0989,True,armed,False,
livefinal_straight_medium_20260708_180855,1322,31.750002,1783530548.058515,-1.10157,1.108708,0.0,2.352347,0.2,-0.0989,0.199791,0.004743,camera_link,31.750002,gnm_closed_loop,,nominal,,True,ok,checkpoints/ablation_mnv2_baseline/best.pt,4.38,0.4396,-0.0989,0.1099,-0.0027,0.4046,,,gnm_closed_loop,0.2,-0.0989,False,0,,isaac_live_final_20260708,,selected_baseline_live,,,,,,,False,hospital_goal_B,0.3891,True,0.4396,-0.0989,0.2,-0.0989,True,armed,False,
livefinal_straight_medium_20260708_180855,1323,31.766668,1783530548.07818,-1.103912,1.111067,0.0,2.352343,0.2,-0.1022,0.199768,0.005247,camera_link,31.766668,gnm_closed_loop,,nominal,,True,ok,checkpoints/ablation_mnv2_baseline/best.pt,4.32,0.4375,-0.1022,0.1094,-0.0028,0.4041,,,gnm_closed_loop,0.2,-0.1022,False,0,,isaac_live_final_20260708,,selected_baseline_live,,,,,,,False,hospital_goal_B,0.3925,True,0.4375,-0.1022,0.2,-0.1022,True,armed,False,
livefinal_straight_medium_20260708_180855,1324,31.783335,1783530548.08079,-1.106253,1.113426,0.0,2.352339,0.2,-0.1022,0.199768,0.005247,camera_link,31.783335,gnm_closed_loop,,nominal,,True,ok,checkpoints/ablation_mnv2_baseline/best.pt,4.32,0.4375,-0.1022,0.1094,-0.0028,0.4041,,,gnm_closed_loop,0.2,-0.1022,False,0,,isaac_live_final_20260708,,selected_baseline_live,,,,,,,False,hospital_goal_B,0.3958,True,0.4375,-0.1022,0.2,-0.1022,True,armed,False,
livefinal_straight_medium_20260708_180855,1325,31.800002,1783530548.082882,-1.108595,1.115785,0.0,2.352334,0.2,-0.1022,0.199768,0.005247,camera_link,31.800002,gnm_closed_loop,,nominal,,True,ok,checkpoints/ablation_mnv2_baseline/best.pt,4.32,0.4375,-0.1022,0.1094,-0.0028,0.4041,,,gnm_closed_loop,0.2,-0.1022,False,0,,isaac_live_final_20260708,,selected_baseline_live,,,,,,,False,hospital_goal_B,0.3991,True,0.4375,-0.1022,0.2,-0.1022,True,armed,False,
livefinal_straight_medium_20260708_180855,1326,31.816668,1783530548.098523,-1.110936,1.118144,0.0,2.352331,0.2,-0.0986,0.199806,0.005252,camera_link,31.816668,gnm_closed_loop,,nominal,,True,ok,checkpoints/ablation_mnv2_baseline/best.pt,5.35,0.4459,-0.0986,0.1115,-0.0027,0.3987,,,gnm_closed_loop,0.2,-0.0986,False,0,,isaac_live_final_20260708,,selected_baseline_live,,,,,,,False,hospital_goal_B,0.4024,True,0.4459,-0.0986,0.2,-0.0986,True,armed,False,
livefinal_straight_medium_20260708_180855,1327,31.833335,1783530548.101653,-1.113278,1.120504,0.0,2.352327,0.2,-0.0986,0.199806,0.005252,camera_link,31.833335,gnm_closed_loop,,nominal,,True,ok,checkpoints/ablation_mnv2_baseline/best.pt,5.35,0.4459,-0.0986,0.1115,-0.0027,0.3987,,,gnm_closed_loop,0.2,-0.0986,False,0,,isaac_live_final_20260708,,selected_baseline_live,,,,,,,False,hospital_goal_B,0.4058,True,0.4459,-0.0986,0.2,-0.0986,True,armed,False,
livefinal_straight_medium_20260708_180855,1328,31.850002,1783530548.103632,-1.115619,1.122863,0.0,2.352323,0.2,-0.0986,0.199806,0.005252,camera_link,31.850002,gnm_closed_loop,,nominal,,True,ok,checkpoints/ablation_mnv2_baseline/best.pt,5.35,0.4459,-0.0986,0.1115,-0.0027,0.3987,,,gnm_closed_loop,0.2,-0.0986,False,0,,isaac_live_final_20260708,,selected_baseline_live,,,,,,,False,hospital_goal_B,0.4091,True,0.4459,-0.0986,0.2,-0.0986,True,armed,False,
livefinal_straight_medium_20260708_180855,1329,31.866668,1783530548.121934,-1.11796,1.125222,0.0,2.35232,0.2,-0.1016,0.199819,0.00363,camera_link,31.866668,gnm_closed_loop,,nominal,,True,ok,checkpoints/ablation_mnv2_baseline/best.pt,5.22,0.4321,-0.1016,0.108,-0.0027,0.3973,,,gnm_closed_loop,0.2,-0.1016,False,0,,isaac_live_final_20260708,,selected_baseline_live,,,,,,,False,hospital_goal_B,0.4124,True,0.4321,-0.1016,0.2,-0.1016,True,armed,False,
livefinal_straight_medium_20260708_180855,1330,31.883335,1783530548.124261,-1.120302,1.127581,0.0,2.352317,0.2,-0.1016,0.199819,0.00363,camera_link,31.883335,gnm_closed_loop,,nominal,,True,ok,checkpoints/ablation_mnv2_baseline/best.pt,5.22,0.4321,-0.1016,0.108,-0.0027,0.3973,,,gnm_closed_loop,0.2,-0.1016,False,0,,isaac_live_final_20260708,,selected_baseline_live,,,,,,,False,hospital_goal_B,0.4157,True,0.4321,-0.1016,0.2,-0.1016,True,armed,False,
livefinal_straight_medium_20260708_180855,1331,31.900002,1783530548.126562,-1.122643,1.129941,0.0,2.352312,0.2,-0.1016,0.199819,0.00363,camera_link,31.900002,gnm_closed_loop,,nominal,,True,ok,checkpoints/ablation_mnv2_baseline/best.pt,5.22,0.4321,-0.1016,0.108,-0.0027,0.3973,,,gnm_closed_loop,0.2,-0.1016,False,0,,isaac_live_final_20260708,,selected_baseline_live,,,,,,,False,hospital_goal_B,0.4191,True,0.4321,-0.1016,0.2,-0.1016,True,armed,False,
livefinal_straight_medium_20260708_180855,1332,31.916668,1783530548.143735,-1.124985,1.1323,0.0,2.352308,0.2,-0.1194,0.199807,0.004336,camera_link,31.916668,gnm_closed_loop,,nominal,,True,ok,checkpoints/ablation_mnv2_baseline/best.pt,5.68,0.3873,-0.1194,0.0968,-0.0029,0.4012,,,gnm_closed_loop,0.2,-0.1194,False,0,,isaac_live_final_20260708,,selected_baseline_live,,,,,,,False,hospital_goal_B,0.4224,True,0.3873,-0.1194,0.2,-0.1194,True,armed,False,
livefinal_straight_medium_20260708_180855,1333,31.933335,1783530548.147244,-1.127326,1.13466,0.0,2.352304,0.2,-0.1194,0.199807,0.004336,camera_link,31.933335,gnm_closed_loop,,nominal,,True,ok,checkpoints/ablation_mnv2_baseline/best.pt,5.68,0.3873,-0.1194,0.0968,-0.0029,0.4012,,,gnm_closed_loop,0.2,-0.1194,False,0,,isaac_live_final_20260708,,selected_baseline_live,,,,,,,False,hospital_goal_B,0.4257,True,0.3873,-0.1194,0.2,-0.1194,True,armed,False,
livefinal_straight_medium_20260708_180855,1334,31.950002,1783530548.150415,-1.129668,1.137019,0.0,2.352299,0.2,-0.1194,0.199807,0.004336,camera_link,31.950002,gnm_closed_loop,,nominal,,True,ok,checkpoints/ablation_mnv2_baseline/best.pt,5.68,0.3873,-0.1194,0.0968,-0.0029,0.4012,,,gnm_closed_loop,0.2,-0.1194,False,0,,isaac_live_final_20260708,,selected_baseline_live,,,,,,,False,hospital_goal_B,0.429,True,0.3873,-0.1194,0.2,-0.1194,True,armed,False,
livefinal_straight_medium_20260708_180855,1335,31.966668,1783530548.168007,-1.13201,1.139379,0.0,2.352295,0.2,-0.1233,0.199793,0.005241,camera_link,31.966668,gnm_closed_loop,,nominal,,True,ok,checkpoints/ablation_mnv2_baseline/best.pt,4.56,0.3714,-0.1233,0.0929,-0.0029,0.4008,,,gnm_closed_loop,0.2,-0.1233,False,0,,isaac_live_final_20260708,,selected_baseline_live,,,,,,,False,hospital_goal_B,0.4323,True,0.3714,-0.1233,0.2,-0.1233,True,armed,False,
livefinal_straight_medium_20260708_180855,1336,31.983335,1783530548.170222,-1.134352,1.141738,0.0,2.352291,0.2,-0.1233,0.199793,0.005241,camera_link,31.983335,gnm_closed_loop,,nominal,,True,ok,checkpoints/ablation_mnv2_baseline/best.pt,4.56,0.3714,-0.1233,0.0929,-0.0029,0.4008,,,gnm_closed_loop,0.2,-0.1233,False,0,,isaac_live_final_20260708,,selected_baseline_live,,,,,,,False,hospital_goal_B,0.4357,True,0.3714,-0.1233,0.2,-0.1233,True,armed,False,
livefinal_straight_medium_20260708_180855,1337,32.000002,1783530548.172143,-1.136693,1.144098,0.0,2.352286,0.2,-0.1233,0.199793,0.005241,camera_link,32.000002,gnm_closed_loop,,nominal,,True,ok,checkpoints/ablation_mnv2_baseline/best.pt,4.56,0.3714,-0.1233,0.0929,-0.0029,0.4008,,,gnm_closed_loop,0.2,-0.1233,False,0,,isaac_live_final_20260708,,selected_baseline_live,,,,,,,False,hospital_goal_B,0.439,True,0.3714,-0.1233,0.2,-0.1233,True,armed,False,
livefinal_straight_medium_20260708_180855,1338,32.016668,1783530548.188619,-1.139035,1.146457,0.0,2.352282,0.2,-0.1233,0.199798,0.006422,camera_link,32.016668,gnm_closed_loop,,nominal,,True,ok,checkpoints/ablation_mnv2_baseline/best.pt,5.12,0.377,-0.1233,0.0943,-0.0029,0.4177,,,gnm_closed_loop,0.2,-0.1233,False,0,,isaac_live_final_20260708,,selected_baseline_live,,,,,,,False,hospital_goal_B,0.4423,True,0.377,-0.1233,0.2,-0.1233,True,armed,False,
livefinal_straight_medium_20260708_180855,1339,32.033335,1783530548.190825,-1.141376,1.148816,0.0,2.352277,0.2,-0.1233,0.199798,0.006422,camera_link,32.033335,gnm_closed_loop,,nominal,,True,ok,checkpoints/ablation_mnv2_baseline/best.pt,5.12,0.377,-0.1233,0.0943,-0.0029,0.4177,,,gnm_closed_loop,0.2,-0.1233,False,0,,isaac_live_final_20260708,,selected_baseline_live,,,,,,,False,hospital_goal_B,0.4456,True,0.377,-0.1233,0.2,-0.1233,True,armed,False,
livefinal_straight_medium_20260708_180855,1340,32.050002,1783530548.192739,-1.143717,1.151176,0.0,2.352273,0.2,-0.1233,0.199798,0.006422,camera_link,32.050002,gnm_closed_loop,,nominal,,True,ok,checkpoints/ablation_mnv2_baseline/best.pt,5.12,0.377,-0.1233,0.0943,-0.0029,0.4177,,,gnm_closed_loop,0.2,-0.1233,False,0,,isaac_live_final_20260708,,selected_baseline_live,,,,,,,False,hospital_goal_B,0.449,True,0.377,-0.1233,0.2,-0.1233,True,armed,False,
livefinal_straight_medium_20260708_180855,1341,32.066668,1783530548.208499,-1.146059,1.153535,0.0,2.352268,0.2,-0.1133,0.199781,0.006674,camera_link,32.066668,gnm_closed_loop,,nominal,,True,ok,checkpoints/ablation_mnv2_baseline/best.pt,5.09,0.3862,-0.1133,0.0966,-0.0027,0.4122,,,gnm_closed_loop,0.2,-0.1133,False,0,,isaac_live_final_20260708,,selected_baseline_live,,,,,,,False,hospital_goal_B,0.4523,True,0.3862,-0.1133,0.2,-0.1133,True,armed,False,
livefinal_straight_medium_20260708_180855,1342,32.083335,1783530548.211085,-1.1484,1.155895,0.0,2.352264,0.2,-0.1133,0.199781,0.006674,camera_link,32.083335,gnm_closed_loop,,nominal,,True,ok,checkpoints/ablation_mnv2_baseline/best.pt,5.09,0.3862,-0.1133,0.0966,-0.0027,0.4122,,,gnm_closed_loop,0.2,-0.1133,False,0,,isaac_live_final_20260708,,selected_baseline_live,,,,,,,False,hospital_goal_B,0.4556,True,0.3862,-0.1133,0.2,-0.1133,True,armed,False,
livefinal_straight_medium_20260708_180855,1343,32.100002,1783530548.21321,-1.150742,1.158255,0.0,2.35226,0.2,-0.1133,0.199781,0.006674,camera_link,32.100002,gnm_closed_loop,,nominal,,True,ok,checkpoints/ablation_mnv2_baseline/best.pt,5.09,0.3862,-0.1133,0.0966,-0.0027,0.4122,,,gnm_closed_loop,0.2,-0.1133,False,0,,isaac_live_final_20260708,,selected_baseline_live,,,,,,,False,hospital_goal_B,0.4589,True,0.3862,-0.1133,0.2,-0.1133,True,armed,False,
livefinal_straight_medium_20260708_180855,1344,32.116668,1783530548.229061,-1.153083,1.160614,0.0,2.352256,0.2,-0.111,0.199818,0.005688,camera_link,32.116668,gnm_closed_loop,,nominal,,True,ok,checkpoints/ablation_mnv2_baseline/best.pt,5.0,0.3932,-0.111,0.0983,-0.0027,0.4131,,,gnm_closed_loop,0.2,-0.111,False,0,,isaac_live_final_20260708,,selected_baseline_live,,,,,,,False,hospital_goal_B,0.4623,True,0.3932,-0.111,0.2,-0.111,True,armed,False,
livefinal_straight_medium_20260708_180855,1345,32.133335,1783530548.231341,-1.155425,1.162974,0.0,2.352252,0.2,-0.111,0.199818,0.005688,camera_link,32.133335,gnm_closed_loop,,nominal,,True,ok,checkpoints/ablation_mnv2_baseline/best.pt,5.0,0.3932,-0.111,0.0983,-0.0027,0.4131,,,gnm_closed_loop,0.2,-0.111,False,0,,isaac_live_final_20260708,,selected_baseline_live,,,,,,,False,hospital_goal_B,0.4656,True,0.3932,-0.111,0.2,-0.111,True,armed,False,
livefinal_straight_medium_20260708_180855,1346,32.150002,1783530548.233256,-1.157766,1.165333,0.0,2.352248,0.2,-0.111,0.199818,0.005688,camera_link,32.150002,gnm_closed_loop,,nominal,,True,ok,checkpoints/ablation_mnv2_baseline/best.pt,5.0,0.3932,-0.111,0.0983,-0.0027,0.4131,,,gnm_closed_loop,0.2,-0.111,False,0,,isaac_live_final_20260708,,selected_baseline_live,,,,,,,False,hospital_goal_B,0.4689,True,0.3932,-0.111,0.2,-0.111,True,armed,False,
livefinal_straight_medium_20260708_180855,1347,32.166668,1783530548.249556,-1.160107,1.167693,0.0,2.352244,0.2,-0.1066,0.199814,0.005198,camera_link,32.166668,gnm_closed_loop,,nominal,,True,ok,checkpoints/ablation_mnv2_baseline/best.pt,4.77,0.4104,-0.1066,0.1026,-0.0027,0.4238,,,gnm_closed_loop,0.2,-0.1066,False,0,,isaac_live_final_20260708,,selected_baseline_live,,,,,,,False,hospital_goal_B,0.4722,True,0.4104,-0.1066,0.2,-0.1066,True,armed,False,
livefinal_straight_medium_20260708_180855,1348,32.183335,1783530548.251827,-1.162448,1.170052,0.0,2.35224,0.2,-0.1066,0.199814,0.005198,camera_link,32.183335,gnm_closed_loop,,nominal,,True,ok,checkpoints/ablation_mnv2_baseline/best.pt,4.77,0.4104,-0.1066,0.1026,-0.0027,0.4238,,,gnm_closed_loop,0.2,-0.1066,False,0,,isaac_live_final_20260708,,selected_baseline_live,,,,,,,False,hospital_goal_B,0.4756,True,0.4104,-0.1066,0.2,-0.1066,True,armed,False,
livefinal_straight_medium_20260708_180855,1349,32.200002,1783530548.254137,-1.164789,1.172412,0.0,2.352237,0.2,-0.1066,0.199814,0.005198,camera_link,32.200002,gnm_closed_loop,,nominal,,True,ok,checkpoints/ablation_mnv2_baseline/best.pt,4.77,0.4104,-0.1066,0.1026,-0.0027,0.4238,,,gnm_closed_loop,0.2,-0.1066,False,0,,isaac_live_final_20260708,,selected_baseline_live,,,,,,,False,hospital_goal_B,0.4789,True,0.4104,-0.1066,0.2,-0.1066,True,armed,False,
livefinal_straight_medium_20260708_180855,1350,32.216668,1783530548.273126,-1.167131,1.174772,0.0,2.352232,0.2,-0.1248,0.199805,0.005527,camera_link,32.216668,gnm_closed_loop,,nominal,,True,ok,checkpoints/ablation_mnv2_baseline/best.pt,5.09,0.3837,-0.1248,0.0959,-0.003,0.4267,,,gnm_closed_loop,0.2,-0.1248,False,0,,isaac_live_final_20260708,,selected_baseline_live,,,,,,,False,hospital_goal_B,0.4822,True,0.3837,-0.1248,0.2,-0.1248,True,armed,False,
livefinal_straight_medium_20260708_180855,1351,32.233335,1783530548.27664,-1.169473,1.177132,0.0,2.352227,0.2,-0.1248,0.199805,0.005527,camera_link,32.233335,gnm_closed_loop,,nominal,,True,ok,checkpoints/ablation_mnv2_baseline/best.pt,5.09,0.3837,-0.1248,0.0959,-0.003,0.4267,,,gnm_closed_loop,0.2,-0.1248,False,0,,isaac_live_final_20260708,,selected_baseline_live,,,,,,,False,hospital_goal_B,0.4855,True,0.3837,-0.1248,0.2,-0.1248,True,armed,False,
livefinal_straight_medium_20260708_180855,1352,32.250002,1783530548.279156,-1.171813,1.179492,0.0,2.352222,0.2,-0.1248,0.199805,0.005527,camera_link,32.250002,gnm_closed_loop,,nominal,,True,ok,checkpoints/ablation_mnv2_baseline/best.pt,5.09,0.3837,-0.1248,0.0959,-0.003,0.4267,,,gnm_closed_loop,0.2,-0.1248,False,0,,isaac_live_final_20260708,,selected_baseline_live,,,,,,,False,hospital_goal_B,0.4889,True,0.3837,-0.1248,0.2,-0.1248,True,armed,False,
livefinal_straight_medium_20260708_180855,1353,32.266668,1783530548.296941,-1.174155,1.181852,0.0,2.352217,0.2,-0.1403,0.199723,0.007155,camera_link,32.266668,gnm_closed_loop,,nominal,,True,ok,checkpoints/ablation_mnv2_baseline/best.pt,4.75,0.353,-0.1403,0.0882,-0.0031,0.4235,,,gnm_closed_loop,0.2,-0.1403,False,0,,isaac_live_final_20260708,,selected_baseline_live,,,,,,,False,hospital_goal_B,0.4922,True,0.353,-0.1403,0.2,-0.1403,True,armed,False,
livefinal_straight_medium_20260708_180855,1354,32.283335,1783530548.299305,-1.176496,1.184211,0.0,2.352212,0.2,-0.1403,0.199723,0.007155,camera_link,32.283335,gnm_closed_loop,,nominal,,True,ok,checkpoints/ablation_mnv2_baseline/best.pt,4.75,0.353,-0.1403,0.0882,-0.0031,0.4235,,,gnm_closed_loop,0.2,-0.1403,False,0,,isaac_live_final_20260708,,selected_baseline_live,,,,,,,False,hospital_goal_B,0.4955,True,0.353,-0.1403,0.2,-0.1403,True,armed,False,
livefinal_straight_medium_20260708_180855,1355,32.300002,1783530548.301177,-1.178838,1.186571,0.0,2.352206,0.2,-0.1403,0.199723,0.007155,camera_link,32.300002,gnm_closed_loop,,nominal,,True,ok,checkpoints/ablation_mnv2_baseline/best.pt,4.75,0.353,-0.1403,0.0882,-0.0031,0.4235,,,gnm_closed_loop,0.2,-0.1403,False,0,,isaac_live_final_20260708,,selected_baseline_live,,,,,,,False,hospital_goal_B,0.4988,True,0.353,-0.1403,0.2,-0.1403,True,armed,False,
livefinal_straight_medium_20260708_180855,1356,32.316668,1783530548.317138,-1.181179,1.18893,0.0,2.352201,0.2,-0.1538,0.1998,0.006684,camera_link,32.316668,gnm_closed_loop,,nominal,,True,ok,checkpoints/ablation_mnv2_baseline/best.pt,4.94,0.3178,-0.1538,0.0795,-0.0031,0.413,,,gnm_closed_loop,0.2,-0.1538,False,0,,isaac_live_final_20260708,,selected_baseline_live,,,,,,,False,hospital_goal_B,0.5022,True,0.3178,-0.1538,0.2,-0.1538,True,armed,False,
livefinal_straight_medium_20260708_180855,1357,32.333335,1783530548.319623,-1.183519,1.191289,0.0,2.352195,0.2,-0.1538,0.1998,0.006684,camera_link,32.333335,gnm_closed_loop,,nominal,,True,ok,checkpoints/ablation_mnv2_baseline/best.pt,4.94,0.3178,-0.1538,0.0795,-0.0031,0.413,,,gnm_closed_loop,0.2,-0.1538,False,0,,isaac_live_final_20260708,,selected_baseline_live,,,,,,,False,hospital_goal_B,0.5055,True,0.3178,-0.1538,0.2,-0.1538,True,armed,False,
livefinal_straight_medium_20260708_180855,1358,32.350002,1783530548.321521,-1.185861,1.193649,0.0,2.352189,0.2,-0.1538,0.1998,0.006684,camera_link,32.350002,gnm_closed_loop,,nominal,,True,ok,checkpoints/ablation_mnv2_baseline/best.pt,4.94,0.3178,-0.1538,0.0795,-0.0031,0.413,,,gnm_closed_loop,0.2,-0.1538,False,0,,isaac_live_final_20260708,,selected_baseline_live,,,,,,,False,hospital_goal_B,0.5088,True,0.3178,-0.1538,0.2,-0.1538,True,armed,False,
livefinal_straight_medium_20260708_180855,1359,32.366668,1783530548.339148,-1.188201,1.196008,0.0,2.352182,0.2,-0.1517,0.199734,0.007164,camera_link,32.366668,gnm_closed_loop,,nominal,,True,ok,checkpoints/ablation_mnv2_baseline/best.pt,4.62,0.3208,-0.1517,0.0802,-0.003,0.4095,,,gnm_closed_loop,0.2,-0.1517,False,0,,isaac_live_final_20260708,,selected_baseline_live,,,,,,,False,hospital_goal_B,0.5121,True,0.3208,-0.1517,0.2,-0.1517,True,armed,False,
livefinal_straight_medium_20260708_180855,1360,32.383335,1783530548.341685,-1.190542,1.198368,0.0,2.352176,0.2,-0.1517,0.199734,0.007164,camera_link,32.383335,gnm_closed_loop,,nominal,,True,ok,checkpoints/ablation_mnv2_baseline/best.pt,4.62,0.3208,-0.1517,0.0802,-0.003,0.4095,,,gnm_closed_loop,0.2,-0.1517,False,0,,isaac_live_final_20260708,,selected_baseline_live,,,,,,,False,hospital_goal_B,0.5154,True,0.3208,-0.1517,0.2,-0.1517,True,armed,False,
livefinal_straight_medium_20260708_180855,1361,32.400002,1783530548.343739,-1.192882,1.200728,0.0,2.35217,0.2,-0.1517,0.199734,0.007164,camera_link,32.400002,gnm_closed_loop,,nominal,,True,ok,checkpoints/ablation_mnv2_baseline/best.pt,4.62,0.3208,-0.1517,0.0802,-0.003,0.4095,,,gnm_closed_loop,0.2,-0.1517,False,0,,isaac_live_final_20260708,,selected_baseline_live,,,,,,,False,hospital_goal_B,0.5188,True,0.3208,-0.1517,0.2,-0.1517,True,armed,False,
livefinal_straight_medium_20260708_180855,1362,32.416668,1783530548.359696,-1.195223,1.203087,0.0,2.352163,0.2,-0.1367,0.199749,0.009517,camera_link,32.416668,gnm_closed_loop,,nominal,,True,ok,checkpoints/ablation_mnv2_baseline/best.pt,5.12,0.3522,-0.1367,0.088,-0.003,0.4053,,,gnm_closed_loop,0.2,-0.1367,False,0,,isaac_live_final_20260708,,selected_baseline_live,,,,,,,False,hospital_goal_B,0.5221,True,0.3522,-0.1367,0.2,-0.1367,True,armed,False,
livefinal_straight_medium_20260708_180855,1363,32.433335,1783530548.362088,-1.197564,1.205446,0.0,2.352157,0.2,-0.1367,0.199749,0.009517,camera_link,32.433335,gnm_closed_loop,,nominal,,True,ok,checkpoints/ablation_mnv2_baseline/best.pt,5.12,0.3522,-0.1367,0.088,-0.003,0.4053,,,gnm_closed_loop,0.2,-0.1367,False,0,,isaac_live_final_20260708,,selected_baseline_live,,,,,,,False,hospital_goal_B,0.5254,True,0.3522,-0.1367,0.2,-0.1367,True,armed,False,
livefinal_straight_medium_20260708_180855,1364,32.450002,1783530548.363997,-1.199905,1.207806,0.0,2.352152,0.2,-0.1367,0.199749,0.009517,camera_link,32.450002,gnm_closed_loop,,nominal,,True,ok,checkpoints/ablation_mnv2_baseline/best.pt,5.12,0.3522,-0.1367,0.088,-0.003,0.4053,,,gnm_closed_loop,0.2,-0.1367,False,0,,isaac_live_final_20260708,,selected_baseline_live,,,,,,,False,hospital_goal_B,0.5287,True,0.3522,-0.1367,0.2,-0.1367,True,armed,False,
livefinal_straight_medium_20260708_180855,1365,32.466668,1783530548.380218,-1.202246,1.210166,0.0,2.352146,0.2,-0.1162,0.199812,0.005828,camera_link,32.466668,gnm_closed_loop,,nominal,,True,ok,checkpoints/ablation_mnv2_baseline/best.pt,5.1,0.3965,-0.1162,0.0991,-0.0029,0.4028,,,gnm_closed_loop,0.2,-0.1162,False,0,,isaac_live_final_20260708,,selected_baseline_live,,,,,,,False,hospital_goal_B,0.5321,True,0.3965,-0.1162,0.2,-0.1162,True,armed,False,
livefinal_straight_medium_20260708_180855,1366,32.483335,1783530548.382514,-1.204587,1.212526,0.0,2.352143,0.2,-0.1162,0.199812,0.005828,camera_link,32.483335,gnm_closed_loop,,nominal,,True,ok,checkpoints/ablation_mnv2_baseline/best.pt,5.1,0.3965,-0.1162,0.0991,-0.0029,0.4028,,,gnm_closed_loop,0.2,-0.1162,False,0,,isaac_live_final_20260708,,selected_baseline_live,,,,,,,False,hospital_goal_B,0.5354,True,0.3965,-0.1162,0.2,-0.1162,True,armed,False,
livefinal_straight_medium_20260708_180855,1367,32.500002,1783530548.384361,-1.206928,1.214886,0.0,2.352139,0.2,-0.1162,0.199812,0.005828,camera_link,32.500002,gnm_closed_loop,,nominal,,True,ok,checkpoints/ablation_mnv2_baseline/best.pt,5.1,0.3965,-0.1162,0.0991,-0.0029,0.4028,,,gnm_closed_loop,0.2,-0.1162,False,0,,isaac_live_final_20260708,,selected_baseline_live,,,,,,,False,hospital_goal_B,0.5387,True,0.3965,-0.1162,0.2,-0.1162,True,armed,False,
livefinal_straight_medium_20260708_180855,1368,32.516668,1783530548.403566,-1.209269,1.217246,0.0,2.352134,0.2,-0.103,0.199774,0.005806,camera_link,32.516668,gnm_closed_loop,,nominal,,True,ok,checkpoints/ablation_mnv2_baseline/best.pt,5.8,0.4577,-0.103,0.1144,-0.0029,0.4161,,,gnm_closed_loop,0.2,-0.103,False,0,,isaac_live_final_20260708,,selected_baseline_live,,,,,,,False,hospital_goal_B,0.542,True,0.4577,-0.103,0.2,-0.103,True,armed,False,
livefinal_straight_medium_20260708_180855,1369,32.533335,1783530548.40627,-1.21161,1.219606,0.0,2.35213,0.2,-0.103,0.199774,0.005806,camera_link,32.533335,gnm_closed_loop,,nominal,,True,ok,checkpoints/ablation_mnv2_baseline/best.pt,5.8,0.4577,-0.103,0.1144,-0.0029,0.4161,,,gnm_closed_loop,0.2,-0.103,False,0,,isaac_live_final_20260708,,selected_baseline_live,,,,,,,False,hospital_goal_B,0.5454,True,0.4577,-0.103,0.2,-0.103,True,armed,False,
livefinal_straight_medium_20260708_180855,1370,32.550002,1783530548.408366,-1.213951,1.221966,0.0,2.352126,0.2,-0.103,0.199774,0.005806,camera_link,32.550002,gnm_closed_loop,,nominal,,True,ok,checkpoints/ablation_mnv2_baseline/best.pt,5.8,0.4577,-0.103,0.1144,-0.0029,0.4161,,,gnm_closed_loop,0.2,-0.103,False,0,,isaac_live_final_20260708,,selected_baseline_live,,,,,,,False,hospital_goal_B,0.5487,True,0.4577,-0.103,0.2,-0.103,True,armed,False,
livefinal_straight_medium_20260708_180855,1371,32.566668,1783530548.425982,-1.216292,1.224326,0.0,2.352122,0.2,-0.0889,0.199795,0.00563,camera_link,32.566668,gnm_closed_loop,,nominal,,True,ok,checkpoints/ablation_mnv2_baseline/best.pt,4.94,0.4965,-0.0889,0.1241,-0.0028,0.4202,,,gnm_closed_loop,0.2,-0.0889,False,0,,isaac_live_final_20260708,,selected_baseline_live,,,,,,,False,hospital_goal_B,0.552,True,0.4965,-0.0889,0.2,-0.0889,True,armed,False,
livefinal_straight_medium_20260708_180855,1372,32.583335,1783530548.429009,-1.218633,1.226686,0.0,2.352119,0.2,-0.0889,0.199795,0.00563,camera_link,32.583335,gnm_closed_loop,,nominal,,True,ok,checkpoints/ablation_mnv2_baseline/best.pt,4.94,0.4965,-0.0889,0.1241,-0.0028,0.4202,,,gnm_closed_loop,0.2,-0.0889,False,0,,isaac_live_final_20260708,,selected_baseline_live,,,,,,,False,hospital_goal_B,0.5553,True,0.4965,-0.0889,0.2,-0.0889,True,armed,False,
livefinal_straight_medium_20260708_180855,1373,32.600002,1783530548.431062,-1.220974,1.229046,0.0,2.352117,0.2,-0.0889,0.199795,0.00563,camera_link,32.600002,gnm_closed_loop,,nominal,,True,ok,checkpoints/ablation_mnv2_baseline/best.pt,4.94,0.4965,-0.0889,0.1241,-0.0028,0.4202,,,gnm_closed_loop,0.2,-0.0889,False,0,,isaac_live_final_20260708,,selected_baseline_live,,,,,,,False,hospital_goal_B,0.5587,True,0.4965,-0.0889,0.2,-0.0889,True,armed,False,
livefinal_straight_medium_20260708_180855,1374,32.616668,1783530548.447117,-1.223315,1.231406,0.0,2.352113,0.2,-0.0912,0.19979,0.004582,camera_link,32.616668,gnm_closed_loop,,nominal,,True,ok,checkpoints/ablation_mnv2_baseline/best.pt,5.16,0.4628,-0.0912,0.1157,-0.0026,0.4131,,,gnm_closed_loop,0.2,-0.0912,False,0,,isaac_live_final_20260708,,selected_baseline_live,,,,,,,False,hospital_goal_B,0.562,True,0.4628,-0.0912,0.2,-0.0912,True,armed,False,
livefinal_straight_medium_20260708_180855,1375,32.633335,1783530548.449553,-1.225656,1.233766,0.0,2.35211,0.2,-0.0912,0.19979,0.004582,camera_link,32.633335,gnm_closed_loop,,nominal,,True,ok,checkpoints/ablation_mnv2_baseline/best.pt,5.16,0.4628,-0.0912,0.1157,-0.0026,0.4131,,,gnm_closed_loop,0.2,-0.0912,False,0,,isaac_live_final_20260708,,selected_baseline_live,,,,,,,False,hospital_goal_B,0.5653,True,0.4628,-0.0912,0.2,-0.0912,True,armed,False,
livefinal_straight_medium_20260708_180855,1376,32.650002,1783530548.451462,-1.227997,1.236126,0.0,2.352106,0.2,-0.0912,0.19979,0.004582,camera_link,32.650002,gnm_closed_loop,,nominal,,True,ok,checkpoints/ablation_mnv2_baseline/best.pt,5.16,0.4628,-0.0912,0.1157,-0.0026,0.4131,,,gnm_closed_loop,0.2,-0.0912,False,0,,isaac_live_final_20260708,,selected_baseline_live,,,,,,,False,hospital_goal_B,0.5686,True,0.4628,-0.0912,0.2,-0.0912,True,armed,False,
livefinal_straight_medium_20260708_180855,1377,32.666668,1783530548.468817,-1.230338,1.238486,0.0,2.352103,0.2,-0.0995,0.199825,0.004397,camera_link,32.666668,gnm_closed_loop,,nominal,,True,ok,checkpoints/ablation_mnv2_baseline/best.pt,5.26,0.4174,-0.0995,0.1043,-0.0026,0.4035,,,gnm_closed_loop,0.2,-0.0995,False,0,,isaac_live_final_20260708,,selected_baseline_live,,,,,,,False,hospital_goal_B,0.572,True,0.4174,-0.0995,0.2,-0.0995,True,armed,False,
livefinal_straight_medium_20260708_180855,1378,32.683335,1783530548.472198,-1.232679,1.240846,0.0,2.352099,0.2,-0.0995,0.199825,0.004397,camera_link,32.683335,gnm_closed_loop,,nominal,,True,ok,checkpoints/ablation_mnv2_baseline/best.pt,5.26,0.4174,-0.0995,0.1043,-0.0026,0.4035,,,gnm_closed_loop,0.2,-0.0995,False,0,,isaac_live_final_20260708,,selected_baseline_live,,,,,,,False,hospital_goal_B,0.5753,True,0.4174,-0.0995,0.2,-0.0995,True,armed,False,
livefinal_straight_medium_20260708_180855,1379,32.700002,1783530548.474094,-1.235021,1.243206,0.0,2.352095,0.2,-0.0995,0.199825,0.004397,camera_link,32.700002,gnm_closed_loop,,nominal,,True,ok,checkpoints/ablation_mnv2_baseline/best.pt,5.26,0.4174,-0.0995,0.1043,-0.0026,0.4035,,,gnm_closed_loop,0.2,-0.0995,False,0,,isaac_live_final_20260708,,selected_baseline_live,,,,,,,False,hospital_goal_B,0.5786,True,0.4174,-0.0995,0.2,-0.0995,True,armed,False,
livefinal_straight_medium_20260708_180855,1380,32.716668,1783530548.493246,-1.237362,1.245566,0.0,2.352091,0.2,-0.1012,0.199745,0.005228,camera_link,32.716668,gnm_closed_loop,,nominal,,True,ok,checkpoints/ablation_mnv2_baseline/best.pt,4.79,0.4057,-0.1012,0.1014,-0.0026,0.4028,,,gnm_closed_loop,0.2,-0.1012,False,0,,isaac_live_final_20260708,,selected_baseline_live,,,,,,,False,hospital_goal_B,0.5819,True,0.4057,-0.1012,0.2,-0.1012,True,armed,False,
livefinal_straight_medium_20260708_180855,1381,32.733335,1783530548.49567,-1.239703,1.247926,0.0,2.352087,0.2,-0.1012,0.199745,0.005228,camera_link,32.733335,gnm_closed_loop,,nominal,,True,ok,checkpoints/ablation_mnv2_baseline/best.pt,4.79,0.4057,-0.1012,0.1014,-0.0026,0.4028,,,gnm_closed_loop,0.2,-0.1012,False,0,,isaac_live_final_20260708,,selected_baseline_live,,,,,,,False,hospital_goal_B,0.5853,True,0.4057,-0.1012,0.2,-0.1012,True,armed,False,
livefinal_straight_medium_20260708_180855,1382,32.750002,1783530548.497618,-1.242044,1.250286,0.0,2.352083,0.2,-0.1012,0.199745,0.005228,camera_link,32.750002,gnm_closed_loop,,nominal,,True,ok,checkpoints/ablation_mnv2_baseline/best.pt,4.79,0.4057,-0.1012,0.1014,-0.0026,0.4028,,,gnm_closed_loop,0.2,-0.1012,False,0,,isaac_live_final_20260708,,selected_baseline_live,,,,,,,False,hospital_goal_B,0.5886,True,0.4057,-0.1012,0.2,-0.1012,True,armed,False,
livefinal_straight_medium_20260708_180855,1383,32.766668,1783530548.513835,-1.244385,1.252646,0.0,2.352079,0.2,-0.0815,0.199828,0.005647,camera_link,32.766668,gnm_closed_loop,,nominal,,True,ok,checkpoints/ablation_mnv2_baseline/best.pt,4.33,0.4725,-0.0815,0.1181,-0.0024,0.4027,,,gnm_closed_loop,0.2,-0.0815,False,0,,isaac_live_final_20260708,,selected_baseline_live,,,,,,,False,hospital_goal_B,0.5919,True,0.4725,-0.0815,0.2,-0.0815,True,armed,False,
livefinal_straight_medium_20260708_180855,1384,32.783335,1783530548.51641,-1.246726,1.255007,0.0,2.352076,0.2,-0.0815,0.199828,0.005647,camera_link,32.783335,gnm_closed_loop,,nominal,,True,ok,checkpoints/ablation_mnv2_baseline/best.pt,4.33,0.4725,-0.0815,0.1181,-0.0024,0.4027,,,gnm_closed_loop,0.2,-0.0815,False,0,,isaac_live_final_20260708,,selected_baseline_live,,,,,,,False,hospital_goal_B,0.5952,True,0.4725,-0.0815,0.2,-0.0815,True,armed,False,
livefinal_straight_medium_20260708_180855,1385,32.800002,1783530548.518435,-1.249067,1.257367,0.0,2.352073,0.2,-0.0815,0.199828,0.005647,camera_link,32.800002,gnm_closed_loop,,nominal,,True,ok,checkpoints/ablation_mnv2_baseline/best.pt,4.33,0.4725,-0.0815,0.1181,-0.0024,0.4027,,,gnm_closed_loop,0.2,-0.0815,False,0,,isaac_live_final_20260708,,selected_baseline_live,,,,,,,False,hospital_goal_B,0.5985,True,0.4725,-0.0815,0.2,-0.0815,True,armed,False,
livefinal_straight_medium_20260708_180855,1386,32.816668,1783530548.534882,-1.251408,1.259728,0.0,2.35207,0.2,-0.0699,0.199779,0.004033,camera_link,32.816668,gnm_closed_loop,,nominal,,True,ok,checkpoints/ablation_mnv2_baseline/best.pt,5.13,0.5049,-0.0699,0.1262,-0.0022,0.4044,,,gnm_closed_loop,0.2,-0.0699,False,0,,isaac_live_final_20260708,,selected_baseline_live,,,,,,,False,hospital_goal_B,0.6019,True,0.5049,-0.0699,0.2,-0.0699,True,armed,False,
livefinal_straight_medium_20260708_180855,1387,32.833335,1783530548.537526,-1.25375,1.262089,0.0,2.352068,0.2,-0.0699,0.199779,0.004033,camera_link,32.833335,gnm_closed_loop,,nominal,,True,ok,checkpoints/ablation_mnv2_baseline/best.pt,5.13,0.5049,-0.0699,0.1262,-0.0022,0.4044,,,gnm_closed_loop,0.2,-0.0699,False,0,,isaac_live_final_20260708,,selected_baseline_live,,,,,,,False,hospital_goal_B,0.6052,True,0.5049,-0.0699,0.2,-0.0699,True,armed,False,
livefinal_straight_medium_20260708_180855,1388,32.850002,1783530548.540731,-1.256091,1.264449,0.0,2.352065,0.2,-0.0699,0.199779,0.004033,camera_link,32.850002,gnm_closed_loop,,nominal,,True,ok,checkpoints/ablation_mnv2_baseline/best.pt,5.13,0.5049,-0.0699,0.1262,-0.0022,0.4044,,,gnm_closed_loop,0.2,-0.0699,False,0,,isaac_live_final_20260708,,selected_baseline_live,,,,,,,False,hospital_goal_B,0.6085,True,0.5049,-0.0699,0.2,-0.0699,True,armed,False,
livefinal_straight_medium_20260708_180855,1389,32.866668,1783530548.561229,-1.258431,1.266809,0.0,2.352062,0.2,-0.0729,0.199801,0.003357,camera_link,32.866668,gnm_closed_loop,,nominal,,True,ok,checkpoints/ablation_mnv2_baseline/best.pt,6.53,0.4915,-0.0729,0.1229,-0.0022,0.4058,,,gnm_closed_loop,0.2,-0.0729,False,0,,isaac_live_final_20260708,,selected_baseline_live,,,,,,,False,hospital_goal_B,0.6118,True,0.4915,-0.0729,0.2,-0.0729,True,armed,False,
livefinal_straight_medium_20260708_180855,1390,32.883335,1783530548.564265,-1.260772,1.269169,0.0,2.35206,0.2,-0.0729,0.199801,0.003357,camera_link,32.883335,gnm_closed_loop,,nominal,,True,ok,checkpoints/ablation_mnv2_baseline/best.pt,6.53,0.4915,-0.0729,0.1229,-0.0022,0.4058,,,gnm_closed_loop,0.2,-0.0729,False,0,,isaac_live_final_20260708,,selected_baseline_live,,,,,,,False,hospital_goal_B,0.6152,True,0.4915,-0.0729,0.2,-0.0729,True,armed,False,
livefinal_straight_medium_20260708_180855,1391,32.900002,1783530548.567036,-1.263113,1.271529,0.0,2.352058,0.2,-0.0729,0.199801,0.003357,camera_link,32.900002,gnm_closed_loop,,nominal,,True,ok,checkpoints/ablation_mnv2_baseline/best.pt,6.53,0.4915,-0.0729,0.1229,-0.0022,0.4058,,,gnm_closed_loop,0.2,-0.0729,False,0,,isaac_live_final_20260708,,selected_baseline_live,,,,,,,False,hospital_goal_B,0.6185,True,0.4915,-0.0729,0.2,-0.0729,True,armed,False,
livefinal_straight_medium_20260708_180855,1392,32.916668,1783530548.585778,-1.265454,1.27389,0.0,2.352054,0.2,-0.0811,0.199797,0.004773,camera_link,32.916668,gnm_closed_loop,,nominal,,True,ok,checkpoints/ablation_mnv2_baseline/best.pt,4.21,0.4645,-0.0811,0.1161,-0.0024,0.4077,,,gnm_closed_loop,0.2,-0.0811,False,0,,isaac_live_final_20260708,,selected_baseline_live,,,,,,,False,hospital_goal_B,0.6218,True,0.4645,-0.0811,0.2,-0.0811,True,armed,False,
livefinal_straight_medium_20260708_180855,1393,32.933335,1783530548.588328,-1.267795,1.27625,0.0,2.352051,0.2,-0.0811,0.199797,0.004773,camera_link,32.933335,gnm_closed_loop,,nominal,,True,ok,checkpoints/ablation_mnv2_baseline/best.pt,4.21,0.4645,-0.0811,0.1161,-0.0024,0.4077,,,gnm_closed_loop,0.2,-0.0811,False,0,,isaac_live_final_20260708,,selected_baseline_live,,,,,,,False,hospital_goal_B,0.6251,True,0.4645,-0.0811,0.2,-0.0811,True,armed,False,
livefinal_straight_medium_20260708_180855,1394,32.950002,1783530548.590271,-1.270136,1.27861,0.0,2.352048,0.2,-0.0811,0.199797,0.004773,camera_link,32.950002,gnm_closed_loop,,nominal,,True,ok,checkpoints/ablation_mnv2_baseline/best.pt,4.21,0.4645,-0.0811,0.1161,-0.0024,0.4077,,,gnm_closed_loop,0.2,-0.0811,False,0,,isaac_live_final_20260708,,selected_baseline_live,,,,,,,False,hospital_goal_B,0.6285,True,0.4645,-0.0811,0.2,-0.0811,True,armed,False,
livefinal_straight_medium_20260708_180855,1395,32.966668,1783530548.608158,-1.272477,1.28097,0.0,2.352045,0.2,-0.0847,0.199811,0.004826,camera_link,32.966668,gnm_closed_loop,,nominal,,True,ok,checkpoints/ablation_mnv2_baseline/best.pt,4.58,0.465,-0.0847,0.1162,-0.0025,0.4159,,,gnm_closed_loop,0.2,-0.0847,False,0,,isaac_live_final_20260708,,selected_baseline_live,,,,,,,False,hospital_goal_B,0.6318,True,0.465,-0.0847,0.2,-0.0847,True,armed,False,
livefinal_straight_medium_20260708_180855,1396,32.983335,1783530548.610621,-1.274818,1.28333,0.0,2.352042,0.2,-0.0847,0.199811,0.004826,camera_link,32.983335,gnm_closed_loop,,nominal,,True,ok,checkpoints/ablation_mnv2_baseline/best.pt,4.58,0.465,-0.0847,0.1162,-0.0025,0.4159,,,gnm_closed_loop,0.2,-0.0847,False,0,,isaac_live_final_20260708,,selected_baseline_live,,,,,,,False,hospital_goal_B,0.6351,True,0.465,-0.0847,0.2,-0.0847,True,armed,False,
livefinal_straight_medium_20260708_180855,1397,33.000002,1783530548.612484,-1.277158,1.28569,0.0,2.352039,0.2,-0.0847,0.199811,0.004826,camera_link,33.000002,gnm_closed_loop,,nominal,,True,ok,checkpoints/ablation_mnv2_baseline/best.pt,4.58,0.465,-0.0847,0.1162,-0.0025,0.4159,,,gnm_closed_loop,0.2,-0.0847,False,0,,isaac_live_final_20260708,,selected_baseline_live,,,,,,,False,hospital_goal_B,0.6384,True,0.465,-0.0847,0.2,-0.0847,True,armed,False,
livefinal_straight_medium_20260708_180855,1398,33.016668,1783530548.629031,-1.279499,1.28805,0.0,2.352036,0.2,-0.1041,0.199793,0.003839,camera_link,33.016668,gnm_closed_loop,,nominal,,True,ok,checkpoints/ablation_mnv2_baseline/best.pt,4.57,0.4206,-0.1041,0.1051,-0.0027,0.4184,,,gnm_closed_loop,0.2,-0.1041,False,0,,isaac_live_final_20260708,,selected_baseline_live,,,,,,,False,hospital_goal_B,0.6418,True,0.4206,-0.1041,0.2,-0.1041,True,armed,False,
livefinal_straight_medium_20260708_180855,1399,33.033335,1783530548.632039,-1.28184,1.290411,0.0,2.352032,0.2,-0.1041,0.199793,0.003839,camera_link,33.033335,gnm_closed_loop,,nominal,,True,ok,checkpoints/ablation_mnv2_baseline/best.pt,4.57,0.4206,-0.1041,0.1051,-0.0027,0.4184,,,gnm_closed_loop,0.2,-0.1041,False,0,,isaac_live_final_20260708,,selected_baseline_live,,,,,,,False,hospital_goal_B,0.6451,True,0.4206,-0.1041,0.2,-0.1041,True,armed,False,
livefinal_straight_medium_20260708_180855,1400,33.050002,1783530548.633972,-1.28418,1.292772,0.0,2.352028,0.2,-0.1041,0.199793,0.003839,camera_link,33.050002,gnm_closed_loop,,nominal,,True,ok,checkpoints/ablation_mnv2_baseline/best.pt,4.57,0.4206,-0.1041,0.1051,-0.0027,0.4184,,,gnm_closed_loop,0.2,-0.1041,False,0,,isaac_live_final_20260708,,selected_baseline_live,,,,,,,False,hospital_goal_B,0.6484,True,0.4206,-0.1041,0.2,-0.1041,True,armed,False,
livefinal_straight_medium_20260708_180855,1401,33.066668,1783530548.65349,-1.286521,1.295132,0.0,2.352024,0.2,-0.1092,0.199733,0.005169,camera_link,33.066668,gnm_closed_loop,,nominal,,True,ok,checkpoints/ablation_mnv2_baseline/best.pt,6.11,0.3721,-0.1092,0.093,-0.0025,0.4174,,,gnm_closed_loop,0.2,-0.1092,False,0,,isaac_live_final_20260708,,selected_baseline_live,,,,,,,False,hospital_goal_B,0.6517,True,0.3721,-0.1092,0.2,-0.1092,True,armed,False,
livefinal_straight_medium_20260708_180855,1402,33.083335,1783530548.656373,-1.288861,1.297492,0.0,2.35202,0.2,-0.1092,0.199733,0.005169,camera_link,33.083335,gnm_closed_loop,,nominal,,True,ok,checkpoints/ablation_mnv2_baseline/best.pt,6.11,0.3721,-0.1092,0.093,-0.0025,0.4174,,,gnm_closed_loop,0.2,-0.1092,False,0,,isaac_live_final_20260708,,selected_baseline_live,,,,,,,False,hospital_goal_B,0.6551,True,0.3721,-0.1092,0.2,-0.1092,True,armed,False,
livefinal_straight_medium_20260708_180855,1403,33.100002,1783530548.658737,-1.291202,1.299852,0.0,2.352017,0.2,-0.1092,0.199733,0.005169,camera_link,33.100002,gnm_closed_loop,,nominal,,True,ok,checkpoints/ablation_mnv2_baseline/best.pt,6.11,0.3721,-0.1092,0.093,-0.0025,0.4174,,,gnm_closed_loop,0.2,-0.1092,False,0,,isaac_live_final_20260708,,selected_baseline_live,,,,,,,False,hospital_goal_B,0.6584,True,0.3721,-0.1092,0.2,-0.1092,True,armed,False,
livefinal_straight_medium_20260708_180855,1404,33.116668,1783530548.67938,-1.293542,1.302212,0.0,2.352013,0.2,-0.1117,0.199777,0.005994,camera_link,33.116668,gnm_closed_loop,,nominal,,True,ok,checkpoints/ablation_mnv2_baseline/best.pt,4.21,0.3843,-0.1117,0.0961,-0.0027,0.4182,,,gnm_closed_loop,0.2,-0.1117,False,0,,isaac_live_final_20260708,,selected_baseline_live,,,,,,,False,hospital_goal_B,0.6617,True,0.3843,-0.1117,0.2,-0.1117,True,armed,False,
livefinal_straight_medium_20260708_180855,1405,33.133335,1783530548.682019,-1.295883,1.304572,0.0,2.352008,0.2,-0.1117,0.199777,0.005994,camera_link,33.133335,gnm_closed_loop,,nominal,,True,ok,checkpoints/ablation_mnv2_baseline/best.pt,4.21,0.3843,-0.1117,0.0961,-0.0027,0.4182,,,gnm_closed_loop,0.2,-0.1117,False,0,,isaac_live_final_20260708,,selected_baseline_live,,,,,,,False,hospital_goal_B,0.665,True,0.3843,-0.1117,0.2,-0.1117,True,armed,False,
livefinal_straight_medium_20260708_180855,1406,33.150002,1783530548.684022,-1.298223,1.306932,0.0,2.352003,0.2,-0.1117,0.199777,0.005994,camera_link,33.150002,gnm_closed_loop,,nominal,,True,ok,checkpoints/ablation_mnv2_baseline/best.pt,4.21,0.3843,-0.1117,0.0961,-0.0027,0.4182,,,gnm_closed_loop,0.2,-0.1117,False,0,,isaac_live_final_20260708,,selected_baseline_live,,,,,,,False,hospital_goal_B,0.6684,True,0.3843,-0.1117,0.2,-0.1117,True,armed,False,
livefinal_straight_medium_20260708_180855,1407,33.166668,1783530548.700048,-1.300564,1.309292,0.0,2.351999,0.2,-0.0985,0.199774,0.005573,camera_link,33.166668,gnm_closed_loop,,nominal,,True,ok,checkpoints/ablation_mnv2_baseline/best.pt,5.03,0.4205,-0.0985,0.1051,-0.0026,0.4124,,,gnm_closed_loop,0.2,-0.0985,False,0,,isaac_live_final_20260708,,selected_baseline_live,,,,,,,False,hospital_goal_B,0.6717,True,0.4205,-0.0985,0.2,-0.0985,True,armed,False,
livefinal_straight_medium_20260708_180855,1408,33.183335,1783530548.702575,-1.302904,1.311652,0.0,2.351995,0.2,-0.0985,0.199774,0.005573,camera_link,33.183335,gnm_closed_loop,,nominal,,True,ok,checkpoints/ablation_mnv2_baseline/best.pt,5.03,0.4205,-0.0985,0.1051,-0.0026,0.4124,,,gnm_closed_loop,0.2,-0.0985,False,0,,isaac_live_final_20260708,,selected_baseline_live,,,,,,,False,hospital_goal_B,0.675,True,0.4205,-0.0985,0.2,-0.0985,True,armed,False,
livefinal_straight_medium_20260708_180855,1409,33.200002,1783530548.704492,-1.305245,1.314013,0.0,2.351992,0.2,-0.0985,0.199774,0.005573,camera_link,33.200002,gnm_closed_loop,,nominal,,True,ok,checkpoints/ablation_mnv2_baseline/best.pt,5.03,0.4205,-0.0985,0.1051,-0.0026,0.4124,,,gnm_closed_loop,0.2,-0.0985,False,0,,isaac_live_final_20260708,,selected_baseline_live,,,,,,,False,hospital_goal_B,0.6783,True,0.4205,-0.0985,0.2,-0.0985,True,armed,False,
livefinal_straight_medium_20260708_180855,1410,33.216668,1783530548.721771,-1.307586,1.316373,0.0,2.351989,0.2,-0.0903,0.199756,0.004591,camera_link,33.216668,gnm_closed_loop,,nominal,,True,ok,checkpoints/ablation_mnv2_baseline/best.pt,5.09,0.4617,-0.0903,0.1154,-0.0026,0.4104,,,gnm_closed_loop,0.2,-0.0903,False,0,,isaac_live_final_20260708,,selected_baseline_live,,,,,,,False,hospital_goal_B,0.6816,True,0.4617,-0.0903,0.2,-0.0903,True,armed,False,
livefinal_straight_medium_20260708_180855,1411,33.233335,1783530548.724086,-1.309926,1.318733,0.0,2.351985,0.2,-0.0903,0.199756,0.004591,camera_link,33.233335,gnm_closed_loop,,nominal,,True,ok,checkpoints/ablation_mnv2_baseline/best.pt,5.09,0.4617,-0.0903,0.1154,-0.0026,0.4104,,,gnm_closed_loop,0.2,-0.0903,False,0,,isaac_live_final_20260708,,selected_baseline_live,,,,,,,False,hospital_goal_B,0.685,True,0.4617,-0.0903,0.2,-0.0903,True,armed,False,
livefinal_straight_medium_20260708_180855,1412,33.250002,1783530548.726013,-1.312266,1.321092,0.0,2.351982,0.2,-0.0903,0.199756,0.004591,camera_link,33.250002,gnm_closed_loop,,nominal,,True,ok,checkpoints/ablation_mnv2_baseline/best.pt,5.09,0.4617,-0.0903,0.1154,-0.0026,0.4104,,,gnm_closed_loop,0.2,-0.0903,False,0,,isaac_live_final_20260708,,selected_baseline_live,,,,,,,False,hospital_goal_B,0.6883,True,0.4617,-0.0903,0.2,-0.0903,True,armed,False,
livefinal_straight_medium_20260708_180855,1413,33.266668,1783530548.741992,-1.314606,1.323453,0.0,2.351979,0.2,-0.0871,0.199806,0.004855,camera_link,33.266668,gnm_closed_loop,,nominal,,True,ok,checkpoints/ablation_mnv2_baseline/best.pt,4.52,0.4627,-0.0871,0.1157,-0.0025,0.4016,,,gnm_closed_loop,0.2,-0.0871,False,0,,isaac_live_final_20260708,,selected_baseline_live,,,,,,,False,hospital_goal_B,0.6916,True,0.4627,-0.0871,0.2,-0.0871,True,armed,False,
livefinal_straight_medium_20260708_180855,1414,33.283335,1783530548.744678,-1.316947,1.325814,0.0,2.351976,0.2,-0.0871,0.199806,0.004855,camera_link,33.283335,gnm_closed_loop,,nominal,,True,ok,checkpoints/ablation_mnv2_baseline/best.pt,4.52,0.4627,-0.0871,0.1157,-0.0025,0.4016,,,gnm_closed_loop,0.2,-0.0871,False,0,,isaac_live_final_20260708,,selected_baseline_live,,,,,,,False,hospital_goal_B,0.6949,True,0.4627,-0.0871,0.2,-0.0871,True,armed,False,
livefinal_straight_medium_20260708_180855,1415,33.300002,1783530548.746785,-1.319287,1.328174,0.0,2.351973,0.2,-0.0871,0.199806,0.004855,camera_link,33.300002,gnm_closed_loop,,nominal,,True,ok,checkpoints/ablation_mnv2_baseline/best.pt,4.52,0.4627,-0.0871,0.1157,-0.0025,0.4016,,,gnm_closed_loop,0.2,-0.0871,False,0,,isaac_live_final_20260708,,selected_baseline_live,,,,,,,False,hospital_goal_B,0.6983,True,0.4627,-0.0871,0.2,-0.0871,True,armed,False,
livefinal_straight_medium_20260708_180855,1416,33.316668,1783530548.762856,-1.321628,1.330534,0.0,2.35197,0.2,-0.0913,0.199792,0.003941,camera_link,33.316668,gnm_closed_loop,,nominal,,True,ok,checkpoints/ablation_mnv2_baseline/best.pt,5.17,0.452,-0.0913,0.113,-0.0026,0.4046,,,gnm_closed_loop,0.2,-0.0913,False,0,,isaac_live_final_20260708,,selected_baseline_live,,,,,,,False,hospital_goal_B,0.7016,True,0.452,-0.0913,0.2,-0.0913,True,armed,False,
livefinal_straight_medium_20260708_180855,1417,33.333335,1783530548.765239,-1.323968,1.332894,0.0,2.351966,0.2,-0.0913,0.199792,0.003941,camera_link,33.333335,gnm_closed_loop,,nominal,,True,ok,checkpoints/ablation_mnv2_baseline/best.pt,5.17,0.452,-0.0913,0.113,-0.0026,0.4046,,,gnm_closed_loop,0.2,-0.0913,False,0,,isaac_live_final_20260708,,selected_baseline_live,,,,,,,False,hospital_goal_B,0.7049,True,0.452,-0.0913,0.2,-0.0913,True,armed,False,
livefinal_straight_medium_20260708_180855,1418,33.350002,1783530548.767147,-1.326309,1.335255,0.0,2.351962,0.2,-0.0913,0.199792,0.003941,camera_link,33.350002,gnm_closed_loop,,nominal,,True,ok,checkpoints/ablation_mnv2_baseline/best.pt,5.17,0.452,-0.0913,0.113,-0.0026,0.4046,,,gnm_closed_loop,0.2,-0.0913,False,0,,isaac_live_final_20260708,,selected_baseline_live,,,,,,,False,hospital_goal_B,0.7082,True,0.452,-0.0913,0.2,-0.0913,True,armed,False,
livefinal_straight_medium_20260708_180855,1419,33.366668,1783530548.78352,-1.328649,1.337615,0.0,2.351959,0.2,-0.0867,0.199795,0.005732,camera_link,33.366668,gnm_closed_loop,,nominal,,True,ok,checkpoints/ablation_mnv2_baseline/best.pt,4.77,0.4742,-0.0867,0.1185,-0.0026,0.4088,,,gnm_closed_loop,0.2,-0.0867,False,0,,isaac_live_final_20260708,,selected_baseline_live,,,,,,,False,hospital_goal_B,0.7116,True,0.4742,-0.0867,0.2,-0.0867,True,armed,False,
livefinal_straight_medium_20260708_180855,1420,33.383335,1783530548.785792,-1.330989,1.339975,0.0,2.351955,0.2,-0.0867,0.199795,0.005732,camera_link,33.383335,gnm_closed_loop,,nominal,,True,ok,checkpoints/ablation_mnv2_baseline/best.pt,4.77,0.4742,-0.0867,0.1185,-0.0026,0.4088,,,gnm_closed_loop,0.2,-0.0867,False,0,,isaac_live_final_20260708,,selected_baseline_live,,,,,,,False,hospital_goal_B,0.7149,True,0.4742,-0.0867,0.2,-0.0867,True,armed,False,
livefinal_straight_medium_20260708_180855,1421,33.400002,1783530548.787819,-1.33333,1.342335,0.0,2.351952,0.2,-0.0867,0.199795,0.005732,camera_link,33.400002,gnm_closed_loop,,nominal,,True,ok,checkpoints/ablation_mnv2_baseline/best.pt,4.77,0.4742,-0.0867,0.1185,-0.0026,0.4088,,,gnm_closed_loop,0.2,-0.0867,False,0,,isaac_live_final_20260708,,selected_baseline_live,,,,,,,False,hospital_goal_B,0.7182,True,0.4742,-0.0867,0.2,-0.0867,True,armed,False,
livefinal_straight_medium_20260708_180855,1422,33.416668,1783530548.805732,-1.335671,1.344695,0.0,2.351949,0.2,-0.0761,0.199765,0.004328,camera_link,33.416668,gnm_closed_loop,,nominal,,True,ok,checkpoints/ablation_mnv2_baseline/best.pt,4.98,0.5136,-0.0761,0.1284,-0.0024,0.4166,,,gnm_closed_loop,0.2,-0.0761,False,0,,isaac_live_final_20260708,,selected_baseline_live,,,,,,,False,hospital_goal_B,0.7215,True,0.5136,-0.0761,0.2,-0.0761,True,armed,False,
livefinal_straight_medium_20260708_180855,1423,33.433335,1783530548.809328,-1.338012,1.347056,0.0,2.351946,0.2,-0.0761,0.199765,0.004328,camera_link,33.433335,gnm_closed_loop,,nominal,,True,ok,checkpoints/ablation_mnv2_baseline/best.pt,4.98,0.5136,-0.0761,0.1284,-0.0024,0.4166,,,gnm_closed_loop,0.2,-0.0761,False,0,,isaac_live_final_20260708,,selected_baseline_live,,,,,,,False,hospital_goal_B,0.7249,True,0.5136,-0.0761,0.2,-0.0761,True,armed,False,
livefinal_straight_medium_20260708_180855,1424,33.450002,1783530548.811854,-1.340352,1.349416,0.0,2.351943,0.2,-0.0761,0.199765,0.004328,camera_link,33.450002,gnm_closed_loop,,nominal,,True,ok,checkpoints/ablation_mnv2_baseline/best.pt,4.98,0.5136,-0.0761,0.1284,-0.0024,0.4166,,,gnm_closed_loop,0.2,-0.0761,False,0,,isaac_live_final_20260708,,selected_baseline_live,,,,,,,False,hospital_goal_B,0.7282,True,0.5136,-0.0761,0.2,-0.0761,True,armed,False,
livefinal_straight_medium_20260708_180855,1425,33.466668,1783530548.830705,-1.342693,1.351776,0.0,2.351941,0.2,-0.0614,0.19983,0.003535,camera_link,33.466668,gnm_closed_loop,,nominal,,True,ok,checkpoints/ablation_mnv2_baseline/best.pt,4.99,0.5709,-0.0614,0.1427,-0.0022,0.4095,,,gnm_closed_loop,0.2,-0.0614,False,0,,isaac_live_final_20260708,,selected_baseline_live,,,,,,,False,hospital_goal_B,0.7315,True,0.5709,-0.0614,0.2,-0.0614,True,armed,False,
livefinal_straight_medium_20260708_180855,1426,33.483335,1783530548.833509,-1.345034,1.354137,0.0,2.351939,0.2,-0.0614,0.19983,0.003535,camera_link,33.483335,gnm_closed_loop,,nominal,,True,ok,checkpoints/ablation_mnv2_baseline/best.pt,4.99,0.5709,-0.0614,0.1427,-0.0022,0.4095,,,gnm_closed_loop,0.2,-0.0614,False,0,,isaac_live_final_20260708,,selected_baseline_live,,,,,,,False,hospital_goal_B,0.7348,True,0.5709,-0.0614,0.2,-0.0614,True,armed,False,
livefinal_straight_medium_20260708_180855,1427,33.500002,1783530548.836268,-1.347374,1.356498,0.0,2.351936,0.2,-0.0614,0.19983,0.003535,camera_link,33.500002,gnm_closed_loop,,nominal,,True,ok,checkpoints/ablation_mnv2_baseline/best.pt,4.99,0.5709,-0.0614,0.1427,-0.0022,0.4095,,,gnm_closed_loop,0.2,-0.0614,False,0,,isaac_live_final_20260708,,selected_baseline_live,,,,,,,False,hospital_goal_B,0.7382,True,0.5709,-0.0614,0.2,-0.0614,True,armed,False,
livefinal_straight_medium_20260708_180855,1428,33.516668,1783530548.856725,-1.349715,1.358859,0.0,2.351934,0.2,-0.0581,0.199827,0.002494,camera_link,33.516668,gnm_closed_loop,,nominal,,True,ok,checkpoints/ablation_mnv2_baseline/best.pt,5.98,0.6118,-0.0581,0.153,-0.0022,0.4233,,,gnm_closed_loop,0.2,-0.0581,False,0,,isaac_live_final_20260708,,selected_baseline_live,,,,,,,False,hospital_goal_B,0.7415,True,0.6118,-0.0581,0.2,-0.0581,True,armed,False,
livefinal_straight_medium_20260708_180855,1429,33.533335,1783530548.859758,-1.352056,1.361219,0.0,2.351932,0.2,-0.0581,0.199827,0.002494,camera_link,33.533335,gnm_closed_loop,,nominal,,True,ok,checkpoints/ablation_mnv2_baseline/best.pt,5.98,0.6118,-0.0581,0.153,-0.0022,0.4233,,,gnm_closed_loop,0.2,-0.0581,False,0,,isaac_live_final_20260708,,selected_baseline_live,,,,,,,False,hospital_goal_B,0.7448,True,0.6118,-0.0581,0.2,-0.0581,True,armed,False,
livefinal_straight_medium_20260708_180855,1430,33.550002,1783530548.862415,-1.354396,1.36358,0.0,2.35193,0.2,-0.0581,0.199827,0.002494,camera_link,33.550002,gnm_closed_loop,,nominal,,True,ok,checkpoints/ablation_mnv2_baseline/best.pt,5.98,0.6118,-0.0581,0.153,-0.0022,0.4233,,,gnm_closed_loop,0.2,-0.0581,False,0,,isaac_live_final_20260708,,selected_baseline_live,,,,,,,False,hospital_goal_B,0.7481,True,0.6118,-0.0581,0.2,-0.0581,True,armed,False,
livefinal_straight_medium_20260708_180855,1431,33.566668,1783530548.880792,-1.356737,1.365941,0.0,2.351929,0.2,-0.0648,0.199851,0.003091,camera_link,33.566668,gnm_closed_loop,,nominal,,True,ok,checkpoints/ablation_mnv2_baseline/best.pt,4.65,0.653,-0.0648,0.1633,-0.0026,0.43,,,gnm_closed_loop,0.2,-0.0648,False,0,,isaac_live_final_20260708,,selected_baseline_live,,,,,,,False,hospital_goal_B,0.7515,True,0.653,-0.0648,0.2,-0.0648,True,armed,False,
livefinal_straight_medium_20260708_180855,1432,33.583335,1783530548.883166,-1.359078,1.368301,0.0,2.351926,0.2,-0.0648,0.199851,0.003091,camera_link,33.583335,gnm_closed_loop,,nominal,,True,ok,checkpoints/ablation_mnv2_baseline/best.pt,4.65,0.653,-0.0648,0.1633,-0.0026,0.43,,,gnm_closed_loop,0.2,-0.0648,False,0,,isaac_live_final_20260708,,selected_baseline_live,,,,,,,False,hospital_goal_B,0.7548,True,0.653,-0.0648,0.2,-0.0648,True,armed,False,
livefinal_straight_medium_20260708_180855,1433,33.600002,1783530548.885017,-1.361418,1.370662,0.0,2.351924,0.2,-0.0648,0.199851,0.003091,camera_link,33.600002,gnm_closed_loop,,nominal,,True,ok,checkpoints/ablation_mnv2_baseline/best.pt,4.65,0.653,-0.0648,0.1633,-0.0026,0.43,,,gnm_closed_loop,0.2,-0.0648,False,0,,isaac_live_final_20260708,,selected_baseline_live,,,,,,,False,hospital_goal_B,0.7581,True,0.653,-0.0648,0.2,-0.0648,True,armed,False,
livefinal_straight_medium_20260708_180855,1434,33.616668,1783530548.902113,-1.363759,1.373023,0.0,2.351922,0.2,-0.0614,0.19982,0.00291,camera_link,33.616668,gnm_closed_loop,,nominal,,True,ok,checkpoints/ablation_mnv2_baseline/best.pt,5.12,0.6762,-0.0614,0.169,-0.0026,0.4275,,,gnm_closed_loop,0.2,-0.0614,False,0,,isaac_live_final_20260708,,selected_baseline_live,,,,,,,False,hospital_goal_B,0.7614,True,0.6762,-0.0614,0.2,-0.0614,True,armed,False,
livefinal_straight_medium_20260708_180855,1435,33.633335,1783530548.904429,-1.366099,1.375383,0.0,2.351919,0.2,-0.0614,0.19982,0.00291,camera_link,33.633335,gnm_closed_loop,,nominal,,True,ok,checkpoints/ablation_mnv2_baseline/best.pt,5.12,0.6762,-0.0614,0.169,-0.0026,0.4275,,,gnm_closed_loop,0.2,-0.0614,False,0,,isaac_live_final_20260708,,selected_baseline_live,,,,,,,False,hospital_goal_B,0.7648,True,0.6762,-0.0614,0.2,-0.0614,True,armed,False,
livefinal_straight_medium_20260708_180855,1436,33.650002,1783530548.906445,-1.36844,1.377744,0.0,2.351917,0.2,-0.0614,0.19982,0.00291,camera_link,33.650002,gnm_closed_loop,,nominal,,True,ok,checkpoints/ablation_mnv2_baseline/best.pt,5.12,0.6762,-0.0614,0.169,-0.0026,0.4275,,,gnm_closed_loop,0.2,-0.0614,False,0,,isaac_live_final_20260708,,selected_baseline_live,,,,,,,False,hospital_goal_B,0.7681,True,0.6762,-0.0614,0.2,-0.0614,True,armed,False,
livefinal_straight_medium_20260708_180855,1437,33.666668,1783530548.923648,-1.370781,1.380105,0.0,2.351914,0.2,-0.0605,0.199794,0.004213,camera_link,33.666668,gnm_closed_loop,,nominal,,True,ok,checkpoints/ablation_mnv2_baseline/best.pt,4.84,0.6927,-0.0605,0.1732,-0.0026,0.4291,,,gnm_closed_loop,0.2,-0.0605,False,0,,isaac_live_final_20260708,,selected_baseline_live,,,,,,,False,hospital_goal_B,0.7714,True,0.6927,-0.0605,0.2,-0.0605,True,armed,False,
livefinal_straight_medium_20260708_180855,1438,33.683335,1783530548.925998,-1.373121,1.382465,0.0,2.351912,0.2,-0.0605,0.199794,0.004213,camera_link,33.683335,gnm_closed_loop,,nominal,,True,ok,checkpoints/ablation_mnv2_baseline/best.pt,4.84,0.6927,-0.0605,0.1732,-0.0026,0.4291,,,gnm_closed_loop,0.2,-0.0605,False,0,,isaac_live_final_20260708,,selected_baseline_live,,,,,,,False,hospital_goal_B,0.7747,True,0.6927,-0.0605,0.2,-0.0605,True,armed,False,
livefinal_straight_medium_20260708_180855,1439,33.700002,1783530548.927965,-1.375462,1.384826,0.0,2.351909,0.2,-0.0605,0.199794,0.004213,camera_link,33.700002,gnm_closed_loop,,nominal,,True,ok,checkpoints/ablation_mnv2_baseline/best.pt,4.84,0.6927,-0.0605,0.1732,-0.0026,0.4291,,,gnm_closed_loop,0.2,-0.0605,False,0,,isaac_live_final_20260708,,selected_baseline_live,,,,,,,False,hospital_goal_B,0.778,True,0.6927,-0.0605,0.2,-0.0605,True,armed,False,
livefinal_straight_medium_20260708_180855,1440,33.716668,1783530548.944007,-1.377803,1.387186,0.0,2.351906,0.2,-0.0565,0.199751,0.003606,camera_link,33.716668,gnm_closed_loop,,nominal,,True,ok,checkpoints/ablation_mnv2_baseline/best.pt,4.35,0.6404,-0.0565,0.1601,-0.0023,0.4277,,,gnm_closed_loop,0.2,-0.0565,False,0,,isaac_live_final_20260708,,selected_baseline_live,,,,,,,False,hospital_goal_B,0.7814,True,0.6404,-0.0565,0.2,-0.0565,True,armed,False,
livefinal_straight_medium_20260708_180855,1441,33.733335,1783530548.946734,-1.380144,1.389546,0.0,2.351904,0.2,-0.0565,0.199751,0.003606,camera_link,33.733335,gnm_closed_loop,,nominal,,True,ok,checkpoints/ablation_mnv2_baseline/best.pt,4.35,0.6404,-0.0565,0.1601,-0.0023,0.4277,,,gnm_closed_loop,0.2,-0.0565,False,0,,isaac_live_final_20260708,,selected_baseline_live,,,,,,,False,hospital_goal_B,0.7847,True,0.6404,-0.0565,0.2,-0.0565,True,armed,False,
livefinal_straight_medium_20260708_180855,1442,33.750002,1783530548.948778,-1.382484,1.391907,0.0,2.351902,0.2,-0.0565,0.199751,0.003606,camera_link,33.750002,gnm_closed_loop,,nominal,,True,ok,checkpoints/ablation_mnv2_baseline/best.pt,4.35,0.6404,-0.0565,0.1601,-0.0023,0.4277,,,gnm_closed_loop,0.2,-0.0565,False,0,,isaac_live_final_20260708,,selected_baseline_live,,,,,,,False,hospital_goal_B,0.788,True,0.6404,-0.0565,0.2,-0.0565,True,armed,False,
livefinal_straight_medium_20260708_180855,1443,33.766668,1783530548.96431,-1.384824,1.394268,0.0,2.3519,0.2,-0.0642,0.199771,0.003166,camera_link,33.766668,gnm_closed_loop,,nominal,,True,ok,checkpoints/ablation_mnv2_baseline/best.pt,5.22,0.6134,-0.0642,0.1534,-0.0025,0.4244,,,gnm_closed_loop,0.2,-0.0642,False,0,,isaac_live_final_20260708,,selected_baseline_live,,,,,,,False,hospital_goal_B,0.7913,True,0.6134,-0.0642,0.2,-0.0642,True,armed,False,
livefinal_straight_medium_20260708_180855,1444,33.783335,1783530548.966631,-1.387165,1.396628,0.0,2.351897,0.2,-0.0642,0.199771,0.003166,camera_link,33.783335,gnm_closed_loop,,nominal,,True,ok,checkpoints/ablation_mnv2_baseline/best.pt,5.22,0.6134,-0.0642,0.1534,-0.0025,0.4244,,,gnm_closed_loop,0.2,-0.0642,False,0,,isaac_live_final_20260708,,selected_baseline_live,,,,,,,False,hospital_goal_B,0.7947,True,0.6134,-0.0642,0.2,-0.0642,True,armed,False,
livefinal_straight_medium_20260708_180855,1445,33.800002,1783530548.970732,-1.389506,1.39899,0.0,2.351895,0.2,-0.0642,0.199771,0.003166,camera_link,33.800002,gnm_closed_loop,,nominal,,True,ok,checkpoints/ablation_mnv2_baseline/best.pt,5.22,0.6134,-0.0642,0.1534,-0.0025,0.4244,,,gnm_closed_loop,0.2,-0.0642,False,0,,isaac_live_final_20260708,,selected_baseline_live,,,,,,,False,hospital_goal_B,0.798,True,0.6134,-0.0642,0.2,-0.0642,True,armed,False,
livefinal_straight_medium_20260708_180855,1446,33.816668,1783530548.98617,-1.391847,1.40135,0.0,2.351892,0.2,-0.0728,0.199798,0.003199,camera_link,33.816668,gnm_closed_loop,,nominal,,True,ok,checkpoints/ablation_mnv2_baseline/best.pt,4.41,0.6461,-0.0728,0.1615,-0.0029,0.419,,,gnm_closed_loop,0.2,-0.0728,False,0,,isaac_live_final_20260708,,selected_baseline_live,,,,,,,False,hospital_goal_B,0.8013,True,0.6461,-0.0728,0.2,-0.0728,True,armed,False,
livefinal_straight_medium_20260708_180855,1447,33.833335,1783530548.988685,-1.394187,1.403711,0.0,2.351889,0.2,-0.0728,0.199798,0.003199,camera_link,33.833335,gnm_closed_loop,,nominal,,True,ok,checkpoints/ablation_mnv2_baseline/best.pt,4.41,0.6461,-0.0728,0.1615,-0.0029,0.419,,,gnm_closed_loop,0.2,-0.0728,False,0,,isaac_live_final_20260708,,selected_baseline_live,,,,,,,False,hospital_goal_B,0.8046,True,0.6461,-0.0728,0.2,-0.0728,True,armed,False,
livefinal_straight_medium_20260708_180855,1448,33.850002,1783530548.990768,-1.396527,1.406072,0.0,2.351887,0.2,-0.0728,0.199798,0.003199,camera_link,33.850002,gnm_closed_loop,,nominal,,True,ok,checkpoints/ablation_mnv2_baseline/best.pt,4.41,0.6461,-0.0728,0.1615,-0.0029,0.419,,,gnm_closed_loop,0.2,-0.0728,False,0,,isaac_live_final_20260708,,selected_baseline_live,,,,,,,False,hospital_goal_B,0.808,True,0.6461,-0.0728,0.2,-0.0728,True,armed,False,
livefinal_straight_medium_20260708_180855,1449,33.866668,1783530549.007645,-1.398868,1.408432,0.0,2.351884,0.2,-0.0649,0.199797,0.004513,camera_link,33.866668,gnm_closed_loop,,nominal,,True,ok,checkpoints/ablation_mnv2_baseline/best.pt,5.47,0.6179,-0.0649,0.1545,-0.0025,0.4136,,,gnm_closed_loop,0.2,-0.0649,False,0,,isaac_live_final_20260708,,selected_baseline_live,,,,,,,False,hospital_goal_B,0.8113,True,0.6179,-0.0649,0.2,-0.0649,True,armed,False,
livefinal_straight_medium_20260708_180855,1450,33.883335,1783530549.010365,-1.401209,1.410793,0.0,2.351882,0.2,-0.0649,0.199797,0.004513,camera_link,33.883335,gnm_closed_loop,,nominal,,True,ok,checkpoints/ablation_mnv2_baseline/best.pt,5.47,0.6179,-0.0649,0.1545,-0.0025,0.4136,,,gnm_closed_loop,0.2,-0.0649,False,0,,isaac_live_final_20260708,,selected_baseline_live,,,,,,,False,hospital_goal_B,0.8146,True,0.6179,-0.0649,0.2,-0.0649,True,armed,False,
livefinal_straight_medium_20260708_180855,1451,33.900002,1783530549.012443,-1.40355,1.413154,0.0,2.35188,0.2,-0.0649,0.199797,0.004513,camera_link,33.900002,gnm_closed_loop,,nominal,,True,ok,checkpoints/ablation_mnv2_baseline/best.pt,5.47,0.6179,-0.0649,0.1545,-0.0025,0.4136,,,gnm_closed_loop,0.2,-0.0649,False,0,,isaac_live_final_20260708,,selected_baseline_live,,,,,,,False,hospital_goal_B,0.8179,True,0.6179,-0.0649,0.2,-0.0649,True,armed,False,
livefinal_straight_medium_20260708_180855,1452,33.916668,1783530549.032384,-1.40589,1.415515,0.0,2.351878,0.2,-0.0657,0.199835,0.00294,camera_link,33.916668,gnm_closed_loop,,nominal,,True,ok,checkpoints/ablation_mnv2_baseline/best.pt,5.03,0.6263,-0.0657,0.1566,-0.0026,0.4092,,,gnm_closed_loop,0.2,-0.0657,False,0,,isaac_live_final_20260708,,selected_baseline_live,,,,,,,False,hospital_goal_B,0.8213,True,0.6263,-0.0657,0.2,-0.0657,True,armed,False,
livefinal_straight_medium_20260708_180855,1453,33.933335,1783530549.034718,-1.408231,1.417876,0.0,2.351876,0.2,-0.0657,0.199835,0.00294,camera_link,33.933335,gnm_closed_loop,,nominal,,True,ok,checkpoints/ablation_mnv2_baseline/best.pt,5.03,0.6263,-0.0657,0.1566,-0.0026,0.4092,,,gnm_closed_loop,0.2,-0.0657,False,0,,isaac_live_final_20260708,,selected_baseline_live,,,,,,,False,hospital_goal_B,0.8246,True,0.6263,-0.0657,0.2,-0.0657,True,armed,False,
livefinal_straight_medium_20260708_180855,1454,33.950002,1783530549.037844,-1.410572,1.420237,0.0,2.351873,0.2,-0.0657,0.199835,0.00294,camera_link,33.950002,gnm_closed_loop,,nominal,,True,ok,checkpoints/ablation_mnv2_baseline/best.pt,5.03,0.6263,-0.0657,0.1566,-0.0026,0.4092,,,gnm_closed_loop,0.2,-0.0657,False,0,,isaac_live_final_20260708,,selected_baseline_live,,,,,,,False,hospital_goal_B,0.8279,True,0.6263,-0.0657,0.2,-0.0657,True,armed,False,
livefinal_straight_medium_20260708_180855,1455,33.966668,1783530549.057678,-1.412913,1.422597,0.0,2.35187,0.2,-0.0615,0.199799,0.003749,camera_link,33.966668,gnm_closed_loop,,nominal,,True,ok,checkpoints/ablation_mnv2_baseline/best.pt,5.14,0.6321,-0.0615,0.158,-0.0024,0.4048,,,gnm_closed_loop,0.2,-0.0615,False,0,,isaac_live_final_20260708,,selected_baseline_live,,,,,,,False,hospital_goal_B,0.8312,True,0.6321,-0.0615,0.2,-0.0615,True,armed,False,
livefinal_straight_medium_20260708_180855,1456,33.983335,1783530549.060672,-1.415254,1.424958,0.0,2.351868,0.2,-0.0615,0.199799,0.003749,camera_link,33.983335,gnm_closed_loop,,nominal,,True,ok,checkpoints/ablation_mnv2_baseline/best.pt,5.14,0.6321,-0.0615,0.158,-0.0024,0.4048,,,gnm_closed_loop,0.2,-0.0615,False,0,,isaac_live_final_20260708,,selected_baseline_live,,,,,,,False,hospital_goal_B,0.8346,True,0.6321,-0.0615,0.2,-0.0615,True,armed,False,
livefinal_straight_medium_20260708_180855,1457,34.000002,1783530549.063164,-1.417594,1.427319,0.0,2.351866,0.2,-0.0615,0.199799,0.003749,camera_link,34.000002,gnm_closed_loop,,nominal,,True,ok,checkpoints/ablation_mnv2_baseline/best.pt,5.14,0.6321,-0.0615,0.158,-0.0024,0.4048,,,gnm_closed_loop,0.2,-0.0615,False,0,,isaac_live_final_20260708,,selected_baseline_live,,,,,,,False,hospital_goal_B,0.8379,True,0.6321,-0.0615,0.2,-0.0615,True,armed,False,
livefinal_straight_medium_20260708_180855,1458,34.016668,1783530549.082032,-1.419935,1.42968,0.0,2.351864,0.2,-0.062,0.199844,0.00197,camera_link,34.016668,gnm_closed_loop,,nominal,,True,ok,checkpoints/ablation_mnv2_baseline/best.pt,4.55,0.6571,-0.062,0.1643,-0.0025,0.4058,,,gnm_closed_loop,0.2,-0.062,False,0,,isaac_live_final_20260708,,selected_baseline_live,,,,,,,False,hospital_goal_B,0.8412,True,0.6571,-0.062,0.2,-0.062,True,armed,False,
livefinal_straight_medium_20260708_180855,1459,34.033335,1783530549.084813,-1.422275,1.43204,0.0,2.351862,0.2,-0.062,0.199844,0.00197,camera_link,34.033335,gnm_closed_loop,,nominal,,True,ok,checkpoints/ablation_mnv2_baseline/best.pt,4.55,0.6571,-0.062,0.1643,-0.0025,0.4058,,,gnm_closed_loop,0.2,-0.062,False,0,,isaac_live_final_20260708,,selected_baseline_live,,,,,,,False,hospital_goal_B,0.8445,True,0.6571,-0.062,0.2,-0.062,True,armed,False,
livefinal_straight_medium_20260708_180855,1460,34.050002,1783530549.087022,-1.424616,1.434401,0.0,2.35186,0.2,-0.062,0.199844,0.00197,camera_link,34.050002,gnm_closed_loop,,nominal,,True,ok,checkpoints/ablation_mnv2_baseline/best.pt,4.55,0.6571,-0.062,0.1643,-0.0025,0.4058,,,gnm_closed_loop,0.2,-0.062,False,0,,isaac_live_final_20260708,,selected_baseline_live,,,,,,,False,hospital_goal_B,0.8479,True,0.6571,-0.062,0.2,-0.062,True,armed,False,
livefinal_straight_medium_20260708_180855,1461,34.066668,1783530549.106769,-1.426957,1.436762,0.0,2.351859,0.2,-0.0651,0.199828,0.003386,camera_link,34.066668,gnm_closed_loop,,nominal,,True,ok,checkpoints/ablation_mnv2_baseline/best.pt,6.13,0.6557,-0.0651,0.1639,-0.0027,0.4062,,,gnm_closed_loop,0.2,-0.0651,False,0,,isaac_live_final_20260708,,selected_baseline_live,,,,,,,False,hospital_goal_B,0.8512,True,0.6557,-0.0651,0.2,-0.0651,True,armed,False,
livefinal_straight_medium_20260708_180855,1462,34.083335,1783530549.109448,-1.429298,1.439123,0.0,2.351856,0.2,-0.0651,0.199828,0.003386,camera_link,34.083335,gnm_closed_loop,,nominal,,True,ok,checkpoints/ablation_mnv2_baseline/best.pt,6.13,0.6557,-0.0651,0.1639,-0.0027,0.4062,,,gnm_closed_loop,0.2,-0.0651,False,0,,isaac_live_final_20260708,,selected_baseline_live,,,,,,,False,hospital_goal_B,0.8545,True,0.6557,-0.0651,0.2,-0.0651,True,armed,False,
livefinal_straight_medium_20260708_180855,1463,34.100002,1783530549.112614,-1.431638,1.441483,0.0,2.351854,0.2,-0.0651,0.199828,0.003386,camera_link,34.100002,gnm_closed_loop,,nominal,,True,ok,checkpoints/ablation_mnv2_baseline/best.pt,6.13,0.6557,-0.0651,0.1639,-0.0027,0.4062,,,gnm_closed_loop,0.2,-0.0651,False,0,,isaac_live_final_20260708,,selected_baseline_live,,,,,,,False,hospital_goal_B,0.8578,True,0.6557,-0.0651,0.2,-0.0651,True,armed,False,
livefinal_straight_medium_20260708_180855,1464,34.116668,1783530549.128318,-1.433979,1.443844,0.0,2.351851,0.2,-0.0685,0.199805,0.003225,camera_link,34.116668,gnm_closed_loop,,nominal,,True,ok,checkpoints/ablation_mnv2_baseline/best.pt,5.03,0.646,-0.0685,0.1615,-0.0028,0.4111,,,gnm_closed_loop,0.2,-0.0685,False,0,,isaac_live_final_20260708,,selected_baseline_live,,,,,,,False,hospital_goal_B,0.8612,True,0.646,-0.0685,0.2,-0.0685,True,armed,False,
livefinal_straight_medium_20260708_180855,1465,34.133335,1783530549.131726,-1.436319,1.446205,0.0,2.351849,0.2,-0.0685,0.199805,0.003225,camera_link,34.133335,gnm_closed_loop,,nominal,,True,ok,checkpoints/ablation_mnv2_baseline/best.pt,5.03,0.646,-0.0685,0.1615,-0.0028,0.4111,,,gnm_closed_loop,0.2,-0.0685,False,0,,isaac_live_final_20260708,,selected_baseline_live,,,,,,,False,hospital_goal_B,0.8645,True,0.646,-0.0685,0.2,-0.0685,True,armed,False,
livefinal_straight_medium_20260708_180855,1466,34.150002,1783530549.134169,-1.43866,1.448566,0.0,2.351847,0.2,-0.0685,0.199805,0.003225,camera_link,34.150002,gnm_closed_loop,,nominal,,True,ok,checkpoints/ablation_mnv2_baseline/best.pt,5.03,0.646,-0.0685,0.1615,-0.0028,0.4111,,,gnm_closed_loop,0.2,-0.0685,False,0,,isaac_live_final_20260708,,selected_baseline_live,,,,,,,False,hospital_goal_B,0.8678,True,0.646,-0.0685,0.2,-0.0685,True,armed,False,
livefinal_straight_medium_20260708_180855,1467,34.166668,1783530549.15236,-1.441001,1.450927,0.0,2.351844,0.2,-0.0683,0.199832,0.003662,camera_link,34.166668,gnm_closed_loop,,nominal,,True,ok,checkpoints/ablation_mnv2_baseline/best.pt,4.8,0.6455,-0.0683,0.1614,-0.0028,0.4149,,,gnm_closed_loop,0.2,-0.0683,False,0,,isaac_live_final_20260708,,selected_baseline_live,,,,,,,False,hospital_goal_B,0.8711,True,0.6455,-0.0683,0.2,-0.0683,True,armed,False,
livefinal_straight_medium_20260708_180855,1468,34.183335,1783530549.15464,-1.443341,1.453289,0.0,2.351841,0.2,-0.0683,0.199832,0.003662,camera_link,34.183335,gnm_closed_loop,,nominal,,True,ok,checkpoints/ablation_mnv2_baseline/best.pt,4.8,0.6455,-0.0683,0.1614,-0.0028,0.4149,,,gnm_closed_loop,0.2,-0.0683,False,0,,isaac_live_final_20260708,,selected_baseline_live,,,,,,,False,hospital_goal_B,0.8745,True,0.6455,-0.0683,0.2,-0.0683,True,armed,False,
livefinal_straight_medium_20260708_180855,1469,34.200002,1783530549.158093,-1.445682,1.455649,0.0,2.351839,0.2,-0.0683,0.199832,0.003662,camera_link,34.200002,gnm_closed_loop,,nominal,,True,ok,checkpoints/ablation_mnv2_baseline/best.pt,4.8,0.6455,-0.0683,0.1614,-0.0028,0.4149,,,gnm_closed_loop,0.2,-0.0683,False,0,,isaac_live_final_20260708,,selected_baseline_live,,,,,,,False,hospital_goal_B,0.8778,True,0.6455,-0.0683,0.2,-0.0683,True,armed,False,
livefinal_straight_medium_20260708_180855,1470,34.216668,1783530549.176089,-1.448023,1.458011,0.0,2.351836,0.2,-0.0753,0.199816,0.003885,camera_link,34.216668,gnm_closed_loop,,nominal,,True,ok,checkpoints/ablation_mnv2_baseline/best.pt,5.15,0.6135,-0.0753,0.1534,-0.0029,0.4153,,,gnm_closed_loop,0.2,-0.0753,False,0,,isaac_live_final_20260708,,selected_baseline_live,,,,,,,False,hospital_goal_B,0.8811,True,0.6135,-0.0753,0.2,-0.0753,True,armed,False,
livefinal_straight_medium_20260708_180855,1471,34.233335,1783530549.178485,-1.450363,1.460372,0.0,2.351833,0.2,-0.0753,0.199816,0.003885,camera_link,34.233335,gnm_closed_loop,,nominal,,True,ok,checkpoints/ablation_mnv2_baseline/best.pt,5.15,0.6135,-0.0753,0.1534,-0.0029,0.4153,,,gnm_closed_loop,0.2,-0.0753,False,0,,isaac_live_final_20260708,,selected_baseline_live,,,,,,,False,hospital_goal_B,0.8844,True,0.6135,-0.0753,0.2,-0.0753,True,armed,False,
livefinal_straight_medium_20260708_180855,1472,34.250002,1783530549.180388,-1.452704,1.462733,0.0,2.35183,0.2,-0.0753,0.199816,0.003885,camera_link,34.250002,gnm_closed_loop,,nominal,,True,ok,checkpoints/ablation_mnv2_baseline/best.pt,5.15,0.6135,-0.0753,0.1534,-0.0029,0.4153,,,gnm_closed_loop,0.2,-0.0753,False,0,,isaac_live_final_20260708,,selected_baseline_live,,,,,,,False,hospital_goal_B,0.8878,True,0.6135,-0.0753,0.2,-0.0753,True,armed,False,
livefinal_straight_medium_20260708_180855,1473,34.266668,1783530549.196636,-1.455045,1.465094,0.0,2.351828,0.2,-0.0907,0.199824,0.003215,camera_link,34.266668,gnm_closed_loop,,nominal,,True,ok,checkpoints/ablation_mnv2_baseline/best.pt,5.09,0.5306,-0.0907,0.1327,-0.003,0.4196,,,gnm_closed_loop,0.2,-0.0907,False,0,,isaac_live_final_20260708,,selected_baseline_live,,,,,,,False,hospital_goal_B,0.8911,True,0.5306,-0.0907,0.2,-0.0907,True,armed,False,
livefinal_straight_medium_20260708_180855,1474,34.283335,1783530549.199331,-1.457385,1.467455,0.0,2.351824,0.2,-0.0907,0.199824,0.003215,camera_link,34.283335,gnm_closed_loop,,nominal,,True,ok,checkpoints/ablation_mnv2_baseline/best.pt,5.09,0.5306,-0.0907,0.1327,-0.003,0.4196,,,gnm_closed_loop,0.2,-0.0907,False,0,,isaac_live_final_20260708,,selected_baseline_live,,,,,,,False,hospital_goal_B,0.8944,True,0.5306,-0.0907,0.2,-0.0907,True,armed,False,
livefinal_straight_medium_20260708_180855,1475,34.300002,1783530549.201295,-1.459725,1.469816,0.0,2.351821,0.2,-0.0907,0.199824,0.003215,camera_link,34.300002,gnm_closed_loop,,nominal,,True,ok,checkpoints/ablation_mnv2_baseline/best.pt,5.09,0.5306,-0.0907,0.1327,-0.003,0.4196,,,gnm_closed_loop,0.2,-0.0907,False,0,,isaac_live_final_20260708,,selected_baseline_live,,,,,,,False,hospital_goal_B,0.8977,True,0.5306,-0.0907,0.2,-0.0907,True,armed,False,
livefinal_straight_medium_20260708_180855,1476,34.316668,1783530549.220695,-1.462065,1.472177,0.0,2.351818,0.2,-0.0877,0.199836,0.004701,camera_link,34.316668,gnm_closed_loop,,nominal,,True,ok,checkpoints/ablation_mnv2_baseline/best.pt,4.2,0.5374,-0.0877,0.1343,-0.0029,0.4217,,,gnm_closed_loop,0.2,-0.0877,False,0,,isaac_live_final_20260708,,selected_baseline_live,,,,,,,False,hospital_goal_B,0.9011,True,0.5374,-0.0877,0.2,-0.0877,True,armed,False,
livefinal_straight_medium_20260708_180855,1477,34.333335,1783530549.224056,-1.464406,1.474538,0.0,2.351815,0.2,-0.0877,0.199836,0.004701,camera_link,34.333335,gnm_closed_loop,,nominal,,True,ok,checkpoints/ablation_mnv2_baseline/best.pt,4.2,0.5374,-0.0877,0.1343,-0.0029,0.4217,,,gnm_closed_loop,0.2,-0.0877,False,0,,isaac_live_final_20260708,,selected_baseline_live,,,,,,,False,hospital_goal_B,0.9044,True,0.5374,-0.0877,0.2,-0.0877,True,armed,False,
livefinal_straight_medium_20260708_180855,1478,34.350002,1783530549.225981,-1.466746,1.476899,0.0,2.351812,0.2,-0.0877,0.199836,0.004701,camera_link,34.350002,gnm_closed_loop,,nominal,,True,ok,checkpoints/ablation_mnv2_baseline/best.pt,4.2,0.5374,-0.0877,0.1343,-0.0029,0.4217,,,gnm_closed_loop,0.2,-0.0877,False,0,,isaac_live_final_20260708,,selected_baseline_live,,,,,,,False,hospital_goal_B,0.9077,True,0.5374,-0.0877,0.2,-0.0877,True,armed,False,
livefinal_straight_medium_20260708_180855,1479,34.366668,1783530549.245237,-1.469086,1.47926,0.0,2.351809,0.2,-0.0728,0.199774,0.003754,camera_link,34.366668,gnm_closed_loop,,nominal,,True,ok,checkpoints/ablation_mnv2_baseline/best.pt,5.18,0.5873,-0.0728,0.1468,-0.0027,0.4278,,,gnm_closed_loop,0.2,-0.0728,False,0,,isaac_live_final_20260708,,selected_baseline_live,,,,,,,False,hospital_goal_B,0.911,True,0.5873,-0.0728,0.2,-0.0728,True,armed,False,
livefinal_straight_medium_20260708_180855,1480,34.383335,1783530549.247465,-1.471427,1.481621,0.0,2.351807,0.2,-0.0728,0.199774,0.003754,camera_link,34.383335,gnm_closed_loop,,nominal,,True,ok,checkpoints/ablation_mnv2_baseline/best.pt,5.18,0.5873,-0.0728,0.1468,-0.0027,0.4278,,,gnm_closed_loop,0.2,-0.0728,False,0,,isaac_live_final_20260708,,selected_baseline_live,,,,,,,False,hospital_goal_B,0.9144,True,0.5873,-0.0728,0.2,-0.0728,True,armed,False,
livefinal_straight_medium_20260708_180855,1481,34.400002,1783530549.249344,-1.473768,1.483983,0.0,2.351804,0.2,-0.0728,0.199774,0.003754,camera_link,34.400002,gnm_closed_loop,,nominal,,True,ok,checkpoints/ablation_mnv2_baseline/best.pt,5.18,0.5873,-0.0728,0.1468,-0.0027,0.4278,,,gnm_closed_loop,0.2,-0.0728,False,0,,isaac_live_final_20260708,,selected_baseline_live,,,,,,,False,hospital_goal_B,0.9177,True,0.5873,-0.0728,0.2,-0.0728,True,armed,False,
livefinal_straight_medium_20260708_180855,1482,34.416668,1783530549.267022,-1.476108,1.486344,0.0,2.351801,0.2,-0.0701,0.199799,0.003514,camera_link,34.416668,gnm_closed_loop,,nominal,,True,ok,checkpoints/ablation_mnv2_baseline/best.pt,5.19,0.6094,-0.0701,0.1524,-0.0027,0.4278,,,gnm_closed_loop,0.2,-0.0701,False,0,,isaac_live_final_20260708,,selected_baseline_live,,,,,,,False,hospital_goal_B,0.921,True,0.6094,-0.0701,0.2,-0.0701,True,armed,False,
livefinal_straight_medium_20260708_180855,1483,34.433335,1783530549.270397,-1.478449,1.488705,0.0,2.351799,0.2,-0.0701,0.199799,0.003514,camera_link,34.433335,gnm_closed_loop,,nominal,,True,ok,checkpoints/ablation_mnv2_baseline/best.pt,5.19,0.6094,-0.0701,0.1524,-0.0027,0.4278,,,gnm_closed_loop,0.2,-0.0701,False,0,,isaac_live_final_20260708,,selected_baseline_live,,,,,,,False,hospital_goal_B,0.9243,True,0.6094,-0.0701,0.2,-0.0701,True,armed,False,
livefinal_straight_medium_20260708_180855,1484,34.450002,1783530549.272363,-1.480789,1.491066,0.0,2.351796,0.2,-0.0701,0.199799,0.003514,camera_link,34.450002,gnm_closed_loop,,nominal,,True,ok,checkpoints/ablation_mnv2_baseline/best.pt,5.19,0.6094,-0.0701,0.1524,-0.0027,0.4278,,,gnm_closed_loop,0.2,-0.0701,False,0,,isaac_live_final_20260708,,selected_baseline_live,,,,,,,False,hospital_goal_B,0.9277,True,0.6094,-0.0701,0.2,-0.0701,True,armed,False,
livefinal_straight_medium_20260708_180855,1485,34.466668,1783530549.289917,-1.48313,1.493426,0.0,2.351794,0.2,-0.0677,0.199797,0.003562,camera_link,34.466668,gnm_closed_loop,,nominal,,True,ok,checkpoints/ablation_mnv2_baseline/best.pt,4.84,0.6208,-0.0677,0.1552,-0.0026,0.4253,,,gnm_closed_loop,0.2,-0.0677,False,0,,isaac_live_final_20260708,,selected_baseline_live,,,,,,,False,hospital_goal_B,0.931,True,0.6208,-0.0677,0.2,-0.0677,True,armed,False,
livefinal_straight_medium_20260708_180855,1486,34.483335,1783530549.292429,-1.48547,1.495787,0.0,2.351791,0.2,-0.0677,0.199797,0.003562,camera_link,34.483335,gnm_closed_loop,,nominal,,True,ok,checkpoints/ablation_mnv2_baseline/best.pt,4.84,0.6208,-0.0677,0.1552,-0.0026,0.4253,,,gnm_closed_loop,0.2,-0.0677,False,0,,isaac_live_final_20260708,,selected_baseline_live,,,,,,,False,hospital_goal_B,0.9343,True,0.6208,-0.0677,0.2,-0.0677,True,armed,False,
livefinal_straight_medium_20260708_180855,1487,34.500002,1783530549.294342,-1.48781,1.498147,0.0,2.351789,0.2,-0.0677,0.199797,0.003562,camera_link,34.500002,gnm_closed_loop,,nominal,,True,ok,checkpoints/ablation_mnv2_baseline/best.pt,4.84,0.6208,-0.0677,0.1552,-0.0026,0.4253,,,gnm_closed_loop,0.2,-0.0677,False,0,,isaac_live_final_20260708,,selected_baseline_live,,,,,,,False,hospital_goal_B,0.9376,True,0.6208,-0.0677,0.2,-0.0677,True,armed,False,
livefinal_straight_medium_20260708_180855,1488,34.516668,1783530549.309904,-1.490151,1.500508,0.0,2.351787,0.2,-0.07,0.19985,0.002746,camera_link,34.516668,gnm_closed_loop,,nominal,,True,ok,checkpoints/ablation_mnv2_baseline/best.pt,5.11,0.6301,-0.07,0.1575,-0.0028,0.4292,,,gnm_closed_loop,0.2,-0.07,False,0,,isaac_live_final_20260708,,selected_baseline_live,,,,,,,False,hospital_goal_B,0.9409,True,0.6301,-0.07,0.2,-0.07,True,armed,False,
livefinal_straight_medium_20260708_180855,1489,34.533335,1783530549.312259,-1.492492,1.502869,0.0,2.351785,0.2,-0.07,0.19985,0.002746,camera_link,34.533335,gnm_closed_loop,,nominal,,True,ok,checkpoints/ablation_mnv2_baseline/best.pt,5.11,0.6301,-0.07,0.1575,-0.0028,0.4292,,,gnm_closed_loop,0.2,-0.07,False,0,,isaac_live_final_20260708,,selected_baseline_live,,,,,,,False,hospital_goal_B,0.9443,True,0.6301,-0.07,0.2,-0.07,True,armed,False,
livefinal_straight_medium_20260708_180855,1490,34.550002,1783530549.314242,-1.494832,1.50523,0.0,2.351782,0.2,-0.07,0.19985,0.002746,camera_link,34.550002,gnm_closed_loop,,nominal,,True,ok,checkpoints/ablation_mnv2_baseline/best.pt,5.11,0.6301,-0.07,0.1575,-0.0028,0.4292,,,gnm_closed_loop,0.2,-0.07,False,0,,isaac_live_final_20260708,,selected_baseline_live,,,,,,,False,hospital_goal_B,0.9476,True,0.6301,-0.07,0.2,-0.07,True,armed,False,
livefinal_straight_medium_20260708_180855,1491,34.566668,1783530549.330043,-1.497172,1.507591,0.0,2.35178,0.2,-0.0702,0.199788,0.003698,camera_link,34.566668,gnm_closed_loop,,nominal,,True,ok,checkpoints/ablation_mnv2_baseline/best.pt,5.08,0.642,-0.0702,0.1605,-0.0028,0.431,,,gnm_closed_loop,0.2,-0.0702,False,0,,isaac_live_final_20260708,,selected_baseline_live,,,,,,,False,hospital_goal_B,0.9509,True,0.642,-0.0702,0.2,-0.0702,True,armed,False,
livefinal_straight_medium_20260708_180855,1492,34.583335,1783530549.332637,-1.499511,1.509952,0.0,2.351777,0.2,-0.0702,0.199788,0.003698,camera_link,34.583335,gnm_closed_loop,,nominal,,True,ok,checkpoints/ablation_mnv2_baseline/best.pt,5.08,0.642,-0.0702,0.1605,-0.0028,0.431,,,gnm_closed_loop,0.2,-0.0702,False,0,,isaac_live_final_20260708,,selected_baseline_live,,,,,,,False,hospital_goal_B,0.9542,True,0.642,-0.0702,0.2,-0.0702,True,armed,False,
livefinal_straight_medium_20260708_180855,1493,34.600002,1783530549.334594,-1.501851,1.512312,0.0,2.351775,0.2,-0.0702,0.199788,0.003698,camera_link,34.600002,gnm_closed_loop,,nominal,,True,ok,checkpoints/ablation_mnv2_baseline/best.pt,5.08,0.642,-0.0702,0.1605,-0.0028,0.431,,,gnm_closed_loop,0.2,-0.0702,False,0,,isaac_live_final_20260708,,selected_baseline_live,,,,,,,False,hospital_goal_B,0.9576,True,0.642,-0.0702,0.2,-0.0702,True,armed,False,
livefinal_straight_medium_20260708_180855,1494,34.616668,1783530549.352982,-1.504192,1.514673,0.0,2.351772,0.2,-0.066,0.199823,0.002672,camera_link,34.616668,gnm_closed_loop,,nominal,,True,ok,checkpoints/ablation_mnv2_baseline/best.pt,5.32,0.6633,-0.066,0.1658,-0.0027,0.4264,,,gnm_closed_loop,0.2,-0.066,False,0,,isaac_live_final_20260708,,selected_baseline_live,,,,,,,False,hospital_goal_B,0.9609,True,0.6633,-0.066,0.2,-0.066,True,armed,False,
livefinal_straight_medium_20260708_180855,1495,34.633335,1783530549.355374,-1.506532,1.517034,0.0,2.35177,0.2,-0.066,0.199823,0.002672,camera_link,34.633335,gnm_closed_loop,,nominal,,True,ok,checkpoints/ablation_mnv2_baseline/best.pt,5.32,0.6633,-0.066,0.1658,-0.0027,0.4264,,,gnm_closed_loop,0.2,-0.066,False,0,,isaac_live_final_20260708,,selected_baseline_live,,,,,,,False,hospital_goal_B,0.9642,True,0.6633,-0.066,0.2,-0.066,True,armed,False,
livefinal_straight_medium_20260708_180855,1496,34.650002,1783530549.357284,-1.508872,1.519395,0.0,2.351769,0.2,-0.066,0.199823,0.002672,camera_link,34.650002,gnm_closed_loop,,nominal,,True,ok,checkpoints/ablation_mnv2_baseline/best.pt,5.32,0.6633,-0.066,0.1658,-0.0027,0.4264,,,gnm_closed_loop,0.2,-0.066,False,0,,isaac_live_final_20260708,,selected_baseline_live,,,,,,,False,hospital_goal_B,0.9675,True,0.6633,-0.066,0.2,-0.066,True,armed,False,
livefinal_straight_medium_20260708_180855,1497,34.666668,1783530549.374505,-1.511213,1.521757,0.0,2.351766,0.2,-0.0609,0.199796,0.003693,camera_link,34.666668,gnm_closed_loop,,nominal,,True,ok,checkpoints/ablation_mnv2_baseline/best.pt,4.72,0.6985,-0.0609,0.1746,-0.0027,0.4204,,,gnm_closed_loop,0.2,-0.0609,False,0,,isaac_live_final_20260708,,selected_baseline_live,,,,,,,False,hospital_goal_B,0.9709,True,0.6985,-0.0609,0.2,-0.0609,True,armed,False,
livefinal_straight_medium_20260708_180855,1498,34.683335,1783530549.377358,-1.513553,1.524118,0.0,2.351764,0.2,-0.0609,0.199796,0.003693,camera_link,34.683335,gnm_closed_loop,,nominal,,True,ok,checkpoints/ablation_mnv2_baseline/best.pt,4.72,0.6985,-0.0609,0.1746,-0.0027,0.4204,,,gnm_closed_loop,0.2,-0.0609,False,0,,isaac_live_final_20260708,,selected_baseline_live,,,,,,,False,hospital_goal_B,0.9742,True,0.6985,-0.0609,0.2,-0.0609,True,armed,False,
livefinal_straight_medium_20260708_180855,1499,34.700002,1783530549.379263,-1.515893,1.526478,0.0,2.351762,0.2,-0.0609,0.199796,0.003693,camera_link,34.700002,gnm_closed_loop,,nominal,,True,ok,checkpoints/ablation_mnv2_baseline/best.pt,4.72,0.6985,-0.0609,0.1746,-0.0027,0.4204,,,gnm_closed_loop,0.2,-0.0609,False,0,,isaac_live_final_20260708,,selected_baseline_live,,,,,,,False,hospital_goal_B,0.9775,True,0.6985,-0.0609,0.2,-0.0609,True,armed,False,
livefinal_straight_medium_20260708_180855,1500,34.716668,1783530549.390989,-1.517235,1.527824,1.7e-05,2.351687,0.0,0.0,0.075059,-0.011599,camera_link,34.716668,gnm_closed_loop,,nominal,post-episode zero hold,True,ok,checkpoints/ablation_mnv2_baseline/best.pt,4.72,0.6985,-0.0609,0.1746,-0.0027,0.4204,,,gnm_closed_loop,0.0,0.0,False,0,,isaac_live_final_20260708,,selected_baseline_live,,,,,,,False,hospital_goal_B,0.9794,True,,,0.0,0.0,False,zeroed_hold,False,
livefinal_straight_medium_20260708_180855,1501,34.733335,1783530549.393117,-1.517682,1.528269,0.0,2.351638,0.0,0.0,0.075059,-0.011599,camera_link,34.733335,gnm_closed_loop,,nominal,post-episode zero hold,True,ok,checkpoints/ablation_mnv2_baseline/best.pt,4.72,0.6985,-0.0609,0.1746,-0.0027,0.4204,,,gnm_closed_loop,0.0,0.0,False,0,,isaac_live_final_20260708,,selected_baseline_live,,,,,,,False,hospital_goal_B,0.98,True,,,0.0,0.0,False,zeroed_hold,False,
livefinal_straight_medium_20260708_180855,1502,34.750002,1783530549.395035,-1.517773,1.528361,0.0,2.351636,0.0,0.0,0.075059,-0.011599,camera_link,34.750002,gnm_closed_loop,,nominal,post-episode zero hold,True,ok,checkpoints/ablation_mnv2_baseline/best.pt,4.72,0.6985,-0.0609,0.1746,-0.0027,0.4204,,,gnm_closed_loop,0.0,0.0,False,0,,isaac_live_final_20260708,,selected_baseline_live,,,,,,,False,hospital_goal_B,0.9802,True,,,0.0,0.0,False,zeroed_hold,False,
livefinal_straight_medium_20260708_180855,1503,34.766668,1783530549.404854,-1.517779,1.528368,0.0,2.351628,0.0,0.0,0.000198,0.007969,camera_link,34.766668,gnm_closed_loop,,nominal,post-episode zero hold,True,ok,checkpoints/ablation_mnv2_baseline/best.pt,4.72,0.6985,-0.0609,0.1746,-0.0027,0.4204,,,gnm_closed_loop,0.0,0.0,False,0,,isaac_live_final_20260708,,selected_baseline_live,,,,,,,False,hospital_goal_B,0.9802,True,,,0.0,0.0,False,zeroed_hold,False,
livefinal_straight_medium_20260708_180855,1504,34.783335,1783530549.406924,-1.517775,1.528363,0.0,2.351629,0.0,0.0,0.000198,0.007969,camera_link,34.783335,gnm_closed_loop,,nominal,post-episode zero hold,True,ok,checkpoints/ablation_mnv2_baseline/best.pt,4.72,0.6985,-0.0609,0.1746,-0.0027,0.4204,,,gnm_closed_loop,0.0,0.0,False,0,,isaac_live_final_20260708,,selected_baseline_live,,,,,,,False,hospital_goal_B,0.9802,True,,,0.0,0.0,False,zeroed_hold,False,
livefinal_straight_medium_20260708_180855,1505,34.800002,1783530549.40958,-1.517769,1.528358,0.0,2.351629,0.0,0.0,0.000198,0.007969,camera_link,34.800002,gnm_closed_loop,,nominal,post-episode zero hold,True,ok,checkpoints/ablation_mnv2_baseline/best.pt,4.72,0.6985,-0.0609,0.1746,-0.0027,0.4204,,,gnm_closed_loop,0.0,0.0,False,0,,isaac_live_final_20260708,,selected_baseline_live,,,,,,,False,hospital_goal_B,0.9802,True,,,0.0,0.0,False,zeroed_hold,False,
livefinal_straight_medium_20260708_180855,1506,34.816668,1783530549.424532,-1.517763,1.528351,0.0,2.351629,0.0,0.0,-0.00017,0.006654,camera_link,34.816668,gnm_closed_loop,,nominal,post-episode zero hold,True,ok,checkpoints/ablation_mnv2_baseline/best.pt,4.72,0.6985,-0.0609,0.1746,-0.0027,0.4204,,,gnm_closed_loop,0.0,0.0,False,0,,isaac_live_final_20260708,,selected_baseline_live,,,,,,,False,hospital_goal_B,0.9802,True,,,0.0,0.0,False,zeroed_hold,False,
livefinal_straight_medium_20260708_180855,1507,34.833335,1783530549.427458,-1.517757,1.528345,0.0,2.351628,0.0,0.0,-0.00017,0.006654,camera_link,34.833335,gnm_closed_loop,,nominal,post-episode zero hold,True,ok,checkpoints/ablation_mnv2_baseline/best.pt,4.72,0.6985,-0.0609,0.1746,-0.0027,0.4204,,,gnm_closed_loop,0.0,0.0,False,0,,isaac_live_final_20260708,,selected_baseline_live,,,,,,,False,hospital_goal_B,0.9802,True,,,0.0,0.0,False,zeroed_hold,False,
livefinal_straight_medium_20260708_180855,1508,34.850002,1783530549.430551,-1.517751,1.528339,0.0,2.351629,0.0,0.0,-0.00017,0.006654,camera_link,34.850002,gnm_closed_loop,,nominal,post-episode zero hold,True,ok,checkpoints/ablation_mnv2_baseline/best.pt,4.72,0.6985,-0.0609,0.1746,-0.0027,0.4204,,,gnm_closed_loop,0.0,0.0,False,0,,isaac_live_final_20260708,,selected_baseline_live,,,,,,,False,hospital_goal_B,0.9801,True,,,0.0,0.0,False,zeroed_hold,False,
livefinal_straight_medium_20260708_180855,1509,34.866668,1783530549.446759,-1.517745,1.528333,0.0,2.35163,0.0,0.0,-0.000156,0.0066,camera_link,34.866668,gnm_closed_loop,,nominal,post-episode zero hold,True,ok,checkpoints/ablation_mnv2_baseline/best.pt,4.72,0.6985,-0.0609,0.1746,-0.0027,0.4204,,,gnm_closed_loop,0.0,0.0,False,0,,isaac_live_final_20260708,,selected_baseline_live,,,,,,,False,hospital_goal_B,0.9801,True,,,0.0,0.0,False,zeroed_hold,False,
livefinal_straight_medium_20260708_180855,1510,34.883335,1783530549.449196,-1.517738,1.528327,0.0,2.351628,0.0,0.0,-0.000156,0.0066,camera_link,34.883335,gnm_closed_loop,,nominal,post-episode zero hold,True,ok,checkpoints/ablation_mnv2_baseline/best.pt,4.72,0.6985,-0.0609,0.1746,-0.0027,0.4204,,,gnm_closed_loop,0.0,0.0,False,0,,isaac_live_final_20260708,,selected_baseline_live,,,,,,,False,hospital_goal_B,0.9801,True,,,0.0,0.0,False,zeroed_hold,False,
livefinal_straight_medium_20260708_180855,1511,34.900002,1783530549.450873,-1.517732,1.52832,0.0,2.351628,0.0,0.0,-0.000156,0.0066,camera_link,34.900002,gnm_closed_loop,,nominal,post-episode zero hold,True,ok,checkpoints/ablation_mnv2_baseline/best.pt,4.72,0.6985,-0.0609,0.1746,-0.0027,0.4204,,,gnm_closed_loop,0.0,0.0,False,0,,isaac_live_final_20260708,,selected_baseline_live,,,,,,,False,hospital_goal_B,0.9801,True,,,0.0,0.0,False,zeroed_hold,False,
livefinal_straight_medium_20260708_180855,1512,34.916668,1783530549.462309,-1.517726,1.528314,0.0,2.351629,0.0,0.0,-0.000209,0.007186,camera_link,34.916668,gnm_closed_loop,,nominal,post-episode zero hold,True,ok,checkpoints/ablation_mnv2_baseline/best.pt,4.72,0.6985,-0.0609,0.1746,-0.0027,0.4204,,,gnm_closed_loop,0.0,0.0,False,0,,isaac_live_final_20260708,,selected_baseline_live,,,,,,,False,hospital_goal_B,0.9801,True,,,0.0,0.0,False,zeroed_hold,False,
livefinal_straight_medium_20260708_180855,1513,34.933335,1783530549.46669,-1.51772,1.528307,0.0,2.351629,0.0,0.0,-0.000209,0.007186,camera_link,34.933335,gnm_closed_loop,,nominal,post-episode zero hold,True,ok,checkpoints/ablation_mnv2_baseline/best.pt,4.72,0.6985,-0.0609,0.1746,-0.0027,0.4204,,,gnm_closed_loop,0.0,0.0,False,0,,isaac_live_final_20260708,,selected_baseline_live,,,,,,,False,hospital_goal_B,0.9801,True,,,0.0,0.0,False,zeroed_hold,False,
livefinal_straight_medium_20260708_180855,1514,34.950002,1783530549.469889,-1.517713,1.528301,0.0,2.35163,0.0,0.0,-0.000209,0.007186,camera_link,34.950002,gnm_closed_loop,,nominal,post-episode zero hold,True,ok,checkpoints/ablation_mnv2_baseline/best.pt,4.72,0.6985,-0.0609,0.1746,-0.0027,0.4204,,,gnm_closed_loop,0.0,0.0,False,0,,isaac_live_final_20260708,,selected_baseline_live,,,,,,,False,hospital_goal_B,0.9801,True,,,0.0,0.0,False,zeroed_hold,False,
livefinal_straight_medium_20260708_180855,1515,34.966668,1783530549.492633,-1.517707,1.528295,0.0,2.35163,0.0,0.0,-0.000194,0.0065,camera_link,34.966668,gnm_closed_loop,,nominal,post-episode zero hold,True,ok,checkpoints/ablation_mnv2_baseline/best.pt,4.72,0.6985,-0.0609,0.1746,-0.0027,0.4204,,,gnm_closed_loop,0.0,0.0,False,0,,isaac_live_final_20260708,,selected_baseline_live,,,,,,,False,hospital_goal_B,0.9801,True,,,0.0,0.0,False,zeroed_hold,False,
livefinal_straight_medium_20260708_180855,1516,34.983335,1783530549.497556,-1.517701,1.528289,0.0,2.351629,0.0,0.0,-0.000194,0.0065,camera_link,34.983335,gnm_closed_loop,,nominal,post-episode zero hold,True,ok,checkpoints/ablation_mnv2_baseline/best.pt,4.72,0.6985,-0.0609,0.1746,-0.0027,0.4204,,,gnm_closed_loop,0.0,0.0,False,0,,isaac_live_final_20260708,,selected_baseline_live,,,,,,,False,hospital_goal_B,0.9801,True,,,0.0,0.0,False,zeroed_hold,False,
livefinal_straight_medium_20260708_180855,1517,35.000002,1783530549.50043,-1.517695,1.528282,0.0,2.351633,0.0,0.0,-0.000194,0.0065,camera_link,35.000002,gnm_closed_loop,,nominal,post-episode zero hold,True,ok,checkpoints/ablation_mnv2_baseline/best.pt,4.72,0.6985,-0.0609,0.1746,-0.0027,0.4204,,,gnm_closed_loop,0.0,0.0,False,0,,isaac_live_final_20260708,,selected_baseline_live,,,,,,,False,hospital_goal_B,0.9801,True,,,0.0,0.0,False,zeroed_hold,False,
livefinal_straight_medium_20260708_180855,1518,35.016668,1783530549.520234,-1.517689,1.528276,0.0,2.351635,0.0,0.0,-0.000161,0.002766,camera_link,35.016668,gnm_closed_loop,,nominal,post-episode zero hold,True,ok,checkpoints/ablation_mnv2_baseline/best.pt,4.72,0.6985,-0.0609,0.1746,-0.0027,0.4204,,,gnm_closed_loop,0.0,0.0,False,0,,isaac_live_final_20260708,,selected_baseline_live,,,,,,,False,hospital_goal_B,0.9801,True,,,0.0,0.0,False,zeroed_hold,False,
livefinal_straight_medium_20260708_180855,1519,35.033335,1783530549.523052,-1.517684,1.52827,0.0,2.351632,0.0,0.0,-0.000161,0.002766,camera_link,35.033335,gnm_closed_loop,,nominal,post-episode zero hold,True,ok,checkpoints/ablation_mnv2_baseline/best.pt,4.72,0.6985,-0.0609,0.1746,-0.0027,0.4204,,,gnm_closed_loop,0.0,0.0,False,0,,isaac_live_final_20260708,,selected_baseline_live,,,,,,,False,hospital_goal_B,0.98,True,,,0.0,0.0,False,zeroed_hold,False,
livefinal_straight_medium_20260708_180855,1520,35.050002,1783530549.525754,-1.517677,1.528264,0.0,2.351631,0.0,0.0,-0.000161,0.002766,camera_link,35.050002,gnm_closed_loop,,nominal,post-episode zero hold,True,ok,checkpoints/ablation_mnv2_baseline/best.pt,4.72,0.6985,-0.0609,0.1746,-0.0027,0.4204,,,gnm_closed_loop,0.0,0.0,False,0,,isaac_live_final_20260708,,selected_baseline_live,,,,,,,False,hospital_goal_B,0.98,True,,,0.0,0.0,False,zeroed_hold,False,
livefinal_straight_medium_20260708_180855,1521,35.066668,1783530549.540444,-1.517671,1.528258,0.0,2.351633,0.0,0.0,-0.000154,0.004936,camera_link,35.066668,gnm_closed_loop,,nominal,post-episode zero hold,True,ok,checkpoints/ablation_mnv2_baseline/best.pt,4.72,0.6985,-0.0609,0.1746,-0.0027,0.4204,,,gnm_closed_loop,0.0,0.0,False,0,,isaac_live_final_20260708,,selected_baseline_live,,,,,,,False,hospital_goal_B,0.98,True,,,0.0,0.0,False,zeroed_hold,False,
livefinal_straight_medium_20260708_180855,1522,35.083335,1783530549.54394,-1.517665,1.528252,0.0,2.351632,0.0,0.0,-0.000154,0.004936,camera_link,35.083335,gnm_closed_loop,,nominal,post-episode zero hold,True,ok,checkpoints/ablation_mnv2_baseline/best.pt,4.72,0.6985,-0.0609,0.1746,-0.0027,0.4204,,,gnm_closed_loop,0.0,0.0,False,0,,isaac_live_final_20260708,,selected_baseline_live,,,,,,,False,hospital_goal_B,0.98,True,,,0.0,0.0,False,zeroed_hold,False,
livefinal_straight_medium_20260708_180855,1523,35.100002,1783530549.546398,-1.517658,1.528245,0.0,2.351633,0.0,0.0,-0.000154,0.004936,camera_link,35.100002,gnm_closed_loop,,nominal,post-episode zero hold,True,ok,checkpoints/ablation_mnv2_baseline/best.pt,4.72,0.6985,-0.0609,0.1746,-0.0027,0.4204,,,gnm_closed_loop,0.0,0.0,False,0,,isaac_live_final_20260708,,selected_baseline_live,,,,,,,False,hospital_goal_B,0.98,True,,,0.0,0.0,False,zeroed_hold,False,
livefinal_straight_medium_20260708_180855,1524,35.116668,1783530549.557984,-1.517652,1.528239,0.0,2.351632,0.0,0.0,-0.000157,0.00597,camera_link,35.116668,gnm_closed_loop,,nominal,post-episode zero hold,True,ok,checkpoints/ablation_mnv2_baseline/best.pt,4.72,0.6985,-0.0609,0.1746,-0.0027,0.4204,,,gnm_closed_loop,0.0,0.0,False,0,,isaac_live_final_20260708,,selected_baseline_live,,,,,,,False,hospital_goal_B,0.98,True,,,0.0,0.0,False,zeroed_hold,False,
livefinal_straight_medium_20260708_180855,1525,35.133335,1783530549.559204,-1.517652,1.528239,0.0,2.351632,0.0,0.0,-0.000157,0.00597,camera_link,35.133335,gnm_closed_loop,,nominal,post-episode zero hold,True,ok,checkpoints/ablation_mnv2_baseline/best.pt,4.72,0.6985,-0.0609,0.1746,-0.0027,0.4204,,,gnm_closed_loop,0.0,0.0,False,0,,isaac_live_final_20260708,,selected_baseline_live,,,,,,,False,hospital_goal_B,0.98,True,,,0.0,0.0,False,zeroed_hold,False,
livefinal_straight_medium_20260708_180855,1526,35.150002,1783530549.560171,-1.517652,1.528239,0.0,2.351632,0.0,0.0,-0.000157,0.00597,camera_link,35.150002,gnm_closed_loop,,nominal,post-episode zero hold,True,ok,checkpoints/ablation_mnv2_baseline/best.pt,4.72,0.6985,-0.0609,0.1746,-0.0027,0.4204,,,gnm_closed_loop,0.0,0.0,False,0,,isaac_live_final_20260708,,selected_baseline_live,,,,,,,False,hospital_goal_B,0.98,True,,,0.0,0.0,False,zeroed_hold,False,
livefinal_straight_medium_20260708_180855,1527,35.166669,1783530549.566352,-1.517652,1.528239,0.0,2.351632,0.0,0.0,-0.000157,0.00597,camera_link,35.166669,gnm_closed_loop,,nominal,post-episode zero hold,True,ok,checkpoints/ablation_mnv2_baseline/best.pt,4.72,0.6985,-0.0609,0.1746,-0.0027,0.4204,,,gnm_closed_loop,0.0,0.0,False,0,,isaac_live_final_20260708,,selected_baseline_live,,,,,,,False,hospital_goal_B,0.98,True,,,0.0,0.0,False,zeroed_hold,False,
livefinal_straight_medium_20260708_180855,1528,35.183335,1783530549.567447,-1.517652,1.528239,0.0,2.351632,0.0,0.0,-0.000157,0.00597,camera_link,35.183335,gnm_closed_loop,,nominal,post-episode zero hold,True,ok,checkpoints/ablation_mnv2_baseline/best.pt,4.72,0.6985,-0.0609,0.1746,-0.0027,0.4204,,,gnm_closed_loop,0.0,0.0,False,0,,isaac_live_final_20260708,,selected_baseline_live,,,,,,,False,hospital_goal_B,0.98,True,,,0.0,0.0,False,zeroed_hold,False,
livefinal_straight_medium_20260708_180855,1529,35.200002,1783530549.569158,-1.517652,1.528239,0.0,2.351632,0.0,0.0,-0.000157,0.00597,camera_link,35.200002,gnm_closed_loop,,nominal,post-episode zero hold,True,ok,checkpoints/ablation_mnv2_baseline/best.pt,4.72,0.6985,-0.0609,0.1746,-0.0027,0.4204,,,gnm_closed_loop,0.0,0.0,False,0,,isaac_live_final_20260708,,selected_baseline_live,,,,,,,False,hospital_goal_B,0.98,True,,,0.0,0.0,False,zeroed_hold,False,
livefinal_straight_medium_20260708_180855,1530,35.216669,1783530549.580189,-1.517652,1.528239,0.0,2.351632,0.0,0.0,-0.000157,0.00597,camera_link,35.216669,gnm_closed_loop,,nominal,post-episode zero hold,True,ok,checkpoints/ablation_mnv2_baseline/best.pt,4.72,0.6985,-0.0609,0.1746,-0.0027,0.4204,,,gnm_closed_loop,0.0,0.0,False,0,,isaac_live_final_20260708,,selected_baseline_live,,,,,,,False,hospital_goal_B,0.98,True,,,0.0,0.0,False,zeroed_hold,False,
livefinal_straight_medium_20260708_180855,1531,35.233335,1783530549.582496,-1.517652,1.528239,0.0,2.351632,0.0,0.0,-0.000157,0.00597,camera_link,35.233335,gnm_closed_loop,,nominal,post-episode zero hold,True,ok,checkpoints/ablation_mnv2_baseline/best.pt,4.72,0.6985,-0.0609,0.1746,-0.0027,0.4204,,,gnm_closed_loop,0.0,0.0,False,0,,isaac_live_final_20260708,,selected_baseline_live,,,,,,,False,hospital_goal_B,0.98,True,,,0.0,0.0,False,zeroed_hold,False,
livefinal_straight_medium_20260708_180855,1532,35.250002,1783530549.584358,-1.517652,1.528239,0.0,2.351632,0.0,0.0,-0.000157,0.00597,camera_link,35.250002,gnm_closed_loop,,nominal,post-episode zero hold,True,ok,checkpoints/ablation_mnv2_baseline/best.pt,4.72,0.6985,-0.0609,0.1746,-0.0027,0.4204,,,gnm_closed_loop,0.0,0.0,False,0,,isaac_live_final_20260708,,selected_baseline_live,,,,,,,False,hospital_goal_B,0.98,True,,,0.0,0.0,False,zeroed_hold,False,
livefinal_straight_medium_20260708_180855,1533,35.266669,1783530549.596547,-1.517652,1.528239,0.0,2.351632,0.0,0.0,-0.000157,0.00597,camera_link,35.266669,gnm_closed_loop,,nominal,post-episode zero hold,True,ok,checkpoints/ablation_mnv2_baseline/best.pt,4.72,0.6985,-0.0609,0.1746,-0.0027,0.4204,,,gnm_closed_loop,0.0,0.0,False,0,,isaac_live_final_20260708,,selected_baseline_live,,,,,,,False,hospital_goal_B,0.98,True,,,0.0,0.0,False,zeroed_hold,False,
livefinal_straight_medium_20260708_180855,1534,35.283335,1783530549.599501,-1.517652,1.528239,0.0,2.351632,0.0,0.0,-0.000157,0.00597,camera_link,35.283335,gnm_closed_loop,,nominal,post-episode zero hold,True,ok,checkpoints/ablation_mnv2_baseline/best.pt,4.72,0.6985,-0.0609,0.1746,-0.0027,0.4204,,,gnm_closed_loop,0.0,0.0,False,0,,isaac_live_final_20260708,,selected_baseline_live,,,,,,,False,hospital_goal_B,0.98,True,,,0.0,0.0,False,zeroed_hold,False,
livefinal_straight_medium_20260708_180855,1535,35.300002,1783530549.601594,-1.517652,1.528239,0.0,2.351632,0.0,0.0,-0.000157,0.00597,camera_link,35.300002,gnm_closed_loop,,nominal,post-episode zero hold,True,ok,checkpoints/ablation_mnv2_baseline/best.pt,4.72,0.6985,-0.0609,0.1746,-0.0027,0.4204,,,gnm_closed_loop,0.0,0.0,False,0,,isaac_live_final_20260708,,selected_baseline_live,,,,,,,False,hospital_goal_B,0.98,True,,,0.0,0.0,False,zeroed_hold,False,
livefinal_straight_medium_20260708_180855,1536,35.316669,1783530549.618508,-1.517652,1.528239,0.0,2.351632,0.0,0.0,-0.000157,0.00597,camera_link,35.316669,gnm_closed_loop,,nominal,post-episode zero hold,True,ok,checkpoints/ablation_mnv2_baseline/best.pt,4.72,0.6985,-0.0609,0.1746,-0.0027,0.4204,,,gnm_closed_loop,0.0,0.0,False,0,,isaac_live_final_20260708,,selected_baseline_live,,,,,,,False,hospital_goal_B,0.98,True,,,0.0,0.0,False,zeroed_hold,False,
livefinal_straight_medium_20260708_180855,1537,35.333335,1783530549.620883,-1.517652,1.528239,0.0,2.351632,0.0,0.0,-0.000157,0.00597,camera_link,35.333335,gnm_closed_loop,,nominal,post-episode zero hold,True,ok,checkpoints/ablation_mnv2_baseline/best.pt,4.72,0.6985,-0.0609,0.1746,-0.0027,0.4204,,,gnm_closed_loop,0.0,0.0,False,0,,isaac_live_final_20260708,,selected_baseline_live,,,,,,,False,hospital_goal_B,0.98,True,,,0.0,0.0,False,zeroed_hold,False,
livefinal_straight_medium_20260708_180855,1538,35.350002,1783530549.622804,-1.517652,1.528239,0.0,2.351632,0.0,0.0,-0.000157,0.00597,camera_link,35.350002,gnm_closed_loop,,nominal,post-episode zero hold,True,ok,checkpoints/ablation_mnv2_baseline/best.pt,4.72,0.6985,-0.0609,0.1746,-0.0027,0.4204,,,gnm_closed_loop,0.0,0.0,False,0,,isaac_live_final_20260708,,selected_baseline_live,,,,,,,False,hospital_goal_B,0.98,True,,,0.0,0.0,False,zeroed_hold,False,
livefinal_straight_medium_20260708_180855,1539,35.366669,1783530549.635906,-1.517652,1.528239,0.0,2.351632,0.0,0.0,-0.000157,0.00597,camera_link,35.366669,gnm_closed_loop,,nominal,post-episode zero hold,True,ok,checkpoints/ablation_mnv2_baseline/best.pt,4.72,0.6985,-0.0609,0.1746,-0.0027,0.4204,,,gnm_closed_loop,0.0,0.0,False,0,,isaac_live_final_20260708,,selected_baseline_live,,,,,,,False,hospital_goal_B,0.98,True,,,0.0,0.0,False,zeroed_hold,False,
livefinal_straight_medium_20260708_180855,1540,35.383335,1783530549.638871,-1.517652,1.528239,0.0,2.351632,0.0,0.0,-0.000157,0.00597,camera_link,35.383335,gnm_closed_loop,,nominal,post-episode zero hold,True,ok,checkpoints/ablation_mnv2_baseline/best.pt,4.72,0.6985,-0.0609,0.1746,-0.0027,0.4204,,,gnm_closed_loop,0.0,0.0,False,0,,isaac_live_final_20260708,,selected_baseline_live,,,,,,,False,hospital_goal_B,0.98,True,,,0.0,0.0,False,zeroed_hold,False,
livefinal_straight_medium_20260708_180855,1541,35.400002,1783530549.643407,-1.517652,1.528239,0.0,2.351632,0.0,0.0,-0.000157,0.00597,camera_link,35.400002,gnm_closed_loop,,nominal,post-episode zero hold,True,ok,checkpoints/ablation_mnv2_baseline/best.pt,4.72,0.6985,-0.0609,0.1746,-0.0027,0.4204,,,gnm_closed_loop,0.0,0.0,False,0,,isaac_live_final_20260708,,selected_baseline_live,,,,,,,False,hospital_goal_B,0.98,True,,,0.0,0.0,False,zeroed_hold,False,
livefinal_straight_medium_20260708_180855,1542,35.416669,1783530549.66832,-1.517652,1.528239,0.0,2.351632,0.0,0.0,-0.000157,0.00597,camera_link,35.416669,gnm_closed_loop,,nominal,post-episode zero hold,True,ok,checkpoints/ablation_mnv2_baseline/best.pt,4.72,0.6985,-0.0609,0.1746,-0.0027,0.4204,,,gnm_closed_loop,0.0,0.0,False,0,,isaac_live_final_20260708,,selected_baseline_live,,,,,,,False,hospital_goal_B,0.98,True,,,0.0,0.0,False,zeroed_hold,False,
livefinal_straight_medium_20260708_180855,1543,35.433335,1783530549.674485,-1.517652,1.528239,0.0,2.351632,0.0,0.0,-0.000157,0.00597,camera_link,35.433335,gnm_closed_loop,,nominal,post-episode zero hold,True,ok,checkpoints/ablation_mnv2_baseline/best.pt,4.72,0.6985,-0.0609,0.1746,-0.0027,0.4204,,,gnm_closed_loop,0.0,0.0,False,0,,isaac_live_final_20260708,,selected_baseline_live,,,,,,,False,hospital_goal_B,0.98,True,,,0.0,0.0,False,zeroed_hold,False,
livefinal_straight_medium_20260708_180855,1544,35.450002,1783530549.679187,-1.517652,1.528239,0.0,2.351632,0.0,0.0,-0.000157,0.00597,camera_link,35.450002,gnm_closed_loop,,nominal,post-episode zero hold,True,ok,checkpoints/ablation_mnv2_baseline/best.pt,4.72,0.6985,-0.0609,0.1746,-0.0027,0.4204,,,gnm_closed_loop,0.0,0.0,False,0,,isaac_live_final_20260708,,selected_baseline_live,,,,,,,False,hospital_goal_B,0.98,True,,,0.0,0.0,False,zeroed_hold,False,
livefinal_straight_medium_20260708_180855,1545,35.466669,1783530549.707254,-1.517652,1.528239,0.0,2.351632,0.0,0.0,-0.000157,0.00597,camera_link,35.466669,gnm_closed_loop,,nominal,post-episode zero hold,True,ok,checkpoints/ablation_mnv2_baseline/best.pt,4.72,0.6985,-0.0609,0.1746,-0.0027,0.4204,,,gnm_closed_loop,0.0,0.0,False,0,,isaac_live_final_20260708,,selected_baseline_live,,,,,,,False,hospital_goal_B,0.98,True,,,0.0,0.0,False,zeroed_hold,False,
livefinal_straight_medium_20260708_180855,1546,35.483335,1783530549.71411,-1.517652,1.528239,0.0,2.351632,0.0,0.0,-0.000157,0.00597,camera_link,35.483335,gnm_closed_loop,,nominal,post-episode zero hold,True,ok,checkpoints/ablation_mnv2_baseline/best.pt,4.72,0.6985,-0.0609,0.1746,-0.0027,0.4204,,,gnm_closed_loop,0.0,0.0,False,0,,isaac_live_final_20260708,,selected_baseline_live,,,,,,,False,hospital_goal_B,0.98,True,,,0.0,0.0,False,zeroed_hold,False,
livefinal_straight_medium_20260708_180855,1547,35.500002,1783530549.718626,-1.517652,1.528239,0.0,2.351632,0.0,0.0,-0.000157,0.00597,camera_link,35.500002,gnm_closed_loop,,nominal,post-episode zero hold,True,ok,checkpoints/ablation_mnv2_baseline/best.pt,4.72,0.6985,-0.0609,0.1746,-0.0027,0.4204,,,gnm_closed_loop,0.0,0.0,False,0,,isaac_live_final_20260708,,selected_baseline_live,,,,,,,False,hospital_goal_B,0.98,True,,,0.0,0.0,False,zeroed_hold,False,
livefinal_straight_medium_20260708_180855,1548,35.516669,1783530549.737242,-1.517652,1.528239,0.0,2.351632,0.0,0.0,-0.000157,0.00597,camera_link,35.516669,gnm_closed_loop,,nominal,post-episode zero hold,True,ok,checkpoints/ablation_mnv2_baseline/best.pt,4.72,0.6985,-0.0609,0.1746,-0.0027,0.4204,,,gnm_closed_loop,0.0,0.0,False,0,,isaac_live_final_20260708,,selected_baseline_live,,,,,,,False,hospital_goal_B,0.98,True,,,0.0,0.0,False,zeroed_hold,False,
livefinal_straight_medium_20260708_180855,1549,35.533335,1783530549.739339,-1.517652,1.528239,0.0,2.351632,0.0,0.0,-0.000157,0.00597,camera_link,35.533335,gnm_closed_loop,,nominal,post-episode zero hold,True,ok,checkpoints/ablation_mnv2_baseline/best.pt,4.72,0.6985,-0.0609,0.1746,-0.0027,0.4204,,,gnm_closed_loop,0.0,0.0,False,0,,isaac_live_final_20260708,,selected_baseline_live,,,,,,,False,hospital_goal_B,0.98,True,,,0.0,0.0,False,zeroed_hold,False,
livefinal_straight_medium_20260708_180855,1550,35.550002,1783530549.740677,-1.517652,1.528239,0.0,2.351632,0.0,0.0,-0.000157,0.00597,camera_link,35.550002,gnm_closed_loop,,nominal,post-episode zero hold,True,ok,checkpoints/ablation_mnv2_baseline/best.pt,4.72,0.6985,-0.0609,0.1746,-0.0027,0.4204,,,gnm_closed_loop,0.0,0.0,False,0,,isaac_live_final_20260708,,selected_baseline_live,,,,,,,False,hospital_goal_B,0.98,True,,,0.0,0.0,False,zeroed_hold,False,
livefinal_straight_medium_20260708_180855,1551,35.566669,1783530549.749909,-1.517652,1.528239,0.0,2.351632,0.0,0.0,-0.000157,0.00597,camera_link,35.566669,gnm_closed_loop,,nominal,post-episode zero hold,True,ok,checkpoints/ablation_mnv2_baseline/best.pt,4.72,0.6985,-0.0609,0.1746,-0.0027,0.4204,,,gnm_closed_loop,0.0,0.0,False,0,,isaac_live_final_20260708,,selected_baseline_live,,,,,,,False,hospital_goal_B,0.98,True,,,0.0,0.0,False,zeroed_hold,False,
livefinal_straight_medium_20260708_180855,1552,35.583335,1783530549.751163,-1.517652,1.528239,0.0,2.351632,0.0,0.0,-0.000157,0.00597,camera_link,35.583335,gnm_closed_loop,,nominal,post-episode zero hold,True,ok,checkpoints/ablation_mnv2_baseline/best.pt,4.72,0.6985,-0.0609,0.1746,-0.0027,0.4204,,,gnm_closed_loop,0.0,0.0,False,0,,isaac_live_final_20260708,,selected_baseline_live,,,,,,,False,hospital_goal_B,0.98,True,,,0.0,0.0,False,zeroed_hold,False,
livefinal_straight_medium_20260708_180855,1553,35.600002,1783530549.752224,-1.517652,1.528239,0.0,2.351632,0.0,0.0,-0.000157,0.00597,camera_link,35.600002,gnm_closed_loop,,nominal,post-episode zero hold,True,ok,checkpoints/ablation_mnv2_baseline/best.pt,4.72,0.6985,-0.0609,0.1746,-0.0027,0.4204,,,gnm_closed_loop,0.0,0.0,False,0,,isaac_live_final_20260708,,selected_baseline_live,,,,,,,False,hospital_goal_B,0.98,True,,,0.0,0.0,False,zeroed_hold,False,
livefinal_straight_medium_20260708_180855,1554,35.616669,1783530549.759752,-1.517652,1.528239,0.0,2.351632,0.0,0.0,-0.000157,0.00597,camera_link,35.616669,gnm_closed_loop,,nominal,post-episode zero hold,True,ok,checkpoints/ablation_mnv2_baseline/best.pt,4.72,0.6985,-0.0609,0.1746,-0.0027,0.4204,,,gnm_closed_loop,0.0,0.0,False,0,,isaac_live_final_20260708,,selected_baseline_live,,,,,,,False,hospital_goal_B,0.98,True,,,0.0,0.0,False,zeroed_hold,False,
livefinal_straight_medium_20260708_180855,1555,35.633335,1783530549.761296,-1.517652,1.528239,0.0,2.351632,0.0,0.0,-0.000157,0.00597,camera_link,35.633335,gnm_closed_loop,,nominal,post-episode zero hold,True,ok,checkpoints/ablation_mnv2_baseline/best.pt,4.72,0.6985,-0.0609,0.1746,-0.0027,0.4204,,,gnm_closed_loop,0.0,0.0,False,0,,isaac_live_final_20260708,,selected_baseline_live,,,,,,,False,hospital_goal_B,0.98,True,,,0.0,0.0,False,zeroed_hold,False,
livefinal_straight_medium_20260708_180855,1556,35.650002,1783530549.762316,-1.517652,1.528239,0.0,2.351632,0.0,0.0,-0.000157,0.00597,camera_link,35.650002,gnm_closed_loop,,nominal,post-episode zero hold,True,ok,checkpoints/ablation_mnv2_baseline/best.pt,4.72,0.6985,-0.0609,0.1746,-0.0027,0.4204,,,gnm_closed_loop,0.0,0.0,False,0,,isaac_live_final_20260708,,selected_baseline_live,,,,,,,False,hospital_goal_B,0.98,True,,,0.0,0.0,False,zeroed_hold,False,
livefinal_straight_medium_20260708_180855,1557,35.666669,1783530549.769992,-1.517652,1.528239,0.0,2.351632,0.0,0.0,-0.000157,0.00597,camera_link,35.666669,gnm_closed_loop,,nominal,post-episode zero hold,True,ok,checkpoints/ablation_mnv2_baseline/best.pt,4.72,0.6985,-0.0609,0.1746,-0.0027,0.4204,,,gnm_closed_loop,0.0,0.0,False,0,,isaac_live_final_20260708,,selected_baseline_live,,,,,,,False,hospital_goal_B,0.98,True,,,0.0,0.0,False,zeroed_hold,False,
livefinal_straight_medium_20260708_180855,1558,35.683335,1783530549.771536,-1.517652,1.528239,0.0,2.351632,0.0,0.0,-0.000157,0.00597,camera_link,35.683335,gnm_closed_loop,,nominal,post-episode zero hold,True,ok,checkpoints/ablation_mnv2_baseline/best.pt,4.72,0.6985,-0.0609,0.1746,-0.0027,0.4204,,,gnm_closed_loop,0.0,0.0,False,0,,isaac_live_final_20260708,,selected_baseline_live,,,,,,,False,hospital_goal_B,0.98,True,,,0.0,0.0,False,zeroed_hold,False,
livefinal_straight_medium_20260708_180855,1559,35.700002,1783530549.772933,-1.517652,1.528239,0.0,2.351632,0.0,0.0,-0.000157,0.00597,camera_link,35.700002,gnm_closed_loop,,nominal,post-episode zero hold,True,ok,checkpoints/ablation_mnv2_baseline/best.pt,4.72,0.6985,-0.0609,0.1746,-0.0027,0.4204,,,gnm_closed_loop,0.0,0.0,False,0,,isaac_live_final_20260708,,selected_baseline_live,,,,,,,False,hospital_goal_B,0.98,True,,,0.0,0.0,False,zeroed_hold,False,
livefinal_straight_medium_20260708_180855,1560,35.716669,1783530549.784193,-1.517652,1.528239,0.0,2.351632,0.0,0.0,-0.000157,0.00597,camera_link,35.716669,gnm_closed_loop,,nominal,post-episode zero hold,True,ok,checkpoints/ablation_mnv2_baseline/best.pt,4.72,0.6985,-0.0609,0.1746,-0.0027,0.4204,,,gnm_closed_loop,0.0,0.0,False,0,,isaac_live_final_20260708,,selected_baseline_live,,,,,,,False,hospital_goal_B,0.98,True,,,0.0,0.0,False,zeroed_hold,False,
livefinal_straight_medium_20260708_180855,1561,35.733335,1783530549.785867,-1.517652,1.528239,0.0,2.351632,0.0,0.0,-0.000157,0.00597,camera_link,35.733335,gnm_closed_loop,,nominal,post-episode zero hold,True,ok,checkpoints/ablation_mnv2_baseline/best.pt,4.72,0.6985,-0.0609,0.1746,-0.0027,0.4204,,,gnm_closed_loop,0.0,0.0,False,0,,isaac_live_final_20260708,,selected_baseline_live,,,,,,,False,hospital_goal_B,0.98,True,,,0.0,0.0,False,zeroed_hold,False,
livefinal_straight_medium_20260708_180855,1562,35.750002,1783530549.787082,-1.517652,1.528239,0.0,2.351632,0.0,0.0,-0.000157,0.00597,camera_link,35.750002,gnm_closed_loop,,nominal,post-episode zero hold,True,ok,checkpoints/ablation_mnv2_baseline/best.pt,4.72,0.6985,-0.0609,0.1746,-0.0027,0.4204,,,gnm_closed_loop,0.0,0.0,False,0,,isaac_live_final_20260708,,selected_baseline_live,,,,,,,False,hospital_goal_B,0.98,True,,,0.0,0.0,False,zeroed_hold,False,
livefinal_straight_medium_20260708_180855,1563,35.766669,1783530549.797264,-1.517652,1.528239,0.0,2.351632,0.0,0.0,-0.000157,0.00597,camera_link,35.766669,gnm_closed_loop,,nominal,post-episode zero hold,True,ok,checkpoints/ablation_mnv2_baseline/best.pt,4.72,0.6985,-0.0609,0.1746,-0.0027,0.4204,,,gnm_closed_loop,0.0,0.0,False,0,,isaac_live_final_20260708,,selected_baseline_live,,,,,,,False,hospital_goal_B,0.98,True,,,0.0,0.0,False,zeroed_hold,False,
livefinal_straight_medium_20260708_180855,1564,35.783335,1783530549.798414,-1.517652,1.528239,0.0,2.351632,0.0,0.0,-0.000157,0.00597,camera_link,35.783335,gnm_closed_loop,,nominal,post-episode zero hold,True,ok,checkpoints/ablation_mnv2_baseline/best.pt,4.72,0.6985,-0.0609,0.1746,-0.0027,0.4204,,,gnm_closed_loop,0.0,0.0,False,0,,isaac_live_final_20260708,,selected_baseline_live,,,,,,,False,hospital_goal_B,0.98,True,,,0.0,0.0,False,zeroed_hold,False,
livefinal_straight_medium_20260708_180855,1565,35.800002,1783530549.799577,-1.517652,1.528239,0.0,2.351632,0.0,0.0,-0.000157,0.00597,camera_link,35.800002,gnm_closed_loop,,nominal,post-episode zero hold,True,ok,checkpoints/ablation_mnv2_baseline/best.pt,4.72,0.6985,-0.0609,0.1746,-0.0027,0.4204,,,gnm_closed_loop,0.0,0.0,False,0,,isaac_live_final_20260708,,selected_baseline_live,,,,,,,False,hospital_goal_B,0.98,True,,,0.0,0.0,False,zeroed_hold,False,
livefinal_straight_medium_20260708_180855,1566,35.816669,1783530549.809766,-1.517652,1.528239,0.0,2.351632,0.0,0.0,-0.000157,0.00597,camera_link,35.816669,gnm_closed_loop,,nominal,post-episode zero hold,True,ok,checkpoints/ablation_mnv2_baseline/best.pt,4.72,0.6985,-0.0609,0.1746,-0.0027,0.4204,,,gnm_closed_loop,0.0,0.0,False,0,,isaac_live_final_20260708,,selected_baseline_live,,,,,,,False,hospital_goal_B,0.98,True,,,0.0,0.0,False,zeroed_hold,False,
livefinal_straight_medium_20260708_180855,1567,35.833335,1783530549.811792,-1.517652,1.528239,0.0,2.351632,0.0,0.0,-0.000157,0.00597,camera_link,35.833335,gnm_closed_loop,,nominal,post-episode zero hold,True,ok,checkpoints/ablation_mnv2_baseline/best.pt,4.72,0.6985,-0.0609,0.1746,-0.0027,0.4204,,,gnm_closed_loop,0.0,0.0,False,0,,isaac_live_final_20260708,,selected_baseline_live,,,,,,,False,hospital_goal_B,0.98,True,,,0.0,0.0,False,zeroed_hold,False,
livefinal_straight_medium_20260708_180855,1568,35.850002,1783530549.813345,-1.517652,1.528239,0.0,2.351632,0.0,0.0,-0.000157,0.00597,camera_link,35.850002,gnm_closed_loop,,nominal,post-episode zero hold,True,ok,checkpoints/ablation_mnv2_baseline/best.pt,4.72,0.6985,-0.0609,0.1746,-0.0027,0.4204,,,gnm_closed_loop,0.0,0.0,False,0,,isaac_live_final_20260708,,selected_baseline_live,,,,,,,False,hospital_goal_B,0.98,True,,,0.0,0.0,False,zeroed_hold,False,
livefinal_straight_medium_20260708_180855,1569,35.866669,1783530549.824525,-1.517652,1.528239,0.0,2.351632,0.0,0.0,-0.000157,0.00597,camera_link,35.866669,gnm_closed_loop,,nominal,post-episode zero hold,True,ok,checkpoints/ablation_mnv2_baseline/best.pt,4.72,0.6985,-0.0609,0.1746,-0.0027,0.4204,,,gnm_closed_loop,0.0,0.0,False,0,,isaac_live_final_20260708,,selected_baseline_live,,,,,,,False,hospital_goal_B,0.98,True,,,0.0,0.0,False,zeroed_hold,False,
livefinal_straight_medium_20260708_180855,1570,35.883335,1783530549.826468,-1.517652,1.528239,0.0,2.351632,0.0,0.0,-0.000157,0.00597,camera_link,35.883335,gnm_closed_loop,,nominal,post-episode zero hold,True,ok,checkpoints/ablation_mnv2_baseline/best.pt,4.72,0.6985,-0.0609,0.1746,-0.0027,0.4204,,,gnm_closed_loop,0.0,0.0,False,0,,isaac_live_final_20260708,,selected_baseline_live,,,,,,,False,hospital_goal_B,0.98,True,,,0.0,0.0,False,zeroed_hold,False,
livefinal_straight_medium_20260708_180855,1571,35.900002,1783530549.827925,-1.517652,1.528239,0.0,2.351632,0.0,0.0,-0.000157,0.00597,camera_link,35.900002,gnm_closed_loop,,nominal,post-episode zero hold,True,ok,checkpoints/ablation_mnv2_baseline/best.pt,4.72,0.6985,-0.0609,0.1746,-0.0027,0.4204,,,gnm_closed_loop,0.0,0.0,False,0,,isaac_live_final_20260708,,selected_baseline_live,,,,,,,False,hospital_goal_B,0.98,True,,,0.0,0.0,False,zeroed_hold,False,
livefinal_straight_medium_20260708_180855,1572,35.916669,1783530549.83918,-1.517652,1.528239,0.0,2.351632,0.0,0.0,-0.000157,0.00597,camera_link,35.916669,gnm_closed_loop,,nominal,post-episode zero hold,True,ok,checkpoints/ablation_mnv2_baseline/best.pt,4.72,0.6985,-0.0609,0.1746,-0.0027,0.4204,,,gnm_closed_loop,0.0,0.0,False,0,,isaac_live_final_20260708,,selected_baseline_live,,,,,,,False,hospital_goal_B,0.98,True,,,0.0,0.0,False,zeroed_hold,False,
livefinal_straight_medium_20260708_180855,1573,35.933335,1783530549.842613,-1.517652,1.528239,0.0,2.351632,0.0,0.0,-0.000157,0.00597,camera_link,35.933335,gnm_closed_loop,,nominal,post-episode zero hold,True,ok,checkpoints/ablation_mnv2_baseline/best.pt,4.72,0.6985,-0.0609,0.1746,-0.0027,0.4204,,,gnm_closed_loop,0.0,0.0,False,0,,isaac_live_final_20260708,,selected_baseline_live,,,,,,,False,hospital_goal_B,0.98,True,,,0.0,0.0,False,zeroed_hold,False,
livefinal_straight_medium_20260708_180855,1574,35.950002,1783530549.846281,-1.517652,1.528239,0.0,2.351632,0.0,0.0,-0.000157,0.00597,camera_link,35.950002,gnm_closed_loop,,nominal,post-episode zero hold,True,ok,checkpoints/ablation_mnv2_baseline/best.pt,4.72,0.6985,-0.0609,0.1746,-0.0027,0.4204,,,gnm_closed_loop,0.0,0.0,False,0,,isaac_live_final_20260708,,selected_baseline_live,,,,,,,False,hospital_goal_B,0.98,True,,,0.0,0.0,False,zeroed_hold,False,
livefinal_straight_medium_20260708_180855,1575,35.966669,1783530549.8703,-1.517652,1.528239,0.0,2.351632,0.0,0.0,-0.000157,0.00597,camera_link,35.966669,gnm_closed_loop,,nominal,post-episode zero hold,True,ok,checkpoints/ablation_mnv2_baseline/best.pt,4.72,0.6985,-0.0609,0.1746,-0.0027,0.4204,,,gnm_closed_loop,0.0,0.0,False,0,,isaac_live_final_20260708,,selected_baseline_live,,,,,,,False,hospital_goal_B,0.98,True,,,0.0,0.0,False,zeroed_hold,False,
livefinal_straight_medium_20260708_180855,1576,35.983335,1783530549.873725,-1.517652,1.528239,0.0,2.351632,0.0,0.0,-0.000157,0.00597,camera_link,35.983335,gnm_closed_loop,,nominal,post-episode zero hold,True,ok,checkpoints/ablation_mnv2_baseline/best.pt,4.72,0.6985,-0.0609,0.1746,-0.0027,0.4204,,,gnm_closed_loop,0.0,0.0,False,0,,isaac_live_final_20260708,,selected_baseline_live,,,,,,,False,hospital_goal_B,0.98,True,,,0.0,0.0,False,zeroed_hold,False,
livefinal_straight_medium_20260708_180855,1577,36.000002,1783530549.877613,-1.517652,1.528239,0.0,2.351632,0.0,0.0,-0.000157,0.00597,camera_link,36.000002,gnm_closed_loop,,nominal,post-episode zero hold,True,ok,checkpoints/ablation_mnv2_baseline/best.pt,4.72,0.6985,-0.0609,0.1746,-0.0027,0.4204,,,gnm_closed_loop,0.0,0.0,False,0,,isaac_live_final_20260708,,selected_baseline_live,,,,,,,False,hospital_goal_B,0.98,True,,,0.0,0.0,False,zeroed_hold,False,
livefinal_straight_medium_20260708_180855,1578,36.016669,1783530549.898593,-1.517652,1.528239,0.0,2.351632,0.0,0.0,-0.000157,0.00597,camera_link,36.016669,gnm_closed_loop,,nominal,post-episode zero hold,True,ok,checkpoints/ablation_mnv2_baseline/best.pt,4.72,0.6985,-0.0609,0.1746,-0.0027,0.4204,,,gnm_closed_loop,0.0,0.0,False,0,,isaac_live_final_20260708,,selected_baseline_live,,,,,,,False,hospital_goal_B,0.98,True,,,0.0,0.0,False,zeroed_hold,False,
livefinal_straight_medium_20260708_180855,1579,36.033335,1783530549.900759,-1.517652,1.528239,0.0,2.351632,0.0,0.0,-0.000157,0.00597,camera_link,36.033335,gnm_closed_loop,,nominal,post-episode zero hold,True,ok,checkpoints/ablation_mnv2_baseline/best.pt,4.72,0.6985,-0.0609,0.1746,-0.0027,0.4204,,,gnm_closed_loop,0.0,0.0,False,0,,isaac_live_final_20260708,,selected_baseline_live,,,,,,,False,hospital_goal_B,0.98,True,,,0.0,0.0,False,zeroed_hold,False,
livefinal_straight_medium_20260708_180855,1580,36.050002,1783530549.902462,-1.517652,1.528239,0.0,2.351632,0.0,0.0,-0.000157,0.00597,camera_link,36.050002,gnm_closed_loop,,nominal,post-episode zero hold,True,ok,checkpoints/ablation_mnv2_baseline/best.pt,4.72,0.6985,-0.0609,0.1746,-0.0027,0.4204,,,gnm_closed_loop,0.0,0.0,False,0,,isaac_live_final_20260708,,selected_baseline_live,,,,,,,False,hospital_goal_B,0.98,True,,,0.0,0.0,False,zeroed_hold,False,
livefinal_straight_medium_20260708_180855,1581,36.066669,1783530549.912417,-1.517652,1.528239,0.0,2.351632,0.0,0.0,-0.000157,0.00597,camera_link,36.066669,gnm_closed_loop,,nominal,post-episode zero hold,True,ok,checkpoints/ablation_mnv2_baseline/best.pt,4.72,0.6985,-0.0609,0.1746,-0.0027,0.4204,,,gnm_closed_loop,0.0,0.0,False,0,,isaac_live_final_20260708,,selected_baseline_live,,,,,,,False,hospital_goal_B,0.98,True,,,0.0,0.0,False,zeroed_hold,False,
livefinal_straight_medium_20260708_180855,1582,36.083335,1783530549.914344,-1.517652,1.528239,0.0,2.351632,0.0,0.0,-0.000157,0.00597,camera_link,36.083335,gnm_closed_loop,,nominal,post-episode zero hold,True,ok,checkpoints/ablation_mnv2_baseline/best.pt,4.72,0.6985,-0.0609,0.1746,-0.0027,0.4204,,,gnm_closed_loop,0.0,0.0,False,0,,isaac_live_final_20260708,,selected_baseline_live,,,,,,,False,hospital_goal_B,0.98,True,,,0.0,0.0,False,zeroed_hold,False,
livefinal_straight_medium_20260708_180855,1583,36.100002,1783530549.916285,-1.517652,1.528239,0.0,2.351632,0.0,0.0,-0.000157,0.00597,camera_link,36.100002,gnm_closed_loop,,nominal,post-episode zero hold,True,ok,checkpoints/ablation_mnv2_baseline/best.pt,4.72,0.6985,-0.0609,0.1746,-0.0027,0.4204,,,gnm_closed_loop,0.0,0.0,False,0,,isaac_live_final_20260708,,selected_baseline_live,,,,,,,False,hospital_goal_B,0.98,True,,,0.0,0.0,False,zeroed_hold,False,
livefinal_straight_medium_20260708_180855,1584,36.116669,1783530549.924327,-1.517652,1.528239,0.0,2.351632,0.0,0.0,-0.000157,0.00597,camera_link,36.116669,gnm_closed_loop,,nominal,post-episode zero hold,True,ok,checkpoints/ablation_mnv2_baseline/best.pt,4.72,0.6985,-0.0609,0.1746,-0.0027,0.4204,,,gnm_closed_loop,0.0,0.0,False,0,,isaac_live_final_20260708,,selected_baseline_live,,,,,,,False,hospital_goal_B,0.98,True,,,0.0,0.0,False,zeroed_hold,False,
livefinal_straight_medium_20260708_180855,1585,36.133335,1783530549.925495,-1.517652,1.528239,0.0,2.351632,0.0,0.0,-0.000157,0.00597,camera_link,36.133335,gnm_closed_loop,,nominal,post-episode zero hold,True,ok,checkpoints/ablation_mnv2_baseline/best.pt,4.72,0.6985,-0.0609,0.1746,-0.0027,0.4204,,,gnm_closed_loop,0.0,0.0,False,0,,isaac_live_final_20260708,,selected_baseline_live,,,,,,,False,hospital_goal_B,0.98,True,,,0.0,0.0,False,zeroed_hold,False,
livefinal_straight_medium_20260708_180855,1586,36.150002,1783530549.926451,-1.517652,1.528239,0.0,2.351632,0.0,0.0,-0.000157,0.00597,camera_link,36.150002,gnm_closed_loop,,nominal,post-episode zero hold,True,ok,checkpoints/ablation_mnv2_baseline/best.pt,4.72,0.6985,-0.0609,0.1746,-0.0027,0.4204,,,gnm_closed_loop,0.0,0.0,False,0,,isaac_live_final_20260708,,selected_baseline_live,,,,,,,False,hospital_goal_B,0.98,True,,,0.0,0.0,False,zeroed_hold,False,
livefinal_straight_medium_20260708_180855,1587,36.166669,1783530549.935478,-1.517652,1.528239,0.0,2.351632,0.0,0.0,-0.000157,0.00597,camera_link,36.166669,gnm_closed_loop,,nominal,post-episode zero hold,True,ok,checkpoints/ablation_mnv2_baseline/best.pt,4.72,0.6985,-0.0609,0.1746,-0.0027,0.4204,,,gnm_closed_loop,0.0,0.0,False,0,,isaac_live_final_20260708,,selected_baseline_live,,,,,,,False,hospital_goal_B,0.98,True,,,0.0,0.0,False,zeroed_hold,False,
livefinal_straight_medium_20260708_180855,1588,36.183335,1783530549.93703,-1.517652,1.528239,0.0,2.351632,0.0,0.0,-0.000157,0.00597,camera_link,36.183335,gnm_closed_loop,,nominal,post-episode zero hold,True,ok,checkpoints/ablation_mnv2_baseline/best.pt,4.72,0.6985,-0.0609,0.1746,-0.0027,0.4204,,,gnm_closed_loop,0.0,0.0,False,0,,isaac_live_final_20260708,,selected_baseline_live,,,,,,,False,hospital_goal_B,0.98,True,,,0.0,0.0,False,zeroed_hold,False,
livefinal_straight_medium_20260708_180855,1589,36.200002,1783530549.938427,-1.517652,1.528239,0.0,2.351632,0.0,0.0,-0.000157,0.00597,camera_link,36.200002,gnm_closed_loop,,nominal,post-episode zero hold,True,ok,checkpoints/ablation_mnv2_baseline/best.pt,4.72,0.6985,-0.0609,0.1746,-0.0027,0.4204,,,gnm_closed_loop,0.0,0.0,False,0,,isaac_live_final_20260708,,selected_baseline_live,,,,,,,False,hospital_goal_B,0.98,True,,,0.0,0.0,False,zeroed_hold,False,
livefinal_straight_medium_20260708_180855,1590,36.216669,1783530549.947648,-1.517652,1.528239,0.0,2.351632,0.0,0.0,-0.000157,0.00597,camera_link,36.216669,gnm_closed_loop,,nominal,post-episode zero hold,True,ok,checkpoints/ablation_mnv2_baseline/best.pt,4.72,0.6985,-0.0609,0.1746,-0.0027,0.4204,,,gnm_closed_loop,0.0,0.0,False,0,,isaac_live_final_20260708,,selected_baseline_live,,,,,,,False,hospital_goal_B,0.98,True,,,0.0,0.0,False,zeroed_hold,False,
livefinal_straight_medium_20260708_180855,1591,36.233335,1783530549.949488,-1.517652,1.528239,0.0,2.351632,0.0,0.0,-0.000157,0.00597,camera_link,36.233335,gnm_closed_loop,,nominal,post-episode zero hold,True,ok,checkpoints/ablation_mnv2_baseline/best.pt,4.72,0.6985,-0.0609,0.1746,-0.0027,0.4204,,,gnm_closed_loop,0.0,0.0,False,0,,isaac_live_final_20260708,,selected_baseline_live,,,,,,,False,hospital_goal_B,0.98,True,,,0.0,0.0,False,zeroed_hold,False,
livefinal_straight_medium_20260708_180855,1592,36.250002,1783530549.950785,-1.517652,1.528239,0.0,2.351632,0.0,0.0,-0.000157,0.00597,camera_link,36.250002,gnm_closed_loop,,nominal,post-episode zero hold,True,ok,checkpoints/ablation_mnv2_baseline/best.pt,4.72,0.6985,-0.0609,0.1746,-0.0027,0.4204,,,gnm_closed_loop,0.0,0.0,False,0,,isaac_live_final_20260708,,selected_baseline_live,,,,,,,False,hospital_goal_B,0.98,True,,,0.0,0.0,False,zeroed_hold,False,
livefinal_straight_medium_20260708_180855,1593,36.266669,1783530549.960368,-1.517652,1.528239,0.0,2.351632,0.0,0.0,-0.000157,0.00597,camera_link,36.266669,gnm_closed_loop,,nominal,post-episode zero hold,True,ok,checkpoints/ablation_mnv2_baseline/best.pt,4.72,0.6985,-0.0609,0.1746,-0.0027,0.4204,,,gnm_closed_loop,0.0,0.0,False,0,,isaac_live_final_20260708,,selected_baseline_live,,,,,,,False,hospital_goal_B,0.98,True,,,0.0,0.0,False,zeroed_hold,False,
livefinal_straight_medium_20260708_180855,1594,36.283335,1783530549.961517,-1.517652,1.528239,0.0,2.351632,0.0,0.0,-0.000157,0.00597,camera_link,36.283335,gnm_closed_loop,,nominal,post-episode zero hold,True,ok,checkpoints/ablation_mnv2_baseline/best.pt,4.72,0.6985,-0.0609,0.1746,-0.0027,0.4204,,,gnm_closed_loop,0.0,0.0,False,0,,isaac_live_final_20260708,,selected_baseline_live,,,,,,,False,hospital_goal_B,0.98,True,,,0.0,0.0,False,zeroed_hold,False,
livefinal_straight_medium_20260708_180855,1595,36.300002,1783530549.96259,-1.517652,1.528239,0.0,2.351632,0.0,0.0,-0.000157,0.00597,camera_link,36.300002,gnm_closed_loop,,nominal,post-episode zero hold,True,ok,checkpoints/ablation_mnv2_baseline/best.pt,4.72,0.6985,-0.0609,0.1746,-0.0027,0.4204,,,gnm_closed_loop,0.0,0.0,False,0,,isaac_live_final_20260708,,selected_baseline_live,,,,,,,False,hospital_goal_B,0.98,True,,,0.0,0.0,False,zeroed_hold,False,
livefinal_straight_medium_20260708_180855,1596,36.316669,1783530549.972664,-1.517652,1.528239,0.0,2.351632,0.0,0.0,-0.000157,0.00597,camera_link,36.316669,gnm_closed_loop,,nominal,post-episode zero hold,True,ok,checkpoints/ablation_mnv2_baseline/best.pt,4.72,0.6985,-0.0609,0.1746,-0.0027,0.4204,,,gnm_closed_loop,0.0,0.0,False,0,,isaac_live_final_20260708,,selected_baseline_live,,,,,,,False,hospital_goal_B,0.98,True,,,0.0,0.0,False,zeroed_hold,False,
livefinal_straight_medium_20260708_180855,1597,36.333335,1783530549.974102,-1.517652,1.528239,0.0,2.351632,0.0,0.0,-0.000157,0.00597,camera_link,36.333335,gnm_closed_loop,,nominal,post-episode zero hold,True,ok,checkpoints/ablation_mnv2_baseline/best.pt,4.72,0.6985,-0.0609,0.1746,-0.0027,0.4204,,,gnm_closed_loop,0.0,0.0,False,0,,isaac_live_final_20260708,,selected_baseline_live,,,,,,,False,hospital_goal_B,0.98,True,,,0.0,0.0,False,zeroed_hold,False,
livefinal_straight_medium_20260708_180855,1598,36.350002,1783530549.976093,-1.517652,1.528239,0.0,2.351632,0.0,0.0,-0.000157,0.00597,camera_link,36.350002,gnm_closed_loop,,nominal,post-episode zero hold,True,ok,checkpoints/ablation_mnv2_baseline/best.pt,4.72,0.6985,-0.0609,0.1746,-0.0027,0.4204,,,gnm_closed_loop,0.0,0.0,False,0,,isaac_live_final_20260708,,selected_baseline_live,,,,,,,False,hospital_goal_B,0.98,True,,,0.0,0.0,False,zeroed_hold,False,
livefinal_straight_medium_20260708_180855,1599,36.366669,1783530549.987571,-1.517652,1.528239,0.0,2.351632,0.0,0.0,-0.000157,0.00597,camera_link,36.366669,gnm_closed_loop,,nominal,post-episode zero hold,True,ok,checkpoints/ablation_mnv2_baseline/best.pt,4.72,0.6985,-0.0609,0.1746,-0.0027,0.4204,,,gnm_closed_loop,0.0,0.0,False,0,,isaac_live_final_20260708,,selected_baseline_live,,,,,,,False,hospital_goal_B,0.98,True,,,0.0,0.0,False,zeroed_hold,False,
livefinal_straight_medium_20260708_180855,1600,36.383335,1783530549.988978,-1.517652,1.528239,0.0,2.351632,0.0,0.0,-0.000157,0.00597,camera_link,36.383335,gnm_closed_loop,,nominal,post-episode zero hold,True,ok,checkpoints/ablation_mnv2_baseline/best.pt,4.72,0.6985,-0.0609,0.1746,-0.0027,0.4204,,,gnm_closed_loop,0.0,0.0,False,0,,isaac_live_final_20260708,,selected_baseline_live,,,,,,,False,hospital_goal_B,0.98,True,,,0.0,0.0,False,zeroed_hold,False,
livefinal_straight_medium_20260708_180855,1601,36.400002,1783530549.990142,-1.517652,1.528239,0.0,2.351632,0.0,0.0,-0.000157,0.00597,camera_link,36.400002,gnm_closed_loop,,nominal,post-episode zero hold,True,ok,checkpoints/ablation_mnv2_baseline/best.pt,4.72,0.6985,-0.0609,0.1746,-0.0027,0.4204,,,gnm_closed_loop,0.0,0.0,False,0,,isaac_live_final_20260708,,selected_baseline_live,,,,,,,False,hospital_goal_B,0.98,True,,,0.0,0.0,False,zeroed_hold,False,
livefinal_straight_medium_20260708_180855,1602,36.416669,1783530549.999516,-1.517652,1.528239,0.0,2.351632,0.0,0.0,-0.000157,0.00597,camera_link,36.416669,gnm_closed_loop,,nominal,post-episode zero hold,True,ok,checkpoints/ablation_mnv2_baseline/best.pt,4.72,0.6985,-0.0609,0.1746,-0.0027,0.4204,,,gnm_closed_loop,0.0,0.0,False,0,,isaac_live_final_20260708,,selected_baseline_live,,,,,,,False,hospital_goal_B,0.98,True,,,0.0,0.0,False,zeroed_hold,False,
livefinal_straight_medium_20260708_180855,1603,36.433335,1783530550.00089,-1.517652,1.528239,0.0,2.351632,0.0,0.0,-0.000157,0.00597,camera_link,36.433335,gnm_closed_loop,,nominal,post-episode zero hold,True,ok,checkpoints/ablation_mnv2_baseline/best.pt,4.72,0.6985,-0.0609,0.1746,-0.0027,0.4204,,,gnm_closed_loop,0.0,0.0,False,0,,isaac_live_final_20260708,,selected_baseline_live,,,,,,,False,hospital_goal_B,0.98,True,,,0.0,0.0,False,zeroed_hold,False,
livefinal_straight_medium_20260708_180855,1604,36.450002,1783530550.002382,-1.517652,1.528239,0.0,2.351632,0.0,0.0,-0.000157,0.00597,camera_link,36.450002,gnm_closed_loop,,nominal,post-episode zero hold,True,ok,checkpoints/ablation_mnv2_baseline/best.pt,4.72,0.6985,-0.0609,0.1746,-0.0027,0.4204,,,gnm_closed_loop,0.0,0.0,False,0,,isaac_live_final_20260708,,selected_baseline_live,,,,,,,False,hospital_goal_B,0.98,True,,,0.0,0.0,False,zeroed_hold,False,
livefinal_straight_medium_20260708_180855,1605,36.466669,1783530550.01436,-1.517652,1.528239,0.0,2.351632,0.0,0.0,-0.000157,0.00597,camera_link,36.466669,gnm_closed_loop,,nominal,post-episode zero hold,True,ok,checkpoints/ablation_mnv2_baseline/best.pt,4.72,0.6985,-0.0609,0.1746,-0.0027,0.4204,,,gnm_closed_loop,0.0,0.0,False,0,,isaac_live_final_20260708,,selected_baseline_live,,,,,,,False,hospital_goal_B,0.98,True,,,0.0,0.0,False,zeroed_hold,False,
livefinal_straight_medium_20260708_180855,1606,36.483335,1783530550.016442,-1.517652,1.528239,0.0,2.351632,0.0,0.0,-0.000157,0.00597,camera_link,36.483335,gnm_closed_loop,,nominal,post-episode zero hold,True,ok,checkpoints/ablation_mnv2_baseline/best.pt,4.72,0.6985,-0.0609,0.1746,-0.0027,0.4204,,,gnm_closed_loop,0.0,0.0,False,0,,isaac_live_final_20260708,,selected_baseline_live,,,,,,,False,hospital_goal_B,0.98,True,,,0.0,0.0,False,zeroed_hold,False,
livefinal_straight_medium_20260708_180855,1607,36.500002,1783530550.018425,-1.517652,1.528239,0.0,2.351632,0.0,0.0,-0.000157,0.00597,camera_link,36.500002,gnm_closed_loop,,nominal,post-episode zero hold,True,ok,checkpoints/ablation_mnv2_baseline/best.pt,4.72,0.6985,-0.0609,0.1746,-0.0027,0.4204,,,gnm_closed_loop,0.0,0.0,False,0,,isaac_live_final_20260708,,selected_baseline_live,,,,,,,False,hospital_goal_B,0.98,True,,,0.0,0.0,False,zeroed_hold,False,
livefinal_straight_medium_20260708_180855,1608,36.516669,1783530550.030048,-1.517652,1.528239,0.0,2.351632,0.0,0.0,-0.000157,0.00597,camera_link,36.516669,gnm_closed_loop,,nominal,post-episode zero hold,True,ok,checkpoints/ablation_mnv2_baseline/best.pt,4.72,0.6985,-0.0609,0.1746,-0.0027,0.4204,,,gnm_closed_loop,0.0,0.0,False,0,,isaac_live_final_20260708,,selected_baseline_live,,,,,,,False,hospital_goal_B,0.98,True,,,0.0,0.0,False,zeroed_hold,False,
livefinal_straight_medium_20260708_180855,1609,36.533335,1783530550.031251,-1.517652,1.528239,0.0,2.351632,0.0,0.0,-0.000157,0.00597,camera_link,36.533335,gnm_closed_loop,,nominal,post-episode zero hold,True,ok,checkpoints/ablation_mnv2_baseline/best.pt,4.72,0.6985,-0.0609,0.1746,-0.0027,0.4204,,,gnm_closed_loop,0.0,0.0,False,0,,isaac_live_final_20260708,,selected_baseline_live,,,,,,,False,hospital_goal_B,0.98,True,,,0.0,0.0,False,zeroed_hold,False,
livefinal_straight_medium_20260708_180855,1610,36.550002,1783530550.032368,-1.517652,1.528239,0.0,2.351632,0.0,0.0,-0.000157,0.00597,camera_link,36.550002,gnm_closed_loop,,nominal,post-episode zero hold,True,ok,checkpoints/ablation_mnv2_baseline/best.pt,4.72,0.6985,-0.0609,0.1746,-0.0027,0.4204,,,gnm_closed_loop,0.0,0.0,False,0,,isaac_live_final_20260708,,selected_baseline_live,,,,,,,False,hospital_goal_B,0.98,True,,,0.0,0.0,False,zeroed_hold,False,
livefinal_straight_medium_20260708_180855,1611,36.566669,1783530550.043552,-1.517652,1.528239,0.0,2.351632,0.0,0.0,-0.000157,0.00597,camera_link,36.566669,gnm_closed_loop,,nominal,post-episode zero hold,True,ok,checkpoints/ablation_mnv2_baseline/best.pt,4.72,0.6985,-0.0609,0.1746,-0.0027,0.4204,,,gnm_closed_loop,0.0,0.0,False,0,,isaac_live_final_20260708,,selected_baseline_live,,,,,,,False,hospital_goal_B,0.98,True,,,0.0,0.0,False,zeroed_hold,False,
livefinal_straight_medium_20260708_180855,1612,36.583335,1783530550.044874,-1.517652,1.528239,0.0,2.351632,0.0,0.0,-0.000157,0.00597,camera_link,36.583335,gnm_closed_loop,,nominal,post-episode zero hold,True,ok,checkpoints/ablation_mnv2_baseline/best.pt,4.72,0.6985,-0.0609,0.1746,-0.0027,0.4204,,,gnm_closed_loop,0.0,0.0,False,0,,isaac_live_final_20260708,,selected_baseline_live,,,,,,,False,hospital_goal_B,0.98,True,,,0.0,0.0,False,zeroed_hold,False,
livefinal_straight_medium_20260708_180855,1613,36.600002,1783530550.045828,-1.517652,1.528239,0.0,2.351632,0.0,0.0,-0.000157,0.00597,camera_link,36.600002,gnm_closed_loop,,nominal,post-episode zero hold,True,ok,checkpoints/ablation_mnv2_baseline/best.pt,4.72,0.6985,-0.0609,0.1746,-0.0027,0.4204,,,gnm_closed_loop,0.0,0.0,False,0,,isaac_live_final_20260708,,selected_baseline_live,,,,,,,False,hospital_goal_B,0.98,True,,,0.0,0.0,False,zeroed_hold,False,
livefinal_straight_medium_20260708_180855,1614,36.616669,1783530550.054577,-1.517652,1.528239,0.0,2.351632,0.0,0.0,-0.000157,0.00597,camera_link,36.616669,gnm_closed_loop,,nominal,post-episode zero hold,True,ok,checkpoints/ablation_mnv2_baseline/best.pt,4.72,0.6985,-0.0609,0.1746,-0.0027,0.4204,,,gnm_closed_loop,0.0,0.0,False,0,,isaac_live_final_20260708,,selected_baseline_live,,,,,,,False,hospital_goal_B,0.98,True,,,0.0,0.0,False,zeroed_hold,False,
livefinal_straight_medium_20260708_180855,1615,36.633335,1783530550.055835,-1.517652,1.528239,0.0,2.351632,0.0,0.0,-0.000157,0.00597,camera_link,36.633335,gnm_closed_loop,,nominal,post-episode zero hold,True,ok,checkpoints/ablation_mnv2_baseline/best.pt,4.72,0.6985,-0.0609,0.1746,-0.0027,0.4204,,,gnm_closed_loop,0.0,0.0,False,0,,isaac_live_final_20260708,,selected_baseline_live,,,,,,,False,hospital_goal_B,0.98,True,,,0.0,0.0,False,zeroed_hold,False,
livefinal_straight_medium_20260708_180855,1616,36.650002,1783530550.056876,-1.517652,1.528239,0.0,2.351632,0.0,0.0,-0.000157,0.00597,camera_link,36.650002,gnm_closed_loop,,nominal,post-episode zero hold,True,ok,checkpoints/ablation_mnv2_baseline/best.pt,4.72,0.6985,-0.0609,0.1746,-0.0027,0.4204,,,gnm_closed_loop,0.0,0.0,False,0,,isaac_live_final_20260708,,selected_baseline_live,,,,,,,False,hospital_goal_B,0.98,True,,,0.0,0.0,False,zeroed_hold,False,
livefinal_straight_medium_20260708_180855,1617,36.666669,1783530550.064257,-1.517652,1.528239,0.0,2.351632,0.0,0.0,-0.000157,0.00597,camera_link,36.666669,gnm_closed_loop,,nominal,post-episode zero hold,True,ok,checkpoints/ablation_mnv2_baseline/best.pt,4.72,0.6985,-0.0609,0.1746,-0.0027,0.4204,,,gnm_closed_loop,0.0,0.0,False,0,,isaac_live_final_20260708,,selected_baseline_live,,,,,,,False,hospital_goal_B,0.98,True,,,0.0,0.0,False,zeroed_hold,False,
livefinal_straight_medium_20260708_180855,1618,36.683335,1783530550.065755,-1.517652,1.528239,0.0,2.351632,0.0,0.0,-0.000157,0.00597,camera_link,36.683335,gnm_closed_loop,,nominal,post-episode zero hold,True,ok,checkpoints/ablation_mnv2_baseline/best.pt,4.72,0.6985,-0.0609,0.1746,-0.0027,0.4204,,,gnm_closed_loop,0.0,0.0,False,0,,isaac_live_final_20260708,,selected_baseline_live,,,,,,,False,hospital_goal_B,0.98,True,,,0.0,0.0,False,zeroed_hold,False,
livefinal_straight_medium_20260708_180855,1619,36.700002,1783530550.066829,-1.517652,1.528239,0.0,2.351632,0.0,0.0,-0.000157,0.00597,camera_link,36.700002,gnm_closed_loop,,nominal,post-episode zero hold,True,ok,checkpoints/ablation_mnv2_baseline/best.pt,4.72,0.6985,-0.0609,0.1746,-0.0027,0.4204,,,gnm_closed_loop,0.0,0.0,False,0,,isaac_live_final_20260708,,selected_baseline_live,,,,,,,False,hospital_goal_B,0.98,True,,,0.0,0.0,False,zeroed_hold,False,
