{
  "feature_names": [
    "bias",
    "dist_pred",
    "wp_norm",
    "dist_mean",
    "wp_mean",
    "dist_trend",
    "wp_trend"
  ],
  "weights": [
    -0.035755518823862076,
    -0.032784007489681244,
    -0.06694719195365906,
    -0.11868754029273987,
    -0.2218058556318283,
    -0.050422195345163345,
    0.030269086360931396
  ],
  "mean": [
    0.36015060544013977,
    0.14634408056735992,
    0.3601170778274536,
    0.14715607464313507,
    2.248694909212645e-05,
    -0.0018272087909281254
  ],
  "std": [
    0.0906815156340599,
    0.06289684027433395,
    0.08476188778877258,
    0.05456622689962387,
    0.06330955773591995,
    0.057955484837293625
  ],
  "prob_threshold": 0.7,
  "stable_k": 3,
  "window": 3,
  "train_split": "train",
  "eval_split": "val",
  "train_episodes": 238,
  "eval_episodes": 15,
  "training_samples": 12421,
  "positive_stop_labels": 2568
}